# Blender 5.0.1
# www.blender.org
mtllib circ.mtl
o Sphere.001
v -0.234637 14.547221 -8.508482
v -0.234637 14.078240 -10.686981
v -0.234637 13.316660 -12.694696
v -0.234637 12.291746 -14.454473
v -0.234637 11.042884 -15.898687
v -0.234637 9.618068 -16.971832
v -0.234637 8.072052 -17.632671
v 0.207353 14.547221 -8.464950
v 0.632357 14.078240 -10.601590
v 1.024043 13.316660 -12.570727
v 1.367358 12.291746 -14.296691
v 1.649110 11.042884 -15.713153
v 1.858471 9.618068 -16.765678
v 1.987394 8.072052 -17.413822
v 0.632357 14.547221 -8.336026
v 1.466032 14.078240 -10.348697
v 2.234352 13.316660 -12.203584
v 2.907789 12.291746 -13.829406
v 3.460465 11.042884 -15.163684
v 3.871140 9.618068 -16.155142
v 4.124033 8.072052 -16.765678
v 1.024043 14.547221 -8.126666
v 2.234352 14.078240 -9.938022
v 3.349779 13.316660 -11.607375
v 4.327459 12.291746 -13.070578
v 5.129820 11.042884 -14.271396
v 5.726028 9.618068 -15.163684
v 6.093172 8.072052 -15.713153
v 1.367359 14.547221 -7.844914
v 2.907790 14.078240 -9.385345
v 4.327459 13.316660 -10.805014
v 5.571810 12.291746 -12.049365
v 6.593020 11.042884 -13.070576
v 7.351851 9.618068 -13.829406
v 7.819136 8.072052 -14.296691
v 1.649111 14.547221 -7.501598
v 3.460466 14.078240 -8.711907
v 5.129820 13.316660 -9.827332
v 6.593021 12.291746 -10.805015
v 7.793840 11.042884 -11.607375
v 8.686131 9.618068 -12.203584
v 9.235598 8.072052 -12.570726
v 1.858471 14.547221 -7.109912
v 3.871141 14.078240 -7.943587
v 5.726028 13.316660 -8.711905
v 7.351851 12.291746 -9.385345
v 8.686129 11.042884 -9.938020
v 9.677586 9.618068 -10.348697
v 10.288122 8.072052 -10.601588
v 1.987394 14.547221 -6.684908
v 4.124034 14.078240 -7.109911
v 6.093171 13.316660 -7.501597
v 7.819136 12.291746 -7.844914
v 9.235596 11.042884 -8.126664
v 10.288122 9.618068 -8.336026
v 10.936268 8.072052 -8.464949
v 2.030927 14.547222 -6.242919
v 4.209425 14.078241 -6.242918
v 6.217139 13.316661 -6.242918
v 7.976917 12.291747 -6.242919
v 9.421129 11.042885 -6.242918
v 10.494276 9.618069 -6.242919
v 11.155117 8.072053 -6.242918
v 1.987394 14.547222 -5.800929
v 4.124034 14.078241 -5.375924
v 6.093170 13.316661 -4.984239
v 7.819134 12.291747 -4.640925
v 9.235596 11.042885 -4.359171
v 10.288124 9.618069 -4.149812
v 10.936268 8.072053 -4.020886
v 1.858471 14.547222 -5.375924
v 3.871141 14.078241 -4.542249
v 5.726026 13.316661 -3.773930
v 7.351850 12.291747 -3.100493
v 8.686127 11.042885 -2.547817
v 9.677586 9.618069 -2.137142
v 10.288122 8.072053 -1.884249
v 1.649110 14.547222 -4.984239
v 3.460466 14.078241 -3.773929
v 5.129818 13.316661 -2.658503
v 6.593020 12.291747 -1.680823
v 7.793839 11.042885 -0.878464
v 8.686129 9.618069 -0.282254
v 9.235596 8.072053 0.084887
v 1.367358 14.547222 -4.640923
v 2.907789 14.078241 -3.100491
v 4.327456 13.316661 -1.680823
v 5.571810 12.291747 -0.436473
v 6.593019 11.042885 0.584737
v 7.351849 9.618069 1.343568
v 7.819134 8.072053 1.810851
v 1.024043 14.547222 -4.359171
v 2.234352 14.078241 -2.547815
v 3.349777 13.316661 -0.878462
v 4.327458 12.291747 0.584741
v 5.129818 11.042885 1.785558
v 5.726027 9.618069 2.677846
v 6.093168 8.072053 3.227315
v 0.632357 14.547222 -4.149810
v 1.466032 14.078241 -2.137140
v 2.234350 13.316661 -0.282254
v 2.907789 12.291747 1.343568
v 3.460464 11.042885 2.677844
v 3.871140 9.618069 3.669303
v 4.124030 8.072053 4.279840
v 0.207352 14.547222 -4.020887
v 0.632356 14.078241 -1.884247
v 1.024041 13.316661 0.084887
v 1.367358 12.291747 1.810853
v 1.649109 11.042885 3.227313
v 1.858470 9.618069 4.279839
v 1.987392 8.072053 4.927981
v -0.234637 14.547222 -3.977355
v -0.234637 14.078241 -1.798856
v -0.234638 13.316661 0.208857
v -0.234636 12.291747 1.968635
v -0.234637 11.042885 3.412847
v -0.234637 9.618069 4.485993
v -0.234638 8.072053 5.146832
v -0.676626 14.547222 -4.020887
v -1.101631 14.078241 -1.884248
v -1.493317 13.316661 0.084889
v -1.836631 12.291747 1.810851
v -2.118383 11.042885 3.227313
v -2.327744 9.618069 4.279839
v -2.456668 8.072053 4.927981
v -1.101630 14.547222 -4.149811
v -1.935306 14.078241 -2.137140
v -2.703626 13.316661 -0.282258
v -3.377062 12.291747 1.343568
v -3.929737 11.042885 2.677844
v -4.340414 9.618069 3.669303
v -4.593307 8.072053 4.279839
v -1.493316 14.547222 -4.359171
v -2.703626 14.078241 -2.547816
v -3.819052 13.316661 -0.878465
v -4.796731 12.291747 0.584739
v -5.599092 11.042885 1.785556
v -6.195299 9.618069 2.677844
v -6.562443 8.072053 3.227313
v -1.836632 14.547222 -4.640924
v -3.377064 14.078241 -3.100493
v -4.796731 13.316661 -1.680825
v -6.041081 12.291747 -0.436473
v -7.062292 11.042885 0.584737
v -7.821123 9.618069 1.343566
v -8.288406 8.072053 1.810851
v -2.118384 14.547222 -4.984239
v -3.929739 14.078241 -3.773930
v -5.599092 13.316661 -2.658505
v -7.062294 12.291747 -1.680823
v -8.263110 11.042885 -0.878462
v -9.155399 9.618069 -0.282254
v -9.704868 8.072053 0.084886
v -0.234638 14.705576 -6.242918
v -2.327744 14.547222 -5.375925
v -4.340415 14.078241 -4.542250
v -6.195299 13.316661 -3.773932
v -7.821123 12.291747 -3.100493
v -9.155397 11.042885 -2.547818
v -10.146858 9.618069 -2.137142
v -10.757393 8.072053 -1.884252
v -2.456667 14.547222 -5.800929
v -4.593307 14.078241 -5.375925
v -6.562442 13.316661 -4.984241
v -8.288407 12.291747 -4.640924
v -9.704868 11.042885 -4.359172
v -10.757395 9.618069 -4.149812
v -11.405535 8.072053 -4.020889
v -2.500199 14.547222 -6.242918
v -4.678699 14.078241 -6.242919
v -6.686411 13.316661 -6.242919
v -8.446189 12.291747 -6.242918
v -9.890398 11.042885 -6.242919
v -10.963549 9.618069 -6.242919
v -11.624386 8.072053 -6.242919
v -2.456667 14.547221 -6.684907
v -4.593307 14.078240 -7.109912
v -6.562441 13.316660 -7.501598
v -8.288406 12.291746 -7.844913
v -9.704866 11.042884 -8.126664
v -10.757395 9.618068 -8.336026
v -11.405533 8.072052 -8.464950
v -2.327744 14.547221 -7.109911
v -4.340414 14.078240 -7.943587
v -6.195297 13.316660 -8.711905
v -7.821121 12.291746 -9.385344
v -9.155397 11.042884 -9.938019
v -10.146858 9.618068 -10.348695
v -10.757393 8.072052 -10.601588
v -2.118383 14.547221 -7.501597
v -3.929737 14.078240 -8.711905
v -5.599091 13.316660 -9.827332
v -7.062294 12.291746 -10.805013
v -8.263110 11.042884 -11.607373
v -9.155399 9.618068 -12.203581
v -9.704866 8.072052 -12.570724
v -1.836631 14.547221 -7.844913
v -3.377061 14.078240 -9.385344
v -4.796729 13.316660 -10.805012
v -6.041082 12.291746 -12.049363
v -7.062292 11.042884 -13.070573
v -7.821121 9.618068 -13.829404
v -8.288404 8.072052 -14.296688
v -1.493316 14.547221 -8.126664
v -2.703624 14.078240 -9.938020
v -3.819049 13.316660 -11.607372
v -4.796731 12.291746 -13.070574
v -5.599092 11.042884 -14.271392
v -6.195299 9.618068 -15.163682
v -6.562441 8.072052 -15.713149
v -1.101630 14.547221 -8.336024
v -1.935304 14.078240 -10.348695
v -2.703622 13.316660 -12.203578
v -3.377062 12.291746 -13.829403
v -3.929737 11.042884 -15.163680
v -4.340413 9.618068 -16.155138
v -4.593303 8.072052 -16.765675
v -0.676626 14.547221 -8.464948
v -1.101629 14.078240 -10.601587
v -1.493314 13.316660 -12.570722
v -1.836631 12.291746 -14.296688
v -2.118382 11.042884 -15.713147
v -2.327742 9.618068 -16.765675
v -2.456664 8.072052 -17.413815
v 10.557730 4.768311 -6.223802
v 9.509489 9.276038 -6.223802
v 9.889730 4.768310 -11.149833
v 13.628839 4.768311 -6.223802
v 13.628839 8.654688 -6.223802
v 13.628839 4.768310 -11.149833
v 13.628839 8.654687 -11.149834
v 9.904646 7.082526 -6.223802
v 9.255611 6.744689 -11.149834
v 13.628839 6.744689 -11.149834
v 13.628839 7.082526 -6.223802
v 7.087434 9.276037 -13.310855
v 12.511002 8.654687 -14.703232
v 7.482591 6.744689 -13.310855
v 12.511002 6.744689 -14.703232
v 9.487644 5.907052 -11.149833
v 13.628838 6.008496 -11.149833
v 13.628839 6.082157 -6.223802
v 10.143618 6.121270 -6.223802
v 10.370190 4.768311 -7.606771
v 13.628839 4.768311 -7.606771
v 13.628839 8.654687 -7.606771
v 13.628839 6.987679 -7.606771
v 13.628839 6.061129 -7.606771
v 13.628839 8.270211 -7.306754
v 13.628839 8.270211 -6.756249
v 13.628839 7.729312 -6.756249
v 13.628839 7.729430 -7.306754
v 13.628839 6.943280 -7.307192
v 13.628839 6.944293 -6.757034
v 13.628839 6.401843 -6.757034
v 13.628839 6.401249 -7.307192
v 13.628839 5.920650 -6.591204
v 13.628839 4.777942 -6.594797
v 13.628839 5.919799 -7.398887
v 13.628839 4.777942 -7.396853
v 13.628839 4.768311 -8.705317
v 10.182142 4.768311 -8.993494
v 13.628839 8.654687 -8.993495
v 13.628839 6.892576 -8.993495
v 13.628839 6.013357 -8.705317
v 13.628839 4.768310 -9.518095
v 10.056841 4.768310 -9.917516
v 13.628839 8.654687 -9.917517
v 13.628839 6.829204 -9.917517
v 13.628839 5.978011 -9.518095
v 13.628839 8.268756 -8.807685
v 13.628839 8.273325 -8.257483
v 13.628839 7.732617 -8.807685
v 13.628839 7.728851 -8.257483
v 13.628839 8.271225 -9.715357
v 13.628839 8.271276 -9.164849
v 13.628838 7.729268 -9.715357
v 13.628839 7.729873 -9.164849
v 13.628839 8.267460 -10.646018
v 13.628839 7.728908 -10.646018
v 13.628839 8.270735 -10.095239
v 13.628839 7.728988 -10.095239
v 8.105621 6.744689 -12.551483
v 8.590197 6.744689 -11.960864
v 12.903805 6.744689 -13.454584
v 13.209314 6.744689 -12.483421
v 13.209316 8.654687 -12.483421
v 12.903805 8.654687 -13.454584
v 13.404148 8.271246 -11.864087
v 13.404148 7.729115 -11.864087
v 13.239098 7.729115 -12.388757
v 13.239098 8.271246 -12.388757
v 12.966965 7.729661 -13.253807
v 13.132126 7.729661 -12.728793
v 13.132126 8.271019 -12.728793
v 12.966965 8.271019 -13.253807
v 12.687920 8.270190 -14.140843
v 12.687920 7.730937 -14.140843
v 12.853043 8.272246 -13.615945
v 12.853043 7.725663 -13.615945
v 12.420527 4.768310 -11.149833
v 12.636395 4.768311 -6.223802
v 12.297649 8.855480 -6.223802
v 12.425346 7.082526 -6.223802
v 12.215611 6.744689 -11.149834
v 10.758350 8.855479 -14.253278
v 10.886045 6.744689 -14.253278
v 12.290592 5.907052 -11.149833
v 12.502573 6.094797 -6.223802
v 12.575790 4.768311 -7.606771
v 12.515022 4.768311 -8.993494
v 12.474531 4.768310 -9.917516
v 11.716621 6.744689 -12.314554
v 11.353249 6.744689 -13.162743
v 13.123577 4.768311 -6.223802
v 12.909351 6.744689 -11.149834
v 11.618713 8.756911 -14.474156
v 11.683723 6.744689 -14.474156
v 12.947525 5.907052 -11.149833
v 12.449373 6.744689 -12.397449
v 12.114403 6.744689 -13.306005
v 13.013678 4.768310 -11.149833
v 12.951118 8.756913 -6.223802
v 13.016132 7.082526 -6.223802
v 13.055447 6.088592 -6.223802
v 13.092724 4.768311 -7.606771
v 13.061787 4.768311 -8.993494
v 13.041172 4.768310 -9.917516
v 11.772678 8.246869 -14.510764
v 12.258078 8.247521 -14.636825
v 12.257675 7.752910 -14.635805
v 11.773640 7.751771 -14.506845
v 10.947393 8.248418 -14.292112
v 10.950489 7.751369 -14.284795
v 11.433025 8.247293 -14.421251
v 11.435139 7.752099 -14.413701
v 13.539783 8.270211 -7.306754
v 13.539783 8.270211 -6.756249
v 13.539783 7.729312 -6.756249
v 13.539783 7.729430 -7.306754
v 13.539783 6.943280 -7.307192
v 13.539783 6.944293 -6.757034
v 13.539783 6.401843 -6.757034
v 13.539783 6.401249 -7.307192
v 13.539783 5.920650 -6.591204
v 13.539783 4.777942 -6.594797
v 13.539783 5.919799 -7.398887
v 13.539783 4.777942 -7.396853
v 13.539783 8.268756 -8.807685
v 13.539783 8.273325 -8.257483
v 13.539783 7.732617 -8.807685
v 13.539783 7.728851 -8.257483
v 13.539783 8.271225 -9.715357
v 13.539783 8.271277 -9.164849
v 13.539783 7.729269 -9.715357
v 13.539783 7.729873 -9.164849
v 13.539783 8.267460 -10.646018
v 13.539783 7.728908 -10.646018
v 13.539783 8.270735 -10.095239
v 13.539783 7.728988 -10.095239
v 13.329044 8.271246 -11.816228
v 13.329044 7.729115 -11.816228
v 13.163994 7.729115 -12.340898
v 13.163994 8.271246 -12.340898
v 12.891865 7.729661 -13.205948
v 13.057026 7.729661 -12.680934
v 13.057026 8.271019 -12.680934
v 12.891865 8.271019 -13.205948
v 12.612820 8.270190 -14.092984
v 12.612820 7.730937 -14.092984
v 12.777943 8.272246 -13.568086
v 12.777943 7.725663 -13.568086
v 11.784145 8.247323 -14.422453
v 12.269543 8.247975 -14.548513
v 12.269142 7.753364 -14.547494
v 11.785110 7.752225 -14.418532
v 10.958986 8.249865 -14.203828
v 10.962082 7.752816 -14.196509
v 11.444618 8.248738 -14.332967
v 11.446730 7.753545 -14.325418
v 13.721073 8.649993 -11.164340
v 13.721073 8.649993 -7.549321
v 13.721073 8.649994 -6.138265
v 12.329853 8.854865 -6.138265
v 9.415955 9.283964 -6.138265
v 11.620296 8.754294 -14.556176
v 12.552826 8.649993 -14.789904
v 6.884675 9.283963 -13.369249
v 12.963343 8.649993 -13.515897
v 13.721073 8.649993 -8.964208
v 13.721073 8.649993 -9.906996
v 13.282631 8.649993 -12.525012
v 13.012791 8.754295 -6.138265
v 10.721136 8.854863 -14.330813
v 8.907339 9.305857 -9.906996
v 8.737652 9.305857 -11.164340
v 12.901196 8.776188 -11.164340
v 13.721073 8.671886 -11.164340
v 13.721073 8.671886 -7.549321
v 13.721073 8.671887 -6.138265
v 12.329853 8.876758 -6.138265
v 9.415955 9.305858 -6.138265
v 11.620296 8.776187 -14.556176
v 12.552826 8.671886 -14.789904
v 7.535803 9.305856 -12.594455
v 6.884675 9.305856 -13.369249
v 12.963343 8.671886 -13.515897
v 9.225523 9.305857 -7.549321
v 13.721073 8.671886 -8.964208
v 12.981461 8.776188 -7.549321
v 9.034575 9.305857 -8.964208
v 13.721073 8.671886 -9.906996
v 12.950047 8.776188 -8.964208
v 12.929111 8.776188 -9.906996
v 8.042231 9.305857 -11.991841
v 13.282631 8.671886 -12.525012
v 11.589169 8.876757 -12.352715
v 11.209406 8.876757 -13.218128
v 12.110655 8.876757 -11.164340
v 13.012791 8.776189 -6.138265
v 10.721136 8.876757 -14.330813
v 12.268314 8.876757 -7.549321
v 12.206608 8.876757 -8.964208
v 12.165491 8.876757 -9.906996
v 12.420475 8.776188 -12.437295
v 12.070400 8.776187 -13.364301
v 13.628839 5.911635 -8.514851
v 13.628839 5.911994 -8.048306
v 13.628839 5.271416 -8.048562
v 13.628839 5.272635 -8.515824
v 13.628839 5.910397 -9.309846
v 13.628839 5.910950 -8.842826
v 13.628839 5.271306 -8.841804
v 13.628839 5.270917 -9.310973
v 13.628839 5.911700 -10.103966
v 13.628839 5.271858 -10.105924
v 13.628839 5.270951 -9.638781
v 13.628839 5.910937 -9.638089
v 13.524897 5.911635 -8.514851
v 13.524895 5.911994 -8.048306
v 13.524895 5.271416 -8.048562
v 13.524897 5.272635 -8.515824
v 13.524895 5.910397 -9.309846
v 13.524895 5.910950 -8.842826
v 13.524895 5.271306 -8.841804
v 13.524895 5.270917 -9.310973
v 13.524895 5.911700 -10.103966
v 13.524895 5.271858 -10.105924
v 13.524895 5.270951 -9.638781
v 13.524895 5.910937 -9.638089
v -11.015593 4.768311 -6.223802
v -9.967352 9.276038 -6.223802
v -10.347593 4.768310 -11.149833
v -14.086700 4.768311 -6.223802
v -14.086700 8.654688 -6.223802
v -14.086700 4.768310 -11.149833
v -14.086700 8.654687 -11.149834
v -10.362509 7.082526 -6.223802
v -9.713472 6.744689 -11.149834
v -14.086700 6.744689 -11.149834
v -14.086700 7.082526 -6.223802
v -7.545298 9.276037 -13.310855
v -12.968864 8.654687 -14.703232
v -7.940454 6.744689 -13.310855
v -12.968864 6.744689 -14.703232
v -9.945507 5.907052 -11.149833
v -14.086700 6.008496 -11.149833
v -14.086700 6.082157 -6.223802
v -10.601480 6.121270 -6.223802
v -10.828054 4.768311 -7.606771
v -14.086700 4.768311 -7.606771
v -14.086700 8.654687 -7.606771
v -14.086700 6.987679 -7.606771
v -14.086700 6.061129 -7.606771
v -14.086700 8.270211 -7.306754
v -14.086700 8.270211 -6.756249
v -14.086700 7.729312 -6.756249
v -14.086700 7.729430 -7.306754
v -14.086700 6.943280 -7.307192
v -14.086700 6.944293 -6.757034
v -14.086700 6.401843 -6.757034
v -14.086700 6.401249 -7.307192
v -14.086700 5.920650 -6.591204
v -14.086700 4.777942 -6.594797
v -14.086700 5.919799 -7.398887
v -14.086700 4.777942 -7.396853
v -14.086700 4.768311 -8.705317
v -10.640005 4.768311 -8.993494
v -14.086700 8.654687 -8.993495
v -14.086700 6.892576 -8.993495
v -14.086700 6.013357 -8.705317
v -14.086700 4.768310 -9.518095
v -10.514702 4.768310 -9.917516
v -14.086700 8.654687 -9.917517
v -14.086700 6.829204 -9.917517
v -14.086700 5.978011 -9.518095
v -14.086700 8.268756 -8.807685
v -14.086700 8.273325 -8.257483
v -14.086700 7.732617 -8.807685
v -14.086700 7.728851 -8.257483
v -14.086700 8.271225 -9.715357
v -14.086700 8.271276 -9.164849
v -14.086700 7.729268 -9.715357
v -14.086700 7.729873 -9.164849
v -14.086700 8.267460 -10.646018
v -14.086700 7.728908 -10.646018
v -14.086700 8.270735 -10.095239
v -14.086700 7.728988 -10.095239
v -8.563485 6.744689 -12.551483
v -9.048061 6.744689 -11.960864
v -13.361668 6.744689 -13.454584
v -13.667177 6.744689 -12.483421
v -13.667179 8.654687 -12.483421
v -13.361668 8.654687 -13.454584
v -13.862009 8.271246 -11.864087
v -13.862009 7.729115 -11.864087
v -13.696957 7.729115 -12.388757
v -13.696957 8.271246 -12.388757
v -13.424828 7.729661 -13.253807
v -13.589989 7.729661 -12.728793
v -13.589989 8.271019 -12.728793
v -13.424828 8.271019 -13.253807
v -13.145782 8.270190 -14.140843
v -13.145782 7.730937 -14.140843
v -13.310905 8.272246 -13.615945
v -13.310905 7.725663 -13.615945
v -12.878389 4.768310 -11.149833
v -13.094255 4.768311 -6.223802
v -12.755512 8.855480 -6.223802
v -12.883209 7.082526 -6.223802
v -12.673470 6.744689 -11.149834
v -11.216213 8.855479 -14.253278
v -11.343908 6.744689 -14.253278
v -12.748453 5.907052 -11.149833
v -12.960434 6.094797 -6.223802
v -13.033653 4.768311 -7.606771
v -12.972885 4.768311 -8.993494
v -12.932392 4.768310 -9.917516
v -12.174484 6.744689 -12.314554
v -11.811110 6.744689 -13.162743
v -13.581440 4.768311 -6.223802
v -13.367210 6.744689 -11.149834
v -12.076574 8.756911 -14.474156
v -12.141582 6.744689 -14.474156
v -13.405388 5.907052 -11.149833
v -12.907234 6.744689 -12.397449
v -12.572266 6.744689 -13.306005
v -13.471539 4.768310 -11.149833
v -13.408981 8.756913 -6.223802
v -13.473995 7.082526 -6.223802
v -13.513309 6.088592 -6.223802
v -13.550587 4.768311 -7.606771
v -13.519648 4.768311 -8.993494
v -13.499033 4.768310 -9.917516
v -12.230541 8.246869 -14.510764
v -12.715939 8.247521 -14.636825
v -12.715538 7.752910 -14.635805
v -12.231503 7.751771 -14.506845
v -11.405256 8.248418 -14.292112
v -11.408352 7.751369 -14.284795
v -11.890888 8.247293 -14.421251
v -11.892998 7.752099 -14.413701
v -13.997646 8.270211 -7.306754
v -13.997646 8.270211 -6.756249
v -13.997646 7.729312 -6.756249
v -13.997646 7.729430 -7.306754
v -13.997646 6.943280 -7.307192
v -13.997646 6.944293 -6.757034
v -13.997646 6.401843 -6.757034
v -13.997646 6.401249 -7.307192
v -13.997646 5.920650 -6.591204
v -13.997646 4.777942 -6.594797
v -13.997646 5.919799 -7.398887
v -13.997646 4.777942 -7.396853
v -13.997646 8.268756 -8.807685
v -13.997646 8.273325 -8.257483
v -13.997646 7.732617 -8.807685
v -13.997646 7.728851 -8.257483
v -13.997646 8.271225 -9.715357
v -13.997646 8.271277 -9.164849
v -13.997646 7.729269 -9.715357
v -13.997646 7.729873 -9.164849
v -13.997646 8.267460 -10.646018
v -13.997646 7.728908 -10.646018
v -13.997646 8.270735 -10.095239
v -13.997646 7.728988 -10.095239
v -13.786907 8.271246 -11.816228
v -13.786907 7.729115 -11.816228
v -13.621857 7.729115 -12.340898
v -13.621857 8.271246 -12.340898
v -13.349726 7.729661 -13.205948
v -13.514887 7.729661 -12.680934
v -13.514887 8.271019 -12.680934
v -13.349726 8.271019 -13.205948
v -13.070683 8.270190 -14.092984
v -13.070683 7.730937 -14.092984
v -13.235806 8.272246 -13.568086
v -13.235806 7.725663 -13.568086
v -12.242008 8.247323 -14.422453
v -12.727406 8.247975 -14.548513
v -12.727005 7.753364 -14.547494
v -12.242970 7.752225 -14.418532
v -11.416847 8.249865 -14.203828
v -11.419945 7.752816 -14.196509
v -11.902479 8.248738 -14.332967
v -11.904591 7.753545 -14.325418
v -14.178936 8.649993 -11.164340
v -14.178936 8.649993 -7.549321
v -14.178936 8.649994 -6.138265
v -12.787716 8.854865 -6.138265
v -9.873817 9.283964 -6.138265
v -12.078159 8.754294 -14.556176
v -13.010687 8.649993 -14.789904
v -7.342539 9.283963 -13.369249
v -13.421206 8.649993 -13.515897
v -14.178936 8.649993 -8.964208
v -14.178936 8.649993 -9.906996
v -13.740494 8.649993 -12.525012
v -13.470654 8.754295 -6.138265
v -11.178997 8.854863 -14.330813
v -9.365204 9.305857 -9.906996
v -9.195515 9.305857 -11.164340
v -13.359058 8.776188 -11.164340
v -14.178936 8.671886 -11.164340
v -14.178936 8.671886 -7.549321
v -14.178936 8.671887 -6.138265
v -12.787716 8.876758 -6.138265
v -9.873817 9.305858 -6.138265
v -12.078159 8.776187 -14.556176
v -13.010687 8.671886 -14.789904
v -7.993667 9.305856 -12.594455
v -7.342539 9.305856 -13.369249
v -13.421206 8.671886 -13.515897
v -9.683388 9.305857 -7.549321
v -14.178936 8.671886 -8.964208
v -13.439323 8.776188 -7.549321
v -9.492439 9.305857 -8.964208
v -14.178936 8.671886 -9.906996
v -13.407906 8.776188 -8.964208
v -13.386974 8.776188 -9.906996
v -8.500093 9.305857 -11.991841
v -13.740494 8.671886 -12.525012
v -12.047031 8.876757 -12.352715
v -11.667267 8.876757 -13.218128
v -12.568518 8.876757 -11.164340
v -13.470654 8.776189 -6.138265
v -11.178997 8.876757 -14.330813
v -12.726177 8.876757 -7.549321
v -12.664471 8.876757 -8.964208
v -12.623352 8.876757 -9.906996
v -12.878338 8.776188 -12.437295
v -12.528259 8.776187 -13.364301
v -14.086700 5.911635 -8.514851
v -14.086700 5.911994 -8.048306
v -14.086700 5.271416 -8.048562
v -14.086700 5.272635 -8.515824
v -14.086700 5.910397 -9.309846
v -14.086700 5.910950 -8.842826
v -14.086700 5.271306 -8.841804
v -14.086700 5.270917 -9.310973
v -14.086700 5.911700 -10.103966
v -14.086700 5.271858 -10.105924
v -14.086700 5.270951 -9.638781
v -14.086700 5.910937 -9.638089
v -13.982759 5.911635 -8.514851
v -13.982758 5.911994 -8.048306
v -13.982758 5.271416 -8.048562
v -13.982759 5.272635 -8.515824
v -13.982758 5.910397 -9.309846
v -13.982758 5.910950 -8.842826
v -13.982758 5.271306 -8.841804
v -13.982758 5.270917 -9.310973
v -13.982758 5.911700 -10.103966
v -13.982758 5.271858 -10.105924
v -13.982758 5.270951 -9.638781
v -13.982758 5.910937 -9.638089
v 13.171883 6.918918 -3.473047
v 13.044502 6.918777 -2.885805
v 13.629356 4.767292 -6.225873
v 13.629356 8.023935 -6.225873
v 13.170414 7.784786 -3.473158
v 13.414024 4.767292 -3.939290
v 13.414024 8.023935 -3.939290
v 13.043032 7.784645 -2.885915
v 13.125156 4.767293 -2.738893
v 13.125156 8.023935 -2.738893
v 11.663000 4.767293 0.780960
v 9.817101 4.767293 3.270247
v 9.817101 8.023935 3.270247
v 7.473497 4.767293 5.290924
v 7.473497 8.023935 5.290924
v 4.716076 4.767293 6.680939
v 4.716076 8.023936 6.680939
v 2.696091 4.767293 7.293696
v 2.696091 8.023936 7.293696
v -0.222398 4.767293 7.529338
v -0.222398 8.023936 7.529338
v -3.129419 4.767293 7.296799
v -3.129419 8.023936 7.296799
v -5.128627 4.767293 6.690350
v -5.128627 8.023936 6.690350
v -7.955964 4.767293 5.258995
v -7.955964 8.023935 5.258995
v -9.570890 4.767293 3.933656
v -9.570890 8.023935 3.933656
v -11.620663 4.767293 1.613081
v -11.620663 8.023935 1.613080
v -12.732944 4.767293 -0.406645
v -12.732944 8.023935 -0.406646
v -13.806767 4.767292 -3.523651
v -13.806767 8.023935 -3.523652
v -14.072910 4.767292 -6.225874
v -14.072910 8.023935 -6.225874
v -14.277500 8.045844 -6.305940
v 13.828356 8.045844 -6.305940
v 4.679669 9.511702 -3.970539
v 4.386986 9.511702 -3.422965
v 12.500408 8.045844 -0.559306
v 12.981117 8.045844 -1.859911
v -10.475529 8.045844 3.248330
v -11.113497 8.045844 2.470963
v 4.711009 9.511702 -4.029171
v 4.821023 9.511702 -4.234993
v -6.234867 8.045845 6.336317
v -7.165816 8.045844 5.834455
v 4.004244 9.511702 -2.956593
v 3.699479 9.511702 -2.585237
v 3.496013 9.511702 -2.418256
v 3.176521 9.511702 -2.156056
v -1.851516 9.511702 -1.243201
v 13.629356 6.842498 -6.225873
v 13.414024 6.842498 -3.939290
v 13.125156 6.842499 -2.738894
v 7.473497 6.842499 5.290924
v 4.716076 6.842499 6.680939
v 2.696091 6.842499 7.293696
v -0.222398 6.842499 7.529338
v -3.129419 6.842499 7.296799
v -5.128626 6.842499 6.690350
v -7.955964 6.842499 5.258995
v -9.570890 6.842499 3.933656
v -11.620663 6.842499 1.613081
v -12.732944 6.842499 -0.406646
v -13.806767 6.842498 -3.523651
v -14.072910 6.842498 -6.225874
v 13.629356 5.803628 -6.225873
v 13.414024 5.803628 -3.939290
v 13.125156 5.803629 -2.738894
v 11.663000 5.803629 0.780960
v 9.817101 5.803629 3.270247
v 7.473497 5.803629 5.290924
v 4.716076 5.803629 6.680939
v 2.696091 5.803629 7.293696
v -0.221522 4.783943 7.298508
v -3.129419 5.803629 7.296799
v -5.128626 5.803629 6.690350
v -7.955964 5.803629 5.258995
v -9.570890 5.803629 3.933656
v -11.620663 5.803629 1.613081
v -12.732944 5.803629 -0.406645
v -13.806767 5.803628 -3.523651
v -14.072910 5.803628 -6.225874
v 13.447994 7.783877 -4.313954
v 13.506189 7.783877 -4.918706
v 13.506222 6.919731 -4.918681
v 13.449333 6.919731 -4.315986
v 13.314014 7.783710 -4.328279
v 13.373419 7.783710 -4.931401
v 13.374599 6.919562 -4.931838
v 13.315355 6.919562 -4.330310
v -13.412663 4.767293 -2.224463
v -13.412663 8.023935 -2.224464
v -4.181417 8.045845 7.108322
v -13.412663 6.842499 -2.224463
v -13.412663 5.803629 -2.224463
v -13.012398 8.023934 -1.193755
v 1.303586 9.511702 -1.204129
v -13.017994 4.767292 -1.191591
v -13.014429 6.842498 -1.192969
v -12.126251 4.767293 0.695015
v -12.126251 8.023935 0.695014
v 3.748999 8.045845 7.103249
v -12.126251 6.842499 0.695014
v -12.126251 5.803629 0.695015
v -10.954342 4.767293 2.424994
v -10.954342 8.023935 2.424994
v 0.144816 9.511702 -1.000961
v -10.954342 6.842499 2.424994
v -10.954342 5.803629 2.424994
v -10.325535 8.023935 3.191197
v -0.209567 9.511702 -0.966057
v -10.325535 4.767293 3.191198
v -10.325535 6.842499 3.191198
v -10.325535 5.803629 3.191198
v -8.764984 8.023935 4.595047
v -0.910713 9.511702 -1.035113
v -8.764984 4.767293 4.595047
v -8.764984 6.842499 4.595047
v -8.764984 5.803629 4.595047
v -7.063347 4.767293 5.740189
v -7.063347 8.023935 5.740189
v -2.142403 8.045845 7.530345
v -7.063347 6.842499 5.740189
v -7.063347 5.803629 5.740189
v -6.145767 8.023935 6.234846
v -3.619307 9.511702 -2.175467
v -6.145767 4.767293 6.234846
v -6.145767 6.842499 6.234846
v -6.145767 5.803629 6.234846
v -4.121804 4.767293 6.995761
v -4.121804 8.023936 6.995761
v -8.892244 8.045844 4.672627
v -4.121803 6.842499 6.995761
v -4.121803 5.803629 6.995761
v -2.112069 4.767293 7.411727
v -2.112069 8.023936 7.411727
v -4.251227 9.511702 -2.746827
v -2.112069 6.842499 7.411727
v -2.112069 5.803629 7.411727
v -1.147780 8.023936 7.520652
v -3.940958 9.511702 -2.439440
v -1.147780 4.767293 7.520652
v -1.147780 6.842499 7.520652
v -1.147780 5.803629 7.520652
v 0.666136 4.767293 7.537807
v 0.666136 8.023936 7.537807
v -5.038331 9.511702 -3.857402
v 0.666136 6.842499 7.537807
v 0.666136 5.803629 7.537807
v 1.655709 8.023936 7.440345
v -12.302479 8.045844 0.715779
v 1.655709 4.767293 7.440345
v 1.655709 6.842499 7.440345
v 1.655709 5.803629 7.440345
v 3.694735 4.767293 6.990760
v 3.694735 8.023936 6.990760
v 0.539772 9.511702 -1.039861
v 3.694735 6.842499 6.990760
v 3.694735 5.803629 6.990760
v 5.623165 4.767293 6.223679
v 5.623165 8.023935 6.223679
v 0.868937 9.511702 -1.072281
v 5.623165 6.842499 6.223679
v 5.623165 5.803629 6.223679
v 6.548331 8.023935 5.757300
v -5.631570 9.511701 -7.572787
v 6.548331 4.767293 5.757300
v 6.548331 6.842499 5.757300
v 6.548331 5.803629 5.757300
v 8.262165 4.767293 4.643682
v 8.262165 8.023935 4.643682
v -5.737793 9.511701 -6.494283
v 8.262165 6.842499 4.643682
v 8.262165 5.803629 4.643682
v 9.062662 8.023935 3.986730
v -5.346182 9.511702 -4.474984
v 9.062662 4.767293 3.986731
v 9.062662 6.842499 3.986731
v 9.062662 5.803629 3.986731
v 10.472246 4.767293 2.471954
v -13.201538 8.045843 -1.200508
v 10.472246 5.803629 2.471954
v 5.212436 9.511702 -5.415780
v 11.139790 4.767293 1.658552
v 11.139790 5.803629 1.658552
v 12.185505 4.767293 -0.196577
v 5.318660 9.511701 -6.494283
v 12.185505 5.803629 -0.196577
v 12.794285 8.023935 -1.843689
v -0.553039 9.511702 -0.999886
v 12.794285 4.767293 -1.843688
v 12.794285 6.842499 -1.843688
v 12.794285 5.965907 -1.843688
v 12.320477 4.767293 -0.561758
v 12.320477 6.842499 -0.561759
v 12.320477 5.965907 -0.561758
v 12.320477 8.023935 -0.561759
v -1.164066 8.045845 7.640858
v 13.295330 7.785002 -3.446061
v 13.154755 6.918967 -2.861889
v 13.154705 7.784837 -2.861690
v 13.295380 6.919130 -3.446260
v 13.451839 5.215837 -4.340823
v 13.451839 5.705812 -4.340823
v 13.501308 5.215837 -4.866139
v 13.501308 5.705812 -4.866139
v 13.357410 5.215837 -4.349104
v 13.357410 5.705812 -4.349104
v 13.406879 5.215837 -4.874423
v 13.406879 5.705812 -4.874423
v 13.162659 5.215593 -2.894742
v 13.162659 5.705964 -2.894742
v 13.287024 5.215592 -3.411530
v 13.287024 5.705964 -3.411530
v 13.041590 5.215593 -2.923877
v 13.041590 5.705964 -2.923877
v 13.165951 5.215592 -3.440664
v 13.165951 5.705964 -3.440664
v 12.394728 4.781850 -0.762650
v 12.394728 5.919270 -0.762650
v 12.701145 4.781850 -1.591690
v 12.701145 5.919270 -1.591690
v 12.282484 4.781850 -0.804136
v 12.282484 5.919270 -0.804136
v 12.588900 4.781850 -1.633177
v 12.588900 5.919270 -1.633178
v 12.772482 7.720184 -1.784695
v 12.772482 6.983312 -1.784694
v 12.367800 7.720184 -0.689792
v 12.367800 6.983312 -0.689792
v 12.609077 7.720184 -1.342592
v 12.530697 7.720184 -1.130525
v 12.609077 6.983312 -1.342592
v 12.530697 6.983312 -1.130525
v 12.652885 7.720184 -1.828897
v 12.652885 6.983312 -1.828897
v 12.411100 7.720184 -1.174727
v 12.248207 7.720184 -0.733993
v 12.248207 6.983312 -0.733993
v 12.411100 6.983312 -1.174726
v 12.489483 7.720184 -1.386795
v 12.489483 6.983312 -1.386794
v 11.663000 6.842499 0.780959
v 11.139790 6.842499 1.658552
v 12.185505 6.842499 -0.196578
v 9.817101 6.842499 3.270247
v 10.472246 8.023935 2.471953
v 10.472246 6.842499 2.471954
v 11.139790 8.023935 1.658551
v 11.663000 8.023935 0.780959
v 12.185505 8.023935 -0.196578
v -10.369673 7.588668 3.137414
v -10.369673 7.117994 3.137414
v -7.786008 7.117994 5.350613
v -7.152452 7.117994 5.692158
v -5.282424 7.117994 6.621470
v -5.954051 7.117994 6.320702
v -1.998034 7.588668 7.424605
v -1.998034 7.117994 7.424605
v -1.261815 7.588668 7.507773
v -1.261815 7.117994 7.507773
v -10.835592 7.588668 2.569695
v 9.697243 7.588668 3.384079
v 9.697243 7.117994 3.384079
v 4.553812 7.588668 6.730164
v 4.553812 7.117994 6.730164
v -5.282424 7.588668 6.621470
v -9.414824 7.588668 4.061738
v -9.414824 7.117994 4.061738
v -10.835592 7.117994 2.569695
v 9.182522 7.588668 3.872898
v 9.182522 7.117994 3.872898
v -7.152452 7.588668 5.692158
v 3.856998 7.588668 6.941539
v 3.856998 7.117994 6.941539
v -5.954051 7.588668 6.320702
v 5.770149 7.588668 6.149581
v 5.770149 7.117994 6.149581
v 6.401347 7.588668 5.831396
v 6.401347 7.117994 5.831396
v 2.530802 7.117994 7.316998
v 1.820998 7.117994 7.417046
v -3.310740 7.117994 7.241797
v -4.021254 7.117994 7.026264
v 1.820998 7.588668 7.417046
v 7.598795 7.117994 5.188093
v 8.136866 7.117994 4.746511
v 7.598795 7.588668 5.188093
v 2.530802 7.588668 7.316998
v -3.310740 7.588668 7.241797
v -7.786008 7.588668 5.350613
v -4.021255 7.588668 7.026264
v -8.835176 7.117994 4.537440
v -8.835176 7.588668 4.537440
v 8.136866 7.588668 4.746511
v 11.728485 7.117994 0.658442
v 12.084965 7.117994 -0.008483
v 10.578302 7.588668 2.342726
v 11.033733 7.588668 1.787778
v 11.033733 7.117994 1.787778
v 11.728485 7.588668 0.658442
v 10.578302 7.117994 2.342726
v 12.084965 7.588668 -0.008483
v -10.160776 7.591794 3.353296
v -10.160776 7.116763 3.353296
v -8.032944 7.116763 5.195816
v -8.613722 7.116763 4.719184
v -2.277619 7.591794 7.393023
v -2.277618 7.116763 7.393023
v 0.797333 7.116763 7.524887
v 1.524513 7.116763 7.453261
v 2.828490 7.116763 7.253531
v 3.562335 7.116763 7.030921
v -6.870407 7.591794 5.844200
v -6.230532 7.591794 6.189147
v 4.836337 7.591794 6.620318
v 4.836337 7.116763 6.620318
v -5.004111 7.591794 6.728118
v -5.004111 7.116763 6.728118
v -9.634327 7.591794 3.871243
v -9.634327 7.116763 3.871243
v -11.008307 7.591793 2.359241
v -11.008307 7.116762 2.359241
v 8.956532 7.591794 4.073828
v 8.956532 7.116763 4.073828
v -6.870407 7.116763 5.844200
v 3.562335 7.591794 7.030921
v -6.230532 7.116763 6.189147
v -4.294012 7.591794 6.943527
v 5.502905 7.591794 6.284302
v 5.502905 7.116763 6.284302
v 6.670988 7.591794 5.695468
v 6.670988 7.116763 5.695468
v 8.368294 7.116763 4.556584
v -11.497948 7.116762 1.762608
v -3.015735 7.116763 7.309642
v 0.797333 7.591794 7.524887
v 1.524513 7.591794 7.453261
v 7.350840 7.116763 5.352757
v 7.350840 7.591794 5.352757
v 2.828490 7.591794 7.253531
v -3.015735 7.591794 7.309642
v -8.032944 7.591794 5.195816
v -11.497948 7.591793 1.762608
v -4.294012 7.116763 6.943527
v -8.613722 7.591794 4.719184
v 8.368294 7.591794 4.556584
v 11.593632 7.116762 0.897309
v 11.209156 7.116762 1.542199
v 9.903959 7.591794 3.164412
v 9.903959 7.116763 3.164412
v 10.385387 7.591793 2.577790
v 10.385387 7.116762 2.577790
v 11.209156 7.591793 1.542199
v 11.593632 7.591793 0.897309
v -12.018593 7.586851 0.890500
v -12.018593 7.116350 0.890500
v -11.665100 7.116350 1.532384
v -11.665100 7.586851 1.532384
v -12.168655 7.585929 0.618009
v -12.168655 7.115265 0.618009
v -12.519089 7.585929 -0.018319
v -12.519089 7.115265 -0.018319
v -0.964617 7.590449 7.522380
v -0.964617 7.118580 7.522380
v -0.213192 7.590449 7.529429
v -0.213192 7.118580 7.529429
v 0.508310 7.590449 7.536312
v 0.508310 7.118580 7.536312
v -10.266819 7.588668 3.053006
v -10.266819 7.117994 3.053006
v -7.722870 7.117994 5.233493
v -7.089314 7.117994 5.575033
v -5.228042 7.117994 6.500038
v -5.899670 7.117994 6.199265
v -1.983099 7.588668 7.292393
v -1.983099 7.117994 7.292393
v -1.246880 7.588668 7.375556
v -1.246879 7.117994 7.375556
v -10.732737 7.588668 2.485282
v 9.605616 7.588668 3.287597
v 9.605616 7.117994 3.287597
v 4.515189 7.588668 6.602837
v 4.515189 7.117994 6.602837
v -5.228043 7.588668 6.500038
v -9.330414 7.588668 3.958884
v -9.330414 7.117994 3.958884
v -10.732737 7.117994 2.485282
v 9.090897 7.588668 3.776418
v 9.090897 7.117994 3.776418
v -7.089314 7.588668 5.575033
v 3.818375 7.588668 6.814212
v 3.818375 7.117994 6.814212
v -5.899670 7.588668 6.199265
v 5.710256 7.588668 6.030768
v 5.710256 7.117994 6.030768
v 6.341453 7.588668 5.712584
v 6.341453 7.117994 5.712584
v 2.512231 7.117994 7.185242
v 1.802427 7.117994 7.285294
v -3.272116 7.117994 7.114470
v -3.982631 7.117994 6.898941
v 1.802427 7.588668 7.285294
v 7.514385 7.117994 5.085240
v 8.052458 7.117994 4.643658
v 7.514385 7.588668 5.085240
v 2.512231 7.588668 7.185242
v -3.272116 7.588668 7.114470
v -7.722870 7.588668 5.233493
v -3.982631 7.588668 6.898941
v -8.750767 7.117994 4.434588
v -8.750767 7.588668 4.434588
v 8.052458 7.588668 4.643658
v 11.611141 7.117994 0.595723
v 11.967621 7.117994 -0.071206
v 10.475449 7.588668 2.258316
v 10.930882 7.588668 1.703370
v 10.930882 7.117994 1.703370
v 11.611141 7.588668 0.595723
v 10.475449 7.117994 2.258316
v 11.967621 7.588668 -0.071206
v -10.067461 7.591794 3.258446
v -10.067461 7.116763 3.258446
v -7.948534 7.116763 5.092964
v -8.529312 7.116763 4.616331
v -2.262683 7.591794 7.260815
v -2.262683 7.116763 7.260815
v 0.784291 7.116763 7.392470
v 1.511471 7.116763 7.320849
v 2.789866 7.116763 7.126208
v 3.523711 7.116763 6.903598
v -6.807269 7.591794 5.727080
v -6.167394 7.591794 6.072029
v 4.776443 7.591794 6.501504
v 4.776443 7.116763 6.501504
v -4.965487 7.591794 6.600791
v -4.965487 7.116763 6.600791
v -9.541010 7.591794 3.776396
v -9.541010 7.116763 3.776396
v -10.905455 7.591793 2.274830
v -10.905455 7.116762 2.274830
v 8.872124 7.591794 3.970976
v 8.872124 7.116763 3.970976
v -6.807269 7.116763 5.727080
v 3.523711 7.591794 6.903598
v -6.167394 7.116763 6.072029
v -4.255389 7.591794 6.816195
v 5.443010 7.591794 6.165489
v 5.443010 7.116763 6.165489
v 6.611095 7.591794 5.576655
v 6.611095 7.116763 5.576655
v 8.283884 7.116763 4.453732
v -11.395094 7.116762 1.678201
v -3.000799 7.116763 7.177429
v 0.784291 7.591794 7.392470
v 1.511471 7.591794 7.320849
v 7.290947 7.116763 5.233943
v 7.290947 7.591794 5.233943
v 2.789866 7.591794 7.126208
v -3.000799 7.591794 7.177429
v -7.948534 7.591794 5.092964
v -11.395094 7.591793 1.678201
v -4.255389 7.116763 6.816195
v -8.529312 7.591794 4.616331
v 8.283884 7.591794 4.453732
v 11.479347 7.116762 0.829175
v 11.094872 7.116762 1.474063
v 9.801107 7.591793 3.080002
v 9.801107 7.116762 3.080002
v 10.282536 7.591793 2.493382
v 10.282536 7.116762 2.493382
v 11.094872 7.591793 1.474063
v 11.479347 7.591793 0.829175
v -11.902042 7.586851 0.826316
v -11.902042 7.116350 0.826316
v -11.548553 7.116350 1.468198
v -11.548553 7.586851 1.468198
v -12.052109 7.585929 0.553821
v -12.052109 7.115265 0.553821
v -12.402538 7.585929 -0.082505
v -12.402538 7.115265 -0.082505
v -0.963358 7.590449 7.389331
v -0.963358 7.118580 7.389331
v -0.211934 7.590449 7.396380
v -0.211934 7.118580 7.396380
v 0.509568 7.590449 7.403258
v 0.509568 7.118580 7.403258
v -13.883080 6.919220 -4.298491
v -13.941925 6.919220 -4.895960
v -13.941925 7.784739 -4.895960
v -13.883080 7.784739 -4.298491
v -13.939213 5.224072 -4.868392
v -13.939213 5.710627 -4.868392
v -13.887152 5.710627 -4.339825
v -13.887152 5.224072 -4.339825
v -13.755119 5.705969 -3.353390
v -13.601589 5.705970 -2.847281
v -13.755119 5.216268 -3.353390
v -13.601589 5.216268 -2.847281
v -13.765997 6.919758 -3.389255
v -13.594347 6.919759 -2.823400
v -13.594347 7.786184 -2.823400
v -13.765997 7.786183 -3.389255
v -13.221447 6.982411 -1.729056
v -13.053844 6.982409 -1.295619
v -13.220181 7.718596 -1.729548
v -13.052580 7.718594 -1.296110
v -12.805277 7.721117 -0.656568
v -12.806850 6.983766 -0.656869
v -12.977406 7.721115 -1.101710
v -12.978045 6.983763 -1.099599
v -12.836224 4.776246 -0.694288
v -12.838043 5.662588 -0.693609
v -13.138523 5.920425 -1.503458
v -13.138931 5.662588 -1.503302
v -12.996815 4.776271 -1.125793
v -12.993240 5.920425 -1.127151
v -13.137533 4.776249 -1.503820
v -12.838043 5.920425 -0.693609
v -13.749344 6.919220 -4.311663
v -13.808189 6.919220 -4.909132
v -13.808189 7.784739 -4.909132
v -13.749344 7.784739 -4.311663
v -13.805473 5.224072 -4.881564
v -13.805473 5.710627 -4.881564
v -13.753414 5.710627 -4.352995
v -13.753414 5.224072 -4.352995
v -13.626522 5.705969 -3.392401
v -13.472994 5.705970 -2.886292
v -13.626522 5.216268 -3.392401
v -13.472994 5.216268 -2.886292
v -13.637398 6.919758 -3.428263
v -13.465752 6.919759 -2.862408
v -13.465752 7.786184 -2.862408
v -13.637398 7.786183 -3.428263
v -13.096107 6.982367 -1.777524
v -12.928505 6.982365 -1.344087
v -13.094841 7.718551 -1.778013
v -12.927240 7.718549 -1.344575
v -12.679937 7.721072 -0.705033
v -12.681511 6.983721 -0.705337
v -12.852066 7.721070 -1.150176
v -12.852705 6.983719 -1.148067
v -12.712105 4.776233 -0.740498
v -12.712105 5.662561 -0.740498
v -13.012583 5.920399 -1.550344
v -13.012733 5.662561 -1.550285
v -12.869267 4.776233 -1.173275
v -12.867302 5.920399 -1.174037
v -12.867744 5.662561 -1.173864
v -13.013248 4.776233 -1.550085
v -12.712105 5.920399 -0.740498
v -12.592392 5.875971 -0.151423
v -12.237366 5.874681 0.493246
v -12.237366 6.271966 0.493246
v -12.592392 6.273028 -0.151423
v -11.737574 5.876482 1.400791
v -12.093199 5.871540 0.755030
v -11.737574 6.277225 1.400791
v -12.093199 6.273630 0.755029
v -11.117085 6.270354 2.226696
v -11.117085 5.877111 2.226696
v -11.586182 6.270484 1.655094
v -11.586182 5.877450 1.655094
v -10.928675 5.875677 2.456271
v -10.462561 5.875677 3.024230
v -10.928675 6.271948 2.456271
v -10.462561 6.271948 3.024230
v -9.739330 6.270858 3.767936
v -9.739330 5.875663 3.767936
v -10.266165 6.270858 3.249610
v -10.266165 5.875663 3.249610
v -9.526003 6.271502 3.970495
v -9.526003 5.875055 3.970495
v -8.955154 6.273684 4.438975
v -8.955156 5.873640 4.438975
v -8.154194 6.270443 5.096310
v -8.154194 5.875790 5.096310
v -8.726746 6.270443 4.626429
v -8.726746 5.875790 4.626429
v -7.918518 5.876174 5.279179
v -7.271963 5.876174 5.627728
v -7.918518 6.271949 5.279179
v -7.271963 6.271949 5.627728
v -6.361185 6.269453 6.118717
v -6.361185 5.876472 6.118717
v -7.006743 5.876472 5.770706
v -7.006743 6.269453 5.770706
v -4.867780 5.344711 6.769474
v -4.867780 5.721086 6.769474
v -4.451314 5.344711 6.895804
v -4.451314 5.721086 6.895804
v -1.995314 6.269463 7.424914
v -1.995314 5.875662 7.424914
v -1.259862 6.269463 7.507996
v -1.259862 5.875662 7.507996
v -5.976731 5.871006 6.310543
v -5.976731 5.644897 6.310543
v -5.214520 4.783591 6.651882
v -5.214520 5.644897 6.651882
v -5.214520 5.871006 6.651882
v -5.976731 4.783591 6.310543
v -5.885607 5.871006 6.107062
v -5.885607 5.644897 6.107062
v -5.123397 4.783591 6.448401
v -5.123397 5.644897 6.448401
v -5.123397 5.871006 6.448401
v -5.885607 4.783591 6.107062
v -0.223705 4.783943 7.529331
v -0.986298 5.673193 7.522174
v -0.986298 4.783943 7.522174
v 0.538719 4.783943 7.536598
v 0.538719 6.296299 7.536598
v 0.538719 5.673193 7.536598
v -0.223705 6.296299 7.529331
v -0.986298 6.296299 7.522174
v -0.221522 5.673193 7.298508
v -0.984114 5.673193 7.291350
v -0.984115 4.783943 7.291350
v 0.540902 4.783943 7.305775
v 0.540902 6.296299 7.305775
v 0.540902 5.673193 7.305775
v -0.221522 6.296299 7.298508
v -0.984114 6.296299 7.291350
v 1.541085 6.272706 7.451632
v 1.541085 5.875337 7.451632
v 0.802553 6.272706 7.524372
v 0.802553 5.875337 7.524372
v 1.833136 6.270966 7.415337
v 1.833136 5.875488 7.415337
v 2.561615 6.270966 7.312653
v 2.561615 5.875488 7.312653
v 2.852083 6.270735 7.246376
v 2.852083 5.875154 7.246376
v 3.560547 6.270735 7.031466
v 3.560547 5.875154 7.031466
v 4.548058 5.875360 6.731906
v 3.841232 5.875360 6.946322
v 3.841232 6.271151 6.946322
v 4.548058 6.271151 6.731906
v 4.826700 5.875851 6.625175
v 5.487995 5.875851 6.291817
v 4.826700 6.271633 6.625175
v 5.487995 6.271633 6.291817
v 5.750817 5.875328 6.159329
v 6.406628 5.875328 5.828734
v 6.406628 6.272580 5.828734
v 5.750817 6.272580 6.159329
v 7.331266 5.875091 5.362623
v 6.672205 5.875091 5.694855
v 6.672205 6.272598 5.694855
v 7.331266 6.272598 5.362623
v 8.152924 6.272453 4.733332
v 8.152924 5.874777 4.733332
v 7.580944 6.272453 5.202744
v 7.580944 5.874777 5.202744
v 8.952480 6.274291 4.077151
v 8.952480 5.874907 4.077151
v 8.382181 6.274291 4.545187
v 8.382181 5.874907 4.545187
v 9.174725 6.271595 3.880304
v 9.175047 5.874770 3.879998
v 9.709497 5.874770 3.372437
v 9.709806 6.271595 3.372147
v 9.910606 6.273080 3.156312
v 9.910606 5.875646 3.156312
v 10.379559 6.273080 2.584893
v 10.379559 5.875646 2.584893
v 10.567398 5.874943 2.356009
v 11.035294 5.874943 1.785881
v 11.035294 6.274315 1.785881
v 10.567398 6.274315 2.356009
v 11.586380 6.272991 0.909479
v 11.586380 5.875538 0.909479
v 11.206457 6.272991 1.546728
v 11.206457 5.875538 1.546728
v 11.732315 6.272955 0.651276
v 11.732315 5.874936 0.651276
v 12.078653 6.272955 0.003325
v 12.078653 5.874936 0.003325
v -12.490313 5.875971 -0.207640
v -12.135288 5.874681 0.437031
v -12.135288 6.271966 0.437031
v -12.490313 6.273028 -0.207640
v -11.635494 5.876482 1.344576
v -11.991121 5.871540 0.698812
v -11.635494 6.277225 1.344576
v -11.991121 6.273630 0.698812
v -11.027002 6.270354 2.152766
v -11.027002 5.877111 2.152766
v -11.496101 6.270484 1.581164
v -11.496101 5.877450 1.581164
v -10.838591 5.875677 2.382343
v -10.372480 5.875677 2.950301
v -10.838591 6.271948 2.382343
v -10.372480 6.271948 2.950301
v -9.657602 6.270858 3.684868
v -9.657602 5.875663 3.684868
v -10.184435 6.270858 3.166539
v -10.184435 5.875663 3.166539
v -9.452072 6.271502 3.880413
v -9.452072 5.875055 3.880413
v -8.881226 6.273684 4.348896
v -8.881227 5.873640 4.348896
v -8.080265 6.270443 5.006227
v -8.080265 5.875790 5.006227
v -8.652817 6.270443 4.536345
v -8.652817 5.875790 4.536345
v -7.863219 5.876174 5.176602
v -7.216664 5.876174 5.525152
v -7.863219 6.271949 5.176602
v -7.216664 6.271949 5.525152
v -6.305887 6.269453 6.016136
v -6.305887 5.876472 6.016136
v -6.951445 5.876472 5.668127
v -6.951445 6.269453 5.668127
v -4.833952 5.344711 6.657959
v -4.833952 5.721086 6.657959
v -4.417486 5.344711 6.784289
v -4.417486 5.721086 6.784289
v -1.982234 6.269463 7.309115
v -1.982234 5.875662 7.309115
v -1.246781 6.269463 7.392197
v -1.246781 5.875662 7.392197
v 1.529663 6.272706 7.335659
v 1.529663 5.875337 7.335659
v 0.791131 6.272706 7.408398
v 0.791131 5.875337 7.408398
v 1.816871 6.270966 7.299942
v 1.816871 5.875488 7.299942
v 2.545350 6.270966 7.197261
v 2.545350 5.875488 7.197261
v 2.818255 6.270735 7.134864
v 2.818255 5.875154 7.134864
v 3.526718 6.270735 6.919951
v 3.526718 5.875154 6.919951
v 4.514230 5.875360 6.620391
v 3.807405 5.875360 6.834807
v 3.807405 6.271151 6.834807
v 4.514230 6.271151 6.620391
v 4.774243 5.875851 6.521113
v 5.435539 5.875851 6.187756
v 4.774243 6.271633 6.521113
v 5.435539 6.271633 6.187756
v 5.698359 5.875328 6.055266
v 6.354172 5.875328 5.724674
v 6.354172 6.272580 5.724674
v 5.698359 6.272580 6.055266
v 7.278811 5.875091 5.258564
v 6.619749 5.875091 5.590794
v 6.619749 6.272598 5.590794
v 7.278811 6.272598 5.258564
v 8.078995 6.272453 4.643250
v 8.078995 5.874777 4.643250
v 7.507015 6.272453 5.112662
v 7.507015 5.874777 5.112662
v 8.878553 6.274291 3.987072
v 8.878553 5.874907 3.987072
v 8.308252 6.274291 4.455104
v 8.308252 5.874907 4.455104
v 9.094477 6.271595 3.795805
v 9.094797 5.874770 3.795500
v 9.629250 5.874770 3.287936
v 9.629557 6.271595 3.287642
v 9.820524 6.273080 3.082384
v 9.820524 5.875646 3.082384
v 10.289478 6.273080 2.510965
v 10.289478 5.875646 2.510965
v 10.477318 5.874943 2.282082
v 10.945213 5.874943 1.711954
v 10.945213 6.274315 1.711954
v 10.477318 6.274315 2.282082
v 11.486284 6.272991 0.849804
v 11.486284 5.875538 0.849804
v 11.106361 6.272991 1.487053
v 11.106361 5.875538 1.487053
v 11.629543 6.272955 0.596342
v 11.629543 5.874936 0.596342
v 11.975880 6.272955 -0.051609
v 11.975880 5.874936 -0.051609
v -1.164066 8.013413 7.640858
v -13.201538 8.013411 -1.200508
v -12.302479 8.013412 0.715779
v -8.892244 8.013412 4.672627
v -2.142403 8.013413 7.530345
v 3.748999 8.013413 7.103249
v -4.181417 8.013413 7.108322
v -7.165816 8.013412 5.834455
v -6.234867 8.013413 6.336317
v -11.113497 8.013412 2.470963
v -10.475529 8.013412 3.248330
v 12.981117 8.013412 -1.859911
v 12.500408 8.013412 -0.559306
v 13.828356 8.013412 -6.305940
v -14.277500 8.013412 -6.305940
v 9.960562 8.013412 3.328528
v 4.785220 8.013413 6.788914
v -0.225202 8.013413 7.649670
v -5.202909 8.013413 6.798458
v -9.709890 8.013412 4.001604
v -12.918011 8.013412 -0.401933
v 0.676277 8.013413 7.658264
v 5.705524 8.013413 6.324988
v 6.644169 8.013412 5.851813
v 9.195129 8.013412 4.055449
v 13.316809 8.013412 -2.768156
v 13.609886 8.013412 -3.986043
v -13.607632 8.013412 -2.246232
v 1.680267 8.013413 7.559380
v -14.007479 8.013412 -3.564348
v 7.582813 8.013412 5.378643
v 2.735806 8.013413 7.410594
v -3.174575 8.013413 7.413742
v -8.071436 8.013412 5.346249
v -11.789528 8.013412 1.647218
v 8.382971 8.013412 4.721972
v 10.625252 8.013412 2.518603
v 11.302519 8.013412 1.693353
v 11.833351 8.013412 0.802976
v 12.363468 8.013412 -0.188804
v 5.212436 9.511701 -7.572787
v 4.897848 9.511702 -4.378722
v 9.960562 8.045844 3.328528
v 4.785220 8.045845 6.788914
v 1.905994 9.511702 -1.386869
v -0.225202 8.045845 7.649670
v -5.202909 8.045845 6.798458
v -2.325127 9.511702 -1.386869
v -9.709890 8.045844 4.001604
v -12.918011 8.045844 -0.401933
v -5.316981 9.511702 -4.378722
v -4.806119 9.511702 -3.422964
v -4.520636 9.511702 -3.075102
v -2.930322 9.511702 -1.710351
v -2.569954 9.511702 -1.517732
v -1.288069 9.511702 -1.072281
v 0.676277 8.045845 7.658264
v 5.705524 8.045845 6.324988
v 2.220402 9.511702 -1.554923
v 6.644169 8.045844 5.851813
v 2.861751 9.511702 -1.897731
v 2.541077 9.511702 -1.726327
v 9.195129 8.045844 4.055449
v 13.316809 8.045844 -2.768156
v 13.609886 8.045844 -3.986043
v -13.607632 8.045844 -2.246232
v -5.474276 9.511702 -4.897250
v 1.680267 8.045845 7.559380
v 4.314775 9.511702 -3.334976
v -14.007479 8.045844 -3.564348
v 7.582813 8.045844 5.378643
v 2.735806 8.045845 7.410594
v -3.174575 8.045845 7.413742
v -8.071436 8.045844 5.346249
v -3.280885 9.511702 -1.897732
v -11.789528 8.045844 1.647218
v -5.631570 9.511702 -5.415779
v 8.382971 8.045844 4.721972
v 10.625252 8.045844 2.518603
v 11.302519 8.045844 1.693353
v 11.833351 8.045844 0.802976
v 12.363468 8.045844 -0.188804
v -0.221780 4.767292 -18.773064
v 1.582095 8.199404 -18.664431
v 2.568697 4.767292 -18.438002
v 2.568697 8.181084 -18.438002
v 4.970200 4.767292 -17.625599
v 4.970200 8.181084 -17.625599
v 7.071995 4.767292 -16.415316
v 7.071995 8.181084 -16.415316
v 8.911251 4.767292 -14.812766
v 8.911251 8.181084 -14.812767
v 10.210827 4.767292 -13.196720
v 10.210827 8.181084 -13.196721
v 10.943369 4.767292 -11.027476
v 10.943369 8.181084 -11.027477
v -11.036282 4.767292 -11.027477
v -11.036282 8.181084 -11.027478
v -10.654388 4.767292 -13.196717
v -10.654388 8.181084 -13.196718
v -9.534483 4.767292 -14.616232
v -9.534483 8.181084 -14.616233
v -7.719298 4.767292 -16.260326
v -7.719298 8.181084 -16.260326
v -5.606989 4.767292 -17.529165
v -5.606989 8.181084 -17.529165
v -3.216571 4.767292 -18.370617
v -3.216572 8.181084 -18.370617
v 1.520546 4.767292 -18.601460
v 1.520546 8.181084 -18.601460
v -2.354369 4.767292 -18.563025
v -2.354369 8.181084 -18.563025
v -0.100948 4.737236 -19.627157
v -0.100948 7.994410 -19.627157
v 1.520545 4.737236 -19.627157
v 1.520545 7.994410 -19.627157
v -2.354369 4.737236 -19.627157
v -2.354369 7.994410 -19.627157
v 1.006107 7.790644 -19.627157
v 0.030569 7.790644 -19.627157
v 0.030569 7.422955 -19.627157
v 1.006107 7.422955 -19.627157
v 0.646850 7.790644 -19.627159
v 0.392368 7.790644 -19.627159
v 0.392202 7.422955 -19.627157
v 0.647375 7.422955 -19.627157
v -0.223295 7.422790 -19.627157
v -0.223295 7.790782 -19.627157
v -1.813096 7.422790 -19.627157
v -1.813096 7.790782 -19.627157
v -0.582498 7.790782 -19.627157
v -0.837703 7.790782 -19.627157
v -1.197653 7.790782 -19.627157
v -1.453493 7.790782 -19.627157
v -1.452613 7.422204 -19.626284
v -1.193534 7.418632 -19.620949
v -0.837073 7.422790 -19.627157
v -0.583907 7.422790 -19.627157
v 0.392368 7.790644 -19.530313
v 0.030569 7.790644 -19.530312
v 0.030569 7.422955 -19.530312
v 0.647375 7.422955 -19.530312
v 1.006107 7.422955 -19.530312
v 1.006107 7.790644 -19.530312
v 0.646850 7.790644 -19.530313
v 0.392202 7.422955 -19.530312
v -0.223295 7.422790 -19.530312
v -0.223295 7.790782 -19.530312
v -0.583907 7.422790 -19.530312
v -1.453611 7.790803 -19.530312
v -1.813213 7.790803 -19.530312
v -1.813213 7.422811 -19.530312
v -0.582498 7.790782 -19.530312
v -0.836869 7.790931 -19.530315
v -1.196818 7.790931 -19.530315
v -1.452730 7.422225 -19.529438
v -1.192699 7.418778 -19.524105
v -0.836239 7.422937 -19.530315
v 8.025461 4.767292 -15.662656
v 8.025461 8.181084 -15.662657
v 9.540478 4.767293 -14.124480
v 9.540478 8.181084 -14.124481
v 6.043116 4.768794 -17.066172
v 6.043116 8.182586 -17.066172
v 3.824432 4.767292 -18.069984
v 3.824432 8.181084 -18.069984
v -4.465247 4.767292 -18.002245
v -4.465247 8.181084 -18.002245
v -6.692605 4.767292 -16.946978
v -6.692605 8.181084 -16.946978
v -8.671291 4.767292 -15.477452
v -8.671291 8.181084 -15.477453
v -9.984039 4.767293 -14.124479
v -9.984039 8.181084 -14.124480
v 2.568697 7.325047 -18.438002
v 4.970200 7.325047 -17.625599
v 7.071995 7.325047 -16.415316
v 8.911251 7.325048 -14.812767
v 10.210827 7.325048 -13.196721
v 10.943369 7.325048 -11.027477
v -11.036282 7.325048 -11.027478
v -10.654388 7.325048 -13.196718
v -9.534483 7.325048 -14.616233
v -7.719298 7.325047 -16.260326
v -5.606989 7.325047 -17.529165
v -3.216571 7.325047 -18.370617
v 1.520546 7.325047 -18.601460
v -2.354369 7.325047 -18.563025
v -0.100948 7.128441 -19.627157
v 1.520545 7.128441 -19.627157
v -2.354369 7.128441 -19.627157
v 0.030569 7.698442 -19.627157
v 1.006107 7.698442 -19.627157
v 0.646981 7.698442 -19.627157
v 0.392326 7.698442 -19.627157
v -0.223295 7.698505 -19.627157
v -1.813096 7.698505 -19.627157
v -0.582851 7.698505 -19.627157
v -0.837546 7.698505 -19.627157
v -1.196620 7.697463 -19.625603
v -1.453272 7.698359 -19.626938
v 0.030569 7.698442 -19.530312
v 1.006107 7.698442 -19.530312
v 0.646981 7.698442 -19.530312
v 0.392326 7.698442 -19.530312
v -0.223295 7.698505 -19.530312
v -1.813213 7.698526 -19.530312
v -0.582851 7.698505 -19.530312
v -0.836711 7.698654 -19.530315
v -1.195785 7.697610 -19.528759
v -1.453390 7.698380 -19.530092
v 8.025461 7.325048 -15.662657
v 9.540478 7.325048 -14.124481
v 6.043116 7.326550 -17.066172
v 3.824432 7.325047 -18.069984
v -4.465247 7.325047 -18.002245
v -6.692605 7.325047 -16.946978
v -8.671291 7.325048 -15.477453
v -9.984039 7.325048 -14.124480
v 8.850327 7.859075 -14.871222
v 8.088373 7.859075 -15.602296
v 8.850327 7.523357 -14.871222
v 8.088373 7.523357 -15.602296
v 8.527191 7.859075 -15.181264
v 8.413637 7.859075 -15.290215
v 8.414135 7.523357 -15.289737
v 8.528145 7.523357 -15.180346
v 7.972565 7.861309 -15.704618
v 7.140492 7.861309 -16.361448
v 7.140492 7.523525 -16.361448
v 7.972565 7.523525 -15.704618
v 7.617510 7.861309 -15.984895
v 7.492922 7.861309 -16.083244
v 7.492993 7.523525 -16.083187
v 7.617191 7.523525 -15.985147
v 7.012097 7.859851 -16.453205
v 6.116930 7.860443 -17.019478
v 7.012097 7.523018 -16.453205
v 6.116930 7.523610 -17.019478
v 6.633137 7.860102 -16.692932
v 6.499149 7.860190 -16.777693
v 6.498804 7.523356 -16.777908
v 6.631941 7.523270 -16.693689
v 5.983513 7.861566 -17.097248
v 5.044961 7.860975 -17.586617
v 5.044961 7.524439 -17.586617
v 5.983513 7.525031 -17.097248
v 5.583693 7.861313 -17.305721
v 5.444164 7.861226 -17.378469
v 5.444164 7.524692 -17.378469
v 5.583693 7.524778 -17.305721
v 4.906278 7.860335 -17.650391
v 3.916493 7.860335 -18.034279
v 4.906278 7.522449 -17.650391
v 3.916493 7.522449 -18.034279
v 4.483552 7.860335 -17.814346
v 4.335846 7.860335 -17.871634
v 4.335845 7.522449 -17.871634
v 4.483552 7.522449 -17.814346
v 3.766970 7.861485 -18.086826
v 2.753544 7.861485 -18.383827
v 2.753544 7.523685 -18.383827
v 3.766970 7.523685 -18.086826
v 3.335163 7.861485 -18.213375
v 3.184732 7.861485 -18.257462
v 3.184732 7.523685 -18.257462
v 3.335163 7.523685 -18.213375
v -3.390253 7.863708 -18.319378
v -4.405670 7.863708 -18.019821
v -3.390253 7.528430 -18.319378
v -4.405670 7.528430 -18.019821
v -3.822670 7.863708 -18.191811
v -3.972651 7.863708 -18.147564
v -3.972651 7.528430 -18.147564
v -3.822670 7.528430 -18.191811
v -4.555297 7.861629 -17.964931
v -5.531962 7.861629 -17.560253
v -5.531962 7.527375 -17.560253
v -4.555297 7.527375 -17.964931
v -4.971166 7.861629 -17.792618
v -5.115175 7.861629 -17.732948
v -5.115175 7.527375 -17.732948
v -4.971166 7.527375 -17.792618
v -5.677221 7.863948 -17.491501
v -6.608948 7.863948 -16.991840
v -5.677221 7.526977 -17.491501
v -6.608948 7.526977 -16.991840
v -6.070699 7.863948 -17.280489
v -6.211687 7.863948 -17.204880
v -6.211687 7.526977 -17.204880
v -6.070699 7.526977 -17.280489
v -6.746355 7.863905 -16.911030
v -7.626667 7.863905 -16.322279
v -7.626667 7.527169 -16.322279
v -6.746355 7.527169 -16.911030
v -7.120961 7.863905 -16.660492
v -7.251696 7.863905 -16.573059
v -7.251696 7.527169 -16.573059
v -7.120961 7.527169 -16.660492
v -7.755758 7.866067 -16.230343
v -8.573806 7.866068 -15.557622
v -7.755758 7.527493 -16.230343
v -8.573806 7.527493 -15.557622
v -8.104146 7.866067 -15.943846
v -8.225559 7.866067 -15.844003
v -8.225559 7.527493 -15.844003
v -8.104146 7.527493 -15.943846
v -8.695898 7.863826 -15.452901
v -9.444582 7.863826 -14.705929
v -9.444582 7.527208 -14.705929
v -8.695898 7.527208 -15.452901
v -9.013388 7.863826 -15.136136
v -9.126799 7.863826 -15.022985
v -9.126799 7.527208 -15.022985
v -9.013390 7.527208 -15.136138
v 8.328943 7.859075 -15.193620
v 8.003679 7.859075 -15.505699
v 8.765635 7.859075 -14.774627
v 8.765635 7.523357 -14.774627
v 8.003679 7.523357 -15.505699
v 8.443451 7.523357 -15.083751
v 8.442497 7.859075 -15.084668
v 8.329443 7.523357 -15.193141
v 7.420572 7.861309 -15.979412
v 7.068142 7.861309 -16.257618
v 7.068142 7.523525 -16.257618
v 7.900215 7.861309 -15.600785
v 7.900215 7.523525 -15.600785
v 7.544842 7.523525 -15.881314
v 7.545160 7.861309 -15.881063
v 7.420643 7.523525 -15.979356
v 6.426798 7.860190 -16.673859
v 6.044580 7.860443 -16.915646
v 6.939747 7.859851 -16.349377
v 6.939747 7.523018 -16.349377
v 6.044580 7.523610 -16.915646
v 6.559591 7.523270 -16.589857
v 6.560787 7.860102 -16.589100
v 6.426454 7.523356 -16.674078
v 5.384583 7.861226 -17.270382
v 4.985379 7.860975 -17.478531
v 4.985379 7.524439 -17.478531
v 5.923932 7.861566 -16.989161
v 5.923932 7.525031 -16.989161
v 5.524111 7.524778 -17.197630
v 5.524111 7.861313 -17.197630
v 5.384583 7.524692 -17.270382
v 4.294991 7.860335 -17.753754
v 3.875640 7.860335 -17.916401
v 4.846697 7.860335 -17.542303
v 4.846695 7.522449 -17.542303
v 3.875640 7.522449 -17.916401
v 4.423970 7.522449 -17.706257
v 4.423970 7.860335 -17.706257
v 4.294991 7.522449 -17.753754
v 3.143879 7.861485 -18.139584
v 2.712690 7.861485 -18.265951
v 2.712690 7.523685 -18.265951
v 3.726115 7.861485 -17.968948
v 3.726115 7.523685 -17.968948
v 3.294310 7.523685 -18.095497
v 3.294310 7.861485 -18.095497
v 3.143879 7.523685 -18.139584
v -3.945974 7.863708 -18.041798
v -4.378994 7.863708 -17.914051
v -3.363577 7.863708 -18.213612
v -3.363577 7.528430 -18.213612
v -4.378994 7.528430 -17.914051
v -3.795993 7.528430 -18.086042
v -3.795993 7.863708 -18.086042
v -3.945974 7.528430 -18.041798
v -5.074131 7.861629 -17.632311
v -5.490919 7.861629 -17.459616
v -5.490919 7.527375 -17.459616
v -4.514253 7.861629 -17.864296
v -4.514253 7.527375 -17.864296
v -4.930121 7.527375 -17.691978
v -4.930121 7.861629 -17.691978
v -5.074131 7.527375 -17.632311
v -6.156602 7.863948 -17.108185
v -6.553864 7.863948 -16.895145
v -5.622138 7.863948 -17.394806
v -5.622138 7.526977 -17.394806
v -6.553864 7.526977 -16.895145
v -6.015614 7.526977 -17.183794
v -6.015614 7.863948 -17.183794
v -6.156602 7.526977 -17.108185
v -7.196610 7.863905 -16.476364
v -7.571583 7.863905 -16.225584
v -7.571583 7.527169 -16.225584
v -6.691271 7.863905 -16.814333
v -6.691271 7.527169 -16.814333
v -7.065877 7.527169 -16.563797
v -7.065877 7.863905 -16.563797
v -7.196610 7.527169 -16.476364
v -8.152740 7.866068 -15.760854
v -8.500987 7.866068 -15.474473
v -7.682940 7.866067 -16.147196
v -7.682940 7.527493 -16.147196
v -8.500987 7.527493 -15.474473
v -8.031327 7.527493 -15.860698
v -8.031327 7.866067 -15.860698
v -8.152740 7.527493 -15.760854
v -9.051271 7.863826 -14.942792
v -9.369053 7.863826 -14.625737
v -9.369053 7.527208 -14.625737
v -8.620369 7.863826 -15.372708
v -8.620369 7.527208 -15.372708
v -8.937860 7.527208 -15.055943
v -8.937859 7.863826 -15.055943
v -9.051271 7.527208 -14.942792
v 1.582095 8.175453 -18.664431
v -0.097828 7.985214 -19.709713
v 3.902505 8.175452 -18.122807
v 2.622792 8.175452 -18.497849
v 6.163553 8.176984 -17.099827
v 5.070150 8.175452 -17.669937
v 8.183750 8.175452 -15.669512
v 7.212078 8.175452 -16.436543
v 9.727695 8.175452 -14.101967
v 9.086454 8.175452 -14.803394
v 11.157372 8.175453 -10.945827
v 10.410845 8.175453 -13.156492
v -10.852777 8.175453 -13.156488
v -11.241962 8.175453 -10.945827
v -10.169630 8.175452 -14.101965
v -8.831816 8.175452 -15.480773
v -9.711491 8.175452 -14.603108
v -6.815348 8.175452 -16.978355
v -7.861647 8.175452 -16.278595
v -4.545460 8.175452 -18.053772
v -5.709002 8.175452 -17.571663
v -2.421744 8.175453 -18.625259
v -3.272942 8.175452 -18.429180
v 1.582095 7.985214 -19.709713
v -2.421743 7.985214 -19.709713
v -0.220967 8.199404 -18.839312
v -0.097828 8.009164 -19.709713
v 3.902505 8.199403 -18.122807
v 2.622792 8.199404 -18.497849
v 6.163553 8.200933 -17.099827
v 5.070150 8.199404 -17.669937
v 8.183750 8.199403 -15.669512
v 7.212078 8.199404 -16.436543
v 9.727695 8.199403 -14.101967
v 9.086454 8.199404 -14.803394
v 11.157372 8.199404 -10.945827
v 10.410845 8.199404 -13.156492
v -10.852777 8.199404 -13.156488
v -11.241962 8.199404 -10.945827
v -10.169630 8.199403 -14.101965
v -8.831816 8.199404 -15.480773
v -9.711491 8.199404 -14.603108
v -6.815348 8.199404 -16.978355
v -7.861647 8.199404 -16.278595
v -4.545460 8.199404 -18.053772
v -5.709002 8.199404 -17.571663
v -2.421744 8.199404 -18.625259
v -3.272942 8.199404 -18.429180
v 0.675808 8.864384 -15.342259
v -0.207148 8.864384 -15.429223
v 1.829229 8.864384 -15.065129
v 1.201097 8.864384 -15.256156
v 2.947439 8.865914 -14.556295
v 2.412476 8.864384 -14.845617
v 3.938906 8.864384 -13.854175
v 3.474989 8.864384 -14.234901
v 4.684387 8.864384 -13.085082
v 4.404870 8.864384 -13.425673
v 5.450996 8.864384 -11.504003
v 5.079769 8.864384 -12.603309
v -5.494065 8.864384 -12.603307
v -5.687596 8.864384 -11.504004
v -5.098684 8.864384 -13.085080
v -4.465271 8.864384 -13.760091
v -4.898980 8.864384 -13.328420
v -3.468597 8.864384 -14.500704
v -3.984656 8.864384 -14.156632
v -2.346588 8.864384 -15.032647
v -2.919856 8.864384 -14.795863
v -1.287877 8.864384 -15.322782
v -1.721458 8.864384 -15.223462
v 1.582095 8.009164 -19.709713
v -2.421743 8.009164 -19.709713
v 12.124126 4.767292 -5.881090
v -11.567940 4.767292 -5.881092
v 9.383184 6.765734 -13.819450
v 9.383224 6.614133 -13.819158
v 9.426107 6.765271 -13.668700
v 9.426147 6.613670 -13.668406
v 12.496349 6.765571 -14.685350
v 12.496391 6.613970 -14.685056
v 12.544403 6.765109 -14.526990
v 12.544445 6.613507 -14.526696
v 9.887690 5.965417 -15.317658
v 9.896673 5.782974 -15.326234
v 9.766975 5.965417 -15.214599
v 9.775961 5.782974 -15.223175
v 10.760410 6.765470 -14.190728
v 10.760141 6.614719 -14.189375
v 10.591515 6.765470 -14.143431
v 10.591246 6.614719 -14.142076
v 9.583107 5.965417 -15.429890
v 9.714739 5.965417 -15.539421
v 9.710592 5.782974 -15.539516
v 9.592093 5.782974 -15.438465
v 9.357376 5.965417 -15.632652
v 9.455793 5.965417 -15.765087
v 9.453493 5.782974 -15.768907
v 9.366362 5.782974 -15.641228
v 10.489407 6.764612 -14.276079
v 10.490284 6.609937 -14.275955
v 10.652334 6.764612 -14.330282
v 10.653214 6.609937 -14.330159
v -9.846703 6.765734 -13.821223
v -9.846743 6.614133 -13.820930
v -9.889626 6.765271 -13.670472
v -9.889664 6.613670 -13.670180
v -12.959866 6.765571 -14.687121
v -12.959908 6.613970 -14.686829
v -13.007921 6.765109 -14.528762
v -13.007961 6.613507 -14.528468
v -10.343899 5.965417 -15.317917
v -10.352884 5.782974 -15.326492
v -10.223185 5.965417 -15.214856
v -10.232168 5.782974 -15.223433
v -11.072302 6.617784 -14.155177
v -10.039316 5.965417 -15.430146
v -10.170946 5.965417 -15.539680
v -10.166801 5.782974 -15.539775
v -10.048300 5.782974 -15.438724
v -9.813583 5.965417 -15.632912
v -9.912003 5.965417 -15.765347
v -9.909702 5.782974 -15.769165
v -9.822571 5.782974 -15.641487
v -11.070230 6.768575 -14.157638
v -11.207684 6.616090 -14.196378
v -11.205818 6.767210 -14.198967
v 2.004931 14.758819 -6.688705
v 4.141571 14.289840 -7.113709
v 6.110708 13.528259 -7.505394
v 7.836672 12.503345 -7.848710
v 9.253134 11.254483 -8.130462
v 10.354218 9.863153 -8.330679
v 10.778839 8.985335 -8.433943
v 0.187369 14.888349 -6.327169
v 1.993685 14.758819 -6.897383
v 4.130324 14.289840 -7.322387
v 6.099461 13.528259 -7.714072
v 7.825426 12.503345 -8.057389
v 9.241888 11.254483 -8.339140
v 10.342970 9.863153 -8.539357
v 10.767591 8.985335 -8.642622
v 0.176122 14.888349 -6.535848
v 1.959119 14.683539 -6.679189
v 4.095759 14.214561 -7.104193
v 6.064895 13.452979 -7.495878
v 7.790859 12.428065 -7.839194
v 9.207321 11.179204 -8.120946
v 10.308405 9.787871 -8.321163
v 10.733027 8.910056 -8.424427
v 0.141557 14.813069 -6.317653
v 1.947872 14.683539 -6.887867
v 4.084512 14.214561 -7.312871
v 6.053648 13.452979 -7.704557
v 7.779613 12.428065 -8.047873
v 9.196074 11.179204 -8.329624
v 10.297155 9.787871 -8.529841
v 10.721779 8.910056 -8.633106
v 0.130310 14.813069 -6.526332
v 1.824986 14.531415 -6.712948
v 1.824986 14.708704 -6.712948
v 1.802911 14.531415 -6.815563
v 1.802911 14.708704 -6.815563
v 1.927601 14.531415 -6.735024
v 1.927601 14.708704 -6.735024
v 1.905526 14.531415 -6.837639
v 1.905526 14.708704 -6.837639
v 3.003381 14.271618 -6.943985
v 3.049359 14.474051 -6.953374
v 2.982935 14.271487 -7.046937
v 3.028914 14.473918 -7.056327
v 3.103680 14.247916 -6.963874
v 3.149658 14.450345 -6.973263
v 3.083233 14.247783 -7.066826
v 3.129212 14.450215 -7.076215
v 4.255639 13.958104 -7.187861
v 4.324251 14.153665 -7.203012
v 4.234709 13.957480 -7.290714
v 4.303320 14.153039 -7.305864
v 4.352480 13.922619 -7.207355
v 4.421091 14.118177 -7.222504
v 4.331548 13.921994 -7.310207
v 4.400159 14.117554 -7.325357
v 5.420728 13.509171 -7.432507
v 5.501251 13.699836 -7.450190
v 5.399981 13.508391 -7.535396
v 5.480504 13.699054 -7.553079
v 5.515232 13.467521 -7.451248
v 5.595757 13.658183 -7.468931
v 5.494484 13.466741 -7.554137
v 5.575008 13.657403 -7.571820
v 6.655327 12.913550 -7.678886
v 6.760873 13.131738 -7.701961
v 6.634722 12.912635 -7.781803
v 6.740268 13.130822 -7.804876
v 6.747643 12.866983 -7.696954
v 6.853189 13.085172 -7.720028
v 6.727038 12.866067 -7.799871
v 6.832584 13.084254 -7.822945
v 7.717289 12.254833 -7.860193
v 7.882679 12.429768 -7.896557
v 7.695084 12.254503 -7.962780
v 7.860474 12.429438 -7.999143
v 7.791048 12.181830 -7.875924
v 7.956436 12.356765 -7.912287
v 7.768843 12.181500 -7.978511
v 7.934231 12.356435 -8.014874
v 8.651884 11.440671 -8.073198
v 8.787468 11.594054 -8.108417
v 8.628008 11.438314 -8.175382
v 8.763592 11.591697 -8.210601
v 8.727737 11.369926 -8.089290
v 8.863319 11.523309 -8.124508
v 8.703861 11.367570 -8.191474
v 8.839443 11.520952 -8.226692
v 9.488104 10.502507 -8.220236
v 9.677469 10.650138 -8.260529
v 9.467333 10.501070 -8.323112
v 9.656700 10.648700 -8.363406
v 9.550722 10.419054 -8.231712
v 9.740088 10.566686 -8.272005
v 9.529953 10.417618 -8.334590
v 9.719318 10.565247 -8.374883
v 10.199404 9.547499 -8.342939
v 10.400764 9.676511 -8.388631
v 10.176926 9.546272 -8.445459
v 10.378286 9.675285 -8.491152
v 10.253960 9.458491 -8.353837
v 10.455320 9.587504 -8.399529
v 10.231482 9.457266 -8.456357
v 10.432840 9.586278 -8.502048
v 0.649907 14.617246 -6.453311
v 0.649907 14.794536 -6.453311
v 0.627832 14.617246 -6.555925
v 0.627832 14.794536 -6.555925
v 0.752522 14.617246 -6.475386
v 0.752522 14.794536 -6.475386
v 0.730447 14.617246 -6.578001
v 0.730447 14.794536 -6.578001
v 13.482750 6.613234 -11.098689
v 13.482750 6.760834 -11.098689
v 12.351955 6.613234 -14.636590
v 12.351955 6.760834 -14.636590
v 13.623344 6.613234 -11.143626
v 13.623344 6.760834 -11.143626
v 12.492546 6.613234 -14.681527
v 12.492546 6.760834 -14.681527
v 12.398493 6.613234 -14.490983
v 12.398493 6.760834 -14.490983
v 12.539087 6.613234 -14.535920
v 12.539087 6.760834 -14.535920
v 13.440123 6.613234 -11.232056
v 13.580715 6.760834 -11.276993
v 13.440123 6.760834 -11.232056
v 13.580715 6.613234 -11.276993
v 12.960346 6.760834 -12.733121
v 13.100941 6.613234 -12.778058
v 12.960346 6.613234 -12.733121
v 13.100941 6.760834 -12.778058
v 12.915489 6.760834 -12.873466
v 13.056084 6.613234 -12.918402
v 12.915489 6.613234 -12.873466
v 13.056084 6.760834 -12.918402
v 13.440123 4.750332 -11.232055
v 13.482750 4.750332 -11.098688
v 12.492546 4.750332 -14.681526
v 12.351955 4.750332 -14.636589
v 12.539087 4.750332 -14.535919
v 13.623344 4.750332 -11.143625
v 12.398493 4.750332 -14.490982
v 13.580715 4.750332 -11.276992
v 12.915489 4.750332 -12.873465
v 12.960346 4.750332 -12.733120
v 13.100941 4.750332 -12.778057
v 13.056084 4.750332 -12.918401
v -4.369801 4.729402 -17.623577
v -4.369801 6.179719 -17.623577
v -4.369801 4.729402 -20.789343
v -4.369801 6.179719 -20.789343
v 3.641999 4.729402 -17.623577
v 3.641999 6.179719 -17.623577
v 3.641999 4.729402 -20.789343
v 3.641999 6.179719 -20.789343
v -4.369801 4.729402 -20.471094
v -4.369801 6.179719 -20.471094
v 3.641999 4.729402 -20.471094
v 3.641999 6.179719 -20.471094
v -4.369801 6.739317 -20.789343
v 3.641999 6.739317 -20.789343
v -4.369801 6.739317 -20.471094
v 3.641999 6.739317 -20.471094
v 1.454716 4.729402 -20.789343
v -2.182518 4.729402 -20.789343
v -2.182518 6.179719 -20.789343
v 1.454716 6.179719 -20.789343
v -2.418395 4.729402 -17.623577
v 1.690593 4.729402 -17.623577
v 1.231188 6.835060 -17.623577
v -1.958990 6.835060 -17.623577
v -1.958990 6.835060 -20.511013
v 1.231188 6.835060 -20.511013
v 1.690593 4.729402 -20.471094
v -2.418395 4.729402 -20.471094
v -2.418395 6.739317 -20.789343
v 1.690593 6.739317 -20.789343
v -2.418395 6.739317 -20.471094
v 1.690593 6.739317 -20.471094
v -2.418395 7.320207 -20.789343
v 1.690593 7.320207 -20.789343
v -2.418395 7.320207 -20.471094
v 1.690593 7.320207 -20.471094
v -4.369801 5.151023 -17.623577
v -4.369801 5.151023 -20.789343
v 3.641999 5.151023 -20.789343
v 3.641999 5.151023 -17.623577
v 3.641999 5.151023 -20.471094
v -4.369801 5.151023 -20.471094
v 1.557040 5.341537 -17.623577
v -2.284841 5.341537 -17.623577
v -2.182518 5.151023 -20.789343
v 1.454716 5.151023 -20.789343
v -4.369801 4.729402 -19.855227
v 3.641999 6.179719 -19.855227
v -4.369801 6.179719 -19.855227
v 3.641999 4.729402 -19.855227
v 1.231188 6.835060 -19.886513
v -1.958990 6.835060 -19.886513
v -2.418395 4.729402 -19.855227
v 1.690593 4.729402 -19.855227
v -4.369801 5.151023 -19.855227
v 3.641999 5.151023 -19.855227
v 3.641999 5.732707 -20.322899
v 3.641999 5.228497 -20.322899
v 3.641999 5.732707 -19.963005
v 3.641999 5.228497 -19.963005
v 3.641999 5.733266 -19.781757
v 3.641999 5.733266 -19.419930
v 3.641999 5.227070 -19.419930
v 3.641999 5.227070 -19.781757
v -4.369801 5.730305 -19.899590
v -4.369801 5.730305 -20.258204
v -4.369801 5.226128 -20.258204
v -4.369801 5.226128 -19.899590
v -4.369801 5.224856 -19.355774
v -4.369801 5.732295 -19.355774
v -4.369801 5.732295 -19.718311
v -4.369801 5.224856 -19.718311
v 1.510014 5.710251 -20.789343
v 2.212157 5.710251 -20.789343
v 2.212157 5.245640 -20.789343
v 1.510014 5.245640 -20.789343
v 1.791449 5.710251 -20.789343
v 1.930723 5.710251 -20.789343
v 1.791449 5.245640 -20.789343
v 1.930723 5.245640 -20.789343
v -2.997782 5.711318 -20.789343
v -2.294291 5.711318 -20.789343
v -2.997782 5.247148 -20.789343
v -2.294291 5.247148 -20.789343
v -2.717354 5.711318 -20.789343
v -2.574719 5.711318 -20.789343
v -2.717354 5.247148 -20.789343
v -2.574719 5.247148 -20.789343
v 3.551880 5.732707 -20.322899
v 3.551880 5.228497 -20.322899
v 3.551880 5.732707 -19.963005
v 3.551880 5.228497 -19.963005
v 3.551880 5.733266 -19.781757
v 3.551880 5.733266 -19.419930
v 3.551880 5.227070 -19.419930
v 3.551880 5.227070 -19.781757
v -4.279682 5.730305 -19.899590
v -4.279682 5.730305 -20.258204
v -4.279682 5.226128 -20.258204
v -4.279682 5.226128 -19.899590
v -4.279682 5.224856 -19.355774
v -4.279682 5.732295 -19.355774
v -4.279682 5.732295 -19.718311
v -4.279682 5.224856 -19.718311
v 1.930723 5.710251 -20.699223
v 2.212157 5.710251 -20.699223
v 2.212157 5.245640 -20.699223
v 1.510014 5.710251 -20.699223
v 1.510014 5.245640 -20.699223
v 1.930723 5.245640 -20.699223
v 1.791449 5.710251 -20.699223
v 1.791449 5.245640 -20.699223
v -2.574719 5.711318 -20.699223
v -2.294291 5.711318 -20.699223
v -2.997782 5.711318 -20.699223
v -2.997782 5.247148 -20.699223
v -2.294291 5.247148 -20.699223
v -2.574719 5.247148 -20.699223
v -2.717354 5.711318 -20.699223
v -2.717354 5.247148 -20.699223
v 1.310178 4.739128 -20.789343
v -2.098784 4.739128 -20.789343
v -2.098784 5.621499 -20.789343
v 1.310178 5.621499 -20.789343
v 0.825233 4.739128 -20.789343
v 0.580349 4.739128 -20.789343
v 0.093145 4.739128 -20.789343
v -0.149296 4.739128 -20.789343
v -0.638964 4.739128 -20.789343
v -0.880828 4.739128 -20.789343
v -1.367858 4.739128 -20.789343
v -1.611591 4.739128 -20.789343
v -1.611591 5.621499 -20.789343
v -1.367858 5.621499 -20.789343
v -0.880828 5.621499 -20.789343
v -0.638964 5.621499 -20.789343
v -0.149296 5.621499 -20.789343
v 0.093145 5.621499 -20.789343
v 0.580349 5.621499 -20.789343
v 0.825233 5.621499 -20.789343
v -1.611591 4.739128 -20.691784
v -2.098784 4.739128 -20.691784
v 0.825233 5.621499 -20.691784
v 1.310178 5.621499 -20.691784
v -2.098784 5.621499 -20.691784
v 1.310178 4.739128 -20.691784
v 0.825233 4.739128 -20.691784
v 0.580349 4.739128 -20.691784
v 0.093145 4.739128 -20.691784
v -0.149296 4.739128 -20.691784
v -0.638964 4.739128 -20.691784
v -0.880828 4.739128 -20.691784
v -1.367858 4.739128 -20.691784
v -1.611591 5.621499 -20.691784
v -1.367858 5.621499 -20.691784
v -0.880828 5.621499 -20.691784
v -0.638964 5.621499 -20.691784
v -0.149296 5.621499 -20.691784
v 0.093145 5.621499 -20.691784
v 0.580349 5.621499 -20.691784
v 1.128651 4.743588 -18.143522
v 1.360304 4.743587 -19.554768
v 9.806767 8.446393 -13.035776
v 10.945644 8.332803 -13.605226
v 9.700792 4.778898 -15.526260
v 9.249102 4.743587 -15.928192
v 8.185555 4.743587 -16.806137
v 7.560578 4.743586 -17.248959
v 7.212640 4.743580 -17.475992
v 6.812223 4.743546 -17.722095
v 6.359724 4.743351 -17.980835
v 5.920614 4.742908 -18.220066
v 5.526508 4.741978 -18.426422
v 4.715066 4.743587 -18.793715
v 3.590592 4.743587 -19.211464
v 2.983808 4.743587 -19.375332
v 2.057099 4.743587 -19.545244
v 10.764740 8.276611 -14.163277
v 1.763422 4.743588 -18.134850
v 2.607643 4.743588 -17.980059
v 3.160419 4.743588 -17.830776
v 4.184801 4.743588 -17.450214
v 4.929247 4.741979 -17.113520
v 5.285252 4.742908 -16.926741
v 5.683833 4.743352 -16.709381
v 6.095423 4.743546 -16.473923
v 6.460087 4.743580 -16.249771
v 6.777036 4.743587 -16.042953
v 7.346375 4.743589 -15.639550
v 8.315258 4.743589 -14.839752
v 8.696884 4.743589 -14.499641
v 1.128651 7.638510 -18.143522
v 1.360304 7.638510 -19.554768
v 10.945644 7.638510 -13.605225
v 9.806765 7.638509 -13.035777
v 2.057099 7.638510 -19.545244
v 10.778305 7.727137 -14.143279
v 1.360304 7.150330 -19.554768
v 1.360304 6.753778 -19.554768
v 1.360304 6.167840 -19.554768
v 1.360304 5.916559 -19.554768
v 10.945644 7.150330 -13.605226
v 10.945644 6.753779 -13.605225
v 9.806767 7.150330 -13.035776
v 9.806765 6.753779 -13.035777
v 9.417217 6.903957 -13.586692
v 8.696884 5.916559 -14.499641
v 2.057099 7.086736 -19.545244
v 2.057099 6.753778 -19.545244
v 2.057099 6.167840 -19.545244
v 2.057099 5.916559 -19.545244
v 2.983808 7.150330 -19.375332
v 2.983808 6.520856 -19.375332
v 2.983808 6.167840 -19.375332
v 2.983808 5.916559 -19.375332
v 3.590592 7.150330 -19.211464
v 3.590592 6.295540 -19.211464
v 3.590592 6.167840 -19.211464
v 3.590592 5.916559 -19.211464
v 4.715066 6.167840 -18.793715
v 4.715066 5.339852 -18.793715
v 5.526508 6.166231 -18.426422
v 5.526508 5.768848 -18.426422
v 5.920614 6.167161 -18.220066
v 5.920614 5.769779 -18.220066
v 6.359724 6.167603 -17.980835
v 6.359724 5.770223 -17.980835
v 6.812223 6.167799 -17.722095
v 6.812223 5.770417 -17.722095
v 7.212639 6.167834 -17.475992
v 7.212640 5.770451 -17.475992
v 7.560578 6.167839 -17.248959
v 7.560578 5.770457 -17.248959
v 8.185555 6.167840 -16.806137
v 8.185555 5.664732 -16.806137
v 9.249102 7.150330 -15.928193
v 9.000586 5.697274 -16.135775
v 9.700792 7.150330 -15.526261
v 9.700792 6.044967 -15.526260
v 9.700792 5.951869 -15.526260
v 10.119762 7.261303 -14.987415
v 10.115438 6.947325 -14.992993
v 10.778305 7.238957 -14.143280
v 10.778305 6.750884 -14.143280
v 1.128651 5.916560 -18.143522
v 1.128651 6.167840 -18.143522
v 1.128651 6.753778 -18.143522
v 1.128651 7.150330 -18.143522
v 9.917109 6.743708 -15.248816
v 9.922792 7.060692 -15.241487
v 9.897556 6.101240 -15.274035
v 9.897556 5.939703 -15.274035
v 8.818327 5.939703 -14.348373
v 10.444878 7.938009 -14.573042
v 10.285854 7.416128 -14.774911
v 10.280815 7.101891 -14.781126
v 10.480951 7.610445 -14.524964
v 10.477991 7.302990 -14.531278
v 9.052015 6.496031 -16.089436
v 9.047560 6.184957 -16.092888
v 9.296705 6.693765 -15.883729
v 9.290579 6.385223 -15.888721
v 8.545179 6.074914 -16.505142
v 8.540575 5.763339 -16.512018
v 8.789135 6.274803 -16.306198
v 10.032352 7.261578 -14.902304
v 8.789135 5.963047 -16.306198
v 10.028027 6.947599 -14.907884
v 9.829699 6.743982 -15.163704
v 9.835381 7.060966 -15.156375
v 10.198334 7.416245 -14.689279
v 10.193295 7.102009 -14.695493
v 10.390472 7.303108 -14.445644
v 8.965340 6.496367 -15.979442
v 8.960884 6.185294 -15.982895
v 9.210030 6.694102 -15.773734
v 9.203905 6.385561 -15.778726
v 8.452543 5.763124 -16.395674
v 8.701105 5.962831 -16.189854
v 8.457151 6.074698 -16.388796
v 8.701105 6.274589 -16.189854
v 10.393431 7.610563 -14.439332
v 2.496605 6.818358 -19.464663
v 2.496605 7.406982 -19.464663
v 2.132766 7.400702 -19.531372
v 2.132766 7.138926 -19.531372
v 2.411892 6.983346 -19.480194
v 2.411892 7.244997 -19.480194
v 2.833543 7.009443 -19.402884
v 2.836018 6.747887 -19.402428
v 2.554855 6.903671 -19.453981
v 2.554855 7.161347 -19.453981
v 3.832530 6.570681 -19.121584
v 3.832530 6.213279 -19.121584
v 4.486624 6.005115 -18.878582
v 4.486624 5.657366 -18.878582
v 4.093657 6.344894 -19.024574
v 4.225953 6.230505 -18.975422
v 4.089548 5.994840 -19.026100
v 4.223319 5.881147 -18.976402
v 2.119054 7.400702 -19.460623
v 2.119054 7.138926 -19.460623
v 2.398180 6.983346 -19.409443
v 2.398180 7.244997 -19.409443
v 2.819831 7.009443 -19.332132
v 2.822305 6.747887 -19.331680
v 2.541143 6.903671 -19.383232
v 2.541143 7.161347 -19.383232
v 3.808990 6.570681 -19.049692
v 3.808990 6.213279 -19.049692
v 4.463083 6.005115 -18.806694
v 4.463083 5.657366 -18.806694
v 4.199778 5.881147 -18.904512
v 4.202412 6.230505 -18.903534
v 4.070117 6.344894 -18.952682
v 4.066007 5.994840 -18.954208
v 7.301820 4.743586 -16.884886
v 6.989122 4.743580 -17.079681
v 6.588705 4.743546 -17.325783
v 6.136205 4.743351 -17.584524
v 5.697098 4.742908 -17.823753
v 5.331858 4.741978 -18.013239
v 5.331858 5.768848 -18.013239
v 5.697098 5.769779 -17.823753
v 6.136205 5.770223 -17.584524
v 6.588705 5.770417 -17.325783
v 6.989122 5.770451 -17.079681
v 7.301820 5.770457 -16.884886
v 5.958694 4.745272 -17.673260
v 5.958694 5.793184 -17.673260
v 6.043067 4.745272 -17.828125
v 6.043067 5.793184 -17.828125
v 6.113559 4.745272 -17.588886
v 6.113559 5.793184 -17.588886
v 6.197933 4.745272 -17.743752
v 6.197933 5.793184 -17.743752
v 6.650200 4.745272 -17.277725
v 6.650200 5.793184 -17.277725
v 6.742851 4.745272 -17.427788
v 6.742851 5.793184 -17.427788
v 6.800261 4.745272 -17.185074
v 6.800261 5.793184 -17.185074
v 6.892912 4.745272 -17.335136
v 6.892912 5.793184 -17.335136
v 10.977556 8.332803 -13.652925
v 10.796654 8.276611 -14.210977
v 1.364255 7.638510 -19.592907
v 2.089013 7.638510 -19.592945
v 3.015721 7.150330 -19.423031
v 3.622506 7.150330 -19.259165
v 4.746980 6.167840 -18.841415
v 5.558422 6.166231 -18.474119
v 5.952529 6.167161 -18.267765
v 6.391637 6.167603 -18.028538
v 6.844137 6.167799 -17.769793
v 7.244555 6.167834 -17.523691
v 7.592492 6.167839 -17.296656
v 8.217466 6.167840 -16.853836
v 9.281017 7.150330 -15.975892
v 9.732706 7.150330 -15.573960
v 10.476791 7.938009 -14.620741
v 2.528519 7.406982 -19.512360
v 10.977556 8.383337 -13.652925
v 10.796654 8.327145 -14.210977
v 1.364255 7.689043 -19.592907
v 2.089013 7.689043 -19.592945
v 3.015721 7.200863 -19.423031
v 3.622506 7.200863 -19.259165
v 4.746980 6.218374 -18.841415
v 5.558422 6.216763 -18.474119
v 5.952529 6.217695 -18.267765
v 6.391637 6.218138 -18.028538
v 6.844137 6.218333 -17.769793
v 7.244555 6.218367 -17.523691
v 7.592492 6.218372 -17.296656
v 8.217466 6.218374 -16.853836
v 9.281017 7.200863 -15.975892
v 9.732706 7.200863 -15.573960
v 10.476791 7.988542 -14.620741
v 2.528519 7.457516 -19.512360
v 9.796875 8.540136 -13.051529
v 9.634871 8.377804 -13.551280
v 1.212941 7.662597 -18.379505
v 1.836940 7.662597 -18.370975
v 2.666833 7.225419 -18.218817
v 3.210225 7.225419 -18.072067
v 4.217222 6.345572 -17.697964
v 4.943891 6.344131 -17.369041
v 5.296824 6.344964 -17.184242
v 5.690058 6.345361 -16.970007
v 6.095284 6.345536 -16.738297
v 6.453868 6.345566 -16.517904
v 6.765457 6.345571 -16.314589
v 7.325138 6.345572 -15.918033
v 8.277578 7.225419 -15.131810
v 8.682077 7.225419 -14.771870
v 9.348427 8.074576 -13.918235
v 2.230530 7.455257 -18.298813
v 1.118836 6.506289 -20.815308
v 0.973108 6.182776 -20.815308
v 0.926621 6.203718 -20.815308
v 0.989656 6.343654 -20.815308
v 0.923747 6.374321 -20.815308
v 0.895767 6.394390 -20.815308
v 0.876758 6.416955 -20.815308
v 0.866173 6.441297 -20.815308
v 0.863466 6.466696 -20.815308
v 0.868091 6.492429 -20.815308
v 0.879328 6.517484 -20.815308
v 0.895405 6.538568 -20.815308
v 0.915797 6.554192 -20.815308
v 0.940272 6.563378 -20.815308
v 0.968597 6.565156 -20.815308
v 1.000541 6.558553 -20.815308
v 1.053545 6.485487 -20.815308
v 0.988809 6.514025 -20.815308
v 0.970616 6.517581 -20.815308
v 0.955225 6.516120 -20.815308
v 0.948545 6.513812 -20.815308
v 0.937140 6.506644 -20.815308
v 0.928246 6.496887 -20.815308
v 0.921746 6.485513 -20.815308
v 0.918703 6.477530 -20.815308
v 0.916819 6.469737 -20.815308
v 0.916423 6.454835 -20.815308
v 0.917857 6.447793 -20.815308
v 0.923850 6.434688 -20.815308
v 0.933832 6.423097 -20.815308
v 0.947584 6.413279 -20.815308
v 0.955806 6.409114 -20.815308
v 1.008459 6.385396 -20.815308
v 1.118836 6.506289 -20.758080
v 0.973109 6.182776 -20.758080
v 0.926621 6.203718 -20.758080
v 0.989656 6.343654 -20.758080
v 0.923747 6.374321 -20.758080
v 0.895767 6.394390 -20.758081
v 0.876758 6.416955 -20.758080
v 0.866173 6.441297 -20.758080
v 0.863869 6.453909 -20.758080
v 0.863466 6.466696 -20.758080
v 0.868091 6.492429 -20.758080
v 0.879328 6.517484 -20.758080
v 0.895405 6.538568 -20.758080
v 0.905076 6.547123 -20.758080
v 0.915797 6.554192 -20.758080
v 0.940272 6.563378 -20.758080
v 0.968597 6.565156 -20.758080
v 1.000541 6.558553 -20.758080
v 1.053545 6.485487 -20.758080
v 0.998994 6.510059 -20.758080
v 0.988810 6.514025 -20.758080
v 0.970616 6.517581 -20.758080
v 0.955225 6.516120 -20.758080
v 0.948545 6.513812 -20.758080
v 0.937140 6.506644 -20.758080
v 0.928246 6.496887 -20.758080
v 0.921746 6.485513 -20.758080
v 0.916819 6.469737 -20.758081
v 0.916423 6.454835 -20.758080
v 0.917857 6.447793 -20.758080
v 0.923851 6.434688 -20.758081
v 0.928356 6.428687 -20.758080
v 0.933832 6.423097 -20.758080
v 0.947584 6.413279 -20.758080
v 1.008459 6.385396 -20.758080
v 0.622332 6.656229 -20.815308
v 0.611161 6.613255 -20.815308
v 0.589594 6.574912 -20.815308
v 0.558441 6.543190 -20.815308
v 0.518511 6.520081 -20.815308
v 0.470616 6.507572 -20.815308
v 0.416372 6.507582 -20.815308
v 0.367302 6.520150 -20.815308
v 0.326815 6.543341 -20.815308
v 0.295531 6.575121 -20.815308
v 0.274065 6.613463 -20.815308
v 0.263037 6.656333 -20.815308
v 0.261629 6.678832 -20.815308
v 0.263074 6.701953 -20.815308
v 0.274328 6.745451 -20.815308
v 0.283935 6.765381 -20.815308
v 0.296060 6.783803 -20.815308
v 0.327460 6.815225 -20.815308
v 0.367718 6.837932 -20.815308
v 0.416026 6.850140 -20.815308
v 0.469439 6.850131 -20.815308
v 0.517261 6.837862 -20.815308
v 0.557404 6.815074 -20.815308
v 0.588922 6.783593 -20.815308
v 0.610868 6.745244 -20.815308
v 0.622294 6.701849 -20.815308
v 0.572726 6.696928 -20.815308
v 0.563972 6.730166 -20.815308
v 0.547436 6.758672 -20.815308
v 0.524134 6.781482 -20.815308
v 0.495083 6.797636 -20.815308
v 0.461296 6.806172 -20.815308
v 0.424480 6.806172 -20.815308
v 0.390522 6.797636 -20.815308
v 0.361360 6.781482 -20.815308
v 0.337996 6.758672 -20.815308
v 0.321432 6.730166 -20.815308
v 0.312670 6.696928 -20.815308
v 0.312670 6.660841 -20.815308
v 0.321432 6.627706 -20.815308
v 0.337996 6.599203 -20.815308
v 0.361360 6.576333 -20.815308
v 0.390522 6.560099 -20.815308
v 0.424480 6.551502 -20.815308
v 0.461296 6.551502 -20.815308
v 0.495083 6.560099 -20.815308
v 0.524134 6.576333 -20.815308
v 0.547436 6.599203 -20.815308
v 0.563972 6.627706 -20.815308
v 0.572726 6.660841 -20.815308
v 0.622332 6.656229 -20.760962
v 0.611161 6.613255 -20.760962
v 0.589594 6.574912 -20.760963
v 0.558441 6.543190 -20.760963
v 0.518511 6.520081 -20.760962
v 0.470616 6.507572 -20.760962
v 0.416372 6.507582 -20.760963
v 0.367302 6.520150 -20.760963
v 0.326815 6.543341 -20.760962
v 0.295531 6.575121 -20.760962
v 0.274065 6.613463 -20.760962
v 0.263037 6.656333 -20.760962
v 0.263074 6.701953 -20.760962
v 0.274328 6.745451 -20.760962
v 0.296060 6.783803 -20.760962
v 0.310602 6.800491 -20.760962
v 0.327460 6.815225 -20.760962
v 0.367719 6.837932 -20.760962
v 0.416026 6.850140 -20.760962
v 0.469439 6.850131 -20.760963
v 0.517261 6.837862 -20.760962
v 0.557404 6.815074 -20.760962
v 0.574300 6.800307 -20.760962
v 0.588922 6.783593 -20.760962
v 0.610868 6.745244 -20.760962
v 0.622294 6.701849 -20.760963
v 0.572726 6.696928 -20.760962
v 0.563972 6.730166 -20.760963
v 0.547436 6.758672 -20.760962
v 0.524134 6.781482 -20.760962
v 0.495083 6.797636 -20.760962
v 0.461296 6.806172 -20.760962
v 0.442945 6.807284 -20.760963
v 0.424480 6.806172 -20.760962
v 0.390522 6.797636 -20.760962
v 0.361360 6.781482 -20.760963
v 0.337996 6.758672 -20.760962
v 0.321432 6.730166 -20.760963
v 0.312670 6.696928 -20.760962
v 0.312670 6.660841 -20.760963
v 0.321432 6.627706 -20.760962
v 0.337996 6.599203 -20.760963
v 0.361360 6.576333 -20.760962
v 0.390522 6.560099 -20.760962
v 0.424480 6.551502 -20.760962
v 0.461296 6.551502 -20.760962
v 0.495083 6.560099 -20.760962
v 0.524134 6.576333 -20.760962
v 0.547436 6.599203 -20.760962
v 0.563972 6.627706 -20.760962
v 0.572726 6.660841 -20.760962
v -0.229413 6.605510 -20.815308
v -0.154725 6.628504 -20.815308
v -0.122119 6.631186 -20.815308
v -0.074869 6.625583 -20.815308
v -0.033439 6.609586 -20.815308
v 0.000935 6.584417 -20.815308
v 0.015090 6.568778 -20.815308
v 0.036564 6.532146 -20.815308
v 0.047893 6.489403 -20.815308
v 0.048288 6.449278 -20.815308
v 0.039508 6.414100 -20.815308
v 0.021558 6.379590 -20.815308
v -0.005970 6.348945 -20.815308
v -0.043483 6.325363 -20.815308
v -0.066112 6.317219 -20.815308
v -0.119368 6.310224 -20.815308
v -0.163709 6.313791 -20.815308
v -0.182873 6.317962 -20.815308
v -0.200509 6.323471 -20.815308
v -0.232622 6.337736 -20.815308
v -0.232622 6.386796 -20.815308
v -0.159633 6.355549 -20.815308
v -0.123495 6.351490 -20.815308
v -0.088011 6.355415 -20.815308
v -0.057264 6.366690 -20.815308
v -0.032021 6.384561 -20.815308
v -0.021701 6.395737 -20.815308
v -0.006143 6.422096 -20.815308
v 0.002002 6.453174 -20.815308
v 0.001968 6.487050 -20.815308
v -0.006372 6.517962 -20.815308
v -0.013383 6.531842 -20.815308
v -0.032479 6.555876 -20.815308
v -0.057536 6.574178 -20.815308
v -0.087586 6.585832 -20.815308
v -0.121661 6.589920 -20.815308
v -0.157136 6.586473 -20.815308
v -0.174677 6.582067 -20.815308
v -0.192408 6.575790 -20.815308
v -0.210573 6.567577 -20.815308
v -0.229413 6.557365 -20.815308
v -0.229413 6.605510 -20.764872
v -0.154725 6.628504 -20.764872
v -0.122119 6.631186 -20.764872
v -0.074869 6.625583 -20.764872
v -0.033439 6.609586 -20.764872
v -0.015292 6.598072 -20.764872
v 0.000935 6.584417 -20.764872
v 0.015090 6.568778 -20.764872
v 0.036564 6.532146 -20.764872
v 0.047892 6.489403 -20.764872
v 0.048288 6.449278 -20.764872
v 0.039508 6.414100 -20.764872
v 0.021558 6.379590 -20.764872
v -0.005970 6.348945 -20.764872
v -0.043483 6.325363 -20.764872
v -0.066112 6.317219 -20.764872
v -0.119368 6.310224 -20.764872
v -0.163709 6.313791 -20.764872
v -0.182873 6.317962 -20.764872
v -0.200509 6.323471 -20.764872
v -0.232622 6.337736 -20.764872
v -0.232622 6.386796 -20.764872
v -0.159633 6.355549 -20.764872
v -0.123495 6.351490 -20.764872
v -0.088011 6.355415 -20.764872
v -0.057264 6.366690 -20.764872
v -0.032021 6.384561 -20.764872
v -0.021701 6.395737 -20.764872
v -0.006143 6.422096 -20.764872
v 0.002002 6.453174 -20.764872
v 0.001968 6.487050 -20.764872
v -0.006372 6.517962 -20.764872
v -0.013383 6.531842 -20.764872
v -0.032479 6.555876 -20.764872
v -0.057536 6.574178 -20.764872
v -0.087586 6.585832 -20.764872
v -0.121661 6.589920 -20.764872
v -0.130655 6.589709 -20.764872
v -0.139545 6.589068 -20.764872
v -0.157136 6.586473 -20.764872
v -0.174677 6.582067 -20.764872
v -0.192408 6.575790 -20.764872
v -0.210573 6.567577 -20.764872
v -0.229413 6.557365 -20.764872
v -0.192069 6.619684 -20.815308
v -0.192069 6.619684 -20.764872
v -0.196128 6.365426 -20.815308
v -0.196127 6.365426 -20.764872
v -0.656831 7.067597 -20.815308
v -0.611896 7.067597 -20.815308
v -0.611896 6.885566 -20.815308
v -0.610351 6.858377 -20.815308
v -0.608056 6.846419 -20.815308
v -0.604424 6.835570 -20.815308
v -0.599213 6.825841 -20.815308
v -0.592180 6.817246 -20.815308
v -0.579557 6.807310 -20.815308
v -0.568986 6.801714 -20.815308
v -0.556722 6.797195 -20.815308
v -0.542789 6.793970 -20.815308
v -0.527213 6.792253 -20.815308
v -0.514145 6.792423 -20.815308
v -0.499388 6.793669 -20.815308
v -0.476156 6.801013 -20.815308
v -0.455981 6.814342 -20.815308
v -0.443683 6.829054 -20.815308
v -0.435369 6.847969 -20.815308
v -0.433021 6.866787 -20.815308
v -0.432616 6.882814 -20.815308
v -0.432616 7.067597 -20.815308
v -0.387681 7.067597 -20.815308
v -0.387681 6.873186 -20.815308
v -0.388982 6.852861 -20.815308
v -0.392742 6.834505 -20.815308
v -0.398743 6.818078 -20.815308
v -0.406769 6.803542 -20.815308
v -0.416604 6.790860 -20.815308
v -0.440833 6.770902 -20.815308
v -0.469699 6.757896 -20.815308
v -0.494109 6.753059 -20.815308
v -0.517900 6.750762 -20.815308
v -0.656831 6.877770 -20.815308
v -0.543160 6.750759 -20.815308
v -0.568421 6.750757 -20.815308
v -0.593681 6.750753 -20.815308
v -0.618941 6.750751 -20.815308
v -0.656831 6.866223 -20.815308
v -0.656831 6.843129 -20.815308
v -0.656831 6.820033 -20.815308
v -0.656831 6.785389 -20.815308
v -0.618941 6.684803 -20.815308
v -0.684203 6.785389 -20.815308
v -0.684203 6.685079 -20.815308
v -0.638871 6.768970 -20.815308
v -0.659543 6.684987 -20.815308
v -0.656831 7.067597 -20.781845
v -0.611896 7.067597 -20.781845
v -0.611896 6.885566 -20.781845
v -0.610351 6.858377 -20.781845
v -0.608056 6.846419 -20.781845
v -0.604424 6.835570 -20.781845
v -0.599213 6.825841 -20.781845
v -0.592180 6.817246 -20.781845
v -0.579557 6.807310 -20.781845
v -0.568986 6.801714 -20.781845
v -0.556722 6.797195 -20.781845
v -0.542789 6.793970 -20.781845
v -0.527213 6.792253 -20.781845
v -0.514145 6.792423 -20.781845
v -0.499388 6.793669 -20.781845
v -0.476156 6.801013 -20.781845
v -0.455981 6.814342 -20.781845
v -0.443683 6.829054 -20.781845
v -0.435369 6.847969 -20.781845
v -0.433021 6.866787 -20.781845
v -0.432616 6.882814 -20.781845
v -0.432616 7.067597 -20.781845
v -0.387681 7.067597 -20.781845
v -0.387681 6.873186 -20.781845
v -0.388982 6.852861 -20.781845
v -0.392742 6.834505 -20.781845
v -0.398743 6.818078 -20.781845
v -0.406769 6.803542 -20.781845
v -0.416604 6.790860 -20.781845
v -0.440833 6.770902 -20.781845
v -0.469699 6.757896 -20.781845
v -0.494109 6.753059 -20.781845
v -0.517900 6.750762 -20.781845
v -0.656831 6.877770 -20.781845
v -0.543160 6.750759 -20.781845
v -0.568421 6.750757 -20.781845
v -0.593681 6.750753 -20.781845
v -0.618941 6.750751 -20.781845
v -0.656831 6.866223 -20.781845
v -0.656831 6.843129 -20.781845
v -0.656831 6.820033 -20.781845
v -0.656831 6.785389 -20.781845
v -0.618941 6.684803 -20.781845
v -0.684203 6.785389 -20.781845
v -0.684203 6.685079 -20.781845
v -0.639550 6.769591 -20.781845
v -0.659543 6.684987 -20.781845
v -0.960328 6.812799 -20.771130
v -1.002512 6.812799 -20.771130
v -1.002512 6.570702 -20.771130
v -1.214347 6.812799 -20.771130
v -1.250112 6.812799 -20.771130
v -1.250112 6.500090 -20.771130
v -1.207928 6.500090 -20.771130
v -1.207928 6.740811 -20.771130
v -0.998844 6.500090 -20.771130
v -0.960328 6.500090 -20.771130
v -0.960328 6.812799 -20.821564
v -1.002512 6.812799 -20.821568
v -1.002512 6.570702 -20.821568
v -1.214347 6.812799 -20.821568
v -1.250112 6.812799 -20.821568
v -1.250112 6.500090 -20.821568
v -1.207928 6.500090 -20.821568
v -1.207928 6.740811 -20.821564
v -0.998844 6.500090 -20.821568
v -0.960328 6.500090 -20.821568
v -2.153113 6.300205 -20.815308
v -2.295274 6.454811 -20.815308
v -2.236878 6.454811 -20.815308
v -2.099504 6.305470 -20.815308
v -2.099504 6.454811 -20.815308
v -2.052596 6.454811 -20.815308
v -2.052596 6.128367 -20.815308
v -2.099504 6.128367 -20.815308
v -2.099504 6.289675 -20.815308
v -2.265597 6.128367 -20.815308
v -2.330215 6.128367 -20.815308
v -2.153113 6.300205 -20.762657
v -2.295274 6.454811 -20.762657
v -2.236878 6.454811 -20.762657
v -2.099504 6.305470 -20.762657
v -2.099504 6.454811 -20.762657
v -2.052596 6.454811 -20.762657
v -2.052596 6.128367 -20.762657
v -2.099504 6.128367 -20.762657
v -2.099504 6.289675 -20.762657
v -2.265597 6.128367 -20.762657
v -2.330215 6.128367 -20.762657
v 2.333643 5.812024 -20.604498
v -3.128795 5.863072 -20.559685
v 2.333643 5.812024 -21.196312
v -3.128795 5.863072 -21.241127
v -3.107050 5.812024 -21.196312
v 2.355389 5.863072 -20.559685
v -3.107050 5.812024 -20.604498
v 2.355389 5.863072 -21.241127
v -3.128795 5.812024 -20.559685
v -3.128795 5.812024 -21.241127
v 2.355389 5.812024 -21.241127
v 2.355389 5.812024 -20.559685
v 2.333643 5.752068 -20.604498
v 2.333643 5.752068 -21.196312
v -3.107050 5.752068 -21.196312
v -3.107050 5.752068 -20.604498
v 1.374359 6.484735 -20.841309
v 1.374359 6.484735 -20.737350
v 1.400683 6.482141 -20.841309
v 1.400683 6.482141 -20.737350
v 1.425997 6.474463 -20.841309
v 1.425997 6.474463 -20.737350
v 1.449325 6.461994 -20.841309
v 1.449325 6.461994 -20.737350
v 1.469773 6.445212 -20.841309
v 1.469773 6.445212 -20.737350
v 1.486554 6.424765 -20.841309
v 1.486554 6.424765 -20.737350
v 1.499024 6.401437 -20.841309
v 1.499024 6.401437 -20.737350
v 1.506702 6.376122 -20.841309
v 1.506702 6.376122 -20.737350
v 1.509295 6.349799 -20.841309
v 1.509295 6.349799 -20.737350
v 1.506702 6.323473 -20.841309
v 1.506702 6.323473 -20.737350
v 1.499024 6.298161 -20.841309
v 1.499024 6.298161 -20.737350
v 1.486554 6.274832 -20.841309
v 1.486554 6.274832 -20.737350
v 1.469773 6.254384 -20.841309
v 1.469773 6.254384 -20.737350
v 1.449325 6.237603 -20.841309
v 1.449325 6.237603 -20.737350
v 1.425997 6.225133 -20.841309
v 1.425997 6.225133 -20.737350
v 1.400683 6.217454 -20.841309
v 1.400683 6.217454 -20.737350
v 1.374359 6.214861 -20.841309
v 1.374359 6.214861 -20.737350
v 1.348034 6.217454 -20.841309
v 1.348034 6.217454 -20.737350
v 1.322721 6.225133 -20.841309
v 1.322721 6.225133 -20.737350
v 1.299392 6.237603 -20.841309
v 1.299392 6.237603 -20.737350
v 1.278944 6.254384 -20.841309
v 1.278944 6.254384 -20.737350
v 1.262163 6.274832 -20.841309
v 1.262163 6.274832 -20.737350
v 1.249694 6.298161 -20.841309
v 1.249694 6.298161 -20.737350
v 1.242015 6.323473 -20.841309
v 1.242015 6.323473 -20.737350
v 1.239422 6.349799 -20.841309
v 1.239422 6.349799 -20.737350
v 1.242015 6.376122 -20.841309
v 1.242015 6.376122 -20.737350
v 1.249694 6.401437 -20.841309
v 1.249694 6.401437 -20.737350
v 1.262163 6.424765 -20.841309
v 1.262163 6.424765 -20.737350
v 1.278944 6.445212 -20.841309
v 1.278944 6.445212 -20.737350
v 1.299392 6.461994 -20.841309
v 1.299392 6.461994 -20.737350
v 1.322721 6.474463 -20.841309
v 1.322721 6.474463 -20.737350
v 1.348034 6.482141 -20.841309
v 1.348034 6.482141 -20.737350
v 1.423506 6.724770 -20.414967
v 1.423506 6.758476 -20.414967
v 1.423506 6.724770 -20.849363
v 1.423506 6.758476 -20.849363
v 3.702635 6.724770 -20.414967
v 3.702635 6.758476 -20.414967
v 3.702635 6.724770 -20.849363
v 3.702635 6.758476 -20.849363
v 1.387216 6.758476 -20.382074
v 1.387216 6.758476 -20.882252
v 3.738925 6.758476 -20.882252
v 3.738925 6.758476 -20.382074
v 1.387216 6.787449 -20.382074
v 1.387216 6.787449 -20.882252
v 3.738925 6.787449 -20.882252
v 3.738925 6.787449 -20.382074
v -2.467320 7.308373 -20.428663
v -2.467320 7.342081 -20.428663
v -2.467320 7.308373 -20.835663
v -2.467320 7.342081 -20.835663
v 1.745607 7.308373 -20.428663
v 1.745607 7.342081 -20.428663
v 1.745607 7.308373 -20.835663
v 1.745607 7.342081 -20.835663
v -2.492473 7.342081 -20.402151
v -2.492473 7.342081 -20.862179
v 1.770760 7.342081 -20.862179
v 1.770760 7.342081 -20.402151
v -2.492473 7.371054 -20.402151
v -2.492473 7.371054 -20.862179
v 1.770760 7.371054 -20.862179
v 1.770760 7.371054 -20.402151
v -1.879066 4.733851 -18.221138
v -2.087278 4.733850 -19.555023
v -10.157001 4.769161 -15.526519
v -9.705313 4.733850 -15.928451
v -9.123129 4.733850 -16.427467
v -8.641762 4.733850 -16.806396
v -8.020106 4.733850 -17.248266
v -7.519401 4.733850 -17.573687
v -7.004335 4.733826 -17.889603
v -6.451968 4.733527 -18.216759
v -6.007042 4.732728 -18.464569
v -5.693380 4.731094 -18.639502
v -5.371793 4.733850 -18.793972
v -4.317566 4.733850 -19.211721
v -3.710781 4.733850 -19.375591
v -3.420018 4.733850 -19.423042
v -2.870105 4.733850 -19.512699
v -11.282360 8.183549 -14.071532
v -2.602461 4.733850 -18.198582
v -3.099355 4.733850 -18.119328
v -3.358059 4.733850 -18.057674
v -3.910834 4.733850 -17.908394
v -4.864969 4.733850 -17.527826
v -5.162333 4.731096 -17.383526
v -5.437720 4.732729 -17.226288
v -5.836919 4.733527 -17.001570
v -6.335430 4.733826 -16.703922
v -6.803642 4.733850 -16.416159
v -7.259706 4.733850 -16.119705
v -7.826027 4.733851 -15.717166
v -8.264548 4.733851 -15.371967
v -8.794909 4.733851 -14.917367
v -9.176537 4.733851 -14.577255
v -9.917360 8.601257 -13.530511
v -1.879066 7.638510 -18.221138
v -2.087278 7.638510 -19.555023
v -9.923714 7.923147 -13.591178
v -2.870105 7.630635 -19.512699
v -11.282360 6.827103 -14.071532
v -2.087278 7.150330 -19.555023
v -2.087278 6.753778 -19.555023
v -2.087278 6.167840 -19.555023
v -2.087278 5.916559 -19.555023
v -9.923714 7.434968 -13.591178
v -9.923712 6.978364 -13.591178
v -9.176537 5.916559 -14.577255
v -2.923327 6.968688 -19.504021
v -2.926089 6.772418 -19.503572
v -2.870105 6.167840 -19.512699
v -2.870105 5.916559 -19.512699
v -2.975806 7.252586 -19.495468
v -2.973274 6.788127 -19.495880
v -3.420018 6.167840 -19.423042
v -3.420018 5.916559 -19.423042
v -3.710781 7.150330 -19.375591
v -3.710781 6.753778 -19.375591
v -3.710781 6.167840 -19.375591
v -3.710781 5.916559 -19.375591
v -4.317566 7.150330 -19.211721
v -4.317566 6.109078 -19.211721
v -4.317566 5.916559 -19.211721
v -5.371793 6.167840 -18.793972
v -5.371793 5.438900 -18.793972
v -5.693380 6.165086 -18.639502
v -5.693380 5.703013 -18.639502
v -6.007042 6.166718 -18.464569
v -6.007042 5.766378 -18.464569
v -6.451968 6.167517 -18.216759
v -6.451968 5.767176 -18.216759
v -7.004335 6.167815 -17.889603
v -7.004335 5.767475 -17.889603
v -7.519401 6.167840 -17.573687
v -7.519401 5.767499 -17.573687
v -8.020106 6.167840 -17.248266
v -8.020106 5.767499 -17.248266
v -8.641762 6.167840 -16.806396
v -8.641762 5.478446 -16.806396
v -9.705313 7.150330 -15.928452
v -9.897318 6.164648 -15.757595
v -10.157001 7.150330 -15.526520
v -10.157001 6.599176 -15.526520
v -10.157001 6.203151 -15.526519
v -10.157001 5.951869 -15.526519
v -1.879066 5.916560 -18.221138
v -1.879066 6.167840 -18.221138
v -1.879066 6.753778 -18.221138
v -1.879066 7.150330 -18.221138
v -10.353765 5.939703 -15.274294
v -9.297979 5.939703 -14.425987
v -2.118190 7.638510 -19.602848
v -10.935684 7.601829 -14.519168
v -10.931005 7.285983 -14.525495
v -10.377831 7.060197 -15.240941
v -10.373079 6.748352 -15.247086
v -10.739235 7.411092 -14.773343
v -10.574518 7.251164 -14.986460
v -10.568367 6.936537 -14.994511
v -10.734070 7.096212 -14.780198
v -8.997993 6.077339 -16.508999
v -8.997425 5.767484 -16.509474
v -9.760073 6.645761 -15.872830
v -9.752817 6.331056 -15.878825
v -9.510391 6.459527 -16.081257
v -9.245747 6.262134 -16.302179
v -9.242146 5.950062 -16.305164
v -9.507488 6.148025 -16.083639
v -7.772706 4.739571 -16.901463
v -7.278578 4.739571 -17.222609
v -6.763514 4.739543 -17.538527
v -6.211146 4.739245 -17.865681
v -5.823779 4.732728 -18.081257
v -5.823779 5.766378 -18.081257
v -6.211146 5.767176 -17.865681
v -6.763514 5.767475 -17.538527
v -7.278578 5.767499 -17.222609
v -7.772706 5.767499 -16.901463
v -7.091053 4.748754 -17.330074
v -7.091053 5.782073 -17.330074
v -7.166941 4.748754 -17.454144
v -7.166941 5.782073 -17.454144
v -6.966987 4.748754 -17.405964
v -6.966987 5.782073 -17.405964
v -7.042875 4.748754 -17.530031
v -7.042875 5.782073 -17.530031
v -6.460835 4.748754 -17.711710
v -6.460835 5.782073 -17.711710
v -6.536722 4.748754 -17.835777
v -6.536722 5.782073 -17.835777
v -6.336768 4.748754 -17.787598
v -6.336768 5.782073 -17.787598
v -6.412657 4.748754 -17.911663
v -6.412657 5.782073 -17.911663
v -5.823779 4.738449 -18.081257
v -4.430740 6.603531 -19.166874
v -4.430740 6.255215 -19.166874
v -5.083983 6.056409 -18.908022
v -5.080112 5.704906 -18.909554
v -4.692836 6.384015 -19.063017
v -4.825306 6.273064 -19.010525
v -4.687836 6.037340 -19.064999
v -4.822042 5.923607 -19.011818
v -3.005466 7.226914 -19.490629
v -3.008481 6.967268 -19.490139
v -3.288984 7.072565 -19.444386
v -3.290623 6.812015 -19.444118
v -2.577866 7.463223 -19.526688
v -2.861999 7.308537 -19.510269
v -2.581904 7.201775 -19.525042
v -2.862696 7.047103 -19.507914
v -10.881870 7.601805 -14.480678
v -10.877190 7.285959 -14.487004
v -10.324018 7.060192 -15.202464
v -10.319267 6.748348 -15.208608
v -10.680256 7.096188 -14.741708
v -10.520706 7.251159 -14.947982
v -10.685421 7.411067 -14.734853
v -10.514555 6.936531 -14.956033
v -8.943285 6.077342 -16.445934
v -8.942717 5.767487 -16.446409
v -9.705362 6.645773 -15.809779
v -9.698109 6.331069 -15.815774
v -9.191038 6.262136 -16.239115
v -9.452778 6.148037 -16.020588
v -9.455681 6.459542 -16.018206
v -9.187439 5.950065 -16.242100
v -4.404944 6.603531 -19.098001
v -4.404944 6.255215 -19.098001
v -5.058187 6.056409 -18.839149
v -5.054317 5.704906 -18.840683
v -4.796246 5.923607 -18.942944
v -4.799510 6.273064 -18.941650
v -4.667040 6.384015 -18.994144
v -4.662041 6.037340 -18.996124
v -3.001995 7.226914 -19.434696
v -3.005011 6.967268 -19.434202
v -3.285513 7.072565 -19.388454
v -3.287152 6.812015 -19.388186
v -2.573602 7.463551 -19.475193
v -2.857736 7.308864 -19.458778
v -2.577641 7.202102 -19.473551
v -2.858432 7.047431 -19.456421
v -11.313274 8.183549 -14.119356
v -2.901017 7.630635 -19.560524
v -3.741693 7.150330 -19.423414
v -4.348478 7.150330 -19.259548
v -5.402703 6.167840 -18.841797
v -5.724292 6.165086 -18.687325
v -6.037953 6.166718 -18.512390
v -6.482880 6.167517 -18.264582
v -7.035246 6.167815 -17.937428
v -7.550312 6.167840 -17.621510
v -8.051018 6.167840 -17.296089
v -8.672672 6.167840 -16.854219
v -9.736223 7.150330 -15.976274
v -10.187914 7.150330 -15.574344
v -2.118190 7.667958 -19.602848
v -11.313274 8.212996 -14.119356
v -2.901017 7.660082 -19.560524
v -3.741693 7.179778 -19.423414
v -4.348478 7.179778 -19.259548
v -5.402703 6.197289 -18.841797
v -5.724292 6.194532 -18.687325
v -6.037953 6.196167 -18.512390
v -6.482880 6.196965 -18.264582
v -7.035246 6.197263 -17.937428
v -7.550312 6.197289 -17.621510
v -8.051018 6.197289 -17.296089
v -8.672672 6.197289 -16.854219
v -9.736223 7.179778 -15.976274
v -10.187914 7.179778 -15.574344
v -1.902505 7.641873 -18.310171
v -2.584853 7.635010 -18.273279
v -3.317625 7.216353 -18.153770
v -3.846525 7.216353 -18.010937
v -4.765437 6.359971 -17.646805
v -5.045749 6.357570 -17.512159
v -5.319151 6.358994 -17.359680
v -5.706968 6.359689 -17.143679
v -6.188437 6.359949 -16.858517
v -6.637391 6.359971 -16.583149
v -7.073829 6.359971 -16.299496
v -7.615692 6.359971 -15.914342
v -8.542731 7.216354 -15.149086
v -8.936445 7.216354 -14.798744
v -11.021122 8.023538 -14.409293
v -11.052032 8.023538 -14.457116
v -11.052032 8.052985 -14.457116
v -9.689651 8.216915 -13.824917
v 3.338578 6.176516 -20.847013
v 3.338578 6.210220 -20.847013
v 3.749662 6.176516 -20.847013
v 3.749662 6.210220 -20.847013
v 3.338578 6.176516 -19.182711
v 3.338578 6.210220 -19.182711
v 3.749662 6.176516 -19.182711
v 3.749662 6.210220 -19.182711
v 3.311650 6.210220 -20.881979
v 3.776590 6.210220 -20.881979
v 3.776590 6.210220 -19.147745
v 3.311650 6.210220 -19.147745
v 3.311650 6.239194 -20.881979
v 3.776590 6.239194 -20.881979
v 3.776590 6.239194 -19.147745
v 3.311650 6.239194 -19.147745
v 11.358597 6.613234 -11.098441
v 11.358597 6.760834 -11.098441
v 10.400526 6.613234 -14.095937
v 10.400526 6.760834 -14.095937
v 11.499191 6.613234 -11.143378
v 11.499191 6.760834 -11.143378
v 10.541121 6.613234 -14.140874
v 10.541121 6.760834 -14.140874
v 10.445950 6.613234 -13.953822
v 10.446032 6.760834 -13.953567
v 10.586542 6.613234 -13.998759
v 10.586626 6.760834 -13.998502
v 11.310444 6.613234 -11.249101
v 11.451036 6.760834 -11.294038
v 11.310444 6.760834 -11.249101
v 11.451036 6.613234 -11.294038
v 10.886990 6.760834 -12.573951
v 11.027584 6.613234 -12.618887
v 10.886990 6.613234 -12.573951
v 11.027584 6.760834 -12.618887
v 10.844017 6.760834 -12.708399
v 10.984612 6.613234 -12.753336
v 10.844017 6.613234 -12.708399
v 10.984612 6.760834 -12.753336
v 11.310444 4.750332 -11.249100
v 11.358597 4.750332 -11.098440
v 10.541121 4.750332 -14.140873
v 10.400526 4.750332 -14.095936
v 10.586542 4.750332 -13.998758
v 11.499191 4.750332 -11.143377
v 10.445950 4.750332 -13.953821
v 11.451036 4.750332 -11.294037
v 10.844017 4.750332 -12.708398
v 10.886990 4.750332 -12.573950
v 11.027584 4.750332 -12.618886
v 10.984612 4.750332 -12.753335
v -14.070473 6.613234 -11.140091
v -14.070473 6.760834 -11.140091
v -12.957561 6.613234 -14.683660
v -12.957561 6.760834 -14.683660
v -13.929653 6.613234 -11.095865
v -13.929653 6.760834 -11.095865
v -12.816742 6.613234 -14.639432
v -12.816742 6.760834 -14.639432
v -13.003365 6.613234 -14.537819
v -13.003365 6.760834 -14.537819
v -12.862547 6.613234 -14.493592
v -12.862547 6.760834 -14.493592
v -14.028519 6.613234 -11.273671
v -13.887701 6.760834 -11.229446
v -14.028519 6.760834 -11.273671
v -13.887701 6.613234 -11.229446
v -13.556332 6.760834 -12.777142
v -13.415514 6.613234 -12.732915
v -13.556332 6.613234 -12.777142
v -13.415514 6.760834 -12.732915
v -13.512184 6.760834 -12.917709
v -13.371367 6.613234 -12.873485
v -13.512184 6.613234 -12.917709
v -13.371367 6.760834 -12.873485
v -14.028519 4.750332 -11.273670
v -14.070473 4.750332 -11.140090
v -12.816742 4.750332 -14.639431
v -12.957561 4.750332 -14.683659
v -12.862547 4.750332 -14.493591
v -13.929653 4.750332 -11.095864
v -13.003365 4.750332 -14.537818
v -13.887701 4.750332 -11.229445
v -13.512184 4.750332 -12.917708
v -13.556332 4.750332 -12.777141
v -13.415514 4.750332 -12.732914
v -13.371367 4.750332 -12.873484
v -12.116636 6.613234 -11.143002
v -12.116636 6.760834 -11.143002
v -11.165581 6.613234 -14.185122
v -11.165581 6.760834 -14.185122
v -11.975643 6.613234 -11.099341
v -11.975643 6.760834 -11.099341
v -11.024586 6.613234 -14.141463
v -11.024586 6.760834 -14.141463
v -11.209713 6.613234 -14.042602
v -11.209793 6.760834 -14.042345
v -11.068718 6.613234 -13.998942
v -11.068798 6.760834 -13.998686
v -12.069851 6.613234 -11.294091
v -11.928856 6.760834 -11.250432
v -12.069851 6.760834 -11.294091
v -11.928856 6.613234 -11.250432
v -11.638218 6.760834 -12.658787
v -11.497223 6.613234 -12.615128
v -11.638218 6.613234 -12.658787
v -11.497223 6.760834 -12.615128
v -11.596466 6.760834 -12.793620
v -11.455471 6.613234 -12.749960
v -11.596466 6.613234 -12.793620
v -11.455471 6.760834 -12.749960
v -12.069851 4.750333 -11.294090
v -12.116636 4.750333 -11.143001
v -11.024586 4.750333 -14.141462
v -11.165581 4.750333 -14.185122
v -11.068718 4.750333 -13.998941
v -11.975643 4.750333 -11.099340
v -11.209713 4.750333 -14.042601
v -11.928856 4.750333 -11.250431
v -11.596466 4.750333 -12.793619
v -11.638218 4.750333 -12.658786
v -11.497223 4.750333 -12.615127
v -11.455471 4.750333 -12.749959
v -0.233174 14.558219 -6.873018
v -0.233174 15.149323 -6.873018
v 0.008659 14.558219 -6.824914
v 0.008659 15.149323 -6.824914
v 0.213676 14.558219 -6.687927
v 0.213676 15.149323 -6.687927
v 0.350663 14.558219 -6.482910
v 0.350663 15.149323 -6.482910
v 0.398767 14.558220 -6.241077
v 0.398767 15.149324 -6.241077
v 0.350663 14.558220 -5.999244
v 0.350663 15.149324 -5.999244
v 0.213676 14.558220 -5.794228
v 0.213676 15.149324 -5.794228
v 0.008659 14.558220 -5.657240
v 0.008659 15.149324 -5.657240
v -0.233174 14.558220 -5.609137
v -0.233174 15.149324 -5.609137
v -0.475007 14.558220 -5.657240
v -0.475007 15.149324 -5.657240
v -0.680023 14.558220 -5.794228
v -0.680023 15.149324 -5.794228
v -0.817011 14.558220 -5.999244
v -0.817011 15.149324 -5.999244
v -0.865115 14.558220 -6.241077
v -0.865115 15.149324 -6.241077
v -0.817011 14.558219 -6.482911
v -0.817011 15.149323 -6.482911
v -0.680023 14.558219 -6.687926
v -0.680023 15.149323 -6.687926
v -0.475007 14.558219 -6.824914
v -0.475007 15.149323 -6.824914
v -0.233174 15.149323 -7.115055
v 0.101283 15.149323 -7.048527
v 0.384822 15.149323 -6.859073
v 0.574276 15.149323 -6.575534
v 0.640804 15.149324 -6.241077
v 0.574276 15.149324 -5.906621
v 0.384822 15.149324 -5.623081
v 0.101283 15.149324 -5.433627
v -0.233174 15.149324 -5.367099
v -0.567631 15.149324 -5.433627
v -0.851169 15.149324 -5.623081
v -1.040624 15.149324 -5.906620
v -1.107152 15.149324 -6.241077
v -1.040624 15.149323 -6.575534
v -0.851169 15.149323 -6.859073
v -0.567631 15.149323 -7.048527
v -0.233174 15.520001 -6.314621
v -0.205030 15.520001 -6.309023
v -0.181170 15.520001 -6.293080
v -0.165228 15.520001 -6.269221
v -0.159630 15.520001 -6.241077
v -0.165228 15.520001 -6.212933
v -0.181170 15.520001 -6.189074
v -0.205030 15.520001 -6.173131
v -0.233174 15.520001 -6.167533
v -0.261318 15.520001 -6.173131
v -0.285177 15.520001 -6.189074
v -0.301120 15.520001 -6.212933
v -0.306718 15.520001 -6.241077
v -0.301120 15.520001 -6.269221
v -0.285178 15.520001 -6.293080
v -0.261318 15.520001 -6.309023
v -0.233174 17.210796 -6.241077
v -3.030056 5.861271 -21.198429
v -3.029966 6.029763 -20.955770
v -3.020160 5.851675 -21.192345
v -3.020036 6.020165 -20.949745
v -3.021180 5.839357 -21.183727
v -3.021007 6.007849 -20.941120
v -3.032518 5.831537 -21.177616
v -3.047534 5.832793 -21.177601
v -3.057429 5.842390 -21.183681
v -3.056410 5.854707 -21.192303
v -3.056285 6.023198 -20.949495
v -3.045072 5.862527 -21.198410
v -3.032310 6.000028 -20.934946
v -3.047325 6.001284 -20.934845
v -3.057256 6.010880 -20.940870
v -3.044981 6.031019 -20.955666
v -3.010255 6.022605 -20.952076
v -3.025404 6.037247 -20.961269
v -3.011736 6.003816 -20.938919
v -3.051887 5.993800 -20.929348
v -3.028980 5.991884 -20.929504
v -3.067037 6.008440 -20.938538
v -3.065556 6.027231 -20.951698
v -3.048311 6.039163 -20.961113
v -3.010156 6.149893 -20.767939
v -3.025047 6.164534 -20.777544
v -3.011998 6.131103 -20.754827
v -3.052397 6.121087 -20.746361
v -3.029494 6.119171 -20.745888
v -3.067288 6.135727 -20.755966
v -3.065446 6.154518 -20.769081
v -3.047949 6.166450 -20.778017
v -2.144504 5.861271 -21.198429
v -2.144414 6.029763 -20.955770
v -2.134608 5.851675 -21.192345
v -2.134484 6.020165 -20.949745
v -2.135628 5.839357 -21.183727
v -2.135455 6.007849 -20.941120
v -2.146966 5.831537 -21.177616
v -2.161982 5.832793 -21.177601
v -2.171877 5.842390 -21.183681
v -2.170857 5.854707 -21.192303
v -2.170733 6.023198 -20.949495
v -2.159519 5.862527 -21.198410
v -2.146758 6.000028 -20.934946
v -2.161773 6.001284 -20.934845
v -2.171703 6.010880 -20.940870
v -2.159430 6.031019 -20.955666
v -2.124703 6.022605 -20.952076
v -2.139853 6.037247 -20.961269
v -2.126184 6.003816 -20.938919
v -2.166334 5.993800 -20.929348
v -2.143428 5.991884 -20.929504
v -2.181484 6.008440 -20.938538
v -2.180003 6.027231 -20.951698
v -2.162759 6.039163 -20.961113
v -2.124604 6.149893 -20.767939
v -2.139495 6.164534 -20.777544
v -2.126446 6.131103 -20.754827
v -2.166845 6.121087 -20.746361
v -2.143942 6.119171 -20.745888
v -2.181736 6.135727 -20.755966
v -2.179894 6.154518 -20.769081
v -2.162397 6.166450 -20.778017
v -1.258952 5.861271 -21.198429
v -1.258863 6.029763 -20.955770
v -1.249056 5.851675 -21.192345
v -1.248932 6.020165 -20.949745
v -1.250076 5.839357 -21.183727
v -1.249903 6.007849 -20.941120
v -1.261414 5.831537 -21.177616
v -1.276429 5.832793 -21.177601
v -1.286326 5.842390 -21.183681
v -1.285306 5.854707 -21.192303
v -1.285181 6.023198 -20.949495
v -1.273967 5.862527 -21.198410
v -1.261206 6.000028 -20.934946
v -1.276221 6.001284 -20.934845
v -1.286152 6.010880 -20.940870
v -1.273877 6.031019 -20.955666
v -1.239151 6.022605 -20.952076
v -1.254301 6.037247 -20.961269
v -1.240632 6.003816 -20.938919
v -1.280783 5.993800 -20.929348
v -1.257876 5.991884 -20.929504
v -1.295933 6.008440 -20.938538
v -1.294451 6.027231 -20.951698
v -1.277207 6.039163 -20.961113
v -1.239052 6.149893 -20.767939
v -1.253943 6.164534 -20.777544
v -1.240894 6.131103 -20.754827
v -1.281292 6.121087 -20.746361
v -1.258390 6.119171 -20.745888
v -1.296184 6.135727 -20.755966
v -1.294342 6.154518 -20.769081
v -1.276845 6.166450 -20.778017
v -0.373400 5.861271 -21.198429
v -0.373311 6.029763 -20.955770
v -0.363504 5.851675 -21.192345
v -0.363380 6.020165 -20.949745
v -0.364524 5.839357 -21.183727
v -0.364351 6.007849 -20.941120
v -0.375862 5.831537 -21.177616
v -0.390877 5.832793 -21.177601
v -0.400774 5.842390 -21.183681
v -0.399754 5.854707 -21.192303
v -0.399629 6.023198 -20.949495
v -0.388415 5.862527 -21.198410
v -0.375654 6.000028 -20.934946
v -0.390669 6.001284 -20.934845
v -0.400600 6.010880 -20.940870
v -0.388325 6.031019 -20.955666
v -0.353599 6.022605 -20.952076
v -0.368749 6.037247 -20.961269
v -0.355080 6.003816 -20.938919
v -0.395231 5.993800 -20.929348
v -0.372324 5.991884 -20.929504
v -0.410380 6.008440 -20.938538
v -0.408899 6.027231 -20.951698
v -0.391655 6.039163 -20.961113
v -0.353500 6.149893 -20.767939
v -0.368391 6.164534 -20.777544
v -0.355342 6.131103 -20.754827
v -0.395740 6.121087 -20.746361
v -0.372839 6.119171 -20.745888
v -0.410632 6.135727 -20.755966
v -0.408790 6.154518 -20.769081
v -0.391293 6.166450 -20.778017
v 0.512152 5.861271 -21.198429
v 0.512242 6.029763 -20.955770
v 0.522048 5.851675 -21.192345
v 0.522172 6.020165 -20.949745
v 0.521028 5.839357 -21.183727
v 0.521201 6.007849 -20.941120
v 0.509689 5.831537 -21.177616
v 0.494675 5.832793 -21.177601
v 0.484779 5.842390 -21.183681
v 0.485798 5.854707 -21.192303
v 0.485923 6.023198 -20.949495
v 0.497137 5.862527 -21.198410
v 0.509898 6.000028 -20.934946
v 0.494883 6.001284 -20.934845
v 0.484953 6.010880 -20.940870
v 0.497227 6.031019 -20.955666
v 0.531953 6.022605 -20.952076
v 0.516803 6.037247 -20.961269
v 0.530472 6.003816 -20.938919
v 0.490322 5.993800 -20.929348
v 0.513228 5.991884 -20.929504
v 0.475171 6.008440 -20.938538
v 0.476653 6.027231 -20.951698
v 0.493897 6.039163 -20.961113
v 0.532053 6.149893 -20.767939
v 0.517161 6.164534 -20.777544
v 0.530210 6.131103 -20.754827
v 0.489812 6.121087 -20.746361
v 0.512714 6.119171 -20.745888
v 0.474920 6.135727 -20.755966
v 0.476762 6.154518 -20.769081
v 0.494259 6.166450 -20.778017
v 1.397704 5.861271 -21.198429
v 1.397794 6.029763 -20.955770
v 1.407600 5.851675 -21.192345
v 1.407724 6.020165 -20.949745
v 1.406580 5.839357 -21.183727
v 1.406753 6.007849 -20.941120
v 1.395242 5.831537 -21.177616
v 1.380227 5.832793 -21.177601
v 1.370330 5.842390 -21.183681
v 1.371350 5.854707 -21.192303
v 1.371476 6.023198 -20.949495
v 1.382689 5.862527 -21.198410
v 1.395450 6.000028 -20.934946
v 1.380435 6.001284 -20.934845
v 1.370505 6.010880 -20.940870
v 1.382779 6.031019 -20.955666
v 1.417506 6.022605 -20.952076
v 1.402356 6.037247 -20.961269
v 1.416024 6.003816 -20.938919
v 1.375874 5.993800 -20.929348
v 1.398780 5.991884 -20.929504
v 1.360724 6.008440 -20.938538
v 1.362205 6.027231 -20.951698
v 1.379449 6.039163 -20.961113
v 1.417604 6.149893 -20.767939
v 1.402713 6.164534 -20.777544
v 1.415762 6.131103 -20.754827
v 1.375364 6.121087 -20.746361
v 1.398266 6.119171 -20.745888
v 1.360472 6.135727 -20.755966
v 1.362314 6.154518 -20.769081
v 1.379811 6.166450 -20.778017
v 2.283256 5.861271 -21.198429
v 2.283346 6.029763 -20.955770
v 2.293152 5.851675 -21.192345
v 2.293276 6.020165 -20.949745
v 2.292132 5.839357 -21.183727
v 2.292305 6.007849 -20.941120
v 2.280794 5.831537 -21.177616
v 2.265779 5.832793 -21.177601
v 2.255883 5.842390 -21.183681
v 2.256903 5.854707 -21.192303
v 2.257028 6.023198 -20.949495
v 2.268241 5.862527 -21.198410
v 2.281002 6.000028 -20.934946
v 2.265987 6.001284 -20.934845
v 2.256057 6.010880 -20.940870
v 2.268331 6.031019 -20.955666
v 2.303058 6.022605 -20.952076
v 2.287908 6.037247 -20.961269
v 2.301577 6.003816 -20.938919
v 2.261425 5.993800 -20.929348
v 2.284332 5.991884 -20.929504
v 2.246276 6.008440 -20.938538
v 2.247757 6.027231 -20.951698
v 2.265001 6.039163 -20.961113
v 2.303157 6.149893 -20.767939
v 2.288265 6.164534 -20.777544
v 2.301314 6.131103 -20.754827
v 2.260916 6.121087 -20.746361
v 2.283817 6.119171 -20.745888
v 2.246024 6.135727 -20.755966
v 2.247867 6.154518 -20.769081
v 2.265363 6.166450 -20.778017
v 3.417487 6.226668 -20.844099
v 3.417487 6.773114 -20.844099
v 3.439676 6.226668 -20.845289
v 3.439676 6.773114 -20.845289
v 3.456209 6.226668 -20.830444
v 3.456209 6.773114 -20.830444
v 3.457401 6.226668 -20.808254
v 3.457401 6.773114 -20.808254
v 3.442554 6.226668 -20.791721
v 3.442554 6.773114 -20.791721
v 3.420366 6.226668 -20.790531
v 3.420366 6.773114 -20.790531
v 3.403833 6.226668 -20.805378
v 3.403833 6.773114 -20.805378
v 3.402640 6.226668 -20.827564
v 3.402640 6.773114 -20.827564
v 3.665164 4.896407 -20.818829
v 3.665164 6.000792 -20.818829
v 3.681577 4.896407 -20.833809
v 3.681577 6.000792 -20.833809
v 3.703774 4.896407 -20.832794
v 3.703774 6.000792 -20.832794
v 3.718754 4.896407 -20.816380
v 3.718754 6.000792 -20.816380
v 3.717740 4.896407 -20.794184
v 3.717740 6.000792 -20.794184
v 3.701327 4.896407 -20.779205
v 3.701327 6.000792 -20.779205
v 3.679130 4.896407 -20.780220
v 3.679130 6.000792 -20.780220
v 3.664150 4.896407 -20.796631
v 3.664150 6.000792 -20.796631
v 3.683801 6.011322 -20.835629
v 3.669511 6.022008 -20.822388
v 3.704417 6.003360 -20.833321
v 3.719283 6.002786 -20.816814
v 3.719689 6.009935 -20.795780
v 3.705399 6.020623 -20.782537
v 3.684783 6.028584 -20.784847
v 3.669918 6.029159 -20.801353
v 3.690533 6.019538 -20.841141
v 3.683677 6.039428 -20.833984
v 3.705609 6.004720 -20.834297
v 3.720076 6.003651 -20.817463
v 3.725456 6.016959 -20.800503
v 3.718600 6.036848 -20.793346
v 3.703524 6.051667 -20.800190
v 3.689057 6.052734 -20.817024
v 3.697049 6.021707 -20.846478
v 3.695876 6.043755 -20.843975
v 3.707892 6.005279 -20.836166
v 3.722054 6.004094 -20.819080
v 3.731236 6.018846 -20.805233
v 3.730062 6.040894 -20.802734
v 3.719220 6.057322 -20.813042
v 3.705059 6.058506 -20.830128
v 3.710016 6.027284 -20.857094
v 3.701789 6.046193 -20.848816
v 3.726115 6.013194 -20.851086
v 3.740655 6.012177 -20.834314
v 3.745118 6.024830 -20.816601
v 3.736891 6.043738 -20.808323
v 3.720792 6.057828 -20.814331
v 3.706252 6.058845 -20.831104
v 3.719620 6.039932 -20.864958
v 3.706100 6.052258 -20.852345
v 3.739662 6.030747 -20.862179
v 3.754486 6.030086 -20.845638
v 3.755408 6.038332 -20.825027
v 3.741888 6.050659 -20.812414
v 3.721846 6.059843 -20.815193
v 3.707022 6.060504 -20.831734
v 3.724648 6.057904 -20.869072
v 3.708344 6.060391 -20.854183
v 3.746764 6.056049 -20.867992
v 3.761738 6.055915 -20.851578
v 3.760797 6.057580 -20.829437
v 3.744493 6.060069 -20.814548
v 3.722376 6.061923 -20.815628
v 3.707402 6.062056 -20.832047
v 3.725047 6.224572 -20.869400
v 3.708742 6.227058 -20.854507
v 3.747164 6.222718 -20.868320
v 3.762137 6.222584 -20.851902
v 3.761196 6.224248 -20.829765
v 3.744892 6.226736 -20.814877
v 3.722775 6.228590 -20.815954
v 3.707802 6.228724 -20.832371
v 3.627598 5.916581 -20.784920
v 3.627598 5.972148 -20.784920
v 3.678482 5.916581 -20.807249
v 3.678482 5.972148 -20.807249
v 3.634797 5.916581 -20.768513
v 3.634797 5.972148 -20.768513
v 3.685681 5.916581 -20.790840
v 3.685681 5.972148 -20.790840
v 3.627598 5.447861 -20.784920
v 3.627598 5.503428 -20.784920
v 3.678482 5.447861 -20.807249
v 3.678482 5.503428 -20.807249
v 3.634797 5.447861 -20.768513
v 3.634797 5.503428 -20.768513
v 3.685681 5.447861 -20.790840
v 3.685681 5.503428 -20.790840
v 3.627598 4.940331 -20.784920
v 3.627598 4.995900 -20.784920
v 3.678482 4.940331 -20.807249
v 3.678482 4.995900 -20.807249
v 3.634797 4.940331 -20.768513
v 3.634797 4.995900 -20.768513
v 3.685681 4.940331 -20.790840
v 3.685681 4.995900 -20.790840
v 1.511156 6.777112 -20.823486
v 1.511156 7.356891 -20.823486
v 1.533345 6.777112 -20.824678
v 1.533345 7.356891 -20.824678
v 1.549877 6.777112 -20.809834
v 1.549877 7.356891 -20.809834
v 1.551070 6.777112 -20.787643
v 1.551070 7.356891 -20.787643
v 1.536223 6.777112 -20.771111
v 1.536223 7.356891 -20.771111
v 1.514035 6.777112 -20.769917
v 1.514035 7.356891 -20.769917
v 1.497502 6.777112 -20.784765
v 1.497502 7.356891 -20.784765
v 1.496310 6.777112 -20.806953
v 1.496310 7.356891 -20.806953
v -4.417900 6.724770 -20.414967
v -4.417900 6.758476 -20.414967
v -4.417900 6.724770 -20.849363
v -4.417900 6.758476 -20.849363
v -2.138771 6.724770 -20.414967
v -2.138771 6.758476 -20.414967
v -2.138771 6.724770 -20.849363
v -2.138771 6.758476 -20.849363
v -4.454190 6.758476 -20.382074
v -4.454190 6.758476 -20.882252
v -2.102480 6.758476 -20.882252
v -2.102480 6.758476 -20.382074
v -4.454190 6.787449 -20.382074
v -4.454190 6.787449 -20.882252
v -2.102480 6.787449 -20.882252
v -2.102480 6.787449 -20.382074
v -4.460444 6.176516 -20.856911
v -4.460444 6.210220 -20.856911
v -4.049359 6.176516 -20.856911
v -4.049359 6.210220 -20.856911
v -4.460444 6.176516 -19.192608
v -4.460444 6.210220 -19.192608
v -4.049359 6.176516 -19.192608
v -4.049359 6.210220 -19.192608
v -4.487372 6.210220 -20.891878
v -4.022432 6.210220 -20.891878
v -4.022432 6.210220 -19.157642
v -4.487372 6.210220 -19.157642
v -4.487372 6.239194 -20.891878
v -4.022432 6.239194 -20.891878
v -4.022432 6.239194 -19.157642
v -4.487372 6.239194 -19.157642
v -4.342425 6.226668 -20.844099
v -4.342425 6.773114 -20.844099
v -4.320236 6.226668 -20.845289
v -4.320236 6.773114 -20.845289
v -4.303703 6.226668 -20.830444
v -4.303703 6.773114 -20.830444
v -4.302511 6.226668 -20.808254
v -4.302511 6.773114 -20.808254
v -4.317358 6.226668 -20.791721
v -4.317358 6.773114 -20.791721
v -4.339547 6.226668 -20.790531
v -4.339547 6.773114 -20.790531
v -4.356079 6.226668 -20.805378
v -4.356079 6.773114 -20.805378
v -4.357272 6.226668 -20.827564
v -4.357272 6.773114 -20.827564
v -4.415608 4.896407 -20.779392
v -4.415608 6.000792 -20.779392
v -4.431247 4.896407 -20.795177
v -4.431247 6.000792 -20.795177
v -4.431144 4.896407 -20.817398
v -4.431144 6.000792 -20.817398
v -4.415358 4.896407 -20.833038
v -4.415358 6.000792 -20.833038
v -4.393138 4.896407 -20.832935
v -4.393138 6.000792 -20.832935
v -4.377499 4.896407 -20.817146
v -4.377499 6.000792 -20.817146
v -4.377603 4.896407 -20.794926
v -4.377603 6.000792 -20.794926
v -4.393388 4.896407 -20.779289
v -4.393388 6.000792 -20.779289
v -4.433158 6.011322 -20.797325
v -4.419343 6.022008 -20.783588
v -4.431696 6.003360 -20.818018
v -4.415813 6.002786 -20.833548
v -4.394813 6.009935 -20.834814
v -4.380997 6.020623 -20.821079
v -4.382459 6.028584 -20.800385
v -4.398342 6.029159 -20.784857
v -4.438941 6.019538 -20.803825
v -4.431511 6.039428 -20.797268
v -4.432720 6.004720 -20.819170
v -4.416493 6.003651 -20.834312
v -4.399767 6.016959 -20.840385
v -4.392337 6.036848 -20.833826
v -4.398558 6.051667 -20.818481
v -4.414784 6.052734 -20.803339
v -4.444540 6.021707 -20.810120
v -4.441991 6.043755 -20.809050
v -4.434681 6.005279 -20.821373
v -4.418193 6.004094 -20.836224
v -4.404732 6.018846 -20.845966
v -4.402184 6.040894 -20.844894
v -4.412041 6.057322 -20.833639
v -4.428530 6.058506 -20.818790
v -4.455678 6.027284 -20.822639
v -4.447071 6.046193 -20.814758
v -4.450336 6.013194 -20.838970
v -4.434173 6.012177 -20.854185
v -4.416657 6.024830 -20.859367
v -4.408050 6.043738 -20.851486
v -4.413393 6.057828 -20.835155
v -4.429555 6.058845 -20.819942
v -4.463929 6.039932 -20.831913
v -4.450774 6.052258 -20.818920
v -4.461973 6.030747 -20.852051
v -4.446055 6.030086 -20.867542
v -4.425497 6.038332 -20.869307
v -4.412343 6.050659 -20.856314
v -4.414298 6.059843 -20.836176
v -4.430216 6.060504 -20.820686
v -4.468247 6.057904 -20.836769
v -4.452701 6.060391 -20.821089
v -4.468074 6.056049 -20.858910
v -4.452284 6.055915 -20.874544
v -4.430126 6.057580 -20.874512
v -4.414580 6.060069 -20.858829
v -4.414752 6.061923 -20.836685
v -4.430543 6.062056 -20.821053
v -4.468590 6.224572 -20.837154
v -4.453044 6.227058 -20.821472
v -4.468418 6.222718 -20.859295
v -4.452627 6.222584 -20.874929
v -4.430469 6.224248 -20.874895
v -4.414923 6.226736 -20.859215
v -4.415096 6.228590 -20.837072
v -4.430886 6.228724 -20.821440
v -4.394898 5.917376 -20.813572
v -4.394898 5.972945 -20.813572
v -4.351421 5.917376 -20.778965
v -4.351421 5.972945 -20.778965
v -4.406056 5.917376 -20.799553
v -4.406056 5.972945 -20.799553
v -4.362579 5.917376 -20.764946
v -4.362579 5.972945 -20.764946
v -4.394898 5.475724 -20.813572
v -4.394898 5.531291 -20.813572
v -4.351421 5.475724 -20.778965
v -4.351421 5.531291 -20.778965
v -4.406056 5.475724 -20.799553
v -4.406056 5.531291 -20.799553
v -4.362579 5.475724 -20.764946
v -4.362579 5.531291 -20.764946
v -4.394898 4.958221 -20.813572
v -4.394898 5.013791 -20.813572
v -4.351421 4.958221 -20.778965
v -4.351421 5.013791 -20.778965
v -4.406056 4.958221 -20.799553
v -4.406056 5.013791 -20.799553
v -4.362579 4.958221 -20.764946
v -4.362579 5.013791 -20.764946
v -4.357219 4.766816 7.134346
v -4.357219 8.091300 7.134346
v -4.370821 4.766816 7.146544
v -4.370821 8.091300 7.146544
v -4.388188 4.766816 7.140864
v -4.388188 8.091300 7.140864
v -4.391953 4.766816 7.122985
v -4.391953 8.091300 7.122985
v -4.378352 4.766816 7.110785
v -4.378352 8.091300 7.110785
v -4.360984 4.766816 7.116467
v -4.360984 8.091300 7.116467
v -4.365859 8.151490 7.131373
v -4.353539 8.141670 7.123093
v -4.383226 8.151490 7.125693
v -4.388275 8.141670 7.111735
v -4.375955 8.131850 7.103457
v -4.358588 8.131850 7.109138
v -4.351937 8.207702 7.088799
v -4.340916 8.193777 7.084496
v -4.369304 8.207702 7.083117
v -4.375651 8.193777 7.073134
v -4.364631 8.179852 7.068829
v -4.347263 8.179852 7.074509
v -4.337197 8.227886 7.043724
v -4.327298 8.212720 7.042847
v -4.354565 8.227886 7.038043
v -4.362033 8.212720 7.031487
v -4.352134 8.197554 7.030612
v -4.334766 8.197554 7.036293
v -4.321331 8.231582 6.995204
v -4.312775 8.215762 6.998435
v -4.338698 8.231582 6.989524
v -4.347510 8.215762 6.987080
v -4.338954 8.199944 6.990306
v -4.321586 8.199944 6.995986
v -4.306045 8.215885 6.948460
v -4.299870 8.202274 6.958972
v -4.323412 8.215885 6.942780
v -4.334605 8.202274 6.947612
v -4.328430 8.188663 6.958126
v -4.311063 8.188663 6.963806
v -4.291432 8.178319 6.903773
v -4.286963 8.170159 6.919501
v -4.308800 8.178319 6.898098
v -4.321698 8.170159 6.908145
v -4.317228 8.161999 6.923870
v -4.299861 8.161999 6.929550
v -4.284993 8.117711 6.884082
v -4.281195 8.115881 6.901863
v -4.302361 8.117711 6.878403
v -4.315930 8.115881 6.890502
v -4.312132 8.114052 6.908283
v -4.294764 8.114052 6.913962
v -4.284929 7.988558 6.883887
v -4.281131 7.986729 6.901669
v -4.302297 7.988558 6.878208
v -4.315866 7.986729 6.890307
v -4.312068 7.984899 6.908089
v -4.294700 7.984899 6.913768
v -4.369805 8.101750 7.126667
v -4.369805 8.091613 7.126667
v -4.379440 8.101750 7.123516
v -4.379440 8.091613 7.123516
v -4.297262 8.101750 6.904830
v -4.297262 8.091613 6.904830
v -4.306897 8.101750 6.901680
v -4.306897 8.091613 6.901680
v -4.369805 7.986829 7.126667
v -4.369805 7.976694 7.126667
v -4.379440 7.986829 7.123516
v -4.379440 7.976694 7.123516
v -4.297262 7.986829 6.904830
v -4.297262 7.976694 6.904830
v -4.306897 7.986829 6.901680
v -4.306897 7.976694 6.901680
v -4.369805 7.641754 7.126667
v -4.369805 7.631618 7.126667
v -4.379440 7.641754 7.123516
v -4.379440 7.631618 7.123516
v -4.297262 7.641754 6.904830
v -4.297262 7.631618 6.904830
v -4.306897 7.641754 6.901680
v -4.306897 7.631618 6.901680
v -4.369805 6.902679 7.126667
v -4.369805 6.892543 7.126667
v -4.379440 6.902679 7.123516
v -4.379440 6.892543 7.123516
v -4.297262 6.902679 6.904830
v -4.297262 6.892543 6.904830
v -4.306897 6.902679 6.901680
v -4.306897 6.892543 6.901680
v -4.369805 5.888632 7.126667
v -4.369805 5.878496 7.126667
v -4.379440 5.888632 7.123516
v -4.379440 5.878496 7.123516
v -4.297262 5.888632 6.904830
v -4.297262 5.878496 6.904830
v -4.306897 5.888632 6.901680
v -4.306897 5.878496 6.901680
v -4.369805 5.271091 7.126667
v -4.369805 5.260955 7.126667
v -4.379440 5.271091 7.123516
v -4.379440 5.260955 7.123516
v -4.297262 5.271091 6.904830
v -4.297262 5.260955 6.904830
v -4.306897 5.271091 6.901680
v -4.306897 5.260955 6.901680
v -4.108789 4.766816 7.214396
v -4.108789 8.091300 7.214396
v -4.122391 4.766816 7.226601
v -4.122391 8.091300 7.226601
v -4.139759 4.766816 7.220921
v -4.139759 8.091300 7.220921
v -4.143525 4.766816 7.203041
v -4.143525 8.091300 7.203041
v -4.129922 4.766816 7.190837
v -4.129922 8.091300 7.190837
v -4.112555 4.766816 7.196517
v -4.112555 8.091300 7.196517
v -4.117430 8.151490 7.211425
v -4.105110 8.141670 7.203152
v -4.134797 8.151490 7.205750
v -4.139845 8.141670 7.191792
v -4.127526 8.131850 7.183509
v -4.110158 8.131850 7.189194
v -4.103508 8.207702 7.168854
v -4.092487 8.193777 7.164546
v -4.120875 8.207702 7.163177
v -4.127222 8.193777 7.153186
v -4.116201 8.179852 7.148883
v -4.098834 8.179852 7.154560
v -4.088768 8.227886 7.123778
v -4.078869 8.212720 7.122901
v -4.106135 8.227886 7.118099
v -4.113604 8.212720 7.111546
v -4.103704 8.197554 7.110668
v -4.086337 8.197554 7.116347
v -4.072902 8.231582 7.075260
v -4.064346 8.215762 7.078491
v -4.090269 8.231582 7.069580
v -4.099081 8.215762 7.067131
v -4.090525 8.199944 7.070362
v -4.073157 8.199944 7.076042
v -4.057615 8.215885 7.028514
v -4.051441 8.202274 7.039028
v -4.074983 8.215885 7.022834
v -4.086175 8.202274 7.027668
v -4.080001 8.188663 7.038180
v -4.062634 8.188663 7.043860
v -4.043003 8.178319 6.983829
v -4.038534 8.170159 6.999557
v -4.060371 8.178319 6.978148
v -4.073269 8.170159 6.988196
v -4.068799 8.161999 7.003924
v -4.051431 8.161999 7.009604
v -4.036564 8.117711 6.964141
v -4.032766 8.115881 6.981917
v -4.053931 8.117711 6.958462
v -4.067501 8.115881 6.970562
v -4.063703 8.114052 6.988338
v -4.046335 8.114052 6.994019
v -4.036500 7.988558 6.963943
v -4.032701 7.986729 6.981723
v -4.053867 7.988558 6.958262
v -4.067437 7.986729 6.970366
v -4.063639 7.984899 6.988143
v -4.046271 7.984899 6.993824
v -4.121376 8.101750 7.206721
v -4.121376 8.091613 7.206721
v -4.131011 8.101750 7.203575
v -4.131011 8.091613 7.203575
v -4.048833 8.101750 6.984886
v -4.048833 8.091613 6.984886
v -4.058467 8.101750 6.981735
v -4.058467 8.091613 6.981735
v -4.121376 7.986829 7.206721
v -4.121376 7.976694 7.206721
v -4.131011 7.986829 7.203575
v -4.131011 7.976694 7.203575
v -4.048833 7.986829 6.984886
v -4.048833 7.976694 6.984886
v -4.058467 7.986829 6.981735
v -4.058467 7.976694 6.981735
v -4.121376 7.641754 7.206721
v -4.121376 7.631618 7.206721
v -4.131011 7.641754 7.203575
v -4.131011 7.631618 7.203575
v -4.048833 7.641754 6.984886
v -4.048833 7.631618 6.984886
v -4.058467 7.641754 6.981735
v -4.058467 7.631618 6.981735
v -4.121376 6.902679 7.206721
v -4.121376 6.892543 7.206721
v -4.131011 6.902679 7.203575
v -4.131011 6.892543 7.203575
v -4.048833 6.902679 6.984886
v -4.048833 6.892543 6.984886
v -4.058467 6.902679 6.981735
v -4.058467 6.892543 6.981735
v -4.121376 5.888632 7.206721
v -4.121376 5.878496 7.206721
v -4.131011 5.888632 7.203575
v -4.131011 5.878496 7.203575
v -4.048833 5.888632 6.984886
v -4.048833 5.878496 6.984886
v -4.058467 5.888632 6.981735
v -4.058467 5.878496 6.981735
v -4.121376 5.271091 7.206721
v -4.121376 5.260955 7.206721
v -4.131011 5.271091 7.203575
v -4.131011 5.260955 7.203575
v -4.048833 5.271091 6.984886
v -4.048833 5.260955 6.984886
v -4.058467 5.271091 6.981735
v -4.058467 5.260955 6.981735
v -4.373635 7.950334 7.131465
v -4.373635 7.940197 7.131465
v -4.370663 7.950334 7.121772
v -4.370663 7.940197 7.121772
v -4.127572 7.950334 7.206921
v -4.127572 7.940197 7.206921
v -4.124600 7.950334 7.197230
v -4.124600 7.940197 7.197230
v -4.373635 7.798286 7.131465
v -4.373635 7.788150 7.131465
v -4.370663 7.798286 7.121772
v -4.370663 7.788150 7.121772
v -4.127572 7.798286 7.206921
v -4.127572 7.788150 7.206921
v -4.124600 7.798286 7.197230
v -4.124600 7.788150 7.197230
v -4.373635 7.646241 7.131465
v -4.373635 7.636105 7.131465
v -4.370663 7.646241 7.121772
v -4.370663 7.636105 7.121772
v -4.127572 7.646241 7.206921
v -4.127572 7.636105 7.206921
v -4.124600 7.646241 7.197230
v -4.124600 7.636105 7.197230
v -4.373635 7.494195 7.131465
v -4.373635 7.484058 7.131465
v -4.370663 7.494195 7.121772
v -4.370663 7.484058 7.121772
v -4.127572 7.494195 7.206921
v -4.127572 7.484058 7.206921
v -4.124600 7.494195 7.197230
v -4.124600 7.484058 7.197230
v -4.373635 7.342148 7.131465
v -4.373635 7.332013 7.131465
v -4.370663 7.342148 7.121772
v -4.370663 7.332013 7.121772
v -4.127572 7.342148 7.206921
v -4.127572 7.332013 7.206921
v -4.124600 7.342148 7.197230
v -4.124600 7.332013 7.197230
v -4.373635 7.190103 7.131465
v -4.373635 7.179966 7.131465
v -4.370663 7.190103 7.121772
v -4.370663 7.179966 7.121772
v -4.127572 7.190103 7.206921
v -4.127572 7.179966 7.206921
v -4.124600 7.190103 7.197230
v -4.124600 7.179966 7.197230
v -4.373635 7.038056 7.131465
v -4.373635 7.027920 7.131465
v -4.370663 7.038056 7.121772
v -4.370663 7.027920 7.121772
v -4.127572 7.038056 7.206921
v -4.127572 7.027920 7.206921
v -4.124600 7.038056 7.197230
v -4.124600 7.027920 7.197230
v -4.373635 6.886011 7.131465
v -4.373635 6.875875 7.131465
v -4.370663 6.886011 7.121772
v -4.370663 6.875875 7.121772
v -4.127572 6.886011 7.206921
v -4.127572 6.875875 7.206921
v -4.124600 6.886011 7.197230
v -4.124600 6.875875 7.197230
v -4.373635 6.733964 7.131465
v -4.373635 6.723827 7.131465
v -4.370663 6.733964 7.121772
v -4.370663 6.723827 7.121772
v -4.127572 6.733964 7.206921
v -4.127572 6.723827 7.206921
v -4.124600 6.733964 7.197230
v -4.124600 6.723827 7.197230
v -4.373635 6.581918 7.131465
v -4.373635 6.571782 7.131465
v -4.370663 6.581918 7.121772
v -4.370663 6.571782 7.121772
v -4.127572 6.581918 7.206921
v -4.127572 6.571782 7.206921
v -4.124600 6.581918 7.197230
v -4.124600 6.571782 7.197230
v -4.373635 6.429873 7.131465
v -4.373635 6.419735 7.131465
v -4.370663 6.429873 7.121772
v -4.370663 6.419735 7.121772
v -4.127572 6.429873 7.206921
v -4.127572 6.419735 7.206921
v -4.124600 6.429873 7.197230
v -4.124600 6.419735 7.197230
v -4.373635 6.277825 7.131465
v -4.373635 6.267690 7.131465
v -4.370663 6.277825 7.121772
v -4.370663 6.267690 7.121772
v -4.127572 6.277825 7.206921
v -4.127572 6.267690 7.206921
v -4.124600 6.277825 7.197230
v -4.124600 6.267690 7.197230
v -4.373635 6.125780 7.131465
v -4.373635 6.115644 7.131465
v -4.370663 6.125780 7.121772
v -4.370663 6.115644 7.121772
v -4.127572 6.125780 7.206921
v -4.127572 6.115644 7.206921
v -4.124600 6.125780 7.197230
v -4.124600 6.115644 7.197230
v -4.373635 5.973733 7.131465
v -4.373635 5.963597 7.131465
v -4.370663 5.973733 7.121772
v -4.370663 5.963597 7.121772
v -4.127572 5.973733 7.206921
v -4.127572 5.963597 7.206921
v -4.124600 5.973733 7.197230
v -4.124600 5.963597 7.197230
v -4.373635 5.821688 7.131465
v -4.373635 5.811552 7.131465
v -4.370663 5.821688 7.121772
v -4.370663 5.811552 7.121772
v -4.127572 5.821688 7.206921
v -4.127572 5.811552 7.206921
v -4.124600 5.821688 7.197230
v -4.124600 5.811552 7.197230
v -4.373635 5.669641 7.131465
v -4.373635 5.659505 7.131465
v -4.370663 5.669641 7.121772
v -4.370663 5.659505 7.121772
v -4.127572 5.669641 7.206921
v -4.127572 5.659505 7.206921
v -4.124600 5.669641 7.197230
v -4.124600 5.659505 7.197230
v -4.373635 5.517595 7.131465
v -4.373635 5.507460 7.131465
v -4.370663 5.517595 7.121772
v -4.370663 5.507460 7.121772
v -4.127572 5.517595 7.206921
v -4.127572 5.507460 7.206921
v -4.124600 5.517595 7.197230
v -4.124600 5.507460 7.197230
v -4.373635 5.365550 7.131465
v -4.373635 5.355412 7.131465
v -4.370663 5.365550 7.121772
v -4.370663 5.355412 7.121772
v -4.127572 5.365550 7.206921
v -4.127572 5.355412 7.206921
v -4.124600 5.365550 7.197230
v -4.124600 5.355412 7.197230
v 13.767666 4.747942 -10.843691
v 13.767666 8.718317 -10.843692
v 13.783319 4.747942 -10.834265
v 13.783319 8.718317 -10.834266
v 13.782984 4.747942 -10.815995
v 13.782984 8.718317 -10.815996
v 13.766994 4.747942 -10.807152
v 13.766994 8.718317 -10.807153
v 13.751341 4.747942 -10.816578
v 13.751341 8.718317 -10.816579
v 13.751675 4.747942 -10.834846
v 13.751675 8.718317 -10.834846
v 13.767359 8.778507 -10.834558
v 13.755831 8.768687 -10.843909
v 13.767021 8.778507 -10.816290
v 13.755161 8.768687 -10.807370
v 13.743631 8.758868 -10.816720
v 13.743969 8.758868 -10.834990
v 13.722572 8.834720 -10.835383
v 13.715225 8.820795 -10.844656
v 13.722237 8.834720 -10.817114
v 13.714552 8.820795 -10.808117
v 13.707203 8.806870 -10.817389
v 13.707539 8.806870 -10.835659
v 13.675156 8.854904 -10.836255
v 13.671417 8.839737 -10.845462
v 13.674820 8.854904 -10.817986
v 13.670744 8.839737 -10.808922
v 13.667004 8.824572 -10.818129
v 13.667339 8.824572 -10.836398
v 13.624119 8.858600 -10.837193
v 13.624699 8.842780 -10.846320
v 13.623783 8.858600 -10.818924
v 13.624027 8.842780 -10.809781
v 13.624607 8.826962 -10.818909
v 13.624941 8.826962 -10.837178
v 13.574945 8.842902 -10.838097
v 13.583183 8.829291 -10.847084
v 13.574610 8.842902 -10.819828
v 13.582514 8.829291 -10.810545
v 13.590752 8.815682 -10.819530
v 13.591089 8.815682 -10.837801
v 13.527941 8.805337 -10.838962
v 13.541666 8.797176 -10.847847
v 13.527607 8.805337 -10.820692
v 13.540995 8.797176 -10.811308
v 13.554718 8.789016 -10.820193
v 13.555054 8.789016 -10.838463
v 13.507227 8.744729 -10.839342
v 13.523111 8.742899 -10.848188
v 13.506891 8.744729 -10.821073
v 13.522440 8.742899 -10.811649
v 13.538322 8.741069 -10.820495
v 13.538658 8.741069 -10.838764
v 13.507023 8.615576 -10.839346
v 13.522903 8.613746 -10.848191
v 13.506687 8.615576 -10.821076
v 13.522234 8.613746 -10.811653
v 13.538116 8.611916 -10.820499
v 13.538452 8.611916 -10.838768
v 13.764019 8.728767 -10.829408
v 13.764019 8.718631 -10.829408
v 13.763832 8.728767 -10.819273
v 13.763832 8.718631 -10.819273
v 13.530663 8.728767 -10.833698
v 13.530663 8.718631 -10.833698
v 13.530474 8.728767 -10.823564
v 13.530474 8.718631 -10.823564
v 13.764019 8.613848 -10.829408
v 13.764019 8.603711 -10.829408
v 13.763832 8.613848 -10.819273
v 13.763832 8.603711 -10.819273
v 13.530663 8.613848 -10.833698
v 13.530663 8.603711 -10.833698
v 13.530474 8.613848 -10.823564
v 13.530474 8.603711 -10.823564
v 13.764019 8.268771 -10.829408
v 13.764019 8.258636 -10.829408
v 13.763832 8.268771 -10.819273
v 13.763832 8.258636 -10.819273
v 13.530663 8.268771 -10.833698
v 13.530663 8.258636 -10.833698
v 13.530474 8.268771 -10.823564
v 13.530474 8.258636 -10.823564
v 13.764019 7.529698 -10.829408
v 13.764019 7.519562 -10.829408
v 13.763832 7.529698 -10.819273
v 13.763832 7.519562 -10.819273
v 13.530663 7.529698 -10.833698
v 13.530663 7.519562 -10.833698
v 13.530474 7.529698 -10.823564
v 13.530474 7.519562 -10.823564
v 13.764019 6.515650 -10.829408
v 13.764019 6.505514 -10.829408
v 13.763832 6.515650 -10.819273
v 13.763832 6.505514 -10.819273
v 13.530663 6.515650 -10.833698
v 13.530663 6.505514 -10.833698
v 13.530474 6.515650 -10.823564
v 13.530474 6.505514 -10.823564
v 13.764019 5.898109 -10.829407
v 13.764019 5.887973 -10.829407
v 13.763832 5.898109 -10.819272
v 13.763832 5.887973 -10.819272
v 13.530663 5.898109 -10.833697
v 13.530663 5.887973 -10.833697
v 13.530474 5.898109 -10.823563
v 13.530474 5.887973 -10.823563
v 13.769953 4.747942 -11.049733
v 13.769953 8.718317 -11.049734
v 13.785606 4.747942 -11.040308
v 13.785606 8.718317 -11.040309
v 13.785271 4.747942 -11.022038
v 13.785271 8.718317 -11.022039
v 13.769281 4.747942 -11.013195
v 13.769281 8.718317 -11.013196
v 13.753628 4.747942 -11.022620
v 13.753628 8.718317 -11.022621
v 13.753963 4.747942 -11.040890
v 13.753963 8.718317 -11.040891
v 13.769646 8.778507 -11.040602
v 13.758118 8.768687 -11.049953
v 13.769310 8.778507 -11.022332
v 13.757446 8.768687 -11.013413
v 13.745918 8.758868 -11.022762
v 13.746256 8.758868 -11.041032
v 13.724861 8.834720 -11.041426
v 13.717512 8.820795 -11.050698
v 13.724525 8.834720 -11.023156
v 13.716839 8.820795 -11.014159
v 13.709492 8.806870 -11.023433
v 13.709827 8.806870 -11.041702
v 13.677444 8.854904 -11.042297
v 13.673704 8.839737 -11.051504
v 13.677109 8.854904 -11.024028
v 13.673031 8.839737 -11.014965
v 13.669289 8.824572 -11.024172
v 13.669626 8.824572 -11.042441
v 13.626408 8.858600 -11.043236
v 13.626986 8.842780 -11.052361
v 13.626072 8.858600 -11.024966
v 13.626314 8.842780 -11.015824
v 13.626892 8.826962 -11.024951
v 13.627228 8.826962 -11.043221
v 13.577232 8.842902 -11.044140
v 13.585472 8.829291 -11.053126
v 13.576897 8.842902 -11.025870
v 13.584801 8.829291 -11.016587
v 13.593040 8.815682 -11.025574
v 13.593376 8.815682 -11.043843
v 13.530228 8.805337 -11.045004
v 13.543953 8.797176 -11.053889
v 13.529892 8.805337 -11.026734
v 13.543282 8.797176 -11.017350
v 13.557005 8.789016 -11.026237
v 13.557343 8.789016 -11.044505
v 13.509514 8.744729 -11.045385
v 13.525398 8.742899 -11.054231
v 13.509178 8.744729 -11.027116
v 13.524727 8.742899 -11.017692
v 13.540609 8.741069 -11.026538
v 13.540947 8.741069 -11.044806
v 13.509308 8.615576 -11.045388
v 13.525192 8.613746 -11.054235
v 13.508972 8.615576 -11.027120
v 13.524521 8.613746 -11.017695
v 13.540403 8.611916 -11.026542
v 13.540741 8.611916 -11.044811
v 13.766308 8.728767 -11.035449
v 13.766308 8.718631 -11.035449
v 13.766121 8.728767 -11.025314
v 13.766121 8.718631 -11.025314
v 13.532948 8.728767 -11.039740
v 13.532948 8.718631 -11.039740
v 13.532761 8.728767 -11.029605
v 13.532761 8.718631 -11.029605
v 13.766308 8.613848 -11.035449
v 13.766308 8.603711 -11.035449
v 13.766121 8.613848 -11.025314
v 13.766121 8.603711 -11.025314
v 13.532948 8.613848 -11.039740
v 13.532948 8.603711 -11.039740
v 13.532761 8.613848 -11.029605
v 13.532761 8.603711 -11.029605
v 13.766308 8.268771 -11.035449
v 13.766308 8.258636 -11.035449
v 13.766121 8.268771 -11.025314
v 13.766121 8.258636 -11.025314
v 13.532948 8.268771 -11.039740
v 13.532948 8.258636 -11.039740
v 13.532761 8.268771 -11.029605
v 13.532761 8.258636 -11.029605
v 13.766308 7.529698 -11.035449
v 13.766308 7.519562 -11.035449
v 13.766121 7.529698 -11.025314
v 13.766121 7.519562 -11.025314
v 13.532948 7.529698 -11.039740
v 13.532948 7.519562 -11.039740
v 13.532761 7.529698 -11.029605
v 13.532761 7.519562 -11.029605
v 13.766308 6.515650 -11.035449
v 13.766308 6.505514 -11.035449
v 13.766121 6.515650 -11.025314
v 13.766121 6.505514 -11.025314
v 13.532948 6.515650 -11.039740
v 13.532948 6.505514 -11.039740
v 13.532761 6.515650 -11.029605
v 13.532761 6.505514 -11.029605
v 13.766308 5.898109 -11.035448
v 13.766308 5.887973 -11.035448
v 13.766121 5.898109 -11.025313
v 13.766121 5.887973 -11.025313
v 13.532948 5.898109 -11.039739
v 13.532948 5.887973 -11.039739
v 13.532761 5.898109 -11.029604
v 13.532761 5.887973 -11.029604
v 13.774662 8.577351 -10.824667
v 13.774662 8.567214 -10.824667
v 13.764526 8.577351 -10.824666
v 13.764526 8.567214 -10.824666
v 13.774639 8.577351 -11.032730
v 13.774639 8.567214 -11.032730
v 13.764503 8.577351 -11.032729
v 13.764503 8.567214 -11.032729
v 13.774662 8.425305 -10.824667
v 13.774662 8.415168 -10.824667
v 13.764526 8.425305 -10.824666
v 13.764526 8.415168 -10.824666
v 13.774639 8.425305 -11.032730
v 13.774639 8.415168 -11.032730
v 13.764503 8.425305 -11.032729
v 13.764503 8.415168 -11.032729
v 13.774662 8.273259 -10.824667
v 13.774662 8.263124 -10.824667
v 13.764526 8.273259 -10.824666
v 13.764526 8.263124 -10.824666
v 13.774639 8.273259 -11.032730
v 13.774639 8.263124 -11.032730
v 13.764503 8.273259 -11.032729
v 13.764503 8.263124 -11.032729
v 13.774662 8.121213 -10.824667
v 13.774662 8.111076 -10.824667
v 13.764526 8.121213 -10.824666
v 13.764526 8.111076 -10.824666
v 13.774639 8.121213 -11.032730
v 13.774639 8.111076 -11.032730
v 13.764503 8.121213 -11.032729
v 13.764503 8.111076 -11.032729
v 13.774662 7.969167 -10.824667
v 13.774662 7.959031 -10.824667
v 13.764526 7.969167 -10.824666
v 13.764526 7.959031 -10.824666
v 13.774639 7.969167 -11.032730
v 13.774639 7.959031 -11.032730
v 13.764503 7.969167 -11.032729
v 13.764503 7.959031 -11.032729
v 13.774662 7.817121 -10.824667
v 13.774662 7.806984 -10.824667
v 13.764526 7.817121 -10.824666
v 13.764526 7.806984 -10.824666
v 13.774639 7.817121 -11.032730
v 13.774639 7.806984 -11.032730
v 13.764503 7.817121 -11.032729
v 13.764503 7.806984 -11.032729
v 13.774662 7.665074 -10.824667
v 13.774662 7.654938 -10.824667
v 13.764526 7.665074 -10.824666
v 13.764526 7.654938 -10.824666
v 13.774639 7.665074 -11.032730
v 13.774639 7.654938 -11.032730
v 13.764503 7.665074 -11.032729
v 13.764503 7.654938 -11.032729
v 13.774662 7.513028 -10.824667
v 13.774662 7.502892 -10.824667
v 13.764526 7.513028 -10.824666
v 13.764526 7.502892 -10.824666
v 13.774639 7.513028 -11.032730
v 13.774639 7.502892 -11.032730
v 13.764503 7.513028 -11.032729
v 13.764503 7.502892 -11.032729
v 13.774662 7.360982 -10.824667
v 13.774662 7.350846 -10.824667
v 13.764526 7.360982 -10.824666
v 13.764526 7.350846 -10.824666
v 13.774639 7.360982 -11.032730
v 13.774639 7.350846 -11.032730
v 13.764503 7.360982 -11.032729
v 13.764503 7.350846 -11.032729
v 13.774662 7.208936 -10.824667
v 13.774662 7.198800 -10.824667
v 13.764526 7.208936 -10.824666
v 13.764526 7.198800 -10.824666
v 13.774639 7.208936 -11.032730
v 13.774639 7.198800 -11.032730
v 13.764503 7.208936 -11.032729
v 13.764503 7.198800 -11.032729
v 13.774662 7.056890 -10.824667
v 13.774662 7.046753 -10.824667
v 13.764526 7.056890 -10.824666
v 13.764526 7.046753 -10.824666
v 13.774639 7.056890 -11.032730
v 13.774639 7.046753 -11.032730
v 13.764503 7.056890 -11.032729
v 13.764503 7.046753 -11.032729
v 13.774662 6.904844 -10.824667
v 13.774662 6.894708 -10.824667
v 13.764526 6.904844 -10.824666
v 13.764526 6.894708 -10.824666
v 13.774639 6.904844 -11.032730
v 13.774639 6.894708 -11.032730
v 13.764503 6.904844 -11.032729
v 13.764503 6.894708 -11.032729
v 13.774662 6.752798 -10.824667
v 13.774662 6.742661 -10.824667
v 13.764526 6.752798 -10.824666
v 13.764526 6.742661 -10.824666
v 13.774639 6.752798 -11.032730
v 13.774639 6.742661 -11.032730
v 13.764503 6.752798 -11.032729
v 13.764503 6.742661 -11.032729
v 13.774662 6.600752 -10.824667
v 13.774662 6.590615 -10.824667
v 13.764526 6.600752 -10.824666
v 13.764526 6.590615 -10.824666
v 13.774639 6.600752 -11.032730
v 13.774639 6.590615 -11.032730
v 13.764503 6.600752 -11.032729
v 13.764503 6.590615 -11.032729
v 13.774662 6.448706 -10.824667
v 13.774662 6.438569 -10.824667
v 13.764526 6.448706 -10.824666
v 13.764526 6.438569 -10.824666
v 13.774639 6.448706 -11.032730
v 13.774639 6.438569 -11.032730
v 13.764503 6.448706 -11.032729
v 13.764503 6.438569 -11.032729
v 13.774662 6.296659 -10.824666
v 13.774662 6.286523 -10.824666
v 13.764526 6.296659 -10.824665
v 13.764526 6.286523 -10.824665
v 13.774639 6.296659 -11.032729
v 13.774639 6.286523 -11.032729
v 13.764503 6.296659 -11.032728
v 13.764503 6.286523 -11.032728
v 13.774662 6.144613 -10.824666
v 13.774662 6.134477 -10.824666
v 13.764526 6.144613 -10.824665
v 13.764526 6.134477 -10.824665
v 13.774639 6.144613 -11.032729
v 13.774639 6.134477 -11.032729
v 13.764503 6.144613 -11.032728
v 13.764503 6.134477 -11.032728
v 13.774662 5.992567 -10.824666
v 13.774662 5.982431 -10.824666
v 13.764526 5.992567 -10.824665
v 13.764526 5.982431 -10.824665
v 13.774639 5.992567 -11.032729
v 13.774639 5.982431 -11.032729
v 13.764503 5.992567 -11.032728
v 13.764503 5.982431 -11.032728
v 13.774662 5.840521 -10.824666
v 13.774662 5.830385 -10.824666
v 13.764526 5.840521 -10.824665
v 13.764526 5.830385 -10.824665
v 13.774639 5.840521 -11.032729
v 13.774639 5.830385 -11.032729
v 13.764503 5.840521 -11.032728
v 13.764503 5.830385 -11.032728
v 13.774662 5.688475 -10.824666
v 13.774662 5.678339 -10.824666
v 13.764526 5.688475 -10.824665
v 13.764526 5.678339 -10.824665
v 13.774639 5.688475 -11.032729
v 13.774639 5.678339 -11.032729
v 13.764503 5.688475 -11.032728
v 13.764503 5.678339 -11.032728
v 13.774662 5.536429 -10.824666
v 13.774662 5.526293 -10.824666
v 13.764526 5.536429 -10.824665
v 13.764526 5.526293 -10.824665
v 13.774639 5.536429 -11.032729
v 13.774639 5.526293 -11.032729
v 13.764503 5.536429 -11.032728
v 13.764503 5.526293 -11.032728
v 13.774662 5.384383 -10.824666
v 13.774662 5.374247 -10.824666
v 13.764526 5.384383 -10.824665
v 13.764526 5.374247 -10.824665
v 13.774639 5.384383 -11.032729
v 13.774639 5.374247 -11.032729
v 13.764503 5.384383 -11.032728
v 13.764503 5.374247 -11.032728
v 12.758801 8.209678 -5.936180
v 12.758801 8.476986 -5.936180
v 12.782181 8.209678 -5.929914
v 12.782181 8.476986 -5.929914
v 12.799294 8.209678 -5.912799
v 12.799294 8.476986 -5.912799
v 12.805559 8.209678 -5.889421
v 12.805559 8.476986 -5.889421
v 12.799294 8.209678 -5.866042
v 12.799294 8.476986 -5.866042
v 12.782181 8.209678 -5.848927
v 12.782181 8.476986 -5.848927
v 12.758801 8.209678 -5.842662
v 12.758801 8.476986 -5.842662
v 12.735422 8.209678 -5.848927
v 12.735422 8.476986 -5.848927
v 12.718307 8.209678 -5.866042
v 12.718307 8.476986 -5.866042
v 12.712042 8.209678 -5.889421
v 12.712042 8.476986 -5.889421
v 12.718307 8.209678 -5.912799
v 12.718307 8.476986 -5.912799
v 12.735422 8.209678 -5.929914
v 12.735422 8.476986 -5.929914
v 12.758801 8.476986 -5.960200
v 12.794189 8.476986 -5.950717
v 12.820099 8.476986 -5.924810
v 12.829578 8.476986 -5.889421
v 12.820099 8.476986 -5.854032
v 12.794189 8.476986 -5.828124
v 12.758801 8.476986 -5.818642
v 12.723412 8.476986 -5.828124
v 12.697502 8.476986 -5.854032
v 12.688023 8.476986 -5.889421
v 12.697502 8.476986 -5.924810
v 12.723412 8.476986 -5.950717
v 12.758801 8.554581 -5.889421
v 11.504826 8.375793 -4.483774
v 11.504826 8.643100 -4.483774
v 11.528206 8.375793 -4.477509
v 11.528206 8.643100 -4.477509
v 11.545319 8.375793 -4.460394
v 11.545319 8.643100 -4.460394
v 11.551584 8.375793 -4.437016
v 11.551584 8.643100 -4.437016
v 11.545319 8.375793 -4.413635
v 11.545319 8.643100 -4.413635
v 11.528206 8.375793 -4.396522
v 11.528206 8.643100 -4.396522
v 11.504826 8.375793 -4.390256
v 11.504826 8.643100 -4.390256
v 11.481447 8.375793 -4.396522
v 11.481447 8.643100 -4.396522
v 11.464333 8.375793 -4.413635
v 11.464333 8.643100 -4.413635
v 11.458069 8.375793 -4.437016
v 11.458069 8.643100 -4.437016
v 11.464333 8.375793 -4.460394
v 11.464333 8.643100 -4.460394
v 11.481447 8.375793 -4.477509
v 11.481447 8.643100 -4.477509
v 11.504826 8.643100 -4.507794
v 11.540215 8.643100 -4.498312
v 11.566124 8.643100 -4.472405
v 11.575603 8.643100 -4.437016
v 11.566124 8.643100 -4.401626
v 11.540215 8.643100 -4.375719
v 11.504826 8.643100 -4.366235
v 11.469437 8.643100 -4.375719
v 11.443527 8.643100 -4.401626
v 11.434046 8.643100 -4.437016
v 11.443527 8.643100 -4.472405
v 11.469437 8.643100 -4.498312
v 11.504826 8.720695 -4.437016
v 9.642784 8.295385 0.463004
v 9.642784 8.671458 0.463004
v 9.835377 8.295385 0.183391
v 9.835377 8.671458 0.183391
v 9.800037 8.295385 0.571319
v 9.800037 8.671458 0.571319
v 9.992632 8.295385 0.291705
v 9.992632 8.671458 0.291705
v 9.582935 8.671458 0.476487
v 9.826637 8.671458 0.122670
v 9.808777 8.671458 0.632041
v 10.052479 8.671458 0.278226
v 9.939560 8.772358 0.200448
v 9.695856 8.772358 0.554263
v 4.434560 8.473487 5.332651
v 4.441599 8.401049 5.260557
v 4.443520 8.353317 5.240879
v 4.444176 8.302095 5.234165
v 4.443520 8.250874 5.240879
v 4.454744 8.493258 5.389476
v 4.482513 8.473487 5.350653
v 4.506361 8.442037 5.317317
v 4.524658 8.401049 5.291737
v 4.536160 8.353317 5.275658
v 4.540084 8.302095 5.270172
v 4.536160 8.250874 5.275658
v 4.471582 8.493258 5.409957
v 4.515042 8.473487 5.390223
v 4.552362 8.442037 5.373273
v 4.580998 8.401049 5.360271
v 4.599001 8.353317 5.352097
v 4.605141 8.302095 5.349306
v 4.599001 8.250874 5.352097
v 4.424944 8.500002 5.431137
v 4.378305 8.493258 5.452315
v 4.334846 8.473487 5.472052
v 4.297525 8.442037 5.488997
v 4.268889 8.401049 5.502003
v 4.250887 8.353317 5.510178
v 4.244747 8.302095 5.512966
v 4.250887 8.250874 5.510178
v 4.373964 8.493258 5.426158
v 4.326460 8.473487 5.421520
v 4.285666 8.442037 5.417538
v 4.254363 8.401049 5.414482
v 4.234686 8.353317 5.412560
v 4.227975 8.302095 5.411902
v 4.234686 8.250874 5.412560
v 4.383284 8.493258 5.401337
v 4.344461 8.473487 5.373568
v 4.311125 8.442037 5.349720
v 4.285544 8.401049 5.331420
v 4.269464 8.353317 5.319921
v 4.263979 8.302095 5.315996
v 4.269464 8.250874 5.319921
v 4.403765 8.493258 5.384499
v 4.384029 8.473487 5.341040
v 4.367082 8.442037 5.303719
v 4.354077 8.401049 5.275082
v 4.345902 8.353317 5.257080
v 4.343114 8.302095 5.250942
v 4.345902 8.250874 5.257080
v 4.429922 8.493258 5.380157
v 4.438543 8.442037 5.291859
v -4.127478 8.473487 5.598618
v -4.071485 8.401049 5.552660
v -4.056202 8.353317 5.540116
v -4.050990 8.302095 5.535839
v -4.056202 8.250874 5.540116
v -4.153429 8.493258 5.653052
v -4.106336 8.473487 5.645270
v -4.065896 8.442037 5.638594
v -4.034865 8.401049 5.633471
v -4.015359 8.353317 5.630249
v -4.008705 8.302095 5.629149
v -4.015359 8.250874 5.630249
v -4.156026 8.493258 5.679436
v -4.111353 8.473487 5.696247
v -4.072992 8.442037 5.710681
v -4.043556 8.401049 5.721762
v -4.025052 8.353317 5.728724
v -4.018741 8.302095 5.731098
v -4.025052 8.250874 5.728724
v -4.203966 8.500002 5.661399
v -4.251906 8.493258 5.643360
v -4.296579 8.473487 5.626548
v -4.334941 8.442037 5.612113
v -4.364377 8.401049 5.601034
v -4.382881 8.353317 5.594069
v -4.389192 8.302095 5.591698
v -4.382881 8.250874 5.594069
v -4.236464 8.493258 5.621807
v -4.266746 8.473487 5.584908
v -4.292750 8.442037 5.553229
v -4.312704 8.401049 5.528914
v -4.325247 8.353317 5.513634
v -4.329525 8.302095 5.508420
v -4.325247 8.250874 5.513634
v -4.212313 8.493258 5.610858
v -4.220091 8.473487 5.563766
v -4.226770 8.442037 5.523326
v -4.231895 8.401049 5.492298
v -4.235117 8.353317 5.472789
v -4.236216 8.302095 5.466136
v -4.235117 8.250874 5.472789
v -4.185926 8.493258 5.613457
v -4.169116 8.473487 5.568785
v -4.154679 8.442037 5.530422
v -4.143602 8.401049 5.500988
v -4.136640 8.353317 5.482482
v -4.134264 8.302095 5.476172
v -4.136640 8.250874 5.482482
v -4.164373 8.493258 5.628901
v -4.095796 8.442037 5.572612
v -10.360950 8.295385 -0.137797
v -10.360950 8.671458 -0.137797
v -10.164322 8.295385 0.138991
v -10.164322 8.671458 0.138991
v -10.516617 8.295385 -0.027211
v -10.516617 8.671458 -0.027211
v -10.319988 8.295385 0.249577
v -10.319988 8.671458 0.249577
v -10.353092 8.671458 -0.198640
v -10.104284 8.671458 0.151601
v -10.576654 8.671458 -0.039823
v -10.327843 8.671458 0.310418
v -10.216063 8.772358 0.231009
v -10.464874 8.772358 -0.119233
v 13.551548 5.949720 -6.534159
v 13.551548 6.012771 -6.534159
v 13.551548 5.949720 -7.437667
v 13.551548 6.012771 -7.437667
v 14.057280 5.949720 -6.534159
v 14.057280 6.012771 -6.534159
v 14.057280 5.949720 -7.437667
v 14.057280 6.012771 -7.437667
v 14.022104 6.009851 -7.349785
v 13.779448 6.178341 -7.349696
v 14.016022 6.000254 -7.339889
v 13.773420 6.168745 -7.339765
v 14.007402 5.987937 -7.340909
v 13.764797 6.156427 -7.340735
v 14.001293 5.980115 -7.352246
v 14.001278 5.981371 -7.367262
v 14.007359 5.990970 -7.377159
v 14.015980 6.003285 -7.376139
v 13.773172 6.171776 -7.376013
v 14.022087 6.011106 -7.364799
v 13.758623 6.148606 -7.352038
v 13.758522 6.149862 -7.367054
v 13.764547 6.159460 -7.376985
v 13.779343 6.179597 -7.364710
v 13.775753 6.171185 -7.329984
v 13.784946 6.185825 -7.345133
v 13.762596 6.152394 -7.331464
v 13.753021 6.142378 -7.371614
v 13.753178 6.140462 -7.348709
v 13.762215 6.157020 -7.386765
v 13.775372 6.175809 -7.385283
v 13.784788 6.187742 -7.368040
v 13.591618 6.298471 -7.329885
v 13.601221 6.313113 -7.344777
v 13.578503 6.279682 -7.331727
v 13.570038 6.269666 -7.372126
v 13.569565 6.267749 -7.349223
v 13.579643 6.284307 -7.387016
v 13.592754 6.303096 -7.385174
v 13.601694 6.315029 -7.367679
v 14.022104 6.009851 -6.607064
v 13.779448 6.178341 -6.606976
v 14.016022 6.000254 -6.597167
v 13.773420 6.168745 -6.597044
v 14.007402 5.987937 -6.598187
v 13.764797 6.156427 -6.598014
v 14.001293 5.980115 -6.609527
v 14.001278 5.981371 -6.624541
v 14.007359 5.990970 -6.634439
v 14.015980 6.003285 -6.633418
v 13.773172 6.171776 -6.633293
v 14.022087 6.011106 -6.622079
v 13.758623 6.148606 -6.609318
v 13.758522 6.149862 -6.624332
v 13.764547 6.159460 -6.634264
v 13.779343 6.179597 -6.621989
v 13.775753 6.171185 -6.587263
v 13.784946 6.185825 -6.602413
v 13.762596 6.152394 -6.588744
v 13.753021 6.142378 -6.628894
v 13.753178 6.140462 -6.605989
v 13.762215 6.157020 -6.644044
v 13.775372 6.175809 -6.642563
v 13.784788 6.187742 -6.625319
v 13.591618 6.298471 -6.587163
v 13.601221 6.313113 -6.602056
v 13.578503 6.279682 -6.589005
v 13.570038 6.269666 -6.629405
v 13.569565 6.267749 -6.606503
v 13.579643 6.284307 -6.644297
v 13.592754 6.303096 -6.642455
v 13.601694 6.315029 -6.624958
v 12.433170 5.949721 -0.678770
v 12.433170 6.012771 -0.678770
v 12.797066 5.949721 -1.650051
v 12.797066 6.012771 -1.650051
v 12.861935 5.949721 -0.518131
v 12.861935 6.012771 -0.518131
v 13.225830 5.949721 -1.489412
v 13.225830 6.012771 -1.489412
v 13.133892 6.004035 -1.373435
v 12.916553 6.172525 -1.456391
v 13.125248 5.994438 -1.367146
v 12.907949 6.162929 -1.450055
v 13.117859 5.982121 -1.370960
v 12.900539 6.150612 -1.453826
v 13.116055 5.974300 -1.382638
v 13.120890 5.975556 -1.395343
v 13.129536 5.985153 -1.401631
v 13.136923 5.997469 -1.397820
v 12.919439 6.165960 -1.480796
v 13.138729 6.005291 -1.386140
v 12.898666 6.142791 -1.465498
v 12.903423 6.144047 -1.478231
v 12.912029 6.153644 -1.484569
v 12.921314 6.173781 -1.469126
v 12.906879 6.165368 -1.440984
v 12.920006 6.180010 -1.450652
v 12.895573 6.146578 -1.446738
v 12.899975 6.136562 -1.483971
v 12.892714 6.134646 -1.464545
v 12.913101 6.151204 -1.493639
v 12.924408 6.169993 -1.487885
v 12.927267 6.181926 -1.470078
v 12.651154 6.357804 -1.536366
v 12.664566 6.372446 -1.545673
v 12.640007 6.339014 -1.542410
v 12.645477 6.328998 -1.579473
v 12.637653 6.327083 -1.560266
v 12.658894 6.343639 -1.588779
v 12.670040 6.362430 -1.582736
v 12.672392 6.374362 -1.564880
v 12.847023 6.004035 -0.622637
v 12.629684 6.172525 -0.705591
v 12.838377 5.994438 -0.616349
v 12.621078 6.162929 -0.699255
v 12.830988 5.982121 -0.620159
v 12.613670 6.150612 -0.703029
v 12.829182 5.974300 -0.631839
v 12.834019 5.975556 -0.644545
v 12.842663 5.985153 -0.650831
v 12.850052 5.997469 -0.647020
v 12.632568 6.165960 -0.729998
v 12.851856 6.005291 -0.635342
v 12.611794 6.142791 -0.714699
v 12.616554 6.144047 -0.727432
v 12.625160 6.153644 -0.733768
v 12.634443 6.173781 -0.718325
v 12.620007 6.165368 -0.690184
v 12.633137 6.180010 -0.699852
v 12.608704 6.146578 -0.695940
v 12.613104 6.136562 -0.733173
v 12.605843 6.134646 -0.713745
v 12.626232 6.151204 -0.742840
v 12.637535 6.169993 -0.737083
v 12.640396 6.181926 -0.719280
v 12.364281 6.357804 -0.785566
v 12.377697 6.372446 -0.794874
v 12.353134 6.339014 -0.791611
v 12.358606 6.328998 -0.828675
v 12.350784 6.327083 -0.809466
v 12.372021 6.343639 -0.837981
v 12.383171 6.362430 -0.831937
v 12.385519 6.374362 -0.814083
v 12.560379 6.394499 -1.235523
v 12.576385 6.347904 -1.279282
v 12.580753 6.317202 -1.291224
v 12.582245 6.284255 -1.295298
v 12.580753 6.251307 -1.291224
v 12.576385 6.220605 -1.279282
v 12.560379 6.174010 -1.235523
v 12.549831 6.161292 -1.206689
v 12.554300 6.407217 -1.200354
v 12.569016 6.394499 -1.223284
v 12.581650 6.374269 -1.242972
v 12.591343 6.347904 -1.258081
v 12.597439 6.317202 -1.267581
v 12.599518 6.284255 -1.270820
v 12.597439 6.251307 -1.267581
v 12.591343 6.220605 -1.258081
v 12.581650 6.194240 -1.242972
v 12.569016 6.174010 -1.223284
v 12.554300 6.161292 -1.200354
v 12.554543 6.407217 -1.187424
v 12.569477 6.394499 -1.198305
v 12.582304 6.374269 -1.207651
v 12.592148 6.347904 -1.214823
v 12.598333 6.317202 -1.219329
v 12.600443 6.284255 -1.220866
v 12.598333 6.251307 -1.219329
v 12.592148 6.220605 -1.214823
v 12.582304 6.194240 -1.207651
v 12.569477 6.174010 -1.198305
v 12.554543 6.161292 -1.187424
v 12.550486 6.407217 -1.171366
v 12.561644 6.394499 -1.167287
v 12.571224 6.374269 -1.163779
v 12.578577 6.347904 -1.161090
v 12.583199 6.317202 -1.159398
v 12.584774 6.284255 -1.158822
v 12.583199 6.251307 -1.159398
v 12.578577 6.220605 -1.161090
v 12.571224 6.194240 -1.163779
v 12.561644 6.174010 -1.167287
v 12.550486 6.161292 -1.171366
v 12.543222 6.407217 -1.156482
v 12.547611 6.394499 -1.138531
v 12.551380 6.374269 -1.123114
v 12.554274 6.347904 -1.111285
v 12.556091 6.317202 -1.103850
v 12.556711 6.284255 -1.101313
v 12.556091 6.251307 -1.103850
v 12.554274 6.220605 -1.111285
v 12.551380 6.194240 -1.123114
v 12.547611 6.174010 -1.138531
v 12.543222 6.161292 -1.156482
v 12.534697 6.407217 -1.146760
v 12.531141 6.394499 -1.119748
v 12.528088 6.374269 -1.096551
v 12.525745 6.347904 -1.078753
v 12.524273 6.317202 -1.067567
v 12.523769 6.284255 -1.063749
v 12.524273 6.251307 -1.067567
v 12.525745 6.220605 -1.078753
v 12.528088 6.194240 -1.096551
v 12.531141 6.174010 -1.119748
v 12.534697 6.161292 -1.146760
v 12.527193 6.407217 -1.144804
v 12.516645 6.394499 -1.115969
v 12.507587 6.374269 -1.091208
v 12.500639 6.347904 -1.072209
v 12.496269 6.317202 -1.060267
v 12.494780 6.284255 -1.056194
v 12.496269 6.251307 -1.060267
v 12.500639 6.220605 -1.072209
v 12.507587 6.194240 -1.091208
v 12.516645 6.174010 -1.115969
v 12.527193 6.161292 -1.144804
v 12.538513 6.411554 -1.175746
v 12.538513 6.156955 -1.175746
v 12.549831 6.407217 -1.206689
v 12.569435 6.374269 -1.260283
v 12.569435 6.194240 -1.260283
v -13.214798 5.991643 -1.569052
v -13.214798 6.054693 -1.569052
v -12.881001 5.991643 -0.587021
v -12.881001 6.054693 -0.587021
v -13.648306 5.991643 -1.421700
v -13.648306 6.054693 -1.421700
v -13.314510 5.991643 -0.439667
v -13.314510 6.054693 -0.439667
v -13.316853 6.045958 -0.587646
v -13.096140 6.214448 -0.661154
v -13.314148 6.036360 -0.597988
v -13.093494 6.204851 -0.671510
v -13.306015 6.024044 -0.599718
v -13.085373 6.192534 -0.673285
v -13.297218 6.016222 -0.591827
v -13.292912 6.017478 -0.578934
v -13.295616 6.027075 -0.568592
v -13.303749 6.039392 -0.566860
v -13.082912 6.207882 -0.640444
v -13.312544 6.047213 -0.574753
v -13.076530 6.184713 -0.665442
v -13.072144 6.185969 -0.652575
v -13.074787 6.195566 -0.642220
v -13.091755 6.215704 -0.648287
v -13.098413 6.207291 -0.679208
v -13.102444 6.221932 -0.663410
v -13.086021 6.188500 -0.681915
v -13.065838 6.178485 -0.650320
v -13.072525 6.176569 -0.669952
v -13.069870 6.193126 -0.634525
v -13.082262 6.211916 -0.631815
v -13.095757 6.223848 -0.643780
v -12.840130 6.399726 -0.767420
v -12.844610 6.414368 -0.751722
v -12.827675 6.380937 -0.769807
v -12.808428 6.370921 -0.737663
v -12.814543 6.369005 -0.757481
v -12.812908 6.385562 -0.721964
v -12.825363 6.404352 -0.719579
v -12.838497 6.416284 -0.731905
v -13.570559 6.045958 -1.350290
v -13.349846 6.214448 -1.423800
v -13.567854 6.036360 -1.360633
v -13.347204 6.204851 -1.434155
v -13.559723 6.024044 -1.362365
v -13.339081 6.192534 -1.435930
v -13.550926 6.016222 -1.354473
v -13.546619 6.017478 -1.341578
v -13.549322 6.027075 -1.331236
v -13.557457 6.039392 -1.329504
v -13.336618 6.207882 -1.403090
v -13.566250 6.047213 -1.337397
v -13.330236 6.184713 -1.428087
v -13.325850 6.185969 -1.415219
v -13.328495 6.195566 -1.404866
v -13.345463 6.215704 -1.410932
v -13.352119 6.207291 -1.441852
v -13.356152 6.221932 -1.426054
v -13.339727 6.188500 -1.444561
v -13.319546 6.178485 -1.412966
v -13.326233 6.176569 -1.432595
v -13.323578 6.193126 -1.397169
v -13.335970 6.211916 -1.394459
v -13.349464 6.223848 -1.406425
v -13.093836 6.399726 -1.530066
v -13.098316 6.414368 -1.514367
v -13.081381 6.380937 -1.532452
v -13.062134 6.370921 -1.500307
v -13.068249 6.369005 -1.520124
v -13.066616 6.385562 -1.484609
v -13.079071 6.404352 -1.482224
v -13.092203 6.416284 -1.494548
v -12.960493 6.436421 -1.057694
v -12.945152 6.389827 -1.013696
v -12.940968 6.359125 -1.001689
v -12.939541 6.326177 -0.997593
v -12.940968 6.293229 -1.001689
v -12.945152 6.262527 -1.013696
v -12.960493 6.215932 -1.057694
v -12.970598 6.203215 -1.086686
v -12.978071 6.449139 -1.088758
v -12.974930 6.436421 -1.061693
v -12.972229 6.416191 -1.038455
v -12.970158 6.389827 -1.020623
v -12.968857 6.359125 -1.009414
v -12.968410 6.326177 -1.005589
v -12.968857 6.293229 -1.009414
v -12.970158 6.262527 -1.020623
v -12.972229 6.236162 -1.038455
v -12.974930 6.215932 -1.061693
v -12.978071 6.203215 -1.088758
v -12.986446 6.449139 -1.098607
v -12.991112 6.436421 -1.080727
v -12.995113 6.416191 -1.065370
v -12.998186 6.389827 -1.053586
v -13.000118 6.359125 -1.046180
v -13.000776 6.326177 -1.043651
v -13.000118 6.293229 -1.046180
v -12.998186 6.262527 -1.053586
v -12.995113 6.236162 -1.065370
v -12.991112 6.215932 -1.080727
v -12.986446 6.203215 -1.098607
v -12.993484 6.449139 -1.113601
v -13.004704 6.436421 -1.109692
v -13.014336 6.416191 -1.106331
v -13.021729 6.389827 -1.103755
v -13.026375 6.359125 -1.102134
v -13.027962 6.326177 -1.101581
v -13.026375 6.293229 -1.102134
v -13.021729 6.262527 -1.103755
v -13.014336 6.236162 -1.106331
v -13.004704 6.215932 -1.109692
v -12.993484 6.203215 -1.113601
v -12.997295 6.449139 -1.129717
v -13.012062 6.436421 -1.140828
v -13.024746 6.416191 -1.150366
v -13.034477 6.389827 -1.157686
v -13.040596 6.359125 -1.162287
v -13.042683 6.326177 -1.163857
v -13.040596 6.293229 -1.162287
v -13.034477 6.262527 -1.157686
v -13.024746 6.236162 -1.150366
v -13.012062 6.215932 -1.140828
v -12.997295 6.203215 -1.129717
v -12.996857 6.449139 -1.142642
v -13.011219 6.436421 -1.165793
v -13.023552 6.416191 -1.185676
v -13.033016 6.389827 -1.200930
v -13.038965 6.359125 -1.210519
v -13.040993 6.326177 -1.213791
v -13.038965 6.293229 -1.210519
v -13.033016 6.262527 -1.200930
v -13.023552 6.236162 -1.185676
v -13.011219 6.215932 -1.165793
v -12.996857 6.203215 -1.142642
v -12.992290 6.449139 -1.148908
v -13.002396 6.436421 -1.177900
v -13.011078 6.416191 -1.202796
v -13.017736 6.389827 -1.221898
v -13.021923 6.359125 -1.233907
v -13.023350 6.326177 -1.238003
v -13.021923 6.293229 -1.233907
v -13.017736 6.262527 -1.221898
v -13.011078 6.236162 -1.202796
v -13.002396 6.215932 -1.177900
v -12.992290 6.203215 -1.148908
v -12.981445 6.453476 -1.117798
v -12.981445 6.198877 -1.117798
v -12.970598 6.449139 -1.086686
v -12.951815 6.416191 -1.032802
v -12.951815 6.236162 -1.032802
v -13.468494 8.209678 -5.936180
v -13.468494 8.476986 -5.936180
v -13.445114 8.209678 -5.929914
v -13.445114 8.476986 -5.929914
v -13.427999 8.209678 -5.912799
v -13.427999 8.476986 -5.912799
v -13.421734 8.209678 -5.889421
v -13.421734 8.476986 -5.889421
v -13.427999 8.209678 -5.866042
v -13.427999 8.476986 -5.866042
v -13.445114 8.209678 -5.848927
v -13.445114 8.476986 -5.848927
v -13.468494 8.209678 -5.842662
v -13.468494 8.476986 -5.842662
v -13.491873 8.209678 -5.848927
v -13.491873 8.476986 -5.848927
v -13.508987 8.209678 -5.866042
v -13.508987 8.476986 -5.866042
v -13.515251 8.209678 -5.889421
v -13.515251 8.476986 -5.889421
v -13.508987 8.209678 -5.912799
v -13.508987 8.476986 -5.912799
v -13.491873 8.209678 -5.929914
v -13.491873 8.476986 -5.929914
v -13.468494 8.476986 -5.960200
v -13.433105 8.476986 -5.950717
v -13.407196 8.476986 -5.924810
v -13.397717 8.476986 -5.889421
v -13.407196 8.476986 -5.854032
v -13.433105 8.476986 -5.828124
v -13.468494 8.476986 -5.818642
v -13.503883 8.476986 -5.828124
v -13.529793 8.476986 -5.854032
v -13.539272 8.476986 -5.889421
v -13.529793 8.476986 -5.924810
v -13.503883 8.476986 -5.950717
v -13.468494 8.554581 -5.889421
v -11.917801 8.375793 -4.483774
v -11.917801 8.643100 -4.483774
v -11.894423 8.375793 -4.477509
v -11.894423 8.643100 -4.477509
v -11.877308 8.375793 -4.460394
v -11.877308 8.643100 -4.460394
v -11.871044 8.375793 -4.437016
v -11.871044 8.643100 -4.437016
v -11.877308 8.375793 -4.413635
v -11.877308 8.643100 -4.413635
v -11.894423 8.375793 -4.396522
v -11.894423 8.643100 -4.396522
v -11.917801 8.375793 -4.390256
v -11.917801 8.643100 -4.390256
v -11.941181 8.375793 -4.396522
v -11.941181 8.643100 -4.396522
v -11.958296 8.375793 -4.413635
v -11.958296 8.643100 -4.413635
v -11.964560 8.375793 -4.437016
v -11.964560 8.643100 -4.437016
v -11.958296 8.375793 -4.460394
v -11.958296 8.643100 -4.460394
v -11.941181 8.375793 -4.477509
v -11.941181 8.643100 -4.477509
v -11.917801 8.643100 -4.507794
v -11.882412 8.643100 -4.498312
v -11.856504 8.643100 -4.472405
v -11.847023 8.643100 -4.437016
v -11.856504 8.643100 -4.401626
v -11.882412 8.643100 -4.375719
v -11.917801 8.643100 -4.366235
v -11.953192 8.643100 -4.375719
v -11.979099 8.643100 -4.401626
v -11.988581 8.643100 -4.437016
v -11.979099 8.643100 -4.472405
v -11.953192 8.643100 -4.498312
v -11.917801 8.720695 -4.437016
v -14.290737 4.747942 -11.014931
v -14.290737 8.718317 -11.014932
v -14.306391 4.747942 -11.024356
v -14.306391 8.718317 -11.024357
v -14.306055 4.747942 -11.042625
v -14.306055 8.718317 -11.042626
v -14.290066 4.747942 -11.051470
v -14.290066 8.718317 -11.051471
v -14.274410 4.747942 -11.042044
v -14.274410 8.718317 -11.042045
v -14.274746 4.747942 -11.023774
v -14.274746 8.718317 -11.023775
v -14.290430 8.778507 -11.024064
v -14.278902 8.768687 -11.014713
v -14.290092 8.778507 -11.042334
v -14.278233 8.768687 -11.051252
v -14.266703 8.758868 -11.041903
v -14.267040 8.758868 -11.023633
v -14.245644 8.834720 -11.023240
v -14.238297 8.820795 -11.013968
v -14.245308 8.834720 -11.041510
v -14.237623 8.820795 -11.050506
v -14.230274 8.806870 -11.041233
v -14.230610 8.806870 -11.022964
v -14.198227 8.854904 -11.022367
v -14.194489 8.839737 -11.013162
v -14.197891 8.854904 -11.040638
v -14.193815 8.839737 -11.049701
v -14.190075 8.824572 -11.040494
v -14.190411 8.824572 -11.022224
v -14.147190 8.858600 -11.021430
v -14.147770 8.842780 -11.012303
v -14.146854 8.858600 -11.039700
v -14.147099 8.842780 -11.048842
v -14.147678 8.826962 -11.039715
v -14.148012 8.826962 -11.021445
v -14.098015 8.842902 -11.020526
v -14.106255 8.829291 -11.011540
v -14.097681 8.842902 -11.038796
v -14.105583 8.829291 -11.048079
v -14.113823 8.815682 -11.039092
v -14.114161 8.815682 -11.020823
v -14.051012 8.805337 -11.019662
v -14.064737 8.797176 -11.010776
v -14.050676 8.805337 -11.037930
v -14.064064 8.797176 -11.047316
v -14.077789 8.789016 -11.038429
v -14.078125 8.789016 -11.020160
v -14.030298 8.744729 -11.019279
v -14.046183 8.742899 -11.010435
v -14.029963 8.744729 -11.037550
v -14.045511 8.742899 -11.046974
v -14.061394 8.741069 -11.038128
v -14.061729 8.741069 -11.019858
v -14.030092 8.615576 -11.019277
v -14.045975 8.613746 -11.010431
v -14.029758 8.615576 -11.037546
v -14.045305 8.613746 -11.046970
v -14.061188 8.611916 -11.038124
v -14.061523 8.611916 -11.019855
v -14.287090 8.728767 -11.029216
v -14.287090 8.718631 -11.029216
v -14.286903 8.728767 -11.039350
v -14.286903 8.718631 -11.039350
v -14.053734 8.728767 -11.024924
v -14.053734 8.718631 -11.024924
v -14.053545 8.728767 -11.035059
v -14.053545 8.718631 -11.035059
v -14.287090 8.613848 -11.029216
v -14.287090 8.603711 -11.029216
v -14.286903 8.613848 -11.039350
v -14.286903 8.603711 -11.039350
v -14.053734 8.613848 -11.024924
v -14.053734 8.603711 -11.024924
v -14.053545 8.613848 -11.035059
v -14.053545 8.603711 -11.035059
v -14.287090 8.268771 -11.029216
v -14.287090 8.258636 -11.029216
v -14.286903 8.268771 -11.039350
v -14.286903 8.258636 -11.039350
v -14.053734 8.268771 -11.024924
v -14.053734 8.258636 -11.024924
v -14.053545 8.268771 -11.035059
v -14.053545 8.258636 -11.035059
v -14.287090 7.529698 -11.029216
v -14.287090 7.519562 -11.029216
v -14.286903 7.529698 -11.039350
v -14.286903 7.519562 -11.039350
v -14.053734 7.529698 -11.024924
v -14.053734 7.519562 -11.024924
v -14.053545 7.529698 -11.035059
v -14.053545 7.519562 -11.035059
v -14.287090 6.515650 -11.029216
v -14.287090 6.505514 -11.029216
v -14.286903 6.515650 -11.039350
v -14.286903 6.505514 -11.039350
v -14.053734 6.515650 -11.024924
v -14.053734 6.505514 -11.024924
v -14.053545 6.515650 -11.035059
v -14.053545 6.505514 -11.035059
v -14.287090 5.898109 -11.029215
v -14.287090 5.887973 -11.029215
v -14.286903 5.898109 -11.039349
v -14.286903 5.887973 -11.039349
v -14.053734 5.898109 -11.024923
v -14.053734 5.887973 -11.024923
v -14.053545 5.898109 -11.035058
v -14.053545 5.887973 -11.035058
v -14.293024 4.747942 -10.808887
v -14.293024 8.718317 -10.808887
v -14.308678 4.747942 -10.818314
v -14.308678 8.718317 -10.818315
v -14.308342 4.747942 -10.836583
v -14.308342 8.718317 -10.836584
v -14.292351 4.747942 -10.845427
v -14.292351 8.718317 -10.845428
v -14.276699 4.747942 -10.836000
v -14.276699 8.718317 -10.836001
v -14.277033 4.747942 -10.817732
v -14.277033 8.718317 -10.817733
v -14.292717 8.778507 -10.818021
v -14.281189 8.768687 -10.808671
v -14.292381 8.778507 -10.836290
v -14.280518 8.768687 -10.845210
v -14.268990 8.758868 -10.835860
v -14.269327 8.758868 -10.817591
v -14.247932 8.834720 -10.817197
v -14.240583 8.820795 -10.807924
v -14.247597 8.834720 -10.835467
v -14.239910 8.820795 -10.844463
v -14.232563 8.806870 -10.835191
v -14.232899 8.806870 -10.816921
v -14.200516 8.854904 -10.816325
v -14.196775 8.839737 -10.807119
v -14.200180 8.854904 -10.834595
v -14.196102 8.839737 -10.843657
v -14.192360 8.824572 -10.834452
v -14.192698 8.824572 -10.816182
v -14.149479 8.858600 -10.815388
v -14.150057 8.842780 -10.806260
v -14.149141 8.858600 -10.833656
v -14.149384 8.842780 -10.842799
v -14.149963 8.826962 -10.833672
v -14.150299 8.826962 -10.815402
v -14.100304 8.842902 -10.814484
v -14.108543 8.829291 -10.805497
v -14.099968 8.842902 -10.832753
v -14.107872 8.829291 -10.842036
v -14.116112 8.815682 -10.833050
v -14.116447 8.815682 -10.814780
v -14.053299 8.805337 -10.813619
v -14.067024 8.797176 -10.804734
v -14.052963 8.805337 -10.831889
v -14.066353 8.797176 -10.841272
v -14.080074 8.789016 -10.832387
v -14.080412 8.789016 -10.814116
v -14.032585 8.744729 -10.813238
v -14.048470 8.742899 -10.804392
v -14.032249 8.744729 -10.831508
v -14.047798 8.742899 -10.840932
v -14.063681 8.741069 -10.832086
v -14.064018 8.741069 -10.813816
v -14.032379 8.615576 -10.813234
v -14.048264 8.613746 -10.804389
v -14.032043 8.615576 -10.831504
v -14.047592 8.613746 -10.840927
v -14.063473 8.611916 -10.832082
v -14.063810 8.611916 -10.813812
v -14.289379 8.728767 -10.823174
v -14.289379 8.718631 -10.823174
v -14.289192 8.728767 -10.833308
v -14.289192 8.718631 -10.833308
v -14.056019 8.728767 -10.818883
v -14.056019 8.718631 -10.818883
v -14.055832 8.728767 -10.829019
v -14.055832 8.718631 -10.829019
v -14.289379 8.613848 -10.823174
v -14.289379 8.603711 -10.823174
v -14.289192 8.613848 -10.833308
v -14.289192 8.603711 -10.833308
v -14.056019 8.613848 -10.818883
v -14.056019 8.603711 -10.818883
v -14.055832 8.613848 -10.829019
v -14.055832 8.603711 -10.829019
v -14.289379 8.268771 -10.823174
v -14.289379 8.258636 -10.823174
v -14.289192 8.268771 -10.833308
v -14.289192 8.258636 -10.833308
v -14.056019 8.268771 -10.818883
v -14.056019 8.258636 -10.818883
v -14.055832 8.268771 -10.829019
v -14.055832 8.258636 -10.829019
v -14.289379 7.529698 -10.823174
v -14.289379 7.519562 -10.823174
v -14.289192 7.529698 -10.833308
v -14.289192 7.519562 -10.833308
v -14.056019 7.529698 -10.818883
v -14.056019 7.519562 -10.818883
v -14.055832 7.529698 -10.829019
v -14.055832 7.519562 -10.829019
v -14.289379 6.515650 -10.823174
v -14.289379 6.505514 -10.823174
v -14.289192 6.515650 -10.833308
v -14.289192 6.505514 -10.833308
v -14.056019 6.515650 -10.818883
v -14.056019 6.505514 -10.818883
v -14.055832 6.515650 -10.829019
v -14.055832 6.505514 -10.829019
v -14.289379 5.898109 -10.823173
v -14.289379 5.887973 -10.823173
v -14.289192 5.898109 -10.833307
v -14.289192 5.887973 -10.833307
v -14.056019 5.898109 -10.818882
v -14.056019 5.887973 -10.818882
v -14.055832 5.898109 -10.829018
v -14.055832 5.887973 -10.829018
v -14.297733 8.577351 -11.033957
v -14.297733 8.567214 -11.033957
v -14.287596 8.577351 -11.033957
v -14.287596 8.567214 -11.033957
v -14.297710 8.577351 -10.825893
v -14.297710 8.567214 -10.825893
v -14.287575 8.577351 -10.825894
v -14.287575 8.567214 -10.825894
v -14.297733 8.425305 -11.033957
v -14.297733 8.415168 -11.033957
v -14.287596 8.425305 -11.033957
v -14.287596 8.415168 -11.033957
v -14.297710 8.425305 -10.825893
v -14.297710 8.415168 -10.825893
v -14.287575 8.425305 -10.825894
v -14.287575 8.415168 -10.825894
v -14.297733 8.273259 -11.033957
v -14.297733 8.263124 -11.033957
v -14.287596 8.273259 -11.033957
v -14.287596 8.263124 -11.033957
v -14.297710 8.273259 -10.825893
v -14.297710 8.263124 -10.825893
v -14.287575 8.273259 -10.825894
v -14.287575 8.263124 -10.825894
v -14.297733 8.121213 -11.033957
v -14.297733 8.111076 -11.033957
v -14.287596 8.121213 -11.033957
v -14.287596 8.111076 -11.033957
v -14.297710 8.121213 -10.825893
v -14.297710 8.111076 -10.825893
v -14.287575 8.121213 -10.825894
v -14.287575 8.111076 -10.825894
v -14.297733 7.969167 -11.033957
v -14.297733 7.959031 -11.033957
v -14.287596 7.969167 -11.033957
v -14.287596 7.959031 -11.033957
v -14.297710 7.969167 -10.825893
v -14.297710 7.959031 -10.825893
v -14.287575 7.969167 -10.825894
v -14.287575 7.959031 -10.825894
v -14.297733 7.817121 -11.033957
v -14.297733 7.806984 -11.033957
v -14.287596 7.817121 -11.033957
v -14.287596 7.806984 -11.033957
v -14.297710 7.817121 -10.825893
v -14.297710 7.806984 -10.825893
v -14.287575 7.817121 -10.825894
v -14.287575 7.806984 -10.825894
v -14.297733 7.665074 -11.033957
v -14.297733 7.654938 -11.033957
v -14.287596 7.665074 -11.033957
v -14.287596 7.654938 -11.033957
v -14.297710 7.665074 -10.825893
v -14.297710 7.654938 -10.825893
v -14.287575 7.665074 -10.825894
v -14.287575 7.654938 -10.825894
v -14.297733 7.513028 -11.033957
v -14.297733 7.502892 -11.033957
v -14.287596 7.513028 -11.033957
v -14.287596 7.502892 -11.033957
v -14.297710 7.513028 -10.825893
v -14.297710 7.502892 -10.825893
v -14.287575 7.513028 -10.825894
v -14.287575 7.502892 -10.825894
v -14.297733 7.360982 -11.033957
v -14.297733 7.350846 -11.033957
v -14.287596 7.360982 -11.033957
v -14.287596 7.350846 -11.033957
v -14.297710 7.360982 -10.825893
v -14.297710 7.350846 -10.825893
v -14.287575 7.360982 -10.825894
v -14.287575 7.350846 -10.825894
v -14.297733 7.208936 -11.033957
v -14.297733 7.198800 -11.033957
v -14.287596 7.208936 -11.033957
v -14.287596 7.198800 -11.033957
v -14.297710 7.208936 -10.825893
v -14.297710 7.198800 -10.825893
v -14.287575 7.208936 -10.825894
v -14.287575 7.198800 -10.825894
v -14.297733 7.056890 -11.033957
v -14.297733 7.046753 -11.033957
v -14.287596 7.056890 -11.033957
v -14.287596 7.046753 -11.033957
v -14.297710 7.056890 -10.825893
v -14.297710 7.046753 -10.825893
v -14.287575 7.056890 -10.825894
v -14.287575 7.046753 -10.825894
v -14.297733 6.904844 -11.033957
v -14.297733 6.894708 -11.033957
v -14.287596 6.904844 -11.033957
v -14.287596 6.894708 -11.033957
v -14.297710 6.904844 -10.825893
v -14.297710 6.894708 -10.825893
v -14.287575 6.904844 -10.825894
v -14.287575 6.894708 -10.825894
v -14.297733 6.752798 -11.033957
v -14.297733 6.742661 -11.033957
v -14.287596 6.752798 -11.033957
v -14.287596 6.742661 -11.033957
v -14.297710 6.752798 -10.825893
v -14.297710 6.742661 -10.825893
v -14.287575 6.752798 -10.825894
v -14.287575 6.742661 -10.825894
v -14.297733 6.600752 -11.033957
v -14.297733 6.590615 -11.033957
v -14.287596 6.600752 -11.033957
v -14.287596 6.590615 -11.033957
v -14.297710 6.600752 -10.825893
v -14.297710 6.590615 -10.825893
v -14.287575 6.600752 -10.825894
v -14.287575 6.590615 -10.825894
v -14.297733 6.448706 -11.033957
v -14.297733 6.438569 -11.033957
v -14.287596 6.448706 -11.033957
v -14.287596 6.438569 -11.033957
v -14.297710 6.448706 -10.825893
v -14.297710 6.438569 -10.825893
v -14.287575 6.448706 -10.825894
v -14.287575 6.438569 -10.825894
v -14.297733 6.296659 -11.033956
v -14.297733 6.286523 -11.033956
v -14.287596 6.296659 -11.033957
v -14.287596 6.286523 -11.033957
v -14.297710 6.296659 -10.825892
v -14.297710 6.286523 -10.825892
v -14.287575 6.296659 -10.825893
v -14.287575 6.286523 -10.825893
v -14.297733 6.144613 -11.033956
v -14.297733 6.134477 -11.033956
v -14.287596 6.144613 -11.033957
v -14.287596 6.134477 -11.033957
v -14.297710 6.144613 -10.825892
v -14.297710 6.134477 -10.825892
v -14.287575 6.144613 -10.825893
v -14.287575 6.134477 -10.825893
v -14.297733 5.992567 -11.033956
v -14.297733 5.982431 -11.033956
v -14.287596 5.992567 -11.033957
v -14.287596 5.982431 -11.033957
v -14.297710 5.992567 -10.825892
v -14.297710 5.982431 -10.825892
v -14.287575 5.992567 -10.825893
v -14.287575 5.982431 -10.825893
v -14.297733 5.840521 -11.033956
v -14.297733 5.830385 -11.033956
v -14.287596 5.840521 -11.033957
v -14.287596 5.830385 -11.033957
v -14.297710 5.840521 -10.825892
v -14.297710 5.830385 -10.825892
v -14.287575 5.840521 -10.825893
v -14.287575 5.830385 -10.825893
v -14.297733 5.688475 -11.033956
v -14.297733 5.678339 -11.033956
v -14.287596 5.688475 -11.033957
v -14.287596 5.678339 -11.033957
v -14.297710 5.688475 -10.825892
v -14.297710 5.678339 -10.825892
v -14.287575 5.688475 -10.825893
v -14.287575 5.678339 -10.825893
v -14.297733 5.536429 -11.033956
v -14.297733 5.526293 -11.033956
v -14.287596 5.536429 -11.033957
v -14.287596 5.526293 -11.033957
v -14.297710 5.536429 -10.825892
v -14.297710 5.526293 -10.825892
v -14.287575 5.536429 -10.825893
v -14.287575 5.526293 -10.825893
v -14.297733 5.384383 -11.033956
v -14.297733 5.374247 -11.033956
v -14.287596 5.384383 -11.033957
v -14.287596 5.374247 -11.033957
v -14.297710 5.384383 -10.825892
v -14.297710 5.374247 -10.825892
v -14.287575 5.384383 -10.825893
v -14.287575 5.374247 -10.825893
v -1.572223 6.589459 -20.815308
v -1.572412 6.238532 -20.815308
v -1.622838 6.238560 -20.815308
v -1.622757 6.390354 -20.815308
v -1.694648 6.391274 -20.815308
v -1.728028 6.398024 -20.815308
v -1.754329 6.410666 -20.815308
v -1.773752 6.428328 -20.815308
v -1.786498 6.450139 -20.815308
v -1.792768 6.475225 -20.815308
v -1.792797 6.502384 -20.815308
v -1.786850 6.527925 -20.815308
v -1.774796 6.550290 -20.815308
v -1.756447 6.568506 -20.815308
v -1.731619 6.581602 -20.815308
v -1.700127 6.588604 -20.815308
v -1.622674 6.544206 -20.815308
v -1.692643 6.543682 -20.815308
v -1.710497 6.539510 -20.815308
v -1.723786 6.531948 -20.815308
v -1.728875 6.527153 -20.815308
v -1.736254 6.516062 -20.815308
v -1.740317 6.503653 -20.815308
v -1.741565 6.490756 -20.815308
v -1.741072 6.482322 -20.815308
v -1.739609 6.474526 -20.815308
v -1.733920 6.460927 -20.815308
v -1.729770 6.455157 -20.815308
v -1.719047 6.445765 -20.815308
v -1.705341 6.439362 -20.815308
v -1.688954 6.436085 -20.815308
v -1.679849 6.435666 -20.815308
v -1.622733 6.435635 -20.815308
v -1.572223 6.589459 -20.758705
v -1.572412 6.238532 -20.758705
v -1.622838 6.238560 -20.758705
v -1.622757 6.390354 -20.758705
v -1.694648 6.391274 -20.758705
v -1.728028 6.398024 -20.758709
v -1.754329 6.410666 -20.758705
v -1.773752 6.428328 -20.758705
v -1.780947 6.438768 -20.758705
v -1.786498 6.450139 -20.758705
v -1.792768 6.475225 -20.758705
v -1.792797 6.502384 -20.758705
v -1.786850 6.527925 -20.758705
v -1.781598 6.539566 -20.758705
v -1.774796 6.550290 -20.758705
v -1.756447 6.568506 -20.758705
v -1.731619 6.581602 -20.758705
v -1.700127 6.588604 -20.758705
v -1.622674 6.544206 -20.758705
v -1.681848 6.544238 -20.758705
v -1.692643 6.543682 -20.758705
v -1.710497 6.539510 -20.758705
v -1.723786 6.531948 -20.758705
v -1.728875 6.527153 -20.758705
v -1.736254 6.516062 -20.758705
v -1.740317 6.503653 -20.758705
v -1.741565 6.490756 -20.758705
v -1.739609 6.474526 -20.758709
v -1.733920 6.460927 -20.758705
v -1.729770 6.455157 -20.758705
v -1.719047 6.445765 -20.758709
v -1.712548 6.442182 -20.758705
v -1.705341 6.439362 -20.758705
v -1.688954 6.436085 -20.758705
v -1.622732 6.435635 -20.758705
v -14.059471 5.987292 -7.525840
v -14.059471 6.050343 -7.525840
v -14.057728 5.987292 -6.488629
v -14.057728 6.050343 -6.488629
v -14.517340 5.987292 -7.525071
v -14.517340 6.050343 -7.525071
v -14.515594 5.987292 -6.487859
v -14.515594 6.050343 -6.487859
v -14.470428 6.041606 -6.628796
v -14.237801 6.210096 -6.627756
v -14.464556 6.032010 -6.637727
v -14.231979 6.200500 -6.636718
v -14.456295 6.019692 -6.636765
v -14.223717 6.188183 -6.635798
v -14.450491 6.011871 -6.626471
v -14.450539 6.013127 -6.612876
v -14.456413 6.022725 -6.603944
v -14.464672 6.035041 -6.604908
v -14.231899 6.203532 -6.603899
v -14.470478 6.042862 -6.615201
v -14.217848 6.180363 -6.625536
v -14.217815 6.181619 -6.611942
v -14.223635 6.191216 -6.602981
v -14.237766 6.211352 -6.614161
v -14.234173 6.202940 -6.645585
v -14.243052 6.217582 -6.631910
v -14.221565 6.184150 -6.644183
v -14.212563 6.174133 -6.607788
v -14.212614 6.172217 -6.628527
v -14.221441 6.188776 -6.594114
v -14.234049 6.207565 -6.595515
v -14.243000 6.219498 -6.611173
v -13.961241 6.395376 -6.646443
v -13.970514 6.410017 -6.633006
v -13.948679 6.376585 -6.644714
v -13.940739 6.366570 -6.608100
v -13.940186 6.364655 -6.628833
v -13.950012 6.381210 -6.594664
v -13.962574 6.400002 -6.596392
v -13.971067 6.411932 -6.612274
v -14.466555 6.041606 -7.432523
v -14.233925 6.210096 -7.431483
v -14.460682 6.032010 -7.441454
v -14.228106 6.200500 -7.440446
v -14.452423 6.019692 -7.440492
v -14.219841 6.188183 -7.439528
v -14.446617 6.011871 -7.430199
v -14.446665 6.013127 -7.416605
v -14.452539 6.022725 -7.407672
v -14.460798 6.035041 -7.408636
v -14.228027 6.203532 -7.407628
v -14.466602 6.042862 -7.418930
v -14.213974 6.180363 -7.429265
v -14.213940 6.181619 -7.415670
v -14.219761 6.191216 -7.406708
v -14.233891 6.211352 -7.417890
v -14.230297 6.202940 -7.449313
v -14.239178 6.217582 -7.435638
v -14.217691 6.184150 -7.447910
v -14.208689 6.174133 -7.411516
v -14.208740 6.172217 -7.432255
v -14.217567 6.188776 -7.397842
v -14.230175 6.207565 -7.399244
v -14.239128 6.219498 -7.414900
v -13.957367 6.395376 -7.450171
v -13.966640 6.410017 -7.436733
v -13.944805 6.376585 -7.448442
v -13.936863 6.366570 -7.411829
v -13.936312 6.364655 -7.432561
v -13.946138 6.381210 -7.398391
v -13.958700 6.400002 -7.400119
v -13.967194 6.411932 -7.416001
vn -0.0000 0.9577 -0.2877
vn -0.0000 0.9895 -0.1448
vn 0.0282 0.9895 -0.1420
vn 0.0561 0.9577 -0.2821
vn -0.0000 0.9006 -0.4346
vn 0.0848 0.9006 -0.4263
vn -0.0000 0.8110 -0.5850
vn 0.1141 0.8110 -0.5738
vn -0.0000 0.6796 -0.7336
vn 0.1431 0.6796 -0.7195
vn -0.0000 0.4978 -0.8673
vn 0.1692 0.4978 -0.8507
vn -0.0000 0.3930 -0.9195
vn 0.1794 0.3930 -0.9019
vn -0.0000 1.0000 -0.0000
vn 0.0554 0.9895 -0.1338
vn 0.1101 0.9577 -0.2658
vn 0.1663 0.9006 -0.4015
vn 0.2239 0.8110 -0.5405
vn 0.2807 0.6796 -0.6778
vn 0.3319 0.4978 -0.8013
vn 0.3519 0.3930 -0.8495
vn 0.2415 0.9006 -0.3614
vn 0.3250 0.8110 -0.4864
vn 0.4076 0.6796 -0.6100
vn 0.4819 0.4978 -0.7211
vn 0.5109 0.3930 -0.7646
vn 0.0804 0.9895 -0.1204
vn 0.1598 0.9577 -0.2392
vn 0.1024 0.9895 -0.1024
vn 0.2034 0.9577 -0.2034
vn 0.3073 0.9006 -0.3073
vn 0.4137 0.8110 -0.4137
vn 0.5187 0.6796 -0.5187
vn 0.6133 0.4978 -0.6133
vn 0.6502 0.3930 -0.6502
vn 0.4864 0.8110 -0.3250
vn 0.6100 0.6796 -0.4076
vn 0.7211 0.4978 -0.4819
vn 0.7646 0.3930 -0.5109
vn 0.1204 0.9895 -0.0804
vn 0.2392 0.9577 -0.1598
vn 0.3614 0.9006 -0.2415
vn 0.1338 0.9895 -0.0554
vn 0.2658 0.9577 -0.1101
vn 0.4015 0.9006 -0.1663
vn 0.5405 0.8110 -0.2239
vn 0.6778 0.6796 -0.2807
vn 0.8013 0.4978 -0.3319
vn 0.8495 0.3930 -0.3519
vn 0.7195 0.6796 -0.1431
vn 0.8507 0.4978 -0.1692
vn 0.9019 0.3930 -0.1794
vn 0.1420 0.9895 -0.0282
vn 0.2821 0.9577 -0.0561
vn 0.4263 0.9006 -0.0848
vn 0.5738 0.8110 -0.1141
vn 0.1448 0.9895 -0.0000
vn 0.2877 0.9577 -0.0000
vn 0.4346 0.9006 -0.0000
vn 0.5850 0.8110 -0.0000
vn 0.7336 0.6796 -0.0000
vn 0.8673 0.4978 -0.0000
vn 0.9195 0.3930 -0.0000
vn 0.7195 0.6796 0.1431
vn 0.8507 0.4978 0.1692
vn 0.9019 0.3930 0.1794
vn 0.1420 0.9895 0.0282
vn 0.2821 0.9577 0.0561
vn 0.4263 0.9006 0.0848
vn 0.5738 0.8110 0.1141
vn 0.2658 0.9577 0.1101
vn 0.4015 0.9006 0.1663
vn 0.5405 0.8110 0.2239
vn 0.6778 0.6796 0.2807
vn 0.8013 0.4978 0.3319
vn 0.8495 0.3930 0.3519
vn 0.1338 0.9895 0.0554
vn 0.7211 0.4978 0.4819
vn 0.7646 0.3930 0.5109
vn 0.1204 0.9895 0.0804
vn 0.2392 0.9577 0.1598
vn 0.3614 0.9006 0.2415
vn 0.4864 0.8110 0.3250
vn 0.6100 0.6796 0.4076
vn 0.2034 0.9577 0.2034
vn 0.3073 0.9006 0.3073
vn 0.4137 0.8110 0.4137
vn 0.5187 0.6796 0.5187
vn 0.6133 0.4978 0.6133
vn 0.6502 0.3930 0.6502
vn 0.1024 0.9895 0.1024
vn 0.4819 0.4978 0.7211
vn 0.5109 0.3930 0.7646
vn 0.0804 0.9895 0.1204
vn 0.1598 0.9577 0.2392
vn 0.2415 0.9006 0.3614
vn 0.3250 0.8110 0.4864
vn 0.4076 0.6796 0.6100
vn 0.1663 0.9006 0.4015
vn 0.2239 0.8110 0.5405
vn 0.2807 0.6796 0.6778
vn 0.3319 0.4978 0.8013
vn 0.3519 0.3930 0.8495
vn 0.0554 0.9895 0.1338
vn 0.1101 0.9577 0.2658
vn 0.0282 0.9895 0.1420
vn 0.0561 0.9577 0.2821
vn 0.0848 0.9006 0.4263
vn 0.1141 0.8110 0.5738
vn 0.1431 0.6796 0.7195
vn 0.1692 0.4978 0.8507
vn 0.1794 0.3930 0.9019
vn -0.0000 0.8110 0.5850
vn -0.0000 0.6796 0.7336
vn -0.0000 0.4978 0.8673
vn -0.0000 0.3930 0.9195
vn -0.0000 0.9895 0.1448
vn -0.0000 0.9577 0.2877
vn -0.0000 0.9006 0.4346
vn -0.0282 0.9895 0.1420
vn -0.0561 0.9577 0.2821
vn -0.0848 0.9006 0.4263
vn -0.1141 0.8110 0.5738
vn -0.1431 0.6796 0.7195
vn -0.1692 0.4978 0.8507
vn -0.1794 0.3930 0.9019
vn -0.2239 0.8110 0.5405
vn -0.2807 0.6796 0.6778
vn -0.3319 0.4978 0.8013
vn -0.3519 0.3930 0.8495
vn -0.0554 0.9895 0.1338
vn -0.1101 0.9577 0.2658
vn -0.1663 0.9006 0.4015
vn -0.0804 0.9895 0.1204
vn -0.1598 0.9577 0.2392
vn -0.2415 0.9006 0.3614
vn -0.3250 0.8110 0.4864
vn -0.4076 0.6796 0.6100
vn -0.4819 0.4978 0.7211
vn -0.5109 0.3930 0.7646
vn -0.5187 0.6796 0.5187
vn -0.6133 0.4978 0.6133
vn -0.6502 0.3930 0.6502
vn -0.1024 0.9895 0.1024
vn -0.2034 0.9577 0.2034
vn -0.3073 0.9006 0.3073
vn -0.4137 0.8110 0.4137
vn -0.1204 0.9895 0.0804
vn -0.2392 0.9577 0.1598
vn -0.3614 0.9006 0.2415
vn -0.4864 0.8110 0.3250
vn -0.6100 0.6796 0.4076
vn -0.7211 0.4978 0.4819
vn -0.7646 0.3930 0.5109
vn -0.6778 0.6796 0.2807
vn -0.8013 0.4978 0.3319
vn -0.8495 0.3930 0.3519
vn -0.1338 0.9895 0.0554
vn -0.2658 0.9577 0.1101
vn -0.4015 0.9006 0.1663
vn -0.5405 0.8110 0.2239
vn -0.2821 0.9577 0.0561
vn -0.4263 0.9006 0.0848
vn -0.5738 0.8110 0.1141
vn -0.7195 0.6796 0.1431
vn -0.8507 0.4978 0.1692
vn -0.9019 0.3930 0.1794
vn -0.1420 0.9895 0.0282
vn -0.8673 0.4978 -0.0000
vn -0.9195 0.3930 -0.0000
vn -0.1448 0.9895 -0.0000
vn -0.2877 0.9577 -0.0000
vn -0.4346 0.9006 -0.0000
vn -0.5850 0.8110 -0.0000
vn -0.7336 0.6796 -0.0000
vn -0.4263 0.9006 -0.0848
vn -0.5738 0.8110 -0.1141
vn -0.7195 0.6796 -0.1431
vn -0.8507 0.4978 -0.1692
vn -0.9019 0.3930 -0.1794
vn -0.1420 0.9895 -0.0282
vn -0.2821 0.9577 -0.0561
vn -0.1338 0.9895 -0.0554
vn -0.2658 0.9577 -0.1101
vn -0.4015 0.9006 -0.1663
vn -0.5405 0.8110 -0.2239
vn -0.6778 0.6796 -0.2807
vn -0.8013 0.4978 -0.3319
vn -0.8495 0.3930 -0.3519
vn -0.3614 0.9006 -0.2415
vn -0.4864 0.8110 -0.3250
vn -0.6100 0.6796 -0.4076
vn -0.7211 0.4978 -0.4819
vn -0.7646 0.3930 -0.5109
vn -0.1204 0.9895 -0.0804
vn -0.2392 0.9577 -0.1598
vn -0.1024 0.9895 -0.1024
vn -0.2034 0.9577 -0.2034
vn -0.3073 0.9006 -0.3073
vn -0.4137 0.8110 -0.4137
vn -0.5187 0.6796 -0.5187
vn -0.6133 0.4978 -0.6133
vn -0.6502 0.3930 -0.6502
vn -0.3250 0.8110 -0.4864
vn -0.4076 0.6796 -0.6100
vn -0.4819 0.4978 -0.7211
vn -0.5109 0.3930 -0.7646
vn -0.0804 0.9895 -0.1204
vn -0.1598 0.9577 -0.2392
vn -0.2415 0.9006 -0.3614
vn -0.0554 0.9895 -0.1338
vn -0.1101 0.9577 -0.2658
vn -0.1663 0.9006 -0.4015
vn -0.2239 0.8110 -0.5405
vn -0.2807 0.6796 -0.6778
vn -0.3319 0.4978 -0.8013
vn -0.3519 0.3930 -0.8495
vn -0.1141 0.8110 -0.5738
vn -0.1431 0.6796 -0.7195
vn -0.1692 0.4978 -0.8507
vn -0.1794 0.3930 -0.9019
vn -0.0282 0.9895 -0.1420
vn -0.0561 0.9577 -0.2821
vn -0.0848 0.9006 -0.4263
vn 0.6889 -0.7248 -0.0000
vn 0.2131 -0.9025 0.3742
vn 0.9045 -0.3015 -0.3015
vn 0.9045 -0.3015 0.3015
vn -0.0000 -0.0000 1.0000
vn -0.1033 -0.6930 0.7135
vn -0.1314 -0.8821 0.4524
vn -0.0000 -1.0000 -0.0000
vn 0.7071 -0.7071 -0.0000
vn 0.5774 -0.5773 0.5773
vn -0.0000 -0.7071 0.7071
vn 0.7071 -0.0000 0.7071
vn 1.0000 -0.0000 -0.0000
vn 0.9047 0.3015 0.3012
vn 0.9044 0.3015 -0.3019
vn -0.0000 -0.0000 -1.0000
vn -0.0000 -0.7071 -0.7071
vn 0.8880 -0.2423 -0.3908
vn 0.7071 -0.0000 -0.7071
vn -0.1853 -0.7098 -0.6796
vn -0.2524 -0.7075 -0.6601
vn 0.0710 -0.3407 -0.9375
vn 0.0653 0.3302 -0.9417
vn -0.2122 -0.5736 -0.7912
vn -0.1824 -0.7140 -0.6760
vn 0.6889 -0.7249 -0.0000
vn 0.6405 -0.7617 -0.0981
vn 0.7142 -0.6909 -0.1121
vn 0.6745 -0.7071 -0.2122
vn 0.3909 -0.5798 -0.7149
vn 0.9712 0.2380 -0.0138
vn 0.7451 0.3722 -0.5535
vn 0.5773 -0.5774 -0.5774
vn 0.9046 -0.3010 0.3018
vn 0.9043 0.3020 0.3016
vn -0.0000 -0.6743 0.7385
vn 0.9048 0.3016 -0.3007
vn 0.9047 -0.3014 -0.3012
vn 0.5487 -0.6048 0.5772
vn 0.9055 -0.3013 -0.2988
vn 0.9036 -0.3017 0.3042
vn 0.9038 -0.3017 0.3035
vn 0.9052 -0.3014 -0.2996
vn 0.5770 -0.5792 -0.5758
vn 0.5777 -0.5755 0.5789
vn 0.9045 0.3015 0.3016
vn 0.9046 0.3015 -0.3014
vn 0.9712 -0.2380 -0.0153
vn 0.7434 -0.3725 -0.5555
vn 0.2826 -0.5659 -0.7746
vn 0.7577 -0.5911 0.2767
vn 0.9048 -0.3015 -0.3009
vn 0.9043 -0.3016 0.3021
vn 0.5773 -0.5766 0.5782
vn 0.5774 0.5778 0.5768
vn 0.9042 0.3025 -0.3016
vn 0.9050 -0.3005 -0.3011
vn -0.2505 -0.7248 -0.6418
vn -0.1975 -0.9154 -0.3507
vn -0.2638 -0.3047 -0.9152
vn -0.2441 -0.7202 -0.6495
vn 0.9046 0.3010 -0.3017
vn 0.9045 -0.3020 -0.3012
vn 0.9047 0.3006 0.3021
vn 0.9046 0.3018 -0.3009
vn -0.2467 -0.7029 -0.6671
vn 0.9037 0.3017 0.3037
vn 0.5778 -0.5747 0.5795
vn 0.5777 0.5752 0.5791
vn 0.9053 0.3013 -0.2993
vn 0.9711 0.2379 -0.0163
vn 0.9711 -0.2379 -0.0163
vn 0.7570 -0.5924 0.2757
vn 0.7570 0.5924 0.2757
vn 0.9046 0.3015 0.3015
vn 0.5773 0.5774 0.5773
vn 0.9045 0.3015 -0.3016
vn 0.6554 -0.7267 -0.2060
vn 0.7423 -0.3727 -0.5568
vn 0.6534 -0.7286 -0.2054
vn -0.0000 -0.8665 -0.4991
vn 0.7587 0.5890 0.2782
vn 0.7423 0.3727 -0.5568
vn 0.5775 0.5782 -0.5764
vn 0.7423 -0.3728 -0.5568
vn 0.5770 0.5795 -0.5755
vn 0.5769 -0.5800 -0.5752
vn 0.1326 -0.9092 -0.3947
vn -0.0000 -0.6009 -0.7993
vn 0.6511 -0.7293 -0.2100
vn 0.6536 -0.7269 -0.2107
vn 0.3725 -0.6095 -0.6999
vn -0.1005 -0.6743 0.7316
vn -0.0999 -0.6702 0.7354
vn -0.1024 -0.6872 0.7192
vn -0.0586 -0.3935 0.9175
vn 0.0713 0.3237 -0.9435
vn -0.5224 0.2589 -0.8125
vn 0.2825 -0.5648 -0.7754
vn -0.5185 0.2671 -0.8123
vn -0.5142 -0.2719 -0.8134
vn 0.5771 -0.5769 -0.5781
vn -0.5187 -0.2800 -0.8078
vn 0.0770 -0.3467 -0.9348
vn 0.5774 0.5773 0.5774
vn 0.5774 -0.5774 0.5774
vn 0.5774 -0.5774 -0.5774
vn 0.5773 0.5774 -0.5773
vn 0.5773 0.5777 0.5771
vn 0.5774 -0.5768 0.5778
vn 0.5773 -0.5779 -0.5769
vn 0.5774 0.5770 -0.5776
vn 0.5774 -0.5773 0.5774
vn 0.5773 -0.5774 -0.5773
vn 0.5774 0.5773 -0.5774
vn 0.2825 0.5648 -0.7754
vn 0.2824 -0.5648 -0.7754
vn 0.2824 0.5648 -0.7754
vn 0.2829 0.5675 -0.7732
vn 0.4564 0.5685 -0.6844
vn 0.4599 -0.5736 -0.6778
vn -0.6724 -0.5871 -0.4508
vn -0.6744 0.5813 -0.4552
vn 0.4535 0.5631 -0.6908
vn 0.4594 -0.5796 -0.6731
vn -0.6723 -0.5935 -0.4424
vn -0.6771 0.5740 -0.4605
vn 0.7549 0.6559 -0.0010
vn 0.6128 0.5308 0.5854
vn -0.1297 0.5940 -0.7939
vn -0.0982 0.6934 -0.7138
vn -0.0969 0.6980 -0.7095
vn 0.1010 0.7010 0.7060
vn 0.1013 0.7029 0.7041
vn 0.7532 0.6578 -0.0010
vn 0.7671 0.6301 -0.1205
vn 0.7518 0.6594 -0.0010
vn 0.4213 0.5438 -0.7258
vn 0.7104 0.6648 -0.2309
vn 0.7130 0.6617 -0.2318
vn 0.1101 0.7640 0.6358
vn 0.1397 0.9902 -0.0085
vn 0.1394 0.9902 -0.0124
vn 0.1087 0.9932 -0.0411
vn 0.1345 0.9909 -0.0082
vn 0.1343 0.9909 -0.0120
vn 0.1303 0.9914 -0.0080
vn 0.1301 0.9914 -0.0116
vn 0.1242 0.9917 -0.0327
vn 0.1227 0.9913 -0.0484
vn 0.1245 0.9919 -0.0238
vn 0.1164 0.9922 -0.0440
vn 0.1121 0.9914 -0.0677
vn 0.1151 0.9916 -0.0582
vn 0.1065 0.9929 -0.0537
vn 0.1034 0.9927 -0.0624
vn 0.1303 0.9915 -0.0029
vn 0.1345 0.9909 -0.0030
vn 0.1397 0.9902 -0.0031
vn 0.5772 0.5783 -0.5765
vn 0.5773 -0.5775 -0.5773
vn 0.9043 -0.3020 0.3018
vn 0.9044 0.3011 0.3023
vn 0.9044 -0.3025 0.3011
vn 0.9045 -0.3012 -0.3020
vn 0.5774 -0.5765 -0.5781
vn 0.5774 -0.5787 0.5760
vn 0.9042 -0.3021 0.3019
vn 0.9048 0.3009 0.3012
vn 0.5775 -0.5774 0.5771
vn 0.5772 0.5771 0.5777
vn 0.5774 0.5761 0.5785
vn 0.5775 -0.5775 0.5771
vn 0.5774 -0.5781 -0.5765
vn 0.5773 0.5767 -0.5781
vn 0.5773 0.5759 0.5788
vn 0.5773 0.5782 -0.5765
vn -0.6889 -0.7248 -0.0000
vn -0.9045 -0.3015 0.3015
vn -0.9045 -0.3015 -0.3015
vn -0.2131 -0.9025 0.3742
vn 0.1314 -0.8821 0.4524
vn 0.1033 -0.6930 0.7135
vn -0.5774 -0.5773 0.5773
vn -0.7071 -0.7071 -0.0000
vn -0.7071 -0.0000 0.7071
vn -0.9044 0.3015 -0.3019
vn -0.9047 0.3015 0.3012
vn -1.0000 -0.0000 -0.0000
vn -0.7071 -0.0000 -0.7071
vn -0.8880 -0.2423 -0.3908
vn 0.1853 -0.7098 -0.6796
vn -0.0653 0.3302 -0.9417
vn -0.0710 -0.3407 -0.9375
vn 0.2524 -0.7075 -0.6601
vn 0.1824 -0.7140 -0.6760
vn 0.2122 -0.5736 -0.7912
vn -0.6889 -0.7249 -0.0000
vn -0.7142 -0.6909 -0.1121
vn -0.6405 -0.7617 -0.0981
vn -0.6745 -0.7071 -0.2122
vn -0.7451 0.3722 -0.5535
vn -0.9712 0.2380 -0.0138
vn -0.3909 -0.5798 -0.7149
vn -0.5773 -0.5774 -0.5774
vn -0.9043 0.3020 0.3016
vn -0.9046 -0.3010 0.3018
vn -0.9047 -0.3014 -0.3012
vn -0.9048 0.3016 -0.3007
vn -0.5487 -0.6048 0.5772
vn -0.9036 -0.3017 0.3042
vn -0.9055 -0.3013 -0.2988
vn -0.9038 -0.3017 0.3035
vn -0.5777 -0.5755 0.5789
vn -0.5770 -0.5792 -0.5758
vn -0.9052 -0.3014 -0.2996
vn -0.9046 0.3015 -0.3014
vn -0.9045 0.3015 0.3016
vn -0.9712 -0.2380 -0.0153
vn -0.7577 -0.5911 0.2767
vn -0.2826 -0.5659 -0.7746
vn -0.7434 -0.3725 -0.5555
vn -0.9048 -0.3015 -0.3009
vn -0.9043 -0.3016 0.3021
vn -0.5774 0.5778 0.5768
vn -0.5773 -0.5766 0.5782
vn -0.9050 -0.3005 -0.3011
vn -0.9042 0.3025 -0.3016
vn 0.2505 -0.7248 -0.6418
vn 0.2441 -0.7201 -0.6495
vn 0.2638 -0.3047 -0.9152
vn 0.1975 -0.9154 -0.3507
vn -0.9045 -0.3020 -0.3012
vn -0.9046 0.3010 -0.3017
vn -0.9046 0.3018 -0.3009
vn -0.9047 0.3006 0.3021
vn 0.2467 -0.7029 -0.6671
vn -0.9037 0.3017 0.3037
vn -0.5777 0.5752 0.5791
vn -0.5778 -0.5747 0.5795
vn -0.9053 0.3013 -0.2993
vn -0.9711 0.2379 -0.0163
vn -0.7570 0.5924 0.2757
vn -0.7570 -0.5924 0.2757
vn -0.9711 -0.2379 -0.0163
vn -0.9047 0.3015 0.3011
vn -0.9046 0.3015 0.3015
vn -0.5773 0.5774 0.5773
vn -0.9045 0.3015 -0.3016
vn -0.6554 -0.7267 -0.2060
vn -0.7423 -0.3727 -0.5568
vn -0.6534 -0.7286 -0.2054
vn -0.7587 0.5890 0.2782
vn -0.7423 0.3728 -0.5568
vn -0.5775 0.5782 -0.5764
vn -0.7423 -0.3728 -0.5568
vn -0.7423 0.3727 -0.5568
vn -0.5769 -0.5800 -0.5752
vn -0.5770 0.5795 -0.5755
vn -0.1326 -0.9092 -0.3947
vn -0.6536 -0.7269 -0.2107
vn -0.6511 -0.7293 -0.2100
vn -0.3725 -0.6095 -0.6999
vn 0.1024 -0.6872 0.7192
vn 0.0999 -0.6702 0.7354
vn 0.1005 -0.6743 0.7316
vn 0.0586 -0.3935 0.9175
vn 0.5224 0.2589 -0.8125
vn -0.0713 0.3237 -0.9435
vn -0.2825 -0.5648 -0.7754
vn 0.5185 0.2671 -0.8123
vn 0.5142 -0.2719 -0.8134
vn -0.5771 -0.5769 -0.5781
vn 0.5187 -0.2799 -0.8078
vn -0.0770 -0.3467 -0.9348
vn -0.5774 0.5773 0.5774
vn -0.5773 0.5774 -0.5773
vn -0.5774 -0.5774 -0.5774
vn -0.5774 -0.5774 0.5774
vn -0.5773 0.5777 0.5771
vn -0.5774 0.5770 -0.5776
vn -0.5773 -0.5779 -0.5769
vn -0.5774 -0.5768 0.5778
vn -0.5773 -0.5774 -0.5773
vn -0.5774 -0.5773 0.5774
vn -0.5774 0.5773 -0.5774
vn -0.2825 0.5648 -0.7754
vn -0.2829 0.5675 -0.7732
vn -0.4564 0.5685 -0.6844
vn 0.6744 0.5813 -0.4552
vn 0.6724 -0.5871 -0.4508
vn -0.4599 -0.5736 -0.6778
vn -0.4535 0.5631 -0.6908
vn 0.6771 0.5740 -0.4605
vn 0.6723 -0.5935 -0.4424
vn -0.4594 -0.5796 -0.6731
vn -0.6128 0.5308 0.5854
vn -0.7549 0.6559 -0.0010
vn 0.0982 0.6934 -0.7138
vn 0.1297 0.5940 -0.7939
vn 0.0969 0.6980 -0.7095
vn -0.1013 0.7029 0.7041
vn -0.1010 0.7010 0.7060
vn -0.7532 0.6578 -0.0010
vn -0.7518 0.6594 -0.0010
vn -0.7671 0.6301 -0.1205
vn -0.7104 0.6648 -0.2309
vn -0.4213 0.5438 -0.7258
vn -0.7130 0.6617 -0.2318
vn -0.1101 0.7640 0.6358
vn -0.1397 0.9902 -0.0085
vn -0.1394 0.9902 -0.0124
vn -0.1087 0.9932 -0.0411
vn -0.1345 0.9909 -0.0082
vn -0.1343 0.9909 -0.0120
vn -0.1303 0.9914 -0.0080
vn -0.1301 0.9914 -0.0116
vn -0.1242 0.9917 -0.0327
vn -0.1227 0.9913 -0.0484
vn -0.1245 0.9919 -0.0238
vn -0.1164 0.9922 -0.0440
vn -0.1121 0.9914 -0.0677
vn -0.1034 0.9927 -0.0624
vn -0.1065 0.9929 -0.0537
vn -0.1151 0.9916 -0.0582
vn -0.1303 0.9915 -0.0029
vn -0.1345 0.9909 -0.0030
vn -0.1397 0.9902 -0.0031
vn -0.5773 -0.5775 -0.5773
vn -0.5772 0.5783 -0.5765
vn -0.9044 0.3011 0.3023
vn -0.9043 -0.3020 0.3018
vn -0.9044 -0.3025 0.3011
vn -0.5774 -0.5787 0.5760
vn -0.5774 -0.5766 -0.5781
vn -0.9045 -0.3012 -0.3020
vn -0.9042 -0.3021 0.3019
vn -0.9048 0.3009 0.3012
vn -0.5772 0.5771 0.5777
vn -0.5775 -0.5774 0.5771
vn -0.5774 0.5761 0.5785
vn -0.5775 -0.5775 0.5771
vn -0.5773 0.5767 -0.5781
vn -0.5774 -0.5781 -0.5765
vn -0.5773 0.5759 0.5788
vn -0.5773 0.5782 -0.5765
vn 0.6595 -0.7439 0.1086
vn 0.9865 0.0002 0.1638
vn 0.9294 0.2999 -0.2152
vn 0.9300 -0.2984 -0.2147
vn 0.9480 -0.3071 -0.0831
vn 0.6416 -0.7421 0.1942
vn 0.9568 -0.0000 0.2908
vn 0.9478 0.3075 -0.0838
vn 0.8113 0.2958 0.5043
vn 0.3049 -0.7356 0.6049
vn 0.4501 -0.0000 0.8930
vn 0.6764 0.3015 0.6720
vn 0.6764 -0.3015 0.6720
vn -0.3219 -0.7348 0.5971
vn -0.4745 -0.0000 0.8802
vn -0.1638 0.3015 0.9393
vn -0.1638 -0.3015 0.9393
vn -0.0609 -0.0000 0.9981
vn -0.0095 -0.0000 1.0000
vn -0.0067 0.7071 0.7071
vn 0.2930 0.3015 0.9073
vn -0.3651 -0.7570 0.5419
vn -0.4315 -0.7330 0.5258
vn -0.3408 -0.3015 0.8905
vn -0.8069 -0.3015 0.5079
vn 0.3551 -0.7611 0.5428
vn 0.1379 -0.3015 0.9434
vn -0.7382 -0.0000 0.6746
vn -0.4936 -0.7442 0.4501
vn -0.8905 -0.3015 0.3408
vn -0.8905 0.3015 0.3408
vn 0.5456 -0.0000 0.8381
vn 0.1379 0.3015 0.9434
vn -0.8760 -0.0000 0.4824
vn -0.5993 -0.7294 0.3300
vn -0.9378 -0.3015 0.1722
vn -0.9378 0.3015 0.1722
vn -0.6394 -0.7367 0.2201
vn -0.6489 -0.7500 0.1279
vn -0.7781 -0.3015 0.5511
vn -0.9531 -0.3015 -0.0260
vn -0.7410 -0.0000 -0.6716
vn -0.9808 -0.0000 0.1951
vn -0.9297 0.3015 -0.2114
vn -0.8706 0.3015 0.3887
vn -0.6400 -0.7289 0.2430
vn -0.6057 -0.7509 0.2632
vn -0.6420 -0.7100 0.2893
vn -0.6392 -0.7315 0.2374
vn 0.4311 -0.7337 0.5253
vn 0.3836 -0.7094 0.5913
vn 0.5900 -0.7356 0.3330
vn 0.6082 -0.7455 0.2725
vn 0.6387 -0.7135 0.2879
vn 0.5999 -0.7246 0.3392
vn -0.0759 -0.7371 0.6716
vn -0.0405 -0.7493 0.6609
vn -0.0418 -0.7252 0.6872
vn -0.0759 -0.7370 0.6716
vn -0.0064 -0.7372 0.6756
vn -0.0064 -0.7373 0.6756
vn 0.2842 -0.9354 -0.2105
vn 0.5972 -0.5860 -0.5477
vn 0.6939 -0.7106 0.1162
vn 0.6424 -0.7287 0.2374
vn 0.6692 -0.7145 0.2041
vn -0.6568 -0.7190 0.2273
vn -0.6961 -0.7043 0.1394
vn 0.2436 -0.7566 0.6068
vn 0.2588 -0.7163 0.6481
vn -0.3904 -0.7117 0.5839
vn 0.5429 -0.7489 0.3801
vn 0.5726 -0.7138 0.4033
vn -0.1324 -0.7583 0.6383
vn -0.1406 -0.7157 0.6841
vn 0.4873 -0.7471 0.4521
vn 0.5268 -0.7318 0.4324
vn 0.5092 -0.7180 0.4746
vn 0.1963 -0.7366 0.6473
vn 0.1963 -0.7365 0.6473
vn -0.5274 -0.7311 0.4328
vn -0.5124 -0.7193 0.4691
vn -0.9464 -0.0001 0.3231
vn -0.9457 0.0008 0.3252
vn -0.9103 -0.0002 0.4139
vn -0.9377 0.3015 0.1728
vn -0.6464 0.3016 0.7009
vn -0.7730 -0.0000 0.6344
vn -0.8905 -0.3015 0.3407
vn -0.8904 0.3015 0.3409
vn -0.5570 -0.0000 0.8305
vn -0.6946 0.3015 0.6531
vn -0.2903 -0.0000 0.9569
vn -0.3502 -0.0000 0.9367
vn -0.1122 -0.0000 0.9937
vn -0.2021 -0.0000 0.9794
vn -0.0438 -0.6957 0.7170
vn 0.2930 0.3013 0.9074
vn 0.7004 -0.0000 0.7138
vn 0.2156 -0.0000 0.9765
vn 0.5511 0.3015 0.7781
vn 0.5511 -0.3015 0.7781
vn 0.3716 -0.0000 0.9284
vn 0.6344 -0.0000 0.7730
vn 0.8069 -0.3015 0.5079
vn 0.3408 -0.3015 0.8905
vn 0.7730 -0.0000 0.6344
vn 0.7322 -0.0000 0.6811
vn 0.8905 -0.3015 0.3408
vn 0.5079 -0.3015 0.8069
vn 0.9121 -0.0000 0.4100
vn 0.6556 -0.3015 0.6923
vn 0.6556 0.3015 0.6923
vn 0.9864 -0.0000 0.1643
vn 0.7395 -0.0000 -0.6731
vn 0.7126 -0.6914 0.1187
vn 0.9282 0.3032 -0.2159
vn 0.9282 -0.3032 -0.2158
vn 0.6888 -0.6941 0.2094
vn 0.8089 0.3015 0.5048
vn 0.9500 0.3015 -0.0815
vn 0.6584 -0.6920 0.2960
vn 0.8707 -0.0000 0.4919
vn 0.6202 -0.7019 0.3504
vn 0.5466 -0.7071 0.4486
vn 0.5276 -0.6934 0.4907
vn 0.4486 -0.7071 0.5466
vn 0.3984 -0.6832 0.6120
vn 0.3183 -0.7071 0.6314
vn 0.2696 -0.6882 0.6735
vn 0.2053 -0.7071 0.6767
vn 0.2903 -0.0000 0.9569
vn 0.1560 -0.6901 0.7067
vn 0.2930 -0.3015 0.9073
vn -0.0067 -0.7071 0.7071
vn -0.0794 -0.7071 0.7026
vn -0.1468 -0.6872 0.7115
vn 0.0260 -0.3015 0.9531
vn -0.5511 -0.3015 0.7781
vn -0.3355 -0.7071 0.6224
vn -0.4053 -0.6861 0.6042
vn -0.5466 -0.7071 0.4486
vn -0.8280 -0.0000 0.5608
vn -0.6016 -0.6870 0.4075
vn -0.6194 -0.7071 0.3411
vn -0.6588 -0.6904 0.2988
vn -0.6762 -0.6995 0.2309
vn -0.9531 0.3015 -0.0260
vn -0.7139 -0.6857 0.1420
vn -0.9297 -0.3015 -0.2114
vn 0.6324 0.5792 -0.5144
vn 0.6338 -0.5764 -0.5159
vn 0.8715 0.3033 0.3854
vn 0.8718 -0.3027 0.3851
vn 0.5176 0.5776 0.6313
vn 0.5188 -0.5772 0.6306
vn -0.4132 -0.0002 0.9106
vn -0.7384 -0.2968 0.6055
vn -0.6259 -0.7430 0.2372
vn -0.9604 0.2772 0.0271
vn -0.6789 0.6907 0.2491
vn -0.2319 -0.7508 0.6185
vn -0.1965 -0.7362 0.6476
vn -0.1965 -0.7362 0.6477
vn -0.2421 -0.7211 0.6492
vn -0.7349 0.3019 0.6072
vn -0.7344 -0.3012 0.6083
vn -0.7363 -0.3108 0.6010
vn -0.9509 -0.3094 -0.0002
vn -0.9080 -0.0005 -0.4189
vn -0.7513 0.2401 0.6148
vn -0.4477 -0.7432 0.4971
vn -0.4621 -0.7221 0.5149
vn -0.6456 -0.3016 0.7016
vn -0.9375 -0.3014 0.1739
vn -0.6469 0.3015 0.7005
vn -0.6469 -0.3015 0.7005
vn -0.5305 -0.6953 0.4848
vn -0.5079 0.3015 0.8069
vn -0.5079 -0.3015 0.8069
vn 0.4442 -0.7419 0.5023
vn 0.4557 -0.7249 0.5167
vn 0.0259 0.3015 0.9531
vn 0.0259 -0.3015 0.9531
vn 0.6619 -0.0000 0.7496
vn 0.3408 0.3015 0.8905
vn -0.4194 0.3015 0.8562
vn -0.4195 -0.3015 0.8562
vn -0.4793 -0.6971 0.5332
vn -0.6685 -0.0000 0.7437
vn 0.0294 -0.7499 0.6609
vn 0.0797 -0.7420 0.6656
vn 0.0809 -0.7322 0.6763
vn 0.0304 -0.7248 0.6883
vn -0.4486 -0.7071 0.5466
vn -0.6344 -0.0000 0.7730
vn -0.8064 -0.3014 0.5088
vn -0.8066 0.3015 0.5085
vn -0.8069 0.3015 0.5079
vn -0.3408 0.3015 0.8905
vn -0.3160 -0.6989 0.6416
vn -0.4419 -0.0000 0.8971
vn -0.6946 -0.3015 0.6531
vn -0.4194 -0.3015 0.8562
vn 0.3563 -0.0000 0.9344
vn -0.0945 -0.3015 0.9488
vn -0.6449 -0.3015 0.7023
vn -0.5463 -0.7522 0.3685
vn -0.5832 -0.7092 0.3962
vn -0.2053 -0.7071 0.6767
vn -0.2958 -0.7437 0.5995
vn -0.3034 -0.7265 0.6166
vn -0.6449 0.3015 0.7023
vn -0.0945 0.3015 0.9488
vn -0.4011 -0.3015 0.8650
vn -0.4011 0.3015 0.8650
vn -0.2846 -0.9356 -0.2089
vn -0.5987 -0.5855 -0.5466
vn 0.0443 -0.0000 0.9990
vn -0.3101 -0.3015 0.9016
vn 0.1417 -0.7552 0.6401
vn 0.1495 -0.7190 0.6787
vn 0.0846 -0.7024 0.7067
vn 0.1188 -0.0000 0.9929
vn 0.0319 -0.6952 0.7181
vn 0.3887 -0.3015 0.8706
vn -0.2114 -0.3015 0.9297
vn -0.5511 0.3015 0.7781
vn -0.0259 0.3015 0.9531
vn 0.4248 -0.3015 0.8536
vn -0.1723 -0.3015 0.9378
vn -0.0259 -0.3015 0.9531
vn 0.1981 0.3015 0.9327
vn -0.5993 -0.7293 0.3300
vn 0.4733 -0.6991 0.5360
vn 0.8069 0.3015 0.5079
vn -0.6946 0.3015 0.6532
vn 0.8414 0.3019 0.4481
vn 0.8416 -0.3011 0.4484
vn 0.5917 -0.6907 0.4157
vn 0.8183 -0.0000 0.5748
vn 0.6225 0.3015 0.7222
vn 0.9313 0.3015 0.2042
vn 0.6633 -0.7071 0.2451
vn 0.9380 -0.0000 0.3467
vn -0.3219 -0.7347 0.5971
vn 0.7439 0.3015 0.5964
vn 0.9530 0.3015 0.0308
vn 0.9530 -0.3015 0.0308
vn 0.4409 0.5782 0.6865
vn 0.6856 0.5785 -0.4419
vn 0.6876 -0.5762 -0.4418
vn 0.4428 -0.5765 0.6867
vn 0.8119 -0.2957 0.5034
vn 0.6274 0.5770 -0.5228
vn 0.6274 -0.5770 -0.5228
vn 0.6063 -0.5726 -0.5519
vn 0.8730 -0.2999 0.3846
vn 0.8730 0.2999 0.3846
vn 0.5225 0.5777 0.6271
vn 0.5225 -0.5777 0.6271
vn 0.8089 -0.3015 0.5048
vn 0.4262 -0.5774 0.6964
vn 0.4263 0.5774 0.6964
vn 0.9500 -0.3015 -0.0815
vn 0.6964 -0.5774 -0.4262
vn 0.6964 0.5773 -0.4262
vn 0.7439 -0.3015 0.5964
vn 0.3414 -0.5773 0.7417
vn 0.3414 0.5773 0.7417
vn 0.7417 -0.5774 -0.3414
vn 0.7417 0.5774 -0.3414
vn 0.3414 -0.5774 0.7417
vn 0.3414 0.5774 0.7417
vn -0.7822 -0.5774 0.2342
vn -0.7822 0.5773 0.2342
vn 0.2910 -0.5773 0.7629
vn -0.7629 -0.5774 0.2910
vn -0.0260 0.3015 0.9531
vn -0.0260 -0.3015 0.9531
vn -0.3849 -0.5774 0.7201
vn -0.3849 0.5774 0.7201
vn 0.7201 0.5774 0.3849
vn 0.7201 -0.5774 0.3849
vn -0.7842 0.5774 -0.2272
vn -0.2272 0.5773 0.7842
vn 0.2342 0.5774 0.7822
vn 0.2342 -0.5774 0.7822
vn -0.6946 -0.3015 0.6532
vn -0.7822 0.5774 0.2342
vn -0.2272 -0.5773 0.7842
vn -0.7842 -0.5774 -0.2272
vn -0.0800 -0.5774 0.8126
vn -0.0800 0.5774 0.8126
vn 0.8415 -0.3015 0.4483
vn 0.8415 0.3015 0.4483
vn 0.8162 0.5774 0.0211
vn 0.8162 -0.5774 0.0211
vn -0.8493 -0.3015 0.4333
vn 0.0067 -0.5773 0.8165
vn -0.8165 -0.5773 0.0066
vn -0.0800 0.5773 0.8126
vn -0.1723 0.3015 0.9378
vn 0.4248 0.3015 0.8536
vn 0.1981 -0.3015 0.9327
vn 0.9399 0.3015 0.1605
vn 0.4043 -0.3015 0.8635
vn 0.4043 0.3015 0.8635
vn 0.5079 0.3015 0.8069
vn 0.9399 -0.3015 0.1605
vn 0.8905 0.3015 0.3408
vn -0.8126 -0.5774 -0.0800
vn -0.8126 0.5774 -0.0800
vn 0.0800 0.5774 0.8126
vn 0.0800 -0.5774 0.8126
vn -0.8493 0.3015 0.4333
vn -0.8165 0.5773 0.0066
vn -0.7629 0.5773 0.2910
vn 0.0260 0.3015 0.9531
vn 0.3849 0.5773 0.7201
vn 0.3849 -0.5774 0.7201
vn -0.3849 -0.5773 0.7201
vn -0.3849 0.5773 0.7201
vn 0.7754 0.5774 0.2557
vn 0.7754 -0.5774 0.2557
vn -0.0211 -0.5774 0.8162
vn -0.0211 0.5774 0.8162
vn -0.8126 -0.5773 -0.0800
vn -0.2272 -0.5774 0.7842
vn 0.7201 0.5773 0.3849
vn 0.9313 -0.3015 0.2042
vn 0.6225 -0.3015 0.7222
vn 0.3887 0.3015 0.8706
vn -0.2114 0.3015 0.9297
vn -0.6385 -0.5774 0.5089
vn -0.6385 0.5773 0.5089
vn -0.9153 0.0060 0.4027
vn -0.5180 0.5774 0.6312
vn 0.6312 0.5774 0.5180
vn 0.5089 -0.5774 0.6385
vn -0.3101 0.3015 0.9016
vn 0.8126 -0.5774 0.0800
vn 0.8126 0.5773 0.0800
vn -0.8126 0.5773 -0.0800
vn -0.8126 0.5773 0.0800
vn -0.8126 -0.5773 0.0800
vn 0.2910 0.5773 0.7629
vn -0.7201 0.5773 0.3849
vn -0.7201 -0.5774 0.3849
vn 0.5089 0.5774 0.6385
vn -0.4911 0.5773 0.6523
vn -0.4911 -0.5773 0.6523
vn 0.6523 -0.5774 0.4911
vn 0.6523 0.5774 0.4911
vn -0.2557 0.5774 0.7754
vn -0.2557 -0.5774 0.7754
vn 0.2370 0.5773 0.7813
vn 0.2370 -0.5773 0.7813
vn 0.7813 -0.5773 -0.2370
vn 0.7813 0.5773 -0.2370
vn 0.8126 -0.5774 -0.0800
vn 0.8126 0.5774 -0.0800
vn 0.7201 -0.5773 0.3849
vn -0.6385 0.5774 0.5089
vn -0.6385 -0.5773 0.5089
vn -0.7201 0.5774 0.3849
vn 0.0067 0.5773 0.8165
vn 0.0800 -0.5773 0.8126
vn 0.0800 0.5773 0.8126
vn -0.5180 -0.5774 0.6312
vn 0.6312 -0.5774 0.5180
vn -0.2557 0.5773 0.7754
vn -0.2557 -0.5773 0.7754
vn 0.8126 0.5774 0.0800
vn 0.2003 0.5774 0.7916
vn 0.2003 -0.5774 0.7916
vn 0.7916 -0.5774 -0.2002
vn 0.7916 0.5774 -0.2002
vn -0.2272 0.5774 0.7842
vn -0.5828 0.5774 0.5718
vn -0.5828 -0.5774 0.5718
vn 0.5719 -0.5774 0.5828
vn 0.5719 0.5774 0.5828
vn -0.9543 -0.2978 0.0260
vn -0.6614 -0.7087 0.2456
vn -0.6657 -0.7039 0.2477
vn -0.7402 -0.5777 -0.3440
vn -0.8706 -0.3015 0.3887
vn -0.9521 0.3025 0.0451
vn -0.7461 0.5779 -0.3306
vn -0.3296 0.5779 0.7466
vn -0.6076 -0.5724 -0.5507
vn -0.7781 0.3015 0.5511
vn -0.7201 0.5774 -0.3849
vn -0.9071 0.0006 -0.4209
vn -0.9357 0.0123 0.3526
vn -0.9527 -0.3006 0.0451
vn -0.6312 -0.5774 -0.5180
vn -0.6312 0.5774 -0.5180
vn -0.9442 0.3294 0.0048
vn -0.7317 0.3293 0.5968
vn -0.7460 0.5782 -0.3302
vn -0.3300 0.5786 0.7459
vn -0.7201 -0.5774 -0.3849
vn -0.3356 0.5780 0.7438
vn -0.4111 0.0009 0.9116
vn -0.6312 0.5773 -0.5180
vn -0.7473 -0.5768 -0.3300
vn -0.3309 -0.5768 0.7469
vn -0.7474 -0.5765 -0.3303
vn -0.3305 -0.5761 0.7475
vn -0.6640 0.7057 0.2472
vn -0.9372 0.0011 0.3488
vn -0.3354 -0.5776 0.7442
vn -0.7405 0.5778 -0.3432
vn 0.7813 -0.5774 -0.2370
vn 0.2370 -0.5774 0.7813
vn -0.6473 -0.3015 0.7001
vn -0.9379 -0.3015 0.1717
vn -0.6486 0.3014 0.6989
vn -0.9381 0.3017 0.1699
vn -0.5080 -0.3015 0.8069
vn -0.5078 0.3015 0.8070
vn -0.5180 -0.5773 0.6312
vn -0.3401 0.3016 0.8907
vn -0.8121 0.5780 0.0803
vn 0.0803 0.5767 0.8130
vn 0.7813 0.5774 -0.2370
vn -0.3398 -0.3016 0.8908
vn 0.0805 -0.5764 0.8132
vn -0.8119 -0.5783 0.0804
vn -0.2524 -0.6932 0.6751
vn -0.0945 0.3016 0.9487
vn -0.6449 0.3016 0.7023
vn -0.7629 0.5774 0.2910
vn 0.2910 0.5774 0.7629
vn -0.9344 -0.0000 0.3563
vn 0.2910 -0.5774 0.7629
vn 0.7004 -0.0000 0.7137
vn -0.0067 0.7070 0.7072
vn -0.7138 -0.0000 0.7004
vn -0.3101 0.3013 0.9017
vn -0.0067 -0.7072 0.7070
vn 0.7916 0.5773 -0.2003
vn 0.7916 -0.5773 -0.2003
vn 0.0066 0.5774 0.8165
vn 0.0066 -0.5773 0.8165
vn -0.8165 0.5774 0.0066
vn 0.4044 -0.3012 0.8636
vn 0.4042 0.3019 0.8634
vn -0.8165 -0.5774 0.0066
vn -0.7839 0.5779 -0.2269
vn -0.7845 -0.5769 -0.2275
vn -0.2273 -0.5778 0.7839
vn -0.2271 0.5768 0.7847
vn -0.7854 0.5752 -0.2286
vn -0.7834 -0.5789 -0.2262
vn -0.2268 -0.5758 0.7855
vn -0.2278 0.5795 0.7825
vn -0.8125 0.5775 -0.0800
vn -0.8126 -0.5773 -0.0801
vn -0.0800 -0.5774 0.8125
vn -0.0800 0.5772 0.8127
vn -0.0800 -0.5773 0.8126
vn -0.8126 0.5774 0.0800
vn -0.8126 -0.5774 0.0800
vn -0.7822 -0.5773 0.2342
vn 0.3849 0.5774 0.7201
vn 0.5089 -0.5773 0.6385
vn 0.5089 0.5773 0.6385
vn -0.4911 0.5774 0.6523
vn -0.4911 -0.5774 0.6523
vn 0.8126 -0.5773 0.0800
vn -0.0208 0.5776 0.8160
vn -0.0213 -0.5771 0.8164
vn 0.8164 -0.5771 0.0208
vn 0.8160 0.5776 0.0213
vn -0.7094 0.6288 0.3185
vn -0.7150 0.6473 0.2641
vn -0.0069 0.6453 0.7639
vn -0.0481 0.6351 0.7709
vn -0.1572 0.6278 0.7623
vn -0.2217 0.6455 0.7309
vn -0.0853 0.6453 0.7591
vn 0.7654 0.6305 0.1290
vn 0.7404 0.6325 0.2273
vn 0.0907 0.6413 0.7619
vn 0.0359 0.6347 0.7719
vn 0.7166 0.6443 0.2672
vn 0.7070 0.6312 0.3191
vn -0.3624 0.6453 0.6725
vn -0.4340 0.6267 0.6472
vn 0.7168 0.6440 0.2673
vn 0.5092 0.6379 0.5778
vn 0.4847 0.6451 0.5906
vn -0.2717 0.6330 0.7249
vn 0.5664 0.6328 0.5279
vn -0.4847 0.6453 0.5906
vn 0.4266 0.6240 0.6547
vn -0.3409 0.6380 0.6904
vn -0.5907 0.6451 0.4848
vn -0.6449 0.6272 0.4368
vn -0.5704 0.6347 0.5213
vn 0.3446 0.6451 0.6820
vn -0.6698 0.6447 0.3684
vn 0.3446 0.6450 0.6821
vn -0.7651 0.6256 0.1523
vn -0.6482 0.5185 -0.5576
vn 0.5908 0.6449 0.4848
vn 0.2217 0.6454 0.7309
vn 0.1668 0.6304 0.7581
vn -0.5157 0.6364 0.5736
vn 0.2891 0.6285 0.7221
vn -0.7291 0.6370 0.2505
vn 0.6686 0.6401 0.3786
vn 0.6472 0.5185 -0.5589
vn 0.6348 0.6303 0.4470
vn 0.1218 0.9858 0.1152
vn 0.1100 0.9858 0.1266
vn -0.0331 0.9861 0.1629
vn -0.0484 0.9860 0.1596
vn -0.1546 0.9856 0.0678
vn -0.1599 0.9855 0.0571
vn 0.1613 0.9854 0.0544
vn 0.1587 0.9854 0.0622
vn 0.0349 0.9861 0.1626
vn 0.0189 0.9860 0.1657
vn -0.1118 0.9859 0.1242
vn -0.1237 0.9859 0.1127
vn 0.0875 0.3904 -0.9165
vn 0.1665 0.9856 0.0304
vn 0.0915 0.9860 0.1393
vn 0.0764 0.9858 0.1493
vn -0.0597 0.9860 0.1554
vn -0.0749 0.9860 0.1492
vn -0.1653 0.9857 0.0326
vn -0.0872 0.3904 -0.9165
vn 0.1461 0.9857 0.0842
vn 0.1365 0.9858 0.0979
vn -0.0010 0.9859 0.1673
vn -0.0119 0.9859 0.1667
vn -0.1391 0.9859 0.0933
vn -0.1480 0.9857 0.0808
vn 0.0630 0.9860 0.1545
vn 0.0484 0.9860 0.1597
vn -0.0927 0.9861 0.1382
vn -0.1061 0.9859 0.1293
vn -0.1605 0.9856 0.0534
vn -0.1297 0.9858 0.1064
vn -0.0791 0.9859 0.1471
vn -0.0181 0.9859 0.1661
vn 0.0101 0.9860 0.1666
vn 0.0765 0.9858 0.1495
vn 0.1064 0.9858 0.1296
vn 0.1300 0.9858 0.1067
vn 0.1532 0.9856 0.0709
vn 0.1580 0.9855 0.0620
vn 0.7596 -0.0000 -0.6504
vn 0.6148 -0.6212 -0.4859
vn 0.1454 -0.7501 -0.6452
vn 0.2181 -0.0000 -0.9759
vn 0.2161 -0.7434 -0.6329
vn 0.2769 -0.7446 -0.6073
vn 0.0613 -0.2682 -0.9614
vn 0.6086 -0.3369 -0.7184
vn 0.0425 -0.3109 -0.9495
vn 0.6072 -0.2923 -0.7388
vn 0.3371 -0.7396 -0.5825
vn 0.3894 -0.7393 -0.5493
vn 0.2338 -0.2902 -0.9280
vn 0.7377 -0.3144 -0.5975
vn 0.2339 -0.2898 -0.9281
vn 0.7379 -0.3130 -0.5979
vn 0.6568 -0.0002 -0.7540
vn 0.4449 -0.7368 -0.5091
vn 0.8448 -0.2901 -0.4496
vn 0.8448 0.2901 -0.4496
vn 0.7756 -0.0000 -0.6312
vn 0.5257 -0.7360 -0.4265
vn 0.5828 -0.7560 -0.2979
vn 0.8890 -0.0000 -0.4579
vn 0.5237 -0.8333 -0.1769
vn 0.9474 -0.0000 -0.3199
vn -0.0000 -0.9999 0.0168
vn 0.3579 -0.8866 -0.2928
vn 0.1573 -0.6927 -0.7038
vn 0.2305 -0.6977 -0.6783
vn 0.2966 -0.6950 -0.6550
vn 0.3575 -0.6976 -0.6210
vn 0.4151 -0.6957 -0.5862
vn 0.4713 -0.6964 -0.5412
vn 0.5112 -0.6998 -0.4990
vn 0.5581 -0.6944 -0.4542
vn 0.6559 -0.6750 -0.3379
vn 0.4348 -0.8885 -0.1468
vn -0.4486 -0.8903 -0.0790
vn -0.6919 -0.6600 -0.2925
vn -0.5581 -0.6944 -0.4542
vn -0.5145 -0.7020 -0.4925
vn -0.4819 -0.6965 -0.5317
vn -0.4280 -0.6962 -0.5763
vn -0.3695 -0.6963 -0.6153
vn -0.3074 -0.6961 -0.6488
vn -0.2395 -0.6954 -0.6775
vn -0.1790 -0.6996 -0.6917
vn -0.3792 -0.8785 -0.2908
vn -0.9849 -0.0000 -0.1734
vn -0.5704 -0.8152 -0.1004
vn -0.5837 -0.7746 -0.2435
vn -0.9211 -0.0000 -0.3894
vn -0.7756 -0.0000 -0.6312
vn -0.5255 -0.7362 -0.4264
vn -0.4946 -0.7292 -0.4729
vn -0.7224 -0.0000 -0.6915
vn -0.4549 -0.7366 -0.5004
vn -0.4027 -0.7389 -0.5402
vn -0.8067 -0.3095 -0.5033
vn -0.3454 -0.2936 -0.8913
vn -0.8067 -0.3095 -0.5034
vn -0.2877 -0.7431 -0.6041
vn -0.4282 -0.0000 -0.9037
vn -0.6933 0.3081 -0.6515
vn -0.6933 -0.3081 -0.6515
vn -0.2232 -0.7460 -0.6274
vn -0.1684 -0.7419 -0.6490
vn -0.5437 -0.2914 -0.7871
vn 0.0367 -0.3118 -0.9494
vn -0.5760 -0.5869 -0.5690
vn -0.0001 -0.7181 -0.6959
vn 0.6460 -0.6862 -0.3343
vn 0.8229 -0.4957 -0.2779
vn 0.2214 -0.7230 -0.6544
vn 0.2865 -0.7183 -0.6340
vn -0.3779 -0.9091 -0.1755
vn -0.6285 -0.6245 -0.4636
vn -0.4422 -0.8763 -0.1913
vn -0.5751 -0.6170 -0.5373
vn -0.5024 -0.7182 -0.4815
vn -0.4698 -0.7136 -0.5197
vn 0.4883 -0.7316 -0.4758
vn 0.4594 -0.7137 -0.5288
vn 0.4992 -0.7159 -0.4881
vn 0.5466 -0.7088 -0.4459
vn -0.0000 -0.7452 -0.6668
vn -0.2505 -0.0000 -0.9681
vn -0.7803 -0.0000 -0.6254
vn 0.3016 -0.3018 -0.9044
vn 0.7075 -0.0000 -0.7067
vn 0.5757 -0.5873 -0.5689
vn 0.3015 0.3015 -0.9045
vn -0.3015 0.3017 -0.9045
vn 0.3015 0.3020 -0.9044
vn -0.3015 0.3015 -0.9045
vn -0.3469 -0.7408 -0.5752
vn -0.3579 -0.7173 -0.5979
vn -0.2966 -0.7191 -0.6284
vn -0.2983 0.2992 -0.9063
vn 0.3021 0.3016 -0.9043
vn 0.5787 0.5766 -0.5768
vn -0.5767 0.5768 -0.5786
vn 0.3015 -0.3015 -0.9045
vn 0.3868 -0.9060 -0.1717
vn -0.3015 -0.3015 -0.9045
vn 0.3015 -0.3011 -0.9047
vn -0.3015 -0.3014 -0.9046
vn -0.7071 0.0003 -0.7071
vn 0.7071 0.0010 -0.7071
vn -0.7039 -0.0084 -0.7102
vn -0.7064 -0.0025 -0.7079
vn -0.5774 0.5774 -0.5774
vn 0.3071 0.3063 -0.9010
vn -0.3062 0.3010 -0.9031
vn 0.3014 0.3005 -0.9049
vn -0.3015 0.3016 -0.9045
vn 0.3016 -0.3028 -0.9041
vn -0.3025 -0.3044 -0.9032
vn 0.2986 -0.2987 -0.9064
vn -0.3002 -0.3047 -0.9039
vn -0.7101 -0.0012 -0.7041
vn 0.7071 -0.0027 -0.7071
vn 0.5774 0.5774 -0.5774
vn -0.5772 0.5775 -0.5774
vn 0.7068 0.0010 -0.7074
vn 0.5797 -0.5770 -0.5754
vn 0.7017 0.0018 -0.7124
vn 0.5778 -0.5770 -0.5773
vn -0.5775 -0.5772 -0.5773
vn 0.5761 -0.5784 -0.5776
vn -0.5786 -0.5807 -0.5727
vn -0.7124 -0.0072 -0.7017
vn 0.7079 -0.0008 -0.7064
vn 0.5776 -0.5778 -0.5767
vn -0.5764 -0.5783 -0.5773
vn 0.5636 0.5804 -0.5878
vn -0.5874 0.5712 -0.5733
vn 0.5786 0.5763 -0.5772
vn 0.5769 0.5777 -0.5774
vn 0.4304 -0.8829 -0.1877
vn 0.1517 -0.7198 -0.6774
vn 0.3184 -0.3170 -0.8934
vn 0.7976 -0.2865 -0.5307
vn 0.3172 -0.3168 -0.8939
vn 0.7971 -0.2863 -0.5316
vn 0.7156 -0.0000 -0.6985
vn 0.1536 -0.2956 -0.9429
vn 0.6858 -0.3075 -0.6596
vn 0.1535 -0.2956 -0.9429
vn -0.6828 -0.6705 -0.2903
vn -0.5465 -0.7089 -0.4459
vn 0.5450 -0.3141 -0.7774
vn 0.5450 0.3141 -0.7774
vn -0.0671 -0.3029 -0.9506
vn -0.0671 0.3029 -0.9506
vn 0.3459 -0.7185 -0.6034
vn 0.4032 -0.7147 -0.5715
vn -0.5963 -0.0000 -0.8028
vn -0.2446 -0.3202 -0.9152
vn -0.2446 0.3202 -0.9152
vn -0.8531 -0.2942 -0.4309
vn -0.4220 -0.3089 -0.8523
vn -0.6715 -0.0000 -0.7410
vn -0.5149 -0.0000 -0.8573
vn -0.3333 -0.0000 -0.9428
vn 0.3217 -0.0000 -0.9468
vn 0.4126 -0.0000 -0.9109
vn 0.4989 -0.0000 -0.8667
vn 0.5778 -0.0001 -0.8162
vn 0.4034 -0.3131 -0.8598
vn 0.4034 0.3131 -0.8598
vn -0.0353 0.5750 -0.8174
vn -0.0353 -0.5750 -0.8174
vn 0.8450 -0.2888 -0.4500
vn 0.4032 -0.3138 -0.8596
vn 0.4036 0.3125 -0.8599
vn 0.8446 0.2914 -0.4492
vn 0.3172 0.3165 -0.8940
vn -0.1200 0.5742 -0.8099
vn -0.1198 -0.5744 -0.8098
vn -0.0302 -0.2892 -0.9568
vn -0.0302 0.2892 -0.9568
vn -0.3733 0.5799 -0.7241
vn -0.3733 -0.5799 -0.7241
vn 0.7972 0.2862 -0.5316
vn 0.7978 0.2856 -0.5310
vn 0.3183 0.3169 -0.8935
vn -0.0347 -0.5756 -0.8170
vn 0.8140 -0.5797 -0.0351
vn 0.8052 -0.5809 -0.1195
vn 0.8057 0.5802 -0.1190
vn 0.2341 0.2902 -0.9279
vn 0.7381 0.3131 -0.5976
vn 0.2340 0.2906 -0.9278
vn 0.7383 0.3117 -0.5981
vn -0.8531 0.2942 -0.4309
vn -0.4220 0.3089 -0.8523
vn 0.0127 0.5759 -0.8175
vn -0.8153 0.5789 -0.0127
vn 0.1532 0.2956 -0.9429
vn 0.6855 0.3075 -0.6599
vn 0.7823 0.5763 -0.2363
vn -0.2358 0.5784 -0.7809
vn 0.7273 -0.5749 -0.3750
vn 0.7273 0.5749 -0.3750
vn 0.6072 0.2923 -0.7388
vn 0.0613 0.2682 -0.9614
vn 0.0425 0.3109 -0.9495
vn 0.6086 0.3369 -0.7184
vn -0.8153 -0.5789 -0.0127
vn -0.7533 0.2834 -0.5935
vn 0.1881 0.5737 -0.7972
vn -0.7920 0.5812 -0.1869
vn 0.8054 0.5805 -0.1193
vn 0.0127 -0.5759 -0.8174
vn 0.0127 0.5759 -0.8174
vn -0.2356 -0.5787 -0.7807
vn 0.7826 -0.5760 -0.2362
vn 0.0367 0.3118 -0.9494
vn -0.5437 0.2914 -0.7871
vn -0.6247 0.3001 -0.7209
vn -0.6247 -0.3001 -0.7209
vn -0.0671 0.3030 -0.9506
vn -0.0671 -0.3030 -0.9506
vn -0.7533 -0.2834 -0.5935
vn -0.7920 -0.5812 -0.1869
vn -0.1646 -0.2950 -0.9412
vn -0.1646 0.2950 -0.9412
vn 0.3145 0.5771 -0.7537
vn -0.7533 0.5776 -0.3144
vn 0.1881 -0.5737 -0.7972
vn -0.1199 -0.5743 -0.8098
vn -0.3454 0.2936 -0.8913
vn 0.0665 -0.5790 -0.8126
vn 0.0665 0.5790 -0.8126
vn -0.8067 0.3095 -0.5033
vn -0.8067 0.3095 -0.5034
vn -0.7533 -0.5776 -0.3144
vn -0.8149 0.5757 -0.0667
vn -0.8149 -0.5757 -0.0667
vn 0.8133 0.5807 -0.0361
vn 0.8148 -0.5787 -0.0341
vn 0.8140 0.5797 -0.0351
vn -0.0358 0.5745 -0.8177
vn -0.1199 0.5743 -0.8098
vn 0.8054 -0.5805 -0.1192
vn 0.8031 0.5738 -0.1608
vn 0.8008 -0.5763 -0.1628
vn -0.1613 -0.5795 -0.7988
vn -0.1610 0.5799 -0.7986
vn 0.8021 0.5749 -0.1618
vn 0.8018 -0.5752 -0.1619
vn -0.1616 -0.5792 -0.7990
vn -0.1607 0.5802 -0.7985
vn 0.7718 0.5706 -0.2804
vn 0.7718 -0.5706 -0.2804
vn -0.2770 -0.5847 -0.7625
vn -0.2770 0.5847 -0.7625
vn 0.7397 0.5793 -0.3425
vn 0.7397 -0.5793 -0.3425
vn -0.3436 -0.5755 -0.7421
vn -0.3436 0.5755 -0.7421
vn 0.4053 0.5753 -0.7105
vn 0.4053 -0.5753 -0.7105
vn -0.7079 -0.5795 -0.4038
vn -0.7079 0.5795 -0.4038
vn 0.3145 -0.5771 -0.7537
vn 0.3146 0.5771 -0.7537
vn 0.3146 -0.5771 -0.7537
vn 0.2257 0.5787 -0.7837
vn 0.2257 -0.5787 -0.7837
vn -0.7855 -0.5760 -0.2262
vn -0.7855 0.5760 -0.2262
vn -0.4160 -0.7151 -0.5617
vn -0.4606 0.6373 -0.6178
vn -0.3989 0.6347 -0.6618
vn 0.5058 0.6394 -0.5791
vn 0.5480 0.6451 -0.5325
vn -0.5517 0.6476 -0.5257
vn -0.5168 0.6403 -0.5683
vn 0.5754 -0.6170 -0.5369
vn 0.5883 0.5133 -0.6249
vn 0.3222 0.8324 -0.4509
vn -0.1738 -0.7271 -0.6642
vn -0.2301 -0.7205 -0.6542
vn -0.2602 0.6291 -0.7325
vn -0.1974 0.6318 -0.7496
vn -0.7254 0.6174 -0.3045
vn -0.5947 0.6427 -0.4829
vn -0.3480 0.8252 -0.4449
vn -0.5871 0.5147 -0.6249
vn -0.8215 -0.5515 -0.1446
vn -0.7899 0.5973 -0.1391
vn 0.0008 0.6352 -0.7724
vn 0.6914 0.6297 -0.3541
vn 0.7889 0.5538 -0.2664
vn 0.2504 0.6306 -0.7346
vn 0.3211 0.6301 -0.7070
vn 0.5949 0.6424 -0.4831
vn 0.4476 0.6359 -0.6287
vn -0.1088 0.9886 -0.1045
vn -0.1039 0.9876 -0.1180
vn 0.1083 0.9883 -0.1076
vn 0.1120 0.9893 -0.0940
vn -0.1210 0.9924 -0.0213
vn -0.1165 0.9914 -0.0592
vn -0.0470 0.9824 -0.1809
vn -0.0292 0.9818 -0.1877
vn 0.3861 0.6356 -0.6685
vn 0.0713 0.9838 -0.1643
vn 0.0845 0.9849 -0.1509
vn -0.0003 0.9814 -0.1921
vn -0.0000 0.9815 -0.1914
vn 0.0240 0.9815 -0.1899
vn -0.0962 0.9864 -0.1334
vn -0.0863 0.9852 -0.1479
vn 0.1161 0.9909 -0.0684
vn 0.1196 0.9920 -0.0404
vn -0.1115 0.9894 -0.0935
vn 0.0948 0.9861 -0.1366
vn 0.1030 0.9872 -0.1214
vn -0.3329 0.6320 -0.6998
vn -0.0742 0.9841 -0.1612
vn -0.0596 0.9831 -0.1732
vn 0.1729 0.6251 -0.7612
vn 0.0404 0.9822 -0.1837
vn 0.0580 0.9829 -0.1747
vn -0.7120 0.5775 -0.3994
vn -0.7128 -0.5765 -0.3995
vn -0.4000 -0.5781 0.7112
vn -0.4003 0.5775 0.7115
vn 0.7155 -0.5765 0.3946
vn 0.7162 0.5755 0.3946
vn 0.3929 -0.5783 -0.7150
vn 0.3927 0.5789 -0.7146
vn 0.6402 -0.7326 -0.2311
vn -0.3583 -0.7314 0.5802
vn -0.4773 -0.7453 0.4655
vn 0.5200 -0.6895 -0.5041
vn -0.6653 0.7253 0.1767
vn -0.4879 -0.5752 0.6566
vn -0.2520 -0.5867 0.7696
vn -0.2544 0.6044 0.7550
vn 0.7899 -0.5504 0.2705
vn 0.7855 0.5630 0.2571
vn 0.4092 0.7349 -0.5408
vn 0.7041 -0.6215 -0.3435
vn 0.4962 0.6067 -0.6210
vn 0.5203 0.6903 -0.5028
vn -0.0976 -0.5687 -0.8167
vn -0.0893 0.5752 -0.8131
vn -0.7238 0.5955 0.3484
vn -0.5124 0.6983 0.4998
vn -0.7955 -0.6016 0.0731
vn -0.8186 0.5648 0.1042
vn 0.7120 0.5775 -0.3994
vn 0.4003 0.5775 0.7115
vn 0.4000 -0.5781 0.7111
vn 0.7128 -0.5765 -0.3995
vn -0.7163 0.5755 0.3946
vn -0.7155 -0.5765 0.3946
vn -0.3927 0.5789 -0.7146
vn -0.3929 -0.5783 -0.7150
vn -0.6326 -0.7326 -0.2511
vn -0.5200 -0.6895 -0.5041
vn 0.4773 -0.7453 0.4655
vn 0.3731 -0.7326 0.5693
vn 0.7050 0.6084 0.3644
vn 0.3661 0.7211 0.5882
vn 0.1647 -0.4004 0.9014
vn -0.6390 0.7467 0.1850
vn -0.5011 0.6192 -0.6046
vn -0.8872 -0.3636 0.2841
vn -0.5203 0.6903 -0.5028
vn 0.0893 0.5752 -0.8131
vn 0.0976 -0.5687 -0.8167
vn 0.5124 0.6983 0.4998
vn 0.8186 0.5648 0.1042
vn 0.7955 -0.6016 0.0731
vn 0.2304 0.7109 0.6645
vn 0.3304 0.6831 0.6513
vn 0.0769 0.7044 -0.7056
vn -0.0290 0.7202 -0.6932
vn 0.7070 0.3728 0.6010
vn 0.8672 -0.0407 0.4963
vn 0.6949 -0.0346 -0.7182
vn 0.5152 0.4120 -0.7515
vn 0.5343 0.5719 0.6224
vn 0.6257 0.4876 0.6089
vn 0.4105 0.5240 -0.7463
vn 0.3053 0.6102 -0.7311
vn 0.4318 0.6383 0.6372
vn 0.1884 0.6698 -0.7183
vn -0.2787 0.7110 0.6456
vn -0.4407 0.7048 -0.5559
vn 0.0487 -0.6892 0.7230
vn -0.2407 -0.6772 -0.6953
vn -0.3357 -0.6470 -0.6846
vn -0.0518 -0.6744 0.7366
vn -0.4502 -0.3956 0.8005
vn -0.6860 -0.3381 -0.6443
vn -0.0845 -0.8313 -0.5493
vn 0.0046 -0.8336 0.5523
vn -0.2655 -0.5829 0.7680
vn -0.5246 -0.5310 -0.6654
vn -0.6064 -0.4517 -0.6544
vn -0.3776 -0.4996 0.7796
vn -0.4307 -0.5996 -0.6745
vn -0.1567 -0.6408 0.7516
vn -0.6637 -0.3663 0.6522
vn -0.8009 -0.3921 -0.4526
vn -0.5426 -0.0000 0.8400
vn -0.4430 0.5773 0.6859
vn -0.6859 0.5774 -0.4430
vn -0.8400 -0.0000 -0.5426
vn 0.4430 0.5774 -0.6859
vn 0.5426 -0.0000 -0.8400
vn 0.6859 0.5773 0.4430
vn 0.8400 -0.0000 0.5426
vn -0.5379 0.1606 0.8275
vn -0.3115 0.6935 0.6496
vn -0.5364 0.6921 -0.4830
vn -0.8134 0.1588 -0.5596
vn 0.5670 0.4313 -0.7018
vn 0.5379 -0.1606 -0.8275
vn 0.7919 0.4328 0.4308
vn 0.8134 -0.1588 0.5596
vn -0.5114 0.2433 0.8242
vn -0.2269 0.7420 0.6309
vn -0.4572 0.7351 -0.5006
vn -0.7934 0.2349 -0.5616
vn 0.6082 0.3447 -0.7151
vn 0.5114 -0.2433 -0.8242
vn 0.8384 0.3516 0.4164
vn 0.7934 -0.2349 0.5616
vn -0.4969 0.2858 0.8194
vn -0.1819 0.7633 0.6199
vn -0.4101 0.7547 -0.5120
vn -0.7764 0.2753 -0.5669
vn 0.6295 0.2965 -0.7182
vn 0.4969 -0.2858 -0.8194
vn 0.8578 0.3051 0.4137
vn 0.7764 -0.2753 0.5669
vn -0.4831 0.3199 0.8150
vn -0.1442 0.7786 0.6108
vn -0.3708 0.7685 -0.5214
vn -0.7607 0.3075 -0.5716
vn 0.6447 0.2562 -0.7202
vn 0.4831 -0.3199 -0.8150
vn 0.8714 0.2663 0.4120
vn 0.7607 -0.3075 0.5716
vn -0.3473 0.4940 0.7971
vn 0.1086 0.8182 0.5646
vn -0.1357 0.8146 -0.5640
vn -0.6465 0.4896 -0.5851
vn 0.6758 0.0115 -0.7370
vn 0.3473 -0.4940 -0.7971
vn 0.9200 0.0151 0.3915
vn 0.6465 -0.4896 0.5851
vn -0.3502 0.4925 0.7968
vn 0.0909 0.8284 0.5527
vn -0.1717 0.8025 -0.5714
vn -0.6718 0.4607 -0.5800
vn 0.6627 0.0242 -0.7485
vn 0.3502 -0.4925 -0.7968
vn 0.9254 0.0501 0.3757
vn 0.6718 -0.4607 0.5800
vn -0.2819 0.5719 0.7704
vn 0.2189 0.8170 0.5335
vn -0.0096 0.8012 -0.5983
vn -0.5618 0.5525 -0.6157
vn 0.6792 -0.1169 -0.7246
vn 0.2819 -0.5719 -0.7704
vn 0.9077 -0.1010 0.4072
vn 0.5618 -0.5525 0.6157
vn -0.2161 0.6079 0.7641
vn 0.3011 0.8023 0.5155
vn 0.0538 0.7888 -0.6123
vn -0.5190 0.5914 -0.6172
vn 0.6539 -0.1904 -0.7322
vn 0.2161 -0.6079 -0.7641
vn 0.9012 -0.1769 0.3956
vn 0.5190 -0.5914 0.6172
vn 0.4430 0.5773 -0.6859
vn 0.6859 0.5774 0.4430
vn -0.7698 -0.3015 0.5626
vn -0.6735 0.7071 0.2153
vn -0.7257 0.5774 -0.3742
vn -0.8888 -0.0000 -0.4583
vn 0.3742 0.5773 -0.7257
vn 0.4583 -0.0000 -0.8888
vn 0.7698 -0.3015 -0.5626
vn 0.6735 0.7071 -0.2153
vn 0.7257 0.5774 0.3742
vn 0.8888 -0.0000 0.4583
vn -0.3742 0.5774 0.7257
vn -0.4583 -0.0000 0.8888
vn 0.7257 -0.5773 0.3742
vn 0.3742 -0.5774 -0.7257
vn 0.9534 -0.3015 0.0118
vn -0.3742 -0.5774 0.7257
vn -0.9534 -0.3015 -0.0118
vn -0.7257 -0.5774 -0.3742
vn -0.3742 -0.5773 0.7257
vn -0.7257 -0.5773 -0.3742
vn -0.9345 0.2644 0.2384
vn 0.6399 0.4892 0.5926
vn 0.9045 0.3015 -0.3015
vn -0.0972 0.7281 0.6785
vn -0.6399 0.4892 0.5926
vn -0.1323 0.9912 -0.0000
vn -0.7944 0.6073 -0.0000
vn 0.9345 0.2644 0.2384
vn 0.5833 0.5549 0.5932
vn -0.5833 0.5549 0.5932
vn -0.3210 0.2734 0.9067
vn 0.1241 0.5932 -0.7955
vn 0.3210 0.2734 0.9067
vn -0.1241 0.5932 -0.7955
vn 0.5774 0.5774 0.5774
vn -0.5774 0.5774 0.5774
vn 0.7944 0.6073 -0.0000
vn 0.1323 0.9912 -0.0000
vn 0.0972 0.7281 0.6785
vn 0.9045 0.3015 0.3015
vn -0.9045 0.3015 0.3015
vn -0.9045 0.3015 -0.3015
vn 0.8867 0.0006 -0.4623
vn 0.6927 -0.7108 -0.1226
vn 0.7538 -0.0459 0.6555
vn 0.9205 0.0016 0.3908
vn 0.4580 0.1603 0.8744
vn 0.4472 -0.0000 0.8944
vn -0.5205 -0.5856 -0.6214
vn 0.0706 -0.6887 -0.7216
vn -0.7316 -0.6711 -0.1201
vn 0.1581 -0.6980 -0.6985
vn 0.2186 -0.6969 -0.6830
vn 0.2715 -0.6992 -0.6614
vn -0.0009 -1.0000 -0.0004
vn 0.7663 -0.5771 -0.2824
vn 0.0002 -1.0000 0.0001
vn 0.9527 0.0137 -0.3036
vn 0.0014 -1.0000 0.0007
vn 0.9985 0.0489 -0.0238
vn 0.0006 -1.0000 0.0003
vn 0.8768 -0.1829 0.4448
vn 0.0409 -0.9748 0.2194
vn -0.1367 -0.5774 -0.8049
vn 0.4344 -0.6991 -0.5680
vn 0.4683 -0.7069 -0.5301
vn 0.0158 -0.9999 0.0061
vn 0.8304 -0.5562 -0.0334
vn 0.5091 -0.7114 0.4845
vn 0.6792 -0.2550 -0.6882
vn 0.9541 -0.2507 -0.1641
vn 0.7144 -0.5864 -0.3818
vn -0.6421 -0.0000 -0.7666
vn -0.8667 -0.2789 -0.4136
vn -0.0630 -0.7309 -0.6796
vn 0.0973 -0.0000 -0.9953
vn 0.9200 -0.0000 0.3920
vn 0.8868 0.0005 -0.4622
vn -0.9868 -0.0000 -0.1620
vn -0.9811 0.1072 -0.1610
vn 0.7679 -0.5869 -0.2567
vn 0.7327 -0.6181 0.2848
vn 0.2439 -0.7796 0.5768
vn -0.0020 -0.5848 -0.8112
vn 0.2207 -0.0000 -0.9753
vn 0.0244 0.2482 -0.9684
vn -0.3003 -0.2773 -0.9127
vn 0.1803 -0.0000 -0.9836
vn 0.3048 -0.0000 -0.9524
vn 0.2607 -0.0000 -0.9654
vn -0.0065 -0.7212 -0.6927
vn 0.3805 -0.0000 -0.9248
vn 0.6629 -0.2940 -0.6886
vn 0.0983 -0.5469 -0.8314
vn 0.3072 -0.7132 -0.6301
vn 0.3300 0.7092 -0.6230
vn 0.3432 0.7094 -0.6157
vn 0.3331 -0.7092 -0.6214
vn 0.3350 -0.7051 -0.6249
vn -0.2155 -0.2558 -0.9424
vn 0.4388 -0.2169 -0.8720
vn -0.2144 -0.2515 -0.9438
vn 0.4389 -0.2144 -0.8726
vn 0.2672 -0.2935 -0.9179
vn -0.1601 0.5806 -0.7983
vn -0.1601 -0.5806 -0.7983
vn 0.3439 -0.7095 -0.6151
vn 0.3462 -0.7047 -0.6193
vn 0.3587 0.7107 -0.6052
vn 0.3590 -0.7107 -0.6050
vn 0.3626 -0.7035 -0.6112
vn 0.3800 -0.7041 -0.5999
vn 0.3717 -0.7078 -0.6007
vn 0.3768 -0.7102 -0.5947
vn 0.3318 -0.7095 -0.6217
vn 0.3952 -0.7114 -0.5811
vn 0.6083 0.0007 -0.7937
vn 0.6356 -0.5906 -0.4971
vn 0.6445 0.0024 -0.7646
vn 0.5118 -0.2497 -0.8220
vn 0.5879 -0.7273 -0.3541
vn 0.9015 -0.2688 -0.3392
vn 0.8581 -0.2743 -0.4340
vn 0.1436 0.2838 -0.9481
vn 0.7236 0.2304 -0.6507
vn 0.7265 -0.0007 -0.6872
vn 0.1675 0.2835 -0.9442
vn 0.5335 -0.2441 -0.8098
vn 0.8466 0.2159 -0.4865
vn 0.9527 -0.2534 -0.1679
vn 0.9134 -0.3912 0.1127
vn 0.6741 0.7358 -0.0648
vn 0.3221 0.3015 -0.8974
vn 0.8474 0.2156 -0.4852
vn 0.7887 0.0004 -0.6148
vn 0.6482 -0.7355 -0.1971
vn 0.1598 -0.9433 0.2908
vn 0.5032 -0.7181 0.4807
vn 0.1192 -0.9517 0.2831
vn 0.8198 -0.5385 -0.1949
vn 0.1385 -0.7144 -0.6859
vn 0.9133 -0.3901 0.1167
vn 0.6773 -0.2563 -0.6896
vn 0.3230 0.2996 -0.8977
vn 0.9015 -0.2668 -0.3408
vn 0.7246 0.2678 -0.6350
vn -0.1423 0.3896 -0.9099
vn 0.0241 -0.7204 -0.6931
vn 0.6758 0.7346 -0.0606
vn 0.0171 0.3909 -0.9203
vn 0.1360 -0.7120 -0.6889
vn 0.0109 0.3912 -0.9202
vn 0.6630 0.7283 -0.1733
vn 0.9196 -0.3907 -0.0410
vn -0.1627 0.3870 -0.9076
vn 0.6619 0.7283 -0.1777
vn 0.9208 -0.3855 -0.0597
vn 0.0238 -0.7254 -0.6879
vn 0.6108 0.2777 -0.7415
vn 0.0248 0.2508 -0.9677
vn 0.3187 -0.2542 -0.9131
vn -0.3029 -0.2728 -0.9131
vn -0.5586 -0.4041 -0.7243
vn 0.5204 -0.7146 -0.4674
vn -0.1476 -0.5632 -0.8130
vn 0.6102 0.2780 -0.7419
vn 0.7832 0.4054 -0.4714
vn -0.3166 0.7140 -0.6244
vn 0.3212 -0.2558 -0.9118
vn 0.7836 0.4045 -0.4716
vn -0.3123 0.7164 -0.6239
vn 0.7628 0.2409 -0.6001
vn 0.2405 0.2262 -0.9439
vn 0.2401 0.2300 -0.9431
vn 0.7627 0.2383 -0.6012
vn -0.5548 -0.4107 -0.7236
vn 0.5238 -0.7124 -0.4671
vn 0.8737 0.3363 -0.3516
vn 0.5114 -0.7590 -0.4029
vn -0.4611 -0.3382 -0.8204
vn -0.1664 0.7488 -0.6416
vn 0.8722 0.3389 -0.3528
vn 0.5143 -0.7578 -0.4016
vn -0.4640 -0.3340 -0.8204
vn -0.1617 0.7509 -0.6404
vn 0.7716 0.5801 -0.2612
vn 0.7727 -0.5787 -0.2608
vn 0.3717 0.7078 -0.6007
vn -0.7832 -0.5773 0.2308
vn -0.7832 0.5773 0.2308
vn -0.2308 0.5773 -0.7832
vn -0.2308 -0.5774 -0.7832
vn 0.7832 0.5773 -0.2308
vn 0.7832 -0.5774 -0.2308
vn 0.2308 0.5774 0.7832
vn 0.2308 -0.5774 0.7832
vn -0.7946 -0.5774 0.1879
vn -0.7946 0.5774 0.1879
vn -0.1879 0.5774 -0.7946
vn -0.1879 -0.5774 -0.7946
vn 0.7946 0.5774 -0.1879
vn 0.7946 -0.5774 -0.1879
vn 0.1879 0.5773 0.7946
vn 0.1879 -0.5773 0.7946
vn 0.6663 -0.5715 -0.4789
vn 0.6180 -0.7050 -0.3479
vn 0.4001 -0.7028 -0.5882
vn 0.5726 -0.7196 -0.3930
vn -0.5369 -0.5850 -0.6078
vn -0.0853 -0.5414 -0.8364
vn 0.3462 -0.7048 -0.6193
vn 0.0532 -0.7108 -0.7013
vn 0.3127 -0.7012 -0.6408
vn 0.3350 -0.7052 -0.6249
vn 0.0270 -0.7103 -0.7034
vn 0.0518 -0.5180 -0.8538
vn 0.8350 -0.4977 -0.2346
vn 0.8074 -0.5749 0.1322
vn 0.8202 -0.5375 -0.1961
vn 0.3621 0.6687 -0.6494
vn 0.3797 0.6676 -0.6404
vn 0.5117 0.6616 -0.5481
vn 0.7756 0.6137 0.1481
vn 0.3487 0.5571 -0.7537
vn 0.3981 0.6682 -0.6285
vn -0.5392 0.5858 -0.6051
vn 0.2377 0.7289 -0.6420
vn 0.4502 0.6369 -0.6259
vn 0.4190 0.6671 -0.6159
vn 0.3081 0.6171 -0.7241
vn 0.4399 0.7138 -0.5450
vn 0.3613 0.5380 -0.7616
vn 0.4798 0.5437 -0.6887
vn 0.3276 0.6642 -0.6720
vn 0.2837 0.7122 -0.6421
vn 0.3493 0.6691 -0.6559
vn 0.4741 0.5520 -0.6860
vn 0.0531 0.9950 -0.0841
vn 0.0556 0.9951 -0.0820
vn 0.2410 0.9692 0.0500
vn 0.3168 0.9442 0.0905
vn -0.1526 0.9494 -0.2745
vn 0.3551 0.9329 0.0607
vn 0.0438 0.9949 -0.0903
vn -0.2041 0.9410 -0.2700
vn 0.0459 0.9950 -0.0891
vn -0.1432 0.9563 -0.2548
vn 0.4471 0.8875 0.1114
vn 0.0482 0.9950 -0.0877
vn -0.2754 0.8224 -0.4979
vn 0.0506 0.9950 -0.0860
vn -0.1315 0.9278 -0.3491
vn 0.2990 0.8462 0.4411
vn -0.3273 0.9438 -0.0459
vn 0.2161 0.9742 0.0657
vn -0.2050 -0.6530 0.7291
vn -0.2846 -0.6457 0.7086
vn -0.7603 -0.2915 0.5805
vn -0.2873 0.7655 0.5758
vn 0.3647 0.6299 0.6857
vn 0.4881 0.5346 0.6899
vn 0.5119 0.4408 0.7373
vn -0.7060 -0.0752 0.7042
vn -0.7067 -0.1866 0.6824
vn -0.6262 -0.3884 0.6760
vn -0.4978 -0.5381 0.6802
vn -0.3668 -0.6276 0.6867
vn -0.7649 -0.2844 0.5780
vn -0.7635 -0.2893 0.5773
vn 0.2893 -0.7635 0.5773
vn 0.7627 0.2921 0.5770
vn 0.2225 0.6947 0.6840
vn 0.0518 0.7329 0.6784
vn -0.1544 0.7212 0.6753
vn -0.3543 0.6388 0.6829
vn -0.4317 0.5635 0.7043
vn -0.0362 -0.7358 -0.6762
vn 0.1552 -0.7153 -0.6813
vn 0.3160 -0.6592 -0.6823
vn 0.4715 -0.5639 -0.6780
vn 0.5904 -0.4297 -0.6832
vn 0.6618 -0.2884 -0.6920
vn 0.6457 -0.2016 -0.7365
vn -0.6999 0.2163 -0.6808
vn -0.6284 0.3737 -0.6822
vn -0.5190 0.5178 -0.6801
vn -0.3569 0.6435 -0.6771
vn -0.1544 0.7212 -0.6753
vn 0.0518 0.7329 -0.6784
vn 0.2225 0.6947 -0.6840
vn 0.7627 0.2921 -0.5770
vn 0.2893 -0.7635 -0.5773
vn -0.7635 -0.2893 -0.5774
vn -0.5723 -0.2128 -0.7920
vn 0.2897 0.6325 -0.7184
vn -0.2863 0.7628 -0.5798
vn -0.7637 -0.2929 -0.5753
vn -0.2190 -0.6976 -0.6822
vn -0.3668 -0.6276 -0.6867
vn 0.6951 0.2264 0.6824
vn 0.7282 0.0636 0.6824
vn 0.7265 -0.1207 0.6764
vn 0.6699 -0.2919 0.6827
vn 0.5904 -0.4297 0.6832
vn 0.4715 -0.5639 0.6780
vn 0.3160 -0.6592 0.6823
vn 0.1553 -0.7153 0.6813
vn -0.0362 -0.7358 0.6762
vn -0.5152 0.5141 0.6858
vn -0.6284 0.3737 0.6822
vn -0.6999 0.2163 0.6808
vn -0.7286 0.0261 0.6844
vn 0.6126 0.3925 0.6861
vn 0.7173 -0.1192 -0.6865
vn 0.7282 0.0636 -0.6824
vn 0.6951 0.2264 -0.6824
vn 0.6205 0.3976 -0.6759
vn 0.4942 0.5413 -0.6803
vn 0.3618 0.6250 -0.6917
vn -0.4977 -0.5381 -0.6803
vn -0.6262 -0.3884 -0.6760
vn -0.7122 -0.1881 -0.6763
vn -0.7343 0.0263 -0.6783
vn -0.2729 0.6821 -0.6784
vn -0.0904 0.7273 -0.6803
vn 0.0919 0.7274 -0.6800
vn 0.2750 0.6811 -0.6785
vn 0.4435 0.5828 -0.6809
vn 0.5815 0.4447 -0.6812
vn 0.6795 0.2782 -0.6788
vn 0.7276 0.0945 -0.6794
vn 0.7277 -0.0927 -0.6796
vn 0.6806 -0.2745 -0.6793
vn 0.5872 -0.4412 -0.6787
vn 0.4504 -0.5809 -0.6781
vn 0.2795 -0.6797 -0.6781
vn 0.0934 -0.7277 -0.6795
vn -0.0917 -0.7274 -0.6800
vn -0.2763 -0.6810 -0.6781
vn -0.4489 -0.5824 -0.6777
vn -0.5876 -0.4411 -0.6783
vn -0.6813 -0.2730 -0.6792
vn -0.7226 -0.0912 -0.6852
vn -0.7117 0.0006 -0.7024
vn 0.6701 -0.0868 -0.7372
vn 0.7278 0.0946 -0.6792
vn 0.6790 0.2811 -0.6783
vn 0.5801 0.4514 -0.6781
vn 0.4396 0.5887 -0.6784
vn 0.2709 0.6823 -0.6791
vn 0.0906 0.7273 -0.6803
vn -0.0911 0.7274 -0.6802
vn -0.2719 0.6819 -0.6790
vn -0.4404 0.5881 -0.6784
vn -0.5805 0.4507 -0.6781
vn -0.6790 0.2807 -0.6783
vn -0.7278 0.0945 -0.6792
vn -0.7278 -0.0942 -0.6793
vn -0.6792 -0.2805 -0.6782
vn -0.5803 -0.4512 -0.6780
vn -0.4394 -0.5889 -0.6783
vn -0.2706 -0.6824 -0.6791
vn -0.0907 -0.7291 -0.6783
vn 0.0902 -0.7291 -0.6785
vn 0.2696 -0.6827 -0.6791
vn 0.4386 -0.5895 -0.6783
vn 0.5316 -0.4142 -0.7388
vn -0.6193 0.3510 -0.7023
vn -0.5787 0.4402 -0.6866
vn -0.4432 0.5834 -0.6806
vn -0.7227 0.0923 -0.6850
vn -0.6758 0.2733 -0.6845
vn 0.6791 -0.2808 -0.6782
vn -0.0842 -0.6766 0.7315
vn -0.2705 -0.6824 0.6791
vn -0.4394 -0.5889 0.6783
vn -0.5803 -0.4512 0.6780
vn -0.6792 -0.2805 0.6782
vn -0.7278 -0.0942 0.6793
vn -0.7278 0.0945 0.6793
vn -0.6790 0.2807 0.6783
vn -0.5805 0.4507 0.6781
vn -0.4404 0.5881 0.6784
vn -0.2719 0.6819 0.6790
vn -0.0911 0.7274 0.6802
vn 0.0907 0.7273 0.6803
vn 0.2709 0.6823 0.6791
vn 0.4396 0.5887 0.6784
vn 0.5801 0.4514 0.6781
vn 0.6790 0.2811 0.6783
vn 0.7278 0.0946 0.6792
vn 0.7278 -0.0943 0.6793
vn 0.6792 -0.2808 0.6782
vn 0.5799 -0.4518 0.6779
vn 0.4386 -0.5896 0.6783
vn 0.2696 -0.6827 0.6791
vn 0.0889 -0.7184 0.6899
vn -0.0000 -0.7014 0.7127
vn -0.5036 0.5033 0.7022
vn -0.5786 0.4402 0.6866
vn -0.6784 0.2744 0.6815
vn -0.7250 0.0926 0.6825
vn -0.7252 -0.0915 0.6824
vn -0.6813 -0.2730 0.6792
vn -0.5876 -0.4411 0.6783
vn -0.4489 -0.5824 0.6777
vn -0.2763 -0.6811 0.6781
vn -0.0917 -0.7274 0.6800
vn 0.0934 -0.7277 0.6795
vn 0.2795 -0.6797 0.6781
vn 0.4504 -0.5809 0.6780
vn 0.5872 -0.4412 0.6786
vn 0.6806 -0.2745 0.6793
vn 0.7277 -0.0927 0.6796
vn 0.7277 0.0945 0.6794
vn 0.6795 0.2782 0.6788
vn 0.5793 0.4430 0.6842
vn 0.5031 0.5037 0.7022
vn 0.4419 0.5806 0.6839
vn 0.2750 0.6811 0.6785
vn 0.0919 0.7274 0.6800
vn -0.0904 0.7273 0.6803
vn -0.2729 0.6821 0.6785
vn -0.4415 0.5812 0.6836
vn -0.7279 0.0934 -0.6793
vn -0.7279 -0.0968 -0.6788
vn -0.6805 -0.2605 -0.6849
vn -0.6136 -0.3929 -0.6849
vn -0.5090 -0.5301 -0.6782
vn -0.3523 -0.6441 -0.6790
vn -0.1776 -0.7113 -0.6800
vn -0.0083 -0.7316 -0.6817
vn 0.1716 -0.7016 -0.6916
vn 0.2641 -0.6559 -0.7071
vn -0.4776 -0.7072 -0.5213
vn -0.6592 0.4548 -0.5989
vn -0.2113 0.6896 -0.6927
vn -0.1131 0.7143 -0.6906
vn 0.0131 0.7281 -0.6853
vn 0.1766 0.7116 -0.6801
vn 0.3510 0.6421 -0.6815
vn 0.4860 0.5392 -0.6877
vn 0.5876 0.4311 -0.6848
vn 0.6786 0.2827 -0.6779
vn 0.7264 0.0983 -0.6802
vn 0.7285 -0.0859 -0.6796
vn 0.6842 -0.2592 -0.6817
vn 0.6028 -0.4175 -0.6799
vn 0.4740 -0.5627 -0.6773
vn 0.3196 -0.6561 -0.6837
vn 0.1720 -0.7091 -0.6838
vn 0.0183 -0.7291 -0.6842
vn -0.1482 -0.7041 -0.6944
vn -0.2321 -0.6679 -0.7071
vn -0.6436 -0.4577 -0.6135
vn -0.4139 0.7220 -0.5545
vn 0.2840 0.6775 -0.6785
vn 0.1352 0.7107 -0.6904
vn 0.0006 0.7304 -0.6830
vn -0.1675 0.7129 -0.6810
vn -0.3416 0.6502 -0.6786
vn -0.4811 0.5479 -0.6843
vn -0.5854 0.4353 -0.6840
vn -0.6791 0.2829 -0.6773
vn -0.6591 0.4548 0.5989
vn -0.4776 -0.7072 0.5213
vn 0.2641 -0.6559 0.7071
vn 0.1694 -0.6926 0.7011
vn 0.0680 -0.7002 0.7107
vn 0.4207 0.5746 0.7021
vn 0.3498 0.6399 0.6843
vn 0.1766 0.7116 0.6801
vn 0.0131 0.7281 0.6853
vn -0.1131 0.7143 0.6906
vn -0.2113 0.6896 0.6927
vn 0.0670 -0.6894 0.7212
vn -0.0081 -0.7195 0.6944
vn -0.1776 -0.7113 0.6800
vn -0.3522 -0.6441 0.6790
vn -0.5090 -0.5301 0.6782
vn -0.6136 -0.3929 0.6849
vn -0.6805 -0.2605 0.6849
vn -0.7279 -0.0968 0.6788
vn -0.7279 0.0934 0.6793
vn -0.6791 0.2829 0.6773
vn -0.5854 0.4353 0.6840
vn -0.4811 0.5479 0.6844
vn -0.3416 0.6502 0.6786
vn -0.1675 0.7129 0.6810
vn 0.0006 0.7304 0.6830
vn 0.1352 0.7107 0.6904
vn 0.2840 0.6775 0.6785
vn -0.4139 0.7220 0.5545
vn -0.6436 -0.4577 0.6135
vn -0.2321 -0.6679 0.7071
vn -0.1481 -0.7041 0.6945
vn 0.0183 -0.7291 0.6842
vn 0.1720 -0.7091 0.6838
vn 0.3196 -0.6561 0.6837
vn 0.4740 -0.5627 0.6772
vn 0.6029 -0.4175 0.6799
vn 0.6842 -0.2592 0.6817
vn 0.7285 -0.0859 0.6796
vn 0.7264 0.0983 0.6802
vn 0.6786 0.2827 0.6779
vn 0.5876 0.4311 0.6848
vn 0.4843 0.5372 0.6905
vn 0.7138 -0.0228 -0.7000
vn -0.5774 0.5774 -0.5773
vn -0.7042 0.0089 -0.7100
vn 0.7003 0.0199 -0.7136
vn -0.6937 0.0519 -0.7184
vn 0.7156 -0.0957 -0.6919
vn -0.2897 0.6075 -0.7396
vn 0.3878 -0.6239 -0.6785
vn 0.2226 -0.6962 -0.6824
vn -0.1320 0.6674 -0.7329
vn 0.6956 -0.1971 -0.6908
vn -0.6472 0.1785 -0.7411
vn 0.6586 -0.2999 -0.6902
vn -0.5714 0.3544 -0.7402
vn -0.4473 0.5006 -0.7412
vn 0.6046 -0.3979 -0.6901
vn 0.5240 -0.5088 -0.6830
vn 0.0335 0.6919 -0.7212
vn -0.0340 0.6981 -0.7152
vn 0.1044 -0.7103 -0.6961
vn 0.0346 -0.7168 -0.6964
vn 0.6863 0.0850 -0.7224
vn 0.6309 0.2722 -0.7266
vn 0.6688 0.1753 -0.7224
vn 0.5688 0.3798 -0.7296
vn 0.4769 0.4860 -0.7324
vn 0.3740 0.5747 -0.7279
vn 0.3016 -0.3015 -0.9045
vn 0.1164 0.6835 -0.7206
vn 0.0001 -0.7071 -0.7071
vn 0.1982 0.6635 -0.7215
vn 0.2819 0.6313 -0.7225
vn 0.5762 -0.5788 -0.5771
vn -0.0030 -0.7070 -0.7072
vn -0.5784 -0.5762 -0.5775
vn 0.7138 -0.0228 0.7000
vn -0.5774 0.5774 0.5773
vn -0.7042 0.0089 0.7100
vn 0.7003 0.0199 0.7136
vn -0.6937 0.0519 0.7184
vn 0.7156 -0.0957 0.6919
vn -0.2897 0.6075 0.7396
vn -0.1320 0.6674 0.7329
vn 0.2226 -0.6962 0.6824
vn 0.3878 -0.6239 0.6785
vn 0.6956 -0.1971 0.6908
vn -0.6472 0.1785 0.7411
vn -0.5714 0.3544 0.7402
vn 0.6586 -0.2999 0.6902
vn -0.4473 0.5006 0.7412
vn 0.6046 -0.3979 0.6901
vn 0.5240 -0.5088 0.6830
vn 0.0335 0.6919 0.7212
vn 0.0346 -0.7168 0.6964
vn 0.1044 -0.7103 0.6961
vn -0.0340 0.6981 0.7152
vn 0.6863 0.0850 0.7224
vn 0.6309 0.2722 0.7266
vn 0.6689 0.1753 0.7224
vn 0.5688 0.3798 0.7296
vn -0.3015 0.3015 0.9045
vn 0.4769 0.4859 0.7324
vn 0.3016 -0.3015 0.9045
vn 0.3740 0.5747 0.7279
vn 0.1164 0.6835 0.7206
vn 0.1981 0.6635 0.7215
vn 0.2819 0.6313 0.7225
vn 0.0001 -0.7071 0.7071
vn 0.5762 -0.5788 0.5771
vn -0.0029 -0.7070 0.7072
vn -0.5783 -0.5762 0.5775
vn -0.5774 0.5773 0.5773
vn -0.5774 -0.5774 0.5773
vn 0.3226 0.7110 0.6249
vn 0.0678 -0.1815 0.9811
vn -0.0685 0.1823 0.9808
vn 0.5774 0.5774 0.5773
vn 0.5774 -0.5774 0.5773
vn -0.3240 -0.7106 0.6246
vn -0.5774 -0.5774 -0.5773
vn 0.3226 0.7110 -0.6249
vn 0.0679 -0.1815 -0.9810
vn -0.0685 0.1823 -0.9808
vn -0.5773 0.5773 -0.5774
vn 0.5774 0.5774 -0.5773
vn 0.5773 -0.5773 -0.5774
vn -0.3240 -0.7106 -0.6246
vn 0.5774 -0.5774 -0.5773
vn -0.5773 0.5774 -0.5774
vn -0.0733 0.1880 -0.9794
vn -0.7659 0.3362 -0.5480
vn 0.3131 0.7135 -0.6268
vn -0.4329 0.0123 -0.9014
vn -0.0850 -0.2006 -0.9760
vn -0.7761 -0.3146 -0.5465
vn 0.2915 -0.7185 -0.6315
vn -0.0733 0.1880 0.9794
vn 0.3131 0.7135 0.6268
vn -0.7659 0.3362 0.5480
vn -0.4329 0.0123 0.9014
vn -0.0846 -0.2006 0.9760
vn -0.7761 -0.3146 0.5465
vn 0.2915 -0.7185 0.6315
vn -0.5774 -0.5773 -0.5774
vn 0.5774 -0.5773 -0.5774
vn -0.3015 -0.9045 -0.3015
vn 0.3015 -0.9045 -0.3015
vn 0.3015 -0.9045 0.3015
vn -0.3015 -0.9045 0.3015
vn -0.0000 0.7279 -0.6857
vn -0.0000 0.7279 0.6857
vn 0.1420 0.7139 0.6857
vn 0.1420 0.7139 -0.6857
vn 0.2785 0.6725 0.6857
vn 0.2785 0.6725 -0.6857
vn 0.4044 0.6052 0.6857
vn 0.4044 0.6052 -0.6857
vn 0.5147 0.5147 0.6857
vn 0.5147 0.5147 -0.6857
vn 0.6052 0.4044 0.6857
vn 0.6052 0.4044 -0.6857
vn 0.6725 0.2786 0.6857
vn 0.6725 0.2786 -0.6857
vn 0.7139 0.1420 0.6857
vn 0.7139 0.1420 -0.6857
vn 0.7279 -0.0000 0.6857
vn 0.7279 -0.0000 -0.6857
vn 0.7139 -0.1420 0.6857
vn 0.7139 -0.1420 -0.6857
vn 0.6725 -0.2785 0.6857
vn 0.6725 -0.2785 -0.6857
vn 0.6052 -0.4044 0.6857
vn 0.6052 -0.4044 -0.6857
vn 0.5147 -0.5147 0.6857
vn 0.5147 -0.5147 -0.6857
vn 0.4044 -0.6052 0.6857
vn 0.4044 -0.6052 -0.6857
vn 0.2786 -0.6725 0.6857
vn 0.2786 -0.6725 -0.6857
vn 0.1420 -0.7139 0.6857
vn 0.1420 -0.7139 -0.6857
vn -0.0000 -0.7279 0.6857
vn -0.0000 -0.7279 -0.6857
vn -0.1420 -0.7139 0.6857
vn -0.1420 -0.7139 -0.6857
vn -0.2786 -0.6725 0.6857
vn -0.2786 -0.6725 -0.6857
vn -0.4044 -0.6052 0.6857
vn -0.4044 -0.6052 -0.6857
vn -0.5147 -0.5147 0.6857
vn -0.5147 -0.5147 -0.6857
vn -0.6052 -0.4044 0.6857
vn -0.6052 -0.4044 -0.6857
vn -0.6725 -0.2785 0.6857
vn -0.6725 -0.2785 -0.6857
vn -0.7139 -0.1420 0.6857
vn -0.7139 -0.1420 -0.6857
vn -0.7279 -0.0000 0.6857
vn -0.7279 -0.0000 -0.6857
vn -0.7139 0.1420 0.6857
vn -0.7139 0.1420 -0.6857
vn -0.6725 0.2786 0.6857
vn -0.6725 0.2786 -0.6857
vn -0.6052 0.4044 0.6857
vn -0.6052 0.4044 -0.6857
vn -0.5147 0.5147 0.6857
vn -0.5147 0.5147 -0.6857
vn -0.4044 0.6052 0.6857
vn -0.4044 0.6052 -0.6857
vn -0.2785 0.6725 0.6857
vn -0.2785 0.6725 -0.6857
vn -0.1420 0.7139 0.6857
vn -0.1420 0.7139 -0.6857
vn 0.5773 -0.5774 0.5773
vn -0.5773 -0.5774 0.5773
vn 0.5116 -0.5828 -0.6314
vn 0.7267 -0.6776 -0.1134
vn -0.0773 -0.6952 -0.7146
vn -0.1138 -0.7071 -0.6979
vn -0.1517 -0.6958 -0.7020
vn -0.2267 -0.6946 -0.6828
vn 0.0038 -1.0000 -0.0016
vn -0.2845 -0.6984 -0.6567
vn 0.0012 -1.0000 -0.0004
vn -0.3267 -0.7018 -0.6331
vn -0.0029 -1.0000 0.0013
vn -0.7751 -0.5783 -0.2545
vn -0.0009 -1.0000 0.0005
vn -0.5018 -0.0065 -0.8650
vn -0.0002 -1.0000 0.0001
vn -0.5180 -0.0067 -0.8554
vn -0.5342 -0.0070 -0.8453
vn 0.1271 -0.5765 -0.8072
vn -0.4379 -0.6995 -0.5647
vn -0.4592 -0.7025 -0.5438
vn -0.0156 -0.9999 0.0061
vn -0.4661 -0.7053 -0.5341
vn -0.4917 -0.7175 0.4934
vn -0.8316 -0.5546 -0.0298
vn -0.8747 -0.3837 0.2960
vn -0.3803 0.2709 -0.8843
vn -0.8437 0.2452 -0.4776
vn -0.3797 0.2734 -0.8838
vn -0.8444 0.2578 -0.4695
vn -0.7309 0.0005 -0.6825
vn 0.8289 0.1685 -0.5335
vn -0.2097 -0.2739 -0.9386
vn 0.4111 -0.2775 -0.8683
vn 0.0712 -0.7235 -0.6867
vn 0.9880 -0.0000 -0.1542
vn 0.6272 -0.0008 -0.7788
vn 0.9870 0.0470 -0.1538
vn 0.6295 -0.0000 -0.7770
vn 0.6288 0.0017 -0.7775
vn 0.6275 0.0015 -0.7786
vn -0.1076 -0.0000 -0.9942
vn -0.1070 0.0013 -0.9943
vn -0.1120 0.0010 -0.9937
vn -0.1113 -0.0011 -0.9938
vn -0.1610 -0.0000 -0.9870
vn -0.1609 -0.0000 -0.9870
vn -0.2112 -0.0000 -0.9775
vn -0.2111 -0.0000 -0.9775
vn 0.0111 0.3069 -0.9517
vn -0.5737 0.2563 -0.7779
vn -0.3151 -0.0000 -0.9491
vn 0.0161 -0.7219 -0.6918
vn 0.0205 -0.5756 -0.8175
vn -0.4009 -0.0000 -0.9161
vn -0.7779 0.2461 -0.5783
vn -0.4598 -0.2209 -0.8601
vn -0.4602 -0.0000 -0.8878
vn -0.3216 -0.7126 -0.6235
vn -0.1105 -0.5460 -0.8305
vn -0.7034 -0.2858 -0.6508
vn -0.3460 -0.7074 -0.6163
vn -0.2678 -0.2927 -0.9179
vn 0.1518 -0.5797 -0.8006
vn 0.1504 0.5753 -0.8040
vn -0.3544 -0.7040 -0.6154
vn -0.3513 -0.7102 -0.6100
vn -0.3785 0.7053 -0.5994
vn -0.3665 0.7040 -0.6083
vn -0.3661 -0.7053 -0.6070
vn -0.3643 -0.7089 -0.6040
vn -0.3791 -0.7042 -0.6003
vn -0.3760 -0.7101 -0.5954
vn -0.6322 0.7179 0.2914
vn -0.7762 -0.5801 -0.2470
vn -0.3949 -0.7118 -0.5808
vn -0.6121 0.0029 -0.7908
vn -0.6382 -0.5888 -0.4960
vn -0.8552 -0.2836 -0.4338
vn -0.5869 -0.7267 -0.3569
vn -0.4788 -0.2623 -0.8378
vn -0.1686 0.2714 -0.9476
vn -0.6514 -0.0120 -0.7586
vn -0.7305 0.0006 -0.6829
vn -0.7113 -0.5903 -0.3815
vn -0.6485 -0.7384 -0.1850
vn -0.4942 -0.7124 0.4982
vn -0.1482 -0.9429 0.2983
vn -0.3279 -0.4461 0.8327
vn -0.6999 0.7141 0.0124
vn -0.8984 -0.4007 0.1796
vn -0.9496 -0.2891 -0.1210
vn -0.9498 -0.2883 -0.1212
vn -0.7504 0.0219 0.6606
vn -0.6741 -0.2332 -0.7009
vn -0.6749 -0.2309 -0.7009
vn -0.7584 -0.6118 -0.2251
vn -0.7243 0.2479 -0.6433
vn -0.6827 0.7156 -0.1477
vn -0.9155 -0.4017 -0.0230
vn -0.8983 -0.2869 -0.3329
vn -0.3083 -0.2329 -0.9224
vn -0.4773 -0.7211 -0.5022
vn 0.6053 -0.4106 -0.6820
vn 0.3457 -0.3032 -0.8880
vn -0.1812 0.2726 -0.9449
vn -0.7239 0.2510 -0.6426
vn -0.8990 -0.2824 -0.3346
vn -0.5041 -0.2470 -0.8276
vn -0.6996 0.7144 0.0117
vn -0.8985 -0.4002 0.1804
vn -0.4863 -0.0000 -0.8738
vn -0.3484 0.7038 -0.6192
vn -0.3468 -0.7103 -0.6125
vn -0.1913 -0.5774 0.7938
vn -0.1913 0.5773 0.7938
vn -0.7938 0.5774 -0.1913
vn -0.7938 -0.5774 -0.1913
vn 0.1913 0.5773 -0.7938
vn 0.1913 -0.5773 -0.7938
vn 0.7938 0.5774 0.1913
vn 0.7938 -0.5774 0.1913
vn -0.1913 0.5774 0.7938
vn 0.7938 0.5773 0.1913
vn 0.7938 -0.5773 0.1913
vn -0.1933 -0.7209 -0.6656
vn -0.0852 0.4021 -0.9116
vn 0.1806 -0.2510 -0.9510
vn -0.2576 0.2284 -0.9389
vn -0.7779 0.2427 -0.5797
vn -0.2575 0.2295 -0.9386
vn 0.1803 -0.2497 -0.9514
vn -0.4597 -0.2240 -0.8594
vn -0.5336 -0.7536 -0.3840
vn 0.4367 -0.3411 -0.8324
vn 0.3741 0.7044 -0.6032
vn -0.7453 0.4078 -0.5274
vn -0.1951 -0.7221 -0.6637
vn -0.0834 0.4001 -0.9127
vn 0.0963 0.2421 -0.9655
vn -0.5194 0.2846 -0.8057
vn 0.1204 0.4064 -0.9057
vn -0.0342 -0.7160 -0.6973
vn -0.6801 0.7176 -0.1503
vn 0.1241 0.4018 -0.9073
vn -0.0387 -0.7187 -0.6942
vn -0.9169 -0.3986 -0.0210
vn -0.8836 0.3384 -0.3237
vn 0.1406 0.7515 -0.6446
vn -0.8818 0.3416 -0.3252
vn 0.1392 0.7521 -0.6442
vn 0.4376 -0.3399 -0.8325
vn -0.5371 -0.7519 -0.3823
vn -0.7193 0.4053 -0.5642
vn 0.3812 0.7138 -0.5875
vn 0.6391 -0.4106 -0.6504
vn -0.4709 -0.7126 -0.5201
vn -0.3365 -0.0192 0.9415
vn -0.2111 0.9559 0.2040
vn -0.3333 -0.0000 0.9428
vn -0.6681 -0.5690 -0.4796
vn -0.5718 -0.7189 -0.3952
vn -0.3272 -0.7017 -0.6329
vn -0.0506 -0.7094 -0.7030
vn -0.7926 -0.5550 -0.2525
vn -0.6142 -0.7044 -0.3558
vn 0.0881 -0.5403 -0.8369
vn 0.3633 -0.6055 -0.7081
vn -0.3462 -0.7069 -0.6168
vn -0.0594 -0.5127 -0.8565
vn -0.0110 -0.7082 -0.7059
vn -0.4002 -0.7025 -0.5886
vn -0.3676 0.5199 -0.7711
vn -0.4226 0.6599 -0.6212
vn -0.3623 0.6640 -0.6541
vn -0.3483 0.6558 -0.6698
vn -0.3019 0.7063 -0.6403
vn -0.4838 0.5334 -0.6938
vn -0.4987 0.5364 -0.6809
vn -0.4589 0.7106 -0.5334
vn -0.3050 0.6104 -0.7310
vn -0.2731 0.7339 -0.6219
vn -0.3733 0.6611 -0.6509
vn -0.3785 0.5308 -0.7583
vn -0.3867 0.6622 -0.6418
vn 0.3777 0.6442 -0.6651
vn -0.4006 0.6612 -0.6342
vn 0.1872 0.9317 -0.3112
vn 0.1168 0.9482 -0.2954
vn -0.2317 0.9698 0.0758
vn 0.5001 0.8632 -0.0686
vn 0.0986 0.9587 -0.2668
vn -0.3773 0.9230 0.0755
vn -0.3181 0.9427 0.1003
vn -0.2652 0.9623 0.0609
vn -0.0583 0.9929 -0.1038
vn -0.0554 0.9929 -0.1057
vn 0.1729 0.8020 -0.5718
vn -0.0610 0.9929 -0.1018
vn -0.0630 0.9930 -0.1002
vn -0.0564 0.9929 -0.1052
vn -0.0659 0.9931 -0.0975
vn -0.8903 -0.4552 0.0131
vn -0.7767 0.6139 -0.1409
vn -0.3742 0.5773 0.7257
vn 0.7257 -0.5774 0.3742
vn 0.3742 -0.5773 -0.7257
vn -0.9533 -0.3015 0.0166
vn -0.6746 0.7071 -0.2119
vn -0.3778 0.5773 -0.7238
vn -0.4627 -0.0000 -0.8865
vn 0.7238 0.5774 -0.3778
vn 0.8865 -0.0000 -0.4627
vn 0.9533 -0.3015 -0.0166
vn 0.6746 0.7071 0.2119
vn 0.3778 0.5774 0.7238
vn 0.4627 -0.0000 0.8865
vn -0.7238 0.5773 0.3778
vn -0.8865 -0.0000 0.4627
vn 0.3778 -0.5773 0.7238
vn 0.7238 -0.5773 -0.3778
vn 0.7726 -0.3015 0.5587
vn -0.7238 -0.5774 0.3778
vn -0.7726 -0.3015 -0.5587
vn -0.3778 -0.5774 -0.7238
vn -0.7238 -0.5773 0.3778
vn 0.7238 -0.5774 -0.3778
vn 0.3778 -0.5774 0.7238
vn -0.9532 -0.3015 0.0205
vn -0.6755 0.7071 -0.2092
vn -0.3807 0.5774 -0.7223
vn -0.4663 -0.0000 -0.8846
vn 0.7223 0.5773 -0.3807
vn 0.8846 -0.0000 -0.4663
vn 0.9529 -0.3027 -0.0187
vn 0.6742 0.7078 0.2110
vn 0.3807 0.5774 0.7223
vn 0.4663 -0.0000 0.8846
vn -0.7223 0.5773 0.3807
vn -0.8846 -0.0000 0.4663
vn 0.3807 -0.5773 0.7223
vn 0.7223 -0.5773 -0.3807
vn -0.6755 0.7064 -0.2114
vn 0.6755 0.7071 0.2092
vn 0.7742 -0.3003 0.5572
vn -0.9529 -0.3027 0.0187
vn -0.7223 -0.5773 0.3807
vn 0.3807 -0.5774 0.7223
vn 0.7749 -0.3015 0.5556
vn -0.7749 -0.3015 -0.5556
vn -0.7742 -0.3003 -0.5572
vn 0.6755 0.7064 0.2114
vn -0.6742 0.7078 -0.2110
vn 0.9532 -0.3015 -0.0205
vn -0.3807 -0.5774 -0.7223
vn -0.7223 -0.5774 0.3807
vn 0.7223 -0.5774 -0.3807
vn -0.3807 -0.5773 -0.7223
vn -0.0000 -0.7538 -0.6571
vn 0.2515 -0.7538 -0.6071
vn 0.3827 -0.0000 -0.9239
vn 0.4647 -0.7538 -0.4647
vn 0.6071 -0.7538 -0.2515
vn 0.9239 -0.0000 -0.3827
vn 0.6571 -0.7538 -0.0000
vn 0.6071 -0.7538 0.2515
vn 0.9239 -0.0000 0.3827
vn 0.4647 -0.7538 0.4647
vn 0.2515 -0.7538 0.6071
vn 0.3827 -0.0000 0.9239
vn -0.0000 -0.7538 0.6571
vn -0.2515 -0.7538 0.6071
vn -0.3827 -0.0000 0.9239
vn -0.4647 -0.7538 0.4647
vn -0.6071 -0.7538 0.2515
vn -0.9239 -0.0000 0.3827
vn -0.6571 -0.7538 -0.0000
vn -0.6071 -0.7538 -0.2515
vn -0.9239 -0.0000 -0.3827
vn -0.4647 -0.7538 -0.4647
vn 0.3755 -0.1934 0.9064
vn -0.0000 -0.1934 0.9811
vn -0.2515 -0.7538 -0.6071
vn -0.3827 -0.0000 -0.9239
vn -0.9064 -0.1934 -0.3755
vn -0.9811 -0.1934 -0.0000
vn -0.8084 0.5886 -0.0000
vn -0.7469 0.5886 -0.3094
vn -0.0000 -0.1934 -0.9811
vn 0.3755 -0.1934 -0.9064
vn 0.9064 -0.1934 0.3755
vn 0.6938 -0.1934 0.6938
vn -0.6938 -0.1934 0.6938
vn -0.9064 -0.1934 0.3755
vn -0.3755 -0.1934 -0.9064
vn 0.9064 -0.1934 -0.3755
vn 0.9811 -0.1934 -0.0000
vn -0.3755 -0.1934 0.9064
vn -0.6938 -0.1934 -0.6938
vn 0.6938 -0.1934 -0.6938
vn -0.7469 0.5886 0.3094
vn -0.5716 0.5886 0.5716
vn 0.0003 1.0000 0.0002
vn 0.7469 0.5886 0.3094
vn 0.5716 0.5886 0.5716
vn -0.5716 0.5886 -0.5716
vn 0.3094 0.5886 0.7469
vn -0.3094 0.5886 -0.7469
vn -0.0000 0.5886 0.8084
vn -0.0000 0.5886 -0.8084
vn 0.3094 0.5886 -0.7469
vn -0.3094 0.5886 0.7469
vn 0.5716 0.5886 -0.5716
vn 0.7469 0.5886 -0.3094
vn 0.8084 0.5886 -0.0000
vn 0.3235 0.2092 -0.9228
vn 0.2181 -0.0160 -0.9758
vn 0.5371 -0.3044 -0.7867
vn 0.7186 -0.1643 -0.6757
vn 0.5043 -0.6926 -0.5158
vn 0.6787 -0.6537 -0.3346
vn 0.1427 -0.9302 -0.3381
vn 0.2281 -0.9683 -0.1018
vn -0.3080 -0.8824 -0.3556
vn -0.3644 -0.9242 -0.1143
vn -0.5885 -0.5994 -0.5426
vn -0.7517 -0.5519 -0.3611
vn -0.5611 -0.2428 -0.7913
vn -0.7129 -0.0688 -0.6978
vn -0.2382 0.0002 -0.9712
vn -0.2700 0.2470 -0.9307
vn -0.2676 0.2483 -0.9310
vn 0.3257 0.2075 -0.9224
vn -0.7123 -0.0651 -0.6988
vn -0.6831 0.6530 0.3270
vn -0.2310 0.9678 0.0998
vn 0.7186 -0.1685 -0.6747
vn -0.3699 -0.9219 -0.1148
vn -0.7542 -0.5476 -0.3623
vn 0.6752 -0.6581 -0.3331
vn 0.2219 -0.9698 -0.1012
vn 0.7473 0.5522 0.3696
vn 0.3615 0.9248 0.1183
vn -0.7267 0.1646 0.6669
vn -0.3359 -0.2086 0.9185
vn 0.2572 -0.2474 0.9341
vn 0.7044 0.0680 0.7066
vn 0.3236 0.2092 -0.9228
vn 0.5372 -0.3043 -0.7866
vn -0.7129 -0.0688 -0.6979
vn 0.3257 0.2074 -0.9224
vn -0.6832 0.6530 0.3270
vn 0.3236 0.2093 -0.9228
vn 0.7187 -0.1642 -0.6757
vn 0.5043 -0.6926 -0.5157
vn 0.6788 -0.6537 -0.3346
vn 0.2282 -0.9683 -0.1018
vn -0.3643 -0.9243 -0.1143
vn -0.7516 -0.5520 -0.3611
vn -0.5611 -0.2427 -0.7914
vn -0.7130 -0.0689 -0.6978
vn -0.2701 0.2469 -0.9306
vn -0.7123 -0.0651 -0.6989
vn -0.7543 -0.5476 -0.3623
vn 0.7044 0.0681 0.7066
vn -0.3700 -0.9219 -0.1148
vn 0.3236 0.2091 -0.9228
vn 0.6788 -0.6536 -0.3346
vn 0.2281 -0.9683 -0.1019
vn -0.3643 -0.9242 -0.1143
vn 0.7043 0.0680 0.7066
vn -0.3352 -0.6302 -0.7003
vn -0.3352 0.6302 -0.7003
vn 0.2582 0.6303 -0.7322
vn 0.2582 -0.6303 -0.7322
vn 0.7003 0.6303 -0.3352
vn 0.7003 -0.6302 -0.3352
vn 0.7322 0.6303 0.2582
vn 0.7322 -0.6303 0.2582
vn 0.3351 0.6302 0.7003
vn 0.3351 -0.6302 0.7003
vn -0.2582 0.6303 0.7322
vn -0.2582 -0.6303 0.7322
vn -0.7003 0.6303 0.3352
vn -0.7003 -0.6303 0.3352
vn -0.7322 0.6303 -0.2582
vn -0.7322 -0.6303 -0.2582
vn -0.7030 -0.6303 -0.3295
vn -0.9146 0.0620 -0.3995
vn -0.3702 -0.0389 -0.9281
vn -0.2641 -0.6302 -0.7301
vn 0.4021 -0.1381 -0.9051
vn 0.3295 -0.6303 -0.7030
vn 0.9357 -0.1462 -0.3210
vn 0.7301 -0.6303 -0.2641
vn 0.8901 -0.0539 0.4525
vn 0.7030 -0.6303 0.3295
vn 0.3131 0.0501 0.9484
vn 0.2640 -0.6303 0.7301
vn -0.4321 0.1143 0.8945
vn -0.3295 -0.6303 0.7030
vn 0.2871 -0.4831 -0.8272
vn 0.8308 -0.5101 -0.2227
vn -0.9307 0.1186 0.3461
vn -0.7301 -0.6302 0.2641
vn -0.4300 -0.1400 -0.8919
vn -0.5097 -0.2434 -0.8252
vn 0.0188 -0.7925 -0.6096
vn 0.3247 0.2001 0.9244
vn -0.3506 0.4635 0.8138
vn 0.8353 -0.1950 0.5141
vn -0.8317 0.4817 0.2761
vn -0.8758 0.2476 -0.4143
vn -0.7408 0.4146 -0.5285
vn -0.5608 0.8264 0.0516
vn -0.3983 0.9123 -0.0956
vn -0.6649 0.4154 -0.6208
vn -0.0874 0.7940 0.6016
vn 0.7238 -0.3339 0.6039
vn 0.4361 0.3325 0.8362
vn 0.5499 -0.8352 0.0090
vn 0.3936 -0.9143 0.0955
vn -0.0849 -0.8762 -0.4744
vn 0.1108 -0.7741 -0.6233
vn 0.5878 -0.8058 -0.0717
vn 0.5258 0.3193 0.7884
vn 0.0858 0.8732 0.4797
vn 0.6625 -0.4266 0.6157
vn -0.5204 -0.3313 -0.7870
vn -0.6437 0.7640 0.0443
vn -0.0816 0.7249 0.6840
vn -0.3380 0.4096 0.8473
vn -0.8635 0.4266 0.2690
vn -0.7452 0.3135 -0.5886
vn -0.4298 -0.3234 -0.8430
vn 0.4949 0.2287 0.8383
vn 0.7518 -0.4033 0.5217
vn 0.8679 -0.2522 0.4281
vn 0.8198 -0.5091 -0.2621
vn 0.9246 -0.1636 -0.3439
vn 0.9149 -0.0832 0.3949
vn 0.4135 0.1465 0.8986
vn 0.3341 -0.4888 -0.8059
vn -0.8455 0.1977 -0.4961
vn -0.3390 -0.2012 -0.9190
vn 0.4297 -0.1574 -0.8891
vn -0.3077 -0.0668 -0.9491
vn -0.2242 0.6123 -0.7582
vn 0.3628 0.5875 -0.7233
vn -0.4004 0.1475 0.9044
vn -0.9345 0.1544 0.3207
vn 0.3799 0.0486 0.9237
vn -0.8847 0.0663 -0.4615
vn -0.6694 0.6478 -0.3637
vn -0.7012 0.6729 0.2358
vn -0.2949 0.6708 0.6805
vn 0.3044 0.6431 0.7027
vn 0.7369 0.6079 0.2957
vn 0.7563 0.5858 -0.2913
vn -0.7607 -0.5773 -0.2967
vn -0.7607 0.5773 -0.2967
vn 0.2967 0.5774 -0.7607
vn 0.2967 -0.5773 -0.7607
vn 0.7607 0.5773 0.2967
vn 0.7607 -0.5773 0.2967
vn -0.2967 0.5774 0.7607
vn -0.2967 -0.5774 0.7607
vn -0.7607 -0.5774 -0.2967
vn -0.7607 0.5774 -0.2967
vn 0.7607 0.5774 0.2967
vn 0.7607 -0.5774 0.2967
vn -0.2967 0.5773 0.7607
vn -0.2967 -0.5773 0.7607
vn -0.3352 -0.6303 -0.7003
vn -0.3352 0.6303 -0.7003
vn 0.7003 -0.6303 -0.3352
vn 0.3352 0.6303 0.7003
vn 0.3352 -0.6303 0.7003
vn -0.2582 0.6302 0.7322
vn -0.2582 -0.6302 0.7322
vn -0.7003 0.6303 0.3351
vn -0.7003 -0.6303 0.3351
vn 0.7003 0.6302 -0.3352
vn -0.3004 -0.6303 0.7159
vn -0.3617 0.0620 0.9302
vn -0.9122 -0.0389 0.4079
vn -0.7187 -0.6303 0.2938
vn -0.9208 -0.1381 -0.3647
vn -0.7159 -0.6303 -0.3004
vn -0.3592 -0.1461 -0.9218
vn -0.2938 -0.6303 -0.7187
vn 0.4157 -0.0538 -0.9079
vn 0.3005 -0.6302 -0.7159
vn 0.9348 0.0501 -0.3517
vn 0.7187 -0.6303 -0.2937
vn 0.9115 0.1144 0.3952
vn 0.7159 -0.6303 0.3005
vn -0.8383 -0.4829 -0.2531
vn -0.2567 -0.5099 -0.8210
vn 0.3839 0.1186 0.9157
vn 0.2938 -0.6303 0.7187
vn -0.8735 -0.1401 0.4662
vn -0.8037 -0.2434 0.5430
vn -0.6099 -0.7924 0.0062
vn 0.9103 0.2002 -0.3623
vn 0.8274 0.4635 0.3170
vn 0.4794 -0.1949 -0.8557
vn 0.3100 0.4817 0.8197
vn -0.3781 0.2475 0.8921
vn -0.4978 0.4147 0.7618
vn 0.0745 0.8264 0.5582
vn -0.0791 0.9122 0.4021
vn -0.5931 0.4152 0.6898
vn 0.6047 0.7940 0.0627
vn 0.5737 -0.3340 -0.7479
vn 0.8176 0.3325 -0.4700
vn -0.0136 -0.8352 -0.5498
vn 0.0792 -0.9144 -0.3971
vn -0.4706 -0.8762 0.1043
vn -0.6273 -0.7741 -0.0851
vn -0.0957 -0.8058 -0.5843
vn 0.7661 0.3194 -0.5577
vn 0.4759 0.8732 -0.1052
vn 0.5886 -0.4269 -0.6865
vn -0.7652 -0.3306 0.5524
vn 0.0709 0.7641 0.6412
vn 0.6864 0.7252 0.0534
vn 0.8607 0.4091 0.3029
vn 0.3042 0.4263 0.8519
vn -0.5575 0.3134 0.7687
vn -0.8247 -0.3234 0.4640
vn 0.8173 0.2288 -0.5288
vn 0.4905 -0.4033 -0.7725
vn 0.3923 -0.2522 -0.8846
vn -0.2954 -0.5091 -0.8084
vn -0.3815 -0.1636 -0.9098
vn 0.3572 -0.0833 -0.9303
vn 0.8810 0.1464 -0.4499
vn -0.8189 -0.4888 -0.3008
vn -0.4611 0.1977 0.8651
vn -0.9044 -0.2012 0.3764
vn -0.9060 -0.1574 -0.3929
vn -0.9358 -0.0668 0.3462
vn -0.7483 0.6123 0.2550
vn -0.7375 0.5875 -0.3329
vn 0.9201 0.1471 0.3631
vn 0.3587 0.1542 0.9206
vn 0.9074 0.0485 -0.4174
vn -0.4249 0.0663 0.9028
vn -0.3360 0.6478 0.6837
vn 0.2643 0.6729 0.6909
vn 0.6919 0.6708 0.2668
vn 0.6897 0.6430 -0.3330
vn 0.2652 0.6079 -0.7484
vn -0.3220 0.5858 -0.7437
vn -0.0922 -0.5774 -0.8113
vn -0.0922 0.5773 -0.8113
vn 0.8113 0.5774 -0.0922
vn 0.8113 -0.5774 -0.0922
vn 0.0922 0.5773 0.8113
vn 0.0922 -0.5773 0.8113
vn -0.8113 0.5774 0.0922
vn -0.8113 -0.5774 0.0922
vn -0.0922 -0.5773 -0.8113
vn 0.0922 0.5774 0.8113
vn -0.0922 0.5774 -0.8113
vn 0.0922 -0.5774 0.8113
vn 0.7531 -0.6100 0.2463
vn 0.9383 0.0141 0.3455
vn 0.1825 0.1102 0.9770
vn 0.1632 -0.6100 0.7754
vn -0.7246 0.1102 0.6804
vn -0.5899 -0.6100 0.5291
vn -0.9612 0.0141 -0.2756
vn -0.7532 -0.6100 -0.2463
vn -0.2133 -0.0872 -0.9731
vn -0.1633 -0.6100 -0.7754
vn 0.7471 -0.0872 -0.6590
vn -0.2544 -0.3414 -0.9048
vn 0.7399 -0.3414 -0.5797
vn 0.5899 -0.6100 -0.5291
vn 0.9265 0.0206 0.3758
vn 0.6738 -0.6585 -0.3353
vn 0.9294 0.0568 0.3647
vn 0.1971 0.4026 0.8939
vn -0.6872 0.4026 0.6047
vn -0.9695 0.0206 -0.2442
vn -0.3455 -0.6585 -0.6686
vn -0.4388 -0.8269 -0.3518
vn 0.5619 -0.8268 -0.0246
vn -0.9653 0.0568 -0.2549
vn 0.2801 0.7060 0.6505
vn -0.6103 0.7060 0.3593
vn 0.9453 0.0532 0.3219
vn 0.4646 -0.8425 0.2725
vn 0.9523 0.0596 0.2992
vn -0.5192 0.8533 0.0477
vn -0.9528 0.0532 -0.2988
vn 0.3907 0.8534 0.3452
vn -0.5358 -0.8426 -0.0546
vn -0.6152 -0.7589 0.2135
vn 0.3702 -0.7589 0.5357
vn -0.9451 0.0596 -0.3212
vn 0.4827 0.8743 0.0505
vn -0.4193 0.8743 -0.2445
vn 0.9567 0.0490 0.2868
vn 0.3124 -0.4959 0.8102
vn 0.9687 0.0572 0.2414
vn -0.3201 0.7764 -0.5429
vn -0.9414 0.0489 -0.3339
vn 0.5790 0.7764 -0.2488
vn -0.7308 -0.4959 0.4691
vn -0.7588 -0.1419 0.6357
vn 0.2366 -0.1419 0.9612
vn -0.9242 0.0572 -0.3776
vn 0.6690 0.5069 -0.5435
vn -0.2187 0.5069 -0.8338
vn 0.9650 0.0112 0.2619
vn 0.1771 -0.6513 0.7379
vn 0.7669 -0.6075 0.2069
vn -0.1857 0.1436 -0.9721
vn -0.9333 0.0112 -0.3589
vn 0.7241 0.1436 -0.6746
vn 0.5994 -0.5666 -0.5654
vn -0.5789 -0.6513 0.4907
vn -0.7409 -0.6075 -0.2862
vn -0.1495 -0.5667 -0.8103
vn 0.3693 0.5773 0.7282
vn -0.7282 0.5774 0.3693
vn -0.7282 -0.5774 0.3693
vn 0.3693 -0.5773 0.7282
vn -0.3693 0.5773 -0.7282
vn -0.3693 -0.5773 -0.7282
vn 0.7282 0.5774 -0.3693
vn 0.7282 -0.5774 -0.3693
vn 0.3693 0.5774 0.7282
vn -0.7282 0.5773 0.3693
vn -0.7282 -0.5773 0.3693
vn 0.3693 -0.5774 0.7282
vn -0.3693 0.5774 -0.7282
vn -0.3693 -0.5774 -0.7282
vn 0.7282 0.5773 -0.3693
vn 0.7282 -0.5773 -0.3693
vn 0.7532 -0.6100 0.2462
vn 0.1826 0.1102 0.9770
vn 0.1633 -0.6100 0.7754
vn -0.7245 0.1102 0.6804
vn 0.7470 -0.0872 -0.6590
vn 0.7399 -0.3414 -0.5796
vn 0.6737 -0.6585 -0.3353
vn 0.1972 0.4027 0.8939
vn -0.6872 0.4027 0.6047
vn -0.4387 -0.8269 -0.3519
vn 0.5619 -0.8268 -0.0247
vn -0.9653 0.0567 -0.2550
vn -0.6103 0.7060 0.3594
vn 0.4646 -0.8426 0.2725
vn -0.5191 0.8534 0.0477
vn -0.5358 -0.8426 -0.0547
vn 0.3702 -0.7589 0.5358
vn 0.9567 0.0489 0.2868
vn -0.9413 0.0489 -0.3339
vn 0.5791 0.7764 -0.2488
vn 0.6691 0.5069 -0.5435
vn -0.2186 0.5069 -0.8338
vn -0.1856 0.1435 -0.9721
vn 0.5994 -0.5667 -0.5654
vn -0.7409 -0.6076 -0.2861
vn -0.1495 -0.5666 -0.8103
vn 0.3694 0.5774 0.7281
vn -0.7282 0.5773 0.3694
vn -0.7282 -0.5773 0.3694
vn 0.3694 -0.5774 0.7281
vn -0.7281 0.5773 0.3695
vn -0.7281 -0.5773 0.3695
vn -0.7281 0.5773 0.3694
vn -0.7212 0.5774 0.3827
vn -0.3827 0.5773 -0.7212
vn -0.3827 -0.5773 -0.7212
vn -0.7212 -0.5774 0.3827
vn 0.7213 0.5773 -0.3827
vn 0.7213 -0.5773 -0.3827
vn 0.3827 0.5773 0.7213
vn 0.3827 -0.5774 0.7213
vn 0.3827 0.5774 0.7213
vn 0.7213 0.5774 -0.3827
vn 0.7213 -0.5774 -0.3827
vn 0.3827 -0.5773 0.7213
vn -0.3827 -0.5774 -0.7212
vn -0.7212 -0.5773 0.3828
vn 0.3827 0.5774 0.7212
vn 0.3827 -0.5774 0.7212
vn -0.3827 0.5774 -0.7212
vn -0.3827 0.5773 -0.7213
vn -0.7212 0.5773 0.3828
vn -0.7212 0.5774 0.3828
vn 0.0146 -0.6100 -0.7923
vn 0.0551 0.0141 -0.9984
vn 0.8805 0.1102 -0.4611
vn 0.6934 -0.6100 -0.3835
vn 0.8630 0.1102 0.4931
vn 0.6788 -0.6100 0.4087
vn 0.0184 0.0141 0.9997
vn -0.0146 -0.6100 0.7923
vn -0.8677 -0.0872 0.4894
vn -0.6934 -0.6100 0.3836
vn -0.8492 -0.0872 -0.5209
vn -0.7904 -0.3414 0.5086
vn -0.7712 -0.3414 -0.5373
vn -0.6789 -0.6100 -0.4087
vn 0.0875 0.0206 -0.9959
vn -0.5181 -0.6585 -0.5458
vn 0.0760 0.0568 -0.9955
vn 0.7967 0.4026 -0.4506
vn 0.7796 0.4027 0.4796
vn 0.0509 0.0206 0.9985
vn -0.5378 -0.6585 0.5264
vn -0.2077 -0.8269 0.5227
vn -0.1884 -0.8269 -0.5299
vn 0.0394 0.0568 0.9976
vn 0.5398 0.7060 -0.4585
vn 0.5225 0.7060 0.4781
vn 0.0305 0.0532 -0.9981
vn 0.1242 -0.8426 -0.5241
vn 0.0068 0.0596 -0.9982
vn 0.1979 0.8534 0.4823
vn -0.0062 0.0532 0.9986
vn 0.2155 0.8534 -0.4747
vn 0.1049 -0.8426 0.5283
vn 0.3846 -0.7589 0.5255
vn 0.4036 -0.7589 -0.5110
vn -0.0299 0.0596 0.9978
vn -0.0933 0.8743 -0.4763
vn -0.1108 0.8743 0.4725
vn -0.0064 0.0490 -0.9988
vn 0.6830 -0.4959 -0.5363
vn -0.0533 0.0572 -0.9969
vn -0.4251 0.7764 0.4653
vn -0.0431 0.0489 0.9979
vn -0.4077 0.7764 -0.4806
vn 0.6628 -0.4959 0.5611
vn 0.8303 -0.1419 0.5390
vn 0.8495 -0.1419 -0.5081
vn -0.0899 0.0572 0.9943
vn -0.7158 0.5069 -0.4802
vn -0.7330 0.5069 0.4536
vn -0.0326 0.0112 -0.9994
vn 0.6535 -0.6513 -0.3857
vn -0.0271 -0.6076 -0.7938
vn -0.8749 0.1436 0.4626
vn -0.0694 0.0112 0.9975
vn -0.8573 0.1436 -0.4944
vn -0.7163 -0.5667 -0.4072
vn 0.6389 -0.6513 0.4095
vn -0.0563 -0.6075 0.7923
vn -0.7308 -0.5667 0.3806
vn 0.5879 0.5774 -0.5665
vn 0.5667 0.5772 0.5879
vn 0.5667 -0.5774 0.5878
vn 0.5879 -0.5774 -0.5665
vn -0.5879 0.5773 0.5666
vn -0.5879 -0.5773 0.5666
vn -0.5666 0.5774 -0.5879
vn -0.5666 -0.5774 -0.5879
vn 0.5879 0.5773 -0.5666
vn 0.5666 0.5774 0.5879
vn 0.5666 -0.5774 0.5879
vn 0.5879 -0.5773 -0.5666
vn 0.8629 0.1102 0.4931
vn 0.6788 -0.6100 0.4088
vn -0.6934 -0.6100 0.3835
vn -0.7904 -0.3415 0.5086
vn 0.0761 0.0568 -0.9955
vn 0.7796 0.4026 0.4797
vn -0.2077 -0.8269 0.5226
vn -0.1883 -0.8268 -0.5300
vn 0.5226 0.7060 0.4781
vn 0.1979 0.8533 0.4823
vn 0.2155 0.8533 -0.4747
vn -0.1108 0.8743 0.4726
vn -0.0064 0.0489 -0.9988
vn 0.6628 -0.4959 0.5610
vn -0.0898 0.0572 0.9943
vn -0.0327 0.0112 -0.9994
vn -0.0693 0.0112 0.9975
vn -0.7308 -0.5666 0.3806
vn 0.5879 0.5774 -0.5666
vn 0.5666 0.5773 0.5879
vn 0.5666 -0.5773 0.5879
vn 0.5879 -0.5774 -0.5666
vn -0.5879 -0.5774 0.5666
vn -0.5666 -0.5773 -0.5879
vn -0.5879 0.5774 0.5666
vn -0.5666 0.5773 -0.5879
vn -0.5773 0.5773 0.5774
vn -0.5773 -0.5773 0.5774
vn 0.5773 0.5773 -0.5774
vn 0.5774 0.5773 0.5773
vn -0.5773 0.5774 0.5774
vn -0.5773 -0.5774 0.5774
vn -0.5774 0.5773 -0.5773
vn -0.5774 -0.5773 -0.5773
vn 0.5773 0.5774 -0.5774
vn -0.0000 -0.6532 -0.7572
vn -0.0000 -0.7703 -0.6377
vn 0.3189 -0.7703 -0.5523
vn 0.3786 -0.6532 -0.6557
vn 0.5523 -0.7703 -0.3189
vn 0.6557 -0.6532 -0.3786
vn 0.6377 -0.7703 -0.0000
vn 0.7572 -0.6532 -0.0000
vn 0.5523 -0.7703 0.3189
vn 0.6557 -0.6532 0.3786
vn 0.3189 -0.7703 0.5523
vn 0.3786 -0.6532 0.6557
vn -0.0000 -0.7703 0.6377
vn -0.0000 -0.6532 0.7572
vn -0.3189 -0.7703 0.5523
vn -0.3786 -0.6532 0.6557
vn -0.5523 -0.7703 0.3189
vn -0.6557 -0.6532 0.3786
vn -0.6377 -0.7703 -0.0000
vn -0.7572 -0.6532 -0.0000
vn -0.5523 -0.7703 -0.3189
vn -0.6557 -0.6532 -0.3786
vn 0.9341 -0.3569 -0.0000
vn 0.8090 -0.3569 0.4671
vn -0.3189 -0.7703 -0.5523
vn -0.3786 -0.6532 -0.6557
vn -0.0000 -0.3569 0.9341
vn 0.4670 -0.3569 0.8090
vn -0.4671 -0.3569 -0.8090
vn -0.0000 -0.3569 -0.9341
vn 0.4670 -0.3569 -0.8090
vn 0.8090 -0.3569 -0.4671
vn -0.8090 -0.3569 -0.4671
vn -0.9341 -0.3569 -0.0000
vn -0.8090 -0.3569 0.4670
vn -0.4671 -0.3569 0.8090
vn 0.5523 -0.7702 -0.3189
vn -0.5523 -0.7703 0.3188
vn 0.4671 -0.3569 0.8090
vn -0.4670 -0.3569 -0.8090
vn -0.8090 -0.3569 0.4671
vn -0.8030 -0.5774 0.1480
vn -0.4193 -0.9045 0.0773
vn -0.0773 -0.9045 -0.4194
vn -0.1480 -0.5774 -0.8030
vn 0.4193 -0.9045 -0.0773
vn 0.8030 -0.5773 -0.1480
vn 0.0773 -0.9045 0.4193
vn 0.1480 -0.5774 0.8030
vn 0.9651 -0.2619 0.0048
vn 0.3485 -0.2619 0.9000
vn -0.3485 -0.2619 -0.9000
vn -0.9651 -0.2619 -0.0048
vn -0.3375 0.8038 0.4899
vn 0.3375 0.8038 -0.4900
vn 0.0501 0.8566 -0.5135
vn 0.0271 0.9603 -0.2775
vn 0.1622 0.9603 -0.2268
vn 0.3002 0.8566 -0.4196
vn 0.0972 -0.0000 -0.9953
vn 0.0940 0.2536 -0.9627
vn 0.5628 0.2536 -0.7867
vn 0.5818 -0.0000 -0.8133
vn 0.0697 0.6965 -0.7142
vn 0.4175 0.6965 -0.5837
vn 0.0963 -0.1305 -0.9868
vn 0.5768 -0.1306 -0.8064
vn 0.0847 0.4909 -0.8671
vn 0.5069 0.4909 -0.7086
vn 0.2670 0.7636 0.5879
vn 0.9818 -0.0000 0.1898
vn 0.9584 -0.1004 0.2670
vn 0.7702 0.5535 0.3169
vn 0.8842 0.3958 0.2483
vn 0.4620 0.7288 0.5054
vn 0.9569 0.2062 0.2047
vn 0.6252 0.6671 0.4051
vn -0.1064 0.6671 0.7374
vn 0.0765 0.7288 0.6804
vn -0.2776 0.9603 -0.0271
vn -0.5135 0.8566 -0.0501
vn -0.5032 -0.0000 0.8642
vn -0.4756 0.2062 0.8552
vn -0.9627 0.2536 -0.0940
vn -0.9953 -0.0000 -0.0972
vn -0.2682 0.5535 0.7885
vn -0.7142 0.6965 -0.0697
vn -0.4297 -0.1003 0.8974
vn -0.9868 -0.1305 -0.0963
vn -0.3949 0.3958 0.8291
vn -0.8671 0.4909 -0.0847
vn -0.2268 0.9603 -0.1623
vn -0.7086 0.4909 -0.5069
vn -0.7868 0.2536 -0.5628
vn -0.4196 0.8566 -0.3002
vn -0.8133 -0.0000 -0.5818
vn -0.5836 0.6965 -0.4175
vn -0.8064 -0.1305 -0.5768
vn -0.2133 0.8566 -0.4698
vn -0.2967 0.6965 -0.6534
vn -0.4135 -0.0000 -0.9105
vn -0.4099 -0.1305 -0.9027
vn -0.3602 0.4909 -0.7933
vn -0.1153 0.9603 -0.2539
vn -0.4000 0.2536 -0.8808
vn 0.3988 0.8566 -0.3273
vn 0.2156 0.9603 -0.1769
vn 0.2751 0.9603 -0.0454
vn 0.5090 0.8566 -0.0841
vn 0.7730 -0.0000 -0.6344
vn 0.7477 0.2536 -0.6137
vn 0.9544 0.2536 -0.1576
vn 0.9866 -0.0000 -0.1629
vn 0.5547 0.6965 -0.4553
vn 0.7080 0.6965 -0.1169
vn 0.7664 -0.1305 -0.6290
vn 0.9782 -0.1305 -0.1616
vn 0.6734 0.4909 -0.5527
vn 0.8596 0.4909 -0.1420
vn -0.2274 0.7636 0.6044
vn 0.5594 -0.0000 0.8289
vn 0.4882 -0.1004 0.8669
vn 0.3199 0.5535 0.7690
vn 0.4490 0.3957 0.8011
vn -0.0312 0.7288 0.6840
vn 0.5312 0.2062 0.8218
vn 0.1551 0.6671 0.7287
vn -0.5970 0.6671 0.4457
vn -0.4274 0.7288 0.5350
vn -0.1769 0.9603 -0.2155
vn -0.3273 0.8566 -0.3988
vn -0.9671 -0.0000 0.2545
vn -0.9412 0.2062 0.2677
vn -0.6137 0.2536 -0.7477
vn -0.6344 -0.0000 -0.7730
vn -0.7475 0.5535 0.3673
vn -0.4553 0.6965 -0.5547
vn -0.9386 -0.1004 0.3299
vn -0.6290 -0.1305 -0.7664
vn -0.8658 0.3958 0.3063
vn -0.5527 0.4909 -0.6734
vn -0.0454 0.9603 -0.2751
vn -0.1420 0.4909 -0.8596
vn -0.1576 0.2536 -0.9544
vn -0.0841 0.8566 -0.5090
vn -0.1630 -0.0000 -0.9866
vn -0.1169 0.6965 -0.7080
vn -0.1616 -0.1305 -0.9782
vn 0.1817 0.8566 -0.4829
vn 0.2527 0.6965 -0.6716
vn 0.3522 -0.0000 -0.9359
vn 0.3492 -0.1305 -0.9279
vn 0.3068 0.4909 -0.8154
vn 0.0982 0.9603 -0.2610
vn 0.3407 0.2536 -0.9053
vn 0.1363 -0.5773 -0.8050
vn 0.0712 -0.9045 -0.4204
vn 0.4204 -0.9045 0.0712
vn 0.8050 -0.5774 0.1363
vn -0.0712 -0.9045 0.4204
vn -0.1363 -0.5773 0.8050
vn -0.4204 -0.9045 -0.0712
vn -0.8050 -0.5774 -0.1363
vn -0.3354 -0.2619 0.9049
vn -0.9649 -0.2619 0.0188
vn 0.9649 -0.2619 -0.0188
vn 0.3354 -0.2619 -0.9049
vn -0.3445 0.8038 -0.4850
vn 0.3445 0.8038 0.4850
vn 0.9228 0.2092 0.3235
vn 0.9758 -0.0159 0.2180
vn 0.7867 -0.3043 0.5371
vn 0.6757 -0.1643 0.7186
vn 0.5157 -0.6927 0.5042
vn 0.3346 -0.6537 0.6788
vn 0.3380 -0.9303 0.1426
vn 0.1018 -0.9683 0.2280
vn 0.3555 -0.8825 -0.3080
vn 0.1143 -0.9242 -0.3644
vn 0.5426 -0.5994 -0.5885
vn 0.3611 -0.5519 -0.7517
vn 0.7913 -0.2426 -0.5612
vn 0.6979 -0.0688 -0.7129
vn 0.9712 0.0003 -0.2382
vn 0.9307 0.2470 -0.2700
vn 0.9310 0.2483 -0.2677
vn 0.9225 0.2074 0.3256
vn 0.6988 -0.0651 -0.7124
vn -0.3271 0.6530 -0.6831
vn -0.0998 0.9678 -0.2310
vn 0.6747 -0.1685 0.7186
vn 0.1147 -0.9219 -0.3699
vn 0.3623 -0.5476 -0.7543
vn 0.3332 -0.6581 0.6752
vn 0.1011 -0.9698 0.2219
vn -0.3696 0.5522 0.7473
vn -0.1183 0.9248 0.3615
vn -0.6669 0.1647 -0.7267
vn -0.9185 -0.2086 -0.3359
vn -0.9341 -0.2474 0.2573
vn -0.7066 0.0681 0.7044
vn 0.9758 -0.0160 0.2180
vn 0.7867 -0.3044 0.5371
vn 0.6758 -0.1643 0.7186
vn 0.5157 -0.6926 0.5042
vn 0.3346 -0.6537 0.6787
vn 0.9306 0.2470 -0.2700
vn 0.6747 -0.1686 0.7186
vn 0.1147 -0.9219 -0.3700
vn -0.6669 0.1646 -0.7267
vn -0.7066 0.0680 0.7043
vn -0.7432 -0.5773 0.3381
vn -0.7432 0.5773 0.3381
vn -0.3381 0.5774 -0.7432
vn -0.3381 -0.5774 -0.7432
vn 0.7432 0.5773 -0.3381
vn 0.7432 -0.5773 -0.3381
vn 0.3381 0.5774 0.7432
vn 0.3381 -0.5774 0.7432
vn 0.7364 0.2063 0.6443
vn 0.8345 -0.0233 0.5505
vn 0.5437 -0.2916 0.7870
vn 0.3742 -0.1747 0.9108
vn 0.3077 -0.6682 0.6774
vn 0.0833 -0.6383 0.7653
vn 0.2748 -0.9234 0.2679
vn 0.0079 -0.9648 0.2628
vn 0.4631 -0.8686 -0.1761
vn 0.2453 -0.9156 -0.3185
vn 0.7316 -0.5727 -0.3698
vn 0.6196 -0.5372 -0.5723
vn 0.9404 -0.2335 -0.2474
vn 0.9020 -0.0810 -0.4240
vn 0.9927 -0.0105 0.1201
vn 0.9662 0.2493 0.0657
vn 0.9643 0.2564 0.0661
vn 0.7350 0.2081 0.6454
vn 0.9017 -0.0730 -0.4261
vn -0.0794 0.6370 -0.7668
vn -0.0104 0.9641 -0.2653
vn 0.3758 -0.1779 0.9095
vn 0.2519 -0.9121 -0.3235
vn 0.6220 -0.5307 -0.5756
vn 0.0886 -0.6428 0.7609
vn 0.0157 -0.9664 0.2566
vn -0.6266 0.5361 0.5656
vn -0.2525 0.9155 0.3132
vn -0.3652 0.1737 -0.9146
vn -0.7275 -0.2093 -0.6534
vn -0.9638 -0.2555 -0.0769
vn -0.9064 0.0761 0.4155
vn 0.8345 -0.0232 0.5505
vn 0.3076 -0.6681 0.6775
vn 0.2749 -0.9234 0.2679
vn 0.4630 -0.8687 -0.1762
vn 0.2454 -0.9156 -0.3186
vn 0.7316 -0.5727 -0.3699
vn 0.6195 -0.5372 -0.5724
vn 0.9404 -0.2336 -0.2473
vn 0.9020 -0.0811 -0.4240
vn 0.9927 -0.0104 0.1200
vn 0.9662 0.2494 0.0657
vn 0.9643 0.2564 0.0660
vn 0.7350 0.2081 0.6453
vn -0.0793 0.6370 -0.7668
vn -0.0104 0.9641 -0.2654
vn 0.3757 -0.1779 0.9095
vn 0.2518 -0.9121 -0.3235
vn 0.6220 -0.5307 -0.5757
vn 0.0887 -0.6429 0.7608
vn -0.2524 0.9155 0.3132
vn -0.3652 0.1738 -0.9146
vn 0.2958 0.9321 -0.2088
vn 0.2544 0.9626 0.0931
vn 0.4032 0.9109 -0.0879
vn 0.7451 -0.4105 -0.5257
vn 0.7996 -0.2057 -0.5642
vn 0.9309 -0.1831 -0.3160
vn 0.8824 -0.3697 -0.2909
vn 0.7996 0.2057 -0.5642
vn 0.7450 0.4105 -0.5257
vn 0.8824 0.3697 -0.2909
vn 0.9309 0.1831 -0.3160
vn 0.2545 -0.9626 0.0930
vn 0.2958 -0.9322 -0.2087
vn 0.4032 -0.9109 -0.0879
vn 0.4988 0.7920 -0.3520
vn 0.6395 0.7481 -0.1771
vn 0.6474 -0.6101 -0.4568
vn 0.7910 -0.5604 -0.2456
vn 0.8170 -0.0000 -0.5766
vn 0.9461 -0.0000 -0.3239
vn 0.6474 0.6101 -0.4568
vn 0.7910 0.5604 -0.2456
vn 0.4988 -0.7921 -0.3520
vn 0.6394 -0.7482 -0.1771
vn 0.9868 0.1199 0.1090
vn 0.9940 -0.0000 0.1097
vn 0.7814 0.6171 0.0931
vn 0.9053 0.4123 0.1022
vn 0.9053 -0.4123 0.1022
vn 0.7813 -0.6171 0.0931
vn 0.9868 -0.1199 0.1090
vn 0.9618 0.2522 0.1068
vn 0.5131 -0.8552 0.0730
vn 0.5131 0.8552 0.0730
vn 0.9618 -0.2522 0.1068
vn 0.9159 0.2210 0.3350
vn 0.9340 0.1043 0.3417
vn 0.5201 -0.8326 0.1903
vn 0.5201 0.8326 0.1903
vn 0.7730 0.5679 0.2828
vn 0.9159 -0.2210 0.3350
vn 0.8736 -0.3670 0.3196
vn 0.9391 -0.0000 0.3435
vn 0.8736 0.3670 0.3196
vn 0.7730 -0.5679 0.2828
vn 0.9340 -0.1043 0.3417
vn 0.8301 -0.0000 0.5576
vn 0.8242 -0.1199 0.5534
vn 0.7575 0.4123 0.5061
vn 0.8037 0.2522 0.5390
vn 0.6570 -0.6171 0.4331
vn 0.4391 -0.8552 0.2753
vn 0.4391 0.8552 0.2753
vn 0.8037 -0.2522 0.5390
vn 0.8242 0.1199 0.5534
vn 0.6570 0.6171 0.4331
vn 0.7576 -0.4123 0.5061
vn 0.5073 0.1831 0.8421
vn 0.5137 -0.0000 0.8579
vn 0.3742 0.7481 0.5479
vn 0.4458 0.5604 0.6980
vn 0.4458 -0.5604 0.6980
vn 0.3742 -0.7482 0.5479
vn 0.5073 -0.1831 0.8421
vn 0.4865 0.3697 0.7916
vn 0.2514 -0.9109 0.3273
vn 0.2513 0.9109 0.3273
vn 0.4865 -0.3697 0.7916
vn 0.2468 -0.2057 0.9470
vn 0.2300 -0.4105 0.8824
vn 0.2300 0.4105 0.8824
vn 0.2468 0.2057 0.9470
vn 0.0913 -0.9322 0.3503
vn 0.0914 0.9321 0.3504
vn 0.1540 0.7920 0.5907
vn 0.1998 -0.6101 0.7667
vn 0.2522 -0.0000 0.9677
vn 0.1998 0.6101 0.7667
vn 0.1540 -0.7920 0.5907
vn 0.3608 -0.5774 -0.7324
vn 0.3608 0.5774 -0.7324
vn 0.7324 0.5774 0.3608
vn 0.7324 -0.5774 0.3608
vn -0.3608 0.5774 0.7324
vn -0.3608 -0.5773 0.7324
vn -0.7324 0.5774 -0.3608
vn -0.7324 -0.5774 -0.3608
vn -0.9780 0.2063 -0.0320
vn -0.9944 -0.0232 0.1027
vn -0.9193 -0.2915 -0.2645
vn -0.8665 -0.1747 -0.4676
vn -0.6672 -0.6682 -0.3293
vn -0.5493 -0.6383 -0.5393
vn -0.3822 -0.9235 -0.0333
vn -0.1725 -0.9648 -0.1983
vn -0.2466 -0.8687 0.4296
vn 0.0120 -0.9156 0.4019
vn -0.3317 -0.5727 0.7497
vn -0.1167 -0.5372 0.8354
vn -0.5708 -0.2334 0.7872
vn -0.4293 -0.0810 0.8995
vn -0.8441 -0.0104 0.5360
vn -0.7891 0.2493 0.5613
vn -0.7880 0.2564 0.5598
vn -0.9775 0.2082 -0.0337
vn -0.4276 -0.0729 0.9010
vn 0.5472 0.6370 0.5430
vn 0.1761 0.9641 0.1987
vn -0.8669 -0.1778 -0.4657
vn 0.0101 -0.9121 0.4098
vn -0.1165 -0.5307 0.8395
vn -0.5506 -0.6429 -0.5325
vn -0.1746 -0.9664 -0.1887
vn 0.1265 0.5361 -0.8346
vn -0.0031 0.9155 -0.4023
vn 0.8620 0.1737 0.4762
vn 0.9768 -0.2093 0.0447
vn 0.7944 -0.2555 -0.5511
vn 0.4380 0.0761 -0.8957
vn -0.9944 -0.0231 0.1027
vn -0.9193 -0.2915 -0.2646
vn -0.5493 -0.6383 -0.5394
vn -0.3822 -0.9235 -0.0332
vn -0.2467 -0.8687 0.4296
vn 0.0119 -0.9156 0.4019
vn -0.1167 -0.5371 0.8354
vn -0.5709 -0.2335 0.7872
vn -0.4293 -0.0811 0.8995
vn -0.4277 -0.0729 0.9010
vn -0.1166 -0.5307 0.8395
vn -0.1746 -0.9664 -0.1886
vn 0.8620 0.1737 0.4763
vn 0.7944 -0.2555 -0.5510
vn 0.4381 0.0761 -0.8957
vn -0.0967 0.9321 0.3490
vn -0.2558 0.9626 0.0891
vn -0.2563 0.9109 0.3234
vn -0.2434 -0.4105 0.8788
vn -0.2612 -0.2057 0.9431
vn -0.5201 -0.1831 0.8342
vn -0.4985 -0.3698 0.7841
vn -0.2612 0.2057 0.9431
vn -0.2434 0.4105 0.8788
vn -0.4985 0.3698 0.7841
vn -0.5201 0.1831 0.8342
vn -0.2559 -0.9626 0.0892
vn -0.0967 -0.9321 0.3489
vn -0.2563 -0.9109 0.3234
vn -0.1630 0.7920 0.5883
vn -0.3826 0.7481 0.5422
vn -0.2115 -0.6101 0.7636
vn -0.4564 -0.5604 0.6911
vn -0.2669 -0.0000 0.9637
vn -0.5267 -0.0000 0.8500
vn -0.2115 0.6101 0.7636
vn -0.4565 0.5604 0.6911
vn -0.1630 -0.7920 0.5883
vn -0.3826 -0.7481 0.5422
vn -0.8326 0.1199 0.5408
vn -0.8385 -0.0000 0.5448
vn -0.6635 0.6171 0.4230
vn -0.7652 0.4123 0.4945
vn -0.7652 -0.4123 0.4945
vn -0.6635 -0.6171 0.4230
vn -0.8326 -0.1199 0.5408
vn -0.8118 0.2522 0.5267
vn -0.4432 -0.8553 0.2685
vn -0.4432 0.8553 0.2685
vn -0.8118 -0.2522 0.5267
vn -0.9209 0.2210 0.3210
vn -0.9391 0.1044 0.3274
vn -0.5229 -0.8326 0.1823
vn -0.5230 0.8326 0.1823
vn -0.7772 0.5679 0.2709
vn -0.9209 -0.2210 0.3211
vn -0.8784 -0.3670 0.3062
vn -0.9443 -0.0000 0.3292
vn -0.8784 0.3670 0.3062
vn -0.7772 -0.5679 0.2709
vn -0.9391 -0.1044 0.3274
vn -0.9955 -0.0000 0.0945
vn -0.9883 -0.1199 0.0940
vn -0.9067 0.4123 0.0884
vn -0.9633 0.2522 0.0921
vn -0.7827 -0.6172 0.0811
vn -0.5141 -0.8552 0.0652
vn -0.5141 0.8552 0.0652
vn -0.9633 -0.2522 0.0921
vn -0.9883 0.1199 0.0940
vn -0.7827 0.6171 0.0811
vn -0.9067 -0.4123 0.0884
vn -0.9260 0.1831 -0.3301
vn -0.9410 -0.0000 -0.3383
vn -0.6367 0.7481 -0.1869
vn -0.7871 0.5604 -0.2576
vn -0.7871 -0.5604 -0.2576
vn -0.6366 -0.7482 -0.1869
vn -0.9260 -0.1831 -0.3301
vn -0.8779 0.3698 -0.3043
vn -0.4018 -0.9109 -0.0941
vn -0.4018 0.9109 -0.0941
vn -0.8779 -0.3697 -0.3043
vn -0.7909 -0.2057 -0.5763
vn -0.7369 -0.4105 -0.5370
vn -0.7369 0.4105 -0.5370
vn -0.7909 0.2057 -0.5763
vn -0.2926 -0.9322 -0.2132
vn -0.2926 0.9321 -0.2133
vn -0.4934 0.7921 -0.3595
vn -0.6403 -0.6101 -0.4666
vn -0.8082 -0.0000 -0.5889
vn -0.6403 0.6101 -0.4666
vn -0.4933 -0.7921 -0.3595
vn 0.8090 -0.3569 0.4670
vn 0.4671 -0.3569 -0.8090
vn -0.0552 0.0141 0.9984
vn -0.8805 0.1102 0.4611
vn -0.8630 0.1102 -0.4931
vn -0.6788 -0.6100 -0.4087
vn -0.0185 0.0141 -0.9997
vn 0.8677 -0.0872 -0.4893
vn 0.8491 -0.0872 0.5209
vn 0.7904 -0.3414 -0.5086
vn 0.7711 -0.3414 0.5374
vn -0.0876 0.0206 0.9959
vn 0.5181 -0.6585 0.5458
vn -0.0761 0.0568 0.9955
vn -0.7967 0.4027 0.4506
vn -0.7796 0.4027 -0.4796
vn -0.0509 0.0206 -0.9985
vn 0.5378 -0.6585 -0.5264
vn 0.2077 -0.8269 -0.5227
vn 0.1883 -0.8268 0.5300
vn -0.0394 0.0568 -0.9976
vn -0.5398 0.7060 0.4585
vn -0.5225 0.7060 -0.4781
vn -0.0305 0.0532 0.9981
vn -0.1242 -0.8426 0.5241
vn -0.0068 0.0596 0.9982
vn -0.1979 0.8534 -0.4823
vn 0.0062 0.0532 -0.9986
vn -0.2155 0.8533 0.4747
vn -0.1049 -0.8426 -0.5283
vn -0.3846 -0.7589 -0.5255
vn -0.4036 -0.7589 0.5110
vn 0.0299 0.0595 -0.9978
vn 0.0934 0.8743 0.4763
vn 0.1108 0.8743 -0.4726
vn 0.0064 0.0490 0.9988
vn -0.6830 -0.4959 0.5363
vn 0.0533 0.0572 0.9969
vn 0.4251 0.7764 -0.4653
vn 0.0431 0.0489 -0.9979
vn 0.4077 0.7764 0.4806
vn -0.6628 -0.4959 -0.5610
vn -0.8303 -0.1419 -0.5390
vn -0.8495 -0.1419 0.5081
vn 0.0899 0.0572 -0.9943
vn 0.7158 0.5069 0.4802
vn 0.7330 0.5069 -0.4536
vn 0.0326 0.0112 0.9994
vn -0.6535 -0.6513 0.3857
vn 0.0271 -0.6076 0.7938
vn 0.8749 0.1436 -0.4626
vn 0.0694 0.0112 -0.9975
vn 0.8573 0.1436 0.4944
vn 0.7163 -0.5666 0.4071
vn -0.6389 -0.6513 -0.4095
vn 0.0563 -0.6075 -0.7923
vn 0.7308 -0.5667 -0.3806
vn -0.5879 0.5774 0.5665
vn -0.5667 0.5772 -0.5879
vn -0.5667 -0.5774 -0.5878
vn -0.5879 -0.5774 0.5665
vn -0.8629 0.1102 -0.4931
vn -0.6788 -0.6100 -0.4088
vn -0.0184 0.0141 -0.9997
vn 0.8492 -0.0872 0.5209
vn 0.7904 -0.3415 -0.5086
vn 0.7712 -0.3414 0.5373
vn 0.6789 -0.6100 0.4087
vn -0.0875 0.0206 0.9959
vn -0.0760 0.0568 0.9955
vn -0.7967 0.4026 0.4507
vn -0.7796 0.4026 -0.4797
vn 0.1883 -0.8269 0.5299
vn -0.5398 0.7060 0.4586
vn -0.2154 0.8534 0.4747
vn 0.0299 0.0596 -0.9978
vn 0.0933 0.8743 0.4763
vn 0.1108 0.8743 -0.4725
vn 0.0064 0.0489 0.9988
vn -0.6628 -0.4959 -0.5611
vn 0.0327 0.0112 0.9994
vn 0.0271 -0.6075 0.7938
vn 0.0693 0.0112 -0.9975
vn 0.7163 -0.5666 0.4072
vn 0.0563 -0.6076 -0.7923
vn 0.7308 -0.5666 -0.3806
vn 0.5879 0.5772 -0.5667
vn 0.5879 -0.5772 -0.5667
vn 0.0809 -0.6796 0.7291
vn 0.0053 -0.7056 0.7086
vn -0.5738 -0.5778 0.5805
vn -0.5760 0.5802 0.5758
vn 0.0742 0.7241 0.6857
vn 0.2258 0.6877 0.6899
vn 0.2860 0.6120 0.7373
vn -0.6130 -0.3582 0.7042
vn -0.5680 -0.4601 0.6824
vn -0.4118 -0.6111 0.6760
vn -0.2332 -0.6949 0.6802
vn -0.0770 -0.7228 0.6867
vn -0.5809 -0.5732 0.5780
vn -0.5777 -0.5770 0.5774
vn 0.5770 -0.5777 0.5773
vn 0.5758 0.5793 0.5770
vn -0.0821 0.7248 0.6840
vn -0.2534 0.6896 0.6784
vn -0.4366 0.5944 0.6753
vn -0.5852 0.4372 0.6829
vn -0.6249 0.3368 0.7043
vn 0.2688 -0.6859 -0.6762
vn 0.4351 -0.5887 -0.6813
vn 0.5586 -0.4716 -0.6824
vn 0.6614 -0.3209 -0.6780
vn 0.7147 -0.1497 -0.6832
vn 0.7218 0.0085 -0.6920
vn 0.6715 0.0809 -0.7365
vn -0.7270 -0.0899 -0.6807
vn -0.7264 0.0831 -0.6822
vn -0.6857 0.2593 -0.6801
vn -0.5895 0.4405 -0.6771
vn -0.4366 0.5944 -0.6753
vn -0.2534 0.6896 -0.6784
vn -0.0821 0.7248 -0.6840
vn 0.5758 0.5793 -0.5770
vn 0.5770 -0.5777 -0.5773
vn -0.5777 -0.5770 -0.5774
vn -0.4346 -0.4288 -0.7920
vn 0.0047 0.6957 -0.7183
vn -0.5740 0.5783 -0.5798
vn -0.5764 -0.5804 -0.5753
vn 0.0865 -0.7261 -0.6822
vn -0.0770 -0.7228 -0.6867
vn 0.5410 0.4915 0.6824
vn 0.6379 0.3567 0.6825
vn 0.7121 0.1880 0.6764
vn 0.7306 0.0086 0.6827
vn 0.7147 -0.1497 0.6832
vn 0.6614 -0.3209 0.6780
vn 0.5586 -0.4716 0.6824
vn 0.4351 -0.5887 0.6813
vn 0.2688 -0.6859 0.6762
vn -0.6807 0.2574 0.6858
vn -0.7264 0.0831 0.6822
vn -0.7270 -0.0899 0.6807
vn -0.6752 -0.2751 0.6844
vn 0.3976 0.6093 0.6860
vn 0.7030 0.1856 -0.6865
vn 0.6380 0.3567 -0.6825
vn 0.5410 0.4916 -0.6824
vn 0.4028 0.6172 -0.6759
vn 0.2286 0.6964 -0.6803
vn 0.0736 0.7184 -0.6917
vn -0.2332 -0.6949 -0.6802
vn -0.4118 -0.6111 -0.6760
vn -0.5724 -0.4637 -0.6763
vn -0.6805 -0.2772 -0.6783
vn 0.5764 -0.5774 -0.5783
vn 0.5764 0.5774 -0.5783
vn 0.5783 0.5774 0.5764
vn 0.5783 -0.5774 0.5764
vn -0.5764 0.5774 0.5783
vn -0.5764 -0.5774 0.5783
vn -0.5783 0.5774 -0.5764
vn -0.5783 -0.5774 -0.5764
vn -0.9162 0.2063 -0.3435
vn -0.9750 -0.0231 -0.2212
vn -0.7861 -0.2915 -0.5450
vn -0.6711 -0.1747 -0.7204
vn -0.5266 -0.6681 -0.5257
vn -0.3476 -0.6383 -0.6869
vn -0.3516 -0.9234 -0.1538
vn -0.1000 -0.9648 -0.2431
vn -0.3712 -0.8686 0.3281
vn -0.1173 -0.9156 0.3846
vn -0.5542 -0.5728 0.6039
vn -0.3781 -0.5372 0.7540
vn -0.7929 -0.2335 0.5629
vn -0.6947 -0.0810 0.7147
vn -0.9713 -0.0103 0.2375
vn -0.9273 0.2493 0.2790
vn -0.9257 0.2565 0.2780
vn -0.9152 0.2082 -0.3449
vn -0.6937 -0.0729 0.7166
vn 0.3445 0.6370 0.6896
vn 0.1032 0.9641 0.2446
vn -0.6721 -0.1778 -0.7188
vn -0.1217 -0.9121 0.3915
vn -0.3793 -0.5307 0.7579
vn -0.3511 -0.6428 -0.6808
vn -0.1054 -0.9664 -0.2346
vn 0.3871 0.5361 -0.7502
vn 0.1259 0.9155 -0.3821
vn 0.6641 0.1737 0.7272
vn 0.9111 -0.2093 0.3552
vn 0.9290 -0.2555 -0.2677
vn 0.7018 0.0761 -0.7083
vn -0.5267 -0.6681 -0.5256
vn -0.3476 -0.6383 -0.6868
vn -0.0999 -0.9648 -0.2431
vn -0.3713 -0.8686 0.3280
vn -0.1174 -0.9156 0.3846
vn -0.5543 -0.5727 0.6040
vn -0.7929 -0.2334 0.5629
vn -0.9713 -0.0104 0.2375
vn -0.9273 0.2494 0.2790
vn -0.9257 0.2564 0.2780
vn -0.3793 -0.5307 0.7580
vn -0.1053 -0.9664 -0.2346
vn 0.9111 -0.2093 0.3551
vt 0.750000 0.875000
vt 0.750000 0.937500
vt 0.718750 0.937500
vt 0.718750 0.875000
vt 0.750000 0.812500
vt 0.718750 0.812500
vt 0.750000 0.750000
vt 0.718750 0.750000
vt 0.750000 0.687500
vt 0.718750 0.687500
vt 0.750000 0.625000
vt 0.718750 0.625000
vt 0.750000 0.562500
vt 0.718750 0.562500
vt 0.734375 1.000000
vt 0.703125 1.000000
vt 0.687500 0.937500
vt 0.687500 0.875000
vt 0.687500 0.812500
vt 0.687500 0.750000
vt 0.687500 0.687500
vt 0.687500 0.625000
vt 0.687500 0.562500
vt 0.656250 0.812500
vt 0.656250 0.750000
vt 0.656250 0.687500
vt 0.656250 0.625000
vt 0.656250 0.562500
vt 0.671875 1.000000
vt 0.656250 0.937500
vt 0.656250 0.875000
vt 0.640625 1.000000
vt 0.625000 0.937500
vt 0.625000 0.875000
vt 0.625000 0.812500
vt 0.625000 0.750000
vt 0.625000 0.687500
vt 0.625000 0.625000
vt 0.625000 0.562500
vt 0.593750 0.750000
vt 0.593750 0.687500
vt 0.593750 0.625000
vt 0.593750 0.562500
vt 0.609375 1.000000
vt 0.593750 0.937500
vt 0.593750 0.875000
vt 0.593750 0.812500
vt 0.562500 0.937500
vt 0.562500 0.875000
vt 0.562500 0.812500
vt 0.562500 0.750000
vt 0.562500 0.687500
vt 0.562500 0.625000
vt 0.562500 0.562500
vt 0.578125 1.000000
vt 0.531250 0.687500
vt 0.531250 0.625000
vt 0.531250 0.562500
vt 0.546875 1.000000
vt 0.531250 0.937500
vt 0.531250 0.875000
vt 0.531250 0.812500
vt 0.531250 0.750000
vt 0.500000 0.937500
vt 0.500000 0.875000
vt 0.500000 0.812500
vt 0.500000 0.750000
vt 0.500000 0.687500
vt 0.500000 0.625000
vt 0.500000 0.562500
vt 0.515625 1.000000
vt 0.468750 0.687500
vt 0.468750 0.625000
vt 0.468750 0.562500
vt 0.484375 1.000000
vt 0.468750 0.937500
vt 0.468750 0.875000
vt 0.468750 0.812500
vt 0.468750 0.750000
vt 0.437500 0.875000
vt 0.437500 0.812500
vt 0.437500 0.750000
vt 0.437500 0.687500
vt 0.437500 0.625000
vt 0.437500 0.562500
vt 0.453125 1.000000
vt 0.437500 0.937500
vt 0.406250 0.625000
vt 0.406250 0.562500
vt 0.421875 1.000000
vt 0.406250 0.937500
vt 0.406250 0.875000
vt 0.406250 0.812500
vt 0.406250 0.750000
vt 0.406250 0.687500
vt 0.375000 0.875000
vt 0.375000 0.812500
vt 0.375000 0.750000
vt 0.375000 0.687500
vt 0.375000 0.625000
vt 0.375000 0.562500
vt 0.390625 1.000000
vt 0.375000 0.937500
vt 0.343750 0.625000
vt 0.343750 0.562500
vt 0.359375 1.000000
vt 0.343750 0.937500
vt 0.343750 0.875000
vt 0.343750 0.812500
vt 0.343750 0.750000
vt 0.343750 0.687500
vt 0.312500 0.812500
vt 0.312500 0.750000
vt 0.312500 0.687500
vt 0.312500 0.625000
vt 0.312500 0.562500
vt 0.328125 1.000000
vt 0.312500 0.937500
vt 0.312500 0.875000
vt 0.296875 1.000000
vt 0.281250 0.937500
vt 0.281250 0.875000
vt 0.281250 0.812500
vt 0.281250 0.750000
vt 0.281250 0.687500
vt 0.281250 0.625000
vt 0.281250 0.562500
vt 0.250000 0.750000
vt 0.250000 0.687500
vt 0.250000 0.625000
vt 0.250000 0.562500
vt 0.265625 1.000000
vt 0.250000 0.937500
vt 0.250000 0.875000
vt 0.250000 0.812500
vt 0.234375 1.000000
vt 0.218750 0.937500
vt 0.218750 0.875000
vt 0.218750 0.812500
vt 0.218750 0.750000
vt 0.218750 0.687500
vt 0.218750 0.625000
vt 0.218750 0.562500
vt 0.187500 0.750000
vt 0.187500 0.687500
vt 0.187500 0.625000
vt 0.187500 0.562500
vt 0.203125 1.000000
vt 0.187500 0.937500
vt 0.187500 0.875000
vt 0.187500 0.812500
vt 0.156250 0.937500
vt 0.156250 0.875000
vt 0.156250 0.812500
vt 0.156250 0.750000
vt 0.156250 0.687500
vt 0.156250 0.625000
vt 0.156250 0.562500
vt 0.171875 1.000000
vt 0.125000 0.687500
vt 0.125000 0.625000
vt 0.125000 0.562500
vt 0.140625 1.000000
vt 0.125000 0.937500
vt 0.125000 0.875000
vt 0.125000 0.812500
vt 0.125000 0.750000
vt 0.093750 0.937500
vt 0.093750 0.875000
vt 0.093750 0.812500
vt 0.093750 0.750000
vt 0.093750 0.687500
vt 0.093750 0.625000
vt 0.093750 0.562500
vt 0.109375 1.000000
vt 0.062500 0.687500
vt 0.062500 0.625000
vt 0.062500 0.562500
vt 0.078125 1.000000
vt 0.062500 0.937500
vt 0.062500 0.875000
vt 0.062500 0.812500
vt 0.062500 0.750000
vt 0.031250 0.875000
vt 0.031250 0.812500
vt 0.031250 0.750000
vt 0.031250 0.687500
vt 0.031250 0.625000
vt 0.031250 0.562500
vt 0.046875 1.000000
vt 0.031250 0.937500
vt 0.000000 0.625000
vt 0.000000 0.562500
vt 0.015625 1.000000
vt 0.000000 0.937500
vt 0.000000 0.875000
vt 0.000000 0.812500
vt 0.000000 0.750000
vt 0.000000 0.687500
vt 1.000000 0.750000
vt 1.000000 0.812500
vt 0.968750 0.812500
vt 0.968750 0.750000
vt 1.000000 0.687500
vt 0.968750 0.687500
vt 1.000000 0.625000
vt 0.968750 0.625000
vt 1.000000 0.562500
vt 0.968750 0.562500
vt 1.000000 0.937500
vt 0.984375 1.000000
vt 0.968750 0.937500
vt 1.000000 0.875000
vt 0.968750 0.875000
vt 0.953125 1.000000
vt 0.937500 0.937500
vt 0.937500 0.875000
vt 0.937500 0.812500
vt 0.937500 0.750000
vt 0.937500 0.687500
vt 0.937500 0.625000
vt 0.937500 0.562500
vt 0.906250 0.812500
vt 0.906250 0.750000
vt 0.906250 0.687500
vt 0.906250 0.625000
vt 0.906250 0.562500
vt 0.921875 1.000000
vt 0.906250 0.937500
vt 0.906250 0.875000
vt 0.890625 1.000000
vt 0.875000 0.937500
vt 0.875000 0.875000
vt 0.875000 0.812500
vt 0.875000 0.750000
vt 0.875000 0.687500
vt 0.875000 0.625000
vt 0.875000 0.562500
vt 0.843750 0.750000
vt 0.843750 0.687500
vt 0.843750 0.625000
vt 0.843750 0.562500
vt 0.859375 1.000000
vt 0.843750 0.937500
vt 0.843750 0.875000
vt 0.843750 0.812500
vt 0.828125 1.000000
vt 0.812500 0.937500
vt 0.812500 0.875000
vt 0.812500 0.812500
vt 0.812500 0.750000
vt 0.812500 0.687500
vt 0.812500 0.625000
vt 0.812500 0.562500
vt 0.781250 0.750000
vt 0.781250 0.687500
vt 0.781250 0.625000
vt 0.781250 0.562500
vt 0.796875 1.000000
vt 0.781250 0.937500
vt 0.781250 0.875000
vt 0.781250 0.812500
vt 0.765625 1.000000
vt 0.625000 0.679813
vt 0.625000 0.729163
vt 0.500000 0.830789
vt 0.625000 0.830789
vt 0.625000 1.000000
vt 0.500000 1.000000
vt 0.333870 0.679813
vt 0.375000 0.679813
vt 0.333870 0.750000
vt 0.454261 0.830789
vt 0.454261 1.000000
vt 0.454261 0.750000
vt 0.454261 0.679813
vt 0.454261 0.680888
vt 0.454261 0.728643
vt 0.454261 0.458870
vt 0.500000 0.458870
vt 0.500000 0.500000
vt 0.459800 0.500000
vt 0.625000 0.458870
vt 0.606535 0.459799
vt 0.563446 0.458880
vt 0.500000 0.419211
vt 0.500000 0.250000
vt 0.625000 0.562541
vt 0.625000 0.500000
vt 0.565263 0.500000
vt 0.564914 0.500000
vt 0.375000 0.458870
vt 0.375000 0.500000
vt 0.454261 0.682653
vt 0.375000 0.682681
vt 0.375000 0.830789
vt 0.375000 1.000000
vt 0.404671 0.658599
vt 0.452979 0.658586
vt 0.454261 0.624061
vt 0.500000 0.609436
vt 0.500000 0.679813
vt 0.333870 0.609436
vt 0.375000 0.624061
vt 0.625000 0.609436
vt 0.609864 0.647581
vt 0.609864 0.609436
vt 0.614191 0.523189
vt 0.614249 0.562541
vt 0.553372 0.679813
vt 0.550371 0.729163
vt 0.612944 0.500000
vt 0.613009 0.500000
vt 0.500000 0.728643
vt 0.500000 0.680888
vt 0.375000 0.736353
vt 0.454261 0.736486
vt 0.619276 0.609436
vt 0.619459 0.565026
vt 0.333870 0.562541
vt 0.375000 0.582812
vt 0.625000 0.419211
vt 0.625000 0.250000
vt 0.454261 0.582812
vt 0.500000 0.562541
vt 0.406183 0.619090
vt 0.452824 0.619031
vt 0.407560 0.554456
vt 0.407042 0.581190
vt 0.666130 0.500000
vt 0.705789 0.500000
vt 0.333870 0.500000
vt 0.557908 0.609436
vt 0.557908 0.647581
vt 0.564745 0.500000
vt 0.606095 0.500000
vt 0.558228 0.609436
vt 0.560362 0.565026
vt 0.500000 0.523190
vt 0.565779 0.500000
vt 0.125000 0.500000
vt 0.294211 0.500000
vt 0.294211 0.562541
vt 0.125000 0.562541
vt 0.294211 0.609436
vt 0.125000 0.609436
vt 0.294211 0.679813
vt 0.125000 0.679813
vt 0.375000 0.791130
vt 0.454261 0.791130
vt 0.375000 0.250000
vt 0.454261 0.250000
vt 0.454261 0.419211
vt 0.375000 0.419211
vt 0.500000 0.791130
vt 0.625000 0.791130
vt 0.294211 0.750000
vt 0.574954 0.419211
vt 0.561095 0.457542
vt 0.566401 0.491592
vt 0.617296 0.496680
vt 0.666574 0.500000
vt 0.621333 0.458870
vt 0.608707 0.419211
vt 0.665949 0.500000
vt 0.706481 0.500000
vt 0.705789 0.679813
vt 0.875000 0.679813
vt 0.705789 0.750000
vt 0.705789 0.609436
vt 0.875000 0.609436
vt 0.705789 0.562541
vt 0.875000 0.562541
vt 0.875000 0.500000
vt 0.666130 0.562541
vt 0.666130 0.609436
vt 0.666130 0.679813
vt 0.666130 0.750000
vt 0.454144 0.630022
vt 0.405078 0.629824
vt 0.455538 0.554568
vt 0.454367 0.581229
vt 0.454261 0.591945
vt 0.406687 0.591880
vt 0.718750 1.000000
vt 0.718750 0.818611
vt 0.725686 0.818611
vt 0.723822 1.000000
vt 0.710277 0.963291
vt 0.709312 1.000000
vt 0.709312 0.818611
vt 0.710279 0.830351
vt 0.714874 0.830377
vt 0.569853 1.000000
vt 0.569853 0.818611
vt 0.581801 1.000000
vt 0.581801 0.818611
vt 0.417345 1.000000
vt 0.417345 0.818611
vt 0.489261 0.818611
vt 0.500000 0.818611
vt 0.405671 1.000000
vt 0.393626 1.000000
vt 0.593750 1.000000
vt 0.369385 0.818611
vt 0.369385 1.000000
vt 0.593750 0.818611
vt 0.333813 0.818611
vt 0.333813 1.000000
vt 0.281250 1.000000
vt 0.281934 0.971652
vt 0.289763 0.971652
vt 0.250000 0.818611
vt 0.281250 0.818611
vt 0.276824 0.818611
vt 0.265213 0.818611
vt 0.309599 1.000000
vt 0.319322 1.000000
vt 0.605492 1.000000
vt 0.665234 1.000000
vt 0.677991 1.000000
vt 0.478078 1.000000
vt 0.489261 1.000000
vt 0.750000 1.000000
vt 0.698283 1.000000
vt 0.558137 1.000000
vt 0.653434 1.000000
vt 0.466279 1.000000
vt 0.682490 1.000000
vt 0.629438 1.000000
vt 0.641324 1.000000
vt 0.545854 1.000000
vt 0.357977 1.000000
vt 0.281250 0.667115
vt 0.250000 0.667115
vt 0.296875 0.667115
vt 0.296875 0.818611
vt 0.319322 0.667115
vt 0.333813 0.667115
vt 0.333813 0.670304
vt 0.357977 0.667115
vt 0.357977 0.818611
vt 0.355379 0.731042
vt 0.355379 0.667101
vt 0.405671 0.667115
vt 0.417345 0.667115
vt 0.414902 0.667115
vt 0.454344 0.667115
vt 0.454344 0.818611
vt 0.442236 0.818611
vt 0.442236 0.667115
vt 0.478078 0.667115
vt 0.478078 0.818611
vt 0.466280 0.818611
vt 0.466279 0.667115
vt 0.489261 0.667115
vt 0.489261 0.500000
vt 0.489686 0.500000
vt 0.489686 0.667115
vt 0.533844 0.818611
vt 0.533844 0.667115
vt 0.535060 0.667115
vt 0.535060 0.734013
vt 0.558137 0.818611
vt 0.558851 0.734152
vt 0.568771 0.734151
vt 0.605492 0.818611
vt 0.594672 0.734311
vt 0.604539 0.734311
vt 0.641324 0.818611
vt 0.629438 0.818611
vt 0.630451 0.734401
vt 0.640328 0.734401
vt 0.677991 0.667115
vt 0.677991 0.818611
vt 0.675982 0.734393
vt 0.675982 0.667115
vt 0.718750 0.667115
vt 0.709312 0.667115
vt 0.750000 0.667115
vt 0.750000 0.818611
vt 0.718750 0.500000
vt 0.721879 0.500000
vt 0.721879 0.667115
vt 0.709312 0.500000
vt 0.714733 0.569674
vt 0.709726 0.569674
vt 0.677991 0.500000
vt 0.665234 0.667115
vt 0.665234 0.500000
vt 0.641324 0.500000
vt 0.641324 0.667115
vt 0.629438 0.667115
vt 0.629438 0.500000
vt 0.605492 0.500000
vt 0.605492 0.667115
vt 0.593750 0.667115
vt 0.593750 0.500000
vt 0.569853 0.500000
vt 0.569853 0.667115
vt 0.558137 0.667115
vt 0.558137 0.500000
vt 0.545854 0.500000
vt 0.545854 0.667115
vt 0.533844 0.500000
vt 0.489686 0.818611
vt 0.478078 0.500000
vt 0.466279 0.500000
vt 0.444820 0.667115
vt 0.450778 0.667115
vt 0.417345 0.500000
vt 0.405671 0.500000
vt 0.357977 0.500000
vt 0.345889 0.667115
vt 0.345889 0.500000
vt 0.333813 0.500000
vt 0.319322 0.500000
vt 0.296875 0.500000
vt 0.289459 0.667115
vt 0.289459 0.569808
vt 0.281250 0.500000
vt 0.273165 0.667115
vt 0.273165 0.571493
vt 0.734984 0.818611
vt 0.735195 1.000013
vt 0.301180 0.750415
vt 0.301180 0.818611
vt 0.309599 0.500000
vt 0.442236 1.000000
vt 0.454344 1.000000
vt 0.302903 0.818611
vt 0.302903 1.000000
vt 0.309599 0.966906
vt 0.316837 0.966906
vt 0.319322 0.750415
vt 0.301180 0.500000
vt 0.345889 0.818611
vt 0.333813 0.734570
vt 0.345889 0.730427
vt 0.369385 0.500000
vt 0.369385 0.667115
vt 0.357977 0.730039
vt 0.617410 1.000000
vt 0.617410 0.818611
vt 0.369446 0.667115
vt 0.369446 0.734024
vt 0.375000 0.667115
vt 0.510268 1.000000
vt 0.521712 1.000000
vt 0.393626 0.500000
vt 0.393626 0.667115
vt 0.381627 0.667115
vt 0.381627 0.500000
vt 0.393626 0.818611
vt 0.391177 0.732398
vt 0.391177 0.667115
vt 0.381627 0.818611
vt 0.403040 0.667115
vt 0.429347 0.500000
vt 0.429347 0.667115
vt 0.429347 0.818611
vt 0.417345 0.732488
vt 0.426977 0.732488
vt 0.381627 1.000000
vt 0.430614 0.667115
vt 0.430614 0.818611
vt 0.345889 1.000000
vt 0.454344 0.500000
vt 0.429347 1.000000
vt 0.488652 0.733788
vt 0.488652 0.667115
vt 0.250000 1.000000
vt 0.510268 0.818611
vt 0.533844 1.000000
vt 0.521712 0.500000
vt 0.521712 0.667115
vt 0.510268 0.667115
vt 0.510268 0.500000
vt 0.521712 0.818611
vt 0.511182 0.734343
vt 0.521091 0.734343
vt 0.545854 0.818611
vt 0.523139 0.734046
vt 0.532997 0.734046
vt 0.546914 0.734080
vt 0.556777 0.734079
vt 0.581801 0.500000
vt 0.581801 0.667115
vt 0.580635 0.667115
vt 0.570809 0.667115
vt 0.592573 0.734330
vt 0.592573 0.667115
vt 0.617410 0.500000
vt 0.617410 0.667115
vt 0.616457 0.667115
vt 0.606615 0.667115
vt 0.405671 0.818611
vt 0.618532 0.667115
vt 0.618529 0.734132
vt 0.653434 0.500000
vt 0.653434 0.667115
vt 0.653434 0.818611
vt 0.642361 0.734623
vt 0.652200 0.734623
vt 0.664176 0.667115
vt 0.654231 0.667115
vt 0.682490 0.500000
vt 0.682490 0.667115
vt 0.682490 0.818611
vt 0.698283 0.818611
vt 0.698283 0.667115
vt 0.698283 0.500000
vt 0.692284 0.818611
vt 0.689407 0.818611
vt 0.683426 0.818611
vt 0.684507 0.500000
vt 0.684507 0.667115
vt 0.375000 0.153871
vt 0.625000 0.164179
vt 0.375000 0.597236
vt 0.625000 0.586927
vt 0.125000 0.596129
vt 0.875000 0.585820
vt 0.714872 0.963316
vt 0.750000 0.500000
vt 0.730729 0.667115
vt 0.730729 0.500000
vt 0.714733 0.667115
vt 0.709726 0.667115
vt 0.695583 0.500000
vt 0.695583 0.667115
vt 0.692284 0.981011
vt 0.683426 0.981011
vt 0.689407 0.981011
vt 0.698283 0.981011
vt 0.375000 0.818611
vt 0.319322 0.818611
vt 0.665234 0.818611
vt 0.309599 0.818611
vt 0.276824 1.000000
vt 0.265213 1.000000
vt 0.250000 0.500000
vt 0.265715 0.571493
vt 0.265715 0.667115
vt 0.281959 0.569808
vt 0.281959 0.667115
vt 0.289763 0.818611
vt 0.281934 0.818611
vt 0.316837 0.818611
vt 0.309599 0.750415
vt 0.666181 0.734393
vt 0.319322 0.775009
vt 0.333813 0.761729
vt 0.511182 0.667115
vt 0.521091 0.667115
vt 0.345889 0.731047
vt 0.367185 0.730039
vt 0.367185 0.667115
vt 0.373997 0.734024
vt 0.381627 0.731463
vt 0.381627 0.645166
vt 0.373997 0.667115
vt 0.666181 0.667115
vt 0.381627 0.732175
vt 0.393626 0.730675
vt 0.403040 0.730675
vt 0.405671 0.730116
vt 0.414902 0.730116
vt 0.426977 0.667115
vt 0.450778 0.594922
vt 0.442236 0.500000
vt 0.444820 0.594922
vt 0.582703 0.734330
vt 0.478750 0.733788
vt 0.478750 0.667115
vt 0.430614 0.500000
vt 0.500000 0.667115
vt 0.532997 0.667115
vt 0.523139 0.667115
vt 0.582703 0.667115
vt 0.544941 0.734013
vt 0.544941 0.667115
vt 0.556777 0.667115
vt 0.546914 0.667115
vt 0.654231 0.734388
vt 0.558851 0.667115
vt 0.568771 0.667115
vt 0.570808 0.734322
vt 0.580635 0.734322
vt 0.664176 0.734388
vt 0.594672 0.667115
vt 0.604539 0.667115
vt 0.606615 0.734619
vt 0.616457 0.734619
vt 0.628408 0.734132
vt 0.628405 0.667115
vt 0.640328 0.667115
vt 0.630451 0.667115
vt 0.652200 0.667115
vt 0.642361 0.667115
vt 0.468750 1.000000
vt 0.451771 1.000000
vt 0.312500 1.000000
vt 0.687500 1.000000
vt 0.682801 1.000000
vt 0.531250 1.000000
vt 0.368972 1.000000
vt 0.583265 1.000000
vt 0.437500 1.000000
vt 0.429495 1.000000
vt 0.656250 1.000000
vt 0.652968 1.000000
vt 0.490048 1.000000
vt 0.343750 1.000000
vt 0.329545 1.000000
vt 0.562500 1.000000
vt 0.544347 1.000000
vt 0.406250 1.000000
vt 0.356726 1.000000
vt 0.417712 1.000000
vt 0.479684 1.000000
vt 0.572780 1.000000
vt 0.638853 1.000000
vt 0.674154 1.000000
vt 0.676071 1.000000
vt 0.977757 0.874621
vt 0.977757 1.000000
vt 0.964355 1.000000
vt 0.964355 0.874621
vt 0.947894 1.000000
vt 0.932204 1.000000
vt 0.938905 1.000000
vt 0.941246 1.000000
vt 0.917195 1.000000
vt 0.901400 1.000000
vt 0.908087 1.000000
vt 0.910451 1.000000
vt 0.886355 0.874621
vt 0.886355 1.000000
vt 0.859375 0.874621
vt 0.843750 1.000000
vt 0.843750 0.874621
vt 0.812500 1.000000
vt 0.812500 0.874621
vt 0.000000 0.500000
vt 0.689539 0.500000
vt 0.964355 0.500000
vt 0.947894 0.500000
vt 0.932204 0.500000
vt 0.917195 0.500000
vt 0.901400 0.500000
vt 0.886355 0.500000
vt 0.870421 0.500000
vt 0.859375 0.500000
vt 0.843750 0.500000
vt 0.812500 0.500000
vt 0.187500 0.500000
vt 0.156250 0.500000
vt 0.140625 0.500000
vt 0.132733 0.500000
vt 0.117318 0.500000
vt 0.101693 0.500000
vt 0.086068 0.500000
vt 0.070443 0.500000
vt 0.054818 0.500000
vt 0.038429 0.500000
vt 0.027225 0.500000
vt 0.187500 0.874621
vt 0.187500 1.000000
vt 0.156250 1.000000
vt 0.156250 0.874621
vt 0.140625 0.874621
vt 0.132733 1.000000
vt 0.132733 0.874621
vt 0.117318 1.000000
vt 0.101693 1.000000
vt 0.108347 1.000000
vt 0.110666 1.000000
vt 0.070443 1.000000
vt 0.070443 0.874621
vt 0.054818 1.000000
vt 0.038429 1.000000
vt 0.040084 0.955225
vt 0.046359 0.955225
vt 0.048535 0.955225
vt 0.054818 0.955225
vt 0.047820 0.500000
vt 0.027225 1.000000
vt 0.870421 1.000000
vt -0.001541 1.000000
vt 0.038429 0.874621
vt 0.027225 0.874621
vt 0.021226 1.000000
vt 0.023807 0.874621
vt 0.209763 0.500000
vt 0.324033 0.500000
vt 0.484677 0.500000
vt 0.977757 0.500000
vt 0.086068 1.000000
vt 0.035243 0.500000
vt 0.031521 0.500000
vt 0.010837 0.874621
vt 0.984365 0.500000
vt 0.984365 0.874621
vt 0.998457 1.000000
vt 0.984365 1.000000
vt 0.989555 1.000000
vt 0.993231 1.000000
vt 0.993232 0.874621
vt 0.989553 0.874621
vt 0.020883 0.874621
vt 0.038062 0.500000
vt 0.041527 0.500000
vt 0.044123 0.500000
vt 0.003603 1.000000
vt 0.007258 1.000000
vt 0.012412 1.000000
vt 0.016076 1.000000
vt 0.015851 0.874621
vt 0.013764 0.874621
vt 0.018844 0.874621
vt 0.998457 0.874621
vt 0.993233 0.500000
vt 0.892775 1.000000
vt 0.895028 1.000000
vt 0.870421 0.874621
vt 0.923588 1.000000
vt 0.925820 1.000000
vt 0.070443 0.955617
vt 0.070443 0.899253
vt 0.101693 0.874621
vt 0.101032 0.955443
vt 0.101032 0.900355
vt 0.123855 1.000000
vt 0.126190 1.000000
vt 0.117318 0.874621
vt 0.086068 0.874621
vt 0.054818 0.874621
vt 0.947894 0.874621
vt 0.932204 0.874621
vt 0.917195 0.874621
vt 0.901400 0.874621
vt 0.989547 0.500000
vt 0.998457 0.500000
vt 0.877160 1.000000
vt 0.879535 1.000000
vt 0.879525 0.874621
vt 0.877140 0.874621
vt 0.895026 0.874621
vt 0.957351 1.000000
vt 0.957351 0.874621
vt 0.892780 0.874621
vt 0.910457 0.874621
vt 0.908108 0.874621
vt 0.123855 0.874621
vt 0.925820 0.874621
vt 0.923588 0.874621
vt 0.954908 0.874621
vt 0.954908 1.000000
vt 0.941246 0.874621
vt 0.938905 0.874621
vt 0.086068 0.900355
vt 0.092436 0.900355
vt 0.054818 0.900939
vt 0.048535 0.900939
vt 0.046359 0.900939
vt 0.040084 0.900939
vt 0.055054 0.899253
vt 0.055054 0.955617
vt 0.063876 0.899253
vt 0.061607 0.899253
vt 0.061607 0.955617
vt 0.063876 0.955617
vt 0.086068 0.955443
vt 0.077041 1.000000
vt 0.079406 1.000000
vt 0.079406 0.874621
vt 0.077041 0.874621
vt 0.094658 0.900355
vt 0.092436 0.955443
vt 0.094658 0.955443
vt 0.108347 0.874621
vt 0.110666 0.874621
vt 0.126190 0.874621
vt 0.932203 1.000000
vt 1.000000 1.000000
vt 0.901401 1.000000
vt 0.886356 1.000000
vt 0.000000 1.000000
vt 0.375000 0.000000
vt 0.625000 0.000000
vt 0.803255 0.760076
vt 0.803041 0.489710
vt 0.346870 0.450450
vt 0.653124 0.450445
vt 0.655677 0.468636
vt 0.344317 0.468642
vt 0.656330 0.780710
vt 0.343662 0.780702
vt 0.346269 0.798949
vt 0.653723 0.798956
vt 0.635279 0.928052
vt 0.364718 0.928049
vt 0.326069 0.471251
vt 0.325468 0.778148
vt 0.673926 0.471246
vt 0.674525 0.778155
vt 0.196957 0.489711
vt 0.196742 0.760073
vt 0.635065 0.321734
vt 0.364933 0.321736
vt 0.374412 0.016171
vt 0.624412 0.016171
vt 0.342888 0.467188
vt 0.660183 0.463982
vt 0.342207 0.782130
vt 0.660913 0.785287
vt 0.000000 0.000000
vt 0.375000 0.240135
vt 0.625000 0.240135
vt 0.375000 0.742312
vt 0.625000 0.742312
vt 0.875000 0.742312
vt 0.875000 0.509865
vt 0.625000 0.509865
vt 0.375000 0.659321
vt 0.125000 0.659321
vt 0.375000 0.509865
vt 0.375000 0.099243
vt 0.625000 0.099243
vt 0.625000 0.007688
vt 0.375000 0.007688
vt 0.625000 0.659321
vt 0.875000 0.659321
vt 0.125000 0.742312
vt 0.375000 0.650757
vt 0.625000 0.650757
vt 0.875000 0.650757
vt 0.625000 0.090679
vt 0.375000 0.090679
vt 0.125000 0.509865
vt 0.125000 0.650757
vt 0.447678 0.209380
vt 0.625000 0.209380
vt 0.447678 0.250000
vt 0.447678 0.500000
vt 0.447677 0.444842
vt 0.545819 0.444842
vt 0.447678 0.750000
vt 0.447678 0.916667
vt 0.625000 0.916667
vt 0.447678 1.000000
vt 0.291667 0.585905
vt 0.375000 0.585905
vt 0.291667 0.750000
vt 0.791667 0.585905
vt 0.875000 0.585905
vt 0.791667 0.750000
vt 0.625000 0.540620
vt 0.291667 0.500000
vt 0.375000 0.540620
vt 0.291667 0.540620
vt 0.447678 0.540620
vt 0.875000 0.540620
vt 0.875000 0.555097
vt 0.791667 0.500000
vt 0.791667 0.540620
vt 0.625000 0.333333
vt 0.708333 0.540620
vt 0.625000 0.416667
vt 0.708333 0.500000
vt 0.208333 0.500000
vt 0.208333 0.540620
vt 0.125000 0.540620
vt 0.625000 0.585905
vt 0.708333 0.585905
vt 0.708333 0.750000
vt 0.125000 0.585905
vt 0.208333 0.585905
vt 0.208333 0.750000
vt 0.625000 0.833333
vt 0.447678 0.833333
vt 0.546079 0.303480
vt 0.447678 0.303480
vt 0.625000 0.415206
vt 0.625000 0.403559
vt 0.625000 0.397678
vt 0.625000 0.385977
vt 0.625000 0.380154
vt 0.625000 0.368394
vt 0.625000 0.362585
vt 0.625000 0.350888
vt 0.625000 0.345034
vt 0.447678 0.416667
vt 0.447678 0.333333
vt 0.375000 0.333333
vt 0.375000 0.833333
vt 0.375000 0.916667
vt 0.375000 0.164095
vt 0.447678 0.164095
vt 0.375000 0.209380
vt 0.447678 0.585905
vt 0.375000 0.416667
vt 0.447678 0.000000
vt 0.875000 0.531207
vt 0.875000 0.561522
vt 0.447678 0.426059
vt 0.447678 0.194903
vt 0.625000 0.194903
vt 0.625000 0.164095
vt 0.546079 0.313431
vt 0.547382 0.164095
vt 0.527911 1.000000
vt 0.398750 0.999999
vt 0.447678 0.133709
vt 0.545819 0.416667
vt 0.447677 0.435450
vt 0.545819 0.435450
vt 0.545819 0.426059
vt 0.546079 0.333333
vt 0.546079 0.323382
vt 0.447678 0.313431
vt 0.447678 0.323382
vt 0.547382 0.133709
vt 0.220034 0.500000
vt 0.225888 0.500000
vt 0.237585 0.500000
vt 0.243394 0.500000
vt 0.255154 0.500000
vt 0.260977 0.500000
vt 0.272678 0.500000
vt 0.278559 0.500000
vt 0.290206 0.500000
vt 0.375000 0.415206
vt 0.447678 0.415206
vt 0.375000 0.350888
vt 0.447678 0.350888
vt 0.375000 0.345034
vt 0.447678 0.345034
vt 0.375000 0.362585
vt 0.447678 0.362585
vt 0.447678 0.368394
vt 0.375000 0.368394
vt 0.375000 0.380154
vt 0.447678 0.380154
vt 0.447678 0.385977
vt 0.375000 0.385977
vt 0.375000 0.403559
vt 0.447678 0.403559
vt 0.375000 0.397678
vt 0.447678 0.397678
vt 0.575780 0.488096
vt 0.624177 0.487964
vt 0.575625 0.500000
vt 0.575625 0.750000
vt 0.138889 0.500000
vt 0.138889 0.750000
vt 0.159174 0.500000
vt 0.173063 0.500000
vt 0.173063 0.750000
vt 0.159174 0.750000
vt 0.200117 0.500000
vt 0.200117 0.750000
vt 0.218966 0.500000
vt 0.218966 0.750000
vt 0.229967 0.500000
vt 0.229967 0.750000
vt 0.241804 0.500000
vt 0.241804 0.750000
vt 0.253909 0.500000
vt 0.253909 0.750000
vt 0.264696 0.500000
vt 0.264696 0.750000
vt 0.274200 0.500000
vt 0.274200 0.750000
vt 0.305556 0.500000
vt 0.322823 0.500000
vt 0.322823 0.750000
vt 0.305556 0.750000
vt 0.333333 0.500000
vt 0.333333 0.750000
vt 0.533219 0.472992
vt 0.519992 0.460319
vt 0.535500 0.460757
vt 0.535500 0.250000
vt 0.575625 0.250000
vt 0.575625 0.263889
vt 0.535500 0.263889
vt 0.535500 0.500000
vt 0.535500 0.750000
vt 0.535500 0.488070
vt 0.535500 0.000000
vt 0.575625 0.000000
vt 0.415125 0.000000
vt 0.415125 0.250000
vt 0.455250 0.000000
vt 0.455250 0.250000
vt 0.495375 0.000000
vt 0.495375 0.250000
vt 0.495375 0.488070
vt 0.495375 0.500000
vt 0.495375 0.750000
vt 0.415125 0.263889
vt 0.375000 0.263889
vt 0.455250 0.263889
vt 0.495375 0.263889
vt 0.535500 0.284174
vt 0.485505 0.284174
vt 0.500097 0.281598
vt 0.530224 0.281527
vt 0.511789 0.273509
vt 0.375000 0.284174
vt 0.415125 0.284174
vt 0.415125 0.298063
vt 0.375000 0.298063
vt 0.455250 0.284174
vt 0.455250 0.298063
vt 0.495375 0.298063
vt 0.535500 0.298063
vt 0.415125 0.325117
vt 0.375000 0.325117
vt 0.415125 0.343966
vt 0.375000 0.343966
vt 0.455250 0.325117
vt 0.455250 0.343966
vt 0.455250 0.354967
vt 0.415125 0.354967
vt 0.445666 0.323196
vt 0.472551 0.314132
vt 0.486195 0.309533
vt 0.513127 0.300453
vt 0.415125 0.399200
vt 0.375000 0.399200
vt 0.455250 0.366804
vt 0.415125 0.366804
vt 0.455250 0.378909
vt 0.415125 0.378909
vt 0.415125 0.389696
vt 0.455250 0.389696
vt 0.455250 0.399200
vt 0.406758 0.416667
vt 0.455250 0.416667
vt 0.375000 0.430556
vt 0.406758 0.422504
vt 0.407707 0.440168
vt 0.375000 0.447823
vt 0.455722 0.436605
vt 0.463653 0.441354
vt 0.460472 0.441068
vt 0.415125 0.458333
vt 0.375000 0.458333
vt 0.406758 0.436519
vt 0.455250 0.440597
vt 0.495375 0.460757
vt 0.455250 0.458333
vt 0.463846 0.448303
vt 0.476025 0.449232
vt 0.503779 0.472866
vt 0.547479 0.474499
vt 0.474724 0.440815
vt 0.415125 0.791667
vt 0.375000 0.791667
vt 0.495375 0.760326
vt 0.597517 0.479785
vt 0.593132 0.480743
vt 0.541099 0.481726
vt 0.499303 0.480963
vt 0.457350 0.422837
vt 0.462132 0.436886
vt 0.512533 0.273207
vt 0.567447 0.263889
vt 0.548091 0.273207
vt 0.556595 0.273509
vt 0.519374 0.273509
vt 0.546933 0.273509
vt 0.488284 0.300453
vt 0.420824 0.323196
vt 0.461776 0.309390
vt 0.447980 0.314041
vt 0.375000 0.354967
vt 0.375000 0.366804
vt 0.375000 0.378909
vt 0.375000 0.389696
vt 0.563636 0.000000
vt 0.545455 0.000000
vt 0.527273 0.000000
vt 1.000000 0.000000
vt 0.963636 0.000000
vt 0.927273 0.000000
vt 0.909091 0.000000
vt 0.218182 0.000000
vt 0.200000 0.000000
vt 0.163636 0.000000
vt 0.127273 0.000000
vt 0.090909 0.000000
vt 0.054545 0.000000
vt 0.036364 0.000000
vt 0.018182 0.000000
vt 0.490909 0.000000
vt 0.454545 0.000000
vt 0.418182 0.000000
vt 0.381818 0.000000
vt 0.363636 0.000000
vt 0.600000 0.000000
vt 0.636364 0.000000
vt 0.654545 0.000000
vt 0.690909 0.000000
vt 0.727273 0.000000
vt 0.763636 0.000000
vt 0.781818 0.000000
vt 0.272727 0.000000
vt 0.309091 0.000000
vt 0.345455 0.000000
vt 0.981818 0.000000
vt 0.854545 0.000000
vt 0.836364 0.000000
vt 0.800000 0.000000
vt 0.236364 0.000000
vt 0.890909 0.000000
vt 0.347368 0.000000
vt 0.368421 0.000000
vt 0.389474 0.000000
vt 0.410526 0.000000
vt 0.431579 0.000000
vt 0.452632 0.000000
vt 0.473684 0.000000
vt 0.494737 0.000000
vt 0.010526 0.000000
vt 0.031579 0.000000
vt 0.052632 0.000000
vt 0.073684 0.000000
vt 0.094737 0.000000
vt 0.115789 0.000000
vt 0.136842 0.000000
vt 0.157895 0.000000
vt 0.178947 0.000000
vt 0.221053 0.000000
vt 0.242105 0.000000
vt 0.252632 0.000000
vt 0.747368 0.000000
vt 0.768421 0.000000
vt 0.789474 0.000000
vt 0.810526 0.000000
vt 0.831579 0.000000
vt 0.852632 0.000000
vt 0.873684 0.000000
vt 0.894737 0.000000
vt 0.915789 0.000000
vt 0.936842 0.000000
vt 0.957895 0.000000
vt 0.978947 0.000000
vt 0.515789 0.000000
vt 0.536842 0.000000
vt 0.557895 0.000000
vt 0.578947 0.000000
vt 0.621053 0.000000
vt 0.642105 0.000000
vt 0.663158 0.000000
vt 0.684211 0.000000
vt 0.705263 0.000000
vt 0.294737 0.000000
vt 0.305263 0.000000
vt 0.326316 0.000000
vt 0.263158 0.000000
vt 0.284211 0.000000
vt 0.726316 0.000000
vt 0.631579 0.000000
vt 0.315789 0.000000
vt 0.442105 0.000000
vt 0.742268 0.000000
vt 0.762887 0.000000
vt 0.783505 0.000000
vt 0.793814 0.000000
vt 0.814433 0.000000
vt 0.835052 0.000000
vt 0.855670 0.000000
vt 0.876289 0.000000
vt 0.917526 0.000000
vt 0.938144 0.000000
vt 0.958763 0.000000
vt 0.979381 0.000000
vt 0.041237 0.000000
vt 0.082474 0.000000
vt 0.123711 0.000000
vt 0.144330 0.000000
vt 0.164948 0.000000
vt 0.185567 0.000000
vt 0.195876 0.000000
vt 0.216495 0.000000
vt 0.237113 0.000000
vt 0.257732 0.000000
vt 0.278351 0.000000
vt 0.298969 0.000000
vt 0.319588 0.000000
vt 0.340206 0.000000
vt 0.350515 0.000000
vt 0.371134 0.000000
vt 0.412371 0.000000
vt 0.432990 0.000000
vt 0.453608 0.000000
vt 0.494845 0.000000
vt 0.505155 0.000000
vt 0.546392 0.000000
vt 0.587629 0.000000
vt 0.628866 0.000000
vt 0.649485 0.000000
vt 0.670103 0.000000
vt 0.690722 0.000000
vt 0.701031 0.000000
vt 0.721649 0.000000
vt 0.896907 0.000000
vt 0.175258 0.000000
vt 0.886598 0.000000
vt 0.688312 0.000000
vt 0.662338 0.000000
vt 0.675325 0.000000
vt 0.649351 0.000000
vt 0.025974 0.000000
vt 0.012987 0.000000
vt 0.623377 0.000000
vt 0.701299 0.000000
vt 0.428571 0.000000
vt 0.714286 0.000000
vt 0.584416 0.000000
vt 0.610390 0.000000
vt 0.558442 0.000000
vt 0.525109 0.000000
vt 0.480519 0.000000
vt 0.740260 0.000000
vt 0.753247 0.000000
vt 0.256472 0.000000
vt 0.051948 0.000000
vt 0.555556 0.000000
vt 0.333333 0.000000
vt 0.444444 0.000000
vt 0.777778 0.000000
vt 0.222222 0.000000
vt 0.111111 0.000000
vt 0.666667 0.000000
vt 0.888889 0.000000
vt 0.400000 0.000000
vt 0.500000 0.000000
vt 0.300000 0.000000
vt 0.100000 0.000000
vt 0.700000 0.000000
vt 0.900000 0.000000
vt 1.000000 0.500000
vt 0.968750 1.000000
vt 0.968750 0.500000
vt 0.937500 1.000000
vt 0.937500 0.500000
vt 0.906250 1.000000
vt 0.906250 0.500000
vt 0.875000 1.000000
vt 0.781250 1.000000
vt 0.781250 0.500000
vt 0.687500 0.500000
vt 0.656250 0.500000
vt 0.562500 0.500000
vt 0.531250 0.500000
vt 0.468750 0.500000
vt 0.437500 0.500000
vt 0.406250 0.500000
vt 0.343750 0.500000
vt 0.312500 0.500000
vt 0.218750 1.000000
vt 0.218750 0.500000
vt 0.125000 1.000000
vt 0.093750 1.000000
vt 0.093750 0.500000
vt 0.062500 1.000000
vt 0.062500 0.500000
vt 0.296822 0.485388
vt 0.250000 0.490000
vt 0.203178 0.485388
vt 0.158156 0.471731
vt 0.116663 0.449553
vt 0.080294 0.419706
vt 0.050447 0.383337
vt 0.028269 0.341844
vt 0.014612 0.296822
vt 0.010000 0.250000
vt 0.014612 0.203178
vt 0.028269 0.158156
vt 0.050447 0.116663
vt 0.080294 0.080294
vt 0.116663 0.050447
vt 0.158156 0.028269
vt 0.203178 0.014612
vt 0.250000 0.010000
vt 0.296822 0.014612
vt 0.341844 0.028269
vt 0.383337 0.050447
vt 0.419706 0.080294
vt 0.449553 0.116663
vt 0.471731 0.158156
vt 0.485388 0.203178
vt 0.490000 0.250000
vt 0.485388 0.296822
vt 0.471731 0.341844
vt 0.449553 0.383337
vt 0.419706 0.419706
vt 0.383337 0.449553
vt 0.341844 0.471731
vt 0.031250 1.000000
vt 0.031250 0.500000
vt 0.750000 0.490000
vt 0.796822 0.485388
vt 0.841844 0.471731
vt 0.883337 0.449553
vt 0.919706 0.419706
vt 0.949553 0.383337
vt 0.971731 0.341844
vt 0.985388 0.296822
vt 0.990000 0.250000
vt 0.985388 0.203178
vt 0.971731 0.158156
vt 0.949553 0.116663
vt 0.919706 0.080294
vt 0.883337 0.050447
vt 0.841844 0.028269
vt 0.796822 0.014612
vt 0.750000 0.010000
vt 0.703178 0.014612
vt 0.658156 0.028269
vt 0.616663 0.050447
vt 0.580294 0.080294
vt 0.550447 0.116663
vt 0.528269 0.158156
vt 0.514612 0.203178
vt 0.510000 0.250000
vt 0.514612 0.296822
vt 0.528269 0.341844
vt 0.550447 0.383337
vt 0.580294 0.419706
vt 0.616663 0.449553
vt 0.658156 0.471731
vt 0.703178 0.485388
vt 0.142204 0.750000
vt 0.139612 0.500000
vt 0.152778 0.750000
vt 0.152778 0.500000
vt 0.206817 0.750000
vt 0.206817 0.500000
vt 0.217612 0.750000
vt 0.217612 0.500000
vt 0.230763 0.750000
vt 0.230763 0.500000
vt 0.246550 0.750000
vt 0.246550 0.500000
vt 0.260607 0.750000
vt 0.260607 0.500000
vt 0.274278 0.750000
vt 0.274278 0.500000
vt 0.495375 0.485317
vt 0.495375 0.480648
vt 0.495375 0.476719
vt 0.495375 0.472089
vt 0.495375 0.472222
vt 0.553363 0.259667
vt 0.538778 0.266000
vt 0.566048 0.266139
vt 0.375000 0.264612
vt 0.415125 0.264612
vt 0.455250 0.264612
vt 0.494100 0.265952
vt 0.516473 0.265886
vt 0.375000 0.277778
vt 0.415125 0.277778
vt 0.455250 0.277778
vt 0.493025 0.267082
vt 0.535500 0.267143
vt 0.495375 0.284174
vt 0.503692 0.274331
vt 0.509703 0.267218
vt 0.439792 0.298063
vt 0.464459 0.298063
vt 0.375000 0.331817
vt 0.415125 0.331817
vt 0.455250 0.331817
vt 0.375000 0.342612
vt 0.415125 0.342612
vt 0.455250 0.342612
vt 0.415125 0.399278
vt 0.375000 0.399278
vt 0.415125 0.355763
vt 0.455250 0.355763
vt 0.415125 0.371551
vt 0.455250 0.371551
vt 0.415125 0.385607
vt 0.455250 0.385607
vt 0.455250 0.399278
vt 0.400569 0.416667
vt 0.535500 0.447823
vt 0.514028 0.451117
vt 0.501997 0.452976
vt 0.502595 0.453321
vt 0.554710 0.476689
vt 0.585864 0.476209
vt 0.496110 0.460758
vt 0.535627 0.460796
vt 0.561596 0.468764
vt 0.580824 0.474663
vt 0.605392 0.482201
vt 0.615294 0.485239
vt 0.596771 0.479556
vt 0.541981 0.470793
vt 0.479917 0.444946
vt 0.495516 0.443599
vt 0.525759 0.274290
vt 0.456035 0.436260
vt 0.434010 0.428250
vt 0.457526 0.428171
vt 0.475895 0.435630
vt 0.375000 0.355763
vt 0.375000 0.371550
vt 0.375000 0.385607
vt 0.472178 0.319410
vt 0.425762 0.319284
vt 0.441141 0.310850
vt 0.449138 0.306464
vt 0.510094 0.306628
vt 0.497253 0.310957
vt 0.523909 0.259678
vt 0.526978 0.463844
vt 0.569839 0.483696
vt 0.613171 0.484587
vt 0.575741 0.761904
vt 0.624177 0.762036
vt 0.535500 0.761930
vt 0.575625 1.000000
vt 0.625000 0.236792
vt 0.875000 0.513208
vt 0.625000 0.513208
vt 0.833333 1.000000
vt 0.833333 0.500000
vt 0.666667 1.000000
vt 0.666667 0.500000
vt 0.333333 1.000000
vt 0.166667 1.000000
vt 0.166667 0.500000
vt -0.000000 1.000000
vt 0.957846 0.370000
vt 0.957846 0.130000
vt 0.542154 0.130000
vt 0.542154 0.370000
vt 0.457846 0.370000
vt 0.042154 0.370000
vt 0.042154 0.130000
vt 0.457846 0.130000
vt 0.916667 1.000000
vt 0.916667 0.500000
vt 0.583333 1.000000
vt 0.583333 0.500000
vt 0.416667 1.000000
vt 0.416667 0.500000
vt 0.083333 1.000000
vt 0.083333 0.500000
vt 0.870000 0.457846
vt 0.870000 0.042154
vt 0.630000 0.042154
vt 0.630000 0.457846
vt 0.750000 0.833333
vt 0.750000 0.916667
vt 0.666667 0.916667
vt 0.666667 0.833333
vt 0.750000 0.583333
vt 0.666667 0.583333
vt 0.666667 0.750000
vt 0.750000 0.416667
vt 0.666667 0.416667
vt 0.750000 0.666667
vt 0.666667 0.666667
vt 0.708333 1.000000
vt 0.583333 0.416667
vt 0.583333 0.750000
vt 0.583333 0.666667
vt 0.583333 0.916667
vt 0.583333 0.583333
vt 0.583333 0.833333
vt 0.083333 0.833333
vt 0.083333 0.916667
vt 0.000000 0.916667
vt 0.000000 0.833333
vt 0.083333 0.583333
vt 0.000000 0.583333
vt 0.083333 0.750000
vt 0.083333 0.416667
vt 0.000000 0.416667
vt 0.083333 0.666667
vt 0.000000 0.666667
vt 0.041667 1.000000
vt 1.000000 0.916667
vt 0.958333 1.000000
vt 0.916667 0.916667
vt 1.000000 0.583333
vt 1.000000 0.666667
vt 0.916667 0.666667
vt 0.916667 0.583333
vt 1.000000 0.833333
vt 0.916667 0.833333
vt 0.916667 0.750000
vt 1.000000 0.416667
vt 0.916667 0.416667
vt 0.833333 0.833333
vt 0.833333 0.750000
vt 0.833333 0.416667
vt 0.833333 0.666667
vt 0.833333 0.916667
vt 0.833333 0.583333
vt 0.791667 1.000000
vt 0.750000 0.333333
vt 0.666667 0.333333
vt 0.708333 0.000000
vt 0.750000 0.083333
vt 0.666667 0.083333
vt 0.750000 0.250000
vt 0.666667 0.250000
vt 0.750000 0.166667
vt 0.666667 0.166667
vt 0.583333 0.250000
vt 0.583333 0.166667
vt 0.583333 0.083333
vt 0.583333 0.333333
vt 0.500000 0.666667
vt 0.500000 0.583333
vt 0.541667 0.000000
vt 0.500000 0.083333
vt 0.500000 0.916667
vt 0.500000 0.833333
vt 0.500000 0.333333
vt 0.500000 0.166667
vt 0.500000 0.416667
vt 0.541667 1.000000
vt 0.416667 0.416667
vt 0.416667 0.750000
vt 0.416667 0.666667
vt 0.416667 0.166667
vt 0.416667 0.083333
vt 0.458333 1.000000
vt 0.416667 0.916667
vt 0.416667 0.333333
vt 0.416667 0.583333
vt 0.458333 0.000000
vt 0.416667 0.833333
vt 0.416667 0.250000
vt 0.333333 0.583333
vt 0.333333 0.833333
vt 0.333333 0.250000
vt 0.333333 0.166667
vt 0.333333 0.416667
vt 0.333333 0.666667
vt 0.333333 0.083333
vt 0.333333 0.916667
vt 0.333333 0.333333
vt 0.250000 0.416667
vt 0.250000 0.333333
vt 0.250000 0.666667
vt 0.250000 0.583333
vt 0.291667 0.000000
vt 0.250000 0.083333
vt 0.250000 0.916667
vt 0.250000 0.833333
vt 0.250000 0.250000
vt 0.250000 0.166667
vt 0.291667 1.000000
s 1
usemtl Material.002
f 2/1/1 1/2/2 8/3/3 9/4/4
f 3/5/5 2/1/1 9/4/4 10/6/6
f 4/7/7 3/5/5 10/6/6 11/8/8
f 5/9/9 4/7/7 11/8/8 12/10/10
f 6/11/11 5/9/9 12/10/10 13/12/12
f 7/13/13 6/11/11 13/12/12 14/14/14
f 1/2/2 155/15/15 8/3/3
f 8/3/3 155/16/15 15/17/16
f 9/4/4 8/3/3 15/17/16 16/18/17
f 10/6/6 9/4/4 16/18/17 17/19/18
f 11/8/8 10/6/6 17/19/18 18/20/19
f 12/10/10 11/8/8 18/20/19 19/21/20
f 13/12/12 12/10/10 19/21/20 20/22/21
f 14/14/14 13/12/12 20/22/21 21/23/22
f 18/20/19 17/19/18 24/24/23 25/25/24
f 19/21/20 18/20/19 25/25/24 26/26/25
f 20/22/21 19/21/20 26/26/25 27/27/26
f 21/23/22 20/22/21 27/27/26 28/28/27
f 15/17/16 155/29/15 22/30/28
f 16/18/17 15/17/16 22/30/28 23/31/29
f 17/19/18 16/18/17 23/31/29 24/24/23
f 22/30/28 155/32/15 29/33/30
f 23/31/29 22/30/28 29/33/30 30/34/31
f 24/24/23 23/31/29 30/34/31 31/35/32
f 25/25/24 24/24/23 31/35/32 32/36/33
f 26/26/25 25/25/24 32/36/33 33/37/34
f 27/27/26 26/26/25 33/37/34 34/38/35
f 28/28/27 27/27/26 34/38/35 35/39/36
f 33/37/34 32/36/33 39/40/37 40/41/38
f 34/38/35 33/37/34 40/41/38 41/42/39
f 35/39/36 34/38/35 41/42/39 42/43/40
f 29/33/30 155/44/15 36/45/41
f 30/34/31 29/33/30 36/45/41 37/46/42
f 31/35/32 30/34/31 37/46/42 38/47/43
f 32/36/33 31/35/32 38/47/43 39/40/37
f 37/46/42 36/45/41 43/48/44 44/49/45
f 38/47/43 37/46/42 44/49/45 45/50/46
f 39/40/37 38/47/43 45/50/46 46/51/47
f 40/41/38 39/40/37 46/51/47 47/52/48
f 41/42/39 40/41/38 47/52/48 48/53/49
f 42/43/40 41/42/39 48/53/49 49/54/50
f 36/45/41 155/55/15 43/48/44
f 48/53/49 47/52/48 54/56/51 55/57/52
f 49/54/50 48/53/49 55/57/52 56/58/53
f 43/48/44 155/59/15 50/60/54
f 44/49/45 43/48/44 50/60/54 51/61/55
f 45/50/46 44/49/45 51/61/55 52/62/56
f 46/51/47 45/50/46 52/62/56 53/63/57
f 47/52/48 46/51/47 53/63/57 54/56/51
f 51/61/55 50/60/54 57/64/58 58/65/59
f 52/62/56 51/61/55 58/65/59 59/66/60
f 53/63/57 52/62/56 59/66/60 60/67/61
f 54/56/51 53/63/57 60/67/61 61/68/62
f 55/57/52 54/56/51 61/68/62 62/69/63
f 56/58/53 55/57/52 62/69/63 63/70/64
f 50/60/54 155/71/15 57/64/58
f 62/69/63 61/68/62 68/72/65 69/73/66
f 63/70/64 62/69/63 69/73/66 70/74/67
f 57/64/58 155/75/15 64/76/68
f 58/65/59 57/64/58 64/76/68 65/77/69
f 59/66/60 58/65/59 65/77/69 66/78/70
f 60/67/61 59/66/60 66/78/70 67/79/71
f 61/68/62 60/67/61 67/79/71 68/72/65
f 66/78/70 65/77/69 72/80/72 73/81/73
f 67/79/71 66/78/70 73/81/73 74/82/74
f 68/72/65 67/79/71 74/82/74 75/83/75
f 69/73/66 68/72/65 75/83/75 76/84/76
f 70/74/67 69/73/66 76/84/76 77/85/77
f 64/76/68 155/86/15 71/87/78
f 65/77/69 64/76/68 71/87/78 72/80/72
f 77/85/77 76/84/76 83/88/79 84/89/80
f 71/87/78 155/90/15 78/91/81
f 72/80/72 71/87/78 78/91/81 79/92/82
f 73/81/73 72/80/72 79/92/82 80/93/83
f 74/82/74 73/81/73 80/93/83 81/94/84
f 75/83/75 74/82/74 81/94/84 82/95/85
f 76/84/76 75/83/75 82/95/85 83/88/79
f 80/93/83 79/92/82 86/96/86 87/97/87
f 81/94/84 80/93/83 87/97/87 88/98/88
f 82/95/85 81/94/84 88/98/88 89/99/89
f 83/88/79 82/95/85 89/99/89 90/100/90
f 84/89/80 83/88/79 90/100/90 91/101/91
f 78/91/81 155/102/15 85/103/92
f 79/92/82 78/91/81 85/103/92 86/96/86
f 91/101/91 90/100/90 97/104/93 98/105/94
f 85/103/92 155/106/15 92/107/95
f 86/96/86 85/103/92 92/107/95 93/108/96
f 87/97/87 86/96/86 93/108/96 94/109/97
f 88/98/88 87/97/87 94/109/97 95/110/98
f 89/99/89 88/98/88 95/110/98 96/111/99
f 90/100/90 89/99/89 96/111/99 97/104/93
f 95/110/98 94/109/97 101/112/100 102/113/101
f 96/111/99 95/110/98 102/113/101 103/114/102
f 97/104/93 96/111/99 103/114/102 104/115/103
f 98/105/94 97/104/93 104/115/103 105/116/104
f 92/107/95 155/117/15 99/118/105
f 93/108/96 92/107/95 99/118/105 100/119/106
f 94/109/97 93/108/96 100/119/106 101/112/100
f 99/118/105 155/120/15 106/121/107
f 100/119/106 99/118/105 106/121/107 107/122/108
f 101/112/100 100/119/106 107/122/108 108/123/109
f 102/113/101 101/112/100 108/123/109 109/124/110
f 103/114/102 102/113/101 109/124/110 110/125/111
f 104/115/103 103/114/102 110/125/111 111/126/112
f 105/116/104 104/115/103 111/126/112 112/127/113
f 110/125/111 109/124/110 116/128/114 117/129/115
f 111/126/112 110/125/111 117/129/115 118/130/116
f 112/127/113 111/126/112 118/130/116 119/131/117
f 106/121/107 155/132/15 113/133/118
f 107/122/108 106/121/107 113/133/118 114/134/119
f 108/123/109 107/122/108 114/134/119 115/135/120
f 109/124/110 108/123/109 115/135/120 116/128/114
f 113/133/118 155/136/15 120/137/121
f 114/134/119 113/133/118 120/137/121 121/138/122
f 115/135/120 114/134/119 121/138/122 122/139/123
f 116/128/114 115/135/120 122/139/123 123/140/124
f 117/129/115 116/128/114 123/140/124 124/141/125
f 118/130/116 117/129/115 124/141/125 125/142/126
f 119/131/117 118/130/116 125/142/126 126/143/127
f 124/141/125 123/140/124 130/144/128 131/145/129
f 125/142/126 124/141/125 131/145/129 132/146/130
f 126/143/127 125/142/126 132/146/130 133/147/131
f 120/137/121 155/148/15 127/149/132
f 121/138/122 120/137/121 127/149/132 128/150/133
f 122/139/123 121/138/122 128/150/133 129/151/134
f 123/140/124 122/139/123 129/151/134 130/144/128
f 128/150/133 127/149/132 134/152/135 135/153/136
f 129/151/134 128/150/133 135/153/136 136/154/137
f 130/144/128 129/151/134 136/154/137 137/155/138
f 131/145/129 130/144/128 137/155/138 138/156/139
f 132/146/130 131/145/129 138/156/139 139/157/140
f 133/147/131 132/146/130 139/157/140 140/158/141
f 127/149/132 155/159/15 134/152/135
f 139/157/140 138/156/139 145/160/142 146/161/143
f 140/158/141 139/157/140 146/161/143 147/162/144
f 134/152/135 155/163/15 141/164/145
f 135/153/136 134/152/135 141/164/145 142/165/146
f 136/154/137 135/153/136 142/165/146 143/166/147
f 137/155/138 136/154/137 143/166/147 144/167/148
f 138/156/139 137/155/138 144/167/148 145/160/142
f 142/165/146 141/164/145 148/168/149 149/169/150
f 143/166/147 142/165/146 149/169/150 150/170/151
f 144/167/148 143/166/147 150/170/151 151/171/152
f 145/160/142 144/167/148 151/171/152 152/172/153
f 146/161/143 145/160/142 152/172/153 153/173/154
f 147/162/144 146/161/143 153/173/154 154/174/155
f 141/164/145 155/175/15 148/168/149
f 153/173/154 152/172/153 160/176/156 161/177/157
f 154/174/155 153/173/154 161/177/157 162/178/158
f 148/168/149 155/179/15 156/180/159
f 149/169/150 148/168/149 156/180/159 157/181/160
f 150/170/151 149/169/150 157/181/160 158/182/161
f 151/171/152 150/170/151 158/182/161 159/183/162
f 152/172/153 151/171/152 159/183/162 160/176/156
f 158/182/161 157/181/160 164/184/163 165/185/164
f 159/183/162 158/182/161 165/185/164 166/186/165
f 160/176/156 159/183/162 166/186/165 167/187/166
f 161/177/157 160/176/156 167/187/166 168/188/167
f 162/178/158 161/177/157 168/188/167 169/189/168
f 156/180/159 155/190/15 163/191/169
f 157/181/160 156/180/159 163/191/169 164/184/163
f 169/189/168 168/188/167 175/192/170 176/193/171
f 163/191/169 155/194/15 170/195/172
f 164/184/163 163/191/169 170/195/172 171/196/173
f 165/185/164 164/184/163 171/196/173 172/197/174
f 166/186/165 165/185/164 172/197/174 173/198/175
f 167/187/166 166/186/165 173/198/175 174/199/176
f 168/188/167 167/187/166 174/199/176 175/192/170
f 173/200/175 172/201/174 179/202/177 180/203/178
f 174/204/176 173/200/175 180/203/178 181/205/179
f 175/206/170 174/204/176 181/205/179 182/207/180
f 176/208/171 175/206/170 182/207/180 183/209/181
f 170/210/172 155/211/15 177/212/182
f 171/213/173 170/210/172 177/212/182 178/214/183
f 172/201/174 171/213/173 178/214/183 179/202/177
f 177/212/182 155/215/15 184/216/184
f 178/214/183 177/212/182 184/216/184 185/217/185
f 179/202/177 178/214/183 185/217/185 186/218/186
f 180/203/178 179/202/177 186/218/186 187/219/187
f 181/205/179 180/203/178 187/219/187 188/220/188
f 182/207/180 181/205/179 188/220/188 189/221/189
f 183/209/181 182/207/180 189/221/189 190/222/190
f 187/219/187 186/218/186 193/223/191 194/224/192
f 188/220/188 187/219/187 194/224/192 195/225/193
f 189/221/189 188/220/188 195/225/193 196/226/194
f 190/222/190 189/221/189 196/226/194 197/227/195
f 184/216/184 155/228/15 191/229/196
f 185/217/185 184/216/184 191/229/196 192/230/197
f 186/218/186 185/217/185 192/230/197 193/223/191
f 191/229/196 155/231/15 198/232/198
f 192/230/197 191/229/196 198/232/198 199/233/199
f 193/223/191 192/230/197 199/233/199 200/234/200
f 194/224/192 193/223/191 200/234/200 201/235/201
f 195/225/193 194/224/192 201/235/201 202/236/202
f 196/226/194 195/225/193 202/236/202 203/237/203
f 197/227/195 196/226/194 203/237/203 204/238/204
f 202/236/202 201/235/201 208/239/205 209/240/206
f 203/237/203 202/236/202 209/240/206 210/241/207
f 204/238/204 203/237/203 210/241/207 211/242/208
f 198/232/198 155/243/15 205/244/209
f 199/233/199 198/232/198 205/244/209 206/245/210
f 200/234/200 199/233/199 206/245/210 207/246/211
f 201/235/201 200/234/200 207/246/211 208/239/205
f 205/244/209 155/247/15 212/248/212
f 206/245/210 205/244/209 212/248/212 213/249/213
f 207/246/211 206/245/210 213/249/213 214/250/214
f 208/239/205 207/246/211 214/250/214 215/251/215
f 209/240/206 208/239/205 215/251/215 216/252/216
f 210/241/207 209/240/206 216/252/216 217/253/217
f 211/242/208 210/241/207 217/253/217 218/254/218
f 216/252/216 215/251/215 222/255/219 223/256/220
f 217/253/217 216/252/216 223/256/220 224/257/221
f 218/254/218 217/253/217 224/257/221 225/258/222
f 212/248/212 155/259/15 219/260/223
f 213/249/213 212/248/212 219/260/223 220/261/224
f 214/250/214 213/249/213 220/261/224 221/262/225
f 215/251/215 214/250/214 221/262/225 222/255/219
f 220/261/224 219/260/223 1/2/2 2/1/1
f 221/262/225 220/261/224 2/1/1 3/5/5
f 222/255/219 221/262/225 3/5/5 4/7/7
f 223/256/220 222/255/219 4/7/7 5/9/9
f 224/257/221 223/256/220 5/9/9 6/11/11
f 225/258/222 224/257/221 6/11/11 7/13/13
f 219/260/223 155/263/15 1/2/2
f 247/264/226 230/36/227 251/265/228 250/264/229
f 305/266/230 304/267/231 227/268/232 233/269/230
f 327/270/233 246/271/234 229/98/235 316/272/236
f 310/273/230 305/266/230 233/269/230 244/274/230
f 243/275/237 249/276/238 257/277/239 256/278/240
f 320/279/241 317/280/242 235/281/243 242/282/244
f 319/280/245 318/283/246 330/284/247 333/285/248
f 315/286/233 284/287/233 239/287/249 308/286/250
f 269/288/251 232/289/252 382/289/253 392/288/251
f 286/281/254 240/281/255 299/290/256 301/291/257
f 323/292/242 320/279/241 242/282/244 231/293/258
f 246/271/234 249/276/238 260/294/259 261/295/260
f 303/296/236 310/273/230 244/274/230 226/297/261
f 249/276/238 246/271/234 430/298/262 429/299/263
f 266/300/238 265/301/238 248/302/238 249/276/238
f 230/36/227 247/264/226 383/264/251 384/36/264
f 328/303/233 262/304/234 246/271/234 327/270/233
f 264/305/251 247/264/226 273/306/265 272/307/266
f 280/308/267 282/309/268 360/309/269 358/308/270
f 236/67/237 248/302/238 253/310/271 252/311/272
f 248/302/238 247/264/226 250/264/229 253/310/271
f 230/36/227 236/67/237 252/311/272 251/265/228
f 298/312/273 300/313/274 372/313/275 370/312/276
f 236/67/237 243/275/237 256/278/240 255/314/277
f 248/302/238 236/67/237 255/314/277 254/315/278
f 249/276/238 248/302/238 254/315/278 257/277/239
f 261/295/260 260/294/259 348/294/279 349/295/280
f 243/275/237 229/98/235 259/316/281 258/317/282
f 229/98/235 246/271/234 261/295/260 259/316/281
f 249/276/238 243/275/237 258/317/282 260/294/259
f 269/288/251 264/305/251 277/318/228 276/319/229
f 329/320/233 267/321/234 262/304/234 328/303/233
f 307/322/283 237/323/284 389/323/285 395/322/286
f 271/324/238 270/325/238 265/301/238 266/300/238
f 266/300/238 262/304/234 434/326/287 433/327/288
f 267/321/234 231/293/258 437/328/289 438/329/290
f 242/282/244 235/281/243 270/325/238 271/324/238
f 318/330/246 307/331/283 395/331/286 387/330/291
f 323/332/242 231/293/258 267/321/234 329/320/233
f 232/289/252 269/288/251 282/309/268 280/308/267
f 274/333/292 272/307/266 350/307/293 352/333/294
f 247/264/226 248/302/238 275/334/295 273/306/265
f 248/302/238 265/301/238 274/333/292 275/334/295
f 265/301/238 264/305/251 272/307/266 274/333/292
f 292/335/296 293/336/297 365/336/298 364/335/299
f 264/305/251 265/301/238 279/337/240 277/318/228
f 265/301/238 270/325/238 278/338/239 279/337/240
f 270/325/238 269/288/251 276/319/229 278/338/239
f 281/339/300 280/308/267 358/308/270 359/339/301
f 269/288/251 270/325/238 283/325/302 282/309/268
f 235/281/243 232/289/252 280/308/267 281/339/300
f 270/325/238 235/281/243 281/339/300 283/325/302
f 288/289/303 232/289/252 290/336/304 293/336/297
f 286/281/254 289/289/305 297/289/297 294/340/296
f 306/286/242 234/287/306 285/287/233 314/286/233
f 314/286/233 285/287/233 284/287/233 315/286/233
f 299/290/256 298/312/273 370/312/276 371/290/307
f 235/281/243 287/281/254 292/335/296 291/335/308
f 232/289/252 235/281/243 291/335/308 290/336/304
f 287/281/254 288/289/303 293/336/297 292/335/296
f 259/316/281 261/295/260 349/295/280 347/316/309
f 289/289/305 288/289/303 296/289/310 297/289/297
f 287/281/254 286/281/254 294/340/296 295/340/308
f 288/289/303 287/281/254 295/340/308 296/289/310
f 273/306/265 275/334/295 353/334/311 351/306/312
f 240/281/255 238/289/313 298/312/273 299/290/256
f 289/289/305 286/281/254 301/291/257 300/313/274
f 238/289/313 289/289/305 300/313/274 298/312/273
f 321/280/233 314/286/233 315/286/233 322/280/233
f 317/280/242 306/286/242 314/286/233 321/280/233
f 264/305/251 269/288/251 392/288/251 391/305/251
f 228/341/314 302/342/242 313/343/233 268/344/233
f 288/289/303 289/289/305 390/289/315 393/289/316
f 238/289/313 318/330/246 387/330/291 388/289/317
f 268/344/233 313/343/233 312/345/233 263/346/233
f 263/346/233 312/345/233 311/347/233 245/348/233
f 289/289/305 238/289/313 388/289/317 390/289/315
f 316/349/236 326/350/230 310/273/230 303/296/236
f 228/351/314 241/352/241 309/353/241 302/354/242
f 232/289/252 288/289/303 393/289/316 382/289/253
f 322/280/233 315/286/233 308/286/250 319/280/245
f 239/287/249 237/323/284 307/322/283 308/286/250
f 241/352/241 234/287/306 306/286/242 309/353/241
f 326/350/230 325/355/230 305/266/230 310/273/230
f 304/267/231 324/356/318 394/356/319 385/267/320
f 245/348/233 311/347/233 303/357/236 226/167/261
f 325/355/230 324/356/318 304/267/231 305/266/230
f 236/67/237 230/36/227 324/356/318 325/355/230
f 227/268/232 304/267/231 385/267/320 386/268/321
f 243/275/237 236/67/237 325/355/230 326/350/230
f 286/281/254 322/280/233 319/280/245 240/281/255
f 229/98/235 243/275/237 326/350/230 316/349/236
f 247/264/226 264/305/251 391/305/251 383/264/251
f 235/281/243 317/280/242 321/280/233 287/281/254
f 287/281/254 321/280/233 322/280/233 286/281/254
f 324/356/318 230/36/227 384/36/264 394/356/319
f 302/342/242 323/332/242 329/320/233 313/343/233
f 313/343/233 329/320/233 328/303/233 312/345/233
f 312/345/233 328/303/233 327/270/233 311/347/233
f 302/354/242 309/353/241 320/279/241 323/292/242
f 319/280/245 308/286/250 335/358/322 337/359/323
f 309/353/241 306/286/242 317/280/242 320/279/241
f 311/347/233 327/270/233 316/272/236 303/357/236
f 293/336/297 290/336/304 362/336/324 365/336/298
f 240/281/255 319/280/245 333/285/248 332/360/325
f 238/289/313 240/281/255 332/360/325 331/361/326
f 318/330/246 238/289/313 331/361/326 330/362/247
f 260/294/259 258/317/282 346/317/327 348/294/279
f 318/283/246 319/280/245 337/359/323 336/363/328
f 308/286/250 307/322/283 334/364/329 335/358/322
f 307/331/283 318/330/246 336/365/328 334/366/329
f 341/310/330 338/264/331 339/265/332 340/311/333
f 345/277/334 342/315/335 343/314/336 344/278/337
f 349/295/280 348/294/279 346/317/327 347/316/309
f 352/333/294 350/307/293 351/306/312 353/334/311
f 356/338/334 354/319/338 355/318/339 357/337/337
f 359/339/301 358/308/270 360/309/269 361/325/340
f 362/336/324 363/335/341 364/335/299 365/336/298
f 368/289/342 367/340/343 366/340/299 369/289/298
f 372/313/275 373/291/344 371/290/307 370/312/276
f 377/285/345 374/284/346 375/361/347 376/360/348
f 379/358/349 378/364/350 380/363/351 381/359/352
f 301/291/257 299/290/256 371/290/307 373/291/344
f 335/358/322 334/364/329 378/364/350 379/358/349
f 283/325/302 281/339/300 359/339/301 361/325/340
f 300/313/274 301/291/257 373/291/344 372/313/275
f 334/366/329 336/365/328 380/365/351 378/366/350
f 282/309/268 283/325/302 361/325/340 360/309/269
f 254/315/278 255/314/277 343/314/336 342/315/335
f 337/359/323 335/358/322 379/358/349 381/359/352
f 255/314/277 256/278/240 344/278/337 343/314/336
f 336/363/328 337/359/323 381/359/352 380/363/351
f 256/278/240 257/277/239 345/277/334 344/278/337
f 295/340/308 294/340/296 366/340/299 367/340/343
f 276/319/229 277/318/228 355/318/339 354/319/338
f 257/277/239 254/315/278 342/315/335 345/277/334
f 297/289/297 296/289/310 368/289/342 369/289/298
f 279/337/240 278/338/239 356/338/334 357/337/337
f 296/289/310 295/340/308 367/340/343 368/289/342
f 330/362/247 331/361/326 375/361/347 374/362/346
f 277/318/228 279/337/240 357/337/337 355/318/339
f 294/340/296 297/289/297 369/289/298 366/340/299
f 331/361/326 332/360/325 376/360/348 375/361/347
f 278/338/239 276/319/229 354/319/338 356/338/334
f 250/264/229 251/265/228 339/265/332 338/264/331
f 332/360/325 333/285/248 377/285/345 376/360/348
f 251/265/228 252/311/272 340/311/333 339/265/332
f 333/285/248 330/284/247 374/284/346 377/285/345
f 252/311/272 253/310/271 341/310/330 340/311/333
f 290/336/304 291/335/308 363/335/341 362/336/324
f 272/307/266 273/306/265 351/306/312 350/307/293
f 258/317/282 259/316/281 347/316/309 346/317/327
f 253/310/271 250/264/229 338/264/331 341/310/330
f 291/335/308 292/335/296 364/335/299 363/335/341
f 275/334/295 274/333/292 352/333/294 353/334/311
f 384/36/264 383/264/251 400/264/353 401/36/354
f 395/322/286 389/323/285 407/323/355 422/322/356
f 387/330/291 395/331/286 422/331/356 404/330/357
f 385/267/320 394/356/319 421/356/358 402/267/359
f 383/264/251 391/305/251 410/305/360 400/264/353
f 392/288/251 382/289/253 399/289/361 413/288/362
f 390/289/315 388/289/317 405/289/363 408/289/364
f 394/356/319 384/36/264 401/36/354 421/356/358
f 393/289/316 390/289/315 408/289/364 417/289/365
f 388/289/317 387/330/291 404/330/357 405/289/363
f 391/305/251 392/288/251 413/288/362 410/305/360
f 382/289/253 393/289/316 417/289/365 399/289/361
f 386/268/321 385/267/320 402/267/359 403/268/366
f 423/367/367 409/368/368 403/235/366 402/369/359
f 427/330/369 408/289/364 405/289/363 404/330/357
f 424/370/370 412/371/371 409/368/368 423/367/367
f 425/372/372 396/373/373 412/371/371 424/370/370
f 420/331/374 397/374/375 396/373/373 425/372/372
f 398/330/376 399/289/361 417/289/365 426/330/377
f 426/330/377 417/289/365 408/289/364 427/330/369
f 416/374/378 418/331/379 419/331/380 406/374/381
f 397/374/375 420/331/374 418/331/379 416/374/378
f 398/330/376 420/331/374 425/372/372 415/375/382
f 415/375/382 425/372/372 424/370/370 414/376/383
f 414/376/383 424/370/370 423/367/367 411/377/384
f 406/374/381 419/331/380 422/331/356 407/374/355
f 411/377/384 423/367/367 402/369/359 421/378/358
f 400/264/353 411/377/384 421/378/358 401/36/354
f 410/305/360 414/376/383 411/377/384 400/264/353
f 413/288/362 415/375/382 414/376/383 410/305/360
f 399/289/361 398/330/376 415/375/382 413/288/362
f 418/331/379 426/330/377 427/330/369 419/331/380
f 420/331/374 398/330/376 426/330/377 418/331/379
f 419/331/380 427/330/369 404/330/357 422/331/356
f 429/299/263 430/298/262 442/298/385 441/299/386
f 262/304/234 266/300/238 428/379/387 431/380/388
f 266/300/238 249/276/238 429/299/263 428/379/387
f 246/271/234 262/304/234 431/380/388 430/298/262
f 436/381/389 439/382/390 451/382/391 448/381/392
f 271/324/238 266/300/238 433/327/288 432/383/393
f 262/304/234 267/321/234 435/384/394 434/326/287
f 267/321/234 271/324/238 432/383/393 435/384/394
f 435/384/394 432/383/393 444/383/395 447/384/396
f 271/324/238 267/321/234 438/329/290 439/382/390
f 231/293/258 242/282/244 436/381/389 437/328/289
f 242/282/244 271/324/238 439/382/390 436/381/389
f 443/380/397 440/379/398 441/299/386 442/298/385
f 447/384/396 444/383/395 445/327/399 446/326/400
f 449/328/401 448/381/392 451/382/391 450/329/402
f 432/383/393 433/327/288 445/327/399 444/383/395
f 439/382/390 438/329/290 450/329/402 451/382/391
f 430/298/262 431/380/388 443/380/397 442/298/385
f 433/327/288 434/326/287 446/326/400 445/327/399
f 437/328/289 436/381/389 448/381/392 449/328/401
f 431/380/388 428/379/387 440/379/398 443/380/397
f 434/326/287 435/384/394 447/384/396 446/326/400
f 438/329/290 437/328/289 449/328/401 450/329/402
f 428/379/387 429/299/263 441/299/386 440/379/398
f 473/264/403 476/264/404 477/265/405 456/36/406
f 531/266/230 459/269/230 453/268/407 530/267/408
f 553/270/233 542/272/236 455/98/409 472/271/410
f 536/273/230 470/274/230 459/269/230 531/266/230
f 469/275/411 482/278/412 483/277/413 475/276/414
f 546/279/241 468/282/415 461/281/416 543/280/242
f 545/280/417 559/285/418 556/284/419 544/283/420
f 541/286/233 534/286/421 465/287/422 510/287/233
f 495/288/423 618/288/423 608/289/424 458/289/425
f 512/281/426 527/291/427 525/290/428 466/281/429
f 549/292/242 457/293/430 468/282/415 546/279/241
f 472/271/410 487/295/431 486/294/432 475/276/414
f 529/296/236 452/297/261 470/274/230 536/273/230
f 475/276/414 655/299/433 656/298/434 472/271/410
f 492/300/414 475/276/414 474/302/414 491/301/414
f 456/36/406 610/36/435 609/264/423 473/264/403
f 554/303/233 553/270/233 472/271/410 488/304/410
f 490/305/423 498/307/436 499/306/437 473/264/403
f 506/308/438 584/308/439 586/309/440 508/309/441
f 462/67/411 478/311/442 479/310/443 474/302/414
f 474/302/414 479/310/443 476/264/404 473/264/403
f 456/36/406 477/265/405 478/311/442 462/67/411
f 524/312/444 596/312/445 598/313/446 526/313/447
f 462/67/411 481/314/448 482/278/412 469/275/411
f 474/302/414 480/315/449 481/314/448 462/67/411
f 475/276/414 483/277/413 480/315/449 474/302/414
f 487/295/431 575/295/450 574/294/451 486/294/432
f 469/275/411 484/317/452 485/316/453 455/98/409
f 455/98/409 485/316/453 487/295/431 472/271/410
f 475/276/414 486/294/432 484/317/452 469/275/411
f 495/288/423 502/319/404 503/318/405 490/305/423
f 555/320/233 554/303/233 488/304/410 493/321/410
f 533/322/454 621/322/455 615/323/456 463/323/457
f 497/324/414 492/300/414 491/301/414 496/325/414
f 492/300/414 659/327/458 660/326/459 488/304/410
f 493/321/410 664/329/460 663/328/461 457/293/430
f 468/282/415 497/324/414 496/325/414 461/281/416
f 544/330/420 613/330/462 621/331/455 533/331/454
f 549/332/242 555/320/233 493/321/410 457/293/430
f 458/289/425 506/308/438 508/309/441 495/288/423
f 500/333/463 578/333/464 576/307/465 498/307/436
f 473/264/403 499/306/437 501/334/466 474/302/414
f 474/302/414 501/334/466 500/333/463 491/301/414
f 491/301/414 500/333/463 498/307/436 490/305/423
f 518/335/467 590/335/468 591/336/469 519/336/470
f 490/305/423 503/318/405 505/337/412 491/301/414
f 491/301/414 505/337/412 504/338/471 496/325/414
f 496/325/414 504/338/471 502/319/404 495/288/423
f 507/339/472 585/339/473 584/308/439 506/308/438
f 495/288/423 508/309/441 509/325/474 496/325/414
f 461/281/416 507/339/472 506/308/438 458/289/425
f 496/325/414 509/325/474 507/339/472 461/281/416
f 514/289/475 519/336/470 516/336/476 458/289/425
f 512/281/426 520/340/467 523/289/470 515/289/477
f 532/286/242 540/286/233 511/287/233 460/287/306
f 540/286/233 541/286/233 510/287/233 511/287/233
f 525/290/428 597/290/478 596/312/445 524/312/444
f 461/281/416 517/335/479 518/335/467 513/281/426
f 458/289/425 516/336/476 517/335/479 461/281/416
f 513/281/426 518/335/467 519/336/470 514/289/475
f 485/316/453 573/316/480 575/295/450 487/295/431
f 515/289/477 523/289/470 522/289/481 514/289/475
f 513/281/426 521/340/482 520/340/467 512/281/426
f 514/289/475 522/289/481 521/340/482 513/281/426
f 499/306/437 577/306/483 579/334/484 501/334/466
f 466/281/429 525/290/428 524/312/444 464/289/485
f 515/289/477 526/313/447 527/291/427 512/281/426
f 464/289/485 524/312/444 526/313/447 515/289/477
f 547/280/233 548/280/233 541/286/233 540/286/233
f 543/280/242 547/280/233 540/286/233 532/286/242
f 490/305/423 617/305/423 618/288/423 495/288/423
f 454/341/314 494/344/233 539/343/233 528/342/242
f 514/289/475 619/289/486 616/289/487 515/289/477
f 464/289/485 614/289/488 613/330/462 544/330/420
f 494/344/233 489/346/233 538/345/233 539/343/233
f 489/346/233 471/348/233 537/347/233 538/345/233
f 515/289/477 616/289/487 614/289/488 464/289/485
f 542/349/236 529/296/236 536/273/230 552/350/230
f 454/351/314 528/354/242 535/353/241 467/352/241
f 458/289/425 608/289/424 619/289/486 514/289/475
f 548/280/233 545/280/417 534/286/421 541/286/233
f 465/287/422 534/286/421 533/322/454 463/323/457
f 467/352/241 535/353/241 532/286/242 460/287/306
f 552/350/230 536/273/230 531/266/230 551/355/230
f 530/267/408 611/267/489 620/356/490 550/356/491
f 471/348/233 452/167/261 529/357/236 537/347/233
f 551/355/230 531/266/230 530/267/408 550/356/491
f 462/67/411 551/355/230 550/356/491 456/36/406
f 453/268/407 612/268/492 611/267/489 530/267/408
f 469/275/411 552/350/230 551/355/230 462/67/411
f 512/281/426 466/281/429 545/280/417 548/280/233
f 455/98/409 542/349/236 552/350/230 469/275/411
f 473/264/403 609/264/423 617/305/423 490/305/423
f 461/281/416 513/281/426 547/280/233 543/280/242
f 513/281/426 512/281/426 548/280/233 547/280/233
f 550/356/491 620/356/490 610/36/435 456/36/406
f 528/342/242 539/343/233 555/320/233 549/332/242
f 539/343/233 538/345/233 554/303/233 555/320/233
f 538/345/233 537/347/233 553/270/233 554/303/233
f 528/354/242 549/292/242 546/279/241 535/353/241
f 545/280/417 563/359/493 561/358/494 534/286/421
f 535/353/241 546/279/241 543/280/242 532/286/242
f 537/347/233 529/357/236 542/272/236 553/270/233
f 519/336/470 591/336/469 588/336/495 516/336/476
f 466/281/429 558/360/496 559/285/418 545/280/417
f 464/289/485 557/361/497 558/360/496 466/281/429
f 544/330/420 556/362/419 557/361/497 464/289/485
f 486/294/432 574/294/451 572/317/498 484/317/452
f 544/283/420 562/363/499 563/359/493 545/280/417
f 534/286/421 561/358/494 560/364/500 533/322/454
f 533/331/454 560/366/500 562/365/499 544/330/420
f 567/310/501 566/311/502 565/265/503 564/264/504
f 571/277/505 570/278/506 569/314/507 568/315/508
f 575/295/450 573/316/480 572/317/498 574/294/451
f 578/333/464 579/334/484 577/306/483 576/307/465
f 582/338/505 583/337/506 581/318/509 580/319/510
f 585/339/473 587/325/511 586/309/440 584/308/439
f 588/336/495 591/336/469 590/335/468 589/335/512
f 594/289/495 595/289/469 592/340/468 593/340/512
f 598/313/446 596/312/445 597/290/478 599/291/513
f 603/285/514 602/360/515 601/361/516 600/284/517
f 605/358/518 607/359/519 606/363/520 604/364/521
f 527/291/427 599/291/513 597/290/478 525/290/428
f 561/358/494 605/358/518 604/364/521 560/364/500
f 509/325/474 587/325/511 585/339/473 507/339/472
f 526/313/447 598/313/446 599/291/513 527/291/427
f 560/366/500 604/366/521 606/365/520 562/365/499
f 508/309/441 586/309/440 587/325/511 509/325/474
f 480/315/449 568/315/508 569/314/507 481/314/448
f 563/359/493 607/359/519 605/358/518 561/358/494
f 481/314/448 569/314/507 570/278/506 482/278/412
f 562/363/499 606/363/520 607/359/519 563/359/493
f 482/278/412 570/278/506 571/277/505 483/277/413
f 521/340/482 593/340/512 592/340/468 520/340/467
f 502/319/404 580/319/510 581/318/509 503/318/405
f 483/277/413 571/277/505 568/315/508 480/315/449
f 523/289/470 595/289/469 594/289/495 522/289/481
f 505/337/412 583/337/506 582/338/505 504/338/471
f 522/289/481 594/289/495 593/340/512 521/340/482
f 556/362/419 600/362/517 601/361/516 557/361/497
f 503/318/405 581/318/509 583/337/506 505/337/412
f 520/340/467 592/340/468 595/289/469 523/289/470
f 557/361/497 601/361/516 602/360/515 558/360/496
f 504/338/471 582/338/505 580/319/510 502/319/404
f 476/264/404 564/264/504 565/265/503 477/265/405
f 558/360/496 602/360/515 603/285/514 559/285/418
f 477/265/405 565/265/503 566/311/502 478/311/442
f 559/285/418 603/285/514 600/284/517 556/284/419
f 478/311/442 566/311/502 567/310/501 479/310/443
f 516/336/476 588/336/495 589/335/512 517/335/479
f 498/307/436 576/307/465 577/306/483 499/306/437
f 484/317/452 572/317/498 573/316/480 485/316/453
f 479/310/443 567/310/501 564/264/504 476/264/404
f 517/335/479 589/335/512 590/335/468 518/335/467
f 501/334/466 579/334/484 578/333/464 500/333/463
f 610/36/435 627/36/522 626/264/523 609/264/423
f 621/322/455 648/322/524 633/323/525 615/323/456
f 613/330/462 630/330/526 648/331/524 621/331/455
f 611/267/489 628/267/527 647/356/528 620/356/490
f 609/264/423 626/264/523 636/305/529 617/305/423
f 618/288/423 639/288/530 625/289/531 608/289/424
f 616/289/487 634/289/532 631/289/533 614/289/488
f 620/356/490 647/356/528 627/36/522 610/36/435
f 619/289/486 643/289/534 634/289/532 616/289/487
f 614/289/488 631/289/533 630/330/526 613/330/462
f 617/305/423 636/305/529 639/288/530 618/288/423
f 608/289/424 625/289/531 643/289/534 619/289/486
f 612/268/492 629/268/535 628/267/527 611/267/489
f 649/367/536 628/369/527 629/235/535 635/368/537
f 653/330/538 630/330/526 631/289/533 634/289/532
f 650/370/539 649/367/536 635/368/537 638/371/540
f 651/372/541 650/370/539 638/371/540 622/373/542
f 646/331/543 651/372/541 622/373/542 623/374/544
f 624/330/545 652/330/546 643/289/534 625/289/531
f 652/330/546 653/330/538 634/289/532 643/289/534
f 642/374/547 632/374/548 645/331/549 644/331/550
f 623/374/544 642/374/547 644/331/550 646/331/543
f 624/330/545 641/375/551 651/372/541 646/331/543
f 641/375/551 640/376/552 650/370/539 651/372/541
f 640/376/552 637/377/553 649/367/536 650/370/539
f 632/374/548 633/374/525 648/331/524 645/331/549
f 637/377/553 647/378/528 628/369/527 649/367/536
f 626/264/523 627/36/522 647/378/528 637/377/553
f 636/305/529 626/264/523 637/377/553 640/376/552
f 639/288/530 636/305/529 640/376/552 641/375/551
f 625/289/531 639/288/530 641/375/551 624/330/545
f 644/331/550 645/331/549 653/330/538 652/330/546
f 646/331/543 644/331/550 652/330/546 624/330/545
f 645/331/549 648/331/524 630/330/526 653/330/538
f 655/299/433 667/299/554 668/298/555 656/298/434
f 488/304/410 657/380/556 654/379/557 492/300/414
f 492/300/414 654/379/557 655/299/433 475/276/414
f 472/271/410 656/298/434 657/380/556 488/304/410
f 662/381/558 674/381/559 677/382/560 665/382/561
f 497/324/414 658/383/562 659/327/458 492/300/414
f 488/304/410 660/326/459 661/384/563 493/321/410
f 493/321/410 661/384/563 658/383/562 497/324/414
f 661/384/563 673/384/564 670/383/565 658/383/562
f 497/324/414 665/382/561 664/329/460 493/321/410
f 457/293/430 663/328/461 662/381/558 468/282/415
f 468/282/415 662/381/558 665/382/561 497/324/414
f 669/380/566 668/298/555 667/299/554 666/379/567
f 673/384/564 672/326/568 671/327/569 670/383/565
f 675/328/570 676/329/571 677/382/560 674/381/559
f 658/383/562 670/383/565 671/327/569 659/327/458
f 665/382/561 677/382/560 676/329/571 664/329/460
f 656/298/434 668/298/555 669/380/566 657/380/556
f 659/327/458 671/327/569 672/326/568 660/326/459
f 663/328/461 675/328/570 674/381/559 662/381/558
f 657/380/556 669/380/566 666/379/567 654/379/557
f 660/326/459 672/326/568 673/384/564 661/384/563
f 664/329/460 676/329/571 675/328/570 663/328/461
f 654/379/557 666/379/567 667/299/554 655/299/433
f 684/385/572 733/386/573 767/387/574 764/388/575
f 882/389/576 687/390/577 734/391/578 881/392/579
f 881/392/579 734/391/578 733/386/573 883/393/580
f 842/394/581 844/395/582 959/395/583 958/394/584
f 846/396/581 849/397/582 1014/397/583 1013/396/584
f 802/398/585 804/399/586 1007/399/587 995/398/588
f 824/400/589 738/401/590 1048/401/591 1046/400/592
f 704/402/593 796/403/594 1027/403/595 1024/402/596
f 692/404/597 846/396/581 1013/396/584 1021/404/598
f 794/405/599 791/406/600 933/406/601 934/405/602
f 849/397/582 735/407/603 1020/407/604 1014/397/583
f 784/408/605 782/409/606 1041/409/607 1042/408/608
f 773/120/609 712/410/610 1184/411/611 1183/412/612
f 746/413/613 745/414/614 1169/415/615 1170/416/616
f 777/417/617 710/418/618 1482/418/619 1463/417/620
f 692/404/597 852/419/621 1497/419/621 1492/404/622
f 931/420/623 932/421/624 1501/421/625 1500/420/626
f 817/422/627 821/423/628 1462/423/629 1466/422/630
f 821/423/628 698/269/631 1479/269/632 1462/423/629
f 684/385/572 681/424/633 1475/424/634 1488/385/635
f 870/425/636 687/390/577 1487/390/637 1473/425/636
f 712/410/610 773/120/609 1489/120/638 1491/410/639
f 687/390/577 684/385/572 1488/385/635 1487/390/637
f 694/426/640 842/394/581 1484/394/581 1478/426/641
f 796/403/594 704/402/593 1495/402/642 1465/403/594
f 930/427/643 931/420/623 1500/420/626 1499/427/644
f 700/428/645 817/422/627 1466/422/630 1494/428/646
f 846/396/581 692/404/597 1492/404/622 1485/396/581
f 878/429/636 870/425/636 1473/425/636 1474/429/636
f 690/430/647 928/431/648 1498/431/648 1477/430/649
f 837/432/650 694/426/640 1478/426/641 1467/432/651
f 928/431/648 930/427/643 1499/427/644 1498/431/648
f 787/433/652 791/406/600 1472/406/653 1471/433/652
f 762/434/614 745/414/614 746/413/613 763/435/613
f 776/436/654 775/437/655 745/414/614 762/434/614
f 761/438/656 785/439/605 1235/440/657 1234/438/658
f 790/441/659 789/442/659 1242/443/660 1243/444/661
f 758/445/662 805/446/586 1263/447/663 1262/445/587
f 815/448/664 814/449/664 740/450/665 757/451/665
f 820/452/666 819/453/666 739/454/667 756/455/667
f 825/456/589 823/457/668 1292/458/669 1291/459/670
f 737/460/671 754/461/671 1315/462/672 1314/463/673
f 844/395/582 736/464/674 1324/465/584 1325/466/598
f 854/467/675 735/407/603 1336/468/676 1334/469/677
f 929/470/678 927/471/679 1346/472/680 1348/473/681
f 869/474/682 926/475/682 1360/476/683 1361/477/684
f 748/478/685 733/386/573 734/391/578 749/479/578
f 747/480/686 732/481/686 733/386/573 748/478/685
f 748/478/685 683/482/687 884/483/688 885/484/689
f 686/485/690 683/482/687 894/486/691 892/487/692
f 867/488/693 869/474/682 750/489/694 688/490/695
f 861/491/696 863/492/678 751/493/679 689/494/697
f 851/495/698 855/496/675 752/497/603 691/498/699
f 841/499/700 845/500/582 753/501/674 693/502/701
f 836/503/702 840/504/703 754/461/671 695/505/704
f 738/401/590 824/400/589 1297/506/705 1296/401/706
f 816/507/707 820/452/666 756/455/667 699/508/708
f 815/448/664 757/451/665 1271/509/709 1273/510/710
f 801/511/711 805/446/586 758/445/662 703/512/712
f 786/513/713 790/441/659 760/514/714 707/515/715
f 781/516/716 785/439/605 761/438/656 709/517/717
f 772/518/718 776/436/654 1178/519/612 1180/520/719
f 711/521/720 762/434/614 1175/522/721 1176/523/615
f 764/388/575 767/387/574 771/387/722 768/388/723
f 733/386/573 732/481/686 766/524/724 767/387/574
f 681/424/633 684/385/572 764/388/575 765/525/725
f 732/481/686 681/424/633 765/525/725 766/524/724
f 770/524/726 769/525/727 768/388/723 771/387/722
f 765/525/725 764/388/575 768/388/723 769/525/727
f 767/387/574 766/524/724 770/524/726 771/387/722
f 766/524/724 765/525/725 769/525/727 770/524/726
f 775/437/655 776/436/654 1196/526/728 1195/527/729
f 779/528/730 709/517/717 1193/517/731 1197/528/732
f 702/529/733 812/530/734 1468/530/735 1480/529/736
f 773/120/609 775/437/655 1185/531/737 1187/532/738
f 710/418/618 777/417/617 1191/533/739 1189/534/740
f 709/517/717 761/438/656 1194/535/741 1193/517/731
f 776/436/654 772/518/718 1199/536/742 1196/526/728
f 791/406/600 706/297/743 1481/297/744 1472/406/653
f 707/515/715 760/514/714 785/439/605 781/516/716
f 743/537/714 784/408/605 1241/538/745 1240/539/746
f 812/530/734 700/428/645 1494/428/646 1468/530/735
f 782/409/606 784/408/605 1038/408/747 1037/409/748
f 793/540/749 795/541/599 790/441/659 786/513/713
f 789/442/659 790/441/659 1246/441/750 1248/542/751
f 856/543/752 690/430/647 1477/430/649 1486/543/753
f 812/530/734 814/449/664 965/449/754 973/530/755
f 859/544/756 856/543/752 1005/543/677 1006/544/757
f 794/405/599 795/541/599 1253/545/758 1252/546/759
f 705/293/760 759/547/761 795/541/599 793/540/749
f 827/548/762 831/549/763 1490/549/764 1483/548/765
f 798/550/766 800/551/767 759/552/761 705/553/760
f 800/551/767 799/554/767 1256/555/768 1257/556/769
f 742/557/761 799/554/767 974/554/770 950/557/771
f 844/395/582 842/394/581 1011/394/598 1012/395/604
f 800/551/767 758/445/662 1259/558/770 1261/551/771
f 703/512/712 758/445/662 800/551/767 798/550/766
f 773/120/609 777/417/617 1463/417/620 1489/120/638
f 808/559/772 810/560/773 805/446/586 801/511/711
f 809/561/773 804/399/586 1269/562/588 1266/563/774
f 791/406/600 794/405/599 986/405/758 985/406/775
f 796/403/594 706/564/743 949/564/595 975/403/596
f 809/561/773 810/560/773 1279/565/776 1278/566/777
f 740/450/665 809/561/773 1278/566/777 1282/450/778
f 708/567/779 787/433/652 1471/433/652 1496/567/780
f 699/508/708 756/455/667 815/448/664 811/568/781
f 756/455/667 739/454/667 814/449/664 815/448/664
f 806/569/782 702/529/733 1480/529/736 1470/569/783
f 809/561/773 740/450/665 937/450/784 938/561/785
f 823/457/668 825/456/589 820/452/666 816/507/707
f 825/456/589 824/400/589 1276/570/786 1277/571/787
f 714/572/788 712/410/610 1491/410/639 1476/572/789
f 789/442/659 794/405/599 934/405/602 951/442/750
f 821/423/628 824/400/589 1046/400/592 1045/423/705
f 824/400/589 825/456/589 1291/459/670 1297/506/705
f 829/573/790 738/401/590 1296/401/706 1294/573/791
f 696/574/792 837/432/650 1467/432/651 1493/574/793
f 833/575/794 835/576/795 830/577/790 826/578/796
f 834/579/795 829/573/790 1308/580/797 1306/581/798
f 932/421/624 878/429/636 1474/429/636 1501/421/625
f 814/449/664 812/530/734 1010/530/710 1026/449/799
f 839/582/703 736/464/674 947/464/800 956/582/672
f 737/460/671 834/579/795 1310/583/801 1312/584/802
f 695/505/704 754/461/671 835/576/795 833/575/794
f 852/419/621 856/543/752 1486/543/753 1497/419/621
f 693/502/701 753/501/674 840/504/703 836/503/702
f 736/464/674 839/582/703 1320/585/673 1321/586/803
f 819/453/666 824/400/589 942/400/787 940/453/804
f 848/587/700 850/588/582 845/500/582 841/499/700
f 845/500/582 850/588/582 1327/589/604 1326/590/583
f 710/418/618 782/409/606 1464/409/805 1482/418/619
f 694/426/640 837/432/650 955/432/673 946/426/803
f 736/464/674 844/395/582 1012/395/604 998/464/583
f 752/497/603 735/407/603 1333/591/598 1330/592/604
f 691/498/699 752/497/603 850/588/582 848/587/700
f 706/564/743 796/403/594 1465/403/594 1481/564/744
f 858/593/806 860/594/756 855/496/675 851/495/698
f 855/496/675 860/594/756 1339/595/757 1341/596/807
f 698/269/631 827/548/762 1483/548/765 1479/269/632
f 842/394/581 694/426/640 997/426/584 1011/394/598
f 741/597/662 804/399/586 936/399/808 935/597/587
f 859/544/756 860/594/756 1343/598/809 1342/599/810
f 689/494/697 751/493/679 860/594/756 858/593/806
f 865/600/811 866/601/812 863/492/678 861/491/696
f 925/602/812 929/470/678 1353/603/680 1352/604/681
f 831/549/763 696/574/792 1493/574/793 1490/549/764
f 866/601/812 750/489/694 1355/605/813 1357/606/814
f 688/490/695 750/489/694 866/601/812 865/600/811
f 782/409/606 708/567/779 1496/567/780 1464/409/805
f 875/607/815 877/608/816 869/474/682 867/488/693
f 877/608/816 876/609/816 926/475/682 869/474/682
f 704/402/593 802/398/585 1469/398/817 1495/402/642
f 876/609/816 878/429/636 932/421/624 926/475/682
f 734/391/578 687/390/577 870/425/636 873/610/816
f 749/479/578 734/391/578 873/610/816 874/611/816
f 686/485/690 749/479/578 874/611/816 872/612/815
f 842/394/581 846/396/581 1485/396/581 1484/394/581
f 802/398/585 806/569/782 1470/569/783 1469/398/817
f 876/609/816 873/610/816 909/610/818 914/613/819 915/614/818 911/615/819
f 874/611/816 873/610/816 876/609/816 877/608/816
f 877/608/816 875/607/815 900/616/819 901/617/820
f 883/618/580 678/351/821 679/323/822 881/619/579
f 685/289/823 679/323/822 678/351/821 682/293/824
f 685/289/823 682/293/824 880/620/825 882/621/576
f 880/620/825 682/293/824 678/341/821 883/622/580
f 881/623/579 679/374/822 685/289/823 882/621/576
f 880/624/825 684/385/572 687/390/577 882/389/576
f 883/393/580 733/386/573 684/385/572 880/624/825
f 885/484/689 884/483/688 888/483/826 889/484/827
f 680/625/828 747/480/686 887/626/829 886/627/830
f 683/482/687 680/625/828 886/627/830 884/483/688
f 747/480/686 748/478/685 885/484/689 887/626/829
f 890/627/831 891/626/832 889/484/827 888/483/826
f 887/626/829 885/484/689 889/484/827 891/626/832
f 884/483/688 886/627/830 890/627/831 888/483/826
f 886/627/830 887/626/829 891/626/832 890/627/831
f 894/486/691 895/628/833 899/628/834 898/486/835
f 683/482/687 748/478/685 895/628/833 894/486/691
f 749/479/578 686/485/690 892/487/692 893/629/836
f 748/478/685 749/479/578 893/629/836 895/628/833
f 898/486/835 899/628/834 897/629/837 896/487/838
f 893/629/836 892/487/692 896/487/838 897/629/837
f 895/628/833 893/629/836 897/629/837 899/628/834
f 892/487/692 894/486/691 898/486/835 896/487/838
f 902/630/818 903/631/839 907/631/840 906/630/841
f 875/607/815 872/612/815 902/630/818 900/616/819
f 874/611/816 877/608/816 901/617/820 903/631/839
f 872/612/815 874/611/816 903/631/839 902/630/818
f 906/630/841 907/631/840 905/617/842 904/616/843
f 900/616/819 902/630/818 906/630/841 904/616/843
f 901/617/820 900/616/819 904/616/843 905/617/842
f 903/631/839 901/617/820 905/617/842 907/631/840
f 912/632/820 914/613/819 923/613/843 922/632/842
f 870/425/636 878/429/636 910/633/820 913/634/839 912/632/820 908/635/839
f 878/429/636 876/609/816 911/615/819 910/633/820
f 873/610/816 870/425/636 908/635/839 909/610/818
f 911/615/819 915/614/818 921/614/841 920/615/843
f 914/613/819 912/632/820 913/634/839 915/614/818
f 921/614/841 918/634/844 919/633/842 920/615/843
f 917/610/845 916/635/844 922/632/842 923/613/843
f 913/634/839 910/633/820 919/633/842 918/634/844
f 914/613/819 909/610/818 917/610/845 923/613/843
f 908/635/839 912/632/820 922/632/842 916/635/844
f 915/614/818 913/634/839 918/634/844 921/614/841
f 910/633/820 911/615/819 920/615/843 919/633/842
f 909/610/818 908/635/839 916/635/844 917/610/845
f 704/402/593 741/597/662 935/597/587 972/402/588
f 743/537/714 789/442/659 1004/442/602 1016/537/750
f 706/297/743 742/636/761 950/636/771 949/297/595
f 708/567/779 743/537/714 1016/537/750 1025/567/751
f 1009/561/663 996/569/774 1114/569/846 1127/561/847
f 948/529/778 957/569/777 1075/569/848 1066/529/849
f 994/582/850 1008/432/851 1126/432/852 1112/582/853
f 955/432/673 956/582/672 1074/582/854 1073/432/855
f 1044/637/747 1042/408/608 1160/408/856 1162/637/857
f 995/398/588 1007/399/587 1125/399/858 1113/398/859
f 936/399/808 954/398/860 1072/398/846 1054/399/861
f 1041/409/607 1043/418/748 1161/418/862 1159/409/863
f 1006/544/757 1005/543/677 1123/543/864 1124/544/865
f 952/543/866 953/544/867 1071/544/868 1070/543/869
f 1043/418/748 1044/637/747 1162/637/857 1161/418/862
f 1001/297/870 985/406/775 1103/406/871 1119/297/872
f 943/433/751 951/442/750 1069/442/873 1061/433/864
f 856/543/752 859/544/756 953/544/867 952/543/866
f 846/396/581 842/394/581 958/394/584 960/396/598
f 844/395/582 849/397/582 961/397/604 959/395/583
f 834/579/795 737/460/671 962/460/874 963/579/875
f 804/399/586 802/398/585 954/398/860 936/399/808
f 735/407/603 854/467/675 968/467/757 967/407/807
f 849/397/582 846/396/581 960/396/598 961/397/604
f 837/432/650 839/582/703 956/582/672 955/432/673
f 852/419/621 692/404/597 969/404/676 976/419/677
f 799/554/767 796/403/594 975/403/596 974/554/770
f 702/529/733 806/569/782 957/569/777 948/529/778
f 802/398/585 704/402/593 972/402/588 954/398/860
f 817/422/627 819/453/666 940/453/804 939/422/876
f 854/467/675 852/419/621 976/419/677 968/467/757
f 924/638/694 926/475/682 978/475/684 977/638/877
f 821/423/628 817/422/627 939/422/876 941/423/786
f 690/430/647 856/543/752 952/543/866 944/430/878
f 806/569/782 809/561/773 938/561/785 957/569/777
f 814/449/664 739/454/667 964/454/799 965/449/754
f 859/544/756 927/471/679 945/471/879 953/544/867
f 824/400/589 821/423/628 941/423/786 942/400/787
f 930/427/643 928/431/648 979/431/680 980/427/681
f 700/428/645 812/530/734 973/530/755 971/428/710
f 925/602/812 930/427/643 980/427/681 981/602/880
f 931/420/623 924/638/694 977/638/877 982/420/881
f 929/470/678 925/602/812 981/602/880 983/470/882
f 932/421/624 931/420/623 982/420/881 984/421/683
f 926/475/682 932/421/624 984/421/683 978/475/684
f 928/431/648 929/470/678 983/470/882 979/431/680
f 927/471/679 690/430/647 944/430/878 945/471/879
f 791/406/600 787/433/652 943/433/751 933/406/601
f 736/464/674 694/426/640 946/426/803 947/464/800
f 692/404/597 735/407/603 967/407/807 969/404/676
f 831/549/763 834/579/795 963/579/875 966/549/801
f 787/433/652 789/442/659 951/442/750 943/433/751
f 696/574/792 831/549/763 966/549/801 970/574/802
f 737/460/671 696/574/792 970/574/802 962/460/874
f 740/450/665 702/529/733 948/529/778 937/450/784
f 739/454/667 700/428/645 971/428/710 964/454/799
f 1042/408/608 1041/409/607 1159/409/863 1160/408/856
f 1004/442/602 1003/433/601 1121/433/883 1122/442/884
f 949/297/595 950/636/771 1068/636/885 1067/297/886
f 1002/636/887 1001/297/870 1119/297/872 1120/636/888
f 937/450/784 948/529/778 1066/529/849 1055/450/889
f 999/529/709 1000/450/890 1118/450/891 1117/529/892
f 947/464/800 946/426/803 1064/426/893 1065/464/894
f 997/426/584 998/464/583 1116/464/895 1115/426/896
f 945/471/879 944/430/878 1062/430/897 1063/471/898
f 996/569/774 995/398/588 1113/398/859 1114/569/846
f 933/406/601 943/433/751 1061/433/864 1051/406/899
f 1040/567/607 1037/409/748 1155/409/900 1158/567/863
f 993/460/672 994/582/850 1112/582/853 1111/460/901
f 839/582/703 837/432/650 1008/432/851 994/582/850
f 796/403/594 799/554/767 988/554/771 1027/403/595
f 925/602/812 924/638/694 1029/638/813 1030/602/814
f 819/453/666 817/422/627 989/422/786 990/453/787
f 852/419/621 854/467/675 1015/467/807 1028/419/676
f 809/561/773 806/569/782 996/569/774 1009/561/663
f 690/430/647 927/471/679 1032/471/882 1031/430/680
f 854/467/675 859/544/756 1006/544/757 1015/467/807
f 812/530/734 702/529/733 999/529/709 1010/530/710
f 856/543/752 852/419/621 1028/419/676 1005/543/677
f 804/399/586 809/561/773 1009/561/663 1007/399/587
f 928/431/648 690/430/647 1031/430/680 1033/431/681
f 927/471/679 929/470/678 1034/470/880 1032/471/882
f 806/569/782 802/398/585 995/398/588 996/569/774
f 739/454/667 819/453/666 990/453/787 1017/454/804
f 930/427/643 925/602/812 1030/602/814 1035/427/902
f 740/450/665 814/449/664 1026/449/799 1000/450/890
f 924/638/694 931/420/623 1036/420/903 1029/638/813
f 931/420/623 930/427/643 1035/427/902 1036/420/903
f 827/548/762 829/573/790 991/573/904 1018/548/797
f 817/422/627 700/428/645 1023/428/876 989/422/786
f 829/573/790 834/579/795 992/579/905 991/573/904
f 831/549/763 827/548/762 1018/548/797 1019/549/798
f 794/405/599 742/636/761 1002/636/887 986/405/758
f 929/470/678 928/431/648 1033/431/681 1034/470/880
f 694/426/640 736/464/674 998/464/583 997/426/584
f 735/407/603 692/404/597 1021/404/598 1020/407/604
f 737/460/671 839/582/703 994/582/850 993/460/672
f 834/579/795 831/549/763 1019/549/798 992/579/905
f 789/442/659 787/433/652 1003/433/601 1004/442/602
f 696/574/792 737/460/671 993/460/672 1022/574/673
f 706/297/743 791/406/600 985/406/775 1001/297/870
f 702/529/733 740/450/665 1000/450/890 999/529/709
f 700/428/645 739/454/667 1017/454/804 1023/428/876
f 799/554/767 741/597/662 987/597/770 988/554/771
f 837/432/650 696/574/792 1022/574/673 1008/432/851
f 742/636/761 706/297/743 1001/297/870 1002/636/887
f 787/433/652 708/567/779 1025/567/751 1003/433/601
f 741/597/662 704/402/593 1024/402/596 987/597/770
f 942/400/787 941/423/786 1059/423/906 1060/400/907
f 743/537/714 708/567/779 1040/567/607 1039/537/608
f 708/567/779 782/409/606 1037/409/748 1040/567/607
f 784/408/605 743/537/714 1039/537/608 1038/408/747
f 1039/537/608 1040/567/607 1158/567/863 1157/537/856
f 744/637/908 784/408/605 1042/408/608 1044/637/747
f 710/418/618 744/637/908 1044/637/747 1043/418/748
f 782/409/606 710/418/618 1043/418/748 1041/409/607
f 991/573/904 992/579/905 1110/579/909 1109/573/910
f 941/423/786 939/422/876 1057/422/911 1059/423/906
f 698/269/631 821/423/628 1045/423/705 1047/269/706
f 829/573/790 827/548/762 1049/548/791 1050/573/912
f 827/548/762 698/269/631 1047/269/706 1049/548/791
f 738/401/590 829/573/790 1050/573/912 1048/401/591
f 1086/467/873 1094/419/864 1087/404/913 1085/407/914
f 1054/399/861 1072/398/846 1090/402/859 1053/597/858
f 1052/405/915 1051/406/899 1061/433/864 1069/442/873
f 1092/554/916 1093/403/917 1067/564/886 1068/557/885
f 1055/450/889 1066/529/849 1075/569/848 1056/561/918
f 1082/454/919 1089/428/920 1091/530/892 1083/449/891
f 1060/400/907 1059/423/906 1057/422/911 1058/453/921
f 1080/460/922 1088/574/923 1084/549/924 1081/579/925
f 1065/464/894 1064/426/893 1073/432/855 1074/582/854
f 1079/397/926 1078/396/927 1076/394/896 1077/395/895
f 1063/471/898 1062/430/897 1070/543/869 1071/544/868
f 1096/475/928 1102/421/929 1100/420/930 1095/638/931
f 1099/602/885 1098/427/886 1097/431/932 1101/470/933
f 1130/395/926 1129/394/927 1115/426/896 1116/464/895
f 1112/582/853 1126/432/852 1140/574/934 1111/460/901
f 1108/453/935 1107/422/936 1141/428/911 1135/454/921
f 1144/449/937 1128/530/920 1117/529/892 1118/450/891
f 1122/442/884 1121/433/883 1143/567/864 1134/537/865
f 1120/636/888 1119/297/872 1103/406/871 1104/405/938
f 1105/597/916 1142/402/917 1145/403/939 1106/554/940
f 1127/561/847 1114/569/846 1113/398/859 1125/399/858
f 1110/579/909 1137/549/941 1136/548/942 1109/573/910
f 1138/407/943 1139/404/944 1131/396/896 1132/397/895
f 1124/544/865 1123/543/864 1146/419/913 1133/467/945
f 1152/470/885 1151/431/886 1149/430/932 1150/471/933
f 1147/638/946 1154/420/947 1153/427/948 1148/602/949
f 1157/537/856 1158/567/863 1155/409/900 1156/408/950
f 1160/408/856 1159/409/863 1161/418/862 1162/637/857
f 1168/573/951 1167/548/952 1165/269/706 1166/401/591
f 1166/401/591 1165/269/706 1163/423/953 1164/400/954
f 957/569/777 938/561/785 1056/561/918 1075/569/848
f 1010/530/710 999/529/709 1117/529/892 1128/530/920
f 946/426/803 955/432/673 1073/432/855 1064/426/893
f 1011/394/598 997/426/584 1115/426/896 1129/394/927
f 958/394/584 959/395/583 1077/395/895 1076/394/896
f 1012/395/604 1011/394/598 1129/394/927 1130/395/926
f 1045/423/705 1046/400/592 1164/400/954 1163/423/953
f 960/396/598 958/394/584 1076/394/896 1078/396/927
f 1013/396/584 1014/397/583 1132/397/895 1131/396/896
f 961/397/604 960/396/598 1078/396/927 1079/397/926
f 1015/467/807 1006/544/757 1124/544/865 1133/467/945
f 1047/269/706 1045/423/705 1163/423/953 1165/269/706
f 944/430/878 952/543/866 1070/543/869 1062/430/897
f 986/405/758 1002/636/887 1120/636/888 1104/405/938
f 1046/400/592 1048/401/591 1166/401/591 1164/400/954
f 963/579/875 962/460/874 1080/460/922 1081/579/925
f 1016/537/750 1004/442/602 1122/442/884 1134/537/865
f 1049/548/791 1047/269/706 1165/269/706 1167/548/952
f 965/449/754 964/454/799 1082/454/919 1083/449/891
f 1017/454/804 990/453/787 1108/453/935 1135/454/921
f 1048/401/591 1050/573/912 1168/573/951 1166/401/591
f 966/549/801 963/579/875 1081/579/925 1084/549/924
f 1018/548/797 991/573/904 1109/573/910 1136/548/942
f 1050/573/912 1049/548/791 1167/548/952 1168/573/951
f 940/453/804 942/400/787 1060/400/907 1058/453/921
f 1019/549/798 1018/548/797 1136/548/942 1137/549/941
f 967/407/807 968/467/757 1086/467/873 1085/407/914
f 992/579/905 1019/549/798 1137/549/941 1110/579/909
f 969/404/676 967/407/807 1085/407/914 1087/404/913
f 1014/397/583 1020/407/604 1138/407/943 1132/397/895
f 962/460/874 970/574/802 1088/574/923 1080/460/922
f 1020/407/604 1021/404/598 1139/404/944 1138/407/943
f 964/454/799 971/428/710 1089/428/920 1082/454/919
f 1022/574/673 993/460/672 1111/460/901 1140/574/934
f 972/402/588 935/597/587 1053/597/858 1090/402/859
f 1023/428/876 1017/454/804 1135/454/921 1141/428/911
f 973/530/755 965/449/754 1083/449/891 1091/530/892
f 987/597/770 1024/402/596 1142/402/917 1105/597/916
f 953/544/867 945/471/879 1063/471/898 1071/544/868
f 1025/567/751 1016/537/750 1134/537/865 1143/567/864
f 951/442/750 934/405/602 1052/405/915 1069/442/873
f 1026/449/799 1010/530/710 1128/530/920 1144/449/937
f 950/557/771 974/554/770 1092/554/916 1068/557/885
f 1003/433/601 1025/567/751 1143/567/864 1121/433/883
f 974/554/770 975/403/596 1093/403/917 1092/554/916
f 1024/402/596 1027/403/595 1145/403/939 1142/402/917
f 954/398/860 972/402/588 1090/402/859 1072/398/846
f 1027/403/595 988/554/771 1106/554/940 1145/403/939
f 971/428/710 973/530/755 1091/530/892 1089/428/920
f 1007/399/587 1009/561/663 1127/561/847 1125/399/858
f 970/574/802 966/549/801 1084/549/924 1088/574/923
f 1000/450/890 1026/449/799 1144/449/937 1118/450/891
f 956/582/672 947/464/800 1065/464/894 1074/582/854
f 989/422/786 1023/428/876 1141/428/911 1107/422/936
f 959/395/583 961/397/604 1079/397/926 1077/395/895
f 1008/432/851 1022/574/673 1140/574/934 1126/432/852
f 976/419/677 969/404/676 1087/404/913 1094/419/864
f 998/464/583 1012/395/604 1130/395/926 1116/464/895
f 968/467/757 976/419/677 1094/419/864 1086/467/873
f 1021/404/598 1013/396/584 1131/396/896 1139/404/944
f 977/638/877 978/475/684 1096/475/928 1095/638/931
f 1028/419/676 1015/467/807 1133/467/945 1146/419/913
f 980/427/681 979/431/680 1097/431/932 1098/427/886
f 1005/543/677 1028/419/676 1146/419/913 1123/543/864
f 981/602/880 980/427/681 1098/427/886 1099/602/885
f 1030/602/814 1029/638/813 1147/638/946 1148/602/949
f 982/420/881 977/638/877 1095/638/931 1100/420/930
f 1031/430/680 1032/471/882 1150/471/933 1149/430/932
f 983/470/882 981/602/880 1099/602/885 1101/470/933
f 1033/431/681 1031/430/680 1149/430/932 1151/431/886
f 984/421/683 982/420/881 1100/420/930 1102/421/929
f 1032/471/882 1034/470/880 1152/470/885 1150/471/933
f 978/475/684 984/421/683 1102/421/929 1096/475/928
f 1035/427/902 1030/602/814 1148/602/949 1153/427/948
f 979/431/680 983/470/882 1101/470/933 1097/431/932
f 1029/638/813 1036/420/903 1154/420/947 1147/638/946
f 975/403/596 949/564/595 1067/564/886 1093/403/917
f 1036/420/903 1035/427/902 1153/427/948 1154/420/947
f 934/405/602 933/406/601 1051/406/899 1052/405/915
f 1034/470/880 1033/431/681 1151/431/886 1152/470/885
f 935/597/587 936/399/808 1054/399/861 1053/597/858
f 985/406/775 986/405/758 1104/405/938 1103/406/871
f 938/561/785 937/450/784 1055/450/889 1056/561/918
f 988/554/771 987/597/770 1105/597/916 1106/554/940
f 1037/409/748 1038/408/747 1156/408/950 1155/409/900
f 939/422/876 940/453/804 1058/453/921 1057/422/911
f 990/453/787 989/422/786 1107/422/936 1108/453/935
f 1038/408/747 1039/537/608 1157/537/856 1156/408/950
f 1200/637/955 1198/639/956 1230/639/957 1233/637/958
f 745/414/614 712/410/610 1172/640/721 1169/415/615
f 712/410/610 714/572/788 1171/641/959 1172/640/721
f 714/572/788 746/413/613 1170/416/616 1171/641/959
f 1185/531/737 1186/639/960 1218/639/961 1217/531/962
f 713/642/963 711/521/720 1176/523/615 1173/643/616
f 762/434/614 763/435/613 1174/644/959 1175/522/721
f 763/435/613 713/642/963 1173/643/616 1174/644/959
f 1179/645/964 1180/520/719 1212/520/965 1211/645/853
f 762/434/614 711/521/720 1179/645/964 1177/646/611
f 711/521/720 772/518/718 1180/520/719 1179/645/964
f 776/436/654 762/434/614 1177/646/611 1178/519/612
f 1194/535/741 1200/637/955 1233/637/958 1226/535/966
f 775/437/655 773/120/609 1183/412/612 1182/647/719
f 712/410/610 745/414/614 1181/648/964 1184/411/611
f 745/414/614 775/437/655 1182/647/719 1181/648/964
f 1177/646/611 1179/645/964 1211/645/853 1209/646/852
f 775/437/655 780/639/967 1186/639/960 1185/531/737
f 780/639/967 777/417/617 1188/417/968 1186/639/960
f 777/417/617 773/120/609 1187/532/738 1188/417/968
f 1169/415/615 1172/640/721 1204/640/969 1201/415/970
f 744/637/908 710/418/618 1189/534/740 1190/649/971
f 780/639/967 744/637/908 1190/649/971 1192/639/972
f 777/417/617 780/639/967 1192/639/972 1191/533/739
f 1192/639/972 1190/649/971 1222/649/973 1224/639/974
f 1178/519/612 1177/646/611 1209/646/852 1210/519/975
f 1196/526/728 1199/536/742 1232/536/976 1228/526/977
f 1172/640/721 1171/641/959 1203/641/941 1204/640/969
f 744/637/908 780/639/967 1198/639/956 1200/637/955
f 761/438/656 744/637/908 1200/637/955 1194/535/741
f 772/518/718 779/528/730 1197/528/732 1199/536/742
f 780/639/967 775/437/655 1195/527/729 1198/639/956
f 1201/415/970 1204/640/969 1203/641/941 1202/416/909
f 1208/523/978 1207/522/969 1206/644/941 1205/643/909
f 1212/520/965 1210/519/975 1209/646/852 1211/645/853
f 1214/647/965 1215/412/975 1216/411/852 1213/648/853
f 1218/639/961 1220/417/979 1219/532/980 1217/531/962
f 1222/649/973 1221/534/981 1223/533/982 1224/639/974
f 1229/528/983 1231/650/984 1228/526/977 1232/536/976
f 1231/650/984 1230/639/957 1227/527/985 1228/526/977
f 1226/535/966 1233/637/958 1230/639/957 1231/650/984
f 1225/517/986 1226/535/966 1231/650/984 1229/528/983
f 1180/520/719 1178/519/612 1210/519/975 1212/520/965
f 1187/532/738 1185/531/737 1217/531/962 1219/532/980
f 1188/417/968 1187/532/738 1219/532/980 1220/417/979
f 1193/517/731 1194/535/741 1226/535/966 1225/517/986
f 1174/644/959 1173/643/616 1205/643/909 1206/644/941
f 1186/639/960 1188/417/968 1220/417/979 1218/639/961
f 1195/527/729 1196/526/728 1228/526/977 1227/527/985
f 1175/522/721 1174/644/959 1206/644/941 1207/522/969
f 1197/528/732 1193/517/731 1225/517/986 1229/528/983
f 1176/523/615 1175/522/721 1207/522/969 1208/523/978
f 1181/648/964 1182/647/719 1214/647/965 1213/648/853
f 1198/639/956 1195/527/729 1227/527/985 1230/639/957
f 1173/643/616 1176/523/615 1208/523/978 1205/643/909
f 1182/647/719 1183/412/612 1215/412/975 1214/647/965
f 1184/411/611 1181/648/964 1213/648/853 1216/411/852
f 1199/536/742 1197/528/732 1229/528/983 1232/536/976
f 1190/649/971 1189/534/740 1221/534/981 1222/649/973
f 1170/416/616 1169/415/615 1201/415/970 1202/416/909
f 1183/412/612 1184/411/611 1216/411/852 1215/412/975
f 1189/534/740 1191/533/739 1223/533/982 1221/534/981
f 1171/641/959 1170/416/616 1202/416/909 1203/641/941
f 1191/533/739 1192/639/972 1224/639/974 1223/533/982
f 1360/476/683 1358/651/881 1458/651/987 1460/476/988
f 784/408/605 744/637/908 1237/652/989 1236/653/990
f 744/637/908 761/438/656 1234/438/658 1237/652/989
f 785/439/605 784/408/605 1236/653/990 1235/440/657
f 1309/654/904 1307/655/905 1407/655/909 1409/654/910
f 784/408/605 785/439/605 1239/439/991 1241/538/745
f 785/439/605 760/514/714 1238/514/992 1239/439/991
f 760/514/714 743/537/714 1240/539/746 1238/514/992
f 1361/477/684 1360/476/683 1460/476/988 1461/477/928
f 789/442/659 743/537/714 1244/656/993 1242/443/660
f 760/514/714 790/441/659 1243/444/661 1245/514/994
f 743/537/714 760/514/714 1245/514/994 1244/656/993
f 1306/581/798 1308/580/797 1408/580/942 1406/581/995
f 794/405/599 789/442/659 1248/542/751 1249/657/601
f 795/541/599 794/405/599 1249/657/601 1247/658/602
f 790/441/659 795/541/599 1247/658/602 1246/441/750
f 1255/552/996 1257/556/769 1385/556/997 1383/552/998
f 742/636/761 794/405/599 1252/546/759 1250/659/870
f 759/552/761 742/557/761 1250/660/870 1251/661/887
f 795/541/599 759/547/761 1251/662/887 1253/545/758
f 1358/651/881 1359/663/877 1459/663/999 1458/651/987
f 799/554/767 742/557/761 1254/664/1000 1256/555/768
f 742/557/761 759/552/761 1255/552/996 1254/664/1000
f 759/552/761 800/551/767 1257/556/769 1255/552/996
f 1308/580/797 1309/654/904 1409/654/910 1408/580/942
f 741/597/662 799/554/767 1260/665/595 1258/666/596
f 799/554/767 800/551/767 1261/551/771 1260/665/595
f 758/445/662 741/597/662 1258/666/596 1259/558/770
f 1256/555/768 1254/664/1000 1382/664/1001 1384/555/1002
f 741/597/662 758/445/662 1262/445/587 1264/667/588
f 804/399/586 741/597/662 1264/667/588 1265/668/774
f 805/446/586 804/399/586 1265/668/774 1263/447/663
f 1307/655/905 1306/581/798 1406/581/995 1407/655/909
f 805/446/586 810/560/773 1267/669/663 1268/446/587
f 810/560/773 809/561/773 1266/563/774 1267/669/663
f 804/399/586 805/446/586 1268/446/587 1269/562/588
f 1257/556/769 1256/555/768 1384/555/1002 1385/556/997
f 811/568/781 815/448/664 1273/510/710 1272/670/799
f 757/451/665 701/671/1003 1270/672/890 1271/509/709
f 701/671/1003 811/568/781 1272/670/799 1270/672/890
f 1333/591/598 1332/673/584 1432/673/896 1433/591/927
f 824/400/589 819/453/666 1274/674/876 1276/570/786
f 820/452/666 825/456/589 1277/571/787 1275/675/804
f 819/453/666 820/452/666 1275/675/804 1274/674/876
f 1283/676/1004 1280/671/1005 1286/671/1006 1289/676/1007
f 1281/451/1008 1282/450/778 1288/450/849 1287/451/1008
f 810/560/773 808/559/772 1283/676/1004 1279/565/776
f 701/671/1003 757/451/665 1281/451/1008 1280/671/1005
f 808/559/772 701/671/1003 1280/671/1005 1283/676/1004
f 757/451/665 740/450/665 1282/450/778 1281/451/1008
f 1287/451/1008 1288/450/849 1284/566/1009 1285/565/776
f 1286/671/1006 1287/451/1008 1285/565/776 1289/676/1007
f 1280/671/1005 1281/451/1008 1287/451/1008 1286/671/1006
f 1279/565/776 1283/676/1004 1289/676/1007 1285/565/776
f 1282/450/778 1278/566/777 1284/566/1009 1288/450/849
f 1278/566/777 1279/565/776 1285/565/776 1284/566/1009
f 1297/506/705 1291/459/670 1299/459/1010 1305/506/953
f 1292/458/669 1290/281/1011 755/281/591 1300/458/954
f 1295/577/1012 1294/573/791 1302/573/952 1303/577/1012
f 1296/401/706 1297/506/705 1305/506/953 1304/401/706
f 826/578/796 830/577/790 1295/577/1012 1293/578/1013
f 830/577/790 829/573/790 1294/573/791 1295/577/1012
f 697/281/1014 826/578/796 1293/578/1013 1290/281/1011
f 823/457/668 697/281/1014 1290/281/1011 1292/458/669
f 1303/577/1012 1302/573/952 1304/401/706 1298/677/590
f 1301/578/951 1303/577/1012 1298/677/590 755/281/591
f 1298/677/590 1304/401/706 1305/506/953 1299/459/1010
f 755/281/591 1298/677/590 1299/459/1010 1300/458/954
f 1291/459/670 1292/458/669 1300/458/954 1299/459/1010
f 1294/573/791 1296/401/706 1304/401/706 1302/573/952
f 1290/281/1011 1293/578/1013 1301/578/951 755/281/591
f 1293/578/1013 1295/577/1012 1303/577/1012 1301/578/951
f 1254/664/1000 1255/552/996 1383/552/998 1382/664/1001
f 829/573/790 830/577/790 1309/654/904 1308/580/797
f 830/577/790 835/576/795 1307/655/905 1309/654/904
f 835/576/795 834/579/795 1306/581/798 1307/655/905
f 1330/592/604 1333/591/598 1433/591/927 1430/592/943
f 754/461/671 737/460/671 1312/584/802 1313/678/874
f 834/579/795 835/576/795 1311/679/875 1310/583/801
f 835/576/795 754/461/671 1313/678/874 1311/679/875
f 1332/673/584 1331/680/583 1431/680/895 1432/673/896
f 840/504/703 839/582/703 1316/681/803 1317/682/850
f 839/582/703 737/460/671 1314/463/673 1316/681/803
f 754/461/671 840/504/703 1317/682/850 1315/462/672
f 1331/680/583 1330/592/604 1430/592/943 1431/680/895
f 753/501/674 736/464/674 1321/586/803 1318/683/800
f 840/504/703 753/501/674 1318/683/800 1319/684/672
f 839/582/703 840/504/703 1319/684/672 1320/585/673
f 1356/685/902 1357/606/814 1457/606/1015 1456/685/1016
f 736/464/674 753/501/674 1322/686/583 1324/465/584
f 753/501/674 845/500/582 1323/687/604 1322/686/583
f 845/500/582 844/395/582 1325/466/598 1323/687/604
f 1357/606/814 1355/605/813 1455/605/946 1457/606/1015
f 849/397/582 844/395/582 1329/688/584 1328/689/598
f 844/395/582 845/500/582 1326/590/583 1329/688/584
f 850/588/582 849/397/582 1328/689/598 1327/589/604
f 1354/690/903 1356/685/902 1456/685/1016 1454/690/947
f 735/407/603 849/397/582 1332/673/584 1333/591/598
f 849/397/582 850/588/582 1331/680/583 1332/673/584
f 850/588/582 752/497/603 1330/592/604 1331/680/583
f 1252/546/759 1253/545/758 1381/545/1017 1380/546/1018
f 735/407/603 752/497/603 1337/691/807 1336/468/676
f 752/497/603 855/496/675 1335/692/757 1337/691/807
f 855/496/675 854/467/675 1334/469/677 1335/692/757
f 1355/605/813 1354/690/903 1454/690/947 1455/605/946
f 859/544/756 854/467/675 1340/693/676 1338/694/677
f 854/467/675 855/496/675 1341/596/807 1340/693/676
f 860/594/756 859/544/756 1338/694/677 1339/595/757
f 1253/545/758 1251/662/887 1379/662/1019 1381/545/1017
f 927/471/679 859/544/756 1342/599/810 1345/695/1020
f 751/493/679 927/471/679 1345/695/1020 1344/696/1021
f 860/594/756 751/493/679 1344/696/1021 1343/598/809
f 1250/659/870 1252/546/759 1380/546/1018 1378/659/1022
f 751/493/679 863/492/678 1349/697/880 1347/698/882
f 927/471/679 751/493/679 1347/698/882 1346/472/680
f 863/492/678 929/470/678 1348/473/681 1349/697/880
f 1328/689/598 1329/688/584 1429/688/896 1428/689/927
f 863/492/678 866/601/812 1351/699/880 1350/700/882
f 929/470/678 863/492/678 1350/700/882 1353/603/680
f 866/601/812 925/602/812 1352/604/681 1351/699/880
f 1251/661/887 1250/660/870 1378/660/1022 1379/661/1019
f 924/638/694 925/602/812 1356/685/902 1354/690/903
f 750/489/694 924/638/694 1354/690/903 1355/605/813
f 925/602/812 866/601/812 1357/606/814 1356/685/902
f 1329/688/584 1326/590/583 1426/590/895 1429/688/896
f 924/638/694 750/489/694 1359/663/877 1358/651/881
f 750/489/694 869/474/682 1361/477/684 1359/663/877
f 926/475/682 924/638/694 1358/651/881 1360/476/683
f 1363/440/1023 1364/653/1024 1365/652/1025 1362/438/1026
f 1366/514/1027 1368/539/1028 1369/538/1029 1367/439/1030
f 1371/444/1031 1370/443/1032 1372/656/1033 1373/514/1034
f 1375/658/884 1377/657/883 1376/542/1035 1374/441/865
f 1379/662/1019 1378/659/1022 1380/546/1018 1381/545/1017
f 1385/556/997 1384/555/1002 1382/664/1001 1383/552/998
f 1387/558/1036 1386/666/1037 1388/665/886 1389/551/885
f 1391/447/861 1393/668/1038 1392/667/859 1390/445/858
f 1395/669/861 1394/563/846 1397/562/859 1396/446/858
f 1400/670/919 1401/510/920 1399/509/892 1398/672/1039
f 1405/571/935 1404/570/936 1402/674/1040 1403/675/1041
f 1407/655/909 1406/581/995 1408/580/942 1409/654/910
f 1413/678/1042 1412/584/1043 1410/583/924 1411/679/925
f 1417/682/894 1416/681/893 1414/463/934 1415/462/901
f 1418/683/894 1421/586/893 1420/585/934 1419/684/901
f 1423/687/943 1425/466/944 1424/465/896 1422/686/895
f 1427/589/926 1428/689/927 1429/688/896 1426/590/895
f 1430/592/943 1433/591/927 1432/673/896 1431/680/895
f 1435/692/865 1434/469/864 1436/468/913 1437/691/945
f 1439/595/865 1438/694/864 1440/693/1044 1441/596/914
f 1444/696/1045 1445/695/1046 1442/599/1047 1443/598/1048
f 1449/697/940 1448/473/886 1446/472/932 1447/698/933
f 1451/699/885 1452/604/886 1453/603/932 1450/700/933
f 1455/605/946 1454/690/947 1456/685/1016 1457/606/1015
f 1461/477/928 1460/476/988 1458/651/987 1459/663/999
f 1359/663/877 1361/477/684 1461/477/928 1459/663/999
f 1335/692/757 1334/469/677 1434/469/864 1435/692/865
f 1336/468/676 1337/691/807 1437/691/945 1436/468/913
f 1334/469/677 1336/468/676 1436/468/913 1434/469/864
f 1259/558/770 1258/666/596 1386/666/1037 1387/558/1036
f 1337/691/807 1335/692/757 1435/692/865 1437/691/945
f 1258/666/596 1260/665/595 1388/665/886 1386/666/1037
f 1310/583/801 1311/679/875 1411/679/925 1410/583/924
f 1260/665/595 1261/551/771 1389/551/885 1388/665/886
f 1313/678/874 1312/584/802 1412/584/1043 1413/678/1042
f 1261/551/771 1259/558/770 1387/558/1036 1389/551/885
f 1312/584/802 1310/583/801 1410/583/924 1412/584/1043
f 1234/438/658 1235/440/657 1363/440/1023 1362/438/1026
f 1311/679/875 1313/678/874 1413/678/1042 1411/679/925
f 1235/440/657 1236/653/990 1364/653/1024 1363/440/1023
f 1237/652/989 1234/438/658 1362/438/1026 1365/652/1025
f 1339/595/757 1338/694/677 1438/694/864 1439/595/865
f 1236/653/990 1237/652/989 1365/652/1025 1364/653/1024
f 1340/693/676 1341/596/807 1441/596/914 1440/693/1044
f 1338/694/677 1340/693/676 1440/693/1044 1438/694/864
f 1262/445/587 1263/447/663 1391/447/861 1390/445/858
f 1341/596/807 1339/595/757 1439/595/865 1441/596/914
f 1264/667/588 1262/445/587 1390/445/858 1392/667/859
f 1314/463/673 1315/462/672 1415/462/901 1414/463/934
f 1265/668/774 1264/667/588 1392/667/859 1393/668/1038
f 1316/681/803 1314/463/673 1414/463/934 1416/681/893
f 1263/447/663 1265/668/774 1393/668/1038 1391/447/861
f 1315/462/672 1317/682/850 1417/682/894 1415/462/901
f 1239/439/991 1238/514/992 1366/514/1027 1367/439/1030
f 1317/682/850 1316/681/803 1416/681/893 1417/682/894
f 1238/514/992 1240/539/746 1368/539/1028 1366/514/1027
f 1240/539/746 1241/538/745 1369/538/1029 1368/539/1028
f 1342/599/810 1343/598/809 1443/598/1048 1442/599/1047
f 1241/538/745 1239/439/991 1367/439/1030 1369/538/1029
f 1343/598/809 1344/696/1021 1444/696/1045 1443/598/1048
f 1344/696/1021 1345/695/1020 1445/695/1046 1444/696/1045
f 1267/669/663 1266/563/774 1394/563/846 1395/669/861
f 1345/695/1020 1342/599/810 1442/599/1047 1445/695/1046
f 1268/446/587 1267/669/663 1395/669/861 1396/446/858
f 1319/684/672 1318/683/800 1418/683/894 1419/684/901
f 1269/562/588 1268/446/587 1396/446/858 1397/562/859
f 1320/585/673 1319/684/672 1419/684/901 1420/585/934
f 1266/563/774 1269/562/588 1397/562/859 1394/563/846
f 1318/683/800 1321/586/803 1421/586/893 1418/683/894
f 1243/444/661 1242/443/660 1370/443/1032 1371/444/1031
f 1321/586/803 1320/585/673 1420/585/934 1421/586/893
f 1244/656/993 1245/514/994 1373/514/1034 1372/656/1033
f 1242/443/660 1244/656/993 1372/656/1033 1370/443/1032
f 1346/472/680 1347/698/882 1447/698/933 1446/472/932
f 1245/514/994 1243/444/661 1371/444/1031 1373/514/1034
f 1348/473/681 1346/472/680 1446/472/932 1448/473/886
f 1347/698/882 1349/697/880 1449/697/940 1447/698/933
f 1271/509/709 1270/672/890 1398/672/1039 1399/509/892
f 1349/697/880 1348/473/681 1448/473/886 1449/697/940
f 1270/672/890 1272/670/799 1400/670/919 1398/672/1039
f 1322/686/583 1323/687/604 1423/687/943 1422/686/895
f 1273/510/710 1271/509/709 1399/509/892 1401/510/920
f 1324/465/584 1322/686/583 1422/686/895 1424/465/896
f 1272/670/799 1273/510/710 1401/510/920 1400/670/919
f 1325/466/598 1324/465/584 1424/465/896 1425/466/944
f 1246/441/750 1247/658/602 1375/658/884 1374/441/865
f 1323/687/604 1325/466/598 1425/466/944 1423/687/943
f 1248/542/751 1246/441/750 1374/441/865 1376/542/1035
f 1247/658/602 1249/657/601 1377/657/883 1375/658/884
f 1350/700/882 1351/699/880 1451/699/885 1450/700/933
f 1249/657/601 1248/542/751 1376/542/1035 1377/657/883
f 1351/699/880 1352/604/681 1452/604/886 1451/699/885
f 1353/603/680 1350/700/882 1450/700/933 1453/603/932
f 1274/674/876 1275/675/804 1403/675/1041 1402/674/1040
f 1352/604/681 1353/603/680 1453/603/932 1452/604/886
f 1276/570/786 1274/674/876 1402/674/1040 1404/570/936
f 1326/590/583 1327/589/604 1427/589/926 1426/590/895
f 1275/675/804 1277/571/787 1405/571/935 1403/675/1041
f 1327/589/604 1328/689/598 1428/689/927 1427/589/926
f 1277/571/787 1276/570/786 1404/570/936 1405/571/935
f 1463/417/620 1482/418/619 1511/418/1049 862/417/1050
f 1462/423/629 1479/269/632 1507/269/1051 879/423/1052
f 1468/530/735 1494/428/646 1534/428/1053 774/530/1054
f 1466/422/630 1462/423/629 879/423/1052 803/422/1055
f 1487/390/637 1488/385/635 1526/385/1056 1525/390/1057
f 1483/548/765 1490/549/764 1529/549/1058 1518/548/1059
f 1501/421/625 1474/429/636 719/429/1060 1543/421/1061
f 1495/402/642 1469/398/817 726/398/1062 1535/402/1063
f 1473/425/636 1487/390/637 1525/390/1057 720/425/1064
f 1497/419/621 1486/543/753 1524/543/1065 1539/419/1066
f 1480/529/736 1468/530/735 774/530/1054 1508/529/1067
f 1486/543/753 1477/430/649 1504/430/1068 1524/543/1065
f 1465/403/594 1495/402/642 1535/402/1063 813/403/1069
f 1474/429/636 1473/425/636 720/425/1064 719/429/1060
f 1492/404/622 1497/419/621 1539/419/1066 1532/404/1070
f 1470/569/783 1480/529/736 1508/529/1067 725/569/1071
f 1496/567/780 1471/433/652 722/433/1072 1537/567/1073
f 1471/433/652 1472/406/653 721/406/1074 722/433/1072
f 1485/396/581 1492/404/622 1532/404/1070 1521/396/1075
f 1464/409/805 1496/567/780 1537/567/1073 832/409/1076
f 1484/394/581 1485/396/581 1521/396/1075 1519/394/1077
f 1476/572/789 1491/410/639 1531/410/1078 715/572/1079
f 1477/430/649 1498/431/648 1540/431/1080 1504/430/1068
f 1469/398/817 1470/569/783 725/569/1071 726/398/1062
f 1493/574/793 1467/432/651 783/432/1081 1533/574/1082
f 1481/564/744 1465/403/594 813/403/1069 1510/564/1083
f 1478/426/641 1484/394/581 1519/394/1077 1505/426/1084
f 1489/120/638 1463/417/620 862/417/1050 1527/120/1085
f 1500/420/626 1501/421/625 1543/421/1061 1542/420/1086
f 1491/410/639 1489/120/638 1527/120/1085 1531/410/1078
f 1472/406/653 1481/297/744 1510/297/1083 721/406/1074
f 1467/432/651 1478/426/641 1505/426/1084 783/432/1081
f 1490/549/764 1493/574/793 1533/574/1082 1529/549/1058
f 1488/385/635 1475/424/634 716/424/1087 1526/385/1056
f 1499/427/644 1500/420/626 1542/420/1086 1541/427/1088
f 1498/431/648 1499/427/644 1541/427/1088 1540/431/1080
f 1479/269/632 1483/548/765 1518/548/1059 1507/269/1051
f 1494/428/646 1466/422/630 803/422/1055 1534/428/1053
f 1482/418/619 1464/409/805 832/409/1076 1511/418/1049
f 1524/543/1065 1504/430/1068 728/268/1089 729/543/1090
f 774/530/1054 1534/428/1053 1517/701/1091 731/702/1092
f 862/417/1050 1511/418/1049 1512/703/1093 857/417/1094
f 720/425/1064 1525/390/1057 1503/704/1095 724/705/1096
f 1529/549/1058 1533/574/1082 843/706/1097 838/549/1098
f 721/406/1074 1510/297/1083 822/297/1099 818/707/1100
f 1526/385/1056 716/424/1087 868/424/1101 864/385/1102
f 1521/396/1075 1532/404/1070 1522/404/1103 1523/708/1104
f 725/569/1071 1508/529/1067 1509/709/1105 1516/710/1106
f 715/572/1079 1531/410/1078 1538/410/1107 853/572/1108
f 1541/427/1088 1542/420/1086 718/711/1109 1530/712/1110
f 879/423/1052 1507/269/1051 792/269/1111 871/713/1112
f 832/409/1076 1537/567/1073 1513/714/1113 828/715/1114
f 1525/390/1057 1526/385/1056 864/385/1102 1503/704/1095
f 783/432/1081 1505/426/1084 1506/716/1115 778/717/1116
f 813/403/1069 1535/402/1063 1536/718/1117 807/403/1118
f 1531/410/1078 1527/120/1085 1528/120/1119 1538/410/1107
f 1527/120/1085 862/417/1050 857/417/1094 1528/120/1119
f 1511/418/1049 832/409/1076 828/715/1114 1512/703/1093
f 1537/567/1073 722/433/1072 1514/719/1120 1513/714/1113
f 722/433/1072 721/406/1074 818/707/1100 1514/719/1120
f 1510/564/1083 813/403/1069 807/403/1118 822/564/1099
f 1535/402/1063 726/398/1062 1515/720/1121 1536/718/1117
f 726/398/1062 725/569/1071 1516/710/1106 1515/720/1121
f 1508/529/1067 774/530/1054 731/702/1092 1509/709/1105
f 1534/428/1053 803/422/1055 797/721/1122 1517/701/1091
f 803/422/1055 879/423/1052 871/713/1112 797/721/1122
f 1507/269/1051 1518/548/1059 788/548/1123 792/269/1111
f 1518/548/1059 1529/549/1058 838/549/1098 788/548/1123
f 1533/574/1082 783/432/1081 778/717/1116 843/706/1097
f 1505/426/1084 1519/394/1077 1520/722/1124 1506/716/1115
f 1519/394/1077 1521/396/1075 1523/708/1104 1520/722/1124
f 1532/404/1070 1539/419/1066 730/419/1125 1522/404/1103
f 1539/419/1066 1524/543/1065 729/543/1090 730/419/1125
f 1504/430/1068 1540/431/1080 727/723/1126 728/268/1089
f 1540/431/1080 1541/427/1088 1530/712/1110 727/723/1126
f 1542/420/1086 1543/421/1061 717/724/1127 718/711/1109
f 719/429/1060 720/425/1064 724/705/1096 723/725/1128
f 1543/421/1061 719/429/1060 723/725/1128 717/724/1127
f 709/517/717 779/528/730 772/518/718 711/521/720 713/642/963 680/625/828 683/482/687 686/485/690 872/612/815 875/607/815 867/488/693 688/490/695 865/600/811 861/491/696 689/494/697 858/593/806 851/495/698 691/498/699 848/587/700 841/499/700 693/502/701 836/503/702 695/505/704 833/575/794 826/578/796 697/281/1014 823/457/668 816/507/707 699/508/708 811/568/781 701/671/1003 808/559/772 801/511/711 703/512/712 798/550/766 705/293/760 793/540/749 786/513/713 707/515/715 781/516/716
f 763/435/613 747/480/686 680/625/828 713/642/963
f 747/480/686 763/435/613 746/413/613 732/481/686
f 746/413/613 714/572/788 681/424/633 732/481/686
f 1475/424/634 681/424/633 714/572/788 1476/572/789
f 715/572/1079 716/424/1087 1475/424/634 1476/572/789
f 853/572/1108 868/424/1101 716/424/1087 715/572/1079
f 1648/726/1129 1571/727/1130 1547/728/1131 1636/729/1132
f 1627/730/1133 1549/731/1134 1713/731/1135 1717/732/1136 1718/733/1137 1714/730/1138
f 1625/734/1139 1551/735/1140 1697/735/1141 1701/736/1142 1702/737/1143 1698/734/1144
f 1673/738/1145 1621/739/1146 1682/739/1147 1684/738/1148
f 1674/740/1149 1623/243/1150 1555/741/1151 1640/742/1152
f 1640/742/1152 1555/741/1151 1557/743/1153 1641/744/1154
f 1544/745/1155 1570/746/1156 1546/747/1157 1626/748/1158 1548/749/1159 1624/750/1160 1550/751/1161 1620/752/1162 1552/753/1163 1622/754/1164 1554/755/1165 1556/756/1166 1558/757/1167 1560/758/1168 1634/759/1169 1562/760/1170 1632/761/1171 1564/762/1172 1630/763/1173 1566/764/1174 1628/765/1175 1568/766/1176 1572/767/1177
f 1642/768/1178 1559/769/1179 1561/770/1180 1643/771/1181
f 1680/772/1182 1635/163/1183 1563/773/1184 1644/774/1185
f 1633/775/1186 1565/776/1187 1761/776/1188 1765/777/1189 1766/778/1190 1762/775/1189
f 1567/779/1191 1646/780/1192 1747/780/1193 1745/779/1194
f 1629/781/1195 1569/782/1196 1729/783/1197 1733/784/1198 1734/785/1197 1730/786/1198
f 1544/745/1155 1572/767/1177 1578/767/1199 1574/787/1200
f 1557/743/1153 1555/741/1151 1884/741/1201 1883/743/1202
f 1549/731/1134 1627/730/1133 1875/730/1203 1878/731/1204
f 1579/788/1205 1573/788/1206 1894/788/1207 1897/788/1208
f 1633/775/1186 1563/773/1184 1889/773/1209 1888/775/1210
f 1553/789/1211 1621/739/1146 1879/739/1212 1882/789/1213
f 1623/243/1150 1553/789/1211 1882/789/1213 1881/243/1214
f 1575/790/1215 1579/788/1205 1897/788/1208 1874/790/1215
f 1647/791/1216 1569/782/1196 1573/788/1206 1649/792/1217
f 1652/792/415 1579/788/1205 1591/793/1218 1658/794/1219
f 1576/746/1220 1574/787/1200 1582/787/1221 1586/795/1222 1587/796/1223 1583/797/1224
f 1648/726/1129 1570/798/1156 1576/798/1220 1651/726/244
f 1567/779/1191 1631/799/1225 1890/799/1226 1893/779/1227
f 1570/746/1156 1544/745/1155 1574/787/1200 1576/746/1220
f 1649/792/1217 1573/788/1206 1579/788/1205 1652/792/415
f 1596/800/1228 1590/801/1229 1613/801/1230 1617/800/1231
f 1650/802/241 1575/790/1215 1581/790/1232 1653/802/244
f 1651/726/244 1576/798/1220 1583/803/1224 1654/804/415
f 1575/805/1215 1577/727/1233 1580/806/1234 1584/807/1235 1585/808/1236 1581/805/1232
f 1656/809/1237 1585/808/1236 1584/807/1235 1655/810/1238
f 1662/811/1239 1596/800/1228 1617/800/1231 1672/811/1240
f 1654/804/415 1583/803/1224 1604/803/1241 1664/804/415
f 1574/787/1200 1578/767/1199 1590/801/1229 1596/800/1228 1597/812/1242 1598/813/1243 1599/814/1244 1588/787/1245
f 1579/788/1205 1575/790/1215 1589/790/1234 1592/815/1246 1593/816/1247 1594/817/1248 1595/818/1249 1591/793/1218
f 1650/802/241 1574/787/1200 1588/787/1245 1657/802/415
f 1660/819/1250 1593/816/1247 1592/815/1246 1659/820/1251
f 1586/795/1222 1582/787/1221 1602/787/1252 1607/795/1253
f 1662/811/1239 1595/818/1249 1594/817/1248 1661/821/1254
f 1661/821/1254 1594/817/1248 1616/817/1255 1671/821/1256
f 1665/810/1238 1606/807/1257 1605/806/509 1664/804/415
f 1663/822/244 1601/805/339 1600/808/1258 1666/809/1237
f 1669/820/1251 1614/815/1259 1609/790/503 1667/802/415
f 1671/821/1256 1616/817/1255 1615/816/1260 1670/819/1261
f 1668/794/1262 1612/793/1263 1611/818/1264 1672/811/1240
f 1655/810/1238 1584/807/1235 1606/807/1257 1665/810/1238
f 1656/809/1237 1586/823/1222 1607/823/1253 1666/809/1237
f 1598/813/1243 1597/812/1242 1618/812/1265 1619/813/1266
f 1657/802/415 1588/787/1245 1608/787/1241 1667/802/415
f 1592/815/1246 1589/790/1234 1609/790/503 1614/815/1259
f 1581/805/1232 1585/808/1236 1600/808/1258 1601/805/339
f 1588/787/1245 1599/814/1244 1610/814/1267 1608/787/1241
f 1659/820/1251 1592/815/1246 1614/815/1259 1669/820/1251
f 1584/807/1235 1580/806/1234 1605/806/509 1606/807/1257
f 1653/802/244 1581/790/1232 1601/790/339 1663/802/244
f 1591/793/1218 1595/818/1249 1611/818/1264 1612/793/1263
f 1660/819/1250 1598/813/1243 1619/813/1266 1670/819/1261
f 1594/817/1248 1593/816/1247 1615/816/1260 1616/817/1255
f 1583/797/1224 1587/796/1223 1603/796/1268 1604/797/1241
f 1658/794/1219 1591/793/1218 1612/793/1263 1668/794/1262
f 1547/728/1131 1571/727/1130 1873/727/1269 1876/728/1270
f 1551/735/1140 1621/739/1146 1689/739/1271 1693/824/1272 1694/825/1273 1690/735/1274
f 1639/826/1275 1553/789/1211 1623/243/1150 1674/740/1149
f 1549/731/1134 1625/734/1139 1705/734/1276 1709/827/1277 1710/828/1278 1706/731/1277
f 1635/163/1183 1561/770/1180 1885/770/1279 1887/163/1280
f 1636/729/1132 1547/728/1131 1722/728/1281 1723/729/1282
f 1646/780/1192 1567/779/1191 1738/829/1283 1739/830/1284
f 1551/735/1140 1625/734/1139 1877/734/1285 1880/735/1286
f 1645/831/1287 1565/776/1187 1754/832/1288 1755/833/1289
f 1621/739/1146 1551/735/1140 1880/735/1286 1879/739/1212
f 1563/773/1184 1633/775/1186 1769/775/1290 1773/834/1291 1774/835/1290 1770/773/1291
f 1643/771/1181 1561/770/1180 1635/163/1183 1680/772/1182
f 1560/758/1168 1643/771/1181 1680/772/1182 1634/759/1169
f 1562/760/1170 1644/774/1185 1679/836/1292 1632/761/1171
f 1564/762/1172 1645/831/1287 1678/837/1293 1630/763/1173
f 1566/764/1174 1646/780/1192 1677/838/1294 1628/765/1175
f 1546/747/1157 1636/729/1132 1676/839/1295 1626/748/1158
f 1548/749/1159 1637/840/1296 1675/841/1297 1624/750/1160
f 1552/753/1163 1639/826/1275 1674/740/1149 1622/754/1164
f 1550/751/1161 1638/842/1298 1673/738/1145 1620/752/1162
f 1590/801/1229 1658/794/1219 1668/794/1262 1613/801/1230
f 1593/816/1247 1660/819/1250 1670/819/1261 1615/816/1260
f 1582/787/1221 1653/802/244 1663/802/244 1602/787/1252
f 1599/814/1244 1659/820/1251 1669/820/1251 1610/814/1267
f 1589/790/1234 1657/802/415 1667/802/415 1609/790/503
f 1585/808/1236 1656/809/1237 1666/809/1237 1600/808/1258
f 1587/843/1223 1655/810/1238 1665/810/1238 1603/843/1268
f 1613/801/1230 1668/794/1262 1672/811/1240 1617/800/1231
f 1618/812/1265 1671/821/1256 1670/819/1261 1619/813/1266
f 1610/814/1267 1669/820/1251 1667/802/415 1608/787/1241
f 1602/844/1252 1663/822/244 1666/809/1237 1607/823/1253
f 1603/843/1268 1665/810/1238 1664/804/415 1604/803/1241
f 1597/812/1242 1661/821/1254 1671/821/1256 1618/812/1265
f 1596/800/1228 1662/811/1239 1661/821/1254 1597/812/1242
f 1598/813/1243 1660/819/1250 1659/820/1251 1599/814/1244
f 1575/790/1215 1650/802/241 1657/802/415 1589/790/1234
f 1580/806/1234 1654/804/415 1664/804/415 1605/806/509
f 1595/818/1249 1662/811/1239 1672/811/1240 1611/818/1264
f 1586/823/1222 1656/809/1237 1655/810/1238 1587/843/1223
f 1577/727/1233 1651/726/244 1654/804/415 1580/806/1234
f 1574/787/1200 1650/802/241 1653/802/244 1582/787/1221
f 1572/767/1177 1649/792/1217 1652/792/415 1578/767/1199
f 1571/727/1130 1648/726/1129 1651/726/244 1577/727/1233
f 1578/767/1199 1652/792/415 1658/794/1219 1590/801/1229
f 1568/766/1176 1647/791/1216 1649/792/1217 1572/767/1177
f 1628/765/1175 1677/838/1294 1647/791/1216 1568/766/1176
f 1630/763/1173 1678/837/1293 1646/780/1192 1566/764/1174
f 1632/761/1171 1679/836/1292 1645/831/1287 1564/762/1172
f 1634/759/1169 1680/772/1182 1644/774/1185 1562/760/1170
f 1558/757/1167 1642/768/1178 1643/771/1181 1560/758/1168
f 1554/755/1165 1640/742/1152 1641/744/1154 1556/756/1166
f 1622/754/1164 1674/740/1149 1640/742/1152 1554/755/1165
f 1620/752/1162 1673/738/1145 1639/826/1275 1552/753/1163
f 1624/750/1160 1675/841/1297 1638/842/1298 1550/751/1161
f 1626/748/1158 1676/839/1295 1637/840/1296 1548/749/1159
f 1570/798/1156 1648/726/1129 1636/729/1132 1546/747/1157
f 1681/789/1299 1683/826/1300 1780/826/1301 1779/789/1302
f 1621/739/1146 1553/789/1211 1681/789/1299 1685/845/1303 1686/846/1304 1682/739/1147
f 1553/789/1211 1639/826/1275 1683/826/1300 1681/789/1299
f 1639/826/1275 1673/738/1145 1684/738/1148 1687/847/1305 1688/848/1306 1683/826/1300
f 1687/847/1305 1686/846/1304 1685/845/1303 1688/848/1306
f 1694/825/1273 1695/849/1307 1792/849/1308 1785/825/1309
f 1726/850/1310 1727/851/1311 1824/851/1312 1817/850/1313
f 1673/738/1145 1638/842/1298 1691/842/1314 1695/849/1307 1696/852/1315 1692/738/1316
f 1621/739/1146 1673/738/1145 1692/738/1316 1689/739/1271
f 1638/842/1298 1551/735/1140 1690/735/1274 1691/842/1314
f 1695/849/1307 1694/825/1273 1693/824/1272 1696/852/1315
f 1682/739/1147 1686/846/1304 1777/846/1317 1778/739/1318
f 1696/852/1315 1693/824/1272 1791/824/1319 1790/852/1320
f 1551/735/1140 1638/842/1298 1699/842/1321 1697/735/1141
f 1638/842/1298 1675/841/1297 1700/841/1322 1703/853/1323 1704/854/1324 1699/842/1321
f 1675/841/1297 1625/734/1139 1698/734/1144 1700/841/1322
f 1703/853/1323 1702/737/1143 1701/736/1142 1704/854/1324
f 1772/836/1325 1776/855/1326 1870/855/1327 1869/836/1328
f 1711/856/1329 1707/840/1330 1803/840/1331 1808/856/1332
f 1637/840/1296 1549/731/1134 1706/731/1277 1707/840/1330
f 1625/734/1139 1675/841/1297 1708/841/1329 1705/734/1276
f 1675/841/1297 1637/840/1296 1707/840/1330 1711/856/1329 1712/857/1330 1708/841/1329
f 1728/858/1282 1725/859/1281 1823/859/1333 1822/858/1334
f 1676/839/1295 1627/730/1133 1714/730/1138 1716/839/1335
f 1549/731/1134 1637/840/1296 1715/840/1336 1713/731/1135
f 1637/840/1296 1676/839/1295 1716/839/1335 1719/860/1337 1720/861/1338 1715/840/1336
f 1769/775/1290 1772/836/1325 1869/836/1328 1868/775/1339
f 1627/730/1133 1676/839/1295 1724/839/1311 1721/730/1310
f 1676/839/1295 1636/729/1132 1723/729/1282 1727/851/1311 1728/858/1282 1724/839/1311
f 1547/728/1131 1627/730/1133 1721/730/1310 1725/859/1281 1726/850/1310 1722/728/1281
f 1727/851/1311 1726/850/1310 1725/859/1281 1728/858/1282
f 1756/862/1340 1760/863/1289 1854/863/1341 1853/862/1342
f 1719/860/1337 1718/733/1137 1717/732/1136 1720/861/1338
f 1695/849/1307 1691/842/1314 1787/842/1343 1792/849/1308
f 1711/856/1329 1710/828/1278 1709/827/1277 1712/857/1330
f 1771/774/1326 1770/773/1291 1866/773/1344 1867/774/1345
f 1709/827/1277 1705/734/1276 1804/734/1346 1807/827/1347
f 1647/791/1216 1677/838/1294 1732/864/1348 1735/865/1349 1736/866/1348 1731/867/1349
f 1677/838/1294 1629/781/1195 1730/786/1198 1732/864/1348
f 1569/782/1196 1647/791/1216 1731/867/1349 1729/783/1197
f 1727/851/1311 1723/729/1282 1819/729/1334 1824/851/1312
f 1629/781/1195 1677/838/1294 1740/868/1350 1737/869/1351
f 1677/838/1294 1646/780/1192 1739/830/1284 1743/870/1350 1744/871/1352 1740/868/1350
f 1567/779/1191 1629/781/1195 1737/869/1351 1741/872/1353 1742/873/1351 1738/829/1283
f 1753/874/1354 1756/862/1340 1853/862/1342 1852/874/1355
f 1743/870/1350 1742/873/1351 1741/872/1353 1744/871/1352
f 1770/773/1291 1774/835/1290 1865/835/1339 1866/773/1344
f 1631/799/1225 1567/779/1191 1745/779/1194 1749/875/1356 1750/876/1194 1746/799/1356
f 1646/780/1192 1678/837/1293 1748/837/1357 1751/877/1193 1752/878/1357 1747/780/1193
f 1678/837/1293 1631/799/1225 1746/799/1356 1748/837/1357
f 1740/868/1350 1744/871/1352 1838/871/1358 1837/868/1359
f 1751/877/1193 1750/876/1194 1749/875/1356 1752/878/1357
f 1755/833/1289 1754/832/1288 1850/832/1360 1851/833/1341
f 1631/799/1225 1678/837/1293 1756/862/1340 1753/874/1354
f 1678/837/1293 1645/831/1287 1755/833/1289 1759/879/1340 1760/863/1289 1756/862/1340
f 1565/776/1187 1631/799/1225 1753/874/1354 1757/880/1288 1758/881/1354 1754/832/1288
f 1693/824/1272 1689/739/1271 1788/739/1361 1791/824/1319
f 1759/879/1340 1758/881/1354 1757/880/1288 1760/863/1289
f 1768/882/1362 1765/777/1189 1863/777/1363 1862/882/1364
f 1565/776/1187 1645/831/1287 1763/831/1365 1761/776/1188
f 1645/831/1287 1679/836/1292 1764/836/1362 1767/883/1366 1768/882/1362 1763/831/1365
f 1679/836/1292 1633/775/1186 1762/775/1189 1764/836/1362
f 1725/859/1281 1721/730/1310 1820/730/1313 1823/859/1333
f 1767/883/1366 1766/778/1190 1765/777/1189 1768/882/1362
f 1737/869/1351 1740/868/1350 1837/868/1359 1836/869/1367
f 1633/775/1186 1679/836/1292 1772/836/1325 1769/775/1290
f 1644/774/1185 1563/773/1184 1770/773/1291 1771/774/1326
f 1679/836/1292 1644/774/1185 1771/774/1326 1775/884/1325 1776/855/1326 1772/836/1325
f 1754/832/1288 1758/881/1354 1849/881/1355 1850/832/1360
f 1775/884/1325 1774/835/1290 1773/834/1291 1776/855/1326
f 1735/865/1349 1734/785/1197 1733/784/1198 1736/866/1348
f 1766/778/1190 1767/883/1366 1864/883/1368 1857/778/1369
f 1782/848/1370 1783/845/1371 1779/789/1302 1780/826/1301
f 1781/738/1372 1778/739/1318 1777/846/1317 1784/847/1373
f 1790/852/1320 1791/824/1319 1788/739/1361 1789/738/1374
f 1787/842/1343 1786/735/1375 1785/825/1309 1792/849/1308
f 1798/854/1376 1799/736/1377 1795/735/1378 1796/842/1379
f 1797/841/1380 1794/734/1381 1793/737/1382 1800/853/1383
f 1806/857/1331 1807/827/1347 1804/734/1346 1805/841/1332
f 1814/861/1384 1815/732/1385 1811/731/1386 1812/840/1387
f 1822/858/1334 1823/859/1333 1820/730/1313 1821/839/1312
f 1819/729/1334 1818/728/1333 1817/850/1313 1824/851/1312
f 1813/839/1388 1810/730/1389 1809/733/1390 1816/860/1391
f 1803/840/1331 1802/731/1347 1801/828/1346 1808/856/1332
f 1830/866/1392 1831/784/1393 1827/783/1394 1828/867/1395
f 1838/871/1358 1839/872/1396 1836/869/1367 1837/868/1359
f 1835/830/1397 1834/829/1398 1833/873/1367 1840/870/1359
f 1846/878/1399 1847/875/1400 1843/779/1401 1844/780/1402
f 1845/837/1399 1842/799/1400 1841/876/1401 1848/877/1402
f 1854/863/1341 1855/880/1360 1852/874/1355 1853/862/1342
f 1851/833/1341 1850/832/1360 1849/881/1355 1856/879/1342
f 1862/882/1364 1863/777/1363 1859/776/1369 1860/831/1368
f 1861/836/1364 1858/775/1363 1857/778/1369 1864/883/1368
f 1870/855/1327 1871/834/1344 1868/775/1339 1869/836/1328
f 1867/774/1345 1866/773/1344 1865/835/1339 1872/884/1328
f 1829/864/1392 1826/786/1393 1825/785/1394 1832/865/1395
f 1741/872/1353 1737/869/1351 1836/869/1367 1839/872/1396
f 1720/861/1338 1717/732/1136 1815/732/1385 1814/861/1384
f 1714/730/1138 1718/733/1137 1809/733/1390 1810/730/1389
f 1698/734/1144 1702/737/1143 1793/737/1382 1794/734/1381
f 1684/738/1148 1682/739/1147 1778/739/1318 1781/738/1372
f 1718/733/1137 1719/860/1337 1816/860/1391 1809/733/1390
f 1713/731/1135 1715/840/1336 1812/840/1387 1811/731/1386
f 1697/735/1141 1699/842/1321 1796/842/1379 1795/735/1378
f 1757/880/1288 1753/874/1354 1852/874/1355 1855/880/1360
f 1683/826/1300 1688/848/1306 1782/848/1370 1780/826/1301
f 1743/870/1350 1739/830/1284 1835/830/1397 1840/870/1359
f 1712/857/1330 1709/827/1277 1807/827/1347 1806/857/1331
f 1716/839/1335 1714/730/1138 1810/730/1389 1813/839/1388
f 1700/841/1322 1698/734/1144 1794/734/1381 1797/841/1380
f 1710/828/1278 1711/856/1329 1808/856/1332 1801/828/1346
f 1715/840/1336 1720/861/1338 1814/861/1384 1812/840/1387
f 1773/834/1291 1769/775/1290 1868/775/1339 1871/834/1344
f 1699/842/1321 1704/854/1324 1798/854/1376 1796/842/1379
f 1759/879/1340 1755/833/1289 1851/833/1341 1856/879/1342
f 1742/873/1351 1743/870/1350 1840/870/1359 1833/873/1367
f 1730/786/1198 1734/785/1197 1825/785/1394 1826/786/1393
f 1744/871/1352 1741/872/1353 1839/872/1396 1838/871/1358
f 1729/783/1197 1731/867/1349 1828/867/1395 1827/783/1394
f 1775/884/1325 1771/774/1326 1867/774/1345 1872/884/1328
f 1758/881/1354 1759/879/1340 1856/879/1342 1849/881/1355
f 1746/799/1356 1750/876/1194 1841/876/1401 1842/799/1400
f 1732/864/1348 1730/786/1198 1826/786/1393 1829/864/1392
f 1760/863/1289 1757/880/1288 1855/880/1360 1854/863/1341
f 1685/845/1303 1681/789/1299 1779/789/1302 1783/845/1371
f 1745/779/1194 1747/780/1193 1844/780/1402 1843/779/1401
f 1731/867/1349 1736/866/1348 1830/866/1392 1828/867/1395
f 1774/835/1290 1775/884/1325 1872/884/1328 1865/835/1339
f 1762/775/1189 1766/778/1190 1857/778/1369 1858/775/1363
f 1748/837/1357 1746/799/1356 1842/799/1400 1845/837/1399
f 1717/732/1136 1713/731/1135 1811/731/1386 1815/732/1385
f 1776/855/1326 1773/834/1291 1871/834/1344 1870/855/1327
f 1701/736/1142 1697/735/1141 1795/735/1378 1799/736/1377
f 1761/776/1188 1763/831/1365 1860/831/1368 1859/776/1369
f 1687/847/1305 1684/738/1148 1781/738/1372 1784/847/1373
f 1747/780/1193 1752/878/1357 1846/878/1399 1844/780/1402
f 1764/836/1362 1762/775/1189 1858/775/1363 1861/836/1364
f 1719/860/1337 1716/839/1335 1813/839/1388 1816/860/1391
f 1703/853/1323 1700/841/1322 1797/841/1380 1800/853/1383
f 1763/831/1365 1768/882/1362 1862/882/1364 1860/831/1368
f 1688/848/1306 1685/845/1303 1783/845/1371 1782/848/1370
f 1686/846/1304 1687/847/1305 1784/847/1373 1777/846/1317
f 1733/784/1198 1729/783/1197 1827/783/1394 1831/784/1393
f 1722/728/1281 1726/850/1310 1817/850/1313 1818/728/1333
f 1704/854/1324 1701/736/1142 1799/736/1377 1798/854/1376
f 1690/735/1274 1694/825/1273 1785/825/1309 1786/735/1375
f 1723/729/1282 1722/728/1281 1818/728/1333 1819/729/1334
f 1702/737/1143 1703/853/1323 1800/853/1383 1793/737/1382
f 1691/842/1314 1690/735/1274 1786/735/1375 1787/842/1343
f 1749/875/1356 1745/779/1194 1843/779/1401 1847/875/1400
f 1735/865/1349 1732/864/1348 1829/864/1392 1832/865/1395
f 1721/730/1310 1724/839/1311 1821/839/1312 1820/730/1313
f 1706/731/1277 1710/828/1278 1801/828/1346 1802/731/1347
f 1689/739/1271 1692/738/1316 1789/738/1374 1788/739/1361
f 1724/839/1311 1728/858/1282 1822/858/1334 1821/839/1312
f 1707/840/1330 1706/731/1277 1802/731/1347 1803/840/1331
f 1765/777/1189 1761/776/1188 1859/776/1369 1863/777/1363
f 1692/738/1316 1696/852/1315 1790/852/1320 1789/738/1374
f 1751/877/1193 1748/837/1357 1845/837/1399 1848/877/1402
f 1734/785/1197 1735/865/1349 1832/865/1395 1825/785/1394
f 1705/734/1276 1708/841/1329 1805/841/1332 1804/734/1346
f 1736/866/1348 1733/784/1198 1831/784/1393 1830/866/1392
f 1708/841/1329 1712/857/1330 1806/857/1331 1805/841/1332
f 1767/883/1366 1764/836/1362 1861/836/1364 1864/883/1368
f 1750/876/1194 1751/877/1193 1848/877/1402 1841/876/1401
f 1738/829/1283 1742/873/1351 1833/873/1367 1834/829/1398
f 1752/878/1357 1749/875/1356 1847/875/1400 1846/878/1399
f 1739/830/1284 1738/829/1283 1834/829/1398 1835/830/1397
f 1890/799/1226 1891/776/1403 1916/776/1404 1915/799/1405
f 1882/789/1213 1879/739/1212 1904/739/1406 1907/789/1407
f 1888/775/1210 1889/773/1209 1914/773/1408 1913/775/1409
f 1873/727/1269 1896/727/1410 1944/727/1411 1545/727/1412
f 1895/782/1413 1892/781/1414 1917/781/1415 1920/782/1416
f 1887/163/1280 1885/770/1279 1910/770/1417 1912/163/1418
f 1897/788/1208 1894/788/1207 1919/788/1419 1945/788/1420
f 1885/770/1279 1886/769/1421 1911/769/1422 1910/770/1417
f 1874/790/1215 1897/788/1208 1945/788/1420 1899/790/1423
f 1883/743/1202 1884/741/1201 1909/741/1424 1908/743/1425
f 1896/727/1410 1874/805/1215 1899/805/1423 1944/727/1411
f 1878/731/1204 1875/730/1203 1900/730/1426 1903/731/1427
f 1881/243/1214 1882/789/1213 1907/789/1407 1906/243/1428
f 1879/739/1212 1880/735/1286 1905/735/1429 1904/739/1406
f 1889/773/1209 1887/163/1280 1912/163/1418 1914/773/1408
f 1631/799/1225 1565/776/1187 1891/776/1403 1890/799/1226
f 1565/776/1187 1633/775/1186 1888/775/1210 1891/776/1403
f 1627/730/1133 1547/728/1131 1876/728/1270 1875/730/1203
f 1571/727/1130 1577/727/1233 1896/727/1410 1873/727/1269
f 1555/741/1151 1623/243/1150 1881/243/1214 1884/741/1201
f 1629/781/1195 1567/779/1191 1893/779/1227 1892/781/1414
f 1569/782/1196 1629/781/1195 1892/781/1414 1895/782/1413
f 1577/727/1233 1575/805/1215 1874/805/1215 1896/727/1410
f 1625/734/1139 1549/731/1134 1878/731/1204 1877/734/1285
f 1561/770/1180 1559/769/1179 1886/769/1421 1885/770/1279
f 1563/773/1184 1635/163/1183 1887/163/1280 1889/773/1209
f 1573/788/1206 1569/782/1196 1895/782/1413 1894/788/1207
f 1913/775/1409 1914/773/1408 1937/773/1430 1936/775/1431
f 1906/243/1428 1907/789/1407 1930/789/1432 1929/243/1433
f 1910/770/1417 1911/769/1422 1934/769/1434 1933/770/1435
f 1919/788/1419 1920/782/1416 1943/782/1436 1942/788/1437
f 1902/734/1438 1903/731/1427 1926/885/1439 1925/734/1440
f 1545/727/1412 1898/886/1441 1922/886/1442 1921/727/1443
f 1915/799/1405 1916/776/1404 1939/776/1444 1938/799/1445
f 1908/743/1425 1909/741/1424 1932/741/1446 1931/743/1447
f 1912/163/1418 1910/770/1417 1933/770/1435 1935/163/1448
f 1904/739/1406 1905/735/1429 1928/887/1449 1927/888/1450
f 1917/781/1415 1918/779/1451 1941/779/1452 1940/781/1453
f 1900/730/1426 1901/728/1454 1924/728/1455 1923/730/1456
f 1901/728/1454 1545/727/1412 1921/727/1443 1924/728/1455
f 1919/788/1419 1898/889/1441 1899/790/1423 1945/788/1420
f 1898/889/1441 1919/788/1419 1942/788/1437 1922/889/1442
f 1898/886/1441 1545/727/1412 1944/727/1411 1899/805/1423
f 1907/789/1407 1904/739/1406 1927/888/1450 1930/789/1432
f 1909/741/1424 1906/243/1428 1929/243/1433 1932/741/1446
f 1905/735/1429 1902/734/1438 1925/734/1440 1928/887/1449
f 1903/731/1427 1900/730/1426 1923/730/1456 1926/885/1439
f 1920/782/1416 1917/781/1415 1940/781/1453 1943/782/1436
f 1918/779/1451 1915/799/1405 1938/799/1445 1941/779/1452
f 1916/776/1404 1913/775/1409 1936/775/1431 1939/776/1444
f 1914/773/1408 1912/163/1418 1935/163/1448 1937/773/1430
f 1892/781/1414 1893/779/1227 1918/779/1451 1917/781/1415
f 1893/779/1227 1890/799/1226 1915/799/1405 1918/779/1451
f 1894/788/1207 1895/782/1413 1920/782/1416 1919/788/1419
f 1884/741/1201 1881/243/1214 1906/243/1428 1909/741/1424
f 1876/728/1270 1873/727/1269 1545/727/1412 1901/728/1454
f 1891/776/1403 1888/775/1210 1913/775/1409 1916/776/1404
f 1875/730/1203 1876/728/1270 1901/728/1454 1900/730/1426
f 1880/735/1286 1877/734/1285 1902/734/1438 1905/735/1429
f 1877/734/1285 1878/731/1204 1903/731/1427 1902/734/1438
f 1558/757/1167 1556/756/1166 1946/756/233 1947/757/233
f 1948/890/1457 1949/891/1458 1951/323/1459 1950/351/1460
f 1950/351/1460 1951/323/1459 1955/289/1461 1954/293/1462
f 1954/293/1462 1955/289/1461 1953/36/1463 1952/98/1464
f 1952/98/1464 1953/36/1463 1949/268/1458 1948/297/1457
f 1950/341/1460 1954/293/1462 1952/98/1464 1948/167/1457
f 1955/289/1461 1951/374/1459 1949/235/1458 1953/36/1463
f 1957/892/1465 1959/893/1466 1967/893/1467 1966/892/1468
f 1972/894/1469 1973/895/1470 1963/896/1471 1962/897/1472
f 1962/897/1472 1963/896/1471 1961/898/1473 1960/899/1474
f 1974/900/1475 1975/901/1476 1957/902/1465 1956/903/1477
f 1972/904/1469 1962/897/1472 1960/899/1474 1974/905/1475
f 1973/906/1470 1959/893/1466 1957/892/1465 1975/907/1476
f 1965/903/1478 1966/902/1468 1970/902/1479 1969/903/1480
f 1958/908/1481 1956/909/1477 1965/909/1478 1964/908/1482
f 1959/910/1466 1958/911/1481 1964/911/1482 1967/910/1467
f 1956/903/1477 1957/902/1465 1966/902/1468 1965/903/1478
f 1969/912/1480 1970/913/1479 1971/910/1483 1968/911/1484
f 1966/892/1468 1967/893/1467 1971/893/1483 1970/892/1479
f 1964/908/1482 1965/909/1478 1969/909/1480 1968/908/1484
f 1967/910/1467 1964/911/1482 1968/911/1484 1971/910/1483
f 1963/896/1471 1973/906/1470 1975/907/1476 1961/898/1473
f 1958/908/1481 1972/904/1469 1974/905/1475 1956/909/1477
f 1960/899/1474 1961/898/1473 1975/901/1476 1974/900/1475
f 1958/911/1481 1959/910/1466 1973/895/1470 1972/894/1469
f 1976/890/1485 1978/351/1486 1979/323/1487 1977/891/1488
f 1978/351/1486 1982/293/1489 1983/289/1490 1979/323/1487
f 1982/293/1489 1980/98/1491 1981/36/1492 1983/289/1490
f 1980/98/1491 1976/297/1485 1977/268/1488 1981/36/1492
f 1978/341/1486 1976/167/1485 1980/98/1491 1982/293/1489
f 1983/289/1490 1981/36/1492 1977/235/1488 1979/374/1487
f 1985/892/1493 1991/892/1494 1992/893/1495 1987/893/1496
f 1986/911/1497 1997/914/1498 1988/915/1499 1987/910/1496
f 1999/916/1500 1984/903/1501 1985/902/1493 1998/917/1502
f 1986/908/1497 1984/909/1501 1999/916/1500 1997/914/1498
f 1988/915/1499 1998/917/1502 1985/892/1493 1987/893/1496
f 1990/903/1503 1994/903/1504 1995/902/1505 1991/902/1494
f 1986/908/1497 1989/908/1506 1990/909/1503 1984/909/1501
f 1987/910/1496 1992/910/1495 1989/911/1506 1986/911/1497
f 1984/903/1501 1990/903/1503 1991/902/1494 1985/902/1493
f 1994/912/1504 1993/911/1507 1996/910/1508 1995/913/1505
f 1991/892/1494 1995/892/1505 1996/893/1508 1992/893/1495
f 1989/908/1506 1993/908/1507 1994/909/1504 1990/909/1503
f 1992/910/1495 1996/910/1508 1993/911/1507 1989/911/1506
f 1997/914/1498 1999/916/1500 1998/917/1502 1988/915/1499
f 2000/918/1509 2001/918/1510 2009/918/1511 2008/918/1512
f 2005/918/1513 2006/918/1514 2014/918/1515 2013/918/1516
f 2003/918/1517 2004/918/1518 2012/918/1519 2011/918/1520
f 2001/918/1510 2002/918/1521 2010/918/1522 2009/918/1511
f 2007/918/1523 2000/918/1509 2008/918/1512 2015/918/1524
f 2004/918/1518 2005/918/1513 2013/918/1516 2012/918/1519
f 2002/918/1521 2003/918/1517 2011/918/1520 2010/918/1522
f 2016/918/1525 2024/918/1526 2025/918/1527 2017/918/1528
f 2021/918/1529 2029/918/1530 2030/918/1531 2022/918/1532
f 2019/918/1533 2027/918/1534 2028/918/1535 2020/918/1536
f 2017/918/1528 2025/918/1527 2026/918/1537 2018/918/1538
f 2023/918/1539 2031/918/1540 2024/918/1526 2016/918/1525
f 2020/918/1536 2028/918/1535 2029/918/1530 2021/918/1529
f 2018/918/1538 2026/918/1537 2027/918/1534 2019/918/1533
f 2011/918/1520 2027/918/1534 2026/918/1537 2010/918/1522
f 2002/918/1521 2018/918/1538 2019/918/1533 2003/918/1517
f 2012/918/1519 2028/918/1535 2027/918/1534 2011/918/1520
f 2003/918/1517 2019/918/1533 2020/918/1536 2004/918/1518
f 2013/918/1516 2029/918/1530 2028/918/1535 2012/918/1519
f 2004/918/1518 2020/918/1536 2021/918/1529 2005/918/1513
f 2014/918/1515 2030/918/1531 2029/918/1530 2013/918/1516
f 2005/918/1513 2021/918/1529 2022/918/1532 2006/918/1514
f 2008/918/1512 2024/918/1526 2031/918/1540 2015/918/1524
f 2007/918/1523 2023/918/1539 2016/918/1525 2000/918/1509
f 2015/918/1524 2031/918/1540 2023/918/1539 2007/918/1523
f 2009/918/1511 2025/918/1527 2024/918/1526 2008/918/1512
f 2000/918/1509 2016/918/1525 2017/918/1528 2001/918/1510
f 2010/918/1522 2026/918/1537 2025/918/1527 2009/918/1511
f 2001/918/1510 2017/918/1528 2018/918/1538 2002/918/1521
f 2006/918/1514 2022/918/1532 2030/918/1531 2014/918/1515
f 2032/890/1541 2033/891/1542 2035/323/1543 2034/351/1544
f 2034/351/1544 2035/323/1543 2039/289/1545 2038/293/1546
f 2038/293/1546 2039/289/1545 2037/36/1547 2036/98/1548
f 2036/98/1548 2037/36/1547 2033/268/1542 2032/297/1541
f 2039/289/1545 2035/374/1543 2033/235/1542 2037/36/1547
f 2040/890/1549 2041/891/1550 2043/323/1551 2042/351/1552
f 2042/351/1552 2043/323/1551 2047/289/1553 2046/293/1554
f 2046/293/1554 2047/289/1553 2045/36/1555 2044/98/1556
f 2044/98/1556 2045/36/1555 2041/268/1550 2040/297/1549
f 2047/289/1553 2043/374/1551 2041/235/1550 2045/36/1555
f 2048/890/1557 2049/891/1558 2051/323/1559 2050/351/1560
f 2050/351/1560 2051/323/1559 2055/289/1561 2054/293/1562
f 2054/293/1562 2055/289/1561 2053/36/1563 2052/98/1564
f 2052/98/1564 2053/36/1563 2049/268/1558 2048/297/1557
f 2055/289/1561 2051/374/1559 2049/235/1558 2053/36/1563
f 2056/890/1565 2057/891/1566 2059/323/1567 2058/351/1568
f 2058/351/1568 2059/323/1567 2063/289/1569 2062/293/1570
f 2062/293/1570 2063/289/1569 2061/36/1571 2060/98/1572
f 2060/98/1572 2061/36/1571 2057/268/1566 2056/297/1565
f 2063/289/1569 2059/374/1567 2057/235/1566 2061/36/1571
f 2064/890/1573 2065/891/1574 2067/323/1575 2066/351/1576
f 2066/351/1576 2067/323/1575 2071/289/1577 2070/293/1578
f 2070/293/1578 2071/289/1577 2069/36/1579 2068/98/1580
f 2068/98/1580 2069/36/1579 2065/268/1574 2064/297/1573
f 2071/289/1577 2067/374/1575 2065/235/1574 2069/36/1579
f 2072/890/1581 2073/891/1582 2075/323/1583 2074/351/1584
f 2074/351/1584 2075/323/1583 2079/289/1585 2078/293/1586
f 2078/293/1586 2079/289/1585 2077/36/1587 2076/98/1588
f 2076/98/1588 2077/36/1587 2073/268/1582 2072/297/1581
f 2079/289/1585 2075/374/1583 2073/235/1582 2077/36/1587
f 2080/890/1589 2081/891/1590 2083/323/1591 2082/351/1592
f 2082/351/1592 2083/323/1591 2087/289/1593 2086/293/1594
f 2086/293/1594 2087/289/1593 2085/36/1595 2084/98/1596
f 2084/98/1596 2085/36/1595 2081/268/1590 2080/297/1589
f 2087/289/1593 2083/374/1591 2081/235/1590 2085/36/1595
f 2088/890/1597 2089/891/1598 2091/323/1599 2090/351/1600
f 2090/351/1600 2091/323/1599 2095/289/1601 2094/293/1602
f 2094/293/1602 2095/289/1601 2093/36/1603 2092/98/1604
f 2092/98/1604 2093/36/1603 2089/268/1598 2088/297/1597
f 2095/289/1601 2091/374/1599 2089/235/1598 2093/36/1603
f 2096/890/1605 2097/891/1606 2099/323/1607 2098/351/1608
f 2098/351/1608 2099/323/1607 2103/289/1609 2102/293/1610
f 2102/293/1610 2103/289/1609 2101/36/1611 2100/98/1612
f 2100/98/1612 2101/36/1611 2097/268/1606 2096/297/1605
f 2103/289/1609 2099/374/1607 2097/235/1606 2101/36/1611
f 2104/890/1541 2105/891/1542 2107/323/1543 2106/351/1544
f 2106/351/1544 2107/323/1543 2111/289/1613 2110/293/1546
f 2110/293/1546 2111/289/1613 2109/36/1614 2108/98/1548
f 2108/98/1548 2109/36/1614 2105/268/1542 2104/297/1541
f 2111/289/1613 2107/374/1543 2105/235/1542 2109/36/1614
f 2120/919/1615 2121/920/1616 2115/323/1617 2114/351/1618
f 2114/351/1618 2115/323/1617 2119/289/1619 2118/293/1620
f 2127/921/1621 2125/922/1622 2117/36/1623 2116/98/1624
f 2116/98/1624 2117/36/1623 2113/268/1625 2112/297/1626
f 2127/921/1621 2116/98/1624 2141/98/1627 2143/921/1628
f 2125/922/1622 2126/923/1616 2113/235/1625 2117/36/1623
f 2119/289/1619 2115/374/1617 2121/924/1616 2123/925/1622
f 2129/926/1629 2130/927/1615 2145/927/1630 2146/926/1627
f 2118/293/1620 2119/289/1619 2123/925/1622 2122/928/1629
f 2134/929/1631 2132/930/1616 2121/920/1616 2120/919/1615
f 2112/890/1626 2113/891/1625 2126/931/1616 2124/932/1631
f 2131/933/1622 2128/934/1616 2126/923/1616 2125/922/1622
f 2130/927/1615 2129/926/1629 2127/921/1621 2124/935/1631
f 2129/926/1629 2131/933/1622 2125/922/1622 2127/921/1621
f 2133/936/1621 2135/937/1622 2131/933/1622 2129/926/1629
f 2124/935/1631 2127/921/1621 2143/921/1628 2136/935/1632
f 2135/937/1622 2132/938/1616 2128/934/1616 2131/933/1622
f 2124/932/1631 2126/931/1616 2128/939/1616 2130/940/1615
f 2123/925/1622 2121/924/1616 2132/938/1616 2135/937/1622
f 2120/941/1615 2122/928/1629 2133/936/1621 2134/942/1631
f 2122/928/1629 2123/925/1622 2135/937/1622 2133/936/1621
f 2130/940/1615 2128/939/1616 2132/930/1616 2134/929/1631
f 2136/935/1632 2143/921/1628 2141/98/1627 2137/167/1630
f 2139/341/1632 2138/293/1628 2140/928/1627 2142/941/1633
f 2144/942/1634 2147/936/1628 2146/926/1627 2145/927/1630
f 2130/940/1615 2134/929/1631 2144/929/1634 2145/940/1630
f 2133/936/1621 2129/926/1629 2146/926/1627 2147/936/1628
f 2116/98/1624 2112/297/1626 2137/297/1630 2141/98/1627
f 2112/890/1626 2124/932/1631 2136/932/1632 2137/890/1630
f 2122/928/1629 2120/941/1615 2142/941/1633 2140/928/1627
f 2134/942/1631 2133/936/1621 2147/936/1628 2144/942/1634
f 2118/293/1620 2122/928/1629 2140/928/1627 2138/293/1628
f 2114/351/1618 2118/293/1620 2138/293/1628 2139/351/1632
f 2120/919/1615 2114/351/1618 2139/351/1632 2142/919/1633
f 2189/943/414 2157/944/1635 2151/323/415 2185/945/415
f 2155/289/244 2186/946/244 2222/947/1224 2221/948/1234
f 2153/36/1636 2187/949/237 2210/949/1637 2209/36/228
f 2191/950/230 2171/951/1638 2149/268/1639 2184/952/411
f 2201/953/233 2197/954/234 2152/98/331 2169/955/236
f 2199/956/1640 2196/957/1641 2149/235/1639 2171/958/1638
f 2159/959/1642 2155/289/244 2161/289/1252 2163/959/1643
f 2164/960/242 2154/293/332 2158/961/234 2174/962/233
f 2186/946/244 2155/289/244 2159/959/1642 2188/963/238
f 2196/957/1641 2157/964/1635 2213/965/404 2212/957/405
f 2176/966/1224 2160/374/1241 2162/964/1644 2178/967/1645
f 2151/323/415 2157/944/1635 2162/944/1644 2160/323/1241
f 2166/968/241 2151/323/415 2160/323/1241 2176/968/1224
f 2173/969/1646 2159/959/1642 2163/959/1643 2179/969/1647
f 2157/964/1635 2172/967/1648 2178/967/1645 2162/964/1644
f 2172/967/1648 2173/969/1646 2179/969/1647 2178/967/1645
f 2155/289/244 2167/970/241 2177/970/1221 2161/289/1252
f 2167/970/241 2166/968/241 2176/968/1224 2177/970/1221
f 2161/289/1252 2177/971/1221 2179/969/1647 2163/959/1643
f 2178/967/1645 2179/969/1647 2183/969/1649 2182/967/1650
f 2150/341/503 2165/972/242 2175/973/233 2156/974/410
f 2165/972/242 2164/960/242 2174/962/233 2175/973/233
f 2195/975/1651 2198/976/1652 2170/977/1653 2153/36/1636
f 2198/976/1652 2199/956/1640 2171/958/1638 2170/977/1653
f 2194/978/410 2200/979/233 2168/980/236 2148/167/504
f 2200/979/233 2201/953/233 2169/955/236 2168/980/236
f 2187/949/237 2153/36/1636 2170/981/1653 2190/982/230
f 2190/982/230 2170/981/1653 2171/951/1638 2191/950/230
f 2185/945/415 2151/323/415 2228/983/1232 2230/984/1221
f 2166/968/241 2167/970/241 2271/985/1234 2287/986/1232 2286/987/1234 2285/988/1232 2284/989/1234 2283/990/1232 2282/991/1234 2281/992/1232 2280/993/1234 2270/968/1232
f 2181/971/1252 2180/966/1241 2182/967/1650 2183/969/1649
f 2177/970/1221 2176/968/1224 2180/968/1241 2181/970/1252
f 2179/969/1647 2177/971/1221 2181/971/1252 2183/969/1649
f 2176/966/1224 2178/967/1645 2182/967/1650 2180/966/1241
f 2167/970/241 2193/994/241 2271/985/1234
f 2150/351/503 2185/945/415 2192/995/241 2165/996/242
f 2169/997/236 2190/982/230 2191/950/230 2168/998/236
f 2152/98/331 2187/949/237 2190/982/230 2169/997/236
f 2194/999/410 2202/1000/414 2189/943/414 2156/1001/410
f 2154/293/332 2186/946/244 2188/963/238 2158/961/234
f 2168/998/236 2191/950/230 2184/952/411 2148/297/504
f 2197/954/234 2203/1002/238 2187/949/237 2152/98/331
f 2164/1003/242 2193/994/241 2186/946/244 2154/293/332
f 2156/1001/410 2189/943/414 2185/945/415 2150/351/503
f 2158/961/234 2188/963/238 2203/1002/238 2197/954/234
f 2148/890/504 2184/1004/411 2202/1000/414 2194/999/410
f 2175/973/233 2174/962/233 2201/953/233 2200/979/233
f 2156/974/410 2175/973/233 2200/979/233 2194/978/410
f 2173/969/1646 2172/967/1648 2199/956/1640 2198/976/1652
f 2159/959/1642 2173/969/1646 2198/976/1652 2195/975/1651
f 2149/235/1639 2196/957/1641 2218/1005/404 2217/1006/405
f 2172/967/1648 2157/964/1635 2196/957/1641 2199/956/1640
f 2174/962/233 2158/961/234 2197/954/234 2201/953/233
f 2203/1002/238 2188/963/238 2205/963/1654 2207/1002/1637
f 2207/1002/1637 2205/963/1654 2237/963/1649 2239/1002/1252
f 2159/959/1642 2195/975/1651 2206/975/228 2204/959/229
f 2195/975/1651 2203/1002/238 2207/1002/1637 2206/975/228
f 2188/963/238 2159/959/1642 2204/959/229 2205/963/1654
f 2226/1007/1224 2223/994/1221 2256/994/1252 2259/1007/1241
f 2195/975/1651 2153/36/1636 2209/36/228 2208/975/229
f 2187/949/237 2203/1002/238 2211/1002/1654 2210/949/1637
f 2203/1002/238 2195/975/1651 2208/975/229 2211/1002/1654
f 2204/959/229 2206/975/228 2238/975/332 2236/959/331
f 2157/944/1635 2189/943/414 2214/1008/1655 2213/1009/404
f 2189/943/414 2202/1000/414 2215/1000/1656 2214/1008/1655
f 2202/1000/414 2196/1010/1641 2212/1010/405 2215/1000/1656
f 2228/983/1232 2232/1011/1234 2266/1011/503 2262/983/332
f 2196/1010/1641 2202/1000/414 2219/1000/1655 2218/1012/404
f 2184/952/411 2149/268/1639 2217/1013/405 2216/1014/1656
f 2202/1000/414 2184/1004/411 2216/1015/1656 2219/1000/1655
f 2218/1012/404 2219/1000/1655 2251/1000/1650 2250/1012/504
f 2193/994/241 2167/970/241 2220/1016/1232 2223/994/1221
f 2186/946/244 2193/994/241 2223/994/1221 2226/1007/1224 2227/1017/1221 2222/947/1224
f 2167/970/241 2155/289/244 2221/948/1234 2225/1018/1232 2224/1019/1234 2220/1016/1232
f 2205/963/1654 2204/959/229 2236/959/331 2237/963/1649
f 2226/1007/1224 2224/1019/1234 2225/1018/1232 2227/1017/1221
f 2220/1016/1232 2224/1019/1234 2258/1019/503 2255/1016/332
f 2166/968/241 2192/995/241 2231/995/1224 2229/1020/1234
f 2151/323/415 2166/968/241 2229/1020/1234 2233/1021/1232 2232/1011/1234 2228/983/1232
f 2192/995/241 2185/945/415 2230/984/1221 2234/1022/1224 2235/1023/1221 2231/995/1224
f 2219/1000/1655 2216/1015/1656 2248/1015/1241 2251/1000/1650
f 2234/1022/1224 2232/1011/1234 2233/1021/1232 2235/1023/1221
f 2237/963/1649 2236/959/331 2238/975/332 2239/1002/1252
f 2243/1002/1649 2240/975/331 2241/36/332 2242/949/1252
f 2247/1000/1241 2244/1010/503 2245/1009/504 2246/1008/1650
f 2248/1015/1241 2249/1024/503 2250/1012/504 2251/1000/1650
f 2257/1017/1252 2252/1018/332 2253/948/503 2254/947/1241
f 2256/994/1252 2255/1016/332 2258/1019/503 2259/1007/1241
f 2265/1023/1252 2260/1021/332 2261/1020/503 2264/995/1241
f 2263/984/1252 2262/983/332 2266/1011/503 2267/1022/1241
f 2234/1022/1224 2230/984/1221 2263/984/1252 2267/1022/1241
f 2212/957/405 2213/965/404 2245/965/504 2244/957/503
f 2206/975/228 2207/1002/1637 2239/1002/1252 2238/975/332
f 2213/1009/404 2214/1008/1655 2246/1008/1650 2245/1009/504
f 2224/1019/1234 2226/1007/1224 2259/1007/1241 2258/1019/503
f 2232/1011/1234 2234/1022/1224 2267/1022/1241 2266/1011/503
f 2214/1008/1655 2215/1000/1656 2247/1000/1241 2246/1008/1650
f 2227/1017/1221 2225/1018/1232 2252/1018/332 2257/1017/1252
f 2225/1018/1232 2221/948/1234 2253/948/503 2252/1018/332
f 2235/1023/1221 2233/1021/1232 2260/1021/332 2265/1023/1252
f 2215/1000/1656 2212/1010/405 2244/1010/503 2247/1000/1241
f 2233/1021/1232 2229/1020/1234 2261/1020/503 2260/1021/332
f 2221/948/1234 2222/947/1224 2254/947/1241 2253/948/503
f 2230/984/1221 2228/983/1232 2262/983/332 2263/984/1252
f 2223/994/1221 2220/1016/1232 2255/1016/332 2256/994/1252
f 2229/1020/1234 2231/995/1224 2264/995/1241 2261/1020/503
f 2208/975/229 2209/36/228 2241/36/332 2240/975/331
f 2222/947/1224 2227/1017/1221 2257/1017/1252 2254/947/1241
f 2231/995/1224 2235/1023/1221 2265/1023/1252 2264/995/1241
f 2209/36/228 2210/949/1637 2242/949/1252 2241/36/332
f 2210/949/1637 2211/1002/1654 2243/1002/1649 2242/949/1252
f 2216/1014/1656 2217/1013/405 2249/1013/503 2248/1014/1241
f 2211/1002/1654 2208/975/229 2240/975/331 2243/1002/1649
f 2217/1006/405 2218/1005/404 2250/1005/504 2249/1006/503
f 2281/992/1232 2282/991/1234 2303/991/503 2302/992/332
f 2164/960/242 2165/972/242 2269/972/1221 2279/1025/1224 2278/1026/1221 2277/1027/1224 2276/1028/1221 2275/1029/1224 2274/1030/1221 2273/1031/1224 2272/1032/1221 2268/1033/1224
f 2165/996/242 2192/995/241 2270/995/1232 2269/996/1221
f 2192/995/241 2166/968/241 2270/995/1232
f 2193/994/241 2164/1003/242 2268/1034/1224 2271/1035/1234
f 2278/1036/1221 2281/1037/1232 2302/1037/332 2300/1036/1252
f 2279/1038/1224 2280/1039/1234 2281/1037/1232 2278/1036/1221
f 2273/1031/1224 2274/1030/1221 2296/1030/1252 2295/1031/1241
f 2277/1040/1224 2282/1041/1234 2283/1042/1232 2276/1043/1221
f 2280/1039/1234 2279/1038/1224 2288/1038/1241 2301/1039/503
f 2275/1044/1224 2284/1045/1234 2285/1046/1232 2274/1047/1221
f 2272/1048/1221 2287/1049/1232 2290/1049/332 2294/1048/1252
f 2273/1050/1224 2286/1051/1234 2287/1049/1232 2272/1048/1221
f 2294/1048/1252 2290/1049/332 2291/1035/503 2293/1034/1241
f 2289/996/1252 2292/995/332 2301/1039/503 2288/1038/1241
f 2300/1036/1252 2302/1037/332 2303/1041/503 2299/1040/1241
f 2298/1043/1252 2304/1042/332 2305/1045/503 2297/1044/1241
f 2296/1047/1252 2306/1046/332 2307/1051/503 2295/1050/1241
f 2282/1041/1234 2277/1040/1224 2299/1040/1241 2303/1041/503
f 2275/1029/1224 2276/1028/1221 2298/1028/1252 2297/1029/1241
f 2276/1043/1221 2283/1042/1232 2304/1042/332 2298/1043/1252
f 2283/990/1232 2284/989/1234 2305/989/503 2304/990/332
f 2279/1025/1224 2269/972/1221 2289/972/1252 2288/1025/1241
f 2284/1045/1234 2275/1044/1224 2297/1044/1241 2305/1045/503
f 2287/986/1232 2271/985/1234 2291/985/503 2290/986/332
f 2277/1027/1224 2278/1026/1221 2300/1026/1252 2299/1027/1241
f 2274/1047/1221 2285/1046/1232 2306/1046/332 2296/1047/1252
f 2271/1035/1234 2268/1034/1224 2293/1034/1241 2291/1035/503
f 2285/988/1232 2286/987/1234 2307/987/503 2306/988/332
f 2286/1051/1234 2273/1050/1224 2295/1050/1241 2307/1051/503
f 2268/1033/1224 2272/1032/1221 2294/1032/1252 2293/1033/1241
f 2269/996/1221 2270/995/1232 2292/995/332 2289/996/1252
f 2270/968/1232 2280/993/1234 2301/993/503 2292/968/332
f 2344/1052/1657 2325/1053/1658 2311/289/1659 2341/1054/1660
f 2341/1054/1660 2311/289/1659 2310/36/1661 2342/1055/1662
f 2309/341/1663 2324/1056/1664 2326/1057/233 2308/167/1665
f 2323/1058/1666 2322/1059/1667 2328/1060/233 2327/1061/233
f 2322/1059/1667 2321/1062/1668 2329/1063/1669 2328/1060/233
f 2321/1062/1668 2320/1064/1670 2330/1065/1671 2329/1063/1669
f 2320/1064/1670 2319/1066/1672 2331/1067/1673 2330/1065/1671
f 2319/1066/1672 2318/1068/1674 2332/1069/1675 2331/1067/1673
f 2318/1068/1674 2317/1070/1676 2333/1071/1671 2332/1069/1675
f 2317/1070/1676 2316/1072/1677 2334/1073/233 2333/1071/1671
f 2316/1072/1677 2315/1074/1678 2335/1075/233 2334/1073/233
f 2315/1074/1678 2314/960/1679 2336/955/233 2335/1075/233
f 2314/1076/1679 2313/1077/1680 2337/1078/1681 2336/1079/233
f 2313/1077/1680 2312/1080/1682 2338/1081/1683 2337/1078/1681
f 2388/1082/1684 2397/1083/1685 2385/1084/1686
f 2345/1085/1687 2340/1086/1688 2343/1087/1689 2355/1088/1690
f 2349/1089/1691 2341/1054/1660 2342/1055/1662 2351/1090/1662
f 2390/1091/1692 2344/1052/1657 2341/1054/1660 2349/1089/1691
f 2395/1092/1693 2339/1093/1694 2340/1086/1688 2345/1085/1687
f 2308/890/1665 2392/1094/1693 2348/1095/1687 2309/351/1663
f 2392/1094/1693 2393/1096/1693 2347/1097/1687 2348/1095/1687
f 2393/1096/1693 2394/1098/1693 2346/1099/1687 2347/1097/1687
f 2394/1098/1693 2395/1092/1693 2345/1085/1687 2346/1099/1687
f 2391/1100/1695 2390/1091/1692 2349/1089/1691 2350/1101/1696
f 2350/1101/1696 2349/1089/1691 2351/1090/1662 2352/1102/1697
f 2309/351/1663 2348/1095/1687 2358/1103/1690 2324/1104/1664
f 2348/1095/1687 2347/1097/1687 2357/1105/1690 2358/1103/1690
f 2347/1097/1687 2346/1099/1687 2356/1106/1690 2357/1105/1690
f 2346/1099/1687 2345/1085/1687 2355/1088/1690 2356/1106/1690
f 2359/1107/1698 2360/1108/1699 2437/1109/1700 2436/1110/1701
f 2356/1106/1690 2355/1088/1690 2430/1111/1702 2360/1108/1699
f 2323/1112/1666 2362/1113/1699 2366/1114/1703 2322/1115/1667
f 2362/1113/1699 2361/1116/1699 2365/1117/1704 2366/1114/1703
f 2361/1116/1699 2360/1108/1699 2364/1118/1703 2365/1117/1704
f 2360/1108/1699 2359/1107/1698 2363/1119/1705 2364/1118/1703
f 2322/1115/1667 2366/1114/1703 2368/1120/1706 2321/1121/1668
f 2368/1120/1706 2366/1114/1703 2364/1118/1703
f 2321/1121/1668 2368/1120/1706 2370/1122/1707 2320/1123/1670
f 2368/1120/1706 2367/1124/1708 2369/1125/1709 2370/1122/1707
f 2318/1068/1674 2319/1066/1672 2468/1066/1710 2467/1068/1711
f 2370/1122/1707 2369/1125/1709 2371/1126/1712 2372/1127/1713
f 2363/1119/1705 2367/1124/1708 2442/1128/1714 2445/1129/1715 2444/1130/1716 2440/1131/1717
f 2380/1132/1718 2315/1133/1678 2464/1133/1719 2475/1132/1720
f 2372/1127/1713 2371/1126/1712 2373/1134/1721 2374/1135/1722
f 2317/1070/1676 2318/1068/1674 2467/1068/1711 2466/1070/1723
f 2374/1135/1722 2373/1134/1721 2375/1136/1724 2376/1137/1725
f 2376/1137/1725 2378/1138/1726 2474/1138/1727 2473/1137/1724
f 2376/1137/1725 2375/1136/1724 2377/1139/1728 2378/1138/1726
f 2372/1127/1713 2374/1135/1722 2472/1135/1721 2471/1127/1729
f 2378/1138/1726 2377/1139/1728 2379/1140/1730 2380/1132/1718
f 2315/1133/1678 2380/1132/1718 2382/1141/1731 2314/1003/1679
f 2380/1132/1718 2379/1140/1730 2381/1142/1732 2382/1141/1731
f 2314/1143/1679 2382/1144/1731 2384/1145/1733 2313/1146/1680
f 2412/1147/1734 2383/1148/1735 2406/1149/1736
f 2313/1146/1680 2384/1145/1733 2387/1150/1737 2312/1151/1682
f 2384/1145/1733 2414/1152/1738 2407/1153/1739
f 2385/1154/1686 2386/1155/1740 2409/1156/1741 2408/1157/1742
f 2403/1158/1743 2402/1159/1744 2418/1159/1745 2419/1158/1746
f 2391/1100/1695 2389/1158/1747 2403/1158/1743
f 2385/1084/1686 2397/1083/1685 2396/1160/1748
f 2387/1150/1737 2386/1155/1740 2398/918/1749 2399/918/1750
f 2386/1155/1740 2385/1154/1686 2396/1160/1748 2398/918/1749
f 2396/1160/1748 2389/1158/1747 2391/1100/1695 2399/918/1750 2398/918/1749
f 2399/918/1750 2400/918/1751 2354/1161/1752 2387/1150/1737
f 2338/1162/1683 2312/1151/1682 2387/1150/1737 2354/1161/1752
f 2399/918/1750 2391/1100/1695 2353/1163/1753 2400/918/1751
f 2391/1100/1695 2350/1101/1696 2352/1102/1697 2353/1163/1753
f 2389/1158/1747 2388/1082/1684 2402/1159/1744 2403/1158/1743
f 2325/1053/1658 2344/1052/1657 2401/1164/1754
f 2397/1083/1685 2388/1082/1684 2413/1082/1755 2417/1083/1756
f 2401/1164/1754 2404/1165/1757 2402/1159/1744
f 2390/1091/1692 2404/1166/1757 2401/1164/1754 2344/1052/1657
f 2390/1091/1692 2391/1100/1695 2405/1167/1758 2404/1166/1757
f 2382/1144/1731 2381/1142/1732 2410/1168/1759 2411/1144/1760
f 2408/1157/1742 2409/1156/1741 2424/1156/1761 2423/1157/1762
f 2407/1153/1739 2414/1152/1738 2412/1147/1734 2406/1149/1736
f 2384/1145/1733 2386/1155/1740 2387/1150/1737
f 2383/1148/1735 2385/1154/1686 2408/1157/1742 2406/1149/1736
f 2416/1160/1763 2417/1083/1756 2413/1082/1755 2415/1158/1764
f 2389/1158/1747 2396/1160/1748 2416/1160/1763 2415/1158/1764
f 2384/1145/1733 2382/1144/1731 2411/1144/1760 2414/1152/1738
f 2386/1155/1740 2384/1145/1733 2407/1153/1739 2409/1156/1741
f 2381/1142/1732 2383/1148/1735 2412/1169/1734 2410/1168/1759
f 2419/1158/1746 2418/1159/1745 2429/1166/1765 2420/1167/1766
f 2422/1153/1767 2421/1149/1768 2423/1157/1762 2424/1156/1761
f 2426/1152/1769 2425/1144/1770 2427/1168/1771 2428/1147/1772
f 2409/1156/1741 2407/1153/1739 2422/1153/1767 2424/1156/1761
f 2405/1167/1758 2403/1158/1743 2419/1158/1746 2420/1167/1766
f 2414/1152/1738 2411/1144/1760 2425/1144/1770 2426/1152/1769
f 2406/1149/1736 2408/1157/1742 2423/1157/1762 2421/1149/1768
f 2404/1166/1757 2405/1167/1758 2420/1167/1766 2429/1166/1765
f 2411/1144/1760 2410/1168/1759 2427/1168/1771 2425/1144/1770
f 2402/1159/1744 2404/1165/1757 2429/1165/1765 2418/1159/1745
f 2388/1082/1684 2389/1158/1747 2415/1158/1764 2413/1082/1755
f 2410/1168/1759 2412/1169/1734 2428/1169/1772 2427/1168/1771
f 2396/1160/1748 2397/1083/1685 2417/1083/1756 2416/1160/1763
f 2412/1147/1734 2414/1152/1738 2426/1152/1769 2428/1147/1772
f 2407/1153/1739 2406/1149/1736 2421/1149/1768 2422/1153/1767
f 2388/1082/1684 2401/1164/1754 2402/1159/1744
f 2401/1164/1754 2388/1082/1684 2385/1084/1686
f 2405/1167/1758 2391/1100/1695 2403/1158/1743
f 2357/1105/1690 2356/1106/1690 2360/1108/1699 2361/1116/1699
f 2358/1103/1690 2357/1105/1690 2361/1116/1699 2362/1113/1699
f 2324/1104/1664 2358/1103/1690 2362/1113/1699 2323/1112/1666
f 2326/1057/233 2324/1104/1664 2323/1058/1666 2327/1061/233
f 2430/1111/1702 2355/1088/1690 2433/1088/1773 2434/1170/1774
f 2432/1171/1775 2435/1172/1776 2451/1172/1777 2448/1171/1778
f 2355/1088/1690 2343/1087/1689 2432/1171/1775 2433/1088/1773
f 2343/1087/1689 2431/1173/1779 2435/1172/1776 2432/1171/1775
f 2431/1173/1779 2430/1111/1702 2434/1170/1774 2435/1172/1776
f 2437/1109/1700 2438/1174/1780 2454/1174/1781 2453/1109/1782
f 2360/1108/1699 2430/1111/1702 2438/1174/1780 2437/1109/1700
f 2431/1173/1779 2359/1107/1698 2436/1110/1701 2439/1175/1783
f 2430/1111/1702 2431/1173/1779 2439/1175/1783 2438/1174/1780
f 2434/1170/1774 2433/1088/1773 2449/1088/1784 2450/1170/1785
f 2364/1118/1703 2363/1119/1705 2440/1131/1717 2441/1176/1786
f 2367/1124/1708 2368/1120/1706 2443/1177/1787 2442/1128/1714
f 2368/1120/1706 2364/1118/1703 2441/1176/1786 2446/1178/1788 2447/1179/1789 2443/1177/1787
f 2446/1178/1788 2444/1130/1716 2445/1129/1715 2447/1179/1789
f 2436/1110/1701 2437/1109/1700 2453/1109/1782 2452/1110/1790
f 2449/1088/1784 2448/1171/1778 2451/1172/1777 2450/1170/1785
f 2454/1174/1781 2455/1175/1791 2452/1110/1790 2453/1109/1782
f 2460/1179/1792 2461/1129/1793 2458/1128/1794 2459/1177/1795
f 2457/1176/1796 2456/1131/1797 2462/1130/1798 2463/1178/1799
f 2441/1176/1786 2440/1131/1717 2456/1131/1797 2457/1176/1796
f 2439/1175/1783 2436/1110/1701 2452/1110/1790 2455/1175/1791
f 2440/1131/1717 2444/1130/1716 2462/1130/1798 2456/1131/1797
f 2435/1172/1776 2434/1170/1774 2450/1170/1785 2451/1172/1777
f 2442/1128/1714 2443/1177/1787 2459/1177/1795 2458/1128/1794
f 2438/1174/1780 2439/1175/1783 2455/1175/1791 2454/1174/1781
f 2443/1177/1787 2447/1179/1789 2460/1179/1792 2459/1177/1795
f 2446/1178/1788 2441/1176/1786 2457/1176/1796 2463/1178/1799
f 2445/1129/1715 2442/1128/1714 2458/1128/1794 2461/1129/1793
f 2447/1179/1789 2445/1129/1715 2461/1129/1793 2460/1179/1792
f 2433/1088/1773 2432/1171/1775 2448/1171/1778 2449/1088/1784
f 2444/1130/1716 2446/1178/1788 2463/1178/1799 2462/1130/1798
f 2469/1123/1800 2470/1122/1801 2471/1127/1729 2468/1180/1710
f 2468/1180/1710 2471/1127/1729 2472/1135/1721 2467/1181/1711
f 2467/1181/1711 2472/1135/1721 2473/1137/1724 2466/1182/1723
f 2466/1182/1723 2473/1137/1724 2474/1138/1727 2465/1183/1802
f 2465/1183/1802 2474/1138/1727 2475/1132/1720 2464/1133/1719
f 2374/1135/1722 2376/1137/1725 2473/1137/1724 2472/1135/1721
f 2315/1074/1678 2316/1072/1677 2465/1072/1802 2464/1074/1719
f 2378/1138/1726 2380/1132/1718 2475/1132/1720 2474/1138/1727
f 2319/1066/1672 2320/1064/1670 2469/1064/1800 2468/1066/1710
f 2370/1122/1707 2372/1127/1713 2471/1127/1729 2470/1122/1801
f 2320/1123/1670 2370/1122/1707 2470/1122/1801 2469/1123/1800
f 2316/1072/1677 2317/1070/1676 2466/1070/1723 2465/1072/1802
f 2476/890/1803 2477/891/1804 2479/323/1805 2478/351/1806
f 2478/351/1806 2479/323/1805 2483/289/1807 2482/293/1808
f 2482/293/1808 2483/289/1807 2481/36/1809 2480/98/1810
f 2480/98/1810 2481/36/1809 2477/268/1804 2476/297/1803
f 2478/341/1806 2482/293/1808 2480/98/1810 2476/167/1803
f 2483/289/1807 2479/374/1805 2477/235/1804 2481/36/1809
f 2484/890/1811 2485/891/1812 2487/323/1813 2486/351/1814
f 2486/351/1814 2487/323/1813 2491/289/1815 2490/293/1816
f 2490/293/1816 2491/289/1815 2489/36/1817 2488/98/1818
f 2488/98/1818 2489/36/1817 2485/268/1812 2484/297/1811
f 2486/341/1814 2490/293/1816 2488/98/1818 2484/167/1811
f 2491/289/1815 2487/374/1813 2485/235/1812 2489/36/1817
f 2385/1154/1686 2383/1148/1735 2506/1148/1819 2507/1154/1820
f 2381/1142/1732 2379/1140/1730 2504/1140/1821 2505/1142/1822
f 2343/1087/1689 2340/1086/1688 2494/1086/1823 2495/1087/1824
f 2375/1136/1724 2373/1134/1721 2501/1134/1825 2502/1136/1725
f 2369/1125/1709 2367/1124/1708 2498/1124/1826 2499/1125/1827
f 2383/1148/1735 2381/1142/1732 2505/1142/1822 2506/1148/1819
f 2377/1139/1728 2375/1136/1724 2502/1136/1725 2503/1139/1726
f 2371/1126/1712 2369/1125/1709 2499/1125/1827 2500/1126/1828
f 2431/1173/1779 2343/1087/1689 2495/1087/1824 2509/1173/1779
f 2359/1107/1698 2431/1173/1779 2509/1173/1779 2496/1107/1829
f 2367/1124/1708 2363/1119/1705 2497/1119/1830 2498/1124/1826
f 2363/1119/1705 2359/1107/1698 2496/1107/1829 2497/1119/1830
f 2379/1140/1730 2377/1139/1728 2503/1139/1726 2504/1140/1821
f 2311/289/1659 2325/1053/1658 2493/1053/1831 2492/289/1832
f 2401/1164/1754 2385/1084/1686 2507/1084/1820 2508/1164/1833
f 2325/1053/1658 2401/1164/1754 2508/1164/1833 2493/1053/1831
f 2373/1134/1721 2371/1126/1712 2500/1126/1828 2501/1134/1825
f 2502/1136/1725 2501/1134/1825 2519/1134/1834 2520/1136/1835
f 2492/289/1832 2493/1053/1831 2511/1053/1836 2510/289/1837
f 2493/1053/1831 2508/1164/1833 2526/1164/1838 2511/1053/1836
f 2503/1139/1726 2502/1136/1725 2520/1136/1835 2521/1139/1839
f 2495/1087/1824 2494/1086/1823 2512/1086/1840 2513/1087/1841
f 2509/1173/1779 2495/1087/1824 2513/1087/1841 2527/1173/1842
f 2504/1140/1821 2503/1139/1726 2521/1139/1839 2522/1140/1843
f 2497/1119/1830 2496/1107/1829 2514/1107/1844 2515/1119/1845
f 2505/1142/1822 2504/1140/1821 2522/1140/1843 2523/1142/1846
f 2499/1125/1827 2498/1124/1826 2516/1124/1847 2517/1125/1848
f 2506/1148/1819 2505/1142/1822 2523/1142/1846 2524/1148/1849
f 2500/1126/1828 2499/1125/1827 2517/1125/1848 2518/1126/1850
f 2507/1154/1820 2506/1148/1819 2524/1148/1849 2525/1154/1851
f 2498/1124/1826 2497/1119/1830 2515/1119/1845 2516/1124/1847
f 2496/1107/1829 2509/1173/1779 2527/1173/1842 2514/1107/1844
f 2501/1134/1825 2500/1126/1828 2518/1126/1850 2519/1134/1834
f 2508/1164/1833 2507/1084/1820 2525/1084/1851 2526/1164/1838
f 2522/1140/1843 2521/1139/1839 2539/1139/1852 2540/1140/1853
f 2515/1119/1845 2514/1107/1844 2532/1107/1854 2533/1119/1855
f 2523/1142/1846 2522/1140/1843 2540/1140/1853 2541/1142/1856
f 2517/1125/1848 2516/1124/1847 2534/1124/1857 2535/1125/1858
f 2524/1148/1849 2523/1142/1846 2541/1142/1856 2542/1148/1859
f 2518/1126/1850 2517/1125/1848 2535/1125/1858 2536/1126/1860
f 2525/1154/1851 2524/1148/1849 2542/1148/1859 2543/1154/1861
f 2516/1124/1847 2515/1119/1845 2533/1119/1855 2534/1124/1857
f 2514/1107/1844 2527/1173/1842 2545/1173/1862 2532/1107/1854
f 2519/1134/1834 2518/1126/1850 2536/1126/1860 2537/1134/1863
f 2526/1164/1838 2525/1084/1851 2543/1084/1861 2544/1164/1864
f 2520/1136/1835 2519/1134/1834 2537/1134/1863 2538/1136/1865
f 2510/289/1837 2511/1053/1836 2529/1053/1866 2528/289/1867
f 2511/1053/1836 2526/1164/1838 2544/1164/1864 2529/1053/1866
f 2521/1139/1839 2520/1136/1835 2538/1136/1865 2539/1139/1852
f 2513/1087/1841 2512/1086/1840 2530/1086/1868 2531/1087/1869
f 2527/1173/1842 2513/1087/1841 2531/1087/1869 2545/1173/1862
f 2340/1086/1688 2530/1086/1868 2512/1086/1840 2494/1086/1823
f 2340/1086/1688 2339/1093/1694 2530/1086/1868
f 2311/289/1659 2510/289/1837 2528/289/1867 2310/36/1661
f 2492/289/1832 2510/289/1837 2311/289/1659
f 2599/1184/1870 2598/1185/1871 2597/1186/1872 2613/1187/1873 2612/1188/1874 2611/1189/1875 2610/1190/1876 2587/1191/1877 2586/1192/1878 2585/1193/1879 2584/1194/1880 2583/1195/1881 2582/1196/1882 2581/1197/1883 2580/1198/1884 2579/918/1885 2596/1199/1886 2595/1200/1887 2594/1201/1888 2593/1202/1889 2592/1203/1890
f 2564/1204/1891 2565/1205/1892 2566/1206/1893 2567/1207/1894 2568/1208/1895 2569/1209/1896 2570/1210/1897 2555/1211/1898 2556/1212/1899 2557/1213/1900 2558/1202/1901 2559/1201/1902 2560/1200/1903 2561/1199/1904 2546/918/1905 2547/1198/1906 2548/1197/1907 2549/1196/1908 2577/1214/1909 2578/1187/1910 2562/1186/1911 2563/1184/1912
f 2550/1195/1913 2549/1196/1908 2582/1196/1882 2583/1195/1881
f 2608/1215/1914 2607/1216/1915 2606/1217/1916 2605/1209/1917 2604/1208/1918 2603/1207/1919 2602/1206/1920 2601/1205/1921 2600/1204/1922 2599/1184/1870 2592/1203/1890 2591/1213/1923 2590/1212/1924 2589/1211/1925 2588/1218/1926 2587/1191/1877 2610/1190/1876 2609/1219/1927
f 2555/1211/1898 2570/1210/1897 2571/1217/1928 2572/1216/1929 2573/1215/1930 2574/1219/1931 2575/1189/1932 2576/1188/1933 2577/1214/1909 2549/1196/1908 2550/1195/1913 2551/1194/1934 2552/1193/1935 2553/1192/1936 2554/1218/1937
f 2547/1198/1906 2546/918/1905 2579/918/1885 2580/1198/1884
f 2563/1184/1912 2562/1186/1911 2597/1186/1872 2598/1185/1871 2599/1184/1870
f 2557/1213/1900 2556/1212/1899 2590/1212/1924 2591/1213/1923
f 2567/1207/1894 2566/1206/1893 2602/1206/1920 2603/1207/1919
f 2553/1192/1936 2552/1193/1935 2585/1193/1879 2586/1192/1878
f 2569/1209/1896 2568/1208/1895 2604/1208/1918 2605/1209/1917
f 2560/1200/1903 2559/1201/1902 2594/1201/1888 2595/1200/1887
f 2562/1186/1911 2578/1187/1910 2613/1187/1873 2597/1186/1872
f 2555/1211/1898 2554/1218/1937 2588/1218/1926 2589/1211/1925
f 2566/1206/1893 2565/1205/1892 2601/1205/1921 2602/1206/1920
f 2571/1217/1928 2570/1210/1897 2569/1209/1896 2605/1209/1917 2606/1217/1916
f 2572/1216/1929 2571/1217/1928 2606/1217/1916 2607/1216/1915
f 2561/1199/1904 2560/1200/1903 2595/1200/1887 2596/1199/1886
f 2576/1188/1933 2575/1189/1932 2611/1189/1875 2612/1188/1874
f 2551/1194/1934 2550/1195/1913 2583/1195/1881 2584/1194/1880
f 2575/1189/1932 2574/1219/1931 2609/1219/1927 2610/1190/1876 2611/1189/1875
f 2552/1193/1935 2551/1194/1934 2584/1194/1880 2585/1193/1879
f 2574/1219/1931 2573/1215/1930 2608/1215/1914 2609/1219/1927
f 2573/1215/1930 2572/1216/1929 2607/1216/1915 2608/1215/1914
f 2554/1218/1937 2553/1192/1936 2586/1192/1878 2587/1191/1877 2588/1218/1926
f 2559/1201/1902 2558/1202/1901 2593/1202/1889 2594/1201/1888
f 2564/1204/1891 2563/1184/1912 2599/1184/1870 2600/1204/1922
f 2556/1212/1899 2555/1211/1898 2589/1211/1925 2590/1212/1924
f 2546/918/1905 2561/1199/1904 2596/1199/1886 2579/918/1885
f 2565/1205/1892 2564/1204/1891 2600/1204/1922 2601/1205/1921
f 2558/1202/1901 2557/1213/1900 2591/1213/1923 2592/1203/1890 2593/1202/1889
f 2568/1208/1895 2567/1207/1894 2603/1207/1919 2604/1208/1918
f 2578/1187/1910 2577/1214/1909 2576/1188/1933 2612/1188/1874 2613/1187/1873
f 2548/1197/1907 2547/1198/1906 2580/1198/1884 2581/1197/1883
f 2549/1196/1908 2548/1197/1907 2581/1197/1883 2582/1196/1882
f 2632/1220/1938 2633/1221/1939 2634/1222/1940 2635/1223/1941 2636/1224/1942 2637/1225/1943 2638/1226/1944 2639/1227/1945 2614/1228/1946 2615/1229/1947 2616/1230/1948 2617/1231/1949 2618/1232/1950 2619/1233/1951 2620/1234/1952 2621/1235/1953 2622/1236/1954 2623/1192/1955 2624/1237/1956 2625/1238/1957 2626/1239/1958 2651/1240/1959 2652/1241/1960 2653/1242/1961 2654/1243/1962 2655/1244/1963 2656/1245/1964 2657/1246/1965 2658/1247/1966 2659/1248/1967 2660/1249/1968 2661/1250/1969 2662/1251/1970 2663/1187/1971 2640/1252/1972 2641/1253/1973 2642/1254/1974 2643/1255/1975 2644/1204/1976 2645/1256/1977 2646/1257/1978 2647/1258/1979 2648/1259/1980 2649/1260/1981 2629/1261/1982 2630/1262/1983 2631/1263/1984
f 2627/1264/1985 2628/1265/1986 2629/1261/1982 2649/1260/1981 2650/1266/1987 2651/1240/1959 2626/1239/1958
f 2695/1256/1988 2694/1204/1989 2693/1255/1990 2692/1254/1991 2691/1253/1992 2690/1252/1993 2714/1187/1994 2713/1251/1995 2712/1250/1996 2711/1249/1997 2710/1248/1998 2709/1247/1999 2708/1246/2000 2707/1245/2001 2706/1244/2002 2705/1243/2003 2704/1242/2004 2703/1241/2005 2702/1240/2006 2701/1266/2007 2700/1260/2008 2699/1259/2009 2698/1258/2010 2697/1257/2011 2696/1267/2012 2679/1268/2013 2678/1262/2014 2677/1265/2015 2676/1264/2016 2675/1238/2017 2674/1237/2018 2673/1192/2019 2672/1236/2020 2671/1235/2021 2670/1234/2022 2669/1233/2023 2668/1232/2024 2667/1231/2025 2666/1230/2026 2665/1229/2027 2664/1228/2028 2689/1227/2029 2688/1226/2030 2687/1225/2031 2686/1269/2032
f 2646/1257/1978 2645/1256/1977 2695/1256/1988 2696/1267/2012 2697/1257/2011
f 2679/1268/2013 2696/1267/2012 2695/1256/1988 2686/1269/2032 2685/1224/2033 2684/1223/2034 2683/1222/2035 2682/1221/2036 2681/1220/2037 2680/1263/2038
f 2658/1247/1966 2657/1246/1965 2708/1246/2000 2709/1247/1999
f 2639/1227/1945 2638/1226/1944 2688/1226/2030 2689/1227/2029
f 2624/1237/1956 2623/1192/1955 2673/1192/2019 2674/1237/2018
f 2650/1266/1987 2649/1260/1981 2700/1260/2008 2701/1266/2007
f 2661/1250/1969 2660/1249/1968 2711/1249/1997 2712/1250/1996
f 2622/1236/1954 2621/1235/1953 2671/1235/2021 2672/1236/2020
f 2636/1224/1942 2635/1223/1941 2684/1223/2034 2685/1224/2033
f 2634/1222/1940 2633/1221/1939 2682/1221/2036 2683/1222/2035
f 2625/1238/1957 2624/1237/1956 2674/1237/2018 2675/1238/2017
f 2657/1246/1965 2656/1245/1964 2707/1245/2001 2708/1246/2000
f 2638/1226/1944 2637/1225/1943 2687/1225/2031 2688/1226/2030
f 2663/1187/1971 2662/1251/1970 2713/1251/1995 2714/1187/1994
f 2617/1231/1949 2616/1230/1948 2666/1230/2026 2667/1231/2025
f 2644/1204/1976 2643/1255/1975 2693/1255/1990 2694/1204/1989
f 2642/1254/1974 2641/1253/1973 2691/1253/1992 2692/1254/1991
f 2654/1243/1962 2653/1242/1961 2704/1242/2004 2705/1243/2003
f 2623/1192/1955 2622/1236/1954 2672/1236/2020 2673/1192/2019
f 2632/1220/1938 2631/1263/1984 2680/1263/2038 2681/1220/2037
f 2633/1221/1939 2632/1220/1938 2681/1220/2037 2682/1221/2036
f 2616/1230/1948 2615/1229/1947 2665/1229/2027 2666/1230/2026
f 2619/1233/1951 2618/1232/1950 2668/1232/2024 2669/1233/2023
f 2653/1242/1961 2652/1241/1960 2703/1241/2005 2704/1242/2004
f 2640/1252/1972 2663/1187/1971 2714/1187/1994 2690/1252/1993
f 2645/1256/1977 2644/1204/1976 2694/1204/1989 2695/1256/1988
f 2647/1258/1979 2646/1257/1978 2697/1257/2011 2698/1258/2010
f 2652/1241/1960 2651/1240/1959 2702/1240/2006 2703/1241/2005
f 2641/1253/1973 2640/1252/1972 2690/1252/1993 2691/1253/1992
f 2651/1240/1959 2650/1266/1987 2701/1266/2007 2702/1240/2006
f 2614/1228/1946 2639/1227/1945 2689/1227/2029 2664/1228/2028
f 2659/1248/1967 2658/1247/1966 2709/1247/1999 2710/1248/1998
f 2649/1260/1981 2648/1259/1980 2699/1259/2009 2700/1260/2008
f 2643/1255/1975 2642/1254/1974 2692/1254/1991 2693/1255/1990
f 2621/1235/1953 2620/1234/1952 2670/1234/2022 2671/1235/2021
f 2635/1223/1941 2634/1222/1940 2683/1222/2035 2684/1223/2034
f 2662/1251/1970 2661/1250/1969 2712/1250/1996 2713/1251/1995
f 2655/1244/1963 2654/1243/1962 2705/1243/2003 2706/1244/2002
f 2660/1249/1968 2659/1248/1967 2710/1248/1998 2711/1249/1997
f 2648/1259/1980 2647/1258/1979 2698/1258/2010 2699/1259/2009
f 2618/1232/1950 2617/1231/1949 2667/1231/2025 2668/1232/2024
f 2637/1225/1943 2636/1224/1942 2685/1224/2033 2686/1269/2032 2687/1225/2031
f 2615/1229/1947 2614/1228/1946 2664/1228/2028 2665/1229/2027
f 2628/1265/1986 2627/1264/1985 2676/1264/2016 2677/1265/2015
f 2620/1234/1952 2619/1233/1951 2669/1233/2023 2670/1234/2022
f 2631/1263/1984 2630/1262/1983 2678/1262/2014 2679/1268/2013 2680/1263/2038
f 2656/1245/1964 2655/1244/1963 2706/1244/2002 2707/1245/2001
f 2629/1261/1982 2628/1265/1986 2677/1265/2015 2678/1262/2014 2630/1262/1983
f 2626/1239/1958 2625/1238/1957 2675/1238/2017 2676/1264/2016 2627/1264/1985
f 2743/1270/2039 2744/1271/2040 2745/1272/2041 2746/1273/2042 2747/1274/2043 2748/1275/2044 2749/1276/2045 2750/1277/2046 2751/1278/2047 2752/1279/2048 2753/1280/2048 2754/1281/2048 2755/1187/2049 2715/918/2050 2800/1282/2051 2716/1283/2052 2717/1284/2053 2718/1285/2054 2719/1286/2055 2720/1287/2056 2721/1288/2057 2722/1289/2058 2723/1290/2059 2724/1291/2060 2725/1292/2061 2726/1293/2062 2727/1294/2063 2728/1295/2064 2729/1296/2065 2730/1297/2066 2731/1298/2067 2732/1299/2068 2733/1300/2068 2734/1301/2069 2735/1302/2070 2802/1303/2071 2736/1304/2072 2737/1305/2073 2738/1306/2074 2739/1307/2075 2740/1308/2076 2741/1309/2077 2742/1310/2078
f 2756/918/2079 2799/1187/2080 2798/1281/2081 2797/1280/2081 2796/1279/2081 2795/1278/2082 2794/1311/2083 2761/1312/2084 2760/1286/2085 2759/1285/2086 2758/1284/2087 2757/1283/2088 2801/1282/2089
f 2793/1313/2090 2761/1312/2084 2794/1311/2083
f 2761/1312/2084 2793/1313/2090 2792/1277/2091 2791/1276/2092 2790/1275/2093 2789/1274/2094 2788/1273/2095 2787/1272/2096 2786/1271/2097 2785/1270/2098 2784/1310/2099 2783/1309/2100 2782/1308/2101 2781/1307/2102 2780/1306/2103 2779/1305/2104 2778/1304/2105 2803/1303/2106 2777/1302/2107 2776/1301/2108 2775/1300/2109 2774/1299/2109 2773/1298/2110 2772/1297/2111 2771/1296/2112 2770/1295/2113 2769/1294/2114 2768/1293/2115 2767/1292/2116 2766/1291/2117 2765/1290/2118 2764/1289/2119 2763/1288/2120 2762/1287/2121
f 2750/1277/2046 2749/1276/2045 2791/1276/2092 2792/1277/2091
f 2748/1275/2044 2747/1274/2043 2789/1274/2094 2790/1275/2093
f 2717/1284/2053 2716/1283/2052 2757/1283/2088 2758/1284/2087
f 2743/1270/2039 2742/1310/2078 2784/1310/2099 2785/1270/2098
f 2738/1306/2074 2737/1305/2073 2779/1305/2104 2780/1306/2103
f 2731/1298/2067 2730/1297/2066 2772/1297/2111 2773/1298/2110
f 2715/918/2050 2755/1187/2049 2799/1187/2080 2756/918/2079
f 2726/1293/2062 2725/1292/2061 2767/1292/2116 2768/1293/2115
f 2744/1271/2040 2743/1270/2039 2785/1270/2098 2786/1271/2097
f 2719/1286/2055 2718/1285/2054 2759/1285/2086 2760/1286/2085
f 2721/1288/2057 2720/1287/2056 2762/1287/2121 2763/1288/2120
f 2727/1294/2063 2726/1293/2062 2768/1293/2115 2769/1294/2114
f 2740/1308/2076 2739/1307/2075 2781/1307/2102 2782/1308/2101
f 2722/1289/2058 2721/1288/2057 2763/1288/2120 2764/1289/2119
f 2720/1287/2056 2719/1286/2055 2760/1286/2085 2761/1312/2084 2762/1287/2121
f 2746/1273/2042 2745/1272/2041 2787/1272/2096 2788/1273/2095
f 2747/1274/2043 2746/1273/2042 2788/1273/2095 2789/1274/2094
f 2749/1276/2045 2748/1275/2044 2790/1275/2093 2791/1276/2092
f 2739/1307/2075 2738/1306/2074 2780/1306/2103 2781/1307/2102
f 2745/1272/2041 2744/1271/2040 2786/1271/2097 2787/1272/2096
f 2800/1282/2051 2715/918/2050 2756/918/2079 2801/1282/2089
f 2728/1295/2064 2727/1294/2063 2769/1294/2114 2770/1295/2113
f 2718/1285/2054 2717/1284/2053 2758/1284/2087 2759/1285/2086
f 2741/1309/2077 2740/1308/2076 2782/1308/2101 2783/1309/2100
f 2735/1302/2070 2734/1301/2069 2776/1301/2108 2777/1302/2107
f 2730/1297/2066 2729/1296/2065 2771/1296/2112 2772/1297/2111
f 2723/1290/2059 2722/1289/2058 2764/1289/2119 2765/1290/2118
f 2724/1291/2060 2723/1290/2059 2765/1290/2118 2766/1291/2117
f 2737/1305/2073 2736/1304/2072 2778/1304/2105 2779/1305/2104
f 2725/1292/2061 2724/1291/2060 2766/1291/2117 2767/1292/2116
f 2752/1279/2048 2751/1278/2047 2795/1278/2082 2796/1279/2081 2797/1280/2081 2798/1281/2081 2799/1187/2080 2755/1187/2049 2754/1281/2048 2753/1280/2048
f 2732/1299/2068 2731/1298/2067 2773/1298/2110 2774/1299/2109 2775/1300/2109 2776/1301/2108 2734/1301/2069 2733/1300/2068
f 2802/1303/2071 2735/1302/2070 2777/1302/2107 2803/1303/2106
f 2729/1296/2065 2728/1295/2064 2770/1295/2113 2771/1296/2112
f 2742/1310/2078 2741/1309/2077 2783/1309/2100 2784/1310/2099
f 2751/1278/2047 2750/1277/2046 2792/1277/2091 2793/1313/2090 2794/1311/2083 2795/1278/2082
f 2716/1283/2052 2800/1282/2051 2801/1282/2089 2757/1283/2088
f 2736/1304/2072 2802/1303/2071 2803/1303/2106 2778/1304/2105
f 2827/1314/2122 2825/1315/2123 2826/1316/1252
f 2827/1314/2122 2824/1317/2124 2825/1315/2123
f 2806/1318/2125 2804/918/2123 2805/1319/1252
f 2806/1318/2125 2837/1187/415 2804/918/2123
f 2827/1314/2122 2823/1320/2126 2824/1205/2124
f 2828/1321/2127 2823/1320/2126 2827/1314/2122
f 2819/1322/2128 2833/918/2129 2834/918/2130 2818/918/2131
f 2829/1323/2132 2822/1324/2133 2828/1321/2127
f 2828/1321/2127 2822/1324/2133 2823/1325/2126
f 2822/1326/2133 2829/1323/2132 2830/1208/2134 2821/1327/2135
f 2821/1327/2135 2830/1208/2134 2820/1328/2136
f 2831/1329/2137 2820/1328/2136 2830/1208/2134
f 2831/1329/2137 2819/1322/2128 2820/1328/2136
f 2832/1330/2138 2819/1322/2128 2831/1329/2137
f 2816/918/2139 2817/1331/2140 2835/918/2141 2836/918/2142
f 2832/1330/2138 2833/918/2129 2819/1322/2128
f 2837/1187/415 2806/1332/2125 2807/918/2143 2842/918/415
f 2809/918/2144 2844/918/415 2843/918/415 2808/918/2145
f 2810/918/2146 2845/918/1224 2844/918/415 2809/918/2144
f 2810/918/2146 2811/918/2147 2849/918/241 2845/918/1224
f 2811/918/2147 2812/918/2148 2841/918/2149 2849/918/241
f 2815/918/2150 2816/918/2139 2836/918/2142 2838/918/2151
f 2814/918/2152 2815/918/2150 2838/918/2151 2839/918/2151
f 2813/918/2153 2814/918/2152 2839/918/2151 2840/918/2151
f 2846/918/2154 2850/918/2155 2849/918/241 2841/918/2149
f 2848/918/2156 2849/918/241 2850/918/2155
f 2845/918/1224 2849/918/241 2848/918/2156 2847/918/1241
f 2835/918/2141 2817/1331/2140 2818/918/2131 2834/918/2130
f 2812/918/2148 2813/918/2153 2840/918/2151 2841/918/2149
f 2808/918/2145 2843/918/415 2842/918/415 2807/918/2143
f 2874/1314/2157 2873/1316/1649 2872/1315/2158
f 2874/1314/2157 2872/1315/2158 2871/1317/2159
f 2853/1318/2160 2852/1319/1649 2851/918/2158
f 2853/1318/2160 2851/918/2158 2884/1187/411
f 2874/1314/2157 2871/1205/2159 2870/1320/2161
f 2875/1321/2162 2874/1314/2157 2870/1320/2161
f 2866/1322/2163 2865/918/2164 2881/918/2165 2880/918/2166
f 2876/1323/2167 2875/1321/2162 2869/1324/2168
f 2875/1321/2162 2870/1325/2161 2869/1324/2168
f 2869/1326/2168 2868/1327/2169 2877/1208/2170 2876/1323/2167
f 2868/1327/2169 2867/1328/2171 2877/1208/2170
f 2878/1329/2172 2877/1208/2170 2867/1328/2171
f 2878/1329/2172 2867/1328/2171 2866/1322/2163
f 2879/1330/2173 2878/1329/2172 2866/1322/2163
f 2863/918/2174 2883/918/2175 2882/918/2176 2864/1331/2177
f 2879/1330/2173 2866/1322/2163 2880/918/2166
f 2884/1187/411 2889/918/411 2854/918/2178 2853/1332/2160
f 2856/918/2179 2855/918/2180 2890/918/411 2891/918/411
f 2857/918/2181 2856/918/2179 2891/918/411 2892/918/2182
f 2857/918/2181 2892/918/2182 2896/918/230 2858/918/2183
f 2858/918/2183 2896/918/230 2888/918/2184 2859/918/2185
f 2862/918/2186 2885/918/236 2883/918/2175 2863/918/2174
f 2861/918/2187 2886/918/236 2885/918/236 2862/918/2186
f 2860/918/2188 2887/918/2189 2886/918/236 2861/918/2187
f 2893/918/2190 2888/918/2184 2896/918/230 2897/918/2191
f 2895/918/2192 2897/918/2191 2896/918/230
f 2892/918/2182 2894/918/2193 2895/918/2192 2896/918/230
f 2882/918/2176 2881/918/2165 2865/918/2164 2864/1331/2177
f 2859/918/2185 2888/918/2184 2887/918/2189 2860/918/2188
f 2855/918/2180 2854/918/2178 2889/918/411 2890/918/411
f 2818/918/2131 2865/918/2164 2866/1322/2163 2819/1322/2128
f 2805/1319/1252 2852/1319/1649 2853/1318/2160 2806/1318/2125
f 2820/1328/2136 2867/1328/2171 2868/1327/2169 2821/1327/2135
f 2843/918/415 2890/918/411 2889/918/411 2842/918/415
f 2822/1324/2133 2869/1324/2168 2870/1325/2161 2823/1325/2126
f 2815/918/2150 2862/918/2186 2863/918/2174 2816/918/2139
f 2830/1208/2134 2877/1208/2170 2878/1329/2172 2831/1329/2137
f 2844/918/415 2891/918/411 2890/918/411 2843/918/415
f 2828/1321/2127 2875/1321/2162 2876/1323/2167 2829/1323/2132
f 2816/918/2139 2863/918/2174 2864/1331/2177 2817/1331/2140
f 2804/918/2123 2851/918/2158 2852/1319/1649 2805/1319/1252
f 2845/918/1224 2892/918/2182 2891/918/411 2844/918/415
f 2817/1331/2140 2864/1331/2177 2865/918/2164 2818/918/2131
f 2806/1332/2125 2853/1332/2160 2854/918/2178 2807/918/2143
f 2841/918/2149 2888/918/2184 2893/918/2190 2846/918/2154
f 2807/918/2143 2854/918/2178 2855/918/2180 2808/918/2145
f 2832/1330/2138 2879/1330/2173 2880/918/2166 2833/918/2129
f 2837/1187/415 2884/1187/411 2851/918/2158 2804/918/2123
f 2848/918/2156 2895/918/2192 2894/918/2193 2847/918/1241
f 2833/918/2129 2880/918/2166 2881/918/2165 2834/918/2130
f 2811/918/2147 2858/918/2183 2859/918/2185 2812/918/2148
f 2834/918/2130 2881/918/2165 2882/918/2176 2835/918/2141
f 2846/918/2154 2893/918/2190 2897/918/2191 2850/918/2155
f 2812/918/2148 2859/918/2185 2860/918/2188 2813/918/2153
f 2808/918/2145 2855/918/2180 2856/918/2179 2809/918/2144
f 2835/918/2141 2882/918/2176 2883/918/2175 2836/918/2142
f 2829/1323/2132 2876/1323/2167 2877/1208/2170 2830/1208/2134
f 2836/918/2142 2883/918/2175 2885/918/236 2838/918/2151
f 2850/918/2155 2897/918/2191 2895/918/2192 2848/918/2156
f 2823/1320/2126 2870/1320/2161 2871/1205/2159 2824/1205/2124
f 2819/1322/2128 2866/1322/2163 2867/1328/2171 2820/1328/2136
f 2826/1316/1252 2873/1316/1649 2874/1314/2157 2827/1314/2122
f 2809/918/2144 2856/918/2179 2857/918/2181 2810/918/2146
f 2838/918/2151 2885/918/236 2886/918/236 2839/918/2151
f 2827/1314/2122 2874/1314/2157 2875/1321/2162 2828/1321/2127
f 2831/1329/2137 2878/1329/2172 2879/1330/2173 2832/1330/2138
f 2839/918/2151 2886/918/236 2887/918/2189 2840/918/2151
f 2825/1315/2123 2872/1315/2158 2873/1316/1649 2826/1316/1252
f 2821/1327/2135 2868/1327/2169 2869/1326/2168 2822/1326/2133
f 2847/918/1241 2894/918/2193 2892/918/2182 2845/918/1224
f 2813/918/2153 2860/918/2188 2861/918/2187 2814/918/2152
f 2810/918/2146 2857/918/2181 2858/918/2183 2811/918/2147
f 2840/918/2151 2887/918/2189 2888/918/2184 2841/918/2149
f 2814/918/2152 2861/918/2187 2862/918/2186 2815/918/2150
f 2824/1317/2124 2871/1317/2159 2872/1315/2158 2825/1315/2123
f 2842/918/415 2889/918/411 2884/1187/411 2837/1187/415
f 2903/1333/2194 2901/1334/2195 2902/1335/1650
f 2903/1333/2194 2905/1336/2196 2901/1334/2195
f 2905/1336/2196 2900/1337/2197 2901/1334/2195
f 2900/1337/2197 2898/918/2198 2899/1338/1650
f 2900/1337/2197 2907/1187/2199 2898/918/2198
f 2903/1333/2194 2904/1339/331 2905/1336/2196
f 2906/1340/2200 2900/1337/2197 2905/1336/2196
f 2906/1340/2200 2907/1187/2199 2900/1337/2197
f 2913/1333/2201 2912/1335/1241 2911/1334/2202
f 2913/1333/2201 2911/1334/2202 2915/1336/2203
f 2915/1336/2203 2911/1334/2202 2910/1337/2204
f 2910/1337/2204 2909/1338/2205 2908/918/2206
f 2910/1337/2204 2908/918/2206 2917/1187/258
f 2913/1333/2201 2915/1336/2203 2914/1339/2207
f 2916/1340/2208 2915/1336/2203 2910/1337/2204
f 2916/1340/2208 2910/1337/2204 2917/1187/258
f 2903/1333/2194 2902/1335/1650 2912/1335/1241 2913/1333/2201
f 2902/1335/1650 2901/1334/2195 2911/1334/2202 2912/1335/1241
f 2901/1334/2195 2900/1337/2197 2910/1337/2204 2911/1334/2202
f 2900/1337/2197 2899/1338/1650 2909/1338/2205 2910/1337/2204
f 2899/1338/1650 2898/918/2198 2908/918/2206 2909/1338/2205
f 2898/918/2198 2907/1187/2199 2917/1187/258 2908/918/2206
f 2904/1339/331 2903/1333/2194 2913/1333/2201 2914/1339/2207
f 2905/1336/2196 2904/1339/331 2914/1339/2207 2915/1336/2203
f 2906/1340/2200 2905/1336/2196 2915/1336/2203 2916/1340/2208
f 2907/1187/2199 2906/1340/2200 2916/1340/2208 2917/1187/258
f 2924/1204/2209 2922/1341/2210 2923/1342/1252
f 2924/1204/2209 2921/1343/2211 2922/1341/2210
f 2921/1343/2211 2919/1344/2212 2920/1192/2213
f 2921/1343/2211 2918/918/2214 2919/1344/2212
f 2924/1204/2209 2926/1217/2215 2921/1343/2211
f 2926/1217/2215 2918/918/2214 2921/1343/2211
f 2926/1217/2215 2928/1187/2216 2918/918/2214
f 2924/1204/2209 2925/1345/503 2926/1217/2215
f 2927/1346/2217 2928/1187/2216 2926/1217/2215
f 2935/1204/2199 2934/1342/1649 2933/1341/2158
f 2935/1204/2199 2933/1341/2158 2932/1343/2218
f 2932/1343/2218 2931/1192/2219 2930/1344/2220
f 2932/1343/2218 2930/1344/2220 2929/918/2221
f 2935/1204/2199 2932/1343/2218 2937/1217/2222
f 2937/1217/2222 2932/1343/2218 2929/918/2221
f 2937/1217/2222 2929/918/2221 2939/1187/2223
f 2935/1204/2199 2937/1217/2222 2936/1345/504
f 2938/1346/2224 2937/1217/2222 2939/1187/2223
f 2924/1204/2209 2923/1342/1252 2934/1342/1649 2935/1204/2199
f 2923/1342/1252 2922/1341/2210 2933/1341/2158 2934/1342/1649
f 2922/1341/2210 2921/1343/2211 2932/1343/2218 2933/1341/2158
f 2921/1343/2211 2920/1192/2213 2931/1192/2219 2932/1343/2218
f 2920/1192/2213 2919/1344/2212 2930/1344/2220 2931/1192/2219
f 2919/1344/2212 2918/918/2214 2929/918/2221 2930/1344/2220
f 2918/918/2214 2928/1187/2216 2939/1187/2223 2929/918/2221
f 2925/1345/503 2924/1204/2209 2935/1204/2199 2936/1345/504
f 2926/1217/2215 2925/1345/503 2936/1345/504 2937/1217/2222
f 2927/1346/2217 2926/1217/2215 2937/1217/2222 2938/1346/2224
f 2928/1187/2216 2927/1346/2217 2938/1346/2224 2939/1187/2223
f 2948/1342/510 2941/891/1650 2943/323/1241 2949/287/2225
f 2949/287/2225 2943/323/1241 2947/289/1252 2950/281/2226
f 2950/281/2226 2947/289/1252 2945/36/1649 2951/67/338
f 2951/67/338 2945/36/1649 2941/268/1650 2948/269/510
f 2944/287/2227 2942/281/2228 2953/281/332 2954/287/503
f 2947/289/1252 2943/374/1241 2941/235/1650 2945/36/1649
f 2950/281/2226 2951/67/338 2940/67/2229 2942/281/2228
f 2948/1342/510 2949/287/2225 2944/287/2227 2946/1342/2230
f 2951/67/338 2948/269/510 2946/269/2230 2940/67/2229
f 2949/287/2225 2950/281/2226 2942/281/2228 2944/287/2227
f 2946/1342/2230 2944/287/2227 2954/287/503 2955/1342/504
f 2940/67/2229 2946/269/2230 2955/269/504 2952/67/331
f 2942/281/2228 2940/67/2229 2952/67/331 2953/281/332
f 2955/269/504 2954/287/503 2953/281/332 2952/67/331
f 2956/1347/2231 2957/886/2232 2959/1348/2233 2958/1349/2234
f 2958/1349/2234 2959/1348/2233 2961/1350/2235 2960/1351/2236
f 2960/1351/2236 2961/1350/2235 2963/1352/2237 2962/1353/2238
f 2962/1353/2238 2963/1352/2237 2965/1354/2239 2964/374/2240
f 2964/374/2240 2965/1354/2239 2967/741/2241 2966/755/2242
f 2966/755/2242 2967/741/2241 2969/743/2243 2968/756/2244
f 2968/756/2244 2969/743/2243 2971/1355/2245 2970/1356/2246
f 2970/1356/2246 2971/1355/2245 2973/424/2247 2972/625/2248
f 2972/625/2248 2973/424/2247 2975/385/2249 2974/482/2250
f 2974/482/2250 2975/385/2249 2977/704/2251 2976/1357/2252
f 2976/1357/2252 2977/704/2251 2979/711/2253 2978/1358/2254
f 2978/1358/2254 2979/711/2253 2981/268/2255 2980/289/2256
f 2980/289/2256 2981/268/2255 2983/404/2257 2982/498/2258
f 2982/498/2258 2983/404/2257 2985/716/2259 2984/1359/2260
f 2984/1359/2260 2985/716/2259 2987/706/2261 2986/1360/2262
f 2986/1360/2262 2987/706/2261 2989/269/2263 2988/281/2264
f 2988/281/2264 2989/269/2263 2991/701/2265 2990/1361/2266
f 2990/1361/2266 2991/701/2265 2993/709/2267 2992/1362/2268
f 2992/1362/2268 2993/709/2267 2995/718/2269 2994/1363/2270
f 2994/1363/2270 2995/718/2269 2997/297/2271 2996/293/2272
f 2996/293/2272 2997/297/2271 2999/714/2273 2998/1364/2274
f 2998/1364/2274 2999/714/2273 3001/703/2275 3000/1365/2276
f 3000/1365/2276 3001/703/2275 3003/410/2277 3002/521/2278
f 3002/521/2278 3003/410/2277 3005/572/2279 3004/642/2280
f 3004/642/2280 3005/572/2279 3007/1366/2281 3006/1367/2282
f 3006/1367/2282 3007/1366/2281 3009/769/2283 3008/757/2284
f 3008/757/2284 3009/769/2283 3011/770/2285 3010/758/2286
f 3010/758/2286 3011/770/2285 3013/1368/2287 3012/341/2288
f 3012/341/2288 3013/1368/2287 3015/1369/2289 3014/1370/2290
f 3014/1370/2290 3015/1369/2289 3017/1371/2291 3016/1372/2292
f 2959/1373/2233 2957/1374/2232 3019/1375/2293 3017/1376/2291 3015/1377/2289 3013/1378/2287 3011/1379/2285 3009/1380/2283 3007/1381/2281 3005/1382/2279 3003/1383/2277 3001/1384/2275 2999/1385/2273 2997/1386/2271 2995/1387/2269 2993/1388/2267 2991/1389/2265 2989/1390/2263 2987/1391/2261 2985/1392/2259 2983/1393/2257 2981/1394/2255 2979/1395/2253 2977/1396/2251 2975/1397/2249 2973/1398/2247 2971/1399/2245 2969/1400/2243 2967/1401/2241 2965/1402/2239 2963/1403/2237 2961/1404/2235
f 3016/1372/2292 3017/1371/2291 3019/1405/2293 3018/1406/2294
f 3018/1406/2294 3019/1405/2293 2957/889/2232 2956/745/2231
f 2956/1407/2231 2958/1408/2234 2960/1409/2236 2962/1410/2238 2964/1411/2240 2966/1412/2242 2968/1413/2244 2970/1414/2246 2972/1415/2248 2974/1416/2250 2976/1417/2252 2978/1418/2254 2980/1419/2256 2982/1420/2258 2984/1421/2260 2986/1422/2262 2988/1423/2264 2990/1424/2266 2992/1425/2268 2994/1426/2270 2996/1427/2272 2998/1428/2274 3000/1429/2276 3002/1430/2278 3004/1431/2280 3006/1432/2282 3008/1433/2284 3010/1434/2286 3012/1435/2288 3014/1436/2290 3016/1437/2292 3018/1438/2294
f 3020/890/504 3021/891/2230 3023/323/2227 3022/351/503
f 3022/351/503 3023/323/2227 3027/289/2228 3026/293/332
f 3026/293/332 3027/289/2228 3025/36/2229 3024/98/331
f 3024/98/331 3025/36/2229 3021/268/2230 3020/297/504
f 3022/341/503 3026/293/332 3024/98/331 3020/167/504
f 3025/36/2229 3027/289/2228 3030/289/339 3031/36/2295
f 3028/268/2296 3031/36/2295 3035/36/1649 3032/268/1650
f 3023/323/2227 3021/891/2230 3028/891/2296 3029/323/509
f 3021/268/2230 3025/36/2229 3031/36/2295 3028/268/2296
f 3027/289/2228 3023/323/2227 3029/323/509 3030/289/339
f 3034/289/1252 3033/374/1241 3032/235/1650 3035/36/1649
f 3030/289/339 3029/323/509 3033/323/1241 3034/289/1252
f 3031/36/2295 3030/289/339 3034/289/1252 3035/36/1649
f 3029/323/509 3028/891/2296 3032/891/1650 3033/323/1241
f 3036/890/504 3037/891/2230 3039/323/2227 3038/351/503
f 3038/351/503 3039/323/2227 3043/289/2228 3042/293/332
f 3042/293/332 3043/289/2228 3041/36/2229 3040/98/331
f 3040/98/331 3041/36/2229 3037/268/2230 3036/297/504
f 3038/341/503 3042/293/332 3040/98/331 3036/167/504
f 3041/36/2229 3043/289/2228 3046/289/339 3047/36/2295
f 3044/268/2296 3047/36/2295 3051/36/1649 3048/268/1650
f 3039/323/2227 3037/891/2230 3044/891/2296 3045/323/509
f 3037/268/2230 3041/36/2229 3047/36/2295 3044/268/2296
f 3043/289/2228 3039/323/2227 3045/323/509 3046/289/339
f 3050/289/1252 3049/374/1241 3048/235/1650 3051/36/1649
f 3046/289/339 3045/323/509 3049/323/1241 3050/289/1252
f 3047/36/2295 3046/289/339 3050/289/1252 3051/36/1649
f 3045/323/509 3044/891/2296 3048/891/1650 3049/323/1241
f 3053/341/2297 3052/167/2298 3070/1439/233 3068/1440/2299
f 3068/1440/2299 3070/1439/233 3071/1441/233 3067/1442/2300
f 3067/1442/2300 3071/1441/233 3072/1061/233 3066/1058/2301
f 3066/1058/2301 3072/1061/233 3073/1060/233 3065/1059/2302
f 3065/1059/2302 3073/1060/233 3074/1063/2303 3064/1062/2304
f 3064/1062/2304 3074/1063/2303 3075/1443/2305 3063/1444/2306
f 3063/1444/2306 3075/1443/2305 3076/1445/2307 3062/1446/2308
f 3062/1446/2308 3076/1445/2307 3077/1447/2309 3061/1448/2310
f 3061/1448/2310 3077/1447/2309 3078/1449/2311 3060/1450/2312
f 3060/1450/2312 3078/1449/2311 3079/1451/233 3059/1452/2313
f 3059/1452/2313 3079/1451/233 3080/1453/233 3058/1454/2314
f 3058/1454/2314 3080/1453/233 3081/955/233 3057/960/2315
f 3057/960/2315 3081/955/233 3082/1079/233 3056/1076/2316
f 3056/1076/2316 3082/1079/233 3083/1078/2317 3055/1077/2318
f 3055/1077/2318 3083/1078/2317 3084/1081/2319 3054/1080/2320
f 3090/1100/2321 3143/1455/2322 3149/1456/2323 3148/1457/2324 3145/1458/2325 3132/1459/2326
f 3087/1086/2327 3197/1460/2328 3198/1461/2329 3089/1462/2330
f 3138/1092/2331 3091/1085/2332 3087/1086/2327 3086/1093/2333
f 3052/890/2298 3053/351/2297 3094/1095/2334 3135/1094/2331
f 3135/1094/2331 3094/1095/2334 3093/1097/2335 3136/1096/2331
f 3136/1096/2331 3093/1097/2335 3092/1099/2336 3137/1098/2331
f 3137/1098/2331 3092/1099/2336 3091/1085/2332 3138/1092/2331
f 3053/351/2297 3068/1463/2299 3101/1464/2337 3094/1095/2334
f 3094/1095/2334 3101/1464/2337 3100/1465/2338 3093/1097/2335
f 3093/1097/2335 3100/1465/2338 3099/1466/2339 3092/1099/2336
f 3092/1099/2336 3099/1466/2339 3098/1467/2340 3091/1085/2332
f 3068/1463/2299 3067/1468/2300 3105/1469/2341 3101/1464/2337
f 3101/1464/2337 3105/1469/2341 3104/1470/2341 3100/1465/2338
f 3100/1465/2338 3104/1470/2341 3103/1471/2342 3099/1466/2339
f 3099/1466/2339 3103/1471/2342 3102/1472/2341 3098/1467/2340
f 3067/1468/2300 3066/1112/2301 3109/1113/2343 3105/1469/2341
f 3105/1469/2341 3109/1113/2343 3108/1116/2343 3104/1470/2341
f 3104/1470/2341 3108/1116/2343 3107/1473/2344 3103/1471/2342
f 3107/1473/2344 3196/1474/2345 3194/1475/2346 3103/1471/2342
f 3066/1112/2301 3065/1115/2302 3112/1114/2347 3109/1113/2343
f 3109/1113/2343 3112/1114/2347 3111/1476/2347 3108/1116/2343
f 3108/1116/2343 3111/1476/2347 3107/1473/2344
f 3107/1473/2344 3111/1477/2347 3110/1119/2348 3106/1107/2349
f 3065/1115/2302 3064/1121/2304 3114/1120/2350 3112/1114/2347
f 3111/1477/2347 3186/1477/2351 3185/1119/2352 3110/1119/2348
f 3064/1121/2304 3063/1478/2306 3116/1479/2353 3114/1120/2350
f 3114/1120/2350 3116/1479/2353 3115/1480/2354 3113/1124/2355
f 3063/1478/2306 3062/1481/2308 3118/1482/2356 3116/1479/2353
f 3116/1479/2353 3118/1482/2356 3117/1483/2357 3115/1480/2354
f 3111/1477/2347 3112/1114/2347 3114/1120/2350
f 3126/1484/2358 3167/1484/2359 3158/1485/2360 3058/1485/2314
f 3118/1482/2356 3120/1486/2361 3119/1487/2362 3117/1483/2357
f 3059/1452/2313 3159/1452/2363 3160/1450/2364 3060/1450/2312
f 3120/1486/2361 3122/1488/2365 3121/1489/2366 3119/1487/2362
f 3124/1490/2367 3166/1490/2368 3167/1484/2359 3126/1484/2358
f 3122/1488/2365 3124/1490/2367 3123/1491/2368 3121/1489/2366
f 3062/1481/2308 3184/1481/2369 3163/1482/2370 3118/1482/2356
f 3124/1490/2367 3126/1484/2358 3125/1492/2371 3123/1491/2368
f 3058/1485/2314 3057/1003/2315 3128/1493/2372 3126/1484/2358
f 3126/1484/2358 3128/1493/2372 3127/1142/2373 3125/1492/2371
f 3055/1077/2318 3054/1151/2320 3134/1150/2374 3128/1493/2372 3057/960/2315 3056/1076/2316
f 3129/1494/2375 3152/1495/2376 3153/1496/2377 3130/1497/2378
f 3134/1150/2374 3133/918/2379 3132/1459/2326 3130/1497/2378
f 3130/1497/2378 3128/1493/2372 3134/1150/2374
f 3130/1497/2378 3132/1154/2326 3131/1084/2380 3129/1494/2375
f 3089/1462/2330 3098/1467/2340 3102/1472/2341 3106/1107/2349
f 3134/1150/2374 3139/918/2381 3133/918/2379
f 3132/1459/2326 3133/918/2379 3139/918/2381 3090/1100/2321
f 3139/918/2381 3134/1150/2374 3097/1161/2382 3140/918/2383
f 3084/1162/2319 3097/1161/2382 3134/1150/2374 3054/1151/2320
f 3139/918/2381 3140/918/2383 3096/1163/2384 3090/1100/2321
f 3149/1498/2323 3205/1498/2385 3207/1499/2386 3146/1499/2387
f 3132/1154/2326 3145/1500/2325 3144/1501/2388 3131/1084/2380
f 3069/918/2389 3142/918/2390 3143/918/2322 3090/918/2321
f 3131/1084/2380 3144/1501/2388 3147/1502/2391 3146/1503/2387 3142/1504/2390 3069/1505/2389 3276/1506/2392
f 3149/1498/2323 3146/1499/2387 3147/1502/2391 3148/1507/2324
f 3157/1508/2393 3214/1508/2394 3215/1509/2395 3154/1509/2396
f 3193/1472/2397 3225/1472/2398 3227/1510/2399 3195/1510/2400
f 3130/1497/2378 3153/1496/2377 3157/1508/2393 3156/1511/2401 3151/1512/2402 3128/1493/2372
f 3128/1493/2372 3151/1512/2402 3150/1513/2403 3127/1142/2373
f 3127/1142/2373 3150/1513/2403 3155/1514/2404 3154/1509/2396 3152/1495/2376 3129/1494/2375
f 3156/1511/2401 3157/1508/2393 3154/1509/2396 3155/1514/2404
f 3145/1500/2325 3204/1500/2405 3203/1501/2406 3144/1501/2388
f 3162/1481/2407 3161/1515/2408 3164/1486/2409 3163/1482/2370
f 3161/1515/2408 3160/1516/2364 3165/1488/2366 3164/1486/2409
f 3160/1516/2364 3159/1517/2363 3166/1490/2368 3165/1488/2366
f 3159/1517/2363 3158/1485/2360 3167/1484/2359 3166/1490/2368
f 3118/1482/2356 3163/1482/2370 3164/1486/2409 3120/1486/2361
f 3060/1450/2312 3160/1450/2364 3161/1448/2408 3061/1448/2310
f 3122/1488/2365 3165/1488/2366 3166/1490/2368 3124/1490/2367
f 3061/1448/2310 3161/1448/2408 3184/1446/2369 3062/1446/2308
f 3058/1454/2314 3158/1454/2360 3159/1452/2363 3059/1452/2313
f 3120/1486/2361 3164/1486/2409 3165/1488/2366 3122/1488/2365
f 3168/890/2410 3169/891/2411 3171/323/2412 3170/351/2413
f 3170/351/2413 3171/323/2412 3175/289/2414 3174/293/2415
f 3174/293/2415 3175/289/2414 3173/36/2416 3172/98/2417
f 3172/98/2417 3173/36/2416 3169/268/2411 3168/297/2410
f 3170/341/2413 3174/293/2415 3172/98/2417 3168/167/2410
f 3175/289/2414 3171/374/2412 3169/235/2411 3173/36/2416
f 3176/890/2410 3177/891/2418 3179/323/2412 3178/351/2413
f 3178/351/2413 3179/323/2412 3183/289/2414 3182/293/2415
f 3182/293/2415 3183/289/2414 3181/36/2419 3180/98/2420
f 3180/98/2420 3181/36/2419 3177/268/2418 3176/297/2410
f 3178/341/2413 3182/293/2415 3180/98/2420 3176/167/2410
f 3183/289/2414 3179/374/2412 3177/235/2418 3181/36/2419
f 3147/1502/2391 3206/1502/2421 3208/1507/2422 3148/1507/2324
f 3113/1124/2355 3187/1518/2423 3188/1519/2424 3114/1120/2350
f 3114/1120/2350 3188/1519/2424 3192/1520/2425 3191/1521/2426 3186/1477/2351 3111/1477/2347
f 3110/1119/2348 3185/1119/2352 3189/1522/2427 3190/1523/2428 3187/1518/2423 3113/1124/2355
f 3191/1521/2426 3192/1520/2425 3190/1523/2428 3189/1522/2427
f 3190/1523/2428 3222/1523/2429 3219/1518/2430 3187/1518/2423
f 3196/1474/2345 3228/1474/2431 3226/1475/2432 3194/1475/2346
f 3103/1471/2342 3194/1475/2346 3193/1472/2397 3102/1472/2341
f 3102/1472/2341 3193/1472/2397 3195/1510/2400 3106/1107/2349
f 3106/1107/2349 3195/1510/2400 3196/1474/2345 3107/1473/2344
f 3142/918/2390 3201/918/2433 3202/918/2434 3143/918/2322
f 3089/1462/2330 3198/1461/2329 3200/1467/2435 3098/1467/2340
f 3091/1085/2332 3199/1524/2436 3197/1460/2328 3087/1086/2327
f 3098/1467/2340 3200/1467/2435 3199/1524/2436 3091/1085/2332
f 3206/1502/2421 3203/1501/2406 3204/1525/2405 3208/1507/2422
f 3202/1526/2434 3201/1527/2433 3207/1499/2386 3205/1498/2385
f 3214/1508/2394 3212/1496/2437 3211/1495/2438 3215/1509/2395
f 3210/1512/2439 3216/1511/2440 3213/1514/2441 3209/1513/2442
f 3221/1520/2443 3220/1519/2444 3219/1518/2430 3222/1523/2429
f 3218/1477/2445 3224/1521/2446 3223/1522/2447 3217/1119/2448
f 3226/1475/2432 3228/1474/2431 3227/1510/2399 3225/1472/2398
f 3231/1524/2449 3232/1467/2450 3230/1461/2451 3229/1460/2452
f 3143/1455/2322 3202/1455/2434 3205/1456/2385 3149/1456/2323
f 3155/1514/2404 3213/1514/2441 3216/1511/2440 3156/1511/2401
f 3151/1512/2402 3210/1512/2439 3209/1513/2442 3150/1513/2403
f 3152/1495/2376 3211/1495/2438 3212/1496/2437 3153/1496/2377
f 3150/1513/2403 3209/1513/2442 3213/1514/2441 3155/1514/2404
f 3153/1496/2377 3212/1496/2437 3214/1508/2394 3157/1508/2393
f 3185/1119/2352 3217/1119/2448 3223/1522/2447 3189/1522/2427
f 3197/1460/2328 3229/1460/2452 3230/1461/2451 3198/1461/2329
f 3144/1501/2388 3203/1501/2406 3206/1502/2421 3147/1502/2391
f 3199/1524/2436 3231/1524/2449 3229/1460/2452 3197/1460/2328
f 3191/1521/2426 3224/1521/2446 3218/1477/2445 3186/1477/2351
f 3198/1461/2329 3230/1461/2451 3232/1467/2450 3200/1467/2435
f 3200/1467/2435 3232/1467/2450 3231/1524/2449 3199/1524/2436
f 3192/1520/2425 3221/1520/2443 3222/1523/2429 3190/1523/2428
f 3146/1503/2387 3207/1503/2386 3201/1504/2433 3142/1504/2390
f 3189/1522/2427 3223/1522/2447 3224/1521/2446 3191/1521/2426
f 3154/1509/2396 3215/1509/2395 3211/1495/2438 3152/1495/2376
f 3186/1477/2351 3218/1477/2445 3217/1119/2448 3185/1119/2352
f 3194/1475/2346 3226/1475/2432 3225/1472/2398 3193/1472/2397
f 3187/1518/2423 3219/1518/2430 3220/1519/2444 3188/1519/2424
f 3148/1457/2324 3208/1457/2422 3204/1458/2405 3145/1458/2325
f 3195/1510/2400 3227/1510/2399 3228/1474/2431 3196/1474/2345
f 3156/1511/2401 3216/1511/2440 3210/1512/2439 3151/1512/2402
f 3188/1519/2424 3220/1519/2444 3221/1520/2443 3192/1520/2425
f 3088/1528/2453 3085/1529/2454 3069/918/2389 3090/918/2321
f 3095/1530/2455 3088/1528/2453 3090/918/2321
f 3096/1163/2384 3095/1530/2455 3090/1100/2321
f 3129/1494/2375 3245/1494/2456 3244/1142/2457 3127/1142/2373
f 3121/1489/2366 3241/1489/2365 3240/1487/2361 3119/1487/2362
f 3115/1480/2354 3238/1480/2458 3237/1124/2459 3113/1124/2355
f 3276/1506/2392 3277/1506/2460 3246/1084/2461 3131/1084/2380
f 3089/1462/2330 3234/1462/2462 3141/1086/2463 3087/1086/2327
f 3123/1491/2368 3242/1491/2367 3241/1489/2365 3121/1489/2366
f 3117/1483/2357 3239/1483/2464 3238/1480/2458 3115/1480/2354
f 3113/1124/2355 3237/1124/2459 3236/1119/2465 3110/1119/2348
f 3131/1084/2380 3246/1084/2461 3245/1494/2456 3129/1494/2375
f 3110/1119/2348 3236/1119/2465 3235/1107/2466 3106/1107/2349
f 3125/1492/2371 3243/1492/2467 3242/1491/2367 3123/1491/2368
f 3106/1107/2349 3235/1107/2466 3234/1462/2462 3089/1462/2330
f 3119/1487/2362 3240/1487/2361 3239/1483/2464 3117/1483/2357
f 3127/1142/2373 3244/1142/2457 3243/1492/2467 3125/1492/2371
f 3244/1142/2457 3259/1142/2468 3258/1492/2469 3243/1492/2467
f 3239/1483/2464 3254/1483/2470 3253/1480/2471 3238/1480/2458
f 3245/1494/2456 3260/1494/2472 3259/1142/2468 3244/1142/2457
f 3246/1084/2461 3261/1084/2473 3260/1494/2472 3245/1494/2456
f 3237/1124/2459 3252/1124/2474 3251/1119/2475 3236/1119/2465
f 3235/1107/2466 3250/1107/2476 3249/1462/2477 3234/1462/2462
f 3240/1487/2361 3255/1487/2478 3254/1483/2470 3239/1483/2464
f 3236/1119/2465 3251/1119/2475 3250/1107/2476 3235/1107/2466
f 3277/1506/2460 3278/1506/2479 3261/1084/2473 3246/1084/2461
f 3241/1489/2365 3256/1489/2480 3255/1487/2478 3240/1487/2361
f 3234/1462/2462 3249/1462/2477 3247/1086/2481 3141/1086/2463
f 3242/1491/2367 3257/1491/2482 3256/1489/2480 3241/1489/2365
f 3238/1480/2458 3253/1480/2471 3252/1124/2474 3237/1124/2459
f 3243/1492/2467 3258/1492/2469 3257/1491/2482 3242/1491/2367
f 3260/1494/2472 3274/1494/2483 3273/1142/2484 3259/1142/2468
f 3249/1462/2477 3263/1462/2485 3262/1086/2486 3247/1086/2481
f 3261/1084/2473 3275/1084/2487 3274/1494/2483 3260/1494/2472
f 3252/1124/2474 3266/1124/2488 3265/1119/2489 3251/1119/2475
f 3250/1107/2476 3264/1107/2490 3263/1462/2485 3249/1462/2477
f 3255/1487/2478 3269/1487/2491 3268/1483/2492 3254/1483/2470
f 3278/1506/2479 3279/1506/2493 3275/1084/2487 3261/1084/2473
f 3256/1489/2480 3270/1489/2494 3269/1487/2491 3255/1487/2478
f 3257/1491/2482 3271/1491/2495 3270/1489/2494 3256/1489/2480
f 3254/1483/2470 3268/1483/2492 3267/1480/2496 3253/1480/2471
f 3258/1492/2469 3272/1492/2497 3271/1491/2495 3257/1491/2482
f 3253/1480/2471 3267/1480/2496 3266/1124/2488 3252/1124/2474
f 3259/1142/2468 3273/1142/2484 3272/1492/2497 3258/1492/2469
f 3251/1119/2475 3265/1119/2489 3264/1107/2490 3250/1107/2476
f 3233/1505/2498 3069/1505/2389 3248/1505/2499
f 3069/1505/2389 3085/1529/2454 3248/1505/2499
f 3086/1531/2333 3087/1086/2327 3247/1086/2481 3262/1086/2486
f 3141/1086/2463 3247/1086/2481 3087/1086/2327
f 3248/1505/2499 3085/1505/2454 3279/1506/2493 3278/1506/2479
f 3233/1505/2498 3248/1505/2499 3278/1506/2479 3277/1506/2460
f 3069/1505/2389 3233/1505/2498 3277/1506/2460 3276/1506/2392
f 3280/890/503 3281/891/2227 3283/323/2228 3282/351/332
f 3282/351/332 3283/323/2228 3287/289/2229 3286/293/331
f 3286/293/331 3287/289/2229 3285/36/2230 3284/98/504
f 3284/98/504 3285/36/2230 3281/268/2227 3280/297/503
f 3282/341/332 3286/293/331 3284/98/504 3280/167/503
f 3285/36/2230 3287/289/2229 3290/289/2295 3291/36/2296
f 3288/268/509 3291/36/2296 3295/36/1650 3292/268/1241
f 3283/323/2228 3281/891/2227 3288/891/509 3289/323/339
f 3281/268/2227 3285/36/2230 3291/36/2296 3288/268/509
f 3287/289/2229 3283/323/2228 3289/323/339 3290/289/2295
f 3294/289/1649 3293/374/1252 3292/235/1241 3295/36/1650
f 3290/289/2295 3289/323/339 3293/323/1252 3294/289/1649
f 3291/36/2296 3290/289/2295 3294/289/1649 3295/36/1650
f 3289/323/339 3288/891/509 3292/891/1241 3293/323/1252
f 3304/919/1615 3305/1532/1616 3299/323/1617 3298/351/1618
f 3298/351/1618 3299/323/1617 3303/289/1619 3302/293/1620
f 3311/921/1621 3309/922/1622 3301/36/1623 3300/98/1624
f 3300/98/1624 3301/36/1623 3297/268/2500 3296/297/1626
f 3311/921/1621 3300/98/1624 3325/98/1627 3327/921/1628
f 3309/922/1622 3310/923/1616 3297/235/2500 3301/36/1623
f 3303/289/1619 3299/374/1617 3305/1533/1616 3307/1534/1622
f 3313/926/1629 3314/927/1615 3329/927/1630 3330/926/2501
f 3302/293/1620 3303/289/1619 3307/1534/1622 3306/928/1629
f 3318/929/1631 3316/930/1616 3305/1532/1616 3304/919/1615
f 3296/890/1626 3297/891/2500 3310/931/1616 3308/932/1631
f 3315/933/1622 3312/934/1616 3310/923/1616 3309/922/1622
f 3314/927/1615 3313/926/1629 3311/921/1621 3308/935/1631
f 3313/926/1629 3315/933/1622 3309/922/1622 3311/921/1621
f 3317/936/1621 3319/937/1622 3315/933/1622 3313/926/1629
f 3308/935/1631 3311/921/1621 3327/921/1628 3320/935/1632
f 3319/937/1622 3316/938/1616 3312/934/1616 3315/933/1622
f 3308/932/1631 3310/931/1616 3312/939/1616 3314/940/1615
f 3307/1534/1622 3305/1533/1616 3316/938/1616 3319/937/1622
f 3304/941/1615 3306/928/1629 3317/936/1621 3318/942/1631
f 3306/928/1629 3307/1534/1622 3319/937/1622 3317/936/1621
f 3314/940/1615 3312/939/1616 3316/930/1616 3318/929/1631
f 3320/935/1632 3327/921/1628 3325/98/1627 3321/167/1633
f 3323/341/1632 3322/293/2502 3324/928/2501 3326/941/1630
f 3328/942/1632 3331/936/1628 3330/926/2501 3329/927/1630
f 3314/940/1615 3318/929/1631 3328/929/1632 3329/940/1630
f 3317/936/1621 3313/926/1629 3330/926/2501 3331/936/1628
f 3300/98/1624 3296/297/1626 3321/297/1633 3325/98/1627
f 3296/890/1626 3308/932/1631 3320/932/1632 3321/890/1633
f 3306/928/1629 3304/941/1615 3326/941/1630 3324/928/2501
f 3318/942/1631 3317/936/1621 3331/936/1628 3328/942/1632
f 3302/293/1620 3306/928/1629 3324/928/2501 3322/293/2502
f 3298/351/1618 3302/293/1620 3322/293/2502 3323/351/1632
f 3304/919/1615 3298/351/1618 3323/351/1632 3326/919/1630
f 3340/919/2503 3341/920/2504 3335/323/2505 3334/351/2506
f 3334/351/2506 3335/323/2505 3339/289/2507 3338/293/2508
f 3347/921/2509 3345/922/2510 3337/36/2511 3336/98/2512
f 3336/98/2512 3337/36/2511 3333/268/2513 3332/297/2514
f 3347/921/2509 3336/98/2512 3361/98/2515 3363/921/2516
f 3345/922/2510 3346/923/2504 3333/235/2513 3337/36/2511
f 3339/289/2507 3335/374/2505 3341/924/2504 3343/925/2510
f 3349/926/2517 3350/927/2503 3365/927/2518 3366/926/2515
f 3338/293/2508 3339/289/2507 3343/925/2510 3342/928/2517
f 3354/929/2519 3352/930/2504 3341/920/2504 3340/919/2503
f 3332/890/2514 3333/891/2513 3346/931/2504 3344/932/2519
f 3351/933/2510 3348/934/2504 3346/923/2504 3345/922/2510
f 3350/927/2503 3349/926/2517 3347/921/2509 3344/935/2519
f 3349/926/2517 3351/933/2510 3345/922/2510 3347/921/2509
f 3353/936/2509 3355/937/2510 3351/933/2510 3349/926/2517
f 3344/935/2519 3347/921/2509 3363/921/2516 3356/935/2520
f 3355/937/2510 3352/938/2504 3348/934/2504 3351/933/2510
f 3344/932/2519 3346/931/2504 3348/939/2504 3350/940/2503
f 3343/925/2510 3341/924/2504 3352/938/2504 3355/937/2510
f 3340/941/2503 3342/928/2517 3353/936/2509 3354/942/2519
f 3342/928/2517 3343/925/2510 3355/937/2510 3353/936/2509
f 3350/940/2503 3348/939/2504 3352/930/2504 3354/929/2519
f 3356/935/2520 3363/921/2516 3361/98/2515 3357/167/2521
f 3359/341/2520 3358/293/2522 3360/928/2523 3362/941/2518
f 3364/942/2520 3367/936/2522 3366/926/2515 3365/927/2518
f 3350/940/2503 3354/929/2519 3364/929/2520 3365/940/2518
f 3353/936/2509 3349/926/2517 3366/926/2515 3367/936/2522
f 3336/98/2512 3332/297/2514 3357/297/2521 3361/98/2515
f 3332/890/2514 3344/932/2519 3356/932/2520 3357/890/2521
f 3342/928/2517 3340/941/2503 3362/941/2518 3360/928/2523
f 3354/942/2519 3353/936/2509 3367/936/2522 3364/942/2520
f 3338/293/2508 3342/928/2517 3360/928/2523 3358/293/2522
f 3334/351/2506 3338/293/2508 3358/293/2522 3359/351/2520
f 3340/919/2503 3334/351/2506 3359/351/2520 3362/919/2518
f 3376/919/2524 3377/1532/2525 3371/323/2526 3370/351/2527
f 3370/351/2527 3371/323/2526 3375/289/2528 3374/293/2529
f 3383/921/2530 3381/922/2531 3373/36/2532 3372/98/2533
f 3372/98/2533 3373/36/2532 3369/268/2534 3368/297/2535
f 3383/921/2530 3372/98/2533 3397/98/2536 3399/921/2537
f 3381/922/2531 3382/923/2538 3369/235/2534 3373/36/2532
f 3375/289/2528 3371/374/2526 3377/1533/2525 3379/1534/2539
f 3385/926/2540 3386/927/2541 3401/927/2542 3402/926/2543
f 3374/293/2529 3375/289/2528 3379/1534/2539 3378/928/2544
f 3390/929/2545 3388/930/2525 3377/1532/2525 3376/919/2524
f 3368/890/2535 3369/891/2534 3382/931/2538 3380/932/2546
f 3387/933/2547 3384/934/2548 3382/923/2538 3381/922/2531
f 3386/927/2541 3385/926/2540 3383/921/2530 3380/935/2546
f 3385/926/2540 3387/933/2547 3381/922/2531 3383/921/2530
f 3389/936/2549 3391/937/2539 3387/933/2547 3385/926/2540
f 3380/935/2546 3383/921/2530 3399/921/2537 3392/935/2550
f 3391/937/2539 3388/938/2525 3384/934/2548 3387/933/2547
f 3380/932/2546 3382/931/2538 3384/939/2548 3386/940/2541
f 3379/1534/2539 3377/1533/2525 3388/938/2525 3391/937/2539
f 3376/941/2524 3378/928/2544 3389/936/2549 3390/942/2545
f 3378/928/2544 3379/1534/2539 3391/937/2539 3389/936/2549
f 3386/940/2541 3384/939/2548 3388/930/2525 3390/929/2545
f 3392/935/2550 3399/921/2537 3397/98/2536 3393/167/2551
f 3395/341/2550 3394/293/2552 3396/928/2536 3398/941/2551
f 3400/942/2553 3403/936/2552 3402/926/2543 3401/927/2542
f 3386/940/2541 3390/929/2545 3400/929/2553 3401/940/2542
f 3389/936/2549 3385/926/2540 3402/926/2543 3403/936/2552
f 3372/98/2533 3368/297/2535 3393/297/2551 3397/98/2536
f 3368/890/2535 3380/932/2546 3392/932/2550 3393/890/2551
f 3378/928/2544 3376/941/2524 3398/941/2551 3396/928/2536
f 3390/942/2545 3389/936/2549 3403/936/2552 3400/942/2553
f 3374/293/2529 3378/928/2544 3396/928/2536 3394/293/2552
f 3370/351/2527 3374/293/2529 3394/293/2552 3395/351/2550
f 3376/919/2524 3370/351/2527 3395/351/2550 3398/919/2551
f 3404/1347/241 3405/886/2554 3407/1350/2555 3406/1351/2556
f 3406/1351/2556 3407/1350/2555 3409/1354/2557 3408/374/244
f 3408/374/244 3409/1354/2557 3411/743/2558 3410/756/2559
f 3410/756/2559 3411/743/2558 3413/424/2560 3412/625/238
f 3412/625/238 3413/424/2560 3415/704/2561 3414/1357/2562
f 3414/1357/2562 3415/704/2561 3417/268/2563 3416/289/237
f 3416/289/237 3417/268/2563 3419/716/2564 3418/1359/2565
f 3418/1359/2565 3419/716/2564 3421/269/2566 3420/281/230
f 3420/281/230 3421/269/2566 3423/709/2567 3422/1362/2568
f 3422/1362/2568 3423/709/2567 3425/297/2569 3424/293/411
f 3424/293/411 3425/297/2569 3427/703/2570 3426/1365/2571
f 3426/1365/2571 3427/703/2570 3429/572/2572 3428/642/414
f 3428/642/414 3429/572/2572 3431/769/2573 3430/757/2574
f 3430/757/2574 3431/769/2573 3433/1368/2575 3432/341/415
f 3421/269/2566 3419/716/2564 3443/716/2576 3444/269/2577
f 3432/341/415 3433/1368/2575 3435/1371/2578 3434/1372/2579
f 3434/1372/2579 3435/1371/2578 3405/889/2554 3404/745/241
f 3449/769/2580 3448/572/2581 3464/572/2582 3465/769/2583
f 3407/1350/2555 3405/886/2554 3436/886/2584 3437/1350/2585
f 3431/769/2573 3429/572/2572 3448/572/2581 3449/769/2580
f 3417/268/2563 3415/704/2561 3441/704/2586 3442/268/2587
f 3427/703/2570 3425/297/2569 3446/297/2588 3447/703/2589
f 3405/889/2554 3435/1371/2578 3451/1371/2590 3436/889/2584
f 3413/424/2560 3411/743/2558 3439/743/2591 3440/424/2592
f 3423/709/2567 3421/269/2566 3444/269/2577 3445/709/2593
f 3433/1368/2575 3431/769/2573 3449/769/2580 3450/1368/2594
f 3409/1354/2557 3407/1350/2555 3437/1350/2585 3438/1354/2595
f 3419/716/2564 3417/268/2563 3442/268/2587 3443/716/2576
f 3429/572/2572 3427/703/2570 3447/703/2589 3448/572/2581
f 3415/704/2561 3413/424/2560 3440/424/2592 3441/704/2586
f 3425/297/2569 3423/709/2567 3445/709/2593 3446/297/2588
f 3435/1371/2578 3433/1368/2575 3450/1368/2594 3451/1371/2590
f 3411/743/2558 3409/1354/2557 3438/1354/2595 3439/743/2591
f 3463/703/2596 3462/297/2597 3468/703/2598
f 3442/268/2587 3441/704/2586 3457/704/2599 3458/268/2600
f 3450/1368/2594 3449/769/2580 3465/769/2583 3466/1368/2601
f 3443/716/2576 3442/268/2587 3458/268/2600 3459/716/2602
f 3451/1371/2590 3450/1368/2594 3466/1368/2601 3467/1371/2603
f 3444/269/2577 3443/716/2576 3459/716/2602 3460/269/2604
f 3437/1350/2585 3436/886/2584 3452/886/2605 3453/1350/2606
f 3436/889/2584 3451/1371/2590 3467/1371/2603 3452/889/2605
f 3445/709/2593 3444/269/2577 3460/269/2604 3461/709/2607
f 3438/1354/2595 3437/1350/2585 3453/1350/2606 3454/1354/2608
f 3446/297/2588 3445/709/2593 3461/709/2607 3462/297/2597
f 3439/743/2591 3438/1354/2595 3454/1354/2608 3455/743/2609
f 3447/703/2589 3446/297/2588 3462/297/2597 3463/703/2596
f 3440/424/2592 3439/743/2591 3455/743/2609 3456/424/2610
f 3448/572/2581 3447/703/2589 3463/703/2596 3464/572/2582
f 3441/704/2586 3440/424/2592 3456/424/2610 3457/704/2599
f 3456/424/2610 3455/743/2609 3468/424/2598
f 3464/572/2582 3463/703/2596 3468/572/2598
f 3457/704/2599 3456/424/2610 3468/704/2598
f 3465/769/2583 3464/572/2582 3468/769/2598
f 3458/268/2600 3457/704/2599 3468/268/2598
f 3466/1368/2601 3465/769/2583 3468/1368/2598
f 3459/716/2602 3458/268/2600 3468/716/2598
f 3467/1371/2603 3466/1368/2601 3468/1371/2598
f 3460/269/2604 3459/716/2602 3468/269/2598
f 3453/1350/2606 3452/886/2605 3468/1350/2598
f 3452/889/2605 3467/1371/2603 3468/889/2598
f 3461/709/2607 3460/269/2604 3468/709/2598
f 3454/1354/2608 3453/1350/2606 3468/1354/2598
f 3462/297/2597 3461/709/2607 3468/297/2598
f 3455/743/2609 3454/1354/2608 3468/743/2598
f 3469/1347/2611 3470/886/2612 3472/1354/2613 3471/374/2614
f 3471/374/2614 3472/1354/2613 3474/424/2615 3473/625/2616
f 3473/625/2616 3474/424/2615 3481/268/2617 3475/289/2618
f 3475/289/2618 3481/268/2617 3482/269/2619 3476/281/2620
f 3476/281/2620 3482/269/2619 3483/297/2621 3477/293/2622
f 3477/293/2622 3483/297/2621 3479/572/2623 3478/642/2624
f 3478/642/2624 3479/572/2623 3484/1368/2625 3480/341/2626
f 3480/341/2626 3484/1368/2625 3470/889/2612 3469/745/2611
f 3469/1407/2611 3471/1411/2614 3473/1415/2616 3475/1419/2618 3476/1423/2620 3477/1427/2622 3478/1431/2624 3480/1435/2626
f 3470/889/2612 3484/1368/2625 3492/1368/2627 3486/889/2628
f 3492/1368/2627 3491/572/2629 3499/572/2630 3500/1368/2631
f 3472/1354/2613 3470/886/2612 3486/886/2628 3485/1354/2632
f 3484/1368/2625 3479/572/2623 3491/572/2629 3492/1368/2627
f 3483/297/2621 3482/269/2619 3488/269/2633 3490/297/2634
f 3479/572/2623 3483/297/2621 3490/297/2634 3491/572/2629
f 3481/268/2617 3474/424/2615 3487/424/2635 3489/268/2636
f 3474/424/2615 3472/1354/2613 3485/1354/2632 3487/424/2635
f 3482/269/2619 3481/268/2617 3489/268/2636 3488/269/2633
f 3493/1402/2637 3494/1374/2638 3500/1378/2631 3499/1382/2630 3498/1386/2639 3496/1390/2640 3497/1394/2641 3495/1398/2642
f 3489/268/2636 3487/424/2635 3495/424/2642 3497/268/2641
f 3488/269/2633 3489/268/2636 3497/268/2641 3496/269/2640
f 3485/1354/2632 3486/886/2628 3494/886/2638 3493/1354/2637
f 3486/889/2628 3492/1368/2627 3500/1368/2631 3494/889/2638
f 3491/572/2629 3490/297/2634 3498/297/2639 3499/572/2630
f 3490/297/2634 3488/269/2633 3496/269/2640 3498/297/2639
f 3487/424/2635 3485/1354/2632 3493/1354/2637 3495/424/2642
f 3501/1347/2643 3502/886/2612 3504/1354/2644 3503/374/2614
f 3503/374/2614 3504/1354/2644 3506/424/2615 3505/625/2616
f 3505/625/2616 3506/424/2615 3513/268/2617 3507/289/2618
f 3507/289/2618 3513/268/2617 3514/269/2619 3508/281/2620
f 3508/281/2620 3514/269/2619 3515/297/2621 3509/293/2622
f 3509/293/2622 3515/297/2621 3511/572/2623 3510/642/2645
f 3510/642/2645 3511/572/2623 3516/1368/2625 3512/341/2626
f 3512/341/2626 3516/1368/2625 3502/889/2612 3501/745/2643
f 3501/1407/2643 3503/1411/2614 3505/1415/2616 3507/1419/2618 3508/1423/2620 3509/1427/2622 3510/1431/2645 3512/1435/2626
f 3502/889/2612 3516/1368/2625 3524/1368/2627 3518/889/2646
f 3524/1368/2627 3523/572/2629 3531/572/2647 3532/1368/2631
f 3504/1354/2644 3502/886/2612 3518/886/2646 3517/1354/2632
f 3516/1368/2625 3511/572/2623 3523/572/2629 3524/1368/2627
f 3515/297/2621 3514/269/2619 3520/269/2633 3522/297/2634
f 3511/572/2623 3515/297/2621 3522/297/2634 3523/572/2629
f 3513/268/2617 3506/424/2615 3519/424/2635 3521/268/2636
f 3506/424/2615 3504/1354/2644 3517/1354/2632 3519/424/2635
f 3514/269/2619 3513/268/2617 3521/268/2636 3520/269/2633
f 3525/1402/2637 3526/1374/2638 3532/1378/2631 3531/1382/2647 3530/1386/2639 3528/1390/2640 3529/1394/2641 3527/1398/2642
f 3521/268/2636 3519/424/2635 3527/424/2642 3529/268/2641
f 3520/269/2633 3521/268/2636 3529/268/2641 3528/269/2640
f 3517/1354/2632 3518/886/2646 3526/886/2638 3525/1354/2637
f 3518/889/2646 3524/1368/2627 3532/1368/2631 3526/889/2638
f 3523/572/2629 3522/297/2634 3530/297/2639 3531/572/2647
f 3522/297/2634 3520/269/2633 3528/269/2640 3530/297/2639
f 3519/424/2635 3517/1354/2632 3525/1354/2637 3527/424/2642
f 3533/1347/2648 3534/886/2612 3536/1354/2644 3535/374/2649
f 3535/374/2649 3536/1354/2644 3538/424/2650 3537/625/2651
f 3537/625/2651 3538/424/2650 3545/268/2617 3539/289/2652
f 3539/289/2652 3545/268/2617 3546/269/2619 3540/281/2653
f 3540/281/2653 3546/269/2619 3547/297/2621 3541/293/2654
f 3541/293/2654 3547/297/2621 3543/572/2655 3542/642/2656
f 3542/642/2656 3543/572/2655 3548/1368/2625 3544/341/2657
f 3544/341/2657 3548/1368/2625 3534/889/2612 3533/745/2648
f 3533/1407/2648 3535/1411/2649 3537/1415/2651 3539/1419/2652 3540/1423/2653 3541/1427/2654 3542/1431/2656 3544/1435/2657
f 3534/889/2612 3548/1368/2625 3556/1368/2627 3550/889/2646
f 3556/1368/2627 3555/572/2658 3563/572/2630 3564/1368/2631
f 3536/1354/2644 3534/886/2612 3550/886/2646 3549/1354/2632
f 3548/1368/2625 3543/572/2655 3555/572/2658 3556/1368/2627
f 3547/297/2621 3546/269/2619 3552/269/2633 3554/297/2659
f 3543/572/2655 3547/297/2621 3554/297/2659 3555/572/2658
f 3545/268/2617 3538/424/2650 3551/424/2635 3553/268/2636
f 3538/424/2650 3536/1354/2644 3549/1354/2632 3551/424/2635
f 3546/269/2619 3545/268/2617 3553/268/2636 3552/269/2633
f 3557/1402/2637 3558/1374/2638 3564/1378/2631 3563/1382/2630 3562/1386/2639 3560/1390/2640 3561/1394/2641 3559/1398/2660
f 3553/268/2636 3551/424/2635 3559/424/2660 3561/268/2641
f 3552/269/2633 3553/268/2636 3561/268/2641 3560/269/2640
f 3549/1354/2632 3550/886/2646 3558/886/2638 3557/1354/2637
f 3550/889/2646 3556/1368/2627 3564/1368/2631 3558/889/2638
f 3555/572/2658 3554/297/2659 3562/297/2639 3563/572/2630
f 3554/297/2659 3552/269/2633 3560/269/2640 3562/297/2639
f 3551/424/2635 3549/1354/2632 3557/1354/2637 3559/424/2660
f 3565/1347/2611 3566/886/2612 3568/1354/2644 3567/374/2614
f 3567/374/2614 3568/1354/2644 3570/424/2650 3569/625/2616
f 3569/625/2616 3570/424/2650 3577/268/2617 3571/289/2618
f 3571/289/2618 3577/268/2617 3578/269/2619 3572/281/2620
f 3572/281/2620 3578/269/2619 3579/297/2621 3573/293/2622
f 3573/293/2622 3579/297/2621 3575/572/2655 3574/642/2645
f 3574/642/2645 3575/572/2655 3580/1368/2625 3576/341/2626
f 3576/341/2626 3580/1368/2625 3566/889/2612 3565/745/2611
f 3565/1407/2611 3567/1411/2614 3569/1415/2616 3571/1419/2618 3572/1423/2620 3573/1427/2622 3574/1431/2645 3576/1435/2626
f 3566/889/2612 3580/1368/2625 3588/1368/2627 3582/889/2646
f 3588/1368/2627 3587/572/2629 3595/572/2647 3596/1368/2631
f 3568/1354/2644 3566/886/2612 3582/886/2646 3581/1354/2632
f 3580/1368/2625 3575/572/2655 3587/572/2629 3588/1368/2627
f 3579/297/2621 3578/269/2619 3584/269/2661 3586/297/2634
f 3575/572/2655 3579/297/2621 3586/297/2634 3587/572/2629
f 3577/268/2617 3570/424/2650 3583/424/2635 3585/268/2636
f 3570/424/2650 3568/1354/2644 3581/1354/2632 3583/424/2635
f 3578/269/2619 3577/268/2617 3585/268/2636 3584/269/2661
f 3589/1402/2637 3590/1374/2638 3596/1378/2631 3595/1382/2647 3594/1386/2639 3592/1390/2640 3593/1394/2641 3591/1398/2642
f 3585/268/2636 3583/424/2635 3591/424/2642 3593/268/2641
f 3584/269/2661 3585/268/2636 3593/268/2641 3592/269/2640
f 3581/1354/2632 3582/886/2646 3590/886/2638 3589/1354/2637
f 3582/889/2646 3588/1368/2627 3596/1368/2631 3590/889/2638
f 3587/572/2629 3586/297/2634 3594/297/2639 3595/572/2647
f 3586/297/2634 3584/269/2661 3592/269/2640 3594/297/2639
f 3583/424/2635 3581/1354/2632 3589/1354/2637 3591/424/2642
f 3597/1347/2662 3598/886/2612 3600/1354/2613 3599/374/2649
f 3599/374/2649 3600/1354/2613 3602/424/2650 3601/625/2663
f 3601/625/2663 3602/424/2650 3609/268/2617 3603/289/2664
f 3603/289/2664 3609/268/2617 3610/269/2619 3604/281/2665
f 3604/281/2665 3610/269/2619 3611/297/2621 3605/293/2654
f 3605/293/2654 3611/297/2621 3607/572/2623 3606/642/2656
f 3606/642/2656 3607/572/2623 3612/1368/2625 3608/341/2657
f 3608/341/2657 3612/1368/2625 3598/889/2612 3597/745/2662
f 3597/1407/2662 3599/1411/2649 3601/1415/2663 3603/1419/2664 3604/1423/2665 3605/1427/2654 3606/1431/2656 3608/1435/2657
f 3598/889/2612 3612/1368/2625 3620/1368/2627 3614/889/2628
f 3620/1368/2627 3619/572/2629 3627/572/2630 3628/1368/2631
f 3600/1354/2613 3598/886/2612 3614/886/2628 3613/1354/2632
f 3612/1368/2625 3607/572/2623 3619/572/2629 3620/1368/2627
f 3611/297/2621 3610/269/2619 3616/269/2633 3618/297/2659
f 3607/572/2623 3611/297/2621 3618/297/2659 3619/572/2629
f 3609/268/2617 3602/424/2650 3615/424/2635 3617/268/2636
f 3602/424/2650 3600/1354/2613 3613/1354/2632 3615/424/2635
f 3610/269/2619 3609/268/2617 3617/268/2636 3616/269/2633
f 3621/1402/2637 3622/1374/2638 3628/1378/2631 3627/1382/2630 3626/1386/2639 3624/1390/2640 3625/1394/2641 3623/1398/2666
f 3617/268/2636 3615/424/2635 3623/424/2666 3625/268/2641
f 3616/269/2633 3617/268/2636 3625/268/2641 3624/269/2640
f 3613/1354/2632 3614/886/2628 3622/886/2638 3621/1354/2637
f 3614/889/2628 3620/1368/2627 3628/1368/2631 3622/889/2638
f 3619/572/2629 3618/297/2659 3626/297/2639 3627/572/2630
f 3618/297/2659 3616/269/2633 3624/269/2640 3626/297/2639
f 3615/424/2635 3613/1354/2632 3621/1354/2637 3623/424/2666
f 3629/1347/2643 3630/886/2612 3632/1354/2644 3631/374/2614
f 3631/374/2614 3632/1354/2644 3634/424/2615 3633/625/2616
f 3633/625/2616 3634/424/2615 3641/268/2617 3635/289/2618
f 3635/289/2618 3641/268/2617 3642/269/2619 3636/281/2620
f 3636/281/2620 3642/269/2619 3643/297/2621 3637/293/2622
f 3637/293/2622 3643/297/2621 3639/572/2623 3638/642/2645
f 3638/642/2645 3639/572/2623 3644/1368/2625 3640/341/2626
f 3640/341/2626 3644/1368/2625 3630/889/2612 3629/745/2643
f 3629/1407/2643 3631/1411/2614 3633/1415/2616 3635/1419/2618 3636/1423/2620 3637/1427/2622 3638/1431/2645 3640/1435/2626
f 3630/889/2612 3644/1368/2625 3652/1368/2627 3646/889/2646
f 3652/1368/2627 3651/572/2629 3659/572/2630 3660/1368/2631
f 3632/1354/2644 3630/886/2612 3646/886/2646 3645/1354/2632
f 3644/1368/2625 3639/572/2623 3651/572/2629 3652/1368/2627
f 3643/297/2621 3642/269/2619 3648/269/2633 3650/297/2634
f 3639/572/2623 3643/297/2621 3650/297/2634 3651/572/2629
f 3641/268/2617 3634/424/2615 3647/424/2635 3649/268/2636
f 3634/424/2615 3632/1354/2644 3645/1354/2632 3647/424/2635
f 3642/269/2619 3641/268/2617 3649/268/2636 3648/269/2633
f 3653/1402/2637 3654/1374/2638 3660/1378/2631 3659/1382/2630 3658/1386/2639 3656/1390/2640 3657/1394/2641 3655/1398/2642
f 3649/268/2636 3647/424/2635 3655/424/2642 3657/268/2641
f 3648/269/2633 3649/268/2636 3657/268/2641 3656/269/2640
f 3645/1354/2632 3646/886/2646 3654/886/2638 3653/1354/2637
f 3646/889/2646 3652/1368/2627 3660/1368/2631 3654/889/2638
f 3651/572/2629 3650/297/2634 3658/297/2639 3659/572/2630
f 3650/297/2634 3648/269/2633 3656/269/2640 3658/297/2639
f 3647/424/2635 3645/1354/2632 3653/1354/2637 3655/424/2642
f 3661/1347/2611 3662/886/2612 3664/1354/2644 3663/374/2614
f 3663/374/2614 3664/1354/2644 3666/424/2650 3665/625/2616
f 3665/625/2616 3666/424/2650 3673/268/2617 3667/289/2618
f 3667/289/2618 3673/268/2617 3674/269/2619 3668/281/2620
f 3668/281/2620 3674/269/2619 3675/297/2621 3669/293/2622
f 3669/293/2622 3675/297/2621 3671/572/2623 3670/642/2645
f 3670/642/2645 3671/572/2623 3676/1368/2625 3672/341/2626
f 3672/341/2626 3676/1368/2625 3662/889/2612 3661/745/2611
f 3661/1407/2611 3663/1411/2614 3665/1415/2616 3667/1419/2618 3668/1423/2620 3669/1427/2622 3670/1431/2645 3672/1435/2626
f 3662/889/2612 3676/1368/2625 3684/1368/2627 3678/889/2628
f 3684/1368/2627 3683/572/2629 3691/572/2630 3692/1368/2631
f 3664/1354/2644 3662/886/2612 3678/886/2628 3677/1354/2632
f 3676/1368/2625 3671/572/2623 3683/572/2629 3684/1368/2627
f 3675/297/2621 3674/269/2619 3680/269/2661 3682/297/2634
f 3671/572/2623 3675/297/2621 3682/297/2634 3683/572/2629
f 3673/268/2617 3666/424/2650 3679/424/2635 3681/268/2636
f 3666/424/2650 3664/1354/2644 3677/1354/2632 3679/424/2635
f 3674/269/2619 3673/268/2617 3681/268/2636 3680/269/2661
f 3685/1402/2637 3686/1374/2638 3692/1378/2631 3691/1382/2630 3690/1386/2639 3688/1390/2640 3689/1394/2641 3687/1398/2666
f 3681/268/2636 3679/424/2635 3687/424/2666 3689/268/2641
f 3680/269/2661 3681/268/2636 3689/268/2641 3688/269/2640
f 3677/1354/2632 3678/886/2628 3686/886/2638 3685/1354/2637
f 3678/889/2628 3684/1368/2627 3692/1368/2631 3686/889/2638
f 3683/572/2629 3682/297/2634 3690/297/2639 3691/572/2630
f 3682/297/2634 3680/269/2661 3688/269/2640 3690/297/2639
f 3679/424/2635 3677/1354/2632 3685/1354/2637 3687/424/2666
f 3693/1347/2667 3694/886/2668 3696/1354/2669 3695/374/2670
f 3695/374/2670 3696/1354/2669 3698/424/2671 3697/625/2672
f 3697/625/2672 3698/424/2671 3700/268/2673 3699/289/2674
f 3699/289/2674 3700/268/2673 3702/269/2675 3701/281/2676
f 3701/281/2676 3702/269/2675 3704/297/2677 3703/293/2678
f 3703/293/2678 3704/297/2677 3706/572/2679 3705/642/2680
f 3696/1402/2669 3694/1374/2668 3708/1378/2681 3706/1382/2679 3704/1386/2677 3702/1390/2675 3700/1394/2673 3698/1398/2671
f 3705/642/2680 3706/572/2679 3708/1368/2681 3707/341/2682
f 3707/341/2682 3708/1368/2681 3694/889/2668 3693/745/2667
f 3693/1407/2667 3695/1411/2670 3697/1415/2672 3699/1419/2674 3701/1423/2676 3703/1427/2678 3705/1431/2680 3707/1435/2682
f 3709/1347/2683 3710/886/2684 3712/1354/2685 3711/374/2686
f 3711/374/2686 3712/1354/2685 3714/424/2687 3713/625/2688
f 3713/625/2688 3714/424/2687 3716/268/2689 3715/289/2690
f 3715/289/2690 3716/268/2689 3718/269/2691 3717/281/2692
f 3717/281/2692 3718/269/2691 3720/297/2693 3719/293/2694
f 3719/293/2694 3720/297/2693 3722/572/2695 3721/642/2696
f 3716/268/2689 3714/424/2687 3727/424/2697 3728/268/2698
f 3721/642/2696 3722/572/2695 3724/1368/2699 3723/341/2700
f 3723/341/2700 3724/1368/2699 3710/889/2684 3709/745/2683
f 3709/1407/2683 3711/1411/2686 3713/1415/2688 3715/1419/2690 3717/1423/2692 3719/1427/2694 3721/1431/2696 3723/1435/2700
f 3727/424/2697 3725/1354/2701 3733/1354/2702 3735/424/2703
f 3722/572/2695 3720/297/2693 3730/297/2704 3731/572/2705
f 3718/269/2691 3716/268/2689 3728/268/2698 3729/269/2706
f 3724/1368/2699 3722/572/2695 3731/572/2705 3732/1368/2707
f 3714/424/2687 3712/1354/2685 3725/1354/2701 3727/424/2697
f 3720/297/2693 3718/269/2691 3729/269/2706 3730/297/2704
f 3710/889/2684 3724/1368/2699 3732/1368/2707 3726/889/2708
f 3712/1354/2685 3710/886/2684 3726/886/2708 3725/1354/2701
f 3734/889/2709 3740/1368/2710 3748/1368/2711 3742/889/2712
f 3732/1368/2707 3731/572/2705 3739/572/2713 3740/1368/2710
f 3730/297/2704 3729/269/2706 3737/269/2714 3738/297/2715
f 3728/268/2698 3727/424/2697 3735/424/2703 3736/268/2716
f 3725/1354/2701 3726/886/2708 3734/886/2709 3733/1354/2702
f 3726/889/2708 3732/1368/2707 3740/1368/2710 3734/889/2709
f 3731/572/2705 3730/297/2704 3738/297/2715 3739/572/2713
f 3729/269/2706 3728/268/2698 3736/268/2716 3737/269/2714
f 3744/268/2717 3743/424/2718 3751/424/2719 3752/268/2720
f 3739/572/2713 3738/297/2715 3746/297/2721 3747/572/2722
f 3737/269/2714 3736/268/2716 3744/268/2717 3745/269/2723
f 3735/424/2703 3733/1354/2702 3741/1354/2724 3743/424/2718
f 3740/1368/2710 3739/572/2713 3747/572/2722 3748/1368/2711
f 3738/297/2715 3737/269/2714 3745/269/2723 3746/297/2721
f 3736/268/2716 3735/424/2703 3743/424/2718 3744/268/2717
f 3733/1354/2702 3734/886/2709 3742/886/2712 3741/1354/2724
f 3756/1368/2725 3755/572/2726 3763/572/2727 3764/1368/2728
f 3741/1354/2724 3742/886/2712 3750/886/2729 3749/1354/2730
f 3742/889/2712 3748/1368/2711 3756/1368/2725 3750/889/2729
f 3747/572/2722 3746/297/2721 3754/297/2731 3755/572/2726
f 3745/269/2723 3744/268/2717 3752/268/2720 3753/269/2732
f 3743/424/2718 3741/1354/2724 3749/1354/2730 3751/424/2719
f 3748/1368/2711 3747/572/2722 3755/572/2726 3756/1368/2725
f 3746/297/2721 3745/269/2723 3753/269/2732 3754/297/2731
f 3761/269/2733 3760/268/2734 3768/268/2735 3769/269/2736
f 3754/297/2731 3753/269/2732 3761/269/2733 3762/297/2737
f 3752/268/2720 3751/424/2719 3759/424/2738 3760/268/2734
f 3749/1354/2730 3750/886/2729 3758/886/2739 3757/1354/2740
f 3750/889/2729 3756/1368/2725 3764/1368/2728 3758/889/2739
f 3755/572/2726 3754/297/2731 3762/297/2737 3763/572/2727
f 3753/269/2732 3752/268/2720 3760/268/2734 3761/269/2733
f 3751/424/2719 3749/1354/2730 3757/1354/2740 3759/424/2738
f 3767/424/2741 3765/1354/2742 3773/1354/2743 3775/424/2744
f 3759/424/2738 3757/1354/2740 3765/1354/2742 3767/424/2741
f 3764/1368/2728 3763/572/2727 3771/572/2745 3772/1368/2746
f 3762/297/2737 3761/269/2733 3769/269/2736 3770/297/2747
f 3760/268/2734 3759/424/2738 3767/424/2741 3768/268/2735
f 3757/1354/2740 3758/886/2739 3766/886/2748 3765/1354/2742
f 3758/889/2739 3764/1368/2728 3772/1368/2746 3766/889/2748
f 3763/572/2727 3762/297/2737 3770/297/2747 3771/572/2745
f 3773/1402/2743 3774/1374/2749 3780/1378/2750 3779/1382/2751 3778/1386/2752 3777/1390/2753 3776/1394/2754 3775/1398/2744
f 3772/1368/2746 3771/572/2745 3779/572/2751 3780/1368/2750
f 3770/297/2747 3769/269/2736 3777/269/2753 3778/297/2752
f 3768/268/2735 3767/424/2741 3775/424/2744 3776/268/2754
f 3765/1354/2742 3766/886/2748 3774/886/2749 3773/1354/2743
f 3766/889/2748 3772/1368/2746 3780/1368/2750 3774/889/2749
f 3771/572/2745 3770/297/2747 3778/297/2752 3779/572/2751
f 3769/269/2736 3768/268/2735 3776/268/2754 3777/269/2753
f 3781/890/2755 3782/891/2756 3784/323/2757 3783/351/2758
f 3783/351/2758 3784/323/2757 3788/289/2759 3787/293/2760
f 3787/293/2760 3788/289/2759 3786/36/2761 3785/98/2762
f 3785/98/2762 3786/36/2761 3782/268/2756 3781/297/2755
f 3783/341/2758 3787/293/2760 3785/98/2762 3781/167/2755
f 3788/289/2759 3784/374/2757 3782/235/2756 3786/36/2761
f 3789/890/2755 3790/891/2756 3792/323/2757 3791/351/2758
f 3791/351/2758 3792/323/2757 3796/289/2759 3795/293/2760
f 3795/293/2760 3796/289/2759 3794/36/2761 3793/98/2762
f 3793/98/2762 3794/36/2761 3790/268/2756 3789/297/2755
f 3791/341/2758 3795/293/2760 3793/98/2762 3789/167/2755
f 3796/289/2759 3792/374/2757 3790/235/2756 3794/36/2761
f 3797/890/2763 3798/891/2764 3800/323/2757 3799/351/2758
f 3799/351/2758 3800/323/2757 3804/289/2765 3803/293/2766
f 3803/293/2766 3804/289/2765 3802/36/2767 3801/98/2768
f 3801/98/2768 3802/36/2767 3798/268/2764 3797/297/2763
f 3799/341/2758 3803/293/2766 3801/98/2768 3797/167/2763
f 3804/289/2765 3800/374/2757 3798/235/2764 3802/36/2767
f 3805/1347/2769 3806/886/2770 3808/1354/2669 3807/374/2670
f 3807/374/2670 3808/1354/2669 3810/424/2671 3809/625/2771
f 3809/625/2771 3810/424/2671 3812/268/2673 3811/289/2674
f 3811/289/2674 3812/268/2673 3814/269/2772 3813/281/2773
f 3813/281/2773 3814/269/2772 3816/297/2774 3815/293/2775
f 3815/293/2775 3816/297/2774 3818/572/2776 3817/642/2777
f 3808/1402/2669 3806/1374/2770 3820/1378/2681 3818/1382/2776 3816/1386/2774 3814/1390/2772 3812/1394/2673 3810/1398/2671
f 3817/642/2777 3818/572/2776 3820/1368/2681 3819/341/2682
f 3819/341/2682 3820/1368/2681 3806/889/2770 3805/745/2769
f 3805/1407/2769 3807/1411/2670 3809/1415/2771 3811/1419/2674 3813/1423/2773 3815/1427/2775 3817/1431/2777 3819/1435/2682
f 3821/890/504 3822/891/2230 3824/323/2227 3823/351/503
f 3823/351/503 3824/323/2227 3828/289/2228 3827/293/332
f 3827/293/332 3828/289/2228 3826/36/2229 3825/98/331
f 3825/98/331 3826/36/2229 3822/268/2230 3821/297/504
f 3823/341/503 3827/293/332 3825/98/331 3821/167/504
f 3826/36/2229 3828/289/2228 3831/289/339 3832/36/2295
f 3829/268/2296 3832/36/2295 3836/36/1649 3833/268/1650
f 3824/323/2227 3822/891/2230 3829/891/2296 3830/323/509
f 3822/268/2230 3826/36/2229 3832/36/2295 3829/268/2296
f 3828/289/2228 3824/323/2227 3830/323/509 3831/289/339
f 3835/289/1252 3834/374/1241 3833/235/1650 3836/36/1649
f 3831/289/339 3830/323/509 3834/323/1241 3835/289/1252
f 3832/36/2295 3831/289/339 3835/289/1252 3836/36/1649
f 3830/323/509 3829/891/2296 3833/891/1650 3834/323/1241
f 3837/890/503 3838/891/2227 3840/323/2228 3839/351/332
f 3839/351/332 3840/323/2228 3844/289/2229 3843/293/331
f 3843/293/331 3844/289/2229 3842/36/2230 3841/98/504
f 3841/98/504 3842/36/2230 3838/268/2227 3837/297/503
f 3839/341/332 3843/293/331 3841/98/504 3837/167/503
f 3842/36/2230 3844/289/2229 3847/289/2295 3848/36/2296
f 3845/268/509 3848/36/2296 3852/36/1650 3849/268/1241
f 3840/323/2228 3838/891/2227 3845/891/509 3846/323/339
f 3838/268/2227 3842/36/2230 3848/36/2296 3845/268/509
f 3844/289/2229 3840/323/2228 3846/323/339 3847/289/2295
f 3851/289/1649 3850/374/1252 3849/235/1241 3852/36/1650
f 3847/289/2295 3846/323/339 3850/323/1252 3851/289/1649
f 3848/36/2296 3847/289/2295 3851/289/1649 3852/36/1650
f 3846/323/339 3845/891/509 3849/891/1241 3850/323/1252
f 3853/1347/2667 3854/886/2668 3856/1354/2669 3855/374/2670
f 3855/374/2670 3856/1354/2669 3858/424/2778 3857/625/2672
f 3857/625/2672 3858/424/2778 3860/268/2673 3859/289/2674
f 3859/289/2674 3860/268/2673 3862/269/2675 3861/281/2676
f 3861/281/2676 3862/269/2675 3864/297/2677 3863/293/2678
f 3863/293/2678 3864/297/2677 3866/572/2679 3865/642/2680
f 3856/1402/2669 3854/1374/2668 3868/1378/2681 3866/1382/2679 3864/1386/2677 3862/1390/2675 3860/1394/2673 3858/1398/2778
f 3865/642/2680 3866/572/2679 3868/1368/2681 3867/341/2682
f 3867/341/2682 3868/1368/2681 3854/889/2668 3853/745/2667
f 3853/1407/2667 3855/1411/2670 3857/1415/2672 3859/1419/2674 3861/1423/2676 3863/1427/2678 3865/1431/2680 3867/1435/2682
f 3869/1347/2779 3870/886/2780 3872/1354/2781 3871/374/2782
f 3871/374/2782 3872/1354/2781 3874/424/2783 3873/625/2784
f 3873/625/2784 3874/424/2783 3876/268/2785 3875/289/2786
f 3875/289/2786 3876/268/2785 3878/269/2787 3877/281/2788
f 3877/281/2788 3878/269/2787 3880/297/2789 3879/293/2790
f 3879/293/2790 3880/297/2789 3882/572/2791 3881/642/2792
f 3876/268/2785 3874/424/2783 3887/424/2793 3888/268/2794
f 3881/642/2792 3882/572/2791 3884/1368/2795 3883/341/2796
f 3883/341/2796 3884/1368/2795 3870/889/2780 3869/745/2779
f 3869/1407/2779 3871/1411/2782 3873/1415/2784 3875/1419/2786 3877/1423/2788 3879/1427/2790 3881/1431/2792 3883/1435/2796
f 3887/424/2793 3885/1354/2797 3893/1354/2798 3895/424/2799
f 3882/572/2791 3880/297/2789 3890/297/2800 3891/572/2801
f 3878/269/2787 3876/268/2785 3888/268/2794 3889/269/2802
f 3884/1368/2795 3882/572/2791 3891/572/2801 3892/1368/2803
f 3874/424/2783 3872/1354/2781 3885/1354/2797 3887/424/2793
f 3880/297/2789 3878/269/2787 3889/269/2802 3890/297/2800
f 3870/889/2780 3884/1368/2795 3892/1368/2803 3886/889/2804
f 3872/1354/2781 3870/886/2780 3886/886/2804 3885/1354/2797
f 3894/889/2805 3900/1368/2806 3908/1368/2807 3902/889/2808
f 3892/1368/2803 3891/572/2801 3899/572/2809 3900/1368/2806
f 3890/297/2800 3889/269/2802 3897/269/2810 3898/297/2811
f 3888/268/2794 3887/424/2793 3895/424/2799 3896/268/2812
f 3885/1354/2797 3886/886/2804 3894/886/2805 3893/1354/2798
f 3886/889/2804 3892/1368/2803 3900/1368/2806 3894/889/2805
f 3891/572/2801 3890/297/2800 3898/297/2811 3899/572/2809
f 3889/269/2802 3888/268/2794 3896/268/2812 3897/269/2810
f 3904/268/2813 3903/424/2814 3911/424/2815 3912/268/2816
f 3899/572/2809 3898/297/2811 3906/297/2817 3907/572/2818
f 3897/269/2810 3896/268/2812 3904/268/2813 3905/269/2819
f 3895/424/2799 3893/1354/2798 3901/1354/2820 3903/424/2814
f 3900/1368/2806 3899/572/2809 3907/572/2818 3908/1368/2807
f 3898/297/2811 3897/269/2810 3905/269/2819 3906/297/2817
f 3896/268/2812 3895/424/2799 3903/424/2814 3904/268/2813
f 3893/1354/2798 3894/886/2805 3902/886/2808 3901/1354/2820
f 3916/1368/2821 3915/572/2822 3923/572/2823 3924/1368/2824
f 3901/1354/2820 3902/886/2808 3910/886/2825 3909/1354/2826
f 3902/889/2808 3908/1368/2807 3916/1368/2821 3910/889/2825
f 3907/572/2818 3906/297/2817 3914/297/2827 3915/572/2822
f 3905/269/2819 3904/268/2813 3912/268/2816 3913/269/2828
f 3903/424/2814 3901/1354/2820 3909/1354/2826 3911/424/2815
f 3908/1368/2807 3907/572/2818 3915/572/2822 3916/1368/2821
f 3906/297/2817 3905/269/2819 3913/269/2828 3914/297/2827
f 3921/269/2829 3920/268/2830 3928/268/2831 3929/269/2832
f 3914/297/2827 3913/269/2828 3921/269/2829 3922/297/2833
f 3912/268/2816 3911/424/2815 3919/424/2834 3920/268/2830
f 3909/1354/2826 3910/886/2825 3918/886/2835 3917/1354/2836
f 3910/889/2825 3916/1368/2821 3924/1368/2824 3918/889/2835
f 3915/572/2822 3914/297/2827 3922/297/2833 3923/572/2823
f 3913/269/2828 3912/268/2816 3920/268/2830 3921/269/2829
f 3911/424/2815 3909/1354/2826 3917/1354/2836 3919/424/2834
f 3927/424/2837 3925/1354/2838 3933/1354/2839 3935/424/2840
f 3919/424/2834 3917/1354/2836 3925/1354/2838 3927/424/2837
f 3924/1368/2824 3923/572/2823 3931/572/2841 3932/1368/2842
f 3922/297/2833 3921/269/2829 3929/269/2832 3930/297/2843
f 3920/268/2830 3919/424/2834 3927/424/2837 3928/268/2831
f 3917/1354/2836 3918/886/2835 3926/886/2844 3925/1354/2838
f 3918/889/2835 3924/1368/2824 3932/1368/2842 3926/889/2844
f 3923/572/2823 3922/297/2833 3930/297/2843 3931/572/2841
f 3933/1402/2839 3934/1374/2845 3940/1378/2846 3939/1382/2847 3938/1386/2848 3937/1390/2849 3936/1394/2850 3935/1398/2840
f 3932/1368/2842 3931/572/2841 3939/572/2847 3940/1368/2846
f 3930/297/2843 3929/269/2832 3937/269/2849 3938/297/2848
f 3928/268/2831 3927/424/2837 3935/424/2840 3936/268/2850
f 3925/1354/2838 3926/886/2844 3934/886/2845 3933/1354/2839
f 3926/889/2844 3932/1368/2842 3940/1368/2846 3934/889/2845
f 3931/572/2841 3930/297/2843 3938/297/2848 3939/572/2847
f 3929/269/2832 3928/268/2831 3936/268/2850 3937/269/2849
f 3941/890/2851 3942/891/2852 3944/323/2853 3943/351/2854
f 3943/351/2854 3944/323/2853 3948/289/2855 3947/293/2856
f 3947/293/2856 3948/289/2855 3946/36/2857 3945/98/2858
f 3945/98/2858 3946/36/2857 3942/268/2852 3941/297/2851
f 3943/341/2854 3947/293/2856 3945/98/2858 3941/167/2851
f 3948/289/2855 3944/374/2853 3942/235/2852 3946/36/2857
f 3949/890/2859 3950/891/2852 3952/323/2853 3951/351/2854
f 3951/351/2854 3952/323/2853 3956/289/2860 3955/293/2856
f 3955/293/2856 3956/289/2860 3954/36/2857 3953/98/2858
f 3953/98/2858 3954/36/2857 3950/268/2852 3949/297/2859
f 3951/341/2854 3955/293/2856 3953/98/2858 3949/167/2859
f 3956/289/2860 3952/374/2853 3950/235/2852 3954/36/2857
f 3957/890/2859 3958/891/2861 3960/323/2853 3959/351/2854
f 3959/351/2854 3960/323/2853 3964/289/2855 3963/293/2862
f 3963/293/2862 3964/289/2855 3962/36/2857 3961/98/2858
f 3961/98/2858 3962/36/2857 3958/268/2861 3957/297/2859
f 3959/341/2854 3963/293/2862 3961/98/2858 3957/167/2859
f 3964/289/2855 3960/374/2853 3958/235/2861 3962/36/2857
f 3965/1347/2863 3966/886/2864 3968/1535/2865 3967/1536/2866
f 3967/1536/2866 3968/1535/2865 3970/1537/2867 3969/1538/2868
f 3969/1538/2868 3970/1537/2867 3972/269/2869 3971/281/2870
f 3971/281/2870 3972/269/2869 3974/1539/2871 3973/1080/2872
f 3976/1540/2873 3974/1539/2871 3981/1539/2874 3982/1540/2875
f 3973/1080/2872 3974/1539/2871 3976/1540/2873 3975/1541/2876
f 3975/1541/2876 3976/1540/2873 3966/1542/2864 3965/745/2863
f 3965/1407/2863 3967/1543/2866 3969/1544/2868 3971/1423/2870 3973/1545/2872 3975/1546/2876
f 3978/1542/2877 3982/1540/2875 3988/1540/2878 3984/1542/2879
f 3968/1535/2865 3966/886/2864 3978/886/2877 3977/1535/2880
f 3972/269/2869 3970/1537/2867 3979/1537/2881 3980/269/2882
f 3966/1542/2864 3976/1540/2873 3982/1540/2875 3978/1542/2877
f 3974/1539/2871 3972/269/2869 3980/269/2882 3981/1539/2874
f 3970/1537/2867 3968/1535/2865 3977/1535/2880 3979/1537/2881
f 3988/1540/2878 3987/1539/2883 3993/1539/2884 3994/1540/2885
f 3981/1539/2874 3980/269/2882 3986/269/2886 3987/1539/2883
f 3979/1537/2881 3977/1535/2880 3983/1535/2887 3985/1537/2888
f 3982/1540/2875 3981/1539/2874 3987/1539/2883 3988/1540/2878
f 3980/269/2882 3979/1537/2881 3985/1537/2888 3986/269/2886
f 3977/1535/2880 3978/886/2877 3984/886/2879 3983/1535/2887
f 3990/1542/2889 3994/1540/2885 4000/1540/2890 3996/1542/2891
f 3986/269/2886 3985/1537/2888 3991/1537/2892 3992/269/2893
f 3983/1535/2887 3984/886/2879 3990/886/2889 3989/1535/2894
f 3984/1542/2879 3988/1540/2878 3994/1540/2885 3990/1542/2889
f 3987/1539/2883 3986/269/2886 3992/269/2893 3993/1539/2884
f 3985/1537/2888 3983/1535/2887 3989/1535/2894 3991/1537/2892
f 4000/1540/2890 3999/1539/2895 4005/1539/2896 4006/1540/2897
f 3993/1539/2884 3992/269/2893 3998/269/2898 3999/1539/2895
f 3991/1537/2892 3989/1535/2894 3995/1535/2899 3997/1537/2900
f 3994/1540/2885 3993/1539/2884 3999/1539/2895 4000/1540/2890
f 3992/269/2893 3991/1537/2892 3997/1537/2900 3998/269/2898
f 3989/1535/2894 3990/886/2889 3996/886/2891 3995/1535/2899
f 4002/1542/2901 4006/1540/2897 4012/1540/2902 4008/1542/2903
f 3998/269/2898 3997/1537/2900 4003/1537/2904 4004/269/2905
f 3995/1535/2899 3996/886/2891 4002/886/2901 4001/1535/2906
f 3996/1542/2891 4000/1540/2890 4006/1540/2897 4002/1542/2901
f 3999/1539/2895 3998/269/2898 4004/269/2905 4005/1539/2896
f 3997/1537/2900 3995/1535/2899 4001/1535/2906 4003/1537/2904
f 4012/1540/2902 4011/1539/2907 4017/1539/2908 4018/1540/2909
f 4005/1539/2896 4004/269/2905 4010/269/2910 4011/1539/2907
f 4003/1537/2904 4001/1535/2906 4007/1535/2911 4009/1537/2912
f 4006/1540/2897 4005/1539/2896 4011/1539/2907 4012/1540/2902
f 4004/269/2905 4003/1537/2904 4009/1537/2912 4010/269/2910
f 4001/1535/2906 4002/886/2901 4008/886/2903 4007/1535/2911
f 4014/1542/2913 4018/1540/2909 4024/1540/2914 4020/1542/2915
f 4010/269/2910 4009/1537/2912 4015/1537/2916 4016/269/2917
f 4007/1535/2911 4008/886/2903 4014/886/2913 4013/1535/2918
f 4008/1542/2903 4012/1540/2902 4018/1540/2909 4014/1542/2913
f 4011/1539/2907 4010/269/2910 4016/269/2917 4017/1539/2908
f 4009/1537/2912 4007/1535/2911 4013/1535/2918 4015/1537/2916
f 4019/1547/2919 4020/1374/2915 4024/1548/2914 4023/1549/2920 4022/1390/2921 4021/1550/2922
f 4017/1539/2908 4016/269/2917 4022/269/2921 4023/1539/2920
f 4015/1537/2916 4013/1535/2918 4019/1535/2919 4021/1537/2922
f 4018/1540/2909 4017/1539/2908 4023/1539/2920 4024/1540/2914
f 4016/269/2917 4015/1537/2916 4021/1537/2922 4022/269/2921
f 4013/1535/2918 4014/886/2913 4020/886/2915 4019/1535/2919
f 4025/890/2923 4027/351/2924 4028/323/2925 4026/891/2926
f 4027/351/2924 4031/293/2927 4032/289/2928 4028/323/2925
f 4031/293/2927 4029/98/2929 4030/36/2930 4032/289/2928
f 4029/98/2929 4025/297/2923 4026/268/2926 4030/36/2930
f 4027/341/2924 4025/167/2923 4029/98/2929 4031/293/2927
f 4032/289/2928 4030/36/2930 4026/235/2926 4028/374/2925
f 4033/890/2931 4035/351/2932 4036/323/2933 4034/891/2934
f 4035/351/2932 4039/293/2935 4040/289/2936 4036/323/2933
f 4039/293/2935 4037/98/2937 4038/36/2938 4040/289/2936
f 4037/98/2937 4033/297/2931 4034/268/2934 4038/36/2938
f 4035/341/2932 4033/167/2931 4037/98/2937 4039/293/2935
f 4040/289/2936 4038/36/2938 4034/235/2934 4036/374/2933
f 4041/890/2923 4043/351/2924 4044/323/2925 4042/891/2934
f 4043/351/2924 4047/293/2927 4048/289/2928 4044/323/2925
f 4047/293/2927 4045/98/2929 4046/36/2930 4048/289/2928
f 4045/98/2929 4041/297/2923 4042/268/2934 4046/36/2930
f 4043/341/2924 4041/167/2923 4045/98/2929 4047/293/2927
f 4048/289/2928 4046/36/2930 4042/235/2934 4044/374/2925
f 4049/890/2931 4051/351/2932 4052/323/2933 4050/891/2934
f 4051/351/2932 4055/293/2927 4056/289/2928 4052/323/2933
f 4055/293/2927 4053/98/2929 4054/36/2930 4056/289/2928
f 4053/98/2929 4049/297/2931 4050/268/2934 4054/36/2930
f 4051/341/2932 4049/167/2931 4053/98/2929 4055/293/2927
f 4056/289/2928 4054/36/2930 4050/235/2934 4052/374/2933
f 4057/890/2923 4059/351/2924 4060/323/2925 4058/891/2934
f 4059/351/2924 4063/293/2935 4064/289/2936 4060/323/2925
f 4063/293/2935 4061/98/2929 4062/36/2930 4064/289/2936
f 4061/98/2929 4057/297/2923 4058/268/2934 4062/36/2930
f 4059/341/2924 4057/167/2923 4061/98/2929 4063/293/2935
f 4064/289/2936 4062/36/2930 4058/235/2934 4060/374/2925
f 4065/890/2931 4067/351/2932 4068/323/2933 4066/891/2934
f 4067/351/2932 4071/293/2927 4072/289/2928 4068/323/2933
f 4071/293/2927 4069/98/2929 4070/36/2930 4072/289/2928
f 4069/98/2929 4065/297/2931 4066/268/2934 4070/36/2930
f 4067/341/2932 4065/167/2931 4069/98/2929 4071/293/2927
f 4072/289/2928 4070/36/2930 4066/235/2934 4068/374/2933
f 4073/1347/2939 4074/886/2864 4076/1535/2940 4075/1536/2941
f 4075/1536/2941 4076/1535/2940 4078/1537/2942 4077/1538/2868
f 4077/1538/2868 4078/1537/2942 4080/269/2869 4079/281/2870
f 4079/281/2870 4080/269/2869 4082/1539/2871 4081/1080/2872
f 4084/1540/2943 4082/1539/2871 4089/1539/2874 4090/1540/2944
f 4081/1080/2872 4082/1539/2871 4084/1540/2943 4083/1541/2876
f 4083/1541/2876 4084/1540/2943 4074/1542/2864 4073/745/2939
f 4073/1407/2939 4075/1543/2941 4077/1544/2868 4079/1423/2870 4081/1545/2872 4083/1546/2876
f 4086/1542/2877 4090/1540/2944 4096/1540/2945 4092/1542/2879
f 4076/1535/2940 4074/886/2864 4086/886/2877 4085/1535/2946
f 4080/269/2869 4078/1537/2942 4087/1537/2947 4088/269/2882
f 4074/1542/2864 4084/1540/2943 4090/1540/2944 4086/1542/2877
f 4082/1539/2871 4080/269/2869 4088/269/2882 4089/1539/2874
f 4078/1537/2942 4076/1535/2940 4085/1535/2946 4087/1537/2947
f 4096/1540/2945 4095/1539/2883 4101/1539/2948 4102/1540/2949
f 4089/1539/2874 4088/269/2882 4094/269/2950 4095/1539/2883
f 4087/1537/2947 4085/1535/2946 4091/1535/2887 4093/1537/2951
f 4090/1540/2944 4089/1539/2874 4095/1539/2883 4096/1540/2945
f 4088/269/2882 4087/1537/2947 4093/1537/2951 4094/269/2950
f 4085/1535/2946 4086/886/2877 4092/886/2879 4091/1535/2887
f 4098/1542/2889 4102/1540/2949 4108/1540/2952 4104/1542/2891
f 4094/269/2950 4093/1537/2951 4099/1537/2953 4100/269/2893
f 4091/1535/2887 4092/886/2879 4098/886/2889 4097/1535/2894
f 4092/1542/2879 4096/1540/2945 4102/1540/2949 4098/1542/2889
f 4095/1539/2883 4094/269/2950 4100/269/2893 4101/1539/2948
f 4093/1537/2951 4091/1535/2887 4097/1535/2894 4099/1537/2953
f 4108/1540/2952 4107/1539/2954 4113/1539/2896 4114/1540/2955
f 4101/1539/2948 4100/269/2893 4106/269/2898 4107/1539/2954
f 4099/1537/2953 4097/1535/2894 4103/1535/2899 4105/1537/2900
f 4102/1540/2949 4101/1539/2948 4107/1539/2954 4108/1540/2952
f 4100/269/2893 4099/1537/2953 4105/1537/2900 4106/269/2898
f 4097/1535/2894 4098/886/2889 4104/886/2891 4103/1535/2899
f 4110/1542/2956 4114/1540/2955 4120/1540/2902 4116/1542/2903
f 4106/269/2898 4105/1537/2900 4111/1537/2904 4112/269/2957
f 4103/1535/2899 4104/886/2891 4110/886/2956 4109/1535/2958
f 4104/1542/2891 4108/1540/2952 4114/1540/2955 4110/1542/2956
f 4107/1539/2954 4106/269/2898 4112/269/2957 4113/1539/2896
f 4105/1537/2900 4103/1535/2899 4109/1535/2958 4111/1537/2904
f 4120/1540/2902 4119/1539/2907 4125/1539/2908 4126/1540/2909
f 4113/1539/2896 4112/269/2957 4118/269/2910 4119/1539/2907
f 4111/1537/2904 4109/1535/2958 4115/1535/2959 4117/1537/2960
f 4114/1540/2955 4113/1539/2896 4119/1539/2907 4120/1540/2902
f 4112/269/2957 4111/1537/2904 4117/1537/2960 4118/269/2910
f 4109/1535/2958 4110/886/2956 4116/886/2903 4115/1535/2959
f 4122/1542/2913 4126/1540/2909 4132/1540/2914 4128/1542/2915
f 4118/269/2910 4117/1537/2960 4123/1537/2961 4124/269/2917
f 4115/1535/2959 4116/886/2903 4122/886/2913 4121/1535/2918
f 4116/1542/2903 4120/1540/2902 4126/1540/2909 4122/1542/2913
f 4119/1539/2907 4118/269/2910 4124/269/2917 4125/1539/2908
f 4117/1537/2960 4115/1535/2959 4121/1535/2918 4123/1537/2961
f 4127/1547/2962 4128/1374/2915 4132/1548/2914 4131/1549/2920 4130/1390/2963 4129/1550/2964
f 4125/1539/2908 4124/269/2917 4130/269/2963 4131/1539/2920
f 4123/1537/2961 4121/1535/2918 4127/1535/2962 4129/1537/2964
f 4126/1540/2909 4125/1539/2908 4131/1539/2920 4132/1540/2914
f 4124/269/2917 4123/1537/2961 4129/1537/2964 4130/269/2963
f 4121/1535/2918 4122/886/2913 4128/886/2915 4127/1535/2962
f 4133/890/2965 4135/351/2966 4136/323/2967 4134/891/2968
f 4135/351/2966 4139/293/2935 4140/289/2936 4136/323/2967
f 4139/293/2935 4137/98/2937 4138/36/2938 4140/289/2936
f 4137/98/2937 4133/297/2965 4134/268/2968 4138/36/2938
f 4135/341/2966 4133/167/2965 4137/98/2937 4139/293/2935
f 4140/289/2936 4138/36/2938 4134/235/2968 4136/374/2967
f 4141/890/2965 4143/351/2966 4144/323/2967 4142/891/2968
f 4143/351/2966 4147/293/2927 4148/289/2928 4144/323/2967
f 4147/293/2927 4145/98/2929 4146/36/2930 4148/289/2928
f 4145/98/2929 4141/297/2965 4142/268/2968 4146/36/2930
f 4143/341/2966 4141/167/2965 4145/98/2929 4147/293/2927
f 4148/289/2928 4146/36/2930 4142/235/2968 4144/374/2967
f 4149/890/2965 4151/351/2969 4152/323/2967 4150/891/2968
f 4151/351/2969 4155/293/2927 4156/289/2928 4152/323/2967
f 4155/293/2927 4153/98/2929 4154/36/2930 4156/289/2928
f 4153/98/2929 4149/297/2965 4150/268/2968 4154/36/2930
f 4151/341/2969 4149/167/2965 4153/98/2929 4155/293/2927
f 4156/289/2928 4154/36/2930 4150/235/2968 4152/374/2967
f 4157/890/2965 4159/351/2969 4160/323/2970 4158/891/2968
f 4159/351/2969 4163/293/2927 4164/289/2928 4160/323/2970
f 4163/293/2927 4161/98/2929 4162/36/2930 4164/289/2928
f 4161/98/2929 4157/297/2965 4158/268/2968 4162/36/2930
f 4159/341/2969 4157/167/2965 4161/98/2929 4163/293/2927
f 4164/289/2928 4162/36/2930 4158/235/2968 4160/374/2970
f 4165/890/2965 4167/351/2969 4168/323/2970 4166/891/2968
f 4167/351/2969 4171/293/2927 4172/289/2928 4168/323/2970
f 4171/293/2927 4169/98/2929 4170/36/2930 4172/289/2928
f 4169/98/2929 4165/297/2965 4166/268/2968 4170/36/2930
f 4167/341/2969 4165/167/2965 4169/98/2929 4171/293/2927
f 4172/289/2928 4170/36/2930 4166/235/2968 4168/374/2970
f 4173/890/2965 4175/351/2971 4176/323/2970 4174/891/2968
f 4175/351/2971 4179/293/2927 4180/289/2928 4176/323/2970
f 4179/293/2927 4177/98/2929 4178/36/2930 4180/289/2928
f 4177/98/2929 4173/297/2965 4174/268/2968 4178/36/2930
f 4175/341/2971 4173/167/2965 4177/98/2929 4179/293/2927
f 4180/289/2928 4178/36/2930 4174/235/2968 4176/374/2970
f 4181/890/2972 4183/351/2973 4184/323/2974 4182/891/2975
f 4183/351/2973 4187/293/2976 4188/289/2977 4184/323/2974
f 4187/293/2976 4185/98/2978 4186/36/2979 4188/289/2977
f 4185/98/2978 4181/297/2972 4182/268/2975 4186/36/2979
f 4183/341/2973 4181/167/2972 4185/98/2978 4187/293/2976
f 4188/289/2977 4186/36/2979 4182/235/2975 4184/374/2974
f 4189/890/2972 4191/351/2973 4192/323/2974 4190/891/2975
f 4191/351/2973 4195/293/2976 4196/289/2977 4192/323/2974
f 4195/293/2976 4193/98/2980 4194/36/2979 4196/289/2977
f 4193/98/2980 4189/297/2972 4190/268/2975 4194/36/2979
f 4191/341/2973 4189/167/2972 4193/98/2980 4195/293/2976
f 4196/289/2977 4194/36/2979 4190/235/2975 4192/374/2974
f 4197/890/2972 4199/351/2973 4200/323/2974 4198/891/2975
f 4199/351/2973 4203/293/2981 4204/289/2982 4200/323/2974
f 4203/293/2981 4201/98/2980 4202/36/2983 4204/289/2982
f 4201/98/2980 4197/297/2972 4198/268/2975 4202/36/2983
f 4199/341/2973 4197/167/2972 4201/98/2980 4203/293/2981
f 4204/289/2982 4202/36/2983 4198/235/2975 4200/374/2974
f 4205/890/2972 4207/351/2973 4208/323/2984 4206/891/2985
f 4207/351/2973 4211/293/2976 4212/289/2982 4208/323/2984
f 4211/293/2976 4209/98/2980 4210/36/2983 4212/289/2982
f 4209/98/2980 4205/297/2972 4206/268/2985 4210/36/2983
f 4207/341/2973 4205/167/2972 4209/98/2980 4211/293/2976
f 4212/289/2982 4210/36/2983 4206/235/2985 4208/374/2984
f 4213/890/2972 4215/351/2973 4216/323/2974 4214/891/2975
f 4215/351/2973 4219/293/2976 4220/289/2977 4216/323/2974
f 4219/293/2976 4217/98/2986 4218/36/2987 4220/289/2977
f 4217/98/2986 4213/297/2972 4214/268/2975 4218/36/2987
f 4215/341/2973 4213/167/2972 4217/98/2986 4219/293/2976
f 4220/289/2977 4218/36/2987 4214/235/2975 4216/374/2974
f 4221/890/2972 4223/351/2988 4224/323/2974 4222/891/2975
f 4223/351/2988 4227/293/2981 4228/289/2977 4224/323/2974
f 4227/293/2981 4225/98/2978 4226/36/2979 4228/289/2977
f 4225/98/2978 4221/297/2972 4222/268/2975 4226/36/2979
f 4223/341/2988 4221/167/2972 4225/98/2978 4227/293/2981
f 4228/289/2977 4226/36/2979 4222/235/2975 4224/374/2974
f 4229/890/2972 4231/351/2973 4232/323/2974 4230/891/2975
f 4231/351/2973 4235/293/2981 4236/289/2977 4232/323/2974
f 4235/293/2981 4233/98/2978 4234/36/2979 4236/289/2977
f 4233/98/2978 4229/297/2972 4230/268/2975 4234/36/2979
f 4231/341/2973 4229/167/2972 4233/98/2978 4235/293/2981
f 4236/289/2977 4234/36/2979 4230/235/2975 4232/374/2974
f 4237/890/2972 4239/351/2989 4240/323/2974 4238/891/2975
f 4239/351/2989 4243/293/2976 4244/289/2977 4240/323/2974
f 4243/293/2976 4241/98/2986 4242/36/2979 4244/289/2977
f 4241/98/2986 4237/297/2972 4238/268/2975 4242/36/2979
f 4239/341/2989 4237/167/2972 4241/98/2986 4243/293/2976
f 4244/289/2977 4242/36/2979 4238/235/2975 4240/374/2974
f 4245/890/2972 4247/351/2973 4248/323/2974 4246/891/2975
f 4247/351/2973 4251/293/2976 4252/289/2977 4248/323/2974
f 4251/293/2976 4249/98/2980 4250/36/2987 4252/289/2977
f 4249/98/2980 4245/297/2972 4246/268/2975 4250/36/2987
f 4247/341/2973 4245/167/2972 4249/98/2980 4251/293/2976
f 4252/289/2977 4250/36/2987 4246/235/2975 4248/374/2974
f 4253/890/2990 4255/351/2988 4256/323/2984 4254/891/2985
f 4255/351/2988 4259/293/2981 4260/289/2982 4256/323/2984
f 4259/293/2981 4257/98/2978 4258/36/2983 4260/289/2982
f 4257/98/2978 4253/297/2990 4254/268/2985 4258/36/2983
f 4255/341/2988 4253/167/2990 4257/98/2978 4259/293/2981
f 4260/289/2982 4258/36/2983 4254/235/2985 4256/374/2984
f 4261/890/2990 4263/351/2988 4264/323/2974 4262/891/2975
f 4263/351/2988 4267/293/2981 4268/289/2977 4264/323/2974
f 4267/293/2981 4265/98/2978 4266/36/2979 4268/289/2977
f 4265/98/2978 4261/297/2990 4262/268/2975 4266/36/2979
f 4263/341/2988 4261/167/2990 4265/98/2978 4267/293/2981
f 4268/289/2977 4266/36/2979 4262/235/2975 4264/374/2974
f 4269/890/2972 4271/351/2973 4272/323/2974 4270/891/2975
f 4271/351/2973 4275/293/2981 4276/289/2977 4272/323/2974
f 4275/293/2981 4273/98/2978 4274/36/2979 4276/289/2977
f 4273/98/2978 4269/297/2972 4270/268/2975 4274/36/2979
f 4271/341/2973 4269/167/2972 4273/98/2978 4275/293/2981
f 4276/289/2977 4274/36/2979 4270/235/2975 4272/374/2974
f 4277/890/2972 4279/351/2973 4280/323/2974 4278/891/2975
f 4279/351/2973 4283/293/2976 4284/289/2977 4280/323/2974
f 4283/293/2976 4281/98/2986 4282/36/2979 4284/289/2977
f 4281/98/2986 4277/297/2972 4278/268/2975 4282/36/2979
f 4279/341/2973 4277/167/2972 4281/98/2986 4283/293/2976
f 4284/289/2977 4282/36/2979 4278/235/2975 4280/374/2974
f 4285/890/2972 4287/351/2989 4288/323/2974 4286/891/2975
f 4287/351/2989 4291/293/2976 4292/289/2977 4288/323/2974
f 4291/293/2976 4289/98/2986 4290/36/2987 4292/289/2977
f 4289/98/2986 4285/297/2972 4286/268/2975 4290/36/2987
f 4287/341/2989 4285/167/2972 4289/98/2986 4291/293/2976
f 4292/289/2977 4290/36/2987 4286/235/2975 4288/374/2974
f 4293/890/2990 4295/351/2988 4296/323/2984 4294/891/2985
f 4295/351/2988 4299/293/2981 4300/289/2982 4296/323/2984
f 4299/293/2981 4297/98/2978 4298/36/2983 4300/289/2982
f 4297/98/2978 4293/297/2990 4294/268/2985 4298/36/2983
f 4295/341/2988 4293/167/2990 4297/98/2978 4299/293/2981
f 4300/289/2982 4298/36/2983 4294/235/2985 4296/374/2984
f 4301/890/2991 4303/351/2988 4304/323/2974 4302/891/2975
f 4303/351/2988 4307/293/2976 4308/289/2977 4304/323/2974
f 4307/293/2976 4305/98/2978 4306/36/2979 4308/289/2977
f 4305/98/2978 4301/297/2991 4302/268/2975 4306/36/2979
f 4303/341/2988 4301/167/2991 4305/98/2978 4307/293/2976
f 4308/289/2977 4306/36/2979 4302/235/2975 4304/374/2974
f 4309/890/2972 4311/351/2973 4312/323/2974 4310/891/2975
f 4311/351/2973 4315/293/2981 4316/289/2977 4312/323/2974
f 4315/293/2981 4313/98/2978 4314/36/2979 4316/289/2977
f 4313/98/2978 4309/297/2972 4310/268/2975 4314/36/2979
f 4311/341/2973 4309/167/2972 4313/98/2978 4315/293/2981
f 4316/289/2977 4314/36/2979 4310/235/2975 4312/374/2974
f 4317/890/2972 4319/351/2989 4320/323/2974 4318/891/2975
f 4319/351/2989 4323/293/2976 4324/289/2977 4320/323/2974
f 4323/293/2976 4321/98/2986 4322/36/2979 4324/289/2977
f 4321/98/2986 4317/297/2972 4318/268/2975 4322/36/2979
f 4319/341/2989 4317/167/2972 4321/98/2986 4323/293/2976
f 4324/289/2977 4322/36/2979 4318/235/2975 4320/374/2974
f 4325/1347/2992 4326/886/2993 4328/1535/2994 4327/1536/2995
f 4327/1536/2995 4328/1535/2994 4330/1537/2996 4329/1538/2997
f 4329/1538/2997 4330/1537/2996 4332/269/2998 4331/281/2999
f 4331/281/2999 4332/269/2998 4334/1539/3000 4333/1080/3001
f 4336/1540/3002 4334/1539/3000 4341/1539/3003 4342/1540/3004
f 4333/1080/3001 4334/1539/3000 4336/1540/3002 4335/1541/3005
f 4335/1541/3005 4336/1540/3002 4326/1542/2993 4325/745/2992
f 4325/1407/2992 4327/1543/2995 4329/1544/2997 4331/1423/2999 4333/1545/3001 4335/1546/3005
f 4338/1542/3006 4342/1540/3004 4348/1540/3007 4344/1542/3008
f 4328/1535/2994 4326/886/2993 4338/886/3006 4337/1535/3009
f 4332/269/2998 4330/1537/2996 4339/1537/3010 4340/269/3011
f 4326/1542/2993 4336/1540/3002 4342/1540/3004 4338/1542/3006
f 4334/1539/3000 4332/269/2998 4340/269/3011 4341/1539/3003
f 4330/1537/2996 4328/1535/2994 4337/1535/3009 4339/1537/3010
f 4348/1540/3007 4347/1539/3012 4353/1539/3013 4354/1540/3014
f 4341/1539/3003 4340/269/3011 4346/269/3015 4347/1539/3012
f 4339/1537/3010 4337/1535/3009 4343/1535/3016 4345/1537/3017
f 4342/1540/3004 4341/1539/3003 4347/1539/3012 4348/1540/3007
f 4340/269/3011 4339/1537/3010 4345/1537/3017 4346/269/3015
f 4337/1535/3009 4338/886/3006 4344/886/3008 4343/1535/3016
f 4350/1542/3018 4354/1540/3014 4360/1540/3019 4356/1542/3020
f 4346/269/3015 4345/1537/3017 4351/1537/3021 4352/269/3022
f 4343/1535/3016 4344/886/3008 4350/886/3018 4349/1535/3023
f 4344/1542/3008 4348/1540/3007 4354/1540/3014 4350/1542/3018
f 4347/1539/3012 4346/269/3015 4352/269/3022 4353/1539/3013
f 4345/1537/3017 4343/1535/3016 4349/1535/3023 4351/1537/3021
f 4360/1540/3019 4359/1539/3024 4365/1539/3025 4366/1540/3026
f 4353/1539/3013 4352/269/3022 4358/269/3027 4359/1539/3024
f 4351/1537/3021 4349/1535/3023 4355/1535/3028 4357/1537/3029
f 4354/1540/3014 4353/1539/3013 4359/1539/3024 4360/1540/3019
f 4352/269/3022 4351/1537/3021 4357/1537/3029 4358/269/3027
f 4349/1535/3023 4350/886/3018 4356/886/3020 4355/1535/3028
f 4362/1542/3030 4366/1540/3026 4372/1540/3031 4368/1542/3032
f 4358/269/3027 4357/1537/3029 4363/1537/3033 4364/269/3034
f 4355/1535/3028 4356/886/3020 4362/886/3030 4361/1535/3035
f 4356/1542/3020 4360/1540/3019 4366/1540/3026 4362/1542/3030
f 4359/1539/3024 4358/269/3027 4364/269/3034 4365/1539/3025
f 4357/1537/3029 4355/1535/3028 4361/1535/3035 4363/1537/3033
f 4372/1540/3031 4371/1539/3036 4377/1539/3037 4378/1540/3038
f 4365/1539/3025 4364/269/3034 4370/269/3039 4371/1539/3036
f 4363/1537/3033 4361/1535/3035 4367/1535/3040 4369/1537/3041
f 4366/1540/3026 4365/1539/3025 4371/1539/3036 4372/1540/3031
f 4364/269/3034 4363/1537/3033 4369/1537/3041 4370/269/3039
f 4361/1535/3035 4362/886/3030 4368/886/3032 4367/1535/3040
f 4374/1542/3042 4378/1540/3038 4384/1540/3043 4380/1542/3044
f 4370/269/3039 4369/1537/3041 4375/1537/3045 4376/269/3046
f 4367/1535/3040 4368/886/3032 4374/886/3042 4373/1535/3047
f 4368/1542/3032 4372/1540/3031 4378/1540/3038 4374/1542/3042
f 4371/1539/3036 4370/269/3039 4376/269/3046 4377/1539/3037
f 4369/1537/3041 4367/1535/3040 4373/1535/3047 4375/1537/3045
f 4379/1547/3048 4380/1374/3044 4384/1548/3043 4383/1549/3049 4382/1390/3050 4381/1550/3051
f 4377/1539/3037 4376/269/3046 4382/269/3050 4383/1539/3049
f 4375/1537/3045 4373/1535/3047 4379/1535/3048 4381/1537/3051
f 4378/1540/3038 4377/1539/3037 4383/1539/3049 4384/1540/3043
f 4376/269/3046 4375/1537/3045 4381/1537/3051 4382/269/3050
f 4373/1535/3047 4374/886/3042 4380/886/3044 4379/1535/3048
f 4385/890/3052 4387/351/3053 4388/323/3054 4386/891/3055
f 4387/351/3053 4391/293/3056 4392/289/3057 4388/323/3054
f 4391/293/3056 4389/98/3058 4390/36/3059 4392/289/3057
f 4389/98/3058 4385/297/3052 4386/268/3055 4390/36/3059
f 4387/341/3053 4385/167/3052 4389/98/3058 4391/293/3056
f 4392/289/3057 4390/36/3059 4386/235/3055 4388/374/3054
f 4393/890/3052 4395/351/3053 4396/323/3054 4394/891/3055
f 4395/351/3053 4399/293/3056 4400/289/3057 4396/323/3054
f 4399/293/3056 4397/98/3058 4398/36/3059 4400/289/3057
f 4397/98/3058 4393/297/3052 4394/268/3055 4398/36/3059
f 4395/341/3053 4393/167/3052 4397/98/3058 4399/293/3056
f 4400/289/3057 4398/36/3059 4394/235/3055 4396/374/3054
f 4401/890/3052 4403/351/3053 4404/323/3054 4402/891/3055
f 4403/351/3053 4407/293/3056 4408/289/3057 4404/323/3054
f 4407/293/3056 4405/98/3058 4406/36/3059 4408/289/3057
f 4405/98/3058 4401/297/3052 4402/268/3055 4406/36/3059
f 4403/341/3053 4401/167/3052 4405/98/3058 4407/293/3056
f 4408/289/3057 4406/36/3059 4402/235/3055 4404/374/3054
f 4409/890/3060 4411/351/3061 4412/323/3062 4410/891/3063
f 4411/351/3061 4415/293/3056 4416/289/3057 4412/323/3062
f 4415/293/3056 4413/98/3058 4414/36/3059 4416/289/3057
f 4413/98/3058 4409/297/3060 4410/268/3063 4414/36/3059
f 4411/341/3061 4409/167/3060 4413/98/3058 4415/293/3056
f 4416/289/3057 4414/36/3059 4410/235/3063 4412/374/3062
f 4417/890/3052 4419/351/3053 4420/323/3054 4418/891/3055
f 4419/351/3053 4423/293/3056 4424/289/3057 4420/323/3054
f 4423/293/3056 4421/98/3058 4422/36/3059 4424/289/3057
f 4421/98/3058 4417/297/3052 4418/268/3055 4422/36/3059
f 4419/341/3053 4417/167/3052 4421/98/3058 4423/293/3056
f 4424/289/3057 4422/36/3059 4418/235/3055 4420/374/3054
f 4425/890/3052 4427/351/3053 4428/323/3054 4426/891/3055
f 4427/351/3053 4431/293/3056 4432/289/3057 4428/323/3054
f 4431/293/3056 4429/98/3058 4430/36/3059 4432/289/3057
f 4429/98/3058 4425/297/3052 4426/268/3055 4430/36/3059
f 4427/341/3053 4425/167/3052 4429/98/3058 4431/293/3056
f 4432/289/3057 4430/36/3059 4426/235/3055 4428/374/3054
f 4433/1347/2992 4434/886/2993 4436/1535/2994 4435/1536/2995
f 4435/1536/2995 4436/1535/2994 4438/1537/3064 4437/1538/3065
f 4437/1538/3065 4438/1537/3064 4440/269/2998 4439/281/2999
f 4439/281/2999 4440/269/2998 4442/1539/3000 4441/1080/3066
f 4444/1540/3002 4442/1539/3000 4449/1539/3067 4450/1540/3004
f 4441/1080/3066 4442/1539/3000 4444/1540/3002 4443/1541/3005
f 4443/1541/3005 4444/1540/3002 4434/1542/2993 4433/745/2992
f 4433/1407/2992 4435/1543/2995 4437/1544/3065 4439/1423/2999 4441/1545/3066 4443/1546/3005
f 4446/1542/3006 4450/1540/3004 4456/1540/3007 4452/1542/3068
f 4436/1535/2994 4434/886/2993 4446/886/3006 4445/1535/3009
f 4440/269/2998 4438/1537/3064 4447/1537/3069 4448/269/3011
f 4434/1542/2993 4444/1540/3002 4450/1540/3004 4446/1542/3006
f 4442/1539/3000 4440/269/2998 4448/269/3011 4449/1539/3067
f 4438/1537/3064 4436/1535/2994 4445/1535/3009 4447/1537/3069
f 4456/1540/3007 4455/1539/3012 4461/1539/3070 4462/1540/3071
f 4449/1539/3067 4448/269/3011 4454/269/3015 4455/1539/3012
f 4447/1537/3069 4445/1535/3009 4451/1535/3016 4453/1537/3072
f 4450/1540/3004 4449/1539/3067 4455/1539/3012 4456/1540/3007
f 4448/269/3011 4447/1537/3069 4453/1537/3072 4454/269/3015
f 4445/1535/3009 4446/886/3006 4452/886/3068 4451/1535/3016
f 4458/1542/3018 4462/1540/3071 4468/1540/3019 4464/1542/3020
f 4454/269/3015 4453/1537/3072 4459/1537/3073 4460/269/3022
f 4451/1535/3016 4452/886/3068 4458/886/3018 4457/1535/3074
f 4452/1542/3068 4456/1540/3007 4462/1540/3071 4458/1542/3018
f 4455/1539/3012 4454/269/3015 4460/269/3022 4461/1539/3070
f 4453/1537/3072 4451/1535/3016 4457/1535/3074 4459/1537/3073
f 4468/1540/3019 4467/1539/3024 4473/1539/3025 4474/1540/3026
f 4461/1539/3070 4460/269/3022 4466/269/3027 4467/1539/3024
f 4459/1537/3073 4457/1535/3074 4463/1535/3028 4465/1537/3075
f 4462/1540/3071 4461/1539/3070 4467/1539/3024 4468/1540/3019
f 4460/269/3022 4459/1537/3073 4465/1537/3075 4466/269/3027
f 4457/1535/3074 4458/886/3018 4464/886/3020 4463/1535/3028
f 4470/1542/3076 4474/1540/3026 4480/1540/3031 4476/1542/3032
f 4466/269/3027 4465/1537/3075 4471/1537/3033 4472/269/3034
f 4463/1535/3028 4464/886/3020 4470/886/3076 4469/1535/3035
f 4464/1542/3020 4468/1540/3019 4474/1540/3026 4470/1542/3076
f 4467/1539/3024 4466/269/3027 4472/269/3034 4473/1539/3025
f 4465/1537/3075 4463/1535/3028 4469/1535/3035 4471/1537/3033
f 4480/1540/3031 4479/1539/3077 4485/1539/3037 4486/1540/3038
f 4473/1539/3025 4472/269/3034 4478/269/3078 4479/1539/3077
f 4471/1537/3033 4469/1535/3035 4475/1535/3040 4477/1537/3041
f 4474/1540/3026 4473/1539/3025 4479/1539/3077 4480/1540/3031
f 4472/269/3034 4471/1537/3033 4477/1537/3041 4478/269/3078
f 4469/1535/3035 4470/886/3076 4476/886/3032 4475/1535/3040
f 4482/1542/3079 4486/1540/3038 4492/1540/3043 4488/1542/3044
f 4478/269/3078 4477/1537/3041 4483/1537/3045 4484/269/3080
f 4475/1535/3040 4476/886/3032 4482/886/3079 4481/1535/3047
f 4476/1542/3032 4480/1540/3031 4486/1540/3038 4482/1542/3079
f 4479/1539/3077 4478/269/3078 4484/269/3080 4485/1539/3037
f 4477/1537/3041 4475/1535/3040 4481/1535/3047 4483/1537/3045
f 4487/1547/3048 4488/1374/3044 4492/1548/3043 4491/1549/3049 4490/1390/3050 4489/1550/3081
f 4485/1539/3037 4484/269/3080 4490/269/3050 4491/1539/3049
f 4483/1537/3045 4481/1535/3047 4487/1535/3048 4489/1537/3081
f 4486/1540/3038 4485/1539/3037 4491/1539/3049 4492/1540/3043
f 4484/269/3080 4483/1537/3045 4489/1537/3081 4490/269/3050
f 4481/1535/3047 4482/886/3079 4488/886/3044 4487/1535/3048
f 4493/890/3082 4495/351/3083 4496/323/3084 4494/891/3085
f 4495/351/3083 4499/293/3056 4500/289/3057 4496/323/3084
f 4499/293/3056 4497/98/3058 4498/36/3059 4500/289/3057
f 4497/98/3058 4493/297/3082 4494/268/3085 4498/36/3059
f 4495/341/3083 4493/167/3082 4497/98/3058 4499/293/3056
f 4500/289/3057 4498/36/3059 4494/235/3085 4496/374/3084
f 4501/890/3082 4503/351/3083 4504/323/3084 4502/891/3085
f 4503/351/3083 4507/293/3056 4508/289/3057 4504/323/3084
f 4507/293/3056 4505/98/3058 4506/36/3059 4508/289/3057
f 4505/98/3058 4501/297/3082 4502/268/3085 4506/36/3059
f 4503/341/3083 4501/167/3082 4505/98/3058 4507/293/3056
f 4508/289/3057 4506/36/3059 4502/235/3085 4504/374/3084
f 4509/890/3082 4511/351/3083 4512/323/3062 4510/891/3063
f 4511/351/3083 4515/293/3056 4516/289/3086 4512/323/3062
f 4515/293/3056 4513/98/3058 4514/36/3087 4516/289/3086
f 4513/98/3058 4509/297/3082 4510/268/3063 4514/36/3087
f 4511/341/3083 4509/167/3082 4513/98/3058 4515/293/3056
f 4516/289/3086 4514/36/3087 4510/235/3063 4512/374/3062
f 4517/890/3060 4519/351/3061 4520/323/3062 4518/891/3063
f 4519/351/3061 4523/293/3088 4524/289/3086 4520/323/3062
f 4523/293/3088 4521/98/3089 4522/36/3059 4524/289/3086
f 4521/98/3089 4517/297/3060 4518/268/3063 4522/36/3059
f 4519/341/3061 4517/167/3060 4521/98/3089 4523/293/3088
f 4524/289/3086 4522/36/3059 4518/235/3063 4520/374/3062
f 4525/890/3060 4527/351/3061 4528/323/3062 4526/891/3063
f 4527/351/3061 4531/293/3088 4532/289/3086 4528/323/3062
f 4531/293/3088 4529/98/3089 4530/36/3087 4532/289/3086
f 4529/98/3089 4525/297/3060 4526/268/3063 4530/36/3087
f 4527/341/3061 4525/167/3060 4529/98/3089 4531/293/3088
f 4532/289/3086 4530/36/3087 4526/235/3063 4528/374/3062
f 4533/890/3060 4535/351/3061 4536/323/3084 4534/891/3085
f 4535/351/3061 4539/293/3056 4540/289/3057 4536/323/3084
f 4539/293/3056 4537/98/3058 4538/36/3059 4540/289/3057
f 4537/98/3058 4533/297/3060 4534/268/3085 4538/36/3059
f 4535/341/3061 4533/167/3060 4537/98/3058 4539/293/3056
f 4540/289/3057 4538/36/3059 4534/235/3085 4536/374/3084
f 4541/890/2198 4543/351/3090 4544/323/3091 4542/891/2199
f 4543/351/3090 4547/293/2123 4548/289/2201 4544/323/3091
f 4547/293/2123 4545/98/3092 4546/36/2207 4548/289/2201
f 4545/98/3092 4541/297/2198 4542/268/2199 4546/36/2207
f 4543/341/3090 4541/167/2198 4545/98/3092 4547/293/2123
f 4548/289/2201 4546/36/2207 4542/235/2199 4544/374/3091
f 4549/890/3093 4551/351/3094 4552/323/3095 4550/891/235
f 4551/351/3094 4555/293/3096 4556/289/3097 4552/323/3095
f 4555/293/3096 4553/98/3098 4554/36/258 4556/289/3097
f 4553/98/3098 4549/297/3093 4550/268/235 4554/36/258
f 4551/341/3094 4549/167/3093 4553/98/3098 4555/293/3096
f 4556/289/3097 4554/36/258 4550/235/235 4552/374/3095
f 4557/890/2198 4559/351/3090 4560/323/3091 4558/891/2199
f 4559/351/3090 4563/293/2123 4564/289/2201 4560/323/3091
f 4563/293/2123 4561/98/3092 4562/36/2207 4564/289/2201
f 4561/98/3092 4557/297/2198 4558/268/2199 4562/36/2207
f 4559/341/3090 4557/167/2198 4561/98/3092 4563/293/2123
f 4564/289/2201 4562/36/2207 4558/235/2199 4560/374/3091
f 4565/890/2198 4567/351/3090 4568/323/3091 4566/891/2199
f 4567/351/3090 4571/293/2123 4572/289/2201 4568/323/3091
f 4571/293/2123 4569/98/3092 4570/36/2207 4572/289/2201
f 4569/98/3092 4565/297/2198 4566/268/2199 4570/36/2207
f 4567/341/3090 4565/167/2198 4569/98/3092 4571/293/2123
f 4572/289/2201 4570/36/2207 4566/235/2199 4568/374/3091
f 4573/890/2198 4575/351/3090 4576/323/3091 4574/891/2199
f 4575/351/3090 4579/293/2123 4580/289/2201 4576/323/3091
f 4579/293/2123 4577/98/3092 4578/36/2207 4580/289/2201
f 4577/98/3092 4573/297/2198 4574/268/2199 4578/36/2207
f 4575/341/3090 4573/167/2198 4577/98/3092 4579/293/2123
f 4580/289/2201 4578/36/2207 4574/235/2199 4576/374/3091
f 4581/890/2198 4583/351/3090 4584/323/3091 4582/891/2199
f 4583/351/3090 4587/293/2123 4588/289/2201 4584/323/3091
f 4587/293/2123 4585/98/3092 4586/36/2207 4588/289/2201
f 4585/98/3092 4581/297/2198 4582/268/2199 4586/36/2207
f 4583/341/3090 4581/167/2198 4585/98/3092 4587/293/2123
f 4588/289/2201 4586/36/2207 4582/235/2199 4584/374/3091
f 4589/890/2198 4591/351/3090 4592/323/3091 4590/891/2199
f 4591/351/3090 4595/293/2123 4596/289/2201 4592/323/3091
f 4595/293/2123 4593/98/3092 4594/36/2207 4596/289/2201
f 4593/98/3092 4589/297/2198 4590/268/2199 4594/36/2207
f 4591/341/3090 4589/167/2198 4593/98/3092 4595/293/2123
f 4596/289/2201 4594/36/2207 4590/235/2199 4592/374/3091
f 4597/890/2198 4599/351/3090 4600/323/3091 4598/891/2199
f 4599/351/3090 4603/293/2123 4604/289/2201 4600/323/3091
f 4603/293/2123 4601/98/3092 4602/36/2207 4604/289/2201
f 4601/98/3092 4597/297/2198 4598/268/2199 4602/36/2207
f 4599/341/3090 4597/167/2198 4601/98/3092 4603/293/2123
f 4604/289/2201 4602/36/2207 4598/235/2199 4600/374/3091
f 4605/890/2198 4607/351/3090 4608/323/3091 4606/891/2199
f 4607/351/3090 4611/293/2123 4612/289/2201 4608/323/3091
f 4611/293/2123 4609/98/3092 4610/36/2207 4612/289/2201
f 4609/98/3092 4605/297/2198 4606/268/2199 4610/36/2207
f 4607/341/3090 4605/167/2198 4609/98/3092 4611/293/2123
f 4612/289/2201 4610/36/2207 4606/235/2199 4608/374/3091
f 4613/890/2198 4615/351/3090 4616/323/3091 4614/891/2199
f 4615/351/3090 4619/293/2123 4620/289/2201 4616/323/3091
f 4619/293/2123 4617/98/3092 4618/36/2207 4620/289/2201
f 4617/98/3092 4613/297/2198 4614/268/2199 4618/36/2207
f 4615/341/3090 4613/167/2198 4617/98/3092 4619/293/2123
f 4620/289/2201 4618/36/2207 4614/235/2199 4616/374/3091
f 4621/890/2198 4623/351/3090 4624/323/3091 4622/891/2199
f 4623/351/3090 4627/293/2123 4628/289/2201 4624/323/3091
f 4627/293/2123 4625/98/3092 4626/36/2207 4628/289/2201
f 4625/98/3092 4621/297/2198 4622/268/2199 4626/36/2207
f 4623/341/3090 4621/167/2198 4625/98/3092 4627/293/2123
f 4628/289/2201 4626/36/2207 4622/235/2199 4624/374/3091
f 4629/890/2198 4631/351/3090 4632/323/3091 4630/891/2199
f 4631/351/3090 4635/293/2123 4636/289/2201 4632/323/3091
f 4635/293/2123 4633/98/3092 4634/36/2207 4636/289/2201
f 4633/98/3092 4629/297/2198 4630/268/2199 4634/36/2207
f 4631/341/3090 4629/167/2198 4633/98/3092 4635/293/2123
f 4636/289/2201 4634/36/2207 4630/235/2199 4632/374/3091
f 4637/890/2198 4639/351/3090 4640/323/3091 4638/891/2199
f 4639/351/3090 4643/293/2123 4644/289/2201 4640/323/3091
f 4643/293/2123 4641/98/3092 4642/36/2207 4644/289/2201
f 4641/98/3092 4637/297/2198 4638/268/2199 4642/36/2207
f 4639/341/3090 4637/167/2198 4641/98/3092 4643/293/2123
f 4644/289/2201 4642/36/2207 4638/235/2199 4640/374/3091
f 4645/890/2198 4647/351/3090 4648/323/3091 4646/891/2199
f 4647/351/3090 4651/293/2123 4652/289/2201 4648/323/3091
f 4651/293/2123 4649/98/3092 4650/36/2207 4652/289/2201
f 4649/98/3092 4645/297/2198 4646/268/2199 4650/36/2207
f 4647/341/3090 4645/167/2198 4649/98/3092 4651/293/2123
f 4652/289/2201 4650/36/2207 4646/235/2199 4648/374/3091
f 4653/890/2198 4655/351/3090 4656/323/3091 4654/891/2199
f 4655/351/3090 4659/293/2123 4660/289/2201 4656/323/3091
f 4659/293/2123 4657/98/3092 4658/36/2207 4660/289/2201
f 4657/98/3092 4653/297/2198 4654/268/2199 4658/36/2207
f 4655/341/3090 4653/167/2198 4657/98/3092 4659/293/2123
f 4660/289/2201 4658/36/2207 4654/235/2199 4656/374/3091
f 4661/890/2198 4663/351/3090 4664/323/3091 4662/891/2199
f 4663/351/3090 4667/293/2123 4668/289/2201 4664/323/3091
f 4667/293/2123 4665/98/3092 4666/36/2207 4668/289/2201
f 4665/98/3092 4661/297/2198 4662/268/2199 4666/36/2207
f 4663/341/3090 4661/167/2198 4665/98/3092 4667/293/2123
f 4668/289/2201 4666/36/2207 4662/235/2199 4664/374/3091
f 4669/890/2198 4671/351/3090 4672/323/3091 4670/891/2199
f 4671/351/3090 4675/293/2123 4676/289/2201 4672/323/3091
f 4675/293/2123 4673/98/3092 4674/36/2207 4676/289/2201
f 4673/98/3092 4669/297/2198 4670/268/2199 4674/36/2207
f 4671/341/3090 4669/167/2198 4673/98/3092 4675/293/2123
f 4676/289/2201 4674/36/2207 4670/235/2199 4672/374/3091
f 4677/890/2198 4679/351/3090 4680/323/3091 4678/891/2199
f 4679/351/3090 4683/293/2123 4684/289/2201 4680/323/3091
f 4683/293/2123 4681/98/3092 4682/36/2207 4684/289/2201
f 4681/98/3092 4677/297/2198 4678/268/2199 4682/36/2207
f 4679/341/3090 4677/167/2198 4681/98/3092 4683/293/2123
f 4684/289/2201 4682/36/2207 4678/235/2199 4680/374/3091
f 4685/890/2198 4687/351/3090 4688/323/3091 4686/891/2199
f 4687/351/3090 4691/293/2123 4692/289/2201 4688/323/3091
f 4691/293/2123 4689/98/3092 4690/36/2207 4692/289/2201
f 4689/98/3092 4685/297/2198 4686/268/2199 4690/36/2207
f 4687/341/3090 4685/167/2198 4689/98/3092 4691/293/2123
f 4692/289/2201 4690/36/2207 4686/235/2199 4688/374/3091
f 4693/890/2198 4695/351/3090 4696/323/3091 4694/891/2199
f 4695/351/3090 4699/293/2123 4700/289/2201 4696/323/3091
f 4699/293/2123 4697/98/3092 4698/36/2207 4700/289/2201
f 4697/98/3092 4693/297/2198 4694/268/2199 4698/36/2207
f 4695/341/3090 4693/167/2198 4697/98/3092 4699/293/2123
f 4700/289/2201 4698/36/2207 4694/235/2199 4696/374/3091
f 4701/890/2198 4703/351/3090 4704/323/3091 4702/891/2199
f 4703/351/3090 4707/293/2123 4708/289/2201 4704/323/3091
f 4707/293/2123 4705/98/3092 4706/36/2207 4708/289/2201
f 4705/98/3092 4701/297/2198 4702/268/2199 4706/36/2207
f 4703/341/3090 4701/167/2198 4705/98/3092 4707/293/2123
f 4708/289/2201 4706/36/2207 4702/235/2199 4704/374/3091
f 4709/890/2198 4711/351/3090 4712/323/3091 4710/891/2199
f 4711/351/3090 4715/293/2123 4716/289/2201 4712/323/3091
f 4715/293/2123 4713/98/3092 4714/36/2207 4716/289/2201
f 4713/98/3092 4709/297/2198 4710/268/2199 4714/36/2207
f 4711/341/3090 4709/167/2198 4713/98/3092 4715/293/2123
f 4716/289/2201 4714/36/2207 4710/235/2199 4712/374/3091
f 4717/1347/3099 4718/886/3100 4720/1551/3101 4719/1552/3102
f 4719/1552/3102 4720/1551/3101 4722/1535/3103 4721/1536/3104
f 4721/1536/3104 4722/1535/3103 4724/424/3105 4723/625/3106
f 4723/625/3106 4724/424/3105 4726/1537/3107 4725/1538/3108
f 4725/1538/3108 4726/1537/3107 4728/1553/3109 4727/1554/3110
f 4727/1554/3110 4728/1553/3109 4730/269/3111 4729/281/3112
f 4729/281/3112 4730/269/3111 4732/1555/3113 4731/1556/3114
f 4731/1556/3114 4732/1555/3113 4734/1539/3115 4733/1080/3116
f 4733/1080/3116 4734/1539/3115 4736/572/3117 4735/642/3118
f 4735/642/3118 4736/572/3117 4738/1540/3119 4737/1541/3120
f 4726/1537/3107 4724/424/3105 4744/424/3121 4745/1537/3122
f 4737/1541/3120 4738/1540/3119 4740/1557/3123 4739/1558/3124
f 4739/1558/3124 4740/1557/3123 4718/889/3100 4717/745/3099
f 4717/1407/3099 4719/1559/3102 4721/1543/3104 4723/1415/3106 4725/1544/3108 4727/1560/3110 4729/1423/3112 4731/1561/3114 4733/1545/3116 4735/1431/3118 4737/1546/3120 4739/1562/3124
f 4747/269/3125 4746/1553/3126 4753/269/15
f 4718/889/3100 4740/1557/3123 4752/1557/3127 4741/889/3128
f 4720/1551/3101 4718/886/3100 4741/886/3128 4742/1551/3129
f 4724/424/3105 4722/1535/3103 4743/1535/3130 4744/424/3121
f 4740/1557/3123 4738/1540/3119 4751/1540/3131 4752/1557/3127
f 4722/1535/3103 4720/1551/3101 4742/1551/3129 4743/1535/3130
f 4738/1540/3119 4736/572/3117 4750/572/3132 4751/1540/3131
f 4736/572/3117 4734/1539/3115 4749/1539/3133 4750/572/3132
f 4734/1539/3115 4732/1555/3113 4748/1555/3134 4749/1539/3133
f 4732/1555/3113 4730/269/3111 4747/269/3125 4748/1555/3134
f 4730/269/3111 4728/1553/3109 4746/1553/3126 4747/269/3125
f 4728/1553/3109 4726/1537/3107 4745/1537/3122 4746/1553/3126
f 4744/424/3121 4743/1535/3130 4753/424/15
f 4751/1540/3131 4750/572/3132 4753/1540/15
f 4748/1555/3134 4747/269/3125 4753/1555/15
f 4745/1537/3122 4744/424/3121 4753/1537/15
f 4752/1557/3127 4751/1540/3131 4753/1557/15
f 4742/1551/3129 4741/886/3128 4753/1551/15
f 4749/1539/3133 4748/1555/3134 4753/1539/15
f 4746/1553/3126 4745/1537/3122 4753/1553/15
f 4741/889/3128 4752/1557/3127 4753/889/15
f 4743/1535/3130 4742/1551/3129 4753/1535/15
f 4750/572/3132 4749/1539/3133 4753/572/15
f 4754/1347/3099 4755/886/3100 4757/1551/3101 4756/1552/3102
f 4756/1552/3102 4757/1551/3101 4759/1535/3135 4758/1536/3104
f 4758/1536/3104 4759/1535/3135 4761/424/3105 4760/625/3106
f 4760/625/3106 4761/424/3105 4763/1537/3107 4762/1538/3108
f 4762/1538/3108 4763/1537/3107 4765/1553/3109 4764/1554/3110
f 4764/1554/3110 4765/1553/3109 4767/269/3111 4766/281/3112
f 4766/281/3112 4767/269/3111 4769/1555/3113 4768/1556/3114
f 4768/1556/3114 4769/1555/3113 4771/1539/3136 4770/1080/3116
f 4770/1080/3116 4771/1539/3136 4773/572/3117 4772/642/3118
f 4772/642/3118 4773/572/3117 4775/1540/3119 4774/1541/3120
f 4763/1537/3107 4761/424/3105 4781/424/3121 4782/1537/3122
f 4774/1541/3120 4775/1540/3119 4777/1557/3123 4776/1558/3124
f 4776/1558/3124 4777/1557/3123 4755/889/3100 4754/745/3099
f 4754/1407/3099 4756/1559/3102 4758/1543/3104 4760/1415/3106 4762/1544/3108 4764/1560/3110 4766/1423/3112 4768/1561/3114 4770/1545/3116 4772/1431/3118 4774/1546/3120 4776/1562/3124
f 4784/269/3125 4783/1553/3137 4790/269/15
f 4755/889/3100 4777/1557/3123 4789/1557/3138 4778/889/3128
f 4757/1551/3101 4755/886/3100 4778/886/3128 4779/1551/3129
f 4761/424/3105 4759/1535/3135 4780/1535/3130 4781/424/3121
f 4777/1557/3123 4775/1540/3119 4788/1540/3131 4789/1557/3138
f 4759/1535/3135 4757/1551/3101 4779/1551/3129 4780/1535/3130
f 4775/1540/3119 4773/572/3117 4787/572/3132 4788/1540/3131
f 4773/572/3117 4771/1539/3136 4786/1539/3139 4787/572/3132
f 4771/1539/3136 4769/1555/3113 4785/1555/3134 4786/1539/3139
f 4769/1555/3113 4767/269/3111 4784/269/3125 4785/1555/3134
f 4767/269/3111 4765/1553/3109 4783/1553/3137 4784/269/3125
f 4765/1553/3109 4763/1537/3107 4782/1537/3122 4783/1553/3137
f 4781/424/3121 4780/1535/3130 4790/424/15
f 4788/1540/3131 4787/572/3132 4790/1540/15
f 4785/1555/3134 4784/269/3125 4790/1555/15
f 4782/1537/3122 4781/424/3121 4790/1537/15
f 4789/1557/3138 4788/1540/3131 4790/1557/15
f 4779/1551/3129 4778/886/3128 4790/1551/15
f 4786/1539/3139 4785/1555/3134 4790/1539/15
f 4783/1553/3137 4782/1537/3122 4790/1553/15
f 4778/889/3128 4789/1557/3138 4790/889/15
f 4780/1535/3130 4779/1551/3129 4790/1535/15
f 4787/572/3132 4786/1539/3139 4790/572/15
f 4791/890/3140 4792/891/3141 4794/323/3142 4793/351/3143
f 4793/351/3143 4794/323/3142 4798/289/3144 4797/293/3145
f 4797/293/3145 4798/289/3144 4796/36/3146 4795/98/3147
f 4795/98/3147 4796/36/3146 4792/268/3141 4791/297/3140
f 4793/341/3143 4797/293/3145 4795/98/3147 4791/167/3140
f 4796/36/3146 4798/289/3144 4802/289/3148 4801/36/3149
f 4800/323/3150 4799/891/3151 4804/891/3152 4803/323/3153
f 4794/323/3142 4792/891/3141 4799/891/3151 4800/323/3150
f 4792/268/3141 4796/36/3146 4801/36/3149 4799/268/3151
f 4798/289/3144 4794/323/3142 4800/323/3150 4802/289/3148
f 4799/268/3151 4801/36/3149 4804/268/3152
f 4802/289/3148 4800/323/3150 4803/289/3153
f 4801/36/3149 4802/289/3148 4803/289/3153 4804/36/3152
f 4805/1563/3154 4853/1564/3155 4810/1565/3156 4811/1566/3157
f 4808/625/3158 4807/1567/3159 4814/1568/3160 4815/1538/3161
f 4854/7/3162 4805/1563/3154 4811/1566/3157 4812/1569/3163
f 4809/1570/3164 4808/625/3158 4815/1538/3161 4816/1571/3165
f 4806/1572/3166 4854/7/3162 4812/1569/3163 4813/1573/3167
f 4853/1564/3155 4824/1574/3168 4810/1565/3156
f 4807/1567/3159 4806/1572/3166 4813/1573/3167 4814/1568/3160
f 4816/1571/3165 4815/1538/3161 4822/1554/3169 4823/1575/3170
f 4813/1573/3167 4812/1569/3163 4819/1576/3171 4820/1577/3172
f 4810/1565/3156 4824/268/3168 4817/1578/3173
f 4814/1568/3160 4813/1573/3167 4820/1577/3172 4821/1579/3174
f 4811/1566/3157 4810/1565/3156 4817/1578/3173 4818/1580/3175
f 4815/1538/3161 4814/1568/3160 4821/1579/3174 4822/1554/3169
f 4812/1569/3163 4811/1566/3157 4818/1580/3175 4819/1576/3171
f 4826/1581/3176 4825/1582/3177 4832/1583/3178 4833/1584/3179
f 4830/1558/3180 4829/1585/3181 4836/1586/3182 4837/745/3183
f 4827/1587/3184 4826/1581/3176 4833/1584/3179 4834/198/3185
f 4831/1588/3186 4830/1558/3180 4837/745/3183 4838/1589/3187
f 4828/1590/3188 4827/1587/3184 4834/198/3185 4835/1591/3189
f 4825/1582/3177 4824/1592/3168 4832/1583/3178
f 4829/1585/3181 4828/1590/3188 4835/1591/3189 4836/1586/3182
f 4832/1593/3178 4824/1594/3168 4839/1595/3190
f 4836/1596/3182 4835/1597/3189 4842/1598/3191 4843/1599/3192
f 4833/1600/3179 4832/1593/3178 4839/1595/3190 4840/1601/3193
f 4837/1347/3183 4836/1596/3182 4843/1599/3192 4844/1552/3194
f 4834/200/3185 4833/1600/3179 4840/1601/3193 4841/1602/3195
f 4838/1603/3187 4837/1347/3183 4844/1552/3194 4845/1604/3196
f 4835/1597/3189 4834/200/3185 4841/1602/3195 4842/1598/3191
f 4841/1602/3195 4840/1601/3193 4847/1605/3197 4848/1606/3198
f 4845/1604/3196 4844/1552/3194 4851/1536/3199 4852/1607/3200
f 4842/1598/3191 4841/1602/3195 4848/1606/3198 4849/1608/3201
f 4839/1595/3190 4824/1354/3168 4846/1609/3202
f 4843/1599/3192 4842/1598/3191 4849/1608/3201 4850/1610/3203
f 4840/1601/3193 4839/1595/3190 4846/1609/3202 4847/1605/3197
f 4844/1552/3194 4843/1599/3192 4850/1610/3203 4851/1536/3199
f 4847/1605/3197 4846/1609/3202 4853/1564/3155 4805/1563/3154
f 4851/1536/3199 4850/1610/3203 4807/1567/3159 4808/625/3158
f 4848/1606/3198 4847/1605/3197 4805/1563/3154 4854/7/3162
f 4852/1607/3200 4851/1536/3199 4808/625/3158 4809/1570/3164
f 4849/1608/3201 4848/1606/3198 4854/7/3162 4806/1572/3166
f 4846/1609/3202 4824/1611/3168 4853/1564/3155
f 4850/1610/3203 4849/1608/3201 4806/1572/3166 4807/1567/3159
f 4825/1582/3177 4817/1578/3173 4824/268/3168
f 4818/1580/3175 4817/1578/3173 4825/1582/3177 4826/1581/3176
f 4819/1576/3171 4818/1580/3175 4826/1581/3176 4827/1587/3184
f 4820/1577/3172 4819/1576/3171 4827/1587/3184 4828/1590/3188
f 4821/1579/3174 4820/1577/3172 4828/1590/3188 4829/1585/3181
f 4822/1554/3169 4821/1579/3174 4829/1585/3181 4830/1558/3180
f 4823/1575/3170 4822/1554/3169 4830/1558/3180 4831/1588/3186
f 4855/1563/3204 4903/1564/3205 4860/1565/3206 4861/1566/3207
f 4858/625/3208 4857/1567/3209 4864/1568/3210 4865/1538/3211
f 4904/7/3212 4855/1563/3204 4861/1566/3207 4862/1569/3213
f 4859/1570/3214 4858/625/3208 4865/1538/3211 4866/1571/3215
f 4856/1572/3216 4904/7/3212 4862/1569/3213 4863/1573/3217
f 4903/1564/3205 4874/1574/3218 4860/1565/3206
f 4857/1567/3209 4856/1572/3216 4863/1573/3217 4864/1568/3210
f 4866/1571/3215 4865/1538/3211 4872/1554/3219 4873/1575/3220
f 4863/1573/3217 4862/1569/3213 4869/1576/3221 4870/1577/3222
f 4860/1565/3206 4874/268/3218 4867/1578/3223
f 4864/1568/3210 4863/1573/3217 4870/1577/3222 4871/1579/3224
f 4861/1566/3207 4860/1565/3206 4867/1578/3223 4868/1580/3225
f 4865/1538/3211 4864/1568/3210 4871/1579/3224 4872/1554/3219
f 4862/1569/3213 4861/1566/3207 4868/1580/3225 4869/1576/3221
f 4876/1581/3226 4875/1582/3227 4882/1583/3228 4883/1584/3229
f 4880/1558/3230 4879/1585/3231 4886/1586/3232 4887/745/3233
f 4877/1587/3234 4876/1581/3226 4883/1584/3229 4884/198/3235
f 4881/1588/3236 4880/1558/3230 4887/745/3233 4888/1589/3237
f 4878/1590/3238 4877/1587/3234 4884/198/3235 4885/1591/3239
f 4875/1582/3227 4874/1592/3218 4882/1583/3228
f 4879/1585/3231 4878/1590/3238 4885/1591/3239 4886/1586/3232
f 4882/1593/3228 4874/1594/3218 4889/1595/3240
f 4886/1596/3232 4885/1597/3239 4892/1598/3241 4893/1599/3242
f 4883/1600/3229 4882/1593/3228 4889/1595/3240 4890/1601/3243
f 4887/1347/3233 4886/1596/3232 4893/1599/3242 4894/1552/3244
f 4884/200/3235 4883/1600/3229 4890/1601/3243 4891/1602/3245
f 4888/1603/3237 4887/1347/3233 4894/1552/3244 4895/1604/3246
f 4885/1597/3239 4884/200/3235 4891/1602/3245 4892/1598/3241
f 4891/1602/3245 4890/1601/3243 4897/1605/3247 4898/1606/3248
f 4895/1604/3246 4894/1552/3244 4901/1536/3249 4902/1607/3250
f 4892/1598/3241 4891/1602/3245 4898/1606/3248 4899/1608/3251
f 4889/1595/3240 4874/1354/3218 4896/1609/3252
f 4893/1599/3242 4892/1598/3241 4899/1608/3251 4900/1610/3253
f 4890/1601/3243 4889/1595/3240 4896/1609/3252 4897/1605/3247
f 4894/1552/3244 4893/1599/3242 4900/1610/3253 4901/1536/3249
f 4897/1605/3247 4896/1609/3252 4903/1564/3205 4855/1563/3204
f 4901/1536/3249 4900/1610/3253 4857/1567/3209 4858/625/3208
f 4898/1606/3248 4897/1605/3247 4855/1563/3204 4904/7/3212
f 4902/1607/3250 4901/1536/3249 4858/625/3208 4859/1570/3214
f 4899/1608/3251 4898/1606/3248 4904/7/3212 4856/1572/3216
f 4896/1609/3252 4874/1611/3218 4903/1564/3205
f 4900/1610/3253 4899/1608/3251 4856/1572/3216 4857/1567/3209
f 4875/1582/3227 4867/1578/3223 4874/268/3218
f 4868/1580/3225 4867/1578/3223 4875/1582/3227 4876/1581/3226
f 4869/1576/3221 4868/1580/3225 4876/1581/3226 4877/1587/3234
f 4870/1577/3222 4869/1576/3221 4877/1587/3234 4878/1590/3238
f 4871/1579/3224 4870/1577/3222 4878/1590/3238 4879/1585/3231
f 4872/1554/3219 4871/1579/3224 4879/1585/3231 4880/1558/3230
f 4873/1575/3220 4872/1554/3219 4880/1558/3230 4881/1588/3236
f 4905/890/3254 4906/891/3255 4908/323/3256 4907/351/3257
f 4907/351/3257 4908/323/3256 4912/289/3258 4911/293/3259
f 4911/293/3259 4912/289/3258 4910/36/3260 4909/98/3261
f 4909/98/3261 4910/36/3260 4906/268/3255 4905/297/3254
f 4907/341/3257 4911/293/3259 4909/98/3261 4905/167/3254
f 4910/36/3260 4912/289/3258 4916/289/3262 4915/36/3263
f 4914/323/3264 4913/891/3265 4918/891/3266 4917/323/3267
f 4908/323/3256 4906/891/3255 4913/891/3265 4914/323/3264
f 4906/268/3255 4910/36/3260 4915/36/3263 4913/268/3265
f 4912/289/3258 4908/323/3256 4914/323/3264 4916/289/3262
f 4913/268/3265 4915/36/3263 4918/268/3266
f 4916/289/3262 4914/323/3264 4917/289/3267
f 4915/36/3263 4916/289/3262 4917/289/3267 4918/36/3266
f 4919/890/504 4920/891/1650 4922/323/1241 4921/351/503
f 4921/351/503 4922/323/1241 4926/289/1252 4925/293/332
f 4925/293/332 4926/289/1252 4924/36/1649 4923/98/331
f 4923/98/331 4924/36/1649 4920/268/1650 4919/297/504
f 4921/341/503 4925/293/332 4923/98/331 4919/167/504
f 4926/289/1252 4922/374/1241 4920/235/1650 4924/36/1649
f 4927/1347/3268 4928/886/3269 4930/1354/3270 4929/374/3271
f 4929/374/3271 4930/1354/3270 4932/424/3272 4931/625/3273
f 4931/625/3273 4932/424/3272 4939/268/3274 4933/289/3275
f 4933/289/3275 4939/268/3274 4940/269/3276 4934/281/3277
f 4934/281/3277 4940/269/3276 4941/297/3278 4935/293/3279
f 4935/293/3279 4941/297/3278 4937/572/3280 4936/642/3281
f 4936/642/3281 4937/572/3280 4942/1368/3282 4938/341/3283
f 4938/341/3283 4942/1368/3282 4928/889/3269 4927/745/3268
f 4927/1407/3268 4929/1411/3271 4931/1415/3273 4933/1419/3275 4934/1423/3277 4935/1427/3279 4936/1431/3281 4938/1435/3283
f 4928/889/3269 4942/1368/3282 4950/1368/3284 4944/889/3285
f 4950/1368/3284 4949/572/3286 4957/572/3287 4958/1368/3288
f 4930/1354/3270 4928/886/3269 4944/886/3285 4943/1354/3289
f 4942/1368/3282 4937/572/3280 4949/572/3286 4950/1368/3284
f 4941/297/3278 4940/269/3276 4946/269/3290 4948/297/3291
f 4937/572/3280 4941/297/3278 4948/297/3291 4949/572/3286
f 4939/268/3274 4932/424/3272 4945/424/3292 4947/268/3293
f 4932/424/3272 4930/1354/3270 4943/1354/3289 4945/424/3292
f 4940/269/3276 4939/268/3274 4947/268/3293 4946/269/3290
f 4951/1402/3294 4952/1374/3295 4958/1378/3288 4957/1382/3287 4956/1386/3296 4954/1390/3297 4955/1394/3298 4953/1398/3299
f 4947/268/3293 4945/424/3292 4953/424/3299 4955/268/3298
f 4946/269/3290 4947/268/3293 4955/268/3298 4954/269/3297
f 4943/1354/3289 4944/886/3285 4952/886/3295 4951/1354/3294
f 4944/889/3285 4950/1368/3284 4958/1368/3288 4952/889/3295
f 4949/572/3286 4948/297/3291 4956/297/3296 4957/572/3287
f 4948/297/3291 4946/269/3290 4954/269/3297 4956/297/3296
f 4945/424/3292 4943/1354/3289 4951/1354/3294 4953/424/3299
f 4959/1347/3268 4960/886/3300 4962/1354/3301 4961/374/3302
f 4961/374/3302 4962/1354/3301 4964/424/3303 4963/625/3304
f 4963/625/3304 4964/424/3303 4971/268/3274 4965/289/3275
f 4965/289/3275 4971/268/3274 4972/269/3276 4966/281/3277
f 4966/281/3277 4972/269/3276 4973/297/3278 4967/293/3279
f 4967/293/3279 4973/297/3278 4969/572/3280 4968/642/3281
f 4968/642/3281 4969/572/3280 4974/1368/3282 4970/341/3305
f 4970/341/3305 4974/1368/3282 4960/889/3300 4959/745/3268
f 4959/1407/3268 4961/1411/3302 4963/1415/3304 4965/1419/3275 4966/1423/3277 4967/1427/3279 4968/1431/3281 4970/1435/3305
f 4960/889/3300 4974/1368/3282 4982/1368/3284 4976/889/3285
f 4982/1368/3284 4981/572/3286 4989/572/3287 4990/1368/3288
f 4962/1354/3301 4960/886/3300 4976/886/3285 4975/1354/3306
f 4974/1368/3282 4969/572/3280 4981/572/3286 4982/1368/3284
f 4973/297/3278 4972/269/3276 4978/269/3307 4980/297/3291
f 4969/572/3280 4973/297/3278 4980/297/3291 4981/572/3286
f 4971/268/3274 4964/424/3303 4977/424/3292 4979/268/3293
f 4964/424/3303 4962/1354/3301 4975/1354/3306 4977/424/3292
f 4972/269/3276 4971/268/3274 4979/268/3293 4978/269/3307
f 4983/1402/3294 4984/1374/3295 4990/1378/3288 4989/1382/3287 4988/1386/3308 4986/1390/3297 4987/1394/3298 4985/1398/3309
f 4979/268/3293 4977/424/3292 4985/424/3309 4987/268/3298
f 4978/269/3307 4979/268/3293 4987/268/3298 4986/269/3297
f 4975/1354/3306 4976/886/3285 4984/886/3295 4983/1354/3294
f 4976/889/3285 4982/1368/3284 4990/1368/3288 4984/889/3295
f 4981/572/3286 4980/297/3291 4988/297/3308 4989/572/3287
f 4980/297/3291 4978/269/3307 4986/269/3297 4988/297/3308
f 4977/424/3292 4975/1354/3306 4983/1354/3294 4985/424/3309
f 4991/890/3310 4992/891/3311 4994/323/3312 4993/351/3313
f 4993/351/3313 4994/323/3312 4998/289/3314 4997/293/3315
f 4997/293/3315 4998/289/3314 4996/36/3316 4995/98/3317
f 4995/98/3317 4996/36/3316 4992/268/3311 4991/297/3310
f 4993/341/3313 4997/293/3315 4995/98/3317 4991/167/3310
f 4998/289/3314 4994/374/3312 4992/235/3311 4996/36/3316
f 4999/1347/3318 5000/886/3319 5002/1354/3320 5001/374/3321
f 5001/374/3321 5002/1354/3320 5004/424/3322 5003/625/3323
f 5003/625/3323 5004/424/3322 5011/268/3324 5005/289/3325
f 5005/289/3325 5011/268/3324 5012/269/3326 5006/281/3327
f 5006/281/3327 5012/269/3326 5013/297/3328 5007/293/3329
f 5007/293/3329 5013/297/3328 5009/572/3330 5008/642/3331
f 5008/642/3331 5009/572/3330 5014/1368/3332 5010/341/3333
f 5010/341/3333 5014/1368/3332 5000/889/3319 4999/745/3318
f 4999/1407/3318 5001/1411/3321 5003/1415/3323 5005/1419/3325 5006/1423/3327 5007/1427/3329 5008/1431/3331 5010/1435/3333
f 5000/889/3319 5014/1368/3332 5022/1368/3334 5016/889/3335
f 5022/1368/3334 5021/572/3336 5029/572/3337 5030/1368/3338
f 5002/1354/3320 5000/886/3319 5016/886/3335 5015/1354/3339
f 5014/1368/3332 5009/572/3330 5021/572/3336 5022/1368/3334
f 5013/297/3328 5012/269/3326 5018/269/3340 5020/297/3341
f 5009/572/3330 5013/297/3328 5020/297/3341 5021/572/3336
f 5011/268/3324 5004/424/3322 5017/424/3342 5019/268/3343
f 5004/424/3322 5002/1354/3320 5015/1354/3339 5017/424/3342
f 5012/269/3326 5011/268/3324 5019/268/3343 5018/269/3340
f 5023/1402/3344 5024/1374/3345 5030/1378/3338 5029/1382/3337 5028/1386/3346 5026/1390/3347 5027/1394/3348 5025/1398/3349
f 5019/268/3343 5017/424/3342 5025/424/3349 5027/268/3348
f 5018/269/3340 5019/268/3343 5027/268/3348 5026/269/3347
f 5015/1354/3339 5016/886/3335 5024/886/3345 5023/1354/3344
f 5016/889/3335 5022/1368/3334 5030/1368/3338 5024/889/3345
f 5021/572/3336 5020/297/3341 5028/297/3346 5029/572/3337
f 5020/297/3341 5018/269/3340 5026/269/3347 5028/297/3346
f 5017/424/3342 5015/1354/3339 5023/1354/3344 5025/424/3349
f 5031/1347/3318 5032/886/3350 5034/1354/3320 5033/374/3321
f 5033/374/3321 5034/1354/3320 5036/424/3351 5035/625/3323
f 5035/625/3323 5036/424/3351 5043/268/3352 5037/289/3325
f 5037/289/3325 5043/268/3352 5044/269/3353 5038/281/3354
f 5038/281/3354 5044/269/3353 5045/297/3355 5039/293/3356
f 5039/293/3356 5045/297/3355 5041/572/3357 5040/642/3358
f 5040/642/3358 5041/572/3357 5046/1368/3359 5042/341/3360
f 5042/341/3360 5046/1368/3359 5032/889/3350 5031/745/3318
f 5031/1407/3318 5033/1411/3321 5035/1415/3323 5037/1419/3325 5038/1423/3354 5039/1427/3356 5040/1431/3358 5042/1435/3360
f 5032/889/3350 5046/1368/3359 5054/1368/3361 5048/889/3362
f 5054/1368/3361 5053/572/3336 5061/572/3363 5062/1368/3364
f 5034/1354/3320 5032/886/3350 5048/886/3362 5047/1354/3365
f 5046/1368/3359 5041/572/3357 5053/572/3336 5054/1368/3361
f 5045/297/3355 5044/269/3353 5050/269/3366 5052/297/3367
f 5041/572/3357 5045/297/3355 5052/297/3367 5053/572/3336
f 5043/268/3352 5036/424/3351 5049/424/3368 5051/268/3343
f 5036/424/3351 5034/1354/3320 5047/1354/3365 5049/424/3368
f 5044/269/3353 5043/268/3352 5051/268/3343 5050/269/3366
f 5055/1402/3344 5056/1374/3369 5062/1378/3364 5061/1382/3363 5060/1386/3370 5058/1390/3347 5059/1394/3348 5057/1398/3349
f 5051/268/3343 5049/424/3368 5057/424/3349 5059/268/3348
f 5050/269/3366 5051/268/3343 5059/268/3348 5058/269/3347
f 5047/1354/3365 5048/886/3362 5056/886/3369 5055/1354/3344
f 5048/889/3362 5054/1368/3361 5062/1368/3364 5056/889/3369
f 5053/572/3336 5052/297/3367 5060/297/3370 5061/572/3363
f 5052/297/3367 5050/269/3366 5058/269/3347 5060/297/3370
f 5049/424/3368 5047/1354/3365 5055/1354/3344 5057/424/3349
f 5139/1564/3371 5137/1574/3372 5071/1565/3373
f 5068/1612/3374 5067/1570/3375 5077/1571/3376 5078/1613/3377
f 5065/1567/3378 5064/1572/3379 5074/1573/3380 5075/1568/3381
f 5138/1614/3382 5070/1615/3383 5081/1616/3384
f 5063/1563/3385 5139/1564/3371 5071/1565/3373 5072/1566/3386
f 5141/1617/3387 5068/1612/3374 5078/1613/3377 5079/1618/3388
f 5066/625/3389 5065/1567/3378 5075/1568/3381 5076/1538/3390
f 5140/7/3391 5063/1563/3385 5072/1566/3386 5073/1569/3392
f 5069/1619/3393 5141/1617/3387 5079/1618/3388 5080/1620/3394
f 5067/1570/3375 5066/625/3389 5076/1538/3390 5077/1571/3376
f 5064/1572/3379 5140/7/3391 5073/1569/3392 5074/1573/3380
f 5070/1615/3383 5069/1619/3393 5080/1620/3394 5081/1616/3384
f 5076/1538/3390 5075/1568/3381 5086/1579/3395 5087/1554/3396
f 5073/1569/3392 5072/1566/3386 5083/1580/3397 5084/1576/3398
f 5080/1620/3394 5079/1618/3388 5090/1621/3399 5091/1622/3400
f 5077/1571/3376 5076/1538/3390 5087/1554/3396 5088/1575/3401
f 5074/1573/3380 5073/1569/3392 5084/1576/3398 5085/1577/3402
f 5081/1616/3384 5080/1620/3394 5091/1622/3400 5092/1623/3403
f 5071/1565/3373 5137/268/3372 5082/1578/3404
f 5078/1613/3377 5077/1571/3376 5088/1575/3401 5089/1624/3405
f 5075/1568/3381 5074/1573/3380 5085/1577/3402 5086/1579/3395
f 5138/891/3382 5081/1616/3384 5092/1623/3403
f 5072/1566/3386 5071/1565/3373 5082/1578/3404 5083/1580/3397
f 5079/1618/3388 5078/1613/3377 5089/1624/3405 5090/1621/3399
f 5086/1579/3395 5085/1577/3402 5096/1625/3406 5097/1626/3407
f 5138/1627/3382 5092/1623/3403 5103/1628/3408
f 5083/1580/3397 5082/1578/3404 5093/1629/3409 5094/1630/3410
f 5090/1621/3399 5089/1624/3405 5100/1631/3411 5101/287/3412
f 5087/1554/3396 5086/1579/3395 5097/1626/3407 5098/281/3413
f 5084/1576/3398 5083/1580/3397 5094/1630/3410 5095/67/3414
f 5091/1622/3400 5090/1621/3399 5101/287/3412 5102/1632/3415
f 5088/1575/3401 5087/1554/3396 5098/281/3413 5099/1633/3416
f 5085/1577/3402 5084/1576/3398 5095/67/3414 5096/1625/3406
f 5092/1623/3403 5091/1622/3400 5102/1632/3415 5103/1628/3408
f 5082/1578/3404 5137/1634/3372 5093/1629/3409
f 5089/1624/3405 5088/1575/3401 5099/1633/3416 5100/1631/3411
f 5099/1633/3416 5098/281/3413 5109/1556/3417 5110/1635/3418
f 5096/1625/3406 5095/67/3414 5106/1636/3419 5107/1637/3420
f 5103/1628/3408 5102/1632/3415 5113/1638/3421 5114/1639/3422
f 5093/1629/3409 5137/1640/3372 5104/1641/3423
f 5100/1631/3411 5099/1633/3416 5110/1635/3418 5111/1642/3424
f 5097/1626/3407 5096/1625/3406 5107/1637/3420 5108/1643/3425
f 5138/1644/3382 5103/1628/3408 5114/1639/3422
f 5094/1630/3410 5093/1629/3409 5104/1641/3423 5105/1645/3426
f 5101/287/3412 5100/1631/3411 5111/1642/3424 5112/1646/3427
f 5098/281/3413 5097/1626/3407 5108/1643/3425 5109/1556/3417
f 5095/67/3414 5094/1630/3410 5105/1645/3426 5106/1636/3419
f 5102/1632/3415 5101/287/3412 5112/1646/3427 5113/1638/3421
f 5109/1556/3417 5108/1643/3425 5119/1647/3428 5120/1080/3429
f 5106/1636/3419 5105/1645/3426 5116/1648/3430 5117/1081/3431
f 5113/1638/3421 5112/1646/3427 5123/1649/3432 5124/1650/3433
f 5110/1635/3418 5109/1556/3417 5120/1080/3429 5121/1651/3434
f 5107/1637/3420 5106/1636/3419 5117/1081/3431 5118/1652/3435
f 5114/1639/3422 5113/1638/3421 5124/1650/3433 5125/1653/3436
f 5104/1641/3423 5137/297/3372 5115/1654/3437
f 5111/1642/3424 5110/1635/3418 5121/1651/3434 5122/1655/3438
f 5108/1643/3425 5107/1637/3420 5118/1652/3435 5119/1647/3428
f 5138/890/3382 5114/1639/3422 5125/1653/3436
f 5105/1645/3426 5104/1641/3423 5115/1654/3437 5116/1648/3430
f 5112/1646/3427 5111/1642/3424 5122/1655/3438 5123/1649/3432
f 5122/1655/3438 5121/1651/3434 5132/1656/3439 5133/1657/3440
f 5119/1647/3428 5118/1652/3435 5129/1658/3441 5130/1659/3442
f 5138/1660/3382 5125/1653/3436 5136/1661/3443
f 5116/1648/3430 5115/1654/3437 5126/1662/3444 5127/1663/3445
f 5123/1649/3432 5122/1655/3438 5133/1657/3440 5134/1664/3446
f 5120/1080/3429 5119/1647/3428 5130/1659/3442 5131/642/3447
f 5117/1081/3431 5116/1648/3430 5127/1663/3445 5128/128/3448
f 5124/1650/3433 5123/1649/3432 5134/1664/3446 5135/1665/3449
f 5121/1651/3434 5120/1080/3429 5131/642/3447 5132/1656/3439
f 5118/1652/3435 5117/1081/3431 5128/128/3448 5129/1658/3441
f 5125/1653/3436 5124/1650/3433 5135/1665/3449 5136/1661/3443
f 5115/1654/3437 5137/1666/3372 5126/1662/3444
f 5142/890/3450 5143/891/3451 5145/323/3452 5144/351/3453
f 5144/351/3453 5145/323/3452 5149/289/3454 5148/293/3455
f 5148/293/3455 5149/289/3454 5147/36/3456 5146/98/3457
f 5146/98/3457 5147/36/3456 5143/268/3451 5142/297/3450
f 5144/341/3453 5148/293/3455 5146/98/3457 5142/167/3450
f 5149/289/3454 5145/374/3452 5143/235/3451 5147/36/3456
f 5150/1347/3458 5151/886/3459 5153/1354/3460 5152/374/3461
f 5152/374/3461 5153/1354/3460 5155/424/3462 5154/625/3463
f 5154/625/3463 5155/424/3462 5162/268/3464 5156/289/3465
f 5156/289/3465 5162/268/3464 5163/269/3466 5157/281/3467
f 5157/281/3467 5163/269/3466 5164/297/3468 5158/293/3469
f 5158/293/3469 5164/297/3468 5160/572/3470 5159/642/3471
f 5159/642/3471 5160/572/3470 5165/1368/3472 5161/341/3473
f 5161/341/3473 5165/1368/3472 5151/889/3459 5150/745/3458
f 5150/1407/3458 5152/1411/3461 5154/1415/3463 5156/1419/3465 5157/1423/3467 5158/1427/3469 5159/1431/3471 5161/1435/3473
f 5151/889/3459 5165/1368/3472 5173/1368/3474 5167/889/3475
f 5173/1368/3474 5172/572/3476 5180/572/3477 5181/1368/3478
f 5153/1354/3460 5151/886/3459 5167/886/3475 5166/1354/3479
f 5165/1368/3472 5160/572/3470 5172/572/3476 5173/1368/3474
f 5164/297/3468 5163/269/3466 5169/269/3480 5171/297/3481
f 5160/572/3470 5164/297/3468 5171/297/3481 5172/572/3476
f 5162/268/3464 5155/424/3462 5168/424/3482 5170/268/3483
f 5155/424/3462 5153/1354/3460 5166/1354/3479 5168/424/3482
f 5163/269/3466 5162/268/3464 5170/268/3483 5169/269/3480
f 5174/1402/3484 5175/1374/3485 5181/1378/3478 5180/1382/3477 5179/1386/3486 5177/1390/3487 5178/1394/3488 5176/1398/3489
f 5170/268/3483 5168/424/3482 5176/424/3489 5178/268/3488
f 5169/269/3480 5170/268/3483 5178/268/3488 5177/269/3487
f 5166/1354/3479 5167/886/3475 5175/886/3485 5174/1354/3484
f 5167/889/3475 5173/1368/3474 5181/1368/3478 5175/889/3485
f 5172/572/3476 5171/297/3481 5179/297/3486 5180/572/3477
f 5171/297/3481 5169/269/3480 5177/269/3487 5179/297/3486
f 5168/424/3482 5166/1354/3479 5174/1354/3484 5176/424/3489
f 5182/1347/3458 5183/886/3490 5185/1354/3491 5184/374/3461
f 5184/374/3461 5185/1354/3491 5187/424/3462 5186/625/3492
f 5186/625/3492 5187/424/3462 5194/268/3493 5188/289/3465
f 5188/289/3465 5194/268/3493 5195/269/3494 5189/281/3495
f 5189/281/3495 5195/269/3494 5196/297/3468 5190/293/3496
f 5190/293/3496 5196/297/3468 5192/572/3497 5191/642/3498
f 5191/642/3498 5192/572/3497 5197/1368/3472 5193/341/3473
f 5193/341/3473 5197/1368/3472 5183/889/3490 5182/745/3458
f 5182/1407/3458 5184/1411/3461 5186/1415/3492 5188/1419/3465 5189/1423/3495 5190/1427/3496 5191/1431/3498 5193/1435/3473
f 5183/889/3490 5197/1368/3472 5205/1368/3474 5199/889/3475
f 5205/1368/3474 5204/572/3499 5212/572/3477 5213/1368/3478
f 5185/1354/3491 5183/886/3490 5199/886/3475 5198/1354/3479
f 5197/1368/3472 5192/572/3497 5204/572/3499 5205/1368/3474
f 5196/297/3468 5195/269/3494 5201/269/3480 5203/297/3500
f 5192/572/3497 5196/297/3468 5203/297/3500 5204/572/3499
f 5194/268/3493 5187/424/3462 5200/424/3482 5202/268/3501
f 5187/424/3462 5185/1354/3491 5198/1354/3479 5200/424/3482
f 5195/269/3494 5194/268/3493 5202/268/3501 5201/269/3480
f 5206/1402/3484 5207/1374/3485 5213/1378/3478 5212/1382/3477 5211/1386/3502 5209/1390/3487 5210/1394/3503 5208/1398/3504
f 5202/268/3501 5200/424/3482 5208/424/3504 5210/268/3503
f 5201/269/3480 5202/268/3501 5210/268/3503 5209/269/3487
f 5198/1354/3479 5199/886/3475 5207/886/3485 5206/1354/3484
f 5199/889/3475 5205/1368/3474 5213/1368/3478 5207/889/3485
f 5204/572/3499 5203/297/3500 5211/297/3502 5212/572/3477
f 5203/297/3500 5201/269/3480 5209/269/3487 5211/297/3502
f 5200/424/3482 5198/1354/3479 5206/1354/3484 5208/424/3504
f 5290/1564/3505 5288/1574/3506 5222/1565/3507
f 5219/1612/3508 5218/1570/3509 5228/1571/3510 5229/1613/3511
f 5216/1567/3512 5215/1572/3513 5225/1573/3514 5226/1568/3515
f 5289/1614/3516 5221/1615/3517 5232/1616/3518
f 5214/1563/3519 5290/1564/3505 5222/1565/3507 5223/1566/3520
f 5292/1617/3521 5219/1612/3508 5229/1613/3511 5230/1618/3522
f 5217/625/3523 5216/1567/3512 5226/1568/3515 5227/1538/3524
f 5291/7/3525 5214/1563/3519 5223/1566/3520 5224/1569/3526
f 5220/1619/3527 5292/1617/3521 5230/1618/3522 5231/1620/3528
f 5218/1570/3509 5217/625/3523 5227/1538/3524 5228/1571/3510
f 5215/1572/3513 5291/7/3525 5224/1569/3526 5225/1573/3514
f 5221/1615/3517 5220/1619/3527 5231/1620/3528 5232/1616/3518
f 5227/1538/3524 5226/1568/3515 5237/1579/3529 5238/1554/3530
f 5224/1569/3526 5223/1566/3520 5234/1580/3531 5235/1576/3532
f 5231/1620/3528 5230/1618/3522 5241/1621/3533 5242/1622/3534
f 5228/1571/3510 5227/1538/3524 5238/1554/3530 5239/1575/3535
f 5225/1573/3514 5224/1569/3526 5235/1576/3532 5236/1577/3536
f 5232/1616/3518 5231/1620/3528 5242/1622/3534 5243/1623/3537
f 5222/1565/3507 5288/268/3506 5233/1578/3538
f 5229/1613/3511 5228/1571/3510 5239/1575/3535 5240/1624/3539
f 5226/1568/3515 5225/1573/3514 5236/1577/3536 5237/1579/3529
f 5289/891/3516 5232/1616/3518 5243/1623/3537
f 5223/1566/3520 5222/1565/3507 5233/1578/3538 5234/1580/3531
f 5230/1618/3522 5229/1613/3511 5240/1624/3539 5241/1621/3533
f 5237/1579/3529 5236/1577/3536 5247/1625/3540 5248/1626/3541
f 5289/1627/3516 5243/1623/3537 5254/1628/3542
f 5234/1580/3531 5233/1578/3538 5244/1629/3543 5245/1630/3544
f 5241/1621/3533 5240/1624/3539 5251/1631/3545 5252/287/3546
f 5238/1554/3530 5237/1579/3529 5248/1626/3541 5249/281/3547
f 5235/1576/3532 5234/1580/3531 5245/1630/3544 5246/67/3548
f 5242/1622/3534 5241/1621/3533 5252/287/3546 5253/1632/3549
f 5239/1575/3535 5238/1554/3530 5249/281/3547 5250/1633/3550
f 5236/1577/3536 5235/1576/3532 5246/67/3548 5247/1625/3540
f 5243/1623/3537 5242/1622/3534 5253/1632/3549 5254/1628/3542
f 5233/1578/3538 5288/1634/3506 5244/1629/3543
f 5240/1624/3539 5239/1575/3535 5250/1633/3550 5251/1631/3545
f 5250/1633/3550 5249/281/3547 5260/1556/3551 5261/1635/3552
f 5247/1625/3540 5246/67/3548 5257/1636/3553 5258/1637/3554
f 5254/1628/3542 5253/1632/3549 5264/1638/3555 5265/1639/3556
f 5244/1629/3543 5288/1640/3506 5255/1641/3557
f 5251/1631/3545 5250/1633/3550 5261/1635/3552 5262/1642/3558
f 5248/1626/3541 5247/1625/3540 5258/1637/3554 5259/1643/3559
f 5289/1644/3516 5254/1628/3542 5265/1639/3556
f 5245/1630/3544 5244/1629/3543 5255/1641/3557 5256/1645/3560
f 5252/287/3546 5251/1631/3545 5262/1642/3558 5263/1646/3561
f 5249/281/3547 5248/1626/3541 5259/1643/3559 5260/1556/3551
f 5246/67/3548 5245/1630/3544 5256/1645/3560 5257/1636/3553
f 5253/1632/3549 5252/287/3546 5263/1646/3561 5264/1638/3555
f 5260/1556/3551 5259/1643/3559 5270/1647/3562 5271/1080/3563
f 5257/1636/3553 5256/1645/3560 5267/1648/3564 5268/1081/3565
f 5264/1638/3555 5263/1646/3561 5274/1649/3566 5275/1650/3567
f 5261/1635/3552 5260/1556/3551 5271/1080/3563 5272/1651/3568
f 5258/1637/3554 5257/1636/3553 5268/1081/3565 5269/1652/3569
f 5265/1639/3556 5264/1638/3555 5275/1650/3567 5276/1653/3570
f 5255/1641/3557 5288/297/3506 5266/1654/3571
f 5262/1642/3558 5261/1635/3552 5272/1651/3568 5273/1655/3572
f 5259/1643/3559 5258/1637/3554 5269/1652/3569 5270/1647/3562
f 5289/890/3516 5265/1639/3556 5276/1653/3570
f 5256/1645/3560 5255/1641/3557 5266/1654/3571 5267/1648/3564
f 5263/1646/3561 5262/1642/3558 5273/1655/3572 5274/1649/3566
f 5273/1655/3572 5272/1651/3568 5283/1656/3573 5284/1657/3574
f 5270/1647/3562 5269/1652/3569 5280/1658/3575 5281/1659/3576
f 5289/1660/3516 5276/1653/3570 5287/1661/3577
f 5267/1648/3564 5266/1654/3571 5277/1662/3578 5278/1663/3579
f 5274/1649/3566 5273/1655/3572 5284/1657/3574 5285/1664/3580
f 5271/1080/3563 5270/1647/3562 5281/1659/3576 5282/642/3581
f 5268/1081/3565 5267/1648/3564 5278/1663/3579 5279/128/3582
f 5275/1650/3567 5274/1649/3566 5285/1664/3580 5286/1665/3583
f 5272/1651/3568 5271/1080/3563 5282/642/3581 5283/1656/3573
f 5269/1652/3569 5268/1081/3565 5279/128/3582 5280/1658/3575
f 5276/1653/3570 5275/1650/3567 5286/1665/3583 5287/1661/3577
f 5266/1654/3571 5288/1666/3506 5277/1662/3578
f 5293/1347/3099 5294/886/3100 5296/1551/3101 5295/1552/3102
f 5295/1552/3102 5296/1551/3101 5298/1535/3103 5297/1536/3104
f 5297/1536/3104 5298/1535/3103 5300/424/3105 5299/625/3106
f 5299/625/3106 5300/424/3105 5302/1537/3107 5301/1538/3108
f 5301/1538/3108 5302/1537/3107 5304/1553/3109 5303/1554/3110
f 5303/1554/3110 5304/1553/3109 5306/269/3111 5305/281/3112
f 5305/281/3112 5306/269/3111 5308/1555/3113 5307/1556/3114
f 5307/1556/3114 5308/1555/3113 5310/1539/3136 5309/1080/3116
f 5309/1080/3116 5310/1539/3136 5312/572/3117 5311/642/3118
f 5311/642/3118 5312/572/3117 5314/1540/3119 5313/1541/3120
f 5302/1537/3107 5300/424/3105 5320/424/3121 5321/1537/3584
f 5313/1541/3120 5314/1540/3119 5316/1557/3123 5315/1558/3124
f 5315/1558/3124 5316/1557/3123 5294/889/3100 5293/745/3099
f 5293/1407/3099 5295/1559/3102 5297/1543/3104 5299/1415/3106 5301/1544/3108 5303/1560/3110 5305/1423/3112 5307/1561/3114 5309/1545/3116 5311/1431/3118 5313/1546/3120 5315/1562/3124
f 5323/269/3125 5322/1553/3137 5329/269/15
f 5294/889/3100 5316/1557/3123 5328/1557/3127 5317/889/3128
f 5296/1551/3101 5294/886/3100 5317/886/3128 5318/1551/3585
f 5300/424/3105 5298/1535/3103 5319/1535/3130 5320/424/3121
f 5316/1557/3123 5314/1540/3119 5327/1540/3131 5328/1557/3127
f 5298/1535/3103 5296/1551/3101 5318/1551/3585 5319/1535/3130
f 5314/1540/3119 5312/572/3117 5326/572/3132 5327/1540/3131
f 5312/572/3117 5310/1539/3136 5325/1539/3133 5326/572/3132
f 5310/1539/3136 5308/1555/3113 5324/1555/3134 5325/1539/3133
f 5308/1555/3113 5306/269/3111 5323/269/3125 5324/1555/3134
f 5306/269/3111 5304/1553/3109 5322/1553/3137 5323/269/3125
f 5304/1553/3109 5302/1537/3107 5321/1537/3584 5322/1553/3137
f 5320/424/3121 5319/1535/3130 5329/424/15
f 5327/1540/3131 5326/572/3132 5329/1540/15
f 5324/1555/3134 5323/269/3125 5329/1555/15
f 5321/1537/3584 5320/424/3121 5329/1537/15
f 5328/1557/3127 5327/1540/3131 5329/1557/15
f 5318/1551/3585 5317/886/3128 5329/1551/15
f 5325/1539/3133 5324/1555/3134 5329/1539/15
f 5322/1553/3137 5321/1537/3584 5329/1553/15
f 5317/889/3128 5328/1557/3127 5329/889/15
f 5319/1535/3130 5318/1551/3585 5329/1535/15
f 5326/572/3132 5325/1539/3133 5329/572/15
f 5330/1347/3099 5331/886/3100 5333/1551/3101 5332/1552/3102
f 5332/1552/3102 5333/1551/3101 5335/1535/3103 5334/1536/3104
f 5334/1536/3104 5335/1535/3103 5337/424/3105 5336/625/3106
f 5336/625/3106 5337/424/3105 5339/1537/3107 5338/1538/3108
f 5338/1538/3108 5339/1537/3107 5341/1553/3109 5340/1554/3110
f 5340/1554/3110 5341/1553/3109 5343/269/3111 5342/281/3112
f 5342/281/3112 5343/269/3111 5345/1555/3113 5344/1556/3114
f 5344/1556/3114 5345/1555/3113 5347/1539/3115 5346/1080/3116
f 5346/1080/3116 5347/1539/3115 5349/572/3117 5348/642/3118
f 5348/642/3118 5349/572/3117 5351/1540/3119 5350/1541/3120
f 5339/1537/3107 5337/424/3105 5357/424/3121 5358/1537/3122
f 5350/1541/3120 5351/1540/3119 5353/1557/3123 5352/1558/3124
f 5352/1558/3124 5353/1557/3123 5331/889/3100 5330/745/3099
f 5330/1407/3099 5332/1559/3102 5334/1543/3104 5336/1415/3106 5338/1544/3108 5340/1560/3110 5342/1423/3112 5344/1561/3114 5346/1545/3116 5348/1431/3118 5350/1546/3120 5352/1562/3124
f 5360/269/3125 5359/1553/3137 5366/269/15
f 5331/889/3100 5353/1557/3123 5365/1557/3127 5354/889/3128
f 5333/1551/3101 5331/886/3100 5354/886/3128 5355/1551/3585
f 5337/424/3105 5335/1535/3103 5356/1535/3130 5357/424/3121
f 5353/1557/3123 5351/1540/3119 5364/1540/3131 5365/1557/3127
f 5335/1535/3103 5333/1551/3101 5355/1551/3585 5356/1535/3130
f 5351/1540/3119 5349/572/3117 5363/572/3132 5364/1540/3131
f 5349/572/3117 5347/1539/3115 5362/1539/3139 5363/572/3132
f 5347/1539/3115 5345/1555/3113 5361/1555/3134 5362/1539/3139
f 5345/1555/3113 5343/269/3111 5360/269/3125 5361/1555/3134
f 5343/269/3111 5341/1553/3109 5359/1553/3137 5360/269/3125
f 5341/1553/3109 5339/1537/3107 5358/1537/3122 5359/1553/3137
f 5357/424/3121 5356/1535/3130 5366/424/15
f 5364/1540/3131 5363/572/3132 5366/1540/15
f 5361/1555/3134 5360/269/3125 5366/1555/15
f 5358/1537/3122 5357/424/3121 5366/1537/15
f 5365/1557/3127 5364/1540/3131 5366/1557/15
f 5355/1551/3585 5354/886/3128 5366/1551/15
f 5362/1539/3139 5361/1555/3134 5366/1539/15
f 5359/1553/3137 5358/1537/3122 5366/1553/15
f 5354/889/3128 5365/1557/3127 5366/889/15
f 5356/1535/3130 5355/1551/3585 5366/1535/15
f 5363/572/3132 5362/1539/3139 5366/572/15
f 5367/1347/2999 5368/886/3586 5370/1535/3587 5369/1536/3066
f 5369/1536/3066 5370/1535/3587 5372/1537/3588 5371/1538/3589
f 5371/1538/3589 5372/1537/3588 5374/269/3590 5373/281/2992
f 5373/281/2992 5374/269/3590 5376/1539/3591 5375/1080/2995
f 5378/1540/3592 5376/1539/3591 5383/1539/3593 5384/1540/3594
f 5375/1080/2995 5376/1539/3591 5378/1540/3592 5377/1541/3065
f 5377/1541/3065 5378/1540/3592 5368/1542/3586 5367/745/2999
f 5367/1407/2999 5369/1543/3066 5371/1544/3589 5373/1423/2992 5375/1545/2995 5377/1546/3065
f 5380/1542/3595 5384/1540/3594 5390/1540/3596 5386/1542/3597
f 5370/1535/3587 5368/886/3586 5380/886/3595 5379/1535/3598
f 5374/269/3590 5372/1537/3588 5381/1537/3599 5382/269/3600
f 5368/1542/3586 5378/1540/3592 5384/1540/3594 5380/1542/3595
f 5376/1539/3591 5374/269/3590 5382/269/3600 5383/1539/3593
f 5372/1537/3588 5370/1535/3587 5379/1535/3598 5381/1537/3599
f 5390/1540/3596 5389/1539/3601 5395/1539/3602 5396/1540/3603
f 5383/1539/3593 5382/269/3600 5388/269/3604 5389/1539/3601
f 5381/1537/3599 5379/1535/3598 5385/1535/3605 5387/1537/3606
f 5384/1540/3594 5383/1539/3593 5389/1539/3601 5390/1540/3596
f 5382/269/3600 5381/1537/3599 5387/1537/3606 5388/269/3604
f 5379/1535/3598 5380/886/3595 5386/886/3597 5385/1535/3605
f 5392/1542/3607 5396/1540/3603 5402/1540/3608 5398/1542/3609
f 5388/269/3604 5387/1537/3606 5393/1537/3610 5394/269/3611
f 5385/1535/3605 5386/886/3597 5392/886/3607 5391/1535/3612
f 5386/1542/3597 5390/1540/3596 5396/1540/3603 5392/1542/3607
f 5389/1539/3601 5388/269/3604 5394/269/3611 5395/1539/3602
f 5387/1537/3606 5385/1535/3605 5391/1535/3612 5393/1537/3610
f 5402/1540/3608 5401/1539/3613 5407/1539/3614 5408/1540/3615
f 5395/1539/3602 5394/269/3611 5400/269/3616 5401/1539/3613
f 5393/1537/3610 5391/1535/3612 5397/1535/3617 5399/1537/3618
f 5396/1540/3603 5395/1539/3602 5401/1539/3613 5402/1540/3608
f 5394/269/3611 5393/1537/3610 5399/1537/3618 5400/269/3616
f 5391/1535/3612 5392/886/3607 5398/886/3609 5397/1535/3617
f 5404/1542/3619 5408/1540/3615 5414/1540/3620 5410/1542/3621
f 5400/269/3616 5399/1537/3618 5405/1537/3622 5406/269/3623
f 5397/1535/3617 5398/886/3609 5404/886/3619 5403/1535/3624
f 5398/1542/3609 5402/1540/3608 5408/1540/3615 5404/1542/3619
f 5401/1539/3613 5400/269/3616 5406/269/3623 5407/1539/3614
f 5399/1537/3618 5397/1535/3617 5403/1535/3624 5405/1537/3622
f 5414/1540/3620 5413/1539/3625 5419/1539/3626 5420/1540/3627
f 5407/1539/3614 5406/269/3623 5412/269/3628 5413/1539/3625
f 5405/1537/3622 5403/1535/3624 5409/1535/3629 5411/1537/3630
f 5408/1540/3615 5407/1539/3614 5413/1539/3625 5414/1540/3620
f 5406/269/3623 5405/1537/3622 5411/1537/3630 5412/269/3628
f 5403/1535/3624 5404/886/3619 5410/886/3621 5409/1535/3629
f 5416/1542/3631 5420/1540/3627 5426/1540/3632 5422/1542/3633
f 5412/269/3628 5411/1537/3630 5417/1537/3634 5418/269/3635
f 5409/1535/3629 5410/886/3621 5416/886/3631 5415/1535/3636
f 5410/1542/3621 5414/1540/3620 5420/1540/3627 5416/1542/3631
f 5413/1539/3625 5412/269/3628 5418/269/3635 5419/1539/3626
f 5411/1537/3630 5409/1535/3629 5415/1535/3636 5417/1537/3634
f 5421/1547/3637 5422/1374/3633 5426/1548/3632 5425/1549/3638 5424/1390/3639 5423/1550/3640
f 5419/1539/3626 5418/269/3635 5424/269/3639 5425/1539/3638
f 5417/1537/3634 5415/1535/3636 5421/1535/3637 5423/1537/3640
f 5420/1540/3627 5419/1539/3626 5425/1539/3638 5426/1540/3632
f 5418/269/3635 5417/1537/3634 5423/1537/3640 5424/269/3639
f 5415/1535/3636 5416/886/3631 5422/886/3633 5421/1535/3637
f 5427/890/3088 5429/351/3089 5430/323/3087 5428/891/3086
f 5429/351/3089 5433/293/3060 5434/289/3063 5430/323/3087
f 5433/293/3060 5431/98/3061 5432/36/3062 5434/289/3063
f 5431/98/3061 5427/297/3088 5428/268/3086 5432/36/3062
f 5429/341/3089 5427/167/3088 5431/98/3061 5433/293/3060
f 5434/289/3063 5432/36/3062 5428/235/3086 5430/374/3087
f 5435/890/3088 5437/351/3089 5438/323/3087 5436/891/3086
f 5437/351/3089 5441/293/3060 5442/289/3063 5438/323/3087
f 5441/293/3060 5439/98/3061 5440/36/3062 5442/289/3063
f 5439/98/3061 5435/297/3088 5436/268/3086 5440/36/3062
f 5437/341/3089 5435/167/3088 5439/98/3061 5441/293/3060
f 5442/289/3063 5440/36/3062 5436/235/3086 5438/374/3087
f 5443/890/3088 5445/351/3089 5446/323/3059 5444/891/3057
f 5445/351/3089 5449/293/3060 5450/289/3063 5446/323/3059
f 5449/293/3060 5447/98/3061 5448/36/3062 5450/289/3063
f 5447/98/3061 5443/297/3088 5444/268/3057 5448/36/3062
f 5445/341/3089 5443/167/3088 5447/98/3061 5449/293/3060
f 5450/289/3063 5448/36/3062 5444/235/3057 5446/374/3059
f 5451/890/3056 5453/351/3058 5454/323/3059 5452/891/3057
f 5453/351/3058 5457/293/3060 5458/289/3063 5454/323/3059
f 5457/293/3060 5455/98/3061 5456/36/3062 5458/289/3063
f 5455/98/3061 5451/297/3056 5452/268/3057 5456/36/3062
f 5453/341/3058 5451/167/3056 5455/98/3061 5457/293/3060
f 5458/289/3063 5456/36/3062 5452/235/3057 5454/374/3059
f 5459/890/3641 5461/351/3642 5462/323/3643 5460/891/3644
f 5461/351/3642 5465/293/3060 5466/289/3063 5462/323/3643
f 5465/293/3060 5463/98/3061 5464/36/3062 5466/289/3063
f 5463/98/3061 5459/297/3641 5460/268/3644 5464/36/3062
f 5461/341/3642 5459/167/3641 5463/98/3061 5465/293/3060
f 5466/289/3063 5464/36/3062 5460/235/3644 5462/374/3643
f 5467/890/3056 5469/351/3058 5470/323/3059 5468/891/3057
f 5469/351/3058 5473/293/3060 5474/289/3063 5470/323/3059
f 5473/293/3060 5471/98/3061 5472/36/3062 5474/289/3063
f 5471/98/3061 5467/297/3056 5468/268/3057 5472/36/3062
f 5469/341/3058 5467/167/3056 5471/98/3061 5473/293/3060
f 5474/289/3063 5472/36/3062 5468/235/3057 5470/374/3059
f 5475/1347/2999 5476/886/3586 5478/1535/3587 5477/1536/3066
f 5477/1536/3066 5478/1535/3587 5480/1537/3645 5479/1538/3646
f 5479/1538/3646 5480/1537/3645 5482/269/3647 5481/281/2992
f 5481/281/2992 5482/269/3647 5484/1539/3591 5483/1080/2995
f 5486/1540/3648 5484/1539/3591 5491/1539/3649 5492/1540/3650
f 5483/1080/2995 5484/1539/3591 5486/1540/3648 5485/1541/3651
f 5485/1541/3651 5486/1540/3648 5476/1542/3586 5475/745/2999
f 5475/1407/2999 5477/1543/3066 5479/1544/3646 5481/1423/2992 5483/1545/2995 5485/1546/3651
f 5488/1542/3652 5492/1540/3650 5498/1540/3596 5494/1542/3653
f 5478/1535/3587 5476/886/3586 5488/886/3652 5487/1535/3654
f 5482/269/3647 5480/1537/3645 5489/1537/3655 5490/269/3600
f 5476/1542/3586 5486/1540/3648 5492/1540/3650 5488/1542/3652
f 5484/1539/3591 5482/269/3647 5490/269/3600 5491/1539/3649
f 5480/1537/3645 5478/1535/3587 5487/1535/3654 5489/1537/3655
f 5498/1540/3596 5497/1539/3601 5503/1539/3602 5504/1540/3656
f 5491/1539/3649 5490/269/3600 5496/269/3604 5497/1539/3601
f 5489/1537/3655 5487/1535/3654 5493/1535/3657 5495/1537/3606
f 5492/1540/3650 5491/1539/3649 5497/1539/3601 5498/1540/3596
f 5490/269/3600 5489/1537/3655 5495/1537/3606 5496/269/3604
f 5487/1535/3654 5488/886/3652 5494/886/3653 5493/1535/3657
f 5500/1542/3607 5504/1540/3656 5510/1540/3608 5506/1542/3609
f 5496/269/3604 5495/1537/3606 5501/1537/3610 5502/269/3611
f 5493/1535/3657 5494/886/3653 5500/886/3607 5499/1535/3658
f 5494/1542/3653 5498/1540/3596 5504/1540/3656 5500/1542/3607
f 5497/1539/3601 5496/269/3604 5502/269/3611 5503/1539/3602
f 5495/1537/3606 5493/1535/3657 5499/1535/3658 5501/1537/3610
f 5510/1540/3608 5509/1539/3613 5515/1539/3614 5516/1540/3615
f 5503/1539/3602 5502/269/3611 5508/269/3659 5509/1539/3613
f 5501/1537/3610 5499/1535/3658 5505/1535/3660 5507/1537/3661
f 5504/1540/3656 5503/1539/3602 5509/1539/3613 5510/1540/3608
f 5502/269/3611 5501/1537/3610 5507/1537/3661 5508/269/3659
f 5499/1535/3658 5500/886/3607 5506/886/3609 5505/1535/3660
f 5512/1542/3662 5516/1540/3615 5522/1540/3620 5518/1542/3621
f 5508/269/3659 5507/1537/3661 5513/1537/3622 5514/269/3623
f 5505/1535/3660 5506/886/3609 5512/886/3662 5511/1535/3624
f 5506/1542/3609 5510/1540/3608 5516/1540/3615 5512/1542/3662
f 5509/1539/3613 5508/269/3659 5514/269/3623 5515/1539/3614
f 5507/1537/3661 5505/1535/3660 5511/1535/3624 5513/1537/3622
f 5522/1540/3620 5521/1539/3663 5527/1539/3626 5528/1540/3627
f 5515/1539/3614 5514/269/3623 5520/269/3628 5521/1539/3663
f 5513/1537/3622 5511/1535/3624 5517/1535/3629 5519/1537/3630
f 5516/1540/3615 5515/1539/3614 5521/1539/3663 5522/1540/3620
f 5514/269/3623 5513/1537/3622 5519/1537/3630 5520/269/3628
f 5511/1535/3624 5512/886/3662 5518/886/3621 5517/1535/3629
f 5524/1542/3664 5528/1540/3627 5534/1540/3632 5530/1542/3665
f 5520/269/3628 5519/1537/3630 5525/1537/3634 5526/269/3666
f 5517/1535/3629 5518/886/3621 5524/886/3664 5523/1535/3636
f 5518/1542/3621 5522/1540/3620 5528/1540/3627 5524/1542/3664
f 5521/1539/3663 5520/269/3628 5526/269/3666 5527/1539/3626
f 5519/1537/3630 5517/1535/3629 5523/1535/3636 5525/1537/3634
f 5529/1547/3667 5530/1374/3665 5534/1548/3632 5533/1549/3638 5532/1390/3668 5531/1550/3669
f 5527/1539/3626 5526/269/3666 5532/269/3668 5533/1539/3638
f 5525/1537/3634 5523/1535/3636 5529/1535/3667 5531/1537/3669
f 5528/1540/3627 5527/1539/3626 5533/1539/3638 5534/1540/3632
f 5526/269/3666 5525/1537/3634 5531/1537/3669 5532/269/3668
f 5523/1535/3636 5524/886/3664 5530/886/3665 5529/1535/3667
f 5535/890/3088 5537/351/3089 5538/323/3087 5536/891/3086
f 5537/351/3089 5541/293/3060 5542/289/3063 5538/323/3087
f 5541/293/3060 5539/98/3061 5540/36/3062 5542/289/3063
f 5539/98/3061 5535/297/3088 5536/268/3086 5540/36/3062
f 5537/341/3089 5535/167/3088 5539/98/3061 5541/293/3060
f 5542/289/3063 5540/36/3062 5536/235/3086 5538/374/3087
f 5543/890/3088 5545/351/3089 5546/323/3087 5544/891/3086
f 5545/351/3089 5549/293/3060 5550/289/3063 5546/323/3087
f 5549/293/3060 5547/98/3061 5548/36/3062 5550/289/3063
f 5547/98/3061 5543/297/3088 5544/268/3086 5548/36/3062
f 5545/341/3089 5543/167/3088 5547/98/3061 5549/293/3060
f 5550/289/3063 5548/36/3062 5544/235/3086 5546/374/3087
f 5551/890/3088 5553/351/3089 5554/323/3059 5552/891/3057
f 5553/351/3089 5557/293/3060 5558/289/3085 5554/323/3059
f 5557/293/3060 5555/98/3061 5556/36/3084 5558/289/3085
f 5555/98/3061 5551/297/3088 5552/268/3057 5556/36/3084
f 5553/341/3089 5551/167/3088 5555/98/3061 5557/293/3060
f 5558/289/3085 5556/36/3084 5552/235/3057 5554/374/3059
f 5559/890/3641 5561/351/3642 5562/323/3643 5560/891/3644
f 5561/351/3642 5565/293/3082 5566/289/3085 5562/323/3643
f 5565/293/3082 5563/98/3083 5564/36/3084 5566/289/3085
f 5563/98/3083 5559/297/3641 5560/268/3644 5564/36/3084
f 5561/341/3642 5559/167/3641 5563/98/3083 5565/293/3082
f 5566/289/3085 5564/36/3084 5560/235/3644 5562/374/3643
f 5567/890/3056 5569/351/3058 5570/323/3059 5568/891/3057
f 5569/351/3058 5573/293/3670 5574/289/3671 5570/323/3059
f 5573/293/3670 5571/98/3053 5572/36/3054 5574/289/3671
f 5571/98/3053 5567/297/3056 5568/268/3057 5572/36/3054
f 5569/341/3058 5567/167/3056 5571/98/3053 5573/293/3670
f 5574/289/3671 5572/36/3054 5568/235/3057 5570/374/3059
f 5575/890/3056 5577/351/3058 5578/323/3059 5576/891/3086
f 5577/351/3058 5581/293/3060 5582/289/3063 5578/323/3059
f 5581/293/3060 5579/98/3061 5580/36/3062 5582/289/3063
f 5579/98/3061 5575/297/3056 5576/268/3086 5580/36/3062
f 5577/341/3058 5575/167/3056 5579/98/3061 5581/293/3060
f 5582/289/3063 5580/36/3062 5576/235/3086 5578/374/3059
f 5583/890/2123 5585/351/3092 5586/323/2207 5584/891/2201
f 5585/351/3092 5589/293/2198 5590/289/2199 5586/323/2207
f 5589/293/2198 5587/98/3090 5588/36/3091 5590/289/2199
f 5587/98/3090 5583/297/2123 5584/268/2201 5588/36/3091
f 5585/341/3092 5583/167/2123 5587/98/3090 5589/293/2198
f 5590/289/2199 5588/36/3091 5584/235/2201 5586/374/2207
f 5591/890/3096 5593/351/3098 5594/323/258 5592/891/3097
f 5593/351/3098 5597/293/3093 5598/289/235 5594/323/258
f 5597/293/3093 5595/98/3094 5596/36/3095 5598/289/235
f 5595/98/3094 5591/297/3096 5592/268/3097 5596/36/3095
f 5593/341/3098 5591/167/3096 5595/98/3094 5597/293/3093
f 5598/289/235 5596/36/3095 5592/235/3097 5594/374/258
f 5599/890/2123 5601/351/3092 5602/323/2207 5600/891/2201
f 5601/351/3092 5605/293/2198 5606/289/2199 5602/323/2207
f 5605/293/2198 5603/98/3090 5604/36/3091 5606/289/2199
f 5603/98/3090 5599/297/2123 5600/268/2201 5604/36/3091
f 5601/341/3092 5599/167/2123 5603/98/3090 5605/293/2198
f 5606/289/2199 5604/36/3091 5600/235/2201 5602/374/2207
f 5607/890/2123 5609/351/3092 5610/323/2207 5608/891/2201
f 5609/351/3092 5613/293/2198 5614/289/2199 5610/323/2207
f 5613/293/2198 5611/98/3090 5612/36/3091 5614/289/2199
f 5611/98/3090 5607/297/2123 5608/268/2201 5612/36/3091
f 5609/341/3092 5607/167/2123 5611/98/3090 5613/293/2198
f 5614/289/2199 5612/36/3091 5608/235/2201 5610/374/2207
f 5615/890/2123 5617/351/3092 5618/323/2207 5616/891/2201
f 5617/351/3092 5621/293/2198 5622/289/2199 5618/323/2207
f 5621/293/2198 5619/98/3090 5620/36/3091 5622/289/2199
f 5619/98/3090 5615/297/2123 5616/268/2201 5620/36/3091
f 5617/341/3092 5615/167/2123 5619/98/3090 5621/293/2198
f 5622/289/2199 5620/36/3091 5616/235/2201 5618/374/2207
f 5623/890/2123 5625/351/3092 5626/323/2207 5624/891/2201
f 5625/351/3092 5629/293/3093 5630/289/235 5626/323/2207
f 5629/293/3093 5627/98/3094 5628/36/3095 5630/289/235
f 5627/98/3094 5623/297/2123 5624/268/2201 5628/36/3095
f 5625/341/3092 5623/167/2123 5627/98/3094 5629/293/3093
f 5630/289/235 5628/36/3095 5624/235/2201 5626/374/2207
f 5631/890/2123 5633/351/3092 5634/323/2207 5632/891/2201
f 5633/351/3092 5637/293/2198 5638/289/2199 5634/323/2207
f 5637/293/2198 5635/98/3090 5636/36/3091 5638/289/2199
f 5635/98/3090 5631/297/2123 5632/268/2201 5636/36/3091
f 5633/341/3092 5631/167/2123 5635/98/3090 5637/293/2198
f 5638/289/2199 5636/36/3091 5632/235/2201 5634/374/2207
f 5639/890/2123 5641/351/3092 5642/323/2207 5640/891/2201
f 5641/351/3092 5645/293/2198 5646/289/2199 5642/323/2207
f 5645/293/2198 5643/98/3090 5644/36/3091 5646/289/2199
f 5643/98/3090 5639/297/2123 5640/268/2201 5644/36/3091
f 5641/341/3092 5639/167/2123 5643/98/3090 5645/293/2198
f 5646/289/2199 5644/36/3091 5640/235/2201 5642/374/2207
f 5647/890/2123 5649/351/3092 5650/323/2207 5648/891/2201
f 5649/351/3092 5653/293/2198 5654/289/2199 5650/323/2207
f 5653/293/2198 5651/98/3090 5652/36/3091 5654/289/2199
f 5651/98/3090 5647/297/2123 5648/268/2201 5652/36/3091
f 5649/341/3092 5647/167/2123 5651/98/3090 5653/293/2198
f 5654/289/2199 5652/36/3091 5648/235/2201 5650/374/2207
f 5655/890/2123 5657/351/3092 5658/323/2207 5656/891/2201
f 5657/351/3092 5661/293/2198 5662/289/2199 5658/323/2207
f 5661/293/2198 5659/98/3090 5660/36/3091 5662/289/2199
f 5659/98/3090 5655/297/2123 5656/268/2201 5660/36/3091
f 5657/341/3092 5655/167/2123 5659/98/3090 5661/293/2198
f 5662/289/2199 5660/36/3091 5656/235/2201 5658/374/2207
f 5663/890/2123 5665/351/3092 5666/323/2207 5664/891/2201
f 5665/351/3092 5669/293/3093 5670/289/235 5666/323/2207
f 5669/293/3093 5667/98/3094 5668/36/3095 5670/289/235
f 5667/98/3094 5663/297/2123 5664/268/2201 5668/36/3095
f 5665/341/3092 5663/167/2123 5667/98/3094 5669/293/3093
f 5670/289/235 5668/36/3095 5664/235/2201 5666/374/2207
f 5671/890/2123 5673/351/3092 5674/323/2207 5672/891/2201
f 5673/351/3092 5677/293/2198 5678/289/2199 5674/323/2207
f 5677/293/2198 5675/98/3090 5676/36/3091 5678/289/2199
f 5675/98/3090 5671/297/2123 5672/268/2201 5676/36/3091
f 5673/341/3092 5671/167/2123 5675/98/3090 5677/293/2198
f 5678/289/2199 5676/36/3091 5672/235/2201 5674/374/2207
f 5679/890/2123 5681/351/3092 5682/323/2207 5680/891/2201
f 5681/351/3092 5685/293/3093 5686/289/235 5682/323/2207
f 5685/293/3093 5683/98/3094 5684/36/3095 5686/289/235
f 5683/98/3094 5679/297/2123 5680/268/2201 5684/36/3095
f 5681/341/3092 5679/167/2123 5683/98/3094 5685/293/3093
f 5686/289/235 5684/36/3095 5680/235/2201 5682/374/2207
f 5687/890/2123 5689/351/3092 5690/323/2207 5688/891/2201
f 5689/351/3092 5693/293/2198 5694/289/2199 5690/323/2207
f 5693/293/2198 5691/98/3090 5692/36/3091 5694/289/2199
f 5691/98/3090 5687/297/2123 5688/268/2201 5692/36/3091
f 5689/341/3092 5687/167/2123 5691/98/3090 5693/293/2198
f 5694/289/2199 5692/36/3091 5688/235/2201 5690/374/2207
f 5695/890/2123 5697/351/3092 5698/323/2207 5696/891/2201
f 5697/351/3092 5701/293/3093 5702/289/235 5698/323/2207
f 5701/293/3093 5699/98/3094 5700/36/3095 5702/289/235
f 5699/98/3094 5695/297/2123 5696/268/2201 5700/36/3095
f 5697/341/3092 5695/167/2123 5699/98/3094 5701/293/3093
f 5702/289/235 5700/36/3095 5696/235/2201 5698/374/2207
f 5703/890/2123 5705/351/3092 5706/323/2207 5704/891/2201
f 5705/351/3092 5709/293/2198 5710/289/2199 5706/323/2207
f 5709/293/2198 5707/98/3090 5708/36/3091 5710/289/2199
f 5707/98/3090 5703/297/2123 5704/268/2201 5708/36/3091
f 5705/341/3092 5703/167/2123 5707/98/3090 5709/293/2198
f 5710/289/2199 5708/36/3091 5704/235/2201 5706/374/2207
f 5711/890/2123 5713/351/3092 5714/323/2207 5712/891/2201
f 5713/351/3092 5717/293/2198 5718/289/2199 5714/323/2207
f 5717/293/2198 5715/98/3090 5716/36/3091 5718/289/2199
f 5715/98/3090 5711/297/2123 5712/268/2201 5716/36/3091
f 5713/341/3092 5711/167/2123 5715/98/3090 5717/293/2198
f 5718/289/2199 5716/36/3091 5712/235/2201 5714/374/2207
f 5719/890/2123 5721/351/3092 5722/323/2207 5720/891/2201
f 5721/351/3092 5725/293/2198 5726/289/2199 5722/323/2207
f 5725/293/2198 5723/98/3090 5724/36/3091 5726/289/2199
f 5723/98/3090 5719/297/2123 5720/268/2201 5724/36/3091
f 5721/341/3092 5719/167/2123 5723/98/3090 5725/293/2198
f 5726/289/2199 5724/36/3091 5720/235/2201 5722/374/2207
f 5727/890/2123 5729/351/3092 5730/323/2207 5728/891/2201
f 5729/351/3092 5733/293/2198 5734/289/2199 5730/323/2207
f 5733/293/2198 5731/98/3090 5732/36/3091 5734/289/2199
f 5731/98/3090 5727/297/2123 5728/268/2201 5732/36/3091
f 5729/341/3092 5727/167/2123 5731/98/3090 5733/293/2198
f 5734/289/2199 5732/36/3091 5728/235/2201 5730/374/2207
f 5735/890/2123 5737/351/3092 5738/323/2207 5736/891/2201
f 5737/351/3092 5741/293/2198 5742/289/2199 5738/323/2207
f 5741/293/2198 5739/98/3090 5740/36/3091 5742/289/2199
f 5739/98/3090 5735/297/2123 5736/268/2201 5740/36/3091
f 5737/341/3092 5735/167/2123 5739/98/3090 5741/293/2198
f 5742/289/2199 5740/36/3091 5736/235/2201 5738/374/2207
f 5743/890/2123 5745/351/3092 5746/323/2207 5744/891/2201
f 5745/351/3092 5749/293/2198 5750/289/2199 5746/323/2207
f 5749/293/2198 5747/98/3090 5748/36/3091 5750/289/2199
f 5747/98/3090 5743/297/2123 5744/268/2201 5748/36/3091
f 5745/341/3092 5743/167/2123 5747/98/3090 5749/293/2198
f 5750/289/2199 5748/36/3091 5744/235/2201 5746/374/2207
f 5751/890/2123 5753/351/3092 5754/323/2207 5752/891/2201
f 5753/351/3092 5757/293/2198 5758/289/2199 5754/323/2207
f 5757/293/2198 5755/98/3090 5756/36/3091 5758/289/2199
f 5755/98/3090 5751/297/2123 5752/268/2201 5756/36/3091
f 5753/341/3092 5751/167/2123 5755/98/3090 5757/293/2198
f 5758/289/2199 5756/36/3091 5752/235/2201 5754/374/2207
f 5812/1184/3672 5811/1185/3673 5810/1186/3674 5826/1187/3675 5825/1188/3676 5824/1189/3677 5823/1190/3678 5800/1191/3679 5799/1192/3680 5798/1193/3681 5797/1194/3682 5796/1195/3683 5795/1196/3684 5794/1197/3685 5793/1198/3686 5792/918/3687 5809/1199/3688 5808/1200/3689 5807/1201/3690 5806/1202/3691 5805/1203/3692
f 5777/1204/3693 5778/1205/3694 5779/1206/3695 5780/1207/3696 5781/1208/3697 5782/1209/3698 5783/1210/3699 5768/1211/3700 5769/1212/3701 5770/1213/3702 5771/1202/3703 5772/1201/3704 5773/1200/3705 5774/1199/3706 5759/918/3707 5760/1198/3708 5761/1197/3709 5762/1196/3710 5790/1214/3711 5791/1187/3712 5775/1186/3713 5776/1184/3714
f 5763/1195/3715 5762/1196/3710 5795/1196/3684 5796/1195/3683
f 5821/1215/3716 5820/1216/3717 5819/1217/3718 5818/1209/3719 5817/1208/3720 5816/1207/3721 5815/1206/3722 5814/1205/3723 5813/1204/3724 5812/1184/3672 5805/1203/3692 5804/1213/3725 5803/1212/3726 5802/1211/3727 5801/1218/3728 5800/1191/3679 5823/1190/3678 5822/1219/3729
f 5768/1211/3700 5783/1210/3699 5784/1217/3730 5785/1216/3731 5786/1215/3732 5787/1219/3733 5788/1189/3734 5789/1188/3735 5790/1214/3711 5762/1196/3710 5763/1195/3715 5764/1194/3736 5765/1193/3737 5766/1192/3738 5767/1218/3739
f 5760/1198/3708 5759/918/3707 5792/918/3687 5793/1198/3686
f 5776/1184/3714 5775/1186/3713 5810/1186/3674 5811/1185/3673 5812/1184/3672
f 5770/1213/3702 5769/1212/3701 5803/1212/3726 5804/1213/3725
f 5780/1207/3696 5779/1206/3695 5815/1206/3722 5816/1207/3721
f 5766/1192/3738 5765/1193/3737 5798/1193/3681 5799/1192/3680
f 5782/1209/3698 5781/1208/3697 5817/1208/3720 5818/1209/3719
f 5773/1200/3705 5772/1201/3704 5807/1201/3690 5808/1200/3689
f 5775/1186/3713 5791/1187/3712 5826/1187/3675 5810/1186/3674
f 5768/1211/3700 5767/1218/3739 5801/1218/3728 5802/1211/3727
f 5779/1206/3695 5778/1205/3694 5814/1205/3723 5815/1206/3722
f 5784/1217/3730 5783/1210/3699 5782/1209/3698 5818/1209/3719 5819/1217/3718
f 5785/1216/3731 5784/1217/3730 5819/1217/3718 5820/1216/3717
f 5774/1199/3706 5773/1200/3705 5808/1200/3689 5809/1199/3688
f 5789/1188/3735 5788/1189/3734 5824/1189/3677 5825/1188/3676
f 5764/1194/3736 5763/1195/3715 5796/1195/3683 5797/1194/3682
f 5788/1189/3734 5787/1219/3733 5822/1219/3729 5823/1190/3678 5824/1189/3677
f 5765/1193/3737 5764/1194/3736 5797/1194/3682 5798/1193/3681
f 5787/1219/3733 5786/1215/3732 5821/1215/3716 5822/1219/3729
f 5786/1215/3732 5785/1216/3731 5820/1216/3717 5821/1215/3716
f 5767/1218/3739 5766/1192/3738 5799/1192/3680 5800/1191/3679 5801/1218/3728
f 5772/1201/3704 5771/1202/3703 5806/1202/3691 5807/1201/3690
f 5777/1204/3693 5776/1184/3714 5812/1184/3672 5813/1204/3724
f 5769/1212/3701 5768/1211/3700 5802/1211/3727 5803/1212/3726
f 5759/918/3707 5774/1199/3706 5809/1199/3688 5792/918/3687
f 5778/1205/3694 5777/1204/3693 5813/1204/3724 5814/1205/3723
f 5771/1202/3703 5770/1213/3702 5804/1213/3725 5805/1203/3692 5806/1202/3691
f 5781/1208/3697 5780/1207/3696 5816/1207/3721 5817/1208/3720
f 5791/1187/3712 5790/1214/3711 5789/1188/3735 5825/1188/3676 5826/1187/3675
f 5761/1197/3709 5760/1198/3708 5793/1198/3686 5794/1197/3685
f 5762/1196/3710 5761/1197/3709 5794/1197/3685 5795/1196/3684
f 5827/890/3740 5828/891/3741 5830/323/3742 5829/351/3743
f 5829/351/3743 5830/323/3742 5834/289/3744 5833/293/3745
f 5833/293/3745 5834/289/3744 5832/36/3746 5831/98/3747
f 5831/98/3747 5832/36/3746 5828/268/3741 5827/297/3740
f 5829/341/3743 5833/293/3745 5831/98/3747 5827/167/3740
f 5834/289/3744 5830/374/3742 5828/235/3741 5832/36/3746
f 5835/1347/3748 5836/886/3749 5838/1354/3750 5837/374/3751
f 5837/374/3751 5838/1354/3750 5840/424/3752 5839/625/3753
f 5839/625/3753 5840/424/3752 5847/268/3754 5841/289/3755
f 5841/289/3755 5847/268/3754 5848/269/3756 5842/281/3757
f 5842/281/3757 5848/269/3756 5849/297/3758 5843/293/3759
f 5843/293/3759 5849/297/3758 5845/572/3760 5844/642/3761
f 5844/642/3761 5845/572/3760 5850/1368/3762 5846/341/3763
f 5846/341/3763 5850/1368/3762 5836/889/3749 5835/745/3748
f 5835/1407/3748 5837/1411/3751 5839/1415/3753 5841/1419/3755 5842/1423/3757 5843/1427/3759 5844/1431/3761 5846/1435/3763
f 5836/889/3749 5850/1368/3762 5858/1368/3764 5852/889/3765
f 5858/1368/3764 5857/572/3766 5865/572/3767 5866/1368/3768
f 5838/1354/3750 5836/886/3749 5852/886/3765 5851/1354/3769
f 5850/1368/3762 5845/572/3760 5857/572/3766 5858/1368/3764
f 5849/297/3758 5848/269/3756 5854/269/3770 5856/297/3771
f 5845/572/3760 5849/297/3758 5856/297/3771 5857/572/3766
f 5847/268/3754 5840/424/3752 5853/424/3772 5855/268/3773
f 5840/424/3752 5838/1354/3750 5851/1354/3769 5853/424/3772
f 5848/269/3756 5847/268/3754 5855/268/3773 5854/269/3770
f 5859/1402/3774 5860/1374/3775 5866/1378/3768 5865/1382/3767 5864/1386/3776 5862/1390/3777 5863/1394/3778 5861/1398/3779
f 5855/268/3773 5853/424/3772 5861/424/3779 5863/268/3778
f 5854/269/3770 5855/268/3773 5863/268/3778 5862/269/3777
f 5851/1354/3769 5852/886/3765 5860/886/3775 5859/1354/3774
f 5852/889/3765 5858/1368/3764 5866/1368/3768 5860/889/3775
f 5857/572/3766 5856/297/3771 5864/297/3776 5865/572/3767
f 5856/297/3771 5854/269/3770 5862/269/3777 5864/297/3776
f 5853/424/3772 5851/1354/3769 5859/1354/3774 5861/424/3779
f 5867/1347/3748 5868/886/3749 5870/1354/3750 5869/374/3751
f 5869/374/3751 5870/1354/3750 5872/424/3780 5871/625/3781
f 5871/625/3781 5872/424/3780 5879/268/3754 5873/289/3782
f 5873/289/3782 5879/268/3754 5880/269/3783 5874/281/3784
f 5874/281/3784 5880/269/3783 5881/297/3785 5875/293/3759
f 5875/293/3759 5881/297/3785 5877/572/3786 5876/642/3761
f 5876/642/3761 5877/572/3786 5882/1368/3787 5878/341/3788
f 5878/341/3788 5882/1368/3787 5868/889/3749 5867/745/3748
f 5867/1407/3748 5869/1411/3751 5871/1415/3781 5873/1419/3782 5874/1423/3784 5875/1427/3759 5876/1431/3761 5878/1435/3788
f 5868/889/3749 5882/1368/3787 5890/1368/3789 5884/889/3765
f 5890/1368/3789 5889/572/3766 5897/572/3767 5898/1368/3768
f 5870/1354/3750 5868/886/3749 5884/886/3765 5883/1354/3769
f 5882/1368/3787 5877/572/3786 5889/572/3766 5890/1368/3789
f 5881/297/3785 5880/269/3783 5886/269/3770 5888/297/3790
f 5877/572/3786 5881/297/3785 5888/297/3790 5889/572/3766
f 5879/268/3754 5872/424/3780 5885/424/3772 5887/268/3791
f 5872/424/3780 5870/1354/3750 5883/1354/3769 5885/424/3772
f 5880/269/3783 5879/268/3754 5887/268/3791 5886/269/3770
f 5891/1402/3774 5892/1374/3775 5898/1378/3768 5897/1382/3767 5896/1386/3776 5894/1390/3792 5895/1394/3778 5893/1398/3779
f 5887/268/3791 5885/424/3772 5893/424/3779 5895/268/3778
f 5886/269/3770 5887/268/3791 5895/268/3778 5894/269/3792
f 5883/1354/3769 5884/886/3765 5892/886/3775 5891/1354/3774
f 5884/889/3765 5890/1368/3789 5898/1368/3768 5892/889/3775
f 5889/572/3766 5888/297/3790 5896/297/3776 5897/572/3767
f 5888/297/3790 5886/269/3770 5894/269/3792 5896/297/3776
f 5885/424/3772 5883/1354/3769 5891/1354/3774 5893/424/3779
l 1502 868
l 853 847
