# Blender 5.1.0
# www.blender.org
mtllib hotel2.mtl
o SketchUp
v 1.898873 1.718691 -1.504540
v 1.898873 2.588522 -1.303810
v 1.898873 1.718691 -1.303810
v 1.898873 2.588522 -1.504540
v 1.770915 2.588522 -1.504540
v 1.898873 1.718691 -1.504540
v 1.770915 1.718691 -1.504540
v 1.898873 2.588522 -1.504540
v 1.898873 2.588522 -1.303810
v 1.770915 2.588522 -1.504540
v 1.770915 2.588522 -1.303810
v 1.898873 2.588522 -1.504540
v 1.898873 2.588522 -1.303810
v 1.770915 1.718691 -1.303810
v 1.898873 1.718691 -1.303810
v 1.770915 2.588522 -1.303810
v 1.770915 2.588522 -1.504540
v 1.770915 1.718691 -1.303810
v 1.770915 2.588522 -1.303810
v 1.770915 1.718691 -1.504540
vn 1.0000 -0.0000 -0.0000
vn -0.0000 -0.0000 -1.0000
vn -0.0000 1.0000 -0.0000
vn -0.0000 -0.0000 1.0000
vn -1.0000 -0.0000 -0.0000
vt 17.166410 19.609819
vt 14.876140 29.534359
vt 14.876140 19.609819
vt 17.166410 29.534359
vt -20.205679 29.534359
vt -21.665649 19.609819
vt -20.205679 19.609819
vt -21.665649 29.534359
vt 21.665649 14.876140
vt 20.205679 17.166410
vt 20.205679 14.876140
vt 21.665649 17.166410
vt 21.665649 29.534359
vt 20.205679 19.609819
vt 21.665649 19.609819
vt 20.205679 29.534359
vt -17.166410 29.534359
vt -14.876140 19.609819
vt -14.876140 29.534359
vt -17.166410 19.609819
s 1
usemtl Granite_Brown
f 1/1/1 2/2/1 3/3/1
f 2/2/1 1/1/1 4/4/1
f 5/5/2 6/6/2 7/7/2
f 6/6/2 5/5/2 8/8/2
f 9/9/3 10/10/3 11/11/3
f 10/10/3 9/9/3 12/12/3
f 13/13/4 14/14/4 15/15/4
f 14/14/4 13/13/4 16/16/4
f 17/17/5 18/18/5 19/19/5
f 18/18/5 17/17/5 20/20/5
o SketchUp.001
v 1.898873 1.718691 -1.504540
v 1.770915 1.718691 -1.303810
v 1.770915 1.718691 -1.504540
v 1.898873 1.718691 -1.303810
vn -0.0000 -1.0000 -0.0000
vt -21.665649 17.166410
vt -20.205679 14.876140
vt -20.205679 17.166410
vt -21.665649 14.876140
s 1
usemtl Wood_Floor_Parquet
f 21/21/6 22/22/6 23/23/6
f 22/22/6 21/21/6 24/24/6
o SketchUp.002
v 1.886896 -0.000000 -0.128455
v 1.651107 0.000000 0.000000
v 1.651107 -0.000000 -0.128455
v 1.886896 0.000000 0.000000
v 1.651107 0.000000 0.085768
v 1.886896 0.000000 0.085768
v 0.949987 -0.000000 -1.856118
v 0.000000 -0.000000 -0.150552
v 0.000000 -0.000000 -1.856118
v 0.156326 -0.000000 -0.150552
v 0.156326 0.000000 0.000000
v 0.208884 0.000000 0.000000
v 0.208884 0.000000 0.008626
v 0.778227 0.000000 0.000000
v 0.827102 -0.000000 -0.150100
v 0.949987 -0.000000 -1.837427
v 1.062891 -0.000000 -0.150100
v 1.773086 -0.000000 -1.837427
v 1.062891 0.000000 0.000000
v 1.179264 0.000000 0.000000
v 1.179264 0.000000 0.005751
v 1.356106 0.000000 0.005751
v 1.532947 0.000000 0.000000
v 1.651107 -0.000000 -0.128455
v 1.886896 -0.000000 -0.128455
v 1.944446 0.000000 0.000000
v 1.886896 0.000000 0.000000
v 2.723073 -0.000000 -1.856118
v 1.773086 -0.000000 -1.856118
v 1.944446 0.000000 0.014377
v 2.513790 0.000000 0.000000
v 2.563407 -0.000000 -0.151152
v 2.723073 -0.000000 -0.151152
v 2.563407 0.000000 0.000000
v 2.513790 0.000000 0.014377
v 1.651107 0.000000 0.000000
v 1.532947 0.000000 0.005751
v 0.827102 0.000000 0.000000
v 0.778227 0.000000 0.008626
v 1.651107 2.032959 -0.128455
v 1.886896 -0.000000 -0.128455
v 1.651107 -0.000000 -0.128455
v 1.886896 2.086156 -0.128455
v 1.651107 2.086156 -0.128455
v 1.062891 -0.000000 -0.150100
v 0.827102 0.000000 0.000000
v 0.827102 -0.000000 -0.150100
v 1.062891 0.000000 0.000000
v 0.778227 0.000000 0.000000
v 0.778227 0.311431 0.008626
v 0.778227 0.000000 0.008626
v 0.778227 0.311431 -0.000000
v 0.497734 0.302533 0.008626
v 0.490181 0.080947 0.008626
v 0.497734 0.080947 0.008626
v 0.490181 0.302533 0.008626
v 0.360165 0.302533 0.008626
v 0.349795 0.302533 0.008626
v 0.217322 0.302533 0.008626
v 0.628707 0.302533 0.008626
v 0.778227 0.000000 0.008626
v 0.767577 0.080947 0.008626
v 0.208884 0.000000 0.008626
v 0.778227 0.311431 0.008626
v 0.217322 0.080947 0.008626
v 0.767577 0.302533 0.008626
v 0.639691 0.302533 0.008626
v 0.208884 0.311431 0.008626
v 0.628707 0.080947 0.008626
v 0.639691 0.080947 0.008626
v 0.349795 0.080947 0.008626
v 0.360165 0.080947 0.008626
v 0.208884 0.311431 -0.000000
v 0.208884 0.000000 0.008626
v 0.208884 0.311431 0.008626
v 0.208884 0.000000 0.000000
v 0.156326 -0.000000 -0.150552
v 0.000000 0.000000 0.000000
v 0.000000 -0.000000 -0.150552
v 0.156326 0.000000 0.000000
v 0.949987 -0.000000 -4.420946
v 0.000000 -0.000000 -1.856118
v 0.000000 -0.000000 -4.420946
v 0.949987 -0.000000 -1.856118
v 0.000000 2.032959 -1.856118
v 0.949987 -0.000000 -1.856118
v 0.000000 -0.000000 -1.856118
v 0.949987 2.032959 -1.856118
v 0.949987 -0.000000 -1.856118
v 0.949987 2.032959 -1.837427
v 0.949987 -0.000000 -1.837427
v 0.949987 2.032959 -1.856118
v 1.773086 2.032959 -1.856118
v 1.773086 -0.000000 -1.837427
v 1.773086 2.032959 -1.837427
v 1.773086 -0.000000 -1.856118
v 1.773086 2.032959 -1.856118
v 2.723073 -0.000000 -1.856118
v 1.773086 -0.000000 -1.856118
v 2.723073 2.032959 -1.856118
v 2.723073 -0.000000 -4.422385
v 1.773086 -0.000000 -1.856118
v 1.773086 -0.000000 -4.422385
v 2.723073 -0.000000 -1.856118
v 2.723073 -0.000000 -0.151152
v 2.563407 0.000000 0.000000
v 2.563407 -0.000000 -0.151152
v 2.723073 0.000000 0.000000
v 2.513790 0.000000 0.000000
v 2.513790 0.311431 0.014377
v 2.513790 0.000000 0.014377
v 2.513790 0.311431 -0.000000
v 2.233296 0.302533 0.014377
v 2.225743 0.080947 0.014377
v 2.233296 0.080947 0.014377
v 2.225743 0.302533 0.014377
v 2.095728 0.302533 0.014377
v 2.085357 0.302533 0.014377
v 1.952884 0.302533 0.014377
v 2.364270 0.302533 0.014377
v 2.513790 0.000000 0.014377
v 2.503140 0.080947 0.014377
v 1.944446 0.000000 0.014377
v 2.513790 0.311431 0.014377
v 1.952884 0.080947 0.014377
v 2.503140 0.302533 0.014377
v 2.375254 0.302533 0.014377
v 1.944446 0.311431 0.014377
v 2.364270 0.080947 0.014377
v 2.375254 0.080947 0.014377
v 2.085357 0.080947 0.014377
v 2.095728 0.080947 0.014377
v 1.944446 0.311431 -0.000000
v 1.944446 0.000000 0.014377
v 1.944446 0.311431 0.014377
v 1.944446 0.000000 0.000000
v 1.532947 0.000000 0.005751
v 1.532947 0.362310 -0.000000
v 1.532947 0.362310 0.005751
v 1.532947 0.000000 0.000000
v 1.179264 0.362310 -0.000000
v 1.179264 0.000000 0.005751
v 1.179264 0.362310 0.005751
v 1.179264 0.000000 0.000000
v 1.062891 0.000000 0.000000
v 0.827102 0.000000 0.085070
v 0.827102 0.000000 0.000000
v 1.062891 0.000000 0.085070
v 0.827102 2.032959 -0.150100
v 1.062891 -0.000000 -0.150100
v 0.827102 -0.000000 -0.150100
v 1.062891 2.032959 -0.150100
v 0.778227 0.311431 0.008626
v 0.208884 0.311431 -0.000000
v 0.208884 0.311431 0.008626
v 0.778227 0.311431 -0.000000
v 0.000000 -0.000000 -0.150552
v -0.079463 0.000000 0.085237
v -0.079463 -0.000000 -0.150552
v 0.000000 0.000000 0.000000
v 0.156326 0.000000 0.085237
v 0.156326 0.000000 0.000000
v 2.799195 -0.000000 -0.151152
v 2.563407 0.000000 0.084637
v 2.799195 0.000000 0.084637
v 2.513790 0.311431 0.014377
v 1.944446 0.311431 -0.000000
v 1.944446 0.311431 0.014377
v 2.513790 0.311431 -0.000000
v 1.532947 0.362310 0.005751
v 1.356106 0.362310 -0.000000
v 1.356106 0.362310 0.005751
v 1.532947 0.362310 -0.000000
v 1.179264 0.362310 -0.000000
v 1.179264 0.362310 0.005751
v 1.062891 2.032959 -0.139324
v 0.827102 2.032959 -0.150100
v 0.827102 2.032959 -0.139324
v 1.062891 2.032959 -0.150100
v 0.323789 2.032959 -0.139324
v 0.156326 2.032959 -0.150552
v 0.156326 2.032959 -0.139324
v 1.148815 2.032959 -0.139324
v 1.062891 2.032959 -0.150100
v 1.062891 2.032959 -0.139324
v 0.000000 2.032959 -0.912654
v 0.000000 2.032959 -0.150552
v 2.723073 2.032959 -0.912654
v 0.659354 2.032959 -0.139324
v 0.827102 2.032959 -0.150100
v 0.827102 2.032959 -0.139324
v 1.246708 2.032959 -0.261478
v 1.201025 2.032959 -0.226423
v 1.165970 2.032959 -0.180740
v 1.299908 2.032959 -0.283514
v 1.356999 2.032959 -0.291030
v 1.414090 2.032959 -0.283514
v 1.467289 2.032959 -0.261478
v 1.512973 2.032959 -0.226423
v 1.548028 2.032959 -0.180740
v 1.565183 2.032959 -0.139324
v 2.065443 2.032959 -0.139324
v 2.401008 2.032959 -0.139324
v 2.563407 2.032959 -0.151152
v 2.563407 2.032959 -0.139324
v 2.723073 2.032959 -0.151152
v 1.148276 2.032959 -0.138023
v 1.062891 2.032959 -0.139324
v 1.062891 2.032959 -0.138023
v 1.148815 2.032959 -0.139324
v 1.565183 2.032959 -0.139324
v 1.165970 2.032959 -0.180740
v 1.148815 2.032959 -0.139324
v 1.201025 2.032959 -0.226423
v 1.246708 2.032959 -0.261478
v 1.299908 2.032959 -0.283514
v 1.356999 2.032959 -0.291030
v 1.414090 2.032959 -0.283514
v 1.467289 2.032959 -0.261478
v 1.512973 2.032959 -0.226423
v 1.548028 2.032959 -0.180740
v 2.401008 2.091907 -0.139324
v 2.563407 2.032959 -0.139324
v 2.401008 2.032959 -0.139324
v 2.563407 2.091907 -0.139324
v 2.698632 2.032959 -0.139324
v 2.563407 2.032959 -0.151152
v 2.563407 2.032959 -0.139324
v 2.723073 2.032959 -0.151152
v 2.723073 2.032959 -0.139324
v 2.723073 2.032959 -0.912654
v 0.000000 2.032959 -1.685984
v 0.000000 2.032959 -0.912654
v 0.047446 2.032959 -1.685984
v 2.698632 2.032959 -1.685984
v 2.723073 2.032959 -1.685984
v 2.723073 2.562488 -0.912654
v 0.000000 2.032959 -0.912654
v 2.723073 2.032959 -0.912654
v 0.000000 2.562488 -0.912654
v 2.698632 2.562488 -0.912654
v 0.050824 2.562488 -0.912654
v 0.000000 2.032959 -0.139324
v 0.156326 2.032959 -0.150552
v 0.000000 2.032959 -0.150552
v 0.156326 2.032959 -0.139324
v 1.099655 2.032959 -0.000000
v 1.062891 2.032959 -0.138023
v 1.062891 2.032959 -0.000000
v 1.099655 2.032959 -0.014377
v 1.143934 2.032959 -0.127540
v 1.148276 2.032959 -0.138023
v 1.136418 2.032959 -0.070449
v 1.136418 2.032959 -0.014377
v 1.136418 2.032959 -0.027317
v 1.356999 2.032959 -0.138023
v 1.148815 2.032959 -0.139324
v 1.148276 2.032959 -0.138023
v 1.565183 2.032959 -0.139324
v 1.565722 2.032959 -0.138023
v 1.062891 2.032959 -0.139324
v 1.062891 2.094782 -0.138023
v 1.062891 2.032959 -0.138023
v 1.062891 2.094782 -0.139324
v 2.401008 2.091907 -0.139324
v 2.401008 2.032959 -0.000000
v 2.401008 2.091907 -0.000000
v 2.401008 2.032959 -0.139324
v 2.698632 2.032959 -0.139324
v 2.698632 2.091907 -0.139324
v 2.799195 2.032959 -0.151152
v 2.723073 2.032959 -0.139324
v 2.723073 2.091907 -0.139324
v 2.723073 2.562488 -0.912654
v 2.698632 2.032959 -0.139324
v 2.698632 2.562488 -0.912654
v 2.723073 2.032959 -0.139324
v 2.698632 2.562488 -0.912654
v 2.723073 2.032959 -1.685984
v 2.698632 2.032959 -1.685984
v 2.723073 2.562488 -0.912654
v 0.000000 2.032959 -0.139324
v 0.000000 2.032959 -0.150552
v -0.079463 2.032959 -0.150552
v 2.723073 2.091907 -0.000000
v 2.401008 2.032959 -0.000000
v 2.723073 2.032959 -0.000000
v 2.401008 2.091907 -0.000000
v 2.563407 2.091907 -0.000000
v 2.065443 2.086156 -0.000000
v 1.651107 2.032959 -0.000000
v 2.065443 2.032959 -0.000000
v 1.651107 2.086156 -0.000000
v 1.886896 2.086156 -0.000000
v 0.000000 2.007479 -0.000000
v 2.723073 2.007479 -0.000000
v 0.659354 2.032959 -0.000000
v 1.062891 2.032959 -0.000000
v 0.659354 2.091907 -0.000000
v 2.387280 2.032959 -0.000000
v 2.079171 2.032959 -0.000000
v 1.614343 2.032959 -0.000000
v 1.356999 2.032959 -0.000000
v 1.099655 2.032959 -0.000000
v 1.062891 2.091907 -0.000000
v 0.827102 2.091907 -0.000000
v 0.645626 2.032959 -0.000000
v 0.608171 2.032959 -0.000000
v 0.337517 2.032959 -0.000000
v 0.628677 2.032959 -0.000000
v 0.618235 2.032959 -0.000000
v 2.349824 2.032959 -0.000000
v 2.370331 2.032959 -0.000000
v 2.359889 2.032959 -0.000000
v 2.116911 2.032959 -0.000000
v 2.096405 2.032959 -0.000000
v 2.336885 2.032959 -0.000000
v 2.129851 2.032959 -0.000000
v 2.106847 2.032959 -0.000000
v 0.491714 2.032959 -0.000000
v 0.388197 2.032959 -0.000000
v 0.595231 2.032959 -0.000000
v 0.375257 2.032959 -0.000000
v 0.354751 2.032959 -0.000000
v 0.365193 2.032959 -0.000000
v 0.323789 2.032959 -0.000000
v 0.000000 2.032959 -0.000000
v 0.323789 2.100533 -0.000000
v 0.000000 2.100533 -0.000000
v 0.156326 2.100533 -0.000000
v 1.565183 2.086156 -0.139324
v 1.565722 2.032959 -0.138023
v 1.565722 2.086156 -0.138023
v 1.565183 2.032959 -0.139324
v 2.401008 2.032959 0.007189
v 2.401008 2.091907 0.007189
v 2.798555 2.032959 -0.000000
v 2.723073 2.032959 -0.000000
v 2.799195 2.032959 -0.000000
v 2.723073 2.032959 -0.139324
v 2.723073 2.091907 -0.000000
v 2.723073 2.032959 -0.000000
v 2.723073 2.091907 -0.139324
v 2.698632 2.586990 -0.929431
v 2.723073 2.562488 -0.912654
v 2.698632 2.562488 -0.912654
v 2.723073 2.586990 -0.929431
v -0.079463 2.032959 -0.000000
v 0.000000 2.032959 -0.139324
v -0.079463 2.032959 -0.150552
v 0.000000 2.032959 -0.000000
v 1.614343 2.032959 -0.014377
v 1.577580 2.032959 -0.027317
v 1.577580 2.032959 -0.014377
v 1.577580 2.032959 -0.070449
v 1.651107 2.032959 -0.000000
v 1.614343 2.032959 -0.000000
v 1.570064 2.032959 -0.127540
v 1.651107 2.032959 -0.138023
v 1.565722 2.032959 -0.138023
v 1.651107 2.032959 -0.128455
v 0.659354 2.091907 -0.000000
v 0.827102 2.091907 0.004313
v 0.659354 2.091907 0.004313
v 0.827102 2.091907 -0.000000
v 0.323789 2.032959 -0.000000
v 0.323789 2.100533 -0.139324
v 0.323789 2.100533 -0.000000
v 0.323789 2.032959 -0.139324
v 0.000000 2.100533 -0.000000
v 0.000000 2.032959 -0.139324
v 0.000000 2.032959 -0.000000
v 0.000000 2.100533 -0.139324
v 2.401008 2.032959 0.007189
v 2.387280 2.032959 -0.000000
v 2.387280 2.032959 0.007189
v 2.401008 2.032959 -0.000000
v 2.563407 2.091907 0.007189
v 2.401008 2.032959 0.007189
v 2.563407 2.032959 0.007189
v 2.401008 2.091907 0.007189
v 2.401008 2.032959 0.022956
v 2.401008 2.032959 0.084677
v 2.799195 1.981639 -0.151152
v 2.799195 2.032959 0.084637
v 2.799195 1.981639 0.084637
v 2.799195 2.032959 0.022956
v 2.799195 2.032959 -0.000000
v 2.799195 2.032959 -0.151152
v 2.724499 2.032959 0.007189
v 2.739706 2.032959 0.022956
v 2.798555 2.032959 0.022956
v 2.799195 2.032959 0.022956
v 2.723073 2.032959 -0.000000
v 2.724499 2.091907 0.007189
v 2.724499 2.032959 0.007189
v 2.723073 2.091907 -0.000000
v -0.079463 2.032959 0.022956
v -0.079463 1.981639 0.085237
v -0.079463 2.032959 0.085237
v -0.079463 1.981639 -0.150552
v -0.079463 2.032959 -0.000000
v -0.079463 2.032959 -0.150552
v 0.156326 2.032959 0.022956
v -0.079463 2.032959 -0.000000
v -0.079463 2.032959 0.022956
v 0.000000 2.032959 0.004313
v 0.156326 2.032959 0.004313
v 0.000000 2.032959 -0.000000
v 1.651107 2.086156 -0.138023
v 1.651107 2.032959 -0.128455
v 1.651107 2.086156 -0.128455
v 1.651107 2.032959 -0.138023
v 0.323789 2.032959 0.004313
v 0.323789 2.100533 -0.000000
v 0.323789 2.100533 0.004313
v 0.323789 2.032959 -0.000000
v 0.000000 2.100533 -0.000000
v 0.000000 2.032959 0.004313
v 0.000000 2.100533 0.004313
v 0.000000 2.032959 -0.000000
v 0.000000 2.100533 -0.139324
v 0.047445 2.032959 -0.139103
v 0.000000 2.032959 -0.139324
v 0.047445 2.100533 -0.139103
v 2.563407 2.032959 0.022956
v 2.401008 2.032959 0.022956
v 2.563407 2.032959 0.007189
v 2.724499 2.091907 0.007189
v 2.563407 2.032959 0.007189
v 2.724499 2.032959 0.007189
v 2.563407 2.091907 0.007189
v 2.563407 2.091907 0.007189
v 2.563407 2.032959 0.022956
v 2.563407 2.032959 0.084637
v 2.563407 2.032959 0.007189
v 2.799195 2.032959 0.084637
v 2.563407 1.981639 0.084637
v 2.799195 1.981639 0.084637
v 2.563407 1.993503 0.084637
v 2.563407 2.032959 0.084637
v 2.799195 2.032959 0.084637
v 2.739706 2.032959 0.022956
v 2.724499 2.091907 0.007189
v 2.799195 2.032959 0.084637
v 2.724499 2.032959 0.007189
v 2.798555 2.032959 0.022956
v 2.563407 2.007479 0.022956
v 2.798555 2.007479 0.022956
v 1.651107 2.007479 0.022956
v 1.062891 2.007479 0.022956
v 0.827102 2.007479 0.022956
v 0.156326 2.007479 0.022956
v -0.082669 2.007479 0.022956
v 0.659354 2.032959 0.022956
v 0.827102 2.032959 0.022956
v 2.739706 2.032959 0.022956
v 2.563407 2.032959 0.022956
v 2.401008 2.032959 0.022956
v 2.065443 2.032959 0.022956
v 1.886896 2.032959 0.022956
v 1.651107 2.032959 0.022956
v 1.062891 2.032959 0.022956
v 0.323789 2.032959 0.022956
v -0.082669 2.032959 0.022956
v 0.156326 2.032959 0.022956
v -0.079463 2.032959 0.022956
v 2.798555 2.007479 -0.000000
v 2.798555 2.032959 0.022956
v 2.798555 2.007479 0.022956
v 2.798555 2.032959 -0.000000
v 2.723073 2.032959 -0.000000
v 2.798555 2.007479 -0.000000
v 2.723073 2.007479 -0.000000
v 2.798555 2.032959 -0.000000
v 0.156326 1.993367 0.085237
v -0.079463 1.981639 0.085237
v 0.156326 1.981639 0.085237
v -0.079463 2.032959 0.085237
v 0.156326 2.032959 0.085237
v 0.156326 2.032959 0.085237
v -0.079463 2.032959 0.022956
v -0.079463 2.032959 0.085237
v 0.156326 2.032959 0.022956
v 0.323789 2.032959 0.022956
v 0.156326 2.032959 0.004313
v 0.156326 2.032959 0.022956
v 0.323789 2.032959 0.004313
v 0.156326 2.032959 0.004313
v 0.000000 2.100533 0.004313
v 0.000000 2.032959 0.004313
v 0.156326 2.100533 0.004313
v -0.082669 2.032959 -0.000000
v 0.000000 2.007479 -0.000000
v -0.082669 2.007479 -0.000000
v 0.000000 2.032959 -0.000000
v -0.079463 2.032959 -0.000000
v -0.079463 2.032959 0.022956
v -0.082669 2.032959 -0.000000
v -0.082669 2.032959 0.022956
v -0.079463 2.032959 -0.000000
v 1.644104 2.086156 -0.138023
v 1.651107 2.032959 -0.138023
v 1.651107 2.086156 -0.138023
v 0.337517 2.032959 0.004313
v 0.323789 2.032959 -0.000000
v 0.323789 2.032959 0.004313
v 0.337517 2.032959 -0.000000
v 0.323789 2.100533 0.004313
v 0.156326 2.032959 0.004313
v 0.323789 2.032959 0.004313
v 0.156326 2.100533 0.004313
v 0.323789 2.032959 0.022956
v 0.323789 2.100533 0.004313
v 0.323789 2.032959 0.085195
v 0.323789 2.032959 0.004313
v 0.047445 2.032959 -0.139103
v 0.003607 2.598432 -0.912654
v 0.000000 2.032959 -0.139324
v 0.051051 2.598432 -0.912432
v 2.563407 2.032959 0.084637
v 2.401008 2.032959 0.084677
v 2.065443 2.032959 0.022956
v 1.886896 2.032959 0.007189
v 1.886896 2.032959 0.022956
v 2.065443 2.032959 0.007189
v 1.651107 2.032959 0.007189
v 1.651107 2.032959 0.022956
v 1.062891 2.032959 0.022956
v 0.827102 2.032959 0.004313
v 0.827102 2.032959 0.022956
v 1.062891 2.032959 0.004313
v 0.827102 2.032959 0.022956
v 0.659354 2.032959 0.004313
v 0.659354 2.032959 0.022956
v 0.827102 2.032959 0.004313
v 0.000000 2.007479 -0.000000
v -0.082669 2.007479 0.022956
v -0.082669 2.007479 -0.000000
v 0.156326 2.007479 0.022956
v 2.723073 2.007479 -0.000000
v 0.827102 2.007479 0.022956
v 1.062891 2.007479 0.022956
v 1.651107 2.007479 0.022956
v 2.563407 2.007479 0.022956
v 2.798555 2.007479 0.022956
v 2.798555 2.007479 -0.000000
v 0.156326 2.032959 0.085237
v 0.323789 2.032959 0.022956
v 0.156326 2.032959 0.022956
v 0.323789 2.032959 0.085195
v 0.156326 2.032959 0.022956
v 0.156326 2.100533 0.004313
v 0.156326 2.032959 0.085237
v 0.156326 2.032959 0.004313
v 2.065443 2.032959 0.084761
v 1.886896 2.032959 0.022956
v 1.886896 2.032959 0.084805
v 2.065443 2.032959 0.022956
v 2.065443 2.086156 0.007189
v 1.886896 2.032959 0.007189
v 2.065443 2.032959 0.007189
v 1.886896 2.086156 0.007189
v 1.886896 2.032959 0.084805
v 1.886896 2.086156 0.007189
v 1.886896 2.032959 0.085768
v 1.886896 2.032959 0.022956
v 1.886896 2.032959 0.007189
v 1.886896 2.086156 0.007189
v 1.651107 2.032959 0.007189
v 1.886896 2.032959 0.007189
v 1.651107 2.086156 0.007189
v 1.886896 2.032959 0.084805
v 1.651107 2.032959 0.022956
v 1.651107 2.032959 0.084864
v 1.886896 2.032959 0.022956
v 1.062891 2.091907 0.004313
v 0.827102 2.032959 0.004313
v 1.062891 2.032959 0.004313
v 0.827102 2.091907 0.004313
v 0.827102 2.032959 0.085070
v 1.062891 2.032959 0.022956
v 0.827102 2.032959 0.022956
v 1.062891 2.032959 0.085011
v 0.827102 2.032959 0.004313
v 0.659354 2.091907 0.004313
v 0.659354 2.032959 0.004313
v 0.827102 2.091907 0.004313
v 0.827102 2.032959 0.085070
v 0.659354 2.032959 0.022956
v 0.659354 2.032959 0.085112
v 0.827102 2.032959 0.022956
v 0.827102 2.091907 0.004313
v 0.827102 2.032959 0.022956
v 0.827102 2.032959 0.085070
v 0.827102 2.032959 0.004313
v 2.065443 2.032959 0.084761
v 1.886896 2.032959 0.084805
v 1.886896 2.032959 0.085768
v 2.225151 1.981639 0.136996
v 1.886896 2.032959 0.084805
v 1.886896 2.032959 0.085768
v 1.886896 2.032959 0.085768
v 1.651107 2.032959 0.084864
v 1.651107 2.032959 0.085768
v 1.886896 2.032959 0.084805
v 1.062891 2.091907 0.004313
v 0.827102 2.091907 -0.000000
v 0.827102 2.091907 0.004313
v 1.062891 2.091907 -0.000000
v 1.062891 2.032959 0.085011
v 0.827102 2.032959 0.085070
v 1.062891 2.032959 0.085070
v 0.659354 2.091907 -0.000000
v 0.659354 2.032959 0.004313
v 0.659354 2.091907 0.004313
v 0.659354 2.032959 -0.000000
v 1.651107 2.032959 0.085768
v 1.062891 2.032959 0.085011
v 1.062891 2.032959 0.085070
v 1.651107 2.032959 0.084864
v 0.659354 2.032959 0.004313
v 0.645626 2.032959 -0.000000
v 0.645626 2.032959 0.004313
v 0.659354 2.032959 -0.000000
vn -0.0000 -1.0000 -0.0000
vn -0.0000 -0.0000 -1.0000
vn 1.0000 -0.0000 -0.0000
vn -0.0000 -0.0000 1.0000
vn -0.0000 1.0000 -0.0000
vn -1.0000 -0.0000 -0.0000
vn -0.0000 1.0000 0.0001
vn -0.0000 1.0000 -0.0001
vn -0.0000 -0.8251 -0.5650
vn -0.0000 0.8251 -0.5650
vn -0.9239 -0.0000 0.3827
vn -0.0000 -0.5650 -0.8251
vn -0.0000 -0.0000 -0.0000
vn 0.9810 -0.0000 -0.1942
vn 0.9809 -0.0000 -0.1946
vn 0.0047 -0.0000 -1.0000
vn 0.7198 -0.0000 -0.6942
vn -0.0028 0.8072 0.5902
vn -0.0027 0.8072 0.5902
vn -0.0000 -1.0000 -0.0001
vn 1.0000 0.0005 -0.0000
vn 1.0000 0.0002 -0.0000
vn 0.1500 0.9887 -0.0000
vt -21.528990 1.465639
vt -18.838699 0.000000
vt -18.838699 1.465639
vt -21.528990 -0.000000
vt -18.838699 -0.978587
vt -21.528990 -0.978587
vt -10.839100 21.177820
vt 0.000000 1.717754
vt 0.000000 21.177820
vt -1.783640 1.717754
vt -1.783640 0.000000
vt -2.383308 0.000000
vt -2.383308 -0.098425
vt -8.879371 0.000000
vt -9.437019 1.712608
vt -10.839100 20.964569
vt -12.127310 1.712608
vt -20.230450 20.964569
vt -12.127310 0.000000
vt -13.455100 0.000000
vt -13.455100 -0.065617
vt -15.472810 -0.065617
vt -17.490530 0.000000
vt -22.185629 -0.000000
vt -31.069550 21.177820
vt -20.230450 21.177820
vt -22.185629 -0.164042
vt -28.681690 -0.000000
vt -29.247799 1.724606
vt -31.069550 1.724606
vt -29.247799 -0.000000
vt -28.681690 -0.164042
vt -17.490530 -0.065617
vt -9.437019 0.000000
vt -8.879371 -0.098425
vt -18.838699 23.195539
vt -21.528990 23.802490
vt -18.838699 23.802490
vt 0.000000 0.000000
vt -0.098425 3.553346
vt -0.098425 0.000000
vt 0.000000 3.553346
vt 5.679013 3.451828
vt 5.592832 0.923588
vt 5.679013 0.923588
vt 5.592832 3.451828
vt 4.109392 3.451828
vt 3.991064 3.451828
vt 2.479583 3.451828
vt 7.173380 3.451828
vt 8.879371 0.000000
vt 8.757853 0.923588
vt 2.383308 0.000000
vt 8.879371 3.553346
vt 2.479583 0.923588
vt 8.757853 3.451828
vt 7.298708 3.451828
vt 2.383308 3.553346
vt 7.173380 0.923588
vt 7.298708 0.923588
vt 3.991064 0.923588
vt 4.109392 0.923588
vt 0.098425 0.000000
vt 0.098425 3.553346
vt -10.839100 50.441849
vt 0.000000 50.441849
vt 0.000000 23.195539
vt -10.839100 0.000000
vt -10.839100 23.195539
vt 21.177820 0.000000
vt 20.964569 23.195539
vt 20.964569 0.000000
vt 21.177820 23.195539
vt -21.177820 23.195539
vt -20.964569 0.000000
vt -20.964569 23.195539
vt -21.177820 0.000000
vt -20.230450 23.195539
vt -31.069550 0.000000
vt -20.230450 0.000000
vt -31.069550 23.195539
vt -31.069550 50.458248
vt -20.230450 50.458248
vt -0.164042 3.553346
vt -0.164042 0.000000
vt 25.481329 3.451828
vt 25.395149 0.923588
vt 25.481329 0.923588
vt 25.395149 3.451828
vt 23.911709 3.451828
vt 23.793379 3.451828
vt 22.281898 3.451828
vt 26.975698 3.451828
vt 28.681690 0.000000
vt 28.560169 0.923588
vt 22.185629 0.000000
vt 28.681690 3.553346
vt 22.281898 0.923588
vt 28.560169 3.451828
vt 27.101028 3.451828
vt 22.185629 3.553346
vt 26.975698 0.923588
vt 27.101028 0.923588
vt 23.793379 0.923588
vt 23.911709 0.923588
vt 0.164042 0.000000
vt 0.164042 3.553346
vt -0.065617 0.000000
vt 0.000000 4.133858
vt -0.065617 4.133858
vt 0.065617 0.000000
vt 0.065617 4.133858
vt -9.437019 -0.970625
vt -12.127310 -0.970625
vt -9.437019 23.195539
vt -12.127310 23.195539
vt 8.879371 -0.098425
vt 2.383308 -0.098425
vt 0.906648 -0.972534
vt 0.906648 1.717754
vt -1.783640 -0.972534
vt -31.938089 1.724606
vt -29.247799 -0.965683
vt -31.938089 -0.965683
vt 28.681690 -0.164042
vt 22.185629 -0.164042
vt 17.490530 -0.065617
vt 15.472810 0.000000
vt 15.472810 -0.065617
vt 17.490530 0.000000
vt 13.455100 0.000000
vt 13.455100 -0.065617
vt 12.127310 1.589650
vt 9.437019 1.712608
vt 9.437019 1.589650
vt 12.127310 1.712608
vt 3.694352 1.589650
vt 1.783640 1.717754
vt 1.783640 1.589650
vt 13.107679 1.589650
vt -0.000000 10.413139
vt 31.069550 10.413139
vt 7.523059 1.589650
vt 14.224620 2.983394
vt 13.703380 2.583432
vt 13.303410 2.062191
vt 14.831610 3.234820
vt 15.483001 3.320577
vt 16.134390 3.234820
vt 16.741390 2.983394
vt 17.262630 2.583432
vt 17.662590 2.062191
vt 17.858320 1.589650
vt 23.566170 1.589650
vt 27.394869 1.589650
vt 29.247799 1.724606
vt 29.247799 1.589650
vt 31.069550 1.724606
vt 13.101530 1.574803
vt 12.127310 1.574803
vt -27.394869 23.868109
vt -29.247799 23.195539
vt -27.394869 23.195539
vt -29.247799 23.868109
vt 30.790680 1.589650
vt 31.069550 1.589650
vt 0.000000 19.236629
vt 0.541350 19.236629
vt 30.790680 19.236629
vt 31.069550 19.236629
vt 31.069550 29.237320
vt 31.069550 23.195539
vt 0.000000 29.237320
vt 30.790680 29.237320
vt 0.579885 29.237320
vt 0.000000 1.589650
vt 12.546770 0.000000
vt 12.127310 0.000000
vt 12.546770 0.164042
vt 13.051990 1.455194
vt 12.966229 0.803806
vt 12.966229 0.164042
vt 12.966229 0.311680
vt 15.483001 1.574803
vt 17.864470 1.574803
vt 1.589650 23.195539
vt 1.574803 23.900919
vt 1.574803 23.195539
vt 1.589650 23.900919
vt -1.589650 23.868109
vt -0.000000 23.868109
vt -1.589650 23.195539
vt -30.790680 23.195539
vt -30.790680 23.868109
vt 31.938089 1.724606
vt -31.069550 23.868109
vt -31.069550 25.110439
vt -30.790680 14.416650
vt -30.790680 25.110439
vt -31.069550 14.416650
vt -30.790680 7.926587
vt -31.069550 -2.767203
vt -30.790680 -2.767203
vt -31.069550 7.926587
vt -0.906648 1.717754
vt 31.069550 23.868109
vt 27.394869 23.195539
vt 27.394869 23.868109
vt 29.247799 23.868109
vt 23.566170 23.802490
vt 18.838699 23.195539
vt 23.566170 23.195539
vt 18.838699 23.802490
vt 21.528990 23.802490
vt -0.000000 22.904810
vt 31.069550 22.904810
vt 7.523059 23.195539
vt 12.127310 23.195539
vt 7.523059 23.868109
vt 27.238239 23.195539
vt 23.722790 23.195539
vt 18.419239 23.195539
vt 15.483001 23.195539
vt 12.546770 23.195539
vt 12.127310 23.868109
vt 9.437019 23.868109
vt 7.366430 23.195539
vt 6.939070 23.195539
vt 3.850981 23.195539
vt 7.173039 23.195539
vt 7.053899 23.195539
vt 26.810879 23.195539
vt 27.044849 23.195539
vt 26.925709 23.195539
vt 24.153399 23.195539
vt 23.919430 23.195539
vt 26.663250 23.195539
vt 24.301039 23.195539
vt 24.038568 23.195539
vt 5.610330 23.195539
vt 4.429227 23.195539
vt 6.791432 23.195539
vt 4.281589 23.195539
vt 4.047620 23.195539
vt 4.166760 23.195539
vt 3.694352 23.195539
vt 3.694352 23.966539
vt -0.000000 23.966539
vt 1.783640 23.966539
vt 5.365439 23.802490
vt 5.381510 23.195539
vt 5.381510 23.802490
vt 5.365439 23.195539
vt 0.082021 23.195539
vt 0.082021 23.868109
vt 31.930779 0.000000
vt 31.069550 0.000000
vt 31.938089 0.000000
vt 1.589650 23.868109
vt -30.790680 30.345869
vt -31.069550 30.007059
vt -30.790680 30.007059
vt -31.069550 30.345869
vt -0.906648 0.000000
vt 18.419239 0.164042
vt 17.999769 0.311680
vt 17.999769 0.164042
vt 17.999769 0.803806
vt 18.838699 0.000000
vt 18.419239 0.000000
vt 17.914019 1.455194
vt 18.838699 1.574803
vt 18.838699 1.465639
vt -7.523059 0.000000
vt -9.437019 -0.049213
vt -7.523059 -0.049213
vt 1.589650 23.966539
vt -1.589650 23.966539
vt 27.394869 -0.082021
vt 27.238239 0.000000
vt 27.238239 -0.082021
vt 27.394869 0.000000
vt 29.247799 23.195539
vt 0.261923 23.195539
vt 0.966145 23.195539
vt 1.724606 22.609989
vt -0.965683 23.195539
vt -0.965683 22.609989
vt -0.261923 23.195539
vt 1.724606 23.195539
vt 31.085819 -0.082021
vt 31.259329 -0.261923
vt 31.930779 -0.261923
vt 31.938089 -0.261923
vt -6.043174 23.195539
vt -6.126792 23.868109
vt -6.126792 23.195539
vt -6.043174 23.868109
vt 0.972534 22.609989
vt 0.972534 23.195539
vt -1.717754 22.609989
vt -1.717754 23.195539
vt 1.783640 -0.261923
vt -0.906648 -0.261923
vt -0.000000 -0.049213
vt 1.783640 -0.049213
vt -1.574803 23.802490
vt -1.465639 23.195539
vt -1.465639 23.802490
vt -1.574803 23.195539
vt -0.049213 23.195539
vt -0.049213 23.966539
vt 0.049213 23.195539
vt 0.049213 23.966539
vt 0.007414 23.966539
vt -0.533925 23.195539
vt 0.007414 23.195539
vt -0.533925 23.966539
vt 29.247799 -0.261923
vt 27.394869 -0.261923
vt 29.247799 -0.082021
vt 31.085819 23.868109
vt 31.085819 23.195539
vt 0.965683 23.195539
vt 31.938089 23.195539
vt 29.247799 22.609989
vt 31.938089 22.609989
vt 29.247799 22.745350
vt 31.938089 -0.965683
vt -21.888939 23.195539
vt -21.639002 23.868109
vt -22.866690 23.195539
vt -21.639002 23.195539
vt 31.930779 23.195539
vt 29.247799 22.904810
vt 31.930779 22.904810
vt 18.838699 22.904810
vt 12.127310 22.904810
vt 9.437019 22.904810
vt 1.783640 22.904810
vt -0.943236 22.904810
vt 9.437019 23.195539
vt 31.259329 23.195539
vt 21.528990 23.195539
vt -0.943236 23.195539
vt 1.783640 23.195539
vt -0.906648 23.195539
vt -0.261923 22.904810
vt -31.930779 22.904810
vt -31.069550 22.904810
vt -31.930779 23.195539
vt 1.783640 22.743799
vt -0.906648 22.609989
vt 1.783640 22.609989
vt 1.783640 -0.972534
vt -0.906648 -0.972534
vt 3.694352 -0.261923
vt 3.694352 -0.049213
vt 0.943236 23.195539
vt 0.943236 22.904810
vt 0.906648 23.195539
vt -0.943236 0.000000
vt -0.943236 -0.261923
vt 18.758789 23.802490
vt 3.850981 -0.049213
vt 3.694352 0.000000
vt 3.850981 0.000000
vt -0.972058 23.195539
vt 0.533925 14.974310
vt -0.007414 25.905109
vt -0.007414 14.974310
vt 0.533925 25.905109
vt 29.247799 -0.965683
vt 27.394869 -0.966145
vt 23.566170 -0.261923
vt 21.528990 -0.082021
vt 21.528990 -0.261923
vt 23.566170 -0.082021
vt 18.838699 -0.082021
vt 18.838699 -0.261923
vt 12.127310 -0.261923
vt 9.437019 -0.049213
vt 9.437019 -0.261923
vt 12.127310 -0.049213
vt 7.523059 -0.049213
vt 7.523059 -0.261923
vt 0.943236 -0.261923
vt 0.943236 0.000000
vt -1.783640 -0.261923
vt -9.437019 -0.261923
vt -12.127310 -0.261923
vt -18.838699 -0.261923
vt -29.247799 -0.261923
vt -31.930779 -0.261923
vt -31.930779 0.000000
vt 3.694352 -0.972058
vt -0.972534 23.195539
vt 23.566170 -0.967100
vt 21.528990 -0.967608
vt -0.967608 23.195539
vt -0.082021 23.802490
vt -0.978587 23.195539
vt -0.082021 23.195539
vt 18.838699 -0.968280
vt 9.437019 -0.970625
vt 12.127310 -0.969954
vt 7.523059 -0.971103
vt 0.049213 23.868109
vt 0.970625 23.195539
vt 21.528990 -0.978587
vt -1.563086 -21.709539
vt -0.967608 -17.805969
vt -0.978587 -17.805969
vt 18.838699 -0.978587
vt 9.437019 0.000000
vt 12.127310 -0.970625
vt 7.366430 0.000000
vt 7.366430 -0.049213
vt 7.523059 0.000000
s 1
usemtl Wood_Floor_Parquet
f 25/25/7 26/26/7 27/27/7
f 26/26/7 25/25/7 28/28/7
f 28/28/7 29/29/7 26/26/7
f 29/29/7 28/28/7 30/30/7
f 31/31/7 32/32/7 33/33/7
f 32/32/7 31/31/7 34/34/7
f 34/34/7 31/31/7 35/35/7
f 35/35/7 31/31/7 36/36/7
f 36/36/7 31/31/7 37/37/7
f 37/37/7 31/31/7 38/38/7
f 38/38/7 31/31/7 39/39/7
f 39/39/7 31/31/7 40/40/7
f 39/39/7 40/40/7 41/41/7
f 41/41/7 40/40/7 42/42/7
f 41/41/7 42/42/7 43/43/7
f 43/43/7 42/42/7 44/44/7
f 44/44/7 42/42/7 45/45/7
f 45/45/7 42/42/7 46/46/7
f 46/46/7 42/42/7 47/47/7
f 47/47/7 42/42/7 48/27/7
f 48/27/7 42/42/7 49/25/7
f 50/48/7 51/28/7 49/25/7
f 52/49/7 42/42/7 53/50/7
f 42/42/7 52/49/7 49/25/7
f 49/25/7 52/49/7 50/48/7
f 50/48/7 52/49/7 54/51/7
f 54/51/7 52/49/7 55/52/7
f 55/52/7 52/49/7 56/53/7
f 56/53/7 52/49/7 57/54/7
f 58/55/7 55/52/7 56/53/7
f 59/56/7 54/51/7 55/52/7
f 60/26/7 47/47/7 48/27/7
f 61/57/7 46/46/7 47/47/7
f 62/58/7 38/38/7 39/39/7
f 63/59/7 37/37/7 38/38/7
f 64/60/8 65/28/8 66/26/8
f 65/28/8 64/60/8 67/61/8
f 67/61/8 64/60/8 68/62/8
f 69/41/7 70/58/7 71/39/7
f 70/58/7 69/41/7 72/43/7
f 73/63/9 74/64/9 75/65/9
f 74/64/9 73/63/9 76/66/9
f 77/67/10 78/68/10 79/69/10
f 78/68/10 77/67/10 80/70/10
s 0
f 80/70/11 77/67/11 81/71/11
f 81/71/11 77/67/11 82/72/11
f 82/72/11 77/67/11 83/73/11
f 83/73/7 77/67/7 84/74/7
s 1
f 85/75/10 86/76/10 87/77/10
f 86/76/10 85/75/10 88/78/10
f 87/77/10 86/76/10 79/69/10
f 87/77/10 79/69/10 89/79/10
f 86/76/10 88/78/10 90/80/10
f 90/80/10 88/78/10 91/81/10
f 91/81/10 88/78/10 84/74/10
f 89/79/10 92/82/10 87/77/10
f 92/82/10 89/79/10 83/73/10
f 92/82/10 83/73/10 84/74/10
f 92/82/10 84/74/10 88/78/10
s 0
f 86/76/11 93/83/11 79/69/11
f 93/83/11 86/76/11 94/84/11
s 1
f 93/83/10 94/84/10 91/81/10
f 93/83/10 91/81/10 84/74/10
s 0
f 79/69/11 95/85/11 89/79/11
f 95/85/11 79/69/11 78/68/11
f 95/85/11 78/68/11 96/86/11
s 1
f 95/85/10 96/86/10 81/71/10
f 95/85/10 81/71/10 82/72/10
f 97/66/12 98/87/12 99/88/12
f 98/87/12 97/66/12 100/63/12
f 101/34/7 102/63/7 103/32/7
f 102/63/7 101/34/7 104/35/7
f 105/89/7 106/33/7 107/90/7
f 106/33/7 105/89/7 108/31/7
f 109/91/8 110/92/8 111/63/8
f 110/92/8 109/91/8 112/93/8
f 113/94/9 114/95/9 115/96/9
f 114/95/9 113/94/9 116/97/9
f 117/98/12 118/99/12 119/100/12
f 118/99/12 117/98/12 120/101/12
f 121/102/8 122/103/8 123/104/8
f 122/103/8 121/102/8 124/105/8
f 125/106/7 126/50/7 127/107/7
f 126/50/7 125/106/7 128/49/7
f 129/54/7 130/55/7 131/53/7
f 130/55/7 129/54/7 132/103/7
f 133/63/9 134/108/9 135/109/9
f 134/108/9 133/63/9 136/66/9
f 137/110/10 138/111/10 139/112/10
f 138/111/10 137/110/10 140/113/10
s 0
f 140/113/11 137/110/11 141/114/11
f 141/114/7 137/110/7 142/115/7
f 142/115/11 137/110/11 143/116/11
f 143/116/7 137/110/7 144/117/7
s 1
f 145/118/10 146/119/10 147/120/10
f 146/119/10 145/118/10 148/121/10
f 147/120/10 146/119/10 139/112/10
f 147/120/10 139/112/10 149/122/10
f 146/119/10 148/121/10 150/123/10
f 150/123/10 148/121/10 151/124/10
f 151/124/10 148/121/10 144/117/10
f 149/122/10 152/125/10 147/120/10
f 152/125/10 149/122/10 143/116/10
f 152/125/10 143/116/10 144/117/10
f 152/125/10 144/117/10 148/121/10
s 0
f 146/119/7 153/126/7 139/112/7
f 153/126/11 146/119/11 154/127/11
s 1
f 153/126/10 154/127/10 151/124/10
f 153/126/10 151/124/10 144/117/10
s 0
f 139/112/7 155/128/7 149/122/7
f 155/128/11 139/112/11 138/111/11
f 155/128/11 138/111/11 156/129/11
s 1
f 155/128/10 156/129/10 141/114/10
f 155/128/10 141/114/10 142/115/10
f 157/66/12 158/130/12 159/131/12
f 158/130/12 157/66/12 160/63/12
f 161/132/9 162/133/9 163/134/9
f 162/133/9 161/132/9 164/63/9
f 165/133/12 166/135/12 167/136/12
f 166/135/12 165/133/12 168/63/12
f 169/43/7 170/137/7 171/58/7
f 170/137/7 169/43/7 172/138/7
f 173/139/8 174/43/8 175/58/8
f 174/43/8 173/139/8 176/140/8
f 177/141/11 178/77/11 179/142/11
f 178/77/11 177/141/11 180/75/11
f 181/32/7 182/143/7 183/144/7
f 182/143/7 181/32/7 184/63/7
f 182/143/7 184/63/7 185/145/7
f 185/145/7 184/63/7 186/35/7
f 187/146/7 132/103/7 129/54/7
f 132/103/7 188/147/7 130/55/7
f 188/147/7 132/103/7 189/148/7
f 189/148/7 132/103/7 187/146/7
f 190/149/11 191/120/11 192/150/11
f 191/120/11 190/149/11 193/118/11
f 194/151/11 195/152/11 196/153/11
f 195/152/11 194/151/11 197/154/11
f 196/153/11 198/155/11 199/156/11
f 198/155/11 196/153/11 195/152/11
f 200/157/11 201/158/11 202/159/11
f 201/158/11 200/157/11 203/160/11
f 204/161/11 205/162/11 206/163/11
f 207/164/11 208/160/11 209/157/11
f 205/162/11 210/165/11 211/32/11
f 210/165/11 205/162/11 212/166/11
f 212/166/11 205/162/11 204/161/11
f 212/166/11 204/161/11 213/167/11
f 212/166/11 213/167/11 214/158/11
f 214/158/11 213/167/11 215/159/11
f 212/166/11 214/158/11 216/168/11
f 216/168/11 214/158/11 208/160/11
f 216/168/11 208/160/11 217/169/11
f 217/169/11 208/160/11 218/170/11
f 218/170/11 208/160/11 207/164/11
f 212/166/11 216/168/11 219/171/13
f 212/166/11 219/171/13 220/172/11
f 212/166/11 220/172/11 221/173/11
f 212/166/11 221/173/11 222/174/11
f 212/166/11 222/174/11 223/175/11
f 212/166/11 223/175/11 224/176/11
f 212/166/11 224/176/11 225/177/11
f 212/166/11 225/177/11 226/178/11
f 212/166/11 226/178/11 227/179/11
f 212/166/11 227/179/11 228/180/11
f 228/180/11 227/179/11 229/181/11
f 212/166/11 228/180/11 230/182/11
f 231/183/14 232/157/11 233/184/11
f 232/157/11 231/183/14 234/164/14
f 235/177/11 236/170/11 237/164/11
f 236/170/11 235/177/11 238/169/11
f 238/169/11 235/177/11 239/168/11
f 239/168/11 235/177/11 240/171/11
f 240/171/11 235/177/11 241/172/11
f 241/172/11 235/177/11 242/173/11
f 242/173/11 235/177/11 243/174/11
f 243/174/11 235/177/11 244/175/11
f 244/175/11 235/177/11 245/176/11
f 246/185/8 247/186/8 248/187/8
f 247/186/8 246/185/8 249/188/8
f 250/189/11 251/180/11 252/181/11
f 251/180/11 250/189/11 253/182/11
f 253/182/11 250/189/11 254/190/11
f 255/166/11 256/191/11 257/165/11
f 256/191/11 255/166/11 258/192/11
f 258/192/11 255/166/11 259/193/11
f 259/193/11 255/166/11 260/194/11
f 261/195/10 262/91/10 263/196/10
f 262/91/10 261/195/10 264/197/10
s 0
f 264/197/7 261/195/7 265/198/7
f 264/197/11 265/198/11 266/199/11
s 1
f 267/200/11 268/162/11 269/32/11
f 268/162/11 267/200/11 270/163/11
f 271/201/11 272/184/11 273/202/11
f 272/184/11 271/201/11 274/203/11
f 272/184/11 274/203/11 275/204/11
f 272/184/11 275/204/11 276/183/11
f 275/204/11 274/203/11 277/205/11
f 277/205/11 274/203/11 278/206/11
s 0
f 277/205/9 278/206/9 279/207/9
s 1
f 280/208/11 281/164/11 282/183/11
f 281/164/11 280/208/11 283/177/11
f 283/177/11 280/208/11 284/209/11
f 285/210/9 286/211/9 287/212/9
f 286/211/9 285/210/9 288/213/9
f 289/214/12 290/91/12 291/215/12
f 290/91/12 289/214/12 292/216/12
f 249/188/8 293/217/8 247/186/8
f 293/217/8 249/188/8 294/218/8
f 295/219/11 253/182/11 254/190/11
f 294/218/8 296/105/8 293/217/8
f 296/105/8 294/218/8 297/220/8
f 298/221/15 299/222/15 300/223/15
f 299/222/15 298/221/15 301/224/15
f 302/225/16 303/226/16 304/227/16
f 303/226/16 302/225/16 305/228/16
f 306/200/11 307/32/11 308/229/11
f 309/230/10 310/231/10 311/196/10
f 310/231/10 309/230/10 312/232/10
s 0
f 312/232/7 309/230/7 313/233/7
s 1
f 314/234/10 315/235/10 316/236/10
f 315/235/10 314/234/10 317/237/10
s 0
f 317/237/7 314/234/7 318/238/7
s 1
f 311/196/10 319/239/10 320/240/10
f 319/239/10 311/196/10 321/241/10
s 0
f 321/241/11 311/196/11 322/242/11
s 1
f 321/241/10 322/242/10 323/243/10
s 0
f 322/242/11 311/196/11 310/231/11
f 322/242/11 310/231/11 324/244/11
f 322/242/7 324/244/7 325/245/7
f 322/242/11 325/245/11 316/236/11
f 322/242/11 316/236/11 315/235/11
f 322/242/11 315/235/11 326/246/11
f 322/242/7 326/246/7 327/247/7
f 322/242/11 327/247/11 328/248/11
s 1
f 323/243/10 322/242/10 329/249/10
s 0
f 323/243/11 329/249/11 330/250/11
f 331/251/11 332/252/11 333/253/11
f 332/252/11 331/251/11 334/254/11
f 332/252/11 334/254/11 335/255/11
f 324/244/11 336/256/11 325/245/11
f 336/256/11 324/244/11 337/257/11
f 336/256/11 337/257/11 338/258/11
f 325/245/11 339/259/11 340/260/11
f 339/259/11 325/245/11 336/256/11
f 339/259/11 336/256/11 341/261/11
f 339/259/11 341/261/11 342/262/11
f 340/260/11 339/259/11 343/263/11
f 344/264/11 345/265/11 346/266/11
f 333/253/11 347/267/11 348/268/11
f 347/267/11 333/253/11 332/252/11
f 347/267/11 332/252/11 346/266/11
f 347/267/11 346/266/11 345/265/11
f 348/268/11 347/267/11 349/269/11
s 1
f 319/239/10 350/270/10 351/91/10
f 350/270/10 319/239/10 321/241/10
s 0
f 350/270/11 321/241/11 331/251/11
f 350/270/7 331/251/7 333/253/7
s 1
f 351/91/10 350/270/10 352/271/10
f 351/91/10 352/271/10 353/272/10
s 0
f 353/272/11 352/271/11 354/273/11
s 1
f 355/274/17 356/275/17 357/276/17
f 356/275/17 355/274/17 358/277/17
f 291/215/12 359/278/12 360/279/12
f 359/278/12 291/215/12 290/91/12
f 361/280/11 254/190/11 362/281/11
f 254/190/11 361/280/11 295/219/11
f 295/219/11 361/280/11 363/282/11
f 364/210/9 365/215/9 366/91/9
f 365/215/9 364/210/9 367/283/9
f 368/284/18 369/285/18 370/286/18
f 369/285/18 368/284/18 371/287/18
f 372/288/11 373/200/11 374/229/11
f 373/200/11 372/288/11 375/63/11
f 376/289/11 377/290/11 378/291/11
f 377/290/11 376/289/11 379/292/11
f 380/293/11 376/289/11 381/294/11
f 382/295/11 383/296/11 384/209/11
f 383/296/11 382/295/11 379/292/11
f 383/296/11 379/292/11 376/289/11
f 383/296/11 376/289/11 380/293/11
s 0
f 383/296/19 380/293/19 385/297/19
s 1
f 386/298/7 387/299/7 388/300/7
f 387/299/7 386/298/7 389/58/7
f 390/91/9 391/301/9 392/272/9
f 391/301/9 390/91/9 393/210/9
f 394/272/12 395/216/12 396/91/12
f 395/216/12 394/272/12 397/302/12
f 398/303/11 399/304/11 400/305/11
f 399/304/11 398/303/11 401/306/11
f 402/233/10 403/231/10 404/307/10
f 403/231/10 402/233/10 405/232/10
f 360/279/12 406/308/12 407/309/12
f 406/308/12 360/279/12 359/278/12
f 408/310/9 409/311/9 410/312/9
f 409/311/9 408/310/9 411/313/9
f 411/313/9 408/310/9 412/91/9
f 412/91/9 408/310/9 413/314/9
f 414/315/11 361/280/11 362/281/11
f 361/280/11 414/315/11 415/316/11
f 361/280/11 415/316/11 416/317/11
f 417/318/11 361/280/11 416/317/11
f 361/280/11 417/318/11 363/282/11
f 418/319/20 419/320/20 420/321/21
f 419/320/20 418/319/20 421/322/21
f 422/308/12 423/323/12 424/324/12
f 423/323/12 422/308/12 425/325/12
f 425/325/12 422/308/12 426/91/12
f 425/325/12 426/91/12 427/326/12
f 428/327/11 429/288/11 430/328/11
f 429/288/11 428/327/11 431/329/11
f 431/329/11 428/327/11 432/330/11
f 433/63/11 429/288/11 431/329/11
f 434/331/12 435/332/12 436/333/12
f 435/332/12 434/331/12 437/334/12
f 438/335/9 439/272/9 440/336/9
f 439/272/9 438/335/9 441/91/9
f 442/272/12 443/337/12 444/338/12
f 443/337/12 442/272/12 445/91/12
f 446/339/22 447/340/22 448/341/22
f 447/340/22 446/339/22 449/342/22
f 450/343/11 398/303/11 451/344/11
f 398/303/11 450/343/11 452/345/11
f 453/346/10 454/307/10 455/347/10
f 454/307/10 453/346/10 456/233/10
f 457/279/12 458/308/12 459/348/12
f 458/308/12 457/279/12 460/278/12
f 461/349/10 462/350/10 463/351/10
f 462/350/10 461/349/10 464/352/10
f 464/352/10 461/349/10 465/307/10
f 466/353/11 416/317/11 415/316/11
f 416/317/11 466/353/11 417/318/11
f 415/316/11 452/345/11 450/343/11
f 452/345/11 415/316/11 414/315/11
f 467/354/23 468/355/23 469/356/23
f 468/355/23 467/354/23 470/357/23
f 471/358/10 472/359/10 473/360/10
f 472/359/10 471/358/10 474/361/10
f 474/361/10 471/358/10 475/362/10
f 475/362/10 471/358/10 476/363/10
f 476/363/10 471/358/10 477/364/10
f 477/364/10 471/358/10 478/365/10
f 478/365/10 471/358/10 479/241/10
s 0
f 479/241/7 471/358/7 480/366/7
f 480/366/11 471/358/11 481/367/11
f 480/366/7 481/367/7 482/307/7
f 480/366/11 482/307/11 483/231/11
f 480/366/11 483/231/11 484/236/11
f 480/366/11 484/236/11 485/368/11
f 480/366/11 485/368/11 486/235/11
f 480/366/11 486/235/11 487/242/11
s 1
f 478/365/10 488/270/10 489/369/10
f 488/270/10 478/365/10 479/241/10
s 0
f 489/369/11 488/270/11 490/370/11
f 489/369/11 490/370/11 491/371/11
s 1
f 492/239/9 493/313/9 494/372/9
f 493/313/9 492/239/9 495/91/9
f 496/105/8 497/373/8 498/374/8
f 497/373/8 496/105/8 499/375/8
f 500/376/10 501/377/10 502/378/10
f 501/377/10 500/376/10 503/371/10
f 503/371/10 500/376/10 504/370/10
f 505/379/11 506/328/11 507/380/11
f 506/328/11 505/379/11 508/327/11
f 509/381/11 510/330/11 511/327/11
f 510/330/11 509/381/11 512/382/11
f 513/370/10 514/272/10 515/91/10
f 514/272/10 513/370/10 516/273/10
f 517/383/8 518/239/8 519/384/8
f 518/239/8 517/383/8 520/91/8
s 0
f 520/91/7 517/383/7 521/385/7
s 1
f 522/328/11 523/386/11 524/387/11
f 523/386/11 522/328/11 525/288/11
f 526/388/10 527/235/10 528/237/10
f 529/389/11 530/390/11 531/382/11
f 530/390/11 529/389/11 532/391/11
f 533/271/10 534/370/10 535/270/10
f 534/370/10 533/271/10 536/273/10
f 537/313/9 538/336/9 539/392/9
f 538/336/9 537/313/9 540/335/9
f 541/393/24 542/394/24 543/395/25
f 542/394/24 541/393/24 544/396/24
f 545/397/11 451/344/11 546/398/11
f 451/344/11 545/397/11 450/343/11
f 466/353/11 450/343/11 545/397/11
f 450/343/11 466/353/11 415/316/11
f 547/399/11 548/400/11 549/401/11
f 548/400/11 547/399/11 550/402/11
f 549/401/11 551/403/11 552/404/11
f 551/403/11 549/401/11 548/400/11
f 553/405/11 554/406/11 555/407/11
f 554/406/11 553/405/11 556/408/11
f 557/407/11 558/409/11 559/410/11
f 558/409/11 557/407/11 560/406/11
f 561/63/7 562/411/7 563/412/7
f 562/411/7 561/63/7 564/413/7
f 564/413/7 561/63/7 565/103/7
f 564/413/7 565/103/7 566/414/7
f 566/414/7 565/103/7 567/415/26
f 567/415/26 565/103/7 568/416/7
f 568/416/7 565/103/7 569/417/7
f 569/417/7 565/103/7 570/418/7
f 570/418/7 565/103/7 571/419/7
f 572/379/11 573/381/11 574/327/11
f 573/381/11 572/379/11 575/420/11
f 576/313/9 577/336/9 578/421/9
f 577/336/9 576/313/9 579/335/9
f 580/422/11 581/401/11 582/423/11
f 581/401/11 580/422/11 583/399/11
f 584/234/10 585/368/10 586/236/10
f 585/368/10 584/234/10 587/238/10
f 588/424/27 589/425/9 590/426/28
f 589/425/9 588/424/27 591/313/9
f 589/425/9 591/313/9 592/427/9
f 593/238/10 594/235/10 595/368/10
f 594/235/10 593/238/10 596/237/10
f 597/423/11 598/404/11 599/428/11
f 598/404/11 597/423/11 600/401/11
f 601/249/10 602/366/10 603/242/10
f 602/366/10 601/249/10 604/250/10
f 605/429/11 606/405/11 607/407/11
f 606/405/11 605/429/11 608/430/11
f 609/366/10 610/243/10 611/241/10
f 610/243/10 609/366/10 612/250/10
f 613/429/11 614/410/11 615/431/11
f 614/410/11 613/429/11 616/407/11
f 617/432/12 618/308/12 619/433/12
f 618/308/12 617/432/12 620/337/12
f 621/422/11 622/423/11 623/434/11
f 624/435/29 625/436/29 626/437/29
f 627/434/11 628/428/11 629/438/11
f 628/428/11 627/434/11 630/423/11
f 631/408/11 632/439/11 633/406/11
f 632/439/11 631/408/11 634/202/11
f 635/430/11 636/429/11 637/440/11
f 638/215/12 639/337/12 640/432/12
f 639/337/12 638/215/12 641/91/12
f 642/438/11 643/430/11 644/440/11
f 643/430/11 642/438/11 645/428/11
f 646/409/11 647/441/11 648/442/11
f 647/441/11 646/409/11 649/443/11
o SketchUp.003
v 2.723073 -0.000000 -0.151152
v 2.723073 2.007479 -0.000000
v 2.723073 0.000000 0.000000
v 2.723073 2.032959 -0.000000
v 2.723073 2.032959 -0.139324
v 2.723073 2.032959 -0.151152
v 2.723073 -0.000000 -1.856118
v 2.723073 2.032959 -0.912654
v 2.723073 2.032959 -1.685984
v 2.723073 2.032959 -1.741787
v 2.723073 2.032959 -1.856118
v 2.723073 -0.000000 -4.422385
v 2.723073 2.032959 -4.422385
v 2.698632 2.032959 -1.685984
v 0.949987 2.032959 -1.837427
v 0.047446 2.032959 -1.685984
v 1.773086 2.032959 -1.837427
v 1.773086 2.032959 -1.856118
v 2.723073 2.032959 -1.856118
v 2.723073 2.032959 -1.685984
v 2.723073 2.032959 -1.741787
v 0.000000 2.032959 -1.735616
v 0.000000 2.032959 -1.685984
v 0.000000 2.032959 -1.856118
v 0.949987 2.032959 -1.856118
v 2.723073 2.562488 -0.912654
v 1.773086 2.032959 -4.422385
v 2.723073 -0.000000 -4.422385
v 1.773086 -0.000000 -4.422385
v 2.723073 2.032959 -4.422385
v 2.723073 2.032959 -1.856118
v 1.773086 2.032959 -4.422385
v 1.773086 2.032959 -1.856118
v 2.723073 2.032959 -4.422385
v 0.000000 2.032959 -0.139324
v 0.000000 2.007479 -0.000000
v 0.000000 2.032959 -0.000000
v 0.000000 0.000000 0.000000
v 0.000000 -0.000000 -0.150552
v 0.000000 2.032959 -0.150552
v 0.000000 2.032959 -0.912654
v 0.000000 -0.000000 -1.856118
v 0.000000 2.032959 -1.685984
v 0.000000 2.032959 -1.735616
v 0.000000 2.032959 -1.856118
v 0.050824 2.562488 -0.912654
v 0.000000 2.032959 -1.685984
v 0.000000 2.562488 -0.912654
v 0.047446 2.032959 -1.685984
v 0.949987 2.032959 -1.837427
v 1.773086 -0.000000 -1.837427
v 0.949987 -0.000000 -1.837427
v 1.773086 2.032959 -1.837427
v 0.000000 2.032959 -1.856118
v 0.949987 2.032959 -4.420946
v 0.000000 2.032959 -4.420946
v 0.949987 2.032959 -1.856118
v 2.723073 2.586990 -0.929431
v 2.723073 2.057461 -1.702761
v 2.723073 2.091907 -0.139324
v 2.723073 2.598432 -0.912654
v 1.773086 2.032959 -4.422385
v 1.773086 -0.000000 -1.856118
v 1.773086 2.032959 -1.856118
v 1.773086 -0.000000 -4.422385
v 0.000000 2.562488 -0.912654
v 0.000000 2.032959 -0.150552
v 0.000000 2.032959 -0.139324
v 0.000000 2.032959 -0.912654
v 0.000000 2.032959 -1.685984
v 0.000000 2.032959 -0.912654
v 0.000000 2.562488 -0.912654
v 0.000000 2.032959 -4.420946
v 0.000000 -0.000000 -1.856118
v 0.000000 2.032959 -1.856118
v 0.000000 -0.000000 -4.420946
v 0.949987 -0.000000 -4.420946
v 0.949987 2.032959 -1.856118
v 0.949987 -0.000000 -1.856118
v 0.949987 2.032959 -4.420946
v 0.000000 2.032959 -4.420946
v 0.949987 -0.000000 -4.420946
v 0.000000 -0.000000 -4.420946
v 0.949987 2.032959 -4.420946
v 2.698632 2.091907 -0.139324
v 2.723073 2.598432 -0.912654
v 2.698632 2.598432 -0.912654
v 2.723073 2.091907 -0.139324
v 0.000000 2.562488 -0.912654
v 0.000000 2.032959 -0.139324
v 0.003607 2.598432 -0.912654
v 2.698632 2.598432 -0.912654
v 2.698632 2.032959 -0.139324
v 2.698632 2.091907 -0.139324
v 2.698632 2.562488 -0.912654
vn 1.0000 -0.0000 -0.0000
vn -0.0000 1.0000 -0.0000
vn -0.0000 -0.0000 -0.0000
vn -0.0000 -0.0000 -1.0000
vn -1.0000 -0.0000 -0.0000
vn -0.0000 0.8251 -0.5650
vn -0.0000 0.8365 0.5479
vn -0.9927 0.0996 0.0682
vt 1.724606 0.000000
vt 0.000000 22.904810
vt 0.000000 0.000000
vt 0.000000 23.195539
vt 1.589650 23.195539
vt 1.724606 23.195539
vt 21.177820 0.000000
vt 10.413139 23.195539
vt 19.236629 23.195539
vt 19.873329 23.195539
vt 21.177820 23.195539
vt 50.458248 0.000000
vt 50.458248 23.195539
vt 30.790680 19.236629
vt 10.839100 20.964569
vt 0.541350 19.236629
vt 20.230450 20.964569
vt 20.230450 21.177820
vt 31.069550 21.177820
vt 31.069550 19.236629
vt 31.069550 19.873329
vt 0.000000 19.802929
vt 0.000000 19.236629
vt 0.000000 21.177820
vt 10.839100 21.177820
vt 10.413139 29.237320
vt -20.230450 23.195539
vt -31.069550 0.000000
vt -20.230450 0.000000
vt -31.069550 23.195539
vt 20.230450 50.458248
vt 31.069550 50.458248
vt -1.589650 23.195539
vt -1.717754 0.000000
vt -1.717754 23.195539
vt -10.413139 23.195539
vt -21.177820 0.000000
vt -19.236629 23.195539
vt -19.802929 23.195539
vt -21.177820 23.195539
vt -0.579885 7.926587
vt 0.000000 -2.767203
vt 0.000000 7.926587
vt -0.541350 -2.767203
vt -10.839100 23.195539
vt -10.839100 0.000000
vt 10.839100 50.441849
vt -0.000000 50.441849
vt 10.604560 29.516880
vt 19.428059 23.475090
vt 1.589650 23.868109
vt 10.413139 29.647429
vt -50.458248 23.195539
vt -50.458248 0.000000
vt -10.413139 29.237320
vt -50.441849 23.195539
vt -50.441849 -0.000000
vt 50.441849 0.000000
vt 50.441849 23.195539
vt 30.790680 14.407619
vt 31.069550 24.955339
vt 30.790680 24.955339
vt 31.069550 14.407619
vt -10.388650 29.163010
vt -1.585911 23.091030
vt -10.385830 29.575169
vt -10.413139 29.647429
vt -1.589650 23.868109
s 1
usemtl Stone_Brushed_Khaki
f 650/444/30 651/445/30 652/446/30
f 651/445/30 650/444/30 653/447/30
f 653/447/30 650/444/30 654/448/30
f 654/448/30 650/444/30 655/449/30
f 655/449/30 650/444/30 656/450/30
f 655/449/30 656/450/30 657/451/30
f 657/451/30 656/450/30 658/452/30
f 658/452/30 656/450/30 659/453/30
f 659/453/30 656/450/30 660/454/30
f 661/455/30 660/454/30 656/450/30
f 660/454/30 661/455/30 662/456/30
f 663/457/31 664/458/31 665/459/31
f 664/458/31 663/457/31 666/460/31
f 666/460/31 663/457/31 667/461/31
f 667/461/31 663/457/31 668/462/31
f 668/462/31 663/457/31 669/463/31
s 0
f 668/462/32 669/463/32 670/464/32
s 1
f 665/459/31 671/465/31 672/466/31
f 671/465/31 665/459/31 673/467/31
f 673/467/31 665/459/31 674/468/31
f 674/468/31 665/459/31 664/458/31
f 658/452/30 675/469/30 657/451/30
f 655/449/30 675/469/30 654/448/30
f 675/469/30 655/449/30 657/451/30
f 676/470/33 677/471/33 678/472/33
f 677/471/33 676/470/33 679/473/33
f 680/462/31 681/474/31 682/461/31
f 681/474/31 680/462/31 683/475/31
f 684/476/34 685/445/34 686/447/34
f 685/445/34 684/476/34 687/446/34
f 687/446/34 684/476/34 688/477/34
f 688/477/34 684/476/34 689/478/34
f 688/477/34 689/478/34 690/479/34
f 688/477/34 690/479/34 691/480/34
f 691/480/34 690/479/34 692/481/34
f 691/480/34 692/481/34 693/482/34
f 691/480/34 693/482/34 694/483/34
f 695/484/35 696/485/35 697/486/35
f 696/485/35 695/484/35 698/487/35
f 699/488/33 700/472/33 701/489/33
f 700/472/33 699/488/33 702/470/33
f 703/467/31 704/490/31 705/491/31
f 704/490/31 703/467/31 706/468/31
f 658/452/30 707/492/30 675/469/30
f 707/492/30 658/452/30 708/493/30
f 675/469/30 709/494/30 654/448/30
f 709/494/30 675/469/30 710/495/30
f 711/496/34 712/480/34 713/483/34
f 712/480/34 711/496/34 714/497/34
f 715/498/34 716/478/34 717/476/34
f 716/478/34 715/498/34 718/479/34
f 719/481/34 720/479/34 721/498/34
f 722/499/34 723/480/34 724/483/34
f 723/480/34 722/499/34 725/500/34
f 726/501/30 727/454/30 728/450/30
f 727/454/30 726/501/30 729/502/30
f 730/447/33 731/489/33 732/446/33
f 731/489/33 730/447/33 733/488/33
f 734/503/36 735/504/36 736/505/36
f 735/504/36 734/503/36 737/506/36
f 738/507/37 739/508/37 740/509/37
f 741/510/34 742/476/34 743/511/34
f 742/476/34 741/510/34 744/498/34
o SketchUp.004
v 2.563407 2.032959 -0.151152
v 2.723073 -0.000000 -0.151152
v 2.563407 -0.000000 -0.151152
v 2.799195 -0.000000 -0.151152
v 2.799195 1.981639 -0.151152
v 2.799195 2.032959 -0.151152
v 2.723073 2.032959 -0.151152
v 2.563407 2.091907 -0.000000
v 2.563407 2.032959 0.007189
v 2.563407 2.091907 0.007189
v 2.563407 0.963735 -0.000000
v 2.563407 0.909248 -0.000000
v 2.563407 2.091907 -0.139324
v 2.563407 0.465827 0.084637
v 2.563407 0.909248 0.084637
v 2.563407 0.362310 0.084637
v 2.563407 0.000000 0.084637
v 2.563407 0.000000 0.000000
v 2.563407 -0.000000 -0.151152
v 2.563407 2.032959 -0.139324
v 2.563407 2.032959 -0.151152
v 2.563407 2.032959 0.022956
v 2.563407 1.993503 0.084637
v 2.563407 2.032959 0.084637
v 2.563407 1.981639 0.084637
v 2.563407 1.542965 0.084637
v 2.563407 1.487666 0.084637
v 2.563407 0.963735 0.084637
v 2.799195 -0.000000 -0.151152
v 2.799195 1.898502 0.084637
v 2.799195 0.000000 0.084637
v 2.799195 1.981639 0.084637
v 2.799195 1.981639 -0.151152
v 2.799195 1.898502 0.084637
v 2.563407 0.000000 0.084637
v 2.799195 0.000000 0.084637
v 2.563407 0.362310 0.084637
v 2.563407 0.465827 0.084637
v 2.563407 0.909248 0.084637
v 2.563407 0.963735 0.084637
v 2.563407 1.487666 0.084637
v 2.563407 1.542965 0.084637
v 2.563407 1.981639 0.084637
v 2.799195 1.981639 0.084637
v 2.563407 0.909248 -0.000000
v 1.886896 0.909248 0.085768
v 1.886896 0.909248 -0.000000
v 1.886896 0.909248 0.125083
v 2.010138 0.909248 0.125083
v 2.010138 0.909248 0.159589
v 2.335299 0.909248 0.125083
v 2.563407 0.909248 0.125083
v 2.563407 0.909248 0.084637
v 2.335299 0.909248 0.159589
v 2.010138 0.963735 0.125083
v 1.886896 0.963735 0.085768
v 1.886896 0.963735 0.125083
v 1.886896 0.963735 0.017048
v 2.019168 0.963735 0.017048
v 2.563407 0.963735 0.125083
v 2.343562 0.963735 0.011297
v 2.335299 0.963735 0.125083
v 2.475833 0.963735 0.011297
v 2.475833 0.963735 -0.000000
v 2.563407 0.963735 -0.000000
v 2.563407 0.963735 0.084637
v 2.335299 0.963735 0.159589
v 2.010138 0.963735 0.159589
v 2.019168 0.963735 -0.000000
v 2.123397 0.963735 0.014172
v 2.255669 0.963735 0.014172
v 2.255669 0.963735 -0.000000
v 2.343562 0.963735 -0.000000
v 2.123397 0.963735 -0.000000
v 2.563407 1.487666 0.084637
v 2.563407 1.542965 0.140898
v 2.563407 1.487666 0.140898
v 2.563407 1.542965 0.084637
v 2.563407 0.909248 0.084637
v 2.563407 0.963735 0.125083
v 2.563407 0.909248 0.125083
v 2.563407 0.963735 0.084637
v 2.563407 0.963735 0.125083
v 2.335299 0.909248 0.125083
v 2.563407 0.909248 0.125083
v 2.335299 0.963735 0.125083
v 2.335299 0.909248 0.125083
v 2.335299 0.963735 0.159589
v 2.335299 0.909248 0.159589
v 2.335299 0.963735 0.125083
v 2.335299 0.963735 0.159589
v 2.010138 0.909248 0.159589
v 2.335299 0.909248 0.159589
v 2.010138 0.963735 0.159589
v 2.010138 0.963735 0.125083
v 2.010138 0.909248 0.159589
v 2.010138 0.963735 0.159589
v 2.010138 0.909248 0.125083
v 2.010138 0.963735 0.125083
v 1.886896 0.909248 0.125083
v 2.010138 0.909248 0.125083
v 1.886896 0.963735 0.125083
v 1.886896 0.963735 0.085768
v 1.886896 0.909248 0.125083
v 1.886896 0.963735 0.125083
v 1.886896 0.909248 0.085768
v 1.886896 1.220425 0.012734
v 1.886896 1.250264 0.017048
v 1.886896 1.220425 0.017048
v 1.886896 1.250264 0.012734
v 1.886896 0.963735 0.017048
v 1.886896 1.487666 0.085768
v 1.886896 0.963735 0.085768
v 1.886896 1.327474 0.019923
v 1.886896 1.288855 0.018485
v 1.886896 1.260309 0.017048
v 1.886896 1.288855 0.012734
v 1.886896 1.260309 0.012734
v 1.886896 1.300118 0.018485
v 1.886896 1.327474 0.012734
v 1.886896 1.300118 0.012734
v 1.886896 0.000000 0.000000
v 1.886896 0.362310 0.085768
v 1.886896 0.000000 0.085768
v 1.886896 0.362310 0.005751
v 1.886896 0.465827 0.005751
v 1.886896 1.336977 0.019923
v 1.886896 1.487666 -0.000000
v 1.886896 1.364863 0.012734
v 1.886896 1.336977 0.012734
v 1.886896 1.364863 -0.037586
v 1.886896 1.542965 -0.000000
v 1.886896 0.909248 0.085768
v 1.886896 0.465827 0.085768
v 1.886896 0.909248 -0.000000
v 1.886896 -0.000000 -0.128455
v 1.886896 0.963735 -0.037586
v 1.886896 2.032959 0.085768
v 1.886896 1.542965 0.085768
v 1.886896 2.032959 0.084805
v 1.886896 2.032959 0.022956
v 1.886896 2.032959 0.007189
v 1.886896 2.086156 0.007189
v 1.886896 2.086156 -0.000000
v 1.886896 2.086156 -0.128455
v 1.886896 0.926353 -0.000000
v 1.886896 0.963735 -0.000000
v 2.563407 1.487666 -0.000000
v 1.886896 1.487666 0.085768
v 1.886896 1.487666 -0.000000
v 1.886896 1.487666 0.140898
v 2.115489 1.487666 0.140898
v 2.115489 1.487666 0.175404
v 2.339448 1.487666 0.140898
v 2.563407 1.487666 0.140898
v 2.563407 1.487666 0.084637
v 2.339448 1.487666 0.175404
v 2.563407 1.542965 0.140898
v 2.386694 1.542965 0.015921
v 2.339448 1.542965 0.140898
v 2.518965 1.542965 0.015921
v 2.518965 1.542965 -0.000000
v 2.563407 1.542965 -0.000000
v 2.563407 1.542965 0.084637
v 2.339448 1.542965 0.175404
v 2.115489 1.542965 0.140898
v 2.115489 1.542965 0.175404
v 2.166529 1.542965 0.018797
v 2.298801 1.542965 0.018797
v 2.298801 1.542965 -0.000000
v 2.386694 1.542965 -0.000000
v 1.886896 1.542965 0.085768
v 1.886896 1.542965 0.140898
v 1.886896 1.542965 -0.000000
v 1.930028 1.542965 0.021672
v 2.062299 1.542965 0.021672
v 2.062299 1.542965 -0.000000
v 2.166529 1.542965 -0.000000
v 1.930028 1.542965 -0.000000
v 2.563407 1.542965 0.140898
v 2.339448 1.487666 0.140898
v 2.563407 1.487666 0.140898
v 2.339448 1.542965 0.140898
v 1.886896 0.909248 0.085768
v 1.651107 0.465827 0.085768
v 1.886896 0.465827 0.085768
v 1.651107 0.909248 0.085768
v 1.886896 0.963735 0.085768
v 1.651107 0.957983 0.085768
v 1.651107 1.487666 0.085768
v 1.886896 1.487666 0.085768
v 1.886896 1.542965 0.085768
v 1.651107 1.542965 0.085768
v 1.854797 1.649965 0.085768
v 1.886896 2.032959 0.085768
v 1.854797 1.930301 0.085768
v 1.682268 1.930301 0.085768
v 1.651107 1.993247 0.085768
v 1.651107 2.032959 0.085768
v 1.682268 1.649965 0.085768
v 2.563407 0.465827 0.106393
v 1.886896 0.465827 0.085768
v 1.886896 0.465827 0.106393
v 1.886896 0.465827 0.005751
v 2.563407 0.465827 0.005751
v 2.563407 0.465827 0.084637
v 2.563407 0.362310 0.005751
v 1.886896 0.362310 0.085768
v 1.886896 0.362310 0.005751
v 1.886896 0.362310 0.106393
v 2.563407 0.362310 0.106393
v 2.563407 0.362310 0.084637
v 1.886896 0.362310 0.085768
v 1.651107 0.000000 0.085768
v 1.886896 0.000000 0.085768
v 1.651107 0.362310 0.085768
v 2.339448 1.487666 0.140898
v 2.339448 1.542965 0.175404
v 2.339448 1.487666 0.175404
v 2.339448 1.542965 0.140898
v 2.339448 1.542965 0.175404
v 2.115489 1.487666 0.175404
v 2.339448 1.487666 0.175404
v 2.115489 1.542965 0.175404
v 2.115489 1.542965 0.140898
v 2.115489 1.487666 0.175404
v 2.115489 1.542965 0.175404
v 2.115489 1.487666 0.140898
v 2.115489 1.542965 0.140898
v 1.886896 1.487666 0.140898
v 2.115489 1.487666 0.140898
v 1.886896 1.542965 0.140898
v 1.886896 1.542965 0.085768
v 1.886896 1.487666 0.140898
v 1.886896 1.542965 0.140898
v 1.886896 1.487666 0.085768
v 1.651107 2.032959 0.084864
v 1.651107 1.993247 0.085768
v 1.651107 2.032959 0.085768
v 1.651107 1.542965 0.085768
v 1.651107 1.487666 0.085768
v 1.651107 0.957983 0.085768
v 1.651107 0.909248 0.085768
v 1.651107 0.465827 0.085768
v 1.651107 0.362310 0.085768
v 1.651107 0.000000 0.085768
v 1.651107 0.000000 0.000000
v 1.651107 2.032959 0.022956
v 1.651107 2.032959 0.007189
v 1.651107 2.032959 -0.000000
v 1.651107 2.032959 -0.128455
v 1.651107 -0.000000 -0.128455
v 1.886896 0.465827 0.106393
v 1.651107 0.465827 0.085768
v 1.651107 0.465827 0.107830
v 1.886896 0.465827 0.085768
v 1.651107 1.487666 0.085768
v 1.651107 1.542965 0.130834
v 1.651107 1.487666 0.130834
v 1.651107 1.542965 0.085768
v 1.651107 0.909248 0.085768
v 1.651107 0.957983 0.120770
v 1.651107 0.909248 0.120770
v 1.651107 0.957983 0.085768
v 2.563407 0.465827 0.106393
v 1.886896 0.362310 0.106393
v 2.563407 0.362310 0.106393
v 1.886896 0.465827 0.106393
v 1.651107 0.362310 0.085768
v 1.886896 0.465827 0.106393
v 1.651107 0.376373 0.107830
v 1.651107 0.362310 0.107830
v 1.651107 0.443947 0.107830
v 1.651107 0.465827 0.107830
v 1.651107 0.465827 0.107830
v 1.062891 0.465827 0.085070
v 1.062891 0.465827 0.107830
v 1.062891 0.465827 0.005751
v 1.651107 0.465827 0.005751
v 1.651107 0.465827 0.085768
v 1.651107 1.487666 -0.000000
v 1.062891 1.487666 0.085070
v 1.062891 1.487666 -0.000000
v 1.062891 1.487666 0.130834
v 1.651107 1.487666 0.130834
v 1.651107 1.487666 0.085768
v 1.651107 1.542965 0.130834
v 1.062891 1.542965 0.085070
v 1.062891 1.542965 0.130834
v 1.062891 1.542965 0.039659
v 1.195163 1.542965 0.039659
v 1.299393 1.542965 0.036784
v 1.195163 1.542965 -0.000000
v 1.431664 1.542965 0.036784
v 1.431664 1.542965 -0.000000
v 1.519557 1.542965 0.033909
v 1.651107 1.542965 0.033909
v 1.651107 1.542965 0.085768
v 1.519557 1.542965 -0.000000
v 1.299393 1.542965 -0.000000
v 1.651107 1.542965 0.130834
v 1.062891 1.487666 0.130834
v 1.651107 1.487666 0.130834
v 1.062891 1.542965 0.130834
v 1.651107 0.909248 -0.000000
v 1.062891 0.909248 0.085070
v 1.062891 0.909248 -0.000000
v 1.062891 0.909248 0.120770
v 1.651107 0.909248 0.120770
v 1.651107 0.909248 0.085768
v 1.651107 0.957983 0.120770
v 1.062891 0.957983 0.085070
v 1.062891 0.957983 0.120770
v 1.062891 0.957983 0.027317
v 1.062891 0.957983 0.024442
v 1.195163 0.957983 0.024442
v 1.195163 0.957983 -0.000000
v 1.299393 0.957983 0.021566
v 1.431664 0.957983 0.021566
v 1.431664 0.957983 -0.000000
v 1.519557 0.957983 0.018691
v 1.651107 0.957983 0.018691
v 1.651107 0.957983 0.085768
v 1.519557 0.957983 -0.000000
v 1.299393 0.957983 -0.000000
v 1.651107 0.957983 0.120770
v 1.062891 0.909248 0.120770
v 1.651107 0.909248 0.120770
v 1.062891 0.957983 0.120770
v 1.886896 0.465827 0.106393
v 1.651107 0.362310 0.107830
v 1.886896 0.362310 0.106393
v 1.651107 0.362310 0.107830
v 1.651107 0.465827 0.107830
v 1.062891 0.443947 0.107830
v 1.651107 0.443947 0.107830
v 1.062891 0.465827 0.107830
v 1.651107 0.376373 0.107830
v 1.532947 0.362310 0.107830
v 1.651107 0.362310 0.107830
v 1.356106 0.362310 0.107830
v 1.179264 0.362310 0.107830
v 1.062891 0.362310 0.107830
v 1.062891 0.376373 0.107830
v 1.062891 0.465827 0.107830
v 0.827102 0.465827 0.085070
v 0.827102 0.465827 0.107830
v 0.827102 0.465827 0.005751
v 1.062891 0.465827 0.005751
v 1.062891 0.465827 0.085070
v 1.062891 1.542965 0.085070
v 1.062891 1.487666 0.130834
v 1.062891 1.542965 0.130834
v 1.062891 1.487666 0.085070
v 1.062891 0.957983 0.085070
v 1.062891 0.909248 0.120770
v 1.062891 0.957983 0.120770
v 1.062891 0.909248 0.085070
v 1.651107 0.362310 0.005751
v 1.532947 0.362310 0.107830
v 1.532947 0.362310 0.005751
v 1.062891 0.465827 0.107830
v 0.827102 0.443947 0.107830
v 1.062891 0.443947 0.107830
v 0.827102 0.465827 0.107830
v 1.062891 0.376373 0.107830
v 0.827102 0.362310 0.107830
v 1.062891 0.362310 0.107830
v 0.827102 0.376373 0.107830
v 1.179264 0.362310 0.005751
v 1.062891 0.362310 0.085070
v 1.062891 0.362310 0.005751
v 1.062891 0.362310 0.107830
v 1.179264 0.362310 0.107830
v 1.356106 0.362310 0.005751
v 1.356106 0.362310 0.107830
v 0.156326 0.465827 0.085237
v 0.156326 0.465827 0.107830
v 0.156326 0.465827 0.005751
v 1.062891 0.465827 0.085070
v 0.827102 0.362310 0.085070
v 1.062891 0.362310 0.085070
v 0.827102 0.465827 0.085070
v 1.062891 0.909248 0.085070
v 0.827102 0.909248 0.085070
v 1.062891 0.957983 0.085070
v 0.827102 0.926353 0.085070
v 0.827102 0.957983 0.085070
v 1.062891 1.487666 0.085070
v 0.827102 1.487666 0.085070
v 0.827102 1.542965 0.085070
v 1.062891 1.542965 0.085070
v 1.062891 1.993405 0.085070
v 0.827102 1.993367 0.085070
v 0.827102 1.993405 0.085070
v 1.062891 2.032959 0.085070
v 0.827102 2.032959 0.085070
v 0.827102 0.465827 0.107830
v 0.182743 0.443947 0.107830
v 0.827102 0.443947 0.107830
v 0.827102 0.376373 0.107830
v 0.156326 0.362310 0.107830
v 0.827102 0.362310 0.107830
v 0.182743 0.376373 0.107830
v 0.156326 0.465827 0.107830
v 1.062891 0.443947 0.107830
v 0.827102 0.376373 0.107830
v 1.062891 0.376373 0.107830
v 0.827102 0.443947 0.107830
v 0.827102 0.362310 0.107830
v 0.827102 0.362310 0.085070
v 0.156326 0.465827 0.085237
v 0.156326 0.362310 0.107830
v 0.156326 0.465827 0.107830
v 0.156326 0.362310 0.085237
v 0.827102 2.094782 0.004313
v 0.827102 2.032959 0.004313
v 0.827102 2.091907 0.004313
v 0.827102 0.957983 -0.000000
v 0.827102 0.909248 -0.000000
v 0.827102 0.926353 -0.000000
v 0.827102 2.032959 0.022956
v 0.827102 1.993405 0.085070
v 0.827102 2.032959 0.085070
v 0.827102 1.993367 0.085070
v 0.827102 0.957983 0.085070
v 0.827102 2.094782 -0.139324
v 0.827102 0.000000 0.000000
v 0.827102 2.032959 -0.139324
v 0.827102 -0.000000 -0.150100
v 0.827102 2.032959 -0.150100
v 0.827102 0.465827 0.085070
v 0.827102 0.909248 0.085070
v 0.827102 0.362310 0.085070
v 0.827102 0.000000 0.085070
v 0.827102 1.487666 0.085070
v 0.827102 1.542965 0.085070
v 1.062891 0.362310 0.085070
v 0.827102 0.000000 0.085070
v 1.062891 0.000000 0.085070
v 0.827102 0.362310 0.085070
v 1.062891 1.799656 0.035346
v 1.062891 1.829495 0.039659
v 1.062891 1.799656 0.039659
v 1.062891 1.829495 0.035346
v 1.062891 1.868085 0.041097
v 1.062891 1.839540 0.039659
v 1.062891 1.868085 0.035346
v 1.062891 1.542965 0.039659
v 1.062891 1.839540 0.035346
v 1.062891 1.906705 0.042535
v 1.062891 1.879349 0.041097
v 1.062891 1.906705 0.035346
v 1.062891 1.879349 0.035346
v 1.062891 1.214674 0.020128
v 1.062891 1.244513 0.024442
v 1.062891 1.214674 0.024442
v 1.062891 1.244513 0.020128
v 1.062891 0.957983 0.024442
v 1.062891 1.321723 0.027317
v 1.062891 0.957983 0.027317
v 1.062891 1.283104 0.025879
v 1.062891 1.254558 0.024442
v 1.062891 1.283104 0.020128
v 1.062891 1.254558 0.020128
v 1.062891 1.294368 0.025879
v 1.062891 1.321723 0.020128
v 1.062891 1.294368 0.020128
v 1.062891 0.000000 0.000000
v 1.062891 0.362310 0.085070
v 1.062891 0.000000 0.085070
v 1.062891 0.465827 0.085070
v 1.062891 0.909248 0.085070
v 1.062891 2.032959 0.085011
v 1.062891 0.926353 0.027317
v 1.062891 0.926353 -0.000000
v 1.062891 1.331226 0.027317
v 1.062891 1.542965 -0.000000
v 1.062891 1.359112 0.020128
v 1.062891 1.331226 0.020128
v 1.062891 1.359112 -0.030192
v 1.062891 1.542965 -0.014975
v 1.062891 1.944094 -0.014975
v 1.062891 0.957983 -0.030192
v 1.062891 0.957983 -0.000000
v 1.062891 -0.000000 -0.150100
v 1.062891 2.032959 -0.138023
v 1.062891 2.032959 -0.139324
v 1.062891 2.032959 -0.150100
v 1.062891 1.916208 0.042535
v 1.062891 2.032959 0.022956
v 1.062891 1.944094 0.035346
v 1.062891 1.916208 0.035346
v 1.062891 2.032959 0.004313
v 1.062891 2.032959 -0.000000
v 1.062891 1.487666 0.085070
v 1.062891 0.957983 0.085070
v 1.062891 1.542965 0.085070
v 1.062891 1.993405 0.085070
v 1.062891 2.032959 0.085070
v 0.827102 1.487666 0.085070
v 0.827102 1.542965 0.126521
v 0.827102 1.487666 0.126521
v 0.827102 1.542965 0.085070
v 0.827102 0.909248 0.085070
v 0.827102 0.957983 0.119332
v 0.827102 0.909248 0.119332
v 0.827102 0.957983 0.085070
v 0.827102 0.926353 0.085070
v 0.827102 0.362310 0.005751
v 0.156326 0.362310 0.085237
v 0.156326 0.362310 0.005751
v 0.156326 0.362310 0.107830
v 0.156326 1.981639 0.085237
v 0.126515 1.649965 0.085237
v 0.156326 1.542965 0.085237
v 0.126515 1.928885 0.085237
v -0.047451 1.928885 0.085237
v 0.156326 0.362310 0.085237
v -0.079463 0.000000 0.085237
v 0.156326 0.000000 0.085237
v -0.047451 1.649965 0.085237
v -0.079463 1.981639 0.085237
v 0.156326 0.465827 0.085237
v 0.156326 0.909248 0.085237
v 0.156326 0.926353 0.085237
v 0.156326 0.957983 0.085237
v 0.156326 1.487666 0.085237
v 0.827102 0.909248 -0.000000
v 0.156326 0.909248 0.085237
v 0.156326 0.909248 -0.000000
v 0.156326 0.909248 0.119332
v 0.330127 0.909248 0.119332
v 0.330127 0.909248 0.152400
v 0.648501 0.909248 0.119332
v 0.827102 0.909248 0.119332
v 0.827102 0.909248 0.085070
v 0.648501 0.909248 0.152400
v 0.827102 0.957983 0.119332
v 0.649625 0.957983 0.033068
v 0.648501 0.957983 0.119332
v 0.781897 0.957983 0.033068
v 0.781897 0.957983 -0.000000
v 0.827102 0.957983 -0.000000
v 0.827102 0.957983 0.085070
v 0.648501 0.957983 0.152400
v 0.330127 0.957983 0.119332
v 0.330127 0.957983 0.152400
v 0.429461 0.957983 0.027317
v 0.561732 0.957983 0.027317
v 0.561732 0.957983 -0.000000
v 0.649625 0.957983 -0.000000
v 0.156326 0.957983 0.085237
v 0.156326 0.957983 0.119332
v 0.192959 0.957983 0.033068
v 0.156326 0.957983 -0.000000
v 0.325231 0.957983 0.033068
v 0.325231 0.957983 -0.000000
v 0.429461 0.957983 -0.000000
v 0.192959 0.957983 -0.000000
v 0.156326 1.487666 -0.000000
v 0.156326 1.487666 0.126521
v 0.156326 1.487666 0.085237
v 0.827102 1.487666 -0.000000
v 0.371199 1.487666 0.126521
v 0.371199 1.487666 0.161027
v 0.582644 1.487666 0.126521
v 0.827102 1.487666 0.126521
v 0.827102 1.487666 0.085070
v 0.582644 1.487666 0.161027
v 0.827102 1.542965 0.126521
v 0.644037 1.542965 0.021270
v 0.582644 1.542965 0.126521
v 0.776309 1.542965 0.021270
v 0.776309 1.542965 -0.000000
v 0.827102 1.542965 -0.000000
v 0.827102 1.542965 0.085070
v 0.582644 1.542965 0.161027
v 0.371199 1.542965 0.126521
v 0.371199 1.542965 0.161027
v 0.423873 1.542965 0.024146
v 0.556144 1.542965 0.024146
v 0.556144 1.542965 -0.000000
v 0.644037 1.542965 -0.000000
v 0.156326 1.542965 0.085237
v 0.156326 1.542965 0.126521
v 0.187371 1.542965 0.027021
v 0.156326 1.542965 -0.000000
v 0.319643 1.542965 0.027021
v 0.319643 1.542965 -0.000000
v 0.423873 1.542965 -0.000000
v 0.187371 1.542965 -0.000000
v 0.827102 1.542965 0.126521
v 0.582644 1.487666 0.126521
v 0.827102 1.487666 0.126521
v 0.582644 1.542965 0.126521
v 0.827102 0.957983 0.119332
v 0.648501 0.909248 0.119332
v 0.827102 0.909248 0.119332
v 0.648501 0.957983 0.119332
v 0.156326 0.957983 -0.000000
v 0.156326 1.487666 0.085237
v 0.156326 0.957983 0.085237
v 0.156326 1.542965 0.085237
v 0.156326 1.981639 0.085237
v 0.156326 1.993367 0.085237
v 0.156326 2.032959 0.085237
v 0.156326 2.032959 0.022956
v 0.156326 2.032959 0.004313
v 0.156326 0.000000 0.000000
v 0.156326 0.362310 0.085237
v 0.156326 0.000000 0.085237
v 0.156326 0.465827 0.085237
v 0.156326 0.909248 0.085237
v 0.156326 0.909248 -0.000000
v 0.156326 2.100533 -0.000000
v 0.156326 2.100533 0.004313
v 0.156326 -0.000000 -0.150552
v 0.156326 2.032959 -0.139324
v 0.156326 2.100533 -0.139324
v 0.156326 2.032959 -0.150552
v 0.156326 0.957983 0.085237
v 0.156326 0.909248 0.119332
v 0.156326 0.957983 0.119332
v 0.156326 0.909248 0.085237
v 0.156326 0.926353 0.085237
v 0.156326 1.542965 0.085237
v 0.156326 1.487666 0.126521
v 0.156326 1.542965 0.126521
v 0.156326 1.487666 0.085237
v -0.079463 1.981639 -0.150552
v -0.079463 0.000000 0.085237
v -0.079463 1.981639 0.085237
v -0.079463 -0.000000 -0.150552
v 0.648501 0.909248 0.119332
v 0.648501 0.957983 0.152400
v 0.648501 0.909248 0.152400
v 0.648501 0.957983 0.119332
v 0.648501 0.957983 0.152400
v 0.330127 0.909248 0.152400
v 0.648501 0.909248 0.152400
v 0.330127 0.957983 0.152400
v 0.330127 0.957983 0.119332
v 0.330127 0.909248 0.152400
v 0.330127 0.957983 0.152400
v 0.330127 0.909248 0.119332
v 0.330127 0.957983 0.119332
v 0.156326 0.909248 0.119332
v 0.330127 0.909248 0.119332
v 0.156326 0.957983 0.119332
v 0.582644 1.487666 0.126521
v 0.582644 1.542965 0.161027
v 0.582644 1.487666 0.161027
v 0.582644 1.542965 0.126521
v 0.582644 1.542965 0.161027
v 0.371199 1.487666 0.161027
v 0.582644 1.487666 0.161027
v 0.371199 1.542965 0.161027
v 0.371199 1.542965 0.126521
v 0.371199 1.487666 0.161027
v 0.371199 1.542965 0.161027
v 0.371199 1.487666 0.126521
v 0.371199 1.542965 0.126521
v 0.156326 1.487666 0.126521
v 0.371199 1.487666 0.126521
v 0.156326 1.542965 0.126521
v -0.079463 2.032959 -0.150552
v 0.000000 2.032959 -0.150552
v -0.079463 1.981639 -0.150552
v -0.079463 -0.000000 -0.150552
v 0.156326 -0.000000 -0.150552
v 0.000000 -0.000000 -0.150552
v 0.156326 2.032959 -0.150552
vn -0.0000 -0.0000 -1.0000
vn -0.0000 1.0000 -0.0000
vn -1.0000 -0.0000 -0.0000
vn -0.0000 -0.0000 1.0000
vn 1.0000 -0.0000 -0.0000
vn -0.0000 -1.0000 -0.0000
vn -0.0000 -0.0000 -0.0000
vn -0.0001 1.0000 -0.0000
vn -1.0000 -0.0000 0.0030
vn -1.0000 -0.0000 0.0067
vn -1.0000 -0.0000 0.0068
vn -1.0000 -0.0000 -0.0007
vn 0.0061 -0.0000 1.0000
vn -0.0000 1.0000 -0.0001
vn -0.0000 1.0000 0.0001
vt -29.247799 23.195539
vt -31.069550 0.000000
vt -29.247799 0.000000
vt -31.938089 0.000000
vt -31.938089 22.609989
vt -31.938089 23.195539
vt -31.069550 23.195539
vt -0.000000 23.868109
vt 0.082021 23.195539
vt 0.082021 23.868109
vt 0.000000 10.995959
vt -0.000000 10.374290
vt -1.589650 23.868109
vt 0.965683 5.314961
vt 0.965683 10.374290
vt 0.965683 4.133858
vt 0.965683 -0.000000
vt -0.000000 -0.000000
vt -1.724606 -0.000000
vt -1.589650 23.195539
vt -1.724606 23.195539
vt 0.261923 23.195539
vt 0.965683 22.745350
vt 0.965683 23.195539
vt 0.965683 22.609989
vt 0.965683 17.604830
vt 0.965683 16.973869
vt 0.965683 10.995959
vt 1.724606 0.000000
vt -0.965683 21.661409
vt -0.965683 0.000000
vt -0.965683 22.609989
vt 1.724606 22.609989
vt 31.938089 21.661409
vt 29.247799 0.000000
vt 31.938089 0.000000
vt 29.247799 4.133858
vt 29.247799 5.314961
vt 29.247799 10.374290
vt 29.247799 10.995959
vt 29.247799 16.973869
vt 29.247799 17.604830
vt 29.247799 22.609989
vt 31.938089 22.609989
vt -21.528990 -0.978587
vt -21.528990 0.000000
vt -21.528990 -1.427165
vt -22.935150 -1.427165
vt -22.935150 -1.820866
vt -26.645149 -1.427165
vt -29.247799 -1.427165
vt -29.247799 -0.965683
vt -26.645149 -1.820866
vt 22.935150 -1.427165
vt 21.528990 -0.978587
vt 21.528990 -1.427165
vt 21.528990 -0.194508
vt 23.038170 -0.194508
vt 29.247799 -1.427165
vt 26.739429 -0.128891
vt 26.645149 -1.427165
vt 28.248610 -0.128891
vt 28.248610 -0.000000
vt 29.247799 -0.965683
vt 26.645149 -1.820866
vt 22.935150 -1.820866
vt 23.038170 -0.000000
vt 24.227409 -0.161700
vt 25.736589 -0.161700
vt 25.736589 -0.000000
vt 26.739429 -0.000000
vt 24.227409 -0.000000
vt -0.965683 16.973869
vt -1.607612 17.604830
vt -1.607612 16.973869
vt -0.965683 17.604830
vt -0.965683 10.374290
vt -1.427165 10.995959
vt -1.427165 10.374290
vt -0.965683 10.995959
vt 26.645149 10.374290
vt 26.645149 10.995959
vt -1.820866 10.995959
vt -1.820866 10.374290
vt 22.935150 10.374290
vt 22.935150 10.995959
vt 1.427165 10.995959
vt 1.820866 10.374290
vt 1.820866 10.995959
vt 1.427165 10.374290
vt 21.528990 10.374290
vt 21.528990 10.995959
vt 0.978587 10.995959
vt 0.978587 10.374290
vt -0.145296 13.924729
vt -0.194508 14.265189
vt -0.194508 13.924729
vt -0.145296 14.265189
vt -0.194508 10.995959
vt -0.978587 16.973869
vt -0.978587 10.995959
vt -0.227316 15.146130
vt -0.210912 14.705500
vt -0.194508 14.379800
vt -0.145296 14.705500
vt -0.145296 14.379800
vt -0.210912 14.834009
vt -0.145296 15.146130
vt -0.145296 14.834009
vt -0.978587 4.133858
vt -0.978587 -0.000000
vt -0.065617 4.133858
vt -0.065617 5.314961
vt -0.227316 15.254560
vt 0.000000 16.973869
vt -0.145296 15.572730
vt -0.145296 15.254560
vt 0.428852 15.572730
vt 0.000000 17.604830
vt -0.978587 10.374290
vt -0.978587 5.314961
vt 1.465639 -0.000000
vt 0.428852 10.995959
vt -0.978587 23.195539
vt -0.978587 17.604830
vt -0.967608 23.195539
vt -0.261923 23.195539
vt -0.082021 23.195539
vt -0.082021 23.802490
vt 0.000000 23.802490
vt 1.465639 23.802490
vt 0.000000 10.569449
vt -21.528990 -1.607612
vt -24.137180 -1.607612
vt -24.137180 -2.001312
vt -26.692490 -1.607612
vt -29.247799 -1.607612
vt -26.692490 -2.001312
vt 29.247799 -1.607612
vt 27.231550 -0.181657
vt 26.692490 -1.607612
vt 28.740740 -0.181657
vt 28.740740 0.000000
vt 26.692490 -2.001312
vt 24.137180 -1.607612
vt 24.137180 -2.001312
vt 24.719530 -0.214465
vt 26.228720 -0.214465
vt 26.228720 0.000000
vt 27.231550 0.000000
vt 21.528990 -1.607612
vt 21.528990 0.000000
vt 22.021109 -0.247274
vt 23.530300 -0.247274
vt 23.530300 0.000000
vt 24.719530 0.000000
vt 22.021109 0.000000
vt 26.692490 16.973869
vt 26.692490 17.604830
vt 18.838699 5.314961
vt 21.528990 5.314961
vt 18.838699 10.374290
vt 18.838699 10.930340
vt 18.838699 16.973869
vt 21.528990 16.973869
vt 21.528990 17.604830
vt 18.838699 17.604830
vt 21.162750 18.825670
vt 21.528990 23.195539
vt 21.162750 22.024229
vt 19.194239 22.024229
vt 18.838699 22.742420
vt 18.838699 23.195539
vt 19.194239 18.825670
vt 29.247799 -1.213911
vt 21.528990 -1.213911
vt 21.528990 -0.065617
vt 29.247799 -0.065617
vt -29.247799 -0.065617
vt -21.528990 -0.065617
vt -21.528990 -1.213911
vt -29.247799 -1.213911
vt 21.528990 4.133858
vt 18.838699 0.000000
vt 18.838699 4.133858
vt -2.001312 17.604830
vt -2.001312 16.973869
vt 24.137180 16.973869
vt 24.137180 17.604830
vt 1.607612 17.604830
vt 2.001312 16.973869
vt 2.001312 17.604830
vt 1.607612 16.973869
vt 0.978587 17.604830
vt 0.978587 16.973869
vt 0.968280 23.195539
vt 0.978587 22.742420
vt 0.978587 23.195539
vt 0.978587 10.930340
vt 0.978587 5.314961
vt 0.978587 4.133858
vt 0.978587 0.000000
vt -0.000000 23.195539
vt -1.465639 23.195539
vt -1.465639 0.000000
vt 18.838699 -0.978587
vt 18.838699 -1.230315
vt -1.492782 17.604830
vt -1.492782 16.973869
vt -1.377953 10.930340
vt -1.377953 10.374290
vt -0.978587 10.930340
vt -18.838699 -0.978587
vt 21.521179 5.314961
vt 18.830849 4.294322
vt 18.830849 4.133858
vt 18.830849 5.065320
vt 18.830849 5.314961
vt 12.127310 -0.970625
vt 12.127310 -1.230315
vt 12.127310 -0.065617
vt 18.838699 -0.065617
vt -18.838699 -0.000000
vt -12.127310 -0.970625
vt -12.127310 -0.000000
vt -12.127310 -1.492782
vt -18.838699 -1.492782
vt 18.838699 -1.492782
vt 12.127310 -1.492782
vt 12.127310 -0.452504
vt 13.636490 -0.452504
vt 14.825729 -0.419696
vt 13.636490 0.000000
vt 16.334919 -0.419696
vt 16.334919 0.000000
vt 17.337749 -0.386887
vt 18.838699 -0.386887
vt 17.337749 0.000000
vt 14.825729 0.000000
vt 12.127310 16.973869
vt 12.127310 17.604830
vt -12.127310 -1.377953
vt -18.838699 -1.377953
vt 18.838699 -1.377953
vt 12.127310 -1.377953
vt 12.127310 -0.311680
vt 12.127310 -0.278871
vt 13.636490 -0.278871
vt 14.825729 -0.246063
vt 16.334919 -0.246063
vt 17.337749 -0.213255
vt 18.838699 -0.213255
vt 12.127310 10.374290
vt 12.127310 10.930340
vt 21.521179 4.133858
vt -18.838699 -1.230315
vt 12.127310 5.065320
vt 18.838699 5.065320
vt 12.127310 5.314961
vt 18.838699 4.294322
vt 17.490530 4.133858
vt 15.472810 4.133858
vt 13.455100 4.133858
vt 12.127310 4.133858
vt 12.127310 4.294322
vt 9.437019 -0.970625
vt 9.437019 -1.230315
vt 9.437019 -0.065617
vt 0.970625 17.604830
vt 1.492782 16.973869
vt 1.492782 17.604830
vt 0.970625 16.973869
vt 0.970625 10.930340
vt 1.377953 10.374290
vt 1.377953 10.930340
vt 0.970625 10.374290
vt -18.838699 -0.065617
vt -17.490530 -1.230315
vt -17.490530 -0.065617
vt 9.437019 5.065320
vt 9.437019 5.314961
vt 9.437019 4.133858
vt 9.437019 4.294322
vt -13.455100 -0.065617
vt -12.127310 -0.065617
vt -12.127310 -1.230315
vt -13.455100 -1.230315
vt -15.472810 -0.065617
vt -15.472810 -1.230315
vt 1.783640 -0.972534
vt 1.783640 -1.230315
vt 1.783640 -0.065617
vt 9.437019 10.374290
vt 9.437019 10.569449
vt 9.437019 10.930340
vt 9.437019 16.973869
vt 9.437019 17.604830
vt 12.127310 22.744230
vt 9.437019 22.743799
vt 9.437019 22.744230
vt 12.127310 23.195539
vt 9.437019 23.195539
vt 2.085050 5.065320
vt 1.783640 4.133858
vt 2.085050 4.294322
vt 1.783640 5.314961
vt -9.437019 -1.230315
vt -9.437019 -0.970625
vt 0.972534 5.314961
vt 1.230315 4.133858
vt 1.230315 5.314961
vt 0.972534 4.133858
vt 0.049213 23.900919
vt 0.049213 23.195539
vt 0.049213 23.868109
vt 0.000000 10.930340
vt 0.970625 22.744230
vt 0.970625 23.195539
vt 0.970625 22.743799
vt -1.589650 23.900919
vt -1.712608 -0.000000
vt -1.712608 23.195539
vt 0.970625 5.314961
vt 0.970625 4.133858
vt 0.970625 -0.000000
vt 9.437019 -0.000000
vt 12.127310 -0.000000
vt -0.403291 20.533600
vt -0.452504 20.874060
vt -0.452504 20.533600
vt -0.403291 20.874060
vt -0.468908 21.314369
vt -0.452504 20.988670
vt -0.403291 21.314369
vt -0.452504 17.604830
vt -0.403291 20.988670
vt -0.485312 21.755001
vt -0.468908 21.442879
vt -0.403291 21.755001
vt -0.403291 21.442879
vt -0.229659 13.859119
vt -0.278871 14.199570
vt -0.278871 13.859119
vt -0.229659 14.199570
vt -0.278871 10.930340
vt -0.311680 15.080509
vt -0.311680 10.930340
vt -0.295276 14.639879
vt -0.278871 14.314179
vt -0.229659 14.639879
vt -0.229659 14.314179
vt -0.295276 14.768390
vt -0.229659 15.080509
vt -0.229659 14.768390
vt -0.970625 4.133858
vt -0.970625 0.000000
vt -0.970625 5.314961
vt -0.970625 10.374290
vt -0.969954 23.195539
vt -0.311680 10.569449
vt -0.311680 15.188940
vt -0.229659 15.507110
vt -0.229659 15.188940
vt 0.344488 15.507110
vt 0.170855 17.604830
vt 0.170855 22.181599
vt 0.344488 10.930340
vt 1.712608 0.000000
vt 1.574803 23.195539
vt 1.589650 23.195539
vt 1.712608 23.195539
vt -0.485312 21.863430
vt -0.403291 22.181599
vt -0.403291 21.863430
vt -0.049213 23.195539
vt -0.970625 16.973869
vt -0.970625 10.930340
vt -0.970625 17.604830
vt -0.970625 22.744230
vt -0.970625 23.195539
vt -1.443570 17.604830
vt -1.443570 16.973869
vt -1.361549 10.930340
vt -1.361549 10.374290
vt -0.970625 10.569449
vt -9.437019 -0.065617
vt -1.783640 -0.972534
vt -1.783640 -0.065617
vt -1.783640 -1.230315
vt 1.783640 22.609989
vt 1.443504 18.825670
vt 1.783640 17.604830
vt 1.443504 22.008080
vt -0.541404 22.008080
vt -0.906648 0.000000
vt 1.783640 0.000000
vt -0.541404 18.825670
vt -0.906648 22.609989
vt 1.783640 10.374290
vt 1.783640 10.569449
vt 1.783640 10.930340
vt 1.783640 16.973869
vt -9.437019 0.000000
vt -1.783640 0.000000
vt -1.783640 -1.361549
vt -3.766661 -1.361549
vt -3.766661 -1.738845
vt -7.399231 -1.361549
vt -9.437019 -1.361549
vt -7.399231 -1.738845
vt 9.437019 -1.361549
vt 7.412054 -0.377297
vt 7.399231 -1.361549
vt 8.921240 -0.377297
vt 8.921240 -0.000000
vt 7.399231 -1.738845
vt 3.766661 -1.361549
vt 3.766661 -1.738845
vt 4.900035 -0.311680
vt 6.409221 -0.311680
vt 6.409221 -0.000000
vt 7.412054 -0.000000
vt 1.783640 -1.361549
vt 2.201613 -0.377297
vt 3.710800 -0.377297
vt 3.710800 -0.000000
vt 4.900035 -0.000000
vt 2.201613 -0.000000
vt -1.783640 -1.443570
vt -4.235284 -1.443570
vt -4.235284 -1.837270
vt -6.647815 -1.443570
vt -9.437019 -1.443570
vt -6.647815 -1.837270
vt 9.437019 -1.443570
vt 7.348296 -0.242689
vt 6.647815 -1.443570
vt 8.857483 -0.242689
vt 8.857483 -0.000000
vt 6.647815 -1.837270
vt 4.235284 -1.443570
vt 4.235284 -1.837270
vt 4.836277 -0.275498
vt 6.345464 -0.275498
vt 6.345464 -0.000000
vt 7.348296 -0.000000
vt 1.783640 -1.443570
vt 2.137856 -0.308306
vt 3.647042 -0.308306
vt 3.647042 0.000000
vt 4.836277 -0.000000
vt 2.137856 0.000000
vt 6.647815 16.973869
vt 6.647815 17.604830
vt 7.399231 10.374290
vt 7.399231 10.930340
vt -0.972534 16.973869
vt -0.972534 10.930340
vt -0.972534 17.604830
vt -0.972534 22.609989
vt -0.972534 22.743799
vt -0.972534 23.195539
vt -0.972534 4.133858
vt -0.972534 0.000000
vt -0.972534 5.314961
vt -0.972534 10.374290
vt 0.000000 23.966539
vt -0.049213 23.966539
vt 1.717754 0.000000
vt 1.589650 23.966539
vt 1.717754 23.195539
vt 0.972534 10.930340
vt 1.361549 10.374290
vt 1.361549 10.930340
vt 0.972534 10.374290
vt 0.972534 10.569449
vt 0.972534 17.604830
vt 1.443570 16.973869
vt 1.443570 17.604830
vt 0.972534 16.973869
vt -1.717754 22.609989
vt 0.972534 0.000000
vt 0.972534 22.609989
vt -1.717754 0.000000
vt -1.738845 10.930340
vt -1.738845 10.374290
vt 3.766661 10.374290
vt 3.766661 10.930340
vt 1.738845 10.374290
vt 1.738845 10.930340
vt -1.837270 17.604830
vt -1.837270 16.973869
vt 4.235284 16.973869
vt 4.235284 17.604830
vt 1.837270 16.973869
vt 1.837270 17.604830
vt 0.906648 23.195539
vt 0.906648 22.609989
vt 0.906648 0.000000
vt -1.783640 23.195539
s 1
usemtl Granite_Brown
f 745/512/38 746/513/38 747/514/38
f 746/513/38 745/512/38 748/515/38
f 748/515/38 745/512/38 749/516/38
f 749/516/38 745/512/38 750/517/38
s 0
f 750/517/39 745/512/39 751/518/39
s 1
f 752/519/40 753/520/40 754/521/40
f 753/520/40 752/519/40 755/522/40
s 0
f 755/522/41 752/519/41 756/523/41
s 1
f 756/523/40 752/519/40 757/524/40
f 756/523/40 758/525/40 759/526/40
f 758/525/40 756/523/40 760/527/40
f 760/527/40 756/523/40 761/528/40
f 761/528/40 756/523/40 762/529/40
f 762/529/40 756/523/40 763/530/40
f 763/530/40 756/523/40 764/531/40
f 764/531/40 756/523/40 757/524/40
f 763/530/40 764/531/40 765/532/40
f 766/533/40 767/534/40 768/535/40
f 767/534/40 766/533/40 769/536/40
f 769/536/40 766/533/40 770/537/40
f 770/537/40 766/533/40 771/538/40
f 771/538/40 766/533/40 772/539/40
f 772/539/40 766/533/40 755/522/40
f 755/522/40 766/533/40 753/520/40
f 773/540/42 774/541/42 775/542/42
f 774/541/42 773/540/42 776/543/42
f 776/543/42 773/540/42 777/544/42
f 778/545/41 779/546/41 780/547/41
f 779/546/41 778/545/41 781/548/41
f 781/548/41 778/545/41 782/549/41
f 782/549/41 778/545/41 783/550/41
f 783/550/41 778/545/41 784/551/41
f 784/551/41 778/545/41 785/552/41
f 785/552/41 778/545/41 786/553/41
f 786/553/41 778/545/41 787/554/41
f 787/554/41 778/545/41 788/555/41
f 789/514/43 790/556/43 791/557/43
f 790/556/43 789/514/43 792/558/43
f 792/558/43 789/514/43 793/559/43
f 793/559/43 789/514/43 794/560/43
f 794/560/43 789/514/43 795/561/43
f 795/561/43 789/514/43 796/562/43
s 0
f 796/562/44 789/514/44 797/563/44
s 1
f 798/564/43 794/560/43 795/561/43
f 799/565/39 800/566/39 801/567/39
f 800/566/39 799/565/39 802/568/39
f 802/568/39 799/565/39 803/569/39
f 804/570/39 805/571/39 806/572/39
f 805/571/39 804/570/39 807/573/39
f 807/573/39 804/570/39 808/574/39
f 808/574/39 804/570/39 809/546/39
s 0
f 809/546/44 804/570/44 810/575/44
s 1
f 811/576/39 799/565/39 812/577/39
f 799/565/39 811/576/39 803/569/39
f 803/569/39 811/576/39 813/578/39
f 813/578/39 811/576/39 814/579/39
f 814/579/39 811/576/39 815/580/39
f 815/580/39 811/576/39 816/581/39
f 816/581/39 811/576/39 806/572/39
f 816/581/39 806/572/39 817/582/39
f 817/582/39 806/572/39 805/571/39
f 818/583/39 813/578/39 814/579/39
f 819/584/42 820/585/42 821/586/42
f 820/585/42 819/584/42 822/587/42
f 823/588/42 824/589/42 825/590/42
f 824/589/42 823/588/42 826/591/42
f 827/551/41 828/592/41 829/550/41
f 828/592/41 827/551/41 830/593/41
f 831/590/42 832/594/42 833/595/42
f 832/594/42 831/590/42 834/589/42
f 835/593/41 836/596/41 837/592/41
f 836/596/41 835/593/41 838/597/41
f 839/598/40 840/599/40 841/600/40
f 840/599/40 839/598/40 842/601/40
f 843/597/41 844/602/41 845/596/41
f 844/602/41 843/597/41 846/603/41
f 847/604/40 848/601/40 849/598/40
f 848/601/40 847/604/40 850/605/40
f 851/606/42 852/607/42 853/608/42
f 852/607/42 851/606/42 854/609/42
f 855/610/42 856/611/42 857/612/42
f 856/611/42 855/610/42 858/613/42
f 858/613/42 855/610/42 859/614/42
f 859/614/42 855/610/42 853/608/42
f 859/614/42 853/608/42 860/615/42
f 859/614/42 860/615/42 861/616/42
s 0
f 860/615/45 853/608/39 852/607/39
s 1
f 861/616/42 860/615/42 862/617/42
f 858/613/42 863/618/42 864/619/42
f 863/618/42 858/613/42 859/614/42
f 864/619/42 863/618/42 865/620/42
f 866/529/42 867/621/42 868/622/42
f 867/621/42 866/529/42 869/623/42
f 869/623/42 866/529/42 870/624/42
f 856/611/42 871/625/42 872/626/42
f 871/625/42 856/611/42 858/613/42
f 872/626/42 871/625/42 873/627/42
f 873/627/42 871/625/42 874/628/42
f 872/626/42 873/627/42 875/629/42
f 872/626/42 875/629/42 876/630/42
f 870/624/42 877/631/42 878/632/42
f 877/631/42 870/624/42 879/523/42
f 879/523/42 870/624/42 866/529/42
f 879/523/42 866/529/42 880/633/42
f 879/523/42 880/633/42 881/634/42
f 881/634/42 880/633/42 875/629/42
f 876/630/42 882/635/42 883/636/42
f 882/635/42 876/630/42 884/637/42
f 884/637/42 876/630/42 885/638/42
f 885/638/42 876/630/42 886/639/42
f 886/639/42 876/630/42 887/640/42
f 887/640/42 876/630/42 888/641/42
f 888/641/42 876/630/42 889/642/42
f 889/642/42 876/630/42 875/629/42
f 889/642/42 875/629/42 880/633/42
f 890/643/42 881/634/42 891/522/42
f 881/634/42 890/643/42 879/523/42
f 892/514/43 893/556/43 894/557/43
f 893/556/43 892/514/43 895/644/43
f 895/644/43 892/514/43 896/645/43
f 896/645/43 892/514/43 897/646/43
f 897/646/43 892/514/43 898/647/43
f 898/647/43 892/514/43 899/648/43
s 0
f 899/648/39 892/514/39 900/563/39
s 1
f 901/649/43 897/646/43 898/647/43
f 902/650/39 903/651/39 904/652/39
f 903/651/39 902/650/39 905/653/39
f 905/653/39 902/650/39 906/654/39
f 906/654/39 902/650/39 907/546/39
s 0
f 907/546/39 902/650/39 908/575/39
s 1
f 909/655/39 910/656/39 911/657/39
f 910/656/39 909/655/39 912/658/39
f 912/658/39 909/655/39 913/659/39
f 913/659/39 909/655/39 914/660/39
f 914/660/39 909/655/39 904/652/39
f 914/660/39 904/652/39 915/661/39
f 915/661/39 904/652/39 903/651/39
f 910/656/39 916/566/39 917/662/39
f 916/566/39 910/656/39 918/663/39
f 918/663/39 910/656/39 919/664/39
f 919/664/39 910/656/39 920/665/39
f 920/665/39 910/656/39 921/666/39
f 921/666/39 910/656/39 922/667/39
f 922/667/39 910/656/39 912/658/39
f 923/668/39 918/663/39 919/664/39
f 924/553/41 925/669/41 926/552/41
f 925/669/41 924/553/41 927/670/41
f 928/602/41 929/671/41 930/672/41
f 929/671/41 928/602/41 931/673/41
f 931/673/41 928/602/41 932/603/41
f 931/673/41 932/603/41 933/674/41
f 933/674/41 932/603/41 934/675/41
f 934/675/41 932/603/41 935/676/41
f 934/675/41 935/676/41 936/677/41
f 934/675/41 936/677/41 937/678/41
f 937/678/41 936/677/41 938/679/41
f 938/679/41 936/677/41 939/680/41
f 938/679/41 939/680/41 940/681/41
f 940/681/41 939/680/41 941/682/41
f 941/682/41 939/680/41 942/683/41
f 942/683/41 939/680/41 943/684/41
f 937/678/41 944/685/41 942/683/41
f 944/685/41 937/678/41 938/679/41
f 942/683/41 944/685/41 941/682/41
f 945/686/39 946/566/39 947/687/39
f 946/566/39 945/686/39 948/688/39
f 948/688/39 945/686/39 949/689/39
s 0
f 949/689/40 945/686/40 950/575/40
s 1
f 951/690/43 952/556/43 953/691/43
f 952/556/43 951/690/43 954/692/43
f 954/692/43 951/690/43 955/693/43
s 0
f 955/693/39 951/690/39 956/563/39
s 1
f 957/694/41 958/695/41 959/663/41
f 958/695/41 957/694/41 960/696/41
f 961/586/42 962/697/42 963/698/42
f 962/697/42 961/586/42 964/585/42
f 965/670/41 966/699/41 967/669/41
f 966/699/41 965/670/41 968/700/41
f 969/701/40 970/702/40 971/703/40
f 970/702/40 969/701/40 972/704/40
f 973/700/41 974/676/41 975/699/41
f 974/676/41 973/700/41 976/677/41
f 977/705/40 978/704/40 979/701/40
f 978/704/40 977/705/40 980/706/40
f 981/707/46 982/708/40 983/709/40
f 982/708/40 981/707/46 984/705/40
f 984/705/40 981/707/46 985/706/40
f 985/706/40 981/707/46 986/710/47
f 986/710/47 981/707/46 987/605/48
f 987/605/48 981/707/46 988/711/49
f 988/711/49 981/707/46 989/712/40
f 989/712/40 981/707/46 990/713/40
f 990/713/40 981/707/46 991/529/40
f 991/529/40 981/707/46 992/533/40
f 991/529/40 992/533/40 993/520/40
f 991/529/40 993/520/40 994/714/40
f 991/529/40 994/714/40 995/715/40
f 991/529/40 995/715/40 996/716/40
f 997/687/39 998/717/39 999/718/39
f 998/717/39 997/687/39 1000/566/39
f 1001/611/42 1002/719/42 1003/720/42
f 1002/719/42 1001/611/42 1004/636/42
f 1005/631/42 1006/721/42 1007/722/42
f 1006/721/42 1005/631/42 1008/723/42
f 1009/549/41 1010/694/41 1011/548/41
f 1010/694/41 1009/549/41 1012/672/41
f 954/692/43 1013/724/43 952/556/43
f 1014/725/50 1015/726/50 1016/727/50
f 1015/726/50 1014/725/50 1017/728/50
f 1017/728/50 1014/725/50 1018/729/50
f 1019/718/39 1020/730/39 1021/731/39
f 1020/730/39 1019/718/39 1022/732/39
f 1022/732/39 1019/718/39 1023/733/39
s 0
f 1023/733/40 1019/718/40 1024/717/40
s 1
f 1025/734/43 1026/735/43 1027/736/43
f 1026/735/43 1025/734/43 1028/737/43
f 1028/737/43 1025/734/43 1029/738/43
s 0
f 1029/738/44 1025/734/44 1030/724/44
s 1
f 1031/739/39 1032/730/39 1033/740/39
f 1032/730/39 1031/739/39 1034/741/39
f 1034/741/39 1031/739/39 1035/742/39
f 1035/742/39 1031/739/39 1036/743/39
f 1035/742/39 1036/743/39 1037/744/39
f 1036/743/39 1031/739/39 1038/745/39
f 1038/745/39 1031/739/39 1039/746/39
f 1039/746/39 1031/739/39 1040/747/39
f 1040/747/39 1031/739/39 1041/748/39
s 0
f 1041/748/44 1031/739/44 1042/717/44
s 1
f 1043/749/39 1039/746/39 1040/747/39
f 1044/750/39 1037/744/39 1036/743/39
f 1045/678/41 1046/751/41 1047/675/41
f 1046/751/41 1045/678/41 1048/752/41
f 1049/734/43 1050/735/43 1051/736/43
f 1050/735/43 1049/734/43 1052/753/43
f 1052/753/43 1049/734/43 1053/754/43
s 0
f 1053/754/44 1049/734/44 1054/724/44
s 1
f 1055/755/39 1056/730/39 1057/756/39
f 1056/730/39 1055/755/39 1058/757/39
f 1058/757/39 1055/755/39 1059/758/39
f 1059/758/39 1055/755/39 1060/759/39
f 1060/759/39 1055/755/39 1061/744/39
f 1061/744/39 1055/755/39 1062/760/39
f 1062/760/39 1055/755/39 1063/761/39
f 1063/761/39 1055/755/39 1064/746/39
f 1064/746/39 1055/755/39 1065/762/39
f 1065/762/39 1055/755/39 1066/763/39
s 0
f 1066/763/40 1055/755/40 1067/717/40
s 1
f 1068/749/39 1064/746/39 1065/762/39
f 1069/750/39 1061/744/39 1062/760/39
f 1070/674/41 1071/764/41 1072/673/41
f 1071/764/41 1070/674/41 1073/765/41
f 1074/725/50 1075/727/50 1076/766/50
f 954/692/43 1077/767/43 1013/724/43
f 1078/671/41 1079/768/41 1080/769/41
f 1079/768/41 1078/671/41 1081/770/41
f 1082/771/41 1083/772/41 1084/696/41
f 1083/772/41 1082/771/41 1085/773/41
f 1085/773/41 1082/771/41 1086/774/41
f 1086/774/41 1082/771/41 1087/775/41
f 1087/775/41 1082/771/41 1088/776/41
f 1089/731/39 1090/777/39 1091/778/39
f 1090/777/39 1089/731/39 1092/779/39
f 1092/779/39 1089/731/39 1093/732/39
s 0
f 1093/732/40 1089/731/40 1094/730/40
s 1
f 1095/780/40 1096/781/40 1097/782/40
f 1096/781/40 1095/780/40 1098/783/40
f 1099/784/40 1100/785/40 1101/786/40
f 1100/785/40 1099/784/40 1102/787/40
f 1103/788/43 1104/789/43 1105/790/43
f 1104/789/43 1103/788/43 1077/767/43
s 0
f 1077/767/44 1103/788/44 1013/724/44
s 1
f 1106/770/41 1107/791/41 1108/768/41
f 1107/791/41 1106/770/41 1109/792/41
f 1110/776/41 1111/793/41 1112/775/41
f 1111/793/41 1110/776/41 1113/794/41
f 1114/795/43 1115/735/43 1116/796/43
f 1115/735/43 1114/795/43 1117/797/43
f 1117/797/43 1114/795/43 1118/798/43
f 1119/799/43 1118/798/43 1114/795/43
f 1118/798/43 1119/799/43 1120/800/43
f 1105/790/43 1120/800/43 1119/799/43
f 1120/800/43 1105/790/43 1104/789/43
f 1091/778/39 1121/801/39 1122/802/39
f 1121/801/39 1091/778/39 1123/803/39
f 1123/803/39 1091/778/39 1092/779/39
s 0
f 1092/779/44 1091/778/44 1090/777/44
s 1
f 1124/770/41 1125/793/41 1126/775/41
f 1125/793/41 1124/770/41 1127/792/41
f 1127/792/41 1124/770/41 1128/764/41
f 1127/792/41 1128/764/41 1129/804/41
f 1129/804/41 1128/764/41 1130/765/41
f 1129/804/41 1130/765/41 1131/805/41
f 1131/805/41 1130/765/41 1132/806/41
f 1132/806/41 1130/765/41 1133/751/41
f 1132/806/41 1133/751/41 1134/807/41
f 1134/807/41 1133/751/41 1135/808/41
f 1135/808/41 1133/751/41 1136/752/41
f 1135/808/41 1136/752/41 1137/809/41
f 1135/808/41 1137/809/41 1138/810/41
f 1138/810/41 1137/809/41 1139/811/41
f 1139/811/41 1137/809/41 1140/812/41
f 1139/811/41 1140/812/41 1141/813/41
f 1142/792/41 1143/814/41 1144/791/41
f 1145/794/41 1146/815/41 1147/793/41
f 1146/815/41 1145/794/41 1148/816/41
f 1146/815/41 1148/816/41 1149/817/41
f 1149/817/41 1148/816/41 1143/814/41
f 1149/817/41 1143/814/41 1142/792/41
f 1150/768/41 1151/794/41 1152/776/41
f 1151/794/41 1150/768/41 1153/791/41
f 1115/735/43 1154/818/43 1155/819/43
f 1154/818/43 1115/735/43 1117/797/43
f 1156/820/40 1157/821/40 1158/822/40
f 1157/821/40 1156/820/40 1159/823/40
s 0
f 1160/824/45 1161/825/39 1162/826/39
f 1163/827/40 1164/523/40 1165/643/40
s 1
f 1166/533/40 1167/828/40 1168/829/40
f 1167/828/40 1166/533/40 1169/830/40
f 1169/830/40 1166/533/40 1170/784/40
f 1170/784/40 1166/533/40 1163/827/40
f 1163/827/40 1166/533/40 1161/825/40
f 1163/827/40 1161/825/40 1160/824/40
f 1163/827/40 1160/824/40 1171/831/40
f 1163/827/40 1171/831/40 1172/529/40
f 1172/529/40 1171/831/40 1173/531/40
f 1172/529/40 1173/531/40 1174/832/40
f 1174/832/40 1173/531/40 1175/833/40
f 1164/523/40 1176/834/40 1177/787/40
f 1176/834/40 1164/523/40 1178/835/40
f 1178/835/40 1164/523/40 1179/836/40
f 1179/836/40 1164/523/40 1172/529/40
s 0
f 1172/529/41 1164/523/41 1163/827/41
f 1169/830/38 1180/783/38 1181/780/38
f 1180/783/39 1169/830/45 1170/784/39
s 1
f 1182/775/41 1183/837/41 1184/838/41
f 1183/837/41 1182/775/41 1185/793/41
f 1186/839/42 1187/840/42 1188/841/42
f 1187/840/42 1186/839/42 1189/842/42
f 1190/843/42 1191/844/42 1192/845/42
f 1191/844/42 1190/843/42 1188/841/42
f 1188/841/42 1190/843/42 1193/846/42
s 0
f 1191/844/41 1188/841/41 1187/840/41
s 1
f 1192/845/42 1191/844/42 1194/847/42
f 1195/848/42 1196/849/42 1197/850/42
f 1196/849/42 1195/848/42 1190/843/42
f 1197/850/42 1196/849/42 1198/851/42
f 1199/852/42 1200/853/42 1201/854/42
f 1200/853/42 1199/852/42 1202/855/42
f 1203/856/42 1204/857/42 1205/858/42
f 1204/857/42 1203/856/42 1206/859/42
f 1206/859/42 1203/856/42 1201/854/42
f 1206/859/42 1201/854/42 1207/860/42
f 1206/859/42 1207/860/42 1208/861/42
s 0
f 1207/860/41 1201/854/41 1200/853/41
s 1
f 1208/861/42 1207/860/42 1209/862/42
f 1204/857/42 1210/863/42 1211/864/42
f 1210/863/42 1204/857/42 1206/859/42
f 1211/864/42 1210/863/42 1212/865/42
f 1213/529/42 1214/866/42 1215/867/42
f 1214/866/42 1213/529/42 1216/868/42
f 1216/868/42 1213/529/42 1217/869/42
f 1217/869/42 1213/529/42 1218/870/42
f 1218/870/42 1213/529/42 1219/871/42
f 1218/870/42 1219/871/42 1193/846/42
f 1218/870/42 1193/846/42 1195/848/42
f 1195/848/42 1193/846/42 1190/843/42
f 1219/871/42 1213/529/42 1220/643/42
f 1193/846/42 1221/872/42 1222/630/42
f 1221/872/42 1193/846/42 1219/871/42
s 0
f 1221/872/38 1219/871/38 1205/858/38
f 1221/872/51 1205/858/39 1204/857/39
s 1
f 1222/630/42 1221/872/42 1223/873/42
f 1223/873/42 1221/872/42 1224/874/42
f 1222/630/42 1223/873/42 1225/875/42
f 1222/630/42 1225/875/42 1226/876/42
f 1226/876/42 1225/875/42 1227/877/42
f 1220/643/42 1228/878/42 1229/827/42
f 1228/878/42 1220/643/42 1213/529/42
f 1228/878/42 1213/529/42 1230/879/42
f 1228/878/42 1230/879/42 1225/875/42
f 1225/875/42 1230/879/42 1231/880/42
f 1231/880/42 1230/879/42 1232/881/42
f 1232/881/42 1230/879/42 1233/882/42
f 1218/870/42 1234/883/42 1235/638/42
f 1234/883/42 1218/870/42 1195/848/42
f 1235/638/42 1234/883/42 1236/884/42
f 1236/884/42 1234/883/42 1237/885/42
f 1235/638/42 1236/884/42 1227/877/42
f 1235/638/42 1227/877/42 1238/886/42
f 1238/886/42 1227/877/42 1239/714/42
f 1239/714/42 1227/877/42 1231/880/42
f 1231/880/42 1227/877/42 1225/875/42
s 0
f 1217/869/39 1240/887/45 1241/888/39
f 1240/887/39 1217/869/39 1242/889/51
f 1242/889/38 1217/869/38 1243/890/38
f 1243/890/39 1217/869/39 1244/891/45
s 1
f 1244/891/42 1217/869/42 1218/870/42
f 1245/887/42 1246/892/42 1247/893/42
f 1246/892/42 1245/887/42 1248/889/42
f 1249/869/42 1250/894/42 1251/895/42
f 1250/894/42 1249/869/42 1252/888/42
s 0
f 1252/888/51 1249/869/39 1253/896/39
s 1
f 1254/897/43 1255/898/43 1256/899/43
f 1255/898/43 1254/897/43 1257/900/43
f 1257/900/43 1254/897/43 1154/818/43
s 0
f 1154/818/44 1254/897/44 1155/819/44
s 1
f 1258/901/41 1259/902/41 1260/903/41
f 1259/902/41 1258/901/41 1261/904/41
f 1261/904/41 1258/901/41 1262/905/41
f 1263/815/41 1264/906/41 1265/907/41
f 1264/906/41 1263/815/41 1266/908/41
f 1264/906/41 1266/908/41 1267/909/41
f 1266/908/41 1263/815/41 1268/817/41
f 1266/908/41 1268/817/41 1269/910/41
f 1266/908/41 1269/910/41 1270/911/41
f 1266/908/41 1270/911/41 1271/912/41
f 1266/908/41 1271/912/41 1272/913/41
f 1266/908/41 1272/913/41 1260/903/41
f 1266/908/41 1260/903/41 1259/902/41
f 1267/909/41 1266/908/41 1262/905/41
f 1267/909/41 1262/905/41 1258/901/41
f 1273/914/43 1274/898/43 1275/915/43
f 1274/898/43 1273/914/43 1276/916/43
f 1276/916/43 1273/914/43 1277/917/43
f 1277/917/43 1273/914/43 1278/918/43
f 1278/918/43 1273/914/43 1279/919/43
f 1279/919/43 1273/914/43 1280/920/43
s 0
f 1280/920/42 1273/914/42 1281/819/42
s 1
f 1282/921/43 1278/918/43 1279/919/43
f 1283/922/39 1284/923/39 1285/924/39
f 1284/923/39 1283/922/39 1286/925/39
f 1286/925/39 1283/922/39 1287/926/39
f 1287/926/39 1283/922/39 1288/837/39
s 0
f 1288/837/39 1283/922/39 1289/777/39
s 1
f 1290/927/39 1291/928/39 1292/929/39
f 1291/928/39 1290/927/39 1293/930/39
f 1293/930/39 1290/927/39 1294/931/39
f 1294/931/39 1290/927/39 1295/932/39
f 1295/932/39 1290/927/39 1285/924/39
f 1295/932/39 1285/924/39 1296/933/39
f 1296/933/39 1285/924/39 1284/923/39
f 1291/928/39 1297/801/39 1298/934/39
f 1297/801/39 1291/928/39 1299/935/39
f 1297/801/39 1299/935/39 1300/907/39
f 1299/935/39 1291/928/39 1301/936/39
f 1301/936/39 1291/928/39 1302/937/39
f 1302/937/39 1291/928/39 1303/938/39
f 1303/938/39 1291/928/39 1293/930/39
f 1304/939/39 1300/907/39 1299/935/39
s 0
f 1305/915/39 1306/940/39 1307/898/39
s 1
f 1306/940/43 1305/915/43 1308/914/43
f 1306/940/43 1308/914/43 1309/941/43
f 1309/941/43 1308/914/43 1310/942/43
f 1310/942/43 1308/914/43 1311/943/43
f 1311/943/43 1308/914/43 1312/944/43
s 0
f 1312/944/44 1308/914/44 1313/819/44
s 1
f 1314/945/43 1310/942/43 1311/943/43
f 1315/946/39 1316/947/39 1317/948/39
f 1316/947/39 1315/946/39 1318/949/39
f 1318/949/39 1315/946/39 1319/950/39
f 1319/950/39 1315/946/39 1320/837/39
s 0
f 1320/837/44 1315/946/44 1321/777/44
s 1
f 1322/951/39 1323/952/39 1324/953/39
f 1323/952/39 1322/951/39 1325/954/39
f 1325/954/39 1322/951/39 1326/955/39
f 1326/955/39 1322/951/39 1327/956/39
f 1327/956/39 1322/951/39 1317/948/39
f 1327/956/39 1317/948/39 1328/957/39
f 1328/957/39 1317/948/39 1316/947/39
f 1323/952/39 1329/801/39 1330/958/39
f 1329/801/39 1323/952/39 1331/959/39
f 1329/801/39 1331/959/39 1332/907/39
f 1331/959/39 1323/952/39 1333/960/39
f 1333/960/39 1323/952/39 1334/961/39
f 1334/961/39 1323/952/39 1335/962/39
f 1335/962/39 1323/952/39 1325/954/39
f 1336/963/39 1332/907/39 1331/959/39
f 1337/808/41 1338/964/41 1339/807/41
f 1338/964/41 1337/808/41 1340/965/41
f 1341/806/41 1342/966/41 1343/804/41
f 1342/966/41 1341/806/41 1344/967/41
f 1345/827/42 1346/968/42 1347/969/42
f 1346/968/42 1345/827/42 1348/970/42
f 1348/970/42 1345/827/42 1349/971/42
f 1349/971/42 1345/827/42 1350/972/42
f 1350/972/42 1345/827/42 1351/973/42
f 1351/973/42 1345/827/42 1352/638/42
f 1352/638/42 1345/827/42 1353/886/42
f 1354/529/42 1355/974/42 1356/975/42
f 1355/974/42 1354/529/42 1357/976/42
f 1357/976/42 1354/529/42 1358/977/42
f 1358/977/42 1354/529/42 1359/523/42
s 0
f 1359/523/42 1354/529/42 1345/827/42
s 1
f 1353/886/42 1360/978/42 1361/979/42
f 1360/978/42 1353/886/42 1345/827/42
s 0
f 1360/978/42 1345/827/42 1354/529/42
s 1
f 1360/978/42 1354/529/42 1362/980/42
f 1360/978/42 1362/980/42 1363/881/42
f 1360/978/42 1363/881/42 1364/981/42
f 1363/881/42 1362/980/42 1365/982/42
f 1366/983/40 1367/984/40 1368/985/40
f 1367/984/40 1366/983/40 1369/986/40
s 0
f 1369/986/39 1366/983/52 1370/987/39
s 1
f 1371/988/40 1372/989/40 1373/990/40
f 1372/989/40 1371/988/40 1374/991/40
f 1375/992/40 1376/993/40 1377/994/40
f 1376/993/40 1375/992/40 1378/995/40
f 1379/895/42 1380/996/42 1381/997/42
f 1380/996/42 1379/895/42 1382/894/42
f 1383/967/41 1384/998/41 1385/966/41
f 1384/998/41 1383/967/41 1386/999/41
f 1387/985/40 1388/1000/40 1389/1001/40
f 1388/1000/40 1387/985/40 1390/984/40
f 1391/999/41 1392/910/41 1393/998/41
f 1392/910/41 1391/999/41 1394/912/41
f 1395/893/42 1396/1002/42 1397/1003/42
f 1396/1002/42 1395/893/42 1398/892/42
f 1399/965/41 1400/1004/41 1401/964/41
f 1400/1004/41 1399/965/41 1402/1005/41
f 1403/990/40 1404/1006/40 1405/1007/40
f 1404/1006/40 1403/990/40 1406/989/40
f 1407/1005/41 1408/913/41 1409/1004/41
f 1408/913/41 1407/1005/41 1410/903/41
f 1411/1008/38 1412/714/38 1413/1009/38
s 0
f 1414/1010/39 1415/915/39 1416/529/39
s 1
f 1415/915/38 1414/1010/38 1413/1009/38
f 1415/915/38 1413/1009/38 1417/1011/38
f 1417/1011/38 1413/1009/38 1412/714/38
o SketchUp.005
v 1.072912 2.109080 -0.138023
v 1.148276 2.032959 -0.138023
v 1.062891 2.032959 -0.138023
v 1.356999 2.032959 -0.138023
v 1.565722 2.032959 -0.138023
v 1.565722 2.086156 -0.138023
v 1.644104 2.086156 -0.138023
v 1.641085 2.109080 -0.138023
v 1.102294 2.180014 -0.138023
v 1.611704 2.180014 -0.138023
v 1.149033 2.240925 -0.138023
v 1.564965 2.240925 -0.138023
v 1.209945 2.287664 -0.138023
v 1.504053 2.287664 -0.138023
v 1.280878 2.317046 -0.138023
v 1.433120 2.317046 -0.138023
v 1.356999 2.327068 -0.138023
v 1.356999 2.327068 -0.138023
v 1.280878 2.317046 -0.138023
v 1.433120 2.317046 -0.138023
v 1.504053 2.287664 -0.138023
v 1.209945 2.287664 -0.138023
v 1.564965 2.240925 -0.138023
v 1.149033 2.240925 -0.138023
v 1.611704 2.180014 -0.138023
v 1.102294 2.180014 -0.138023
v 1.641085 2.109080 -0.138023
v 1.072912 2.109080 -0.138023
v 1.644104 2.086156 -0.138023
v 1.565722 2.086156 -0.138023
v 1.565722 2.032959 -0.138023
v 1.356999 2.032959 -0.138023
v 1.148276 2.032959 -0.138023
v 1.062891 2.032959 -0.138023
vn -0.0000 -0.0000 -1.0000
vn -0.0000 -0.0000 1.0000
vt -12.241650 24.064060
vt -13.101530 23.195539
vt -12.127310 23.195539
vt -15.483001 23.195539
vt -17.864470 23.195539
vt -17.864470 23.802490
vt -18.758789 23.802490
vt -18.724360 24.064060
vt -12.576890 24.873390
vt -18.389120 24.873390
vt -13.110169 25.568369
vt -17.855839 25.568369
vt -13.805160 26.101660
vt -17.160849 26.101660
vt -14.614490 26.436890
vt -16.351521 26.436890
vt -15.483001 26.551229
vt -11.612249 19.913420
vt -10.960859 19.827669
vt -12.263639 19.827669
vt -12.870640 19.576239
vt -10.353869 19.576239
vt -13.391880 19.176279
vt -9.832626 19.176279
vt -13.791840 18.655039
vt -9.432664 18.655039
vt -14.043270 18.048040
vt -9.181238 18.048040
vt -14.069090 17.851870
vt -13.398359 17.851870
vt -13.398359 17.396650
vt -11.612249 17.396650
vt -9.826149 17.396650
vt -9.095481 17.396650
s 1
usemtl Wood_Floor
f 1418/1012/53 1419/1013/53 1420/1014/53
f 1419/1013/53 1418/1012/53 1421/1015/53
f 1421/1015/53 1418/1012/53 1422/1016/53
f 1422/1016/53 1418/1012/53 1423/1017/53
f 1423/1017/53 1418/1012/53 1424/1018/53
f 1424/1018/53 1418/1012/53 1425/1019/53
f 1425/1019/53 1418/1012/53 1426/1020/53
f 1425/1019/53 1426/1020/53 1427/1021/53
f 1427/1021/53 1426/1020/53 1428/1022/53
f 1427/1021/53 1428/1022/53 1429/1023/53
f 1429/1023/53 1428/1022/53 1430/1024/53
f 1429/1023/53 1430/1024/53 1431/1025/53
f 1431/1025/53 1430/1024/53 1432/1026/53
f 1431/1025/53 1432/1026/53 1433/1027/53
f 1433/1027/53 1432/1026/53 1434/1028/53
f 1435/1029/54 1436/1030/54 1437/1031/54
f 1437/1031/54 1436/1030/54 1438/1032/54
f 1436/1030/54 1439/1033/54 1438/1032/54
f 1438/1032/54 1439/1033/54 1440/1034/54
f 1439/1033/54 1441/1035/54 1440/1034/54
f 1440/1034/54 1441/1035/54 1442/1036/54
f 1441/1035/54 1443/1037/54 1442/1036/54
f 1442/1036/54 1443/1037/54 1444/1038/54
f 1443/1037/54 1445/1039/54 1444/1038/54
f 1444/1038/54 1445/1039/54 1446/1040/54
f 1446/1040/54 1445/1039/54 1447/1041/54
f 1447/1041/54 1445/1039/54 1448/1042/54
f 1448/1042/54 1445/1039/54 1449/1043/54
f 1449/1043/54 1445/1039/54 1450/1044/54
f 1451/1045/54 1450/1044/54 1445/1039/54
o SketchUp.006
v 1.072912 2.109080 -0.000000
v 1.062891 2.032959 -0.138023
v 1.062891 2.032959 -0.000000
v 1.072912 2.109080 -0.138023
v 1.062891 2.091907 -0.000000
v 1.062891 2.094782 0.004313
v 1.062891 2.091907 0.004313
v 1.062891 2.094782 -0.138023
v 1.062891 2.032959 -0.000000
v 1.062891 2.032959 -0.138023
v 1.641085 2.109080 -0.000000
v 1.614343 2.032959 -0.000000
v 1.651107 2.032959 -0.000000
v 1.605575 2.099565 -0.000000
v 1.579866 2.161632 -0.000000
v 1.611704 2.180014 -0.000000
v 1.538969 2.214930 -0.000000
v 1.564965 2.240925 -0.000000
v 1.485671 2.255826 -0.000000
v 1.504053 2.287664 -0.000000
v 1.423604 2.281535 -0.000000
v 1.356999 2.290304 -0.000000
v 1.433120 2.317046 -0.000000
v 1.108423 2.099565 -0.000000
v 1.062891 2.032959 -0.000000
v 1.099655 2.032959 -0.000000
v 1.072912 2.109080 -0.000000
v 1.134132 2.161632 -0.000000
v 1.102294 2.180014 -0.000000
v 1.175029 2.214930 -0.000000
v 1.149033 2.240925 -0.000000
v 1.228327 2.255826 -0.000000
v 1.209945 2.287664 -0.000000
v 1.290393 2.281535 -0.000000
v 1.280878 2.317046 -0.000000
v 1.356999 2.327068 -0.000000
v 1.102294 2.180014 -0.138023
v 1.102294 2.180014 -0.000000
v 1.062891 2.032959 0.004313
v 1.099655 2.032959 -0.014377
v 1.108423 2.099565 -0.000000
v 1.099655 2.032959 -0.000000
v 1.108423 2.099565 -0.014377
v 1.134132 2.161632 -0.000000
v 1.134132 2.161632 -0.014377
v 1.175029 2.214930 -0.000000
v 1.175029 2.214930 -0.014377
v 1.228327 2.255826 -0.014377
v 1.228327 2.255826 -0.000000
v 1.290393 2.281535 -0.014377
v 1.290393 2.281535 -0.000000
v 1.356999 2.290304 -0.014377
v 1.356999 2.290304 -0.000000
v 1.423604 2.281535 -0.014377
v 1.423604 2.281535 -0.000000
v 1.485671 2.255826 -0.014377
v 1.485671 2.255826 -0.000000
v 1.538969 2.214930 -0.014377
v 1.538969 2.214930 -0.000000
v 1.579866 2.161632 -0.000000
v 1.579866 2.161632 -0.014377
v 1.605575 2.099565 -0.000000
v 1.605575 2.099565 -0.014377
v 1.614343 2.032959 -0.000000
v 1.614343 2.032959 -0.014377
v 1.651107 2.032959 -0.128455
v 1.641085 2.109080 -0.000000
v 1.651107 2.032959 -0.000000
v 1.641085 2.109080 -0.138023
v 1.651107 2.032959 -0.138023
v 1.644104 2.086156 -0.138023
v 1.611704 2.180014 -0.000000
v 1.611704 2.180014 -0.138023
v 1.564965 2.240925 -0.000000
v 1.564965 2.240925 -0.138023
v 1.504053 2.287664 -0.138023
v 1.504053 2.287664 -0.000000
v 1.433120 2.317046 -0.138023
v 1.433120 2.317046 -0.000000
v 1.356999 2.327068 -0.138023
v 1.356999 2.327068 -0.000000
v 1.280878 2.317046 -0.138023
v 1.280878 2.317046 -0.000000
v 1.209945 2.287664 -0.138023
v 1.209945 2.287664 -0.000000
v 1.149033 2.240925 -0.138023
v 1.149033 2.240925 -0.000000
v 1.062891 2.032959 0.085011
v 1.062891 2.032959 0.085070
v 1.062891 2.032959 0.022956
v 1.605575 2.099565 -0.014377
v 1.577580 2.032959 -0.014377
v 1.614343 2.032959 -0.014377
v 1.570064 2.090050 -0.014377
v 1.548028 2.143250 -0.014377
v 1.579866 2.161632 -0.014377
v 1.512973 2.188934 -0.014377
v 1.538969 2.214930 -0.014377
v 1.467289 2.223989 -0.014377
v 1.485671 2.255826 -0.014377
v 1.414090 2.246025 -0.014377
v 1.356999 2.253541 -0.014377
v 1.143934 2.090050 -0.014377
v 1.099655 2.032959 -0.014377
v 1.136418 2.032959 -0.014377
v 1.108423 2.099565 -0.014377
v 1.165970 2.143250 -0.014377
v 1.134132 2.161632 -0.014377
v 1.201025 2.188934 -0.014377
v 1.175029 2.214930 -0.014377
v 1.246708 2.223989 -0.014377
v 1.228327 2.255826 -0.014377
v 1.299908 2.246025 -0.014377
v 1.423604 2.281535 -0.014377
v 1.290393 2.281535 -0.014377
v 1.356999 2.290304 -0.014377
v 1.651107 2.086156 -0.128455
v 1.651107 2.032959 -0.000000
v 1.651107 2.086156 -0.000000
v 1.651107 2.032959 -0.128455
v 1.136418 2.032959 -0.027317
v 1.143934 2.090050 -0.014377
v 1.136418 2.032959 -0.014377
v 1.143934 2.090050 -0.027317
v 1.165970 2.143250 -0.014377
v 1.165970 2.143250 -0.027317
v 1.201025 2.188934 -0.014377
v 1.201025 2.188934 -0.027317
v 1.246708 2.223989 -0.027317
v 1.246708 2.223989 -0.014377
v 1.299908 2.246025 -0.027317
v 1.299908 2.246025 -0.014377
v 1.356999 2.253541 -0.027317
v 1.356999 2.253541 -0.014377
v 1.414090 2.246025 -0.027317
v 1.414090 2.246025 -0.014377
v 1.467289 2.223989 -0.027317
v 1.467289 2.223989 -0.014377
v 1.512973 2.188934 -0.027317
v 1.512973 2.188934 -0.014377
v 1.548028 2.143250 -0.014377
v 1.548028 2.143250 -0.027317
v 1.570064 2.090050 -0.014377
v 1.570064 2.090050 -0.027317
v 1.577580 2.032959 -0.014377
v 1.577580 2.032959 -0.027317
v 1.651107 2.032959 0.007189
v 1.651107 2.086156 0.007189
v 1.570064 2.090050 -0.027317
v 1.540816 2.032959 -0.027317
v 1.577580 2.032959 -0.027317
v 1.534553 2.080535 -0.027317
v 1.516189 2.124868 -0.027317
v 1.548028 2.143250 -0.027317
v 1.486978 2.162938 -0.027317
v 1.512973 2.188934 -0.027317
v 1.448908 2.192150 -0.027317
v 1.467289 2.223989 -0.027317
v 1.404574 2.210514 -0.027317
v 1.356999 2.216777 -0.027317
v 1.179445 2.080535 -0.027317
v 1.136418 2.032959 -0.027317
v 1.173181 2.032959 -0.027317
v 1.143934 2.090050 -0.027317
v 1.197808 2.124868 -0.027317
v 1.165970 2.143250 -0.027317
v 1.227020 2.162938 -0.027317
v 1.201025 2.188934 -0.027317
v 1.265090 2.192150 -0.027317
v 1.246708 2.223989 -0.027317
v 1.309423 2.210514 -0.027317
v 1.414090 2.246025 -0.027317
v 1.299908 2.246025 -0.027317
v 1.356999 2.253541 -0.027317
v 1.651107 2.032959 0.084864
v 1.651107 2.032959 0.085768
v 1.651107 2.032959 0.022956
v 1.173181 2.032959 -0.040257
v 1.179445 2.080535 -0.027317
v 1.173181 2.032959 -0.027317
v 1.179445 2.080535 -0.040257
v 1.197808 2.124868 -0.027317
v 1.197808 2.124868 -0.040257
v 1.227020 2.162938 -0.027317
v 1.227020 2.162938 -0.040257
v 1.265090 2.192150 -0.040257
v 1.265090 2.192150 -0.027317
v 1.309423 2.210514 -0.040257
v 1.309423 2.210514 -0.027317
v 1.356999 2.216777 -0.040257
v 1.356999 2.216777 -0.027317
v 1.404574 2.210514 -0.040257
v 1.404574 2.210514 -0.027317
v 1.448908 2.192150 -0.040257
v 1.448908 2.192150 -0.027317
v 1.486978 2.162938 -0.040257
v 1.486978 2.162938 -0.027317
v 1.516189 2.124868 -0.027317
v 1.516189 2.124868 -0.040257
v 1.534553 2.080535 -0.027317
v 1.534553 2.080535 -0.040257
v 1.540816 2.032959 -0.027317
v 1.540816 2.032959 -0.040257
v 1.534553 2.080535 -0.040257
v 1.504053 2.032959 -0.040257
v 1.540816 2.032959 -0.040257
v 1.499042 2.071020 -0.040257
v 1.484351 2.106487 -0.040257
v 1.516189 2.124868 -0.040257
v 1.460982 2.136942 -0.040257
v 1.486978 2.162938 -0.040257
v 1.430526 2.160312 -0.040257
v 1.395059 2.175003 -0.040257
v 1.448908 2.192150 -0.040257
v 1.356999 2.180014 -0.040257
v 1.214956 2.071020 -0.040257
v 1.173181 2.032959 -0.040257
v 1.209945 2.032959 -0.040257
v 1.179445 2.080535 -0.040257
v 1.229647 2.106487 -0.040257
v 1.197808 2.124868 -0.040257
v 1.253016 2.136942 -0.040257
v 1.227020 2.162938 -0.040257
v 1.283472 2.160312 -0.040257
v 1.318939 2.175003 -0.040257
v 1.265090 2.192150 -0.040257
v 1.404574 2.210514 -0.040257
v 1.309423 2.210514 -0.040257
v 1.356999 2.216777 -0.040257
v 1.209945 2.032959 -0.070449
v 1.214956 2.071020 -0.040257
v 1.209945 2.032959 -0.040257
v 1.214956 2.071020 -0.070449
v 1.229647 2.106487 -0.040257
v 1.229647 2.106487 -0.070449
v 1.253016 2.136942 -0.040257
v 1.253016 2.136942 -0.070449
v 1.283472 2.160312 -0.070449
v 1.283472 2.160312 -0.040257
v 1.318939 2.175003 -0.070449
v 1.318939 2.175003 -0.040257
v 1.356999 2.180014 -0.070449
v 1.356999 2.180014 -0.040257
v 1.395059 2.175003 -0.070449
v 1.395059 2.175003 -0.040257
v 1.430526 2.160312 -0.070449
v 1.430526 2.160312 -0.040257
v 1.460982 2.136942 -0.070449
v 1.460982 2.136942 -0.040257
v 1.484351 2.106487 -0.040257
v 1.484351 2.106487 -0.070449
v 1.499042 2.071020 -0.040257
v 1.499042 2.071020 -0.070449
v 1.504053 2.032959 -0.040257
v 1.504053 2.032959 -0.070449
vn -0.9659 0.2588 -0.0000
vn -0.9914 0.1305 -0.0000
vn 1.0000 -0.0000 -0.0000
vn -0.0000 -0.0000 1.0000
vn -0.8660 0.5000 -0.0000
vn 0.9914 -0.1305 -0.0000
vn 0.9659 -0.2588 -0.0000
vn 0.8660 -0.5000 -0.0000
vn 0.7071 -0.7071 -0.0000
vn 0.5000 -0.8660 -0.0000
vn 0.2588 -0.9659 -0.0000
vn -0.0000 -1.0000 -0.0000
vn -0.2588 -0.9659 -0.0000
vn -0.5000 -0.8660 -0.0000
vn -0.7071 -0.7071 -0.0000
vn -0.8660 -0.5000 -0.0000
vn -0.9659 -0.2588 -0.0000
vn -0.9914 -0.1305 -0.0000
vn 0.9914 0.1305 -0.0000
vn 0.9659 0.2588 -0.0000
vn -0.0001 1.0000 -0.0000
vn 0.8660 0.5000 -0.0000
vn 0.7071 0.7071 -0.0000
vn 0.5000 0.8660 -0.0000
vn 0.2588 0.9659 -0.0000
vn -0.0000 1.0000 -0.0000
vn -0.2588 0.9659 -0.0000
vn -0.5000 0.8660 -0.0000
vn -0.7071 0.7071 -0.0000
vn -1.0000 -0.0000 -0.0000
vn -1.0000 0.0001 -0.0000
vt -0.000000 25.456039
vt -1.574803 24.580029
vt -0.000000 24.580029
vt -1.574803 25.456039
vt -0.000000 23.868109
vt -0.049213 23.900919
vt -0.049213 23.868109
vt 1.574803 23.900919
vt 0.000000 23.195539
vt 1.574803 23.195539
vt 18.724360 24.064060
vt 18.419239 23.195539
vt 18.838699 23.195539
vt 18.319189 23.955490
vt 18.025860 24.663649
vt 18.389120 24.873390
vt 17.559229 25.271769
vt 17.855839 25.568369
vt 16.951120 25.738390
vt 17.160849 26.101660
vt 16.242960 26.031719
vt 15.483001 26.131769
vt 16.351521 26.436890
vt 12.646820 23.955490
vt 12.127310 23.195539
vt 12.546770 23.195539
vt 12.241650 24.064060
vt 12.940149 24.663649
vt 12.576890 24.873390
vt 13.406770 25.271769
vt 13.110169 25.568369
vt 14.014890 25.738390
vt 13.805160 26.101660
vt 14.723049 26.031719
vt 14.614490 26.436890
vt 15.483001 26.551229
vt -1.574803 27.792980
vt -0.000000 26.916969
vt -0.000000 27.792980
vt -1.574803 26.916969
vt -0.049213 23.195539
vt -0.000000 0.000000
vt 0.768704 0.164042
vt -0.000000 0.164042
vt 0.768704 0.000000
vt 1.537408 0.164042
vt 1.537408 -0.000000
vt 2.306112 0.164042
vt 2.306112 -0.000000
vt 3.074816 0.000000
vt 3.074816 0.164042
vt 3.843520 0.000000
vt 3.843520 0.164042
vt 4.612224 -0.000000
vt 4.612224 0.164042
vt 5.380929 0.000000
vt 5.380929 0.164042
vt 6.149633 0.000000
vt 6.149633 0.164042
vt 6.918337 -0.000000
vt 6.918337 0.164042
vt 7.687041 0.164042
vt 7.687041 0.000000
vt 8.455745 0.164042
vt 8.455745 -0.000000
vt 9.224449 0.164042
vt 9.224449 0.000000
vt 1.465639 20.538149
vt 0.000000 21.414169
vt 0.000000 20.538149
vt 1.574803 21.414169
vt 1.574803 20.538149
vt 1.574803 21.150349
vt 1.574803 15.066790
vt 0.000000 15.942800
vt 0.000000 15.066790
vt 1.574803 15.942800
vt 1.574803 8.538797
vt 0.000000 9.414809
vt 0.000000 8.538797
vt 1.574803 9.414809
vt 0.000000 1.399051
vt 1.574803 2.275063
vt 0.000000 2.275063
vt 1.574803 1.399051
vt 0.000000 -5.865887
vt 1.574803 -4.989875
vt 0.000000 -4.989875
vt 1.574803 -5.865887
vt 0.000000 -12.760920
vt 1.574803 -11.884910
vt 0.000000 -11.884910
vt 1.574803 -12.760920
vt -0.000000 18.816170
vt -1.574803 17.940159
vt -0.000000 17.940159
vt -1.574803 18.816170
vt -0.000000 23.618979
vt -1.574803 22.742970
vt -0.000000 22.742970
vt -1.574803 23.618979
vt -0.000000 26.842049
vt -1.574803 25.966030
vt -0.000000 25.966030
vt -1.574803 26.842049
vt -1.574803 28.265718
vt -0.000000 27.389709
vt -0.000000 28.265718
vt -1.574803 27.389709
vt -0.969954 23.195539
vt -0.970625 23.195539
vt -0.261923 23.195539
vt 17.999769 23.195539
vt 17.914019 23.846930
vt 17.662590 24.453918
vt 17.262630 24.975159
vt 16.741390 25.375130
vt 16.134390 25.626549
vt 15.483001 25.712309
vt 13.051990 23.846930
vt 12.966229 23.195539
vt 13.303410 24.453918
vt 13.703380 24.975159
vt 14.224620 25.375130
vt 14.831610 25.626549
vt -1.465639 23.802490
vt -0.000000 23.802490
vt -1.465639 23.195539
vt -0.000000 -0.147638
vt 0.666667 0.000000
vt 0.666667 -0.147638
vt 1.333333 0.000000
vt 1.333333 -0.147638
vt 2.000000 0.000000
vt 2.000000 -0.147638
vt 2.666667 -0.147638
vt 2.666667 0.000000
vt 3.333333 -0.147638
vt 3.333333 -0.000000
vt 4.000000 -0.147638
vt 4.000000 -0.000000
vt 4.666667 -0.147638
vt 4.666667 -0.000000
vt 5.333333 -0.147638
vt 5.333333 0.000000
vt 6.000000 -0.147638
vt 6.000000 0.000000
vt 6.666667 0.000000
vt 6.666667 -0.147638
vt 7.333333 0.000000
vt 7.333333 -0.147638
vt 8.000000 0.000000
vt 8.000000 -0.147638
vt 0.082021 23.195539
vt 0.082021 23.802490
vt 17.580309 23.195539
vt 17.508850 23.738359
vt 17.299330 24.244190
vt 16.966019 24.678560
vt 16.531660 25.011860
vt 16.025829 25.221380
vt 15.483001 25.292849
vt 13.457160 23.738359
vt 13.385690 23.195539
vt 13.666679 24.244190
vt 13.999980 24.678560
vt 14.434350 25.011860
vt 14.940180 25.221380
vt 0.968280 23.195539
vt 0.978587 23.195539
vt 0.261923 23.195539
vt 0.549074 0.000000
vt 0.549074 -0.147638
vt 1.098149 0.000000
vt 1.098149 -0.147638
vt 1.647223 0.000000
vt 1.647223 -0.147638
vt 2.196297 -0.147638
vt 2.196297 0.000000
vt 2.745372 -0.147638
vt 2.745372 0.000000
vt 3.294446 -0.147638
vt 3.294446 0.000000
vt 3.843520 -0.147638
vt 4.392595 -0.147638
vt 4.392595 0.000000
vt 4.941669 -0.147638
vt 4.941669 0.000000
vt 5.490743 0.000000
vt 5.490743 -0.147638
vt 6.039818 0.000000
vt 6.039818 -0.147638
vt 6.588892 0.000000
vt 6.588892 -0.147638
vt 17.160849 23.195539
vt 17.103680 23.629799
vt 16.936060 24.034460
vt 16.669420 24.381960
vt 16.321930 24.648600
vt 15.917259 24.816210
vt 15.483001 24.873390
vt 13.862329 23.629799
vt 13.805160 23.195539
vt 14.029940 24.034460
vt 14.296590 24.381960
vt 14.644079 24.648600
vt 15.048739 24.816210
vt -0.000000 -0.344488
vt 0.439259 0.000000
vt 0.439259 -0.344488
vt 0.878519 -0.000000
vt 0.878519 -0.344488
vt 1.317778 0.000000
vt 1.317778 -0.344488
vt 1.757038 -0.344488
vt 1.757038 0.000000
vt 2.196297 -0.344488
vt 2.635557 -0.344488
vt 2.635557 0.000000
vt 3.074816 -0.344488
vt 3.514076 -0.344488
vt 3.514076 -0.000000
vt 3.953335 -0.344488
vt 3.953335 0.000000
vt 4.392595 -0.344488
vt 4.831854 -0.000000
vt 4.831854 -0.344488
vt 5.271114 0.000000
vt 5.271114 -0.344488
s 1
usemtl Wood_Floor
f 1452/1046/55 1453/1047/56 1454/1048/56
f 1453/1047/56 1452/1046/55 1455/1049/55
f 1456/1050/57 1457/1051/57 1458/1052/57
f 1457/1051/57 1456/1050/57 1459/1053/57
f 1459/1053/57 1456/1050/57 1460/1054/57
f 1459/1053/57 1460/1054/57 1461/1055/57
f 1462/1056/58 1463/1057/58 1464/1058/58
f 1463/1057/58 1462/1056/58 1465/1059/58
f 1465/1059/58 1462/1056/58 1466/1060/58
f 1466/1060/58 1462/1056/58 1467/1061/58
f 1466/1060/58 1467/1061/58 1468/1062/58
f 1468/1062/58 1467/1061/58 1469/1063/58
f 1468/1062/58 1469/1063/58 1470/1064/58
f 1470/1064/58 1469/1063/58 1471/1065/58
f 1470/1064/58 1471/1065/58 1472/1066/58
f 1472/1066/58 1471/1065/58 1473/1067/58
f 1473/1067/58 1471/1065/58 1474/1068/58
f 1475/1069/58 1476/1070/58 1477/1071/58
f 1476/1070/58 1475/1069/58 1478/1072/58
f 1478/1072/58 1475/1069/58 1479/1073/58
f 1478/1072/58 1479/1073/58 1480/1074/58
f 1480/1074/58 1479/1073/58 1481/1075/58
f 1480/1074/58 1481/1075/58 1482/1076/58
f 1482/1076/58 1481/1075/58 1483/1077/58
f 1482/1076/58 1483/1077/58 1484/1078/58
f 1484/1078/58 1483/1077/58 1485/1079/58
f 1484/1078/58 1485/1079/58 1473/1067/58
f 1484/1078/58 1473/1067/58 1486/1080/58
f 1486/1080/58 1473/1067/58 1474/1068/58
f 1486/1080/58 1474/1068/58 1487/1081/58
f 1488/1082/59 1452/1083/55 1489/1084/59
f 1452/1083/55 1488/1082/59 1455/1085/55
f 1490/1086/57 1456/1050/57 1458/1052/57
f 1456/1050/57 1490/1086/57 1460/1054/57
f 1491/1087/60 1492/1088/61 1493/1089/60
f 1492/1088/61 1491/1087/60 1494/1090/61
f 1494/1090/61 1495/1091/62 1492/1088/61
f 1495/1091/62 1494/1090/61 1496/1092/62
f 1496/1092/62 1497/1093/63 1495/1091/62
f 1497/1093/63 1496/1092/62 1498/1094/63
f 1499/1095/64 1497/1093/63 1498/1094/63
f 1497/1093/63 1499/1095/64 1500/1096/64
f 1501/1097/65 1500/1096/64 1499/1095/64
f 1500/1096/64 1501/1097/65 1502/1098/65
f 1503/1099/66 1502/1098/65 1501/1097/65
f 1502/1098/65 1503/1099/66 1504/1100/66
f 1505/1101/67 1504/1100/66 1503/1099/66
f 1504/1100/66 1505/1101/67 1506/1102/67
f 1507/1103/68 1506/1102/67 1505/1101/67
f 1506/1102/67 1507/1103/68 1508/1104/68
f 1509/1105/69 1508/1104/68 1507/1103/68
f 1508/1104/68 1509/1105/69 1510/1106/69
f 1509/1105/69 1511/1107/70 1510/1106/69
f 1511/1107/70 1509/1105/69 1512/1108/70
f 1512/1108/70 1513/1109/71 1511/1107/70
f 1513/1109/71 1512/1108/70 1514/1110/71
f 1514/1110/71 1515/1111/72 1513/1109/71
f 1515/1111/72 1514/1110/71 1516/1112/72
f 1517/1113/73 1518/1114/74 1519/1115/73
f 1518/1114/74 1517/1113/73 1520/1116/74
f 1520/1116/74 1517/1113/73 1521/1117/73
f 1520/1116/74 1521/1117/73 1522/1118/75
f 1520/1119/74 1523/1120/76 1518/1121/74
f 1523/1120/76 1520/1119/74 1524/1122/76
f 1524/1123/76 1525/1124/77 1523/1125/76
f 1525/1124/77 1524/1123/76 1526/1126/77
f 1525/1127/77 1527/1128/78 1528/1129/78
f 1527/1128/78 1525/1127/77 1526/1130/77
f 1528/1131/78 1529/1132/79 1530/1133/79
f 1529/1132/79 1528/1131/78 1527/1134/78
f 1530/1135/79 1531/1136/80 1532/1137/80
f 1531/1136/80 1530/1135/79 1529/1138/79
f 1532/1139/80 1533/1140/81 1534/1141/81
f 1533/1140/81 1532/1139/80 1531/1142/80
f 1534/1143/81 1535/1144/82 1536/1145/82
f 1535/1144/82 1534/1143/81 1533/1146/81
f 1536/1147/82 1537/1148/83 1538/1149/83
f 1537/1148/83 1536/1147/82 1535/1150/82
f 1537/1151/83 1489/1152/59 1538/1153/83
f 1489/1152/59 1537/1151/83 1488/1154/59
f 1539/1155/57 1458/1052/57 1540/1156/57
f 1458/1052/57 1539/1155/57 1541/1157/57
f 1458/1052/57 1541/1157/57 1490/1086/57
f 1542/1059/58 1543/1158/58 1544/1057/58
f 1543/1158/58 1542/1059/58 1545/1159/58
f 1545/1159/58 1542/1059/58 1546/1160/58
f 1546/1160/58 1542/1059/58 1547/1060/58
f 1546/1160/58 1547/1060/58 1548/1161/58
f 1548/1161/58 1547/1060/58 1549/1062/58
f 1548/1161/58 1549/1062/58 1550/1162/58
f 1550/1162/58 1549/1062/58 1551/1064/58
f 1550/1162/58 1551/1064/58 1552/1163/58
f 1552/1163/58 1551/1064/58 1553/1164/58
f 1554/1165/58 1555/1071/58 1556/1166/58
f 1555/1071/58 1554/1165/58 1557/1069/58
f 1557/1069/58 1554/1165/58 1558/1167/58
f 1557/1069/58 1558/1167/58 1559/1073/58
f 1559/1073/58 1558/1167/58 1560/1168/58
f 1559/1073/58 1560/1168/58 1561/1075/58
f 1561/1075/58 1560/1168/58 1562/1169/58
f 1561/1075/58 1562/1169/58 1563/1077/58
f 1563/1077/58 1562/1169/58 1564/1170/58
f 1563/1077/58 1564/1170/58 1553/1164/58
f 1563/1077/58 1553/1164/58 1551/1064/58
f 1563/1077/58 1551/1064/58 1565/1066/58
f 1563/1077/58 1565/1066/58 1566/1079/58
f 1566/1079/58 1565/1066/58 1567/1067/58
f 1568/1171/84 1569/1054/84 1570/1172/84
f 1569/1054/84 1568/1171/84 1571/1173/84
f 1572/1174/60 1573/1175/61 1574/1087/60
f 1573/1175/61 1572/1174/60 1575/1176/61
f 1575/1176/61 1576/1177/62 1573/1175/61
f 1576/1177/62 1575/1176/61 1577/1178/62
f 1577/1178/62 1578/1179/63 1576/1177/62
f 1578/1179/63 1577/1178/62 1579/1180/63
f 1580/1181/64 1578/1179/63 1579/1180/63
f 1578/1179/63 1580/1181/64 1581/1182/64
f 1582/1183/65 1581/1182/64 1580/1181/64
f 1581/1182/64 1582/1183/65 1583/1184/65
f 1584/1185/66 1583/1184/65 1582/1183/65
f 1583/1184/65 1584/1185/66 1585/1186/66
f 1586/1187/67 1585/1186/66 1584/1185/66
f 1585/1186/66 1586/1187/67 1587/1188/67
f 1588/1189/68 1587/1188/67 1586/1187/67
f 1587/1188/67 1588/1189/68 1589/1190/68
f 1590/1191/69 1589/1190/68 1588/1189/68
f 1589/1190/68 1590/1191/69 1591/1192/69
f 1590/1191/69 1592/1193/70 1591/1192/69
f 1592/1193/70 1590/1191/69 1593/1194/70
f 1593/1194/70 1594/1195/71 1592/1193/70
f 1594/1195/71 1593/1194/70 1595/1196/71
f 1595/1196/71 1596/1197/72 1594/1195/71
f 1596/1197/72 1595/1196/71 1597/1198/72
f 1570/1172/84 1598/1199/84 1599/1200/84
f 1598/1199/84 1570/1172/84 1569/1054/84
f 1600/1159/58 1601/1201/58 1602/1158/58
f 1601/1201/58 1600/1159/58 1603/1202/58
f 1603/1202/58 1600/1159/58 1604/1203/58
f 1604/1203/58 1600/1159/58 1605/1160/58
f 1604/1203/58 1605/1160/58 1606/1204/58
f 1606/1204/58 1605/1160/58 1607/1161/58
f 1606/1204/58 1607/1161/58 1608/1205/58
f 1608/1205/58 1607/1161/58 1609/1162/58
f 1608/1205/58 1609/1162/58 1610/1206/58
f 1610/1206/58 1609/1162/58 1611/1207/58
f 1612/1208/58 1613/1166/58 1614/1209/58
f 1613/1166/58 1612/1208/58 1615/1165/58
f 1615/1165/58 1612/1208/58 1616/1210/58
f 1615/1165/58 1616/1210/58 1617/1167/58
f 1617/1167/58 1616/1210/58 1618/1211/58
f 1617/1167/58 1618/1211/58 1619/1168/58
f 1619/1168/58 1618/1211/58 1620/1212/58
f 1619/1168/58 1620/1212/58 1621/1169/58
f 1621/1169/58 1620/1212/58 1622/1213/58
f 1621/1169/58 1622/1213/58 1611/1207/58
f 1621/1169/58 1611/1207/58 1609/1162/58
f 1621/1169/58 1609/1162/58 1623/1163/58
f 1621/1169/58 1623/1163/58 1624/1170/58
f 1624/1170/58 1623/1163/58 1625/1164/58
f 1599/1200/84 1626/1214/85 1627/1215/85
f 1626/1214/85 1599/1200/84 1628/1216/84
f 1628/1216/84 1599/1200/84 1598/1199/84
f 1629/1174/60 1630/1217/61 1631/1087/60
f 1630/1217/61 1629/1174/60 1632/1218/61
f 1632/1218/61 1633/1219/62 1630/1217/61
f 1633/1219/62 1632/1218/61 1634/1220/62
f 1634/1220/62 1635/1221/63 1633/1219/62
f 1635/1221/63 1634/1220/62 1636/1222/63
f 1637/1223/64 1635/1221/63 1636/1222/63
f 1635/1221/63 1637/1223/64 1638/1224/64
f 1639/1225/65 1638/1224/64 1637/1223/64
f 1638/1224/64 1639/1225/65 1640/1226/65
f 1641/1227/66 1640/1226/65 1639/1225/65
f 1640/1226/65 1641/1227/66 1642/1228/66
f 1643/1229/67 1642/1228/66 1641/1227/66
f 1642/1228/66 1643/1229/67 1644/1097/67
f 1645/1230/68 1644/1097/67 1643/1229/67
f 1644/1097/67 1645/1230/68 1646/1231/68
f 1647/1232/69 1646/1231/68 1645/1230/68
f 1646/1231/68 1647/1232/69 1648/1233/69
f 1647/1232/69 1649/1234/70 1648/1233/69
f 1649/1234/70 1647/1232/69 1650/1235/70
f 1650/1235/70 1651/1236/71 1649/1234/70
f 1651/1236/71 1650/1235/70 1652/1237/71
f 1652/1237/71 1653/1238/72 1651/1236/71
f 1653/1238/72 1652/1237/71 1654/1239/72
f 1655/1202/58 1656/1240/58 1657/1201/58
f 1656/1240/58 1655/1202/58 1658/1241/58
f 1658/1241/58 1655/1202/58 1659/1242/58
f 1659/1242/58 1655/1202/58 1660/1203/58
f 1659/1242/58 1660/1203/58 1661/1243/58
f 1661/1243/58 1660/1203/58 1662/1204/58
f 1661/1243/58 1662/1204/58 1663/1244/58
f 1663/1244/58 1662/1204/58 1664/1245/58
f 1664/1245/58 1662/1204/58 1665/1205/58
f 1664/1245/58 1665/1205/58 1666/1246/58
f 1667/1247/58 1668/1209/58 1669/1248/58
f 1668/1209/58 1667/1247/58 1670/1208/58
f 1670/1208/58 1667/1247/58 1671/1249/58
f 1670/1208/58 1671/1249/58 1672/1210/58
f 1672/1210/58 1671/1249/58 1673/1250/58
f 1672/1210/58 1673/1250/58 1674/1211/58
f 1674/1211/58 1673/1250/58 1675/1251/58
f 1674/1211/58 1675/1251/58 1676/1252/58
f 1674/1211/58 1676/1252/58 1677/1212/58
f 1677/1212/58 1676/1252/58 1666/1246/58
f 1677/1212/58 1666/1246/58 1665/1205/58
f 1677/1212/58 1665/1205/58 1678/1206/58
f 1677/1212/58 1678/1206/58 1679/1213/58
f 1679/1213/58 1678/1206/58 1680/1207/58
f 1681/1253/60 1682/1254/61 1683/1087/60
f 1682/1254/61 1681/1253/60 1684/1255/61
f 1684/1255/61 1685/1256/62 1682/1254/61
f 1685/1256/62 1684/1255/61 1686/1257/62
f 1686/1257/62 1687/1258/63 1685/1256/62
f 1687/1258/63 1686/1257/62 1688/1259/63
f 1689/1260/64 1687/1258/63 1688/1259/63
f 1687/1258/63 1689/1260/64 1690/1261/64
f 1691/1262/65 1690/1261/64 1689/1260/64
f 1690/1261/64 1691/1262/65 1692/1224/65
f 1693/1263/66 1692/1224/65 1691/1262/65
f 1692/1224/65 1693/1263/66 1694/1264/66
f 1695/1265/67 1694/1264/66 1693/1263/66
f 1694/1264/66 1695/1265/67 1696/1095/67
f 1697/1266/68 1696/1095/67 1695/1265/67
f 1696/1095/67 1697/1266/68 1698/1267/68
f 1699/1268/69 1698/1267/68 1697/1266/68
f 1698/1267/68 1699/1268/69 1700/1269/69
f 1699/1268/69 1701/1231/70 1700/1269/69
f 1701/1231/70 1699/1268/69 1702/1270/70
f 1702/1270/70 1703/1271/71 1701/1231/70
f 1703/1271/71 1702/1270/70 1704/1272/71
f 1704/1272/71 1705/1273/72 1703/1271/71
f 1705/1273/72 1704/1272/71 1706/1274/72
o SketchUp.007
v 1.173181 2.032959 -0.027317
v 1.136418 2.032959 -0.070449
v 1.136418 2.032959 -0.027317
v 1.143934 2.032959 -0.127540
v 1.148276 2.032959 -0.138023
v 1.173181 2.032959 -0.040257
v 1.209945 2.032959 -0.070449
v 1.356999 2.032959 -0.138023
v 1.209945 2.032959 -0.040257
v 1.356999 2.032959 -0.070449
v 1.356999 2.032959 -0.000000
v 1.099655 2.032959 -0.014377
v 1.099655 2.032959 -0.000000
v 1.136418 2.032959 -0.014377
v 1.265064 2.032959 -0.018499
v 1.262180 2.032959 -0.019693
v 1.259704 2.032959 -0.021593
v 1.257804 2.032959 -0.024070
v 1.256610 2.032959 -0.026953
v 1.256202 2.032959 -0.030048
v 1.268159 2.032959 -0.018092
v 1.271253 2.032959 -0.018499
v 1.274137 2.032959 -0.019693
v 1.276613 2.032959 -0.021593
v 1.278513 2.032959 -0.024070
v 1.279708 2.032959 -0.026953
v 1.280115 2.032959 -0.030048
v 1.265064 2.032959 -0.041597
v 1.262180 2.032959 -0.040402
v 1.259704 2.032959 -0.038502
v 1.257804 2.032959 -0.036026
v 1.256610 2.032959 -0.033142
v 1.268159 2.032959 -0.042004
v 1.271253 2.032959 -0.041597
v 1.274137 2.032959 -0.040402
v 1.276613 2.032959 -0.038502
v 1.278513 2.032959 -0.036026
v 1.279708 2.032959 -0.033142
v 1.540816 2.032959 -0.040257
v 1.504053 2.032959 -0.070449
v 1.504053 2.032959 -0.040257
v 1.577580 2.032959 -0.027317
v 1.540816 2.032959 -0.027317
v 1.565722 2.032959 -0.138023
v 1.570064 2.032959 -0.127540
v 1.577580 2.032959 -0.070449
v 1.429203 2.032959 -0.021634
v 1.431873 2.032959 -0.020528
v 1.434738 2.032959 -0.020150
v 1.614343 2.032959 -0.000000
v 1.426910 2.032959 -0.023393
v 1.425151 2.032959 -0.025686
v 1.424045 2.032959 -0.028356
v 1.423667 2.032959 -0.031221
v 1.437603 2.032959 -0.020528
v 1.440274 2.032959 -0.021634
v 1.442566 2.032959 -0.023393
v 1.444326 2.032959 -0.025686
v 1.445431 2.032959 -0.028356
v 1.445809 2.032959 -0.031221
v 1.577580 2.032959 -0.014377
v 1.614343 2.032959 -0.014377
v 1.431873 2.032959 -0.041914
v 1.429203 2.032959 -0.040808
v 1.426910 2.032959 -0.039049
v 1.425151 2.032959 -0.036756
v 1.424045 2.032959 -0.034086
v 1.434738 2.032959 -0.042292
v 1.437603 2.032959 -0.041914
v 1.440274 2.032959 -0.040808
v 1.442566 2.032959 -0.039049
v 1.444326 2.032959 -0.036756
v 1.445431 2.032959 -0.034086
v 1.651107 2.032959 0.022956
v 1.062891 2.032959 0.004313
v 1.062891 2.032959 0.022956
v 1.062891 2.032959 -0.000000
v 1.651107 2.032959 -0.000000
v 1.651107 2.032959 0.007189
v 1.651107 2.032959 0.084864
v 1.062891 2.032959 0.022956
v 1.062891 2.032959 0.085011
v 1.651107 2.032959 0.022956
vn -0.0000 1.0000 -0.0000
vn -0.0000 1.0000 -0.0002
vn -0.0000 1.0000 -0.0001
vn -0.0000 1.0000 0.0001
vn -0.0000 1.0000 -0.0004
vt 13.385690 0.311680
vt 12.966229 0.803806
vt 12.966229 0.311680
vt 13.051990 1.455194
vt 13.101530 1.574803
vt 13.385690 0.459318
vt 13.805160 0.803806
vt 15.483001 1.574803
vt 13.805160 0.459318
vt 15.483001 0.803806
vt 15.483001 0.000000
vt 12.546770 0.164042
vt 12.546770 0.000000
vt 12.966229 0.164042
vt 14.434050 0.211069
vt 14.401150 0.224697
vt 14.372900 0.246376
vt 14.351219 0.274629
vt 14.337589 0.307530
vt 14.332940 0.342838
vt 14.469359 0.206420
vt 14.504669 0.211069
vt 14.537570 0.224697
vt 14.565820 0.246376
vt 14.587500 0.274629
vt 14.601130 0.307530
vt 14.605780 0.342838
vt 14.434050 0.474607
vt 14.401150 0.460979
vt 14.372900 0.439299
vt 14.351219 0.411046
vt 14.337589 0.378145
vt 14.469359 0.479255
vt 14.504669 0.474607
vt 14.537570 0.460979
vt 14.565820 0.439299
vt 14.587500 0.411046
vt 14.601130 0.378145
vt 17.580309 0.459318
vt 17.160849 0.803806
vt 17.160849 0.459318
vt 17.999769 0.311680
vt 17.580309 0.311680
vt 17.864470 1.574803
vt 17.914019 1.455194
vt 17.999769 0.803806
vt 16.306829 0.246834
vt 16.337299 0.234215
vt 16.369989 0.229911
vt 18.419239 0.000000
vt 16.280670 0.266907
vt 16.260599 0.293067
vt 16.247980 0.323532
vt 16.243679 0.356223
vt 16.402679 0.234215
vt 16.433140 0.246834
vt 16.459299 0.266907
vt 16.479380 0.293067
vt 16.492001 0.323532
vt 16.496300 0.356223
vt 17.999769 0.164042
vt 18.419239 0.164042
vt 16.337299 0.478232
vt 16.306829 0.465613
vt 16.280670 0.445540
vt 16.260599 0.419380
vt 16.247980 0.388916
vt 16.369989 0.482536
vt 16.402679 0.478232
vt 16.433140 0.465613
vt 16.459299 0.445540
vt 16.479380 0.419380
vt 16.492001 0.388916
vt 18.838699 -0.261923
vt 12.127310 -0.049213
vt 12.127310 -0.261923
vt 12.127310 0.000000
vt 18.838699 0.000000
vt 18.838699 -0.082021
vt 18.838699 -0.968280
vt 12.127310 -0.969954
s 1
usemtl Granite_Brown
f 1707/1275/86 1708/1276/86 1709/1277/86
f 1708/1276/86 1707/1275/86 1710/1278/86
f 1710/1278/86 1707/1275/86 1711/1279/86
f 1711/1279/86 1707/1275/86 1712/1280/86
f 1711/1279/86 1712/1280/86 1713/1281/86
f 1711/1279/86 1713/1281/86 1714/1282/86
f 1713/1281/86 1712/1280/86 1715/1283/86
f 1714/1282/86 1713/1281/86 1716/1284/86
f 1717/1285/86 1718/1286/86 1719/1287/87
f 1718/1286/86 1717/1285/86 1720/1288/86
f 1720/1288/86 1717/1285/86 1709/1277/86
f 1709/1277/86 1717/1285/86 1707/1275/86
f 1707/1275/86 1717/1285/86 1721/1289/86
f 1707/1275/86 1721/1289/86 1712/1280/86
f 1712/1280/86 1721/1289/86 1715/1283/86
f 1715/1283/86 1721/1289/86 1722/1290/86
f 1715/1283/86 1722/1290/86 1723/1291/86
f 1715/1283/86 1723/1291/86 1713/1281/86
f 1713/1281/86 1723/1291/86 1724/1292/88
f 1713/1281/86 1724/1292/88 1725/1293/86
f 1713/1281/86 1725/1293/86 1726/1294/86
f 1721/1289/86 1717/1285/86 1727/1295/86
f 1727/1295/86 1717/1285/86 1728/1296/86
f 1728/1296/86 1717/1285/86 1729/1297/86
f 1729/1297/86 1717/1285/86 1730/1298/88
f 1730/1298/88 1717/1285/86 1731/1299/88
f 1731/1299/88 1717/1285/86 1732/1300/88
f 1732/1300/88 1717/1285/86 1733/1301/86
f 1713/1281/86 1734/1302/86 1716/1284/86
f 1734/1302/86 1713/1281/86 1735/1303/86
f 1735/1303/86 1713/1281/86 1736/1304/86
f 1736/1304/86 1713/1281/86 1737/1305/86
f 1737/1305/86 1713/1281/86 1738/1306/86
f 1738/1306/86 1713/1281/86 1726/1294/86
f 1716/1284/86 1734/1302/86 1739/1307/89
f 1716/1284/86 1739/1307/89 1740/1308/88
f 1716/1284/86 1740/1308/88 1741/1309/86
f 1716/1284/86 1741/1309/86 1742/1310/86
f 1716/1284/86 1742/1310/86 1743/1311/86
f 1716/1284/86 1743/1311/86 1744/1312/86
f 1716/1284/86 1744/1312/86 1733/1301/86
f 1716/1284/86 1733/1301/86 1717/1285/86
f 1745/1313/86 1746/1314/86 1747/1315/86
f 1748/1316/86 1745/1313/86 1749/1317/86
f 1745/1313/86 1748/1316/86 1750/1318/86
f 1750/1318/86 1748/1316/86 1751/1319/86
f 1751/1319/86 1748/1316/86 1752/1320/86
f 1746/1314/86 1714/1282/86 1716/1284/86
f 1714/1282/86 1746/1314/86 1750/1318/86
f 1750/1318/86 1746/1314/86 1745/1313/86
f 1717/1285/86 1753/1321/86 1716/1284/86
f 1753/1321/86 1717/1285/86 1754/1322/86
f 1754/1322/86 1717/1285/86 1755/1323/86
f 1755/1323/86 1717/1285/86 1756/1324/86
f 1716/1284/86 1753/1321/86 1757/1325/86
f 1716/1284/86 1757/1325/86 1758/1326/88
f 1716/1284/86 1758/1326/88 1759/1327/89
f 1716/1284/86 1759/1327/89 1760/1328/86
f 1755/1323/86 1756/1324/86 1761/1329/90
f 1761/1329/90 1756/1324/86 1762/1330/86
f 1762/1330/86 1756/1324/86 1763/1331/89
f 1763/1331/89 1756/1324/86 1764/1332/88
f 1764/1332/88 1756/1324/86 1765/1333/86
f 1765/1333/86 1756/1324/86 1766/1334/86
f 1766/1334/86 1756/1324/86 1747/1315/86
f 1747/1315/86 1756/1324/86 1749/1317/86
f 1749/1317/86 1756/1324/86 1767/1335/86
f 1767/1335/86 1756/1324/86 1768/1336/86
f 1748/1316/86 1749/1317/86 1767/1335/86
f 1745/1313/86 1747/1315/86 1749/1317/86
f 1716/1284/86 1769/1337/86 1746/1314/86
f 1769/1337/86 1716/1284/86 1770/1338/86
f 1770/1338/86 1716/1284/86 1771/1339/86
f 1771/1339/86 1716/1284/86 1772/1340/86
f 1772/1340/86 1716/1284/86 1773/1341/86
f 1773/1341/86 1716/1284/86 1760/1328/86
f 1746/1314/86 1769/1337/86 1774/1342/86
f 1746/1314/86 1774/1342/86 1775/1343/86
f 1746/1314/86 1775/1343/86 1776/1344/86
f 1746/1314/86 1776/1344/86 1777/1345/86
f 1746/1314/86 1777/1345/86 1778/1346/86
f 1746/1314/86 1778/1346/86 1779/1347/86
f 1746/1314/86 1779/1347/86 1766/1334/86
f 1746/1314/86 1766/1334/86 1747/1315/86
f 1780/1348/86 1781/1349/86 1782/1350/86
f 1781/1349/86 1780/1348/86 1783/1351/86
f 1783/1351/86 1780/1348/86 1719/1287/87
f 1719/1287/87 1780/1348/86 1717/1285/86
f 1717/1285/86 1780/1348/86 1756/1324/86
f 1756/1324/86 1780/1348/86 1784/1352/86
s 0
f 1784/1352/86 1780/1348/86 1785/1353/86
s 1
f 1786/1354/86 1787/1350/86 1788/1355/86
f 1787/1350/86 1786/1354/86 1789/1348/86
o SketchUp.008
v 1.424045 2.237118 -0.028356
v 1.424045 2.237118 -0.034086
v 1.423667 2.237118 -0.031221
v 1.425151 2.237118 -0.025686
v 1.425151 2.237118 -0.036756
v 1.426910 2.237118 -0.023393
v 1.426910 2.237118 -0.039049
v 1.429203 2.237118 -0.021634
v 1.429203 2.237118 -0.040808
v 1.431873 2.237118 -0.020528
v 1.431873 2.237118 -0.041914
v 1.434738 2.237118 -0.020150
v 1.434738 2.237118 -0.042292
v 1.437603 2.237118 -0.020528
v 1.437603 2.237118 -0.041914
v 1.440274 2.237118 -0.021634
v 1.440274 2.237118 -0.040808
v 1.442566 2.237118 -0.023393
v 1.442566 2.237118 -0.039049
v 1.444326 2.237118 -0.025686
v 1.444326 2.237118 -0.036756
v 1.445431 2.237118 -0.028356
v 1.445431 2.237118 -0.034086
v 1.445809 2.237118 -0.031221
vn -0.0000 1.0000 -0.0000
vt 16.247980 0.323532
vt 16.247980 0.388916
vt 16.243679 0.356223
vt 16.260599 0.293067
vt 16.260599 0.419380
vt 16.280670 0.266907
vt 16.280670 0.445540
vt 16.306829 0.246834
vt 16.306829 0.465613
vt 16.337299 0.234215
vt 16.337299 0.478232
vt 16.369989 0.229911
vt 16.369989 0.482536
vt 16.402679 0.234215
vt 16.402679 0.478232
vt 16.433140 0.246834
vt 16.433140 0.465613
vt 16.459299 0.266907
vt 16.459299 0.445540
vt 16.479380 0.293067
vt 16.479380 0.419380
vt 16.492001 0.323532
vt 16.492001 0.388916
vt 16.496300 0.356223
s 1
usemtl Wood_Floor_Parquet
f 1790/1356/91 1791/1357/91 1792/1358/91
f 1791/1357/91 1790/1356/91 1793/1359/91
f 1791/1357/91 1793/1359/91 1794/1360/91
f 1794/1360/91 1793/1359/91 1795/1361/91
f 1794/1360/91 1795/1361/91 1796/1362/91
f 1796/1362/91 1795/1361/91 1797/1363/91
f 1796/1362/91 1797/1363/91 1798/1364/91
f 1798/1364/91 1797/1363/91 1799/1365/91
f 1798/1364/91 1799/1365/91 1800/1366/91
f 1800/1366/91 1799/1365/91 1801/1367/91
f 1800/1366/91 1801/1367/91 1802/1368/91
f 1802/1368/91 1801/1367/91 1803/1369/91
f 1802/1368/91 1803/1369/91 1804/1370/91
f 1804/1370/91 1803/1369/91 1805/1371/91
f 1804/1370/91 1805/1371/91 1806/1372/91
f 1806/1372/91 1805/1371/91 1807/1373/91
f 1806/1372/91 1807/1373/91 1808/1374/91
f 1808/1374/91 1807/1373/91 1809/1375/91
f 1808/1374/91 1809/1375/91 1810/1376/91
f 1810/1376/91 1809/1375/91 1811/1377/91
f 1810/1376/91 1811/1377/91 1812/1378/91
f 1812/1378/91 1811/1377/91 1813/1379/91
o SketchUp.009
v 1.425151 2.237118 -0.025686
v 1.426910 2.032959 -0.023393
v 1.426910 2.237118 -0.023393
v 1.425151 2.032959 -0.025686
v 1.429203 2.237118 -0.021634
v 1.429203 2.032959 -0.021634
v 1.424045 2.237118 -0.028356
v 1.424045 2.032959 -0.028356
v 1.431873 2.237118 -0.020528
v 1.431873 2.032959 -0.020528
v 1.423667 2.237118 -0.031221
v 1.423667 2.032959 -0.031221
v 1.434738 2.237118 -0.020150
v 1.434738 2.032959 -0.020150
v 1.424045 2.237118 -0.034086
v 1.424045 2.032959 -0.034086
v 1.437603 2.237118 -0.020528
v 1.437603 2.032959 -0.020528
v 1.425151 2.237118 -0.036756
v 1.425151 2.032959 -0.036756
v 1.440274 2.237118 -0.021634
v 1.440274 2.032959 -0.021634
v 1.426910 2.237118 -0.039049
v 1.426910 2.032959 -0.039049
v 1.442566 2.237118 -0.023393
v 1.442566 2.032959 -0.023393
v 1.429203 2.032959 -0.040808
v 1.429203 2.237118 -0.040808
v 1.444326 2.032959 -0.025686
v 1.444326 2.237118 -0.025686
v 1.431873 2.032959 -0.041914
v 1.431873 2.237118 -0.041914
v 1.445431 2.032959 -0.028356
v 1.445431 2.237118 -0.028356
v 1.434738 2.032959 -0.042292
v 1.434738 2.237118 -0.042292
v 1.445809 2.032959 -0.031221
v 1.445809 2.237118 -0.031221
v 1.437603 2.032959 -0.041914
v 1.437603 2.237118 -0.041914
v 1.445431 2.032959 -0.034086
v 1.445431 2.237118 -0.034086
v 1.440274 2.032959 -0.040808
v 1.440274 2.237118 -0.040808
v 1.444326 2.032959 -0.036756
v 1.444326 2.237118 -0.036756
v 1.442566 2.032959 -0.039049
v 1.442566 2.237118 -0.039049
vn -0.8660 -0.0000 0.5000
vn -0.7071 -0.0000 0.7071
vn -0.5000 -0.0000 0.8661
vn -0.9659 -0.0000 0.2590
vn -0.2590 -0.0000 0.9659
vn -1.0000 -0.0000 -0.0000
vn -0.0000 -0.0000 1.0000
vn -0.9659 -0.0000 -0.2590
vn 0.2589 -0.0000 0.9659
vn -0.8660 -0.0000 -0.5000
vn 0.5000 -0.0000 0.8660
vn -0.7071 -0.0000 -0.7071
vn 0.7071 -0.0000 0.7071
vn -0.5000 -0.0000 -0.8661
vn 0.8661 -0.0000 0.4999
vn -0.2590 -0.0000 -0.9659
vn 0.9659 -0.0000 0.2588
vn -0.0000 -0.0000 -1.0000
vn 1.0000 -0.0000 -0.0000
vn 0.2589 -0.0000 -0.9659
vn 0.9659 -0.0000 -0.2588
vn 0.5000 -0.0000 -0.8660
vn 0.8661 -0.0000 -0.4999
vn 0.7071 -0.0000 -0.7071
vt 0.462959 2.329396
vt 0.496027 -0.000000
vt 0.496027 2.329396
vt 0.462959 -0.000000
vt 0.529096 2.329396
vt 0.529096 -0.000000
vt 0.429890 2.329396
vt 0.429890 0.000000
vt 0.562164 2.329396
vt 0.562164 -0.000000
vt 0.396822 2.329396
vt 0.396822 0.000000
vt 0.595233 2.329396
vt 0.595233 0.000000
vt 0.363753 2.329396
vt 0.363753 -0.000000
vt 0.628301 2.329396
vt 0.628301 0.000000
vt 0.330685 2.329396
vt 0.330685 0.000000
vt 0.661370 2.329396
vt 0.661370 0.000000
vt 0.297616 2.329396
vt 0.297616 -0.000000
vt 0.694438 2.329396
vt 0.694438 0.000000
vt 0.264548 0.000000
vt 0.264548 2.329396
vt 0.727507 0.000000
vt 0.727507 2.329396
vt 0.231479 -0.000000
vt 0.231479 2.329396
vt 0.760575 -0.000000
vt 0.760575 2.329396
vt 0.198411 -0.000000
vt 0.198411 2.329396
vt 0.793644 -0.000000
vt 0.793644 2.329396
vt 0.165342 0.000000
vt 0.165342 2.329396
vt 0.033068 -0.000000
vt 0.000000 2.329396
vt 0.000000 -0.000000
vt 0.033068 2.329396
vt 0.132274 0.000000
vt 0.132274 2.329396
vt 0.066137 -0.000000
vt 0.066137 2.329396
vt 0.099205 0.000000
vt 0.099205 2.329396
s 1
usemtl Wood_Floor
f 1814/1380/92 1815/1381/93 1816/1382/93
f 1815/1381/93 1814/1380/92 1817/1383/92
f 1818/1384/94 1815/1381/93 1819/1385/94
f 1815/1381/93 1818/1384/94 1816/1382/93
f 1820/1386/95 1817/1383/92 1814/1380/92
f 1817/1383/92 1820/1386/95 1821/1387/95
f 1822/1388/96 1819/1385/94 1823/1389/96
f 1819/1385/94 1822/1388/96 1818/1384/94
f 1824/1390/97 1821/1387/95 1820/1386/95
f 1821/1387/95 1824/1390/97 1825/1391/97
f 1826/1392/98 1823/1389/96 1827/1393/98
f 1823/1389/96 1826/1392/98 1822/1388/96
f 1828/1394/99 1825/1391/97 1824/1390/97
f 1825/1391/97 1828/1394/99 1829/1395/99
f 1830/1396/100 1827/1393/98 1831/1397/100
f 1827/1393/98 1830/1396/100 1826/1392/98
f 1832/1398/101 1829/1395/99 1828/1394/99
f 1829/1395/99 1832/1398/101 1833/1399/101
f 1834/1400/102 1831/1397/100 1835/1401/102
f 1831/1397/100 1834/1400/102 1830/1396/100
f 1836/1402/103 1833/1399/101 1832/1398/101
f 1833/1399/101 1836/1402/103 1837/1403/103
f 1838/1404/104 1835/1401/102 1839/1405/104
f 1835/1401/102 1838/1404/104 1834/1400/102
f 1836/1402/103 1840/1406/105 1837/1403/103
f 1840/1406/105 1836/1402/103 1841/1407/105
f 1842/1408/106 1838/1404/104 1839/1405/104
f 1838/1404/104 1842/1408/106 1843/1409/106
f 1841/1407/105 1844/1410/107 1840/1406/105
f 1844/1410/107 1841/1407/105 1845/1411/107
f 1846/1412/108 1843/1409/106 1842/1408/106
f 1843/1409/106 1846/1412/108 1847/1413/108
f 1845/1411/107 1848/1414/109 1844/1410/107
f 1848/1414/109 1845/1411/107 1849/1415/109
f 1850/1416/110 1847/1413/108 1846/1412/108
f 1847/1413/108 1850/1416/110 1851/1417/110
f 1849/1415/109 1852/1418/111 1848/1414/109
f 1852/1418/111 1849/1415/109 1853/1419/111
f 1854/1420/112 1851/1421/110 1850/1422/110
f 1851/1421/110 1854/1420/112 1855/1423/112
f 1853/1419/111 1856/1424/113 1852/1418/111
f 1856/1424/113 1853/1419/111 1857/1425/113
f 1858/1426/114 1855/1423/112 1854/1420/112
f 1855/1423/112 1858/1426/114 1859/1427/114
f 1857/1425/113 1860/1428/115 1856/1424/113
f 1860/1428/115 1857/1425/113 1861/1429/115
f 1860/1428/115 1859/1427/114 1858/1426/114
f 1859/1427/114 1860/1428/115 1861/1429/115
o SketchUp.010
v 1.256610 2.234243 -0.026953
v 1.256610 2.234243 -0.033142
v 1.256202 2.234243 -0.030048
v 1.257804 2.234243 -0.024070
v 1.257804 2.234243 -0.036026
v 1.259704 2.234243 -0.021593
v 1.259704 2.234243 -0.038502
v 1.262180 2.234243 -0.019693
v 1.262180 2.234243 -0.040402
v 1.265064 2.234243 -0.018499
v 1.265064 2.234243 -0.041597
v 1.268159 2.234243 -0.018092
v 1.268159 2.234243 -0.042004
v 1.271253 2.234243 -0.018499
v 1.271253 2.234243 -0.041597
v 1.274137 2.234243 -0.019693
v 1.274137 2.234243 -0.040402
v 1.276613 2.234243 -0.021593
v 1.276613 2.234243 -0.038502
v 1.278513 2.234243 -0.024070
v 1.278513 2.234243 -0.036026
v 1.279708 2.234243 -0.026953
v 1.279708 2.234243 -0.033142
v 1.280115 2.234243 -0.030048
vn -0.0000 1.0000 -0.0000
vt 14.337589 0.307530
vt 14.337589 0.378145
vt 14.332940 0.342838
vt 14.351219 0.274629
vt 14.351219 0.411046
vt 14.372900 0.246376
vt 14.372900 0.439299
vt 14.401150 0.224697
vt 14.401150 0.460979
vt 14.434050 0.211069
vt 14.434050 0.474607
vt 14.469359 0.206420
vt 14.469359 0.479255
vt 14.504669 0.211069
vt 14.504669 0.474607
vt 14.537570 0.224697
vt 14.537570 0.460979
vt 14.565820 0.246376
vt 14.565820 0.439299
vt 14.587500 0.274629
vt 14.587500 0.411046
vt 14.601130 0.307530
vt 14.601130 0.378145
vt 14.605780 0.342838
s 1
usemtl Wood_Floor_Parquet
f 1862/1430/116 1863/1431/116 1864/1432/116
f 1863/1431/116 1862/1430/116 1865/1433/116
f 1863/1431/116 1865/1433/116 1866/1434/116
f 1866/1434/116 1865/1433/116 1867/1435/116
f 1866/1434/116 1867/1435/116 1868/1436/116
f 1868/1436/116 1867/1435/116 1869/1437/116
f 1868/1436/116 1869/1437/116 1870/1438/116
f 1870/1438/116 1869/1437/116 1871/1439/116
f 1870/1438/116 1871/1439/116 1872/1440/116
f 1872/1440/116 1871/1439/116 1873/1441/116
f 1872/1440/116 1873/1441/116 1874/1442/116
f 1874/1442/116 1873/1441/116 1875/1443/116
f 1874/1442/116 1875/1443/116 1876/1444/116
f 1876/1444/116 1875/1443/116 1877/1445/116
f 1876/1444/116 1877/1445/116 1878/1446/116
f 1878/1446/116 1877/1445/116 1879/1447/116
f 1878/1446/116 1879/1447/116 1880/1448/116
f 1880/1448/116 1879/1447/116 1881/1449/116
f 1880/1448/116 1881/1449/116 1882/1450/116
f 1882/1450/116 1881/1449/116 1883/1451/116
f 1882/1450/116 1883/1451/116 1884/1452/116
f 1884/1452/116 1883/1451/116 1885/1453/116
o SketchUp.011
v 1.280115 2.032959 -0.030048
v 1.279708 2.234243 -0.026953
v 1.279708 2.032959 -0.026953
v 1.280115 2.234243 -0.030048
v 1.279708 2.032959 -0.033142
v 1.279708 2.234243 -0.033142
v 1.278513 2.234243 -0.024070
v 1.278513 2.032959 -0.024070
v 1.278513 2.032959 -0.036026
v 1.278513 2.234243 -0.036026
v 1.276613 2.234243 -0.021593
v 1.276613 2.032959 -0.021593
v 1.276613 2.032959 -0.038502
v 1.276613 2.234243 -0.038502
v 1.274137 2.032959 -0.019693
v 1.274137 2.234243 -0.019693
v 1.274137 2.234243 -0.040402
v 1.274137 2.032959 -0.040402
v 1.271253 2.032959 -0.018499
v 1.271253 2.234243 -0.018499
v 1.271253 2.234243 -0.041597
v 1.271253 2.032959 -0.041597
v 1.268159 2.032959 -0.018092
v 1.268159 2.234243 -0.018092
v 1.268159 2.234243 -0.042004
v 1.268159 2.032959 -0.042004
v 1.265064 2.032959 -0.018499
v 1.265064 2.234243 -0.018499
v 1.265064 2.234243 -0.041597
v 1.265064 2.032959 -0.041597
v 1.262180 2.032959 -0.019693
v 1.262180 2.234243 -0.019693
v 1.262180 2.234243 -0.040402
v 1.262180 2.032959 -0.040402
v 1.259704 2.032959 -0.021593
v 1.259704 2.234243 -0.021593
v 1.259704 2.234243 -0.038502
v 1.259704 2.032959 -0.038502
v 1.257804 2.234243 -0.024070
v 1.257804 2.032959 -0.024070
v 1.257804 2.032959 -0.036026
v 1.257804 2.234243 -0.036026
v 1.256610 2.234243 -0.026953
v 1.256610 2.032959 -0.026953
v 1.256610 2.032959 -0.033142
v 1.256610 2.234243 -0.033142
v 1.256202 2.234243 -0.030048
v 1.256202 2.032959 -0.030048
vn 1.0000 -0.0000 -0.0000
vn 0.9659 -0.0000 0.2589
vn 0.9659 -0.0000 -0.2588
vn 0.8660 -0.0000 0.5000
vn 0.8660 -0.0000 -0.5001
vn 0.7072 -0.0000 0.7070
vn 0.7071 -0.0000 -0.7071
vn 0.4999 -0.0000 0.8661
vn 0.5001 -0.0000 -0.8660
vn 0.2587 -0.0000 0.9660
vn 0.2588 -0.0000 -0.9659
vn -0.0000 -0.0000 1.0000
vn -0.0000 -0.0000 -1.0000
vn -0.2587 -0.0000 0.9660
vn -0.2588 -0.0000 -0.9659
vn -0.4999 -0.0000 0.8661
vn -0.5001 -0.0000 -0.8660
vn -0.7072 -0.0000 0.7070
vn -0.7071 -0.0000 -0.7071
vn -0.8661 -0.0000 0.4999
vn -0.8661 -0.0000 -0.4999
vn -0.9659 -0.0000 0.2589
vn -0.9659 -0.0000 -0.2588
vn -1.0000 -0.0000 -0.0000
vt 0.857135 0.000000
vt 0.821421 2.296588
vt 0.821421 0.000000
vt 0.857135 2.296588
vt 0.035714 0.000000
vt 0.000000 2.296588
vt 0.000000 0.000000
vt 0.035714 2.296588
vt 0.785707 2.296588
vt 0.785707 0.000000
vt 0.071428 0.000000
vt 0.071428 2.296588
vt 0.749993 2.296588
vt 0.749993 0.000000
vt 0.107142 0.000000
vt 0.107142 2.296588
vt 0.714279 0.000000
vt 0.714279 2.296588
vt 0.142856 2.296588
vt 0.142856 0.000000
vt 0.678566 -0.000000
vt 0.678566 2.296588
vt 0.178570 2.296588
vt 0.178570 0.000000
vt 0.642852 0.000000
vt 0.642852 2.296588
vt 0.214284 2.296588
vt 0.214284 0.000000
vt 0.607138 0.000000
vt 0.607138 2.296588
vt 0.249998 2.296588
vt 0.249998 0.000000
vt 0.571424 0.000000
vt 0.571424 2.296588
vt 0.285712 2.296588
vt 0.285712 0.000000
vt 0.535710 -0.000000
vt 0.535710 2.296588
vt 0.321426 2.296588
vt 0.321426 0.000000
vt 0.499996 2.296588
vt 0.499996 0.000000
vt 0.357140 0.000000
vt 0.357140 2.296588
vt 0.464282 2.296588
vt 0.464282 0.000000
vt 0.392854 0.000000
vt 0.392854 2.296588
vt 0.428568 2.296588
vt 0.428568 0.000000
s 1
usemtl Wood_Floor
f 1886/1454/117 1887/1455/118 1888/1456/118
f 1887/1455/118 1886/1454/117 1889/1457/117
f 1890/1458/119 1889/1459/117 1886/1460/117
f 1889/1459/117 1890/1458/119 1891/1461/119
f 1888/1456/118 1892/1462/120 1893/1463/120
f 1892/1462/120 1888/1456/118 1887/1455/118
f 1894/1464/121 1891/1461/119 1890/1458/119
f 1891/1461/119 1894/1464/121 1895/1465/121
f 1893/1463/120 1896/1466/122 1897/1467/122
f 1896/1466/122 1893/1463/120 1892/1462/120
f 1898/1468/123 1895/1465/121 1894/1464/121
f 1895/1465/121 1898/1468/123 1899/1469/123
f 1896/1466/122 1900/1470/124 1897/1467/122
f 1900/1470/124 1896/1466/122 1901/1471/124
f 1902/1472/125 1898/1468/123 1903/1473/125
f 1898/1468/123 1902/1472/125 1899/1469/123
f 1901/1471/124 1904/1474/126 1900/1470/124
f 1904/1474/126 1901/1471/124 1905/1475/126
f 1906/1476/127 1903/1473/125 1907/1477/127
f 1903/1473/125 1906/1476/127 1902/1472/125
f 1905/1475/126 1908/1478/128 1904/1474/126
f 1908/1478/128 1905/1475/126 1909/1479/128
f 1910/1480/129 1907/1477/127 1911/1481/129
f 1907/1477/127 1910/1480/129 1906/1476/127
f 1909/1479/128 1912/1482/130 1908/1478/128
f 1912/1482/130 1909/1479/128 1913/1483/130
f 1914/1484/131 1911/1481/129 1915/1485/131
f 1911/1481/129 1914/1484/131 1910/1480/129
f 1913/1483/130 1916/1486/132 1912/1482/130
f 1916/1486/132 1913/1483/130 1917/1487/132
f 1918/1488/133 1915/1485/131 1919/1489/133
f 1915/1485/131 1918/1488/133 1914/1484/131
f 1917/1487/132 1920/1490/134 1916/1486/132
f 1920/1490/134 1917/1487/132 1921/1491/134
f 1922/1492/135 1919/1489/133 1923/1493/135
f 1919/1489/133 1922/1492/135 1918/1488/133
f 1924/1494/136 1920/1490/134 1921/1491/134
f 1920/1490/134 1924/1494/136 1925/1495/136
f 1922/1492/135 1926/1496/137 1927/1497/137
f 1926/1496/137 1922/1492/135 1923/1493/135
f 1928/1498/138 1925/1495/136 1924/1494/136
f 1925/1495/136 1928/1498/138 1929/1499/138
f 1927/1497/137 1930/1500/139 1931/1501/139
f 1930/1500/139 1927/1497/137 1926/1496/137
f 1932/1502/140 1929/1499/138 1928/1498/138
f 1929/1499/138 1932/1502/140 1933/1503/140
f 1931/1501/139 1933/1503/140 1932/1502/140
f 1933/1503/140 1931/1501/139 1930/1500/139
o SketchUp.012
v 0.529179 2.165256 -0.000000
v 0.519611 2.166260 -0.000000
v 0.529851 2.164993 -0.000000
v 0.519540 2.166452 -0.000000
v 0.529179 2.165256 -0.000000
v 0.519540 2.166452 0.004313
v 0.519540 2.166452 -0.000000
v 0.529179 2.165256 0.004313
v 0.519611 2.166260 -0.000000
v 0.519540 2.166452 0.004313
v 0.519611 2.166260 0.004313
v 0.519540 2.166452 -0.000000
v 0.529851 2.164993 0.004313
v 0.519611 2.166260 -0.000000
v 0.519611 2.166260 0.004313
v 0.529851 2.164993 -0.000000
v 0.529851 2.164993 -0.000000
v 0.529851 2.164993 0.004313
vn -0.0000 -0.0000 1.0000
vn -0.2457 -0.9694 -0.0000
vn -0.1231 -0.9924 -0.0000
vn 0.9374 0.3482 -0.0000
vn 0.1228 0.9924 -0.0000
vn -0.3639 -0.9314 -0.0000
vt 6.037796 24.705002
vt 5.928627 24.716459
vt 6.045468 24.702002
vt 5.927813 24.718649
vt 0.000000 -2.949404
vt 0.049213 -2.838577
vt 0.000000 -2.838577
vt 0.049213 -2.949404
vt 0.000000 21.091860
vt -0.049213 21.094189
vt -0.049213 21.091860
vt 0.000000 21.094189
vt -0.049213 -2.965887
vt -0.000000 -2.848155
vt -0.049213 -2.848155
vt -0.000000 -2.965887
vt -0.000000 3.352609
vt 0.049213 3.360844
vt -0.000000 3.360844
vt 0.049213 3.352609
s 1
usemtl Wood_Floor_Parquet
f 1934/1504/141 1935/1505/141 1936/1506/141
f 1935/1505/141 1934/1504/141 1937/1507/141
f 1938/1508/142 1939/1509/143 1940/1510/143
f 1939/1509/143 1938/1508/142 1941/1511/142
f 1942/1512/144 1943/1513/144 1944/1514/144
f 1943/1513/144 1942/1512/144 1945/1515/144
f 1946/1516/145 1947/1517/145 1948/1518/145
f 1947/1517/145 1946/1516/145 1949/1519/145
f 1950/1520/146 1941/1521/142 1938/1522/142
f 1941/1521/142 1950/1520/146 1951/1523/146
o SketchUp.013
v 0.495589 2.181153 -0.000000
v 0.496621 2.181033 -0.000000
v 0.496514 2.181071 -0.000000
vn -0.0000 -0.0000 1.0000
vt 5.654537 24.886389
vt 5.666314 24.885010
vt 5.665098 24.885460
s 1
usemtl Wood_Floor_Parquet
f 1952/1524/147 1953/1525/147 1954/1526/147
o SketchUp.014
v 0.491572 2.181622 -0.000000
v 0.491011 2.181556 -0.000000
v 0.495589 2.181153 -0.000000
vn -0.0000 -0.0000 1.0000
vt 5.608706 24.891729
vt 5.602312 24.890989
vt 5.654537 24.886389
s 1
usemtl Wood_Floor_Parquet
f 1955/1527/148 1956/1528/148 1957/1529/148
o SketchUp.015
v 0.490762 2.181578 -0.000000
v 0.489899 2.181427 -0.000000
v 0.491011 2.181556 -0.000000
vn -0.0000 -0.0000 1.0000
vt 5.599472 24.891239
vt 5.589626 24.889509
vt 5.602312 24.890989
s 1
usemtl Wood_Floor_Parquet
f 1958/1530/149 1959/1531/149 1960/1532/149
o SketchUp.016
v 0.463955 2.166313 -0.000000
v 0.453965 2.165256 -0.000000
v 0.453292 2.164993 -0.000000
v 0.463986 2.166499 -0.000000
v 0.463955 2.166313 0.004313
v 0.453292 2.164993 -0.000000
v 0.453292 2.164993 0.004313
v 0.463955 2.166313 -0.000000
v 0.463986 2.166499 0.004313
v 0.463955 2.166313 -0.000000
v 0.463955 2.166313 0.004313
v 0.463986 2.166499 -0.000000
v 0.463986 2.166499 -0.000000
v 0.453965 2.165256 0.004313
v 0.453965 2.165256 -0.000000
v 0.463986 2.166499 0.004313
v 0.453292 2.164993 0.004313
v 0.453292 2.164993 -0.000000
vn -0.0000 -0.0000 1.0000
vn -0.1228 0.9924 -0.0000
vn -0.9861 0.1662 -0.0000
vn -0.9860 0.1665 -0.0000
vn -0.9862 0.1658 -0.0000
vn 0.1231 -0.9924 -0.0000
vn 0.2454 -0.9694 -0.0000
vn 0.3640 -0.9314 -0.0000
vn 0.3639 -0.9314 -0.0000
vt 5.293604 24.717060
vt 5.179615 24.705002
vt 5.171944 24.702002
vt 5.293963 24.719189
vt 0.049213 8.289189
vt 0.000000 8.166602
vt 0.049213 8.166602
vt 0.000000 8.289189
vt 0.049213 25.255280
vt -0.000000 25.253119
vt 0.049213 25.253119
vt -0.000000 25.255280
vt -0.000000 8.297845
vt -0.049213 8.182621
vt -0.000000 8.182621
vt -0.049213 8.297845
vt 0.000000 13.810050
vt -0.049213 13.801820
vt 0.000000 13.801820
vt -0.049213 13.810050
s 1
usemtl Wood_Floor_Parquet
f 1961/1533/150 1962/1534/150 1963/1535/150
f 1962/1534/150 1961/1533/150 1964/1536/150
f 1965/1537/151 1966/1538/151 1967/1539/151
f 1966/1538/151 1965/1537/151 1968/1540/151
f 1969/1541/152 1970/1542/152 1971/1543/153
f 1970/1542/152 1969/1541/152 1972/1544/154
f 1973/1545/155 1974/1546/156 1975/1547/156
f 1974/1546/156 1973/1545/155 1976/1548/155
f 1975/1549/156 1977/1550/157 1978/1551/158
f 1977/1550/157 1975/1549/156 1974/1552/156
o SketchUp.017
v 2.133378 2.062067 0.007189
v 2.116911 2.032959 0.007189
v 2.129851 2.032959 0.007189
v 2.120879 2.065706 0.007189
v 2.143719 2.089191 0.007189
v 2.132514 2.096220 0.007189
v 2.160170 2.112483 0.007189
v 2.151021 2.122423 0.007189
v 2.181609 2.130355 0.007189
v 2.175140 2.142530 0.007189
v 2.206576 2.141590 0.007189
v 2.210689 2.142179 0.007189
v 2.207963 2.146011 0.007189
v 2.203227 2.155169 0.007189
v 2.205342 2.153045 0.007189
v 2.205115 2.155440 0.007189
v 2.210689 2.142179 -0.000000
v 2.206576 2.141590 0.007189
v 2.206576 2.141590 -0.000000
v 2.210689 2.142179 0.007189
v 2.233226 2.181622 0.007189
v 2.232416 2.181578 0.007189
v 2.232665 2.181556 0.007189
v 2.239803 2.131455 0.007189
v 2.224928 2.131992 0.007189
v 2.232330 2.130744 0.007189
v 2.246837 2.134075 0.007189
v 2.218101 2.135113 0.007189
v 2.252954 2.138427 0.007189
v 2.234319 2.137383 0.007189
v 2.240006 2.138382 0.007189
v 2.245241 2.140819 0.007189
v 2.256053 2.142178 0.007189
v 2.248202 2.143301 0.007189
v 2.257735 2.144214 0.007189
v 2.249666 2.144528 0.007189
v 2.260856 2.151041 0.007189
v 2.252981 2.149256 0.007189
v 2.254959 2.154680 0.007189
v 2.261598 2.155443 0.007189
v 2.255108 2.156371 0.007189
v 2.261651 2.155757 0.007189
v 2.262104 2.158442 0.007189
v 2.255129 2.156615 0.007189
v 2.255466 2.160432 0.007189
v 2.261393 2.165915 0.007189
v 2.254466 2.166119 0.007189
v 2.261265 2.166260 0.007189
v 2.253981 2.167162 0.007189
v 2.261194 2.166452 0.007189
v 2.258773 2.172950 0.007189
v 2.253889 2.167358 0.007189
v 2.252029 2.171353 0.007189
v 2.248321 2.175779 0.007189
v 2.254421 2.179066 0.007189
v 2.243593 2.179093 0.007189
v 2.254304 2.179163 0.007189
v 2.238275 2.181033 0.007189
v 2.248635 2.183848 0.007189
v 2.238168 2.181071 0.007189
v 2.237242 2.181153 0.007189
v 2.228568 2.137889 0.007189
v 2.212315 2.139895 0.007189
v 2.223143 2.139868 0.007189
v 2.218415 2.143182 0.007189
v 2.210689 2.142179 0.007189
v 2.207963 2.146011 0.007189
v 2.218339 2.143273 0.007189
v 2.214706 2.147608 0.007189
v 2.205342 2.153045 0.007189
v 2.212270 2.152842 0.007189
v 2.211649 2.156374 0.007189
v 2.205115 2.155440 0.007189
v 2.205084 2.155757 0.007189
v 2.204632 2.160518 0.007189
v 2.211606 2.156615 0.007189
v 2.211270 2.158529 0.007189
v 2.211777 2.164281 0.007189
v 2.205608 2.166313 0.007189
v 2.212844 2.167208 0.007189
v 2.205640 2.166499 0.007189
v 2.205879 2.167920 0.007189
v 2.212915 2.167402 0.007189
v 2.213755 2.169705 0.007189
v 2.209001 2.174747 0.007189
v 2.217069 2.174433 0.007189
v 2.221495 2.178142 0.007189
v 2.212703 2.179228 0.007189
v 2.226729 2.180579 0.007189
v 2.213782 2.180534 0.007189
v 2.219898 2.184885 0.007189
v 2.231553 2.181427 0.007189
v 2.241807 2.186969 0.007189
v 2.226933 2.187506 0.007189
v 2.234406 2.188216 0.007189
v 2.129851 2.032959 -0.000000
v 2.133378 2.062067 0.007189
v 2.129851 2.032959 0.007189
v 2.133378 2.062067 -0.000000
v 2.143719 2.089191 0.007189
v 2.143719 2.089191 -0.000000
v 2.160170 2.112483 0.007189
v 2.160170 2.112483 -0.000000
v 2.181609 2.130355 -0.000000
v 2.181609 2.130355 0.007189
v 2.210689 2.142179 -0.000000
v 2.212315 2.139895 0.007189
v 2.210689 2.142179 0.007189
v 2.212315 2.139895 -0.000000
v 2.204632 2.160518 0.007189
v 2.205608 2.166313 0.008626
v 2.204632 2.160518 0.008626
v 2.205608 2.166313 0.007189
v 2.205084 2.155757 0.008626
v 2.205084 2.155757 0.007189
v 2.218101 2.135113 -0.000000
v 2.218101 2.135113 0.007189
v 2.224928 2.131992 -0.000000
v 2.224928 2.131992 0.007189
v 2.232330 2.130744 -0.000000
v 2.232330 2.130744 0.007189
v 2.239803 2.131455 -0.000000
v 2.239803 2.131455 0.007189
v 2.246837 2.134075 -0.000000
v 2.246837 2.134075 0.007189
v 2.252954 2.138427 -0.000000
v 2.252954 2.138427 0.007189
v 2.256053 2.142178 -0.000000
v 2.256053 2.142178 0.007189
v 2.345856 2.065706 0.007189
v 2.336885 2.032959 0.007189
v 2.349824 2.032959 0.007189
v 2.333358 2.062067 0.007189
v 2.323016 2.089191 0.007189
v 2.334222 2.096220 0.007189
v 2.306565 2.112483 0.007189
v 2.315715 2.122423 0.007189
v 2.285126 2.130355 0.007189
v 2.291596 2.142530 0.007189
v 2.260160 2.141590 0.007189
v 2.256053 2.142178 0.007189
v 2.257735 2.144214 0.007189
v 2.263509 2.155169 0.007189
v 2.260856 2.151041 0.007189
v 2.261598 2.155443 0.007189
v 2.370331 2.032959 0.007189
v 2.355577 2.065706 0.007189
v 2.359889 2.032959 0.007189
v 2.366047 2.068188 0.007189
v 2.342938 2.096220 0.007189
v 2.352792 2.101107 0.007189
v 2.322831 2.122423 0.007189
v 2.331468 2.129474 0.007189
v 2.296628 2.142530 0.007189
v 2.303530 2.151355 0.007189
v 2.266114 2.155169 0.007189
v 2.271505 2.164993 0.007189
v 2.261651 2.155757 0.007189
v 2.262104 2.158442 0.007189
v 2.261393 2.165915 0.007189
v 2.261265 2.166260 0.007189
v 2.395291 2.071436 0.007189
v 2.387280 2.032959 0.007189
v 2.401008 2.032959 0.007189
v 2.382031 2.068288 0.007189
v 2.366641 2.101209 0.007189
v 2.378530 2.107290 0.007189
v 2.342159 2.129479 0.007189
v 2.351866 2.138079 0.007189
v 2.310253 2.151171 0.007189
v 2.317117 2.161704 0.007189
v 2.273098 2.164807 0.007189
v 2.276651 2.176556 0.007189
v 2.271505 2.164993 0.007189
v 2.270833 2.165256 0.007189
v 2.261194 2.166452 0.007189
v 2.258773 2.172950 0.007189
v 2.254421 2.179066 0.007189
v 2.254304 2.179163 0.007189
v 2.254304 2.179163 0.007189
v 2.248635 2.183848 -0.000000
v 2.248635 2.183848 0.007189
v 2.254304 2.179163 -0.000000
v 2.241807 2.186969 -0.000000
v 2.241807 2.186969 0.007189
v 2.234406 2.188216 -0.000000
v 2.234406 2.188216 0.007189
v 2.226933 2.187506 -0.000000
v 2.226933 2.187506 0.007189
v 2.219898 2.184885 -0.000000
v 2.219898 2.184885 0.007189
v 2.213782 2.180534 -0.000000
v 2.213782 2.180534 0.007189
v 2.212703 2.179228 0.007189
v 2.212703 2.179228 -0.000000
v 2.084420 2.068288 0.007189
v 2.065443 2.032959 0.007189
v 2.079171 2.032959 0.007189
v 2.071160 2.071436 0.007189
v 2.099810 2.101209 0.007189
v 2.087922 2.107290 0.007189
v 2.124292 2.129479 0.007189
v 2.114585 2.138079 0.007189
v 2.156198 2.151171 0.007189
v 2.149334 2.161704 0.007189
v 2.193353 2.164807 0.007189
v 2.189800 2.176556 0.007189
v 2.194946 2.164993 0.007189
v 2.195618 2.165256 0.007189
v 2.205640 2.166499 0.007189
v 2.205879 2.167920 0.007189
v 2.209001 2.174747 0.007189
v 2.212703 2.179228 0.007189
v 2.111158 2.065706 0.008626
v 2.096405 2.032959 0.008626
v 2.106847 2.032959 0.008626
v 2.100635 2.068157 0.008626
v 2.123797 2.096220 0.008626
v 2.113831 2.101061 0.008626
v 2.143904 2.122423 0.008626
v 2.135094 2.129428 0.008626
v 2.170107 2.142530 0.008626
v 2.162974 2.151325 0.008626
v 2.200622 2.155169 0.008626
v 2.194946 2.164993 0.008626
v 2.205084 2.155757 0.008626
v 2.204632 2.160518 0.008626
v 2.205608 2.166313 0.008626
v 2.205084 2.155757 -0.000000
v 2.200622 2.155169 0.008626
v 2.200622 2.155169 -0.000000
v 2.205084 2.155757 0.008626
v 2.205084 2.155757 0.007189
v 2.263509 2.155169 0.007189
v 2.261598 2.155443 -0.000000
v 2.261598 2.155443 0.007189
v 2.263509 2.155169 -0.000000
v 2.349824 2.032959 -0.000000
v 2.345856 2.065706 0.007189
v 2.349824 2.032959 0.007189
v 2.345856 2.065706 -0.000000
v 2.334222 2.096220 0.007189
v 2.334222 2.096220 -0.000000
v 2.315715 2.122423 0.007189
v 2.315715 2.122423 -0.000000
v 2.291596 2.142530 -0.000000
v 2.291596 2.142530 0.007189
v 2.370331 2.032959 -0.000000
v 2.366047 2.068188 0.007189
v 2.370331 2.032959 0.007189
v 2.366047 2.068188 -0.000000
v 2.352792 2.101107 0.007189
v 2.352792 2.101107 -0.000000
v 2.331468 2.129474 0.007189
v 2.331468 2.129474 -0.000000
v 2.303530 2.151355 -0.000000
v 2.303530 2.151355 0.007189
v 2.271505 2.164993 -0.000000
v 2.271505 2.164993 0.007189
v 2.276651 2.176556 0.007189
v 2.254304 2.179163 -0.000000
v 2.254304 2.179163 0.007189
v 2.276651 2.176556 -0.000000
v 2.401008 2.032959 0.007189
v 2.395291 2.071436 -0.000000
v 2.395291 2.071436 0.007189
v 2.401008 2.032959 -0.000000
v 2.378530 2.107290 -0.000000
v 2.378530 2.107290 0.007189
v 2.351866 2.138079 -0.000000
v 2.351866 2.138079 0.007189
v 2.317117 2.161704 -0.000000
v 2.317117 2.161704 0.007189
v 2.212703 2.179228 0.007189
v 2.189800 2.176556 -0.000000
v 2.189800 2.176556 0.007189
v 2.212703 2.179228 -0.000000
v 2.149334 2.161704 -0.000000
v 2.149334 2.161704 0.007189
v 2.114585 2.138079 -0.000000
v 2.114585 2.138079 0.007189
v 2.087922 2.107290 0.007189
v 2.087922 2.107290 -0.000000
v 2.071160 2.071436 0.007189
v 2.071160 2.071436 -0.000000
v 2.065443 2.032959 0.007189
v 2.065443 2.032959 -0.000000
v 2.079171 2.032959 0.007189
v 2.084420 2.068288 -0.000000
v 2.084420 2.068288 0.007189
v 2.079171 2.032959 -0.000000
v 2.099810 2.101209 -0.000000
v 2.099810 2.101209 0.007189
v 2.124292 2.129479 -0.000000
v 2.124292 2.129479 0.007189
v 2.156198 2.151171 -0.000000
v 2.156198 2.151171 0.007189
v 2.193353 2.164807 -0.000000
v 2.193353 2.164807 0.007189
v 2.194946 2.164993 -0.000000
v 2.194946 2.164993 0.007189
v 2.106847 2.032959 -0.000000
v 2.111158 2.065706 0.008626
v 2.106847 2.032959 0.008626
v 2.111158 2.065706 -0.000000
v 2.123797 2.096220 0.008626
v 2.123797 2.096220 -0.000000
v 2.143904 2.122423 0.008626
v 2.143904 2.122423 -0.000000
v 2.170107 2.142530 -0.000000
v 2.170107 2.142530 0.008626
vn -0.0000 -0.0000 1.0000
vn 0.1417 -0.9899 -0.0000
vn 0.2788 -0.9604 -0.0000
vn 0.9927 -0.1203 -0.0000
vn 0.9708 -0.2400 -0.0000
vn 0.8825 -0.4703 -0.0000
vn 0.7348 -0.6783 -0.0000
vn 0.5302 -0.8479 -0.0000
vn 0.5302 -0.8478 -0.0000
vn -0.8146 -0.5800 -0.0000
vn -0.7321 -0.6812 -0.0000
vn 0.9993 -0.0361 -0.0000
vn 0.9861 -0.1660 -0.0000
vn 0.9955 0.0945 -0.0000
vn -0.5310 -0.8474 -0.0000
vn -0.5309 -0.8474 -0.0000
vn -0.2935 -0.9560 -0.0000
vn -0.0361 -0.9993 -0.0000
vn 0.2238 -0.9746 -0.0000
vn 0.4684 -0.8835 -0.0000
vn 0.6811 -0.7322 -0.0000
vn 0.6812 -0.7321 -0.0000
vn 0.7709 -0.6369 -0.0000
vn 0.7710 -0.6369 -0.0000
vn 0.6370 0.7708 -0.0000
vn 0.5309 0.8474 -0.0000
vn 0.2934 0.9560 -0.0000
vn 0.0361 0.9993 -0.0000
vn -0.2238 0.9746 -0.0000
vn -0.4684 0.8835 -0.0000
vn -0.6811 0.7322 -0.0000
vn -0.7708 0.6371 -0.0000
vn -0.7709 0.6369 -0.0000
vn 0.1306 -0.9914 -0.0000
vn 0.2589 -0.9659 -0.0000
vn -0.0000 -0.0000 -0.0000
vn 0.2789 0.9603 -0.0000
vn 0.1414 0.9899 -0.0000
vn 0.1419 0.9899 -0.0000
vn 0.9927 0.1203 -0.0000
vn 0.9708 0.2400 -0.0000
vn 0.8825 0.4703 -0.0000
vn 0.7348 0.6783 -0.0000
vn 0.5302 0.8478 -0.0000
vn 0.9927 0.1207 -0.0000
vn 0.9684 0.2493 -0.0000
vn 0.9684 0.2492 -0.0000
vn 0.8709 0.4914 -0.0000
vn 0.7141 0.7001 -0.0000
vn 0.5086 0.8610 -0.0000
vn 0.3918 0.9200 -0.0000
vn 0.2318 0.9728 -0.0000
vn 0.1159 0.9933 -0.0000
vn 0.9891 0.1470 -0.0000
vn 0.9576 0.2883 -0.0000
vn 0.9576 0.2882 -0.0000
vn 0.8389 0.5443 -0.0000
vn 0.6647 0.7471 -0.0000
vn 0.4568 0.8896 -0.0000
vn -0.1159 0.9933 -0.0000
vn -0.2318 0.9728 -0.0000
vn -0.4568 0.8896 -0.0000
vn -0.6647 0.7471 -0.0000
vn -0.8389 0.5443 -0.0000
vn -0.9576 0.2883 -0.0000
vn -0.9891 0.1470 -0.0000
vn 0.9891 -0.1470 -0.0000
vn 0.9576 -0.2882 -0.0000
vn 0.8389 -0.5443 -0.0000
vn 0.6647 -0.7471 -0.0000
vn 0.4568 -0.8896 -0.0000
vn 0.2318 -0.9728 -0.0000
vn 0.2319 -0.9728 -0.0000
vn 0.1159 -0.9933 -0.0000
vn 0.1160 -0.9933 -0.0000
vn 0.9914 -0.1305 -0.0000
vn 0.9659 -0.2588 -0.0000
vn 0.8660 -0.5000 -0.0000
vn 0.7071 -0.7071 -0.0000
vn 0.5000 -0.8660 -0.0000
vt 24.341290 23.527649
vt 24.153399 23.195539
vt 24.301039 23.195539
vt 24.198679 23.569159
vt 24.459280 23.837120
vt 24.331419 23.917320
vt 24.646980 24.102879
vt 24.542580 24.216299
vt 24.891590 24.306799
vt 24.817770 24.445709
vt 25.176449 24.434990
vt 25.223389 24.441700
vt 25.192280 24.485430
vt 25.138239 24.589920
vt 25.162380 24.565680
vt 25.159779 24.593000
vt 0.000000 28.429949
vt -0.082021 28.382540
vt 0.000000 28.382540
vt -0.082021 28.429949
vt 25.480520 24.891729
vt 25.471289 24.891239
vt 25.474129 24.890989
vt 25.555569 24.319340
vt 25.385849 24.325470
vt 25.470299 24.311239
vt 25.635818 24.349239
vt 25.307949 24.361080
vt 25.705610 24.398899
vt 25.493002 24.386980
vt 25.557890 24.398380
vt 25.617609 24.426189
vt 25.740969 24.441689
vt 25.651400 24.454500
vt 25.760170 24.464920
vt 25.668098 24.468500
vt 25.795780 24.542809
vt 25.705919 24.522449
vt 25.728489 24.584339
vt 25.804239 24.593039
vt 25.730190 24.603630
vt 25.804850 24.596619
vt 25.810009 24.627270
vt 25.730440 24.606419
vt 25.734270 24.649969
vt 25.801908 24.712530
vt 25.722870 24.714849
vt 25.800440 24.716459
vt 25.717329 24.726749
vt 25.799629 24.718649
vt 25.772009 24.792789
vt 25.716290 24.728989
vt 25.695059 24.774580
vt 25.652750 24.825069
vt 25.722349 24.862570
vt 25.598799 24.862890
vt 25.721020 24.863680
vt 25.538130 24.885010
vt 25.656330 24.917130
vt 25.536909 24.885460
vt 25.526350 24.886389
vt 25.427380 24.392759
vt 25.241930 24.415640
vt 25.365479 24.415329
vt 25.311539 24.453150
vt 25.310669 24.454189
vt 25.269218 24.503639
vt 25.241419 24.563360
vt 25.234329 24.603659
vt 25.159439 24.596619
vt 25.154270 24.650949
vt 25.233849 24.606419
vt 25.230009 24.628250
vt 25.235800 24.693880
vt 25.165419 24.717060
vt 25.247969 24.727280
vt 25.165779 24.719189
vt 25.168509 24.735399
vt 25.248779 24.729490
vt 25.258360 24.755770
vt 25.204119 24.813299
vt 25.296179 24.809710
vt 25.346680 24.852030
vt 25.246359 24.864420
vt 25.406399 24.879839
vt 25.258678 24.879320
vt 25.328459 24.928968
vt 25.461439 24.889509
vt 25.578440 24.952740
vt 25.408720 24.958870
vt 25.493979 24.966980
vt 0.000000 25.950499
vt -0.082021 26.285040
vt -0.082021 25.950499
vt 0.000000 26.285040
vt 0.000000 30.655600
vt -0.082021 30.986809
vt -0.082021 30.655600
vt 0.000000 30.986809
vt 0.000000 33.581108
vt -0.082021 33.906467
vt -0.082021 33.581108
vt 0.000000 33.906467
vt 0.000000 34.683578
vt -0.082021 34.365108
vt 0.000000 34.365108
vt -0.082021 34.683578
vt 0.000000 32.986298
vt -0.082021 32.673927
vt 0.000000 32.673927
vt -0.082021 32.986298
vt -0.000000 5.292362
vt 0.082021 5.260378
vt 0.082021 5.292362
vt -0.000000 5.260378
vt 0.067332 0.016404
vt 0.000000 0.000000
vt 0.067332 0.000000
vt 0.000000 0.016404
vt 0.122121 0.000000
vt 0.122121 0.016404
vt -0.000000 -3.991189
vt 0.082021 -3.905542
vt -0.000000 -3.905542
vt 0.082021 -3.991189
vt -0.000000 -12.973680
vt 0.082021 -12.888030
vt -0.000000 -12.888030
vt 0.082021 -12.973680
vt -0.000000 -21.074959
vt 0.082021 -20.989309
vt -0.000000 -20.989309
vt 0.082021 -21.074959
vt -0.000000 27.742929
vt -0.082021 27.657280
vt -0.000000 27.657280
vt -0.082021 27.742929
vt -0.000000 32.523178
vt -0.082021 32.437531
vt -0.000000 32.437531
vt -0.082021 32.523178
vt -0.000000 35.089951
vt -0.082021 35.004311
vt -0.000000 35.004311
vt -0.082021 35.089951
vt -0.082021 35.182671
vt -0.000000 35.238190
vt -0.082021 35.238190
vt -0.000000 35.182671
vt 26.765610 23.569159
vt 26.663250 23.195539
vt 26.810879 23.195539
vt 26.623001 23.527649
vt 26.505009 23.837120
vt 26.632870 23.917320
vt 26.317308 24.102879
vt 26.421700 24.216299
vt 26.072689 24.306799
vt 26.146509 24.445709
vt 25.787840 24.434990
vt 25.826050 24.589920
vt 27.044849 23.195539
vt 26.876520 23.569159
vt 26.925709 23.195539
vt 26.995979 23.597479
vt 26.732309 23.917320
vt 26.844740 23.973080
vt 26.502899 24.216299
vt 26.601439 24.296740
vt 26.203930 24.445709
vt 26.282669 24.546400
vt 25.855770 24.589920
vt 25.917280 24.702002
vt 27.329639 23.634550
vt 27.238239 23.195539
vt 27.394869 23.195539
vt 27.178349 23.598629
vt 27.002748 23.974249
vt 27.138399 24.043640
vt 26.723419 24.296799
vt 26.834169 24.394930
vt 26.359379 24.544300
vt 26.437700 24.664490
vt 25.935450 24.699890
vt 25.975990 24.833939
vt 25.909609 24.705002
vt 0.532926 0.000000
vt 0.448752 0.082021
vt 0.448752 0.000000
vt 0.532926 0.082021
vt 0.362860 0.082021
vt 0.362860 0.000000
vt 0.276967 0.082021
vt 0.276967 0.000000
vt 0.191075 0.082021
vt 0.191075 -0.000000
vt 0.105183 0.082021
vt 0.105183 0.000000
vt 0.019291 0.082021
vt 0.019291 0.000000
vt -0.000000 0.082021
vt 23.782690 23.598629
vt 23.566170 23.195539
vt 23.722790 23.195539
vt 23.631399 23.634550
vt 23.958290 23.974249
vt 23.822639 24.043640
vt 24.237619 24.296799
vt 24.126869 24.394930
vt 24.601660 24.544300
vt 24.523340 24.664490
vt 25.025589 24.699890
vt 24.985050 24.833939
vt 25.043760 24.702002
vt 25.051430 24.705002
vt 24.087759 23.569159
vt 23.919430 23.195539
vt 24.038568 23.195539
vt 23.967699 23.597139
vt 24.231979 23.917320
vt 24.118259 23.972559
vt 24.461390 24.216299
vt 24.360859 24.296219
vt 24.760359 24.445709
vt 24.678968 24.546059
vt 25.108519 24.589920
vt 0.000000 28.154699
vt -0.098425 28.103340
vt 0.000000 28.103340
vt -0.098425 28.154699
vt -0.082021 28.154699
vt -0.082021 -22.084200
vt 0.000000 -22.062180
vt -0.082021 -22.062180
vt 0.000000 -22.084200
vt -0.000000 19.801729
vt -0.082021 20.178089
vt -0.082021 19.801729
vt -0.000000 20.178089
vt -0.000000 12.487550
vt -0.082021 12.860160
vt -0.082021 12.487550
vt -0.000000 12.860160
vt -0.000000 4.171296
vt -0.082021 4.537321
vt -0.082021 4.171296
vt -0.000000 4.537321
vt -0.082021 -4.788410
vt -0.000000 -4.430138
vt -0.082021 -4.430138
vt -0.000000 -4.788410
vt -0.082021 -13.811640
vt -0.000000 -13.460219
vt -0.082021 -13.460219
vt -0.000000 -13.811640
vt 0.000000 -0.082021
vt 0.401524 -0.000000
vt 0.401524 -0.082021
vt 0.803048 0.000000
vt 0.803048 -0.082021
vt 1.204572 0.000000
vt 1.204572 -0.082021
vt 1.606097 -0.082021
vt 1.606097 0.000000
vt 2.000000 -0.082021
vt 2.000000 -0.000000
vt -0.082021 -22.923689
vt 0.000000 -22.666990
vt -0.082021 -22.666990
vt 0.000000 -22.923689
vt -0.082021 18.917379
vt -0.000000 19.361210
vt -0.082021 19.361210
vt -0.000000 18.917379
vt -0.082021 9.836465
vt 0.000000 10.288050
vt -0.082021 10.288050
vt 0.000000 9.836465
vt -0.082021 0.409175
vt 0.000000 0.873891
vt -0.082021 0.873891
vt 0.000000 0.409175
vt -0.082021 -8.475208
vt 0.000000 -7.995777
vt -0.082021 -7.995777
vt 0.000000 -8.475208
vt -0.082021 -16.321100
vt 0.000000 -15.829289
vt -0.082021 -15.829289
vt 0.000000 -16.321100
vt 0.082021 27.957220
vt 0.000000 27.694130
vt 0.082021 27.694130
vt 0.000000 27.957220
vt 0.082021 32.011520
vt 0.000000 31.519699
vt 0.082021 31.519699
vt 0.000000 32.011520
vt 0.082021 34.147560
vt 0.000000 33.668129
vt 0.082021 33.668129
vt 0.000000 34.147560
vt 0.000000 34.235569
vt 0.082021 33.770847
vt 0.082021 34.235569
vt 0.000000 33.770847
vt 0.000000 31.869879
vt 0.082021 31.418299
vt 0.082021 31.869879
vt 0.000000 31.418299
vt 0.000000 26.851040
vt 0.082021 26.407209
vt 0.082021 26.851040
vt -0.000000 26.407209
vt -0.082021 26.430229
vt 0.000000 26.837740
vt -0.082021 26.837740
vt 0.000000 26.430229
vt -0.082021 31.449829
vt -0.000000 31.864470
vt -0.082021 31.864470
vt -0.000000 31.449829
vt -0.082021 33.807198
vt -0.000000 34.233891
vt -0.082021 34.233891
vt -0.000000 33.807198
vt -0.000000 34.144749
vt -0.082021 33.704540
vt -0.000000 33.704540
vt -0.082021 34.144749
vt -0.000000 32.003387
vt -0.082021 31.551809
vt -0.000000 31.551809
vt -0.082021 32.003387
vt -0.000000 27.737160
vt -0.082021 27.718859
vt -0.000000 27.718859
vt -0.082021 27.737160
vt -0.000000 26.134760
vt -0.098425 26.511610
vt -0.098425 26.134760
vt -0.000000 26.511610
vt 0.000000 30.993050
vt -0.098425 31.369900
vt -0.098425 30.993050
vt 0.000000 31.369900
vt 0.000000 33.726379
vt -0.098425 34.103230
vt -0.098425 33.726379
vt 0.000000 34.103230
vt 0.000000 34.525318
vt -0.098425 34.148468
vt 0.000000 34.148468
vt -0.098425 34.525318
vt 0.000000 32.607399
vt -0.098425 32.230560
vt 0.000000 32.230560
vt -0.098425 32.607399
s 1
usemtl Wood_Floor
f 1979/1553/159 1980/1554/159 1981/1555/159
f 1980/1554/159 1979/1553/159 1982/1556/159
f 1982/1556/159 1979/1553/159 1983/1557/159
f 1982/1556/159 1983/1557/159 1984/1558/159
f 1984/1558/159 1983/1557/159 1985/1559/159
f 1984/1558/159 1985/1559/159 1986/1560/159
f 1986/1560/159 1985/1559/159 1987/1561/159
f 1986/1560/159 1987/1561/159 1988/1562/159
f 1988/1562/159 1987/1561/159 1989/1563/159
f 1988/1562/159 1989/1563/159 1990/1564/159
f 1988/1562/159 1990/1564/159 1991/1565/159
f 1988/1562/159 1991/1565/159 1992/1566/159
f 1992/1566/159 1991/1565/159 1993/1567/159
f 1992/1566/159 1993/1567/159 1994/1568/159
f 1995/1569/160 1996/1570/161 1997/1571/161
f 1996/1570/161 1995/1569/160 1998/1572/160
f 1999/1573/159 2000/1574/159 2001/1575/159
f 2002/1576/159 2003/1577/159 2004/1578/159
f 2003/1577/159 2002/1576/159 2005/1579/159
f 2003/1577/159 2005/1579/159 2006/1580/159
f 2006/1580/159 2005/1579/159 2007/1581/159
f 2006/1580/159 2007/1581/159 2008/1582/159
f 2008/1582/159 2007/1581/159 2009/1583/159
f 2009/1583/159 2007/1581/159 2010/1584/159
f 2010/1584/159 2007/1581/159 2011/1585/159
f 2010/1584/159 2011/1585/159 2012/1586/159
f 2012/1586/159 2011/1585/159 2013/1587/159
f 2012/1586/159 2013/1587/159 2014/1588/159
f 2014/1588/159 2013/1587/159 2015/1589/159
f 2014/1588/159 2015/1589/159 2016/1590/159
f 2016/1590/159 2015/1589/159 2017/1591/159
f 2017/1591/159 2015/1589/159 2018/1592/159
f 2017/1591/159 2018/1592/159 2019/1593/159
f 2019/1593/159 2018/1592/159 2020/1594/159
f 2019/1593/159 2020/1594/159 2021/1595/159
f 2019/1593/159 2021/1595/159 2022/1596/159
f 2022/1596/159 2021/1595/159 2023/1597/159
f 2023/1597/159 2021/1595/159 2024/1598/159
f 2023/1597/159 2024/1598/159 2025/1599/159
f 2025/1599/159 2024/1598/159 2026/1600/159
f 2025/1599/159 2026/1600/159 2027/1601/159
f 2027/1601/159 2026/1600/159 2028/1602/159
f 2027/1601/159 2028/1602/159 2029/1603/159
f 2027/1601/159 2029/1603/159 2030/1604/159
f 2030/1604/159 2029/1603/159 2031/1605/159
f 2031/1605/159 2029/1603/159 2032/1606/159
f 2032/1606/159 2029/1603/159 2033/1607/159
f 2032/1606/159 2033/1607/159 2034/1608/159
f 2034/1608/159 2033/1607/159 2035/1609/159
f 2034/1608/159 2035/1609/159 2036/1610/159
f 2036/1610/159 2035/1609/159 2037/1611/159
f 2036/1610/159 2037/1611/159 2038/1612/159
f 2038/1612/159 2037/1611/159 2039/1613/159
f 2039/1613/159 2037/1611/159 1999/1573/159
f 2006/1580/159 2040/1614/159 2041/1615/159
f 2040/1614/159 2006/1580/159 2008/1582/159
f 2041/1615/159 2040/1614/159 2042/1616/159
f 2041/1615/159 2042/1616/159 2043/1617/159
f 2041/1615/159 2043/1617/159 2044/1564/159
f 2044/1564/159 2043/1617/159 2045/1565/159
f 2045/1565/159 2043/1617/159 2046/1618/159
f 2045/1565/159 2046/1618/159 2047/1619/159
f 2045/1565/159 2047/1619/159 2048/1567/159
f 2048/1567/159 2047/1619/159 2049/1620/159
f 2048/1567/159 2049/1620/159 2050/1621/159
f 2048/1567/159 2050/1621/159 2051/1568/159
f 2051/1568/159 2050/1621/159 2052/1622/159
f 2052/1622/159 2050/1621/159 2053/1623/159
f 2053/1623/159 2050/1621/159 2054/1624/159
f 2053/1623/159 2054/1624/159 2055/1625/159
f 2053/1623/159 2055/1625/159 2056/1626/159
f 2053/1623/159 2056/1626/159 2057/1627/159
f 2057/1627/159 2056/1626/159 2058/1628/159
f 2057/1627/159 2058/1628/159 2059/1629/159
f 2059/1629/159 2058/1628/159 2060/1630/159
f 2060/1630/159 2058/1628/159 2061/1631/159
f 2060/1630/159 2061/1631/159 2062/1632/159
f 2060/1630/159 2062/1632/159 2063/1633/159
f 2063/1633/159 2062/1632/159 2064/1634/159
f 2063/1633/159 2064/1634/159 2065/1635/159
f 2063/1633/159 2065/1635/159 2066/1636/159
f 2066/1636/159 2065/1635/159 2067/1637/159
f 2066/1636/159 2067/1637/159 2068/1638/159
f 2068/1638/159 2067/1637/159 2069/1639/159
f 2069/1639/159 2067/1637/159 2070/1640/159
f 2069/1639/159 2070/1640/159 2000/1574/159
f 2069/1639/159 2000/1574/159 1999/1573/159
f 2069/1639/159 1999/1573/159 2037/1611/159
f 2069/1639/159 2037/1611/159 2071/1641/159
f 2069/1639/159 2071/1641/159 2072/1642/159
f 2072/1642/159 2071/1641/159 2073/1643/159
f 2074/1644/162 2075/1645/163 2076/1646/162
f 2075/1645/163 2074/1644/162 2077/1647/163
f 2077/1648/163 2078/1649/164 2075/1650/163
f 2078/1649/164 2077/1648/163 2079/1651/164
f 2079/1652/164 2080/1653/165 2078/1654/164
f 2080/1653/165 2079/1652/164 2081/1655/165
f 2082/1656/166 2080/1657/165 2081/1658/165
f 2080/1657/165 2082/1656/166 2083/1659/167
f 1997/1660/161 2083/1661/167 2082/1662/166
f 2083/1661/167 1997/1660/161 1996/1663/161
f 2084/1664/168 2085/1665/169 2086/1666/168
f 2085/1665/169 2084/1664/168 2087/1667/169
f 2088/1668/170 2089/1669/171 2090/1670/170
f 2089/1669/171 2088/1668/170 2091/1671/171
f 2092/1672/172 2088/1668/170 2090/1670/170
f 2088/1668/170 2092/1672/172 2093/1673/172
f 2094/1674/173 2085/1675/169 2087/1676/169
f 2085/1675/169 2094/1674/173 2095/1677/174
f 2096/1678/175 2095/1679/174 2094/1680/173
f 2095/1679/174 2096/1678/175 2097/1681/175
f 2098/1682/176 2097/1683/175 2096/1684/175
f 2097/1683/175 2098/1682/176 2099/1685/176
f 2100/1686/177 2099/1687/176 2098/1688/176
f 2099/1687/176 2100/1686/177 2101/1689/177
f 2102/1690/178 2101/1691/177 2100/1692/177
f 2101/1691/177 2102/1690/178 2103/1693/178
f 2104/1694/179 2103/1695/178 2102/1696/178
f 2103/1695/178 2104/1694/179 2105/1697/180
f 2105/1698/180 2106/1699/181 2107/1700/182
f 2106/1699/181 2105/1698/180 2104/1701/179
f 2108/1702/159 2109/1703/159 2110/1704/159
f 2109/1703/159 2108/1702/159 2111/1705/159
f 2111/1705/159 2108/1702/159 2112/1706/159
f 2112/1706/159 2108/1702/159 2113/1707/159
f 2112/1706/159 2113/1707/159 2114/1708/159
f 2114/1708/159 2113/1707/159 2115/1709/159
f 2114/1708/159 2115/1709/159 2116/1710/159
f 2116/1710/159 2115/1709/159 2117/1711/159
f 2116/1710/159 2117/1711/159 2118/1712/159
f 2118/1712/159 2117/1711/159 2119/1585/159
f 2119/1585/159 2117/1711/159 2120/1587/159
f 2120/1587/159 2117/1711/159 2121/1713/159
f 2120/1587/159 2121/1713/159 2122/1589/159
f 2122/1589/159 2121/1713/159 2123/1592/159
f 2124/1714/159 2125/1715/159 2126/1716/159
f 2125/1715/159 2124/1714/159 2127/1717/159
f 2125/1715/159 2127/1717/159 2128/1718/159
f 2128/1718/159 2127/1717/159 2129/1719/159
f 2128/1718/159 2129/1719/159 2130/1720/159
f 2130/1720/159 2129/1719/159 2131/1721/159
f 2130/1720/159 2131/1721/159 2132/1722/159
f 2132/1722/159 2131/1721/159 2133/1723/159
f 2132/1722/159 2133/1723/159 2134/1724/159
f 2134/1724/159 2133/1723/159 2135/1725/159
f 2134/1724/159 2135/1725/159 2136/1594/159
f 2136/1594/159 2135/1725/159 2137/1595/159
f 2137/1595/159 2135/1725/159 2138/1598/159
f 2138/1598/159 2135/1725/159 2139/1600/159
f 2140/1726/159 2141/1727/159 2142/1728/159
f 2141/1727/159 2140/1726/159 2143/1729/159
f 2143/1729/159 2140/1726/159 2144/1730/159
f 2144/1730/159 2140/1726/159 2145/1731/159
f 2144/1730/159 2145/1731/159 2146/1732/159
f 2146/1732/159 2145/1731/159 2147/1733/159
f 2146/1732/159 2147/1733/159 2148/1734/159
f 2148/1734/159 2147/1733/159 2149/1735/159
f 2148/1734/159 2149/1735/159 2150/1736/159
f 2150/1736/159 2149/1735/159 2151/1737/159
f 2150/1736/159 2151/1737/159 2152/1725/159
f 2152/1725/159 2151/1737/159 2153/1738/159
f 2153/1738/159 2151/1737/159 2154/1602/159
f 2154/1602/159 2151/1737/159 2155/1603/159
f 2155/1603/159 2151/1737/159 2156/1607/159
f 2156/1607/159 2151/1737/159 2157/1609/159
f 2158/1739/183 2159/1740/184 2160/1741/184
f 2159/1740/184 2158/1739/183 2161/1742/183
f 2160/1741/184 2162/1743/185 2163/1744/185
f 2162/1743/185 2160/1741/184 2159/1740/184
f 2163/1744/185 2164/1745/186 2165/1746/186
f 2164/1745/186 2163/1744/185 2162/1743/185
f 2165/1746/186 2166/1747/187 2167/1748/187
f 2166/1747/187 2165/1746/186 2164/1745/186
f 2167/1748/187 2168/1749/188 2169/1750/188
f 2168/1749/188 2167/1748/187 2166/1747/187
f 2169/1750/188 2170/1751/189 2171/1752/189
f 2170/1751/189 2169/1750/188 2168/1749/188
f 2170/1751/189 2172/1669/190 2171/1752/189
f 2172/1669/190 2170/1751/189 2173/1753/191
f 2174/1754/159 2175/1755/159 2176/1756/159
f 2175/1755/159 2174/1754/159 2177/1757/159
f 2177/1757/159 2174/1754/159 2178/1758/159
f 2177/1757/159 2178/1758/159 2179/1759/159
f 2179/1759/159 2178/1758/159 2180/1760/159
f 2179/1759/159 2180/1760/159 2181/1761/159
f 2181/1761/159 2180/1760/159 2182/1762/159
f 2181/1761/159 2182/1762/159 2183/1763/159
f 2183/1763/159 2182/1762/159 2184/1764/159
f 2183/1763/159 2184/1764/159 2185/1765/159
f 2185/1765/159 2184/1764/159 2186/1766/159
f 2185/1765/159 2186/1766/159 2187/1767/159
f 2185/1765/159 2187/1767/159 2188/1629/159
f 2185/1765/159 2188/1629/159 2189/1630/159
f 2185/1765/159 2189/1630/159 2190/1633/159
f 2185/1765/159 2190/1633/159 2191/1636/159
f 2192/1768/159 2193/1769/159 2194/1770/159
f 2193/1769/159 2192/1768/159 2195/1771/159
f 2195/1771/159 2192/1768/159 2196/1772/159
f 2195/1771/159 2196/1772/159 2197/1773/159
f 2197/1773/159 2196/1772/159 2198/1774/159
f 2197/1773/159 2198/1774/159 2199/1775/159
f 2199/1775/159 2198/1774/159 2200/1776/159
f 2199/1775/159 2200/1776/159 2201/1777/159
f 2201/1777/159 2200/1776/159 2202/1778/159
f 2201/1777/159 2202/1778/159 2203/1766/159
f 2203/1766/159 2202/1778/159 2204/1622/159
f 2203/1766/159 2204/1622/159 2205/1623/159
f 2203/1766/159 2205/1623/159 2206/1627/159
f 2207/1779/192 2208/1780/193 2209/1781/193
f 2208/1780/193 2207/1779/192 2210/1782/192
s 0
f 2210/1782/194 2207/1779/194 2211/1783/194
s 1
f 2212/1784/195 2213/1785/196 2214/1786/197
f 2213/1785/196 2212/1784/195 2215/1787/195
f 2216/1788/198 2217/1789/199 2218/1790/198
f 2217/1789/199 2216/1788/198 2219/1791/199
f 2219/1792/199 2220/1793/200 2217/1794/199
f 2220/1793/200 2219/1792/199 2221/1795/200
f 2221/1796/200 2222/1797/201 2220/1798/200
f 2222/1797/201 2221/1796/200 2223/1799/201
f 2222/1800/201 2224/1801/202 2225/1802/202
f 2224/1801/202 2222/1800/201 2223/1803/201
f 2225/1804/202 2215/1805/195 2212/1806/195
f 2215/1805/195 2225/1804/202 2224/1807/202
f 2226/1808/203 2227/1809/204 2228/1669/203
f 2227/1809/204 2226/1808/203 2229/1810/205
f 2229/1810/205 2230/1811/206 2227/1809/204
f 2230/1811/206 2229/1810/205 2231/1812/206
f 2231/1812/206 2232/1813/207 2230/1811/206
f 2232/1813/207 2231/1812/206 2233/1814/207
f 2232/1813/207 2234/1815/208 2235/1816/208
f 2234/1815/208 2232/1813/207 2233/1814/207
f 2235/1816/208 2236/1817/209 2237/1818/209
f 2236/1817/209 2235/1816/208 2234/1815/208
f 2238/1819/210 2239/1820/211 2240/1821/211
f 2239/1820/211 2238/1819/210 2241/1822/210
f 2242/1823/212 2243/1824/213 2244/1825/214
f 2243/1824/213 2242/1823/212 2245/1826/212
f 2244/1827/214 2246/1828/215 2247/1829/215
f 2246/1828/215 2244/1827/214 2243/1830/213
f 2247/1831/215 2248/1832/216 2249/1833/216
f 2248/1832/216 2247/1831/215 2246/1834/215
f 2249/1835/216 2250/1836/217 2251/1837/217
f 2250/1836/217 2249/1835/216 2248/1838/216
f 2251/1839/217 2241/1840/210 2238/1841/210
f 2241/1840/210 2251/1839/217 2250/1842/217
f 2252/1843/218 2253/1844/219 2254/1845/219
f 2253/1844/219 2252/1843/218 2255/1846/218
f 2254/1847/219 2256/1848/220 2257/1849/220
f 2256/1848/220 2254/1847/219 2253/1850/219
f 2257/1851/220 2258/1852/221 2259/1853/221
f 2258/1852/221 2257/1851/220 2256/1854/220
f 2258/1855/221 2260/1856/222 2259/1857/221
f 2260/1856/222 2258/1855/221 2261/1858/222
f 2261/1859/222 2262/1860/223 2260/1861/222
f 2262/1860/223 2261/1859/222 2263/1862/223
f 2263/1863/223 2264/1864/224 2262/1865/223
f 2264/1864/224 2263/1863/223 2265/1866/224
f 2266/1867/225 2267/1868/226 2268/1869/226
f 2267/1868/226 2266/1867/225 2269/1870/225
f 2268/1871/226 2270/1872/227 2271/1873/227
f 2270/1872/227 2268/1871/226 2267/1874/226
f 2271/1875/227 2272/1876/228 2273/1877/228
f 2272/1876/228 2271/1875/227 2270/1878/227
f 2274/1879/229 2273/1880/228 2272/1881/228
f 2273/1880/228 2274/1879/229 2275/1882/229
f 2276/1883/230 2275/1884/229 2274/1885/229
f 2275/1884/229 2276/1883/230 2277/1886/231
f 2278/1887/232 2277/1888/231 2276/1889/230
f 2277/1888/231 2278/1887/232 2279/1890/233
f 2280/1891/234 2281/1892/235 2282/1893/234
f 2281/1892/235 2280/1891/234 2283/1894/235
f 2283/1895/235 2284/1896/236 2281/1897/235
f 2284/1896/236 2283/1895/235 2285/1898/236
f 2285/1899/236 2286/1900/237 2284/1901/236
f 2286/1900/237 2285/1899/236 2287/1902/237
f 2288/1903/238 2286/1904/237 2287/1905/237
f 2286/1904/237 2288/1903/238 2289/1906/238
f 2209/1907/193 2289/1908/238 2288/1909/238
f 2289/1908/238 2209/1907/193 2208/1910/193
o SketchUp.018
v 2.205115 2.155440 0.007189
v 2.203227 2.155169 -0.000000
v 2.203227 2.155169 0.007189
v 2.205115 2.155440 -0.000000
v 2.175140 2.142530 -0.000000
v 2.175140 2.142530 0.007189
v 2.205084 2.155757 0.007189
v 2.205115 2.155440 -0.000000
v 2.205115 2.155440 0.007189
v 2.205084 2.155757 -0.000000
v 2.151021 2.122423 -0.000000
v 2.151021 2.122423 0.007189
v 2.132514 2.096220 -0.000000
v 2.132514 2.096220 0.007189
v 2.120879 2.065706 -0.000000
v 2.120879 2.065706 0.007189
v 2.116911 2.032959 -0.000000
v 2.116911 2.032959 0.007189
vn -0.1421 0.9899 -0.0000
vn -0.2790 0.9603 -0.0000
vn -0.1418 0.9899 -0.0000
vn -0.5302 0.8478 -0.0000
vn -0.9955 -0.0952 -0.0000
vn -0.9955 -0.0950 -0.0000
vn -0.9954 -0.0953 -0.0000
vn -0.7348 0.6783 -0.0000
vn -0.8825 0.4703 -0.0000
vn -0.9708 0.2401 -0.0000
vn -0.9927 0.1203 -0.0000
vt 0.082021 28.388409
vt -0.000000 28.366650
vt 0.082021 28.366650
vt -0.000000 28.388409
vt 0.082021 33.015030
vt -0.000000 32.663609
vt 0.082021 32.663609
vt -0.000000 33.015030
vt 0.082021 22.104530
vt -0.000000 22.100889
vt 0.082021 22.100889
vt -0.000000 22.104530
vt 0.082021 34.715820
vt -0.000000 34.357548
vt 0.082021 34.357548
vt -0.000000 34.715820
vt 0.082021 33.938881
vt -0.000000 33.572861
vt 0.082021 33.572861
vt -0.000000 33.938881
vt 0.082021 31.016199
vt -0.000000 30.643589
vt 0.082021 30.643589
vt -0.000000 31.016199
vt 0.082021 26.309099
vt -0.000000 25.932739
vt 0.082021 25.932739
vt -0.000000 26.309099
s 1
usemtl Wood_Floor_Parquet
f 2290/1911/239 2291/1912/240 2292/1913/240
f 2291/1912/240 2290/1911/239 2293/1914/241
f 2292/1915/240 2294/1916/242 2295/1917/242
f 2294/1916/242 2292/1915/240 2291/1918/240
f 2296/1919/243 2297/1920/243 2298/1921/244
f 2297/1920/243 2296/1919/243 2299/1922/245
f 2295/1923/242 2300/1924/246 2301/1925/246
f 2300/1924/246 2295/1923/242 2294/1926/242
f 2301/1927/246 2302/1928/247 2303/1929/247
f 2302/1928/247 2301/1927/246 2300/1930/246
f 2303/1931/247 2304/1932/248 2305/1933/248
f 2304/1932/248 2303/1931/247 2302/1934/247
f 2305/1935/248 2306/1936/249 2307/1937/249
f 2306/1936/249 2305/1935/248 2304/1938/248
o SketchUp.019
v 2.205608 2.166313 0.008626
v 2.194946 2.164993 0.007189
v 2.194946 2.164993 0.008626
v 2.194946 2.164993 -0.000000
v 2.205608 2.166313 -0.000000
v 2.205608 2.166313 0.007189
v 2.194946 2.164993 0.008626
v 2.162974 2.151325 -0.000000
v 2.162974 2.151325 0.008626
v 2.194946 2.164993 -0.000000
v 2.194946 2.164993 0.007189
v 2.195618 2.165256 -0.000000
v 2.194946 2.164993 0.007189
v 2.194946 2.164993 -0.000000
v 2.195618 2.165256 0.007189
v 2.205640 2.166499 0.007189
v 2.205608 2.166313 -0.000000
v 2.205608 2.166313 0.007189
v 2.205640 2.166499 -0.000000
v 2.135094 2.129428 -0.000000
v 2.135094 2.129428 0.008626
v 2.205640 2.166499 -0.000000
v 2.205640 2.166499 0.007189
v 2.113831 2.101061 0.008626
v 2.113831 2.101061 -0.000000
v 2.100635 2.068157 0.008626
v 2.100635 2.068157 -0.000000
v 2.096405 2.032959 0.008626
v 2.096405 2.032959 -0.000000
vn -0.1229 0.9924 -0.0000
vn -1.0000 -0.0000 -0.0000
vn -0.3931 0.9195 -0.0000
vn -0.5097 0.8603 -0.0000
vn 0.2456 -0.9694 -0.0000
vn 0.3634 -0.9317 -0.0000
vn 0.3641 -0.9314 -0.0000
vn 0.2454 -0.9694 -0.0000
vn -0.9861 0.1661 -0.0000
vn -0.9860 0.1665 -0.0000
vn -0.9862 0.1657 -0.0000
vn -0.7150 0.6991 -0.0000
vn 0.1231 -0.9924 -0.0000
vn -0.8716 0.4902 -0.0000
vn -0.9688 0.2479 -0.0000
vn -0.9929 0.1193 -0.0000
vt 0.098425 28.010559
vt 0.082021 27.887970
vt 0.098425 27.887970
vt -0.000000 27.887970
vt -0.000000 28.010559
vt 0.082021 28.010559
vt 0.098425 32.737770
vt -0.000000 32.341049
vt 0.098425 32.341049
vt -0.000000 32.737770
vt 0.082021 32.737770
vt 0.000000 32.320988
vt -0.082021 32.312748
vt 0.000000 32.312748
vt -0.082021 32.320988
vt 0.082021 28.558369
vt -0.000000 28.556210
vt 0.082021 28.556210
vt -0.000000 28.558369
vt 0.098425 34.569851
vt -0.000000 34.165371
vt 0.098425 34.165371
vt -0.000000 34.569851
vt -0.000000 28.018400
vt -0.082021 27.903170
vt -0.000000 27.903170
vt -0.082021 28.018400
vt -0.000000 34.052078
vt 0.098425 33.647591
vt 0.098425 34.052078
vt -0.000000 33.647591
vt -0.000000 31.227489
vt 0.098425 30.823002
vt 0.098425 31.227489
vt -0.000000 30.823002
vt -0.000000 26.288580
vt 0.098425 25.884100
vt 0.098425 26.288580
vt -0.000000 25.884100
s 1
usemtl Wood_Floor_Parquet
f 2308/1939/250 2309/1940/250 2310/1941/250
f 2309/1940/250 2308/1939/250 2311/1942/250
f 2311/1942/250 2308/1939/250 2312/1943/250
s 0
f 2312/1943/251 2308/1939/251 2313/1944/251
s 1
f 2314/1945/252 2315/1946/253 2316/1947/253
f 2315/1946/253 2314/1945/252 2317/1948/252
s 0
f 2317/1948/251 2314/1945/251 2318/1949/251
s 1
f 2319/1950/254 2320/1951/255 2321/1952/256
f 2320/1951/255 2319/1950/254 2322/1953/257
f 2323/1954/258 2324/1955/258 2325/1956/259
f 2324/1955/258 2323/1954/258 2326/1957/260
f 2316/1958/253 2327/1959/261 2328/1960/261
f 2327/1959/261 2316/1958/253 2315/1961/253
f 2329/1962/262 2322/1963/257 2319/1964/254
f 2322/1963/257 2329/1962/262 2330/1965/262
f 2327/1966/261 2331/1967/263 2328/1968/261
f 2331/1967/263 2327/1966/261 2332/1969/263
f 2332/1970/263 2333/1971/264 2331/1972/263
f 2333/1971/264 2332/1970/263 2334/1973/264
f 2334/1974/264 2335/1975/265 2333/1976/264
f 2335/1975/265 2334/1974/264 2336/1977/265
o SketchUp.020
v 2.261598 2.155443 0.007189
v 2.261651 2.155757 -0.000000
v 2.261651 2.155757 0.007189
v 2.261598 2.155443 -0.000000
v 2.266114 2.155169 -0.000000
v 2.261651 2.155757 0.007189
v 2.261651 2.155757 -0.000000
v 2.266114 2.155169 0.007189
v 2.296628 2.142530 -0.000000
v 2.296628 2.142530 0.007189
v 2.322831 2.122423 -0.000000
v 2.322831 2.122423 0.007189
v 2.342938 2.096220 0.007189
v 2.342938 2.096220 -0.000000
v 2.355577 2.065706 0.007189
v 2.355577 2.065706 -0.000000
v 2.359889 2.032959 0.007189
v 2.359889 2.032959 -0.000000
vn 0.9858 -0.1680 -0.0000
vn -0.2589 -0.9659 -0.0000
vn -0.1303 -0.9915 -0.0000
vn -0.1306 -0.9914 -0.0000
vn -0.5000 -0.8660 -0.0000
vn -0.7071 -0.7071 -0.0000
vn -0.8660 -0.5000 -0.0000
vn -0.9659 -0.2588 -0.0000
vn -0.9914 -0.1305 -0.0000
vt -0.082021 28.540100
vt 0.000000 28.543739
vt -0.082021 28.543739
vt 0.000000 28.540100
vt -0.000000 -22.424940
vt 0.082021 -22.373579
vt -0.000000 -22.373579
vt 0.082021 -22.424940
vt 0.000000 -14.854310
vt 0.082021 -14.477460
vt 0.000000 -14.477460
vt 0.082021 -14.854310
vt 0.000000 -6.284218
vt 0.082021 -5.907371
vt 0.000000 -5.907371
vt 0.082021 -6.284218
vt 0.000000 3.078135
vt 0.082021 2.701288
vt 0.082021 3.078135
vt 0.000000 2.701288
vt 0.000000 11.866710
vt 0.082021 11.489870
vt 0.082021 11.866710
vt 0.000000 11.489870
vt -0.000000 19.859430
vt 0.082021 19.482590
vt 0.082021 19.859430
vt -0.000000 19.482590
s 1
usemtl Wood_Floor_Parquet
f 2337/1978/266 2338/1979/266 2339/1980/266
f 2338/1979/266 2337/1978/266 2340/1981/266
f 2341/1982/267 2342/1983/268 2343/1984/269
f 2342/1983/268 2341/1982/267 2344/1985/267
f 2345/1986/270 2344/1987/267 2341/1988/267
f 2344/1987/267 2345/1986/270 2346/1989/270
f 2347/1990/271 2346/1991/270 2345/1992/270
f 2346/1991/270 2347/1990/271 2348/1993/271
f 2347/1994/271 2349/1995/272 2348/1996/271
f 2349/1995/272 2347/1994/271 2350/1997/272
f 2350/1998/272 2351/1999/273 2349/2000/272
f 2351/1999/273 2350/1998/272 2352/2001/273
f 2352/2002/273 2353/2003/274 2351/2004/273
f 2353/2003/274 2352/2002/273 2354/2005/274
o SketchUp.021
v 2.261265 2.166260 -0.000000
v 2.261194 2.166452 0.007189
v 2.261265 2.166260 0.007189
v 2.261194 2.166452 -0.000000
v 2.270833 2.165256 -0.000000
v 2.261194 2.166452 0.007189
v 2.261194 2.166452 -0.000000
v 2.270833 2.165256 0.007189
v 2.271505 2.164993 0.007189
v 2.261265 2.166260 -0.000000
v 2.261265 2.166260 0.007189
v 2.271505 2.164993 -0.000000
v 2.271505 2.164993 -0.000000
v 2.271505 2.164993 0.007189
v 2.273098 2.164807 -0.000000
v 2.271505 2.164993 0.007189
v 2.271505 2.164993 -0.000000
v 2.273098 2.164807 0.007189
v 2.310253 2.151171 -0.000000
v 2.310253 2.151171 0.007189
v 2.342159 2.129479 -0.000000
v 2.342159 2.129479 0.007189
v 2.366641 2.101209 0.007189
v 2.366641 2.101209 -0.000000
v 2.382031 2.068288 0.007189
v 2.382031 2.068288 -0.000000
v 2.387280 2.032959 0.007189
v 2.387280 2.032959 -0.000000
vn 0.9373 0.3485 -0.0000
vn 0.9374 0.3482 -0.0000
vn 0.9372 0.3489 -0.0000
vn -0.2453 -0.9694 -0.0000
vn -0.1231 -0.9924 -0.0000
vn -0.2457 -0.9694 -0.0000
vn 0.1228 0.9924 -0.0000
vn -0.3634 -0.9317 -0.0000
vn -0.3638 -0.9315 -0.0000
vn -0.2319 -0.9728 -0.0000
vn -0.1160 -0.9933 -0.0000
vn -0.2319 -0.9727 -0.0000
vn -0.4568 -0.8896 -0.0000
vn -0.6647 -0.7471 -0.0000
vn -0.8389 -0.5443 -0.0000
vn -0.9576 -0.2882 -0.0000
vn -0.9576 -0.2883 -0.0000
vn -0.9891 -0.1470 -0.0000
vt 0.000000 14.154739
vt -0.082021 14.157069
vt -0.082021 14.154739
vt 0.000000 14.157069
vt -0.000000 -22.669949
vt 0.082021 -22.559130
vt -0.000000 -22.559130
vt 0.082021 -22.669949
vt -0.082021 -22.687260
vt -0.000000 -22.569529
vt -0.082021 -22.569529
vt -0.000000 -22.687260
vt -0.000000 -15.158319
vt 0.082021 -15.150089
vt -0.000000 -15.150089
vt 0.082021 -15.158319
vt 0.000000 -22.898960
vt 0.082021 -22.880659
vt 0.000000 -22.880659
vt 0.082021 -22.898960
vt -0.000000 -16.288990
vt 0.082021 -15.837420
vt -0.000000 -15.837420
vt 0.082021 -16.288990
vt -0.000000 -8.438792
vt 0.082021 -7.998587
vt -0.000000 -7.998587
vt 0.082021 -8.438792
vt -0.000000 0.872214
vt 0.082021 0.445521
vt 0.082021 0.872214
vt -0.000000 0.445521
vt -0.000000 10.282640
vt 0.082021 9.867998
vt 0.082021 10.282640
vt -0.000000 9.867998
vt -0.000000 19.347910
vt 0.082021 18.940399
vt 0.082021 19.347910
vt -0.000000 18.940399
s 1
usemtl Wood_Floor_Parquet
f 2355/2006/275 2356/2007/275 2357/2008/276
f 2356/2007/275 2355/2006/275 2358/2009/277
f 2359/2010/278 2360/2011/279 2361/2012/279
f 2360/2011/279 2359/2010/278 2362/2013/280
f 2363/2014/281 2364/2015/281 2365/2016/281
f 2364/2015/281 2363/2014/281 2366/2017/281
f 2367/2018/282 2362/2019/280 2359/2020/278
f 2362/2019/280 2367/2018/282 2368/2021/283
f 2369/2022/284 2370/2023/285 2371/2024/285
f 2370/2023/285 2369/2022/284 2372/2025/286
f 2373/2026/287 2372/2027/286 2369/2028/284
f 2372/2027/286 2373/2026/287 2374/2029/287
f 2375/2030/288 2374/2031/287 2373/2032/287
f 2374/2031/287 2375/2030/288 2376/2033/288
f 2375/2034/288 2377/2035/289 2376/2036/288
f 2377/2035/289 2375/2034/288 2378/2037/289
f 2378/2038/289 2379/2039/290 2377/2040/289
f 2379/2039/290 2378/2038/289 2380/2041/291
f 2380/2042/291 2381/2043/292 2379/2044/290
f 2381/2043/292 2380/2042/291 2382/2045/292
o SketchUp.022
v 2.211777 2.164281 0.007189
v 2.212844 2.167208 -0.000000
v 2.212844 2.167208 0.007189
v 2.211777 2.164281 -0.000000
v 2.212844 2.167208 -0.000000
v 2.212915 2.167402 0.007189
v 2.212844 2.167208 0.007189
v 2.212915 2.167402 -0.000000
v 2.211270 2.158529 -0.000000
v 2.211270 2.158529 0.007189
v 2.212915 2.167402 -0.000000
v 2.213755 2.169705 0.007189
v 2.212915 2.167402 0.007189
v 2.213755 2.169705 -0.000000
v 2.211606 2.156615 -0.000000
v 2.211606 2.156615 0.007189
v 2.217069 2.174433 0.007189
v 2.217069 2.174433 -0.000000
v 2.211649 2.156374 0.007189
v 2.211606 2.156615 -0.000000
v 2.211606 2.156615 0.007189
v 2.211649 2.156374 -0.000000
v 2.221495 2.178142 -0.000000
v 2.221495 2.178142 0.007189
v 2.212270 2.152842 -0.000000
v 2.211649 2.156374 0.007189
v 2.212270 2.152842 0.007189
v 2.211649 2.156374 -0.000000
v 2.226729 2.180579 -0.000000
v 2.226729 2.180579 0.007189
v 2.214706 2.147608 -0.000000
v 2.214706 2.147608 0.007189
v 2.231553 2.181427 -0.000000
v 2.231553 2.181427 0.007189
v 2.218339 2.143273 0.007189
v 2.218339 2.143273 -0.000000
v 2.232416 2.181578 -0.000000
v 2.231553 2.181427 0.007189
v 2.231553 2.181427 -0.000000
v 2.232416 2.181578 0.007189
v 2.218415 2.143182 -0.000000
v 2.218339 2.143273 0.007189
v 2.218415 2.143182 0.007189
v 2.218339 2.143273 -0.000000
v 2.232665 2.181556 -0.000000
v 2.232665 2.181556 0.007189
v 2.223143 2.139868 0.007189
v 2.223143 2.139868 -0.000000
v 2.233226 2.181622 -0.000000
v 2.232665 2.181556 0.007189
v 2.232665 2.181556 -0.000000
v 2.233226 2.181622 0.007189
v 2.228568 2.137889 0.007189
v 2.228568 2.137889 -0.000000
v 2.237242 2.181153 -0.000000
v 2.237242 2.181153 0.007189
v 2.234319 2.137383 0.007189
v 2.234319 2.137383 -0.000000
v 2.238168 2.181071 -0.000000
v 2.237242 2.181153 0.007189
v 2.237242 2.181153 -0.000000
v 2.238168 2.181071 0.007189
v 2.240006 2.138382 0.007189
v 2.240006 2.138382 -0.000000
v 2.238275 2.181033 -0.000000
v 2.238275 2.181033 0.007189
v 2.245241 2.140819 0.007189
v 2.245241 2.140819 -0.000000
v 2.243593 2.179093 -0.000000
v 2.238275 2.181033 0.007189
v 2.238275 2.181033 -0.000000
v 2.243593 2.179093 0.007189
v 2.248202 2.143301 0.007189
v 2.248202 2.143301 -0.000000
v 2.248321 2.175779 -0.000000
v 2.248321 2.175779 0.007189
v 2.249666 2.144528 0.007189
v 2.248202 2.143301 -0.000000
v 2.248202 2.143301 0.007189
v 2.249666 2.144528 -0.000000
v 2.252029 2.171353 0.007189
v 2.252029 2.171353 -0.000000
v 2.252981 2.149256 -0.000000
v 2.252981 2.149256 0.007189
v 2.253889 2.167358 0.007189
v 2.253889 2.167358 -0.000000
v 2.254959 2.154680 -0.000000
v 2.254959 2.154680 0.007189
v 2.253889 2.167358 0.007189
v 2.253981 2.167162 -0.000000
v 2.253981 2.167162 0.007189
v 2.253889 2.167358 -0.000000
v 2.255108 2.156371 0.007189
v 2.255108 2.156371 -0.000000
v 2.253981 2.167162 -0.000000
v 2.254466 2.166119 0.007189
v 2.253981 2.167162 0.007189
v 2.254466 2.166119 -0.000000
v 2.255129 2.156615 -0.000000
v 2.255108 2.156371 0.007189
v 2.255129 2.156615 0.007189
v 2.255108 2.156371 -0.000000
v 2.255466 2.160432 0.007189
v 2.255466 2.160432 -0.000000
v 2.255129 2.156615 -0.000000
v 2.255129 2.156615 0.007189
vn 0.9762 -0.2170 -0.0000
vn 0.9394 -0.3427 -0.0000
vn 0.9395 -0.3426 -0.0000
vn 0.9762 -0.2169 -0.0000
vn 0.9393 -0.3430 -0.0000
vn 0.9393 -0.3431 -0.0000
vn 0.9391 -0.3435 -0.0000
vn 0.9991 0.0429 -0.0000
vn 0.9395 -0.3427 -0.0000
vn 0.8867 -0.4623 -0.0000
vn 0.9850 0.1728 -0.0000
vn 0.9849 0.1733 -0.0000
vn 0.7369 -0.6760 -0.0000
vn 0.9848 0.1736 -0.0000
vn 0.9848 0.1734 -0.0000
vn 0.9848 0.1737 -0.0000
vn 0.5368 -0.8437 -0.0000
vn 0.9539 0.3001 -0.0000
vn 0.9849 0.1732 -0.0000
vn 0.9539 0.3002 -0.0000
vn 0.9849 0.1731 -0.0000
vn 0.3002 -0.9539 -0.0000
vn 0.8438 0.5367 -0.0000
vn 0.1731 -0.9849 -0.0000
vn 0.7665 0.6423 -0.0000
vn 0.7664 0.6423 -0.0000
vn 0.0432 -0.9991 -0.0000
vn 0.1729 -0.9849 -0.0000
vn 0.1722 -0.9851 -0.0000
vn 0.0426 -0.9991 -0.0000
vn 0.6767 0.7363 -0.0000
vn 0.7676 0.6409 -0.0000
vn -0.0872 -0.9962 -0.0000
vn -0.0889 -0.9960 -0.0000
vn 0.4623 0.8867 -0.0000
vn -0.0003 -1.0000 -0.0000
vn 0.1169 -0.9931 -0.0000
vn 0.1156 -0.9933 -0.0000
vn 0.0004 -1.0000 -0.0000
vn 0.2170 0.9762 -0.0000
vn -0.1160 -0.9933 -0.0000
vn -0.0431 0.9991 -0.0000
vn -0.2151 -0.9766 -0.0000
vn -0.0882 -0.9961 -0.0000
vn -0.0877 -0.9961 -0.0000
vn -0.2153 -0.9765 -0.0000
vn -0.3001 0.9539 -0.0000
vn -0.3392 -0.9407 -0.0000
vn -0.5368 0.8437 -0.0000
vn -0.4623 -0.8867 -0.0000
vn -0.3423 -0.9396 -0.0000
vn -0.3424 -0.9396 -0.0000
vn -0.6423 0.7664 -0.0000
vn -0.6424 0.7664 -0.0000
vn -0.6760 -0.7369 -0.0000
vn -0.7369 0.6760 -0.0000
vn -0.8437 -0.5367 -0.0000
vn -0.8438 -0.5367 -0.0000
vn -0.8867 0.4623 -0.0000
vn -0.9066 -0.4221 -0.0000
vn -0.9066 -0.4220 -0.0000
vn -0.9761 0.2171 -0.0000
vn -0.9762 0.2170 -0.0000
vn -0.9058 -0.4237 -0.0000
vn -0.9056 -0.4242 -0.0000
vn -0.9060 -0.4233 -0.0000
vn -0.9962 0.0877 -0.0000
vn -0.9961 0.0879 -0.0000
vn -0.9067 -0.4217 -0.0000
vn -0.9540 -0.2998 -0.0000
vn -0.9068 -0.4217 -0.0000
vn -0.9539 -0.3000 -0.0000
vn -0.9962 0.0867 -0.0000
vn -0.9962 0.0871 -0.0000
vn -0.9962 0.0870 -0.0000
vn -0.9962 0.0874 -0.0000
vn -0.9991 -0.0430 -0.0000
vn -0.9962 0.0876 -0.0000
vt 0.320385 0.000000
vt 0.284715 0.082021
vt 0.284715 -0.000000
vt 0.320385 0.082021
vt 0.282340 0.000000
vt 0.282340 0.082021
vt 0.386453 0.082021
vt 0.386453 -0.000000
vt 0.254316 -0.000000
vt 0.254316 0.082021
vt 0.408626 0.082021
vt 0.408626 -0.000000
vt 0.188248 0.000000
vt 0.188248 0.082021
vt 0.411444 0.000000
vt 0.411444 0.082021
vt 0.122180 0.082021
vt 0.122180 0.000000
vt 0.452522 0.082021
vt 0.452522 -0.000000
vt 0.056111 0.082021
vt 0.056111 0.000000
vt 0.518590 0.082021
vt 0.518590 -0.000000
vt 0.000000 0.082021
vt 0.000000 -0.000000
vt 0.583316 -0.000000
vt 0.583316 0.082021
vt 0.002831 0.082021
vt 0.012788 0.000000
vt 0.012788 0.082021
vt 0.002831 0.000000
vt 0.584658 0.082021
vt 0.584658 -0.000000
vt 0.650727 -0.000000
vt 0.650727 0.082021
vt -0.000000 28.192959
vt -0.082021 28.186520
vt -0.000000 28.186520
vt -0.082021 28.192959
vt 0.716795 -0.000000
vt 0.716795 0.082021
vt -0.000000 -22.471001
vt 0.082021 -22.424860
vt -0.000000 -22.424860
vt 0.082021 -22.471001
vt 0.782864 -0.000000
vt 0.782864 0.082021
vt 0.001284 0.082021
vt 0.011847 0.000000
vt 0.011847 0.082021
vt 0.001284 0.000000
vt 0.848932 -0.000000
vt 0.848932 0.082021
vt 0.915000 -0.000000
vt 0.915000 0.082021
vt 1.443548 0.082021
vt 1.508332 0.000000
vt 1.508332 0.082021
vt 1.443548 0.000000
vt 0.959267 0.000000
vt 0.959267 0.082021
vt 1.377479 0.082021
vt 1.377479 0.000000
vt 0.981069 0.000000
vt 0.981069 0.082021
vt 1.311411 0.000000
vt 1.311411 0.082021
vt 1.047137 0.082021
vt 1.047137 0.000000
vt 1.260911 0.000000
vt 1.260911 0.082021
vt 1.113206 0.082021
vt 1.113206 0.000000
vt 1.258432 0.082021
vt 1.258432 0.000000
vt 1.132561 0.000000
vt 1.132561 0.082021
vt 1.245343 0.000000
vt 1.245343 0.082021
vt 1.135379 0.082021
vt 1.135379 0.000000
vt 1.179274 0.000000
vt 1.179274 0.082021
s 1
usemtl Stone_Brushed_Khaki
f 2383/2046/293 2384/2047/294 2385/2048/295
f 2384/2047/294 2383/2046/293 2386/2049/296
f 2387/2047/297 2388/2050/297 2389/2048/298
f 2388/2050/297 2387/2047/297 2390/2051/299
f 2391/2052/300 2383/2046/293 2392/2053/300
f 2383/2046/293 2391/2052/300 2386/2049/296
f 2393/2051/301 2394/2054/302 2395/2050/301
f 2394/2054/302 2393/2051/301 2396/2055/302
f 2397/2056/303 2392/2053/300 2398/2057/304
f 2392/2053/300 2397/2056/303 2391/2052/300
f 2396/2055/302 2399/2058/305 2394/2054/302
f 2399/2058/305 2396/2055/302 2400/2059/305
f 2401/2060/306 2402/2056/306 2403/2057/307
f 2402/2056/306 2401/2060/306 2404/2061/308
f 2405/2062/309 2399/2058/305 2400/2059/305
f 2399/2058/305 2405/2062/309 2406/2063/309
f 2407/2064/310 2408/2060/311 2409/2065/312
f 2408/2060/311 2407/2064/310 2410/2061/313
f 2411/2066/314 2406/2063/309 2405/2062/309
f 2406/2063/309 2411/2066/314 2412/2067/314
f 2413/2068/315 2409/2065/312 2414/2069/315
f 2409/2065/312 2413/2068/315 2407/2064/310
f 2415/2070/316 2412/2067/314 2411/2066/314
f 2412/2067/314 2415/2070/316 2416/2071/316
f 2417/2072/317 2413/2068/315 2414/2069/315
f 2413/2068/315 2417/2072/317 2418/2073/318
f 2419/2074/319 2420/2075/320 2421/2076/321
f 2420/2075/320 2419/2074/319 2422/2077/322
f 2423/2078/323 2424/2072/324 2425/2079/323
f 2424/2072/324 2423/2078/323 2426/2073/324
f 2427/2070/325 2422/2077/322 2419/2074/319
f 2422/2077/322 2427/2070/325 2428/2071/326
f 2429/2080/327 2423/2078/323 2425/2079/323
f 2423/2078/323 2429/2080/327 2430/2081/327
f 2431/2082/328 2432/2083/329 2433/2084/330
f 2432/2083/329 2431/2082/328 2434/2085/331
f 2435/2086/332 2430/2081/327 2429/2080/327
f 2430/2081/327 2435/2086/332 2436/2087/332
f 2437/2088/333 2434/2089/331 2431/2090/328
f 2434/2089/331 2437/2088/333 2438/2091/333
f 2439/2092/334 2436/2087/332 2435/2086/332
f 2436/2087/332 2439/2092/334 2440/2093/334
f 2441/2094/335 2442/2095/336 2443/2096/337
f 2442/2095/336 2441/2094/335 2444/2097/338
f 2445/2098/339 2440/2093/334 2439/2092/334
f 2440/2093/334 2445/2098/339 2446/2099/339
f 2447/2070/340 2444/2097/338 2441/2094/335
f 2444/2097/338 2447/2070/340 2448/2071/340
f 2449/2100/341 2446/2099/339 2445/2098/339
f 2446/2099/339 2449/2100/341 2450/2101/341
f 2451/2102/342 2452/2103/343 2453/2104/344
f 2452/2103/343 2451/2102/342 2454/2105/342
f 2455/2106/345 2450/2101/341 2449/2100/341
f 2450/2101/341 2455/2106/345 2456/2107/346
f 2457/2108/347 2454/2105/342 2451/2102/342
f 2454/2105/342 2457/2108/347 2458/2109/347
f 2459/2110/348 2460/2107/345 2461/2106/345
f 2460/2107/345 2459/2110/348 2462/2111/348
f 2457/2108/347 2463/2112/349 2458/2109/347
f 2463/2112/349 2457/2108/347 2464/2113/350
f 2465/2114/351 2459/2110/348 2466/2115/351
f 2459/2110/348 2465/2114/351 2462/2111/348
f 2464/2113/350 2467/2116/352 2463/2112/349
f 2467/2116/352 2464/2113/350 2468/2117/353
f 2469/2118/354 2466/2115/351 2470/2119/355
f 2466/2115/351 2469/2118/354 2465/2114/351
f 2471/2116/356 2472/2120/356 2473/2121/357
f 2472/2120/356 2471/2116/356 2474/2117/358
f 2475/2122/359 2469/2118/354 2470/2119/355
f 2469/2118/354 2475/2122/359 2476/2123/360
f 2477/2120/361 2478/2124/362 2479/2121/363
f 2478/2124/362 2477/2120/361 2480/2125/364
f 2481/2126/365 2482/2122/366 2483/2127/367
f 2482/2122/366 2481/2126/365 2484/2123/368
f 2480/2125/364 2485/2128/369 2478/2124/362
f 2485/2128/369 2480/2125/364 2486/2129/369
f 2485/2128/369 2487/2126/370 2488/2127/370
f 2487/2126/370 2485/2128/369 2486/2129/369
o SketchUp.023
v 2.260160 2.141590 -0.000000
v 2.256053 2.142178 0.007189
v 2.256053 2.142178 -0.000000
v 2.260160 2.141590 0.007189
v 2.285126 2.130355 -0.000000
v 2.285126 2.130355 0.007189
v 2.306565 2.112483 -0.000000
v 2.306565 2.112483 0.007189
v 2.323016 2.089191 -0.000000
v 2.323016 2.089191 0.007189
v 2.333358 2.062067 -0.000000
v 2.333358 2.062067 0.007189
v 2.336885 2.032959 -0.000000
v 2.336885 2.032959 0.007189
vn -0.2788 -0.9604 -0.0000
vn -0.1417 -0.9899 -0.0000
vn -0.5302 -0.8478 -0.0000
vn -0.7348 -0.6783 -0.0000
vn -0.8825 -0.4703 -0.0000
vn -0.9708 -0.2401 -0.0000
vn -0.9927 -0.1203 -0.0000
vt 0.000000 -22.068310
vt 0.082021 -22.020969
vt 0.000000 -22.020969
vt 0.082021 -22.068310
vt 0.000000 -13.801330
vt 0.082021 -13.488959
vt 0.000000 -13.488959
vt 0.082021 -13.801330
vt 0.000000 -4.780847
vt 0.082021 -4.462383
vt 0.000000 -4.462383
vt 0.082021 -4.780847
vt 0.082021 4.504906
vt 0.000000 4.179551
vt 0.082021 4.179551
vt 0.000000 4.504906
vt 0.082021 12.830770
vt 0.000000 12.499559
vt 0.082021 12.499559
vt 0.000000 12.830770
vt 0.082021 20.154030
vt -0.000000 19.819490
vt 0.082021 19.819490
vt -0.000000 20.154030
s 1
usemtl Wood_Floor_Parquet
f 2489/2130/371 2490/2131/372 2491/2132/372
f 2490/2131/372 2489/2130/371 2492/2133/371
f 2493/2134/373 2492/2135/371 2489/2136/371
f 2492/2135/371 2493/2134/373 2494/2137/373
f 2495/2138/374 2494/2139/373 2493/2140/373
f 2494/2139/373 2495/2138/374 2496/2141/374
f 2496/2142/374 2497/2143/375 2498/2144/375
f 2497/2143/375 2496/2142/374 2495/2145/374
f 2498/2146/375 2499/2147/376 2500/2148/376
f 2499/2147/376 2498/2146/375 2497/2149/375
f 2500/2150/376 2501/2151/377 2502/2152/377
f 2501/2151/377 2500/2150/376 2499/2153/376
o SketchUp.024
v 0.491572 2.181622 0.004313
v 0.490762 2.181578 0.004313
v 0.491011 2.181556 0.004313
v 0.498149 2.131455 0.004313
v 0.483274 2.131992 0.004313
v 0.490677 2.130744 0.004313
v 0.505184 2.134075 0.004313
v 0.476447 2.135113 0.004313
v 0.511300 2.138427 0.004313
v 0.492666 2.137383 0.004313
v 0.498353 2.138382 0.004313
v 0.503587 2.140819 0.004313
v 0.514399 2.142178 0.004313
v 0.506548 2.143301 0.004313
v 0.516081 2.144214 0.004313
v 0.508012 2.144528 0.004313
v 0.519202 2.151041 0.004313
v 0.511327 2.149256 0.004313
v 0.513305 2.154680 0.004313
v 0.519944 2.155443 0.004313
v 0.513454 2.156371 0.004313
v 0.519997 2.155757 0.004313
v 0.520450 2.158442 0.004313
v 0.513475 2.156615 0.004313
v 0.513812 2.160432 0.004313
v 0.519739 2.165915 0.004313
v 0.512813 2.166119 0.004313
v 0.519611 2.166260 0.004313
v 0.512327 2.167162 0.004313
v 0.519540 2.166452 0.004313
v 0.517119 2.172950 0.004313
v 0.512236 2.167358 0.004313
v 0.510375 2.171353 0.004313
v 0.506667 2.175779 0.004313
v 0.512767 2.179066 0.004313
v 0.501939 2.179093 0.004313
v 0.512650 2.179163 0.004313
v 0.496621 2.181033 0.004313
v 0.506981 2.183848 0.004313
v 0.496514 2.181071 0.004313
v 0.495589 2.181153 0.004313
v 0.486914 2.137889 0.004313
v 0.470661 2.139895 0.004313
v 0.481489 2.139868 0.004313
v 0.476762 2.143182 0.004313
v 0.469036 2.142179 0.004313
v 0.466309 2.146011 0.004313
v 0.476685 2.143273 0.004313
v 0.473053 2.147608 0.004313
v 0.463689 2.153045 0.004313
v 0.470615 2.152842 0.004313
v 0.469995 2.156374 0.004313
v 0.463461 2.155440 0.004313
v 0.463431 2.155757 0.004313
v 0.462978 2.160518 0.004313
v 0.469953 2.156615 0.004313
v 0.469616 2.158529 0.004313
v 0.470123 2.164281 0.004313
v 0.463955 2.166313 0.004313
v 0.471191 2.167208 0.004313
v 0.463986 2.166499 0.004313
v 0.464226 2.167920 0.004313
v 0.471261 2.167402 0.004313
v 0.472101 2.169705 0.004313
v 0.467347 2.174747 0.004313
v 0.475416 2.174433 0.004313
v 0.479841 2.178142 0.004313
v 0.471049 2.179228 0.004313
v 0.485076 2.180579 0.004313
v 0.472128 2.180534 0.004313
v 0.478245 2.184885 0.004313
v 0.489899 2.181427 0.004313
v 0.500154 2.186969 0.004313
v 0.485279 2.187506 0.004313
v 0.492752 2.188216 0.004313
v 0.369505 2.065706 0.004313
v 0.354751 2.032959 0.004313
v 0.365193 2.032959 0.004313
v 0.358982 2.068157 0.004313
v 0.382144 2.096220 0.004313
v 0.372178 2.101061 0.004313
v 0.402250 2.122423 0.004313
v 0.393440 2.129428 0.004313
v 0.428454 2.142530 0.004313
v 0.421320 2.151325 0.004313
v 0.458968 2.155169 0.004313
v 0.453292 2.164993 0.004313
v 0.463431 2.155757 0.004313
v 0.462978 2.160518 0.004313
v 0.463955 2.166313 0.004313
v 0.391724 2.062067 0.004313
v 0.375257 2.032959 0.004313
v 0.388197 2.032959 0.004313
v 0.379226 2.065706 0.004313
v 0.402066 2.089191 0.004313
v 0.390860 2.096220 0.004313
v 0.418516 2.112483 0.004313
v 0.409367 2.122423 0.004313
v 0.439956 2.130355 0.004313
v 0.433486 2.142530 0.004313
v 0.464922 2.141590 0.004313
v 0.469036 2.142179 0.004313
v 0.466309 2.146011 0.004313
v 0.461573 2.155169 0.004313
v 0.463689 2.153045 0.004313
v 0.463461 2.155440 0.004313
v 0.469036 2.142179 -0.000000
v 0.470661 2.139895 0.004313
v 0.469036 2.142179 0.004313
v 0.470661 2.139895 -0.000000
v 0.476447 2.135113 -0.000000
v 0.476447 2.135113 0.004313
v 0.483274 2.131992 -0.000000
v 0.483274 2.131992 0.004313
v 0.490677 2.130744 -0.000000
v 0.490677 2.130744 0.004313
v 0.498149 2.131455 -0.000000
v 0.498149 2.131455 0.004313
v 0.505184 2.134075 -0.000000
v 0.505184 2.134075 0.004313
v 0.511300 2.138427 -0.000000
v 0.511300 2.138427 0.004313
v 0.514399 2.142178 -0.000000
v 0.514399 2.142178 0.004313
v 0.604203 2.065706 0.004313
v 0.595231 2.032959 0.004313
v 0.608171 2.032959 0.004313
v 0.591704 2.062067 0.004313
v 0.581363 2.089191 0.004313
v 0.592569 2.096220 0.004313
v 0.564912 2.112483 0.004313
v 0.574062 2.122423 0.004313
v 0.543472 2.130355 0.004313
v 0.549942 2.142530 0.004313
v 0.518506 2.141590 0.004313
v 0.514399 2.142178 0.004313
v 0.516081 2.144214 0.004313
v 0.521855 2.155169 0.004313
v 0.519202 2.151041 0.004313
v 0.519944 2.155443 0.004313
v 0.628677 2.032959 0.004313
v 0.613924 2.065706 0.004313
v 0.618235 2.032959 0.004313
v 0.624393 2.068188 0.004313
v 0.601284 2.096220 0.004313
v 0.611138 2.101107 0.004313
v 0.581178 2.122423 0.004313
v 0.589814 2.129474 0.004313
v 0.554974 2.142530 0.004313
v 0.561875 2.151355 0.004313
v 0.524460 2.155169 0.004313
v 0.529851 2.164993 0.004313
v 0.519997 2.155757 0.004313
v 0.520450 2.158442 0.004313
v 0.519739 2.165915 0.004313
v 0.519611 2.166260 0.004313
v 0.653637 2.071436 0.004313
v 0.645626 2.032959 0.004313
v 0.659354 2.032959 0.004313
v 0.640377 2.068288 0.004313
v 0.624987 2.101209 0.004313
v 0.636876 2.107290 0.004313
v 0.600505 2.129479 0.004313
v 0.610212 2.138079 0.004313
v 0.568599 2.151171 0.004313
v 0.575463 2.161704 0.004313
v 0.531444 2.164807 0.004313
v 0.534997 2.176556 0.004313
v 0.529851 2.164993 0.004313
v 0.529179 2.165256 0.004313
v 0.519540 2.166452 0.004313
v 0.517119 2.172950 0.004313
v 0.512767 2.179066 0.004313
v 0.512650 2.179163 0.004313
v 0.512650 2.179163 0.004313
v 0.506981 2.183848 -0.000000
v 0.506981 2.183848 0.004313
v 0.512650 2.179163 -0.000000
v 0.500154 2.186969 -0.000000
v 0.500154 2.186969 0.004313
v 0.492752 2.188216 -0.000000
v 0.492752 2.188216 0.004313
v 0.485279 2.187506 -0.000000
v 0.485279 2.187506 0.004313
v 0.478245 2.184885 -0.000000
v 0.478245 2.184885 0.004313
v 0.472128 2.180534 -0.000000
v 0.472128 2.180534 0.004313
v 0.471049 2.179228 0.004313
v 0.471049 2.179228 -0.000000
v 0.342766 2.068288 0.004313
v 0.323789 2.032959 0.004313
v 0.337517 2.032959 0.004313
v 0.329506 2.071436 0.004313
v 0.358156 2.101209 0.004313
v 0.346268 2.107290 0.004313
v 0.382639 2.129479 0.004313
v 0.372932 2.138079 0.004313
v 0.414544 2.151171 0.004313
v 0.407681 2.161704 0.004313
v 0.451700 2.164807 0.004313
v 0.448146 2.176556 0.004313
v 0.453292 2.164993 0.004313
v 0.453965 2.165256 0.004313
v 0.463986 2.166499 0.004313
v 0.464226 2.167920 0.004313
v 0.467347 2.174747 0.004313
v 0.471049 2.179228 0.004313
v 0.463431 2.155757 -0.000000
v 0.458968 2.155169 0.004313
v 0.458968 2.155169 -0.000000
v 0.463431 2.155757 0.004313
v 0.453292 2.164993 0.004313
v 0.421320 2.151325 -0.000000
v 0.421320 2.151325 0.004313
v 0.453292 2.164993 -0.000000
v 0.393440 2.129428 -0.000000
v 0.393440 2.129428 0.004313
v 0.372178 2.101061 0.004313
v 0.372178 2.101061 -0.000000
v 0.358982 2.068157 0.004313
v 0.358982 2.068157 -0.000000
v 0.354751 2.032959 0.004313
v 0.354751 2.032959 -0.000000
v 0.365193 2.032959 -0.000000
v 0.369505 2.065706 0.004313
v 0.365193 2.032959 0.004313
v 0.369505 2.065706 -0.000000
v 0.382144 2.096220 0.004313
v 0.382144 2.096220 -0.000000
v 0.402250 2.122423 0.004313
v 0.402250 2.122423 -0.000000
v 0.428454 2.142530 -0.000000
v 0.428454 2.142530 0.004313
v 0.469036 2.142179 -0.000000
v 0.464922 2.141590 0.004313
v 0.464922 2.141590 -0.000000
v 0.469036 2.142179 0.004313
v 0.463461 2.155440 0.004313
v 0.461573 2.155169 -0.000000
v 0.461573 2.155169 0.004313
v 0.463461 2.155440 -0.000000
v 0.433486 2.142530 -0.000000
v 0.433486 2.142530 0.004313
v 0.409367 2.122423 -0.000000
v 0.409367 2.122423 0.004313
v 0.390860 2.096220 -0.000000
v 0.390860 2.096220 0.004313
v 0.379226 2.065706 -0.000000
v 0.379226 2.065706 0.004313
v 0.375257 2.032959 -0.000000
v 0.375257 2.032959 0.004313
v 0.388197 2.032959 -0.000000
v 0.391724 2.062067 0.004313
v 0.388197 2.032959 0.004313
v 0.391724 2.062067 -0.000000
v 0.402066 2.089191 0.004313
v 0.402066 2.089191 -0.000000
v 0.418516 2.112483 0.004313
v 0.418516 2.112483 -0.000000
v 0.439956 2.130355 -0.000000
v 0.439956 2.130355 0.004313
v 0.518506 2.141590 -0.000000
v 0.514399 2.142178 0.004313
v 0.514399 2.142178 -0.000000
v 0.518506 2.141590 0.004313
v 0.521855 2.155169 0.004313
v 0.519944 2.155443 -0.000000
v 0.519944 2.155443 0.004313
v 0.521855 2.155169 -0.000000
v 0.543472 2.130355 -0.000000
v 0.543472 2.130355 0.004313
v 0.564912 2.112483 -0.000000
v 0.564912 2.112483 0.004313
v 0.581363 2.089191 -0.000000
v 0.581363 2.089191 0.004313
v 0.591704 2.062067 -0.000000
v 0.591704 2.062067 0.004313
v 0.595231 2.032959 -0.000000
v 0.595231 2.032959 0.004313
v 0.608171 2.032959 -0.000000
v 0.604203 2.065706 0.004313
v 0.608171 2.032959 0.004313
v 0.604203 2.065706 -0.000000
v 0.592569 2.096220 0.004313
v 0.592569 2.096220 -0.000000
v 0.574062 2.122423 0.004313
v 0.574062 2.122423 -0.000000
v 0.549942 2.142530 -0.000000
v 0.549942 2.142530 0.004313
v 0.524460 2.155169 -0.000000
v 0.519997 2.155757 0.004313
v 0.519997 2.155757 -0.000000
v 0.524460 2.155169 0.004313
v 0.554974 2.142530 -0.000000
v 0.554974 2.142530 0.004313
v 0.581178 2.122423 -0.000000
v 0.581178 2.122423 0.004313
v 0.601284 2.096220 0.004313
v 0.601284 2.096220 -0.000000
v 0.613924 2.065706 0.004313
v 0.613924 2.065706 -0.000000
v 0.618235 2.032959 0.004313
v 0.618235 2.032959 -0.000000
v 0.628677 2.032959 -0.000000
v 0.624393 2.068188 0.004313
v 0.628677 2.032959 0.004313
v 0.624393 2.068188 -0.000000
v 0.611138 2.101107 0.004313
v 0.611138 2.101107 -0.000000
v 0.589814 2.129474 0.004313
v 0.589814 2.129474 -0.000000
v 0.561875 2.151355 -0.000000
v 0.561875 2.151355 0.004313
v 0.529851 2.164993 -0.000000
v 0.529851 2.164993 0.004313
v 0.534997 2.176556 0.004313
v 0.512650 2.179163 -0.000000
v 0.512650 2.179163 0.004313
v 0.534997 2.176556 -0.000000
v 0.531444 2.164807 -0.000000
v 0.529851 2.164993 0.004313
v 0.529851 2.164993 -0.000000
v 0.531444 2.164807 0.004313
v 0.568599 2.151171 -0.000000
v 0.568599 2.151171 0.004313
v 0.600505 2.129479 -0.000000
v 0.600505 2.129479 0.004313
v 0.624987 2.101209 0.004313
v 0.624987 2.101209 -0.000000
v 0.640377 2.068288 0.004313
v 0.640377 2.068288 -0.000000
v 0.645626 2.032959 0.004313
v 0.645626 2.032959 -0.000000
v 0.659354 2.032959 0.004313
v 0.653637 2.071436 -0.000000
v 0.653637 2.071436 0.004313
v 0.659354 2.032959 -0.000000
v 0.636876 2.107290 -0.000000
v 0.636876 2.107290 0.004313
v 0.610212 2.138079 -0.000000
v 0.610212 2.138079 0.004313
v 0.575463 2.161704 -0.000000
v 0.575463 2.161704 0.004313
v 0.471049 2.179228 0.004313
v 0.448146 2.176556 -0.000000
v 0.448146 2.176556 0.004313
v 0.471049 2.179228 -0.000000
v 0.407681 2.161704 -0.000000
v 0.407681 2.161704 0.004313
v 0.372932 2.138079 -0.000000
v 0.372932 2.138079 0.004313
v 0.346268 2.107290 0.004313
v 0.346268 2.107290 -0.000000
v 0.329506 2.071436 0.004313
v 0.329506 2.071436 -0.000000
v 0.323789 2.032959 0.004313
v 0.323789 2.032959 -0.000000
v 0.337517 2.032959 0.004313
v 0.342766 2.068288 -0.000000
v 0.342766 2.068288 0.004313
v 0.337517 2.032959 -0.000000
v 0.358156 2.101209 -0.000000
v 0.358156 2.101209 0.004313
v 0.382639 2.129479 -0.000000
v 0.382639 2.129479 0.004313
v 0.414544 2.151171 -0.000000
v 0.414544 2.151171 0.004313
v 0.451700 2.164807 -0.000000
v 0.451700 2.164807 0.004313
v 0.453292 2.164993 -0.000000
v 0.453292 2.164993 0.004313
vn -0.0000 -0.0000 1.0000
vn -0.8148 -0.5797 -0.0000
vn -0.7322 -0.6811 -0.0000
vn -0.5310 -0.8474 -0.0000
vn -0.2935 -0.9560 -0.0000
vn -0.0361 -0.9993 -0.0000
vn 0.2238 -0.9746 -0.0000
vn 0.4684 -0.8835 -0.0000
vn 0.6812 -0.7321 -0.0000
vn 0.7709 -0.6369 -0.0000
vn 0.6370 0.7708 -0.0000
vn 0.5310 0.8474 -0.0000
vn 0.2935 0.9560 -0.0000
vn 0.0361 0.9993 -0.0000
vn -0.2238 0.9746 -0.0000
vn -0.4684 0.8835 -0.0000
vn -0.6811 0.7322 -0.0000
vn -0.7709 0.6370 -0.0000
vn 0.1306 -0.9914 -0.0000
vn 0.2589 -0.9659 -0.0000
vn -0.3931 0.9195 -0.0000
vn -0.5097 0.8603 -0.0000
vn -0.7150 0.6991 -0.0000
vn -0.8716 0.4902 -0.0000
vn -0.9688 0.2479 -0.0000
vn -0.9929 0.1193 -0.0000
vn 0.9914 -0.1305 -0.0000
vn 0.9659 -0.2588 -0.0000
vn 0.8660 -0.5000 -0.0000
vn 0.7071 -0.7071 -0.0000
vn 0.5000 -0.8660 -0.0000
vn 0.1417 -0.9899 -0.0000
vn 0.2788 -0.9604 -0.0000
vn -0.1416 0.9899 -0.0000
vn -0.2790 0.9603 -0.0000
vn -0.2784 0.9605 -0.0000
vn -0.5302 0.8478 -0.0000
vn -0.7348 0.6783 -0.0000
vn -0.8825 0.4703 -0.0000
vn -0.9708 0.2401 -0.0000
vn -0.9927 0.1203 -0.0000
vn 0.9927 -0.1203 -0.0000
vn 0.9708 -0.2401 -0.0000
vn 0.8825 -0.4703 -0.0000
vn 0.7348 -0.6783 -0.0000
vn 0.5302 -0.8479 -0.0000
vn -0.2788 -0.9604 -0.0000
vn -0.1414 -0.9900 -0.0000
vn -0.1417 -0.9899 -0.0000
vn 0.2789 0.9603 -0.0000
vn 0.1416 0.9899 -0.0000
vn 0.1419 0.9899 -0.0000
vn -0.5302 -0.8479 -0.0000
vn -0.7348 -0.6783 -0.0000
vn -0.8825 -0.4703 -0.0000
vn -0.9708 -0.2400 -0.0000
vn -0.9927 -0.1203 -0.0000
vn 0.9927 0.1203 -0.0000
vn 0.9708 0.2401 -0.0000
vn 0.8825 0.4703 -0.0000
vn 0.7348 0.6783 -0.0000
vn 0.5302 0.8478 -0.0000
vn -0.2589 -0.9659 -0.0000
vn -0.1306 -0.9914 -0.0000
vn -0.5000 -0.8660 -0.0000
vn -0.7071 -0.7071 -0.0000
vn -0.8660 -0.5000 -0.0000
vn -0.9659 -0.2588 -0.0000
vn -0.9914 -0.1305 -0.0000
vn 0.9927 0.1207 -0.0000
vn 0.9684 0.2492 -0.0000
vn 0.8709 0.4914 -0.0000
vn 0.7141 0.7001 -0.0000
vn 0.5086 0.8610 -0.0000
vn 0.3918 0.9200 -0.0000
vn 0.2318 0.9728 -0.0000
vn 0.1159 0.9933 -0.0000
vn -0.2319 -0.9728 -0.0000
vn -0.1160 -0.9933 -0.0000
vn -0.1159 -0.9933 -0.0000
vn -0.4568 -0.8896 -0.0000
vn -0.6647 -0.7471 -0.0000
vn -0.8389 -0.5443 -0.0000
vn -0.9576 -0.2882 -0.0000
vn -0.9891 -0.1470 -0.0000
vn 0.9891 0.1470 -0.0000
vn 0.9576 0.2882 -0.0000
vn 0.8389 0.5443 -0.0000
vn 0.6647 0.7471 -0.0000
vn 0.4568 0.8896 -0.0000
vn -0.1159 0.9933 -0.0000
vn -0.2318 0.9728 -0.0000
vn -0.4568 0.8896 -0.0000
vn -0.6647 0.7471 -0.0000
vn -0.8389 0.5443 -0.0000
vn -0.9576 0.2883 -0.0000
vn -0.9891 0.1470 -0.0000
vn 0.9891 -0.1470 -0.0000
vn 0.9576 -0.2882 -0.0000
vn 0.8389 -0.5443 -0.0000
vn 0.6647 -0.7471 -0.0000
vn 0.4568 -0.8896 -0.0000
vn 0.2319 -0.9727 -0.0000
vn 0.1160 -0.9932 -0.0000
vt 5.608706 24.891729
vt 5.599472 24.891239
vt 5.602312 24.890989
vt 5.683752 24.319340
vt 5.514034 24.325470
vt 5.598490 24.311239
vt 5.764011 24.349239
vt 5.436141 24.361080
vt 5.833797 24.398899
vt 5.621187 24.386980
vt 5.686073 24.398380
vt 5.745797 24.426189
vt 5.869159 24.441689
vt 5.779584 24.454500
vt 5.888354 24.464920
vt 5.796289 24.468500
vt 5.923964 24.542809
vt 5.834109 24.522449
vt 5.856678 24.584339
vt 5.932430 24.593039
vt 5.858377 24.603630
vt 5.933034 24.596619
vt 5.938200 24.627270
vt 5.858623 24.606419
vt 5.862459 24.649969
vt 5.930092 24.712530
vt 5.851057 24.714849
vt 5.928627 24.716459
vt 5.845518 24.726749
vt 5.927813 24.718649
vt 5.900194 24.792789
vt 5.844475 24.728989
vt 5.823251 24.774580
vt 5.780934 24.825069
vt 5.850541 24.862570
vt 5.726991 24.862890
vt 5.849206 24.863680
vt 5.666314 24.885010
vt 5.784518 24.917130
vt 5.665098 24.885460
vt 5.654537 24.886389
vt 5.555562 24.392759
vt 5.370118 24.415640
vt 5.493668 24.415329
vt 5.439725 24.453150
vt 5.351576 24.441700
vt 5.320466 24.485430
vt 5.438856 24.454189
vt 5.397408 24.503639
vt 5.290567 24.565680
vt 5.369602 24.563360
vt 5.362521 24.603659
vt 5.287969 24.593000
vt 5.287625 24.596619
vt 5.282459 24.650949
vt 5.362036 24.606419
vt 5.358201 24.628250
vt 5.363981 24.693880
vt 5.293604 24.717060
vt 5.376161 24.727280
vt 5.293963 24.719189
vt 5.296696 24.735399
vt 5.376968 24.729490
vt 5.386551 24.755770
vt 5.332306 24.813299
vt 5.424370 24.809710
vt 5.474862 24.852030
vt 5.374549 24.864420
vt 5.534586 24.879839
vt 5.386862 24.879320
vt 5.456648 24.928968
vt 5.589626 24.889509
vt 5.706625 24.952740
vt 5.536907 24.958870
vt 5.622169 24.966980
vt 4.215948 23.569159
vt 4.047620 23.195539
vt 4.166760 23.195539
vt 4.095887 23.597139
vt 4.360162 23.917320
vt 4.246451 23.972559
vt 4.589572 24.216299
vt 4.489050 24.296219
vt 4.888545 24.445709
vt 4.807152 24.546059
vt 5.236706 24.589920
vt 5.171944 24.702002
vt 4.469472 23.527649
vt 4.281589 23.195539
vt 4.429227 23.195539
vt 4.326865 23.569159
vt 4.587465 23.837120
vt 4.459607 23.917320
vt 4.775164 24.102879
vt 4.670768 24.216299
vt 5.019778 24.306799
vt 4.945960 24.445709
vt 5.304638 24.434990
vt 5.266426 24.589920
vt 0.603111 0.049213
vt 0.571093 0.000000
vt 0.603111 0.000000
vt 0.571093 0.049213
vt 0.485201 0.049213
vt 0.485201 -0.000000
vt 0.399309 0.049213
vt 0.399309 0.000000
vt 0.313417 0.049213
vt 0.313417 0.000000
vt 0.227524 0.049213
vt 0.227524 -0.000000
vt 0.141632 0.049213
vt 0.141632 0.000000
vt 0.055740 0.049213
vt 0.055740 0.000000
vt 0.000000 0.049213
vt 0.000000 -0.000000
vt 6.893794 23.569159
vt 6.791432 23.195539
vt 6.939070 23.195539
vt 6.751187 23.527649
vt 6.633194 23.837120
vt 6.761052 23.917320
vt 6.445495 24.102879
vt 6.549891 24.216299
vt 6.200881 24.306799
vt 6.274700 24.445709
vt 5.916021 24.434990
vt 5.954233 24.589920
vt 7.173039 23.195539
vt 7.004711 23.569159
vt 7.053899 23.195539
vt 7.124166 23.597479
vt 6.860498 23.917320
vt 6.972927 23.973080
vt 6.631087 24.216299
vt 6.729629 24.296740
vt 6.332114 24.445709
vt 6.410852 24.546400
vt 5.983953 24.589920
vt 6.045468 24.702002
vt 7.457829 23.634550
vt 7.366430 23.195539
vt 7.523059 23.195539
vt 7.306537 23.598629
vt 7.130940 23.974249
vt 7.266585 24.043640
vt 6.851605 24.296799
vt 6.962358 24.394930
vt 6.487568 24.544300
vt 6.565882 24.664490
vt 6.063638 24.699890
vt 6.104177 24.833939
vt 6.037796 24.705002
vt 0.532926 0.000000
vt 0.448752 0.049213
vt 0.448752 -0.000000
vt 0.532926 0.049213
vt 0.362860 0.049213
vt 0.362860 0.000000
vt 0.276967 0.049213
vt 0.276967 -0.000000
vt 0.191075 0.049213
vt 0.191075 -0.000000
vt 0.105183 0.049213
vt 0.105183 0.000000
vt 0.019291 0.049213
vt 0.019291 -0.000000
vt 3.910874 23.598629
vt 3.694352 23.195539
vt 3.850981 23.195539
vt 3.759582 23.634550
vt 4.086471 23.974249
vt 3.950827 24.043640
vt 4.365807 24.296799
vt 4.255053 24.394930
vt 4.729843 24.544300
vt 4.651529 24.664490
vt 5.153773 24.699890
vt 5.113234 24.833939
vt 5.179615 24.705002
vt 1.940763 -0.049213
vt 1.889628 -0.000000
vt 1.889628 -0.049213
vt 1.940763 0.000000
vt 2.000000 0.000000
vt 1.606097 0.049213
vt 1.606097 0.000000
vt 2.000000 0.049213
vt 1.204572 0.049213
vt 1.204572 0.000000
vt 0.803048 0.000000
vt 0.803048 0.049213
vt 0.401524 0.000000
vt 0.401524 0.049213
vt -0.000000 -0.049213
vt 0.377926 -0.000000
vt 0.377926 -0.049213
vt 0.755851 -0.000000
vt 0.755851 -0.049213
vt 1.133777 0.000000
vt 1.133777 -0.049213
vt 1.511703 -0.049213
vt 1.511703 0.000000
vt 0.000000 8.758336
vt -0.049213 8.710919
vt 0.000000 8.710919
vt -0.049213 8.758336
vt 0.049213 8.716793
vt -0.000000 8.695030
vt 0.049213 8.695030
vt -0.000000 8.716793
vt 0.049213 14.893570
vt -0.000000 14.542150
vt 0.049213 14.542150
vt -0.000000 14.893570
vt 0.049213 19.452169
vt -0.000000 19.093899
vt 0.049213 19.093899
vt -0.000000 19.452169
vt 0.049213 22.474730
vt -0.000000 22.108709
vt 0.049213 22.108709
vt -0.000000 22.474730
vt 0.049213 23.936859
vt -0.000000 23.564249
vt 0.049213 23.564249
vt -0.000000 23.936859
vt 0.049213 23.918509
vt 0.000000 23.542160
vt 0.049213 23.542160
vt 0.000000 23.918509
vt 0.000000 23.559919
vt -0.049213 23.894459
vt -0.049213 23.559919
vt 0.000000 23.894459
vt 0.000000 23.576260
vt -0.049213 23.907469
vt -0.049213 23.576260
vt 0.000000 23.907469
vt 0.000000 22.116959
vt -0.049213 22.442320
vt -0.049213 22.116959
vt 0.000000 22.442320
vt 0.000000 19.419920
vt -0.049213 19.101460
vt 0.000000 19.101460
vt -0.049213 19.419920
vt 0.000000 14.864830
vt -0.049213 14.552460
vt 0.000000 14.552460
vt -0.049213 14.864830
vt -0.000000 -2.396697
vt 0.049213 -2.349358
vt -0.000000 -2.349358
vt 0.049213 -2.396697
vt -0.049213 -2.412587
vt -0.000000 -2.390562
vt -0.049213 -2.390562
vt -0.000000 -2.412587
vt 0.000000 4.320136
vt 0.049213 4.632510
vt 0.000000 4.632510
vt 0.049213 4.320136
vt 0.000000 10.482810
vt 0.049213 10.801270
vt 0.000000 10.801270
vt 0.049213 10.482810
vt 0.049213 15.969060
vt 0.000000 15.643700
vt 0.049213 15.643700
vt 0.000000 15.969060
vt 0.049213 19.910109
vt 0.000000 19.578899
vt 0.049213 19.578899
vt 0.000000 19.910109
vt 0.049213 22.544609
vt 0.000000 22.210070
vt 0.049213 22.210070
vt -0.000000 22.544609
vt 0.000000 22.192310
vt -0.049213 22.568670
vt -0.049213 22.192310
vt 0.000000 22.568670
vt -0.000000 19.566889
vt -0.049213 19.939499
vt -0.049213 19.566889
vt -0.000000 19.939499
vt -0.000000 15.635449
vt -0.049213 16.001469
vt -0.049213 15.635449
vt -0.000000 16.001469
vt -0.049213 10.475240
vt -0.000000 10.833520
vt -0.049213 10.833520
vt -0.000000 10.475240
vt -0.049213 4.309823
vt -0.000000 4.661244
vt -0.049213 4.661244
vt -0.000000 4.309823
vt 0.051135 -0.049213
vt 0.051135 0.000000
vt 0.429061 -0.049213
vt 0.429061 0.000000
vt 0.806986 -0.049213
vt 0.806986 0.000000
vt 1.184912 -0.000000
vt 1.184912 -0.049213
vt 1.562837 0.000000
vt 1.562837 -0.049213
vt 0.401524 -0.049213
vt 0.803048 -0.049213
vt 1.204572 -0.049213
vt 1.606097 -0.049213
vt 2.000000 -0.049213
vt -0.049213 -3.185712
vt 0.000000 -2.929012
vt -0.049213 -2.929012
vt 0.000000 -3.185712
vt 0.000000 -3.160978
vt 0.049213 -3.142684
vt -0.000000 -3.142684
vt 0.049213 -3.160978
vt -0.000000 2.366111
vt 0.049213 2.817690
vt -0.000000 2.817690
vt 0.049213 2.366111
vt -0.000000 7.994635
vt 0.049213 8.434840
vt -0.000000 8.434840
vt 0.049213 7.994635
vt -0.000000 13.881310
vt 0.049213 13.454619
vt 0.049213 13.881310
vt -0.000000 13.454619
vt -0.000000 18.698280
vt 0.049213 18.283649
vt 0.049213 18.698280
vt -0.000000 18.283649
vt -0.000000 22.268509
vt 0.049213 21.860989
vt 0.049213 22.268509
vt -0.000000 21.860989
vt -0.049213 21.837969
vt 0.000000 22.281799
vt -0.049213 22.281799
vt 0.000000 21.837969
vt -0.049213 18.252110
vt 0.000000 18.703699
vt -0.049213 18.703699
vt 0.000000 18.252110
vt -0.049213 13.418270
vt 0.000000 13.882990
vt -0.049213 13.882990
vt 0.000000 13.418270
vt -0.049213 7.958219
vt 0.000000 8.437650
vt -0.049213 8.437650
vt 0.000000 7.958219
vt -0.049213 2.334000
vt 0.000000 2.825819
vt -0.049213 2.825819
vt 0.000000 2.334000
vt 0.049213 8.219238
vt -0.000000 7.956151
vt 0.049213 7.956151
vt -0.000000 8.219238
vt 0.049213 13.356410
vt 0.000000 12.864590
vt 0.049213 12.864590
vt 0.000000 13.356410
vt 0.049213 17.714130
vt 0.000000 17.234699
vt 0.049213 17.234699
vt 0.000000 17.714130
vt 0.000000 21.226469
vt 0.049213 20.761749
vt 0.049213 21.226469
vt 0.000000 20.761749
vt 0.000000 23.454229
vt 0.049213 23.002649
vt 0.049213 23.454229
vt 0.000000 23.002649
vt -0.000000 23.930439
vt 0.049213 23.486620
vt 0.049213 23.930439
vt -0.000000 23.486620
vt -0.049213 23.509640
vt 0.000000 23.917149
vt -0.049213 23.917149
vt 0.000000 23.509640
vt -0.049213 23.034180
vt -0.000000 23.448820
vt -0.049213 23.448820
vt -0.000000 23.034180
vt -0.049213 20.798100
vt -0.000000 21.224789
vt -0.049213 21.224789
vt -0.000000 20.798100
vt -0.000000 17.711319
vt -0.049213 17.271120
vt -0.000000 17.271120
vt -0.049213 17.711319
vt -0.000000 13.348280
vt -0.049213 12.896700
vt -0.000000 12.896700
vt -0.049213 13.348280
vt 0.000000 7.999179
vt -0.049213 7.980885
vt -0.000000 7.980885
vt -0.049213 7.999179
s 1
usemtl Wood_Floor
f 2503/2154/378 2504/2155/378 2505/2156/378
f 2506/2157/378 2507/2158/378 2508/2159/378
f 2507/2158/378 2506/2157/378 2509/2160/378
f 2507/2158/378 2509/2160/378 2510/2161/378
f 2510/2161/378 2509/2160/378 2511/2162/378
f 2510/2161/378 2511/2162/378 2512/2163/378
f 2512/2163/378 2511/2162/378 2513/2164/378
f 2513/2164/378 2511/2162/378 2514/2165/378
f 2514/2165/378 2511/2162/378 2515/2166/378
f 2514/2165/378 2515/2166/378 2516/2167/378
f 2516/2167/378 2515/2166/378 2517/2168/378
f 2516/2167/378 2517/2168/378 2518/2169/378
f 2518/2169/378 2517/2168/378 2519/2170/378
f 2518/2169/378 2519/2170/378 2520/2171/378
f 2520/2171/378 2519/2170/378 2521/2172/378
f 2521/2172/378 2519/2170/378 2522/2173/378
f 2521/2172/378 2522/2173/378 2523/2174/378
f 2523/2174/378 2522/2173/378 2524/2175/378
f 2523/2174/378 2524/2175/378 2525/2176/378
f 2523/2174/378 2525/2176/378 2526/2177/378
f 2526/2177/378 2525/2176/378 2527/2178/378
f 2527/2178/378 2525/2176/378 2528/2179/378
f 2527/2178/378 2528/2179/378 2529/2180/378
f 2529/2180/378 2528/2179/378 2530/2181/378
f 2529/2180/378 2530/2181/378 2531/2182/378
f 2531/2182/378 2530/2181/378 2532/2183/378
f 2531/2182/378 2532/2183/378 2533/2184/378
f 2531/2182/378 2533/2184/378 2534/2185/378
f 2534/2185/378 2533/2184/378 2535/2186/378
f 2535/2186/378 2533/2184/378 2536/2187/378
f 2536/2187/378 2533/2184/378 2537/2188/378
f 2536/2187/378 2537/2188/378 2538/2189/378
f 2538/2189/378 2537/2188/378 2539/2190/378
f 2538/2189/378 2539/2190/378 2540/2191/378
f 2540/2191/378 2539/2190/378 2541/2192/378
f 2540/2191/378 2541/2192/378 2542/2193/378
f 2542/2193/378 2541/2192/378 2543/2194/378
f 2543/2194/378 2541/2192/378 2503/2154/378
f 2510/2161/378 2544/2195/378 2545/2196/378
f 2544/2195/378 2510/2161/378 2512/2163/378
f 2545/2196/378 2544/2195/378 2546/2197/378
f 2545/2196/378 2546/2197/378 2547/2198/378
f 2545/2196/378 2547/2198/378 2548/2199/378
f 2548/2199/378 2547/2198/378 2549/2200/378
f 2549/2200/378 2547/2198/378 2550/2201/378
f 2549/2200/378 2550/2201/378 2551/2202/378
f 2549/2200/378 2551/2202/378 2552/2203/378
f 2552/2203/378 2551/2202/378 2553/2204/378
f 2552/2203/378 2553/2204/378 2554/2205/378
f 2552/2203/378 2554/2205/378 2555/2206/378
f 2555/2206/378 2554/2205/378 2556/2207/378
f 2556/2207/378 2554/2205/378 2557/2208/378
f 2557/2208/378 2554/2205/378 2558/2209/378
f 2557/2208/378 2558/2209/378 2559/2210/378
f 2557/2208/378 2559/2210/378 2560/2211/378
f 2557/2208/378 2560/2211/378 2561/2212/378
f 2561/2212/378 2560/2211/378 2562/2213/378
f 2561/2212/378 2562/2213/378 2563/2214/378
f 2563/2214/378 2562/2213/378 2564/2215/378
f 2564/2215/378 2562/2213/378 2565/2216/378
f 2564/2215/378 2565/2216/378 2566/2217/378
f 2564/2215/378 2566/2217/378 2567/2218/378
f 2567/2218/378 2566/2217/378 2568/2219/378
f 2567/2218/378 2568/2219/378 2569/2220/378
f 2567/2218/378 2569/2220/378 2570/2221/378
f 2570/2221/378 2569/2220/378 2571/2222/378
f 2570/2221/378 2571/2222/378 2572/2223/378
f 2572/2223/378 2571/2222/378 2573/2224/378
f 2573/2224/378 2571/2222/378 2574/2225/378
f 2573/2224/378 2574/2225/378 2504/2155/378
f 2573/2224/378 2504/2155/378 2503/2154/378
f 2573/2224/378 2503/2154/378 2541/2192/378
f 2573/2224/378 2541/2192/378 2575/2226/378
f 2573/2224/378 2575/2226/378 2576/2227/378
f 2576/2227/378 2575/2226/378 2577/2228/378
f 2578/2229/378 2579/2230/378 2580/2231/378
f 2579/2230/378 2578/2229/378 2581/2232/378
f 2581/2232/378 2578/2229/378 2582/2233/378
f 2581/2232/378 2582/2233/378 2583/2234/378
f 2583/2234/378 2582/2233/378 2584/2235/378
f 2583/2234/378 2584/2235/378 2585/2236/378
f 2585/2236/378 2584/2235/378 2586/2237/378
f 2585/2236/378 2586/2237/378 2587/2238/378
f 2587/2238/378 2586/2237/378 2588/2239/378
f 2587/2238/378 2588/2239/378 2589/2240/378
f 2589/2240/378 2588/2239/378 2590/2207/378
f 2589/2240/378 2590/2207/378 2591/2208/378
f 2589/2240/378 2591/2208/378 2592/2212/378
f 2593/2241/378 2594/2242/378 2595/2243/378
f 2594/2242/378 2593/2241/378 2596/2244/378
f 2596/2244/378 2593/2241/378 2597/2245/378
f 2596/2244/378 2597/2245/378 2598/2246/378
f 2598/2246/378 2597/2245/378 2599/2247/378
f 2598/2246/378 2599/2247/378 2600/2248/378
f 2600/2248/378 2599/2247/378 2601/2249/378
f 2600/2248/378 2601/2249/378 2602/2250/378
f 2602/2250/378 2601/2249/378 2603/2251/378
f 2602/2250/378 2603/2251/378 2604/2199/378
f 2602/2250/378 2604/2199/378 2605/2200/378
f 2602/2250/378 2605/2200/378 2606/2252/378
f 2606/2252/378 2605/2200/378 2607/2203/378
f 2606/2252/378 2607/2203/378 2608/2206/378
f 2609/2253/379 2610/2254/380 2611/2255/379
f 2610/2254/380 2609/2253/379 2612/2256/380
f 2613/2257/381 2610/2254/380 2612/2256/380
f 2610/2254/380 2613/2257/381 2614/2258/381
f 2615/2259/382 2614/2258/381 2613/2257/381
f 2614/2258/381 2615/2259/382 2616/2260/382
f 2617/2261/383 2616/2260/382 2615/2259/382
f 2616/2260/382 2617/2261/383 2618/2262/383
f 2619/2263/384 2618/2262/383 2617/2261/383
f 2618/2262/383 2619/2263/384 2620/2264/384
f 2621/2265/385 2620/2264/384 2619/2263/384
f 2620/2264/384 2621/2265/385 2622/2266/385
f 2623/2267/386 2622/2266/385 2621/2265/385
f 2622/2266/385 2623/2267/386 2624/2268/386
f 2624/2268/386 2625/2269/387 2626/2270/387
f 2625/2269/387 2624/2268/386 2623/2267/386
f 2627/2271/378 2628/2272/378 2629/2273/378
f 2628/2272/378 2627/2271/378 2630/2274/378
f 2630/2274/378 2627/2271/378 2631/2275/378
f 2631/2275/378 2627/2271/378 2632/2276/378
f 2631/2275/378 2632/2276/378 2633/2277/378
f 2633/2277/378 2632/2276/378 2634/2278/378
f 2633/2277/378 2634/2278/378 2635/2279/378
f 2635/2279/378 2634/2278/378 2636/2280/378
f 2635/2279/378 2636/2280/378 2637/2281/378
f 2637/2281/378 2636/2280/378 2638/2166/378
f 2638/2166/378 2636/2280/378 2639/2168/378
f 2639/2168/378 2636/2280/378 2640/2282/378
f 2639/2168/378 2640/2282/378 2641/2170/378
f 2641/2170/378 2640/2282/378 2642/2173/378
f 2643/2283/378 2644/2284/378 2645/2285/378
f 2644/2284/378 2643/2283/378 2646/2286/378
f 2644/2284/378 2646/2286/378 2647/2287/378
f 2647/2287/378 2646/2286/378 2648/2288/378
f 2647/2287/378 2648/2288/378 2649/2289/378
f 2649/2289/378 2648/2288/378 2650/2290/378
f 2649/2289/378 2650/2290/378 2651/2291/378
f 2651/2291/378 2650/2290/378 2652/2292/378
f 2651/2291/378 2652/2292/378 2653/2293/378
f 2653/2293/378 2652/2292/378 2654/2294/378
f 2653/2293/378 2654/2294/378 2655/2175/378
f 2655/2175/378 2654/2294/378 2656/2176/378
f 2656/2176/378 2654/2294/378 2657/2179/378
f 2657/2179/378 2654/2294/378 2658/2181/378
f 2659/2295/378 2660/2296/378 2661/2297/378
f 2660/2296/378 2659/2295/378 2662/2298/378
f 2662/2298/378 2659/2295/378 2663/2299/378
f 2663/2299/378 2659/2295/378 2664/2300/378
f 2663/2299/378 2664/2300/378 2665/2301/378
f 2665/2301/378 2664/2300/378 2666/2302/378
f 2665/2301/378 2666/2302/378 2667/2303/378
f 2667/2303/378 2666/2302/378 2668/2304/378
f 2667/2303/378 2668/2304/378 2669/2305/378
f 2669/2305/378 2668/2304/378 2670/2306/378
f 2669/2305/378 2670/2306/378 2671/2294/378
f 2671/2294/378 2670/2306/378 2672/2307/378
f 2672/2307/378 2670/2306/378 2673/2183/378
f 2673/2183/378 2670/2306/378 2674/2184/378
f 2674/2184/378 2670/2306/378 2675/2188/378
f 2675/2188/378 2670/2306/378 2676/2190/378
f 2677/2308/388 2678/2309/389 2679/2310/389
f 2678/2309/389 2677/2308/388 2680/2311/388
f 2679/2310/389 2681/2312/390 2682/2313/390
f 2681/2312/390 2679/2310/389 2678/2309/389
f 2682/2313/390 2683/2314/391 2684/2315/391
f 2683/2314/391 2682/2313/390 2681/2312/390
f 2684/2315/391 2685/2316/392 2686/2317/392
f 2685/2316/392 2684/2315/391 2683/2314/391
f 2686/2317/392 2687/2318/393 2688/2319/393
f 2687/2318/393 2686/2317/392 2685/2316/392
f 2688/2319/393 2689/2320/394 2690/2321/394
f 2689/2320/394 2688/2319/393 2687/2318/393
f 2689/2320/394 2691/2270/395 2690/2321/394
f 2691/2270/395 2689/2320/394 2692/2269/395
f 2693/2322/378 2694/2323/378 2695/2324/378
f 2694/2323/378 2693/2322/378 2696/2325/378
f 2696/2325/378 2693/2322/378 2697/2326/378
f 2696/2325/378 2697/2326/378 2698/2327/378
f 2698/2327/378 2697/2326/378 2699/2328/378
f 2698/2327/378 2699/2328/378 2700/2329/378
f 2700/2329/378 2699/2328/378 2701/2330/378
f 2700/2329/378 2701/2330/378 2702/2331/378
f 2702/2331/378 2701/2330/378 2703/2332/378
f 2702/2331/378 2703/2332/378 2704/2333/378
f 2704/2333/378 2703/2332/378 2705/2240/378
f 2704/2333/378 2705/2240/378 2706/2334/378
f 2704/2333/378 2706/2334/378 2707/2214/378
f 2704/2333/378 2707/2214/378 2708/2215/378
f 2704/2333/378 2708/2215/378 2709/2218/378
f 2704/2333/378 2709/2218/378 2710/2221/378
f 2711/2335/396 2712/2336/397 2713/2337/397
f 2712/2336/397 2711/2335/396 2714/2338/396
f 2715/2339/398 2716/2340/399 2717/2341/399
f 2716/2340/399 2715/2339/398 2718/2342/398
f 2717/2341/399 2719/2343/400 2720/2344/400
f 2719/2343/400 2717/2341/399 2716/2340/399
f 2719/2343/400 2721/2345/401 2720/2344/400
f 2721/2345/401 2719/2343/400 2722/2346/401
f 2722/2346/401 2723/2347/402 2721/2345/401
f 2723/2347/402 2722/2346/401 2724/2348/402
f 2724/2348/402 2725/2270/403 2723/2347/402
f 2725/2270/403 2724/2348/402 2726/2269/403
f 2727/2349/404 2728/2350/405 2729/2270/404
f 2728/2350/405 2727/2349/404 2730/2351/405
f 2730/2351/405 2731/2352/406 2728/2350/405
f 2731/2352/406 2730/2351/405 2732/2353/406
f 2732/2353/406 2733/2354/407 2731/2352/406
f 2733/2354/407 2732/2353/406 2734/2355/407
f 2735/2356/408 2733/2354/407 2734/2355/407
f 2733/2354/407 2735/2356/408 2736/2357/408
f 2713/2337/397 2736/2357/408 2735/2356/408
f 2736/2357/408 2713/2337/397 2712/2336/397
f 2737/2358/409 2738/2359/410 2739/2360/410
f 2738/2359/410 2737/2358/409 2740/2361/409
f 2741/2362/411 2742/2363/412 2743/2364/413
f 2742/2363/412 2741/2362/411 2744/2365/411
f 2743/2366/413 2745/2367/414 2746/2368/414
f 2745/2367/414 2743/2366/413 2742/2369/412
f 2746/2370/414 2747/2371/415 2748/2372/415
f 2747/2371/415 2746/2370/414 2745/2373/414
f 2748/2374/415 2749/2375/416 2750/2376/416
f 2749/2375/416 2748/2374/415 2747/2377/415
f 2750/2378/416 2751/2379/417 2752/2380/417
f 2751/2379/417 2750/2378/416 2749/2381/416
f 2752/2382/417 2753/2383/418 2754/2384/418
f 2753/2383/418 2752/2382/417 2751/2385/417
f 2755/2386/419 2756/2387/420 2757/2388/419
f 2756/2387/420 2755/2386/419 2758/2389/420
f 2758/2390/420 2759/2391/421 2756/2392/420
f 2759/2391/421 2758/2390/420 2760/2393/421
f 2760/2394/421 2761/2395/422 2759/2396/421
f 2761/2395/422 2760/2394/421 2762/2397/422
f 2763/2398/423 2761/2399/422 2762/2400/422
f 2761/2399/422 2763/2398/423 2764/2401/423
f 2739/2402/410 2764/2403/423 2763/2404/423
f 2764/2403/423 2739/2402/410 2738/2405/410
f 2765/2406/424 2766/2407/425 2767/2408/426
f 2766/2407/425 2765/2406/424 2768/2409/424
f 2769/2410/427 2770/2411/428 2771/2412/429
f 2770/2411/428 2769/2410/427 2772/2413/427
f 2773/2414/430 2768/2415/424 2765/2416/424
f 2768/2415/424 2773/2414/430 2774/2417/430
f 2775/2418/431 2774/2419/430 2773/2420/430
f 2774/2419/430 2775/2418/431 2776/2421/431
f 2776/2422/431 2777/2423/432 2778/2424/432
f 2777/2423/432 2776/2422/431 2775/2425/431
f 2778/2426/432 2779/2427/433 2780/2428/433
f 2779/2427/433 2778/2426/432 2777/2429/432
f 2780/2430/433 2781/2431/434 2782/2432/434
f 2781/2431/434 2780/2430/433 2779/2433/433
f 2783/2434/435 2784/2435/436 2785/2436/435
f 2784/2435/436 2783/2434/435 2786/2437/436
f 2786/2438/436 2787/2439/437 2784/2440/436
f 2787/2439/437 2786/2438/436 2788/2441/437
f 2788/2442/437 2789/2443/438 2787/2444/437
f 2789/2443/438 2788/2442/437 2790/2445/438
f 2789/2446/438 2791/2447/439 2792/2448/439
f 2791/2447/439 2789/2446/438 2790/2449/438
f 2792/2450/439 2772/2451/427 2769/2452/427
f 2772/2451/427 2792/2450/439 2791/2453/439
f 2793/2454/440 2794/2270/441 2795/2349/441
f 2794/2270/441 2793/2454/440 2796/2455/440
f 2797/2456/442 2796/2455/440 2793/2454/440
f 2796/2455/440 2797/2456/442 2798/2457/442
f 2799/2458/443 2798/2457/442 2797/2456/442
f 2798/2457/442 2799/2458/443 2800/2459/443
f 2799/2458/443 2801/2460/444 2800/2459/443
f 2801/2460/444 2799/2458/443 2802/2461/444
f 2802/2461/444 2803/2462/445 2801/2460/444
f 2803/2462/445 2802/2461/444 2804/2463/445
f 2804/2463/445 2805/2338/446 2803/2462/445
f 2805/2338/446 2804/2463/445 2806/2335/446
f 2807/2349/447 2808/2347/448 2809/2270/447
f 2808/2347/448 2807/2349/447 2810/2464/448
f 2810/2464/448 2811/2345/449 2808/2347/448
f 2811/2345/449 2810/2464/448 2812/2465/449
f 2812/2465/449 2813/2344/450 2811/2345/449
f 2813/2344/450 2812/2465/449 2814/2466/450
f 2813/2344/450 2815/2467/451 2816/2341/451
f 2815/2467/451 2813/2344/450 2814/2466/450
f 2816/2341/451 2817/2468/452 2818/2339/452
f 2817/2468/452 2816/2341/451 2815/2467/451
f 2819/2469/453 2820/2470/454 2821/2471/454
f 2820/2470/454 2819/2469/453 2822/2472/453
f 2823/2473/455 2824/2474/456 2825/2475/457
f 2824/2474/456 2823/2473/455 2826/2476/455
f 2827/2477/458 2826/2478/455 2823/2479/455
f 2826/2478/455 2827/2477/458 2828/2480/458
f 2829/2481/459 2828/2482/458 2827/2483/458
f 2828/2482/458 2829/2481/459 2830/2484/459
f 2829/2485/459 2831/2486/460 2830/2487/459
f 2831/2486/460 2829/2485/459 2832/2488/460
f 2832/2489/460 2833/2490/461 2831/2491/460
f 2833/2490/461 2832/2489/460 2834/2492/461
f 2834/2493/461 2835/2494/462 2833/2495/461
f 2835/2494/462 2834/2493/461 2836/2496/462
f 2837/2497/463 2838/2498/464 2839/2499/464
f 2838/2498/464 2837/2497/463 2840/2500/463
f 2839/2501/464 2841/2502/465 2842/2503/465
f 2841/2502/465 2839/2501/464 2838/2504/464
f 2842/2505/465 2843/2506/466 2844/2507/466
f 2843/2506/466 2842/2505/465 2841/2508/465
f 2844/2509/466 2845/2510/467 2846/2511/467
f 2845/2510/467 2844/2509/466 2843/2512/466
f 2846/2513/467 2822/2514/453 2819/2515/453
f 2822/2514/453 2846/2513/467 2845/2516/467
f 2847/2517/468 2848/2518/469 2849/2519/469
f 2848/2518/469 2847/2517/468 2850/2520/468
f 2849/2521/469 2851/2522/470 2852/2523/470
f 2851/2522/470 2849/2521/469 2848/2524/469
f 2852/2525/470 2853/2526/471 2854/2527/471
f 2853/2526/471 2852/2525/470 2851/2528/470
f 2853/2529/471 2855/2530/472 2854/2531/471
f 2855/2530/472 2853/2529/471 2856/2532/472
f 2856/2533/472 2857/2534/473 2855/2535/472
f 2857/2534/473 2856/2533/472 2858/2536/473
f 2858/2537/473 2859/2538/474 2857/2539/473
f 2859/2538/474 2858/2537/473 2860/2540/474
f 2861/2541/475 2862/2542/476 2863/2543/476
f 2862/2542/476 2861/2541/475 2864/2544/475
f 2863/2545/476 2865/2546/477 2866/2547/477
f 2865/2546/477 2863/2545/476 2862/2548/476
f 2866/2549/477 2867/2550/478 2868/2551/478
f 2867/2550/478 2866/2549/477 2865/2552/477
f 2869/2553/479 2868/2554/478 2867/2555/478
f 2868/2554/478 2869/2553/479 2870/2556/479
f 2871/2557/480 2870/2558/479 2869/2559/479
f 2870/2558/479 2871/2557/480 2872/2560/480
f 2873/2561/481 2872/2562/480 2871/2563/480
f 2872/2562/480 2873/2561/481 2874/2564/481
o SketchUp.025
v 0.463431 2.155757 -0.000000
v 0.463461 2.155440 0.004313
v 0.463431 2.155757 0.004313
v 0.463461 2.155440 -0.000000
vn -0.9955 -0.0952 -0.0000
vn -0.9955 -0.0948 -0.0000
vn -0.9955 -0.0946 -0.0000
vt -0.000000 23.985630
vt 0.049213 23.981989
vt 0.049213 23.985630
vt -0.000000 23.981989
s 1
usemtl Wood_Floor_Parquet
f 2875/2565/482 2876/2566/482 2877/2567/483
f 2876/2566/482 2875/2565/482 2878/2568/484
o SketchUp.026
v 0.519944 2.155443 0.004313
v 0.519997 2.155757 -0.000000
v 0.519997 2.155757 0.004313
v 0.519944 2.155443 -0.000000
vn 0.9861 -0.1662 -0.0000
vn 0.9860 -0.1665 -0.0000
vn 0.9861 -0.1661 -0.0000
vt -0.049213 25.237009
vt 0.000000 25.240639
vt -0.049213 25.240639
vt 0.000000 25.237009
s 1
usemtl Wood_Floor_Parquet
f 2879/2569/485 2880/2570/486 2881/2571/487
f 2880/2570/486 2879/2569/485 2882/2572/486
o SketchUp.027
v 0.470123 2.164281 0.004313
v 0.471191 2.167208 -0.000000
v 0.471191 2.167208 0.004313
v 0.470123 2.164281 -0.000000
v 0.471191 2.167208 -0.000000
v 0.471261 2.167402 0.004313
v 0.471191 2.167208 0.004313
v 0.471261 2.167402 -0.000000
v 0.469616 2.158529 -0.000000
v 0.469616 2.158529 0.004313
v 0.471261 2.167402 -0.000000
v 0.472101 2.169705 0.004313
v 0.471261 2.167402 0.004313
v 0.472101 2.169705 -0.000000
v 0.469953 2.156615 -0.000000
v 0.469953 2.156615 0.004313
v 0.475416 2.174433 0.004313
v 0.475416 2.174433 -0.000000
v 0.469995 2.156374 0.004313
v 0.469953 2.156615 -0.000000
v 0.469953 2.156615 0.004313
v 0.469995 2.156374 -0.000000
v 0.479841 2.178142 -0.000000
v 0.479841 2.178142 0.004313
v 0.470615 2.152842 -0.000000
v 0.469995 2.156374 0.004313
v 0.470615 2.152842 0.004313
v 0.469995 2.156374 -0.000000
v 0.485076 2.180579 -0.000000
v 0.485076 2.180579 0.004313
v 0.473053 2.147608 -0.000000
v 0.473053 2.147608 0.004313
v 0.489899 2.181427 -0.000000
v 0.489899 2.181427 0.004313
v 0.476685 2.143273 0.004313
v 0.476685 2.143273 -0.000000
v 0.490762 2.181578 -0.000000
v 0.489899 2.181427 0.004313
v 0.489899 2.181427 -0.000000
v 0.490762 2.181578 0.004313
v 0.476762 2.143182 -0.000000
v 0.476685 2.143273 0.004313
v 0.476762 2.143182 0.004313
v 0.476685 2.143273 -0.000000
v 0.491011 2.181556 -0.000000
v 0.491011 2.181556 0.004313
v 0.481489 2.139868 0.004313
v 0.481489 2.139868 -0.000000
v 0.491572 2.181622 -0.000000
v 0.491011 2.181556 0.004313
v 0.491011 2.181556 -0.000000
v 0.491572 2.181622 0.004313
v 0.486914 2.137889 0.004313
v 0.486914 2.137889 -0.000000
v 0.495589 2.181153 -0.000000
v 0.495589 2.181153 0.004313
v 0.492666 2.137383 0.004313
v 0.492666 2.137383 -0.000000
v 0.496514 2.181071 -0.000000
v 0.495589 2.181153 0.004313
v 0.495589 2.181153 -0.000000
v 0.496514 2.181071 0.004313
v 0.498353 2.138382 0.004313
v 0.498353 2.138382 -0.000000
v 0.496621 2.181033 -0.000000
v 0.496621 2.181033 0.004313
v 0.503587 2.140819 0.004313
v 0.503587 2.140819 -0.000000
v 0.501939 2.179093 -0.000000
v 0.496621 2.181033 0.004313
v 0.496621 2.181033 -0.000000
v 0.501939 2.179093 0.004313
v 0.506548 2.143301 0.004313
v 0.506548 2.143301 -0.000000
v 0.506667 2.175779 -0.000000
v 0.506667 2.175779 0.004313
v 0.508012 2.144528 0.004313
v 0.506548 2.143301 -0.000000
v 0.506548 2.143301 0.004313
v 0.508012 2.144528 -0.000000
v 0.510375 2.171353 0.004313
v 0.510375 2.171353 -0.000000
v 0.511327 2.149256 0.004313
v 0.511327 2.149256 -0.000000
v 0.512236 2.167358 0.004313
v 0.512236 2.167358 -0.000000
v 0.513305 2.154680 -0.000000
v 0.513305 2.154680 0.004313
v 0.512236 2.167358 0.004313
v 0.512327 2.167162 -0.000000
v 0.512327 2.167162 0.004313
v 0.512236 2.167358 -0.000000
v 0.513454 2.156371 0.004313
v 0.513454 2.156371 -0.000000
v 0.512327 2.167162 -0.000000
v 0.512813 2.166119 0.004313
v 0.512327 2.167162 0.004313
v 0.512813 2.166119 -0.000000
v 0.513475 2.156615 -0.000000
v 0.513454 2.156371 0.004313
v 0.513475 2.156615 0.004313
v 0.513454 2.156371 -0.000000
v 0.513812 2.160432 0.004313
v 0.513812 2.160432 -0.000000
v 0.513475 2.156615 0.004313
v 0.513475 2.156615 -0.000000
vn 0.9761 -0.2171 -0.0000
vn 0.9395 -0.3424 -0.0000
vn 0.9394 -0.3428 -0.0000
vn 0.9399 -0.3415 -0.0000
vn 0.9399 -0.3414 -0.0000
vn 0.9991 0.0432 -0.0000
vn 0.9991 0.0428 -0.0000
vn 0.9394 -0.3427 -0.0000
vn 0.8867 -0.4623 -0.0000
vn 0.9395 -0.3427 -0.0000
vn 0.9849 0.1731 -0.0000
vn 0.9849 0.1730 -0.0000
vn 0.7369 -0.6760 -0.0000
vn 0.9850 0.1726 -0.0000
vn 0.9850 0.1725 -0.0000
vn 0.5368 -0.8437 -0.0000
vn 0.9539 0.3001 -0.0000
vn 0.9849 0.1729 -0.0000
vn 0.9539 0.3002 -0.0000
vn 0.3002 -0.9539 -0.0000
vn 0.8437 0.5368 -0.0000
vn 0.1732 -0.9849 -0.0000
vn 0.7665 0.6422 -0.0000
vn 0.0431 -0.9991 -0.0000
vn 0.1726 -0.9850 -0.0000
vn 0.0426 -0.9991 -0.0000
vn 0.6759 0.7370 -0.0000
vn 0.7662 0.6426 -0.0000
vn -0.0877 -0.9961 -0.0000
vn -0.0891 -0.9960 -0.0000
vn 0.4623 0.8867 -0.0000
vn 0.0005 -1.0000 -0.0000
vn 0.1164 -0.9932 -0.0000
vn 0.2170 0.9762 -0.0000
vn -0.1160 -0.9933 -0.0000
vn -0.0431 0.9991 -0.0000
vn -0.2140 -0.9768 -0.0000
vn -0.0883 -0.9961 -0.0000
vn -0.0878 -0.9961 -0.0000
vn -0.2173 -0.9761 -0.0000
vn -0.3001 0.9539 -0.0000
vn -0.3367 -0.9416 -0.0000
vn -0.3425 -0.9395 -0.0000
vn -0.5368 0.8437 -0.0000
vn -0.5369 0.8437 -0.0000
vn -0.4623 -0.8867 -0.0000
vn -0.3424 -0.9396 -0.0000
vn -0.3427 -0.9394 -0.0000
vn -0.6424 0.7664 -0.0000
vn -0.6760 -0.7369 -0.0000
vn -0.7369 0.6760 -0.0000
vn -0.6423 0.7664 -0.0000
vn -0.8437 -0.5368 -0.0000
vn -0.8867 0.4623 -0.0000
vn -0.9065 -0.4222 -0.0000
vn -0.9065 -0.4223 -0.0000
vn -0.9762 0.2170 -0.0000
vn -0.9066 -0.4221 -0.0000
vn -0.9064 -0.4224 -0.0000
vn -0.9071 -0.4210 -0.0000
vn -0.9961 0.0878 -0.0000
vn -0.9067 -0.4217 -0.0000
vn -0.9538 -0.3003 -0.0000
vn -0.9067 -0.4219 -0.0000
vn -0.9540 -0.2998 -0.0000
vn -0.9962 0.0875 -0.0000
vn -0.9962 0.0876 -0.0000
vn -0.9991 -0.0429 -0.0000
vn -0.9961 0.0879 -0.0000
vt 0.320385 -0.000000
vt 0.284715 0.049213
vt 0.284715 -0.000000
vt 0.320385 0.049213
vt 0.282340 -0.000000
vt 0.282340 0.049213
vt 0.386453 0.049213
vt 0.386453 -0.000000
vt 0.254316 -0.000000
vt 0.254316 0.049213
vt 0.408626 0.049213
vt 0.408626 -0.000000
vt 0.188248 -0.000000
vt 0.188248 0.049213
vt 0.411444 0.000000
vt 0.411444 0.049213
vt 0.122180 0.049213
vt 0.122180 0.000000
vt 0.452522 0.049213
vt 0.452522 -0.000000
vt 0.056111 0.049213
vt 0.056111 0.000000
vt 0.518590 0.049213
vt 0.518590 -0.000000
vt 0.000000 0.049213
vt 0.000000 0.000000
vt 0.583316 -0.000000
vt 0.583316 0.049213
vt 0.002831 0.049213
vt 0.012788 0.000000
vt 0.012788 0.049213
vt 0.002831 0.000000
vt 0.584658 0.049213
vt 0.584658 -0.000000
vt 0.650727 -0.000000
vt 0.650727 0.049213
vt -0.000000 8.454982
vt -0.049213 8.448545
vt -0.000000 8.448545
vt -0.049213 8.454982
vt 0.716795 -0.000000
vt 0.716795 0.049213
vt -0.000000 -2.733024
vt 0.049213 -2.686881
vt -0.000000 -2.686881
vt 0.049213 -2.733024
vt 0.782864 -0.000000
vt 0.782864 0.049213
vt 0.001284 0.049213
vt 0.011847 -0.000000
vt 0.011847 0.049213
vt 0.001284 0.000000
vt 0.848932 -0.000000
vt 0.848932 0.049213
vt 0.915000 -0.000000
vt 0.915000 0.049213
vt 1.443548 0.049213
vt 1.508332 -0.000000
vt 1.508332 0.049213
vt 1.443548 0.000000
vt 0.959267 0.000000
vt 0.959267 0.049213
vt 1.377479 0.049213
vt 1.377479 0.000000
vt 0.981069 -0.000000
vt 0.981069 0.049213
vt 1.311411 0.000000
vt 1.311411 0.049213
vt 1.047137 0.000000
vt 1.047137 0.049213
vt 1.260911 0.000000
vt 1.260911 0.049213
vt 1.113206 0.049213
vt 1.113206 0.000000
vt 1.258432 0.049213
vt 1.258432 0.000000
vt 1.132561 0.000000
vt 1.132561 0.049213
vt 1.245343 0.000000
vt 1.245343 0.049213
vt 1.135379 0.049213
vt 1.135379 0.000000
vt 1.179274 0.000000
vt 1.179274 0.049213
s 1
usemtl Stone_Brushed_Khaki
f 2883/2573/488 2884/2574/489 2885/2575/490
f 2884/2574/489 2883/2573/488 2886/2576/488
f 2887/2574/491 2888/2577/492 2889/2575/492
f 2888/2577/492 2887/2574/491 2890/2578/491
f 2891/2579/493 2883/2573/488 2892/2580/494
f 2883/2573/488 2891/2579/493 2886/2576/488
f 2893/2578/495 2894/2581/496 2895/2577/497
f 2894/2581/496 2893/2578/495 2896/2582/496
f 2897/2583/498 2892/2580/494 2898/2584/499
f 2892/2580/494 2897/2583/498 2891/2579/493
f 2896/2582/496 2899/2585/500 2894/2581/496
f 2899/2585/500 2896/2582/496 2900/2586/500
f 2901/2587/501 2902/2583/502 2903/2584/501
f 2902/2583/502 2901/2587/501 2904/2588/502
f 2905/2589/503 2899/2585/500 2900/2586/500
f 2899/2585/500 2905/2589/503 2906/2590/503
f 2907/2591/504 2908/2587/505 2909/2592/506
f 2908/2587/505 2907/2591/504 2910/2588/505
f 2911/2593/507 2906/2590/503 2905/2589/503
f 2906/2590/503 2911/2593/507 2912/2594/507
f 2913/2595/508 2909/2592/506 2914/2596/508
f 2909/2592/506 2913/2595/508 2907/2591/504
f 2915/2597/509 2912/2594/507 2911/2593/507
f 2912/2594/507 2915/2597/509 2916/2598/509
f 2917/2599/510 2913/2595/508 2914/2596/508
f 2913/2595/508 2917/2599/510 2918/2600/510
f 2919/2601/511 2920/2602/512 2921/2603/509
f 2920/2602/512 2919/2601/511 2922/2604/513
f 2923/2605/514 2924/2599/515 2925/2606/514
f 2924/2599/515 2923/2605/514 2926/2600/515
f 2927/2597/516 2922/2604/513 2919/2601/511
f 2922/2604/513 2927/2597/516 2928/2598/517
f 2929/2607/518 2923/2605/514 2925/2606/514
f 2923/2605/514 2929/2607/518 2930/2608/518
f 2931/2609/519 2932/2610/520 2933/2611/520
f 2932/2610/520 2931/2609/519 2934/2612/519
f 2935/2613/521 2930/2608/518 2929/2607/518
f 2930/2608/518 2935/2613/521 2936/2614/521
f 2937/2615/522 2934/2616/519 2931/2617/519
f 2934/2616/519 2937/2615/522 2938/2618/522
f 2939/2619/523 2936/2614/521 2935/2613/521
f 2936/2614/521 2939/2619/523 2940/2620/523
f 2941/2621/524 2942/2622/525 2943/2623/526
f 2942/2622/525 2941/2621/524 2944/2624/527
f 2945/2625/528 2940/2620/523 2939/2619/523
f 2940/2620/523 2945/2625/528 2946/2626/528
f 2947/2597/529 2944/2624/527 2941/2621/524
f 2944/2624/527 2947/2597/529 2948/2598/530
f 2949/2627/531 2946/2626/528 2945/2625/528
f 2946/2626/528 2949/2627/531 2950/2628/532
f 2951/2629/533 2952/2630/534 2953/2631/535
f 2952/2630/534 2951/2629/533 2954/2632/533
f 2955/2633/536 2950/2628/532 2949/2627/531
f 2950/2628/532 2955/2633/536 2956/2634/536
f 2957/2635/537 2954/2632/533 2951/2629/533
f 2954/2632/533 2957/2635/537 2958/2636/537
f 2959/2637/538 2960/2634/539 2961/2633/539
f 2960/2634/539 2959/2637/538 2962/2638/538
f 2957/2635/537 2963/2639/540 2958/2636/537
f 2963/2639/540 2957/2635/537 2964/2640/540
f 2965/2641/541 2962/2638/538 2959/2637/538
f 2962/2638/538 2965/2641/541 2966/2642/541
f 2964/2640/540 2967/2643/542 2963/2639/540
f 2967/2643/542 2964/2640/540 2968/2644/543
f 2969/2645/544 2965/2641/541 2970/2646/544
f 2965/2641/541 2969/2645/544 2966/2642/541
f 2971/2643/545 2972/2647/546 2973/2648/546
f 2972/2647/546 2971/2643/545 2974/2644/547
f 2975/2649/548 2969/2645/544 2970/2646/544
f 2969/2645/544 2975/2649/548 2976/2650/548
f 2977/2647/549 2978/2651/550 2979/2648/551
f 2978/2651/550 2977/2647/549 2980/2652/552
f 2981/2653/553 2982/2649/553 2983/2654/553
f 2982/2649/553 2981/2653/553 2984/2650/554
f 2980/2652/552 2985/2655/555 2978/2651/550
f 2985/2655/555 2980/2652/552 2986/2656/555
f 2986/2656/555 2987/2654/556 2985/2655/555
f 2987/2654/556 2986/2656/555 2988/2653/556
o SketchUp.028
v 0.388197 2.032959 0.004313
v 0.375257 2.032959 -0.000000
v 0.375257 2.032959 0.004313
v 0.388197 2.032959 -0.000000
vn -0.0000 1.0000 -0.0000
vt 4.429227 -0.049213
vt 4.281589 0.000000
vt 4.281589 -0.049213
vt 4.429227 0.000000
s 1
usemtl Wood_Floor_Parquet
f 2989/2657/557 2990/2658/557 2991/2659/557
f 2990/2658/557 2989/2657/557 2992/2660/557
o SketchUp.029
v 2.370331 2.032959 0.007189
v 2.359889 2.032959 -0.000000
v 2.359889 2.032959 0.007189
v 2.370331 2.032959 -0.000000
vn -0.0000 1.0000 -0.0000
vt 27.044849 -0.082021
vt 26.925709 0.000000
vt 26.925709 -0.082021
vt 27.044849 0.000000
s 1
usemtl Wood_Floor_Parquet
f 2993/2661/558 2994/2662/558 2995/2663/558
f 2994/2662/558 2993/2661/558 2996/2664/558
o SketchUp.030
v 2.349824 2.032959 0.007189
v 2.336885 2.032959 -0.000000
v 2.336885 2.032959 0.007189
v 2.349824 2.032959 -0.000000
vn -0.0000 1.0000 -0.0000
vt 26.810879 -0.082021
vt 26.663250 0.000000
vt 26.663250 -0.082021
vt 26.810879 0.000000
s 1
usemtl Wood_Floor_Parquet
f 2997/2665/559 2998/2666/559 2999/2667/559
f 2998/2666/559 2997/2665/559 3000/2668/559
o SketchUp.031
v 0.365193 2.032959 0.004313
v 0.354751 2.032959 -0.000000
v 0.354751 2.032959 0.004313
v 0.365193 2.032959 -0.000000
vn -0.0000 1.0000 -0.0000
vt 4.166760 -0.049213
vt 4.047620 0.000000
vt 4.047620 -0.049213
vt 4.166760 0.000000
s 1
usemtl Wood_Floor_Parquet
f 3001/2669/560 3002/2670/560 3003/2671/560
f 3002/2670/560 3001/2669/560 3004/2672/560
o SketchUp.033
v 0.608171 2.032959 0.004313
v 0.595231 2.032959 -0.000000
v 0.595231 2.032959 0.004313
v 0.608171 2.032959 -0.000000
vn -0.0000 1.0000 -0.0000
vt 6.939070 -0.049213
vt 6.791432 0.000000
vt 6.791432 -0.049213
vt 6.939070 0.000000
s 1
usemtl Wood_Floor_Parquet
f 3005/2673/561 3006/2674/561 3007/2675/561
f 3006/2674/561 3005/2673/561 3008/2676/561
o SketchUp.034
v 0.628677 2.032959 0.004313
v 0.618235 2.032959 -0.000000
v 0.618235 2.032959 0.004313
v 0.628677 2.032959 -0.000000
vn -0.0000 1.0000 -0.0000
vt 7.173039 -0.049213
vt 7.053899 0.000000
vt 7.053899 -0.049213
vt 7.173039 0.000000
s 1
usemtl Wood_Floor_Parquet
f 3009/2677/562 3010/2678/562 3011/2679/562
f 3010/2678/562 3009/2677/562 3012/2680/562
o SketchUp.035
v 2.079171 2.032959 0.007189
v 2.065443 2.032959 -0.000000
v 2.065443 2.032959 0.007189
v 2.079171 2.032959 -0.000000
vn -0.0000 1.0000 -0.0000
vt 23.722790 -0.082021
vt 23.566170 0.000000
vt 23.566170 -0.082021
vt 23.722790 0.000000
s 1
usemtl Wood_Floor_Parquet
f 3013/2681/563 3014/2682/563 3015/2683/563
f 3014/2682/563 3013/2681/563 3016/2684/563
o SketchUp.036
v 2.106847 2.032959 0.008626
v 2.096405 2.032959 -0.000000
v 2.096405 2.032959 0.008626
v 2.106847 2.032959 -0.000000
vn -0.0000 1.0000 -0.0000
vt 24.038568 -0.098425
vt 23.919430 0.000000
vt 23.919430 -0.098425
vt 24.038568 0.000000
s 1
usemtl Wood_Floor_Parquet
f 3017/2685/564 3018/2686/564 3019/2687/564
f 3018/2686/564 3017/2685/564 3020/2688/564
o SketchUp.037
v 2.129851 2.032959 0.007189
v 2.116911 2.032959 -0.000000
v 2.116911 2.032959 0.007189
v 2.129851 2.032959 -0.000000
vn -0.0000 1.0000 -0.0000
vt 24.301039 -0.082021
vt 24.153399 0.000000
vt 24.153399 -0.082021
vt 24.301039 0.000000
s 1
usemtl Wood_Floor_Parquet
f 3021/2689/565 3022/2690/565 3023/2691/565
f 3022/2690/565 3021/2689/565 3024/2692/565
o SketchUp.038
v 0.156326 2.100533 -0.139324
v 0.323789 2.032959 -0.139324
v 0.156326 2.032959 -0.139324
v 0.323789 2.100533 -0.139324
v 0.000000 2.100533 -0.139324
v 0.156326 2.032959 -0.139324
v 0.000000 2.032959 -0.139324
v 0.156326 2.100533 -0.139324
v 0.156326 2.100533 -0.000000
v 0.323789 2.100533 -0.139324
v 0.156326 2.100533 -0.139324
v 0.323789 2.100533 -0.000000
v 0.000000 2.100533 -0.139324
v 0.000000 2.032959 -0.139324
v -0.079463 2.032959 -0.150552
v 0.000000 2.100533 -0.000000
v 0.156326 2.100533 -0.139324
v 0.000000 2.100533 -0.139324
v 0.156326 2.100533 -0.000000
v 0.156326 2.100533 0.004313
v 0.323789 2.100533 -0.000000
v 0.156326 2.100533 -0.000000
v 0.323789 2.100533 0.004313
v 0.000000 2.100533 0.004313
v -0.079463 2.032959 0.022956
v -0.079463 2.032959 0.085237
v -0.079463 2.032959 -0.000000
v 0.000000 2.100533 -0.139324
v -0.079463 2.032959 -0.150552
v 0.000000 2.100533 -0.000000
v 0.156326 2.100533 0.004313
v 0.000000 2.100533 -0.000000
v 0.000000 2.100533 0.004313
v 0.156326 2.100533 -0.000000
v 0.323789 2.100533 0.004313
v 0.156326 2.100533 0.004313
v 0.156326 2.032959 0.085237
v 0.156326 2.032959 0.085237
v 0.000000 2.100533 0.004313
v -0.079463 2.032959 0.085237
v 0.156326 2.100533 0.004313
v -0.079463 2.032959 0.085237
v -0.164289 1.981639 -0.150552
v -0.164289 1.981639 0.136996
v -0.079463 2.032959 -0.150552
v -0.079463 2.032959 0.022956
v -0.079463 2.032959 -0.000000
v 0.323789 2.100533 0.004313
v 0.156326 2.032959 0.085237
v 0.323789 2.032959 0.085195
v 0.156326 1.981639 0.136996
v -0.079463 2.032959 0.085237
v -0.164289 1.981639 0.136996
v 0.156326 2.032959 0.085237
v -0.079463 2.032959 -0.150552
v -0.079463 1.981639 -0.150552
v -0.164289 1.981639 -0.150552
v -0.079463 1.981639 -0.150552
v -0.164289 1.981639 0.136996
v -0.164289 1.981639 -0.150552
v -0.079463 1.981639 0.085237
v 0.156326 1.981639 0.136996
v 0.156326 1.981639 0.085237
v 0.475066 1.981639 0.136996
v 0.156326 2.032959 0.085237
v 0.156326 1.981639 0.136996
vn -0.0000 -0.0000 -1.0000
vn -0.0000 1.0000 -0.0000
vn 0.1399 -0.0000 -0.9902
vn -0.6478 0.7618 -0.0000
vn -0.0000 -0.0000 -0.0000
vn -0.0000 0.7676 0.6410
vn -0.5176 0.8556 -0.0000
vn -1.0000 -0.0000 -0.0000
vn 0.0002 0.7674 0.6411
vn -0.0000 0.7101 0.7041
vn -0.0000 -1.0000 -0.0000
vt -1.337730 17.974899
vt -2.770764 17.396650
vt -1.337730 17.396650
vt -2.770764 17.974899
vt 0.000000 17.974899
vt 0.000000 17.396650
vt 1.337730 0.000000
vt 2.770764 1.192238
vt 1.337730 1.192238
vt 2.770764 0.000000
vt 0.166800 17.974899
vt 0.166800 17.396650
vt 0.853540 17.396650
vt -0.000000 0.000000
vt -0.000000 1.192238
vt 1.337730 -0.036909
vt 2.770764 -0.036909
vt 0.036909 11.644449
vt 0.196442 10.751840
vt 0.729401 10.751840
vt -0.000000 10.751840
vt -1.192238 11.644449
vt -1.288316 10.751840
vt -0.000000 11.644449
vt 0.000000 -0.036909
vt 2.770764 11.492690
vt 1.337730 11.492690
vt 1.337730 10.590520
vt -0.000000 11.492690
vt -0.679986 10.590520
vt 0.729401 8.423416
vt -1.288316 7.575020
vt 1.172314 7.575020
vt -1.288316 8.423416
vt 0.196442 8.423416
vt -0.000000 8.423416
vt 2.770755 11.495680
vt 1.337548 10.593780
vt 2.770582 10.593780
vt 1.337730 11.107210
vt -0.679986 11.730940
vt -1.405872 11.107210
vt 1.337730 11.730940
vt 0.679986 17.396650
vt 0.679986 16.957489
vt 1.405872 16.957489
vt 0.679986 1.288316
vt 1.405872 -1.172314
vt 1.405872 1.288316
vt 0.679986 -0.729401
vt -1.337730 -1.172314
vt -1.337730 -0.729401
vt 4.065282 11.107210
s 1
usemtl Wood_Floor
f 3025/2693/566 3026/2694/566 3027/2695/566
f 3026/2694/566 3025/2693/566 3028/2696/566
f 3029/2697/566 3030/2695/566 3031/2698/566
f 3030/2695/566 3029/2697/566 3032/2693/566
f 3033/2699/567 3034/2700/567 3035/2701/567
f 3034/2700/567 3033/2699/567 3036/2702/567
f 3037/2703/568 3038/2704/568 3039/2705/568
f 3040/2706/567 3041/2701/567 3042/2707/567
f 3041/2701/567 3040/2706/567 3043/2699/567
f 3044/2708/567 3045/2702/567 3046/2699/567
f 3045/2702/567 3044/2708/567 3047/2709/567
f 3048/2710/569 3049/2711/569 3050/2712/569
f 3049/2711/569 3048/2710/569 3051/2713/569
f 3051/2713/569 3052/2714/569 3053/2715/569
f 3052/2714/569 3051/2713/569 3048/2710/569
s 0
f 3052/2714/570 3048/2710/570 3054/2716/570
s 1
f 3055/2708/567 3056/2706/567 3057/2717/567
f 3056/2706/567 3055/2708/567 3058/2699/567
f 3059/2718/571 3060/2719/571 3061/2720/571
f 3062/2720/571 3063/2721/571 3064/2722/571
f 3063/2721/571 3062/2720/571 3065/2719/571
f 3066/2723/572 3067/2724/572 3068/2725/572
f 3067/2724/572 3066/2723/572 3069/2726/572
s 0
f 3069/2726/573 3066/2723/573 3070/2727/573
f 3069/2726/570 3070/2727/570 3071/2728/570
s 1
f 3072/2729/574 3073/2730/574 3074/2731/574
f 3075/2732/575 3076/2733/575 3077/2734/575
f 3076/2733/575 3075/2732/575 3078/2735/575
f 3079/2736/566 3080/2737/566 3081/2738/566
f 3082/2739/576 3083/2740/576 3084/2741/576
f 3083/2740/576 3082/2739/576 3085/2742/576
f 3083/2740/576 3085/2742/576 3086/2743/576
f 3086/2743/576 3085/2742/576 3087/2744/576
f 3088/2745/575 3089/2735/575 3090/2732/575
o SketchUp.039
v 0.337517 2.032959 -0.000000
v 0.323789 2.032959 -0.139324
v 0.323789 2.032959 -0.000000
v 0.659354 2.032959 -0.139324
v 0.354751 2.032959 -0.000000
v 0.365193 2.032959 -0.000000
v 0.375257 2.032959 -0.000000
v 0.388197 2.032959 -0.000000
v 0.491714 2.032959 -0.000000
v 0.595231 2.032959 -0.000000
v 0.608171 2.032959 -0.000000
v 0.618235 2.032959 -0.000000
v 0.628677 2.032959 -0.000000
v 0.645626 2.032959 -0.000000
v 0.659354 2.032959 -0.000000
v 0.323789 2.032959 0.022956
v 0.337517 2.032959 0.004313
v 0.323789 2.032959 0.004313
v 0.659354 2.032959 0.022956
v 0.354751 2.032959 0.004313
v 0.337517 2.032959 -0.000000
v 0.365193 2.032959 0.004313
v 0.375257 2.032959 0.004313
v 0.365193 2.032959 -0.000000
v 0.388197 2.032959 0.004313
v 0.388197 2.032959 -0.000000
v 0.491714 2.032959 -0.000000
v 0.595231 2.032959 0.004313
v 0.608171 2.032959 0.004313
v 0.608171 2.032959 -0.000000
v 0.618235 2.032959 0.004313
v 0.628677 2.032959 0.004313
v 0.628677 2.032959 -0.000000
v 0.645626 2.032959 0.004313
v 0.659354 2.032959 0.004313
v 0.645626 2.032959 -0.000000
v 0.618235 2.032959 -0.000000
v 0.595231 2.032959 -0.000000
v 0.375257 2.032959 -0.000000
v 0.354751 2.032959 -0.000000
v 0.323789 2.032959 0.085195
v 0.659354 2.032959 0.022956
v 0.323789 2.032959 0.022956
v 0.659354 2.032959 0.085112
vn -0.0000 1.0000 -0.0000
vt 3.850981 0.000000
vt 3.694352 1.589650
vt 3.694352 0.000000
vt 7.523059 1.589650
vt 4.047620 0.000000
vt 4.166760 0.000000
vt 4.281589 0.000000
vt 4.429227 0.000000
vt 5.610330 0.000000
vt 6.791432 0.000000
vt 6.939070 0.000000
vt 7.053899 0.000000
vt 7.173039 0.000000
vt 7.366430 0.000000
vt 7.523059 0.000000
vt 3.694352 -0.261923
vt 3.850981 -0.049213
vt 3.694352 -0.049213
vt 7.523059 -0.261923
vt 4.047620 -0.049213
vt 4.166760 -0.049213
vt 4.281589 -0.049213
vt 4.429227 -0.049213
vt 6.791432 -0.049213
vt 6.939070 -0.049213
vt 7.053899 -0.049213
vt 7.173039 -0.049213
vt 7.366430 -0.049213
vt 7.523059 -0.049213
vt 3.694352 -0.972058
vt 7.523059 -0.971103
s 1
usemtl Granite_Brown
f 3091/2746/577 3092/2747/577 3093/2748/577
f 3092/2747/577 3091/2746/577 3094/2749/577
f 3094/2749/577 3091/2746/577 3095/2750/577
f 3094/2749/577 3095/2750/577 3096/2751/577
f 3094/2749/577 3096/2751/577 3097/2752/577
f 3094/2749/577 3097/2752/577 3098/2753/577
f 3094/2749/577 3098/2753/577 3099/2754/577
f 3094/2749/577 3099/2754/577 3100/2755/577
f 3094/2749/577 3100/2755/577 3101/2756/577
f 3094/2749/577 3101/2756/577 3102/2757/577
f 3094/2749/577 3102/2757/577 3103/2758/577
f 3094/2749/577 3103/2758/577 3104/2759/577
f 3094/2749/577 3104/2759/577 3105/2760/577
f 3106/2761/577 3107/2762/577 3108/2763/577
f 3107/2762/577 3106/2761/577 3109/2764/577
f 3107/2762/577 3109/2764/577 3110/2765/577
f 3107/2762/577 3110/2765/577 3111/2746/577
f 3110/2765/577 3109/2764/577 3112/2766/577
f 3112/2766/577 3109/2764/577 3113/2767/577
f 3112/2766/577 3113/2767/577 3114/2751/577
f 3113/2767/577 3109/2764/577 3115/2768/577
f 3115/2768/577 3109/2764/577 3116/2753/577
f 3116/2753/577 3109/2764/577 3117/2754/577
f 3117/2754/577 3109/2764/577 3118/2769/577
f 3118/2769/577 3109/2764/577 3119/2770/577
f 3119/2770/577 3109/2764/577 3120/2756/577
f 3120/2756/577 3109/2764/577 3121/2771/577
f 3121/2771/577 3109/2764/577 3122/2772/577
f 3122/2772/577 3109/2764/577 3123/2758/577
f 3123/2758/577 3109/2764/577 3124/2773/577
f 3124/2773/577 3109/2764/577 3125/2774/577
f 3126/2759/577 3123/2758/577 3124/2773/577
f 3127/2757/577 3120/2756/577 3121/2771/577
f 3128/2755/577 3117/2754/577 3118/2769/577
f 3129/2752/577 3114/2751/577 3113/2767/577
f 3130/2750/577 3111/2746/577 3110/2765/577
f 3131/2775/577 3132/2764/577 3133/2761/577
f 3132/2764/577 3131/2775/577 3134/2776/577
o SketchUp.040
v 0.827102 2.094782 -0.139324
v 1.062891 2.032959 -0.139324
v 0.827102 2.032959 -0.139324
v 1.062891 2.094782 -0.139324
v 0.659354 2.094782 -0.139324
v 0.659354 2.032959 -0.139324
v 0.827102 2.094782 0.004313
v 1.062891 2.094782 -0.139324
v 0.827102 2.094782 -0.139324
v 1.062891 2.094782 0.004313
v 1.062891 2.094782 -0.138023
v 0.659354 2.094782 0.004313
v 0.659354 2.091907 -0.000000
v 0.659354 2.091907 0.004313
v 0.659354 2.094782 -0.139324
v 0.659354 2.032959 -0.000000
v 0.659354 2.032959 -0.139324
v 0.827102 2.094782 0.004313
v 0.659354 2.094782 -0.139324
v 0.659354 2.094782 0.004313
v 0.827102 2.094782 -0.139324
v 1.062891 2.094782 0.004313
v 0.827102 2.091907 0.004313
v 1.062891 2.091907 0.004313
v 0.827102 2.094782 0.004313
v 0.827102 2.091907 0.004313
v 0.659354 2.094782 0.004313
v 0.659354 2.091907 0.004313
v 0.827102 2.094782 0.004313
v 0.827102 2.032959 0.085070
v 1.062891 2.091907 0.004313
v 0.827102 2.091907 0.004313
v 1.062891 2.032959 0.085070
v 0.827102 2.091907 0.004313
v 0.659354 2.091907 0.004313
v 0.659354 2.032959 0.085112
v 0.827102 2.032959 0.085070
v 0.827102 2.091907 0.004313
v 0.659354 2.032959 0.085112
v 0.659354 2.091907 0.004313
v 0.659354 2.032959 0.022956
v 0.659354 2.032959 0.085112
v 0.659354 2.032959 0.004313
vn -0.0000 -0.0000 -1.0000
vn -0.0000 1.0000 -0.0000
vn -0.0000 -0.0000 -0.0000
vn -1.0000 -0.0000 -0.0000
vn -0.0000 -0.0000 1.0000
vn -0.0000 0.8077 0.5896
vn -0.0000 0.8079 0.5894
vn 0.0001 0.8077 0.5896
vt -7.077764 17.925690
vt -9.095481 17.396650
vt -7.077764 17.396650
vt -9.095481 17.925690
vt -5.642294 17.925690
vt -5.642294 17.396650
vt 7.077764 -0.036909
vt 9.095481 1.192238
vt 7.077764 1.192238
vt 9.095481 -0.036909
vt 9.095481 1.181102
vt 0.036909 17.925690
vt -0.000000 17.901079
vt 0.036909 17.901079
vt -1.192238 17.925690
vt -0.000000 17.396650
vt -1.192238 17.396650
vt 5.642294 1.192238
vt 5.642294 -0.036909
vt 9.095481 17.925690
vt 7.077764 17.901079
vt 9.095481 17.901079
vt 7.077764 17.925690
vt 5.642294 17.925690
vt 5.642294 17.901079
vt 7.077764 9.668692
vt 9.095481 10.524270
vt 7.077764 10.524270
vt 9.095481 9.668692
vt 7.077764 10.520700
vt 5.642294 10.520700
vt 5.642294 9.664830
vt 7.077582 9.667266
vt 7.077755 10.522840
vt 5.642113 9.667266
vt 0.196442 17.396650
vt 0.728327 17.396650
vt 0.036909 17.396650
s 1
usemtl Wood_Floor
f 3135/2777/578 3136/2778/578 3137/2779/578
f 3136/2778/578 3135/2777/578 3138/2780/578
f 3139/2781/578 3137/2779/578 3140/2782/578
f 3137/2779/578 3139/2781/578 3135/2777/578
f 3141/2783/579 3142/2784/579 3143/2785/579
f 3142/2784/579 3141/2783/579 3144/2786/579
s 0
f 3142/2784/580 3144/2786/580 3145/2787/580
s 1
f 3146/2788/581 3147/2789/581 3148/2790/581
f 3147/2789/581 3146/2788/581 3149/2791/581
f 3147/2789/581 3149/2791/581 3150/2792/581
f 3150/2792/581 3149/2791/581 3151/2793/581
f 3152/2783/579 3153/2794/579 3154/2795/579
f 3153/2794/579 3152/2783/579 3155/2785/579
f 3156/2796/582 3157/2797/582 3158/2798/582
f 3157/2797/582 3156/2796/582 3159/2799/582
f 3160/2797/582 3161/2800/582 3162/2801/582
f 3161/2800/582 3160/2797/582 3163/2799/582
f 3164/2802/583 3165/2803/583 3166/2804/583
f 3165/2803/583 3164/2802/583 3167/2805/583
f 3168/2806/584 3169/2807/584 3170/2808/584
f 3171/2809/585 3172/2810/585 3173/2811/585
f 3174/2790/581 3175/2812/581 3176/2813/581
f 3175/2812/581 3174/2790/581 3177/2814/581
o SketchUp.041
v 2.079171 2.032959 -0.000000
v 2.065443 2.032959 -0.139324
v 2.065443 2.032959 -0.000000
v 2.401008 2.032959 -0.139324
v 2.096405 2.032959 -0.000000
v 2.106847 2.032959 -0.000000
v 2.116911 2.032959 -0.000000
v 2.129851 2.032959 -0.000000
v 2.336885 2.032959 -0.000000
v 2.349824 2.032959 -0.000000
v 2.359889 2.032959 -0.000000
v 2.370331 2.032959 -0.000000
v 2.387280 2.032959 -0.000000
v 2.401008 2.032959 -0.000000
v 2.401008 2.032959 0.022956
v 2.065443 2.032959 0.007189
v 2.065443 2.032959 0.022956
v 2.096405 2.032959 0.008626
v 2.079171 2.032959 0.007189
v 2.106847 2.032959 0.008626
v 2.116911 2.032959 0.007189
v 2.129851 2.032959 0.007189
v 2.336885 2.032959 0.007189
v 2.349824 2.032959 0.007189
v 2.359889 2.032959 0.007189
v 2.370331 2.032959 0.007189
v 2.387280 2.032959 0.007189
v 2.401008 2.032959 0.007189
v 2.401008 2.032959 0.084677
v 2.065443 2.032959 0.022956
v 2.065443 2.032959 0.084761
v 2.401008 2.032959 0.022956
vn -0.0000 1.0000 -0.0000
vn -0.0005 1.0000 -0.0000
vn -0.0000 1.0000 0.0001
vt 23.722790 -0.000000
vt 23.566170 1.589650
vt 23.566170 -0.000000
vt 27.394869 1.589650
vt 23.919430 -0.000000
vt 24.038568 -0.000000
vt 24.153399 -0.000000
vt 24.301039 -0.000000
vt 26.663250 -0.000000
vt 26.810879 -0.000000
vt 26.925709 -0.000000
vt 27.044849 -0.000000
vt 27.238239 -0.000000
vt 27.394869 -0.000000
vt 27.394869 -0.261923
vt 23.566170 -0.082021
vt 23.566170 -0.261923
vt 23.919430 -0.098425
vt 23.722790 -0.082021
vt 24.038568 -0.098425
vt 24.153399 -0.082021
vt 24.301039 -0.082021
vt 26.663250 -0.082021
vt 26.810879 -0.082021
vt 26.925709 -0.082021
vt 27.044849 -0.082021
vt 27.238239 -0.082021
vt 27.394869 -0.082021
vt 27.394869 -0.966145
vt 23.566170 -0.967100
s 1
usemtl Granite_Brown
f 3178/2815/586 3179/2816/586 3180/2817/586
f 3179/2816/586 3178/2815/586 3181/2818/586
f 3181/2818/586 3178/2815/586 3182/2819/586
f 3181/2818/586 3182/2819/586 3183/2820/586
f 3181/2818/586 3183/2820/586 3184/2821/586
f 3181/2818/586 3184/2821/586 3185/2822/586
f 3181/2818/586 3185/2822/586 3186/2823/586
f 3181/2818/586 3186/2823/586 3187/2824/586
f 3181/2818/586 3187/2824/586 3188/2825/586
f 3181/2818/586 3188/2825/586 3189/2826/586
f 3181/2818/586 3189/2826/586 3190/2827/586
f 3181/2818/586 3190/2827/586 3191/2828/586
f 3192/2829/586 3193/2830/587 3194/2831/586
f 3193/2830/587 3192/2829/586 3195/2832/586
f 3193/2830/587 3195/2832/586 3196/2833/586
f 3196/2833/586 3195/2832/586 3178/2815/586
f 3195/2832/586 3192/2829/586 3197/2834/586
f 3197/2834/586 3192/2829/586 3198/2835/586
f 3197/2834/586 3198/2835/586 3183/2820/586
f 3198/2835/586 3192/2829/586 3199/2836/586
f 3199/2836/586 3192/2829/586 3185/2822/586
f 3185/2822/586 3192/2829/586 3200/2837/586
f 3200/2837/586 3192/2829/586 3201/2838/586
f 3201/2838/586 3192/2829/586 3202/2839/588
f 3201/2838/586 3202/2839/588 3187/2824/586
f 3202/2839/588 3192/2829/586 3203/2840/586
f 3203/2840/586 3192/2829/586 3189/2826/586
f 3189/2826/586 3192/2829/586 3204/2841/586
f 3204/2841/586 3192/2829/586 3205/2842/586
f 3190/2827/586 3189/2826/586 3204/2841/586
f 3188/2825/586 3187/2824/586 3202/2839/588
f 3186/2823/586 3185/2822/586 3200/2837/586
f 3184/2821/586 3183/2820/586 3198/2835/586
f 3182/2819/586 3178/2815/586 3195/2832/586
f 3206/2843/586 3207/2831/586 3208/2844/586
f 3207/2831/586 3206/2843/586 3209/2829/586
o SketchUp.042
v 2.723073 2.091907 -0.000000
v 2.563407 2.091907 -0.139324
v 2.563407 2.091907 -0.000000
v 2.698632 2.091907 -0.139324
v 2.723073 2.091907 -0.139324
v 2.401008 2.091907 -0.139324
v 2.401008 2.091907 -0.000000
v 2.724499 2.091907 0.007189
v 2.563407 2.091907 0.007189
v 2.401008 2.091907 0.007189
v 2.799195 2.032959 0.084637
v 2.563407 2.091907 0.007189
v 2.563407 2.032959 0.084637
v 2.724499 2.091907 0.007189
v 2.563407 2.091907 0.007189
v 2.401008 2.091907 0.007189
v 2.401008 2.032959 0.084677
v 2.563407 2.091907 0.007189
v 2.401008 2.032959 0.084677
v 2.563407 2.032959 0.084637
v 2.799195 1.981639 0.136996
v 2.563407 2.032959 0.084637
v 2.563407 1.981639 0.136996
v 2.799195 2.032959 0.084637
v 2.799195 2.032959 0.084637
v 2.723073 2.091907 -0.139324
v 2.724499 2.091907 0.007189
v 2.225151 1.981639 0.136996
v 2.065443 2.032959 0.084761
v 1.886896 2.032959 0.084805
v 2.401008 2.032959 0.084677
v 2.563407 2.032959 0.084637
v 2.563407 2.032959 0.084637
v 2.225151 1.981639 0.136996
v 2.563407 1.981639 0.136996
v 2.949849 1.981639 -0.150552
v 2.799195 1.981639 0.084637
v 2.799195 1.981639 -0.151152
v 2.799195 1.981639 0.136996
v 2.949849 1.981639 0.136996
v 2.563407 1.981639 0.136996
v 2.563407 1.981639 0.084637
v 2.799195 2.032959 0.084637
v 2.799195 2.032959 -0.151152
v 2.723073 2.091907 -0.139324
v 2.799195 2.032959 0.022956
v 2.799195 2.032959 -0.000000
v 2.799195 2.032959 -0.151152
v 2.949849 1.981639 -0.150552
v 2.799195 1.981639 -0.151152
v 2.949849 1.981639 0.136996
v 2.799195 2.032959 0.022956
v 2.799195 2.032959 0.084637
v 2.799195 2.032959 -0.000000
v 2.799195 2.032959 -0.151152
v 2.949849 1.981639 -0.150552
v 2.723073 2.091907 -0.139324
v 2.799195 2.032959 -0.151152
v 2.723073 2.032959 -0.139324
vn -0.0000 1.0000 -0.0000
vn -0.0000 0.7957 0.6057
vn -0.0000 0.7959 0.6055
vn 0.0001 0.7957 0.6057
vn -0.0000 0.7142 0.7000
vn 0.6234 0.7819 -0.0061
vn 0.0002 0.7136 0.7006
vn -0.0000 -1.0000 -0.0000
vn 0.6123 0.7906 -0.0000
vn -0.0000 -0.0000 -0.0000
vn -1.0000 -0.0000 -0.0000
vn 0.0040 -0.0000 -1.0000
vn 0.3225 0.9466 -0.0000
vn -0.1535 -0.0000 -0.9881
vt 23.302170 0.000000
vt 21.935850 1.192238
vt 21.935850 0.000000
vt 23.093010 1.192238
vt 23.302170 1.192238
vt 20.546150 1.192238
vt 20.546150 0.000000
vt 23.314360 -0.061516
vt 21.935850 -0.061516
vt 20.546150 -0.061516
vt 23.953569 9.959926
vt 21.935850 10.792800
vt 21.935850 9.959926
vt 23.314360 10.792800
vt 21.935850 10.789200
vt 20.546150 10.789200
vt 20.546150 9.956050
vt 21.935829 10.788449
vt 20.545969 9.955571
vt 21.935669 9.955571
vt 23.953569 11.032820
vt 21.935850 11.660210
vt 21.935850 11.032820
vt 23.953569 11.660210
vt -0.957267 -7.878799
vt 0.965479 -7.069609
vt -0.288333 -7.069609
vt 19.041000 11.039849
vt 17.674440 11.666730
vt 16.146559 11.666730
vt 20.545969 11.666730
vt 21.935669 11.666730
vt 19.041290 11.032820
vt -25.242750 1.288316
vt -23.953569 -0.724262
vt -23.953569 1.293454
vt -23.953569 -1.172314
vt -25.242750 -1.172314
vt -21.935850 -1.172314
vt -21.935850 -0.724262
vt -0.724262 -8.287634
vt 1.293454 -8.287634
vt 1.192238 -7.463759
vt -0.196442 -8.287634
vt 0.000000 -8.287634
vt -23.948219 17.396650
vt -25.237410 16.957489
vt -23.948219 16.957489
vt -1.172314 -18.426340
vt -0.196442 -17.064409
vt -0.724262 -17.064409
vt -0.000000 -17.064409
vt 1.293454 -17.064409
vt 1.288316 -18.426340
vt -23.208910 17.901079
vt -23.868130 17.396650
vt -23.208910 17.396650
s 1
usemtl Wood_Floor
f 3210/2845/589 3211/2846/589 3212/2847/589
f 3211/2846/589 3210/2845/589 3213/2848/589
f 3213/2848/589 3210/2845/589 3214/2849/589
f 3212/2847/589 3215/2850/589 3216/2851/589
f 3215/2850/589 3212/2847/589 3211/2846/589
f 3217/2852/589 3212/2847/589 3218/2853/589
f 3212/2847/589 3217/2852/589 3210/2845/589
f 3218/2853/589 3216/2851/589 3219/2854/589
f 3216/2851/589 3218/2853/589 3212/2847/589
f 3220/2855/590 3221/2856/590 3222/2857/590
f 3221/2856/590 3220/2855/590 3223/2858/590
f 3224/2859/591 3225/2860/591 3226/2861/591
f 3227/2862/592 3228/2863/592 3229/2864/592
f 3230/2865/593 3231/2866/593 3232/2867/593
f 3231/2866/593 3230/2865/593 3233/2868/593
f 3234/2869/594 3235/2870/594 3236/2871/594
f 3237/2872/595 3238/2873/595 3239/2874/595
f 3238/2873/595 3237/2872/595 3240/2875/595
f 3240/2875/595 3237/2872/595 3241/2876/595
f 3242/2866/593 3243/2877/593 3244/2867/593
f 3245/2878/596 3246/2879/596 3247/2880/596
f 3246/2879/596 3245/2878/596 3248/2881/596
f 3248/2881/596 3245/2878/596 3249/2882/596
f 3246/2879/596 3250/2883/596 3251/2884/596
f 3250/2883/596 3246/2879/596 3248/2881/596
f 3252/2885/597 3253/2886/597 3254/2887/597
s 0
f 3253/2886/598 3252/2885/598 3255/2888/598
f 3253/2886/599 3255/2888/599 3256/2889/599
s 1
f 3257/2890/600 3258/2891/600 3259/2892/600
f 3260/2893/601 3261/2894/601 3262/2895/601
f 3261/2894/601 3260/2893/601 3263/2896/601
f 3263/2896/601 3260/2893/601 3264/2897/601
f 3264/2897/601 3260/2893/601 3265/2898/601
f 3266/2899/602 3267/2900/602 3268/2901/602
o SketchUp.043
v 1.886896 2.086156 -0.128455
v 1.651107 2.086156 -0.138023
v 1.651107 2.086156 -0.128455
v 2.065443 2.086156 -0.000000
v 1.886896 2.086156 -0.000000
v 1.565722 2.086156 -0.138023
v 2.065443 2.086156 -0.139324
v 1.565183 2.086156 -0.139324
v 1.644104 2.086156 -0.138023
v 2.065443 2.086156 0.007189
v 1.886896 2.086156 -0.000000
v 1.886896 2.086156 0.007189
v 2.065443 2.086156 -0.000000
v 2.065443 2.032959 -0.000000
v 2.065443 2.086156 -0.139324
v 2.065443 2.086156 -0.000000
v 2.065443 2.032959 -0.139324
v 1.565183 2.032959 -0.139324
v 2.065443 2.086156 -0.139324
v 2.065443 2.032959 -0.139324
v 1.565183 2.086156 -0.139324
v 1.886896 2.086156 -0.000000
v 1.651107 2.086156 -0.128455
v 1.651107 2.086156 -0.000000
v 1.886896 2.086156 -0.128455
v 1.886896 2.086156 0.007189
v 1.651107 2.086156 -0.000000
v 1.651107 2.086156 0.007189
v 1.886896 2.086156 -0.000000
v 2.065443 2.086156 0.007189
v 1.886896 2.086156 0.007189
v 2.065443 2.032959 0.084761
v 2.065443 2.086156 0.007189
v 2.065443 2.032959 0.007189
v 1.886896 2.032959 0.085768
v 1.651107 2.086156 0.007189
v 1.651107 2.032959 0.085768
v 1.886896 2.086156 0.007189
v 2.065443 2.032959 0.084761
v 1.886896 2.086156 0.007189
v 1.886896 2.032959 0.085768
v 2.065443 2.032959 0.022956
v 2.065443 2.032959 0.084761
vn -0.0000 1.0000 -0.0000
vn 1.0000 -0.0000 -0.0000
vn -0.0000 -0.0000 -1.0000
vn -0.0000 0.8247 0.5656
vn -0.0000 0.8281 0.5606
vn 0.0032 0.8281 0.5606
vt 16.146740 1.099229
vt 14.129020 1.181102
vt 14.129020 1.099229
vt 17.674620 -0.000000
vt 16.146740 -0.000000
vt 13.398359 1.181102
vt 17.674620 1.192238
vt 13.393740 1.192238
vt 14.069090 1.181102
vt 17.674620 -0.061516
vt 16.146740 -0.061516
vt 0.000000 17.396650
vt 1.192238 17.851870
vt 0.000000 17.851870
vt 1.192238 17.396650
vt -13.393740 17.396650
vt -17.674620 17.851870
vt -17.674620 17.396650
vt -13.393740 17.851870
vt 14.129020 0.000000
vt 14.129020 -0.061516
vt 17.674620 10.045500
vt 16.146740 10.045500
vt 17.674620 9.240603
vt -0.061516 17.851870
vt -0.061516 17.396650
vt 16.146740 9.144753
vt 14.129020 9.956773
vt 14.129020 9.144753
vt 16.146740 9.956773
vt 17.670250 9.069480
vt 16.146139 9.881491
vt 16.142349 9.069480
vt -0.196442 17.396650
vt -0.725325 17.396650
s 1
usemtl Wood_Floor
f 3269/2902/603 3270/2903/603 3271/2904/603
f 3272/2905/603 3269/2902/603 3273/2906/603
f 3274/2907/603 3275/2908/603 3276/2909/603
f 3275/2908/603 3274/2907/603 3277/2910/603
f 3275/2908/603 3277/2910/603 3270/2903/603
f 3275/2908/603 3270/2903/603 3269/2902/603
f 3275/2908/603 3269/2902/603 3272/2905/603
f 3278/2911/603 3279/2906/603 3280/2912/603
f 3279/2906/603 3278/2911/603 3281/2905/603
f 3282/2913/604 3283/2914/604 3284/2915/604
f 3283/2914/604 3282/2913/604 3285/2916/604
f 3286/2917/605 3287/2918/605 3288/2919/605
f 3287/2918/605 3286/2917/605 3289/2920/605
f 3290/2906/603 3291/2904/603 3292/2921/603
f 3291/2904/603 3290/2906/603 3293/2902/603
f 3294/2912/603 3295/2921/603 3296/2922/603
f 3295/2921/603 3294/2912/603 3297/2906/603
f 3298/2923/606 3299/2924/606 3300/2925/606
f 3282/2913/604 3301/2926/604 3302/2927/604
f 3301/2926/604 3282/2913/604 3284/2915/604
f 3303/2928/607 3304/2929/607 3305/2930/607
f 3304/2929/607 3303/2928/607 3306/2931/607
f 3307/2932/608 3308/2933/608 3309/2934/608
f 3310/2935/604 3301/2926/604 3311/2936/604
f 3301/2926/604 3310/2935/604 3302/2927/604
o SketchUp.044
v 1.565722 2.086156 -0.138023
v 1.651107 2.032959 -0.138023
v 1.565722 2.032959 -0.138023
v 1.644104 2.086156 -0.138023
vn -0.0000 -0.0000 -1.0000
vt -17.864470 23.802490
vt -18.838699 23.195539
vt -17.864470 23.195539
vt -18.758789 23.802490
s 1
usemtl Wood_Floor_Parquet
f 3312/2937/609 3313/2938/609 3314/2939/609
f 3313/2938/609 3312/2937/609 3315/2940/609
o SketchUp.046
v 0.827102 1.993405 0.085070
v 0.827102 1.981639 0.136996
v 0.827102 2.032959 0.085070
v 0.827102 1.993367 0.085070
vn -1.0000 -0.0000 -0.0000
vt 0.970625 22.744230
vt 1.563086 22.609989
vt 0.970625 23.195539
vt 0.970625 22.743799
s 1
usemtl Wood_Floor_Parquet
f 3316/2941/610 3317/2942/610 3318/2943/610
f 3319/2944/610 3317/2942/610 3316/2941/610
o SketchUp.047
v 0.475066 1.981639 0.136996
v 0.156326 1.993367 0.085237
v 0.156326 1.981639 0.136996
v 0.156326 2.007479 0.022956
v 0.827102 2.007479 0.022956
v 0.827102 1.981639 0.136996
v 0.827102 1.993405 0.085070
v 0.827102 1.993405 0.085070
v 0.827102 1.981639 0.136996
v 0.827102 2.007479 0.022956
v 0.475066 1.981639 0.136996
v 0.156326 2.007479 0.022956
v 0.156326 1.993367 0.085237
v 0.156326 1.981639 0.136996
v 1.062891 1.981639 0.136996
v 0.827102 1.993405 0.085070
v 0.827102 1.981639 0.136996
v 1.062891 2.007479 0.022956
v 0.827102 2.007479 0.022956
v 1.062891 1.993405 0.085070
v 1.062891 1.993405 0.085070
v 1.062891 1.981639 0.136996
v 1.062891 2.007479 0.022956
v 0.827102 1.993405 0.085070
v 0.827102 2.007479 0.022956
v 0.827102 1.981639 0.136996
v 0.827102 1.981639 0.136996
v 0.475066 1.981639 0.136996
v 0.827102 2.032959 0.085070
v 0.827102 2.032959 0.085070
v 0.475066 1.981639 0.136996
v 0.827102 1.981639 0.136996
v 1.356999 1.981639 0.136996
v 1.062891 1.993405 0.085070
v 1.062891 1.981639 0.136996
v 1.062891 2.007479 0.022956
v 1.651107 2.007479 0.022956
v 1.651107 1.981639 0.136996
v 1.651107 1.993247 0.085768
v 1.651107 1.993247 0.085768
v 1.651107 1.981639 0.136996
v 1.651107 2.007479 0.022956
v 1.356999 1.981639 0.136996
v 1.062891 2.007479 0.022956
v 1.062891 1.993405 0.085070
v 1.062891 1.981639 0.136996
v 1.062891 2.032959 0.085070
v 0.827102 1.981639 0.136996
v 0.827102 2.032959 0.085070
v 1.062891 1.981639 0.136996
v 1.062891 1.981639 0.136996
v 1.062891 2.032959 0.085070
v 0.827102 1.981639 0.136996
v 0.827102 2.032959 0.085070
v 0.323789 2.032959 0.085195
v 0.475066 1.981639 0.136996
v 0.156326 2.032959 0.085237
v 0.659354 2.032959 0.085112
v 0.827102 2.032959 0.085070
v 0.827102 2.032959 0.085070
v 0.659354 2.032959 0.085112
v 0.475066 1.981639 0.136996
v 0.323789 2.032959 0.085195
v 0.156326 2.032959 0.085237
v 1.662708 1.981639 0.136996
v 1.651107 1.993247 0.085768
v 1.651107 1.981639 0.136996
v 1.651107 2.007479 0.022956
v 2.563407 2.007479 0.022956
v 1.886896 1.981639 0.136996
v 2.225151 1.981639 0.136996
v 2.563407 1.981639 0.136996
v 2.563407 1.993503 0.084637
v 2.563407 1.993503 0.084637
v 2.563407 1.981639 0.136996
v 2.563407 2.007479 0.022956
v 2.225151 1.981639 0.136996
v 1.886896 1.981639 0.136996
v 1.662708 1.981639 0.136996
v 1.651107 2.007479 0.022956
v 1.651107 1.993247 0.085768
v 1.651107 1.981639 0.136996
v 1.356999 1.981639 0.136996
v 1.062891 1.981639 0.136996
v 1.062891 2.032959 0.085070
v 1.062891 2.032959 0.085070
v 1.062891 1.981639 0.136996
v 1.356999 1.981639 0.136996
v 1.651107 2.032959 0.085768
v 1.651107 1.981639 0.136996
v 1.356999 1.981639 0.136996
v 1.356999 1.981639 0.136996
v 1.651107 1.981639 0.136996
v 1.651107 2.032959 0.085768
v 1.651107 2.032959 0.085768
v 1.662708 1.981639 0.136996
v 1.651107 1.981639 0.136996
v 1.651107 1.981639 0.136996
v 1.662708 1.981639 0.136996
v 1.651107 2.032959 0.085768
v 1.651107 2.032959 0.085768
v 1.886896 1.981639 0.136996
v 1.662708 1.981639 0.136996
v 1.886896 2.032959 0.085768
v 1.886896 2.032959 0.085768
v 1.651107 2.032959 0.085768
v 1.886896 1.981639 0.136996
v 1.662708 1.981639 0.136996
v 1.886896 2.032959 0.085768
v 2.225151 1.981639 0.136996
v 1.886896 1.981639 0.136996
v 1.886896 1.981639 0.136996
v 2.225151 1.981639 0.136996
v 1.886896 2.032959 0.085768
v 1.651107 2.032959 0.085768
v 1.356999 1.981639 0.136996
v 1.062891 2.032959 0.085070
v 1.062891 2.032959 0.085070
v 1.356999 1.981639 0.136996
v 1.651107 2.032959 0.085768
vn -0.0000 0.9753 0.2210
vn -0.9923 -0.0000 0.1240
vn -0.9702 -0.0000 0.2424
vn -0.0000 -0.7112 -0.7029
vn -0.0001 -0.0001 1.0000
vn -0.0000 -0.0000 1.0000
vn -0.0002 -0.7107 -0.7035
vn -0.0002 -0.7106 -0.7035
vn 0.0001 0.9753 0.2210
vn -0.9702 0.0002 -0.2425
vn -0.9701 -0.0000 -0.2426
vn -0.9702 0.0001 -0.2425
vn -0.0000 -0.7065 -0.7077
vn 0.0008 -0.7089 -0.7053
vn -0.0000 -0.0000 -1.0000
vn -0.0000 0.0001 -1.0000
vn -0.0000 -0.9753 -0.2210
vn -0.0000 0.7112 0.7029
vn -0.0000 1.0000 -0.0000
vn -0.0000 1.0000 0.0001
vn 0.0002 0.7106 0.7035
vn 0.0002 0.7107 0.7035
vn 0.9702 -0.0000 0.2424
vn -0.0001 -0.9753 -0.2210
vn -0.0000 0.7065 0.7077
vn -0.0008 0.7089 0.7053
vt 5.420376 3.471956
vt 1.783640 4.077476
vt 1.783640 3.471956
vt 1.783640 4.806101
vt 9.437019 4.806101
vt 9.437019 3.471956
vt 9.437019 4.079434
vt 12.127310 3.471956
vt 12.127310 4.806101
vt 12.127310 4.079434
vt -9.437019 14.781910
vt -5.420376 14.781910
vt -9.437019 15.614900
vt 15.483001 3.471956
vt 18.838699 4.806101
vt 18.838699 3.471956
vt 18.838699 4.071270
vt -12.127310 15.614900
vt -12.127310 14.781910
vt -3.694109 15.627760
vt -5.419986 14.795480
vt -1.783398 15.627760
vt -7.522817 15.627760
vt -9.436777 15.627760
vt 18.971060 3.471956
vt 29.247799 4.806101
vt 21.528990 3.471956
vt 25.388390 3.471956
vt 29.247799 3.471956
vt 29.247799 4.084502
vt -15.483001 14.781910
vt -18.838699 15.725140
vt -18.838699 14.897790
vt -15.483001 14.897790
vt -18.971060 14.897790
vt -21.528990 14.897790
vt -21.528990 15.725140
vt -25.388390 14.897790
vt -18.839849 15.682930
vt -15.484850 14.852759
vt -12.128449 15.682930
vt 7.077764 3.059576
vt 7.077764 2.603967
vt 7.077764 3.604576
vt 4.065282 2.603967
vt 1.337730 3.604576
vt 1.337730 3.058107
vt 1.337730 2.603967
vt 9.095481 3.059576
vt 9.095481 2.603967
vt 9.095481 3.604576
vt -7.077764 11.711180
vt -4.065282 11.086430
vt -7.077764 11.086430
vt 14.129020 3.053453
vt 14.129020 2.603967
vt 14.129020 3.604576
vt 11.612249 2.603967
vt -9.095481 11.086430
vt -9.095481 11.711180
vt -7.077582 11.720819
vt -5.642113 11.720819
vt -4.064989 11.096610
vt -2.770582 11.720819
vt -1.337548 11.720819
vt 21.935850 3.063376
vt 21.935850 2.603967
vt 21.935850 3.604576
vt 19.041290 2.603967
vt 16.146740 2.603967
vt 14.228300 2.603967
vt -11.612249 11.086430
vt -11.612249 11.173340
vt -14.129020 11.173340
vt -14.129020 11.793850
vt -14.228300 11.173340
vt -16.146740 11.793850
vt -16.146740 11.173340
vt -19.041290 11.173340
vt -9.096338 11.762199
vt -11.613629 11.139569
vt -14.129880 11.762199
s 1
usemtl Wood_Floor
f 3320/2945/611 3321/2946/611 3322/2947/611
f 3321/2946/611 3320/2945/611 3323/2948/611
f 3323/2948/611 3320/2945/611 3324/2949/611
f 3324/2949/611 3320/2945/611 3325/2950/611
f 3324/2949/612 3325/2950/612 3326/2951/612
f 3334/2952/611 3335/2951/611 3336/2950/611
f 3335/2951/611 3337/2953/611 3338/2949/611
f 3337/2953/611 3335/2951/611 3334/2952/611
f 3337/2953/613 3334/2952/613 3339/2954/613
f 3346/2955/614 3347/2956/614 3348/2957/614
f 3352/2958/611 3353/2954/611 3354/2952/611
f 3353/2954/611 3352/2958/611 3355/2953/611
f 3355/2953/611 3352/2958/611 3356/2959/611
f 3356/2959/611 3352/2958/611 3357/2960/611
f 3356/2959/615 3357/2960/616 3358/2961/616
f 3366/2962/614 3367/2955/614 3368/2957/614
f 3367/2955/614 3366/2962/614 3369/2963/614
f 3374/2964/617 3375/2965/617 3376/2966/617
f 3375/2965/617 3374/2964/617 3377/2967/618
f 3375/2965/617 3377/2967/618 3378/2968/618
f 3384/2969/611 3385/2961/619 3386/2960/611
f 3385/2961/619 3384/2969/611 3387/2959/611
f 3387/2959/611 3384/2969/611 3388/2970/611
f 3388/2970/611 3384/2969/611 3389/2971/611
f 3388/2970/611 3389/2971/611 3390/2972/611
f 3388/2970/611 3390/2972/611 3391/2973/611
f 3388/2970/620 3391/2973/621 3392/2974/622
f 3402/2975/614 3403/2963/614 3404/2962/614
f 3408/2976/623 3409/2977/623 3410/2978/623
f 3414/2976/623 3415/2979/623 3416/2977/623
f 3420/2976/623 3421/2980/623 3422/2979/623
f 3421/2980/623 3420/2976/623 3423/2981/623
f 3428/2981/623 3429/2982/623 3430/2980/623
f 3434/2983/624 3435/2984/624 3436/2985/624
f 3327/2986/625 3328/2987/625 3329/2988/626
f 3328/2987/627 3330/2989/627 3329/2988/627
f 3329/2988/627 3330/2989/627 3331/2990/627
f 3331/2990/627 3330/2989/627 3332/2991/627
f 3333/2992/627 3332/2991/627 3330/2989/627
f 3340/2993/625 3341/2994/625 3342/2995/626
f 3341/2994/627 3343/2986/627 3342/2995/627
f 3344/2988/627 3342/2995/627 3343/2986/627
f 3345/2987/627 3343/2986/627 3341/2994/627
f 3349/2996/628 3350/2997/628 3351/2998/628
f 3359/2999/629 3360/3000/630 3361/3001/629
f 3360/3000/627 3362/3002/627 3361/3001/627
f 3361/3001/627 3362/3002/627 3363/2995/627
f 3363/2995/627 3362/3002/627 3364/2993/627
f 3365/2994/627 3364/2993/627 3362/3002/627
f 3370/3003/628 3371/3004/628 3372/2998/628
f 3373/2996/628 3372/2998/628 3371/3004/628
f 3379/3005/631 3380/3006/631 3381/3007/632
f 3380/3006/631 3382/3008/632 3381/3007/632
f 3383/3009/632 3381/3007/632 3382/3008/632
f 3393/3010/633 3394/3011/633 3395/3012/633
f 3394/3011/627 3396/3013/627 3395/3012/627
f 3396/3013/627 3397/3014/627 3395/3012/627
f 3397/3014/627 3398/3015/627 3395/3012/627
f 3395/3012/627 3398/3015/627 3399/3001/627
f 3399/3001/627 3398/3015/627 3400/2999/634
f 3401/3000/627 3400/2999/634 3398/3015/627
f 3405/3004/628 3406/3003/628 3407/3016/628
f 3411/3017/635 3412/3018/635 3413/3019/635
f 3417/3018/635 3418/3020/635 3419/3019/635
f 3424/3021/635 3425/3019/635 3426/3022/635
f 3427/3020/635 3426/3022/635 3425/3019/635
f 3431/3022/635 3432/3023/635 3433/3021/635
f 3437/3024/636 3438/3025/636 3439/3026/636
o SketchUp.048
v 1.062891 2.032959 0.085070
v 1.062891 1.981639 0.136996
v 1.062891 1.993405 0.085070
vn 1.0000 -0.0000 -0.0000
vt -0.970625 23.195539
vt -1.563086 22.609989
vt -0.970625 22.744230
s 1
usemtl Wood_Floor_Parquet
f 3440/3027/637 3441/3028/637 3442/3029/637
o SketchUp.049
v 1.651107 1.993247 0.085768
v 1.651107 1.981639 0.136996
v 1.651107 2.032959 0.085768
vn -1.0000 -0.0000 -0.0000
vt 0.978587 22.742420
vt 1.563086 22.609989
vt 0.978587 23.195539
s 1
usemtl Wood_Floor_Parquet
f 3443/3030/638 3444/3031/638 3445/3032/638
o SketchUp.050
v 2.949849 1.981639 0.136996
v 2.799195 2.032959 0.084637
v 2.799195 1.981639 0.136996
vn -0.0000 0.7142 0.7000
vt 33.657001 14.710429
vt 31.938089 15.546940
vt 31.938089 14.710429
s 1
usemtl Wood_Floor_Parquet
f 3446/3033/639 3447/3034/639 3448/3035/639
o SketchUp.051
v 2.563407 1.993503 0.084637
v 2.563407 1.981639 0.136996
v 2.563407 2.032959 0.084637
v 2.563407 1.981639 0.084637
vn -1.0000 -0.0000 -0.0000
vt 0.965683 22.745350
vt 1.563086 22.609989
vt 0.965683 23.195539
vt 0.965683 22.609989
s 1
usemtl Wood_Floor_Parquet
f 3449/3036/640 3450/3037/640 3451/3038/640
f 3452/3039/640 3450/3037/640 3449/3036/640
o SketchUp.052
v 2.724499 2.091907 0.007189
v 2.723073 2.091907 -0.139324
v 2.723073 2.091907 -0.000000
vn 0.0003 1.0000 -0.0000
vt 31.085819 -0.082021
vt 31.069550 1.589650
vt 31.069550 0.000000
s 1
usemtl Wood_Floor_Parquet
f 3453/3040/641 3454/3041/641 3455/3042/641
o SketchUp.053
v 2.698632 2.032959 -1.685984
v 2.698632 2.586990 -0.929431
v 2.698632 2.562488 -0.912654
v 2.698632 2.057461 -1.702761
v 2.698632 2.057461 -1.702761
v 2.698632 2.032959 -1.685984
v 2.698632 2.586990 -0.929431
v 2.698632 2.562488 -0.912654
v 2.723073 2.057461 -1.702761
v 2.698632 2.586990 -0.929431
v 2.698632 2.057461 -1.702761
v 2.723073 2.586990 -0.929431
v 2.723073 2.586990 -0.929431
v 2.723073 2.057461 -1.702761
v 2.698632 2.586990 -0.929431
v 2.698632 2.057461 -1.702761
v 2.723073 2.032959 -1.741787
v 2.723073 2.057461 -1.702761
v 2.723073 2.032959 -1.685984
v 2.723073 2.586990 -0.929431
v 2.723073 2.598432 -0.912654
v 2.723073 2.562488 -0.912654
v 2.723073 2.562488 -0.912654
v 2.723073 2.598432 -0.912654
v 2.723073 2.586990 -0.929431
v 2.723073 2.057461 -1.702761
v 2.723073 2.032959 -1.741787
v 2.723073 2.032959 -1.685984
v 2.723073 2.598432 -0.912654
v 2.698632 2.562488 -0.912654
v 2.723073 2.562488 -0.912654
v 2.698632 2.598432 -0.912654
v 2.698632 2.598432 -0.912654
v 2.723073 2.598432 -0.912654
v 2.698632 2.562488 -0.912654
v 2.723073 2.562488 -0.912654
vn -1.0000 -0.0000 -0.0000
vn -0.0000 0.8251 -0.5650
vn -0.0000 -0.0000 -1.0000
vn 1.0000 -0.0000 -0.0000
vn -0.0000 -0.8251 0.5650
vn -0.0000 -0.0000 1.0000
vt 19.428059 23.475090
vt 19.236629 23.195539
vt 10.604560 29.516880
vt 10.413139 29.237320
vt 31.069550 7.926587
vt 31.069550 -2.767203
vt 30.790680 7.926587
vt 30.790680 -2.767203
vt 10.413139 29.647429
vt 19.873329 23.195539
vt 30.790680 29.647429
vt 31.069550 29.647429
vt 30.790680 29.237320
vt 31.069550 29.237320
s 1
usemtl Granite_Brown
f 3460/3043/642 3461/3044/642 3462/3045/642
f 3463/3046/642 3462/3045/642 3461/3044/642
f 3468/3047/643 3469/3048/643 3470/3049/643
f 3471/3050/643 3470/3049/643 3469/3048/643
f 3478/3046/642 3479/3051/642 3480/3045/642
f 3481/3043/642 3480/3045/642 3482/3052/642
f 3483/3044/642 3481/3043/642 3482/3052/642
f 3488/3053/644 3489/3054/644 3490/3055/644
f 3491/3056/644 3490/3055/644 3489/3054/644
usemtl Wood_Floor_Parquet
f 3456/3044/645 3457/3045/645 3458/3046/645
f 3457/3045/645 3456/3044/645 3459/3043/645
f 3464/3048/646 3465/3049/646 3466/3050/646
f 3465/3049/646 3464/3048/646 3467/3047/646
f 3472/3052/645 3473/3043/645 3474/3044/645
f 3472/3052/645 3475/3045/645 3473/3043/645
f 3475/3045/645 3476/3051/645 3477/3046/645
f 3484/3054/647 3485/3055/647 3486/3056/647
f 3485/3055/647 3484/3054/647 3487/3053/647
o SketchUp.054
v 2.698632 2.057461 -1.702761
v 2.723073 2.032959 -1.685984
v 2.698632 2.032959 -1.685984
v 2.723073 2.057461 -1.702761
vn -0.0000 -0.5650 -0.8251
vt -30.790680 30.345869
vt -31.069550 30.007059
vt -30.790680 30.007059
vt -31.069550 30.345869
s 1
usemtl Wood_Floor_Parquet
f 3492/3057/648 3493/3058/648 3494/3059/648
f 3493/3058/648 3492/3057/648 3495/3060/648
o SketchUp.055
v 0.003607 2.598432 -0.912654
v 0.000000 2.032959 -0.150552
v 0.000000 2.032959 -0.139324
v 0.000000 2.032959 -0.912654
v 0.000000 2.032959 -1.735616
v 0.000000 2.032959 -1.685984
v 0.000000 2.032959 -1.685984
v 0.000000 2.032959 -1.735616
v 0.000000 2.032959 -0.912654
v 0.003607 2.598432 -0.912654
v 0.000000 2.032959 -0.150552
v 0.000000 2.032959 -0.139324
vn -1.0000 0.0064 -0.0000
vn -0.0000 -0.0000 -0.0000
vn 1.0000 -0.0064 -0.0000
vt -10.413139 29.647079
vt -1.717754 23.195070
vt -1.589650 23.195070
vt -10.413139 23.195070
vt -19.802929 23.195070
vt -19.236629 23.195070
s 1
usemtl Granite_Brown
f 3496/3061/649 3497/3062/649 3498/3063/649
f 3497/3062/649 3496/3061/649 3499/3064/649
f 3499/3064/649 3496/3061/649 3500/3065/649
s 0
f 3499/3064/650 3500/3065/650 3501/3066/650
f 3502/3066/650 3503/3065/650 3504/3064/650
s 1
f 3503/3065/651 3505/3061/651 3504/3064/651
f 3504/3064/651 3505/3061/651 3506/3062/651
f 3507/3063/651 3506/3062/651 3505/3061/651
o SketchUp.056
v 0.051051 2.598432 -0.912432
v 0.047445 2.032959 -0.139103
v 0.047445 2.100533 -0.139103
v 0.047445 2.100533 -0.139103
v 0.047445 2.032959 -0.139103
v 0.051051 2.598432 -0.912432
v 0.003607 2.598432 -0.912654
v 0.047445 2.100533 -0.139103
v 0.000000 2.100533 -0.139324
v 0.051051 2.598432 -0.912432
v 0.051051 2.598432 -0.912432
v 0.003607 2.598432 -0.912654
v 0.047445 2.100533 -0.139103
v 0.000000 2.100533 -0.139324
v 0.003607 2.598432 -0.912654
v 0.000000 2.100533 -0.139324
v 0.000000 2.032959 -0.139324
v 0.000000 2.032959 -0.139324
v 0.000000 2.100533 -0.139324
v 0.003607 2.598432 -0.912654
vn 1.0000 -0.0000 0.0047
vn -0.0025 0.8408 0.5413
vn -1.0000 -0.0000 -0.0047
vn 0.0025 -0.8408 -0.5413
vt -1.589633 23.966539
vt -1.589633 23.195539
vt -10.413219 29.647429
vt -0.533925 24.804729
vt 0.007414 24.804729
vt -0.533925 14.310530
vt 0.007414 14.310530
vt 1.589633 23.195539
vt 1.589633 23.966539
vt 10.413219 29.647429
s 1
usemtl Granite_Brown
f 3511/3067/652 3512/3068/652 3513/3069/652
f 3518/3070/653 3519/3071/653 3520/3072/653
f 3521/3073/653 3520/3072/653 3519/3071/653
f 3525/3074/654 3526/3075/654 3527/3076/654
usemtl Wood_Floor_Parquet
f 3508/3069/654 3509/3068/654 3510/3067/654
f 3514/3071/655 3515/3072/655 3516/3073/655
f 3515/3072/655 3514/3071/655 3517/3070/655
f 3522/3076/652 3523/3075/652 3524/3074/652
o SketchUp.057
v 0.050824 2.562488 -0.912654
v 2.698632 2.032959 -1.685984
v 0.047446 2.032959 -1.685984
v 2.698632 2.562488 -0.912654
vn -0.0000 0.8251 -0.5650
vt -0.434914 5.944940
vt -23.093010 -2.075402
vt -0.406012 -2.075402
vt -23.093010 5.944940
s 1
usemtl Wood_Floor
f 3528/3077/656 3529/3078/656 3530/3079/656
f 3529/3078/656 3528/3077/656 3531/3080/656
o SketchUp.058
v 1.886896 0.926353 -0.000000
v 1.651107 0.909248 -0.000000
v 1.886896 0.909248 -0.000000
v 1.651107 0.926353 -0.000000
v 1.651107 0.909248 -0.000000
v 1.651107 0.957983 0.085768
v 1.651107 0.909248 0.085768
v 1.651107 0.957983 0.018691
v 1.651107 0.957983 -0.000000
v 1.651107 0.926353 -0.000000
v 1.651107 0.957983 0.018691
v 1.519557 0.957983 -0.000000
v 1.519557 0.957983 0.018691
v 1.651107 0.957983 -0.000000
vn -0.0000 -0.0000 1.0000
vn 1.0000 -0.0000 -0.0000
vn -0.0000 1.0000 -0.0000
vt 21.528990 10.569449
vt 18.838699 10.374290
vt 21.528990 10.374290
vt 18.838699 10.569449
vt 0.000000 10.374290
vt -0.978587 10.930340
vt -0.978587 10.374290
vt -0.213255 10.930340
vt -0.000000 10.930340
vt 0.000000 10.569449
vt 18.838699 -0.213255
vt 17.337749 0.000000
vt 17.337749 -0.213255
vt 18.838699 -0.000000
s 1
usemtl Wood_Floor_Parquet
f 3532/3081/657 3533/3082/657 3534/3083/657
f 3533/3082/657 3532/3081/657 3535/3084/657
f 3536/3085/658 3537/3086/658 3538/3087/658
f 3537/3086/658 3536/3085/658 3539/3088/658
f 3539/3088/658 3536/3085/658 3540/3089/658
s 0
f 3540/3089/657 3536/3085/657 3541/3090/657
s 1
f 3542/3091/659 3543/3092/659 3544/3093/659
f 3543/3092/659 3542/3091/659 3545/3094/659
o SketchUp.059
v 2.563407 0.963735 -0.000000
v 2.563407 0.909248 0.084637
v 2.563407 0.963735 0.084637
v 2.563407 0.909248 -0.000000
vn -1.0000 -0.0000 -0.0000
vt 0.000000 10.995959
vt 0.965683 10.374290
vt 0.965683 10.995959
vt -0.000000 10.374290
s 1
usemtl Wood_Floor_Parquet
f 3546/3095/660 3547/3096/660 3548/3097/660
f 3547/3096/660 3546/3095/660 3549/3098/660
o SketchUp.060
v 1.062891 0.926353 -0.000000
v 1.062891 0.957983 0.027317
v 1.062891 0.926353 0.027317
v 1.062891 0.957983 0.024442
v 1.062891 0.957983 -0.000000
v 1.062891 1.214674 0.024442
v 1.062891 1.214674 0.020128
v 1.062891 1.244513 0.020128
v 1.062891 1.254558 0.020128
v 1.062891 1.283104 0.020128
v 1.062891 1.294368 0.020128
v 1.062891 1.321723 0.020128
v 1.062891 1.331226 0.020128
v 1.062891 1.359112 0.020128
v 1.062891 1.359112 -0.030192
v 1.062891 0.957983 -0.030192
v 1.062891 1.331226 0.027317
v 1.062891 1.321723 0.027317
v 1.062891 1.294368 0.025879
v 1.062891 1.283104 0.025879
v 1.062891 1.254558 0.024442
v 1.062891 1.244513 0.024442
v 1.195163 0.957983 0.024442
v 1.062891 0.957983 -0.000000
v 1.062891 0.957983 0.024442
v 1.195163 0.957983 -0.000000
vn 1.0000 -0.0000 -0.0000
vn -0.0000 1.0000 -0.0000
vt 0.000000 10.569449
vt -0.311680 10.930340
vt -0.311680 10.569449
vt -0.278871 10.930340
vt -0.000000 10.930340
vt -0.278871 13.859119
vt -0.229659 13.859119
vt -0.229659 14.199570
vt -0.229659 14.314179
vt -0.229659 14.639879
vt -0.229659 14.768390
vt -0.229659 15.080509
vt -0.229659 15.188940
vt -0.229659 15.507110
vt 0.344488 15.507110
vt 0.344488 10.930340
vt -0.311680 15.188940
vt -0.311680 15.080509
vt -0.295276 14.768390
vt -0.295276 14.639879
vt -0.278871 14.314179
vt -0.278871 14.199570
vt 13.636490 -0.278871
vt 12.127310 -0.000000
vt 12.127310 -0.278871
vt 13.636490 0.000000
s 1
usemtl Wood_Floor_Parquet
f 3550/3099/661 3551/3100/661 3552/3101/661
f 3551/3100/661 3550/3099/661 3553/3102/661
f 3553/3102/661 3550/3099/661 3554/3103/661
f 3554/3103/661 3555/3104/661 3553/3102/661
f 3555/3104/661 3554/3103/661 3556/3105/661
f 3556/3105/661 3554/3103/661 3557/3106/661
f 3557/3106/661 3554/3103/661 3558/3107/661
f 3558/3107/661 3554/3103/661 3559/3108/661
f 3559/3108/661 3554/3103/661 3560/3109/661
f 3560/3109/661 3554/3103/661 3561/3110/661
f 3561/3110/661 3554/3103/661 3562/3111/661
f 3562/3111/661 3554/3103/661 3563/3112/661
f 3563/3112/661 3554/3103/661 3564/3113/661
f 3564/3113/661 3554/3103/661 3565/3114/661
f 3561/3110/661 3566/3115/661 3567/3116/661
f 3566/3115/661 3561/3110/661 3562/3111/661
f 3559/3108/661 3568/3117/661 3569/3118/661
f 3568/3117/661 3559/3108/661 3560/3109/661
f 3557/3106/661 3570/3119/661 3571/3120/661
f 3570/3119/661 3557/3106/661 3558/3107/661
f 3572/3121/662 3573/3122/662 3574/3123/662
f 3573/3122/662 3572/3121/662 3575/3124/662
o SketchUp.061
v 1.062891 0.926353 -0.000000
v 0.827102 0.909248 -0.000000
v 1.062891 0.909248 -0.000000
v 0.827102 0.926353 -0.000000
v 1.062891 0.957983 0.027317
v 1.062891 0.909248 0.085070
v 1.062891 0.957983 0.085070
v 1.062891 0.926353 0.027317
v 1.062891 0.909248 -0.000000
v 1.062891 0.926353 -0.000000
vn -0.0000 -0.0000 1.0000
vn -1.0000 -0.0000 -0.0000
vt 12.127310 10.569449
vt 9.437019 10.374290
vt 12.127310 10.374290
vt 9.437019 10.569449
vt 0.311680 10.930340
vt 0.970625 10.374290
vt 0.970625 10.930340
vt 0.311680 10.569449
vt -0.000000 10.374290
vt -0.000000 10.569449
s 1
usemtl Wood_Floor_Parquet
f 3576/3125/663 3577/3126/663 3578/3127/663
f 3577/3126/663 3576/3125/663 3579/3128/663
f 3580/3129/664 3581/3130/664 3582/3131/664
f 3581/3130/664 3580/3129/664 3583/3132/664
f 3581/3130/664 3583/3132/664 3584/3133/664
f 3584/3133/664 3583/3132/664 3585/3134/664
o SketchUp.063
v 0.827102 0.909248 -0.000000
v 0.827102 0.909248 0.085070
v 0.827102 0.926353 -0.000000
v 0.827102 0.957983 -0.000000
v 0.827102 0.926353 0.085070
v 0.827102 0.957983 0.085070
vn -1.0000 -0.0000 -0.0000
vt -0.000000 10.374290
vt 0.970625 10.374290
vt -0.000000 10.569449
vt -0.000000 10.930340
vt 0.970625 10.569449
vt 0.970625 10.930340
s 1
usemtl Wood_Floor_Parquet
f 3586/3135/665 3587/3136/665 3588/3137/665
f 3589/3138/665 3590/3139/665 3591/3140/665
f 3590/3139/665 3589/3138/665 3587/3136/665
f 3587/3136/665 3589/3138/665 3588/3137/665
o SketchUp.064
v 1.062891 1.542965 -0.000000
v 0.827102 1.487666 -0.000000
v 1.062891 1.487666 -0.000000
v 0.827102 1.542965 -0.000000
v 1.062891 1.542965 0.039659
v 1.062891 1.487666 0.085070
v 1.062891 1.542965 0.085070
v 1.062891 1.487666 -0.000000
v 1.062891 1.542965 -0.000000
v 0.827102 1.487666 -0.000000
v 0.827102 1.542965 0.085070
v 0.827102 1.487666 0.085070
v 0.827102 1.542965 -0.000000
v 0.827102 1.542965 -0.000000
v 0.156326 1.487666 -0.000000
v 0.827102 1.487666 -0.000000
v 0.156326 1.542965 -0.000000
v 0.776309 1.542965 -0.000000
v 0.644037 1.542965 -0.000000
v 0.556144 1.542965 -0.000000
v 0.423873 1.542965 -0.000000
v 0.319643 1.542965 -0.000000
v 0.200311 1.542965 -0.000000
v 0.187371 1.542965 -0.000000
v 1.195163 1.542965 0.039659
v 1.062891 1.542965 -0.000000
v 1.062891 1.542965 0.039659
v 1.195163 1.542965 -0.000000
v 1.062891 1.542965 -0.000000
v 1.062891 1.799656 0.039659
v 1.062891 1.542965 0.039659
v 1.062891 1.799656 0.035346
v 1.062891 1.829495 0.035346
v 1.062891 1.839540 0.035346
v 1.062891 1.868085 0.035346
v 1.062891 1.879349 0.035346
v 1.062891 1.906705 0.035346
v 1.062891 1.916208 0.035346
v 1.062891 1.944094 0.035346
v 1.062891 1.944094 -0.014975
v 1.062891 1.542965 -0.014975
v 1.062891 1.916208 0.042535
v 1.062891 1.906705 0.042535
v 1.062891 1.879349 0.041097
v 1.062891 1.868085 0.041097
v 1.062891 1.839540 0.039659
v 1.062891 1.829495 0.039659
vn -0.0000 -0.0000 1.0000
vn -1.0000 -0.0000 -0.0000
vn 1.0000 -0.0000 -0.0000
vn -0.0000 -1.0000 -0.0000
vn -0.0000 1.0000 -0.0000
vt 12.127310 17.604830
vt 9.437019 16.973869
vt 12.127310 16.973869
vt 9.437019 17.604830
vt 0.452504 17.604830
vt 0.970625 16.973869
vt 0.970625 17.604830
vt -0.000000 16.973869
vt -0.000000 17.604830
vt -0.970625 17.604830
vt -0.970625 16.973869
vt 1.783640 16.973869
vt 1.783640 17.604830
vt 8.857483 17.604830
vt 7.348296 17.604830
vt 6.345464 17.604830
vt 4.836277 17.604830
vt 3.647042 17.604830
vt 2.285494 17.604830
vt 2.137856 17.604830
vt 13.636490 -0.452504
vt 12.127310 0.000000
vt 12.127310 -0.452504
vt 13.636490 0.000000
vt -0.452504 20.533600
vt -0.452504 17.604830
vt -0.403291 20.533600
vt -0.403291 20.874060
vt -0.403291 20.988670
vt -0.403291 21.314369
vt -0.403291 21.442879
vt -0.403291 21.755001
vt -0.403291 21.863430
vt -0.403291 22.181599
vt 0.170855 22.181599
vt 0.170855 17.604830
vt -0.485312 21.863430
vt -0.485312 21.755001
vt -0.468908 21.442879
vt -0.468908 21.314369
vt -0.452504 20.988670
vt -0.452504 20.874060
s 1
usemtl Wood_Floor_Parquet
f 3592/3141/666 3593/3142/666 3594/3143/666
f 3593/3142/666 3592/3141/666 3595/3144/666
f 3596/3145/667 3597/3146/667 3598/3147/667
f 3597/3146/667 3596/3145/667 3599/3148/667
f 3599/3148/667 3596/3145/667 3600/3149/667
f 3601/3148/668 3602/3150/668 3603/3151/668
f 3602/3150/668 3601/3148/668 3604/3149/668
f 3605/3144/666 3606/3152/666 3607/3142/666
f 3606/3152/666 3605/3144/666 3608/3153/666
s 0
f 3608/3153/669 3605/3144/669 3609/3154/669
f 3608/3153/669 3609/3154/669 3610/3155/669
f 3608/3153/669 3610/3155/669 3611/3156/669
f 3608/3153/669 3611/3156/669 3612/3157/669
f 3608/3153/670 3612/3157/670 3613/3158/670
f 3608/3153/670 3613/3158/670 3614/3159/670
f 3608/3153/670 3614/3159/670 3615/3160/670
s 1
f 3616/3161/670 3617/3162/670 3618/3163/670
f 3617/3162/670 3616/3161/670 3619/3164/670
f 3620/3149/668 3621/3165/668 3622/3166/668
f 3621/3165/668 3620/3149/668 3623/3167/668
f 3623/3167/668 3620/3149/668 3624/3168/668
f 3624/3168/668 3620/3149/668 3625/3169/668
f 3625/3169/668 3620/3149/668 3626/3170/668
f 3626/3170/668 3620/3149/668 3627/3171/668
f 3627/3171/668 3620/3149/668 3628/3172/668
f 3628/3172/668 3620/3149/668 3629/3173/668
f 3629/3173/668 3620/3149/668 3630/3174/668
f 3630/3174/668 3620/3149/668 3631/3175/668
f 3631/3175/668 3620/3149/668 3632/3176/668
f 3628/3172/668 3633/3177/668 3634/3178/668
f 3633/3177/668 3628/3172/668 3629/3173/668
f 3626/3170/668 3635/3179/668 3636/3180/668
f 3635/3179/668 3626/3170/668 3627/3171/668
f 3624/3168/668 3637/3181/668 3638/3182/668
f 3637/3181/668 3624/3168/668 3625/3169/668
o SketchUp.065
v 1.886896 1.542965 -0.000000
v 1.651107 1.487666 -0.000000
v 1.886896 1.487666 -0.000000
v 1.651107 1.542965 -0.000000
v 1.651829 1.542965 -0.000000
v 2.563407 1.542965 -0.000000
v 1.886896 1.487666 -0.000000
v 2.563407 1.487666 -0.000000
v 1.886896 1.542965 -0.000000
v 2.518965 1.542965 -0.000000
v 2.386694 1.542965 -0.000000
v 2.298801 1.542965 -0.000000
v 2.166529 1.542965 -0.000000
v 2.062299 1.542965 -0.000000
v 1.930028 1.542965 -0.000000
v 1.651107 1.487666 -0.000000
v 1.651107 1.542965 0.085768
v 1.651107 1.487666 0.085768
v 1.651107 1.542965 0.033909
v 1.651107 1.542965 -0.000000
v 1.886896 1.487666 -0.000000
v 1.886896 1.542965 0.085768
v 1.886896 1.487666 0.085768
v 1.886896 1.542965 -0.000000
v 1.651107 1.542965 0.033909
v 1.519557 1.542965 -0.000000
v 1.519557 1.542965 0.033909
v 1.651107 1.542965 -0.000000
vn -0.0000 -0.0000 1.0000
vn -0.0000 1.0000 -0.0000
vn -0.0000 -1.0000 -0.0000
vn 1.0000 -0.0000 -0.0000
vt 21.528990 17.604830
vt 18.838699 16.973869
vt 21.528990 16.973869
vt 18.838699 17.604830
vt 18.846930 17.604830
vt 29.247799 17.604830
vt 29.247799 16.973869
vt 28.740740 17.604830
vt 27.231550 17.604830
vt 26.228720 17.604830
vt 24.719530 17.604830
vt 23.530300 17.604830
vt 22.021109 17.604830
vt 0.000000 16.973869
vt -0.978587 17.604830
vt -0.978587 16.973869
vt -0.386887 17.604830
vt 0.000000 17.604830
vt 18.838699 -0.386887
vt 17.337749 0.000000
vt 17.337749 -0.386887
vt 18.838699 0.000000
s 1
usemtl Wood_Floor_Parquet
f 3639/3183/671 3640/3184/671 3641/3185/671
f 3640/3184/671 3639/3183/671 3642/3186/671
s 0
f 3642/3186/672 3639/3183/672 3643/3187/672
s 1
f 3644/3188/671 3645/3185/671 3646/3189/671
f 3645/3185/671 3644/3188/671 3647/3183/671
s 0
f 3647/3183/673 3644/3188/673 3648/3190/673
f 3647/3183/673 3648/3190/673 3649/3191/673
f 3647/3183/673 3649/3191/673 3650/3192/673
f 3647/3183/673 3650/3192/673 3651/3193/673
f 3647/3183/673 3651/3193/673 3652/3194/673
f 3647/3183/672 3652/3194/672 3653/3195/672
s 1
f 3654/3196/674 3655/3197/674 3656/3198/674
f 3655/3197/674 3654/3196/674 3657/3199/674
f 3657/3199/674 3654/3196/674 3658/3200/674
f 3659/3196/674 3660/3197/674 3661/3198/674
f 3660/3197/674 3659/3196/674 3662/3200/674
f 3663/3201/672 3664/3202/672 3665/3203/672
f 3664/3202/672 3663/3201/672 3666/3204/672
o SketchUp.067
v 0.556144 1.542965 0.024146
v 0.423873 1.542965 -0.000000
v 0.423873 1.542965 0.024146
v 0.556144 1.542965 -0.000000
vn -0.0000 1.0000 -0.0000
vt 6.345464 -0.275498
vt 4.836277 -0.000000
vt 4.836277 -0.275498
vt 6.345464 -0.000000
s 1
usemtl Wood_Floor_Parquet
f 3667/3205/675 3668/3206/675 3669/3207/675
f 3668/3206/675 3667/3205/675 3670/3208/675
o SketchUp.068
v 2.062299 1.542965 0.021672
v 1.930028 1.542965 -0.000000
v 1.930028 1.542965 0.021672
v 2.062299 1.542965 -0.000000
vn -0.0000 1.0000 -0.0000
vt 23.530300 -0.247274
vt 22.021109 0.000000
vt 22.021109 -0.247274
vt 23.530300 0.000000
s 1
usemtl Wood_Floor_Parquet
f 3671/3209/676 3672/3210/676 3673/3211/676
f 3672/3210/676 3671/3209/676 3674/3212/676
o SketchUp.069
v 2.563407 1.487666 -0.000000
v 2.563407 1.542965 0.084637
v 2.563407 1.487666 0.084637
v 2.563407 1.542965 -0.000000
vn 1.0000 -0.0000 -0.0000
vt 0.000000 16.973869
vt -0.965683 17.604830
vt -0.965683 16.973869
vt 0.000000 17.604830
s 1
usemtl Wood_Floor_Parquet
f 3675/3213/677 3676/3214/677 3677/3215/677
f 3676/3214/677 3675/3213/677 3678/3216/677
o SketchUp.070
v 0.861620 1.928885 0.085237
v 1.032710 1.649965 0.085237
v 0.861620 1.649965 0.085237
v 1.032710 1.928885 0.085237
v 1.032710 1.649965 0.085237
v 1.032710 1.928885 0.108241
v 1.032710 1.649965 0.108241
v 1.032710 1.928885 0.085237
v 1.032710 1.649965 0.085237
v 0.861620 1.649965 0.108241
v 0.861620 1.649965 0.085237
v 1.032710 1.649965 0.108241
v 0.861620 1.928885 0.085237
v 0.861620 1.649965 0.108241
v 0.861620 1.928885 0.108241
v 0.861620 1.649965 0.085237
v 1.032710 1.928885 0.108241
v 0.861620 1.928885 0.085237
v 0.861620 1.928885 0.108241
v 1.032710 1.928885 0.085237
vn -0.0000 -0.0000 -1.0000
vn 1.0000 -0.0000 -0.0000
vn -0.0000 -1.0000 -0.0000
vn -1.0000 -0.0000 -0.0000
vn -0.0000 1.0000 -0.0000
vt -9.830855 22.008080
vt -11.782949 18.825670
vt -9.830855 18.825670
vt -11.782949 22.008080
vt -0.972534 18.825670
vt -1.235002 22.008080
vt -1.235002 18.825670
vt -0.972534 22.008080
vt -11.782949 -0.972534
vt -9.830855 -1.235002
vt -9.830855 -0.972534
vt -11.782949 -1.235002
vt 0.972534 22.008080
vt 1.235002 18.825670
vt 1.235002 22.008080
vt 0.972534 18.825670
vt 11.782949 -1.235002
vt 9.830855 -0.972534
vt 9.830855 -1.235002
vt 11.782949 -0.972534
s 1
usemtl Wood_Floor_Parquet
f 3679/3217/678 3680/3218/678 3681/3219/678
f 3680/3218/678 3679/3217/678 3682/3220/678
f 3683/3221/679 3684/3222/679 3685/3223/679
f 3684/3222/679 3683/3221/679 3686/3224/679
f 3687/3225/680 3688/3226/680 3689/3227/680
f 3688/3226/680 3687/3225/680 3690/3228/680
f 3691/3229/681 3692/3230/681 3693/3231/681
f 3692/3230/681 3691/3229/681 3694/3232/681
f 3695/3233/682 3696/3234/682 3697/3235/682
f 3696/3234/682 3695/3233/682 3698/3236/682
o SketchUp.071
v 2.598419 1.930301 0.085768
v 2.766634 1.649965 0.085768
v 2.598419 1.649965 0.085768
v 2.766634 1.930301 0.085768
v 2.598419 1.930301 0.085768
v 2.598419 1.649965 0.107334
v 2.598419 1.930301 0.107334
v 2.598419 1.649965 0.085768
v 2.766634 1.930301 0.107334
v 2.598419 1.930301 0.085768
v 2.598419 1.930301 0.107334
v 2.766634 1.930301 0.085768
v 2.766634 1.649965 0.085768
v 2.766634 1.930301 0.107334
v 2.766634 1.649965 0.107334
v 2.766634 1.930301 0.085768
v 2.766634 1.649965 0.085768
v 2.598419 1.649965 0.107334
v 2.598419 1.649965 0.085768
v 2.766634 1.649965 0.107334
vn -0.0000 -0.0000 -1.0000
vn -1.0000 -0.0000 -0.0000
vn -0.0000 1.0000 -0.0000
vn 1.0000 -0.0000 -0.0000
vn -0.0000 -1.0000 -0.0000
vt -29.647280 22.024229
vt -31.566568 18.825670
vt -29.647280 18.825670
vt -31.566568 22.024229
vt 0.978587 22.024229
vt 1.224650 18.825670
vt 1.224650 22.024229
vt 0.978587 18.825670
vt 31.566568 -1.224650
vt 29.647280 -0.978587
vt 29.647280 -1.224650
vt 31.566568 -0.978587
vt -0.978587 18.825670
vt -1.224650 22.024229
vt -1.224650 18.825670
vt -0.978587 22.024229
vt -31.566568 -0.978587
vt -29.647280 -1.224650
vt -29.647280 -0.978587
vt -31.566568 -1.224650
s 1
usemtl Wood_Floor_Parquet
f 3699/3237/683 3700/3238/683 3701/3239/683
f 3700/3238/683 3699/3237/683 3702/3240/683
f 3703/3241/684 3704/3242/684 3705/3243/684
f 3704/3242/684 3703/3241/684 3706/3244/684
f 3707/3245/685 3708/3246/685 3709/3247/685
f 3708/3246/685 3707/3245/685 3710/3248/685
f 3711/3249/686 3712/3250/686 3713/3251/686
f 3712/3250/686 3711/3249/686 3714/3252/686
f 3715/3253/687 3716/3254/687 3717/3255/687
f 3716/3254/687 3715/3253/687 3718/3256/687
o SketchUp.072
v 2.766634 1.930301 0.107334
v 2.598419 1.649965 0.107334
v 2.766634 1.649965 0.107334
v 2.598419 1.930301 0.107334
vn -0.0000 -0.0000 1.0000
vt 21.044380 14.682819
vt 19.764849 12.550440
vt 21.044380 12.550440
vt 19.764849 14.682819
s 1
usemtl Polished_Concrete_Old
f 3719/3257/688 3720/3258/688 3721/3259/688
f 3720/3258/688 3719/3257/688 3722/3260/688
o SketchUp.073
v 1.854797 1.930301 0.111647
v 1.682268 1.649965 0.111647
v 1.854797 1.649965 0.111647
v 1.682268 1.930301 0.111647
vn -0.0000 -0.0000 1.0000
vt 14.108500 14.682819
vt 12.796160 12.550440
vt 14.108500 12.550440
vt 12.796160 14.682819
s 1
usemtl Polished_Concrete_Old
f 3723/3261/689 3724/3262/689 3725/3263/689
f 3724/3262/689 3723/3261/689 3726/3264/689
o SketchUp.074
v 1.682268 1.930301 0.085768
v 1.682268 1.649965 0.111647
v 1.682268 1.930301 0.111647
v 1.682268 1.649965 0.085768
v 1.854797 1.649965 0.085768
v 1.682268 1.649965 0.111647
v 1.682268 1.649965 0.085768
v 1.854797 1.649965 0.111647
v 1.854797 1.930301 0.111647
v 1.682268 1.930301 0.085768
v 1.682268 1.930301 0.111647
v 1.854797 1.930301 0.085768
v 1.854797 1.649965 0.085768
v 1.854797 1.930301 0.111647
v 1.854797 1.649965 0.111647
v 1.854797 1.930301 0.085768
vn -1.0000 -0.0000 -0.0000
vn -0.0000 -1.0000 -0.0000
vn -0.0000 1.0000 -0.0000
vn 1.0000 -0.0000 -0.0000
vt 0.978587 22.024229
vt 1.273863 18.825670
vt 1.273863 22.024229
vt 0.978587 18.825670
vt -21.162750 -0.978587
vt -19.194239 -1.273863
vt -19.194239 -0.978587
vt -21.162750 -1.273863
vt 21.162750 -1.273863
vt 19.194239 -0.978587
vt 19.194239 -1.273863
vt 21.162750 -0.978587
vt -0.978587 18.825670
vt -1.273863 22.024229
vt -1.273863 18.825670
vt -0.978587 22.024229
s 1
usemtl Wood_Floor_Parquet
f 3727/3265/690 3728/3266/690 3729/3267/690
f 3728/3266/690 3727/3265/690 3730/3268/690
f 3731/3269/691 3732/3270/691 3733/3271/691
f 3732/3270/691 3731/3269/691 3734/3272/691
f 3735/3273/692 3736/3274/692 3737/3275/692
f 3736/3274/692 3735/3273/692 3738/3276/692
f 3739/3277/693 3740/3278/693 3741/3279/693
f 3740/3278/693 3739/3277/693 3742/3280/693
o SketchUp.075
v 1.032710 1.928885 0.108241
v 0.861620 1.649965 0.108241
v 1.032710 1.649965 0.108241
v 0.861620 1.928885 0.108241
vn -0.0000 -0.0000 1.0000
vt 7.855303 14.672050
vt 6.553903 12.550440
vt 7.855303 12.550440
vt 6.553903 14.672050
s 1
usemtl Polished_Concrete_Old
f 3743/3281/694 3744/3282/694 3745/3283/694
f 3744/3282/694 3743/3281/694 3746/3284/694
o SketchUp.076
v 0.050824 2.562488 -0.912654
v 0.000000 2.032959 -0.139324
v 0.000000 2.562488 -0.912654
v 0.156326 2.032959 -0.139324
v 2.698632 2.562488 -0.912654
v 0.323789 2.032959 -0.139324
v 0.659354 2.032959 -0.139324
v 0.827102 2.032959 -0.139324
v 1.062891 2.032959 -0.139324
v 1.148815 2.032959 -0.139324
v 1.565183 2.032959 -0.139324
v 2.065443 2.032959 -0.139324
v 2.401008 2.032959 -0.139324
v 2.563407 2.032959 -0.139324
v 2.698632 2.032959 -0.139324
v 2.698632 2.032959 -0.139324
v 2.698632 2.562488 -0.912654
v 2.563407 2.032959 -0.139324
v 2.401008 2.032959 -0.139324
v 2.065443 2.032959 -0.139324
v 1.565183 2.032959 -0.139324
v 1.148815 2.032959 -0.139324
v 1.062891 2.032959 -0.139324
v 0.827102 2.032959 -0.139324
v 0.659354 2.032959 -0.139324
v 0.323789 2.032959 -0.139324
v 0.156326 2.032959 -0.139324
v 0.050824 2.562488 -0.912654
v 0.000000 2.032959 -0.139324
v 0.000000 2.562488 -0.912654
vn -0.0000 -0.8251 -0.5650
vn -0.0000 0.8251 0.5650
vt -0.579885 25.110439
vt -0.000000 14.416650
vt -0.000000 25.110439
vt -1.783640 14.416650
vt -30.790680 25.110439
vt -3.694352 14.416650
vt -7.523059 14.416650
vt -9.437019 14.416650
vt -12.127310 14.416650
vt -13.107679 14.416650
vt -17.858320 14.416650
vt -23.566170 14.416650
vt -27.394869 14.416650
vt -29.247799 14.416650
vt -30.790680 14.416650
vt -23.093010 10.812490
vt -23.093010 18.832830
vt -21.935850 10.812490
vt -20.546150 10.812490
vt -17.674620 10.812490
vt -13.393740 10.812490
vt -9.830761 10.812490
vt -9.095481 10.812490
vt -7.077764 10.812490
vt -5.642294 10.812490
vt -2.770764 10.812490
vt -1.337730 10.812490
vt -0.434914 18.832830
vt -0.000000 10.812490
vt -0.000000 18.832830
s 1
usemtl Wood_Floor
f 3747/3285/695 3748/3286/695 3749/3287/695
f 3748/3286/695 3747/3285/695 3750/3288/695
f 3750/3288/695 3747/3285/695 3751/3289/695
f 3750/3288/695 3751/3289/695 3752/3290/695
f 3752/3290/695 3751/3289/695 3753/3291/695
f 3753/3291/695 3751/3289/695 3754/3292/695
f 3754/3292/695 3751/3289/695 3755/3293/695
f 3755/3293/695 3751/3289/695 3756/3294/695
f 3756/3294/695 3751/3289/695 3757/3295/695
f 3757/3295/695 3751/3289/695 3758/3296/695
f 3758/3296/695 3751/3289/695 3759/3297/695
f 3759/3297/695 3751/3289/695 3760/3298/695
f 3760/3298/695 3751/3289/695 3761/3299/695
f 3762/3300/696 3763/3301/696 3764/3302/696
f 3764/3302/696 3763/3301/696 3765/3303/696
f 3765/3303/696 3763/3301/696 3766/3304/696
f 3766/3304/696 3763/3301/696 3767/3305/696
f 3767/3305/696 3763/3301/696 3768/3306/696
f 3768/3306/696 3763/3301/696 3769/3307/696
f 3769/3307/696 3763/3301/696 3770/3308/696
f 3770/3308/696 3763/3301/696 3771/3309/696
f 3771/3309/696 3763/3301/696 3772/3310/696
f 3772/3310/696 3763/3301/696 3773/3311/696
f 3763/3301/696 3774/3312/696 3773/3311/696
f 3773/3311/696 3774/3312/696 3775/3313/696
f 3776/3314/696 3775/3313/696 3774/3312/696
o SketchUp.077
v 0.126515 1.928885 0.102490
v -0.047451 1.649965 0.102490
v 0.126515 1.649965 0.102490
v -0.047451 1.928885 0.102490
vn -0.0000 -0.0000 1.0000
vt 0.962336 14.672050
vt -0.360936 12.550440
vt 0.962336 12.550440
vt -0.360936 14.672050
s 1
usemtl Polished_Concrete_Old
f 3777/3315/697 3778/3316/697 3779/3317/697
f 3778/3316/697 3777/3315/697 3780/3318/697
o SketchUp.078
v -0.047451 1.928885 0.085237
v -0.047451 1.649965 0.102490
v -0.047451 1.928885 0.102490
v -0.047451 1.649965 0.085237
v 0.126515 1.649965 0.085237
v -0.047451 1.649965 0.102490
v -0.047451 1.649965 0.085237
v 0.126515 1.649965 0.102490
v 0.126515 1.928885 0.102490
v -0.047451 1.928885 0.085237
v -0.047451 1.928885 0.102490
v 0.126515 1.928885 0.085237
v 0.126515 1.649965 0.085237
v 0.126515 1.928885 0.102490
v 0.126515 1.649965 0.102490
v 0.126515 1.928885 0.085237
vn -1.0000 -0.0000 -0.0000
vn -0.0000 -1.0000 -0.0000
vn -0.0000 1.0000 -0.0000
vn 1.0000 -0.0000 -0.0000
vt 0.972534 22.008080
vt 1.169385 18.825670
vt 1.169385 22.008080
vt 0.972534 18.825670
vt -1.443504 -0.972534
vt 0.541404 -1.169385
vt 0.541404 -0.972534
vt -1.443504 -1.169385
vt 1.443504 -1.169385
vt -0.541404 -0.972534
vt -0.541404 -1.169385
vt 1.443504 -0.972534
vt -0.972534 18.825670
vt -1.169385 22.008080
vt -1.169385 18.825670
vt -0.972534 22.008080
s 1
usemtl Wood_Floor_Parquet
f 3781/3319/698 3782/3320/698 3783/3321/698
f 3782/3320/698 3781/3319/698 3784/3322/698
f 3785/3323/699 3786/3324/699 3787/3325/699
f 3786/3324/699 3785/3323/699 3788/3326/699
f 3789/3327/700 3790/3328/700 3791/3329/700
f 3790/3328/700 3789/3327/700 3792/3330/700
f 3793/3331/701 3794/3332/701 3795/3333/701
f 3794/3332/701 3793/3331/701 3796/3334/701
o SketchUp.079
v 0.325231 1.321723 0.030192
v 0.192959 1.294368 0.030192
v 0.325231 1.294368 0.030192
v 0.192959 1.321723 0.030192
v 0.192959 1.321723 0.030192
v 0.325231 1.321723 0.030192
v 0.192959 1.294368 0.030192
v 0.325231 1.294368 0.030192
vn -0.0000 -0.0000 1.0000
vn -0.0000 -0.0000 -1.0000
s 1
usemtl Translucent_Glass_Blue
f 3797//702 3798//702 3799//702
f 3798//702 3797//702 3800//702
f 3801//703 3802//703 3803//703
f 3804//703 3803//703 3802//703
o SketchUp.080
v 0.325231 1.283104 0.028755
v 0.325231 1.294368 0.033068
v 0.325231 1.283104 0.033068
v 0.325231 1.294368 0.030192
v 0.325231 1.321723 0.030192
v 0.325231 0.957983 -0.000000
v 0.325231 1.214674 0.033068
v 0.325231 0.957983 0.033068
v 0.325231 1.214674 0.030192
v 0.325231 1.244513 0.030192
v 0.325231 1.254558 0.028755
v 0.325231 1.331226 0.028755
v 0.325231 1.359112 0.028755
v 0.325231 1.359112 -0.000000
v 0.325231 1.331226 0.034506
v 0.325231 1.321723 0.034506
v 0.325231 1.254558 0.034506
v 0.325231 1.244513 0.034506
v 0.325231 1.359112 0.028755
v 0.192959 1.359112 -0.000000
v 0.192959 1.359112 0.028755
v 0.325231 1.359112 -0.000000
v 0.325231 1.331226 0.034506
v 0.192959 1.331226 0.028755
v 0.192959 1.331226 0.034506
v 0.325231 1.331226 0.028755
v 0.325231 1.331226 0.034506
v 0.192959 1.321723 0.034506
v 0.325231 1.321723 0.034506
v 0.192959 1.331226 0.034506
v 0.325231 1.321723 0.030192
v 0.192959 1.321723 0.034506
v 0.192959 1.321723 0.030192
v 0.325231 1.321723 0.034506
v 0.325231 1.294368 0.033068
v 0.192959 1.294368 0.030192
v 0.192959 1.294368 0.033068
v 0.325231 1.294368 0.030192
v 0.325231 1.294368 0.033068
v 0.192959 1.283104 0.033068
v 0.325231 1.283104 0.033068
v 0.192959 1.294368 0.033068
v 0.325231 1.283104 0.028755
v 0.192959 1.283104 0.033068
v 0.192959 1.283104 0.028755
v 0.325231 1.283104 0.033068
v 0.325231 1.254558 0.034506
v 0.192959 1.254558 0.028755
v 0.192959 1.254558 0.034506
v 0.325231 1.254558 0.028755
v 0.325231 1.254558 0.034506
v 0.192959 1.244513 0.034506
v 0.325231 1.244513 0.034506
v 0.192959 1.254558 0.034506
v 0.325231 1.244513 0.030192
v 0.192959 1.244513 0.034506
v 0.192959 1.244513 0.030192
v 0.325231 1.244513 0.034506
v 0.325231 1.214674 0.033068
v 0.192959 1.214674 0.030192
v 0.192959 1.214674 0.033068
v 0.325231 1.214674 0.030192
v 0.325231 1.214674 0.033068
v 0.192959 0.957983 0.033068
v 0.325231 0.957983 0.033068
v 0.192959 1.214674 0.033068
v 0.192959 1.254558 0.028755
v 0.192959 1.244513 0.034506
v 0.192959 1.254558 0.034506
v 0.192959 1.244513 0.030192
v 0.192959 1.214674 0.030192
v 0.192959 1.331226 0.028755
v 0.192959 1.321723 0.034506
v 0.192959 1.331226 0.034506
v 0.192959 1.321723 0.030192
v 0.192959 1.294368 0.030192
v 0.192959 1.283104 0.028755
v 0.192959 1.359112 -0.000000
v 0.192959 1.359112 0.028755
v 0.192959 0.957983 0.033068
v 0.192959 1.214674 0.033068
v 0.192959 0.957983 -0.000000
v 0.192959 1.283104 0.033068
v 0.192959 1.294368 0.033068
vn 1.0000 -0.0000 -0.0000
vn -0.0000 1.0000 -0.0000
vn -0.0000 -0.0000 1.0000
vn -0.0000 -1.0000 -0.0000
vn -1.0000 -0.0000 -0.0000
vn -0.0001 1.0000 -0.0000
vt -0.328084 14.639879
vt -0.377297 14.768390
vt -0.377297 14.639879
vt -0.344488 14.768390
vt -0.344488 15.080509
vt 0.000000 10.930340
vt -0.377297 13.859119
vt -0.377297 10.930340
vt -0.344488 13.859119
vt -0.344488 14.199570
vt -0.328084 14.314179
vt -0.328084 15.188940
vt -0.328084 15.507110
vt 0.000000 15.507110
vt -0.393701 15.188940
vt -0.393701 15.080509
vt -0.393701 14.314179
vt -0.393701 14.199570
vt 3.710800 -0.328084
vt 2.201613 0.000000
vt 2.201613 -0.328084
vt 3.710800 0.000000
vt 3.710800 -0.393701
vt 2.201613 -0.393701
vt 3.710800 15.188940
vt 2.201613 15.080509
vt 3.710800 15.080509
vt 2.201613 15.188940
vt -3.710800 -0.344488
vt -2.201613 -0.393701
vt -2.201613 -0.344488
vt -3.710800 -0.393701
vt 3.710800 -0.377297
vt 2.201613 -0.344488
vt 2.201613 -0.377297
vt 3.710800 -0.344488
vt 3.710800 14.768390
vt 2.201613 14.639879
vt 3.710800 14.639879
vt 2.201613 14.768390
vt -3.710800 -0.328084
vt -2.201613 -0.377297
vt -2.201613 -0.328084
vt -3.710800 -0.377297
vt 3.710800 14.314179
vt 2.201613 14.199570
vt 3.710800 14.199570
vt 2.201613 14.314179
vt 3.710800 13.859119
vt 2.201613 10.930340
vt 3.710800 10.930340
vt 2.201613 13.859119
vt 0.328084 14.314179
vt 0.393701 14.199570
vt 0.393701 14.314179
vt 0.344488 14.199570
vt 0.344488 13.859119
vt 0.328084 15.188940
vt 0.393701 15.080509
vt 0.393701 15.188940
vt 0.344488 15.080509
vt 0.344488 14.768390
vt 0.328084 14.639879
vt 0.328084 15.507110
vt 0.377297 10.930340
vt 0.377297 13.859119
vt 0.377297 14.639879
vt 0.377297 14.768390
s 1
usemtl Wood_Floor_Parquet
f 3805/3335/704 3806/3336/704 3807/3337/704
f 3806/3336/704 3805/3335/704 3808/3338/704
f 3808/3338/704 3805/3335/704 3809/3339/704
f 3810/3340/704 3811/3341/704 3812/3342/704
f 3811/3341/704 3810/3340/704 3813/3343/704
f 3813/3343/704 3810/3340/704 3814/3344/704
f 3814/3344/704 3810/3340/704 3815/3345/704
f 3815/3345/704 3810/3340/704 3805/3335/704
f 3805/3335/704 3810/3340/704 3816/3346/704
f 3816/3346/704 3810/3340/704 3817/3347/704
f 3817/3347/704 3810/3340/704 3818/3348/704
f 3809/3339/704 3819/3349/704 3820/3350/704
f 3819/3349/704 3809/3339/704 3816/3346/704
f 3816/3346/704 3809/3339/704 3805/3335/704
f 3814/3344/704 3821/3351/704 3822/3352/704
f 3821/3351/704 3814/3344/704 3815/3345/704
f 3823/3353/705 3824/3354/705 3825/3355/705
f 3824/3354/705 3823/3353/705 3826/3356/705
f 3827/3357/705 3828/3355/705 3829/3358/705
f 3828/3355/705 3827/3357/705 3830/3353/705
f 3831/3359/706 3832/3360/706 3833/3361/706
f 3832/3360/706 3831/3359/706 3834/3362/706
f 3835/3363/707 3836/3364/707 3837/3365/707
f 3836/3364/707 3835/3363/707 3838/3366/707
f 3839/3367/705 3840/3368/705 3841/3369/705
f 3840/3368/705 3839/3367/705 3842/3370/705
f 3843/3371/706 3844/3372/706 3845/3373/706
f 3844/3372/706 3843/3371/706 3846/3374/706
f 3847/3375/707 3848/3376/707 3849/3377/707
f 3848/3376/707 3847/3375/707 3850/3378/707
f 3851/3357/705 3852/3355/705 3853/3358/705
f 3852/3355/705 3851/3357/705 3854/3353/705
f 3855/3379/706 3856/3380/706 3857/3381/706
f 3856/3380/706 3855/3379/706 3858/3382/706
f 3859/3363/707 3860/3364/707 3861/3365/707
f 3860/3364/707 3859/3363/707 3862/3366/707
f 3863/3367/705 3864/3368/705 3865/3369/705
f 3864/3368/705 3863/3367/705 3866/3370/705
f 3867/3383/706 3868/3384/706 3869/3385/706
f 3868/3384/706 3867/3383/706 3870/3386/706
f 3871/3387/708 3872/3388/708 3873/3389/708
f 3872/3388/708 3871/3387/708 3874/3390/708
f 3874/3390/708 3871/3387/708 3875/3391/708
f 3876/3392/708 3877/3393/708 3878/3394/708
f 3877/3393/708 3876/3392/708 3879/3395/708
f 3879/3395/708 3876/3392/708 3880/3396/708
f 3880/3396/708 3876/3392/708 3881/3397/708
s 0
f 3881/3397/705 3876/3392/709 3871/3387/705
s 1
f 3882/3348/708 3876/3392/708 3883/3398/708
f 3875/3391/708 3884/3399/708 3885/3400/708
f 3884/3399/708 3875/3391/708 3886/3340/708
f 3886/3340/708 3875/3391/708 3871/3387/708
f 3886/3340/708 3871/3387/708 3876/3392/708
f 3886/3340/708 3876/3392/708 3882/3348/708
f 3880/3396/708 3887/3401/708 3888/3402/708
f 3887/3401/708 3880/3396/708 3881/3397/708
o SketchUp.081
v 0.325231 1.283104 0.028755
v 0.192959 1.254558 0.028755
v 0.325231 1.254558 0.028755
v 0.192959 1.283104 0.028755
v 0.192959 1.283104 0.028755
v 0.325231 1.283104 0.028755
v 0.192959 1.254558 0.028755
v 0.325231 1.254558 0.028755
vn -0.0000 -0.0000 1.0000
vn -0.0000 -0.0000 -1.0000
s 1
usemtl Translucent_Glass_Blue
f 3889//710 3890//710 3891//710
f 3890//710 3889//710 3892//710
f 3893//711 3894//711 3895//711
f 3896//711 3895//711 3894//711
o SketchUp.082
v 0.325231 1.244513 0.030192
v 0.192959 1.214674 0.030192
v 0.325231 1.214674 0.030192
v 0.192959 1.244513 0.030192
v 0.192959 1.244513 0.030192
v 0.325231 1.244513 0.030192
v 0.192959 1.214674 0.030192
v 0.325231 1.214674 0.030192
vn -0.0000 -0.0000 1.0000
vn -0.0000 -0.0000 -1.0000
s 1
usemtl Translucent_Glass_Blue
f 3897//712 3898//712 3899//712
f 3898//712 3897//712 3900//712
f 3901//713 3902//713 3903//713
f 3904//713 3903//713 3902//713
o SketchUp.083
v 0.325231 1.359112 0.028755
v 0.192959 1.331226 0.028755
v 0.325231 1.331226 0.028755
v 0.192959 1.359112 0.028755
v 0.192959 1.359112 0.028755
v 0.325231 1.359112 0.028755
v 0.192959 1.331226 0.028755
v 0.325231 1.331226 0.028755
vn -0.0000 -0.0000 1.0000
vn -0.0000 -0.0000 -1.0000
s 1
usemtl Translucent_Glass_Blue
f 3905//714 3906//714 3907//714
f 3906//714 3905//714 3908//714
f 3909//715 3910//715 3911//715
f 3912//715 3911//715 3910//715
o SketchUp.084
v 0.561732 1.254558 0.030192
v 0.429461 1.254558 0.025879
v 0.429461 1.254558 0.030192
v 0.561732 1.254558 0.025879
v 0.429461 1.359112 -0.002875
v 0.429461 1.331226 0.025879
v 0.429461 1.359112 0.025879
v 0.429461 1.321723 0.025879
v 0.429461 1.294368 0.025879
v 0.429461 1.283104 0.025879
v 0.429461 1.254558 0.025879
v 0.429461 1.244513 0.024442
v 0.429461 1.214674 0.024442
v 0.429461 0.957983 -0.000000
v 0.429461 0.957983 -0.002875
v 0.429461 0.957983 0.027317
v 0.429461 1.214674 0.027317
v 0.429461 1.244513 0.030192
v 0.429461 1.254558 0.030192
v 0.429461 1.283104 0.031630
v 0.429461 1.294368 0.031630
v 0.429461 1.321723 0.031630
v 0.429461 1.331226 0.031630
v 0.561732 1.254558 0.030192
v 0.429461 1.244513 0.030192
v 0.561732 1.244513 0.030192
v 0.429461 1.254558 0.030192
v 0.561732 1.283104 0.025879
v 0.561732 1.294368 0.031630
v 0.561732 1.283104 0.031630
v 0.561732 1.294368 0.025879
v 0.561732 1.321723 0.025879
v 0.561732 1.244513 0.024442
v 0.561732 1.254558 0.030192
v 0.561732 1.244513 0.030192
v 0.561732 1.254558 0.025879
v 0.561732 0.957983 -0.000000
v 0.561732 1.214674 0.027317
v 0.561732 0.957983 0.027317
v 0.561732 1.214674 0.024442
v 0.561732 1.331226 0.031630
v 0.561732 1.321723 0.031630
v 0.561732 1.331226 0.025879
v 0.561732 1.359112 0.025879
v 0.561732 1.359112 -0.002875
v 0.561732 0.957983 -0.002875
v 0.561732 1.214674 0.027317
v 0.429461 0.957983 0.027317
v 0.561732 0.957983 0.027317
v 0.429461 1.214674 0.027317
v 0.561732 1.214674 0.027317
v 0.429461 1.214674 0.024442
v 0.429461 1.214674 0.027317
v 0.561732 1.214674 0.024442
v 0.561732 1.244513 0.024442
v 0.429461 1.244513 0.030192
v 0.429461 1.244513 0.024442
v 0.561732 1.244513 0.030192
v 0.561732 1.283104 0.025879
v 0.429461 1.283104 0.031630
v 0.429461 1.283104 0.025879
v 0.561732 1.283104 0.031630
v 0.561732 1.294368 0.031630
v 0.429461 1.283104 0.031630
v 0.561732 1.283104 0.031630
v 0.429461 1.294368 0.031630
v 0.561732 1.294368 0.031630
v 0.429461 1.294368 0.025879
v 0.429461 1.294368 0.031630
v 0.561732 1.294368 0.025879
v 0.561732 1.321723 0.025879
v 0.429461 1.321723 0.031630
v 0.429461 1.321723 0.025879
v 0.561732 1.321723 0.031630
v 0.561732 1.331226 0.031630
v 0.429461 1.321723 0.031630
v 0.561732 1.321723 0.031630
v 0.429461 1.331226 0.031630
v 0.561732 1.331226 0.031630
v 0.429461 1.331226 0.025879
v 0.429461 1.331226 0.031630
v 0.561732 1.331226 0.025879
v 0.561732 1.359112 0.025879
v 0.429461 1.359112 -0.002875
v 0.429461 1.359112 0.025879
v 0.561732 1.359112 -0.002875
vn -0.0000 1.0000 -0.0000
vn -1.0000 -0.0000 -0.0000
vn -0.0000 -0.0000 1.0000
vn 1.0000 -0.0000 -0.0000
vn -0.0001 1.0000 -0.0000
vn -0.0000 -1.0000 -0.0000
vt 6.409221 -0.344488
vt 4.900035 -0.295276
vt 4.900035 -0.344488
vt 6.409221 -0.295276
vt -0.032808 15.507110
vt 0.295276 15.188940
vt 0.295276 15.507110
vt 0.295276 15.080509
vt 0.295276 14.768390
vt 0.295276 14.639879
vt 0.295276 14.314179
vt 0.278871 14.199570
vt 0.278871 13.859119
vt -0.000000 10.930340
vt -0.032808 10.930340
vt 0.311680 10.930340
vt 0.311680 13.859119
vt 0.344488 14.199570
vt 0.344488 14.314179
vt 0.360892 14.639879
vt 0.360892 14.768390
vt 0.360892 15.080509
vt 0.360892 15.188940
vt 6.409221 14.314179
vt 4.900035 14.199570
vt 6.409221 14.199570
vt 4.900035 14.314179
vt -0.295276 14.639879
vt -0.360892 14.768390
vt -0.360892 14.639879
vt -0.295276 14.768390
vt -0.295276 15.080509
vt -0.278871 14.199570
vt -0.344488 14.314179
vt -0.344488 14.199570
vt -0.295276 14.314179
vt -0.311680 13.859119
vt -0.311680 10.930340
vt -0.278871 13.859119
vt -0.360892 15.188940
vt -0.360892 15.080509
vt -0.295276 15.188940
vt -0.295276 15.507110
vt 0.032808 15.507110
vt 0.032808 10.930340
vt 6.409221 13.859119
vt 4.900035 10.930340
vt 6.409221 10.930340
vt 4.900035 13.859119
vt 6.409221 -0.311680
vt 4.900035 -0.278871
vt 4.900035 -0.311680
vt 6.409221 -0.278871
vt -6.409221 -0.278871
vt -4.900035 -0.344488
vt -4.900035 -0.278871
vt -6.409221 -0.344488
vt -6.409221 -0.295276
vt -4.900035 -0.360892
vt -4.900035 -0.295276
vt -6.409221 -0.360892
vt 6.409221 14.768390
vt 4.900035 14.639879
vt 6.409221 14.639879
vt 4.900035 14.768390
vt 6.409221 -0.360892
vt 4.900035 -0.360892
vt 6.409221 15.188940
vt 4.900035 15.080509
vt 6.409221 15.080509
vt 4.900035 15.188940
vt 4.900035 0.032808
vt 6.409221 0.032808
s 1
usemtl Wood_Floor_Parquet
f 3913/3403/716 3914/3404/716 3915/3405/716
f 3914/3404/716 3913/3403/716 3916/3406/716
f 3917/3407/717 3918/3408/717 3919/3409/717
f 3918/3408/717 3917/3407/717 3920/3410/717
f 3920/3410/717 3917/3407/717 3921/3411/717
f 3921/3411/717 3917/3407/717 3922/3412/717
f 3922/3412/717 3917/3407/717 3923/3413/717
f 3923/3413/717 3917/3407/717 3924/3414/717
f 3924/3414/717 3917/3407/717 3925/3415/717
f 3925/3415/717 3917/3407/717 3926/3416/717
f 3926/3416/717 3917/3407/717 3927/3417/717
f 3925/3415/717 3928/3418/717 3929/3419/717
f 3928/3418/717 3925/3415/717 3926/3416/717
f 3923/3413/717 3930/3420/717 3931/3421/717
f 3930/3420/717 3923/3413/717 3924/3414/717
f 3921/3411/717 3932/3422/717 3933/3423/717
f 3932/3422/717 3921/3411/717 3922/3412/717
f 3918/3408/717 3934/3424/717 3935/3425/717
f 3934/3424/717 3918/3408/717 3920/3410/717
f 3936/3426/718 3937/3427/718 3938/3428/718
f 3937/3427/718 3936/3426/718 3939/3429/718
f 3940/3430/719 3941/3431/719 3942/3432/719
f 3941/3431/719 3940/3430/719 3943/3433/719
s 0
f 3943/3433/716 3940/3430/716 3944/3434/720
s 1
f 3945/3435/719 3946/3436/719 3947/3437/719
f 3946/3436/719 3945/3435/719 3948/3438/719
f 3948/3438/719 3945/3435/719 3940/3430/719
f 3949/3416/719 3950/3439/719 3951/3440/719
f 3950/3439/719 3949/3416/719 3952/3441/719
f 3952/3441/719 3949/3416/719 3945/3435/719
f 3944/3434/719 3953/3442/719 3954/3443/719
f 3953/3442/719 3944/3434/719 3955/3444/719
s 0
f 3955/3444/716 3944/3434/716 3956/3445/720
s 1
f 3956/3445/719 3944/3434/719 3957/3446/719
f 3957/3446/719 3944/3434/719 3940/3430/719
f 3957/3446/719 3940/3430/719 3945/3435/719
f 3957/3446/719 3945/3435/719 3949/3416/719
f 3957/3446/719 3949/3416/719 3958/3447/719
f 3959/3448/718 3960/3449/718 3961/3450/718
f 3960/3449/718 3959/3448/718 3962/3451/718
f 3963/3452/716 3964/3453/716 3965/3454/716
f 3964/3453/716 3963/3452/716 3966/3455/716
f 3967/3456/721 3968/3457/721 3969/3458/721
f 3968/3457/721 3967/3456/721 3970/3459/721
f 3971/3460/721 3972/3461/721 3973/3462/721
f 3972/3461/721 3971/3460/721 3974/3463/721
f 3975/3464/718 3976/3465/718 3977/3466/718
f 3976/3465/718 3975/3464/718 3978/3467/718
f 3979/3468/716 3980/3404/716 3981/3469/716
f 3980/3404/716 3979/3468/716 3982/3406/716
f 3983/3460/721 3984/3461/721 3985/3462/721
f 3984/3461/721 3983/3460/721 3986/3463/721
f 3987/3470/718 3988/3471/718 3989/3472/718
f 3988/3471/718 3987/3470/718 3990/3473/718
f 3991/3468/716 3992/3404/716 3993/3469/716
f 3992/3404/716 3991/3468/716 3994/3406/716
f 3995/3406/716 3996/3474/716 3997/3404/716
f 3996/3474/716 3995/3406/716 3998/3475/716
o SketchUp.085
v 0.561732 1.359112 0.025879
v 0.429461 1.331226 0.025879
v 0.561732 1.331226 0.025879
v 0.429461 1.359112 0.025879
v 0.429461 1.359112 0.025879
v 0.561732 1.359112 0.025879
v 0.429461 1.331226 0.025879
v 0.561732 1.331226 0.025879
vn -0.0000 -0.0000 1.0000
vn -0.0000 -0.0000 -1.0000
s 1
usemtl Translucent_Glass_Blue
f 3999//722 4000//722 4001//722
f 4000//722 3999//722 4002//722
f 4003//723 4004//723 4005//723
f 4006//723 4005//723 4004//723
o SketchUp.086
v 0.561732 1.244513 0.024442
v 0.429461 1.214674 0.024442
v 0.561732 1.214674 0.024442
v 0.429461 1.244513 0.024442
v 0.429461 1.244513 0.024442
v 0.561732 1.244513 0.024442
v 0.429461 1.214674 0.024442
v 0.561732 1.214674 0.024442
vn -0.0000 -0.0000 1.0000
vn -0.0000 -0.0000 -1.0000
s 1
usemtl Translucent_Glass_Blue
f 4007//724 4008//724 4009//724
f 4008//724 4007//724 4010//724
f 4011//725 4012//725 4013//725
f 4014//725 4013//725 4012//725
o SketchUp.087
v 0.561732 1.283104 0.025879
v 0.429461 1.254558 0.025879
v 0.561732 1.254558 0.025879
v 0.429461 1.283104 0.025879
v 0.429461 1.283104 0.025879
v 0.561732 1.283104 0.025879
v 0.429461 1.254558 0.025879
v 0.561732 1.254558 0.025879
vn -0.0000 -0.0000 1.0000
vn -0.0000 -0.0000 -1.0000
s 1
usemtl Translucent_Glass_Blue
f 4015//726 4016//726 4017//726
f 4016//726 4015//726 4018//726
f 4019//727 4020//727 4021//727
f 4022//727 4021//727 4020//727
o SketchUp.088
v 0.561732 1.321723 0.025879
v 0.429461 1.294368 0.025879
v 0.561732 1.294368 0.025879
v 0.429461 1.321723 0.025879
v 0.429461 1.321723 0.025879
v 0.561732 1.321723 0.025879
v 0.429461 1.294368 0.025879
v 0.561732 1.294368 0.025879
vn -0.0000 -0.0000 1.0000
vn -0.0000 -0.0000 -1.0000
s 1
usemtl Translucent_Glass_Blue
f 4023//728 4024//728 4025//728
f 4024//728 4023//728 4026//728
f 4027//729 4028//729 4029//729
f 4030//729 4029//729 4028//729
o SketchUp.089
v 0.429461 0.957983 -0.000000
v 0.561732 0.957983 -0.002875
v 0.429461 0.957983 -0.002875
v 0.561732 0.957983 -0.000000
vn -0.0000 1.0000 -0.0000
vt 4.900035 0.000000
vt 6.409221 0.032808
vt 4.900035 0.032808
vt 6.409221 0.000000
s 1
usemtl Wood_Floor_Parquet
f 4031/3476/730 4032/3477/730 4033/3478/730
f 4032/3477/730 4031/3476/730 4034/3479/730
o SketchUp.090
v 0.781897 1.244513 0.030192
v 0.649625 1.244513 0.034506
v 0.649625 1.244513 0.030192
v 0.781897 1.244513 0.034506
v 0.781897 0.957983 -0.000000
v 0.781897 1.214674 0.033068
v 0.781897 0.957983 0.033068
v 0.781897 1.214674 0.030192
v 0.781897 1.244513 0.030192
v 0.781897 1.254558 0.030192
v 0.781897 1.283104 0.030192
v 0.781897 1.294368 0.030192
v 0.781897 1.321723 0.030192
v 0.781897 1.331226 0.030192
v 0.781897 1.359112 0.030192
v 0.781897 1.359112 -0.005751
v 0.781897 0.957983 -0.005751
v 0.781897 1.331226 0.034506
v 0.781897 1.321723 0.034506
v 0.781897 1.294368 0.034506
v 0.781897 1.283104 0.034506
v 0.781897 1.254558 0.034506
v 0.781897 1.244513 0.034506
v 0.781897 1.254558 0.034506
v 0.649625 1.244513 0.034506
v 0.781897 1.244513 0.034506
v 0.649625 1.254558 0.034506
v 0.649625 1.359112 -0.005751
v 0.649625 1.331226 0.030192
v 0.649625 1.359112 0.030192
v 0.649625 1.321723 0.030192
v 0.649625 1.294368 0.030192
v 0.649625 1.283104 0.030192
v 0.649625 1.254558 0.030192
v 0.649625 1.244513 0.030192
v 0.649625 1.214674 0.030192
v 0.649625 0.957983 -0.000000
v 0.649625 0.957983 -0.005751
v 0.649625 0.957983 0.033068
v 0.649625 1.214674 0.033068
v 0.649625 1.244513 0.034506
v 0.649625 1.254558 0.034506
v 0.649625 1.283104 0.034506
v 0.649625 1.294368 0.034506
v 0.649625 1.321723 0.034506
v 0.649625 1.331226 0.034506
v 0.781897 1.359112 0.030192
v 0.649625 1.359112 -0.005751
v 0.649625 1.359112 0.030192
v 0.781897 1.359112 -0.005751
v 0.781897 1.331226 0.034506
v 0.649625 1.331226 0.030192
v 0.649625 1.331226 0.034506
v 0.781897 1.331226 0.030192
v 0.781897 1.331226 0.034506
v 0.649625 1.321723 0.034506
v 0.781897 1.321723 0.034506
v 0.649625 1.331226 0.034506
v 0.781897 1.321723 0.030192
v 0.649625 1.321723 0.034506
v 0.649625 1.321723 0.030192
v 0.781897 1.321723 0.034506
v 0.781897 1.294368 0.034506
v 0.649625 1.294368 0.030192
v 0.649625 1.294368 0.034506
v 0.781897 1.294368 0.030192
v 0.781897 1.294368 0.034506
v 0.649625 1.283104 0.034506
v 0.781897 1.283104 0.034506
v 0.649625 1.294368 0.034506
v 0.781897 1.283104 0.030192
v 0.649625 1.283104 0.034506
v 0.649625 1.283104 0.030192
v 0.781897 1.283104 0.034506
v 0.781897 1.254558 0.034506
v 0.649625 1.254558 0.030192
v 0.649625 1.254558 0.034506
v 0.781897 1.254558 0.030192
v 0.781897 1.214674 0.033068
v 0.649625 1.214674 0.030192
v 0.649625 1.214674 0.033068
v 0.781897 1.214674 0.030192
v 0.781897 1.214674 0.033068
v 0.649625 0.957983 0.033068
v 0.781897 0.957983 0.033068
v 0.649625 1.214674 0.033068
vn -0.0000 -1.0000 -0.0000
vn 1.0000 -0.0000 -0.0000
vn -0.0000 -0.0000 1.0000
vn -1.0000 -0.0000 -0.0000
vn -0.0000 1.0000 -0.0000
vt -8.921240 -0.344488
vt -7.412054 -0.393701
vt -7.412054 -0.344488
vt -8.921240 -0.393701
vt 0.000000 10.930340
vt -0.377297 13.859119
vt -0.377297 10.930340
vt -0.344488 13.859119
vt -0.344488 14.199570
vt -0.344488 14.314179
vt -0.344488 14.639879
vt -0.344488 14.768390
vt -0.344488 15.080509
vt -0.344488 15.188940
vt -0.344488 15.507110
vt 0.065617 15.507110
vt 0.065617 10.930340
vt -0.393701 15.188940
vt -0.393701 15.080509
vt -0.393701 14.768390
vt -0.393701 14.639879
vt -0.393701 14.314179
vt -0.393701 14.199570
vt 8.921240 14.314179
vt 7.412054 14.199570
vt 8.921240 14.199570
vt 7.412054 14.314179
vt -0.065617 15.507110
vt 0.344488 15.188940
vt 0.344488 15.507110
vt 0.344488 15.080509
vt 0.344488 14.768390
vt 0.344488 14.639879
vt 0.344488 14.314179
vt 0.344488 14.199570
vt 0.344488 13.859119
vt -0.065617 10.930340
vt 0.377297 10.930340
vt 0.377297 13.859119
vt 0.393701 14.199570
vt 0.393701 14.314179
vt 0.393701 14.639879
vt 0.393701 14.768390
vt 0.393701 15.080509
vt 0.393701 15.188940
vt 8.921240 -0.344488
vt 7.412054 0.065617
vt 7.412054 -0.344488
vt 8.921240 0.065617
vt 8.921240 -0.393701
vt 7.412054 -0.393701
vt 8.921240 15.188940
vt 7.412054 15.080509
vt 8.921240 15.080509
vt 7.412054 15.188940
vt 8.921240 14.768390
vt 7.412054 14.639879
vt 8.921240 14.639879
vt 7.412054 14.768390
vt 8.921240 -0.377297
vt 7.412054 -0.377297
vt 8.921240 13.859119
vt 7.412054 10.930340
vt 8.921240 10.930340
vt 7.412054 13.859119
s 1
usemtl Wood_Floor_Parquet
f 4035/3480/731 4036/3481/731 4037/3482/731
f 4036/3481/731 4035/3480/731 4038/3483/731
f 4039/3484/732 4040/3485/732 4041/3486/732
f 4040/3485/732 4039/3484/732 4042/3487/732
f 4042/3487/732 4039/3484/732 4043/3488/732
f 4043/3488/732 4039/3484/732 4044/3489/732
f 4044/3489/732 4039/3484/732 4045/3490/732
f 4045/3490/732 4039/3484/732 4046/3491/732
f 4046/3491/732 4039/3484/732 4047/3492/732
f 4047/3492/732 4039/3484/732 4048/3493/732
f 4048/3493/732 4039/3484/732 4049/3494/732
f 4049/3494/732 4039/3484/732 4050/3495/732
f 4050/3495/732 4039/3484/732 4051/3496/732
f 4047/3492/732 4052/3497/732 4053/3498/732
f 4052/3497/732 4047/3492/732 4048/3493/732
f 4045/3490/732 4054/3499/732 4055/3500/732
f 4054/3499/732 4045/3490/732 4046/3491/732
f 4043/3488/732 4056/3501/732 4057/3502/732
f 4056/3501/732 4043/3488/732 4044/3489/732
f 4058/3503/733 4059/3504/733 4060/3505/733
f 4059/3504/733 4058/3503/733 4061/3506/733
f 4062/3507/734 4063/3508/734 4064/3509/734
f 4063/3508/734 4062/3507/734 4065/3510/734
f 4065/3510/734 4062/3507/734 4066/3511/734
f 4066/3511/734 4062/3507/734 4067/3512/734
f 4067/3512/734 4062/3507/734 4068/3513/734
f 4068/3513/734 4062/3507/734 4069/3514/734
f 4069/3514/734 4062/3507/734 4070/3515/734
f 4070/3515/734 4062/3507/734 4071/3484/734
f 4071/3484/734 4062/3507/734 4072/3516/734
f 4070/3515/734 4073/3517/734 4074/3518/734
f 4073/3517/734 4070/3515/734 4071/3484/734
f 4068/3513/734 4075/3519/734 4076/3520/734
f 4075/3519/734 4068/3513/734 4069/3514/734
f 4066/3511/734 4077/3521/734 4078/3522/734
f 4077/3521/734 4066/3511/734 4067/3512/734
f 4063/3508/734 4079/3523/734 4080/3524/734
f 4079/3523/734 4063/3508/734 4065/3510/734
f 4081/3525/735 4082/3526/735 4083/3527/735
f 4082/3526/735 4081/3525/735 4084/3528/735
f 4085/3529/735 4086/3527/735 4087/3530/735
f 4086/3527/735 4085/3529/735 4088/3525/735
f 4089/3531/733 4090/3532/733 4091/3533/733
f 4090/3532/733 4089/3531/733 4092/3534/733
f 4093/3480/731 4094/3481/731 4095/3482/731
f 4094/3481/731 4093/3480/731 4096/3483/731
f 4097/3529/735 4098/3527/735 4099/3530/735
f 4098/3527/735 4097/3529/735 4100/3525/735
f 4101/3535/733 4102/3536/733 4103/3537/733
f 4102/3536/733 4101/3535/733 4104/3538/733
f 4105/3480/731 4106/3481/731 4107/3482/731
f 4106/3481/731 4105/3480/731 4108/3483/731
f 4109/3529/735 4110/3527/735 4111/3530/735
f 4110/3527/735 4109/3529/735 4112/3525/735
f 4113/3539/735 4114/3527/735 4115/3540/735
f 4114/3527/735 4113/3539/735 4116/3525/735
f 4117/3541/733 4118/3542/733 4119/3543/733
f 4118/3542/733 4117/3541/733 4120/3544/733
o SketchUp.091
v 0.781897 1.244513 0.030192
v 0.649625 1.214674 0.030192
v 0.781897 1.214674 0.030192
v 0.649625 1.244513 0.030192
v 0.649625 1.244513 0.030192
v 0.781897 1.244513 0.030192
v 0.649625 1.214674 0.030192
v 0.781897 1.214674 0.030192
vn -0.0000 -0.0000 1.0000
vn -0.0000 -0.0000 -1.0000
s 1
usemtl Translucent_Glass_Blue
f 4121//736 4122//736 4123//736
f 4122//736 4121//736 4124//736
f 4125//737 4126//737 4127//737
f 4128//737 4127//737 4126//737
o SketchUp.092
v 0.781897 1.321723 0.030192
v 0.649625 1.294368 0.030192
v 0.781897 1.294368 0.030192
v 0.649625 1.321723 0.030192
v 0.649625 1.321723 0.030192
v 0.781897 1.321723 0.030192
v 0.649625 1.294368 0.030192
v 0.781897 1.294368 0.030192
vn -0.0000 -0.0000 1.0000
vn -0.0000 -0.0000 -1.0000
s 1
usemtl Translucent_Glass_Blue
f 4129//738 4130//738 4131//738
f 4130//738 4129//738 4132//738
f 4133//739 4134//739 4135//739
f 4136//739 4135//739 4134//739
o SketchUp.093
v 0.781897 1.283104 0.030192
v 0.649625 1.254558 0.030192
v 0.781897 1.254558 0.030192
v 0.649625 1.283104 0.030192
v 0.649625 1.283104 0.030192
v 0.781897 1.283104 0.030192
v 0.649625 1.254558 0.030192
v 0.781897 1.254558 0.030192
vn -0.0000 -0.0000 1.0000
vn -0.0000 -0.0000 -1.0000
s 1
usemtl Translucent_Glass_Blue
f 4137//740 4138//740 4139//740
f 4138//740 4137//740 4140//740
f 4141//741 4142//741 4143//741
f 4144//741 4143//741 4142//741
o SketchUp.094
v 0.781897 1.359112 0.030192
v 0.649625 1.331226 0.030192
v 0.781897 1.331226 0.030192
v 0.649625 1.359112 0.030192
v 0.649625 1.359112 0.030192
v 0.781897 1.359112 0.030192
v 0.649625 1.331226 0.030192
v 0.781897 1.331226 0.030192
vn -0.0000 -0.0000 1.0000
vn -0.0000 -0.0000 -1.0000
s 1
usemtl Translucent_Glass_Blue
f 4145//742 4146//742 4147//742
f 4146//742 4145//742 4148//742
f 4149//743 4150//743 4151//743
f 4152//743 4151//743 4150//743
o SketchUp.095
v 0.781897 0.957983 -0.000000
v 0.649625 0.957983 -0.005751
v 0.649625 0.957983 -0.000000
v 0.781897 0.957983 -0.005751
vn -0.0000 1.0000 -0.0000
vt 8.921240 0.000000
vt 7.412054 0.065617
vt 7.412054 0.000000
vt 8.921240 0.065617
s 1
usemtl Wood_Floor_Parquet
f 4153/3545/744 4154/3546/744 4155/3547/744
f 4154/3546/744 4153/3545/744 4156/3548/744
o SketchUp.096
v 1.431664 1.254558 0.021566
v 1.299393 1.244513 0.021566
v 1.431664 1.244513 0.021566
v 1.299393 1.254558 0.021566
v 1.299393 1.359112 -0.033068
v 1.299393 1.331226 0.017253
v 1.299393 1.359112 0.017253
v 1.299393 1.321723 0.017253
v 1.299393 1.294368 0.017253
v 1.299393 1.283104 0.017253
v 1.299393 1.254558 0.017253
v 1.299393 1.244513 0.017253
v 1.299393 1.214674 0.017253
v 1.299393 0.957983 -0.000000
v 1.299393 0.957983 -0.030192
v 1.299393 0.957983 -0.033068
v 1.299393 0.957983 0.021566
v 1.299393 1.214674 0.021566
v 1.299393 1.244513 0.021566
v 1.299393 1.254558 0.021566
v 1.299393 1.283104 0.023004
v 1.299393 1.294368 0.023004
v 1.299393 1.321723 0.024442
v 1.299393 1.331226 0.024442
v 1.431664 1.244513 0.017253
v 1.299393 1.244513 0.021566
v 1.299393 1.244513 0.017253
v 1.431664 1.244513 0.021566
v 1.431664 0.957983 -0.000000
v 1.431664 1.214674 0.021566
v 1.431664 0.957983 0.021566
v 1.431664 1.214674 0.017253
v 1.431664 1.244513 0.017253
v 1.431664 1.254558 0.017253
v 1.431664 1.283104 0.017253
v 1.431664 1.294368 0.017253
v 1.431664 1.321723 0.017253
v 1.431664 1.331226 0.017253
v 1.431664 1.359112 0.017253
v 1.431664 1.359112 -0.033068
v 1.431664 0.957983 -0.030192
v 1.431664 0.957983 -0.033068
v 1.431664 1.331226 0.024442
v 1.431664 1.321723 0.024442
v 1.431664 1.294368 0.023004
v 1.431664 1.283104 0.023004
v 1.431664 1.254558 0.021566
v 1.431664 1.244513 0.021566
v 1.431664 1.254558 0.021566
v 1.299393 1.254558 0.017253
v 1.299393 1.254558 0.021566
v 1.431664 1.254558 0.017253
v 1.431664 1.214674 0.021566
v 1.299393 0.957983 0.021566
v 1.431664 0.957983 0.021566
v 1.299393 1.214674 0.021566
v 1.431664 1.214674 0.021566
v 1.299393 1.214674 0.017253
v 1.299393 1.214674 0.021566
v 1.431664 1.214674 0.017253
v 1.431664 1.283104 0.017253
v 1.299393 1.283104 0.023004
v 1.299393 1.283104 0.017253
v 1.431664 1.283104 0.023004
v 1.431664 1.294368 0.023004
v 1.299393 1.283104 0.023004
v 1.431664 1.283104 0.023004
v 1.299393 1.294368 0.023004
v 1.431664 1.294368 0.023004
v 1.299393 1.294368 0.017253
v 1.299393 1.294368 0.023004
v 1.431664 1.294368 0.017253
v 1.431664 1.321723 0.017253
v 1.299393 1.321723 0.024442
v 1.299393 1.321723 0.017253
v 1.431664 1.321723 0.024442
v 1.431664 1.331226 0.024442
v 1.299393 1.321723 0.024442
v 1.431664 1.321723 0.024442
v 1.299393 1.331226 0.024442
v 1.431664 1.331226 0.024442
v 1.299393 1.331226 0.017253
v 1.299393 1.331226 0.024442
v 1.431664 1.331226 0.017253
v 1.431664 1.359112 0.017253
v 1.299393 1.359112 -0.033068
v 1.299393 1.359112 0.017253
v 1.431664 1.359112 -0.033068
vn -0.0000 -0.0000 1.0000
vn -1.0000 -0.0000 -0.0000
vn -0.0000 -1.0000 -0.0000
vn 1.0000 -0.0000 -0.0000
vn -0.0000 1.0000 -0.0000
vt 16.334919 14.314179
vt 14.825729 14.199570
vt 16.334919 14.199570
vt 14.825729 14.314179
vt -0.377297 15.507110
vt 0.196850 15.188940
vt 0.196850 15.507110
vt 0.196850 15.080509
vt 0.196850 14.768390
vt 0.196850 14.639879
vt 0.196850 14.314179
vt 0.196850 14.199570
vt 0.196850 13.859119
vt 0.000000 10.930340
vt -0.344488 10.930340
vt -0.377297 10.930340
vt 0.246063 10.930340
vt 0.246063 13.859119
vt 0.246063 14.199570
vt 0.246063 14.314179
vt 0.262467 14.639879
vt 0.262467 14.768390
vt 0.278871 15.080509
vt 0.278871 15.188940
vt -16.334919 -0.196850
vt -14.825729 -0.246063
vt -14.825729 -0.196850
vt -16.334919 -0.246063
vt -0.246063 13.859119
vt -0.246063 10.930340
vt -0.196850 13.859119
vt -0.196850 14.199570
vt -0.196850 14.314179
vt -0.196850 14.639879
vt -0.196850 14.768390
vt -0.196850 15.080509
vt -0.196850 15.188940
vt -0.196850 15.507110
vt 0.377297 15.507110
vt 0.344488 10.930340
vt 0.377297 10.930340
vt -0.278871 15.188940
vt -0.278871 15.080509
vt -0.262467 14.768390
vt -0.262467 14.639879
vt -0.246063 14.314179
vt -0.246063 14.199570
vt 16.334919 -0.246063
vt 14.825729 -0.196850
vt 14.825729 -0.246063
vt 16.334919 -0.196850
vt 16.334919 13.859119
vt 14.825729 10.930340
vt 16.334919 10.930340
vt 14.825729 13.859119
vt -14.825729 -0.262467
vt -16.334919 -0.262467
vt 16.334919 14.768390
vt 14.825729 14.639879
vt 16.334919 14.639879
vt 14.825729 14.768390
vt 16.334919 -0.262467
vt 14.825729 -0.262467
vt -14.825729 -0.278871
vt -16.334919 -0.278871
vt 16.334919 15.188940
vt 14.825729 15.080509
vt 16.334919 15.080509
vt 14.825729 15.188940
vt 16.334919 -0.278871
vt 14.825729 -0.278871
vt 14.825729 0.377297
vt 16.334919 0.377297
s 1
usemtl Wood_Floor_Parquet
f 4157/3549/745 4158/3550/745 4159/3551/745
f 4158/3550/745 4157/3549/745 4160/3552/745
f 4161/3553/746 4162/3554/746 4163/3555/746
f 4162/3554/746 4161/3553/746 4164/3556/746
f 4164/3556/746 4161/3553/746 4165/3557/746
f 4165/3557/746 4161/3553/746 4166/3558/746
f 4166/3558/746 4161/3553/746 4167/3559/746
f 4167/3559/746 4161/3553/746 4168/3560/746
f 4168/3560/746 4161/3553/746 4169/3561/746
f 4169/3561/746 4161/3553/746 4170/3562/746
f 4170/3562/746 4161/3553/746 4171/3563/746
f 4171/3563/746 4161/3553/746 4172/3564/746
f 4169/3561/746 4173/3565/746 4174/3566/746
f 4173/3565/746 4169/3561/746 4170/3562/746
f 4167/3559/746 4175/3567/746 4176/3568/746
f 4175/3567/746 4167/3559/746 4168/3560/746
f 4165/3557/746 4177/3569/746 4178/3570/746
f 4177/3569/746 4165/3557/746 4166/3558/746
f 4162/3554/746 4179/3571/746 4180/3572/746
f 4179/3571/746 4162/3554/746 4164/3556/746
f 4181/3573/747 4182/3574/747 4183/3575/747
f 4182/3574/747 4181/3573/747 4184/3576/747
f 4185/3562/748 4186/3577/748 4187/3578/748
f 4186/3577/748 4185/3562/748 4188/3579/748
f 4188/3579/748 4185/3562/748 4189/3580/748
f 4189/3580/748 4185/3562/748 4190/3581/748
f 4190/3581/748 4185/3562/748 4191/3582/748
f 4191/3582/748 4185/3562/748 4192/3583/748
f 4192/3583/748 4185/3562/748 4193/3584/748
f 4193/3584/748 4185/3562/748 4194/3585/748
f 4194/3585/748 4185/3562/748 4195/3586/748
f 4195/3586/748 4185/3562/748 4196/3587/748
f 4196/3587/748 4185/3562/748 4197/3588/748
f 4196/3587/748 4197/3588/748 4198/3589/748
f 4193/3584/748 4199/3590/748 4200/3591/748
f 4199/3590/748 4193/3584/748 4194/3585/748
f 4191/3582/748 4201/3592/748 4202/3593/748
f 4201/3592/748 4191/3582/748 4192/3583/748
f 4189/3580/748 4203/3594/748 4204/3595/748
f 4203/3594/748 4189/3580/748 4190/3581/748
f 4205/3596/749 4206/3597/749 4207/3598/749
f 4206/3597/749 4205/3596/749 4208/3599/749
f 4209/3600/745 4210/3601/745 4211/3602/745
f 4210/3601/745 4209/3600/745 4212/3603/745
f 4213/3596/749 4214/3597/749 4215/3598/749
f 4214/3597/749 4213/3596/749 4216/3599/749
f 4217/3573/747 4218/3604/747 4219/3575/747
f 4218/3604/747 4217/3573/747 4220/3605/747
f 4221/3606/745 4222/3607/745 4223/3608/745
f 4222/3607/745 4221/3606/745 4224/3609/745
f 4225/3610/749 4226/3597/749 4227/3611/749
f 4226/3597/749 4225/3610/749 4228/3599/749
f 4229/3573/747 4230/3612/747 4231/3575/747
f 4230/3612/747 4229/3573/747 4232/3613/747
f 4233/3614/745 4234/3615/745 4235/3616/745
f 4234/3615/745 4233/3614/745 4236/3617/745
f 4237/3618/749 4238/3597/749 4239/3619/749
f 4238/3597/749 4237/3618/749 4240/3599/749
f 4241/3599/749 4242/3620/749 4243/3597/749
f 4242/3620/749 4241/3599/749 4244/3621/749
o SketchUp.097
v 1.431664 1.283104 0.017253
v 1.299393 1.254558 0.017253
v 1.431664 1.254558 0.017253
v 1.299393 1.283104 0.017253
v 1.299393 1.283104 0.017253
v 1.431664 1.283104 0.017253
v 1.299393 1.254558 0.017253
v 1.431664 1.254558 0.017253
vn -0.0000 -0.0000 1.0000
vn -0.0000 -0.0000 -1.0000
s 1
usemtl Translucent_Glass_Blue
f 4245//750 4246//750 4247//750
f 4246//750 4245//750 4248//750
f 4249//751 4250//751 4251//751
f 4252//751 4251//751 4250//751
o SketchUp.098
v 1.195163 1.359112 0.020128
v 1.062891 1.359112 -0.030192
v 1.062891 1.359112 0.020128
v 1.195163 1.359112 -0.030192
v 1.195163 0.957983 -0.000000
v 1.195163 1.214674 0.024442
v 1.195163 0.957983 0.024442
v 1.195163 1.214674 0.020128
v 1.195163 1.244513 0.020128
v 1.195163 1.254558 0.020128
v 1.195163 1.283104 0.020128
v 1.195163 1.294368 0.020128
v 1.195163 1.321723 0.020128
v 1.195163 1.331226 0.020128
v 1.195163 1.359112 0.020128
v 1.195163 1.359112 -0.030192
v 1.195163 0.957983 -0.030192
v 1.195163 1.331226 0.027317
v 1.195163 1.321723 0.027317
v 1.195163 1.294368 0.025879
v 1.195163 1.283104 0.025879
v 1.195163 1.254558 0.024442
v 1.195163 1.244513 0.024442
v 1.195163 1.331226 0.027317
v 1.062891 1.331226 0.020128
v 1.062891 1.331226 0.027317
v 1.195163 1.331226 0.020128
v 1.195163 1.331226 0.027317
v 1.062891 1.321723 0.027317
v 1.195163 1.321723 0.027317
v 1.062891 1.331226 0.027317
v 1.195163 1.321723 0.020128
v 1.062891 1.321723 0.027317
v 1.062891 1.321723 0.020128
v 1.195163 1.321723 0.027317
v 1.195163 1.294368 0.025879
v 1.062891 1.294368 0.020128
v 1.062891 1.294368 0.025879
v 1.195163 1.294368 0.020128
v 1.195163 1.294368 0.025879
v 1.062891 1.283104 0.025879
v 1.195163 1.283104 0.025879
v 1.062891 1.294368 0.025879
v 1.195163 1.283104 0.020128
v 1.062891 1.283104 0.025879
v 1.062891 1.283104 0.020128
v 1.195163 1.283104 0.025879
v 1.195163 1.254558 0.024442
v 1.062891 1.254558 0.020128
v 1.062891 1.254558 0.024442
v 1.195163 1.254558 0.020128
v 1.195163 1.254558 0.024442
v 1.062891 1.244513 0.024442
v 1.195163 1.244513 0.024442
v 1.062891 1.254558 0.024442
v 1.195163 1.244513 0.020128
v 1.062891 1.244513 0.024442
v 1.062891 1.244513 0.020128
v 1.195163 1.244513 0.024442
v 1.195163 1.214674 0.024442
v 1.062891 1.214674 0.020128
v 1.062891 1.214674 0.024442
v 1.195163 1.214674 0.020128
v 1.195163 1.214674 0.024442
v 1.062891 0.957983 0.024442
v 1.195163 0.957983 0.024442
v 1.062891 1.214674 0.024442
vn -0.0000 1.0000 -0.0000
vn 1.0000 -0.0000 -0.0000
vn -0.0000 -0.0000 1.0000
vn -0.0000 -1.0000 -0.0000
vt 13.636490 -0.229659
vt 12.127310 0.344488
vt 12.127310 -0.229659
vt 13.636490 0.344488
vt 0.000000 10.930340
vt -0.278871 13.859119
vt -0.278871 10.930340
vt -0.229659 13.859119
vt -0.229659 14.199570
vt -0.229659 14.314179
vt -0.229659 14.639879
vt -0.229659 14.768390
vt -0.229659 15.080509
vt -0.229659 15.188940
vt -0.229659 15.507110
vt 0.344488 15.507110
vt 0.344488 10.930340
vt -0.311680 15.188940
vt -0.311680 15.080509
vt -0.295276 14.768390
vt -0.295276 14.639879
vt -0.278871 14.314179
vt -0.278871 14.199570
vt 13.636490 -0.311680
vt 12.127310 -0.311680
vt 13.636490 15.188940
vt 12.127310 15.080509
vt 13.636490 15.080509
vt 12.127310 15.188940
vt -13.636490 -0.229659
vt -12.127310 -0.311680
vt -12.127310 -0.229659
vt -13.636490 -0.311680
vt 13.636490 -0.295276
vt 12.127310 -0.295276
vt 13.636490 14.768390
vt 12.127310 14.639879
vt 13.636490 14.639879
vt 12.127310 14.768390
vt -12.127310 -0.295276
vt -13.636490 -0.295276
vt 13.636490 -0.278871
vt 12.127310 -0.278871
vt 13.636490 14.314179
vt 12.127310 14.199570
vt 13.636490 14.199570
vt 12.127310 14.314179
vt -12.127310 -0.278871
vt -13.636490 -0.278871
vt 13.636490 13.859119
vt 12.127310 10.930340
vt 13.636490 10.930340
vt 12.127310 13.859119
s 1
usemtl Wood_Floor_Parquet
f 4253/3622/752 4254/3623/752 4255/3624/752
f 4254/3623/752 4253/3622/752 4256/3625/752
f 4257/3626/753 4258/3627/753 4259/3628/753
f 4258/3627/753 4257/3626/753 4260/3629/753
f 4260/3629/753 4257/3626/753 4261/3630/753
f 4261/3630/753 4257/3626/753 4262/3631/753
f 4262/3631/753 4257/3626/753 4263/3632/753
f 4263/3632/753 4257/3626/753 4264/3633/753
f 4264/3633/753 4257/3626/753 4265/3634/753
f 4265/3634/753 4257/3626/753 4266/3635/753
f 4266/3635/753 4257/3626/753 4267/3636/753
f 4267/3636/753 4257/3626/753 4268/3637/753
f 4268/3637/753 4257/3626/753 4269/3638/753
f 4265/3634/753 4270/3639/753 4271/3640/753
f 4270/3639/753 4265/3634/753 4266/3635/753
f 4263/3632/753 4272/3641/753 4273/3642/753
f 4272/3641/753 4263/3632/753 4264/3633/753
f 4261/3630/753 4274/3643/753 4275/3644/753
f 4274/3643/753 4261/3630/753 4262/3631/753
f 4276/3645/752 4277/3624/752 4278/3646/752
f 4277/3624/752 4276/3645/752 4279/3622/752
f 4280/3647/754 4281/3648/754 4282/3649/754
f 4281/3648/754 4280/3647/754 4283/3650/754
f 4284/3651/755 4285/3652/755 4286/3653/755
f 4285/3652/755 4284/3651/755 4287/3654/755
f 4288/3655/752 4289/3624/752 4290/3656/752
f 4289/3624/752 4288/3655/752 4291/3622/752
f 4292/3657/754 4293/3658/754 4294/3659/754
f 4293/3658/754 4292/3657/754 4295/3660/754
f 4296/3651/755 4297/3661/755 4298/3653/755
f 4297/3661/755 4296/3651/755 4299/3662/755
f 4300/3663/752 4301/3624/752 4302/3664/752
f 4301/3624/752 4300/3663/752 4303/3622/752
f 4304/3665/754 4305/3666/754 4306/3667/754
f 4305/3666/754 4304/3665/754 4307/3668/754
f 4308/3651/755 4309/3669/755 4310/3653/755
f 4309/3669/755 4308/3651/755 4311/3670/755
f 4312/3663/752 4313/3624/752 4314/3664/752
f 4313/3624/752 4312/3663/752 4315/3622/752
f 4316/3671/754 4317/3672/754 4318/3673/754
f 4317/3672/754 4316/3671/754 4319/3674/754
o SketchUp.099
v 1.431664 1.321723 0.017253
v 1.299393 1.294368 0.017253
v 1.431664 1.294368 0.017253
v 1.299393 1.321723 0.017253
v 1.299393 1.321723 0.017253
v 1.431664 1.321723 0.017253
v 1.299393 1.294368 0.017253
v 1.431664 1.294368 0.017253
vn -0.0000 -0.0000 1.0000
vn -0.0000 -0.0000 -1.0000
s 1
usemtl Translucent_Glass_Blue
f 4320//756 4321//756 4322//756
f 4321//756 4320//756 4323//756
f 4324//757 4325//757 4326//757
f 4327//757 4326//757 4325//757
o SketchUp.100
v 1.651829 1.283104 0.014377
v 1.519557 1.283104 0.020128
v 1.519557 1.283104 0.014377
v 1.651829 1.283104 0.020128
v 1.651829 0.957983 -0.030192
v 1.651829 1.214674 0.018691
v 1.651829 0.957983 0.018691
v 1.651829 1.214674 0.014377
v 1.651829 1.244513 0.014377
v 1.651829 1.254558 0.014377
v 1.651829 1.283104 0.014377
v 1.651829 1.294368 0.014377
v 1.651829 1.321723 0.014377
v 1.651829 1.331226 0.014377
v 1.651829 1.359112 0.014377
v 1.651829 1.359112 -0.035943
v 1.651829 0.957983 -0.035943
v 1.651829 1.331226 0.021566
v 1.651829 1.321723 0.021566
v 1.651829 1.294368 0.020128
v 1.651829 1.283104 0.020128
v 1.651829 1.254558 0.018691
v 1.651829 1.244513 0.018691
v 1.651829 1.294368 0.020128
v 1.519557 1.283104 0.020128
v 1.651829 1.283104 0.020128
v 1.519557 1.294368 0.020128
v 1.519557 1.359112 -0.035943
v 1.519557 1.331226 0.014377
v 1.519557 1.359112 0.014377
v 1.519557 1.321723 0.014377
v 1.519557 1.294368 0.014377
v 1.519557 1.283104 0.014377
v 1.519557 1.254558 0.014377
v 1.519557 1.244513 0.014377
v 1.519557 1.214674 0.014377
v 1.519557 0.957983 -0.000000
v 1.519557 0.957983 -0.030192
v 1.519557 0.957983 -0.035943
v 1.519557 0.957983 0.018691
v 1.519557 1.214674 0.018691
v 1.519557 1.244513 0.018691
v 1.519557 1.254558 0.018691
v 1.519557 1.283104 0.020128
v 1.519557 1.294368 0.020128
v 1.519557 1.321723 0.021566
v 1.519557 1.331226 0.021566
v 1.651829 1.359112 0.014377
v 1.519557 1.359112 -0.035943
v 1.519557 1.359112 0.014377
v 1.651829 1.359112 -0.035943
v 1.651829 1.331226 0.021566
v 1.519557 1.331226 0.014377
v 1.519557 1.331226 0.021566
v 1.651829 1.331226 0.014377
v 1.651829 1.331226 0.021566
v 1.519557 1.321723 0.021566
v 1.651829 1.321723 0.021566
v 1.519557 1.331226 0.021566
v 1.651829 1.321723 0.014377
v 1.519557 1.321723 0.021566
v 1.519557 1.321723 0.014377
v 1.651829 1.321723 0.021566
v 1.651829 1.294368 0.020128
v 1.519557 1.294368 0.014377
v 1.519557 1.294368 0.020128
v 1.651829 1.294368 0.014377
v 1.651829 1.254558 0.018691
v 1.519557 1.254558 0.014377
v 1.519557 1.254558 0.018691
v 1.651829 1.254558 0.014377
v 1.651829 1.254558 0.018691
v 1.519557 1.244513 0.018691
v 1.651829 1.244513 0.018691
v 1.519557 1.254558 0.018691
v 1.651829 1.244513 0.014377
v 1.519557 1.244513 0.018691
v 1.519557 1.244513 0.014377
v 1.651829 1.244513 0.018691
v 1.651829 1.214674 0.018691
v 1.519557 1.214674 0.014377
v 1.519557 1.214674 0.018691
v 1.651829 1.214674 0.014377
v 1.651829 1.214674 0.018691
v 1.651107 0.957983 0.018691
v 1.651829 0.957983 0.018691
v 1.519557 0.957983 0.018691
v 1.519557 1.214674 0.018691
vn -0.0000 -1.0000 -0.0000
vn 1.0000 -0.0000 -0.0000
vn -0.0000 -0.0000 1.0000
vn -1.0000 -0.0000 -0.0000
vn -0.0000 1.0000 -0.0000
vt -18.846930 -0.164042
vt -17.337749 -0.229659
vt -17.337749 -0.164042
vt -18.846930 -0.229659
vt 0.344488 10.930340
vt -0.213255 13.859119
vt -0.213255 10.930340
vt -0.164042 13.859119
vt -0.164042 14.199570
vt -0.164042 14.314179
vt -0.164042 14.639879
vt -0.164042 14.768390
vt -0.164042 15.080509
vt -0.164042 15.188940
vt -0.164042 15.507110
vt 0.410105 15.507110
vt 0.410105 10.930340
vt -0.246063 15.188940
vt -0.246063 15.080509
vt -0.229659 14.768390
vt -0.229659 14.639879
vt -0.213255 14.314179
vt -0.213255 14.199570
vt 18.846930 14.768390
vt 17.337749 14.639879
vt 18.846930 14.639879
vt 17.337749 14.768390
vt -0.410105 15.507110
vt 0.164042 15.188940
vt 0.164042 15.507110
vt 0.164042 15.080509
vt 0.164042 14.768390
vt 0.164042 14.639879
vt 0.164042 14.314179
vt 0.164042 14.199570
vt 0.164042 13.859119
vt -0.000000 10.930340
vt -0.344488 10.930340
vt -0.410105 10.930340
vt 0.213255 10.930340
vt 0.213255 13.859119
vt 0.213255 14.199570
vt 0.213255 14.314179
vt 0.229659 14.639879
vt 0.229659 14.768390
vt 0.246063 15.080509
vt 0.246063 15.188940
vt 18.846930 -0.164042
vt 17.337749 0.410105
vt 17.337749 -0.164042
vt 18.846930 0.410105
vt 18.846930 -0.246063
vt 17.337749 -0.246063
vt 18.846930 15.188940
vt 17.337749 15.080509
vt 18.846930 15.080509
vt 17.337749 15.188940
vt -17.337749 -0.246063
vt -18.846930 -0.246063
vt 18.846930 -0.229659
vt 17.337749 -0.229659
vt 18.846930 -0.213255
vt 17.337749 -0.213255
vt 18.846930 14.314179
vt 17.337749 14.199570
vt 18.846930 14.199570
vt 17.337749 14.314179
vt -17.337749 -0.213255
vt -18.846930 -0.213255
vt 18.846930 13.859119
vt 18.838699 10.930340
vt 18.846930 10.930340
vt 17.337749 10.930340
vt 17.337749 13.859119
s 1
usemtl Wood_Floor_Parquet
f 4328/3675/758 4329/3676/758 4330/3677/758
f 4329/3676/758 4328/3675/758 4331/3678/758
f 4332/3679/759 4333/3680/759 4334/3681/759
f 4333/3680/759 4332/3679/759 4335/3682/759
f 4335/3682/759 4332/3679/759 4336/3683/759
f 4336/3683/759 4332/3679/759 4337/3684/759
f 4337/3684/759 4332/3679/759 4338/3685/759
f 4338/3685/759 4332/3679/759 4339/3686/759
f 4339/3686/759 4332/3679/759 4340/3687/759
f 4340/3687/759 4332/3679/759 4341/3688/759
f 4341/3688/759 4332/3679/759 4342/3689/759
f 4342/3689/759 4332/3679/759 4343/3690/759
f 4343/3690/759 4332/3679/759 4344/3691/759
f 4340/3687/759 4345/3692/759 4346/3693/759
f 4345/3692/759 4340/3687/759 4341/3688/759
f 4338/3685/759 4347/3694/759 4348/3695/759
f 4347/3694/759 4338/3685/759 4339/3686/759
f 4336/3683/759 4349/3696/759 4350/3697/759
f 4349/3696/759 4336/3683/759 4337/3684/759
f 4351/3698/760 4352/3699/760 4353/3700/760
f 4352/3699/760 4351/3698/760 4354/3701/760
f 4355/3702/761 4356/3703/761 4357/3704/761
f 4356/3703/761 4355/3702/761 4358/3705/761
f 4358/3705/761 4355/3702/761 4359/3706/761
f 4359/3706/761 4355/3702/761 4360/3707/761
f 4360/3707/761 4355/3702/761 4361/3708/761
f 4361/3708/761 4355/3702/761 4362/3709/761
f 4362/3709/761 4355/3702/761 4363/3710/761
f 4363/3710/761 4355/3702/761 4364/3711/761
f 4364/3711/761 4355/3702/761 4365/3712/761
f 4365/3712/761 4355/3702/761 4366/3713/761
f 4363/3710/761 4367/3714/761 4368/3715/761
f 4367/3714/761 4363/3710/761 4364/3711/761
f 4361/3708/761 4369/3716/761 4370/3717/761
f 4369/3716/761 4361/3708/761 4362/3709/761
f 4359/3706/761 4371/3718/761 4372/3719/761
f 4371/3718/761 4359/3706/761 4360/3707/761
f 4356/3703/761 4373/3720/761 4374/3721/761
f 4373/3720/761 4356/3703/761 4358/3705/761
f 4375/3722/762 4376/3723/762 4377/3724/762
f 4376/3723/762 4375/3722/762 4378/3725/762
f 4379/3726/762 4380/3724/762 4381/3727/762
f 4380/3724/762 4379/3726/762 4382/3722/762
f 4383/3728/760 4384/3729/760 4385/3730/760
f 4384/3729/760 4383/3728/760 4386/3731/760
f 4387/3675/758 4388/3732/758 4389/3677/758
f 4388/3732/758 4387/3675/758 4390/3733/758
f 4391/3734/762 4392/3724/762 4393/3735/762
f 4392/3724/762 4391/3734/762 4394/3722/762
f 4395/3736/762 4396/3724/762 4397/3737/762
f 4396/3724/762 4395/3736/762 4398/3722/762
f 4399/3738/760 4400/3739/760 4401/3740/760
f 4400/3739/760 4399/3738/760 4402/3741/760
f 4403/3675/758 4404/3742/758 4405/3677/758
f 4404/3742/758 4403/3675/758 4406/3743/758
f 4407/3736/762 4408/3724/762 4409/3737/762
f 4408/3724/762 4407/3736/762 4410/3722/762
f 4411/3744/760 4412/3745/760 4413/3746/760
f 4412/3745/760 4411/3744/760 4414/3747/760
f 4414/3747/760 4411/3744/760 4415/3748/760
o SketchUp.101
v 1.431664 1.359112 0.017253
v 1.299393 1.331226 0.017253
v 1.431664 1.331226 0.017253
v 1.299393 1.359112 0.017253
v 1.299393 1.359112 0.017253
v 1.431664 1.359112 0.017253
v 1.299393 1.331226 0.017253
v 1.431664 1.331226 0.017253
vn -0.0000 -0.0000 1.0000
vn -0.0000 -0.0000 -1.0000
s 1
usemtl Translucent_Glass_Blue
f 4416//763 4417//763 4418//763
f 4417//763 4416//763 4419//763
f 4420//764 4421//764 4422//764
f 4423//764 4422//764 4421//764
o SketchUp.102
v 1.431664 1.244513 0.017253
v 1.299393 1.214674 0.017253
v 1.431664 1.214674 0.017253
v 1.299393 1.244513 0.017253
v 1.299393 1.244513 0.017253
v 1.431664 1.244513 0.017253
v 1.299393 1.214674 0.017253
v 1.431664 1.214674 0.017253
vn -0.0000 -0.0000 1.0000
vn -0.0000 -0.0000 -1.0000
s 1
usemtl Translucent_Glass_Blue
f 4424//765 4425//765 4426//765
f 4425//765 4424//765 4427//765
f 4428//766 4429//766 4430//766
f 4431//766 4430//766 4429//766
o SketchUp.103
v 1.195163 1.321723 0.020128
v 1.062891 1.294368 0.020128
v 1.195163 1.294368 0.020128
v 1.062891 1.321723 0.020128
v 1.062891 1.321723 0.020128
v 1.195163 1.321723 0.020128
v 1.062891 1.294368 0.020128
v 1.195163 1.294368 0.020128
vn -0.0000 -0.0000 1.0000
vn -0.0000 -0.0000 -1.0000
s 1
usemtl Translucent_Glass_Blue
f 4432//767 4433//767 4434//767
f 4433//767 4432//767 4435//767
f 4436//768 4437//768 4438//768
f 4439//768 4438//768 4437//768
o SketchUp.104
v 1.651829 1.244513 0.014377
v 1.519557 1.214674 0.014377
v 1.651829 1.214674 0.014377
v 1.519557 1.244513 0.014377
v 1.519557 1.244513 0.014377
v 1.651829 1.244513 0.014377
v 1.519557 1.214674 0.014377
v 1.651829 1.214674 0.014377
vn -0.0000 -0.0000 1.0000
vn -0.0000 -0.0000 -1.0000
s 1
usemtl Translucent_Glass_Blue
f 4440//769 4441//769 4442//769
f 4441//769 4440//769 4443//769
f 4444//770 4445//770 4446//770
f 4447//770 4446//770 4445//770
o SketchUp.105
v 1.651829 1.321723 0.014377
v 1.519557 1.294368 0.014377
v 1.651829 1.294368 0.014377
v 1.519557 1.321723 0.014377
v 1.519557 1.321723 0.014377
v 1.651829 1.321723 0.014377
v 1.519557 1.294368 0.014377
v 1.651829 1.294368 0.014377
vn -0.0000 -0.0000 1.0000
vn -0.0000 -0.0000 -1.0000
s 1
usemtl Translucent_Glass_Blue
f 4448//771 4449//771 4450//771
f 4449//771 4448//771 4451//771
f 4452//772 4453//772 4454//772
f 4455//772 4454//772 4453//772
o SketchUp.106
v 1.651829 1.283104 0.014377
v 1.519557 1.254558 0.014377
v 1.651829 1.254558 0.014377
v 1.519557 1.283104 0.014377
v 1.519557 1.283104 0.014377
v 1.651829 1.283104 0.014377
v 1.519557 1.254558 0.014377
v 1.651829 1.254558 0.014377
vn -0.0000 -0.0000 1.0000
vn -0.0000 -0.0000 -1.0000
s 1
usemtl Translucent_Glass_Blue
f 4456//773 4457//773 4458//773
f 4457//773 4456//773 4459//773
f 4460//774 4461//774 4462//774
f 4463//774 4462//774 4461//774
o SketchUp.107
v 1.651829 1.359112 0.014377
v 1.519557 1.331226 0.014377
v 1.651829 1.331226 0.014377
v 1.519557 1.359112 0.014377
v 1.519557 1.359112 0.014377
v 1.651829 1.359112 0.014377
v 1.519557 1.331226 0.014377
v 1.651829 1.331226 0.014377
vn -0.0000 -0.0000 1.0000
vn -0.0000 -0.0000 -1.0000
s 1
usemtl Translucent_Glass_Blue
f 4464//775 4465//775 4466//775
f 4465//775 4464//775 4467//775
f 4468//776 4469//776 4470//776
f 4471//776 4470//776 4469//776
o SketchUp.108
v 1.195163 1.283104 0.020128
v 1.062891 1.254558 0.020128
v 1.195163 1.254558 0.020128
v 1.062891 1.283104 0.020128
v 1.062891 1.283104 0.020128
v 1.195163 1.283104 0.020128
v 1.062891 1.254558 0.020128
v 1.195163 1.254558 0.020128
vn -0.0000 -0.0000 1.0000
vn -0.0000 -0.0000 -1.0000
s 1
usemtl Translucent_Glass_Blue
f 4472//777 4473//777 4474//777
f 4473//777 4472//777 4475//777
f 4476//778 4477//778 4478//778
f 4479//778 4478//778 4477//778
o SketchUp.109
v 1.195163 1.244513 0.020128
v 1.062891 1.214674 0.020128
v 1.195163 1.214674 0.020128
v 1.062891 1.244513 0.020128
v 1.062891 1.244513 0.020128
v 1.195163 1.244513 0.020128
v 1.062891 1.214674 0.020128
v 1.195163 1.214674 0.020128
vn -0.0000 -0.0000 1.0000
vn -0.0000 -0.0000 -1.0000
s 1
usemtl Translucent_Glass_Blue
f 4480//779 4481//779 4482//779
f 4481//779 4480//779 4483//779
f 4484//780 4485//780 4486//780
f 4487//780 4486//780 4485//780
o SketchUp.110
v 1.195163 1.359112 0.020128
v 1.062891 1.331226 0.020128
v 1.195163 1.331226 0.020128
v 1.062891 1.359112 0.020128
v 1.062891 1.359112 0.020128
v 1.195163 1.359112 0.020128
v 1.062891 1.331226 0.020128
v 1.195163 1.331226 0.020128
vn -0.0000 -0.0000 1.0000
vn -0.0000 -0.0000 -1.0000
s 1
usemtl Translucent_Glass_Blue
f 4488//781 4489//781 4490//781
f 4489//781 4488//781 4491//781
f 4492//782 4493//782 4494//782
f 4495//782 4494//782 4493//782
o SketchUp.111
v 1.431664 0.957983 0.021566
v 1.299393 0.957983 -0.000000
v 1.299393 0.957983 0.021566
v 1.431664 0.957983 -0.000000
vn -0.0000 1.0000 -0.0000
vt 16.334919 -0.246063
vt 14.825729 -0.000000
vt 14.825729 -0.246063
vt 16.334919 -0.000000
s 1
usemtl Wood_Floor_Parquet
f 4496/3749/783 4497/3750/783 4498/3751/783
f 4497/3750/783 4496/3749/783 4499/3752/783
o SketchUp.112
v 2.475833 1.327474 0.006983
v 2.343562 1.327474 0.014172
v 2.343562 1.327474 0.006983
v 2.475833 1.327474 0.014172
v 2.475833 0.963735 -0.000000
v 2.475833 1.220425 0.011297
v 2.475833 0.963735 0.011297
v 2.475833 1.220425 0.006983
v 2.475833 1.250264 0.006983
v 2.475833 1.260309 0.006983
v 2.475833 1.288855 0.006983
v 2.475833 1.300118 0.006983
v 2.475833 1.327474 0.006983
v 2.475833 1.336977 0.006983
v 2.475833 1.364863 0.006983
v 2.475833 1.364863 -0.043337
v 2.475833 0.963735 -0.037586
v 2.475833 0.963735 -0.043337
v 2.475833 1.336977 0.014172
v 2.475833 1.327474 0.014172
v 2.475833 1.300118 0.012734
v 2.475833 1.288855 0.012734
v 2.475833 1.260309 0.011297
v 2.475833 1.250264 0.011297
v 2.475833 1.336977 0.014172
v 2.343562 1.327474 0.014172
v 2.475833 1.327474 0.014172
v 2.343562 1.336977 0.014172
v 2.343562 1.364863 -0.043337
v 2.343562 1.336977 0.006983
v 2.343562 1.364863 0.006983
v 2.343562 1.327474 0.006983
v 2.343562 1.300118 0.006983
v 2.343562 1.288855 0.006983
v 2.343562 1.260309 0.006983
v 2.343562 1.250264 0.006983
v 2.343562 1.220425 0.006983
v 2.343562 0.963735 -0.000000
v 2.343562 0.963735 -0.037586
v 2.343562 0.963735 -0.043337
v 2.343562 0.963735 0.011297
v 2.343562 1.220425 0.011297
v 2.343562 1.250264 0.011297
v 2.343562 1.260309 0.011297
v 2.343562 1.288855 0.012734
v 2.343562 1.300118 0.012734
v 2.343562 1.327474 0.014172
v 2.343562 1.336977 0.014172
v 2.475833 1.364863 0.006983
v 2.343562 1.364863 -0.043337
v 2.343562 1.364863 0.006983
v 2.475833 1.364863 -0.043337
v 2.475833 1.336977 0.014172
v 2.343562 1.336977 0.006983
v 2.343562 1.336977 0.014172
v 2.475833 1.336977 0.006983
v 2.475833 1.300118 0.012734
v 2.343562 1.300118 0.006983
v 2.343562 1.300118 0.012734
v 2.475833 1.300118 0.006983
v 2.475833 1.300118 0.012734
v 2.343562 1.288855 0.012734
v 2.475833 1.288855 0.012734
v 2.343562 1.300118 0.012734
v 2.475833 1.288855 0.006983
v 2.343562 1.288855 0.012734
v 2.343562 1.288855 0.006983
v 2.475833 1.288855 0.012734
v 2.475833 1.260309 0.011297
v 2.343562 1.260309 0.006983
v 2.343562 1.260309 0.011297
v 2.475833 1.260309 0.006983
v 2.475833 1.260309 0.011297
v 2.343562 1.250264 0.011297
v 2.475833 1.250264 0.011297
v 2.343562 1.260309 0.011297
v 2.475833 1.250264 0.006983
v 2.343562 1.250264 0.011297
v 2.343562 1.250264 0.006983
v 2.475833 1.250264 0.011297
v 2.475833 1.220425 0.011297
v 2.343562 1.220425 0.006983
v 2.343562 1.220425 0.011297
v 2.475833 1.220425 0.006983
v 2.475833 1.220425 0.011297
v 2.343562 0.963735 0.011297
v 2.475833 0.963735 0.011297
v 2.343562 1.220425 0.011297
vn -0.0000 -1.0000 -0.0000
vn 1.0000 -0.0000 -0.0000
vn -0.0000 -0.0000 1.0000
vn -1.0000 -0.0000 -0.0000
vn -0.0000 1.0000 -0.0000
vt -28.248610 -0.079679
vt -26.739429 -0.161700
vt -26.739429 -0.079679
vt -28.248610 -0.161700
vt -0.000000 10.995959
vt -0.128891 13.924729
vt -0.128891 10.995959
vt -0.079679 13.924729
vt -0.079679 14.265189
vt -0.079679 14.379800
vt -0.079679 14.705500
vt -0.079679 14.834009
vt -0.079679 15.146130
vt -0.079679 15.254560
vt -0.079679 15.572730
vt 0.494468 15.572730
vt 0.428852 10.995959
vt 0.494468 10.995959
vt -0.161700 15.254560
vt -0.161700 15.146130
vt -0.145296 14.834009
vt -0.145296 14.705500
vt -0.128891 14.379800
vt -0.128891 14.265189
vt 28.248610 15.254560
vt 26.739429 15.146130
vt 28.248610 15.146130
vt 26.739429 15.254560
vt -0.494468 15.572730
vt 0.079679 15.254560
vt 0.079679 15.572730
vt 0.079679 15.146130
vt 0.079679 14.834009
vt 0.079679 14.705500
vt 0.079679 14.379800
vt 0.079679 14.265189
vt 0.079679 13.924729
vt -0.428852 10.995959
vt -0.494468 10.995959
vt 0.128891 10.995959
vt 0.128891 13.924729
vt 0.128891 14.265189
vt 0.128891 14.379800
vt 0.145296 14.705500
vt 0.145296 14.834009
vt 0.161700 15.146130
vt 0.161700 15.254560
vt 28.248610 -0.079679
vt 26.739429 0.494468
vt 26.739429 -0.079679
vt 28.248610 0.494468
vt 28.248610 -0.161700
vt 26.739429 -0.161700
vt 28.248610 -0.145296
vt 26.739429 -0.145296
vt 28.248610 14.834009
vt 26.739429 14.705500
vt 28.248610 14.705500
vt 26.739429 14.834009
vt -26.739429 -0.145296
vt -28.248610 -0.145296
vt 28.248610 -0.128891
vt 26.739429 -0.128891
vt 28.248610 14.379800
vt 26.739429 14.265189
vt 28.248610 14.265189
vt 26.739429 14.379800
vt -26.739429 -0.128891
vt -28.248610 -0.128891
vt 28.248610 13.924729
vt 26.739429 10.995959
vt 28.248610 10.995959
vt 26.739429 13.924729
s 1
usemtl Wood_Floor_Parquet
f 4500/3753/784 4501/3754/784 4502/3755/784
f 4501/3754/784 4500/3753/784 4503/3756/784
f 4504/3757/785 4505/3758/785 4506/3759/785
f 4505/3758/785 4504/3757/785 4507/3760/785
f 4507/3760/785 4504/3757/785 4508/3761/785
f 4508/3761/785 4504/3757/785 4509/3762/785
f 4509/3762/785 4504/3757/785 4510/3763/785
f 4510/3763/785 4504/3757/785 4511/3764/785
f 4511/3764/785 4504/3757/785 4512/3765/785
f 4512/3765/785 4504/3757/785 4513/3766/785
f 4513/3766/785 4504/3757/785 4514/3767/785
f 4514/3767/785 4504/3757/785 4515/3768/785
f 4515/3768/785 4504/3757/785 4516/3769/785
f 4515/3768/785 4516/3769/785 4517/3770/785
f 4512/3765/785 4518/3771/785 4519/3772/785
f 4518/3771/785 4512/3765/785 4513/3766/785
f 4510/3763/785 4520/3773/785 4521/3774/785
f 4520/3773/785 4510/3763/785 4511/3764/785
f 4508/3761/785 4522/3775/785 4523/3776/785
f 4522/3775/785 4508/3761/785 4509/3762/785
f 4524/3777/786 4525/3778/786 4526/3779/786
f 4525/3778/786 4524/3777/786 4527/3780/786
f 4528/3781/787 4529/3782/787 4530/3783/787
f 4529/3782/787 4528/3781/787 4531/3784/787
f 4531/3784/787 4528/3781/787 4532/3785/787
f 4532/3785/787 4528/3781/787 4533/3786/787
f 4533/3786/787 4528/3781/787 4534/3787/787
f 4534/3787/787 4528/3781/787 4535/3788/787
f 4535/3788/787 4528/3781/787 4536/3789/787
f 4536/3789/787 4528/3781/787 4537/3757/787
f 4537/3757/787 4528/3781/787 4538/3790/787
f 4538/3790/787 4528/3781/787 4539/3791/787
f 4536/3789/787 4540/3792/787 4541/3793/787
f 4540/3792/787 4536/3789/787 4537/3757/787
f 4534/3787/787 4542/3794/787 4543/3795/787
f 4542/3794/787 4534/3787/787 4535/3788/787
f 4532/3785/787 4544/3796/787 4545/3797/787
f 4544/3796/787 4532/3785/787 4533/3786/787
f 4529/3782/787 4546/3798/787 4547/3799/787
f 4546/3798/787 4529/3782/787 4531/3784/787
f 4548/3800/788 4549/3801/788 4550/3802/788
f 4549/3801/788 4548/3800/788 4551/3803/788
f 4552/3804/788 4553/3802/788 4554/3805/788
f 4553/3802/788 4552/3804/788 4555/3800/788
f 4556/3806/788 4557/3802/788 4558/3807/788
f 4557/3802/788 4556/3806/788 4559/3800/788
f 4560/3808/786 4561/3809/786 4562/3810/786
f 4561/3809/786 4560/3808/786 4563/3811/786
f 4564/3753/784 4565/3812/784 4566/3755/784
f 4565/3812/784 4564/3753/784 4567/3813/784
f 4568/3814/788 4569/3802/788 4570/3815/788
f 4569/3802/788 4568/3814/788 4571/3800/788
f 4572/3816/786 4573/3817/786 4574/3818/786
f 4573/3817/786 4572/3816/786 4575/3819/786
f 4576/3753/784 4577/3820/784 4578/3755/784
f 4577/3820/784 4576/3753/784 4579/3821/784
f 4580/3814/788 4581/3802/788 4582/3815/788
f 4581/3802/788 4580/3814/788 4583/3800/788
f 4584/3822/786 4585/3823/786 4586/3824/786
f 4585/3823/786 4584/3822/786 4587/3825/786
o SketchUp.113
v 2.255669 1.260309 0.014172
v 2.123397 1.260309 0.009859
v 2.123397 1.260309 0.014172
v 2.255669 1.260309 0.009859
v 2.123397 1.364863 -0.040462
v 2.123397 1.336977 0.009859
v 2.123397 1.364863 0.009859
v 2.123397 1.327474 0.009859
v 2.123397 1.300118 0.009859
v 2.123397 1.288855 0.009859
v 2.123397 1.260309 0.009859
v 2.123397 1.250264 0.009859
v 2.123397 1.220425 0.009859
v 2.123397 0.963735 -0.000000
v 2.123397 0.963735 -0.037586
v 2.123397 0.963735 -0.040462
v 2.123397 0.963735 0.014172
v 2.123397 1.220425 0.014172
v 2.123397 1.250264 0.014172
v 2.123397 1.260309 0.014172
v 2.123397 1.288855 0.015610
v 2.123397 1.300118 0.015610
v 2.123397 1.327474 0.017048
v 2.123397 1.336977 0.017048
v 2.255669 1.260309 0.014172
v 2.123397 1.250264 0.014172
v 2.255669 1.250264 0.014172
v 2.123397 1.260309 0.014172
v 2.255669 0.963735 -0.000000
v 2.255669 1.220425 0.014172
v 2.255669 0.963735 0.014172
v 2.255669 1.220425 0.009859
v 2.255669 1.250264 0.009859
v 2.255669 1.260309 0.009859
v 2.255669 1.288855 0.009859
v 2.255669 1.300118 0.009859
v 2.255669 1.327474 0.009859
v 2.255669 1.336977 0.009859
v 2.255669 1.364863 0.009859
v 2.255669 1.364863 -0.040462
v 2.255669 0.963735 -0.037586
v 2.255669 0.963735 -0.040462
v 2.255669 1.336977 0.017048
v 2.255669 1.327474 0.017048
v 2.255669 1.300118 0.015610
v 2.255669 1.288855 0.015610
v 2.255669 1.260309 0.014172
v 2.255669 1.250264 0.014172
v 2.255669 1.220425 0.014172
v 2.123397 0.963735 0.014172
v 2.255669 0.963735 0.014172
v 2.123397 1.220425 0.014172
v 2.255669 1.220425 0.014172
v 2.123397 1.220425 0.009859
v 2.123397 1.220425 0.014172
v 2.255669 1.220425 0.009859
v 2.255669 1.250264 0.009859
v 2.123397 1.250264 0.014172
v 2.123397 1.250264 0.009859
v 2.255669 1.250264 0.014172
v 2.255669 1.288855 0.009859
v 2.123397 1.288855 0.015610
v 2.123397 1.288855 0.009859
v 2.255669 1.288855 0.015610
v 2.255669 1.300118 0.015610
v 2.123397 1.288855 0.015610
v 2.255669 1.288855 0.015610
v 2.123397 1.300118 0.015610
v 2.255669 1.300118 0.015610
v 2.123397 1.300118 0.009859
v 2.123397 1.300118 0.015610
v 2.255669 1.300118 0.009859
v 2.255669 1.327474 0.009859
v 2.123397 1.327474 0.017048
v 2.123397 1.327474 0.009859
v 2.255669 1.327474 0.017048
v 2.255669 1.336977 0.017048
v 2.123397 1.327474 0.017048
v 2.255669 1.327474 0.017048
v 2.123397 1.336977 0.017048
v 2.255669 1.336977 0.017048
v 2.123397 1.336977 0.009859
v 2.123397 1.336977 0.017048
v 2.255669 1.336977 0.009859
v 2.255669 1.364863 0.009859
v 2.123397 1.364863 -0.040462
v 2.123397 1.364863 0.009859
v 2.255669 1.364863 -0.040462
vn -0.0000 1.0000 -0.0000
vn -1.0000 -0.0000 -0.0000
vn -0.0000 -0.0000 1.0000
vn 1.0000 -0.0000 -0.0000
vn 1.0000 -0.0000 -0.0005
vn -0.0000 -1.0000 -0.0000
vt 25.736589 -0.161700
vt 24.227409 -0.112487
vt 24.227409 -0.161700
vt 25.736589 -0.112487
vt -0.461660 15.572730
vt 0.112487 15.254560
vt 0.112487 15.572730
vt 0.112487 15.146130
vt 0.112487 14.834009
vt 0.112487 14.705500
vt 0.112487 14.379800
vt 0.112487 14.265189
vt 0.112487 13.924729
vt 0.000000 10.995959
vt -0.428852 10.995959
vt -0.461660 10.995959
vt 0.161700 10.995959
vt 0.161700 13.924729
vt 0.161700 14.265189
vt 0.161700 14.379800
vt 0.178104 14.705500
vt 0.178104 14.834009
vt 0.194508 15.146130
vt 0.194508 15.254560
vt 25.736589 14.379800
vt 24.227409 14.265189
vt 25.736589 14.265189
vt 24.227409 14.379800
vt -0.161700 13.924729
vt -0.161700 10.995959
vt -0.112487 13.924729
vt -0.112487 14.265189
vt -0.112487 14.379800
vt -0.112487 14.705500
vt -0.112487 14.834009
vt -0.112487 15.146130
vt -0.112487 15.254560
vt -0.112487 15.572730
vt 0.461660 15.572730
vt 0.428852 10.995959
vt 0.461660 10.995959
vt -0.194508 15.254560
vt -0.194508 15.146130
vt -0.178104 14.834009
vt -0.178104 14.705500
vt -0.161700 14.379800
vt -0.161700 14.265189
vt 25.736589 13.924729
vt 24.227409 10.995959
vt 25.736589 10.995959
vt 24.227409 13.924729
vt -25.736589 -0.112487
vt -24.227409 -0.161700
vt -24.227409 -0.112487
vt -25.736589 -0.161700
vt -24.227409 -0.178104
vt -25.736589 -0.178104
vt 25.736589 14.834009
vt 24.227409 14.705500
vt 25.736589 14.705500
vt 24.227409 14.834009
vt 25.736589 -0.178104
vt 24.227409 -0.178104
vt -24.227409 -0.194508
vt -25.736589 -0.194508
vt 25.736589 15.254560
vt 24.227409 15.146130
vt 25.736589 15.146130
vt 24.227409 15.254560
vt 25.736589 -0.194508
vt 24.227409 -0.194508
vt 24.227409 0.461660
vt 25.736589 0.461660
s 1
usemtl Wood_Floor_Parquet
f 4588/3826/789 4589/3827/789 4590/3828/789
f 4589/3827/789 4588/3826/789 4591/3829/789
f 4592/3830/790 4593/3831/790 4594/3832/790
f 4593/3831/790 4592/3830/790 4595/3833/790
f 4595/3833/790 4592/3830/790 4596/3834/790
f 4596/3834/790 4592/3830/790 4597/3835/790
f 4597/3835/790 4592/3830/790 4598/3836/790
f 4598/3836/790 4592/3830/790 4599/3837/790
f 4599/3837/790 4592/3830/790 4600/3838/790
f 4600/3838/790 4592/3830/790 4601/3839/790
f 4601/3839/790 4592/3830/790 4602/3840/790
f 4602/3840/790 4592/3830/790 4603/3841/790
f 4600/3838/790 4604/3842/790 4605/3843/790
f 4604/3842/790 4600/3838/790 4601/3839/790
f 4598/3836/790 4606/3844/790 4607/3845/790
f 4606/3844/790 4598/3836/790 4599/3837/790
f 4596/3834/790 4608/3846/790 4609/3847/790
f 4608/3846/790 4596/3834/790 4597/3835/790
f 4593/3831/790 4610/3848/790 4611/3849/790
f 4610/3848/790 4593/3831/790 4595/3833/790
f 4612/3850/791 4613/3851/791 4614/3852/791
f 4613/3851/791 4612/3850/791 4615/3853/791
f 4616/3839/792 4617/3854/792 4618/3855/792
f 4617/3854/792 4616/3839/792 4619/3856/792
f 4619/3856/792 4616/3839/792 4620/3857/793
f 4620/3857/793 4616/3839/792 4621/3858/793
f 4621/3858/793 4616/3839/792 4622/3859/792
f 4622/3859/792 4616/3839/792 4623/3860/792
f 4623/3860/792 4616/3839/792 4624/3861/792
f 4624/3861/792 4616/3839/792 4625/3862/792
f 4625/3862/792 4616/3839/792 4626/3863/792
f 4626/3863/792 4616/3839/792 4627/3864/792
f 4627/3864/792 4616/3839/792 4628/3865/792
f 4627/3864/792 4628/3865/792 4629/3866/792
f 4624/3861/792 4630/3867/792 4631/3868/792
f 4630/3867/792 4624/3861/792 4625/3862/792
f 4622/3859/792 4632/3869/792 4633/3870/792
f 4632/3869/792 4622/3859/792 4623/3860/792
f 4620/3857/793 4634/3871/792 4635/3872/792
f 4634/3871/792 4620/3857/793 4621/3858/793
f 4636/3873/791 4637/3874/791 4638/3875/791
f 4637/3874/791 4636/3873/791 4639/3876/791
f 4640/3826/789 4641/3827/789 4642/3828/789
f 4641/3827/789 4640/3826/789 4643/3829/789
f 4644/3877/794 4645/3878/794 4646/3879/794
f 4645/3878/794 4644/3877/794 4647/3880/794
f 4648/3877/794 4649/3881/794 4650/3879/794
f 4649/3881/794 4648/3877/794 4651/3882/794
f 4652/3883/791 4653/3884/791 4654/3885/791
f 4653/3884/791 4652/3883/791 4655/3886/791
f 4656/3887/789 4657/3827/789 4658/3888/789
f 4657/3827/789 4656/3887/789 4659/3829/789
f 4660/3877/794 4661/3889/794 4662/3879/794
f 4661/3889/794 4660/3877/794 4663/3890/794
f 4664/3891/791 4665/3892/791 4666/3893/791
f 4665/3892/791 4664/3891/791 4667/3894/791
f 4668/3895/789 4669/3827/789 4670/3896/789
f 4669/3827/789 4668/3895/789 4671/3829/789
f 4672/3829/789 4673/3897/789 4674/3827/789
f 4673/3897/789 4672/3829/789 4675/3898/789
o SketchUp.114
v 2.255669 1.364863 0.009859
v 2.123397 1.336977 0.009859
v 2.255669 1.336977 0.009859
v 2.123397 1.364863 0.009859
v 2.123397 1.364863 0.009859
v 2.255669 1.364863 0.009859
v 2.123397 1.336977 0.009859
v 2.255669 1.336977 0.009859
vn -0.0000 -0.0000 1.0000
vn -0.0000 -0.0000 -1.0000
s 1
usemtl Translucent_Glass_Blue
f 4676//795 4677//795 4678//795
f 4677//795 4676//795 4679//795
f 4680//796 4681//796 4682//796
f 4683//796 4682//796 4681//796
o SketchUp.115
v 2.475833 1.250264 0.006983
v 2.343562 1.220425 0.006983
v 2.475833 1.220425 0.006983
v 2.343562 1.250264 0.006983
v 2.343562 1.250264 0.006983
v 2.475833 1.250264 0.006983
v 2.343562 1.220425 0.006983
v 2.475833 1.220425 0.006983
vn -0.0000 -0.0000 1.0000
vn -0.0000 -0.0000 -1.0000
s 1
usemtl Translucent_Glass_Blue
f 4684//797 4685//797 4686//797
f 4685//797 4684//797 4687//797
f 4688//798 4689//798 4690//798
f 4691//798 4690//798 4689//798
o SketchUp.116
v 2.475833 1.327474 0.006983
v 2.343562 1.300118 0.006983
v 2.475833 1.300118 0.006983
v 2.343562 1.327474 0.006983
v 2.343562 1.327474 0.006983
v 2.475833 1.327474 0.006983
v 2.343562 1.300118 0.006983
v 2.475833 1.300118 0.006983
vn -0.0000 -0.0000 1.0000
vn -0.0000 -0.0000 -1.0000
s 1
usemtl Translucent_Glass_Blue
f 4692//799 4693//799 4694//799
f 4693//799 4692//799 4695//799
f 4696//800 4697//800 4698//800
f 4699//800 4698//800 4697//800
o SketchUp.117
v 2.475833 1.288855 0.006983
v 2.343562 1.260309 0.006983
v 2.475833 1.260309 0.006983
v 2.343562 1.288855 0.006983
v 2.343562 1.288855 0.006983
v 2.475833 1.288855 0.006983
v 2.343562 1.260309 0.006983
v 2.475833 1.260309 0.006983
vn -0.0000 -0.0000 1.0000
vn -0.0000 -0.0000 -1.0000
s 1
usemtl Translucent_Glass_Blue
f 4700//801 4701//801 4702//801
f 4701//801 4700//801 4703//801
f 4704//802 4705//802 4706//802
f 4707//802 4706//802 4705//802
o SketchUp.118
v 2.475833 1.364863 0.006983
v 2.343562 1.336977 0.006983
v 2.475833 1.336977 0.006983
v 2.343562 1.364863 0.006983
v 2.343562 1.364863 0.006983
v 2.475833 1.364863 0.006983
v 2.343562 1.336977 0.006983
v 2.475833 1.336977 0.006983
vn -0.0000 -0.0000 1.0000
vn -0.0000 -0.0000 -1.0000
s 1
usemtl Translucent_Glass_Blue
f 4708//803 4709//803 4710//803
f 4709//803 4708//803 4711//803
f 4712//804 4713//804 4714//804
f 4715//804 4714//804 4713//804
o SketchUp.119
v 2.255669 1.327474 0.009859
v 2.123397 1.300118 0.009859
v 2.255669 1.300118 0.009859
v 2.123397 1.327474 0.009859
v 2.123397 1.327474 0.009859
v 2.255669 1.327474 0.009859
v 2.123397 1.300118 0.009859
v 2.255669 1.300118 0.009859
vn -0.0000 -0.0000 1.0000
vn -0.0000 -0.0000 -1.0000
s 1
usemtl Translucent_Glass_Blue
f 4716//805 4717//805 4718//805
f 4717//805 4716//805 4719//805
f 4720//806 4721//806 4722//806
f 4723//806 4722//806 4721//806
o SketchUp.120
v 2.255669 1.288855 0.009859
v 2.123397 1.260309 0.009859
v 2.255669 1.260309 0.009859
v 2.123397 1.288855 0.009859
v 2.123397 1.288855 0.009859
v 2.255669 1.288855 0.009859
v 2.123397 1.260309 0.009859
v 2.255669 1.260309 0.009859
vn -0.0000 -0.0000 1.0000
vn -0.0000 -0.0000 -1.0000
s 1
usemtl Translucent_Glass_Blue
f 4724//807 4725//807 4726//807
f 4725//807 4724//807 4727//807
f 4728//808 4729//808 4730//808
f 4731//808 4730//808 4729//808
o SketchUp.121
v 2.255669 1.250264 0.009859
v 2.123397 1.220425 0.009859
v 2.255669 1.220425 0.009859
v 2.123397 1.250264 0.009859
v 2.123397 1.250264 0.009859
v 2.255669 1.250264 0.009859
v 2.123397 1.220425 0.009859
v 2.255669 1.220425 0.009859
vn -0.0000 -0.0000 1.0000
vn -0.0000 -0.0000 -1.0000
s 1
usemtl Translucent_Glass_Blue
f 4732//809 4733//809 4734//809
f 4733//809 4732//809 4735//809
f 4736//810 4737//810 4738//810
f 4739//810 4738//810 4737//810
o SketchUp.122
v 2.475833 0.963735 0.011297
v 2.343562 0.963735 -0.000000
v 2.343562 0.963735 0.011297
v 2.475833 0.963735 -0.000000
vn -0.0000 1.0000 -0.0000
vt 28.248610 -0.128891
vt 26.739429 -0.000000
vt 26.739429 -0.128891
vt 28.248610 -0.000000
s 1
usemtl Wood_Floor_Parquet
f 4740/3899/811 4741/3900/811 4742/3901/811
f 4741/3900/811 4740/3899/811 4743/3902/811
o SketchUp.123
v 2.255669 0.963735 0.014172
v 2.123397 0.963735 -0.000000
v 2.123397 0.963735 0.014172
v 2.255669 0.963735 -0.000000
vn -0.0000 1.0000 -0.0000
vt 25.736589 -0.161700
vt 24.227409 -0.000000
vt 24.227409 -0.161700
vt 25.736589 -0.000000
s 1
usemtl Wood_Floor_Parquet
f 4744/3903/812 4745/3904/812 4746/3905/812
f 4745/3904/812 4744/3903/812 4747/3906/812
o SketchUp.124
v 0.776309 1.868085 0.016957
v 0.644037 1.868085 0.022708
v 0.644037 1.868085 0.016957
v 0.776309 1.868085 0.022708
v 0.776309 1.542965 -0.000000
v 0.776309 1.799656 0.021270
v 0.776309 1.542965 0.021270
v 0.776309 1.799656 0.016957
v 0.776309 1.829495 0.016957
v 0.776309 1.839540 0.016957
v 0.776309 1.868085 0.016957
v 0.776309 1.879349 0.016957
v 0.776309 1.906705 0.016957
v 0.776309 1.916208 0.016957
v 0.776309 1.944094 0.016957
v 0.776309 1.944094 -0.033364
v 0.776309 1.542965 -0.027613
v 0.776309 1.542965 -0.033364
v 0.776309 1.916208 0.024146
v 0.776309 1.906705 0.024146
v 0.776309 1.879349 0.022708
v 0.776309 1.868085 0.022708
v 0.776309 1.839540 0.021270
v 0.776309 1.829495 0.021270
v 0.776309 1.879349 0.022708
v 0.644037 1.868085 0.022708
v 0.776309 1.868085 0.022708
v 0.644037 1.879349 0.022708
v 0.644037 1.944094 -0.033364
v 0.644037 1.916208 0.016957
v 0.644037 1.944094 0.016957
v 0.644037 1.906705 0.016957
v 0.644037 1.879349 0.016957
v 0.644037 1.868085 0.016957
v 0.644037 1.839540 0.016957
v 0.644037 1.829495 0.016957
v 0.644037 1.799656 0.016957
v 0.644037 1.542965 -0.000000
v 0.644037 1.542965 -0.027613
v 0.644037 1.542965 -0.033364
v 0.644037 1.542965 0.021270
v 0.644037 1.799656 0.021270
v 0.644037 1.829495 0.021270
v 0.644037 1.839540 0.021270
v 0.644037 1.868085 0.022708
v 0.644037 1.879349 0.022708
v 0.644037 1.906705 0.024146
v 0.644037 1.916208 0.024146
v 0.776309 1.944094 0.016957
v 0.644037 1.944094 -0.033364
v 0.644037 1.944094 0.016957
v 0.776309 1.944094 -0.033364
v 0.776309 1.916208 0.024146
v 0.644037 1.916208 0.016957
v 0.644037 1.916208 0.024146
v 0.776309 1.916208 0.016957
v 0.776309 1.916208 0.024146
v 0.644037 1.906705 0.024146
v 0.776309 1.906705 0.024146
v 0.644037 1.916208 0.024146
v 0.776309 1.906705 0.016957
v 0.644037 1.906705 0.024146
v 0.644037 1.906705 0.016957
v 0.776309 1.906705 0.024146
v 0.776309 1.879349 0.022708
v 0.644037 1.879349 0.016957
v 0.644037 1.879349 0.022708
v 0.776309 1.879349 0.016957
v 0.776309 1.839540 0.021270
v 0.644037 1.839540 0.016957
v 0.644037 1.839540 0.021270
v 0.776309 1.839540 0.016957
v 0.776309 1.839540 0.021270
v 0.644037 1.829495 0.021270
v 0.776309 1.829495 0.021270
v 0.644037 1.839540 0.021270
v 0.776309 1.829495 0.016957
v 0.644037 1.829495 0.021270
v 0.644037 1.829495 0.016957
v 0.776309 1.829495 0.021270
v 0.776309 1.799656 0.021270
v 0.644037 1.799656 0.016957
v 0.644037 1.799656 0.021270
v 0.776309 1.799656 0.016957
v 0.776309 1.799656 0.021270
v 0.644037 1.542965 0.021270
v 0.776309 1.542965 0.021270
v 0.644037 1.799656 0.021270
vn -0.0000 -1.0000 -0.0000
vn 1.0000 -0.0000 -0.0000
vn -0.0000 -0.0000 1.0000
vn -1.0000 -0.0000 -0.0000
vn -0.0000 1.0000 -0.0000
vt -8.857483 -0.193477
vt -7.348296 -0.259094
vt -7.348296 -0.193477
vt -8.857483 -0.259094
vt 0.000000 17.604830
vt -0.242689 20.533600
vt -0.242689 17.604830
vt -0.193477 20.533600
vt -0.193477 20.874060
vt -0.193477 20.988670
vt -0.193477 21.314369
vt -0.193477 21.442879
vt -0.193477 21.755001
vt -0.193477 21.863430
vt -0.193477 22.181599
vt 0.380670 22.181599
vt 0.315053 17.604830
vt 0.380670 17.604830
vt -0.275498 21.863430
vt -0.275498 21.755001
vt -0.259094 21.442879
vt -0.259094 21.314369
vt -0.242689 20.988670
vt -0.242689 20.874060
vt 8.857483 21.442879
vt 7.348296 21.314369
vt 8.857483 21.314369
vt 7.348296 21.442879
vt -0.380670 22.181599
vt 0.193477 21.863430
vt 0.193477 22.181599
vt 0.193477 21.755001
vt 0.193477 21.442879
vt 0.193477 21.314369
vt 0.193477 20.988670
vt 0.193477 20.874060
vt 0.193477 20.533600
vt -0.315053 17.604830
vt -0.380670 17.604830
vt 0.242689 17.604830
vt 0.242689 20.533600
vt 0.242689 20.874060
vt 0.242689 20.988670
vt 0.259094 21.314369
vt 0.259094 21.442879
vt 0.275498 21.755001
vt 0.275498 21.863430
vt 8.857483 -0.193477
vt 7.348296 0.380670
vt 7.348296 -0.193477
vt 8.857483 0.380670
vt 8.857483 -0.275498
vt 7.348296 -0.275498
vt 8.857483 21.863430
vt 7.348296 21.755001
vt 8.857483 21.755001
vt 7.348296 21.863430
vt -7.348296 -0.275498
vt -8.857483 -0.275498
vt 8.857483 -0.259094
vt 7.348296 -0.259094
vt 8.857483 -0.242689
vt 7.348296 -0.242689
vt 8.857483 20.988670
vt 7.348296 20.874060
vt 8.857483 20.874060
vt 7.348296 20.988670
vt -7.348296 -0.242689
vt -8.857483 -0.242689
vt 8.857483 20.533600
vt 7.348296 17.604830
vt 8.857483 17.604830
vt 7.348296 20.533600
s 1
usemtl Wood_Floor_Parquet
f 4748/3907/813 4749/3908/813 4750/3909/813
f 4749/3908/813 4748/3907/813 4751/3910/813
f 4752/3911/814 4753/3912/814 4754/3913/814
f 4753/3912/814 4752/3911/814 4755/3914/814
f 4755/3914/814 4752/3911/814 4756/3915/814
f 4756/3915/814 4752/3911/814 4757/3916/814
f 4757/3916/814 4752/3911/814 4758/3917/814
f 4758/3917/814 4752/3911/814 4759/3918/814
f 4759/3918/814 4752/3911/814 4760/3919/814
f 4760/3919/814 4752/3911/814 4761/3920/814
f 4761/3920/814 4752/3911/814 4762/3921/814
f 4762/3921/814 4752/3911/814 4763/3922/814
f 4763/3922/814 4752/3911/814 4764/3923/814
f 4763/3922/814 4764/3923/814 4765/3924/814
f 4760/3919/814 4766/3925/814 4767/3926/814
f 4766/3925/814 4760/3919/814 4761/3920/814
f 4758/3917/814 4768/3927/814 4769/3928/814
f 4768/3927/814 4758/3917/814 4759/3918/814
f 4756/3915/814 4770/3929/814 4771/3930/814
f 4770/3929/814 4756/3915/814 4757/3916/814
f 4772/3931/815 4773/3932/815 4774/3933/815
f 4773/3932/815 4772/3931/815 4775/3934/815
f 4776/3935/816 4777/3936/816 4778/3937/816
f 4777/3936/816 4776/3935/816 4779/3938/816
f 4779/3938/816 4776/3935/816 4780/3939/816
f 4780/3939/816 4776/3935/816 4781/3940/816
f 4781/3940/816 4776/3935/816 4782/3941/816
f 4782/3941/816 4776/3935/816 4783/3942/816
f 4783/3942/816 4776/3935/816 4784/3943/816
f 4784/3943/816 4776/3935/816 4785/3911/816
f 4785/3911/816 4776/3935/816 4786/3944/816
f 4786/3944/816 4776/3935/816 4787/3945/816
f 4784/3943/816 4788/3946/816 4789/3947/816
f 4788/3946/816 4784/3943/816 4785/3911/816
f 4782/3941/816 4790/3948/816 4791/3949/816
f 4790/3948/816 4782/3941/816 4783/3942/816
f 4780/3939/816 4792/3950/816 4793/3951/816
f 4792/3950/816 4780/3939/816 4781/3940/816
f 4777/3936/816 4794/3952/816 4795/3953/816
f 4794/3952/816 4777/3936/816 4779/3938/816
f 4796/3954/817 4797/3955/817 4798/3956/817
f 4797/3955/817 4796/3954/817 4799/3957/817
f 4800/3958/817 4801/3956/817 4802/3959/817
f 4801/3956/817 4800/3958/817 4803/3954/817
f 4804/3960/815 4805/3961/815 4806/3962/815
f 4805/3961/815 4804/3960/815 4807/3963/815
f 4808/3907/813 4809/3964/813 4810/3909/813
f 4809/3964/813 4808/3907/813 4811/3965/813
f 4812/3966/817 4813/3956/817 4814/3967/817
f 4813/3956/817 4812/3966/817 4815/3954/817
f 4816/3968/817 4817/3956/817 4818/3969/817
f 4817/3956/817 4816/3968/817 4819/3954/817
f 4820/3970/815 4821/3971/815 4822/3972/815
f 4821/3971/815 4820/3970/815 4823/3973/815
f 4824/3907/813 4825/3974/813 4826/3909/813
f 4825/3974/813 4824/3907/813 4827/3975/813
f 4828/3968/817 4829/3956/817 4830/3969/817
f 4829/3956/817 4828/3968/817 4831/3954/817
f 4832/3976/815 4833/3977/815 4834/3978/815
f 4833/3977/815 4832/3976/815 4835/3979/815
o SketchUp.125
v 0.556144 1.906705 0.019833
v 0.423873 1.906705 0.027021
v 0.423873 1.906705 0.019833
v 0.556144 1.906705 0.027021
v 0.556144 1.542965 -0.000000
v 0.556144 1.799656 0.024146
v 0.556144 1.542965 0.024146
v 0.556144 1.799656 0.019833
v 0.556144 1.829495 0.019833
v 0.556144 1.839540 0.019833
v 0.556144 1.868085 0.019833
v 0.556144 1.879349 0.019833
v 0.556144 1.906705 0.019833
v 0.556144 1.916208 0.019833
v 0.556144 1.944094 0.019833
v 0.556144 1.944094 -0.030488
v 0.556144 1.542965 -0.027613
v 0.556144 1.542965 -0.030488
v 0.556144 1.916208 0.027021
v 0.556144 1.906705 0.027021
v 0.556144 1.879349 0.025584
v 0.556144 1.868085 0.025584
v 0.556144 1.839540 0.024146
v 0.556144 1.829495 0.024146
v 0.556144 1.916208 0.027021
v 0.423873 1.906705 0.027021
v 0.556144 1.906705 0.027021
v 0.423873 1.916208 0.027021
v 0.423873 1.944094 -0.030488
v 0.423873 1.916208 0.019833
v 0.423873 1.944094 0.019833
v 0.423873 1.906705 0.019833
v 0.423873 1.879349 0.019833
v 0.423873 1.868085 0.019833
v 0.423873 1.839540 0.019833
v 0.423873 1.829495 0.019833
v 0.423873 1.799656 0.019833
v 0.423873 1.542965 -0.000000
v 0.423873 1.542965 -0.027613
v 0.423873 1.542965 -0.030488
v 0.423873 1.542965 0.024146
v 0.423873 1.799656 0.024146
v 0.423873 1.829495 0.024146
v 0.423873 1.839540 0.024146
v 0.423873 1.868085 0.025584
v 0.423873 1.879349 0.025584
v 0.423873 1.906705 0.027021
v 0.423873 1.916208 0.027021
v 0.556144 1.944094 0.019833
v 0.423873 1.944094 -0.030488
v 0.423873 1.944094 0.019833
v 0.556144 1.944094 -0.030488
v 0.556144 1.916208 0.027021
v 0.423873 1.916208 0.019833
v 0.423873 1.916208 0.027021
v 0.556144 1.916208 0.019833
v 0.556144 1.879349 0.025584
v 0.423873 1.879349 0.019833
v 0.423873 1.879349 0.025584
v 0.556144 1.879349 0.019833
v 0.556144 1.879349 0.025584
v 0.423873 1.868085 0.025584
v 0.556144 1.868085 0.025584
v 0.423873 1.879349 0.025584
v 0.556144 1.868085 0.019833
v 0.423873 1.868085 0.025584
v 0.423873 1.868085 0.019833
v 0.556144 1.868085 0.025584
v 0.556144 1.839540 0.024146
v 0.423873 1.839540 0.019833
v 0.423873 1.839540 0.024146
v 0.556144 1.839540 0.019833
v 0.556144 1.839540 0.024146
v 0.423873 1.829495 0.024146
v 0.556144 1.829495 0.024146
v 0.423873 1.839540 0.024146
v 0.556144 1.829495 0.019833
v 0.423873 1.829495 0.024146
v 0.423873 1.829495 0.019833
v 0.556144 1.829495 0.024146
v 0.556144 1.799656 0.024146
v 0.423873 1.799656 0.019833
v 0.423873 1.799656 0.024146
v 0.556144 1.799656 0.019833
v 0.556144 1.799656 0.024146
v 0.423873 1.542965 0.024146
v 0.556144 1.542965 0.024146
v 0.423873 1.799656 0.024146
vn -0.0000 -1.0000 -0.0000
vn 1.0000 -0.0000 -0.0000
vn -0.0000 -0.0000 1.0000
vn -1.0000 -0.0000 -0.0000
vn -0.0000 1.0000 -0.0000
vt -6.345464 -0.226285
vt -4.836277 -0.308306
vt -4.836277 -0.226285
vt -6.345464 -0.308306
vt -0.000000 17.604830
vt -0.275498 20.533600
vt -0.275498 17.604830
vt -0.226285 20.533600
vt -0.226285 20.874060
vt -0.226285 20.988670
vt -0.226285 21.314369
vt -0.226285 21.442879
vt -0.226285 21.755001
vt -0.226285 21.863430
vt -0.226285 22.181599
vt 0.347862 22.181599
vt 0.315053 17.604830
vt 0.347862 17.604830
vt -0.308306 21.863430
vt -0.308306 21.755001
vt -0.291902 21.442879
vt -0.291902 21.314369
vt -0.275498 20.988670
vt -0.275498 20.874060
vt 6.345464 21.863430
vt 4.836277 21.755001
vt 6.345464 21.755001
vt 4.836277 21.863430
vt -0.347862 22.181599
vt 0.226285 21.863430
vt 0.226285 22.181599
vt 0.226285 21.755001
vt 0.226285 21.442879
vt 0.226285 21.314369
vt 0.226285 20.988670
vt 0.226285 20.874060
vt 0.226285 20.533600
vt -0.315053 17.604830
vt -0.347862 17.604830
vt 0.275498 17.604830
vt 0.275498 20.533600
vt 0.275498 20.874060
vt 0.275498 20.988670
vt 0.291902 21.314369
vt 0.291902 21.442879
vt 0.308306 21.755001
vt 0.308306 21.863430
vt 6.345464 -0.226285
vt 4.836277 0.347862
vt 4.836277 -0.226285
vt 6.345464 0.347862
vt 6.345464 -0.308306
vt 4.836277 -0.308306
vt 6.345464 -0.291902
vt 4.836277 -0.291902
vt 6.345464 21.442879
vt 4.836277 21.314369
vt 6.345464 21.314369
vt 4.836277 21.442879
vt -4.836277 -0.291902
vt -6.345464 -0.291902
vt 6.345464 -0.275498
vt 4.836277 -0.275498
vt 6.345464 20.988670
vt 4.836277 20.874060
vt 6.345464 20.874060
vt 4.836277 20.988670
vt -4.836277 -0.275498
vt -6.345464 -0.275498
vt 6.345464 20.533600
vt 4.836277 17.604830
vt 6.345464 17.604830
vt 4.836277 20.533600
s 1
usemtl Wood_Floor_Parquet
f 4836/3980/818 4837/3981/818 4838/3982/818
f 4837/3981/818 4836/3980/818 4839/3983/818
f 4840/3984/819 4841/3985/819 4842/3986/819
f 4841/3985/819 4840/3984/819 4843/3987/819
f 4843/3987/819 4840/3984/819 4844/3988/819
f 4844/3988/819 4840/3984/819 4845/3989/819
f 4845/3989/819 4840/3984/819 4846/3990/819
f 4846/3990/819 4840/3984/819 4847/3991/819
f 4847/3991/819 4840/3984/819 4848/3992/819
f 4848/3992/819 4840/3984/819 4849/3993/819
f 4849/3993/819 4840/3984/819 4850/3994/819
f 4850/3994/819 4840/3984/819 4851/3995/819
f 4851/3995/819 4840/3984/819 4852/3996/819
f 4851/3995/819 4852/3996/819 4853/3997/819
f 4848/3992/819 4854/3998/819 4855/3999/819
f 4854/3998/819 4848/3992/819 4849/3993/819
f 4846/3990/819 4856/4000/819 4857/4001/819
f 4856/4000/819 4846/3990/819 4847/3991/819
f 4844/3988/819 4858/4002/819 4859/4003/819
f 4858/4002/819 4844/3988/819 4845/3989/819
f 4860/4004/820 4861/4005/820 4862/4006/820
f 4861/4005/820 4860/4004/820 4863/4007/820
f 4864/4008/821 4865/4009/821 4866/4010/821
f 4865/4009/821 4864/4008/821 4867/4011/821
f 4867/4011/821 4864/4008/821 4868/4012/821
f 4868/4012/821 4864/4008/821 4869/4013/821
f 4869/4013/821 4864/4008/821 4870/4014/821
f 4870/4014/821 4864/4008/821 4871/4015/821
f 4871/4015/821 4864/4008/821 4872/4016/821
f 4872/4016/821 4864/4008/821 4873/3984/821
f 4873/3984/821 4864/4008/821 4874/4017/821
f 4874/4017/821 4864/4008/821 4875/4018/821
f 4872/4016/821 4876/4019/821 4877/4020/821
f 4876/4019/821 4872/4016/821 4873/3984/821
f 4870/4014/821 4878/4021/821 4879/4022/821
f 4878/4021/821 4870/4014/821 4871/4015/821
f 4868/4012/821 4880/4023/821 4881/4024/821
f 4880/4023/821 4868/4012/821 4869/4013/821
f 4865/4009/821 4882/4025/821 4883/4026/821
f 4882/4025/821 4865/4009/821 4867/4011/821
f 4884/4027/822 4885/4028/822 4886/4029/822
f 4885/4028/822 4884/4027/822 4887/4030/822
f 4888/4031/822 4889/4029/822 4890/4032/822
f 4889/4029/822 4888/4031/822 4891/4027/822
f 4892/4033/822 4893/4029/822 4894/4034/822
f 4893/4029/822 4892/4033/822 4895/4027/822
f 4896/4035/820 4897/4036/820 4898/4037/820
f 4897/4036/820 4896/4035/820 4899/4038/820
f 4900/3980/818 4901/4039/818 4902/3982/818
f 4901/4039/818 4900/3980/818 4903/4040/818
f 4904/4041/822 4905/4029/822 4906/4042/822
f 4905/4029/822 4904/4041/822 4907/4027/822
f 4908/4043/820 4909/4044/820 4910/4045/820
f 4909/4044/820 4908/4043/820 4911/4046/820
f 4912/3980/818 4913/4047/818 4914/3982/818
f 4913/4047/818 4912/3980/818 4915/4048/818
f 4916/4041/822 4917/4029/822 4918/4042/822
f 4917/4029/822 4916/4041/822 4919/4027/822
f 4920/4049/820 4921/4050/820 4922/4051/820
f 4921/4050/820 4920/4049/820 4923/4052/820
o SketchUp.126
v 0.556144 1.868085 0.019833
v 0.423873 1.839540 0.019833
v 0.556144 1.839540 0.019833
v 0.423873 1.868085 0.019833
v 0.423873 1.868085 0.019833
v 0.556144 1.868085 0.019833
v 0.423873 1.839540 0.019833
v 0.556144 1.839540 0.019833
vn -0.0000 -0.0000 1.0000
vn -0.0000 -0.0000 -1.0000
s 1
usemtl Translucent_Glass_Blue
f 4924//823 4925//823 4926//823
f 4925//823 4924//823 4927//823
f 4928//824 4929//824 4930//824
f 4931//824 4930//824 4929//824
o SketchUp.127
v 0.556144 1.906705 0.019833
v 0.423873 1.879349 0.019833
v 0.556144 1.879349 0.019833
v 0.423873 1.906705 0.019833
v 0.423873 1.906705 0.019833
v 0.556144 1.906705 0.019833
v 0.423873 1.879349 0.019833
v 0.556144 1.879349 0.019833
vn -0.0000 -0.0000 1.0000
vn -0.0000 -0.0000 -1.0000
s 1
usemtl Translucent_Glass_Blue
f 4932//825 4933//825 4934//825
f 4933//825 4932//825 4935//825
f 4936//826 4937//826 4938//826
f 4939//826 4938//826 4937//826
o SketchUp.128
v 0.319643 1.839540 0.027021
v 0.187371 1.829495 0.027021
v 0.319643 1.829495 0.027021
v 0.187371 1.839540 0.027021
v 0.187371 1.944094 -0.027613
v 0.187371 1.916208 0.022708
v 0.187371 1.944094 0.022708
v 0.187371 1.906705 0.022708
v 0.187371 1.879349 0.022708
v 0.187371 1.868085 0.022708
v 0.187371 1.839540 0.022708
v 0.187371 1.829495 0.022708
v 0.187371 1.799656 0.022708
v 0.187371 1.542965 -0.000000
v 0.187371 1.542965 -0.027613
v 0.187371 1.542965 0.027021
v 0.187371 1.799656 0.027021
v 0.187371 1.829495 0.027021
v 0.187371 1.839540 0.027021
v 0.187371 1.868085 0.028459
v 0.187371 1.879349 0.028459
v 0.187371 1.906705 0.029897
v 0.187371 1.916208 0.029897
v 0.319643 1.829495 0.022708
v 0.187371 1.829495 0.027021
v 0.187371 1.829495 0.022708
v 0.319643 1.829495 0.027021
v 0.319643 1.542965 -0.000000
v 0.319643 1.799656 0.027021
v 0.319643 1.542965 0.027021
v 0.319643 1.799656 0.022708
v 0.319643 1.829495 0.022708
v 0.319643 1.839540 0.022708
v 0.319643 1.868085 0.022708
v 0.319643 1.879349 0.022708
v 0.319643 1.906705 0.022708
v 0.319643 1.916208 0.022708
v 0.319643 1.944094 0.022708
v 0.319643 1.944094 -0.027613
v 0.319643 1.542965 -0.027613
v 0.319643 1.916208 0.029897
v 0.319643 1.906705 0.029897
v 0.319643 1.879349 0.028459
v 0.319643 1.868085 0.028459
v 0.319643 1.839540 0.027021
v 0.319643 1.829495 0.027021
v 0.319643 1.839540 0.027021
v 0.187371 1.839540 0.022708
v 0.187371 1.839540 0.027021
v 0.319643 1.839540 0.022708
v 0.319643 1.799656 0.027021
v 0.187371 1.542965 0.027021
v 0.319643 1.542965 0.027021
v 0.187371 1.799656 0.027021
v 0.319643 1.799656 0.027021
v 0.187371 1.799656 0.022708
v 0.187371 1.799656 0.027021
v 0.319643 1.799656 0.022708
v 0.319643 1.868085 0.022708
v 0.187371 1.868085 0.028459
v 0.187371 1.868085 0.022708
v 0.319643 1.868085 0.028459
v 0.319643 1.879349 0.028459
v 0.187371 1.868085 0.028459
v 0.319643 1.868085 0.028459
v 0.187371 1.879349 0.028459
v 0.319643 1.879349 0.028459
v 0.187371 1.879349 0.022708
v 0.187371 1.879349 0.028459
v 0.319643 1.879349 0.022708
v 0.319643 1.906705 0.022708
v 0.187371 1.906705 0.029897
v 0.187371 1.906705 0.022708
v 0.319643 1.906705 0.029897
v 0.319643 1.916208 0.029897
v 0.187371 1.906705 0.029897
v 0.319643 1.906705 0.029897
v 0.187371 1.916208 0.029897
v 0.319643 1.916208 0.029897
v 0.187371 1.916208 0.022708
v 0.187371 1.916208 0.029897
v 0.319643 1.916208 0.022708
v 0.319643 1.944094 0.022708
v 0.187371 1.944094 -0.027613
v 0.187371 1.944094 0.022708
v 0.319643 1.944094 -0.027613
vn -0.0000 -0.0000 1.0000
vn -1.0000 -0.0000 -0.0000
vn -0.0000 -1.0000 -0.0000
vn 1.0000 -0.0000 -0.0000
vn -0.0000 1.0000 -0.0000
vt 3.647042 20.988670
vt 2.137856 20.874060
vt 3.647042 20.874060
vt 2.137856 20.988670
vt -0.315053 22.181599
vt 0.259094 21.863430
vt 0.259094 22.181599
vt 0.259094 21.755001
vt 0.259094 21.442879
vt 0.259094 21.314369
vt 0.259094 20.988670
vt 0.259094 20.874060
vt 0.259094 20.533600
vt -0.000000 17.604830
vt -0.315053 17.604830
vt 0.308306 17.604830
vt 0.308306 20.533600
vt 0.308306 20.874060
vt 0.308306 20.988670
vt 0.324710 21.314369
vt 0.324710 21.442879
vt 0.341115 21.755001
vt 0.341115 21.863430
vt -3.647042 -0.259094
vt -2.137856 -0.308306
vt -2.137856 -0.259094
vt -3.647042 -0.308306
vt -0.308306 20.533600
vt -0.308306 17.604830
vt -0.259094 20.533600
vt -0.259094 20.874060
vt -0.259094 20.988670
vt -0.259094 21.314369
vt -0.259094 21.442879
vt -0.259094 21.755001
vt -0.259094 21.863430
vt -0.259094 22.181599
vt 0.315053 22.181599
vt 0.315053 17.604830
vt -0.341115 21.863430
vt -0.341115 21.755001
vt -0.324710 21.442879
vt -0.324710 21.314369
vt -0.308306 20.988670
vt -0.308306 20.874060
vt 3.647042 -0.308306
vt 2.137856 -0.259094
vt 2.137856 -0.308306
vt 3.647042 -0.259094
vt 3.647042 20.533600
vt 2.137856 17.604830
vt 3.647042 17.604830
vt 2.137856 20.533600
vt -2.137856 -0.324710
vt -3.647042 -0.324710
vt 3.647042 21.442879
vt 2.137856 21.314369
vt 3.647042 21.314369
vt 2.137856 21.442879
vt 3.647042 -0.324710
vt 2.137856 -0.324710
vt -2.137856 -0.341115
vt -3.647042 -0.341115
vt 3.647042 21.863430
vt 2.137856 21.755001
vt 3.647042 21.755001
vt 2.137856 21.863430
vt 3.647042 -0.341115
vt 2.137856 -0.341115
vt 2.137856 0.315053
vt 3.647042 0.315053
s 1
usemtl Wood_Floor_Parquet
f 4940/4053/827 4941/4054/827 4942/4055/827
f 4941/4054/827 4940/4053/827 4943/4056/827
f 4944/4057/828 4945/4058/828 4946/4059/828
f 4945/4058/828 4944/4057/828 4947/4060/828
f 4947/4060/828 4944/4057/828 4948/4061/828
f 4948/4061/828 4944/4057/828 4949/4062/828
f 4949/4062/828 4944/4057/828 4950/4063/828
f 4950/4063/828 4944/4057/828 4951/4064/828
f 4951/4064/828 4944/4057/828 4952/4065/828
f 4952/4065/828 4944/4057/828 4953/4066/828
f 4953/4066/828 4944/4057/828 4954/4067/828
f 4952/4065/828 4955/4068/828 4956/4069/828
f 4955/4068/828 4952/4065/828 4953/4066/828
f 4950/4063/828 4957/4070/828 4958/4071/828
f 4957/4070/828 4950/4063/828 4951/4064/828
f 4948/4061/828 4959/4072/828 4960/4073/828
f 4959/4072/828 4948/4061/828 4949/4062/828
f 4945/4058/828 4961/4074/828 4962/4075/828
f 4961/4074/828 4945/4058/828 4947/4060/828
f 4963/4076/829 4964/4077/829 4965/4078/829
f 4964/4077/829 4963/4076/829 4966/4079/829
f 4967/4066/830 4968/4080/830 4969/4081/830
f 4968/4080/830 4967/4066/830 4970/4082/830
f 4970/4082/830 4967/4066/830 4971/4083/830
f 4971/4083/830 4967/4066/830 4972/4084/830
f 4972/4084/830 4967/4066/830 4973/4085/830
f 4973/4085/830 4967/4066/830 4974/4086/830
f 4974/4086/830 4967/4066/830 4975/4087/830
f 4975/4087/830 4967/4066/830 4976/4088/830
f 4976/4088/830 4967/4066/830 4977/4089/830
f 4977/4089/830 4967/4066/830 4978/4090/830
f 4978/4090/830 4967/4066/830 4979/4091/830
f 4975/4087/830 4980/4092/830 4981/4093/830
f 4980/4092/830 4975/4087/830 4976/4088/830
f 4973/4085/830 4982/4094/830 4983/4095/830
f 4982/4094/830 4973/4085/830 4974/4086/830
f 4971/4083/830 4984/4096/830 4985/4097/830
f 4984/4096/830 4971/4083/830 4972/4084/830
f 4986/4098/831 4987/4099/831 4988/4100/831
f 4987/4099/831 4986/4098/831 4989/4101/831
f 4990/4102/827 4991/4103/827 4992/4104/827
f 4991/4103/827 4990/4102/827 4993/4105/827
f 4994/4098/831 4995/4099/831 4996/4100/831
f 4995/4099/831 4994/4098/831 4997/4101/831
f 4998/4076/829 4999/4106/829 5000/4078/829
f 4999/4106/829 4998/4076/829 5001/4107/829
f 5002/4108/827 5003/4109/827 5004/4110/827
f 5003/4109/827 5002/4108/827 5005/4111/827
f 5006/4112/831 5007/4099/831 5008/4113/831
f 5007/4099/831 5006/4112/831 5009/4101/831
f 5010/4076/829 5011/4114/829 5012/4078/829
f 5011/4114/829 5010/4076/829 5013/4115/829
f 5014/4116/827 5015/4117/827 5016/4118/827
f 5015/4117/827 5014/4116/827 5017/4119/827
f 5018/4120/831 5019/4099/831 5020/4121/831
f 5019/4099/831 5018/4120/831 5021/4101/831
f 5022/4101/831 5023/4122/831 5024/4099/831
f 5023/4122/831 5022/4101/831 5025/4123/831
o SketchUp.129
v 0.776309 1.829495 0.016957
v 0.644037 1.799656 0.016957
v 0.776309 1.799656 0.016957
v 0.644037 1.829495 0.016957
v 0.644037 1.829495 0.016957
v 0.776309 1.829495 0.016957
v 0.644037 1.799656 0.016957
v 0.776309 1.799656 0.016957
vn -0.0000 -0.0000 1.0000
vn -0.0000 -0.0000 -1.0000
s 1
usemtl Translucent_Glass_Blue
f 5026//832 5027//832 5028//832
f 5027//832 5026//832 5029//832
f 5030//833 5031//833 5032//833
f 5033//833 5032//833 5031//833
o SketchUp.130
v 0.319643 1.944094 0.022708
v 0.187371 1.916208 0.022708
v 0.319643 1.916208 0.022708
v 0.187371 1.944094 0.022708
v 0.187371 1.944094 0.022708
v 0.319643 1.944094 0.022708
v 0.187371 1.916208 0.022708
v 0.319643 1.916208 0.022708
vn -0.0000 -0.0000 1.0000
vn -0.0000 -0.0000 -1.0000
s 1
usemtl Translucent_Glass_Blue
f 5034//834 5035//834 5036//834
f 5035//834 5034//834 5037//834
f 5038//835 5039//835 5040//835
f 5041//835 5040//835 5039//835
o SketchUp.131
v 0.776309 1.906705 0.016957
v 0.644037 1.879349 0.016957
v 0.776309 1.879349 0.016957
v 0.644037 1.906705 0.016957
v 0.644037 1.906705 0.016957
v 0.776309 1.906705 0.016957
v 0.644037 1.879349 0.016957
v 0.776309 1.879349 0.016957
vn -0.0000 -0.0000 1.0000
vn -0.0000 -0.0000 -1.0000
s 1
usemtl Translucent_Glass_Blue
f 5042//836 5043//836 5044//836
f 5043//836 5042//836 5045//836
f 5046//837 5047//837 5048//837
f 5049//837 5048//837 5047//837
o SketchUp.132
v 0.319643 1.906705 0.022708
v 0.187371 1.879349 0.022708
v 0.319643 1.879349 0.022708
v 0.187371 1.906705 0.022708
v 0.187371 1.906705 0.022708
v 0.319643 1.906705 0.022708
v 0.187371 1.879349 0.022708
v 0.319643 1.879349 0.022708
vn -0.0000 -0.0000 1.0000
vn -0.0000 -0.0000 -1.0000
s 1
usemtl Translucent_Glass_Blue
f 5050//838 5051//838 5052//838
f 5051//838 5050//838 5053//838
f 5054//839 5055//839 5056//839
f 5057//839 5056//839 5055//839
o SketchUp.133
v 0.556144 1.944094 0.019833
v 0.423873 1.916208 0.019833
v 0.556144 1.916208 0.019833
v 0.423873 1.944094 0.019833
v 0.423873 1.944094 0.019833
v 0.556144 1.944094 0.019833
v 0.423873 1.916208 0.019833
v 0.556144 1.916208 0.019833
vn -0.0000 -0.0000 1.0000
vn -0.0000 -0.0000 -1.0000
s 1
usemtl Translucent_Glass_Blue
f 5058//840 5059//840 5060//840
f 5059//840 5058//840 5061//840
f 5062//841 5063//841 5064//841
f 5065//841 5064//841 5063//841
o SketchUp.134
v 0.776309 1.868085 0.016957
v 0.644037 1.839540 0.016957
v 0.776309 1.839540 0.016957
v 0.644037 1.868085 0.016957
v 0.644037 1.868085 0.016957
v 0.776309 1.868085 0.016957
v 0.644037 1.839540 0.016957
v 0.776309 1.839540 0.016957
vn -0.0000 -0.0000 1.0000
vn -0.0000 -0.0000 -1.0000
s 1
usemtl Translucent_Glass_Blue
f 5066//842 5067//842 5068//842
f 5067//842 5066//842 5069//842
f 5070//843 5071//843 5072//843
f 5073//843 5072//843 5071//843
o SketchUp.135
v 0.776309 1.944094 0.016957
v 0.644037 1.916208 0.016957
v 0.776309 1.916208 0.016957
v 0.644037 1.944094 0.016957
v 0.644037 1.944094 0.016957
v 0.776309 1.944094 0.016957
v 0.644037 1.916208 0.016957
v 0.776309 1.916208 0.016957
vn -0.0000 -0.0000 1.0000
vn -0.0000 -0.0000 -1.0000
s 1
usemtl Translucent_Glass_Blue
f 5074//844 5075//844 5076//844
f 5075//844 5074//844 5077//844
f 5078//845 5079//845 5080//845
f 5081//845 5080//845 5079//845
o SketchUp.136
v 0.319643 1.829495 0.022708
v 0.187371 1.799656 0.022708
v 0.319643 1.799656 0.022708
v 0.187371 1.829495 0.022708
v 0.187371 1.829495 0.022708
v 0.319643 1.829495 0.022708
v 0.187371 1.799656 0.022708
v 0.319643 1.799656 0.022708
vn -0.0000 -0.0000 1.0000
vn -0.0000 -0.0000 -1.0000
s 1
usemtl Translucent_Glass_Blue
f 5082//846 5083//846 5084//846
f 5083//846 5082//846 5085//846
f 5086//847 5087//847 5088//847
f 5089//847 5088//847 5087//847
o SketchUp.137
v 0.319643 1.868085 0.022708
v 0.187371 1.839540 0.022708
v 0.319643 1.839540 0.022708
v 0.187371 1.868085 0.022708
v 0.187371 1.868085 0.022708
v 0.319643 1.868085 0.022708
v 0.187371 1.839540 0.022708
v 0.319643 1.839540 0.022708
vn -0.0000 -0.0000 1.0000
vn -0.0000 -0.0000 -1.0000
s 1
usemtl Translucent_Glass_Blue
f 5090//848 5091//848 5092//848
f 5091//848 5090//848 5093//848
f 5094//849 5095//849 5096//849
f 5097//849 5096//849 5095//849
o SketchUp.138
v 0.556144 1.829495 0.019833
v 0.423873 1.799656 0.019833
v 0.556144 1.799656 0.019833
v 0.423873 1.829495 0.019833
v 0.423873 1.829495 0.019833
v 0.556144 1.829495 0.019833
v 0.423873 1.799656 0.019833
v 0.556144 1.799656 0.019833
vn -0.0000 -0.0000 1.0000
vn -0.0000 -0.0000 -1.0000
s 1
usemtl Translucent_Glass_Blue
f 5098//850 5099//850 5100//850
f 5099//850 5098//850 5101//850
f 5102//851 5103//851 5104//851
f 5105//851 5104//851 5103//851
o SketchUp.139
v 0.319643 1.542965 0.027021
v 0.187371 1.542965 -0.000000
v 0.187371 1.542965 0.027021
v 0.200311 1.542965 -0.000000
v 0.319643 1.542965 -0.000000
vn -0.0000 1.0000 -0.0000
vt 3.647042 -0.308306
vt 2.137856 0.000000
vt 2.137856 -0.308306
vt 2.285494 0.000000
vt 3.647042 0.000000
s 1
usemtl Wood_Floor_Parquet
f 5106/4124/852 5107/4125/852 5108/4126/852
f 5107/4125/852 5106/4124/852 5109/4127/852
f 5109/4127/852 5106/4124/852 5110/4128/852
o SketchUp.140
v 0.776309 1.542965 0.021270
v 0.644037 1.542965 -0.000000
v 0.644037 1.542965 0.021270
v 0.776309 1.542965 -0.000000
vn -0.0000 1.0000 -0.0000
vt 8.857483 -0.242689
vt 7.348296 -0.000000
vt 7.348296 -0.242689
vt 8.857483 -0.000000
s 1
usemtl Wood_Floor_Parquet
f 5111/4129/853 5112/4130/853 5113/4131/853
f 5112/4130/853 5111/4129/853 5114/4132/853
o SketchUp.141
v 1.431664 1.944094 0.032471
v 1.299393 1.944094 -0.017850
v 1.299393 1.944094 0.032471
v 1.431664 1.944094 -0.017850
v 1.299393 1.944094 -0.017850
v 1.299393 1.916208 0.032471
v 1.299393 1.944094 0.032471
v 1.299393 1.906705 0.032471
v 1.299393 1.879349 0.032471
v 1.299393 1.868085 0.032471
v 1.299393 1.839540 0.032471
v 1.299393 1.829495 0.032471
v 1.299393 1.799656 0.032471
v 1.299393 1.542965 -0.000000
v 1.299393 1.542965 -0.014975
v 1.299393 1.542965 -0.017850
v 1.299393 1.542965 0.036784
v 1.299393 1.799656 0.036784
v 1.299393 1.829495 0.036784
v 1.299393 1.839540 0.036784
v 1.299393 1.868085 0.038222
v 1.299393 1.879349 0.038222
v 1.299393 1.906705 0.039659
v 1.299393 1.916208 0.039659
v 1.431664 1.542965 -0.000000
v 1.431664 1.799656 0.036784
v 1.431664 1.542965 0.036784
v 1.431664 1.799656 0.032471
v 1.431664 1.829495 0.032471
v 1.431664 1.839540 0.032471
v 1.431664 1.868085 0.032471
v 1.431664 1.879349 0.032471
v 1.431664 1.906705 0.032471
v 1.431664 1.916208 0.032471
v 1.431664 1.944094 0.032471
v 1.431664 1.944094 -0.017850
v 1.431664 1.542965 -0.014975
v 1.431664 1.542965 -0.017850
v 1.431664 1.916208 0.039659
v 1.431664 1.906705 0.039659
v 1.431664 1.879349 0.038222
v 1.431664 1.868085 0.038222
v 1.431664 1.839540 0.036784
v 1.431664 1.829495 0.036784
v 1.431664 1.799656 0.036784
v 1.299393 1.542965 0.036784
v 1.431664 1.542965 0.036784
v 1.299393 1.799656 0.036784
v 1.431664 1.799656 0.036784
v 1.299393 1.799656 0.032471
v 1.299393 1.799656 0.036784
v 1.431664 1.799656 0.032471
v 1.431664 1.829495 0.032471
v 1.299393 1.829495 0.036784
v 1.299393 1.829495 0.032471
v 1.431664 1.829495 0.036784
v 1.431664 1.839540 0.036784
v 1.299393 1.829495 0.036784
v 1.431664 1.829495 0.036784
v 1.299393 1.839540 0.036784
v 1.431664 1.839540 0.036784
v 1.299393 1.839540 0.032471
v 1.299393 1.839540 0.036784
v 1.431664 1.839540 0.032471
v 1.431664 1.868085 0.032471
v 1.299393 1.868085 0.038222
v 1.299393 1.868085 0.032471
v 1.431664 1.868085 0.038222
v 1.431664 1.879349 0.038222
v 1.299393 1.868085 0.038222
v 1.431664 1.868085 0.038222
v 1.299393 1.879349 0.038222
v 1.431664 1.879349 0.038222
v 1.299393 1.879349 0.032471
v 1.299393 1.879349 0.038222
v 1.431664 1.879349 0.032471
v 1.431664 1.906705 0.032471
v 1.299393 1.906705 0.039659
v 1.299393 1.906705 0.032471
v 1.431664 1.906705 0.039659
v 1.431664 1.916208 0.039659
v 1.299393 1.906705 0.039659
v 1.431664 1.906705 0.039659
v 1.299393 1.916208 0.039659
v 1.431664 1.916208 0.039659
v 1.299393 1.916208 0.032471
v 1.299393 1.916208 0.039659
v 1.431664 1.916208 0.032471
vn -0.0000 1.0000 -0.0000
vn -1.0000 -0.0000 -0.0000
vn 1.0000 -0.0000 -0.0000
vn -0.0000 -0.0000 1.0000
vn -0.0000 -1.0000 -0.0000
vt 16.334919 -0.370483
vt 14.825729 0.203664
vt 14.825729 -0.370483
vt 16.334919 0.203664
vt -0.203664 22.181599
vt 0.370483 21.863430
vt 0.370483 22.181599
vt 0.370483 21.755001
vt 0.370483 21.442879
vt 0.370483 21.314369
vt 0.370483 20.988670
vt 0.370483 20.874060
vt 0.370483 20.533600
vt -0.000000 17.604830
vt -0.170855 17.604830
vt -0.203664 17.604830
vt 0.419696 17.604830
vt 0.419696 20.533600
vt 0.419696 20.874060
vt 0.419696 20.988670
vt 0.436100 21.314369
vt 0.436100 21.442879
vt 0.452504 21.755001
vt 0.452504 21.863430
vt -0.419696 20.533600
vt -0.419696 17.604830
vt -0.370483 20.533600
vt -0.370483 20.874060
vt -0.370483 20.988670
vt -0.370483 21.314369
vt -0.370483 21.442879
vt -0.370483 21.755001
vt -0.370483 21.863430
vt -0.370483 22.181599
vt 0.203664 22.181599
vt 0.170855 17.604830
vt 0.203664 17.604830
vt -0.452504 21.863430
vt -0.452504 21.755001
vt -0.436100 21.442879
vt -0.436100 21.314369
vt -0.419696 20.988670
vt -0.419696 20.874060
vt 16.334919 20.533600
vt 14.825729 17.604830
vt 16.334919 17.604830
vt 14.825729 20.533600
vt 16.334919 -0.419696
vt 14.825729 -0.419696
vt -16.334919 -0.370483
vt -14.825729 -0.419696
vt -14.825729 -0.370483
vt -16.334919 -0.419696
vt 16.334919 20.988670
vt 14.825729 20.874060
vt 16.334919 20.874060
vt 14.825729 20.988670
vt -14.825729 -0.436100
vt -16.334919 -0.436100
vt 16.334919 21.442879
vt 14.825729 21.314369
vt 16.334919 21.314369
vt 14.825729 21.442879
vt 16.334919 -0.436100
vt 14.825729 -0.436100
vt -14.825729 -0.452504
vt -16.334919 -0.452504
vt 16.334919 21.863430
vt 14.825729 21.755001
vt 16.334919 21.755001
vt 14.825729 21.863430
vt 16.334919 -0.452504
vt 14.825729 -0.452504
s 1
usemtl Wood_Floor_Parquet
f 5115/4133/854 5116/4134/854 5117/4135/854
f 5116/4134/854 5115/4133/854 5118/4136/854
f 5119/4137/855 5120/4138/855 5121/4139/855
f 5120/4138/855 5119/4137/855 5122/4140/855
f 5122/4140/855 5119/4137/855 5123/4141/855
f 5123/4141/855 5119/4137/855 5124/4142/855
f 5124/4142/855 5119/4137/855 5125/4143/855
f 5125/4143/855 5119/4137/855 5126/4144/855
f 5126/4144/855 5119/4137/855 5127/4145/855
f 5127/4145/855 5119/4137/855 5128/4146/855
f 5128/4146/855 5119/4137/855 5129/4147/855
f 5129/4147/855 5119/4137/855 5130/4148/855
f 5127/4145/855 5131/4149/855 5132/4150/855
f 5131/4149/855 5127/4145/855 5128/4146/855
f 5125/4143/855 5133/4151/855 5134/4152/855
f 5133/4151/855 5125/4143/855 5126/4144/855
f 5123/4141/855 5135/4153/855 5136/4154/855
f 5135/4153/855 5123/4141/855 5124/4142/855
f 5120/4138/855 5137/4155/855 5138/4156/855
f 5137/4155/855 5120/4138/855 5122/4140/855
f 5139/4146/856 5140/4157/856 5141/4158/856
f 5140/4157/856 5139/4146/856 5142/4159/856
f 5142/4159/856 5139/4146/856 5143/4160/856
f 5143/4160/856 5139/4146/856 5144/4161/856
f 5144/4161/856 5139/4146/856 5145/4162/856
f 5145/4162/856 5139/4146/856 5146/4163/856
f 5146/4163/856 5139/4146/856 5147/4164/856
f 5147/4164/856 5139/4146/856 5148/4165/856
f 5148/4165/856 5139/4146/856 5149/4166/856
f 5149/4166/856 5139/4146/856 5150/4167/856
f 5150/4167/856 5139/4146/856 5151/4168/856
f 5150/4167/856 5151/4168/856 5152/4169/856
f 5147/4164/856 5153/4170/856 5154/4171/856
f 5153/4170/856 5147/4164/856 5148/4165/856
f 5145/4162/856 5155/4172/856 5156/4173/856
f 5155/4172/856 5145/4162/856 5146/4163/856
f 5143/4160/856 5157/4174/856 5158/4175/856
f 5157/4174/856 5143/4160/856 5144/4161/856
f 5159/4176/857 5160/4177/857 5161/4178/857
f 5160/4177/857 5159/4176/857 5162/4179/857
f 5163/4180/854 5164/4135/854 5165/4181/854
f 5164/4135/854 5163/4180/854 5166/4133/854
f 5167/4182/858 5168/4183/858 5169/4184/858
f 5168/4183/858 5167/4182/858 5170/4185/858
f 5171/4186/857 5172/4187/857 5173/4188/857
f 5172/4187/857 5171/4186/857 5174/4189/857
f 5175/4180/854 5176/4135/854 5177/4181/854
f 5176/4135/854 5175/4180/854 5178/4133/854
f 5179/4182/858 5180/4190/858 5181/4184/858
f 5180/4190/858 5179/4182/858 5182/4191/858
f 5183/4192/857 5184/4193/857 5185/4194/857
f 5184/4193/857 5183/4192/857 5186/4195/857
f 5187/4196/854 5188/4135/854 5189/4197/854
f 5188/4135/854 5187/4196/854 5190/4133/854
f 5191/4182/858 5192/4198/858 5193/4184/858
f 5192/4198/858 5191/4182/858 5194/4199/858
f 5195/4200/857 5196/4201/857 5197/4202/857
f 5196/4201/857 5195/4200/857 5198/4203/857
f 5199/4204/854 5200/4135/854 5201/4205/854
f 5200/4135/854 5199/4204/854 5202/4133/854
o SketchUp.142
v 1.651829 1.879349 0.035346
v 1.519557 1.879349 0.029595
v 1.519557 1.879349 0.035346
v 1.651829 1.879349 0.029595
v 1.519557 1.944094 -0.020725
v 1.519557 1.916208 0.029595
v 1.519557 1.944094 0.029595
v 1.519557 1.906705 0.029595
v 1.519557 1.879349 0.029595
v 1.519557 1.868085 0.029595
v 1.519557 1.839540 0.029595
v 1.519557 1.829495 0.029595
v 1.519557 1.799656 0.029595
v 1.519557 1.542965 -0.000000
v 1.519557 1.542965 -0.014975
v 1.519557 1.542965 -0.020725
v 1.519557 1.542965 0.033909
v 1.519557 1.799656 0.033909
v 1.519557 1.829495 0.033909
v 1.519557 1.839540 0.033909
v 1.519557 1.868085 0.035346
v 1.519557 1.879349 0.035346
v 1.519557 1.906705 0.036784
v 1.519557 1.916208 0.036784
v 1.651829 1.879349 0.035346
v 1.519557 1.868085 0.035346
v 1.651829 1.868085 0.035346
v 1.519557 1.879349 0.035346
v 1.651829 1.542965 -0.000000
v 1.651829 1.799656 0.033909
v 1.651829 1.542965 0.033909
v 1.651829 1.799656 0.029595
v 1.651829 1.829495 0.029595
v 1.651829 1.839540 0.029595
v 1.651829 1.868085 0.029595
v 1.651829 1.879349 0.029595
v 1.651829 1.906705 0.029595
v 1.651829 1.916208 0.029595
v 1.651829 1.944094 0.029595
v 1.651829 1.944094 -0.020725
v 1.651829 1.542965 -0.014975
v 1.651829 1.542965 -0.020725
v 1.651829 1.916208 0.036784
v 1.651829 1.906705 0.036784
v 1.651829 1.879349 0.035346
v 1.651829 1.868085 0.035346
v 1.651829 1.839540 0.033909
v 1.651829 1.829495 0.033909
v 1.651829 1.799656 0.033909
v 1.651107 1.542965 0.033909
v 1.651829 1.542965 0.033909
v 1.519557 1.542965 0.033909
v 1.519557 1.799656 0.033909
v 1.651829 1.799656 0.033909
v 1.519557 1.799656 0.029595
v 1.519557 1.799656 0.033909
v 1.651829 1.799656 0.029595
v 1.651829 1.829495 0.029595
v 1.519557 1.829495 0.033909
v 1.519557 1.829495 0.029595
v 1.651829 1.829495 0.033909
v 1.651829 1.839540 0.033909
v 1.519557 1.829495 0.033909
v 1.651829 1.829495 0.033909
v 1.519557 1.839540 0.033909
v 1.651829 1.839540 0.033909
v 1.519557 1.839540 0.029595
v 1.519557 1.839540 0.033909
v 1.651829 1.839540 0.029595
v 1.651829 1.868085 0.029595
v 1.519557 1.868085 0.035346
v 1.519557 1.868085 0.029595
v 1.651829 1.868085 0.035346
v 1.651829 1.906705 0.029595
v 1.519557 1.906705 0.036784
v 1.519557 1.906705 0.029595
v 1.651829 1.906705 0.036784
v 1.651829 1.916208 0.036784
v 1.519557 1.906705 0.036784
v 1.651829 1.906705 0.036784
v 1.519557 1.916208 0.036784
v 1.651829 1.916208 0.036784
v 1.519557 1.916208 0.029595
v 1.519557 1.916208 0.036784
v 1.651829 1.916208 0.029595
v 1.651829 1.944094 0.029595
v 1.519557 1.944094 -0.020725
v 1.519557 1.944094 0.029595
v 1.651829 1.944094 -0.020725
vn -0.0000 1.0000 -0.0000
vn -1.0000 -0.0000 -0.0000
vn -0.0000 -0.0000 1.0000
vn 1.0000 -0.0000 -0.0000
vn -0.0000 -1.0000 -0.0000
vt 18.846930 -0.403291
vt 17.337749 -0.337675
vt 17.337749 -0.403291
vt 18.846930 -0.337675
vt -0.236472 22.181599
vt 0.337675 21.863430
vt 0.337675 22.181599
vt 0.337675 21.755001
vt 0.337675 21.442879
vt 0.337675 21.314369
vt 0.337675 20.988670
vt 0.337675 20.874060
vt 0.337675 20.533600
vt -0.000000 17.604830
vt -0.170855 17.604830
vt -0.236472 17.604830
vt 0.386887 17.604830
vt 0.386887 20.533600
vt 0.386887 20.874060
vt 0.386887 20.988670
vt 0.403291 21.314369
vt 0.403291 21.442879
vt 0.419696 21.755001
vt 0.419696 21.863430
vt 18.846930 21.442879
vt 17.337749 21.314369
vt 18.846930 21.314369
vt 17.337749 21.442879
vt -0.386887 20.533600
vt -0.386887 17.604830
vt -0.337675 20.533600
vt -0.337675 20.874060
vt -0.337675 20.988670
vt -0.337675 21.314369
vt -0.337675 21.442879
vt -0.337675 21.755001
vt -0.337675 21.863430
vt -0.337675 22.181599
vt 0.236472 22.181599
vt 0.170855 17.604830
vt 0.236472 17.604830
vt -0.419696 21.863430
vt -0.419696 21.755001
vt -0.403291 21.442879
vt -0.403291 21.314369
vt -0.386887 20.988670
vt -0.386887 20.874060
vt 18.846930 20.533600
vt 18.838699 17.604830
vt 18.846930 17.604830
vt 17.337749 17.604830
vt 17.337749 20.533600
vt 18.846930 -0.386887
vt 17.337749 -0.386887
vt -18.846930 -0.337675
vt -17.337749 -0.386887
vt -17.337749 -0.337675
vt -18.846930 -0.386887
vt 18.846930 20.988670
vt 17.337749 20.874060
vt 18.846930 20.874060
vt 17.337749 20.988670
vt -17.337749 -0.403291
vt -18.846930 -0.403291
vt -17.337749 -0.419696
vt -18.846930 -0.419696
vt 18.846930 21.863430
vt 17.337749 21.755001
vt 18.846930 21.755001
vt 17.337749 21.863430
vt 18.846930 -0.419696
vt 17.337749 -0.419696
vt 17.337749 0.236472
vt 18.846930 0.236472
s 1
usemtl Wood_Floor_Parquet
f 5203/4206/859 5204/4207/859 5205/4208/859
f 5204/4207/859 5203/4206/859 5206/4209/859
f 5207/4210/860 5208/4211/860 5209/4212/860
f 5208/4211/860 5207/4210/860 5210/4213/860
f 5210/4213/860 5207/4210/860 5211/4214/860
f 5211/4214/860 5207/4210/860 5212/4215/860
f 5212/4215/860 5207/4210/860 5213/4216/860
f 5213/4216/860 5207/4210/860 5214/4217/860
f 5214/4217/860 5207/4210/860 5215/4218/860
f 5215/4218/860 5207/4210/860 5216/4219/860
f 5216/4219/860 5207/4210/860 5217/4220/860
f 5217/4220/860 5207/4210/860 5218/4221/860
f 5215/4218/860 5219/4222/860 5220/4223/860
f 5219/4222/860 5215/4218/860 5216/4219/860
f 5213/4216/860 5221/4224/860 5222/4225/860
f 5221/4224/860 5213/4216/860 5214/4217/860
f 5211/4214/860 5223/4226/860 5224/4227/860
f 5223/4226/860 5211/4214/860 5212/4215/860
f 5208/4211/860 5225/4228/860 5226/4229/860
f 5225/4228/860 5208/4211/860 5210/4213/860
f 5227/4230/861 5228/4231/861 5229/4232/861
f 5228/4231/861 5227/4230/861 5230/4233/861
f 5231/4219/862 5232/4234/862 5233/4235/862
f 5232/4234/862 5231/4219/862 5234/4236/862
f 5234/4236/862 5231/4219/862 5235/4237/862
f 5235/4237/862 5231/4219/862 5236/4238/862
f 5236/4238/862 5231/4219/862 5237/4239/862
f 5237/4239/862 5231/4219/862 5238/4240/862
f 5238/4240/862 5231/4219/862 5239/4241/862
f 5239/4241/862 5231/4219/862 5240/4242/862
f 5240/4242/862 5231/4219/862 5241/4243/862
f 5241/4243/862 5231/4219/862 5242/4244/862
f 5242/4244/862 5231/4219/862 5243/4245/862
f 5242/4244/862 5243/4245/862 5244/4246/862
f 5239/4241/862 5245/4247/862 5246/4248/862
f 5245/4247/862 5239/4241/862 5240/4242/862
f 5237/4239/862 5247/4249/862 5248/4250/862
f 5247/4249/862 5237/4239/862 5238/4240/862
f 5235/4237/862 5249/4251/862 5250/4252/862
f 5249/4251/862 5235/4237/862 5236/4238/862
f 5251/4253/861 5252/4254/861 5253/4255/861
f 5252/4254/861 5251/4253/861 5254/4256/861
f 5254/4256/861 5251/4253/861 5255/4257/861
f 5256/4258/859 5257/4207/859 5258/4259/859
f 5257/4207/859 5256/4258/859 5259/4209/859
f 5260/4260/863 5261/4261/863 5262/4262/863
f 5261/4261/863 5260/4260/863 5263/4263/863
f 5264/4264/861 5265/4265/861 5266/4266/861
f 5265/4265/861 5264/4264/861 5267/4267/861
f 5268/4258/859 5269/4207/859 5270/4259/859
f 5269/4207/859 5268/4258/859 5271/4209/859
f 5272/4260/863 5273/4268/863 5274/4262/863
f 5273/4268/863 5272/4260/863 5275/4269/863
f 5276/4260/863 5277/4270/863 5278/4262/863
f 5277/4270/863 5276/4260/863 5279/4271/863
f 5280/4272/861 5281/4273/861 5282/4274/861
f 5281/4273/861 5280/4272/861 5283/4275/861
f 5284/4276/859 5285/4207/859 5286/4277/859
f 5285/4207/859 5284/4276/859 5287/4209/859
f 5288/4209/859 5289/4278/859 5290/4207/859
f 5289/4278/859 5288/4209/859 5291/4279/859
o SketchUp.143
v 1.431664 1.868085 0.032471
v 1.299393 1.839540 0.032471
v 1.431664 1.839540 0.032471
v 1.299393 1.868085 0.032471
v 1.299393 1.868085 0.032471
v 1.431664 1.868085 0.032471
v 1.299393 1.839540 0.032471
v 1.431664 1.839540 0.032471
vn -0.0000 -0.0000 1.0000
vn -0.0000 -0.0000 -1.0000
s 1
usemtl Translucent_Glass_Blue
f 5292//864 5293//864 5294//864
f 5293//864 5292//864 5295//864
f 5296//865 5297//865 5298//865
f 5299//865 5298//865 5297//865
o SketchUp.144
v 1.431664 1.906705 0.032471
v 1.299393 1.879349 0.032471
v 1.431664 1.879349 0.032471
v 1.299393 1.906705 0.032471
v 1.299393 1.906705 0.032471
v 1.431664 1.906705 0.032471
v 1.299393 1.879349 0.032471
v 1.431664 1.879349 0.032471
vn -0.0000 -0.0000 1.0000
vn -0.0000 -0.0000 -1.0000
s 1
usemtl Translucent_Glass_Blue
f 5300//866 5301//866 5302//866
f 5301//866 5300//866 5303//866
f 5304//867 5305//867 5306//867
f 5307//867 5306//867 5305//867
o SketchUp.145
v 1.431664 1.829495 0.032471
v 1.299393 1.799656 0.032471
v 1.431664 1.799656 0.032471
v 1.299393 1.829495 0.032471
v 1.299393 1.829495 0.032471
v 1.431664 1.829495 0.032471
v 1.299393 1.799656 0.032471
v 1.431664 1.799656 0.032471
vn -0.0000 -0.0000 1.0000
vn -0.0000 -0.0000 -1.0000
s 1
usemtl Translucent_Glass_Blue
f 5308//868 5309//868 5310//868
f 5309//868 5308//868 5311//868
f 5312//869 5313//869 5314//869
f 5315//869 5314//869 5313//869
o SketchUp.146
v 1.195163 1.906705 0.035346
v 1.062891 1.879349 0.035346
v 1.195163 1.879349 0.035346
v 1.062891 1.906705 0.035346
v 1.062891 1.906705 0.035346
v 1.195163 1.906705 0.035346
v 1.062891 1.879349 0.035346
v 1.195163 1.879349 0.035346
vn -0.0000 -0.0000 1.0000
vn -0.0000 -0.0000 -1.0000
s 1
usemtl Translucent_Glass_Blue
f 5316//870 5317//870 5318//870
f 5317//870 5316//870 5319//870
f 5320//871 5321//871 5322//871
f 5323//871 5322//871 5321//871
o SketchUp.147
v 1.195163 1.839540 0.039659
v 1.062891 1.829495 0.039659
v 1.195163 1.829495 0.039659
v 1.062891 1.839540 0.039659
v 1.195163 1.829495 0.035346
v 1.062891 1.829495 0.039659
v 1.062891 1.829495 0.035346
v 1.195163 1.829495 0.039659
v 1.195163 1.542965 -0.000000
v 1.195163 1.799656 0.039659
v 1.195163 1.542965 0.039659
v 1.195163 1.799656 0.035346
v 1.195163 1.829495 0.035346
v 1.195163 1.839540 0.035346
v 1.195163 1.868085 0.035346
v 1.195163 1.879349 0.035346
v 1.195163 1.906705 0.035346
v 1.195163 1.916208 0.035346
v 1.195163 1.944094 0.035346
v 1.195163 1.944094 -0.014975
v 1.195163 1.542965 -0.014975
v 1.195163 1.916208 0.042535
v 1.195163 1.906705 0.042535
v 1.195163 1.879349 0.041097
v 1.195163 1.868085 0.041097
v 1.195163 1.839540 0.039659
v 1.195163 1.829495 0.039659
v 1.195163 1.839540 0.039659
v 1.062891 1.839540 0.035346
v 1.062891 1.839540 0.039659
v 1.195163 1.839540 0.035346
v 1.195163 1.944094 0.035346
v 1.062891 1.944094 -0.014975
v 1.062891 1.944094 0.035346
v 1.195163 1.944094 -0.014975
v 1.195163 1.916208 0.042535
v 1.062891 1.916208 0.035346
v 1.062891 1.916208 0.042535
v 1.195163 1.916208 0.035346
v 1.195163 1.916208 0.042535
v 1.062891 1.906705 0.042535
v 1.195163 1.906705 0.042535
v 1.062891 1.916208 0.042535
v 1.195163 1.906705 0.035346
v 1.062891 1.906705 0.042535
v 1.062891 1.906705 0.035346
v 1.195163 1.906705 0.042535
v 1.195163 1.879349 0.041097
v 1.062891 1.879349 0.035346
v 1.062891 1.879349 0.041097
v 1.195163 1.879349 0.035346
v 1.195163 1.879349 0.041097
v 1.062891 1.868085 0.041097
v 1.195163 1.868085 0.041097
v 1.062891 1.879349 0.041097
v 1.195163 1.868085 0.035346
v 1.062891 1.868085 0.041097
v 1.062891 1.868085 0.035346
v 1.195163 1.868085 0.041097
v 1.195163 1.799656 0.039659
v 1.062891 1.799656 0.035346
v 1.062891 1.799656 0.039659
v 1.195163 1.799656 0.035346
v 1.195163 1.799656 0.039659
v 1.062891 1.542965 0.039659
v 1.195163 1.542965 0.039659
v 1.062891 1.799656 0.039659
vn -0.0000 -0.0000 1.0000
vn -0.0000 -1.0000 -0.0000
vn 1.0000 -0.0000 -0.0000
vn -0.0000 1.0000 -0.0000
vt 13.636490 20.988670
vt 12.127310 20.874060
vt 13.636490 20.874060
vt 12.127310 20.988670
vt -13.636490 -0.403291
vt -12.127310 -0.452504
vt -12.127310 -0.403291
vt -13.636490 -0.452504
vt 0.000000 17.604830
vt -0.452504 20.533600
vt -0.452504 17.604830
vt -0.403291 20.533600
vt -0.403291 20.874060
vt -0.403291 20.988670
vt -0.403291 21.314369
vt -0.403291 21.442879
vt -0.403291 21.755001
vt -0.403291 21.863430
vt -0.403291 22.181599
vt 0.170855 22.181599
vt 0.170855 17.604830
vt -0.485312 21.863430
vt -0.485312 21.755001
vt -0.468908 21.442879
vt -0.468908 21.314369
vt -0.452504 20.988670
vt -0.452504 20.874060
vt 13.636490 -0.452504
vt 12.127310 -0.403291
vt 12.127310 -0.452504
vt 13.636490 -0.403291
vt 12.127310 0.170855
vt 13.636490 0.170855
vt 13.636490 -0.485312
vt 12.127310 -0.485312
vt 13.636490 21.863430
vt 12.127310 21.755001
vt 13.636490 21.755001
vt 12.127310 21.863430
vt -12.127310 -0.485312
vt -13.636490 -0.485312
vt 13.636490 -0.468908
vt 12.127310 -0.468908
vt 13.636490 21.442879
vt 12.127310 21.314369
vt 13.636490 21.314369
vt 12.127310 21.442879
vt -12.127310 -0.468908
vt -13.636490 -0.468908
vt 13.636490 20.533600
vt 12.127310 17.604830
vt 13.636490 17.604830
vt 12.127310 20.533600
s 1
usemtl Wood_Floor_Parquet
f 5324/4280/872 5325/4281/872 5326/4282/872
f 5325/4281/872 5324/4280/872 5327/4283/872
f 5328/4284/873 5329/4285/873 5330/4286/873
f 5329/4285/873 5328/4284/873 5331/4287/873
f 5332/4288/874 5333/4289/874 5334/4290/874
f 5333/4289/874 5332/4288/874 5335/4291/874
f 5335/4291/874 5332/4288/874 5336/4292/874
f 5336/4292/874 5332/4288/874 5337/4293/874
f 5337/4293/874 5332/4288/874 5338/4294/874
f 5338/4294/874 5332/4288/874 5339/4295/874
f 5339/4295/874 5332/4288/874 5340/4296/874
f 5340/4296/874 5332/4288/874 5341/4297/874
f 5341/4297/874 5332/4288/874 5342/4298/874
f 5342/4298/874 5332/4288/874 5343/4299/874
f 5343/4299/874 5332/4288/874 5344/4300/874
f 5340/4296/874 5345/4301/874 5346/4302/874
f 5345/4301/874 5340/4296/874 5341/4297/874
f 5338/4294/874 5347/4303/874 5348/4304/874
f 5347/4303/874 5338/4294/874 5339/4295/874
f 5336/4292/874 5349/4305/874 5350/4306/874
f 5349/4305/874 5336/4292/874 5337/4293/874
f 5351/4307/875 5352/4308/875 5353/4309/875
f 5352/4308/875 5351/4307/875 5354/4310/875
f 5355/4310/875 5356/4311/875 5357/4308/875
f 5356/4311/875 5355/4310/875 5358/4312/875
f 5359/4313/875 5360/4308/875 5361/4314/875
f 5360/4308/875 5359/4313/875 5362/4310/875
f 5363/4315/872 5364/4316/872 5365/4317/872
f 5364/4316/872 5363/4315/872 5366/4318/872
f 5367/4284/873 5368/4319/873 5369/4286/873
f 5368/4319/873 5367/4284/873 5370/4320/873
f 5371/4321/875 5372/4308/875 5373/4322/875
f 5372/4308/875 5371/4321/875 5374/4310/875
f 5375/4323/872 5376/4324/872 5377/4325/872
f 5376/4324/872 5375/4323/872 5378/4326/872
f 5379/4284/873 5380/4327/873 5381/4286/873
f 5380/4327/873 5379/4284/873 5382/4328/873
f 5383/4307/875 5384/4308/875 5385/4309/875
f 5384/4308/875 5383/4307/875 5386/4310/875
f 5387/4329/872 5388/4330/872 5389/4331/872
f 5388/4330/872 5387/4329/872 5390/4332/872
o SketchUp.150
v 1.431664 1.944094 0.032471
v 1.299393 1.916208 0.032471
v 1.431664 1.916208 0.032471
v 1.299393 1.944094 0.032471
v 1.299393 1.944094 0.032471
v 1.431664 1.944094 0.032471
v 1.299393 1.916208 0.032471
v 1.431664 1.916208 0.032471
vn -0.0000 -0.0000 1.0000
vn -0.0000 -0.0000 -1.0000
s 1
usemtl Translucent_Glass_Blue
f 5391//876 5392//876 5393//876
f 5392//876 5391//876 5394//876
f 5395//877 5396//877 5397//877
f 5398//877 5397//877 5396//877
o SketchUp.152
v 1.195163 1.868085 0.035346
v 1.062891 1.839540 0.035346
v 1.195163 1.839540 0.035346
v 1.062891 1.868085 0.035346
v 1.062891 1.868085 0.035346
v 1.195163 1.868085 0.035346
v 1.062891 1.839540 0.035346
v 1.195163 1.839540 0.035346
vn -0.0000 -0.0000 1.0000
vn -0.0000 -0.0000 -1.0000
s 1
usemtl Translucent_Glass_Blue
f 5399//878 5400//878 5401//878
f 5400//878 5399//878 5402//878
f 5403//879 5404//879 5405//879
f 5406//879 5405//879 5404//879
o SketchUp.153
v 1.195163 1.829495 0.035346
v 1.062891 1.799656 0.035346
v 1.195163 1.799656 0.035346
v 1.062891 1.829495 0.035346
v 1.062891 1.829495 0.035346
v 1.195163 1.829495 0.035346
v 1.062891 1.799656 0.035346
v 1.195163 1.799656 0.035346
vn -0.0000 -0.0000 1.0000
vn -0.0000 -0.0000 -1.0000
s 1
usemtl Translucent_Glass_Blue
f 5407//880 5408//880 5409//880
f 5408//880 5407//880 5410//880
f 5411//881 5412//881 5413//881
f 5414//881 5413//881 5412//881
o SketchUp.154
v 1.195163 1.944094 0.035346
v 1.062891 1.916208 0.035346
v 1.195163 1.916208 0.035346
v 1.062891 1.944094 0.035346
v 1.062891 1.944094 0.035346
v 1.195163 1.944094 0.035346
v 1.062891 1.916208 0.035346
v 1.195163 1.916208 0.035346
vn -0.0000 -0.0000 1.0000
vn -0.0000 -0.0000 -1.0000
s 1
usemtl Translucent_Glass_Blue
f 5415//882 5416//882 5417//882
f 5416//882 5415//882 5418//882
f 5419//883 5420//883 5421//883
f 5422//883 5421//883 5420//883
o SketchUp.156
v 1.431664 1.542965 0.036784
v 1.299393 1.542965 -0.000000
v 1.299393 1.542965 0.036784
v 1.431664 1.542965 -0.000000
vn -0.0000 1.0000 -0.0000
vt 16.334919 -0.419696
vt 14.825729 0.000000
vt 14.825729 -0.419696
vt 16.334919 0.000000
s 1
usemtl Wood_Floor_Parquet
f 5423/4333/884 5424/4334/884 5425/4335/884
f 5424/4334/884 5423/4333/884 5426/4336/884
o SketchUp.157
v 2.062299 1.916208 0.024548
v 1.930028 1.906705 0.024548
v 2.062299 1.906705 0.024548
v 1.930028 1.916208 0.024548
v 2.062299 1.542965 -0.000000
v 2.062299 1.799656 0.021672
v 2.062299 1.542965 0.021672
v 2.062299 1.799656 0.017359
v 2.062299 1.829495 0.017359
v 2.062299 1.839540 0.017359
v 2.062299 1.868085 0.017359
v 2.062299 1.879349 0.017359
v 2.062299 1.906705 0.017359
v 2.062299 1.916208 0.017359
v 2.062299 1.944094 0.017359
v 2.062299 1.944094 -0.032962
v 2.062299 1.542965 -0.032962
v 2.062299 1.916208 0.024548
v 2.062299 1.906705 0.024548
v 2.062299 1.879349 0.023110
v 2.062299 1.868085 0.023110
v 2.062299 1.839540 0.021672
v 2.062299 1.829495 0.021672
v 2.062299 1.916208 0.024548
v 1.930028 1.916208 0.017359
v 1.930028 1.916208 0.024548
v 2.062299 1.916208 0.017359
v 1.930028 1.944094 -0.032962
v 1.930028 1.916208 0.017359
v 1.930028 1.944094 0.017359
v 1.930028 1.906705 0.017359
v 1.930028 1.879349 0.017359
v 1.930028 1.868085 0.017359
v 1.930028 1.839540 0.017359
v 1.930028 1.829495 0.017359
v 1.930028 1.799656 0.017359
v 1.930028 1.542965 -0.000000
v 1.930028 1.542965 -0.032962
v 1.930028 1.542965 0.021672
v 1.930028 1.799656 0.021672
v 1.930028 1.829495 0.021672
v 1.930028 1.839540 0.021672
v 1.930028 1.868085 0.023110
v 1.930028 1.879349 0.023110
v 1.930028 1.906705 0.024548
v 1.930028 1.916208 0.024548
v 2.062299 1.906705 0.017359
v 1.930028 1.906705 0.024548
v 1.930028 1.906705 0.017359
v 2.062299 1.906705 0.024548
v 2.062299 1.944094 0.017359
v 1.930028 1.944094 -0.032962
v 1.930028 1.944094 0.017359
v 2.062299 1.944094 -0.032962
v 2.062299 1.879349 0.023110
v 1.930028 1.879349 0.017359
v 1.930028 1.879349 0.023110
v 2.062299 1.879349 0.017359
v 2.062299 1.879349 0.023110
v 1.930028 1.868085 0.023110
v 2.062299 1.868085 0.023110
v 1.930028 1.879349 0.023110
v 2.062299 1.868085 0.017359
v 1.930028 1.868085 0.023110
v 1.930028 1.868085 0.017359
v 2.062299 1.868085 0.023110
v 2.062299 1.839540 0.021672
v 1.930028 1.839540 0.017359
v 1.930028 1.839540 0.021672
v 2.062299 1.839540 0.017359
v 2.062299 1.839540 0.021672
v 1.930028 1.829495 0.021672
v 2.062299 1.829495 0.021672
v 1.930028 1.839540 0.021672
v 2.062299 1.829495 0.017359
v 1.930028 1.829495 0.021672
v 1.930028 1.829495 0.017359
v 2.062299 1.829495 0.021672
v 2.062299 1.799656 0.021672
v 1.930028 1.799656 0.017359
v 1.930028 1.799656 0.021672
v 2.062299 1.799656 0.017359
v 2.062299 1.799656 0.021672
v 1.930028 1.542965 0.021672
v 2.062299 1.542965 0.021672
v 1.930028 1.799656 0.021672
vn -0.0000 -0.0000 1.0000
vn 1.0000 -0.0000 -0.0000
vn -0.0000 1.0000 -0.0000
vn -1.0000 -0.0000 -0.0000
vn -0.0000 -1.0000 -0.0000
vt 23.530300 21.863430
vt 22.021109 21.755001
vt 23.530300 21.755001
vt 22.021109 21.863430
vt 0.000000 17.604830
vt -0.247274 20.533600
vt -0.247274 17.604830
vt -0.198061 20.533600
vt -0.198061 20.874060
vt -0.198061 20.988670
vt -0.198061 21.314369
vt -0.198061 21.442879
vt -0.198061 21.755001
vt -0.198061 21.863430
vt -0.198061 22.181599
vt 0.376086 22.181599
vt 0.376086 17.604830
vt -0.280082 21.863430
vt -0.280082 21.755001
vt -0.263678 21.442879
vt -0.263678 21.314369
vt -0.247274 20.988670
vt -0.247274 20.874060
vt 23.530300 -0.280082
vt 22.021109 -0.198061
vt 22.021109 -0.280082
vt 23.530300 -0.198061
vt -0.376086 22.181599
vt 0.198061 21.863430
vt 0.198061 22.181599
vt 0.198061 21.755001
vt 0.198061 21.442879
vt 0.198061 21.314369
vt 0.198061 20.988670
vt 0.198061 20.874060
vt 0.198061 20.533600
vt -0.376086 17.604830
vt 0.247274 17.604830
vt 0.247274 20.533600
vt 0.247274 20.874060
vt 0.247274 20.988670
vt 0.263678 21.314369
vt 0.263678 21.442879
vt 0.280082 21.755001
vt 0.280082 21.863430
vt -23.530300 -0.198061
vt -22.021109 -0.280082
vt -22.021109 -0.198061
vt -23.530300 -0.280082
vt 22.021109 0.376086
vt 23.530300 0.376086
vt 23.530300 -0.263678
vt 22.021109 -0.263678
vt 23.530300 21.442879
vt 22.021109 21.314369
vt 23.530300 21.314369
vt 22.021109 21.442879
vt -22.021109 -0.263678
vt -23.530300 -0.263678
vt 23.530300 -0.247274
vt 22.021109 -0.247274
vt 23.530300 20.988670
vt 22.021109 20.874060
vt 23.530300 20.874060
vt 22.021109 20.988670
vt -22.021109 -0.247274
vt -23.530300 -0.247274
vt 23.530300 20.533600
vt 22.021109 17.604830
vt 23.530300 17.604830
vt 22.021109 20.533600
s 1
usemtl Wood_Floor_Parquet
f 5427/4337/885 5428/4338/885 5429/4339/885
f 5428/4338/885 5427/4337/885 5430/4340/885
f 5431/4341/886 5432/4342/886 5433/4343/886
f 5432/4342/886 5431/4341/886 5434/4344/886
f 5434/4344/886 5431/4341/886 5435/4345/886
f 5435/4345/886 5431/4341/886 5436/4346/886
f 5436/4346/886 5431/4341/886 5437/4347/886
f 5437/4347/886 5431/4341/886 5438/4348/886
f 5438/4348/886 5431/4341/886 5439/4349/886
f 5439/4349/886 5431/4341/886 5440/4350/886
f 5440/4350/886 5431/4341/886 5441/4351/886
f 5441/4351/886 5431/4341/886 5442/4352/886
f 5442/4352/886 5431/4341/886 5443/4353/886
f 5439/4349/886 5444/4354/886 5445/4355/886
f 5444/4354/886 5439/4349/886 5440/4350/886
f 5437/4347/886 5446/4356/886 5447/4357/886
f 5446/4356/886 5437/4347/886 5438/4348/886
f 5435/4345/886 5448/4358/886 5449/4359/886
f 5448/4358/886 5435/4345/886 5436/4346/886
f 5450/4360/887 5451/4361/887 5452/4362/887
f 5451/4361/887 5450/4360/887 5453/4363/887
f 5454/4364/888 5455/4365/888 5456/4366/888
f 5455/4365/888 5454/4364/888 5457/4367/888
f 5457/4367/888 5454/4364/888 5458/4368/888
f 5458/4368/888 5454/4364/888 5459/4369/888
f 5459/4369/888 5454/4364/888 5460/4370/888
f 5460/4370/888 5454/4364/888 5461/4371/888
f 5461/4371/888 5454/4364/888 5462/4372/888
f 5462/4372/888 5454/4364/888 5463/4341/888
f 5463/4341/888 5454/4364/888 5464/4373/888
f 5462/4372/888 5465/4374/888 5466/4375/888
f 5465/4374/888 5462/4372/888 5463/4341/888
f 5460/4370/888 5467/4376/888 5468/4377/888
f 5467/4376/888 5460/4370/888 5461/4371/888
f 5458/4368/888 5469/4378/888 5470/4379/888
f 5469/4378/888 5458/4368/888 5459/4369/888
f 5455/4365/888 5471/4380/888 5472/4381/888
f 5471/4380/888 5455/4365/888 5457/4367/888
f 5473/4382/889 5474/4383/889 5475/4384/889
f 5474/4383/889 5473/4382/889 5476/4385/889
f 5477/4363/887 5478/4386/887 5479/4361/887
f 5478/4386/887 5477/4363/887 5480/4387/887
f 5481/4388/887 5482/4361/887 5483/4389/887
f 5482/4361/887 5481/4388/887 5484/4363/887
f 5485/4390/885 5486/4391/885 5487/4392/885
f 5486/4391/885 5485/4390/885 5488/4393/885
f 5489/4382/889 5490/4394/889 5491/4384/889
f 5490/4394/889 5489/4382/889 5492/4395/889
f 5493/4396/887 5494/4361/887 5495/4397/887
f 5494/4361/887 5493/4396/887 5496/4363/887
f 5497/4398/885 5498/4399/885 5499/4400/885
f 5498/4399/885 5497/4398/885 5500/4401/885
f 5501/4382/889 5502/4402/889 5503/4384/889
f 5502/4402/889 5501/4382/889 5504/4403/889
f 5505/4396/887 5506/4361/887 5507/4397/887
f 5506/4361/887 5505/4396/887 5508/4363/887
f 5509/4404/885 5510/4405/885 5511/4406/885
f 5510/4405/885 5509/4404/885 5512/4407/885
o SketchUp.158
v 2.518965 1.839540 0.015921
v 2.386694 1.839540 0.011608
v 2.386694 1.839540 0.015921
v 2.518965 1.839540 0.011608
v 2.386694 1.944094 -0.038713
v 2.386694 1.916208 0.011608
v 2.386694 1.944094 0.011608
v 2.386694 1.906705 0.011608
v 2.386694 1.879349 0.011608
v 2.386694 1.868085 0.011608
v 2.386694 1.839540 0.011608
v 2.386694 1.829495 0.011608
v 2.386694 1.799656 0.011608
v 2.386694 1.542965 -0.000000
v 2.386694 1.542965 -0.032962
v 2.386694 1.542965 -0.038713
v 2.386694 1.542965 0.015921
v 2.386694 1.799656 0.015921
v 2.386694 1.829495 0.015921
v 2.386694 1.839540 0.015921
v 2.386694 1.868085 0.017359
v 2.386694 1.879349 0.017359
v 2.386694 1.906705 0.018797
v 2.386694 1.916208 0.018797
v 2.518965 1.839540 0.015921
v 2.386694 1.829495 0.015921
v 2.518965 1.829495 0.015921
v 2.386694 1.839540 0.015921
v 2.518965 1.542965 -0.000000
v 2.518965 1.799656 0.015921
v 2.518965 1.542965 0.015921
v 2.518965 1.799656 0.011608
v 2.518965 1.829495 0.011608
v 2.518965 1.839540 0.011608
v 2.518965 1.868085 0.011608
v 2.518965 1.879349 0.011608
v 2.518965 1.906705 0.011608
v 2.518965 1.916208 0.011608
v 2.518965 1.944094 0.011608
v 2.518965 1.944094 -0.038713
v 2.518965 1.542965 -0.032962
v 2.518965 1.542965 -0.038713
v 2.518965 1.916208 0.018797
v 2.518965 1.906705 0.018797
v 2.518965 1.879349 0.017359
v 2.518965 1.868085 0.017359
v 2.518965 1.839540 0.015921
v 2.518965 1.829495 0.015921
v 2.518965 1.799656 0.015921
v 2.386694 1.542965 0.015921
v 2.518965 1.542965 0.015921
v 2.386694 1.799656 0.015921
v 2.518965 1.799656 0.015921
v 2.386694 1.799656 0.011608
v 2.386694 1.799656 0.015921
v 2.518965 1.799656 0.011608
v 2.518965 1.829495 0.011608
v 2.386694 1.829495 0.015921
v 2.386694 1.829495 0.011608
v 2.518965 1.829495 0.015921
v 2.518965 1.868085 0.011608
v 2.386694 1.868085 0.017359
v 2.386694 1.868085 0.011608
v 2.518965 1.868085 0.017359
v 2.518965 1.879349 0.017359
v 2.386694 1.868085 0.017359
v 2.518965 1.868085 0.017359
v 2.386694 1.879349 0.017359
v 2.518965 1.879349 0.017359
v 2.386694 1.879349 0.011608
v 2.386694 1.879349 0.017359
v 2.518965 1.879349 0.011608
v 2.518965 1.906705 0.011608
v 2.386694 1.906705 0.018797
v 2.386694 1.906705 0.011608
v 2.518965 1.906705 0.018797
v 2.518965 1.916208 0.018797
v 2.386694 1.906705 0.018797
v 2.518965 1.906705 0.018797
v 2.386694 1.916208 0.018797
v 2.518965 1.916208 0.018797
v 2.386694 1.916208 0.011608
v 2.386694 1.916208 0.018797
v 2.518965 1.916208 0.011608
v 2.518965 1.944094 0.011608
v 2.386694 1.944094 -0.038713
v 2.386694 1.944094 0.011608
v 2.518965 1.944094 -0.038713
vn -0.0000 1.0000 -0.0000
vn -1.0000 -0.0000 -0.0000
vn -0.0000 -0.0000 1.0000
vn 1.0000 -0.0000 -0.0000
vn 1.0000 -0.0000 0.0005
vn -0.0000 -1.0000 -0.0000
vt 28.740740 -0.181657
vt 27.231550 -0.132444
vt 27.231550 -0.181657
vt 28.740740 -0.132444
vt -0.441703 22.181599
vt 0.132444 21.863430
vt 0.132444 22.181599
vt 0.132444 21.755001
vt 0.132444 21.442879
vt 0.132444 21.314369
vt 0.132444 20.988670
vt 0.132444 20.874060
vt 0.132444 20.533600
vt -0.000000 17.604830
vt -0.376086 17.604830
vt -0.441703 17.604830
vt 0.181657 17.604830
vt 0.181657 20.533600
vt 0.181657 20.874060
vt 0.181657 20.988670
vt 0.198061 21.314369
vt 0.198061 21.442879
vt 0.214465 21.755001
vt 0.214465 21.863430
vt 28.740740 20.988670
vt 27.231550 20.874060
vt 28.740740 20.874060
vt 27.231550 20.988670
vt -0.181657 20.533600
vt -0.181657 17.604830
vt -0.132444 20.533600
vt -0.132444 20.874060
vt -0.132444 20.988670
vt -0.132444 21.314369
vt -0.132444 21.442879
vt -0.132444 21.755001
vt -0.132444 21.863430
vt -0.132444 22.181599
vt 0.441703 22.181599
vt 0.376086 17.604830
vt 0.441703 17.604830
vt -0.214465 21.863430
vt -0.214465 21.755001
vt -0.198061 21.442879
vt -0.198061 21.314369
vt -0.181657 20.988670
vt -0.181657 20.874060
vt 28.740740 20.533600
vt 27.231550 17.604830
vt 28.740740 17.604830
vt 27.231550 20.533600
vt -28.740740 -0.132444
vt -27.231550 -0.181657
vt -27.231550 -0.132444
vt -28.740740 -0.181657
vt -27.231550 -0.198061
vt -28.740740 -0.198061
vt 28.740740 21.442879
vt 27.231550 21.314369
vt 28.740740 21.314369
vt 27.231550 21.442879
vt 28.740740 -0.198061
vt 27.231550 -0.198061
vt -27.231550 -0.214465
vt -28.740740 -0.214465
vt 28.740740 21.863430
vt 27.231550 21.755001
vt 28.740740 21.755001
vt 27.231550 21.863430
vt 28.740740 -0.214465
vt 27.231550 -0.214465
vt 27.231550 0.441703
vt 28.740740 0.441703
s 1
usemtl Wood_Floor_Parquet
f 5513/4408/890 5514/4409/890 5515/4410/890
f 5514/4409/890 5513/4408/890 5516/4411/890
f 5517/4412/891 5518/4413/891 5519/4414/891
f 5518/4413/891 5517/4412/891 5520/4415/891
f 5520/4415/891 5517/4412/891 5521/4416/891
f 5521/4416/891 5517/4412/891 5522/4417/891
f 5522/4417/891 5517/4412/891 5523/4418/891
f 5523/4418/891 5517/4412/891 5524/4419/891
f 5524/4419/891 5517/4412/891 5525/4420/891
f 5525/4420/891 5517/4412/891 5526/4421/891
f 5526/4421/891 5517/4412/891 5527/4422/891
f 5527/4422/891 5517/4412/891 5528/4423/891
f 5525/4420/891 5529/4424/891 5530/4425/891
f 5529/4424/891 5525/4420/891 5526/4421/891
f 5523/4418/891 5531/4426/891 5532/4427/891
f 5531/4426/891 5523/4418/891 5524/4419/891
f 5521/4416/891 5533/4428/891 5534/4429/891
f 5533/4428/891 5521/4416/891 5522/4417/891
f 5518/4413/891 5535/4430/891 5536/4431/891
f 5535/4430/891 5518/4413/891 5520/4415/891
f 5537/4432/892 5538/4433/892 5539/4434/892
f 5538/4433/892 5537/4432/892 5540/4435/892
f 5541/4421/893 5542/4436/893 5543/4437/893
f 5542/4436/893 5541/4421/893 5544/4438/893
f 5544/4438/893 5541/4421/893 5545/4439/894
f 5545/4439/894 5541/4421/893 5546/4440/894
f 5546/4440/894 5541/4421/893 5547/4441/893
f 5547/4441/893 5541/4421/893 5548/4442/893
f 5548/4442/893 5541/4421/893 5549/4443/893
f 5549/4443/893 5541/4421/893 5550/4444/893
f 5550/4444/893 5541/4421/893 5551/4445/893
f 5551/4445/893 5541/4421/893 5552/4446/893
f 5552/4446/893 5541/4421/893 5553/4447/893
f 5552/4446/893 5553/4447/893 5554/4448/893
f 5549/4443/893 5555/4449/893 5556/4450/893
f 5555/4449/893 5549/4443/893 5550/4444/893
f 5547/4441/893 5557/4451/893 5558/4452/893
f 5557/4451/893 5547/4441/893 5548/4442/893
f 5545/4439/894 5559/4453/893 5560/4454/893
f 5559/4453/893 5545/4439/894 5546/4440/894
f 5561/4455/892 5562/4456/892 5563/4457/892
f 5562/4456/892 5561/4455/892 5564/4458/892
f 5565/4408/890 5566/4409/890 5567/4410/890
f 5566/4409/890 5565/4408/890 5568/4411/890
f 5569/4459/895 5570/4460/895 5571/4461/895
f 5570/4460/895 5569/4459/895 5572/4462/895
f 5573/4459/895 5574/4463/895 5575/4461/895
f 5574/4463/895 5573/4459/895 5576/4464/895
f 5577/4465/892 5578/4466/892 5579/4467/892
f 5578/4466/892 5577/4465/892 5580/4468/892
f 5581/4469/890 5582/4409/890 5583/4470/890
f 5582/4409/890 5581/4469/890 5584/4411/890
f 5585/4459/895 5586/4471/895 5587/4461/895
f 5586/4471/895 5585/4459/895 5588/4472/895
f 5589/4473/892 5590/4474/892 5591/4475/892
f 5590/4474/892 5589/4473/892 5592/4476/892
f 5593/4477/890 5594/4409/890 5595/4478/890
f 5594/4409/890 5593/4477/890 5596/4411/890
f 5597/4411/890 5598/4479/890 5599/4409/890
f 5598/4479/890 5597/4411/890 5600/4480/890
o SketchUp.159
v 2.518965 1.829495 0.011608
v 2.386694 1.799656 0.011608
v 2.518965 1.799656 0.011608
v 2.386694 1.829495 0.011608
v 2.386694 1.829495 0.011608
v 2.518965 1.829495 0.011608
v 2.386694 1.799656 0.011608
v 2.518965 1.799656 0.011608
vn -0.0000 -0.0000 1.0000
vn -0.0000 -0.0000 -1.0000
s 1
usemtl Translucent_Glass_Blue
f 5601//896 5602//896 5603//896
f 5602//896 5601//896 5604//896
f 5605//897 5606//897 5607//897
f 5608//897 5607//897 5606//897
o SketchUp.160
v 2.062299 1.944094 0.017359
v 1.930028 1.916208 0.017359
v 2.062299 1.916208 0.017359
v 1.930028 1.944094 0.017359
v 1.930028 1.944094 0.017359
v 2.062299 1.944094 0.017359
v 1.930028 1.916208 0.017359
v 2.062299 1.916208 0.017359
vn -0.0000 -0.0000 1.0000
vn -0.0000 -0.0000 -1.0000
s 1
usemtl Translucent_Glass_Blue
f 5609//898 5610//898 5611//898
f 5610//898 5609//898 5612//898
f 5613//899 5614//899 5615//899
f 5616//899 5615//899 5614//899
o SketchUp.161
v 2.298801 1.839540 0.018797
v 2.166529 1.839540 0.014483
v 2.166529 1.839540 0.018797
v 2.298801 1.839540 0.014483
v 2.166529 1.944094 -0.035837
v 2.166529 1.916208 0.014483
v 2.166529 1.944094 0.014483
v 2.166529 1.906705 0.014483
v 2.166529 1.879349 0.014483
v 2.166529 1.868085 0.014483
v 2.166529 1.839540 0.014483
v 2.166529 1.829495 0.014483
v 2.166529 1.799656 0.014483
v 2.166529 1.542965 -0.000000
v 2.166529 1.542965 -0.032962
v 2.166529 1.542965 -0.035837
v 2.166529 1.542965 0.018797
v 2.166529 1.799656 0.018797
v 2.166529 1.829495 0.018797
v 2.166529 1.839540 0.018797
v 2.166529 1.868085 0.020234
v 2.166529 1.879349 0.020234
v 2.166529 1.906705 0.021672
v 2.166529 1.916208 0.021672
v 2.298801 1.839540 0.018797
v 2.166529 1.829495 0.018797
v 2.298801 1.829495 0.018797
v 2.166529 1.839540 0.018797
v 2.298801 1.542965 -0.000000
v 2.298801 1.799656 0.018797
v 2.298801 1.542965 0.018797
v 2.298801 1.799656 0.014483
v 2.298801 1.829495 0.014483
v 2.298801 1.839540 0.014483
v 2.298801 1.868085 0.014483
v 2.298801 1.879349 0.014483
v 2.298801 1.906705 0.014483
v 2.298801 1.916208 0.014483
v 2.298801 1.944094 0.014483
v 2.298801 1.944094 -0.035837
v 2.298801 1.542965 -0.032962
v 2.298801 1.542965 -0.035837
v 2.298801 1.916208 0.021672
v 2.298801 1.906705 0.021672
v 2.298801 1.879349 0.020234
v 2.298801 1.868085 0.020234
v 2.298801 1.839540 0.018797
v 2.298801 1.829495 0.018797
v 2.298801 1.799656 0.018797
v 2.166529 1.542965 0.018797
v 2.298801 1.542965 0.018797
v 2.166529 1.799656 0.018797
v 2.298801 1.799656 0.018797
v 2.166529 1.799656 0.014483
v 2.166529 1.799656 0.018797
v 2.298801 1.799656 0.014483
v 2.298801 1.829495 0.014483
v 2.166529 1.829495 0.018797
v 2.166529 1.829495 0.014483
v 2.298801 1.829495 0.018797
v 2.298801 1.868085 0.014483
v 2.166529 1.868085 0.020234
v 2.166529 1.868085 0.014483
v 2.298801 1.868085 0.020234
v 2.298801 1.879349 0.020234
v 2.166529 1.868085 0.020234
v 2.298801 1.868085 0.020234
v 2.166529 1.879349 0.020234
v 2.298801 1.879349 0.020234
v 2.166529 1.879349 0.014483
v 2.166529 1.879349 0.020234
v 2.298801 1.879349 0.014483
v 2.298801 1.906705 0.014483
v 2.166529 1.906705 0.021672
v 2.166529 1.906705 0.014483
v 2.298801 1.906705 0.021672
v 2.298801 1.916208 0.021672
v 2.166529 1.906705 0.021672
v 2.298801 1.906705 0.021672
v 2.166529 1.916208 0.021672
v 2.298801 1.916208 0.021672
v 2.166529 1.916208 0.014483
v 2.166529 1.916208 0.021672
v 2.298801 1.916208 0.014483
v 2.298801 1.944094 0.014483
v 2.166529 1.944094 -0.035837
v 2.166529 1.944094 0.014483
v 2.298801 1.944094 -0.035837
vn -0.0000 1.0000 -0.0000
vn -1.0000 -0.0000 -0.0000
vn -0.0000 -0.0000 1.0000
vn 1.0000 -0.0000 -0.0000
vn -0.0000 -1.0000 -0.0000
vt 26.228720 -0.214465
vt 24.719530 -0.165253
vt 24.719530 -0.214465
vt 26.228720 -0.165253
vt -0.408895 22.181599
vt 0.165253 21.863430
vt 0.165253 22.181599
vt 0.165253 21.755001
vt 0.165253 21.442879
vt 0.165253 21.314369
vt 0.165253 20.988670
vt 0.165253 20.874060
vt 0.165253 20.533600
vt -0.000000 17.604830
vt -0.376086 17.604830
vt -0.408895 17.604830
vt 0.214465 17.604830
vt 0.214465 20.533600
vt 0.214465 20.874060
vt 0.214465 20.988670
vt 0.230869 21.314369
vt 0.230869 21.442879
vt 0.247274 21.755001
vt 0.247274 21.863430
vt 26.228720 20.988670
vt 24.719530 20.874060
vt 26.228720 20.874060
vt 24.719530 20.988670
vt -0.214465 20.533600
vt -0.214465 17.604830
vt -0.165253 20.533600
vt -0.165253 20.874060
vt -0.165253 20.988670
vt -0.165253 21.314369
vt -0.165253 21.442879
vt -0.165253 21.755001
vt -0.165253 21.863430
vt -0.165253 22.181599
vt 0.408895 22.181599
vt 0.376086 17.604830
vt 0.408895 17.604830
vt -0.247274 21.863430
vt -0.247274 21.755001
vt -0.230869 21.442879
vt -0.230869 21.314369
vt -0.214465 20.988670
vt -0.214465 20.874060
vt 26.228720 20.533600
vt 24.719530 17.604830
vt 26.228720 17.604830
vt 24.719530 20.533600
vt -26.228720 -0.165253
vt -24.719530 -0.214465
vt -24.719530 -0.165253
vt -26.228720 -0.214465
vt -24.719530 -0.230869
vt -26.228720 -0.230869
vt 26.228720 21.442879
vt 24.719530 21.314369
vt 26.228720 21.314369
vt 24.719530 21.442879
vt 26.228720 -0.230869
vt 24.719530 -0.230869
vt -24.719530 -0.247274
vt -26.228720 -0.247274
vt 26.228720 21.863430
vt 24.719530 21.755001
vt 26.228720 21.755001
vt 24.719530 21.863430
vt 26.228720 -0.247274
vt 24.719530 -0.247274
vt 24.719530 0.408895
vt 26.228720 0.408895
s 1
usemtl Wood_Floor_Parquet
f 5617/4481/900 5618/4482/900 5619/4483/900
f 5618/4482/900 5617/4481/900 5620/4484/900
f 5621/4485/901 5622/4486/901 5623/4487/901
f 5622/4486/901 5621/4485/901 5624/4488/901
f 5624/4488/901 5621/4485/901 5625/4489/901
f 5625/4489/901 5621/4485/901 5626/4490/901
f 5626/4490/901 5621/4485/901 5627/4491/901
f 5627/4491/901 5621/4485/901 5628/4492/901
f 5628/4492/901 5621/4485/901 5629/4493/901
f 5629/4493/901 5621/4485/901 5630/4494/901
f 5630/4494/901 5621/4485/901 5631/4495/901
f 5631/4495/901 5621/4485/901 5632/4496/901
f 5629/4493/901 5633/4497/901 5634/4498/901
f 5633/4497/901 5629/4493/901 5630/4494/901
f 5627/4491/901 5635/4499/901 5636/4500/901
f 5635/4499/901 5627/4491/901 5628/4492/901
f 5625/4489/901 5637/4501/901 5638/4502/901
f 5637/4501/901 5625/4489/901 5626/4490/901
f 5622/4486/901 5639/4503/901 5640/4504/901
f 5639/4503/901 5622/4486/901 5624/4488/901
f 5641/4505/902 5642/4506/902 5643/4507/902
f 5642/4506/902 5641/4505/902 5644/4508/902
f 5645/4494/903 5646/4509/903 5647/4510/903
f 5646/4509/903 5645/4494/903 5648/4511/903
f 5648/4511/903 5645/4494/903 5649/4512/903
f 5649/4512/903 5645/4494/903 5650/4513/903
f 5650/4513/903 5645/4494/903 5651/4514/903
f 5651/4514/903 5645/4494/903 5652/4515/903
f 5652/4515/903 5645/4494/903 5653/4516/903
f 5653/4516/903 5645/4494/903 5654/4517/903
f 5654/4517/903 5645/4494/903 5655/4518/903
f 5655/4518/903 5645/4494/903 5656/4519/903
f 5656/4519/903 5645/4494/903 5657/4520/903
f 5656/4519/903 5657/4520/903 5658/4521/903
f 5653/4516/903 5659/4522/903 5660/4523/903
f 5659/4522/903 5653/4516/903 5654/4517/903
f 5651/4514/903 5661/4524/903 5662/4525/903
f 5661/4524/903 5651/4514/903 5652/4515/903
f 5649/4512/903 5663/4526/903 5664/4527/903
f 5663/4526/903 5649/4512/903 5650/4513/903
f 5665/4528/902 5666/4529/902 5667/4530/902
f 5666/4529/902 5665/4528/902 5668/4531/902
f 5669/4481/900 5670/4482/900 5671/4483/900
f 5670/4482/900 5669/4481/900 5672/4484/900
f 5673/4532/904 5674/4533/904 5675/4534/904
f 5674/4533/904 5673/4532/904 5676/4535/904
f 5677/4532/904 5678/4536/904 5679/4534/904
f 5678/4536/904 5677/4532/904 5680/4537/904
f 5681/4538/902 5682/4539/902 5683/4540/902
f 5682/4539/902 5681/4538/902 5684/4541/902
f 5685/4542/900 5686/4482/900 5687/4543/900
f 5686/4482/900 5685/4542/900 5688/4484/900
f 5689/4532/904 5690/4544/904 5691/4534/904
f 5690/4544/904 5689/4532/904 5692/4545/904
f 5693/4546/902 5694/4547/902 5695/4548/902
f 5694/4547/902 5693/4546/902 5696/4549/902
f 5697/4550/900 5698/4482/900 5699/4551/900
f 5698/4482/900 5697/4550/900 5700/4484/900
f 5701/4484/900 5702/4552/900 5703/4482/900
f 5702/4552/900 5701/4484/900 5704/4553/900
o SketchUp.162
v 2.298801 1.944094 0.014483
v 2.166529 1.916208 0.014483
v 2.298801 1.916208 0.014483
v 2.166529 1.944094 0.014483
v 2.166529 1.944094 0.014483
v 2.298801 1.944094 0.014483
v 2.166529 1.916208 0.014483
v 2.298801 1.916208 0.014483
vn -0.0000 -0.0000 1.0000
vn -0.0000 -0.0000 -1.0000
s 1
usemtl Translucent_Glass_Blue
f 5705//905 5706//905 5707//905
f 5706//905 5705//905 5708//905
f 5709//906 5710//906 5711//906
f 5712//906 5711//906 5710//906
o SketchUp.163
v 2.518965 1.868085 0.011608
v 2.386694 1.839540 0.011608
v 2.518965 1.839540 0.011608
v 2.386694 1.868085 0.011608
v 2.386694 1.868085 0.011608
v 2.518965 1.868085 0.011608
v 2.386694 1.839540 0.011608
v 2.518965 1.839540 0.011608
vn -0.0000 -0.0000 1.0000
vn -0.0000 -0.0000 -1.0000
s 1
usemtl Translucent_Glass_Blue
f 5713//907 5714//907 5715//907
f 5714//907 5713//907 5716//907
f 5717//908 5718//908 5719//908
f 5720//908 5719//908 5718//908
o SketchUp.164
v 2.518965 1.906705 0.011608
v 2.386694 1.879349 0.011608
v 2.518965 1.879349 0.011608
v 2.386694 1.906705 0.011608
v 2.386694 1.906705 0.011608
v 2.518965 1.906705 0.011608
v 2.386694 1.879349 0.011608
v 2.518965 1.879349 0.011608
vn -0.0000 -0.0000 1.0000
vn -0.0000 -0.0000 -1.0000
s 1
usemtl Translucent_Glass_Blue
f 5721//909 5722//909 5723//909
f 5722//909 5721//909 5724//909
f 5725//910 5726//910 5727//910
f 5728//910 5727//910 5726//910
o SketchUp.165
v 2.518965 1.944094 0.011608
v 2.386694 1.916208 0.011608
v 2.518965 1.916208 0.011608
v 2.386694 1.944094 0.011608
v 2.386694 1.944094 0.011608
v 2.518965 1.944094 0.011608
v 2.386694 1.916208 0.011608
v 2.518965 1.916208 0.011608
vn -0.0000 -0.0000 1.0000
vn -0.0000 -0.0000 -1.0000
s 1
usemtl Translucent_Glass_Blue
f 5729//911 5730//911 5731//911
f 5730//911 5729//911 5732//911
f 5733//912 5734//912 5735//912
f 5736//912 5735//912 5734//912
o SketchUp.166
v 2.062299 1.868085 0.017359
v 1.930028 1.839540 0.017359
v 2.062299 1.839540 0.017359
v 1.930028 1.868085 0.017359
v 1.930028 1.868085 0.017359
v 2.062299 1.868085 0.017359
v 1.930028 1.839540 0.017359
v 2.062299 1.839540 0.017359
vn -0.0000 -0.0000 1.0000
vn -0.0000 -0.0000 -1.0000
s 1
usemtl Translucent_Glass_Blue
f 5737//913 5738//913 5739//913
f 5738//913 5737//913 5740//913
f 5741//914 5742//914 5743//914
f 5744//914 5743//914 5742//914
o SketchUp.167
v 2.062299 1.906705 0.017359
v 1.930028 1.879349 0.017359
v 2.062299 1.879349 0.017359
v 1.930028 1.906705 0.017359
v 1.930028 1.906705 0.017359
v 2.062299 1.906705 0.017359
v 1.930028 1.879349 0.017359
v 2.062299 1.879349 0.017359
vn -0.0000 -0.0000 1.0000
vn -0.0000 -0.0000 -1.0000
s 1
usemtl Translucent_Glass_Blue
f 5745//915 5746//915 5747//915
f 5746//915 5745//915 5748//915
f 5749//916 5750//916 5751//916
f 5752//916 5751//916 5750//916
o SketchUp.168
v 2.062299 1.829495 0.017359
v 1.930028 1.799656 0.017359
v 2.062299 1.799656 0.017359
v 1.930028 1.829495 0.017359
v 1.930028 1.829495 0.017359
v 2.062299 1.829495 0.017359
v 1.930028 1.799656 0.017359
v 2.062299 1.799656 0.017359
vn -0.0000 -0.0000 1.0000
vn -0.0000 -0.0000 -1.0000
s 1
usemtl Translucent_Glass_Blue
f 5753//917 5754//917 5755//917
f 5754//917 5753//917 5756//917
f 5757//918 5758//918 5759//918
f 5760//918 5759//918 5758//918
o SketchUp.169
v 2.298801 1.829495 0.014483
v 2.166529 1.799656 0.014483
v 2.298801 1.799656 0.014483
v 2.166529 1.829495 0.014483
v 2.166529 1.829495 0.014483
v 2.298801 1.829495 0.014483
v 2.166529 1.799656 0.014483
v 2.298801 1.799656 0.014483
vn -0.0000 -0.0000 1.0000
vn -0.0000 -0.0000 -1.0000
s 1
usemtl Translucent_Glass_Blue
f 5761//919 5762//919 5763//919
f 5762//919 5761//919 5764//919
f 5765//920 5766//920 5767//920
f 5768//920 5767//920 5766//920
o SketchUp.170
v 2.298801 1.906705 0.014483
v 2.166529 1.879349 0.014483
v 2.298801 1.879349 0.014483
v 2.166529 1.906705 0.014483
v 2.166529 1.906705 0.014483
v 2.298801 1.906705 0.014483
v 2.166529 1.879349 0.014483
v 2.298801 1.879349 0.014483
vn -0.0000 -0.0000 1.0000
vn -0.0000 -0.0000 -1.0000
s 1
usemtl Translucent_Glass_Blue
f 5769//921 5770//921 5771//921
f 5770//921 5769//921 5772//921
f 5773//922 5774//922 5775//922
f 5776//922 5775//922 5774//922
o SketchUp.171
v 2.298801 1.868085 0.014483
v 2.166529 1.839540 0.014483
v 2.298801 1.839540 0.014483
v 2.166529 1.868085 0.014483
v 2.166529 1.868085 0.014483
v 2.298801 1.868085 0.014483
v 2.166529 1.839540 0.014483
v 2.298801 1.839540 0.014483
vn -0.0000 -0.0000 1.0000
vn -0.0000 -0.0000 -1.0000
s 1
usemtl Translucent_Glass_Blue
f 5777//923 5778//923 5779//923
f 5778//923 5777//923 5780//923
f 5781//924 5782//924 5783//924
f 5784//924 5783//924 5782//924
o SketchUp.172
v 2.518965 1.542965 0.015921
v 2.386694 1.542965 -0.000000
v 2.386694 1.542965 0.015921
v 2.518965 1.542965 -0.000000
vn -0.0000 1.0000 -0.0000
vt 28.740740 -0.181657
vt 27.231550 0.000000
vt 27.231550 -0.181657
vt 28.740740 0.000000
s 1
usemtl Wood_Floor_Parquet
f 5785/4554/925 5786/4555/925 5787/4556/925
f 5786/4555/925 5785/4554/925 5788/4557/925
o SketchUp.173
v 2.298801 1.542965 0.018797
v 2.166529 1.542965 -0.000000
v 2.166529 1.542965 0.018797
v 2.298801 1.542965 -0.000000
vn -0.0000 1.0000 -0.0000
vt 26.228720 -0.214465
vt 24.719530 0.000000
vt 24.719530 -0.214465
vt 26.228720 0.000000
s 1
usemtl Wood_Floor_Parquet
f 5789/4558/926 5790/4559/926 5791/4560/926
f 5790/4559/926 5789/4558/926 5792/4561/926
o SketchUp.174
v 2.019168 1.260309 0.017048
v 1.886896 1.260309 0.012734
v 1.886896 1.260309 0.017048
v 2.019168 1.260309 0.012734
v 2.019168 1.260309 0.017048
v 1.886896 1.250264 0.017048
v 2.019168 1.250264 0.017048
v 1.886896 1.260309 0.017048
v 2.019168 0.963735 -0.000000
v 2.019168 1.220425 0.017048
v 2.019168 0.963735 0.017048
v 2.019168 1.220425 0.012734
v 2.019168 1.250264 0.012734
v 2.019168 1.260309 0.012734
v 2.019168 1.288855 0.012734
v 2.019168 1.300118 0.012734
v 2.019168 1.327474 0.012734
v 2.019168 1.336977 0.012734
v 2.019168 1.364863 0.012734
v 2.019168 1.364863 -0.037586
v 2.019168 0.963735 -0.037586
v 2.019168 1.336977 0.019923
v 2.019168 1.327474 0.019923
v 2.019168 1.300118 0.018485
v 2.019168 1.288855 0.018485
v 2.019168 1.260309 0.017048
v 2.019168 1.250264 0.017048
v 2.019168 1.250264 0.012734
v 1.886896 1.250264 0.017048
v 1.886896 1.250264 0.012734
v 2.019168 1.250264 0.017048
v 2.019168 1.364863 0.012734
v 1.886896 1.364863 -0.037586
v 1.886896 1.364863 0.012734
v 2.019168 1.364863 -0.037586
v 2.019168 1.336977 0.019923
v 1.886896 1.336977 0.012734
v 1.886896 1.336977 0.019923
v 2.019168 1.336977 0.012734
v 2.019168 1.336977 0.019923
v 1.886896 1.327474 0.019923
v 2.019168 1.327474 0.019923
v 1.886896 1.336977 0.019923
v 2.019168 1.327474 0.012734
v 1.886896 1.327474 0.019923
v 1.886896 1.327474 0.012734
v 2.019168 1.327474 0.019923
v 2.019168 1.300118 0.018485
v 1.886896 1.300118 0.012734
v 1.886896 1.300118 0.018485
v 2.019168 1.300118 0.012734
v 2.019168 1.300118 0.018485
v 1.886896 1.288855 0.018485
v 2.019168 1.288855 0.018485
v 1.886896 1.300118 0.018485
v 2.019168 1.288855 0.012734
v 1.886896 1.288855 0.018485
v 1.886896 1.288855 0.012734
v 2.019168 1.288855 0.018485
v 2.019168 1.220425 0.017048
v 1.886896 1.220425 0.012734
v 1.886896 1.220425 0.017048
v 2.019168 1.220425 0.012734
v 2.019168 1.220425 0.017048
v 1.886896 0.963735 0.017048
v 2.019168 0.963735 0.017048
v 1.886896 1.220425 0.017048
vn -0.0000 1.0000 -0.0000
vn -0.0000 -0.0000 1.0000
vn 1.0000 -0.0000 -0.0000
vn 1.0000 -0.0000 0.0005
vn -0.0000 -1.0000 -0.0000
vt 23.038170 -0.194508
vt 21.528990 -0.145296
vt 21.528990 -0.194508
vt 23.038170 -0.145296
vt 23.038170 14.379800
vt 21.528990 14.265189
vt 23.038170 14.265189
vt 21.528990 14.379800
vt 0.000000 10.995959
vt -0.194508 13.924729
vt -0.194508 10.995959
vt -0.145296 13.924729
vt -0.145296 14.265189
vt -0.145296 14.379800
vt -0.145296 14.705500
vt -0.145296 14.834009
vt -0.145296 15.146130
vt -0.145296 15.254560
vt -0.145296 15.572730
vt 0.428852 15.572730
vt 0.428852 10.995959
vt -0.227316 15.254560
vt -0.227316 15.146130
vt -0.210912 14.834009
vt -0.210912 14.705500
vt -0.194508 14.379800
vt -0.194508 14.265189
vt -23.038170 -0.145296
vt -21.528990 -0.194508
vt -21.528990 -0.145296
vt -23.038170 -0.194508
vt 21.528990 0.428852
vt 23.038170 0.428852
vt 23.038170 -0.227316
vt 21.528990 -0.227316
vt 23.038170 15.254560
vt 21.528990 15.146130
vt 23.038170 15.146130
vt 21.528990 15.254560
vt -21.528990 -0.227316
vt -23.038170 -0.227316
vt 23.038170 -0.210912
vt 21.528990 -0.210912
vt 23.038170 14.834009
vt 21.528990 14.705500
vt 23.038170 14.705500
vt 21.528990 14.834009
vt -21.528990 -0.210912
vt -23.038170 -0.210912
vt 23.038170 13.924729
vt 21.528990 10.995959
vt 23.038170 10.995959
vt 21.528990 13.924729
s 1
usemtl Wood_Floor_Parquet
f 5793/4562/927 5794/4563/927 5795/4564/927
f 5794/4563/927 5793/4562/927 5796/4565/927
f 5797/4566/928 5798/4567/928 5799/4568/928
f 5798/4567/928 5797/4566/928 5800/4569/928
f 5801/4570/929 5802/4571/929 5803/4572/929
f 5802/4571/929 5801/4570/929 5804/4573/929
f 5804/4573/929 5801/4570/929 5805/4574/929
f 5805/4574/929 5801/4570/929 5806/4575/929
f 5806/4575/929 5801/4570/929 5807/4576/929
f 5807/4576/929 5801/4570/929 5808/4577/929
f 5808/4577/929 5801/4570/929 5809/4578/930
f 5809/4578/930 5801/4570/929 5810/4579/930
f 5810/4579/930 5801/4570/929 5811/4580/929
f 5811/4580/929 5801/4570/929 5812/4581/929
f 5812/4581/929 5801/4570/929 5813/4582/929
f 5809/4578/930 5814/4583/929 5815/4584/929
f 5814/4583/929 5809/4578/930 5810/4579/930
f 5807/4576/929 5816/4585/929 5817/4586/929
f 5816/4585/929 5807/4576/929 5808/4577/929
f 5805/4574/929 5818/4587/929 5819/4588/929
f 5818/4587/929 5805/4574/929 5806/4575/929
f 5820/4589/931 5821/4590/931 5822/4591/931
f 5821/4590/931 5820/4589/931 5823/4592/931
f 5824/4565/927 5825/4593/927 5826/4563/927
f 5825/4593/927 5824/4565/927 5827/4594/927
f 5828/4595/927 5829/4563/927 5830/4596/927
f 5829/4563/927 5828/4595/927 5831/4565/927
f 5832/4597/928 5833/4598/928 5834/4599/928
f 5833/4598/928 5832/4597/928 5835/4600/928
f 5836/4589/931 5837/4601/931 5838/4591/931
f 5837/4601/931 5836/4589/931 5839/4602/931
f 5840/4603/927 5841/4563/927 5842/4604/927
f 5841/4563/927 5840/4603/927 5843/4565/927
f 5844/4605/928 5845/4606/928 5846/4607/928
f 5845/4606/928 5844/4605/928 5847/4608/928
f 5848/4589/931 5849/4609/931 5850/4591/931
f 5849/4609/931 5848/4589/931 5851/4610/931
f 5852/4562/927 5853/4563/927 5854/4564/927
f 5853/4563/927 5852/4562/927 5855/4565/927
f 5856/4611/928 5857/4612/928 5858/4613/928
f 5857/4612/928 5856/4611/928 5859/4614/928
o SketchUp.175
v 2.019168 0.963735 0.017048
v 1.886896 0.963735 -0.000000
v 1.886896 0.963735 0.017048
v 2.019168 0.963735 -0.000000
v 1.886896 0.963735 -0.000000
v 1.886896 1.220425 0.017048
v 1.886896 0.963735 0.017048
v 1.886896 1.220425 0.012734
v 1.886896 1.250264 0.012734
v 1.886896 1.260309 0.012734
v 1.886896 1.288855 0.012734
v 1.886896 1.300118 0.012734
v 1.886896 1.327474 0.012734
v 1.886896 1.336977 0.012734
v 1.886896 1.364863 0.012734
v 1.886896 1.364863 -0.037586
v 1.886896 0.963735 -0.037586
v 1.886896 1.336977 0.019923
v 1.886896 1.327474 0.019923
v 1.886896 1.300118 0.018485
v 1.886896 1.288855 0.018485
v 1.886896 1.260309 0.017048
v 1.886896 1.250264 0.017048
v 1.886896 0.909248 -0.000000
v 1.886896 0.963735 0.085768
v 1.886896 0.909248 0.085768
v 1.886896 0.926353 -0.000000
vn -0.0000 1.0000 -0.0000
vn 1.0000 -0.0000 -0.0000
vn 1.0000 -0.0000 0.0005
vt 23.038170 -0.194508
vt 21.528990 -0.000000
vt 21.528990 -0.194508
vt 23.038170 -0.000000
vt -0.000000 10.995959
vt -0.194508 13.924729
vt -0.194508 10.995959
vt -0.145296 13.924729
vt -0.145296 14.265189
vt -0.145296 14.379800
vt -0.145296 14.705500
vt -0.145296 14.834009
vt -0.145296 15.146130
vt -0.145296 15.254560
vt -0.145296 15.572730
vt 0.428852 15.572730
vt 0.428852 10.995959
vt -0.227316 15.254560
vt -0.227316 15.146130
vt -0.210912 14.834009
vt -0.210912 14.705500
vt -0.194508 14.379800
vt -0.194508 14.265189
vt 0.000000 10.374290
vt -0.978587 10.995959
vt -0.978587 10.374290
vt 0.000000 10.569449
s 1
usemtl Wood_Floor_Parquet
f 5860/4615/932 5861/4616/932 5862/4617/932
f 5861/4616/932 5860/4615/932 5863/4618/932
f 5864/4619/933 5865/4620/933 5866/4621/933
f 5865/4620/933 5864/4619/933 5867/4622/933
f 5867/4622/933 5864/4619/933 5868/4623/933
f 5868/4623/933 5864/4619/933 5869/4624/933
f 5869/4624/933 5864/4619/933 5870/4625/933
f 5870/4625/933 5864/4619/933 5871/4626/933
f 5871/4626/933 5864/4619/933 5872/4627/934
f 5872/4627/934 5864/4619/933 5873/4628/934
f 5873/4628/934 5864/4619/933 5874/4629/933
f 5874/4629/933 5864/4619/933 5875/4630/933
f 5875/4630/933 5864/4619/933 5876/4631/933
f 5872/4627/934 5877/4632/933 5878/4633/933
f 5877/4632/933 5872/4627/934 5873/4628/934
f 5870/4625/933 5879/4634/933 5880/4635/933
f 5879/4634/933 5870/4625/933 5871/4626/933
f 5868/4623/933 5881/4636/933 5882/4637/933
f 5881/4636/933 5868/4623/933 5869/4624/933
f 5883/4638/933 5884/4639/933 5885/4640/933
f 5884/4639/933 5883/4638/933 5866/4621/933
f 5866/4621/933 5883/4638/933 5864/4619/933
s 0
f 5864/4619/933 5883/4638/933 5886/4641/933
o SketchUp.176
v 2.019168 1.250264 0.012734
v 1.886896 1.220425 0.012734
v 2.019168 1.220425 0.012734
v 1.886896 1.250264 0.012734
v 1.886896 1.250264 0.012734
v 2.019168 1.250264 0.012734
v 1.886896 1.220425 0.012734
v 2.019168 1.220425 0.012734
vn -0.0000 -0.0000 1.0000
vn -0.0000 -0.0000 -1.0000
s 1
usemtl Translucent_Glass_Blue
f 5887//935 5888//935 5889//935
f 5888//935 5887//935 5890//935
f 5891//936 5892//936 5893//936
f 5894//936 5893//936 5892//936
o SketchUp.177
v 2.019168 1.364863 0.012734
v 1.886896 1.336977 0.012734
v 2.019168 1.336977 0.012734
v 1.886896 1.364863 0.012734
v 1.886896 1.364863 0.012734
v 2.019168 1.364863 0.012734
v 1.886896 1.336977 0.012734
v 2.019168 1.336977 0.012734
vn -0.0000 -0.0000 1.0000
vn -0.0000 -0.0000 -1.0000
s 1
usemtl Translucent_Glass_Blue
f 5895//937 5896//937 5897//937
f 5896//937 5895//937 5898//937
f 5899//938 5900//938 5901//938
f 5902//938 5901//938 5900//938
o SketchUp.178
v 2.019168 1.327474 0.012734
v 1.886896 1.300118 0.012734
v 2.019168 1.300118 0.012734
v 1.886896 1.327474 0.012734
v 1.886896 1.327474 0.012734
v 2.019168 1.327474 0.012734
v 1.886896 1.300118 0.012734
v 2.019168 1.300118 0.012734
vn -0.0000 -0.0000 1.0000
vn -0.0000 -0.0000 -1.0000
s 1
usemtl Translucent_Glass_Blue
f 5903//939 5904//939 5905//939
f 5904//939 5903//939 5906//939
f 5907//940 5908//940 5909//940
f 5910//940 5909//940 5908//940
o SketchUp.179
v 2.019168 1.288855 0.012734
v 1.886896 1.260309 0.012734
v 2.019168 1.260309 0.012734
v 1.886896 1.288855 0.012734
v 1.886896 1.288855 0.012734
v 2.019168 1.288855 0.012734
v 1.886896 1.260309 0.012734
v 2.019168 1.260309 0.012734
vn -0.0000 -0.0000 1.0000
vn -0.0000 -0.0000 -1.0000
s 1
usemtl Translucent_Glass_Blue
f 5911//941 5912//941 5913//941
f 5912//941 5911//941 5914//941
f 5915//942 5916//942 5917//942
f 5918//942 5917//942 5916//942
o SketchUp.180
v 1.886896 0.362310 0.005751
v 1.886896 0.465827 0.085768
v 1.886896 0.362310 0.085768
v 1.886896 0.465827 0.005751
v 1.886896 0.465827 0.085768
v 1.651107 0.362310 0.085768
v 1.886896 0.362310 0.085768
v 1.651107 0.465827 0.085768
v 1.886896 0.362310 0.005751
v 1.651107 0.362310 0.085768
v 1.651107 0.362310 0.005751
v 1.886896 0.362310 0.085768
v 1.886896 0.465827 0.085768
v 1.651107 0.465827 0.005751
v 1.651107 0.465827 0.085768
v 1.886896 0.465827 0.005751
v 1.651107 0.362310 0.085768
v 1.651107 0.376373 0.107830
v 1.651107 0.362310 0.107830
v 1.651107 0.443947 0.107830
v 1.651107 0.465827 0.085768
v 1.651107 0.465827 0.107830
v 1.886896 0.465827 0.085768
v 1.886896 0.362310 0.106393
v 1.886896 0.465827 0.106393
v 1.886896 0.362310 0.085768
v 1.651107 0.362310 0.005751
v 1.651107 0.465827 0.005751
v 1.651107 0.376373 0.107830
v 1.651107 0.443947 0.119332
v 1.651107 0.376373 0.119332
v 1.651107 0.443947 0.107830
v 1.886896 0.465827 0.005751
v 1.651107 0.362310 0.005751
v 1.886896 0.362310 0.005751
v 1.651107 0.465827 0.005751
v 1.651107 0.443947 0.119332
v 1.062891 0.443947 0.107830
v 1.062891 0.443947 0.119332
v 1.651107 0.443947 0.107830
v 1.651107 0.376373 0.107830
v 1.062891 0.376373 0.119332
v 1.062891 0.376373 0.107830
v 1.651107 0.376373 0.119332
v 1.062891 0.443947 0.107830
v 1.062891 0.376373 0.119332
v 1.062891 0.443947 0.119332
v 1.062891 0.376373 0.107830
v 1.062891 0.465827 0.085070
v 1.062891 0.443947 0.107830
v 1.062891 0.465827 0.107830
v 1.062891 0.376373 0.107830
v 1.062891 0.362310 0.085070
v 1.062891 0.362310 0.107830
v 1.062891 0.465827 0.005751
v 1.062891 0.362310 0.005751
v 1.062891 0.465827 0.005751
v 0.827102 0.362310 0.005751
v 1.062891 0.362310 0.005751
v 0.827102 0.465827 0.005751
v 0.827102 0.362310 0.005751
v 0.827102 0.465827 0.085070
v 0.827102 0.362310 0.085070
v 0.827102 0.465827 0.005751
v 0.827102 0.362310 0.085070
v 0.827102 0.376373 0.107830
v 0.827102 0.362310 0.107830
v 0.827102 0.443947 0.107830
v 0.827102 0.465827 0.085070
v 0.827102 0.465827 0.107830
v 0.827102 0.376373 0.122208
v 0.827102 0.443947 0.107830
v 0.827102 0.443947 0.122208
v 0.827102 0.376373 0.107830
v 0.827102 0.443947 0.122208
v 0.182743 0.443947 0.107830
v 0.182743 0.443947 0.122208
v 0.827102 0.443947 0.107830
v 0.827102 0.376373 0.107830
v 0.182743 0.376373 0.122208
v 0.182743 0.376373 0.107830
v 0.827102 0.376373 0.122208
v 0.182743 0.443947 0.107830
v 0.182743 0.376373 0.122208
v 0.182743 0.443947 0.122208
v 0.182743 0.376373 0.107830
vn 1.0000 -0.0000 -0.0000
vn -0.0000 -0.0000 1.0000
vn -0.0000 -1.0000 -0.0000
vn -0.0000 1.0000 -0.0000
vn -1.0000 -0.0000 -0.0000
vt -0.065617 4.133858
vt -0.978587 5.314961
vt -0.978587 4.133858
vt -0.065617 5.314961
vt 21.528990 5.314961
vt 18.838699 4.133858
vt 21.528990 4.133858
vt 18.838699 5.314961
vt -21.528990 -0.065617
vt -18.838699 -0.978587
vt -18.838699 -0.065617
vt -21.528990 -0.978587
vt 21.528990 -0.978587
vt 18.838699 -0.065617
vt 18.838699 -0.978587
vt 21.528990 -0.065617
vt -1.230315 4.294322
vt -1.230315 4.133858
vt -1.230315 5.065320
vt -1.230315 5.314961
vt 0.978587 5.314961
vt 1.213911 4.133858
vt 1.213911 5.314961
vt 0.978587 4.133858
vt -1.361549 5.065320
vt -1.361549 4.294322
vt 18.838699 -1.361549
vt 12.127310 -1.230315
vt 12.127310 -1.361549
vt 18.838699 -1.230315
vt -18.838699 -1.230315
vt -12.127310 -1.361549
vt -12.127310 -1.230315
vt -18.838699 -1.361549
vt 1.230315 5.065320
vt 1.361549 4.294322
vt 1.361549 5.065320
vt 1.230315 4.294322
vt 0.970625 5.314961
vt 1.230315 5.314961
vt 0.970625 4.133858
vt 1.230315 4.133858
vt 0.065617 5.314961
vt 0.065617 4.133858
vt 12.127310 5.314961
vt 9.437019 4.133858
vt 12.127310 4.133858
vt 9.437019 5.314961
vt -0.970625 5.314961
vt -0.970625 4.133858
vt -1.394357 4.294322
vt -1.394357 5.065320
vt 9.437019 -1.394357
vt 2.085050 -1.230315
vt 2.085050 -1.394357
vt 9.437019 -1.230315
vt -9.437019 -1.230315
vt -2.085050 -1.394357
vt -2.085050 -1.230315
vt -9.437019 -1.394357
vt 1.394357 4.294322
vt 1.394357 5.065320
s 1
usemtl Wood_Floor_Parquet
f 5919/4642/943 5920/4643/943 5921/4644/943
f 5920/4643/943 5919/4642/943 5922/4645/943
f 5923/4646/944 5924/4647/944 5925/4648/944
f 5924/4647/944 5923/4646/944 5926/4649/944
f 5927/4650/945 5928/4651/945 5929/4652/945
f 5928/4651/945 5927/4650/945 5930/4653/945
f 5931/4654/946 5932/4655/946 5933/4656/946
f 5932/4655/946 5931/4654/946 5934/4657/946
f 5935/4644/943 5936/4658/943 5937/4659/943
f 5936/4658/943 5935/4644/943 5938/4660/943
f 5938/4660/943 5939/4643/943 5940/4661/943
f 5939/4643/943 5938/4660/943 5935/4644/943
f 5941/4662/947 5942/4663/947 5943/4664/947
f 5942/4663/947 5941/4662/947 5944/4665/947
f 5945/4642/943 5939/4643/943 5935/4644/943
f 5939/4643/943 5945/4642/943 5946/4645/943
f 5947/4658/943 5948/4666/943 5949/4667/943
f 5948/4666/943 5947/4658/943 5950/4660/943
f 5951/4646/944 5952/4647/944 5953/4648/944
f 5952/4647/944 5951/4646/944 5954/4649/944
f 5955/4668/946 5956/4669/946 5957/4670/946
f 5956/4669/946 5955/4668/946 5958/4671/946
f 5959/4672/945 5960/4673/945 5961/4674/945
f 5960/4673/945 5959/4672/945 5962/4675/945
f 5963/4676/947 5964/4677/947 5965/4678/947
f 5964/4677/947 5963/4676/947 5966/4679/947
f 5967/4680/947 5968/4676/947 5969/4681/947
f 5968/4676/947 5967/4680/947 5970/4679/947
f 5970/4679/947 5971/4682/947 5972/4683/947
f 5971/4682/947 5970/4679/947 5967/4680/947
f 5973/4684/947 5971/4682/947 5967/4680/947
f 5971/4682/947 5973/4684/947 5974/4685/947
f 5975/4686/944 5976/4687/944 5977/4688/944
f 5976/4687/944 5975/4686/944 5978/4689/944
f 5979/4642/943 5980/4690/943 5981/4691/943
f 5980/4690/943 5979/4642/943 5982/4645/943
f 5983/4691/943 5984/4658/943 5985/4659/943
f 5986/4660/943 5987/4690/943 5988/4661/943
f 5987/4690/943 5986/4660/943 5984/4658/943
f 5987/4690/943 5984/4658/943 5983/4691/943
f 5989/4692/943 5990/4660/943 5991/4693/943
f 5990/4660/943 5989/4692/943 5992/4658/943
f 5993/4694/946 5994/4695/946 5995/4696/946
f 5994/4695/946 5993/4694/946 5996/4697/946
f 5997/4698/945 5998/4699/945 5999/4700/945
f 5998/4699/945 5997/4698/945 6000/4701/945
f 6001/4676/947 6002/4702/947 6003/4703/947
f 6002/4702/947 6001/4676/947 6004/4679/947
o SketchUp.181
v 1.356106 0.000000 0.005751
v 1.347527 0.173572 0.005751
v 1.179264 0.000000 0.005751
v 1.356106 0.362310 0.005751
v 1.347527 0.199451 0.005751
v 1.343214 0.199451 0.005751
v 1.343214 0.173572 0.005751
v 1.179264 0.362310 0.005751
v 1.532947 0.362310 0.005751
v 1.356106 0.000000 0.005751
v 1.532947 0.000000 0.005751
v 1.373115 0.173572 0.005751
v 1.373115 0.199451 0.005751
v 1.368802 0.199451 0.005751
v 1.368802 0.173572 0.005751
v 1.356106 0.362310 0.005751
vn -0.0000 -0.0000 1.0000
vt 6.189125 0.000000
vt 6.149974 0.792163
vt 5.382039 0.000000
vt 6.189125 1.653543
vt 6.149974 0.910273
vt 6.130289 0.910273
vt 6.130289 0.792163
vt 5.382039 1.653543
vt 6.996212 1.653543
vt 6.996212 0.000000
vt 6.266755 0.792163
vt 6.266755 0.910273
vt 6.247070 0.910273
vt 6.247070 0.792163
s 1
usemtl Wood_Floor
f 6005/4704/948 6006/4705/948 6007/4706/948
f 6006/4705/948 6005/4704/948 6008/4707/948
f 6006/4705/948 6008/4707/948 6009/4708/948
f 6009/4708/948 6008/4707/948 6010/4709/948
f 6007/4706/948 6011/4710/948 6012/4711/948
f 6011/4710/948 6007/4706/948 6006/4705/948
f 6012/4711/948 6011/4710/948 6010/4709/948
f 6012/4711/948 6010/4709/948 6008/4707/948
f 6013/4712/948 6014/4704/948 6015/4713/948
f 6014/4704/948 6013/4712/948 6016/4714/948
f 6016/4714/948 6013/4712/948 6017/4715/948
f 6017/4715/948 6013/4712/948 6018/4716/948
f 6014/4704/948 6019/4717/948 6020/4707/948
f 6019/4717/948 6014/4704/948 6016/4714/948
f 6020/4707/948 6019/4717/948 6018/4716/948
f 6020/4707/948 6018/4716/948 6013/4712/948
o SketchUp.182
v 1.347527 0.199451 0.010064
v 1.343214 0.173572 0.010064
v 1.347527 0.173572 0.010064
v 1.343214 0.199451 0.010064
v 1.347527 0.199451 0.010064
v 1.343214 0.199451 0.005751
v 1.343214 0.199451 0.010064
v 1.347527 0.199451 0.005751
v 1.343214 0.199451 0.005751
v 1.343214 0.173572 0.010064
v 1.343214 0.199451 0.010064
v 1.343214 0.173572 0.005751
v 1.347527 0.173572 0.005751
v 1.343214 0.173572 0.010064
v 1.343214 0.173572 0.005751
v 1.347527 0.173572 0.010064
v 1.347527 0.173572 0.005751
v 1.347527 0.199451 0.010064
v 1.347527 0.173572 0.010064
v 1.347527 0.199451 0.005751
vn -0.0000 -0.0000 1.0000
vn -0.0000 1.0000 -0.0000
vn -1.0000 -0.0000 -0.0000
vn -0.0000 -1.0000 -0.0000
vn 1.0000 -0.0000 -0.0000
vt 15.374929 2.275682
vt 15.325720 1.980407
vt 15.374929 1.980407
vt 15.325720 2.275682
vt 15.374929 -0.114829
vt 15.325720 -0.065617
vt 15.325720 -0.114829
vt 15.374929 -0.065617
vt 0.065617 2.275682
vt 0.114829 1.980407
vt 0.114829 2.275682
vt 0.065617 1.980407
vt -15.374929 -0.065617
vt -15.325720 -0.114829
vt -15.325720 -0.065617
vt -15.374929 -0.114829
vt -0.065617 1.980407
vt -0.114829 2.275682
vt -0.114829 1.980407
vt -0.065617 2.275682
s 1
usemtl Wood_Floor_Parquet
f 6021/4718/949 6022/4719/949 6023/4720/949
f 6022/4719/949 6021/4718/949 6024/4721/949
f 6025/4722/950 6026/4723/950 6027/4724/950
f 6026/4723/950 6025/4722/950 6028/4725/950
f 6029/4726/951 6030/4727/951 6031/4728/951
f 6030/4727/951 6029/4726/951 6032/4729/951
f 6033/4730/952 6034/4731/952 6035/4732/952
f 6034/4731/952 6033/4730/952 6036/4733/952
f 6037/4734/953 6038/4735/953 6039/4736/953
f 6038/4735/953 6037/4734/953 6040/4737/953
o SketchUp.183
v 1.373115 0.199451 0.010064
v 1.368802 0.173572 0.010064
v 1.373115 0.173572 0.010064
v 1.368802 0.199451 0.010064
v 1.373115 0.199451 0.010064
v 1.368802 0.199451 0.005751
v 1.368802 0.199451 0.010064
v 1.373115 0.199451 0.005751
v 1.368802 0.199451 0.005751
v 1.368802 0.173572 0.010064
v 1.368802 0.199451 0.010064
v 1.368802 0.173572 0.005751
v 1.373115 0.173572 0.005751
v 1.368802 0.173572 0.010064
v 1.368802 0.173572 0.005751
v 1.373115 0.173572 0.010064
v 1.373115 0.173572 0.005751
v 1.373115 0.199451 0.010064
v 1.373115 0.173572 0.010064
v 1.373115 0.199451 0.005751
vn -0.0000 -0.0000 1.0000
vn -0.0000 1.0000 -0.0000
vn -1.0000 -0.0000 -0.0000
vn -0.0000 -1.0000 -0.0000
vn 1.0000 -0.0000 -0.0000
vt 15.666889 2.275682
vt 15.617670 1.980407
vt 15.666889 1.980407
vt 15.617670 2.275682
vt 15.666889 -0.114829
vt 15.617670 -0.065617
vt 15.617670 -0.114829
vt 15.666889 -0.065617
vt 0.065617 2.275682
vt 0.114829 1.980407
vt 0.114829 2.275682
vt 0.065617 1.980407
vt -15.666889 -0.065617
vt -15.617670 -0.114829
vt -15.617670 -0.065617
vt -15.666889 -0.114829
vt -0.065617 1.980407
vt -0.114829 2.275682
vt -0.114829 1.980407
vt -0.065617 2.275682
s 1
usemtl Wood_Floor_Parquet
f 6041/4738/954 6042/4739/954 6043/4740/954
f 6042/4739/954 6041/4738/954 6044/4741/954
f 6045/4742/955 6046/4743/955 6047/4744/955
f 6046/4743/955 6045/4742/955 6048/4745/955
f 6049/4746/956 6050/4747/956 6051/4748/956
f 6050/4747/956 6049/4746/956 6052/4749/956
f 6053/4750/957 6054/4751/957 6055/4752/957
f 6054/4751/957 6053/4750/957 6056/4753/957
f 6057/4754/958 6058/4755/958 6059/4756/958
f 6058/4755/958 6057/4754/958 6060/4757/958
o SketchUp.184
v 0.560398 0.622158 -0.000000
v 0.494384 0.501009 -0.000000
v 0.560398 0.501009 -0.000000
v 0.494384 0.622158 -0.000000
v 0.494384 0.622158 -0.000000
v 0.560398 0.622158 -0.000000
v 0.494384 0.501009 -0.000000
v 0.560398 0.501009 -0.000000
vn -0.0000 -0.0000 1.0000
vn -0.0000 -0.0000 -1.0000
s 1
usemtl Translucent_Glass_Blue
f 6061//959 6062//959 6063//959
f 6062//959 6061//959 6064//959
f 6065//960 6066//960 6067//960
f 6068//960 6067//960 6066//960
o SketchUp.185
v 0.482635 0.622158 -0.000000
v 0.412793 0.501009 -0.000000
v 0.482635 0.501009 -0.000000
v 0.412793 0.622158 -0.000000
v 0.412793 0.622158 -0.000000
v 0.482635 0.622158 -0.000000
v 0.412793 0.501009 -0.000000
v 0.482635 0.501009 -0.000000
vn -0.0000 -0.0000 1.0000
vn -0.0000 -0.0000 -1.0000
s 1
usemtl Translucent_Glass_Blue
f 6069//961 6070//961 6071//961
f 6070//961 6069//961 6072//961
f 6073//962 6074//962 6075//962
f 6076//962 6075//962 6074//962
o SketchUp.186
v 0.642572 0.622158 -0.000000
v 0.570687 0.501009 -0.000000
v 0.642572 0.501009 -0.000000
v 0.570687 0.622158 -0.000000
v 0.570687 0.622158 -0.000000
v 0.642572 0.622158 -0.000000
v 0.570687 0.501009 -0.000000
v 0.642572 0.501009 -0.000000
vn -0.0000 -0.0000 1.0000
vn -0.0000 -0.0000 -1.0000
s 1
usemtl Translucent_Glass_Blue
f 6077//963 6078//963 6079//963
f 6078//963 6077//963 6080//963
f 6081//964 6082//964 6083//964
f 6084//964 6083//964 6082//964
o SketchUp.187
v 0.404202 0.622158 -0.000000
v 0.330688 0.501009 -0.000000
v 0.404202 0.501009 -0.000000
v 0.330688 0.622158 -0.000000
v 0.330688 0.622158 -0.000000
v 0.404202 0.622158 -0.000000
v 0.330688 0.501009 -0.000000
v 0.404202 0.501009 -0.000000
vn -0.0000 -0.0000 1.0000
vn -0.0000 -0.0000 -1.0000
s 1
usemtl Translucent_Glass_Blue
f 6085//965 6086//965 6087//965
f 6086//965 6085//965 6088//965
f 6089//966 6090//966 6091//966
f 6092//966 6091//966 6090//966
o SketchUp.188
v 0.642572 0.729893 -0.000000
v 0.570687 0.630168 -0.000000
v 0.642572 0.630168 -0.000000
v 0.570687 0.729893 -0.000000
v 0.570687 0.729893 -0.000000
v 0.642572 0.729893 -0.000000
v 0.570687 0.630168 -0.000000
v 0.642572 0.630168 -0.000000
vn -0.0000 -0.0000 1.0000
vn -0.0000 -0.0000 -1.0000
s 1
usemtl Translucent_Glass_Blue
f 6093//967 6094//967 6095//967
f 6094//967 6093//967 6096//967
f 6097//968 6098//968 6099//968
f 6100//968 6099//968 6098//968
o SketchUp.189
v 0.482635 0.729893 -0.000000
v 0.412793 0.630168 -0.000000
v 0.482635 0.630168 -0.000000
v 0.412793 0.729893 -0.000000
v 0.412793 0.729893 -0.000000
v 0.482635 0.729893 -0.000000
v 0.412793 0.630168 -0.000000
v 0.482635 0.630168 -0.000000
vn -0.0000 -0.0000 1.0000
vn -0.0000 -0.0000 -1.0000
s 1
usemtl Translucent_Glass_Blue
f 6101//969 6102//969 6103//969
f 6102//969 6101//969 6104//969
f 6105//970 6106//970 6107//970
f 6108//970 6107//970 6106//970
o SketchUp.190
v 0.404202 0.729893 -0.000000
v 0.330688 0.630168 -0.000000
v 0.404202 0.630168 -0.000000
v 0.330688 0.729893 -0.000000
v 0.330688 0.729893 -0.000000
v 0.404202 0.729893 -0.000000
v 0.330688 0.630168 -0.000000
v 0.404202 0.630168 -0.000000
vn -0.0000 -0.0000 1.0000
vn -0.0000 -0.0000 -1.0000
s 1
usemtl Translucent_Glass_Blue
f 6109//971 6110//971 6111//971
f 6110//971 6109//971 6112//971
f 6113//972 6114//972 6115//972
f 6116//972 6115//972 6114//972
o SketchUp.191
v 0.560398 0.729893 -0.000000
v 0.494384 0.630168 -0.000000
v 0.560398 0.630168 -0.000000
v 0.494384 0.729893 -0.000000
v 0.494384 0.729893 -0.000000
v 0.560398 0.729893 -0.000000
v 0.494384 0.630168 -0.000000
v 0.560398 0.630168 -0.000000
vn -0.0000 -0.0000 1.0000
vn -0.0000 -0.0000 -1.0000
s 1
usemtl Translucent_Glass_Blue
f 6117//973 6118//973 6119//973
f 6118//973 6117//973 6120//973
f 6121//974 6122//974 6123//974
f 6124//974 6123//974 6122//974
o SketchUp.192
v 0.321611 0.622158 -0.000000
v 0.247224 0.501009 -0.000000
v 0.321611 0.501009 -0.000000
v 0.247224 0.622158 -0.000000
v 0.247224 0.622158 -0.000000
v 0.321611 0.622158 -0.000000
v 0.247224 0.501009 -0.000000
v 0.321611 0.501009 -0.000000
vn -0.0000 -0.0000 1.0000
vn -0.0000 -0.0000 -1.0000
s 1
usemtl Translucent_Glass_Blue
f 6125//975 6126//975 6127//975
f 6126//975 6125//975 6128//975
f 6129//976 6130//976 6131//976
f 6132//976 6131//976 6130//976
o SketchUp.193
v 0.735577 0.622158 -0.000000
v 0.652291 0.501009 -0.000000
v 0.735577 0.501009 -0.000000
v 0.652291 0.622158 -0.000000
v 0.652291 0.622158 -0.000000
v 0.735577 0.622158 -0.000000
v 0.652291 0.501009 -0.000000
v 0.735577 0.501009 -0.000000
vn -0.0000 -0.0000 1.0000
vn -0.0000 -0.0000 -1.0000
s 1
usemtl Translucent_Glass_Blue
f 6133//977 6134//977 6135//977
f 6134//977 6133//977 6136//977
f 6137//978 6138//978 6139//978
f 6140//978 6139//978 6138//978
o SketchUp.194
v 0.321611 0.630168 -0.000000
v 0.247860 0.643179 -0.000000
v 0.247224 0.630168 -0.000000
v 0.321611 0.729847 -0.000000
v 0.249759 0.655967 -0.000000
v 0.252886 0.668314 -0.000000
v 0.257190 0.680008 -0.000000
v 0.262596 0.690849 -0.000000
v 0.269012 0.700652 -0.000000
v 0.276327 0.709249 -0.000000
v 0.284418 0.716493 -0.000000
v 0.293145 0.722259 -0.000000
v 0.302359 0.726451 -0.000000
v 0.311902 0.728995 -0.000000
v 0.311902 0.728995 -0.000000
v 0.321611 0.729847 -0.000000
v 0.302359 0.726451 -0.000000
v 0.293145 0.722259 -0.000000
v 0.284418 0.716493 -0.000000
v 0.276327 0.709249 -0.000000
v 0.269012 0.700652 -0.000000
v 0.262596 0.690849 -0.000000
v 0.257190 0.680008 -0.000000
v 0.252886 0.668314 -0.000000
v 0.249759 0.655967 -0.000000
v 0.247860 0.643179 -0.000000
v 0.321611 0.630168 -0.000000
v 0.247224 0.630168 -0.000000
vn -0.0000 -0.0000 1.0000
vn -0.0000 -0.0000 -1.0000
s 1
usemtl Translucent_Glass_Blue
f 6141//979 6142//979 6143//979
f 6142//979 6141//979 6144//979
f 6142//979 6144//979 6145//979
f 6145//979 6144//979 6146//979
f 6146//979 6144//979 6147//979
f 6147//979 6144//979 6148//979
f 6148//979 6144//979 6149//979
f 6149//979 6144//979 6150//979
f 6150//979 6144//979 6151//979
f 6151//979 6144//979 6152//979
f 6152//979 6144//979 6153//979
f 6153//979 6144//979 6154//979
f 6155//980 6156//980 6157//980
f 6157//980 6156//980 6158//980
f 6158//980 6156//980 6159//980
f 6159//980 6156//980 6160//980
f 6160//980 6156//980 6161//980
f 6161//980 6156//980 6162//980
f 6162//980 6156//980 6163//980
f 6163//980 6156//980 6164//980
f 6164//980 6156//980 6165//980
f 6165//980 6156//980 6166//980
f 6156//980 6167//980 6166//980
f 6168//980 6166//980 6167//980
o SketchUp.195
v 0.734865 0.643213 -0.000000
v 0.652291 0.630168 -0.000000
v 0.735577 0.630168 -0.000000
v 0.652291 0.730112 -0.000000
v 0.732739 0.656035 -0.000000
v 0.729237 0.668415 -0.000000
v 0.724419 0.680140 -0.000000
v 0.718366 0.691010 -0.000000
v 0.711183 0.700839 -0.000000
v 0.702992 0.709459 -0.000000
v 0.693934 0.716722 -0.000000
v 0.684163 0.722504 -0.000000
v 0.673847 0.726706 -0.000000
v 0.663162 0.729256 -0.000000
v 0.663162 0.729256 -0.000000
v 0.673847 0.726706 -0.000000
v 0.652291 0.730112 -0.000000
v 0.684163 0.722504 -0.000000
v 0.693934 0.716722 -0.000000
v 0.702992 0.709459 -0.000000
v 0.711183 0.700839 -0.000000
v 0.718366 0.691010 -0.000000
v 0.724419 0.680140 -0.000000
v 0.729237 0.668415 -0.000000
v 0.732739 0.656035 -0.000000
v 0.734865 0.643213 -0.000000
v 0.652291 0.630168 -0.000000
v 0.735577 0.630168 -0.000000
vn -0.0000 -0.0000 1.0000
vn -0.0000 -0.0000 -1.0000
s 1
usemtl Translucent_Glass_Blue
f 6169//981 6170//981 6171//981
f 6170//981 6169//981 6172//981
f 6172//981 6169//981 6173//981
f 6172//981 6173//981 6174//981
f 6172//981 6174//981 6175//981
f 6172//981 6175//981 6176//981
f 6172//981 6176//981 6177//981
f 6172//981 6177//981 6178//981
f 6172//981 6178//981 6179//981
f 6172//981 6179//981 6180//981
f 6172//981 6180//981 6181//981
f 6172//981 6181//981 6182//981
f 6183//982 6184//982 6185//982
f 6184//982 6186//982 6185//982
f 6186//982 6187//982 6185//982
f 6187//982 6188//982 6185//982
f 6188//982 6189//982 6185//982
f 6189//982 6190//982 6185//982
f 6190//982 6191//982 6185//982
f 6191//982 6192//982 6185//982
f 6192//982 6193//982 6185//982
f 6193//982 6194//982 6185//982
f 6185//982 6194//982 6195//982
f 6196//982 6195//982 6194//982
o SketchUp.196
v 0.247224 0.622158 0.011502
v 0.238969 0.501009 0.011502
v 0.247224 0.501009 0.011502
v 0.238969 0.630168 0.011502
v 0.247224 0.630168 0.011502
v 0.247860 0.643179 0.011502
v 0.239676 0.644084 0.011502
v 0.249759 0.655967 0.011502
v 0.241785 0.657761 0.011502
v 0.252886 0.668314 0.011502
v 0.245260 0.670966 0.011502
v 0.257190 0.680008 0.011502
v 0.250041 0.683473 0.011502
v 0.262596 0.690849 0.011502
v 0.256047 0.695068 0.011502
v 0.269012 0.700652 0.011502
v 0.263174 0.705552 0.011502
v 0.276327 0.709249 0.011502
v 0.271302 0.714747 0.011502
v 0.284418 0.716493 0.011502
v 0.280290 0.722494 0.011502
v 0.293145 0.722259 0.011502
v 0.302359 0.726451 0.011502
v 0.289985 0.728662 0.011502
v 0.311902 0.728995 0.011502
v 0.300222 0.733144 0.011502
v 0.321611 0.729847 0.011502
v 0.330688 0.729893 0.011502
v 0.652291 0.730112 0.011502
v 0.676031 0.732942 0.011502
v 0.664263 0.735657 0.011502
v 0.310824 0.735865 0.011502
v 0.652291 0.736561 0.011502
v 0.652291 0.736567 0.011502
v 0.321611 0.736561 0.011502
v 0.321611 0.736777 0.011502
v 0.735577 0.501009 0.011502
v 0.238969 0.490708 0.011502
v 0.652291 0.501009 0.011502
v 0.642572 0.501009 0.011502
v 0.570687 0.501009 0.011502
v 0.560398 0.501009 0.011502
v 0.494384 0.501009 0.011502
v 0.482635 0.501009 0.011502
v 0.412793 0.501009 0.011502
v 0.404202 0.501009 0.011502
v 0.330688 0.501009 0.011502
v 0.321611 0.501009 0.011502
v 0.330688 0.622158 0.011502
v 0.321611 0.622158 0.011502
v 0.412793 0.622158 0.011502
v 0.404202 0.622158 0.011502
v 0.494384 0.622158 0.011502
v 0.482635 0.622158 0.011502
v 0.570687 0.622158 0.011502
v 0.560398 0.622158 0.011502
v 0.652291 0.622158 0.011502
v 0.642572 0.622158 0.011502
v 0.735577 0.630168 0.011502
v 0.321611 0.630168 0.011502
v 0.652291 0.630168 0.011502
v 0.642572 0.630168 0.011502
v 0.570687 0.630168 0.011502
v 0.560398 0.630168 0.011502
v 0.494384 0.630168 0.011502
v 0.482635 0.630168 0.011502
v 0.412793 0.630168 0.011502
v 0.404202 0.630168 0.011502
v 0.330688 0.630168 0.011502
v 0.642572 0.729893 0.011502
v 0.570687 0.729893 0.011502
v 0.560398 0.729893 0.011502
v 0.494384 0.729893 0.011502
v 0.482635 0.729893 0.011502
v 0.412793 0.729893 0.011502
v 0.404202 0.729893 0.011502
v 0.744014 0.490708 0.011502
v 0.744014 0.630168 0.011502
v 0.735577 0.622158 0.011502
v 0.734865 0.643213 0.011502
v 0.743230 0.644056 0.011502
v 0.732739 0.656035 0.011502
v 0.740889 0.657706 0.011502
v 0.729237 0.668415 0.011502
v 0.737032 0.670885 0.011502
v 0.724419 0.680140 0.011502
v 0.731726 0.683368 0.011502
v 0.718366 0.691010 0.011502
v 0.725060 0.694940 0.011502
v 0.711183 0.700839 0.011502
v 0.717149 0.705404 0.011502
v 0.702992 0.709459 0.011502
v 0.708129 0.714580 0.011502
v 0.693934 0.716722 0.011502
v 0.698152 0.722312 0.011502
v 0.684163 0.722504 0.011502
v 0.687392 0.728468 0.011502
v 0.673847 0.726706 0.011502
v 0.663162 0.729256 0.011502
vn -0.0000 -0.0000 1.0000
vn -0.0000 -1.0000 -0.0000
vn -0.0000 1.0000 -0.0000
vt 2.820762 7.098664
vt 2.726571 5.716378
vt 2.820762 5.716378
vt 2.726571 7.190054
vt 2.820762 7.190054
vt 2.828023 7.338503
vt 2.734638 7.348823
vt 2.849682 7.484412
vt 2.758701 7.504876
vt 2.885369 7.625284
vt 2.798348 7.655543
vt 2.934472 7.758710
vt 2.852900 7.798244
vt 2.996151 7.882406
vt 2.921425 7.930540
vt 3.069352 7.994255
vt 3.002750 8.050165
vt 3.152822 8.092344
vt 3.095483 8.155074
vt 3.245132 8.174995
vt 3.198037 8.243471
vt 3.344704 8.240794
vt 3.449832 8.288613
vt 3.308659 8.313844
vt 3.558720 8.317636
vt 3.425454 8.364988
vt 3.669503 8.327366
vt 3.773068 8.327893
vt 7.442469 8.330383
vt 7.713333 8.362675
vt 7.579069 8.393654
vt 3.546425 8.396029
vt 7.442469 8.403965
vt 7.442469 8.404039
vt 3.669503 8.403965
vt 3.669503 8.406435
vt 8.392743 5.716378
vt 2.726571 5.598846
vt 7.442469 5.716378
vt 7.331579 5.716378
vt 6.511393 5.716378
vt 6.393991 5.716378
vt 5.640795 5.716378
vt 5.506739 5.716378
vt 4.709858 5.716378
vt 4.611834 5.716378
vt 3.773068 5.716378
vt 3.669503 5.716378
vt 3.773068 7.098664
vt 3.669503 7.098664
vt 4.709858 7.098664
vt 4.611834 7.098664
vt 5.640795 7.098664
vt 5.506739 7.098664
vt 6.511393 7.098664
vt 6.393991 7.098664
vt 7.442469 7.098664
vt 7.331579 7.098664
vt 8.392743 7.190054
vt 3.669503 7.190054
vt 7.442469 7.190054
vt 7.331579 7.190054
vt 6.511393 7.190054
vt 6.393991 7.190054
vt 5.640795 7.190054
vt 5.506739 7.190054
vt 4.709858 7.190054
vt 4.611834 7.190054
vt 3.773068 7.190054
vt 7.331579 8.327893
vt 6.511393 8.327893
vt 6.393991 8.327893
vt 5.640795 8.327893
vt 5.506739 8.327893
vt 4.709858 8.327893
vt 4.611834 8.327893
vt 8.489008 5.598846
vt 8.489008 7.190054
vt 8.392743 7.098664
vt 8.384613 7.338897
vt 8.480055 7.348511
vt 8.360363 7.485193
vt 8.453349 7.504257
vt 8.320407 7.626439
vt 8.409345 7.654626
vt 8.265429 7.760218
vt 8.348799 7.797047
vt 8.196372 7.884242
vt 8.272745 7.929082
vt 8.114414 7.996388
vt 8.182484 8.048472
vt 8.020959 8.094738
vt 8.079562 8.153174
vt 7.917606 8.177608
vt 7.965739 8.241397
vt 7.806123 8.243580
vt 7.842962 8.311631
vt 7.688418 8.291527
vt 7.566504 8.320627
s 1
usemtl Wood_Floor
f 6197/4758/983 6198/4759/983 6199/4760/983
f 6198/4759/983 6197/4758/983 6200/4761/983
f 6200/4761/983 6197/4758/983 6201/4762/983
f 6200/4761/983 6201/4762/983 6202/4763/983
f 6200/4761/983 6202/4763/983 6203/4764/983
f 6203/4764/983 6202/4763/983 6204/4765/983
f 6203/4764/983 6204/4765/983 6205/4766/983
f 6205/4766/983 6204/4765/983 6206/4767/983
f 6205/4766/983 6206/4767/983 6207/4768/983
f 6207/4768/983 6206/4767/983 6208/4769/983
f 6207/4768/983 6208/4769/983 6209/4770/983
f 6209/4770/983 6208/4769/983 6210/4771/983
f 6209/4770/983 6210/4771/983 6211/4772/983
f 6211/4772/983 6210/4771/983 6212/4773/983
f 6211/4772/983 6212/4773/983 6213/4774/983
f 6213/4774/983 6212/4773/983 6214/4775/983
f 6213/4774/983 6214/4775/983 6215/4776/983
f 6215/4776/983 6214/4775/983 6216/4777/983
f 6215/4776/983 6216/4777/983 6217/4778/983
f 6217/4778/983 6216/4777/983 6218/4779/983
f 6217/4778/983 6218/4779/983 6219/4780/983
f 6217/4778/983 6219/4780/983 6220/4781/983
f 6220/4781/983 6219/4780/983 6221/4782/983
f 6220/4781/983 6221/4782/983 6222/4783/983
f 6222/4783/983 6221/4782/983 6223/4784/983
f 6222/4783/983 6223/4784/983 6224/4785/983
f 6222/4783/983 6224/4785/983 6225/4786/983
f 6222/4783/983 6225/4786/983 6226/4787/983
f 6222/4783/983 6226/4787/983 6227/4788/983
f 6222/4783/983 6227/4788/983 6228/4789/983
f 6228/4789/983 6227/4788/983 6229/4790/983
f 6229/4790/983 6227/4788/983 6230/4791/983
f 6228/4789/983 6231/4792/983 6232/4793/983
f 6231/4792/983 6228/4789/983 6229/4790/983
f 6233/4794/983 6198/4759/983 6234/4795/983
s 0
f 6198/4759/984 6233/4794/984 6235/4796/984
f 6198/4759/985 6235/4796/985 6236/4797/985
f 6198/4759/985 6236/4797/985 6237/4798/985
f 6198/4759/984 6237/4798/984 6238/4799/984
f 6198/4759/985 6238/4799/985 6239/4800/985
f 6198/4759/984 6239/4800/984 6240/4801/984
f 6198/4759/985 6240/4801/985 6241/4802/985
f 6198/4759/985 6241/4802/985 6242/4803/985
f 6198/4759/984 6242/4803/984 6243/4804/984
f 6198/4759/985 6243/4804/985 6244/4805/985
f 6198/4759/985 6244/4805/985 6199/4760/985
s 1
f 6245/4806/983 6244/4805/983 6243/4804/983
f 6244/4805/983 6245/4806/983 6246/4807/983
f 6247/4808/983 6242/4803/983 6241/4802/983
f 6242/4803/983 6247/4808/983 6248/4809/983
f 6249/4810/983 6240/4801/983 6239/4800/983
f 6240/4801/983 6249/4810/983 6250/4811/983
f 6251/4812/983 6238/4799/983 6237/4798/983
f 6238/4799/983 6251/4812/983 6252/4813/983
f 6253/4814/983 6236/4797/983 6235/4796/983
f 6236/4797/983 6253/4814/983 6254/4815/983
s 0
f 6255/4816/985 6256/4817/985 6201/4762/985
f 6256/4817/985 6255/4816/985 6257/4818/985
f 6256/4817/985 6257/4818/985 6258/4819/985
f 6256/4817/984 6258/4819/984 6259/4820/984
f 6256/4817/985 6259/4820/985 6260/4821/985
f 6256/4817/984 6260/4821/984 6261/4822/984
f 6256/4817/984 6261/4822/984 6262/4823/984
f 6256/4817/985 6262/4823/985 6263/4824/985
f 6256/4817/984 6263/4824/984 6264/4825/984
f 6256/4817/985 6264/4825/985 6265/4826/985
s 1
f 6256/4817/983 6265/4826/983 6224/4785/983
f 6256/4817/983 6224/4785/983 6223/4784/983
f 6225/4786/983 6258/4819/983 6257/4818/983
f 6258/4819/983 6225/4786/983 6266/4827/983
f 6266/4827/983 6225/4786/983 6267/4828/983
f 6267/4828/983 6225/4786/983 6268/4829/983
f 6268/4829/983 6225/4786/983 6269/4830/983
f 6269/4830/983 6225/4786/983 6270/4831/983
f 6270/4831/983 6225/4786/983 6271/4832/983
f 6271/4832/983 6225/4786/983 6272/4833/983
f 6272/4833/983 6225/4786/983 6224/4785/983
f 6273/4834/983 6233/4794/983 6234/4795/983
f 6233/4794/983 6273/4834/983 6274/4835/983
f 6233/4794/983 6274/4835/983 6275/4836/983
f 6275/4836/983 6274/4835/983 6253/4814/983
f 6253/4814/983 6274/4835/983 6254/4815/983
f 6254/4815/983 6274/4835/983 6251/4812/983
f 6251/4812/983 6274/4835/983 6252/4813/983
f 6252/4813/983 6274/4835/983 6249/4810/983
f 6249/4810/983 6274/4835/983 6250/4811/983
f 6250/4811/983 6274/4835/983 6247/4808/983
f 6247/4808/983 6274/4835/983 6248/4809/983
f 6248/4809/983 6274/4835/983 6245/4806/983
f 6245/4806/983 6274/4835/983 6246/4807/983
f 6246/4807/983 6274/4835/983 6197/4758/983
f 6197/4758/983 6274/4835/983 6255/4816/983
f 6197/4758/983 6255/4816/983 6201/4762/983
f 6255/4816/983 6274/4835/983 6276/4837/983
f 6276/4837/983 6274/4835/983 6277/4838/983
f 6276/4837/983 6277/4838/983 6278/4839/983
f 6278/4839/983 6277/4838/983 6279/4840/983
f 6278/4839/983 6279/4840/983 6280/4841/983
f 6280/4841/983 6279/4840/983 6281/4842/983
f 6280/4841/983 6281/4842/983 6282/4843/983
f 6282/4843/983 6281/4842/983 6283/4844/983
f 6282/4843/983 6283/4844/983 6284/4845/983
f 6284/4845/983 6283/4844/983 6285/4846/983
f 6284/4845/983 6285/4846/983 6286/4847/983
f 6286/4847/983 6285/4846/983 6287/4848/983
f 6286/4847/983 6287/4848/983 6288/4849/983
f 6288/4849/983 6287/4848/983 6289/4850/983
f 6288/4849/983 6289/4850/983 6290/4851/983
f 6290/4851/983 6289/4850/983 6291/4852/983
f 6290/4851/983 6291/4852/983 6292/4853/983
f 6292/4853/983 6291/4852/983 6293/4854/983
f 6292/4853/983 6293/4854/983 6294/4855/983
f 6294/4855/983 6293/4854/983 6295/4856/983
f 6295/4856/983 6293/4854/983 6226/4787/983
f 6295/4856/983 6226/4787/983 6225/4786/983
f 6271/4832/983 6264/4825/983 6263/4824/983
f 6264/4825/983 6271/4832/983 6272/4833/983
f 6269/4830/983 6262/4823/983 6261/4822/983
f 6262/4823/983 6269/4830/983 6270/4831/983
f 6267/4828/983 6260/4821/983 6259/4820/983
f 6260/4821/983 6267/4828/983 6268/4829/983
o SketchUp.197
v 0.744014 0.490708 -0.000000
v 0.238969 0.490708 0.011502
v 0.238969 0.490708 -0.000000
v 0.744014 0.490708 0.011502
v 0.744014 0.490708 -0.000000
v 0.744014 0.630168 0.011502
v 0.744014 0.490708 0.011502
v 0.744014 0.630168 -0.000000
v 0.238969 0.501009 -0.000000
v 0.238969 0.490708 0.011502
v 0.238969 0.501009 0.011502
v 0.238969 0.490708 -0.000000
v 0.744014 0.630168 -0.000000
v 0.743230 0.644056 0.011502
v 0.744014 0.630168 0.011502
v 0.743230 0.644056 -0.000000
v 0.238969 0.630168 -0.000000
v 0.238969 0.501009 0.011502
v 0.238969 0.630168 0.011502
v 0.238969 0.501009 -0.000000
v 0.247224 0.501009 0.011502
v 0.238969 0.501009 -0.000000
v 0.238969 0.501009 0.011502
v 0.247224 0.501009 -0.000000
v 0.740889 0.657706 0.011502
v 0.740889 0.657706 -0.000000
v 0.239676 0.644084 0.011502
v 0.238969 0.630168 -0.000000
v 0.238969 0.630168 0.011502
v 0.239676 0.644084 -0.000000
v 0.321611 0.501009 0.011502
v 0.247224 0.501009 -0.000000
v 0.247224 0.501009 0.011502
v 0.321611 0.501009 -0.000000
v 0.737032 0.670885 0.011502
v 0.737032 0.670885 -0.000000
v 0.241785 0.657761 0.011502
v 0.241785 0.657761 -0.000000
v 0.247224 0.501009 -0.000000
v 0.247224 0.622158 0.011502
v 0.247224 0.501009 0.011502
v 0.247224 0.622158 -0.000000
v 0.321611 0.622158 -0.000000
v 0.321611 0.501009 0.011502
v 0.321611 0.622158 0.011502
v 0.321611 0.501009 -0.000000
v 0.731726 0.683368 0.011502
v 0.731726 0.683368 -0.000000
v 0.245260 0.670966 0.011502
v 0.245260 0.670966 -0.000000
v 0.321611 0.622158 -0.000000
v 0.247224 0.622158 0.011502
v 0.247224 0.622158 -0.000000
v 0.321611 0.622158 0.011502
v 0.725060 0.694940 0.011502
v 0.725060 0.694940 -0.000000
v 0.250041 0.683473 0.011502
v 0.250041 0.683473 -0.000000
v 0.717149 0.705404 0.011502
v 0.717149 0.705404 -0.000000
v 0.256047 0.695068 0.011502
v 0.256047 0.695068 -0.000000
v 0.708129 0.714580 0.011502
v 0.708129 0.714580 -0.000000
v 0.263174 0.705552 -0.000000
v 0.263174 0.705552 0.011502
v 0.698152 0.722312 -0.000000
v 0.698152 0.722312 0.011502
v 0.271302 0.714747 0.011502
v 0.271302 0.714747 -0.000000
v 0.687392 0.728468 -0.000000
v 0.687392 0.728468 0.011502
v 0.280290 0.722494 0.011502
v 0.280290 0.722494 -0.000000
v 0.676031 0.732942 -0.000000
v 0.676031 0.732942 0.011502
v 0.289985 0.728662 0.011502
v 0.289985 0.728662 -0.000000
v 0.664263 0.735657 -0.000000
v 0.664263 0.735657 0.011502
v 0.300222 0.733144 0.011502
v 0.300222 0.733144 -0.000000
v 0.652291 0.736567 -0.000000
v 0.652291 0.736567 0.011502
v 0.310824 0.735865 0.011502
v 0.310824 0.735865 -0.000000
v 0.652291 0.736567 0.011502
v 0.652291 0.736561 -0.000000
v 0.652291 0.736561 0.011502
v 0.652291 0.736567 -0.000000
v 0.321611 0.736777 0.011502
v 0.321611 0.736777 -0.000000
v 0.652291 0.736561 0.011502
v 0.321611 0.736561 -0.000000
v 0.321611 0.736561 0.011502
v 0.652291 0.736561 -0.000000
v 0.321611 0.736561 -0.000000
v 0.321611 0.736777 0.011502
v 0.321611 0.736561 0.011502
v 0.321611 0.736777 -0.000000
vn -0.0000 -1.0000 -0.0000
vn 1.0000 -0.0000 -0.0000
vn -1.0000 -0.0000 -0.0000
vn 0.9984 0.0564 -0.0000
vn 0.9936 0.1129 -0.0000
vn -0.0000 1.0000 -0.0000
vn 0.9743 0.2253 -0.0000
vn -0.9948 0.1017 -0.0000
vn -0.9987 0.0507 -0.0000
vn 0.9416 0.3366 -0.0000
vn -0.9790 0.2037 -0.0000
vn 0.8950 0.4460 -0.0000
vn -0.9520 0.3062 -0.0000
vn 0.8337 0.5522 -0.0000
vn -0.9125 0.4092 -0.0000
vn 0.7570 0.6534 -0.0000
vn -0.8590 0.5120 -0.0000
vn 0.6644 0.7474 -0.0000
vn -0.7897 0.6135 -0.0000
vn 0.5559 0.8312 -0.0000
vn -0.7027 0.7115 -0.0000
vn 0.4326 0.9016 -0.0000
vn -0.5964 0.8027 -0.0000
vn 0.2964 0.9551 -0.0000
vn -0.4703 0.8825 -0.0000
vn 0.1507 0.9886 -0.0000
vn -0.3259 0.9454 -0.0000
vn 0.0758 0.9971 -0.0000
vn -0.1670 0.9860 -0.0000
vn -0.0842 0.9964 -0.0000
vt -8.489008 -0.000000
vt -2.726571 -0.131234
vt -2.726571 -0.000000
vt -8.489008 -0.131234
vt 0.000000 5.598846
vt -0.131234 7.190054
vt -0.131234 5.598846
vt 0.000000 7.190054
vt -0.000000 5.716378
vt 0.131234 5.598846
vt 0.131234 5.716378
vt 0.000000 6.699713
vt -0.131234 6.858423
vt -0.131234 6.699713
vt 0.000000 6.858423
vt 0.131234 7.190054
vt 2.820762 -0.131234
vt 2.726571 -0.000000
vt 2.726571 -0.131234
vt 2.820762 -0.000000
vt 0.000000 5.809589
vt -0.131234 5.967608
vt -0.131234 5.809589
vt 0.000000 5.967608
vt 0.131234 7.478121
vt -0.000000 7.319147
vt 0.131234 7.319147
vt -0.000000 7.478121
vt 3.669503 -0.131234
vt 3.669503 -0.000000
vt 0.000000 4.828051
vt -0.131234 4.984727
vt -0.131234 4.828051
vt 0.000000 4.984727
vt 0.131234 7.837629
vt -0.000000 7.679731
vt 0.131234 7.679731
vt -0.000000 7.837629
vt -0.131234 7.098664
vt -0.131234 5.716378
vt 0.000000 7.098664
vt 0.131234 7.098664
vt -0.000000 3.754413
vt -0.131234 3.909169
vt -0.131234 3.754413
vt -0.000000 3.909169
vt 0.131234 8.115631
vt -0.000000 7.959835
vt 0.131234 7.959835
vt -0.000000 8.115631
vt -3.669503 -0.000000
vt -2.820762 -0.131234
vt -2.820762 -0.000000
vt -3.669503 -0.131234
vt -0.000000 2.589183
vt -0.131234 2.741555
vt -0.131234 2.589183
vt -0.000000 2.741555
vt 0.131234 8.302849
vt -0.000000 8.150076
vt 0.131234 8.150076
vt -0.000000 8.302849
vt -0.000000 1.335949
vt -0.131234 1.485619
vt -0.131234 1.335949
vt -0.000000 1.485619
vt 0.131234 8.385613
vt -0.000000 8.236624
vt 0.131234 8.236624
vt -0.000000 8.385613
vt -0.000000 0.003623
vt -0.131234 0.150441
vt -0.131234 0.003623
vt -0.000000 0.150441
vt -0.000000 8.345613
vt 0.131234 8.200962
vt 0.131234 8.345613
vt -0.000000 8.200962
vt -0.131234 -1.391183
vt -0.000000 -1.247173
vt -0.131234 -1.247173
vt -0.000000 -1.391183
vt 0.131234 8.160278
vt -0.000000 8.020260
vt 0.131234 8.020260
vt -0.000000 8.160278
vt -0.131234 -2.822128
vt -0.000000 -2.680683
vt -0.131234 -2.680683
vt -0.000000 -2.822128
vt 0.131234 7.804431
vt -0.000000 7.669038
vt 0.131234 7.669038
vt -0.000000 7.804431
vt -0.131234 -4.252325
vt -0.000000 -4.113008
vt -0.131234 -4.113008
vt -0.000000 -4.252325
vt 0.131234 7.254118
vt -0.000000 7.123010
vt 0.131234 7.123010
vt -0.000000 7.254118
vt -0.131234 -5.635667
vt -0.000000 -5.497875
vt -0.131234 -5.497875
vt -0.000000 -5.635667
vt 0.131234 6.493190
vt -0.000000 6.365687
vt 0.131234 6.365687
vt -0.000000 6.493190
vt -0.131234 -6.920922
vt -0.000000 -6.783926
vt -0.131234 -6.783926
vt -0.000000 -6.920922
vt 0.131234 5.521931
vt -0.000000 5.397041
vt 0.131234 5.397041
vt -0.000000 5.521931
vt 0.131234 8.404039
vt -0.000000 8.403965
vt 0.131234 8.403965
vt -0.000000 8.404039
vt 0.131234 4.364702
vt -0.000000 4.241186
vt 0.131234 4.241186
vt -0.000000 4.364702
vt 7.442469 -0.131234
vt 7.442469 -0.000000
vt -0.131234 8.406435
vt -0.131234 8.403965
vt 0.000000 8.406435
s 1
usemtl Wood_Floor_Parquet
f 6296/4857/986 6297/4858/986 6298/4859/986
f 6297/4858/986 6296/4857/986 6299/4860/986
f 6300/4861/987 6301/4862/987 6302/4863/987
f 6301/4862/987 6300/4861/987 6303/4864/987
f 6304/4865/988 6305/4866/988 6306/4867/988
f 6305/4866/988 6304/4865/988 6307/4861/988
f 6308/4868/989 6309/4869/990 6310/4870/989
f 6309/4869/990 6308/4868/989 6311/4871/990
f 6312/4864/988 6313/4867/988 6314/4872/988
f 6313/4867/988 6312/4864/988 6315/4865/988
f 6316/4873/991 6317/4874/991 6318/4875/991
f 6317/4874/991 6316/4873/991 6319/4876/991
f 6311/4877/990 6320/4878/992 6309/4879/990
f 6320/4878/992 6311/4877/990 6321/4880/992
f 6322/4881/993 6323/4882/994 6324/4883/994
f 6323/4882/994 6322/4881/993 6325/4884/993
f 6326/4885/991 6327/4876/991 6328/4873/991
f 6327/4876/991 6326/4885/991 6329/4886/991
f 6321/4887/992 6330/4888/995 6320/4889/992
f 6330/4888/995 6321/4887/992 6331/4890/995
f 6332/4891/996 6325/4892/993 6322/4893/993
f 6325/4892/993 6332/4891/996 6333/4894/996
f 6334/4865/987 6335/4895/987 6336/4896/987
f 6335/4895/987 6334/4865/987 6337/4897/987
f 6338/4897/988 6339/4867/988 6340/4898/988
f 6339/4867/988 6338/4897/988 6341/4865/988
f 6331/4899/995 6342/4900/997 6330/4901/995
f 6342/4900/997 6331/4899/995 6343/4902/997
f 6344/4903/998 6333/4904/996 6332/4905/996
f 6333/4904/996 6344/4903/998 6345/4906/998
f 6346/4907/986 6347/4908/986 6348/4909/986
f 6347/4908/986 6346/4907/986 6349/4910/986
f 6343/4911/997 6350/4912/999 6342/4913/997
f 6350/4912/999 6343/4911/997 6351/4914/999
f 6352/4915/1000 6345/4916/998 6344/4917/998
f 6345/4916/998 6352/4915/1000 6353/4918/1000
f 6351/4919/999 6354/4920/1001 6350/4921/999
f 6354/4920/1001 6351/4919/999 6355/4922/1001
f 6356/4923/1002 6353/4924/1000 6352/4925/1000
f 6353/4924/1000 6356/4923/1002 6357/4926/1002
f 6355/4927/1001 6358/4928/1003 6354/4929/1001
f 6358/4928/1003 6355/4927/1001 6359/4930/1003
f 6360/4931/1004 6356/4932/1002 6361/4933/1004
f 6356/4932/1002 6360/4931/1004 6357/4934/1002
f 6358/4935/1003 6362/4936/1005 6363/4937/1005
f 6362/4936/1005 6358/4935/1003 6359/4938/1003
f 6364/4939/1006 6360/4940/1004 6361/4941/1004
f 6360/4940/1004 6364/4939/1006 6365/4942/1006
f 6363/4943/1005 6366/4944/1007 6367/4945/1007
f 6366/4944/1007 6363/4943/1005 6362/4946/1005
f 6368/4947/1008 6365/4948/1006 6364/4949/1006
f 6365/4948/1006 6368/4947/1008 6369/4950/1008
f 6367/4951/1007 6370/4952/1009 6371/4953/1009
f 6370/4952/1009 6367/4951/1007 6366/4954/1007
f 6372/4955/1010 6369/4956/1008 6368/4957/1008
f 6369/4956/1008 6372/4955/1010 6373/4958/1010
f 6371/4959/1009 6374/4960/1011 6375/4961/1011
f 6374/4960/1011 6371/4959/1009 6370/4962/1009
f 6376/4963/1012 6373/4964/1010 6372/4965/1010
f 6373/4964/1010 6376/4963/1012 6377/4966/1012
f 6375/4967/1011 6378/4968/1013 6379/4969/1013
f 6378/4968/1013 6375/4967/1011 6374/4970/1011
f 6380/4971/1014 6377/4972/1012 6376/4973/1012
f 6377/4972/1012 6380/4971/1014 6381/4974/1014
f 6382/4975/988 6383/4976/988 6384/4977/988
f 6383/4976/988 6382/4975/988 6385/4978/988
f 6386/4979/1015 6381/4980/1014 6380/4981/1014
f 6381/4980/1014 6386/4979/1015 6387/4982/1015
f 6388/4983/991 6389/4886/991 6390/4885/991
f 6389/4886/991 6388/4983/991 6391/4984/991
f 6392/4976/987 6393/4985/987 6394/4986/987
f 6393/4985/987 6392/4976/987 6395/4987/987
o SketchUp.198
v 0.560398 0.501009 0.011502
v 0.494384 0.501009 -0.000000
v 0.494384 0.501009 0.011502
v 0.560398 0.501009 -0.000000
v 0.494384 0.501009 -0.000000
v 0.494384 0.622158 0.011502
v 0.494384 0.501009 0.011502
v 0.494384 0.622158 -0.000000
v 0.560398 0.622158 -0.000000
v 0.560398 0.501009 0.011502
v 0.560398 0.622158 0.011502
v 0.560398 0.501009 -0.000000
v 0.560398 0.622158 -0.000000
v 0.494384 0.622158 0.011502
v 0.494384 0.622158 -0.000000
v 0.560398 0.622158 0.011502
vn -0.0000 1.0000 -0.0000
vn 1.0000 -0.0000 -0.0000
vn -1.0000 -0.0000 -0.0000
vn -0.0000 -1.0000 -0.0000
vt 6.393991 -0.131234
vt 5.640795 -0.000000
vt 5.640795 -0.131234
vt 6.393991 -0.000000
vt 0.000000 5.716378
vt -0.131234 7.098664
vt -0.131234 5.716378
vt 0.000000 7.098664
vt 0.131234 5.716378
vt 0.131234 7.098664
vt -6.393991 -0.000000
vt -5.640795 -0.131234
vt -5.640795 -0.000000
vt -6.393991 -0.131234
s 1
usemtl Wood_Floor_Parquet
f 6396/4988/1016 6397/4989/1016 6398/4990/1016
f 6397/4989/1016 6396/4988/1016 6399/4991/1016
f 6400/4992/1017 6401/4993/1017 6402/4994/1017
f 6401/4993/1017 6400/4992/1017 6403/4995/1017
f 6404/4995/1018 6405/4996/1018 6406/4997/1018
f 6405/4996/1018 6404/4995/1018 6407/4992/1018
f 6408/4998/1019 6409/4999/1019 6410/5000/1019
f 6409/4999/1019 6408/4998/1019 6411/5001/1019
o SketchUp.199
v 0.482635 0.622158 -0.000000
v 0.482635 0.501009 0.011502
v 0.482635 0.622158 0.011502
v 0.482635 0.501009 -0.000000
v 0.482635 0.501009 0.011502
v 0.412793 0.501009 -0.000000
v 0.412793 0.501009 0.011502
v 0.482635 0.501009 -0.000000
v 0.482635 0.622158 -0.000000
v 0.412793 0.622158 0.011502
v 0.412793 0.622158 -0.000000
v 0.482635 0.622158 0.011502
v 0.412793 0.501009 -0.000000
v 0.412793 0.622158 0.011502
v 0.412793 0.501009 0.011502
v 0.412793 0.622158 -0.000000
vn -1.0000 -0.0000 -0.0000
vn -0.0000 1.0000 -0.0000
vn -0.0000 -1.0000 -0.0000
vn 1.0000 -0.0000 -0.0000
vt -0.000000 7.098664
vt 0.131234 5.716378
vt 0.131234 7.098664
vt -0.000000 5.716378
vt 5.506739 -0.131234
vt 4.709858 -0.000000
vt 4.709858 -0.131234
vt 5.506739 -0.000000
vt -5.506739 -0.000000
vt -4.709858 -0.131234
vt -4.709858 -0.000000
vt -5.506739 -0.131234
vt -0.131234 7.098664
vt -0.131234 5.716378
s 1
usemtl Wood_Floor_Parquet
f 6412/5002/1020 6413/5003/1020 6414/5004/1020
f 6413/5003/1020 6412/5002/1020 6415/5005/1020
f 6416/5006/1021 6417/5007/1021 6418/5008/1021
f 6417/5007/1021 6416/5006/1021 6419/5009/1021
f 6420/5010/1022 6421/5011/1022 6422/5012/1022
f 6421/5011/1022 6420/5010/1022 6423/5013/1022
f 6424/5005/1023 6425/5014/1023 6426/5015/1023
f 6425/5014/1023 6424/5005/1023 6427/5002/1023
o SketchUp.200
v 0.404202 0.622158 -0.000000
v 0.404202 0.501009 0.011502
v 0.404202 0.622158 0.011502
v 0.404202 0.501009 -0.000000
v 0.404202 0.501009 0.011502
v 0.330688 0.501009 -0.000000
v 0.330688 0.501009 0.011502
v 0.404202 0.501009 -0.000000
v 0.404202 0.622158 -0.000000
v 0.330688 0.622158 0.011502
v 0.330688 0.622158 -0.000000
v 0.404202 0.622158 0.011502
v 0.330688 0.501009 -0.000000
v 0.330688 0.622158 0.011502
v 0.330688 0.501009 0.011502
v 0.330688 0.622158 -0.000000
vn -1.0000 -0.0000 -0.0000
vn -0.0000 1.0000 -0.0000
vn -0.0000 -1.0000 -0.0000
vn 1.0000 -0.0000 -0.0000
vt -0.000000 7.098664
vt 0.131234 5.716378
vt 0.131234 7.098664
vt -0.000000 5.716378
vt 4.611834 -0.131234
vt 3.773068 -0.000000
vt 3.773068 -0.131234
vt 4.611834 -0.000000
vt -4.611834 -0.000000
vt -3.773068 -0.131234
vt -3.773068 -0.000000
vt -4.611834 -0.131234
vt -0.131234 7.098664
vt -0.131234 5.716378
s 1
usemtl Wood_Floor_Parquet
f 6428/5016/1024 6429/5017/1024 6430/5018/1024
f 6429/5017/1024 6428/5016/1024 6431/5019/1024
f 6432/5020/1025 6433/5021/1025 6434/5022/1025
f 6433/5021/1025 6432/5020/1025 6435/5023/1025
f 6436/5024/1026 6437/5025/1026 6438/5026/1026
f 6437/5025/1026 6436/5024/1026 6439/5027/1026
f 6440/5019/1027 6441/5028/1027 6442/5029/1027
f 6441/5028/1027 6440/5019/1027 6443/5016/1027
o SketchUp.201
v 0.642572 0.630168 0.011502
v 0.570687 0.630168 -0.000000
v 0.570687 0.630168 0.011502
v 0.642572 0.630168 -0.000000
v 0.570687 0.630168 -0.000000
v 0.570687 0.729893 0.011502
v 0.570687 0.630168 0.011502
v 0.570687 0.729893 -0.000000
v 0.642572 0.729893 -0.000000
v 0.642572 0.630168 0.011502
v 0.642572 0.729893 0.011502
v 0.642572 0.630168 -0.000000
v 0.642572 0.729893 -0.000000
v 0.570687 0.729893 0.011502
v 0.570687 0.729893 -0.000000
v 0.642572 0.729893 0.011502
vn -0.0000 1.0000 -0.0000
vn 1.0000 -0.0000 -0.0000
vn -1.0000 -0.0000 -0.0000
vn -0.0000 -1.0000 -0.0000
vt 7.331579 -0.131234
vt 6.511393 -0.000000
vt 6.511393 -0.131234
vt 7.331579 -0.000000
vt 0.000000 7.190054
vt -0.131234 8.327893
vt -0.131234 7.190054
vt 0.000000 8.327893
vt 0.131234 7.190054
vt 0.131234 8.327893
vt -7.331579 -0.000000
vt -6.511393 -0.131234
vt -6.511393 -0.000000
vt -7.331579 -0.131234
s 1
usemtl Wood_Floor_Parquet
f 6444/5030/1028 6445/5031/1028 6446/5032/1028
f 6445/5031/1028 6444/5030/1028 6447/5033/1028
f 6448/5034/1029 6449/5035/1029 6450/5036/1029
f 6449/5035/1029 6448/5034/1029 6451/5037/1029
f 6452/5037/1030 6453/5038/1030 6454/5039/1030
f 6453/5038/1030 6452/5037/1030 6455/5034/1030
f 6456/5040/1031 6457/5041/1031 6458/5042/1031
f 6457/5041/1031 6456/5040/1031 6459/5043/1031
o SketchUp.202
v 0.560398 0.729893 -0.000000
v 0.560398 0.630168 0.011502
v 0.560398 0.729893 0.011502
v 0.560398 0.630168 -0.000000
v 0.560398 0.630168 0.011502
v 0.494384 0.630168 -0.000000
v 0.494384 0.630168 0.011502
v 0.560398 0.630168 -0.000000
v 0.560398 0.729893 -0.000000
v 0.494384 0.729893 0.011502
v 0.494384 0.729893 -0.000000
v 0.560398 0.729893 0.011502
v 0.494384 0.630168 -0.000000
v 0.494384 0.729893 0.011502
v 0.494384 0.630168 0.011502
v 0.494384 0.729893 -0.000000
vn -1.0000 -0.0000 -0.0000
vn -0.0000 1.0000 -0.0000
vn -0.0000 -1.0000 -0.0000
vn 1.0000 -0.0000 -0.0000
vt -0.000000 8.327893
vt 0.131234 7.190054
vt 0.131234 8.327893
vt -0.000000 7.190054
vt 6.393991 -0.131234
vt 5.640795 -0.000000
vt 5.640795 -0.131234
vt 6.393991 -0.000000
vt -6.393991 -0.000000
vt -5.640795 -0.131234
vt -5.640795 -0.000000
vt -6.393991 -0.131234
vt -0.131234 8.327893
vt -0.131234 7.190054
s 1
usemtl Wood_Floor_Parquet
f 6460/5044/1032 6461/5045/1032 6462/5046/1032
f 6461/5045/1032 6460/5044/1032 6463/5047/1032
f 6464/5048/1033 6465/5049/1033 6466/5050/1033
f 6465/5049/1033 6464/5048/1033 6467/5051/1033
f 6468/5052/1034 6469/5053/1034 6470/5054/1034
f 6469/5053/1034 6468/5052/1034 6471/5055/1034
f 6472/5047/1035 6473/5056/1035 6474/5057/1035
f 6473/5056/1035 6472/5047/1035 6475/5044/1035
o SketchUp.203
v 0.482635 0.729893 -0.000000
v 0.482635 0.630168 0.011502
v 0.482635 0.729893 0.011502
v 0.482635 0.630168 -0.000000
v 0.482635 0.630168 0.011502
v 0.412793 0.630168 -0.000000
v 0.412793 0.630168 0.011502
v 0.482635 0.630168 -0.000000
v 0.482635 0.729893 -0.000000
v 0.412793 0.729893 0.011502
v 0.412793 0.729893 -0.000000
v 0.482635 0.729893 0.011502
v 0.412793 0.630168 -0.000000
v 0.412793 0.729893 0.011502
v 0.412793 0.630168 0.011502
v 0.412793 0.729893 -0.000000
vn -1.0000 -0.0000 -0.0000
vn -0.0000 1.0000 -0.0000
vn -0.0000 -1.0000 -0.0000
vn 1.0000 -0.0000 -0.0000
vt -0.000000 8.327893
vt 0.131234 7.190054
vt 0.131234 8.327893
vt -0.000000 7.190054
vt 5.506739 -0.131234
vt 4.709858 -0.000000
vt 4.709858 -0.131234
vt 5.506739 -0.000000
vt -5.506739 -0.000000
vt -4.709858 -0.131234
vt -4.709858 -0.000000
vt -5.506739 -0.131234
vt -0.131234 8.327893
vt -0.131234 7.190054
s 1
usemtl Wood_Floor_Parquet
f 6476/5058/1036 6477/5059/1036 6478/5060/1036
f 6477/5059/1036 6476/5058/1036 6479/5061/1036
f 6480/5062/1037 6481/5063/1037 6482/5064/1037
f 6481/5063/1037 6480/5062/1037 6483/5065/1037
f 6484/5066/1038 6485/5067/1038 6486/5068/1038
f 6485/5067/1038 6484/5066/1038 6487/5069/1038
f 6488/5061/1039 6489/5070/1039 6490/5071/1039
f 6489/5070/1039 6488/5061/1039 6491/5058/1039
o SketchUp.204
v 0.734865 0.643213 0.011502
v 0.735577 0.630168 -0.000000
v 0.735577 0.630168 0.011502
v 0.734865 0.643213 -0.000000
v 0.735577 0.630168 0.011502
v 0.652291 0.630168 -0.000000
v 0.652291 0.630168 0.011502
v 0.735577 0.630168 -0.000000
v 0.732739 0.656035 0.011502
v 0.732739 0.656035 -0.000000
v 0.652291 0.630168 -0.000000
v 0.652291 0.730112 0.011502
v 0.652291 0.630168 0.011502
v 0.652291 0.730112 -0.000000
v 0.729237 0.668415 0.011502
v 0.729237 0.668415 -0.000000
v 0.663162 0.729256 -0.000000
v 0.652291 0.730112 0.011502
v 0.652291 0.730112 -0.000000
v 0.663162 0.729256 0.011502
v 0.724419 0.680140 0.011502
v 0.724419 0.680140 -0.000000
v 0.673847 0.726706 -0.000000
v 0.673847 0.726706 0.011502
v 0.718366 0.691010 0.011502
v 0.718366 0.691010 -0.000000
v 0.684163 0.722504 -0.000000
v 0.684163 0.722504 0.011502
v 0.711183 0.700839 -0.000000
v 0.711183 0.700839 0.011502
v 0.693934 0.716722 -0.000000
v 0.693934 0.716722 0.011502
v 0.702992 0.709459 0.011502
v 0.702992 0.709459 -0.000000
vn -0.9940 -0.1092 -0.0000
vn -0.9985 -0.0545 -0.0000
vn -0.0000 1.0000 -0.0000
vn -0.9759 -0.2182 -0.0000
vn 1.0000 -0.0000 -0.0000
vn -0.9451 -0.3267 -0.0000
vn -0.1558 -0.9878 -0.0000
vn -0.0785 -0.9969 -0.0000
vn -0.9009 -0.4341 -0.0000
vn -0.3056 -0.9522 -0.0000
vn -0.8421 -0.5393 -0.0000
vn -0.4445 -0.8958 -0.0000
vn -0.7677 -0.6408 -0.0000
vn -0.5688 -0.8224 -0.0000
vn -0.6768 -0.7362 -0.0000
vt 0.131234 6.870692
vt -0.000000 6.721627
vt 0.131234 6.721627
vt -0.000000 6.870692
vt 8.392743 -0.131234
vt 7.442469 -0.000000
vt 7.442469 -0.131234
vt 8.392743 -0.000000
vt 0.131234 6.017270
vt -0.000000 5.868978
vt 0.131234 5.868978
vt -0.000000 6.017270
vt 0.000000 7.190054
vt -0.131234 8.330383
vt -0.131234 7.190054
vt 0.000000 8.330383
vt 0.131234 5.073682
vt -0.000000 4.926893
vt 0.131234 4.926893
vt -0.000000 5.073682
vt 0.000000 -6.890788
vt 0.131234 -6.766369
vt 0.000000 -6.766369
vt 0.131234 -6.890788
vt 0.131234 4.035985
vt 0.000000 3.891350
vt 0.131234 3.891350
vt 0.000000 4.035985
vt 0.000000 -5.553265
vt 0.131234 -5.427927
vt 0.000000 -5.427927
vt 0.131234 -5.553265
vt 0.131234 2.900977
vt 0.000000 2.759023
vt 0.131234 2.759023
vt 0.000000 2.900977
vt 0.000000 -4.119479
vt 0.131234 -3.992383
vt 0.000000 -3.992383
vt 0.131234 -4.119479
vt 0.000000 1.668247
vt 0.131234 1.529345
vt 0.131234 1.668247
vt 0.000000 1.529345
vt 0.000000 -2.649190
vt 0.131234 -2.519650
vt 0.000000 -2.519650
vt 0.131234 -2.649190
vt 0.131234 0.342845
vt 0.000000 0.207175
vt 0.131234 0.207175
vt 0.000000 0.342845
vt 0.000000 -1.194048
vt 0.131234 -1.061574
vt 0.000000 -1.061574
vt 0.131234 -1.194048
s 1
usemtl Wood_Floor_Parquet
f 6492/5072/1040 6493/5073/1041 6494/5074/1041
f 6493/5073/1041 6492/5072/1040 6495/5075/1040
f 6496/5076/1042 6497/5077/1042 6498/5078/1042
f 6497/5077/1042 6496/5076/1042 6499/5079/1042
f 6500/5080/1043 6495/5081/1040 6492/5082/1040
f 6495/5081/1040 6500/5080/1043 6501/5083/1043
f 6502/5084/1044 6503/5085/1044 6504/5086/1044
f 6503/5085/1044 6502/5084/1044 6505/5087/1044
f 6506/5088/1045 6501/5089/1043 6500/5090/1043
f 6501/5089/1043 6506/5088/1045 6507/5091/1045
f 6508/5092/1046 6509/5093/1047 6510/5094/1047
f 6509/5093/1047 6508/5092/1046 6511/5095/1046
f 6512/5096/1048 6507/5097/1045 6506/5098/1045
f 6507/5097/1045 6512/5096/1048 6513/5099/1048
f 6514/5100/1049 6511/5101/1046 6508/5102/1046
f 6511/5101/1046 6514/5100/1049 6515/5103/1049
f 6516/5104/1050 6513/5105/1048 6512/5106/1048
f 6513/5105/1048 6516/5104/1050 6517/5107/1050
f 6518/5108/1051 6515/5109/1049 6514/5110/1049
f 6515/5109/1049 6518/5108/1051 6519/5111/1051
f 6520/5112/1052 6516/5113/1050 6521/5114/1052
f 6516/5113/1050 6520/5112/1052 6517/5115/1050
f 6522/5116/1053 6519/5117/1051 6518/5118/1051
f 6519/5117/1051 6522/5116/1053 6523/5119/1053
f 6524/5120/1054 6520/5121/1052 6521/5122/1052
f 6520/5121/1052 6524/5120/1054 6525/5123/1054
f 6525/5124/1054 6523/5125/1053 6522/5126/1053
f 6523/5125/1053 6525/5124/1054 6524/5127/1054
o SketchUp.205
v 0.321611 0.729847 0.011502
v 0.321611 0.630168 -0.000000
v 0.321611 0.630168 0.011502
v 0.321611 0.729847 -0.000000
v 0.321611 0.630168 0.011502
v 0.247224 0.630168 -0.000000
v 0.247224 0.630168 0.011502
v 0.321611 0.630168 -0.000000
v 0.321611 0.729847 -0.000000
v 0.311902 0.728995 0.011502
v 0.311902 0.728995 -0.000000
v 0.321611 0.729847 0.011502
v 0.247224 0.630168 -0.000000
v 0.247860 0.643179 0.011502
v 0.247224 0.630168 0.011502
v 0.247860 0.643179 -0.000000
v 0.302359 0.726451 0.011502
v 0.302359 0.726451 -0.000000
v 0.249759 0.655967 0.011502
v 0.249759 0.655967 -0.000000
v 0.293145 0.722259 0.011502
v 0.293145 0.722259 -0.000000
v 0.252886 0.668314 0.011502
v 0.252886 0.668314 -0.000000
v 0.284418 0.716493 0.011502
v 0.284418 0.716493 -0.000000
v 0.257190 0.680008 0.011502
v 0.257190 0.680008 -0.000000
v 0.276327 0.709249 0.011502
v 0.276327 0.709249 -0.000000
v 0.262596 0.690849 0.011502
v 0.262596 0.690849 -0.000000
v 0.269012 0.700652 -0.000000
v 0.269012 0.700652 0.011502
vn -1.0000 -0.0000 -0.0000
vn -0.0000 1.0000 -0.0000
vn 0.0874 -0.9962 -0.0000
vn 0.1731 -0.9849 -0.0000
vn 0.1732 -0.9849 -0.0000
vn 0.9988 -0.0488 -0.0000
vn 0.9952 -0.0980 -0.0000
vn 0.3370 -0.9415 -0.0000
vn 0.9805 -0.1964 -0.0000
vn 0.4842 -0.8750 -0.0000
vn 0.9552 -0.2959 -0.0000
vn 0.6108 -0.7918 -0.0000
vn 0.9181 -0.3964 -0.0000
vn 0.7160 -0.6981 -0.0000
vn 0.8673 -0.4978 -0.0000
vn 0.8007 -0.5990 -0.0000
vt 0.131234 8.327366
vt -0.000000 7.190054
vt 0.131234 7.190054
vt -0.000000 8.327366
vt 3.669503 -0.131234
vt 2.820762 -0.000000
vt 2.820762 -0.131234
vt 3.669503 -0.000000
vt 0.000000 4.384004
vt -0.131234 4.272795
vt 0.000000 4.272795
vt -0.131234 4.384004
vt 0.000000 7.319275
vt -0.131234 7.467902
vt -0.131234 7.319275
vt 0.000000 7.467902
vt 0.000000 5.580879
vt -0.131234 5.468190
vt 0.000000 5.468190
vt -0.131234 5.580879
vt 0.000000 7.674210
vt -0.131234 7.821718
vt -0.131234 7.674210
vt 0.000000 7.821718
vt 0.000000 6.572103
vt -0.131234 6.456609
vt 0.000000 6.456609
vt -0.131234 6.572103
vt 0.000000 7.955024
vt -0.131234 8.100347
vt -0.131234 7.955024
vt 0.000000 8.100347
vt 0.000000 7.333754
vt -0.131234 7.214406
vt 0.000000 7.214406
vt -0.131234 7.333754
vt 0.000000 8.152595
vt -0.131234 8.294769
vt -0.131234 8.152595
vt 0.000000 8.294769
vt 0.000000 7.870809
vt -0.131234 7.746904
vt 0.000000 7.746904
vt -0.131234 7.870809
vt 0.000000 8.252851
vt -0.131234 8.391072
vt -0.131234 8.252851
vt 0.000000 8.391072
vt 0.000000 8.077422
vt -0.131234 8.206219
vt -0.131234 8.077422
vt 0.000000 8.206219
vt 0.000000 8.236199
vt -0.131234 8.369873
vt -0.131234 8.236199
vt 0.000000 8.369873
s 1
usemtl Wood_Floor_Parquet
f 6526/5128/1055 6527/5129/1055 6528/5130/1055
f 6527/5129/1055 6526/5128/1055 6529/5131/1055
f 6530/5132/1056 6531/5133/1056 6532/5134/1056
f 6531/5133/1056 6530/5132/1056 6533/5135/1056
f 6534/5136/1057 6535/5137/1058 6536/5138/1059
f 6535/5137/1058 6534/5136/1057 6537/5139/1057
f 6538/5140/1060 6539/5141/1061 6540/5142/1060
f 6539/5141/1061 6538/5140/1060 6541/5143/1061
f 6536/5144/1059 6542/5145/1062 6543/5146/1062
f 6542/5145/1062 6536/5144/1059 6535/5147/1058
f 6541/5148/1061 6544/5149/1063 6539/5150/1061
f 6544/5149/1063 6541/5148/1061 6545/5151/1063
f 6543/5152/1062 6546/5153/1064 6547/5154/1064
f 6546/5153/1064 6543/5152/1062 6542/5155/1062
f 6545/5156/1063 6548/5157/1065 6544/5158/1063
f 6548/5157/1065 6545/5156/1063 6549/5159/1065
f 6547/5160/1064 6550/5161/1066 6551/5162/1066
f 6550/5161/1066 6547/5160/1064 6546/5163/1064
f 6549/5164/1065 6552/5165/1067 6548/5166/1065
f 6552/5165/1067 6549/5164/1065 6553/5167/1067
f 6551/5168/1066 6554/5169/1068 6555/5170/1068
f 6554/5169/1068 6551/5168/1066 6550/5171/1066
f 6553/5172/1067 6556/5173/1069 6552/5174/1067
f 6556/5173/1069 6553/5172/1067 6557/5175/1069
f 6558/5176/1070 6554/5177/1068 6559/5178/1070
f 6554/5177/1068 6558/5176/1070 6555/5179/1068
f 6557/5180/1069 6559/5181/1070 6556/5182/1069
f 6559/5181/1070 6557/5180/1069 6558/5183/1070
o SketchUp.206
v 0.404202 0.729893 -0.000000
v 0.404202 0.630168 0.011502
v 0.404202 0.729893 0.011502
v 0.404202 0.630168 -0.000000
v 0.404202 0.630168 0.011502
v 0.330688 0.630168 -0.000000
v 0.330688 0.630168 0.011502
v 0.404202 0.630168 -0.000000
v 0.404202 0.729893 -0.000000
v 0.330688 0.729893 0.011502
v 0.330688 0.729893 -0.000000
v 0.404202 0.729893 0.011502
v 0.330688 0.630168 -0.000000
v 0.330688 0.729893 0.011502
v 0.330688 0.630168 0.011502
v 0.330688 0.729893 -0.000000
vn -1.0000 -0.0000 -0.0000
vn -0.0000 1.0000 -0.0000
vn -0.0000 -1.0000 -0.0000
vn 1.0000 -0.0000 -0.0000
vt -0.000000 8.327893
vt 0.131234 7.190054
vt 0.131234 8.327893
vt -0.000000 7.190054
vt 4.611834 -0.131234
vt 3.773068 -0.000000
vt 3.773068 -0.131234
vt 4.611834 -0.000000
vt -4.611834 -0.000000
vt -3.773068 -0.131234
vt -3.773068 -0.000000
vt -4.611834 -0.131234
vt -0.131234 8.327893
vt -0.131234 7.190054
s 1
usemtl Wood_Floor_Parquet
f 6560/5184/1071 6561/5185/1071 6562/5186/1071
f 6561/5185/1071 6560/5184/1071 6563/5187/1071
f 6564/5188/1072 6565/5189/1072 6566/5190/1072
f 6565/5189/1072 6564/5188/1072 6567/5191/1072
f 6568/5192/1073 6569/5193/1073 6570/5194/1073
f 6569/5193/1073 6568/5192/1073 6571/5195/1073
f 6572/5187/1074 6573/5196/1074 6574/5197/1074
f 6573/5196/1074 6572/5187/1074 6575/5184/1074
o SketchUp.207
v 0.735577 0.501009 0.011502
v 0.652291 0.501009 -0.000000
v 0.652291 0.501009 0.011502
v 0.735577 0.501009 -0.000000
v 0.652291 0.501009 -0.000000
v 0.652291 0.622158 0.011502
v 0.652291 0.501009 0.011502
v 0.652291 0.622158 -0.000000
v 0.735577 0.622158 -0.000000
v 0.735577 0.501009 0.011502
v 0.735577 0.622158 0.011502
v 0.735577 0.501009 -0.000000
v 0.735577 0.622158 -0.000000
v 0.652291 0.622158 0.011502
v 0.652291 0.622158 -0.000000
v 0.735577 0.622158 0.011502
vn -0.0000 1.0000 -0.0000
vn 1.0000 -0.0000 -0.0000
vn -1.0000 -0.0000 -0.0000
vn -0.0000 -1.0000 -0.0000
vt 8.392743 -0.131234
vt 7.442469 -0.000000
vt 7.442469 -0.131234
vt 8.392743 -0.000000
vt 0.000000 5.716378
vt -0.131234 7.098664
vt -0.131234 5.716378
vt 0.000000 7.098664
vt 0.131234 5.716378
vt 0.131234 7.098664
vt -8.392743 -0.000000
vt -7.442469 -0.131234
vt -7.442469 -0.000000
vt -8.392743 -0.131234
s 1
usemtl Wood_Floor_Parquet
f 6576/5198/1075 6577/5199/1075 6578/5200/1075
f 6577/5199/1075 6576/5198/1075 6579/5201/1075
f 6580/5202/1076 6581/5203/1076 6582/5204/1076
f 6581/5203/1076 6580/5202/1076 6583/5205/1076
f 6584/5205/1077 6585/5206/1077 6586/5207/1077
f 6585/5206/1077 6584/5205/1077 6587/5202/1077
f 6588/5208/1078 6589/5209/1078 6590/5210/1078
f 6589/5209/1078 6588/5208/1078 6591/5211/1078
o SketchUp.208
v 0.642572 0.501009 0.011502
v 0.570687 0.501009 -0.000000
v 0.570687 0.501009 0.011502
v 0.642572 0.501009 -0.000000
v 0.570687 0.501009 -0.000000
v 0.570687 0.622158 0.011502
v 0.570687 0.501009 0.011502
v 0.570687 0.622158 -0.000000
v 0.642572 0.622158 -0.000000
v 0.642572 0.501009 0.011502
v 0.642572 0.622158 0.011502
v 0.642572 0.501009 -0.000000
v 0.642572 0.622158 -0.000000
v 0.570687 0.622158 0.011502
v 0.570687 0.622158 -0.000000
v 0.642572 0.622158 0.011502
vn -0.0000 1.0000 -0.0000
vn 1.0000 -0.0000 -0.0000
vn -1.0000 -0.0000 -0.0000
vn -0.0000 -1.0000 -0.0000
vt 7.331579 -0.131234
vt 6.511393 -0.000000
vt 6.511393 -0.131234
vt 7.331579 -0.000000
vt 0.000000 5.716378
vt -0.131234 7.098664
vt -0.131234 5.716378
vt 0.000000 7.098664
vt 0.131234 5.716378
vt 0.131234 7.098664
vt -7.331579 -0.000000
vt -6.511393 -0.131234
vt -6.511393 -0.000000
vt -7.331579 -0.131234
s 1
usemtl Wood_Floor_Parquet
f 6592/5212/1079 6593/5213/1079 6594/5214/1079
f 6593/5213/1079 6592/5212/1079 6595/5215/1079
f 6596/5216/1080 6597/5217/1080 6598/5218/1080
f 6597/5217/1080 6596/5216/1080 6599/5219/1080
f 6600/5219/1081 6601/5220/1081 6602/5221/1081
f 6601/5220/1081 6600/5219/1081 6603/5216/1081
f 6604/5222/1082 6605/5223/1082 6606/5224/1082
f 6605/5223/1082 6604/5222/1082 6607/5225/1082
o SketchUp.209
v 1.506029 0.630168 -0.001197
v 1.434144 0.630168 -0.002427
v 1.434144 0.630168 -0.000979
v 1.506029 0.630168 -0.001369
v 1.423854 0.630168 -0.002579
v 1.423854 0.630168 -0.000948
v 1.434144 0.630168 -0.000050
v 1.434144 0.729893 -0.000000
v 1.434144 0.630168 -0.000000
v 1.434144 0.729893 -0.007189
v 1.434144 0.630168 -0.000979
v 1.434144 0.630168 -0.002427
v 1.434144 0.630168 -0.007189
v 1.506029 0.630168 -0.000000
v 1.434144 0.630168 -0.000050
v 1.515748 0.630168 -0.001226
v 1.506029 0.729893 -0.000000
v 1.506029 0.630168 -0.001197
v 1.506029 0.630168 -0.000000
v 1.506029 0.729893 -0.007189
v 1.506029 0.630168 -0.001369
v 1.506029 0.630168 -0.007189
v 1.506029 0.630168 -0.001369
v 1.434144 0.630168 -0.007189
v 1.434144 0.630168 -0.002427
v 1.506029 0.630168 -0.007189
v 1.423854 0.630168 -0.000948
v 1.357841 0.630168 -0.003550
v 1.357841 0.630168 -0.000748
v 1.423854 0.630168 -0.002579
v 1.423854 0.630168 -0.000058
v 1.506029 0.729893 -0.007189
v 1.434144 0.729893 -0.000000
v 1.434144 0.729893 -0.007189
v 1.506029 0.729893 -0.000000
v 1.434144 0.729893 0.011502
v 1.434144 0.630168 0.011502
v 1.434144 0.630168 -0.000000
v 1.515748 0.630168 -0.000000
v 1.506029 0.630168 0.011502
v 1.506029 0.729893 0.011502
v 1.357841 0.630168 -0.000748
v 1.346092 0.630168 -0.003723
v 1.346092 0.630168 -0.000713
v 1.357841 0.630168 -0.003550
v 1.357841 0.630168 -0.000104
v 1.357841 0.729893 -0.000000
v 1.357841 0.630168 -0.000000
v 1.357841 0.729893 -0.007189
v 1.357841 0.630168 -0.000748
v 1.357841 0.630168 -0.003550
v 1.357841 0.630168 -0.007189
v 1.423854 0.630168 -0.000058
v 1.357841 0.630168 -0.000748
v 1.357841 0.630168 -0.000104
v 1.423854 0.630168 -0.000948
v 1.423854 0.729893 -0.000000
v 1.423854 0.630168 -0.000058
v 1.423854 0.630168 -0.000000
v 1.423854 0.729893 -0.007189
v 1.423854 0.630168 -0.000948
v 1.423854 0.630168 -0.002579
v 1.423854 0.630168 -0.007189
v 1.423854 0.630168 -0.002579
v 1.357841 0.630168 -0.007189
v 1.357841 0.630168 -0.003550
v 1.423854 0.630168 -0.007189
v 1.423854 0.630168 -0.000000
v 1.434144 0.729893 0.011502
v 1.506029 0.729893 0.011502
v 1.506029 0.630168 0.011502
v 1.434144 0.630168 -0.000000
v 1.434144 0.630168 0.011502
v 1.506029 0.630168 -0.000000
v 1.599034 0.630168 -0.000000
v 1.346092 0.630168 -0.000713
v 1.276250 0.630168 -0.004751
v 1.276250 0.630168 -0.000501
v 1.346092 0.630168 -0.003723
v 1.357841 0.630168 -0.000104
v 1.346092 0.630168 -0.000713
v 1.346092 0.630168 -0.000112
v 1.357841 0.630168 -0.000748
v 1.423854 0.729893 -0.007189
v 1.357841 0.729893 -0.000000
v 1.357841 0.729893 -0.007189
v 1.423854 0.729893 -0.000000
v 1.357841 0.729893 0.011502
v 1.357841 0.630168 0.011502
v 1.423854 0.630168 -0.000000
v 1.357841 0.630168 -0.000104
v 1.357841 0.630168 -0.000000
v 1.423854 0.630168 -0.000058
v 1.423854 0.630168 0.011502
v 1.423854 0.729893 0.011502
v 1.515748 0.630168 -0.001226
v 1.515748 0.730059 -0.000000
v 1.515748 0.630168 -0.000000
v 1.515748 0.730112 -0.007189
v 1.515748 0.730112 -0.000000
v 1.515748 0.630168 -0.007189
v 1.599034 0.630168 0.011502
v 1.515748 0.630168 -0.000000
v 1.515748 0.630168 0.011502
v 1.599034 0.630168 -0.000000
v 1.599034 0.630168 -0.000000
v 1.515748 0.630168 -0.007189
v 1.515748 0.630168 -0.001226
v 1.599034 0.630168 -0.007189
v 1.276250 0.630168 -0.000501
v 1.267659 0.630168 -0.004878
v 1.267659 0.630168 -0.000475
v 1.276250 0.630168 -0.004751
v 1.276250 0.729875 -0.000000
v 1.276250 0.729893 -0.007189
v 1.276250 0.729893 -0.000000
v 1.276250 0.630168 -0.000000
v 1.276250 0.630168 -0.000161
v 1.276250 0.630168 -0.000501
v 1.276250 0.630168 -0.004751
v 1.276250 0.630168 -0.007189
v 1.346092 0.630168 -0.000112
v 1.276250 0.630168 -0.000501
v 1.276250 0.630168 -0.000161
v 1.346092 0.630168 -0.000713
v 1.346092 0.729893 -0.007189
v 1.346092 0.630168 -0.000000
v 1.346092 0.729893 -0.000000
v 1.346092 0.630168 -0.000112
v 1.346092 0.630168 -0.000713
v 1.346092 0.630168 -0.003723
v 1.346092 0.630168 -0.007189
v 1.346092 0.630168 -0.003723
v 1.276250 0.630168 -0.007189
v 1.276250 0.630168 -0.004751
v 1.346092 0.630168 -0.007189
v 1.357841 0.630168 -0.000000
v 1.346092 0.630168 -0.000112
v 1.346092 0.630168 -0.000000
v 1.357841 0.630168 -0.000104
v 1.357841 0.729893 0.011502
v 1.423854 0.729893 0.011502
v 1.423854 0.630168 0.011502
v 1.357841 0.630168 -0.000000
v 1.357841 0.630168 0.011502
v 1.423854 0.630168 -0.000000
v 1.515748 0.730112 0.011502
v 1.515748 0.630168 0.011502
v 1.526619 0.729256 -0.007189
v 1.515748 0.730112 -0.000000
v 1.515748 0.730112 -0.007189
v 1.526619 0.729256 -0.000000
v 1.598322 0.643213 0.011502
v 1.599034 0.630168 -0.000000
v 1.599034 0.630168 0.011502
v 1.598322 0.643213 -0.000000
v 1.598322 0.643213 -0.000000
v 1.599034 0.630168 -0.007189
v 1.599034 0.630168 -0.000000
v 1.598322 0.643213 -0.007189
v 1.267659 0.630168 -0.000475
v 1.194145 0.630168 -0.005960
v 1.194145 0.630168 -0.000253
v 1.267659 0.630168 -0.004878
v 1.276250 0.630168 -0.000161
v 1.267659 0.630168 -0.000475
v 1.267659 0.630168 -0.000167
v 1.276250 0.630168 -0.000501
v 1.346092 0.729893 -0.007189
v 1.276250 0.729893 -0.000000
v 1.276250 0.729893 -0.007189
v 1.346092 0.729893 -0.000000
v 1.276250 0.729893 0.011502
v 1.276250 0.630168 0.011502
v 1.276250 0.630168 -0.000161
v 1.276250 0.630168 -0.000000
v 1.346092 0.630168 0.011502
v 1.346092 0.729893 0.011502
v 1.526619 0.729256 -0.000000
v 1.515748 0.730112 0.011502
v 1.515748 0.730112 -0.000000
v 1.526619 0.729256 0.011502
v 1.537304 0.726706 -0.007189
v 1.537304 0.726706 -0.000000
v 1.596196 0.656035 -0.000000
v 1.596196 0.656035 0.011502
v 1.596196 0.656035 -0.000000
v 1.596196 0.656035 -0.007189
v 1.194145 0.630168 -0.000253
v 1.185068 0.630168 -0.006094
v 1.185068 0.630168 -0.000225
v 1.194145 0.630168 -0.005960
v 1.194145 0.630168 -0.000000
v 1.194145 0.729855 -0.000000
v 1.194145 0.729850 -0.000000
v 1.194145 0.729893 -0.007189
v 1.194145 0.729893 -0.000000
v 1.194145 0.630168 -0.000219
v 1.194145 0.630168 -0.000253
v 1.194145 0.630168 -0.005960
v 1.194145 0.630168 -0.007189
v 1.206519 0.630168 -0.000210
v 1.267659 0.630168 -0.000475
v 1.194145 0.630168 -0.000253
v 1.267659 0.630168 -0.000167
v 1.267659 0.729893 -0.007189
v 1.267659 0.729873 -0.000000
v 1.267659 0.729893 -0.000000
v 1.267659 0.630168 -0.000000
v 1.267659 0.630168 -0.000167
v 1.267659 0.630168 -0.000475
v 1.267659 0.630168 -0.004878
v 1.267659 0.630168 -0.007189
v 1.267659 0.630168 -0.004878
v 1.194145 0.630168 -0.007189
v 1.194145 0.630168 -0.005960
v 1.267659 0.630168 -0.007189
v 1.267659 0.630168 -0.000167
v 1.267659 0.630168 -0.000000
v 1.276250 0.729893 0.011502
v 1.346092 0.729893 0.011502
v 1.346092 0.630168 0.011502
v 1.276250 0.630168 -0.000000
v 1.276250 0.630168 0.011502
v 1.346092 0.630168 -0.000000
v 1.537304 0.726706 -0.000000
v 1.537304 0.726706 0.011502
v 1.547620 0.722504 -0.007189
v 1.537383 0.726674 -0.000000
v 1.547620 0.722504 -0.000000
v 1.592694 0.668415 -0.000000
v 1.592694 0.668415 0.011502
v 1.592694 0.668415 -0.000000
v 1.592694 0.668415 -0.007189
v 1.185068 0.630168 -0.000225
v 1.110681 0.630168 -0.007189
v 1.110681 0.630168 -0.000000
v 1.185068 0.630168 -0.006094
v 1.194145 0.630168 -0.000253
v 1.185068 0.630168 -0.000225
v 1.194145 0.630168 -0.000219
v 1.267659 0.729893 -0.007189
v 1.194145 0.729893 -0.000000
v 1.194145 0.729893 -0.007189
v 1.242775 0.729893 -0.000000
v 1.267659 0.729893 -0.000000
v 1.194145 0.729893 0.011502
v 1.194145 0.630168 0.011502
v 1.194234 0.630168 -0.000000
v 1.194145 0.630168 -0.000219
v 1.194145 0.630168 -0.000000
v 1.194157 0.630168 -0.000219
v 1.194157 0.630168 -0.000219
v 1.206519 0.630168 -0.000210
v 1.267659 0.630168 -0.000167
v 1.206519 0.630168 -0.000210
v 1.267659 0.630168 -0.000000
v 1.267659 0.630168 0.011502
v 1.267659 0.729893 0.011502
v 1.537383 0.726674 -0.000000
v 1.547620 0.722504 0.011502
v 1.547620 0.722504 -0.000000
v 1.557391 0.716722 -0.007189
v 1.557391 0.716722 -0.000000
v 1.587876 0.680140 -0.000000
v 1.587876 0.680140 0.011502
v 1.587876 0.680140 -0.000000
v 1.587876 0.680140 -0.007189
v 1.185068 0.630168 -0.000225
v 1.110681 0.630168 -0.000000
v 1.185068 0.630168 -0.000000
v 1.185068 0.729847 -0.007189
v 1.185068 0.630168 -0.000000
v 1.185068 0.729847 -0.000000
v 1.185068 0.630168 -0.000225
v 1.185068 0.630168 -0.006094
v 1.185068 0.630168 -0.007189
v 1.185068 0.630168 -0.007189
v 1.110681 0.630168 -0.007189
v 1.185068 0.630168 -0.006094
v 1.110681 0.630168 -0.007189
v 1.111317 0.643179 -0.000000
v 1.110681 0.630168 -0.000000
v 1.111317 0.643179 -0.007189
v 1.194145 0.630168 -0.000000
v 1.185068 0.630168 -0.000225
v 1.185068 0.630168 -0.000000
v 1.194145 0.630168 -0.000219
v 1.194145 0.729893 0.011502
v 1.267659 0.729893 0.011502
v 1.198283 0.630168 0.011502
v 1.194145 0.630168 -0.000000
v 1.194145 0.630168 0.011502
v 1.194234 0.630168 -0.000000
v 1.194234 0.630168 -0.000000
v 1.206519 0.630168 -0.000210
v 1.194157 0.630168 -0.000219
v 1.267659 0.630168 -0.000000
v 1.198283 0.630168 0.011502
v 1.267659 0.630168 -0.000000
v 1.194234 0.630168 -0.000000
v 1.267659 0.630168 0.011502
v 1.557391 0.716722 -0.000000
v 1.557391 0.716722 0.011502
v 1.566449 0.709459 -0.007189
v 1.566449 0.709459 -0.000000
v 1.581823 0.691010 0.011502
v 1.581823 0.691010 -0.000000
v 1.581823 0.691010 -0.000000
v 1.581823 0.691010 -0.007189
v 1.185068 0.630168 0.011502
v 1.110681 0.630168 -0.000000
v 1.110681 0.630168 0.011502
v 1.185068 0.630168 -0.000000
v 1.185068 0.729847 -0.007189
v 1.175359 0.728995 -0.000000
v 1.175359 0.728995 -0.007189
v 1.185068 0.729847 -0.000000
v 1.185068 0.729847 0.011502
v 1.185068 0.630168 0.011502
v 1.113216 0.655967 -0.000000
v 1.113216 0.655967 -0.007189
v 1.110681 0.630168 -0.000000
v 1.111317 0.643179 0.011502
v 1.110681 0.630168 0.011502
v 1.111317 0.643179 -0.000000
v 1.566449 0.709459 -0.000000
v 1.566449 0.709459 0.011502
v 1.574640 0.700839 -0.007189
v 1.574640 0.700839 -0.000000
v 1.574640 0.700839 -0.000000
v 1.574640 0.700839 0.011502
v 1.185068 0.729847 -0.000000
v 1.175359 0.728995 0.011502
v 1.175359 0.728995 -0.000000
v 1.185068 0.729847 0.011502
v 1.165815 0.726451 -0.007189
v 1.165815 0.726451 -0.000000
v 1.116343 0.668314 -0.000000
v 1.116343 0.668314 -0.007189
v 1.113216 0.655967 0.011502
v 1.113216 0.655967 -0.000000
v 1.165815 0.726451 0.011502
v 1.165815 0.726451 -0.000000
v 1.156601 0.722259 -0.000000
v 1.156601 0.722259 -0.007189
v 1.120647 0.680008 -0.000000
v 1.120647 0.680008 -0.007189
v 1.116343 0.668314 0.011502
v 1.116343 0.668314 -0.000000
v 1.156601 0.722259 0.011502
v 1.156601 0.722259 -0.000000
v 1.147875 0.716493 -0.007189
v 1.147875 0.716493 -0.000000
v 1.126053 0.690849 -0.000000
v 1.126053 0.690849 -0.007189
v 1.120647 0.680008 0.011502
v 1.120647 0.680008 -0.000000
v 1.147875 0.716493 0.011502
v 1.147875 0.716493 -0.000000
v 1.139784 0.709249 -0.007189
v 1.139784 0.709249 -0.000000
v 1.132469 0.700652 -0.000000
v 1.132469 0.700652 -0.007189
v 1.126053 0.690849 0.011502
v 1.126053 0.690849 -0.000000
v 1.139784 0.709249 0.011502
v 1.139784 0.709249 -0.000000
v 1.132469 0.700652 0.011502
v 1.132469 0.700652 -0.000000
vn -0.0000 1.0000 -0.0000
vn 1.0000 -0.0000 -0.0000
vn -1.0000 -0.0000 -0.0000
vn -1.0000 -0.0001 -0.0000
vn -0.0000 -1.0000 -0.0000
vn -0.0000 -0.0000 1.0000
vn -0.1558 -0.9878 -0.0000
vn -0.0785 -0.9969 -0.0000
vn -0.9940 -0.1092 -0.0000
vn -0.9985 -0.0545 -0.0000
vn -0.3056 -0.9522 -0.0000
vn -0.3056 -0.9522 0.0003
vn -0.9759 -0.2182 -0.0000
vn -0.3046 -0.9525 -0.0000
vn -0.4445 -0.8958 -0.0000
vn -0.3772 -0.9261 0.0024
vn -0.9451 -0.3267 -0.0000
vn -0.0046 1.0000 -0.0002
vn -0.0057 1.0000 -0.0000
vn -0.0001 1.0000 -0.0000
vn -0.0070 1.0000 -0.0000
vn -0.0099 1.0000 -0.0000
vn -0.0057 1.0000 -0.0002
vn -0.0000 -0.0000 -1.0000
vn -0.3763 -0.9265 -0.0000
vn -0.5688 -0.8224 -0.0000
vn -0.9009 -0.4341 -0.0000
vn 0.9988 -0.0488 -0.0000
vn 0.9952 -0.0980 -0.0000
vn -0.6768 -0.7362 -0.0000
vn -0.8421 -0.5393 -0.0000
vn 0.0874 -0.9962 -0.0000
vn 0.1731 -0.9849 -0.0000
vn 0.9805 -0.1964 -0.0000
vn -0.7677 -0.6408 -0.0000
vn 0.3370 -0.9415 -0.0000
vn 0.9552 -0.2959 -0.0000
vn 0.4842 -0.8750 -0.0000
vn 0.9181 -0.3964 -0.0000
vn 0.6108 -0.7918 -0.0000
vn 0.8673 -0.4978 -0.0000
vn 0.7160 -0.6981 -0.0000
vn 0.8007 -0.5990 -0.0000
vt 17.183399 0.013653
vt 16.363209 0.027694
vt 16.363209 0.011170
vt 17.183399 0.015621
vt 16.245810 0.029422
vt 16.245810 0.010815
vt 0.000575 7.190054
vt 0.000000 8.327893
vt 0.000000 7.190054
vt 0.082021 8.327893
vt 0.011170 7.190054
vt 0.027694 7.190054
vt 0.082021 7.190054
vt 17.183399 0.000000
vt 16.363209 0.000575
vt 17.294289 0.013988
vt -0.013653 7.190054
vt -0.082021 8.327893
vt -0.015621 7.190054
vt -0.082021 7.190054
vt 16.363209 0.082021
vt 17.183399 0.082021
vt 15.492610 0.040509
vt 15.492610 0.008535
vt 16.245810 0.000658
vt -17.183399 0.082021
vt -16.363209 0.000000
vt -16.363209 0.082021
vt -17.183399 0.000000
vt -0.131234 8.327893
vt -0.131234 7.190054
vt 16.363209 0.000000
vt 17.294289 0.000000
vt 0.131234 7.190054
vt 0.131234 8.327893
vt 15.358560 0.042483
vt 15.358560 0.008130
vt 0.001186 7.190054
vt 0.008535 7.190054
vt 0.040509 7.190054
vt 15.492610 0.001186
vt -0.000658 7.190054
vt -0.010815 7.190054
vt -0.029422 7.190054
vt 15.492610 0.082021
vt 16.245810 0.082021
vt 16.245810 0.000000
vt -16.363209 -0.131234
vt -17.183399 -0.131234
vt 17.183399 -0.131234
vt 16.363209 -0.131234
vt 18.244560 0.000000
vt 14.561680 0.054213
vt 14.561680 0.005718
vt 15.358560 0.001280
vt -16.245810 0.082021
vt -15.492610 0.000000
vt -15.492610 0.082021
vt -16.245810 0.000000
vt 15.492610 0.000000
vt 0.013988 7.190054
vt 0.000000 8.329779
vt 0.082021 8.330383
vt 0.000000 8.330383
vt 18.244560 -0.131234
vt 17.294289 -0.131234
vt 17.294289 0.082021
vt 18.244560 0.082021
vt 14.463650 0.055656
vt 14.463650 0.005421
vt 0.000000 8.327689
vt 0.001839 7.190054
vt 0.005718 7.190054
vt 0.054213 7.190054
vt 14.561680 0.001839
vt -0.001280 7.190054
vt -0.008130 7.190054
vt -0.042483 7.190054
vt 14.561680 0.082021
vt 15.358560 0.082021
vt 15.358560 0.000000
vt -15.492610 -0.131234
vt -16.245810 -0.131234
vt 16.245810 -0.131234
vt 15.492610 -0.131234
vt -0.131234 8.330383
vt -0.082021 -16.712269
vt 0.000000 -16.587860
vt -0.082021 -16.587860
vt 0.000000 -16.712269
vt 0.131234 6.333391
vt 0.000000 6.184326
vt 0.131234 6.184326
vt -0.000000 6.333391
vt -0.082021 6.184326
vt -0.082021 6.333391
vt 13.624889 0.068003
vt 13.624889 0.002882
vt 14.463650 0.001908
vt -15.358560 0.082021
vt -14.561680 0.000000
vt -14.561680 0.082021
vt -15.358560 0.000000
vt 14.561680 0.000000
vt 0.131234 -16.587860
vt 0.131234 -16.712269
vt -0.082021 -15.135880
vt -0.000000 -15.010540
vt -0.082021 -15.010540
vt -0.000000 -15.135880
vt -0.000000 4.406213
vt 0.131234 4.257920
vt 0.131234 4.406213
vt -0.000000 4.257920
vt -0.082021 4.257920
vt -0.082021 4.406213
vt 13.521319 0.069527
vt 13.521319 0.002569
vt 0.000000 8.327449
vt 0.000000 8.327396
vt 0.002496 7.190054
vt 0.002882 7.190054
vt 0.068003 7.190054
vt 13.766060 0.002397
vt -0.000000 8.327664
vt -0.001908 7.190054
vt -0.005421 7.190054
vt -0.055656 7.190054
vt 13.624889 0.082021
vt 14.463650 0.082021
vt 14.463650 0.000000
vt -14.561680 -0.131234
vt -15.358560 -0.131234
vt 15.358560 -0.131234
vt 14.561680 -0.131234
vt 0.131234 -15.010540
vt 0.131234 -15.135880
vt -0.082021 -13.243370
vt -0.000000 -13.116280
vt -0.082021 -13.116280
vt -0.000000 -13.117249
vt -0.000000 -13.243370
vt -0.000000 2.392042
vt 0.131234 2.245253
vt 0.131234 2.392042
vt -0.000000 2.245253
vt -0.082021 2.245253
vt -0.082021 2.392042
vt 12.672580 0.082021
vt 12.672580 0.000000
vt 13.624889 0.002496
vt -14.463650 0.082021
vt -13.624889 0.000000
vt -13.624889 0.082021
vt -14.179740 0.000000
vt -14.463650 0.000000
vt 13.625899 -0.000000
vt 13.624889 -0.000000
vt 13.625020 0.002496
vt 0.131234 -13.116280
vt 0.131234 -13.243370
vt -0.082021 -11.127669
vt 0.000000 -10.998130
vt -0.082021 -10.998130
vt 0.000000 -11.127669
vt -0.000000 0.291221
vt 0.131234 0.146585
vt 0.131234 0.291221
vt -0.000000 0.146585
vt -0.082021 0.146585
vt -0.082021 0.291221
vt 13.521319 -0.000000
vt -0.082021 8.327366
vt -0.000000 8.327366
vt -0.002569 7.190054
vt -0.069527 7.190054
vt 13.521319 0.082021
vt 0.082021 7.800582
vt 0.000000 7.949209
vt 0.000000 7.800582
vt 0.082021 7.949209
vt -13.624889 -0.131234
vt -14.463650 -0.131234
vt 13.672090 -0.131234
vt 13.624889 -0.131234
vt 14.463650 -0.131234
vt 0.131234 -10.998130
vt 0.131234 -11.127669
vt -0.082021 -8.880218
vt -0.000000 -8.747745
vt -0.082021 -8.747745
vt -0.000000 -8.880218
vt 0.131234 -1.891774
vt -0.000000 -2.033728
vt 0.131234 -2.033728
vt -0.000000 -1.891774
vt -0.082021 -2.033728
vt -0.082021 -1.891774
vt 13.521319 -0.131234
vt 12.672580 -0.131234
vt 0.082021 14.198040
vt 0.000000 14.086829
vt 0.082021 14.086829
vt 0.000000 14.198040
vt 0.131234 8.327366
vt 0.082021 9.120784
vt 0.000000 9.268292
vt 0.000000 9.120784
vt 0.082021 9.268292
vt -0.131234 7.949209
vt -0.131234 7.800582
vt 0.131234 -8.747745
vt 0.131234 -8.880218
vt -0.000000 -6.443470
vt -0.082021 -6.579141
vt -0.000000 -6.579141
vt -0.082021 -6.443470
vt -0.000000 -4.144720
vt 0.131234 -4.283622
vt 0.131234 -4.144720
vt -0.000000 -4.283622
vt -0.082021 -4.144720
vt -0.082021 -4.283622
vt -0.131234 14.086829
vt -0.131234 14.198040
vt 0.082021 14.987659
vt 0.000000 15.100340
vt 0.000000 14.987659
vt 0.082021 15.100340
vt 0.082021 10.374310
vt 0.000000 10.519629
vt 0.000000 10.374310
vt 0.082021 10.519629
vt -0.131234 9.268292
vt -0.131234 9.120784
vt 0.131234 -6.579141
vt 0.131234 -6.443470
vt -0.131234 14.987659
vt -0.131234 15.100340
vt 0.082021 15.539780
vt 0.000000 15.424279
vt 0.082021 15.424279
vt 0.000000 15.539780
vt 0.082021 11.555150
vt 0.000000 11.697320
vt 0.000000 11.555150
vt 0.082021 11.697320
vt -0.131234 10.519629
vt -0.131234 10.374310
vt -0.131234 15.424279
vt -0.131234 15.539780
vt 0.082021 15.433749
vt 0.000000 15.553089
vt 0.000000 15.433749
vt 0.082021 15.553089
vt 0.082021 12.649130
vt 0.000000 12.787350
vt 0.000000 12.649130
vt 0.082021 12.787350
vt -0.131234 11.697320
vt -0.131234 11.555150
vt -0.131234 15.433749
vt -0.131234 15.553089
vt 0.082021 15.086619
vt 0.000000 15.210520
vt 0.000000 15.086619
vt 0.082021 15.210520
vt 0.082021 13.631140
vt 0.000000 13.764820
vt 0.000000 13.631140
vt 0.082021 13.764820
vt -0.131234 12.787350
vt -0.131234 12.649130
vt -0.131234 15.086619
vt -0.131234 15.210520
vt 0.082021 14.462100
vt 0.000000 14.590899
vt 0.000000 14.462100
vt 0.082021 14.590899
vt -0.131234 13.764820
vt -0.131234 13.631140
vt -0.131234 14.590899
vt -0.131234 14.462100
s 1
usemtl Wood_Floor_Parquet
f 6608/5226/1083 6609/5227/1083 6610/5228/1083
f 6609/5227/1083 6608/5226/1083 6611/5229/1083
f 6610/5228/1083 6612/5230/1083 6613/5231/1083
f 6612/5230/1083 6610/5228/1083 6609/5227/1083
f 6614/5232/1084 6615/5233/1084 6616/5234/1084
f 6615/5233/1084 6614/5232/1084 6617/5235/1084
f 6617/5235/1084 6614/5232/1084 6618/5236/1084
f 6617/5235/1084 6618/5236/1084 6619/5237/1084
f 6617/5235/1084 6619/5237/1084 6620/5238/1084
f 6621/5239/1083 6610/5228/1083 6622/5240/1083
f 6610/5228/1083 6621/5239/1083 6608/5226/1083
f 6623/5241/1083 6611/5229/1083 6608/5226/1083
f 6624/5233/1085 6625/5242/1086 6626/5234/1085
f 6625/5242/1086 6624/5233/1085 6627/5243/1085
f 6625/5242/1086 6627/5243/1085 6628/5244/1086
f 6628/5244/1086 6627/5243/1085 6629/5245/1085
f 6630/5229/1083 6631/5246/1083 6632/5227/1083
f 6631/5246/1083 6630/5229/1083 6633/5247/1083
f 6634/5231/1083 6635/5248/1083 6636/5249/1083
f 6635/5248/1083 6634/5231/1083 6637/5230/1083
f 6622/5240/1083 6613/5231/1083 6638/5250/1083
f 6613/5231/1083 6622/5240/1083 6610/5228/1083
f 6639/5251/1087 6640/5252/1087 6641/5253/1087
f 6640/5252/1087 6639/5251/1087 6642/5254/1087
f 6616/5234/1084 6643/5255/1084 6644/5256/1084
f 6643/5255/1084 6616/5234/1084 6615/5233/1084
f 6621/5239/1083 6622/5240/1083 6645/5257/1083
f 6646/5258/1083 6608/5226/1083 6621/5239/1083
f 6608/5226/1083 6646/5258/1083 6623/5241/1083
f 6624/5233/1085 6647/5259/1085 6648/5260/1085
f 6647/5259/1085 6624/5233/1085 6626/5234/1085
f 6649/5249/1083 6650/5261/1083 6651/5262/1083
f 6650/5261/1083 6649/5249/1083 6652/5248/1083
f 6653/5263/1084 6654/5233/1084 6655/5234/1084
f 6654/5233/1084 6653/5263/1084 6656/5235/1084
f 6656/5235/1084 6653/5263/1084 6657/5264/1084
f 6656/5235/1084 6657/5264/1084 6658/5265/1084
f 6656/5235/1084 6658/5265/1084 6659/5238/1084
f 6660/5250/1083 6661/5249/1083 6662/5266/1083
f 6661/5249/1083 6660/5250/1083 6663/5231/1083
f 6664/5233/1085 6665/5267/1085 6666/5234/1085
f 6665/5267/1085 6664/5233/1085 6667/5243/1085
f 6665/5267/1085 6667/5243/1085 6668/5268/1085
f 6668/5268/1085 6667/5243/1085 6669/5269/1085
f 6669/5269/1085 6667/5243/1085 6670/5245/1085
f 6671/5230/1083 6672/5270/1083 6673/5248/1083
f 6672/5270/1083 6671/5230/1083 6674/5271/1083
f 6645/5257/1083 6638/5250/1083 6675/5272/1083
f 6638/5250/1083 6645/5257/1083 6622/5240/1083
f 6642/5254/1087 6676/5273/1087 6640/5252/1087
f 6676/5273/1087 6642/5254/1087 6677/5274/1087
f 6678/5275/1083 6679/5257/1083 6680/5276/1083
f 6679/5257/1083 6678/5275/1083 6681/5239/1083
f 6682/5277/1083 6623/5241/1083 6646/5258/1083
f 6683/5262/1083 6684/5278/1083 6685/5279/1083
f 6684/5278/1083 6683/5262/1083 6686/5261/1083
f 6687/5266/1083 6688/5262/1083 6689/5280/1083
f 6688/5262/1083 6687/5266/1083 6690/5249/1083
f 6691/5281/1087 6692/5282/1087 6693/5283/1087
f 6692/5282/1087 6691/5281/1087 6694/5284/1087
f 6655/5234/1084 6695/5255/1084 6696/5256/1084
f 6695/5255/1084 6655/5234/1084 6654/5233/1084
f 6697/5272/1083 6698/5266/1083 6699/5285/1083
f 6698/5266/1083 6697/5272/1083 6700/5250/1083
f 6664/5233/1085 6701/5259/1085 6702/5260/1085
f 6701/5259/1085 6664/5233/1085 6666/5234/1085
f 6703/5286/1084 6704/5287/1084 6705/5234/1084
f 6704/5287/1084 6706/5288/1084 6707/5289/1084
f 6706/5288/1084 6704/5287/1084 6703/5286/1084
f 6706/5288/1084 6703/5286/1084 6708/5238/1084
f 6709/5290/1083 6710/5258/1083 6711/5291/1083
f 6710/5258/1083 6709/5290/1083 6712/5277/1083
f 6713/5277/1083 6714/5292/1083 6715/5241/1083
f 6714/5292/1083 6713/5277/1083 6716/5293/1083
f 6717/5279/1083 6718/5294/1083 6719/5295/1083
f 6718/5294/1083 6717/5279/1083 6720/5278/1083
f 6721/5296/1084 6722/5235/1084 6723/5233/1084
f 6722/5235/1084 6721/5296/1084 6724/5234/1084
f 6722/5235/1084 6724/5234/1084 6725/5297/1084
f 6722/5235/1084 6725/5297/1084 6726/5298/1084
f 6722/5235/1084 6726/5298/1084 6727/5299/1084
f 6722/5235/1084 6727/5299/1084 6728/5238/1084
f 6729/5280/1083 6730/5279/1083 6731/5300/1083
f 6730/5279/1083 6729/5280/1083 6732/5262/1083
f 6733/5243/1085 6734/5234/1085 6735/5233/1085
f 6734/5234/1085 6733/5243/1085 6736/5301/1085
f 6736/5301/1085 6733/5243/1085 6737/5302/1085
f 6737/5302/1085 6733/5243/1085 6738/5303/1085
f 6738/5303/1085 6733/5243/1085 6739/5245/1085
f 6740/5261/1083 6741/5304/1083 6742/5278/1083
f 6741/5304/1083 6740/5261/1083 6743/5305/1083
f 6744/5285/1083 6745/5280/1083 6746/5306/1083
f 6745/5280/1083 6744/5285/1083 6747/5266/1083
f 6694/5284/1087 6748/5307/1087 6692/5282/1087
f 6748/5307/1087 6694/5284/1087 6749/5308/1087
f 6750/5309/1083 6751/5285/1083 6752/5310/1083
f 6751/5285/1083 6750/5309/1083 6753/5272/1083
f 6705/5234/1084 6754/5311/1084 6755/5256/1084
f 6754/5311/1084 6705/5234/1084 6707/5289/1084
s 0
f 6707/5289/1088 6705/5234/1088 6704/5287/1088
s 1
f 6756/5312/1089 6757/5313/1090 6758/5314/1090
f 6757/5313/1090 6756/5312/1089 6759/5315/1089
f 6760/5316/1091 6761/5317/1092 6762/5318/1092
f 6761/5317/1092 6760/5316/1091 6763/5319/1091
f 6764/5319/1091 6765/5320/1092 6766/5317/1092
f 6765/5320/1092 6764/5319/1091 6767/5321/1091
f 6768/5295/1083 6769/5322/1083 6770/5323/1083
f 6769/5322/1083 6768/5295/1083 6771/5294/1083
f 6772/5300/1083 6773/5295/1083 6774/5324/1083
f 6773/5295/1083 6772/5300/1083 6775/5279/1083
f 6776/5325/1087 6777/5326/1087 6778/5327/1087
f 6777/5326/1087 6776/5325/1087 6779/5328/1087
f 6724/5234/1084 6780/5255/1084 6781/5256/1084
f 6780/5255/1084 6724/5234/1084 6721/5296/1084
f 6780/5255/1084 6721/5296/1084 6723/5233/1084
f 6746/5306/1083 6782/5300/1083 6783/5329/1083
f 6782/5300/1083 6746/5306/1083 6745/5280/1083
f 6735/5233/1085 6784/5259/1085 6785/5260/1085
f 6784/5259/1085 6735/5233/1085 6734/5234/1085
f 6786/5315/1089 6787/5330/1090 6788/5313/1090
f 6787/5330/1090 6786/5315/1089 6789/5331/1089
f 6790/5332/1093 6759/5333/1089 6756/5334/1089
f 6759/5333/1089 6790/5332/1093 6791/5335/1094
f 6792/5336/1095 6760/5337/1091 6793/5338/1095
f 6760/5337/1091 6792/5336/1095 6763/5339/1091
f 6794/5336/1095 6767/5340/1091 6764/5339/1091
f 6767/5340/1091 6794/5336/1095 6795/5341/1095
f 6796/5323/1083 6797/5342/1083 6798/5343/1083
f 6797/5342/1083 6796/5323/1083 6799/5322/1083
s 0
f 6800/5234/1088 6801/5344/1088 6802/5345/1088
s 1
f 6801/5344/1084 6803/5235/1084 6804/5233/1084
f 6803/5235/1084 6801/5344/1084 6800/5234/1084
f 6803/5235/1084 6800/5234/1084 6805/5346/1084
f 6803/5235/1084 6805/5346/1084 6806/5347/1084
f 6803/5235/1084 6806/5347/1084 6807/5348/1084
f 6803/5235/1084 6807/5348/1084 6808/5238/1084
f 6809/5349/1083 6810/5295/1083 6811/5323/1083
f 6810/5295/1083 6809/5349/1083 6812/5324/1083
f 6813/5243/1085 6814/5350/1085 6815/5233/1085
f 6814/5350/1085 6813/5243/1085 6816/5234/1085
f 6816/5234/1085 6813/5243/1085 6817/5351/1085
f 6817/5351/1085 6813/5243/1085 6818/5352/1085
f 6818/5352/1085 6813/5243/1085 6819/5353/1085
f 6819/5353/1085 6813/5243/1085 6820/5245/1085
f 6821/5294/1083 6822/5354/1083 6823/5322/1083
f 6822/5354/1083 6821/5294/1083 6824/5355/1083
f 6783/5329/1083 6825/5324/1083 6826/5356/1083
f 6825/5324/1083 6783/5329/1083 6782/5300/1083
f 6779/5328/1087 6827/5357/1087 6777/5326/1087
f 6827/5357/1087 6779/5328/1087 6828/5358/1087
f 6829/5359/1083 6830/5329/1083 6831/5360/1083
f 6830/5329/1083 6829/5359/1083 6832/5306/1083
f 6833/5335/1096 6789/5361/1089 6786/5333/1089
f 6789/5361/1089 6833/5335/1096 6834/5362/1093
f 6835/5363/1097 6791/5364/1094 6790/5365/1093
f 6791/5364/1094 6835/5363/1097 6836/5366/1098
f 6836/5366/1098 6835/5363/1097 6837/5367/1097
f 6838/5368/1099 6793/5369/1095 6839/5370/1099
f 6793/5369/1095 6838/5368/1099 6792/5371/1095
f 6840/5368/1099 6795/5372/1095 6794/5371/1095
f 6795/5372/1095 6840/5368/1099 6841/5373/1099
f 6842/5343/1083 6843/5374/1083 6844/5375/1083
f 6843/5374/1083 6842/5343/1083 6845/5342/1083
f 6846/5323/1100 6847/5343/1083 6848/5376/1101
f 6849/5377/1087 6850/5378/1087 6851/5379/1087
f 6850/5378/1087 6849/5377/1087 6852/5380/1087
f 6852/5380/1087 6849/5377/1087 6853/5381/1087
f 6800/5234/1084 6854/5255/1084 6855/5256/1084
f 6854/5255/1084 6800/5234/1084 6802/5345/1084
f 6854/5255/1084 6802/5345/1084 6804/5233/1084
s 0
f 6801/5344/1083 6804/5233/1102 6802/5345/1083
s 1
f 6856/5382/1103 6857/5376/1103 6858/5383/1083
f 6857/5376/1103 6856/5382/1103 6859/5384/1104
f 6860/5384/1105 6846/5323/1100 6848/5376/1101
f 6861/5349/1083 6846/5323/1100 6860/5384/1105
f 6862/5324/1083 6863/5349/1083 6864/5356/1083
f 6815/5233/1085 6865/5259/1085 6866/5260/1085
f 6865/5259/1085 6815/5233/1085 6816/5234/1085
s 0
f 6816/5234/1106 6815/5233/1106 6814/5350/1106
s 1
f 6867/5366/1107 6834/5385/1093 6833/5364/1096
f 6834/5385/1093 6867/5366/1107 6868/5386/1097
f 6868/5386/1097 6867/5366/1107 6869/5367/1097
f 6870/5387/1108 6837/5388/1097 6835/5389/1097
f 6837/5388/1097 6870/5387/1108 6871/5390/1108
f 6872/5391/1109 6839/5392/1099 6873/5393/1109
f 6839/5392/1099 6872/5391/1109 6838/5394/1099
f 6874/5391/1109 6841/5395/1099 6840/5394/1099
f 6841/5395/1099 6874/5391/1109 6875/5396/1109
f 6876/5343/1083 6877/5375/1083 6878/5397/1083
f 6879/5398/1085 6880/5234/1085 6881/5399/1085
f 6880/5234/1085 6879/5398/1085 6882/5400/1085
f 6882/5400/1085 6879/5398/1085 6883/5401/1085
f 6883/5401/1085 6879/5398/1085 6884/5245/1085
f 6885/5402/1083 6886/5374/1083 6887/5342/1083
f 6888/5403/1110 6889/5404/1111 6890/5405/1110
f 6889/5404/1111 6888/5403/1110 6891/5406/1111
f 6892/5383/1083 6893/5343/1083 6894/5397/1083
f 6893/5343/1083 6892/5383/1083 6895/5376/1083
f 6852/5380/1087 6896/5407/1087 6850/5378/1087
f 6896/5407/1087 6852/5380/1087 6897/5408/1087
f 6897/5408/1087 6852/5380/1087 6853/5381/1087
f 6898/5409/1083 6899/5383/1083 6900/5410/1083
f 6899/5383/1083 6898/5409/1083 6901/5382/1083
f 6902/5382/1083 6903/5349/1083 6904/5384/1083
f 6903/5349/1083 6902/5382/1083 6905/5356/1083
f 6906/5409/1083 6907/5356/1083 6908/5382/1083
f 6907/5356/1083 6906/5409/1083 6909/5411/1083
f 6910/5390/1108 6868/5412/1097 6869/5388/1097
f 6868/5412/1097 6910/5390/1108 6911/5413/1108
f 6912/5414/1112 6871/5415/1108 6870/5416/1108
f 6871/5415/1108 6912/5414/1112 6913/5417/1112
f 6914/5418/1113 6872/5419/1109 6873/5420/1109
f 6872/5419/1109 6914/5418/1113 6915/5421/1113
f 6916/5421/1113 6875/5422/1109 6874/5419/1109
f 6875/5422/1109 6916/5421/1113 6917/5423/1113
f 6918/5424/1083 6919/5375/1083 6920/5425/1083
f 6919/5375/1083 6918/5424/1083 6921/5397/1083
f 6922/5426/1114 6923/5427/1115 6924/5428/1115
f 6923/5427/1115 6922/5426/1114 6925/5429/1114
f 6926/5430/1085 6880/5234/1085 6927/5259/1085
f 6880/5234/1085 6926/5430/1085 6881/5399/1085
f 6891/5431/1111 6928/5432/1116 6889/5433/1111
f 6928/5432/1116 6891/5431/1111 6929/5434/1116
f 6930/5405/1110 6931/5435/1111 6932/5436/1110
f 6931/5435/1111 6930/5405/1110 6933/5404/1111
f 6934/5417/1112 6911/5437/1108 6910/5415/1108
f 6911/5437/1108 6934/5417/1112 6935/5438/1112
f 6913/5439/1112 6936/5440/1117 6937/5441/1117
f 6936/5440/1117 6913/5439/1112 6912/5442/1112
f 6938/5443/1117 6914/5444/1113 6939/5445/1117
f 6914/5444/1113 6938/5443/1117 6915/5446/1113
f 6936/5447/1117 6916/5446/1113 6937/5443/1117
f 6916/5446/1113 6936/5447/1117 6917/5448/1113
f 6940/5429/1114 6941/5449/1115 6942/5427/1115
f 6941/5449/1115 6940/5429/1114 6943/5450/1114
f 6944/5451/1118 6923/5452/1115 6945/5453/1118
f 6923/5452/1115 6944/5451/1118 6924/5454/1115
f 6929/5455/1116 6946/5456/1119 6928/5457/1116
f 6946/5456/1119 6929/5455/1116 6947/5458/1119
f 6933/5433/1111 6948/5459/1116 6931/5460/1111
f 6948/5459/1116 6933/5433/1111 6949/5432/1116
f 6934/5439/1112 6939/5461/1117 6935/5462/1112
f 6939/5461/1117 6934/5439/1112 6938/5441/1117
f 6942/5452/1115 6950/5463/1118 6951/5453/1118
f 6950/5463/1118 6942/5452/1115 6941/5464/1115
f 6944/5465/1118 6952/5466/1120 6953/5467/1120
f 6952/5466/1120 6944/5465/1118 6945/5468/1118
f 6947/5469/1119 6954/5470/1121 6946/5471/1119
f 6954/5470/1121 6947/5469/1119 6955/5472/1121
f 6949/5457/1116 6956/5473/1119 6948/5474/1116
f 6956/5473/1119 6949/5457/1116 6957/5456/1119
f 6951/5468/1118 6958/5475/1120 6959/5466/1120
f 6958/5475/1120 6951/5468/1118 6950/5476/1118
f 6960/5477/1122 6952/5478/1120 6961/5479/1122
f 6952/5478/1120 6960/5477/1122 6953/5480/1120
f 6955/5481/1121 6962/5482/1123 6954/5483/1121
f 6962/5482/1123 6955/5481/1121 6963/5484/1123
f 6957/5471/1119 6964/5485/1121 6956/5486/1119
f 6964/5485/1121 6957/5471/1119 6965/5470/1121
f 6959/5478/1120 6966/5487/1122 6967/5479/1122
f 6966/5487/1122 6959/5478/1120 6958/5488/1120
f 6968/5489/1124 6961/5490/1122 6969/5491/1124
f 6961/5490/1122 6968/5489/1124 6960/5492/1122
f 6963/5493/1123 6970/5494/1125 6962/5495/1123
f 6970/5494/1125 6963/5493/1123 6971/5496/1125
f 6965/5483/1121 6972/5497/1123 6964/5498/1121
f 6972/5497/1123 6965/5483/1121 6973/5482/1123
f 6967/5490/1122 6974/5499/1124 6975/5491/1124
f 6974/5499/1124 6967/5490/1122 6966/5500/1122
f 6971/5501/1125 6969/5502/1124 6970/5503/1125
f 6969/5502/1124 6971/5501/1125 6968/5504/1124
f 6973/5495/1123 6976/5505/1125 6972/5506/1123
f 6976/5505/1125 6973/5495/1123 6977/5494/1125
f 6977/5503/1125 6974/5507/1124 6976/5508/1125
f 6974/5507/1124 6977/5503/1125 6975/5502/1124
o SketchUp.210
v 0.454971 1.355740 0.016738
v 0.454971 1.054464 0.248074
v 0.454971 1.355740 0.248074
v 0.454971 1.054464 0.016738
vn -1.0000 -0.0000 -0.0000
vt 0.065617 5.314961
vt 0.972534 4.133858
vt 0.972534 5.314961
vt 0.065617 4.133858
s 1
usemtl Wood_Floor_Parquet
f 6978/5509/1126 6979/5510/1126 6980/5511/1126
f 6979/5510/1126 6978/5509/1126 6981/5512/1126
o SketchUp.211
v 2.563407 0.362310 0.084637
v 2.563407 0.465827 0.106393
v 2.563407 0.362310 0.106393
v 2.563407 0.465827 0.084637
v 2.563407 0.362310 0.005751
v 2.563407 0.465827 0.005751
vn 1.0000 -0.0000 -0.0000
vt -0.965683 4.133858
vt -1.213911 5.314961
vt -1.213911 4.133858
vt -0.965683 5.314961
vt -0.065617 4.133858
vt -0.065617 5.314961
s 1
usemtl Wood_Floor_Parquet
f 6982/5513/1127 6983/5514/1127 6984/5515/1127
f 6983/5514/1127 6982/5513/1127 6985/5516/1127
f 6986/5517/1127 6985/5516/1127 6982/5513/1127
f 6985/5516/1127 6986/5517/1127 6987/5518/1127
o SketchUp.212
v 1.062891 0.362310 0.005751
v 0.827102 0.362310 0.085070
v 0.827102 0.362310 0.005751
v 1.062891 0.362310 0.085070
vn -0.0000 -1.0000 -0.0000
vt -12.127310 -0.065617
vt -9.437019 -0.970625
vt -9.437019 -0.065617
vt -12.127310 -0.970625
s 1
usemtl Wood_Floor_Parquet
f 6988/5519/1128 6989/5520/1128 6990/5521/1128
f 6989/5520/1128 6988/5519/1128 6991/5522/1128
o SketchUp.213
v 0.490181 0.302533 0.004313
v 0.360165 0.080947 0.004313
v 0.490181 0.080947 0.004313
v 0.360165 0.302533 0.004313
v 0.360165 0.302533 0.004313
v 0.490181 0.302533 0.004313
v 0.360165 0.080947 0.004313
v 0.490181 0.080947 0.004313
vn -0.0000 -0.0000 1.0000
vn -0.0000 -0.0000 -1.0000
s 1
usemtl Translucent_Glass_Blue
f 6992//1129 6993//1129 6994//1129
f 6993//1129 6992//1129 6995//1129
f 6996//1130 6997//1130 6998//1130
f 6999//1130 6998//1130 6997//1130
o SketchUp.214
v 0.490181 0.302533 0.004313
v 0.360165 0.302533 0.008626
v 0.360165 0.302533 0.004313
v 0.490181 0.302533 0.008626
v 0.360165 0.080947 0.004313
v 0.360165 0.302533 0.008626
v 0.360165 0.080947 0.008626
v 0.360165 0.302533 0.004313
v 0.490181 0.302533 0.004313
v 0.490181 0.080947 0.008626
v 0.490181 0.302533 0.008626
v 0.490181 0.080947 0.004313
v 0.490181 0.080947 0.008626
v 0.360165 0.080947 0.004313
v 0.360165 0.080947 0.008626
v 0.490181 0.080947 0.004313
vn -0.0000 -1.0000 -0.0000
vn 1.0000 -0.0000 -0.0000
vn -1.0000 -0.0000 -0.0000
vn -0.0000 1.0000 -0.0000
vt -5.592832 -0.049213
vt -4.109392 -0.098425
vt -4.109392 -0.049213
vt -5.592832 -0.098425
vt -0.049213 0.923588
vt -0.098425 3.451828
vt -0.098425 0.923588
vt -0.049213 3.451828
vt 0.049213 3.451828
vt 0.098425 0.923588
vt 0.098425 3.451828
vt 0.049213 0.923588
vt 5.592832 -0.098425
vt 4.109392 -0.049213
vt 4.109392 -0.098425
vt 5.592832 -0.049213
s 1
usemtl Wood_Floor_Parquet
f 7000/5523/1131 7001/5524/1131 7002/5525/1131
f 7001/5524/1131 7000/5523/1131 7003/5526/1131
f 7004/5527/1132 7005/5528/1132 7006/5529/1132
f 7005/5528/1132 7004/5527/1132 7007/5530/1132
f 7008/5531/1133 7009/5532/1133 7010/5533/1133
f 7009/5532/1133 7008/5531/1133 7011/5534/1133
f 7012/5535/1134 7013/5536/1134 7014/5537/1134
f 7013/5536/1134 7012/5535/1134 7015/5538/1134
o SketchUp.215
v 0.628707 0.080947 0.004313
v 0.497734 0.302533 0.004313
v 0.497734 0.080947 0.004313
v 0.628707 0.302533 0.004313
v 0.628707 0.302533 0.004313
v 0.628707 0.080947 0.004313
v 0.497734 0.302533 0.004313
v 0.497734 0.080947 0.004313
vn -0.0000 -0.0000 1.0000
vn -0.0000 -0.0000 -1.0000
s 1
usemtl Translucent_Glass_Blue
f 7016//1135 7017//1135 7018//1135
f 7017//1135 7016//1135 7019//1135
f 7020//1136 7021//1136 7022//1136
f 7023//1136 7022//1136 7021//1136
o SketchUp.216
v 0.628707 0.080947 0.008626
v 0.497734 0.080947 0.004313
v 0.497734 0.080947 0.008626
v 0.628707 0.080947 0.004313
v 0.628707 0.302533 0.004313
v 0.628707 0.080947 0.008626
v 0.628707 0.302533 0.008626
v 0.628707 0.080947 0.004313
v 0.497734 0.080947 0.004313
v 0.497734 0.302533 0.008626
v 0.497734 0.080947 0.008626
v 0.497734 0.302533 0.004313
v 0.628707 0.302533 0.004313
v 0.497734 0.302533 0.008626
v 0.497734 0.302533 0.004313
v 0.628707 0.302533 0.008626
vn -0.0000 1.0000 -0.0000
vn -1.0000 -0.0000 -0.0000
vn 1.0000 -0.0000 -0.0000
vn -0.0000 -1.0000 -0.0000
vt 7.173380 -0.098425
vt 5.679013 -0.049213
vt 5.679013 -0.098425
vt 7.173380 -0.049213
vt 0.049213 3.451828
vt 0.098425 0.923588
vt 0.098425 3.451828
vt 0.049213 0.923588
vt -0.049213 0.923588
vt -0.098425 3.451828
vt -0.098425 0.923588
vt -0.049213 3.451828
vt -7.173380 -0.049213
vt -5.679013 -0.098425
vt -5.679013 -0.049213
vt -7.173380 -0.098425
s 1
usemtl Wood_Floor_Parquet
f 7024/5539/1137 7025/5540/1137 7026/5541/1137
f 7025/5540/1137 7024/5539/1137 7027/5542/1137
f 7028/5543/1138 7029/5544/1138 7030/5545/1138
f 7029/5544/1138 7028/5543/1138 7031/5546/1138
f 7032/5547/1139 7033/5548/1139 7034/5549/1139
f 7033/5548/1139 7032/5547/1139 7035/5550/1139
f 7036/5551/1140 7037/5552/1140 7038/5553/1140
f 7037/5552/1140 7036/5551/1140 7039/5554/1140
o SketchUp.217
v 0.767577 0.302533 0.004313
v 0.639691 0.080947 0.004313
v 0.767577 0.080947 0.004313
v 0.639691 0.302533 0.004313
v 0.639691 0.302533 0.004313
v 0.767577 0.302533 0.004313
v 0.639691 0.080947 0.004313
v 0.767577 0.080947 0.004313
vn -0.0000 -0.0000 1.0000
vn -0.0000 -0.0000 -1.0000
s 1
usemtl Translucent_Glass_Blue
f 7040//1141 7041//1141 7042//1141
f 7041//1141 7040//1141 7043//1141
f 7044//1142 7045//1142 7046//1142
f 7047//1142 7046//1142 7045//1142
o SketchUp.218
v 0.767577 0.302533 0.004313
v 0.639691 0.302533 0.008626
v 0.639691 0.302533 0.004313
v 0.767577 0.302533 0.008626
v 0.639691 0.080947 0.004313
v 0.639691 0.302533 0.008626
v 0.639691 0.080947 0.008626
v 0.639691 0.302533 0.004313
v 0.767577 0.302533 0.004313
v 0.767577 0.080947 0.008626
v 0.767577 0.302533 0.008626
v 0.767577 0.080947 0.004313
v 0.767577 0.080947 0.008626
v 0.639691 0.080947 0.004313
v 0.639691 0.080947 0.008626
v 0.767577 0.080947 0.004313
vn -0.0000 -1.0000 -0.0000
vn 1.0000 -0.0000 -0.0000
vn -1.0000 -0.0000 -0.0000
vn -0.0000 1.0000 -0.0000
vt -8.757853 -0.049213
vt -7.298708 -0.098425
vt -7.298708 -0.049213
vt -8.757853 -0.098425
vt -0.049213 0.923588
vt -0.098425 3.451828
vt -0.098425 0.923588
vt -0.049213 3.451828
vt 0.049213 3.451828
vt 0.098425 0.923588
vt 0.098425 3.451828
vt 0.049213 0.923588
vt 8.757853 -0.098425
vt 7.298708 -0.049213
vt 7.298708 -0.098425
vt 8.757853 -0.049213
s 1
usemtl Wood_Floor_Parquet
f 7048/5555/1143 7049/5556/1143 7050/5557/1143
f 7049/5556/1143 7048/5555/1143 7051/5558/1143
f 7052/5559/1144 7053/5560/1144 7054/5561/1144
f 7053/5560/1144 7052/5559/1144 7055/5562/1144
f 7056/5563/1145 7057/5564/1145 7058/5565/1145
f 7057/5564/1145 7056/5563/1145 7059/5566/1145
f 7060/5567/1146 7061/5568/1146 7062/5569/1146
f 7061/5568/1146 7060/5567/1146 7063/5570/1146
o SketchUp.219
v 0.349795 0.080947 0.002875
v 0.217322 0.302533 0.002875
v 0.217322 0.080947 0.002875
v 0.349795 0.302533 0.002875
v 0.349795 0.302533 0.002875
v 0.349795 0.080947 0.002875
v 0.217322 0.302533 0.002875
v 0.217322 0.080947 0.002875
vn -0.0000 -0.0000 1.0000
vn -0.0000 -0.0000 -1.0000
s 1
usemtl Translucent_Glass_Blue
f 7064//1147 7065//1147 7066//1147
f 7065//1147 7064//1147 7067//1147
f 7068//1148 7069//1148 7070//1148
f 7071//1148 7070//1148 7069//1148
o SketchUp.220
v 0.349795 0.080947 0.008626
v 0.217322 0.080947 0.002875
v 0.217322 0.080947 0.008626
v 0.349795 0.080947 0.002875
v 0.349795 0.302533 0.002875
v 0.349795 0.080947 0.008626
v 0.349795 0.302533 0.008626
v 0.349795 0.080947 0.002875
v 0.217322 0.080947 0.002875
v 0.217322 0.302533 0.008626
v 0.217322 0.080947 0.008626
v 0.217322 0.302533 0.002875
v 0.349795 0.302533 0.002875
v 0.217322 0.302533 0.008626
v 0.217322 0.302533 0.002875
v 0.349795 0.302533 0.008626
vn -0.0000 1.0000 -0.0000
vn -1.0000 -0.0000 -0.0000
vn 1.0000 -0.0000 -0.0000
vn -0.0000 -1.0000 -0.0000
vt 3.991064 -0.098425
vt 2.479583 -0.032808
vt 2.479583 -0.098425
vt 3.991064 -0.032808
vt 0.032808 3.451828
vt 0.098425 0.923588
vt 0.098425 3.451828
vt 0.032808 0.923588
vt -0.032808 0.923588
vt -0.098425 3.451828
vt -0.098425 0.923588
vt -0.032808 3.451828
vt -3.991064 -0.032808
vt -2.479583 -0.098425
vt -2.479583 -0.032808
vt -3.991064 -0.098425
s 1
usemtl Wood_Floor_Parquet
f 7072/5571/1149 7073/5572/1149 7074/5573/1149
f 7073/5572/1149 7072/5571/1149 7075/5574/1149
f 7076/5575/1150 7077/5576/1150 7078/5577/1150
f 7077/5576/1150 7076/5575/1150 7079/5578/1150
f 7080/5579/1151 7081/5580/1151 7082/5581/1151
f 7081/5580/1151 7080/5579/1151 7083/5582/1151
f 7084/5583/1152 7085/5584/1152 7086/5585/1152
f 7085/5584/1152 7084/5583/1152 7087/5586/1152
o SketchUp.221
v 2.085357 0.080947 0.011502
v 1.952884 0.302533 0.011502
v 1.952884 0.080947 0.011502
v 2.085357 0.302533 0.011502
v 2.085357 0.302533 0.011502
v 2.085357 0.080947 0.011502
v 1.952884 0.302533 0.011502
v 1.952884 0.080947 0.011502
vn -0.0000 -0.0000 1.0000
vn -0.0000 -0.0000 -1.0000
s 1
usemtl Translucent_Glass_Blue
f 7088//1153 7089//1153 7090//1153
f 7089//1153 7088//1153 7091//1153
f 7092//1154 7093//1154 7094//1154
f 7095//1154 7094//1154 7093//1154
o SketchUp.222
v 2.225743 0.302533 0.011502
v 2.095728 0.080947 0.011502
v 2.225743 0.080947 0.011502
v 2.095728 0.302533 0.011502
v 2.095728 0.302533 0.011502
v 2.225743 0.302533 0.011502
v 2.095728 0.080947 0.011502
v 2.225743 0.080947 0.011502
vn -0.0000 -0.0000 1.0000
vn -0.0000 -0.0000 -1.0000
s 1
usemtl Translucent_Glass_Blue
f 7096//1155 7097//1155 7098//1155
f 7097//1155 7096//1155 7099//1155
f 7100//1156 7101//1156 7102//1156
f 7103//1156 7102//1156 7101//1156
o SketchUp.223
v 2.364270 0.080947 0.011502
v 2.233296 0.302533 0.011502
v 2.233296 0.080947 0.011502
v 2.364270 0.302533 0.011502
v 2.364270 0.302533 0.011502
v 2.364270 0.080947 0.011502
v 2.233296 0.302533 0.011502
v 2.233296 0.080947 0.011502
vn -0.0000 -0.0000 1.0000
vn -0.0000 -0.0000 -1.0000
s 1
usemtl Translucent_Glass_Blue
f 7104//1157 7105//1157 7106//1157
f 7105//1157 7104//1157 7107//1157
f 7108//1158 7109//1158 7110//1158
f 7111//1158 7110//1158 7109//1158
o SketchUp.224
v 2.503140 0.302533 0.011502
v 2.375254 0.080947 0.011502
v 2.503140 0.080947 0.011502
v 2.375254 0.302533 0.011502
v 2.375254 0.302533 0.011502
v 2.503140 0.302533 0.011502
v 2.375254 0.080947 0.011502
v 2.503140 0.080947 0.011502
vn -0.0000 -0.0000 1.0000
vn -0.0000 -0.0000 -1.0000
s 1
usemtl Translucent_Glass_Blue
f 7112//1159 7113//1159 7114//1159
f 7113//1159 7112//1159 7115//1159
f 7116//1160 7117//1160 7118//1160
f 7119//1160 7118//1160 7117//1160
o SketchUp.225
v 2.503140 0.302533 0.011502
v 2.503140 0.080947 0.014377
v 2.503140 0.302533 0.014377
v 2.503140 0.080947 0.011502
v 2.503140 0.080947 0.014377
v 2.375254 0.080947 0.011502
v 2.375254 0.080947 0.014377
v 2.503140 0.080947 0.011502
v 2.503140 0.302533 0.011502
v 2.375254 0.302533 0.014377
v 2.375254 0.302533 0.011502
v 2.503140 0.302533 0.014377
v 2.375254 0.080947 0.011502
v 2.375254 0.302533 0.014377
v 2.375254 0.080947 0.014377
v 2.375254 0.302533 0.011502
vn -1.0000 -0.0000 -0.0000
vn -0.0000 1.0000 -0.0000
vn -0.0000 -1.0000 -0.0000
vn 1.0000 -0.0000 -0.0000
vt 0.131234 3.451828
vt 0.164042 0.923588
vt 0.164042 3.451828
vt 0.131234 0.923588
vt 28.560169 -0.164042
vt 27.101028 -0.131234
vt 27.101028 -0.164042
vt 28.560169 -0.131234
vt -28.560169 -0.131234
vt -27.101028 -0.164042
vt -27.101028 -0.131234
vt -28.560169 -0.164042
vt -0.131234 0.923588
vt -0.164042 3.451828
vt -0.164042 0.923588
vt -0.131234 3.451828
s 1
usemtl Wood_Floor_Parquet
f 7120/5587/1161 7121/5588/1161 7122/5589/1161
f 7121/5588/1161 7120/5587/1161 7123/5590/1161
f 7124/5591/1162 7125/5592/1162 7126/5593/1162
f 7125/5592/1162 7124/5591/1162 7127/5594/1162
f 7128/5595/1163 7129/5596/1163 7130/5597/1163
f 7129/5596/1163 7128/5595/1163 7131/5598/1163
f 7132/5599/1164 7133/5600/1164 7134/5601/1164
f 7133/5600/1164 7132/5599/1164 7135/5602/1164
o SketchUp.226
v 2.364270 0.080947 0.014377
v 2.233296 0.080947 0.011502
v 2.233296 0.080947 0.014377
v 2.364270 0.080947 0.011502
v 2.233296 0.080947 0.011502
v 2.233296 0.302533 0.014377
v 2.233296 0.080947 0.014377
v 2.233296 0.302533 0.011502
v 2.364270 0.302533 0.011502
v 2.364270 0.080947 0.014377
v 2.364270 0.302533 0.014377
v 2.364270 0.080947 0.011502
v 2.364270 0.302533 0.011502
v 2.233296 0.302533 0.014377
v 2.233296 0.302533 0.011502
v 2.364270 0.302533 0.014377
vn -0.0000 1.0000 -0.0000
vn 1.0000 -0.0000 -0.0000
vn -1.0000 -0.0000 -0.0000
vn -0.0000 -1.0000 -0.0000
vt 26.975698 -0.164042
vt 25.481329 -0.131234
vt 25.481329 -0.164042
vt 26.975698 -0.131234
vt -0.131234 0.923588
vt -0.164042 3.451828
vt -0.164042 0.923588
vt -0.131234 3.451828
vt 0.131234 3.451828
vt 0.164042 0.923588
vt 0.164042 3.451828
vt 0.131234 0.923588
vt -26.975698 -0.131234
vt -25.481329 -0.164042
vt -25.481329 -0.131234
vt -26.975698 -0.164042
s 1
usemtl Wood_Floor_Parquet
f 7136/5603/1165 7137/5604/1165 7138/5605/1165
f 7137/5604/1165 7136/5603/1165 7139/5606/1165
f 7140/5607/1166 7141/5608/1166 7142/5609/1166
f 7141/5608/1166 7140/5607/1166 7143/5610/1166
f 7144/5611/1167 7145/5612/1167 7146/5613/1167
f 7145/5612/1167 7144/5611/1167 7147/5614/1167
f 7148/5615/1168 7149/5616/1168 7150/5617/1168
f 7149/5616/1168 7148/5615/1168 7151/5618/1168
o SketchUp.227
v 2.225743 0.080947 0.014377
v 2.095728 0.080947 0.011502
v 2.095728 0.080947 0.014377
v 2.225743 0.080947 0.011502
v 2.095728 0.080947 0.011502
v 2.095728 0.302533 0.014377
v 2.095728 0.080947 0.014377
v 2.095728 0.302533 0.011502
v 2.225743 0.302533 0.011502
v 2.225743 0.080947 0.014377
v 2.225743 0.302533 0.014377
v 2.225743 0.080947 0.011502
v 2.225743 0.302533 0.011502
v 2.095728 0.302533 0.014377
v 2.095728 0.302533 0.011502
v 2.225743 0.302533 0.014377
vn -0.0000 1.0000 -0.0000
vn 1.0000 -0.0000 -0.0000
vn -1.0000 -0.0000 -0.0000
vn -0.0000 -1.0000 -0.0000
vt 25.395149 -0.164042
vt 23.911709 -0.131234
vt 23.911709 -0.164042
vt 25.395149 -0.131234
vt -0.131234 0.923588
vt -0.164042 3.451828
vt -0.164042 0.923588
vt -0.131234 3.451828
vt 0.131234 3.451828
vt 0.164042 0.923588
vt 0.164042 3.451828
vt 0.131234 0.923588
vt -25.395149 -0.131234
vt -23.911709 -0.164042
vt -23.911709 -0.131234
vt -25.395149 -0.164042
s 1
usemtl Wood_Floor_Parquet
f 7152/5619/1169 7153/5620/1169 7154/5621/1169
f 7153/5620/1169 7152/5619/1169 7155/5622/1169
f 7156/5623/1170 7157/5624/1170 7158/5625/1170
f 7157/5624/1170 7156/5623/1170 7159/5626/1170
f 7160/5627/1171 7161/5628/1171 7162/5629/1171
f 7161/5628/1171 7160/5627/1171 7163/5630/1171
f 7164/5631/1172 7165/5632/1172 7166/5633/1172
f 7165/5632/1172 7164/5631/1172 7167/5634/1172
o SketchUp.228
v 2.085357 0.080947 0.014377
v 1.952884 0.080947 0.011502
v 1.952884 0.080947 0.014377
v 2.085357 0.080947 0.011502
v 1.952884 0.080947 0.011502
v 1.952884 0.302533 0.014377
v 1.952884 0.080947 0.014377
v 1.952884 0.302533 0.011502
v 2.085357 0.302533 0.011502
v 2.085357 0.080947 0.014377
v 2.085357 0.302533 0.014377
v 2.085357 0.080947 0.011502
v 2.085357 0.302533 0.011502
v 1.952884 0.302533 0.014377
v 1.952884 0.302533 0.011502
v 2.085357 0.302533 0.014377
vn -0.0000 1.0000 -0.0000
vn 1.0000 -0.0000 -0.0000
vn -1.0000 -0.0000 -0.0000
vn -0.0000 -1.0000 -0.0000
vt 23.793379 -0.164042
vt 22.281898 -0.131234
vt 22.281898 -0.164042
vt 23.793379 -0.131234
vt -0.131234 0.923588
vt -0.164042 3.451828
vt -0.164042 0.923588
vt -0.131234 3.451828
vt 0.131234 3.451828
vt 0.164042 0.923588
vt 0.164042 3.451828
vt 0.131234 0.923588
vt -23.793379 -0.131234
vt -22.281898 -0.164042
vt -22.281898 -0.131234
vt -23.793379 -0.164042
s 1
usemtl Wood_Floor_Parquet
f 7168/5635/1173 7169/5636/1173 7170/5637/1173
f 7169/5636/1173 7168/5635/1173 7171/5638/1173
f 7172/5639/1174 7173/5640/1174 7174/5641/1174
f 7173/5640/1174 7172/5639/1174 7175/5642/1174
f 7176/5643/1175 7177/5644/1175 7178/5645/1175
f 7177/5644/1175 7176/5643/1175 7179/5646/1175
f 7180/5647/1176 7181/5648/1176 7182/5649/1176
f 7181/5648/1176 7180/5647/1176 7183/5650/1176
o SketchUp.229
v 1.886514 0.443947 0.107830
v 2.534880 0.376373 0.107830
v 1.886514 0.376373 0.107830
v 2.534880 0.443947 0.107830
v 2.534880 0.443947 0.116457
v 1.886514 0.443947 0.107830
v 1.886514 0.443947 0.116457
v 2.534880 0.443947 0.107830
v 2.534880 0.376373 0.107830
v 2.534880 0.443947 0.116457
v 2.534880 0.376373 0.116457
v 2.534880 0.443947 0.107830
v 2.534880 0.376373 0.107830
v 1.886514 0.376373 0.116457
v 1.886514 0.376373 0.107830
v 2.534880 0.376373 0.116457
v 1.886514 0.443947 0.107830
v 1.886514 0.376373 0.116457
v 1.886514 0.443947 0.116457
v 1.886514 0.376373 0.107830
vn -0.0000 -0.0000 -1.0000
vn -0.0000 1.0000 -0.0000
vn 1.0000 -0.0000 -0.0000
vn -0.0000 -1.0000 -0.0000
vn -1.0000 -0.0000 -0.0000
vt -21.524630 5.065320
vt -28.922319 4.294322
vt -21.524630 4.294322
vt -28.922319 5.065320
vt 28.922319 -1.328740
vt 21.524630 -1.230315
vt 21.524630 -1.328740
vt 28.922319 -1.230315
vt -1.230315 4.294322
vt -1.328740 5.065320
vt -1.328740 4.294322
vt -1.230315 5.065320
vt -28.922319 -1.230315
vt -21.524630 -1.328740
vt -21.524630 -1.230315
vt -28.922319 -1.328740
vt 1.230315 5.065320
vt 1.328740 4.294322
vt 1.328740 5.065320
vt 1.230315 4.294322
s 1
usemtl Wood_Floor_Parquet
f 7184/5651/1177 7185/5652/1177 7186/5653/1177
f 7185/5652/1177 7184/5651/1177 7187/5654/1177
f 7188/5655/1178 7189/5656/1178 7190/5657/1178
f 7189/5656/1178 7188/5655/1178 7191/5658/1178
f 7192/5659/1179 7193/5660/1179 7194/5661/1179
f 7193/5660/1179 7192/5659/1179 7195/5662/1179
f 7196/5663/1180 7197/5664/1180 7198/5665/1180
f 7197/5664/1180 7196/5663/1180 7199/5666/1180
f 7200/5667/1181 7201/5668/1181 7202/5669/1181
f 7201/5668/1181 7200/5667/1181 7203/5670/1181
o SketchUp.230
v 0.827102 0.443947 0.122208
v 0.182743 0.376373 0.122208
v 0.827102 0.376373 0.122208
v 0.182743 0.443947 0.122208
vn -0.0000 -0.0000 1.0000
vt 6.291346 3.376880
vt 1.390033 2.862881
vt 6.291346 2.862881
vt 1.390033 3.376880
s 1
usemtl Polished_Concrete_Old
f 7204/5671/1182 7205/5672/1182 7206/5673/1182
f 7205/5672/1182 7204/5671/1182 7207/5674/1182
o SketchUp.231
v 1.651107 0.443947 0.119332
v 1.062891 0.376373 0.119332
v 1.651107 0.376373 0.119332
v 1.062891 0.443947 0.119332
vn -0.0000 -0.0000 1.0000
vt 12.559130 3.376880
vt 8.084872 2.862881
vt 12.559130 2.862881
vt 8.084872 3.376880
s 1
usemtl Polished_Concrete_Old
f 7208/5675/1183 7209/5676/1183 7210/5677/1183
f 7209/5676/1183 7208/5675/1183 7211/5678/1183
o SketchUp.232
v 2.534880 0.443947 0.116457
v 1.886514 0.376373 0.116457
v 2.534880 0.376373 0.116457
v 1.886514 0.443947 0.116457
vn -0.0000 -0.0000 1.0000
vt 19.281549 3.376880
vt 14.349760 2.862881
vt 19.281549 2.862881
vt 14.349760 3.376880
s 1
usemtl Polished_Concrete_Old
f 7212/5679/1184 7213/5680/1184 7214/5681/1184
f 7213/5680/1184 7212/5679/1184 7215/5682/1184
o SketchUp.233
v 2.062879 0.746862 0.003987
v 2.062879 0.747078 0.010064
v 2.062879 0.746862 0.010064
v 2.062879 0.747078 0.003987
v 2.062879 0.746862 -0.001438
v 2.062879 0.747078 -0.001438
v 2.393559 0.746862 0.003987
v 2.062879 0.746862 -0.001438
v 2.062879 0.746862 0.003987
v 2.393559 0.746862 -0.001438
v 2.062879 0.747078 0.003987
v 2.052092 0.746166 -0.001438
v 2.052092 0.746166 0.003987
v 2.062879 0.747078 -0.001438
v 2.062879 0.747078 0.010064
v 2.052092 0.746166 0.003987
v 2.052092 0.746166 0.010064
v 1.988492 0.632459 0.010064
v 1.980237 0.511310 0.010064
v 1.988492 0.511310 0.010064
v 1.980237 0.640469 0.010064
v 1.988492 0.640469 0.010064
v 1.989128 0.653480 0.010064
v 1.980944 0.654384 0.010064
v 1.991027 0.666268 0.010064
v 1.983052 0.668062 0.010064
v 1.994154 0.678615 0.010064
v 1.986527 0.681267 0.010064
v 1.998458 0.690309 0.010064
v 1.991309 0.693774 0.010064
v 2.003864 0.701150 0.010064
v 1.997314 0.705369 0.010064
v 2.010279 0.710953 0.010064
v 2.004442 0.715853 0.010064
v 2.017595 0.719550 0.010064
v 2.012569 0.725048 0.010064
v 2.025686 0.726794 0.010064
v 2.021558 0.732795 0.010064
v 2.034412 0.732561 0.010064
v 2.043626 0.736752 0.010064
v 2.031254 0.738963 0.010064
v 2.053170 0.739295 0.010064
v 2.041490 0.743446 0.010064
v 2.062879 0.740148 0.010064
v 2.071956 0.740194 0.010064
v 2.393559 0.740412 0.010064
v 2.417298 0.743243 0.010064
v 2.405531 0.745958 0.010064
v 2.052092 0.746166 0.010064
v 2.393559 0.746862 0.010064
v 2.393559 0.746868 0.010064
v 2.062879 0.746862 0.010064
v 2.062879 0.747078 0.010064
v 2.476845 0.511310 0.010064
v 1.980237 0.501009 0.010064
v 2.393559 0.511310 0.010064
v 2.383840 0.511310 0.010064
v 2.311955 0.511310 0.010064
v 2.301665 0.511310 0.010064
v 2.235652 0.511310 0.010064
v 2.223903 0.511310 0.010064
v 2.154060 0.511310 0.010064
v 2.145469 0.511310 0.010064
v 2.071956 0.511310 0.010064
v 2.062879 0.511310 0.010064
v 2.071956 0.632459 0.010064
v 2.062879 0.632459 0.010064
v 2.154060 0.632459 0.010064
v 2.145469 0.632459 0.010064
v 2.235652 0.632459 0.010064
v 2.223903 0.632459 0.010064
v 2.311955 0.632459 0.010064
v 2.301665 0.632459 0.010064
v 2.393559 0.632459 0.010064
v 2.383840 0.632459 0.010064
v 2.476845 0.640469 0.010064
v 2.062879 0.640469 0.010064
v 2.393559 0.640469 0.010064
v 2.383840 0.640469 0.010064
v 2.311955 0.640469 0.010064
v 2.301665 0.640469 0.010064
v 2.235652 0.640469 0.010064
v 2.223903 0.640469 0.010064
v 2.154060 0.640469 0.010064
v 2.145469 0.640469 0.010064
v 2.071956 0.640469 0.010064
v 2.383840 0.740194 0.010064
v 2.311955 0.740194 0.010064
v 2.301665 0.740194 0.010064
v 2.235652 0.740194 0.010064
v 2.223903 0.740194 0.010064
v 2.154060 0.740194 0.010064
v 2.145469 0.740194 0.010064
v 2.485282 0.501009 0.010064
v 2.485282 0.640469 0.010064
v 2.476845 0.632459 0.010064
v 2.476132 0.653514 0.010064
v 2.484497 0.654357 0.010064
v 2.474007 0.666336 0.010064
v 2.482157 0.668007 0.010064
v 2.470505 0.678716 0.010064
v 2.478300 0.681186 0.010064
v 2.465687 0.690441 0.010064
v 2.472993 0.693669 0.010064
v 2.459634 0.701311 0.010064
v 2.466328 0.705241 0.010064
v 2.452451 0.711140 0.010064
v 2.458417 0.715705 0.010064
v 2.444260 0.719760 0.010064
v 2.449396 0.724881 0.010064
v 2.435202 0.727023 0.010064
v 2.439420 0.732614 0.010064
v 2.425431 0.732805 0.010064
v 2.428659 0.738769 0.010064
v 2.415115 0.737007 0.010064
v 2.404429 0.739558 0.010064
v 2.393559 0.746862 0.010064
v 2.062879 0.746862 0.010064
v 2.393559 0.746868 0.010064
v 2.393559 0.746862 0.003987
v 2.393559 0.746862 0.010064
v 2.393559 0.746868 0.003987
v 2.393559 0.746862 -0.001438
v 2.393559 0.746868 -0.001438
v 2.062879 0.746862 -0.012940
v 2.393559 0.746862 -0.012940
v 2.041490 0.743446 -0.001438
v 2.041490 0.743446 0.003987
v 2.062879 0.747078 -0.001438
v 2.052092 0.746166 -0.012940
v 2.052092 0.746166 -0.001438
v 2.062879 0.747078 -0.012940
v 2.041490 0.743446 0.003987
v 2.041490 0.743446 0.010064
v 2.062879 0.747078 0.015489
v 2.052092 0.746166 0.010064
v 2.052092 0.746166 0.015489
v 2.485282 0.501009 0.003987
v 1.980237 0.501009 0.010064
v 1.980237 0.501009 0.003987
v 2.485282 0.501009 0.010064
v 2.485282 0.501009 0.003987
v 2.485282 0.640469 0.010064
v 2.485282 0.501009 0.010064
v 2.485282 0.640469 0.003987
v 2.485282 0.640469 0.003987
v 2.484497 0.654357 0.010064
v 2.485282 0.640469 0.010064
v 2.484497 0.654357 0.003987
v 2.482157 0.668007 0.010064
v 2.482157 0.668007 0.003987
v 2.478300 0.681186 0.010064
v 2.478300 0.681186 0.003987
v 2.472993 0.693669 0.010064
v 2.472993 0.693669 0.003987
v 2.466328 0.705241 0.010064
v 2.466328 0.705241 0.003987
v 2.458417 0.715705 0.010064
v 2.458417 0.715705 0.003987
v 2.449396 0.724881 0.010064
v 2.449396 0.724881 0.003987
v 2.439420 0.732614 0.003987
v 2.439420 0.732614 0.010064
v 2.428659 0.738769 0.003987
v 2.428659 0.738769 0.010064
v 2.417298 0.743243 0.003987
v 2.417298 0.743243 0.010064
v 2.405531 0.745958 0.003987
v 2.405531 0.745958 0.010064
v 2.393559 0.746868 0.003987
v 2.393559 0.746868 0.010064
v 2.031254 0.738963 0.003987
v 2.031254 0.738963 0.010064
v 2.021558 0.732795 0.003987
v 2.021558 0.732795 0.010064
v 2.012569 0.725048 0.003987
v 2.012569 0.725048 0.010064
v 2.004442 0.715853 0.010064
v 2.004442 0.715853 0.003987
v 1.997314 0.705369 0.010064
v 1.997314 0.705369 0.003987
v 1.991309 0.693774 0.003987
v 1.991309 0.693774 0.010064
v 1.986527 0.681267 0.010064
v 1.986527 0.681267 0.003987
v 1.983052 0.668062 0.010064
v 1.983052 0.668062 0.003987
v 1.980944 0.654384 0.010064
v 1.980944 0.654384 0.003987
v 1.980237 0.640469 0.010064
v 1.980237 0.640469 0.003987
v 1.980237 0.640469 0.003987
v 1.980237 0.511310 0.010064
v 1.980237 0.640469 0.010064
v 1.980237 0.511310 0.003987
v 1.988492 0.511310 0.003987
v 1.988492 0.632459 0.010064
v 1.988492 0.511310 0.010064
v 1.988492 0.632459 0.003987
v 2.062879 0.632459 0.003987
v 1.988492 0.632459 0.010064
v 1.988492 0.632459 0.003987
v 2.062879 0.632459 0.010064
v 2.062879 0.632459 0.003987
v 2.062879 0.511310 0.010064
v 2.062879 0.632459 0.010064
v 2.062879 0.511310 0.003987
v 2.062879 0.511310 0.010064
v 1.988492 0.511310 0.003987
v 1.988492 0.511310 0.010064
v 2.062879 0.511310 0.003987
v 1.980237 0.501009 0.010064
v 1.980237 0.501009 0.003987
v 1.980237 0.511310 -0.001438
v 1.980237 0.501009 -0.001438
v 2.393559 0.746862 0.015489
v 2.062879 0.746862 0.015489
v 2.405531 0.745958 0.003987
v 2.393559 0.746868 -0.001438
v 2.393559 0.746868 0.003987
v 2.405531 0.745958 -0.001438
v 1.988492 0.632459 -0.001438
v 1.980237 0.511310 -0.001438
v 1.988492 0.511310 -0.001438
v 1.980237 0.640469 -0.001438
v 1.988492 0.640469 -0.001438
v 1.989128 0.653480 -0.001438
v 1.980944 0.654384 -0.001438
v 1.991027 0.666268 -0.001438
v 1.983052 0.668062 -0.001438
v 1.994154 0.678615 -0.001438
v 1.986527 0.681267 -0.001438
v 1.998458 0.690309 -0.001438
v 1.991309 0.693774 -0.001438
v 2.003864 0.701150 -0.001438
v 1.997314 0.705369 -0.001438
v 2.010279 0.710953 -0.001438
v 2.004442 0.715853 -0.001438
v 2.017595 0.719550 -0.001438
v 2.012569 0.725048 -0.001438
v 2.025686 0.726794 -0.001438
v 2.021558 0.732795 -0.001438
v 2.034412 0.732561 -0.001438
v 2.043626 0.736752 -0.001438
v 2.031254 0.738963 -0.001438
v 2.053170 0.739295 -0.001438
v 2.041490 0.743446 -0.001438
v 2.062879 0.740148 -0.001438
v 2.071956 0.740194 -0.001438
v 2.393559 0.740412 -0.001438
v 2.417298 0.743243 -0.001438
v 2.405531 0.745958 -0.001438
v 2.052092 0.746166 -0.001438
v 2.393559 0.746862 -0.001438
v 2.393559 0.746868 -0.001438
v 2.062879 0.746862 -0.001438
v 2.062879 0.747078 -0.001438
v 2.476845 0.511310 -0.001438
v 1.980237 0.501009 -0.001438
v 2.393559 0.511310 -0.001438
v 2.383840 0.511310 -0.001438
v 2.311955 0.511310 -0.001438
v 2.301665 0.511310 -0.001438
v 2.235652 0.511310 -0.001438
v 2.223903 0.511310 -0.001438
v 2.154060 0.511310 -0.001438
v 2.145469 0.511310 -0.001438
v 2.071956 0.511310 -0.001438
v 2.062879 0.511310 -0.001438
v 2.071956 0.632459 -0.001438
v 2.062879 0.632459 -0.001438
v 2.154060 0.632459 -0.001438
v 2.145469 0.632459 -0.001438
v 2.235652 0.632459 -0.001438
v 2.223903 0.632459 -0.001438
v 2.311955 0.632459 -0.001438
v 2.301665 0.632459 -0.001438
v 2.393559 0.632459 -0.001438
v 2.383840 0.632459 -0.001438
v 2.476845 0.640469 -0.001438
v 2.062879 0.640469 -0.001438
v 2.393559 0.640469 -0.001438
v 2.383840 0.640469 -0.001438
v 2.311955 0.640469 -0.001438
v 2.301665 0.640469 -0.001438
v 2.235652 0.640469 -0.001438
v 2.223903 0.640469 -0.001438
v 2.154060 0.640469 -0.001438
v 2.145469 0.640469 -0.001438
v 2.071956 0.640469 -0.001438
v 2.383840 0.740194 -0.001438
v 2.311955 0.740194 -0.001438
v 2.301665 0.740194 -0.001438
v 2.235652 0.740194 -0.001438
v 2.223903 0.740194 -0.001438
v 2.154060 0.740194 -0.001438
v 2.145469 0.740194 -0.001438
v 2.485282 0.501009 -0.001438
v 2.485282 0.640469 -0.001438
v 2.476845 0.632459 -0.001438
v 2.476132 0.653514 -0.001438
v 2.484497 0.654357 -0.001438
v 2.474007 0.666336 -0.001438
v 2.482157 0.668007 -0.001438
v 2.470505 0.678716 -0.001438
v 2.478300 0.681186 -0.001438
v 2.465687 0.690441 -0.001438
v 2.472993 0.693669 -0.001438
v 2.459634 0.701311 -0.001438
v 2.466328 0.705241 -0.001438
v 2.452451 0.711140 -0.001438
v 2.458417 0.715705 -0.001438
v 2.444260 0.719760 -0.001438
v 2.449396 0.724881 -0.001438
v 2.435202 0.727023 -0.001438
v 2.439420 0.732614 -0.001438
v 2.425431 0.732805 -0.001438
v 2.428659 0.738769 -0.001438
v 2.415115 0.737007 -0.001438
v 2.404429 0.739558 -0.001438
v 2.031254 0.738963 -0.001438
v 2.031254 0.738963 0.003987
v 2.041490 0.743446 -0.012940
v 2.041490 0.743446 -0.001438
v 2.041490 0.743446 0.010064
v 2.041490 0.743446 0.015489
v 2.485282 0.501009 -0.001438
v 1.980237 0.501009 -0.001438
v 1.980237 0.501009 0.015489
v 2.485282 0.501009 0.015489
v 2.485282 0.501009 -0.001438
v 2.485282 0.640469 -0.001438
v 2.485282 0.640469 0.015489
v 2.485282 0.501009 0.015489
v 2.485282 0.640469 -0.001438
v 2.484497 0.654357 0.003987
v 2.485282 0.640469 0.003987
v 2.484497 0.654357 -0.001438
v 2.485282 0.640469 0.010064
v 2.484497 0.654357 0.015489
v 2.485282 0.640469 0.015489
v 2.484497 0.654357 0.010064
v 2.482157 0.668007 0.003987
v 2.482157 0.668007 -0.001438
v 2.482157 0.668007 0.015489
v 2.482157 0.668007 0.010064
v 2.478300 0.681186 0.003987
v 2.478300 0.681186 -0.001438
v 2.478300 0.681186 0.015489
v 2.478300 0.681186 0.010064
v 2.472993 0.693669 0.003987
v 2.472993 0.693669 -0.001438
v 2.472993 0.693669 0.015489
v 2.472993 0.693669 0.010064
v 2.466328 0.705241 0.003987
v 2.466328 0.705241 -0.001438
v 2.466328 0.705241 0.015489
v 2.466328 0.705241 0.010064
v 2.458417 0.715705 0.003987
v 2.458417 0.715705 -0.001438
v 2.458417 0.715705 0.015489
v 2.458417 0.715705 0.010064
v 2.449396 0.724881 0.003987
v 2.449396 0.724881 -0.001438
v 2.449396 0.724881 0.015489
v 2.449396 0.724881 0.010064
v 2.439420 0.732614 -0.001438
v 2.439420 0.732614 0.003987
v 2.439420 0.732614 0.010064
v 2.439420 0.732614 0.015489
v 2.428659 0.738769 -0.001438
v 2.428659 0.738769 0.003987
v 2.428659 0.738769 0.010064
v 2.428659 0.738769 0.015489
v 2.417298 0.743243 -0.001438
v 2.417298 0.743243 0.003987
v 2.417298 0.743243 0.010064
v 2.417298 0.743243 0.015489
v 2.405531 0.745958 0.010064
v 2.405531 0.745958 0.015489
v 2.393559 0.746868 0.010064
v 2.393559 0.746868 0.015489
v 2.031254 0.738963 0.010064
v 2.031254 0.738963 0.015489
v 2.021558 0.732795 0.010064
v 2.021558 0.732795 0.015489
v 2.021558 0.732795 -0.001438
v 2.021558 0.732795 0.003987
v 2.012569 0.725048 0.010064
v 2.012569 0.725048 0.015489
v 2.012569 0.725048 -0.001438
v 2.012569 0.725048 0.003987
v 2.004442 0.715853 0.015489
v 2.004442 0.715853 0.010064
v 2.004442 0.715853 0.003987
v 2.004442 0.715853 -0.001438
v 1.997314 0.705369 0.015489
v 1.997314 0.705369 0.010064
v 1.997314 0.705369 -0.001438
v 1.997314 0.705369 0.003987
v 1.991309 0.693774 0.010064
v 1.991309 0.693774 0.015489
v 1.991309 0.693774 -0.001438
v 1.991309 0.693774 0.003987
v 1.986527 0.681267 0.015489
v 1.986527 0.681267 0.010064
v 1.986527 0.681267 -0.001438
v 1.986527 0.681267 0.003987
v 1.983052 0.668062 0.015489
v 1.983052 0.668062 0.010064
v 1.983052 0.668062 -0.001438
v 1.983052 0.668062 0.003987
v 1.980944 0.654384 0.010064
v 1.980944 0.654384 0.015489
v 1.980944 0.654384 -0.001438
v 1.980944 0.654384 0.003987
v 1.980237 0.640469 0.015489
v 1.980237 0.640469 0.010064
v 1.980237 0.640469 -0.001438
v 1.980237 0.640469 0.003987
v 1.980237 0.511310 0.015489
v 1.980237 0.640469 0.015489
v 1.980237 0.640469 -0.001438
v 1.988492 0.632459 0.015489
v 1.988492 0.511310 0.015489
v 1.988492 0.511310 0.000010
v 1.988492 0.632459 -0.000000
v 1.988492 0.511310 -0.000000
v 2.062879 0.632459 -0.000000
v 1.988492 0.632459 -0.000000
v 1.988492 0.632459 0.015489
v 2.062879 0.632459 0.015489
v 2.062879 0.511310 0.015489
v 2.062879 0.632459 0.015489
v 2.062879 0.632459 -0.000000
v 2.062879 0.511310 0.001541
v 2.062879 0.511310 -0.000000
v 2.062879 0.511310 0.015489
v 1.988492 0.511310 0.015489
v 1.988492 0.511310 0.000010
v 1.988492 0.511310 -0.000000
v 2.062879 0.511310 -0.000000
v 2.062879 0.511310 0.001541
v 2.405531 0.745958 -0.001438
v 2.393559 0.746868 -0.012940
v 2.393559 0.746868 -0.001438
v 2.405531 0.745958 -0.012940
v 1.980237 0.640469 -0.012940
v 1.980237 0.511310 -0.012940
v 1.988492 0.511310 -0.001438
v 1.988492 0.632459 -0.012940
v 1.988492 0.632459 -0.001438
v 1.988492 0.511310 -0.012940
v 2.062879 0.632459 -0.012940
v 1.988492 0.632459 -0.001438
v 1.988492 0.632459 -0.012940
v 2.062879 0.632459 -0.001438
v 2.062879 0.632459 -0.012940
v 2.062879 0.511310 -0.001438
v 2.062879 0.632459 -0.001438
v 2.062879 0.511310 -0.012940
v 2.062879 0.511310 -0.001438
v 1.988492 0.511310 -0.012940
v 1.988492 0.511310 -0.001438
v 2.062879 0.511310 -0.012940
v 2.485282 0.501009 -0.012940
v 1.980237 0.501009 -0.012940
v 2.485282 0.501009 -0.012940
v 2.485282 0.640469 -0.012940
v 2.485282 0.640469 -0.012940
v 2.484497 0.654357 -0.001438
v 2.485282 0.640469 -0.001438
v 2.484497 0.654357 -0.012940
v 2.482157 0.668007 -0.001438
v 2.482157 0.668007 -0.012940
v 2.478300 0.681186 -0.001438
v 2.478300 0.681186 -0.012940
v 2.472993 0.693669 -0.001438
v 2.472993 0.693669 -0.012940
v 2.466328 0.705241 -0.001438
v 2.466328 0.705241 -0.012940
v 2.458417 0.715705 -0.001438
v 2.458417 0.715705 -0.012940
v 2.449396 0.724881 -0.001438
v 2.449396 0.724881 -0.012940
v 2.439420 0.732614 -0.012940
v 2.439420 0.732614 -0.001438
v 2.428659 0.738769 -0.012940
v 2.428659 0.738769 -0.001438
v 2.417298 0.743243 -0.012940
v 2.417298 0.743243 -0.001438
v 2.031254 0.738963 -0.012940
v 2.031254 0.738963 -0.001438
v 2.021558 0.732795 -0.012940
v 2.021558 0.732795 -0.001438
v 2.012569 0.725048 -0.012940
v 2.012569 0.725048 -0.001438
v 2.004442 0.715853 -0.001438
v 2.004442 0.715853 -0.012940
v 1.997314 0.705369 -0.001438
v 1.997314 0.705369 -0.012940
v 1.991309 0.693774 -0.001438
v 1.991309 0.693774 -0.012940
v 1.986527 0.681267 -0.001438
v 1.986527 0.681267 -0.012940
v 1.983052 0.668062 -0.001438
v 1.983052 0.668062 -0.012940
v 1.980944 0.654384 -0.012940
v 1.980944 0.654384 -0.001438
v 1.980237 0.640469 -0.001438
v 1.980237 0.640469 -0.012940
v 2.071956 0.511310 0.001728
v 2.071956 0.511310 -0.000000
v 1.988492 0.632459 -0.001438
v 2.062879 0.511310 -0.001438
v 1.988492 0.511310 -0.001438
v 2.062879 0.632459 -0.001438
v 2.071956 0.511310 -0.001438
v 2.145469 0.511310 0.003987
v 2.071956 0.511310 0.003987
v 2.145469 0.511310 -0.000000
v 2.145469 0.511310 0.003242
v 2.145469 0.511310 -0.001438
v 2.071956 0.511310 0.001728
v 2.071956 0.632459 0.003987
v 2.071956 0.511310 0.003987
v 2.071956 0.632459 -0.000000
v 2.071956 0.511310 -0.000000
v 2.145469 0.511310 0.010064
v 2.071956 0.511310 0.010064
v 2.145469 0.632459 -0.000000
v 2.145469 0.511310 0.003987
v 2.145469 0.632459 0.003987
v 2.145469 0.511310 0.003242
v 2.145469 0.511310 -0.000000
v 2.154060 0.511310 0.003419
v 2.154060 0.511310 -0.000000
v 2.071956 0.632459 -0.001438
v 2.071956 0.511310 -0.001438
v 2.154060 0.511310 -0.001438
v 2.145469 0.632459 -0.001438
v 2.145469 0.511310 -0.001438
v 2.071956 0.511310 -0.012940
v 2.145469 0.511310 -0.012940
v 2.145469 0.632459 -0.000000
v 2.071956 0.632459 0.003987
v 2.071956 0.632459 -0.000000
v 2.145469 0.632459 0.003987
v 2.071956 0.632459 0.010064
v 2.071956 0.511310 0.010064
v 2.145469 0.511310 0.015489
v 2.071956 0.511310 0.015489
v 2.145469 0.511310 0.010064
v 2.145469 0.632459 0.010064
v 2.223903 0.511310 0.003987
v 2.154060 0.511310 0.003987
v 2.223903 0.511310 -0.000000
v 2.145469 0.632459 -0.001438
v 2.071956 0.632459 -0.001438
v 2.071956 0.511310 -0.012940
v 2.071956 0.632459 -0.012940
v 2.223903 0.511310 -0.001438
v 2.145469 0.632459 -0.012940
v 2.145469 0.511310 -0.012940
v 2.071956 0.632459 -0.001438
v 2.145469 0.511310 -0.001438
v 2.071956 0.511310 -0.001438
v 2.145469 0.632459 -0.001438
v 2.071956 0.632459 0.010064
v 2.145469 0.632459 0.010064
v 2.071956 0.632459 0.015489
v 2.071956 0.511310 0.015489
v 2.145469 0.511310 0.015489
v 2.145469 0.632459 0.015489
v 2.154060 0.511310 0.003419
v 2.154060 0.632459 0.003987
v 2.154060 0.511310 0.003987
v 2.154060 0.632459 -0.000000
v 2.154060 0.511310 -0.000000
v 2.223903 0.511310 0.010064
v 2.154060 0.511310 0.010064
v 2.223903 0.511310 0.004857
v 2.223903 0.632459 -0.000000
v 2.223903 0.511310 0.003987
v 2.223903 0.632459 0.003987
v 2.223903 0.511310 -0.000000
v 2.235652 0.511310 0.005098
v 2.235652 0.511310 -0.000000
v 2.235652 0.511310 0.003987
v 2.145469 0.632459 -0.012940
v 2.071956 0.632459 -0.012940
v 2.154060 0.632459 -0.001438
v 2.154060 0.511310 -0.001438
v 2.223903 0.511310 -0.001438
v 2.223903 0.632459 -0.001438
v 2.235652 0.511310 -0.001438
v 2.154060 0.511310 -0.012940
v 2.223903 0.511310 -0.012940
v 2.071956 0.632459 0.015489
v 2.145469 0.632459 0.015489
v 2.223903 0.632459 -0.000000
v 2.154060 0.632459 0.003987
v 2.154060 0.632459 -0.000000
v 2.223903 0.632459 0.003987
v 2.154060 0.632459 0.010064
v 2.154060 0.511310 0.010064
v 2.223903 0.511310 0.015489
v 2.154060 0.511310 0.015489
v 2.223903 0.511310 0.010064
v 2.223903 0.632459 0.010064
v 2.223903 0.511310 0.004857
v 2.301665 0.511310 0.010064
v 2.235652 0.511310 0.010064
v 2.301665 0.511310 0.003987
v 2.301665 0.511310 0.006458
v 2.301665 0.511310 -0.000000
v 2.223903 0.632459 -0.001438
v 2.154060 0.632459 -0.001438
v 2.154060 0.511310 -0.012940
v 2.154060 0.632459 -0.012940
v 2.223903 0.632459 -0.012940
v 2.223903 0.511310 -0.012940
v 2.301665 0.511310 -0.001438
v 2.154060 0.632459 -0.001438
v 2.223903 0.511310 -0.001438
v 2.154060 0.511310 -0.001438
v 2.223903 0.632459 -0.001438
v 2.154060 0.632459 0.010064
v 2.223903 0.632459 0.010064
v 2.154060 0.632459 0.015489
v 2.154060 0.511310 0.015489
v 2.223903 0.511310 0.015489
v 2.223903 0.632459 0.015489
v 2.235652 0.511310 0.005098
v 2.235652 0.632459 0.010064
v 2.235652 0.511310 0.010064
v 2.235652 0.632459 0.003987
v 2.235652 0.511310 0.003987
v 2.301665 0.511310 0.015489
v 2.235652 0.511310 0.015489
v 2.301665 0.632459 0.003987
v 2.301665 0.511310 0.010064
v 2.301665 0.632459 0.010064
v 2.301665 0.511310 0.006458
v 2.301665 0.511310 0.003987
v 2.311955 0.511310 0.006669
v 2.311955 0.511310 -0.000000
v 2.311955 0.511310 0.003987
v 2.235652 0.511310 -0.000000
v 2.235652 0.632459 -0.000000
v 2.301665 0.632459 -0.000000
v 2.301665 0.511310 -0.000000
v 2.223903 0.632459 -0.012940
v 2.154060 0.632459 -0.012940
v 2.235652 0.632459 -0.001438
v 2.235652 0.511310 -0.001438
v 2.301665 0.511310 -0.001438
v 2.301665 0.632459 -0.001438
v 2.235652 0.511310 -0.012940
v 2.301665 0.511310 -0.012940
v 2.154060 0.632459 0.015489
v 2.223903 0.632459 0.015489
v 2.301665 0.632459 0.003987
v 2.235652 0.632459 0.010064
v 2.235652 0.632459 0.003987
v 2.301665 0.632459 0.010064
v 2.235652 0.632459 0.015489
v 2.235652 0.511310 0.015489
v 2.301665 0.511310 0.015489
v 2.301665 0.632459 0.015489
v 2.383840 0.511310 0.010064
v 2.311955 0.511310 0.010064
v 2.383840 0.511310 0.003987
v 2.383840 0.511310 0.008149
v 2.383840 0.511310 -0.000000
v 2.301665 0.632459 -0.000000
v 2.235652 0.632459 -0.000000
v 2.301665 0.632459 -0.001438
v 2.235652 0.632459 -0.001438
v 2.235652 0.511310 -0.012940
v 2.235652 0.632459 -0.012940
v 2.301665 0.632459 -0.012940
v 2.301665 0.511310 -0.012940
v 2.235652 0.632459 -0.001438
v 2.301665 0.511310 -0.001438
v 2.235652 0.511310 -0.001438
v 2.301665 0.632459 -0.001438
v 2.235652 0.632459 0.015489
v 2.301665 0.632459 0.015489
v 2.311955 0.511310 0.006669
v 2.311955 0.632459 0.010064
v 2.311955 0.511310 0.010064
v 2.311955 0.632459 0.003987
v 2.311955 0.511310 0.003987
v 2.383840 0.511310 0.015489
v 2.311955 0.511310 0.015489
v 2.383840 0.632459 0.003987
v 2.383840 0.511310 0.010064
v 2.383840 0.632459 0.010064
v 2.383840 0.511310 0.008149
v 2.383840 0.511310 0.003987
v 2.393559 0.511310 0.008349
v 2.393456 0.511310 -0.000000
v 2.393559 0.511310 -0.000000
v 2.393559 0.511310 0.003987
v 2.311955 0.511310 -0.000000
v 2.311955 0.632459 -0.000000
v 2.383840 0.632459 -0.000000
v 2.383840 0.511310 -0.000000
v 2.311955 0.511310 -0.001438
v 2.383840 0.511310 -0.001438
v 2.301665 0.632459 -0.012940
v 2.235652 0.632459 -0.012940
v 2.383840 0.632459 0.003987
v 2.311955 0.632459 0.010064
v 2.311955 0.632459 0.003987
v 2.383840 0.632459 0.010064
v 2.311955 0.632459 0.015489
v 2.311955 0.511310 0.015489
v 2.383840 0.511310 0.015489
v 2.383840 0.632459 0.015489
v 2.476845 0.511310 0.010064
v 2.393559 0.511310 0.010064
v 2.476845 0.511310 0.003987
v 2.476845 0.511310 -0.000000
v 2.383840 0.632459 -0.000000
v 2.311955 0.632459 -0.000000
v 2.311955 0.511310 -0.001438
v 2.311955 0.632459 -0.001438
v 2.383840 0.511310 -0.001438
v 2.383840 0.632459 -0.001438
v 2.311955 0.511310 -0.012940
v 2.383840 0.511310 -0.012940
v 2.311955 0.632459 0.015489
v 2.383840 0.632459 0.015489
v 2.393559 0.511310 0.008349
v 2.393559 0.632459 0.010064
v 2.393559 0.511310 0.010064
v 2.393559 0.632459 0.003987
v 2.393559 0.511310 0.003987
v 2.476845 0.511310 0.015489
v 2.393559 0.511310 0.015489
v 2.476845 0.632459 0.003987
v 2.476845 0.511310 0.010064
v 2.476845 0.632459 0.010064
v 2.476845 0.511310 0.003987
v 2.393559 0.511310 -0.000000
v 2.393559 0.632459 -0.000000
v 2.393559 0.511310 -0.001438
v 2.393559 0.632459 -0.001438
v 2.476845 0.632459 -0.000000
v 2.476845 0.511310 -0.000000
v 2.393559 0.511310 -0.001438
v 2.476845 0.511310 -0.001438
v 2.383840 0.632459 -0.001438
v 2.311955 0.632459 -0.001438
v 2.311955 0.511310 -0.012940
v 2.311955 0.632459 -0.012940
v 2.383840 0.632459 -0.012940
v 2.383840 0.511310 -0.012940
v 2.476845 0.632459 0.003987
v 2.393559 0.632459 0.010064
v 2.393559 0.632459 0.003987
v 2.476845 0.632459 0.010064
v 2.393559 0.632459 0.015489
v 2.393559 0.511310 0.015489
v 2.476845 0.511310 0.015489
v 2.476845 0.632459 0.015489
v 2.476845 0.632459 -0.000000
v 2.393559 0.632459 -0.000000
v 2.393559 0.511310 -0.012940
v 2.393559 0.632459 -0.012940
v 2.476845 0.632459 -0.001438
v 2.393559 0.632459 -0.001438
v 2.476845 0.632459 -0.001438
v 2.476845 0.511310 -0.001438
v 2.393559 0.511310 -0.012940
v 2.476845 0.511310 -0.012940
v 2.383840 0.632459 -0.012940
v 2.311955 0.632459 -0.012940
v 2.393559 0.632459 0.015489
v 2.476845 0.632459 0.015489
v 2.476845 0.632459 -0.012940
v 2.393559 0.632459 -0.012940
v 2.476845 0.632459 -0.012940
v 2.476845 0.511310 -0.012940
vn 1.0000 -0.0000 -0.0000
vn -0.0000 1.0000 -0.0000
vn -0.0842 0.9964 -0.0000
vn -0.1670 0.9860 -0.0000
vn -0.0000 -0.0000 1.0000
vn -0.0000 -1.0000 -0.0000
vn -1.0000 -0.0000 -0.0000
vn -0.3259 0.9454 -0.0000
vn 0.9984 0.0564 -0.0000
vn 0.9936 0.1129 -0.0000
vn 0.9743 0.2253 -0.0000
vn 0.9416 0.3366 -0.0000
vn 0.8950 0.4460 -0.0000
vn 0.8337 0.5522 -0.0000
vn 0.7570 0.6534 -0.0000
vn 0.6644 0.7474 -0.0000
vn 0.5559 0.8312 -0.0000
vn 0.4326 0.9016 -0.0000
vn 0.2964 0.9551 -0.0000
vn 0.1507 0.9886 -0.0000
vn 0.0758 0.9971 -0.0000
vn -0.4703 0.8825 -0.0000
vn -0.5964 0.8027 -0.0000
vn -0.5963 0.8027 -0.0000
vn -0.7027 0.7115 -0.0000
vn -0.7897 0.6135 -0.0000
vn -0.8590 0.5120 -0.0000
vn -0.9125 0.4092 -0.0000
vn -0.9519 0.3063 -0.0000
vn -0.9790 0.2037 -0.0000
vn -0.9948 0.1017 -0.0000
vn -0.9987 0.0507 -0.0000
vn -0.9987 0.0508 -0.0000
vn -0.0000 -0.0000 -0.0000
vn -0.0000 -0.0000 -1.0000
vt -0.045487 8.521496
vt -0.114829 8.523967
vt -0.114829 8.521496
vt -0.045487 8.523967
vt 0.016404 8.521496
vt 0.016404 8.523967
vt 27.309879 -0.045487
vt 23.536909 0.016404
vt 23.536909 -0.045487
vt 27.309879 0.016404
vt 0.045487 24.171379
vt -0.016404 24.047859
vt 0.045487 24.047859
vt -0.016404 24.171379
vt 0.114829 24.171379
vt 0.114829 24.047859
vt 22.688169 7.216195
vt 22.593979 5.833909
vt 22.688169 5.833909
vt 22.593979 7.307585
vt 22.688169 7.307585
vt 22.695429 7.456034
vt 22.602049 7.466355
vt 22.717089 7.601943
vt 22.626110 7.622408
vt 22.752779 7.742816
vt 22.665760 7.773074
vt 22.801880 7.876242
vt 22.720310 7.915776
vt 22.863560 7.999937
vt 22.788839 8.048071
vt 22.936760 8.111787
vt 22.870159 8.167697
vt 23.020229 8.209876
vt 22.962889 8.272605
vt 23.112539 8.292527
vt 23.065449 8.361002
vt 23.212109 8.358325
vt 23.317240 8.406145
vt 23.176069 8.431375
vt 23.426130 8.435168
vt 23.292860 8.482519
vt 23.536909 8.444898
vt 23.640480 8.445424
vt 27.309879 8.447914
vt 27.580740 8.480206
vt 27.446480 8.511186
vt 23.413839 8.513559
vt 27.309879 8.521496
vt 27.309879 8.521572
vt 23.536909 8.521496
vt 23.536909 8.523967
vt 28.260149 5.833909
vt 22.593979 5.716378
vt 27.309879 5.833909
vt 27.198990 5.833909
vt 26.378799 5.833909
vt 26.261400 5.833909
vt 25.508209 5.833909
vt 25.374149 5.833909
vt 24.577269 5.833909
vt 24.479239 5.833909
vt 23.640480 5.833909
vt 23.536909 5.833909
vt 23.640480 7.216195
vt 23.536909 7.216195
vt 24.577269 7.216195
vt 24.479239 7.216195
vt 25.508209 7.216195
vt 25.374149 7.216195
vt 26.378799 7.216195
vt 26.261400 7.216195
vt 27.309879 7.216195
vt 27.198990 7.216195
vt 28.260149 7.307585
vt 23.536909 7.307585
vt 27.309879 7.307585
vt 27.198990 7.307585
vt 26.378799 7.307585
vt 26.261400 7.307585
vt 25.508209 7.307585
vt 25.374149 7.307585
vt 24.577269 7.307585
vt 24.479239 7.307585
vt 23.640480 7.307585
vt 27.198990 8.445424
vt 26.378799 8.445424
vt 26.261400 8.445424
vt 25.508209 8.445424
vt 25.374149 8.445424
vt 24.577269 8.445424
vt 24.479239 8.445424
vt 28.356419 5.716378
vt 28.356419 7.307585
vt 28.260149 7.216195
vt 28.252020 7.456428
vt 28.347469 7.466042
vt 28.227770 7.602724
vt 28.320759 7.621788
vt 28.187819 7.743970
vt 28.276760 7.772158
vt 28.132839 7.877750
vt 28.216209 7.914578
vt 28.063780 8.001774
vt 28.140150 8.046613
vt 27.981819 8.113920
vt 28.049889 8.166003
vt 27.888369 8.212269
vt 27.946970 8.270705
vt 27.785019 8.295139
vt 27.833149 8.358928
vt 27.673529 8.361112
vt 27.710369 8.429162
vt 27.555830 8.409058
vt 27.433908 8.438158
vt 27.309879 -0.114829
vt 23.536909 -0.114829
vt 0.114829 8.521572
vt 0.045487 8.521496
vt 0.114829 8.521496
vt 0.045487 8.521572
vt -0.016404 8.521496
vt -0.016404 8.521572
vt 23.536909 0.147638
vt 27.309879 0.147638
vt 0.045487 24.795120
vt -0.016404 24.670229
vt 0.045487 24.670229
vt -0.016404 24.795120
vt -0.147638 24.047859
vt -0.147638 24.171379
vt 0.114829 24.795120
vt 0.114829 24.670229
vt 0.176721 24.171379
vt 0.176721 24.047859
vt -28.356419 -0.045487
vt -22.593979 -0.114829
vt -22.593979 -0.045487
vt -28.356419 -0.114829
vt -0.045487 5.716378
vt -0.114829 7.307585
vt -0.114829 5.716378
vt -0.045487 7.307585
vt -0.045487 5.696277
vt -0.114829 5.854987
vt -0.114829 5.696277
vt -0.045487 5.854987
vt -0.045487 2.567651
vt -0.114829 2.725670
vt -0.114829 2.567651
vt -0.045487 2.725670
vt -0.045487 -0.639002
vt -0.114829 -0.482326
vt -0.114829 -0.639002
vt -0.045487 -0.482326
vt -0.045487 -3.910317
vt -0.114829 -3.755561
vt -0.114829 -3.910317
vt -0.045487 -3.755561
vt -0.045487 -7.225447
vt -0.114829 -7.073074
vt -0.114829 -7.225447
vt -0.045487 -7.073074
vt -0.045487 -10.551660
vt -0.114829 -10.401990
vt -0.114829 -10.551660
vt -0.045487 -10.401990
vt -0.045487 -13.840000
vt -0.114829 -13.693190
vt -0.114829 -13.840000
vt -0.045487 -13.693190
vt -0.114829 -17.022020
vt -0.045487 -16.878010
vt -0.114829 -16.878010
vt -0.045487 -17.022020
vt -0.114829 -20.008900
vt -0.045487 -19.867460
vt -0.114829 -19.867460
vt -0.045487 -20.008900
vt -0.114829 -22.695160
vt -0.045487 -22.555840
vt -0.114829 -22.555840
vt -0.045487 -22.695160
vt -0.114829 -24.968000
vt -0.045487 -24.830210
vt -0.114829 -24.830210
vt -0.045487 -24.968000
vt -0.114829 -26.722250
vt -0.045487 -26.585249
vt -0.114829 -26.585249
vt -0.045487 -26.722250
vt 0.114829 24.739359
vt 0.045487 24.611860
vt 0.114829 24.611860
vt 0.045487 24.739359
vt 0.114829 24.080139
vt 0.045487 23.949030
vt 0.114829 23.949030
vt 0.045487 24.080139
vt 0.114829 22.929819
vt 0.045487 22.794430
vt 0.114829 22.794430
vt 0.045487 22.929819
vt 0.045487 21.406319
vt 0.114829 21.266300
vt 0.114829 21.406319
vt 0.045487 21.266300
vt 0.045487 19.612509
vt 0.114829 19.467859
vt 0.114829 19.612509
vt 0.045487 19.467859
vt 0.114829 17.627630
vt 0.045487 17.478640
vt 0.114829 17.478640
vt 0.045487 17.627630
vt 0.045487 15.506900
vt 0.114829 15.354130
vt 0.114829 15.506900
vt 0.045487 15.354130
vt 0.045487 13.285140
vt 0.114829 13.129350
vt 0.114829 13.285140
vt 0.045487 13.129350
vt 0.045487 10.981470
vt 0.114829 10.823580
vt 0.114829 10.981470
vt 0.045487 10.823580
vt 0.045487 8.603642
vt 0.114829 8.444667
vt 0.114829 8.603642
vt 0.045487 8.444667
vt 0.045487 7.307585
vt 0.114829 5.833909
vt 0.114829 7.307585
vt 0.045487 5.833909
vt -0.045487 5.833909
vt -0.114829 7.216195
vt -0.114829 5.833909
vt -0.045487 7.216195
vt -23.536909 -0.045487
vt -22.688169 -0.114829
vt -22.688169 -0.045487
vt -23.536909 -0.114829
vt 0.045487 7.216195
vt 0.114829 7.216195
vt 22.688169 -0.045487
vt 22.688169 -0.114829
vt 0.114829 5.716378
vt 0.045487 5.716378
vt -0.016404 5.833909
vt -0.016404 5.716378
vt 27.309879 -0.176721
vt 23.536909 -0.176721
vt 0.016404 -26.585249
vt 0.016404 -26.722250
vt -0.016404 24.611860
vt -0.016404 24.739359
vt -0.147638 24.670229
vt -0.147638 24.795120
vt 0.176721 24.795120
vt 0.176721 24.670229
vt -28.356419 0.016404
vt -22.593979 0.016404
vt -22.593979 -0.176721
vt -28.356419 -0.176721
vt 0.016404 5.716378
vt 0.016404 7.307585
vt -0.176721 7.307585
vt -0.176721 5.716378
vt 0.016404 5.696277
vt 0.016404 5.854987
vt -0.176721 5.854987
vt -0.176721 5.696277
vt 0.016404 2.567651
vt 0.016404 2.725670
vt -0.176721 2.725670
vt -0.176721 2.567651
vt 0.016404 -0.639002
vt 0.016404 -0.482326
vt -0.176721 -0.482326
vt -0.176721 -0.639002
vt 0.016404 -3.910317
vt 0.016404 -3.755561
vt -0.176721 -3.755561
vt -0.176721 -3.910317
vt 0.016404 -7.225447
vt 0.016404 -7.073074
vt -0.176721 -7.073074
vt -0.176721 -7.225447
vt 0.016404 -10.551660
vt 0.016404 -10.401990
vt -0.176721 -10.401990
vt -0.176721 -10.551660
vt 0.016404 -13.840000
vt 0.016404 -13.693190
vt -0.176721 -13.693190
vt -0.176721 -13.840000
vt 0.016404 -16.878010
vt 0.016404 -17.022020
vt -0.176721 -17.022020
vt -0.176721 -16.878010
vt 0.016404 -19.867460
vt 0.016404 -20.008900
vt -0.176721 -20.008900
vt -0.176721 -19.867460
vt 0.016404 -22.555840
vt 0.016404 -22.695160
vt -0.176721 -22.695160
vt -0.176721 -22.555840
vt 0.016404 -24.830210
vt 0.016404 -24.968000
vt -0.176721 -24.968000
vt -0.176721 -24.830210
vt -0.176721 -26.722250
vt -0.176721 -26.585249
vt 0.176721 24.739359
vt 0.176721 24.611860
vt 0.176721 24.080139
vt 0.176721 23.949030
vt -0.016404 23.949030
vt -0.016404 24.080139
vt 0.176721 22.929819
vt 0.176721 22.794430
vt -0.016404 22.794430
vt -0.016404 22.929819
vt 0.176721 21.266300
vt 0.176721 21.406319
vt -0.016404 21.406319
vt -0.016404 21.266300
vt 0.176721 19.467859
vt 0.176721 19.612509
vt -0.016404 19.467859
vt -0.016404 19.612509
vt 0.176721 17.627630
vt 0.176721 17.478640
vt -0.016404 17.478640
vt -0.016404 17.627630
vt 0.176721 15.354130
vt 0.176721 15.506900
vt -0.016404 15.354130
vt -0.016404 15.506900
vt 0.176721 13.129350
vt 0.176721 13.285140
vt -0.016404 13.129350
vt -0.016404 13.285140
vt 0.176721 10.981470
vt 0.176721 10.823580
vt -0.016404 10.823580
vt -0.016404 10.981470
vt 0.176721 8.444667
vt 0.176721 8.603642
vt -0.016404 8.444667
vt -0.016404 8.603642
vt 0.176721 5.833909
vt 0.176721 7.307585
vt -0.016404 7.307585
vt -0.176721 7.216195
vt -0.176721 5.833909
vt -0.000112 5.833909
vt 0.000000 7.216195
vt 0.000000 5.833909
vt -23.536909 0.000000
vt -22.688169 0.000000
vt -22.688169 -0.176721
vt -23.536909 -0.176721
vt 0.176721 7.216195
vt 0.017586 5.833909
vt 22.688169 -0.176721
vt 22.688169 -0.000112
vt 22.688169 0.000000
vt 23.536909 0.000000
vt 23.536909 -0.017586
vt 0.147638 -26.585249
vt 0.147638 -26.722250
vt -0.147638 7.307585
vt -0.147638 5.833909
vt 0.016404 5.833909
vt 0.147638 7.216195
vt 0.016404 7.216195
vt 0.147638 5.833909
vt -23.536909 0.147638
vt -22.688169 0.016404
vt -22.688169 0.147638
vt -23.536909 0.016404
vt -0.147638 7.216195
vt -0.016404 7.216195
vt 22.688169 0.147638
vt 22.688169 0.016404
vt -28.356419 0.147638
vt -22.593979 0.147638
vt 0.147638 5.716378
vt 0.147638 7.307585
vt 0.147638 5.696277
vt 0.147638 5.854987
vt 0.147638 2.567651
vt 0.147638 2.725670
vt 0.147638 -0.639002
vt 0.147638 -0.482326
vt 0.147638 -3.910317
vt 0.147638 -3.755561
vt 0.147638 -7.225447
vt 0.147638 -7.073074
vt 0.147638 -10.551660
vt 0.147638 -10.401990
vt 0.147638 -13.840000
vt 0.147638 -13.693190
vt 0.147638 -16.878010
vt 0.147638 -17.022020
vt 0.147638 -19.867460
vt 0.147638 -20.008900
vt 0.147638 -22.555840
vt 0.147638 -22.695160
vt 0.147638 -24.830210
vt 0.147638 -24.968000
vt -0.147638 24.611860
vt -0.147638 24.739359
vt -0.147638 23.949030
vt -0.147638 24.080139
vt -0.147638 22.794430
vt -0.147638 22.929819
vt -0.147638 21.406319
vt -0.147638 21.266300
vt -0.147638 19.612509
vt -0.147638 19.467859
vt -0.147638 17.627630
vt -0.147638 17.478640
vt -0.147638 15.506900
vt -0.147638 15.354130
vt -0.147638 13.285140
vt -0.147638 13.129350
vt -0.147638 10.823580
vt -0.147638 10.981470
vt -0.147638 8.603642
vt -0.147638 8.444667
vt 23.640480 -0.019718
vt 23.640480 0.000000
vt -22.688169 7.216195
vt -23.536909 5.833909
vt -22.688169 5.833909
vt -23.536909 7.216195
vt 23.640480 0.016404
vt 24.479239 -0.045487
vt 23.640480 -0.045487
vt 24.479239 0.000000
vt 24.479239 -0.036987
vt 24.479239 0.016404
vt -0.019718 5.833909
vt 24.479239 -0.114829
vt 23.640480 -0.114829
vt 0.036987 5.833909
vt 24.577269 -0.039005
vt 24.577269 0.000000
vt 24.577269 0.016404
vt 23.640480 0.147638
vt 24.479239 0.147638
vt -24.479239 0.000000
vt -23.640480 -0.045487
vt -23.640480 0.000000
vt -24.479239 -0.045487
vt 24.479239 -0.176721
vt 23.640480 -0.176721
vt 25.374149 -0.045487
vt 24.577269 -0.045487
vt 25.374149 0.000000
vt -24.479239 0.016404
vt -23.640480 0.016404
vt 25.374149 0.016404
vt -23.640480 7.216195
vt -24.479239 5.833909
vt -23.640480 5.833909
vt -24.479239 7.216195
vt -23.640480 -0.114829
vt -24.479239 -0.114829
vt -0.039005 5.833909
vt 25.374149 -0.114829
vt 24.577269 -0.114829
vt 25.374149 -0.055412
vt 25.508209 -0.058172
vt 25.508209 0.000000
vt 25.508209 -0.045487
vt -24.479239 0.147638
vt -23.640480 0.147638
vt 25.508209 0.016404
vt 24.577269 0.147638
vt 25.374149 0.147638
vt -23.640480 -0.176721
vt -24.479239 -0.176721
vt -25.374149 0.000000
vt -24.577269 -0.045487
vt -24.577269 0.000000
vt -25.374149 -0.045487
vt 25.374149 -0.176721
vt 24.577269 -0.176721
vt 0.055412 5.833909
vt 26.261400 -0.114829
vt 25.508209 -0.114829
vt 26.261400 -0.045487
vt 26.261400 -0.073679
vt 26.261400 0.000000
vt -25.374149 0.016404
vt -24.577269 0.016404
vt 26.261400 0.016404
vt -24.577269 7.216195
vt -25.374149 5.833909
vt -24.577269 5.833909
vt -25.374149 7.216195
vt -24.577269 -0.114829
vt -25.374149 -0.114829
vt -0.058172 5.833909
vt 26.261400 -0.176721
vt 25.508209 -0.176721
vt 0.073679 5.833909
vt 26.378799 -0.076096
vt 26.378799 0.000000
vt 26.378799 -0.045487
vt -25.374149 0.147638
vt -24.577269 0.147638
vt 25.508209 0.147638
vt 26.261400 0.147638
vt -24.577269 -0.176721
vt -25.374149 -0.176721
vt -26.261400 -0.045487
vt -25.508209 -0.114829
vt -25.508209 -0.045487
vt -26.261400 -0.114829
vt 27.198990 -0.114829
vt 26.378799 -0.114829
vt 27.198990 -0.045487
vt 27.198990 -0.092982
vt 27.198990 0.000000
vt -26.261400 0.000000
vt -25.508209 0.000000
vt -26.261400 0.016404
vt -25.508209 0.016404
vt -25.508209 7.216195
vt -26.261400 5.833909
vt -25.508209 5.833909
vt -26.261400 7.216195
vt -25.508209 -0.176721
vt -26.261400 -0.176721
vt -0.076096 5.833909
vt 27.198990 -0.176721
vt 26.378799 -0.176721
vt 0.092982 5.833909
vt 27.309879 -0.095265
vt 27.308710 0.000000
vt 27.309879 0.000000
vt 26.378799 0.016404
vt 27.198990 0.016404
vt -26.261400 0.147638
vt -25.508209 0.147638
vt -27.198990 -0.045487
vt -26.378799 -0.114829
vt -26.378799 -0.045487
vt -27.198990 -0.114829
vt 28.260149 -0.114829
vt 28.260149 -0.045487
vt 28.260149 0.000000
vt -27.198990 0.000000
vt -26.378799 0.000000
vt 26.378799 0.147638
vt 27.198990 0.147638
vt -26.378799 -0.176721
vt -27.198990 -0.176721
vt -0.095265 5.833909
vt 28.260149 -0.176721
vt 28.260149 0.016404
vt -27.198990 0.016404
vt -26.378799 0.016404
vt -28.260149 -0.045487
vt -27.309879 -0.114829
vt -27.309879 -0.045487
vt -28.260149 -0.114829
vt -28.260149 0.000000
vt -27.309879 0.000000
vt -28.260149 0.016404
vt -27.309879 0.016404
vt 28.260149 0.147638
vt -27.198990 0.147638
vt -26.378799 0.147638
vt -27.309879 -0.176721
vt -28.260149 -0.176721
vt -28.260149 0.147638
vt -27.309879 0.147638
s 1
usemtl Wood_Floor_Parquet
f 7216/5683/1185 7217/5684/1185 7218/5685/1185
f 7217/5684/1185 7216/5683/1185 7219/5686/1185
f 7219/5686/1185 7216/5683/1185 7220/5687/1185
f 7219/5686/1185 7220/5687/1185 7221/5688/1185
f 7222/5689/1186 7223/5690/1186 7224/5691/1186
f 7223/5690/1186 7222/5689/1186 7225/5692/1186
f 7226/5693/1187 7227/5694/1188 7228/5695/1188
f 7227/5694/1188 7226/5693/1187 7229/5696/1187
f 7230/5697/1187 7231/5695/1188 7232/5698/1188
f 7231/5695/1188 7230/5697/1187 7226/5693/1187
f 7233/5699/1189 7234/5700/1189 7235/5701/1189
f 7234/5700/1189 7233/5699/1189 7236/5702/1189
f 7236/5702/1189 7233/5699/1189 7237/5703/1189
f 7236/5702/1189 7237/5703/1189 7238/5704/1189
f 7236/5702/1189 7238/5704/1189 7239/5705/1189
f 7239/5705/1189 7238/5704/1189 7240/5706/1189
f 7239/5705/1189 7240/5706/1189 7241/5707/1189
f 7241/5707/1189 7240/5706/1189 7242/5708/1189
f 7241/5707/1189 7242/5708/1189 7243/5709/1189
f 7243/5709/1189 7242/5708/1189 7244/5710/1189
f 7243/5709/1189 7244/5710/1189 7245/5711/1189
f 7245/5711/1189 7244/5710/1189 7246/5712/1189
f 7245/5711/1189 7246/5712/1189 7247/5713/1189
f 7247/5713/1189 7246/5712/1189 7248/5714/1189
f 7247/5713/1189 7248/5714/1189 7249/5715/1189
f 7249/5715/1189 7248/5714/1189 7250/5716/1189
f 7249/5715/1189 7250/5716/1189 7251/5717/1189
f 7251/5717/1189 7250/5716/1189 7252/5718/1189
f 7251/5717/1189 7252/5718/1189 7253/5719/1189
f 7253/5719/1189 7252/5718/1189 7254/5720/1189
f 7253/5719/1189 7254/5720/1189 7255/5721/1189
f 7253/5719/1189 7255/5721/1189 7256/5722/1189
f 7256/5722/1189 7255/5721/1189 7257/5723/1189
f 7256/5722/1189 7257/5723/1189 7258/5724/1189
f 7258/5724/1189 7257/5723/1189 7259/5725/1189
f 7258/5724/1189 7259/5725/1189 7260/5726/1189
f 7258/5724/1189 7260/5726/1189 7261/5727/1189
f 7258/5724/1189 7261/5727/1189 7262/5728/1189
f 7258/5724/1189 7262/5728/1189 7263/5729/1189
f 7258/5724/1189 7263/5729/1189 7264/5730/1189
f 7264/5730/1189 7263/5729/1189 7265/5731/1189
f 7265/5731/1189 7263/5729/1189 7266/5732/1189
f 7264/5730/1189 7267/5733/1189 7268/5734/1189
f 7267/5733/1189 7264/5730/1189 7265/5731/1189
f 7269/5735/1189 7234/5700/1189 7270/5736/1189
s 0
f 7234/5700/1190 7269/5735/1190 7271/5737/1190
f 7234/5700/1190 7271/5737/1190 7272/5738/1190
f 7234/5700/1186 7272/5738/1186 7273/5739/1186
f 7234/5700/1186 7273/5739/1186 7274/5740/1186
f 7234/5700/1190 7274/5740/1190 7275/5741/1190
f 7234/5700/1186 7275/5741/1186 7276/5742/1186
f 7234/5700/1190 7276/5742/1190 7277/5743/1190
f 7234/5700/1186 7277/5743/1186 7278/5744/1186
f 7234/5700/1190 7278/5744/1190 7279/5745/1190
f 7234/5700/1186 7279/5745/1186 7280/5746/1186
f 7234/5700/1186 7280/5746/1186 7235/5701/1186
s 1
f 7281/5747/1189 7280/5746/1189 7279/5745/1189
f 7280/5746/1189 7281/5747/1189 7282/5748/1189
f 7283/5749/1189 7278/5744/1189 7277/5743/1189
f 7278/5744/1189 7283/5749/1189 7284/5750/1189
f 7285/5751/1189 7276/5742/1189 7275/5741/1189
f 7276/5742/1189 7285/5751/1189 7286/5752/1189
f 7287/5753/1189 7274/5740/1189 7273/5739/1189
f 7274/5740/1189 7287/5753/1189 7288/5754/1189
f 7289/5755/1189 7272/5738/1189 7271/5737/1189
f 7272/5738/1189 7289/5755/1189 7290/5756/1189
s 0
f 7291/5757/1190 7292/5758/1190 7237/5703/1190
f 7292/5758/1186 7291/5757/1186 7293/5759/1186
f 7292/5758/1190 7293/5759/1190 7294/5760/1190
f 7292/5758/1186 7294/5760/1186 7295/5761/1186
f 7292/5758/1186 7295/5761/1186 7296/5762/1186
f 7292/5758/1186 7296/5762/1186 7297/5763/1186
f 7292/5758/1190 7297/5763/1190 7298/5764/1190
f 7292/5758/1190 7298/5764/1190 7299/5765/1190
f 7292/5758/1186 7299/5765/1186 7300/5766/1186
f 7292/5758/1186 7300/5766/1186 7301/5767/1186
s 1
f 7292/5758/1189 7301/5767/1189 7260/5726/1189
f 7292/5758/1189 7260/5726/1189 7259/5725/1189
f 7261/5727/1189 7294/5760/1189 7293/5759/1189
f 7294/5760/1189 7261/5727/1189 7302/5768/1189
f 7302/5768/1189 7261/5727/1189 7303/5769/1189
f 7303/5769/1189 7261/5727/1189 7304/5770/1189
f 7304/5770/1189 7261/5727/1189 7305/5771/1189
f 7305/5771/1189 7261/5727/1189 7306/5772/1189
f 7306/5772/1189 7261/5727/1189 7307/5773/1189
f 7307/5773/1189 7261/5727/1189 7308/5774/1189
f 7308/5774/1189 7261/5727/1189 7260/5726/1189
f 7309/5775/1189 7269/5735/1189 7270/5736/1189
f 7269/5735/1189 7309/5775/1189 7310/5776/1189
f 7269/5735/1189 7310/5776/1189 7311/5777/1189
f 7311/5777/1189 7310/5776/1189 7289/5755/1189
f 7289/5755/1189 7310/5776/1189 7290/5756/1189
f 7290/5756/1189 7310/5776/1189 7287/5753/1189
f 7287/5753/1189 7310/5776/1189 7288/5754/1189
f 7288/5754/1189 7310/5776/1189 7285/5751/1189
f 7285/5751/1189 7310/5776/1189 7286/5752/1189
f 7286/5752/1189 7310/5776/1189 7283/5749/1189
f 7283/5749/1189 7310/5776/1189 7284/5750/1189
f 7284/5750/1189 7310/5776/1189 7281/5747/1189
f 7281/5747/1189 7310/5776/1189 7282/5748/1189
f 7282/5748/1189 7310/5776/1189 7233/5699/1189
f 7233/5699/1189 7310/5776/1189 7291/5757/1189
f 7233/5699/1189 7291/5757/1189 7237/5703/1189
f 7291/5757/1189 7310/5776/1189 7312/5778/1189
f 7312/5778/1189 7310/5776/1189 7313/5779/1189
f 7312/5778/1189 7313/5779/1189 7314/5780/1189
f 7314/5780/1189 7313/5779/1189 7315/5781/1189
f 7314/5780/1189 7315/5781/1189 7316/5782/1189
f 7316/5782/1189 7315/5781/1189 7317/5783/1189
f 7316/5782/1189 7317/5783/1189 7318/5784/1189
f 7318/5784/1189 7317/5783/1189 7319/5785/1189
f 7318/5784/1189 7319/5785/1189 7320/5786/1189
f 7320/5786/1189 7319/5785/1189 7321/5787/1189
f 7320/5786/1189 7321/5787/1189 7322/5788/1189
f 7322/5788/1189 7321/5787/1189 7323/5789/1189
f 7322/5788/1189 7323/5789/1189 7324/5790/1189
f 7324/5790/1189 7323/5789/1189 7325/5791/1189
f 7324/5790/1189 7325/5791/1189 7326/5792/1189
f 7326/5792/1189 7325/5791/1189 7327/5793/1189
f 7326/5792/1189 7327/5793/1189 7328/5794/1189
f 7328/5794/1189 7327/5793/1189 7329/5795/1189
f 7328/5794/1189 7329/5795/1189 7330/5796/1189
f 7330/5796/1189 7329/5795/1189 7331/5797/1189
f 7331/5797/1189 7329/5795/1189 7262/5728/1189
f 7331/5797/1189 7262/5728/1189 7261/5727/1189
f 7307/5773/1189 7300/5766/1189 7299/5765/1189
f 7300/5766/1189 7307/5773/1189 7308/5774/1189
f 7305/5771/1189 7298/5764/1189 7297/5763/1189
f 7298/5764/1189 7305/5771/1189 7306/5772/1189
f 7303/5769/1189 7296/5762/1189 7295/5761/1189
f 7296/5762/1189 7303/5769/1189 7304/5770/1189
f 7332/5798/1186 7224/5691/1186 7333/5799/1186
f 7224/5691/1186 7332/5798/1186 7222/5689/1186
f 7334/5800/1191 7335/5801/1191 7336/5802/1191
f 7335/5801/1191 7334/5800/1191 7337/5803/1191
f 7335/5801/1191 7337/5803/1191 7338/5804/1191
f 7338/5804/1191 7337/5803/1191 7339/5805/1191
f 7225/5692/1186 7340/5806/1186 7223/5690/1186
f 7340/5806/1186 7225/5692/1186 7341/5807/1186
f 7228/5808/1188 7342/5809/1192 7343/5810/1192
f 7342/5809/1192 7228/5808/1188 7227/5811/1188
f 7344/5696/1187 7345/5812/1188 7346/5694/1188
f 7345/5812/1188 7344/5696/1187 7347/5813/1187
f 7232/5814/1188 7348/5810/1192 7349/5815/1192
f 7348/5810/1192 7232/5814/1188 7231/5808/1188
f 7350/5816/1187 7351/5698/1188 7352/5817/1188
f 7351/5698/1188 7350/5816/1187 7230/5697/1187
f 7353/5818/1190 7354/5819/1190 7355/5820/1190
f 7354/5819/1190 7353/5818/1190 7356/5821/1190
f 7357/5822/1185 7358/5823/1185 7359/5824/1185
f 7358/5823/1185 7357/5822/1185 7360/5825/1185
f 7361/5826/1193 7362/5827/1194 7363/5828/1193
f 7362/5827/1194 7361/5826/1193 7364/5829/1194
f 7364/5830/1194 7365/5831/1195 7362/5832/1194
f 7365/5831/1195 7364/5830/1194 7366/5833/1195
f 7366/5834/1195 7367/5835/1196 7365/5836/1195
f 7367/5835/1196 7366/5834/1195 7368/5837/1196
f 7368/5838/1196 7369/5839/1197 7367/5840/1196
f 7369/5839/1197 7368/5838/1196 7370/5841/1197
f 7370/5842/1197 7371/5843/1198 7369/5844/1197
f 7371/5843/1198 7370/5842/1197 7372/5845/1198
f 7372/5846/1198 7373/5847/1199 7371/5848/1198
f 7373/5847/1199 7372/5846/1198 7374/5849/1199
f 7374/5850/1199 7375/5851/1200 7373/5852/1199
f 7375/5851/1200 7374/5850/1199 7376/5853/1200
f 7375/5854/1200 7377/5855/1201 7378/5856/1201
f 7377/5855/1201 7375/5854/1200 7376/5857/1200
f 7378/5858/1201 7379/5859/1202 7380/5860/1202
f 7379/5859/1202 7378/5858/1201 7377/5861/1201
f 7380/5862/1202 7381/5863/1203 7382/5864/1203
f 7381/5863/1203 7380/5862/1202 7379/5865/1202
f 7382/5866/1203 7383/5867/1204 7384/5868/1204
f 7383/5867/1204 7382/5866/1203 7381/5869/1203
f 7384/5870/1204 7385/5871/1205 7386/5872/1205
f 7385/5871/1205 7384/5870/1204 7383/5873/1204
f 7349/5874/1192 7387/5875/1206 7388/5876/1206
f 7387/5875/1206 7349/5874/1192 7348/5877/1192
f 7388/5878/1206 7389/5879/1207 7390/5880/1208
f 7389/5879/1207 7388/5878/1206 7387/5881/1206
f 7390/5882/1208 7391/5883/1209 7392/5884/1209
f 7391/5883/1209 7390/5882/1208 7389/5885/1207
f 7391/5886/1209 7393/5887/1210 7392/5888/1209
f 7393/5887/1210 7391/5886/1209 7394/5889/1210
f 7394/5890/1210 7395/5891/1211 7393/5892/1210
f 7395/5891/1211 7394/5890/1210 7396/5893/1211
f 7395/5894/1211 7397/5895/1212 7398/5896/1212
f 7397/5895/1212 7395/5894/1211 7396/5897/1211
f 7397/5898/1212 7399/5899/1213 7398/5900/1212
f 7399/5899/1213 7397/5898/1212 7400/5901/1213
f 7400/5902/1213 7401/5903/1214 7399/5904/1213
f 7401/5903/1214 7400/5902/1213 7402/5905/1214
f 7402/5906/1214 7403/5907/1215 7401/5908/1214
f 7403/5907/1215 7402/5906/1214 7404/5909/1215
f 7404/5910/1215 7405/5911/1216 7403/5912/1215
f 7405/5911/1216 7404/5910/1215 7406/5913/1217
f 7407/5914/1191 7408/5915/1191 7409/5916/1191
f 7408/5915/1191 7407/5914/1191 7410/5917/1191
f 7411/5918/1185 7412/5919/1185 7413/5920/1185
f 7412/5919/1185 7411/5918/1185 7414/5921/1185
f 7415/5922/1190 7416/5923/1190 7417/5924/1190
f 7416/5923/1190 7415/5922/1190 7418/5925/1190
f 7419/5926/1191 7420/5915/1191 7421/5927/1191
f 7420/5915/1191 7419/5926/1191 7422/5917/1191
f 7423/5799/1186 7424/5928/1186 7425/5929/1186
f 7424/5928/1186 7423/5799/1186 7426/5691/1186
f 7410/5917/1191 7427/5930/1191 7408/5915/1191
f 7427/5930/1191 7410/5917/1191 7428/5931/1191
f 7428/5931/1191 7410/5917/1191 7429/5932/1191
f 7428/5931/1191 7429/5932/1191 7430/5933/1191
f 7431/5934/1186 7333/5799/1186 7432/5935/1186
f 7333/5799/1186 7431/5934/1186 7332/5798/1186
f 7433/5873/1204 7434/5936/1205 7435/5871/1205
f 7434/5936/1205 7433/5873/1204 7436/5937/1204
f 7437/5699/1189 7438/5700/1189 7439/5701/1189
f 7438/5700/1189 7437/5699/1189 7440/5702/1189
f 7440/5702/1189 7437/5699/1189 7441/5703/1189
f 7440/5702/1189 7441/5703/1189 7442/5704/1189
f 7440/5702/1189 7442/5704/1189 7443/5705/1189
f 7443/5705/1189 7442/5704/1189 7444/5706/1189
f 7443/5705/1189 7444/5706/1189 7445/5707/1189
f 7445/5707/1189 7444/5706/1189 7446/5708/1189
f 7445/5707/1189 7446/5708/1189 7447/5709/1189
f 7447/5709/1189 7446/5708/1189 7448/5710/1189
f 7447/5709/1189 7448/5710/1189 7449/5711/1189
f 7449/5711/1189 7448/5710/1189 7450/5712/1189
f 7449/5711/1189 7450/5712/1189 7451/5713/1189
f 7451/5713/1189 7450/5712/1189 7452/5714/1189
f 7451/5713/1189 7452/5714/1189 7453/5715/1189
f 7453/5715/1189 7452/5714/1189 7454/5716/1189
f 7453/5715/1189 7454/5716/1189 7455/5717/1189
f 7455/5717/1189 7454/5716/1189 7456/5718/1189
f 7455/5717/1189 7456/5718/1189 7457/5719/1189
f 7457/5719/1189 7456/5718/1189 7458/5720/1189
f 7457/5719/1189 7458/5720/1189 7459/5721/1189
f 7457/5719/1189 7459/5721/1189 7460/5722/1189
f 7460/5722/1189 7459/5721/1189 7461/5723/1189
f 7460/5722/1189 7461/5723/1189 7462/5724/1189
f 7462/5724/1189 7461/5723/1189 7463/5725/1189
f 7462/5724/1189 7463/5725/1189 7464/5726/1189
f 7462/5724/1189 7464/5726/1189 7465/5727/1189
f 7462/5724/1189 7465/5727/1189 7466/5728/1189
f 7462/5724/1189 7466/5728/1189 7467/5729/1189
f 7462/5724/1189 7467/5729/1189 7468/5730/1189
f 7468/5730/1189 7467/5729/1189 7469/5731/1189
f 7469/5731/1189 7467/5729/1189 7470/5732/1189
f 7468/5730/1189 7471/5733/1189 7472/5734/1189
f 7471/5733/1189 7468/5730/1189 7469/5731/1189
f 7473/5735/1189 7438/5700/1189 7474/5736/1189
s 0
f 7438/5700/1186 7473/5735/1186 7475/5737/1186
f 7438/5700/1190 7475/5737/1190 7476/5738/1190
f 7438/5700/1190 7476/5738/1190 7477/5739/1190
f 7438/5700/1186 7477/5739/1186 7478/5740/1186
f 7438/5700/1190 7478/5740/1190 7479/5741/1190
f 7438/5700/1186 7479/5741/1186 7480/5742/1186
f 7438/5700/1190 7480/5742/1190 7481/5743/1190
f 7438/5700/1186 7481/5743/1186 7482/5744/1186
f 7438/5700/1186 7482/5744/1186 7483/5745/1186
f 7438/5700/1186 7483/5745/1186 7484/5746/1186
f 7438/5700/1186 7484/5746/1186 7439/5701/1186
s 1
f 7485/5747/1189 7484/5746/1189 7483/5745/1189
f 7484/5746/1189 7485/5747/1189 7486/5748/1189
f 7487/5749/1189 7482/5744/1189 7481/5743/1189
f 7482/5744/1189 7487/5749/1189 7488/5750/1189
f 7489/5751/1189 7480/5742/1189 7479/5741/1189
f 7480/5742/1189 7489/5751/1189 7490/5752/1189
f 7491/5753/1189 7478/5740/1189 7477/5739/1189
f 7478/5740/1189 7491/5753/1189 7492/5754/1189
f 7493/5755/1189 7476/5738/1189 7475/5737/1189
f 7476/5738/1189 7493/5755/1189 7494/5756/1189
s 0
f 7495/5757/1186 7496/5758/1186 7441/5703/1186
f 7496/5758/1186 7495/5757/1186 7497/5759/1186
f 7496/5758/1190 7497/5759/1190 7498/5760/1190
f 7496/5758/1190 7498/5760/1190 7499/5761/1190
f 7496/5758/1190 7499/5761/1190 7500/5762/1190
f 7496/5758/1190 7500/5762/1190 7501/5763/1190
f 7496/5758/1186 7501/5763/1186 7502/5764/1186
f 7496/5758/1186 7502/5764/1186 7503/5765/1186
f 7496/5758/1186 7503/5765/1186 7504/5766/1186
f 7496/5758/1190 7504/5766/1190 7505/5767/1190
s 1
f 7496/5758/1189 7505/5767/1189 7464/5726/1189
f 7496/5758/1189 7464/5726/1189 7463/5725/1189
f 7465/5727/1189 7498/5760/1189 7497/5759/1189
f 7498/5760/1189 7465/5727/1189 7506/5768/1189
f 7506/5768/1189 7465/5727/1189 7507/5769/1189
f 7507/5769/1189 7465/5727/1189 7508/5770/1189
f 7508/5770/1189 7465/5727/1189 7509/5771/1189
f 7509/5771/1189 7465/5727/1189 7510/5772/1189
f 7510/5772/1189 7465/5727/1189 7511/5773/1189
f 7511/5773/1189 7465/5727/1189 7512/5774/1189
f 7512/5774/1189 7465/5727/1189 7464/5726/1189
f 7513/5775/1189 7473/5735/1189 7474/5736/1189
f 7473/5735/1189 7513/5775/1189 7514/5776/1189
f 7473/5735/1189 7514/5776/1189 7515/5777/1189
f 7515/5777/1189 7514/5776/1189 7493/5755/1189
f 7493/5755/1189 7514/5776/1189 7494/5756/1189
f 7494/5756/1189 7514/5776/1189 7491/5753/1189
f 7491/5753/1189 7514/5776/1189 7492/5754/1189
f 7492/5754/1189 7514/5776/1189 7489/5751/1189
f 7489/5751/1189 7514/5776/1189 7490/5752/1189
f 7490/5752/1189 7514/5776/1189 7487/5749/1189
f 7487/5749/1189 7514/5776/1189 7488/5750/1189
f 7488/5750/1189 7514/5776/1189 7485/5747/1189
f 7485/5747/1189 7514/5776/1189 7486/5748/1189
f 7486/5748/1189 7514/5776/1189 7437/5699/1189
f 7437/5699/1189 7514/5776/1189 7495/5757/1189
f 7437/5699/1189 7495/5757/1189 7441/5703/1189
f 7495/5757/1189 7514/5776/1189 7516/5778/1189
f 7516/5778/1189 7514/5776/1189 7517/5779/1189
f 7516/5778/1189 7517/5779/1189 7518/5780/1189
f 7518/5780/1189 7517/5779/1189 7519/5781/1189
f 7518/5780/1189 7519/5781/1189 7520/5782/1189
f 7520/5782/1189 7519/5781/1189 7521/5783/1189
f 7520/5782/1189 7521/5783/1189 7522/5784/1189
f 7522/5784/1189 7521/5783/1189 7523/5785/1189
f 7522/5784/1189 7523/5785/1189 7524/5786/1189
f 7524/5786/1189 7523/5785/1189 7525/5787/1189
f 7524/5786/1189 7525/5787/1189 7526/5788/1189
f 7526/5788/1189 7525/5787/1189 7527/5789/1189
f 7526/5788/1189 7527/5789/1189 7528/5790/1189
f 7528/5790/1189 7527/5789/1189 7529/5791/1189
f 7528/5790/1189 7529/5791/1189 7530/5792/1189
f 7530/5792/1189 7529/5791/1189 7531/5793/1189
f 7530/5792/1189 7531/5793/1189 7532/5794/1189
f 7532/5794/1189 7531/5793/1189 7533/5795/1189
f 7532/5794/1189 7533/5795/1189 7534/5796/1189
f 7534/5796/1189 7533/5795/1189 7535/5797/1189
f 7535/5797/1189 7533/5795/1189 7466/5728/1189
f 7535/5797/1189 7466/5728/1189 7465/5727/1189
f 7511/5773/1189 7504/5766/1189 7503/5765/1189
f 7504/5766/1189 7511/5773/1189 7512/5774/1189
f 7509/5771/1189 7502/5764/1189 7501/5763/1189
f 7502/5764/1189 7509/5771/1189 7510/5772/1189
f 7507/5769/1189 7500/5762/1189 7499/5761/1189
f 7500/5762/1189 7507/5769/1189 7508/5770/1189
f 7343/5877/1192 7536/5938/1206 7537/5875/1206
f 7536/5938/1206 7343/5877/1192 7342/5939/1192
f 7346/5811/1188 7538/5940/1192 7539/5809/1192
f 7538/5940/1192 7346/5811/1188 7345/5941/1188
f 7352/5942/1188 7540/5815/1192 7541/5943/1192
f 7540/5815/1192 7352/5942/1188 7351/5814/1188
f 7542/5944/1190 7355/5820/1190 7543/5945/1190
f 7355/5820/1190 7542/5944/1190 7353/5818/1190
f 7356/5821/1190 7544/5946/1190 7354/5819/1190
f 7544/5946/1190 7356/5821/1190 7545/5947/1190
f 7546/5948/1185 7360/5825/1185 7357/5822/1185
f 7360/5825/1185 7546/5948/1185 7547/5949/1185
f 7359/5824/1185 7548/5950/1185 7549/5951/1185
f 7548/5950/1185 7359/5824/1185 7358/5823/1185
f 7550/5952/1193 7551/5829/1194 7552/5826/1193
f 7551/5829/1194 7550/5952/1193 7553/5953/1194
f 7554/5828/1193 7555/5954/1194 7556/5955/1193
f 7555/5954/1194 7554/5828/1193 7557/5827/1194
f 7553/5956/1194 7558/5833/1195 7551/5830/1194
f 7558/5833/1195 7553/5956/1194 7559/5957/1195
f 7557/5832/1194 7560/5958/1195 7555/5959/1194
f 7560/5958/1195 7557/5832/1194 7561/5831/1195
f 7559/5960/1195 7562/5837/1196 7558/5834/1195
f 7562/5837/1196 7559/5960/1195 7563/5961/1196
f 7561/5836/1195 7564/5962/1196 7560/5963/1195
f 7564/5962/1196 7561/5836/1195 7565/5835/1196
f 7563/5964/1196 7566/5841/1197 7562/5838/1196
f 7566/5841/1197 7563/5964/1196 7567/5965/1197
f 7565/5840/1196 7568/5966/1197 7564/5967/1196
f 7568/5966/1197 7565/5840/1196 7569/5839/1197
f 7567/5968/1197 7570/5845/1198 7566/5842/1197
f 7570/5845/1198 7567/5968/1197 7571/5969/1198
f 7569/5844/1197 7572/5970/1198 7568/5971/1197
f 7572/5970/1198 7569/5844/1197 7573/5843/1198
f 7571/5972/1198 7574/5849/1199 7570/5846/1198
f 7574/5849/1199 7571/5972/1198 7575/5973/1199
f 7573/5848/1198 7576/5974/1199 7572/5975/1198
f 7576/5974/1199 7573/5848/1198 7577/5847/1199
f 7575/5976/1199 7578/5853/1200 7574/5850/1199
f 7578/5853/1200 7575/5976/1199 7579/5977/1200
f 7577/5852/1199 7580/5978/1200 7576/5979/1199
f 7580/5978/1200 7577/5852/1199 7581/5851/1200
f 7578/5857/1200 7582/5980/1201 7583/5855/1201
f 7582/5980/1201 7578/5857/1200 7579/5981/1200
f 7580/5982/1200 7584/5856/1201 7585/5983/1201
f 7584/5856/1201 7580/5982/1200 7581/5854/1200
f 7583/5861/1201 7586/5984/1202 7587/5859/1202
f 7586/5984/1202 7583/5861/1201 7582/5985/1201
f 7585/5986/1201 7588/5860/1202 7589/5987/1202
f 7588/5860/1202 7585/5986/1201 7584/5858/1201
f 7587/5865/1202 7590/5988/1203 7591/5863/1203
f 7590/5988/1203 7587/5865/1202 7586/5989/1202
f 7589/5990/1202 7592/5864/1203 7593/5991/1203
f 7592/5864/1203 7589/5990/1202 7588/5862/1202
f 7591/5869/1203 7436/5992/1204 7433/5867/1204
f 7436/5992/1204 7591/5869/1203 7590/5993/1203
f 7593/5994/1203 7594/5868/1204 7595/5995/1204
f 7594/5868/1204 7593/5994/1203 7592/5866/1203
f 7595/5996/1204 7596/5872/1205 7597/5997/1205
f 7596/5872/1205 7595/5996/1204 7594/5870/1204
f 7541/5998/1192 7598/5876/1206 7599/5999/1206
f 7598/5876/1206 7541/5998/1192 7540/5874/1192
f 7599/6000/1206 7600/5880/1208 7601/6001/1208
f 7600/5880/1208 7599/6000/1206 7598/5878/1206
f 7537/5881/1206 7602/6002/1208 7603/5879/1208
f 7602/6002/1208 7537/5881/1206 7536/6003/1206
f 7601/6004/1208 7604/5884/1209 7605/6005/1209
f 7604/5884/1209 7601/6004/1208 7600/5882/1208
f 7603/5885/1208 7606/6006/1209 7607/5883/1209
f 7606/6006/1209 7603/5885/1208 7602/6007/1208
f 7604/5888/1209 7608/6008/1210 7605/6009/1209
f 7608/6008/1210 7604/5888/1209 7609/5887/1210
f 7606/6010/1209 7610/5889/1210 7607/5886/1209
f 7610/5889/1210 7606/6010/1209 7611/6011/1210
f 7609/5892/1210 7612/6012/1211 7608/6013/1210
f 7612/6012/1211 7609/5892/1210 7613/5891/1211
f 7610/5890/1210 7614/6014/1211 7615/5893/1211
f 7614/6014/1211 7610/5890/1210 7611/6015/1210
f 7612/6016/1211 7616/5896/1212 7617/6017/1212
f 7616/5896/1212 7612/6016/1211 7613/5894/1211
f 7615/5897/1211 7618/6018/1212 7619/5895/1212
f 7618/6018/1212 7615/5897/1211 7614/6019/1211
f 7616/5900/1212 7620/6020/1213 7617/6021/1212
f 7620/6020/1213 7616/5900/1212 7621/5899/1213
f 7619/5898/1212 7622/6022/1213 7623/5901/1213
f 7622/6022/1213 7619/5898/1212 7618/6023/1212
f 7621/5904/1213 7624/6024/1214 7620/6025/1213
f 7624/6024/1214 7621/5904/1213 7625/5903/1214
f 7623/5902/1213 7626/6026/1214 7627/5905/1214
f 7626/6026/1214 7623/5902/1213 7622/6027/1213
f 7624/6028/1214 7628/5907/1215 7629/6029/1215
f 7628/5907/1215 7624/6028/1214 7625/5908/1214
f 7627/5906/1214 7630/6030/1215 7631/5909/1215
f 7630/6030/1215 7627/5906/1214 7626/6031/1214
f 7628/5912/1215 7632/6032/1216 7629/6033/1215
f 7632/6032/1216 7628/5912/1215 7633/5911/1216
f 7631/5910/1215 7634/6034/1216 7635/5913/1216
f 7634/6034/1216 7631/5910/1215 7630/6035/1215
f 7409/5916/1191 7636/6036/1191 7637/6037/1191
f 7636/6036/1191 7409/5916/1191 7408/5915/1191
f 7638/6038/1191 7410/5917/1191 7407/5914/1191
f 7410/5917/1191 7638/6038/1191 7429/5932/1191
f 7413/5920/1185 7639/6039/1185 7640/6040/1185
f 7639/6039/1185 7413/5920/1185 7412/5919/1185
f 7641/6041/1185 7414/5921/1185 7411/5918/1185
f 7414/5921/1185 7641/6041/1185 7642/6042/1185
f 7642/6042/1185 7641/6041/1185 7643/6043/1185
f 7644/6044/1190 7417/5924/1190 7645/6045/1190
f 7417/5924/1190 7644/6044/1190 7415/5922/1190
f 7418/5925/1190 7646/6046/1190 7416/5923/1190
f 7646/6046/1190 7418/5925/1190 7647/6047/1190
f 7421/5927/1191 7648/6036/1191 7649/6048/1191
f 7648/6036/1191 7421/5927/1191 7420/5915/1191
f 7650/6042/1191 7422/5917/1191 7419/5926/1191
f 7422/5917/1191 7650/6042/1191 7651/6049/1191
f 7651/6049/1191 7650/6042/1191 7652/6043/1191
f 7653/5935/1186 7425/5929/1186 7654/6050/1186
f 7425/5929/1186 7653/5935/1186 7423/5799/1186
f 7426/5691/1186 7655/6051/1186 7424/5928/1186
f 7655/6051/1186 7426/5691/1186 7656/6052/1186
f 7656/6052/1186 7426/5691/1186 7657/6053/1186
s 0
f 7657/6053/1218 7426/5691/1218 7658/6054/1218
s 1
f 7659/5937/1204 7660/6055/1205 7661/5936/1205
f 7660/6055/1205 7659/5937/1204 7662/6056/1204
f 7663/6057/1191 7429/5932/1191 7638/6038/1191
f 7429/5932/1191 7663/6057/1191 7664/6058/1191
f 7665/6059/1185 7666/6060/1185 7667/6061/1185
f 7666/6060/1185 7665/6059/1185 7668/6062/1185
f 7669/6063/1190 7670/6064/1190 7671/6065/1190
f 7670/6064/1190 7669/6063/1190 7672/6066/1190
f 7673/6067/1191 7674/5932/1191 7675/6068/1191
f 7674/5932/1191 7673/6067/1191 7676/6058/1191
f 7677/5690/1186 7678/6069/1186 7679/6070/1186
f 7678/6069/1186 7677/5690/1186 7680/5806/1186
f 7681/6071/1190 7543/5945/1190 7682/6072/1190
f 7543/5945/1190 7681/6071/1190 7542/5944/1190
f 7683/6073/1185 7547/5949/1185 7546/5948/1185
f 7547/5949/1185 7683/6073/1185 7684/6074/1185
f 7685/6075/1193 7686/5953/1194 7687/5952/1193
f 7686/5953/1194 7685/6075/1193 7688/6076/1194
f 7688/6077/1194 7689/5957/1195 7686/5956/1194
f 7689/5957/1195 7688/6077/1194 7690/6078/1195
f 7690/6079/1195 7691/5961/1196 7689/5960/1195
f 7691/5961/1196 7690/6079/1195 7692/6080/1196
f 7692/6081/1196 7693/5965/1197 7691/5964/1196
f 7693/5965/1197 7692/6081/1196 7694/6082/1197
f 7694/6083/1197 7695/5969/1198 7693/5968/1197
f 7695/5969/1198 7694/6083/1197 7696/6084/1198
f 7696/6085/1198 7697/5973/1199 7695/5972/1198
f 7697/5973/1199 7696/6085/1198 7698/6086/1199
f 7698/6087/1199 7699/5977/1200 7697/5976/1199
f 7699/5977/1200 7698/6087/1199 7700/6088/1200
f 7699/5981/1200 7701/6089/1201 7702/5980/1201
f 7701/6089/1201 7699/5981/1200 7700/6090/1200
f 7702/5985/1201 7703/6091/1202 7704/5984/1202
f 7703/6091/1202 7702/5985/1201 7701/6092/1201
f 7704/5989/1202 7705/6093/1203 7706/5988/1203
f 7705/6093/1203 7704/5989/1202 7703/6094/1202
f 7706/5993/1203 7662/6095/1204 7659/5992/1204
f 7662/6095/1204 7706/5993/1203 7705/6096/1203
f 7539/5939/1192 7707/6097/1206 7708/5938/1206
f 7707/6097/1206 7539/5939/1192 7538/6098/1192
f 7708/6003/1206 7709/6099/1208 7710/6002/1208
f 7709/6099/1208 7708/6003/1206 7707/6100/1206
f 7710/6007/1208 7711/6101/1209 7712/6006/1209
f 7711/6101/1209 7710/6007/1208 7709/6102/1208
f 7711/6103/1209 7713/6011/1210 7712/6010/1209
f 7713/6011/1210 7711/6103/1209 7714/6104/1210
f 7714/6105/1210 7715/6014/1211 7713/6015/1210
f 7715/6014/1211 7714/6105/1210 7716/6106/1211
f 7716/6107/1211 7717/6018/1212 7715/6019/1211
f 7717/6018/1212 7716/6107/1211 7718/6108/1212
f 7718/6109/1212 7719/6022/1213 7717/6023/1212
f 7719/6022/1213 7718/6109/1212 7720/6110/1213
f 7720/6111/1213 7721/6026/1214 7719/6027/1213
f 7721/6026/1214 7720/6111/1213 7722/6112/1214
f 7721/6031/1214 7723/6113/1215 7724/6030/1215
f 7723/6113/1215 7721/6031/1214 7722/6114/1214
f 7723/6115/1215 7725/6034/1216 7724/6035/1215
f 7725/6034/1216 7723/6115/1215 7726/6116/1216
f 7665/6059/1185 7642/6042/1185 7643/6043/1185
f 7642/6042/1185 7665/6059/1185 7667/6061/1185
f 7672/6066/1190 7645/6045/1190 7670/6064/1190
f 7645/6045/1190 7672/6066/1190 7644/6044/1190
f 7675/6068/1191 7652/6043/1191 7650/6042/1191
f 7652/6043/1191 7675/6068/1191 7674/5932/1191
f 7727/6117/1186 7657/6053/1186 7658/6054/1186
f 7657/6053/1186 7727/6117/1186 7728/6118/1186
f 7657/6053/1186 7679/6070/1186 7656/6052/1186
f 7679/6070/1186 7657/6053/1186 7677/5690/1186
f 7729/6119/1219 7730/6120/1219 7731/6121/1219
f 7730/6120/1219 7729/6119/1219 7732/6122/1219
f 7728/6118/1186 7677/5690/1186 7657/6053/1186
f 7677/5690/1186 7728/6118/1186 7733/6123/1186
f 7734/6124/1186 7727/6117/1186 7735/6125/1186
f 7727/6117/1186 7734/6124/1186 7728/6118/1186
f 7728/6118/1186 7734/6124/1186 7736/6126/1186
s 0
f 7736/6126/1185 7734/6124/1185 7737/6127/1185
s 1
f 7736/6126/1186 7733/6123/1186 7728/6118/1186
f 7733/6123/1186 7736/6126/1186 7738/6128/1186
f 7739/6129/1185 7740/5921/1185 7741/5918/1185
f 7740/5921/1185 7739/6129/1185 7742/6042/1185
f 7742/6042/1185 7739/6129/1185 7743/6043/1185
f 7744/6130/1186 7735/6125/1186 7745/6131/1186
f 7735/6125/1186 7744/6130/1186 7734/6124/1186
f 7746/6042/1191 7747/5917/1191 7748/5926/1191
f 7747/5917/1191 7746/6042/1191 7749/6132/1191
f 7749/6132/1191 7746/6042/1191 7750/6043/1191
f 7751/6133/1186 7736/6126/1186 7737/6127/1186
f 7736/6126/1186 7751/6133/1186 7752/6134/1186
f 7743/6043/1185 7753/6061/1185 7742/6042/1185
f 7753/6061/1185 7743/6043/1185 7754/6059/1185
f 7752/6134/1186 7738/6128/1186 7736/6126/1186
f 7738/6128/1186 7752/6134/1186 7755/6135/1186
f 7756/6068/1191 7750/6043/1191 7746/6042/1191
f 7750/6043/1191 7756/6068/1191 7757/5932/1191
f 7738/6128/1186 7758/6136/1186 7733/6123/1186
f 7758/6136/1186 7738/6128/1186 7759/6137/1186
f 7760/6138/1190 7761/6139/1190 7762/6140/1190
f 7761/6139/1190 7760/6138/1190 7763/6141/1190
f 7741/5918/1185 7764/5919/1185 7765/5920/1185
f 7764/5919/1185 7741/5918/1185 7740/5921/1185
f 7766/6142/1186 7745/6131/1186 7767/6143/1186
f 7745/6131/1186 7766/6142/1186 7744/6130/1186
f 7748/5926/1191 7768/5915/1191 7769/5927/1191
f 7768/5915/1191 7748/5926/1191 7747/5917/1191
f 7770/6144/1186 7751/6133/1186 7771/6145/1186
f 7751/6133/1186 7770/6144/1186 7752/6134/1186
f 7752/6134/1186 7770/6144/1186 7772/6146/1186
f 7773/6147/1190 7762/6140/1190 7774/6148/1190
f 7762/6140/1190 7773/6147/1190 7760/6138/1190
f 7775/6062/1185 7753/6061/1185 7754/6059/1185
f 7753/6061/1185 7775/6062/1185 7776/6060/1185
f 7772/6146/1186 7755/6135/1186 7752/6134/1186
f 7755/6135/1186 7772/6146/1186 7777/6149/1186
f 7778/6067/1191 7757/5932/1191 7756/6068/1191
f 7757/5932/1191 7778/6067/1191 7779/6058/1191
f 7780/6150/1219 7781/6151/1219 7782/6152/1219
f 7781/6151/1219 7780/6150/1219 7783/6153/1219
f 7763/6141/1190 7784/6154/1190 7761/6139/1190
f 7784/6154/1190 7763/6141/1190 7785/6155/1190
f 7765/5920/1185 7786/6039/1185 7787/6040/1185
f 7786/6039/1185 7765/5920/1185 7764/5919/1185
f 7769/5927/1191 7788/6036/1191 7789/6048/1191
f 7788/6036/1191 7769/5927/1191 7768/5915/1191
f 7790/6156/1185 7791/5921/1185 7792/5918/1185
f 7791/5921/1185 7790/6156/1185 7793/6042/1185
f 7793/6042/1185 7790/6156/1185 7794/6043/1185
f 7795/6157/1186 7771/6145/1186 7796/6158/1186
f 7771/6145/1186 7795/6157/1186 7770/6144/1186
s 0
f 7770/6144/1218 7795/6157/1218 7797/6159/1218
s 1
f 7798/6042/1191 7799/5917/1191 7800/5926/1191
f 7799/5917/1191 7798/6042/1191 7801/6043/1191
f 7802/6160/1186 7770/6144/1186 7797/6159/1186
f 7770/6144/1186 7802/6160/1186 7772/6146/1186
f 7772/6146/1186 7802/6160/1186 7803/6161/1186
s 0
f 7803/6161/1186 7802/6160/1186 7804/6162/1186
s 1
f 7805/6163/1190 7774/6148/1190 7806/6164/1190
f 7774/6148/1190 7805/6163/1190 7773/6147/1190
f 7794/6043/1185 7807/6061/1185 7793/6042/1185
f 7807/6061/1185 7794/6043/1185 7808/6059/1185
f 7798/6042/1191 7809/5932/1191 7801/6043/1191
f 7809/5932/1191 7798/6042/1191 7810/6068/1191
f 7803/6161/1186 7777/6149/1186 7772/6146/1186
f 7777/6149/1186 7803/6161/1186 7811/6165/1186
f 7777/6149/1186 7812/6166/1186 7755/6135/1186
f 7812/6166/1186 7777/6149/1186 7813/6167/1186
f 7785/6155/1190 7814/6168/1190 7784/6154/1190
f 7814/6168/1190 7785/6155/1190 7815/6169/1190
f 7816/6170/1190 7817/6171/1190 7818/6172/1190
f 7817/6171/1190 7816/6170/1190 7819/6173/1190
f 7792/5918/1185 7820/5919/1185 7821/5920/1185
f 7820/5919/1185 7792/5918/1185 7791/5921/1185
f 7822/6174/1186 7796/6158/1186 7823/6175/1186
f 7796/6158/1186 7822/6174/1186 7795/6157/1186
f 7800/5926/1191 7824/5915/1191 7825/5927/1191
f 7824/5915/1191 7800/5926/1191 7826/6176/1191
f 7826/6176/1191 7800/5926/1191 7799/5917/1191
f 7827/6177/1186 7802/6160/1186 7828/6178/1186
f 7802/6160/1186 7827/6177/1186 7804/6162/1186
f 7804/6162/1186 7827/6177/1186 7829/6179/1186
s 0
f 7829/6179/1218 7827/6177/1218 7830/6180/1218
s 1
f 7829/6179/1186 7803/6161/1186 7804/6162/1186
f 7803/6161/1186 7829/6179/1186 7831/6181/1186
f 7832/6182/1190 7818/6172/1190 7833/6183/1190
f 7818/6172/1190 7832/6182/1190 7816/6170/1190
f 7834/6062/1185 7807/6061/1185 7808/6059/1185
f 7807/6061/1185 7834/6062/1185 7835/6060/1185
f 7836/6067/1191 7809/5932/1191 7810/6068/1191
f 7809/5932/1191 7836/6067/1191 7837/6058/1191
f 7831/6181/1186 7811/6165/1186 7803/6161/1186
f 7811/6165/1186 7831/6181/1186 7838/6184/1186
f 7839/6185/1219 7840/6186/1219 7841/6187/1219
f 7840/6186/1219 7839/6185/1219 7842/6188/1219
f 7819/6173/1190 7843/6189/1190 7817/6171/1190
f 7843/6189/1190 7819/6173/1190 7844/6190/1190
f 7821/5920/1185 7845/6039/1185 7846/6040/1185
f 7845/6039/1185 7821/5920/1185 7820/5919/1185
f 7825/5927/1191 7847/6036/1191 7848/6048/1191
f 7847/6036/1191 7825/5927/1191 7824/5915/1191
f 7849/6191/1185 7850/5919/1185 7851/5920/1185
f 7850/5919/1185 7849/6191/1185 7852/5921/1185
f 7852/5921/1185 7849/6191/1185 7853/5918/1185
f 7854/6192/1186 7828/6178/1186 7855/6193/1186
f 7828/6178/1186 7854/6192/1186 7827/6177/1186
f 7856/5926/1191 7857/5915/1191 7858/5927/1191
f 7857/5915/1191 7856/5926/1191 7859/6194/1191
f 7859/6194/1191 7856/5926/1191 7860/5917/1191
f 7861/6195/1186 7829/6179/1186 7830/6180/1186
f 7829/6179/1186 7861/6195/1186 7831/6181/1186
f 7831/6181/1186 7861/6195/1186 7862/6196/1186
s 0
f 7862/6196/1191 7861/6195/1191 7863/6197/1191
s 1
f 7864/6043/1185 7852/5921/1185 7853/5918/1185
f 7852/5921/1185 7864/6043/1185 7865/6042/1185
f 7866/6042/1191 7860/5917/1191 7856/5926/1191
f 7860/5917/1191 7866/6042/1191 7867/6043/1191
f 7868/6198/1190 7833/6183/1190 7869/6199/1190
f 7833/6183/1190 7868/6198/1190 7832/6182/1190
f 7864/6043/1185 7870/6061/1185 7865/6042/1185
f 7870/6061/1185 7864/6043/1185 7871/6059/1185
f 7866/6042/1191 7872/5932/1191 7867/6043/1191
f 7872/5932/1191 7866/6042/1191 7873/6068/1191
f 7838/6184/1186 7874/6200/1186 7811/6165/1186
f 7874/6200/1186 7838/6184/1186 7875/6201/1186
f 7844/6190/1190 7876/6202/1190 7843/6189/1190
f 7876/6202/1190 7844/6190/1190 7877/6203/1190
f 7878/6204/1190 7879/6205/1190 7880/6206/1190
f 7879/6205/1190 7878/6204/1190 7881/6207/1190
f 7851/5920/1185 7882/6039/1185 7883/6040/1185
f 7882/6039/1185 7851/5920/1185 7850/5919/1185
f 7858/5927/1191 7884/6036/1191 7885/6048/1191
f 7884/6036/1191 7858/5927/1191 7857/5915/1191
f 7886/6208/1186 7861/6195/1186 7887/6209/1186
f 7861/6195/1186 7886/6208/1186 7863/6197/1186
f 7863/6197/1186 7886/6208/1186 7888/6210/1186
s 0
f 7888/6210/1218 7886/6208/1218 7889/6211/1218
s 1
f 7888/6210/1186 7862/6196/1186 7863/6197/1186
f 7862/6196/1186 7888/6210/1186 7890/6212/1186
f 7891/6213/1190 7880/6206/1190 7892/6214/1190
f 7880/6206/1190 7891/6213/1190 7878/6204/1190
f 7893/6215/1190 7892/6214/1190 7894/6216/1190
f 7892/6214/1190 7893/6215/1190 7891/6213/1190
f 7895/6062/1185 7870/6061/1185 7871/6059/1185
f 7870/6061/1185 7895/6062/1185 7896/6060/1185
f 7897/6067/1191 7872/5932/1191 7873/6068/1191
f 7872/5932/1191 7897/6067/1191 7898/6058/1191
f 7899/6217/1219 7900/6218/1219 7901/6219/1219
f 7900/6218/1219 7899/6217/1219 7902/6220/1219
f 7881/6207/1190 7903/6221/1190 7879/6205/1190
f 7903/6221/1190 7881/6207/1190 7904/6222/1190
f 7905/6223/1185 7906/5919/1185 7907/5920/1185
f 7906/5919/1185 7905/6223/1185 7908/5921/1185
f 7908/5921/1185 7905/6223/1185 7909/5918/1185
f 7910/6224/1186 7887/6209/1186 7911/6225/1186
f 7887/6209/1186 7910/6224/1186 7886/6208/1186
f 7912/5926/1191 7913/5915/1191 7914/5927/1191
f 7913/5915/1191 7912/5926/1191 7915/6226/1191
f 7915/6226/1191 7912/5926/1191 7916/5917/1191
f 7917/6227/1186 7888/6210/1186 7889/6211/1186
f 7888/6210/1186 7917/6227/1186 7890/6212/1186
f 7890/6212/1186 7917/6227/1186 7918/6228/1186
f 7918/6228/1186 7917/6227/1186 7919/6229/1186
s 0
f 7919/6229/1218 7917/6227/1218 7920/5689/1218
s 1
f 7921/6043/1185 7908/5921/1185 7909/5918/1185
f 7908/5921/1185 7921/6043/1185 7922/6042/1185
f 7923/6042/1191 7916/5917/1191 7912/5926/1191
f 7916/5917/1191 7923/6042/1191 7924/6043/1191
f 7890/6212/1186 7925/6230/1186 7862/6196/1186
f 7925/6230/1186 7890/6212/1186 7926/6231/1186
f 7927/6232/1190 7894/6216/1190 7928/6233/1190
f 7894/6216/1190 7927/6232/1190 7893/6215/1190
f 7929/6234/1190 7930/6235/1190 7931/6236/1190
f 7930/6235/1190 7929/6234/1190 7932/6237/1190
f 7907/5920/1185 7933/6039/1185 7934/6040/1185
f 7933/6039/1185 7907/5920/1185 7906/5919/1185
f 7914/5927/1191 7935/6036/1191 7936/6048/1191
f 7935/6036/1191 7914/5927/1191 7913/5915/1191
f 7937/6238/1186 7917/6227/1186 7938/5798/1186
f 7917/6227/1186 7937/6238/1186 7920/5689/1186
f 7920/5689/1186 7937/6238/1186 7939/6239/1186
f 7939/6239/1186 7919/6229/1186 7920/5689/1186
f 7919/6229/1186 7939/6239/1186 7940/6240/1186
f 7941/6241/1190 7931/6236/1190 7942/6242/1190
f 7931/6236/1190 7941/6241/1190 7929/6234/1190
f 7943/6059/1185 7922/6042/1185 7921/6043/1185
f 7922/6042/1185 7943/6059/1185 7944/6061/1185
f 7923/6042/1191 7945/5932/1191 7924/6043/1191
f 7945/5932/1191 7923/6042/1191 7946/6068/1191
f 7926/6231/1186 7947/6243/1186 7925/6230/1186
f 7947/6243/1186 7926/6231/1186 7948/6244/1186
f 7932/6237/1190 7949/6245/1190 7930/6235/1190
f 7949/6245/1190 7932/6237/1190 7950/6246/1190
f 7951/6247/1185 7952/5919/1185 7953/5920/1185
f 7952/5919/1185 7951/6247/1185 7954/5921/1185
f 7954/5921/1185 7951/6247/1185 7955/5918/1185
f 7956/6248/1186 7938/5798/1186 7957/5934/1186
f 7938/5798/1186 7956/6248/1186 7937/6238/1186
f 7958/5926/1191 7959/5915/1191 7960/5927/1191
f 7959/5915/1191 7958/5926/1191 7961/5917/1191
f 7962/6043/1185 7954/5921/1185 7955/5918/1185
f 7954/5921/1185 7962/6043/1185 7963/6042/1185
f 7963/6042/1185 7962/6043/1185 7964/6059/1185
f 7963/6042/1185 7964/6059/1185 7965/6061/1185
f 7966/6042/1191 7961/5917/1191 7958/5926/1191
f 7961/5917/1191 7966/6042/1191 7967/6043/1191
f 7940/6240/1186 7968/5692/1186 7919/6229/1186
f 7968/5692/1186 7940/6240/1186 7969/6249/1186
f 7970/6250/1190 7942/6242/1190 7971/6251/1190
f 7942/6242/1190 7970/6250/1190 7941/6241/1190
f 7972/6062/1185 7944/6061/1185 7943/6059/1185
f 7944/6061/1185 7972/6062/1185 7973/6060/1185
f 7974/6067/1191 7945/5932/1191 7946/6068/1191
f 7945/5932/1191 7974/6067/1191 7975/6058/1191
f 7976/6252/1190 7977/6253/1190 7978/6254/1190
f 7977/6253/1190 7976/6252/1190 7979/6255/1190
f 7953/5920/1185 7980/6039/1185 7981/6040/1185
f 7980/6039/1185 7953/5920/1185 7952/5919/1185
f 7960/5927/1191 7982/6036/1191 7983/6048/1191
f 7982/6036/1191 7960/5927/1191 7959/5915/1191
f 7984/6256/1190 7978/6254/1190 7985/6257/1190
f 7978/6254/1190 7984/6256/1190 7976/6252/1190
f 7986/6062/1185 7965/6061/1185 7964/6059/1185
f 7965/6061/1185 7986/6062/1185 7987/6060/1185
f 7988/6258/1190 7985/6257/1190 7989/6259/1190
f 7985/6257/1190 7988/6258/1190 7984/6256/1190
f 7990/6068/1191 7967/6043/1191 7966/6042/1191
f 7967/6043/1191 7990/6068/1191 7991/5932/1191
f 7969/6249/1186 7992/5807/1186 7968/5692/1186
f 7992/5807/1186 7969/6249/1186 7993/6260/1186
f 7994/6261/1190 7971/6251/1190 7995/6262/1190
f 7971/6251/1190 7994/6261/1190 7970/6250/1190
f 7979/6255/1190 7996/6263/1190 7977/6253/1190
f 7996/6263/1190 7979/6255/1190 7997/6264/1190
f 7998/6265/1190 7989/6259/1190 7999/6266/1190
f 7989/6259/1190 7998/6265/1190 7988/6258/1190
f 8000/6067/1191 7991/5932/1191 7990/6068/1191
f 7991/5932/1191 8000/6067/1191 8001/6058/1191
o SketchUp.234
v 2.223903 0.640469 -0.000000
v 2.154060 0.640469 -0.001438
v 2.154060 0.640469 -0.000000
v 2.223903 0.640469 -0.001438
v 2.154060 0.640469 -0.000000
v 2.154060 0.740194 -0.000000
v 2.154060 0.740148 -0.000000
v 2.154060 0.640469 -0.001438
v 2.154060 0.740194 -0.001438
v 2.223903 0.640469 0.003987
v 2.154060 0.640469 -0.000000
v 2.154060 0.640469 0.003987
v 2.223903 0.640469 -0.000000
v 2.223903 0.740194 -0.001438
v 2.223903 0.640469 0.003987
v 2.223903 0.740194 0.003987
v 2.223903 0.640469 -0.000000
v 2.223903 0.640469 -0.001438
v 2.223903 0.740194 -0.001438
v 2.154060 0.740194 -0.000000
v 2.154060 0.740194 -0.001438
v 2.154060 0.740194 0.003987
v 2.223903 0.740194 0.003987
v 2.154060 0.740194 0.003987
v 2.154060 0.640469 0.003987
v 2.154060 0.640469 -0.012940
v 2.154060 0.740194 -0.012940
v 2.223903 0.640469 0.010064
v 2.154060 0.640469 0.003987
v 2.154060 0.640469 0.010064
v 2.223903 0.640469 0.003987
v 2.223903 0.640469 0.010064
v 2.223903 0.740194 0.010064
v 2.223903 0.740194 -0.012940
v 2.223903 0.640469 -0.012940
v 2.154060 0.740194 0.010064
v 2.223903 0.740194 0.010064
v 2.223903 0.740194 -0.012940
v 2.154060 0.740194 -0.012940
v 2.154060 0.740194 0.010064
v 2.154060 0.640469 0.010064
v 2.223903 0.640469 0.015489
v 2.223903 0.740194 0.015489
v 2.154060 0.740194 0.015489
v 2.223903 0.740194 0.015489
v 2.154060 0.740194 0.015489
v 2.154060 0.640469 0.015489
vn -0.0000 1.0000 -0.0000
vn -0.0000 -0.0000 -1.0000
vn 1.0000 -0.0000 -0.0000
vn -1.0000 -0.0000 -0.0000
vn -0.0000 -1.0000 -0.0000
vt 25.374149 0.000000
vt 24.577269 0.016404
vt 24.577269 0.000000
vt 25.374149 0.016404
vt 0.000000 7.307585
vt 0.000000 8.445424
vt 0.000000 8.444898
vt 0.016404 7.307585
vt 0.016404 8.445424
vt 25.374149 -0.045487
vt 24.577269 -0.045487
vt -0.016404 8.445424
vt 0.045487 7.307585
vt 0.045487 8.445424
vt -0.016404 7.307585
vt -25.374149 0.016404
vt -24.577269 0.000000
vt -24.577269 0.016404
vt -24.577269 -0.045487
vt -25.374149 -0.045487
vt -0.045487 8.445424
vt -0.045487 7.307585
vt 0.147638 7.307585
vt 0.147638 8.445424
vt 25.374149 -0.114829
vt 24.577269 -0.114829
vt 0.114829 7.307585
vt 0.114829 8.445424
vt -0.147638 8.445424
vt -0.147638 7.307585
vt -24.577269 -0.114829
vt -25.374149 -0.114829
vt -25.374149 0.147638
vt -24.577269 0.147638
vt -0.114829 8.445424
vt -0.114829 7.307585
vt 0.176721 7.307585
vt 0.176721 8.445424
vt -24.577269 -0.176721
vt -25.374149 -0.176721
vt -0.176721 8.445424
vt -0.176721 7.307585
s 1
usemtl Wood_Floor_Parquet
f 8002/6267/1220 8003/6268/1220 8004/6269/1220
f 8003/6268/1220 8002/6267/1220 8005/6270/1220
s 0
f 8006/6271/1221 8007/6272/1221 8008/6273/1221
s 1
f 8007/6272/1222 8006/6271/1222 8009/6274/1222
f 8007/6272/1222 8009/6274/1222 8010/6275/1222
f 8011/6276/1220 8012/6269/1220 8013/6277/1220
f 8012/6269/1220 8011/6276/1220 8014/6267/1220
f 8015/6278/1223 8016/6279/1223 8017/6280/1223
f 8016/6279/1223 8015/6278/1223 8018/6271/1223
f 8018/6271/1223 8015/6278/1223 8019/6281/1223
f 8020/6282/1224 8021/6283/1224 8022/6284/1224
f 8021/6283/1224 8020/6282/1224 8023/6285/1224
f 8023/6285/1224 8020/6282/1224 8024/6286/1224
f 8006/6271/1222 8025/6287/1222 8026/6288/1222
f 8025/6287/1222 8006/6271/1222 8008/6273/1222
f 8007/6272/1222 8025/6287/1222 8008/6273/1222
f 8027/6289/1222 8010/6275/1222 8009/6274/1222
f 8010/6275/1222 8027/6289/1222 8028/6290/1222
f 8029/6291/1220 8030/6277/1220 8031/6292/1220
f 8030/6277/1220 8029/6291/1220 8032/6276/1220
f 8017/6280/1223 8033/6293/1223 8034/6294/1223
f 8033/6293/1223 8017/6280/1223 8016/6279/1223
f 8035/6295/1223 8019/6281/1223 8015/6278/1223
f 8019/6281/1223 8035/6295/1223 8036/6296/1223
f 8024/6286/1224 8037/6297/1224 8023/6285/1224
f 8037/6297/1224 8024/6286/1224 8038/6298/1224
f 8039/6299/1224 8022/6284/1224 8040/6300/1224
f 8022/6284/1224 8039/6299/1224 8020/6282/1224
f 8026/6288/1222 8041/6301/1222 8042/6302/1222
f 8041/6301/1222 8026/6288/1222 8025/6287/1222
f 8034/6294/1223 8043/6303/1223 8044/6304/1223
f 8043/6303/1223 8034/6294/1223 8033/6293/1223
f 8038/6298/1224 8045/6305/1224 8037/6297/1224
f 8045/6305/1224 8038/6298/1224 8046/6306/1224
f 8042/6302/1222 8047/6307/1222 8048/6308/1222
f 8047/6307/1222 8042/6302/1222 8041/6301/1222
o SketchUp.235
v 2.383840 0.640469 -0.000000
v 2.311955 0.640469 -0.001438
v 2.311955 0.640469 -0.000000
v 2.383840 0.640469 -0.001438
v 2.311955 0.640469 -0.001438
v 2.311955 0.740148 -0.000000
v 2.311955 0.640469 -0.000000
v 2.311955 0.740194 -0.001438
v 2.311955 0.740194 -0.000000
v 2.383840 0.640469 0.003987
v 2.311955 0.640469 -0.000000
v 2.311955 0.640469 0.003987
v 2.383840 0.640469 -0.000000
v 2.383840 0.740194 -0.001438
v 2.383840 0.640469 -0.000000
v 2.383840 0.740148 -0.000000
v 2.383840 0.640469 -0.001438
v 2.383840 0.740194 -0.001438
v 2.311955 0.740194 -0.000000
v 2.311955 0.740194 -0.001438
v 2.311955 0.740194 0.003987
v 2.383840 0.740194 0.003987
v 2.311955 0.740194 0.003987
v 2.311955 0.640469 0.003987
v 2.311955 0.640469 -0.012940
v 2.311955 0.740194 -0.012940
v 2.383840 0.640469 0.010064
v 2.311955 0.640469 0.003987
v 2.311955 0.640469 0.010064
v 2.383840 0.640469 0.003987
v 2.383840 0.740194 0.003987
v 2.383840 0.640469 0.003987
v 2.383840 0.640469 -0.012940
v 2.383840 0.740194 -0.012940
v 2.311955 0.740194 0.010064
v 2.383840 0.740194 0.010064
v 2.383840 0.740194 -0.012940
v 2.311955 0.740194 -0.012940
v 2.311955 0.740194 0.010064
v 2.311955 0.640469 0.010064
v 2.383840 0.640469 0.010064
v 2.383840 0.740194 0.010064
v 2.311955 0.740194 0.015489
v 2.383840 0.740194 0.015489
v 2.311955 0.740194 0.015489
v 2.311955 0.640469 0.015489
v 2.383840 0.640469 0.015489
v 2.383840 0.740194 0.015489
vn -0.0000 1.0000 -0.0000
vn 1.0000 -0.0000 -0.0000
vn -1.0000 -0.0001 -0.0000
vn -1.0000 -0.0000 -0.0000
vn -0.0000 -1.0000 -0.0000
vt 27.198990 0.000000
vt 26.378799 0.016404
vt 26.378799 0.000000
vt 27.198990 0.016404
vt 0.016404 7.307585
vt 0.000000 8.444898
vt 0.000000 7.307585
vt 0.016404 8.445424
vt 0.000000 8.445424
vt 27.198990 -0.045487
vt 26.378799 -0.045487
vt -0.016404 8.445424
vt -0.016404 7.307585
vt -27.198990 0.016404
vt -26.378799 0.000000
vt -26.378799 0.016404
vt -26.378799 -0.045487
vt -27.198990 -0.045487
vt -0.045487 8.445424
vt -0.045487 7.307585
vt 0.147638 7.307585
vt 0.147638 8.445424
vt 27.198990 -0.114829
vt 26.378799 -0.114829
vt 0.045487 8.445424
vt 0.045487 7.307585
vt -0.147638 7.307585
vt -0.147638 8.445424
vt -26.378799 -0.114829
vt -27.198990 -0.114829
vt -27.198990 0.147638
vt -26.378799 0.147638
vt -0.114829 8.445424
vt -0.114829 7.307585
vt 0.114829 7.307585
vt 0.114829 8.445424
vt -26.378799 -0.176721
vt -27.198990 -0.176721
vt -0.176721 8.445424
vt -0.176721 7.307585
vt 0.176721 7.307585
vt 0.176721 8.445424
s 1
usemtl Wood_Floor_Parquet
f 8049/6309/1225 8050/6310/1225 8051/6311/1225
f 8050/6310/1225 8049/6309/1225 8052/6312/1225
f 8053/6313/1226 8054/6314/1226 8055/6315/1226
f 8054/6314/1226 8056/6316/1226 8057/6317/1226
f 8056/6316/1226 8054/6314/1226 8053/6313/1226
f 8058/6318/1225 8059/6311/1225 8060/6319/1225
f 8059/6311/1225 8058/6318/1225 8061/6309/1225
f 8062/6320/1227 8063/6315/1228 8064/6314/1228
f 8063/6315/1228 8062/6320/1227 8065/6321/1228
f 8066/6322/1229 8067/6323/1229 8068/6324/1229
f 8067/6323/1229 8066/6322/1229 8069/6325/1229
f 8069/6325/1229 8066/6322/1229 8070/6326/1229
f 8055/6315/1226 8071/6327/1226 8072/6328/1226
f 8071/6327/1226 8055/6315/1226 8057/6317/1226
s 0
f 8057/6317/1226 8055/6315/1226 8054/6314/1226
s 1
f 8073/6329/1226 8056/6316/1226 8053/6313/1226
f 8056/6316/1226 8073/6329/1226 8074/6330/1226
f 8075/6331/1225 8076/6319/1225 8077/6332/1225
f 8076/6319/1225 8075/6331/1225 8078/6318/1225
f 8079/6333/1228 8064/6314/1228 8080/6334/1228
f 8064/6314/1228 8079/6333/1228 8062/6320/1227
f 8063/6315/1228 8080/6334/1228 8064/6314/1228
f 8062/6320/1227 8081/6335/1228 8065/6321/1228
f 8081/6335/1228 8062/6320/1227 8082/6336/1228
f 8070/6326/1229 8083/6337/1229 8069/6325/1229
f 8083/6337/1229 8070/6326/1229 8084/6338/1229
f 8085/6339/1229 8068/6324/1229 8086/6340/1229
f 8068/6324/1229 8085/6339/1229 8066/6322/1229
f 8072/6328/1226 8087/6341/1226 8088/6342/1226
f 8087/6341/1226 8072/6328/1226 8071/6327/1226
f 8079/6333/1228 8089/6343/1228 8090/6344/1228
f 8089/6343/1228 8079/6333/1228 8080/6334/1228
f 8084/6338/1229 8091/6345/1229 8083/6337/1229
f 8091/6345/1229 8084/6338/1229 8092/6346/1229
f 8088/6342/1226 8093/6347/1226 8094/6348/1226
f 8093/6347/1226 8088/6342/1226 8087/6341/1226
f 8090/6344/1228 8095/6349/1228 8096/6350/1228
f 8095/6349/1228 8090/6344/1228 8089/6343/1228
o SketchUp.236
v 2.301665 0.740194 0.003987
v 2.301665 0.640469 0.010064
v 2.301665 0.740194 0.010064
v 2.301665 0.640469 0.003987
v 2.301665 0.740194 0.003987
v 2.235652 0.740194 0.010064
v 2.235652 0.740194 0.003987
v 2.301665 0.740194 0.010064
v 2.301665 0.740194 -0.001438
v 2.301665 0.640469 -0.000000
v 2.301665 0.640469 -0.001438
v 2.301665 0.640469 0.010064
v 2.235652 0.640469 0.003987
v 2.235652 0.640469 0.010064
v 2.301665 0.640469 0.003987
v 2.301665 0.640469 0.015489
v 2.301665 0.740194 0.015489
v 2.235652 0.640469 0.003987
v 2.235652 0.740194 0.010064
v 2.235652 0.640469 0.010064
v 2.235652 0.740194 0.003987
v 2.301665 0.740194 -0.001438
v 2.235652 0.740194 -0.000000
v 2.235652 0.740194 -0.001438
v 2.235652 0.740194 0.015489
v 2.301665 0.740194 0.015489
v 2.301665 0.640469 0.003987
v 2.235652 0.640469 -0.000000
v 2.235652 0.640469 0.003987
v 2.301665 0.640469 -0.000000
v 2.301665 0.740194 -0.012940
v 2.301665 0.640469 -0.012940
v 2.301665 0.640469 -0.000000
v 2.235652 0.640469 -0.001438
v 2.235652 0.640469 -0.000000
v 2.301665 0.640469 -0.001438
v 2.235652 0.740194 0.015489
v 2.235652 0.640469 0.015489
v 2.235652 0.640469 -0.000000
v 2.235652 0.740194 -0.000000
v 2.235652 0.740148 -0.000000
v 2.235652 0.640469 -0.001438
v 2.235652 0.740194 -0.001438
v 2.301665 0.740194 -0.012940
v 2.235652 0.740194 -0.012940
v 2.235652 0.640469 -0.012940
v 2.235652 0.740194 -0.012940
vn -1.0000 -0.0000 -0.0000
vn -0.0000 -1.0000 -0.0000
vn -0.0000 1.0000 -0.0000
vn 1.0000 -0.0000 -0.0000
vt 0.045487 8.445424
vt 0.114829 7.307585
vt 0.114829 8.445424
vt 0.045487 7.307585
vt -26.261400 -0.045487
vt -25.508209 -0.114829
vt -25.508209 -0.045487
vt -26.261400 -0.114829
vt -0.016404 8.445424
vt -0.000000 7.307585
vt -0.016404 7.307585
vt 26.261400 -0.114829
vt 25.508209 -0.045487
vt 25.508209 -0.114829
vt 26.261400 -0.045487
vt 0.176721 7.307585
vt 0.176721 8.445424
vt -0.045487 7.307585
vt -0.114829 8.445424
vt -0.114829 7.307585
vt -0.045487 8.445424
vt -26.261400 0.016404
vt -25.508209 0.000000
vt -25.508209 0.016404
vt -25.508209 -0.176721
vt -26.261400 -0.176721
vt 25.508209 -0.000000
vt 26.261400 -0.000000
vt -0.147638 8.445424
vt -0.147638 7.307585
vt 25.508209 0.016404
vt 26.261400 0.016404
vt -0.176721 8.445424
vt -0.176721 7.307585
vt 0.000000 8.445424
vt 0.000000 8.444898
vt 0.016404 7.307585
vt 0.016404 8.445424
vt -26.261400 0.147638
vt -25.508209 0.147638
vt 0.147638 7.307585
vt 0.147638 8.445424
s 1
usemtl Wood_Floor_Parquet
f 8097/6351/1230 8098/6352/1230 8099/6353/1230
f 8098/6352/1230 8097/6351/1230 8100/6354/1230
f 8101/6355/1231 8102/6356/1231 8103/6357/1231
f 8102/6356/1231 8101/6355/1231 8104/6358/1231
f 8105/6359/1230 8100/6354/1230 8097/6351/1230
f 8100/6354/1230 8105/6359/1230 8106/6360/1230
f 8106/6360/1230 8105/6359/1230 8107/6361/1230
f 8108/6362/1232 8109/6363/1232 8110/6364/1232
f 8109/6363/1232 8108/6362/1232 8111/6365/1232
f 8099/6353/1230 8112/6366/1230 8113/6367/1230
f 8112/6366/1230 8099/6353/1230 8098/6352/1230
f 8114/6368/1233 8115/6369/1233 8116/6370/1233
f 8115/6369/1233 8114/6368/1233 8117/6371/1233
f 8118/6372/1231 8119/6373/1231 8120/6374/1231
f 8119/6373/1231 8118/6372/1231 8103/6357/1231
f 8103/6357/1231 8118/6372/1231 8101/6355/1231
f 8104/6358/1231 8121/6375/1231 8102/6356/1231
f 8121/6375/1231 8104/6358/1231 8122/6376/1231
f 8123/6365/1232 8124/6377/1232 8125/6363/1232
f 8124/6377/1232 8123/6365/1232 8126/6378/1232
f 8127/6379/1230 8107/6361/1230 8105/6359/1230
f 8107/6361/1230 8127/6379/1230 8128/6380/1230
f 8129/6378/1232 8130/6381/1232 8131/6377/1232
f 8130/6381/1232 8129/6378/1232 8132/6382/1232
f 8116/6370/1233 8133/6383/1233 8134/6384/1233
f 8133/6383/1233 8116/6370/1233 8115/6369/1233
f 8135/6360/1233 8117/6371/1233 8114/6368/1233
f 8117/6371/1233 8135/6360/1233 8136/6385/1233
s 0
f 8136/6385/1233 8135/6360/1233 8137/6386/1233
s 1
f 8138/6387/1233 8137/6386/1233 8135/6360/1233
f 8137/6386/1233 8139/6388/1233 8136/6385/1233
f 8139/6388/1233 8137/6386/1233 8138/6387/1233
f 8140/6389/1231 8120/6374/1231 8141/6390/1231
f 8120/6374/1231 8140/6389/1231 8118/6372/1231
f 8142/6391/1233 8139/6388/1233 8138/6387/1233
f 8139/6388/1233 8142/6391/1233 8143/6392/1233
o SketchUp.237
v 2.010279 0.710953 0.003987
v 2.017595 0.719550 0.010064
v 2.010279 0.710953 0.010064
v 2.017595 0.719550 0.003987
v 2.003864 0.701150 0.003987
v 2.003864 0.701150 0.010064
v 2.010279 0.710953 -0.000000
v 2.017595 0.719550 0.003987
v 2.010279 0.710953 0.003987
v 2.017595 0.719550 -0.000000
v 2.025686 0.726794 0.003987
v 2.025686 0.726794 0.010064
v 2.010279 0.710953 0.010064
v 2.017595 0.719550 0.015489
v 2.010279 0.710953 0.015489
v 2.017595 0.719550 0.010064
v 1.998458 0.690309 0.003987
v 1.998458 0.690309 0.010064
v 2.003864 0.701150 -0.000000
v 2.003864 0.701150 0.003987
v 2.003864 0.701150 0.010064
v 2.003864 0.701150 0.015489
v 2.025686 0.726794 -0.000000
v 2.025686 0.726794 0.003987
v 2.010279 0.710953 -0.001438
v 2.017595 0.719550 -0.000000
v 2.010279 0.710953 -0.000000
v 2.017595 0.719550 -0.001438
v 2.034412 0.732561 0.003987
v 2.034412 0.732561 0.010064
v 2.025686 0.726794 0.010064
v 2.025686 0.726794 0.015489
v 1.994154 0.678615 0.003987
v 1.994154 0.678615 0.010064
v 1.998458 0.690309 -0.000000
v 1.998458 0.690309 0.003987
v 1.998458 0.690309 0.010064
v 1.998458 0.690309 0.015489
v 2.003864 0.701150 -0.001438
v 2.003864 0.701150 -0.000000
v 2.034412 0.732561 -0.000000
v 2.034412 0.732561 0.003987
v 2.025686 0.726794 -0.001438
v 2.025686 0.726794 -0.000000
v 2.010279 0.710953 -0.012940
v 2.017595 0.719550 -0.001438
v 2.010279 0.710953 -0.001438
v 2.017595 0.719550 -0.012940
v 2.043626 0.736752 0.003987
v 2.043626 0.736752 0.010064
v 2.034412 0.732561 0.010064
v 2.034412 0.732561 0.015489
v 1.991027 0.666268 0.003987
v 1.991027 0.666268 0.010064
v 1.994154 0.678615 -0.000000
v 1.994154 0.678615 0.003987
v 1.994154 0.678615 0.010064
v 1.994154 0.678615 0.015489
v 1.998458 0.690309 -0.001438
v 1.998458 0.690309 -0.000000
v 2.003864 0.701150 -0.012940
v 2.003864 0.701150 -0.001438
v 2.043626 0.736752 -0.000000
v 2.043626 0.736752 0.003987
v 2.034412 0.732561 -0.001438
v 2.034412 0.732561 -0.000000
v 2.025686 0.726794 -0.012940
v 2.025686 0.726794 -0.001438
v 2.053170 0.739295 0.003987
v 2.053170 0.739295 0.010064
v 2.043626 0.736752 0.010064
v 2.043626 0.736752 0.015489
v 1.989128 0.653480 0.003987
v 1.989128 0.653480 0.010064
v 1.991027 0.666268 -0.000000
v 1.991027 0.666268 0.003987
v 1.991027 0.666268 0.010064
v 1.991027 0.666268 0.015489
v 1.994154 0.678615 -0.001438
v 1.994154 0.678615 -0.000000
v 1.998458 0.690309 -0.012940
v 1.998458 0.690309 -0.001438
v 2.053170 0.739295 -0.000000
v 2.053170 0.739295 0.003987
v 2.043626 0.736752 -0.001438
v 2.043626 0.736752 -0.000000
v 2.034412 0.732561 -0.012940
v 2.034412 0.732561 -0.001438
v 2.062879 0.740148 0.003987
v 2.062879 0.740148 0.010064
v 2.053170 0.739295 0.010064
v 2.053170 0.739295 0.015489
v 1.988492 0.640469 0.003987
v 1.988492 0.640469 0.010064
v 1.989128 0.653480 -0.000000
v 1.989128 0.653480 0.003987
v 1.989128 0.653480 0.010064
v 1.989128 0.653480 0.015489
v 1.991027 0.666268 -0.001438
v 1.991027 0.666268 -0.000000
v 1.994154 0.678615 -0.012940
v 1.994154 0.678615 -0.001438
v 2.062879 0.740148 -0.000000
v 2.062879 0.740148 0.003987
v 2.053170 0.739295 -0.001438
v 2.053170 0.739295 -0.000000
v 2.043626 0.736752 -0.012940
v 2.043626 0.736752 -0.001438
v 2.062879 0.740148 0.010064
v 2.062879 0.640469 0.003987
v 2.062879 0.640469 0.010064
v 2.062879 0.740148 0.003987
v 2.062879 0.740148 0.015489
v 2.062879 0.640469 0.010064
v 1.988492 0.640469 0.003987
v 1.988492 0.640469 0.010064
v 2.062879 0.640469 0.003987
v 1.988492 0.640469 -0.000000
v 1.988492 0.640469 0.003987
v 1.988492 0.640469 0.010064
v 1.988492 0.640469 0.015489
v 1.989128 0.653480 -0.001438
v 1.989128 0.653480 -0.000000
v 1.991027 0.666268 -0.012940
v 1.991027 0.666268 -0.001438
v 2.062879 0.640469 -0.000000
v 2.062879 0.740148 -0.000000
v 2.062879 0.740148 -0.001438
v 2.062879 0.740148 -0.000000
v 2.053170 0.739295 -0.012940
v 2.053170 0.739295 -0.001438
v 2.062879 0.740148 0.015489
v 2.062879 0.640469 0.015489
v 2.062879 0.640469 0.003987
v 1.988492 0.640469 -0.000000
v 1.988492 0.640469 0.003987
v 2.062879 0.640469 -0.000000
v 1.988492 0.640469 -0.001438
v 1.988492 0.640469 -0.000000
v 1.989128 0.653480 -0.012940
v 1.989128 0.653480 -0.001438
v 2.062879 0.640469 -0.001438
v 2.062879 0.740148 -0.001438
v 2.062879 0.740148 -0.012940
v 2.062879 0.740148 -0.001438
v 2.062879 0.640469 -0.000000
v 1.988492 0.640469 -0.001438
v 1.988492 0.640469 -0.000000
v 2.062879 0.640469 -0.001438
v 1.988492 0.640469 -0.012940
v 1.988492 0.640469 -0.001438
v 2.062879 0.640469 -0.012940
v 2.062879 0.740148 -0.012940
vn 0.8007 -0.5990 -0.0000
vn 0.7159 -0.6982 -0.0000
vn 0.8673 -0.4978 -0.0000
vn 0.6108 -0.7918 -0.0000
vn 0.9181 -0.3964 -0.0000
vn 0.8673 -0.4977 -0.0000
vn 0.4842 -0.8750 -0.0000
vn 0.9552 -0.2959 -0.0000
vn 0.3369 -0.9415 -0.0000
vn 0.9805 -0.1965 -0.0000
vn 0.9805 -0.1964 -0.0000
vn 0.1731 -0.9849 -0.0000
vn 0.9952 -0.0980 -0.0000
vn 0.0875 -0.9962 -0.0000
vn 0.9988 -0.0488 -0.0000
vn -1.0000 -0.0000 -0.0000
vn -0.0000 1.0000 -0.0000
vt -0.045487 21.042429
vt -0.114829 21.171219
vt -0.114829 21.042429
vt -0.045487 21.171219
vt -0.045487 19.214119
vt -0.114829 19.347790
vt -0.114829 19.214119
vt -0.045487 19.347790
vt -0.000000 21.042429
vt -0.000000 21.171219
vt -0.045487 22.750639
vt -0.114829 22.626740
vt -0.045487 22.626740
vt -0.114829 22.750639
vt -0.176721 21.171219
vt -0.176721 21.042429
vt -0.045487 17.223669
vt -0.114829 17.361889
vt -0.114829 17.223669
vt -0.045487 17.361889
vt -0.000000 19.214119
vt -0.000000 19.347790
vt -0.176721 19.347790
vt -0.176721 19.214119
vt -0.000000 22.750639
vt -0.000000 22.626740
vt 0.016404 21.042429
vt 0.016404 21.171219
vt -0.045487 23.973869
vt -0.114829 23.854519
vt -0.045487 23.854519
vt -0.114829 23.973869
vt -0.176721 22.626740
vt -0.176721 22.750639
vt -0.045487 15.124559
vt -0.114829 15.266740
vt -0.114829 15.124559
vt -0.045487 15.266740
vt -0.000000 17.223669
vt -0.000000 17.361889
vt -0.176721 17.361889
vt -0.176721 17.223669
vt 0.016404 19.214119
vt 0.016404 19.347790
vt -0.000000 23.973869
vt -0.000000 23.854519
vt 0.016404 22.750639
vt 0.016404 22.626740
vt 0.147638 21.042429
vt 0.147638 21.171219
vt -0.045487 24.705189
vt -0.114829 24.589689
vt -0.045487 24.589689
vt -0.114829 24.705189
vt -0.176721 23.854519
vt -0.176721 23.973869
vt -0.045487 12.947740
vt -0.114829 13.093060
vt -0.114829 12.947740
vt -0.045487 13.093060
vt -0.000000 15.124559
vt -0.000000 15.266740
vt -0.176721 15.266740
vt -0.176721 15.124559
vt 0.016404 17.223669
vt 0.016404 17.361889
vt 0.147638 19.214119
vt 0.147638 19.347790
vt -0.000000 24.705189
vt -0.000000 24.589689
vt 0.016404 23.973869
vt 0.016404 23.854519
vt 0.147638 22.750639
vt 0.147638 22.626740
vt -0.045487 24.808329
vt -0.114829 24.695639
vt -0.045487 24.695639
vt -0.114829 24.808329
vt -0.176721 24.589689
vt -0.176721 24.705189
vt -0.045487 10.707660
vt -0.114829 10.855169
vt -0.114829 10.707660
vt -0.045487 10.855169
vt -0.000000 12.947740
vt -0.000000 13.093060
vt -0.176721 13.093060
vt -0.176721 12.947740
vt 0.016404 15.124559
vt 0.016404 15.266740
vt 0.147638 17.223669
vt 0.147638 17.361889
vt -0.000000 24.808329
vt -0.000000 24.695639
vt 0.016404 24.705189
vt 0.016404 24.589689
vt 0.147638 23.973869
vt 0.147638 23.854519
vt -0.045487 24.185509
vt -0.114829 24.074299
vt -0.045487 24.074299
vt -0.114829 24.185509
vt -0.176721 24.695639
vt -0.176721 24.808329
vt -0.045487 8.407281
vt -0.114829 8.555908
vt -0.114829 8.407281
vt -0.045487 8.555908
vt -0.000000 10.707660
vt -0.000000 10.855169
vt -0.176721 10.855169
vt -0.176721 10.707660
vt 0.016404 12.947740
vt 0.016404 13.093060
vt 0.147638 15.124559
vt 0.147638 15.266740
vt -0.000000 24.185509
vt -0.000000 24.074299
vt 0.016404 24.808329
vt 0.016404 24.695639
vt 0.147638 24.705189
vt 0.147638 24.589689
vt 0.114829 8.444898
vt 0.045487 7.307585
vt 0.114829 7.307585
vt 0.045487 8.444898
vt -0.176721 24.074299
vt -0.176721 24.185509
vt 23.536909 -0.114829
vt 22.688169 -0.045487
vt 22.688169 -0.114829
vt 23.536909 -0.045487
vt -0.000000 8.407281
vt -0.000000 8.555908
vt -0.176721 8.555908
vt -0.176721 8.407281
vt 0.016404 10.707660
vt 0.016404 10.855169
vt 0.147638 12.947740
vt 0.147638 13.093060
vt -0.000000 7.307585
vt -0.000000 8.444898
vt 0.016404 24.185509
vt 0.016404 24.074299
vt 0.147638 24.808329
vt 0.147638 24.695639
vt 0.176721 8.444898
vt 0.176721 7.307585
vt 22.688169 0.000000
vt 23.536909 0.000000
vt 0.016404 8.407281
vt 0.016404 8.555908
vt 0.147638 10.707660
vt 0.147638 10.855169
vt -0.016404 7.307585
vt -0.016404 8.444898
vt 0.147638 24.185509
vt 0.147638 24.074299
vt 22.688169 0.016404
vt 23.536909 0.016404
vt 0.147638 8.407281
vt 0.147638 8.555908
vt -0.147638 7.307585
vt -0.147638 8.444898
s 1
usemtl Wood_Floor_Parquet
f 8144/6393/1234 8145/6394/1235 8146/6395/1234
f 8145/6394/1235 8144/6393/1234 8147/6396/1235
f 8148/6397/1236 8146/6398/1234 8149/6399/1236
f 8146/6398/1234 8148/6397/1236 8144/6400/1234
f 8150/6401/1234 8151/6396/1235 8152/6393/1234
f 8151/6396/1235 8150/6401/1234 8153/6402/1235
f 8154/6403/1237 8145/6404/1235 8147/6405/1235
f 8145/6404/1235 8154/6403/1237 8155/6406/1237
f 8156/6395/1234 8157/6407/1235 8158/6408/1234
f 8157/6407/1235 8156/6395/1234 8159/6394/1235
f 8160/6409/1238 8149/6410/1236 8161/6411/1238
f 8149/6410/1236 8160/6409/1238 8148/6412/1236
f 8162/6413/1239 8152/6400/1234 8163/6397/1236
f 8152/6400/1234 8162/6413/1239 8150/6414/1234
f 8164/6399/1236 8158/6415/1234 8165/6416/1236
f 8158/6415/1234 8164/6399/1236 8156/6398/1234
f 8166/6417/1237 8151/6405/1235 8153/6418/1235
f 8151/6405/1235 8166/6417/1237 8167/6403/1237
f 8168/6419/1234 8169/6402/1235 8170/6401/1234
f 8169/6402/1235 8168/6419/1234 8171/6420/1235
f 8172/6421/1240 8155/6422/1237 8154/6423/1237
f 8155/6422/1237 8172/6421/1240 8173/6424/1240
f 8174/6406/1237 8157/6425/1235 8159/6404/1235
f 8157/6425/1235 8174/6406/1237 8175/6426/1237
f 8176/6427/1241 8161/6428/1238 8177/6429/1241
f 8161/6428/1238 8176/6427/1241 8160/6430/1238
f 8178/6431/1238 8163/6412/1236 8179/6409/1238
f 8163/6412/1236 8178/6431/1238 8162/6432/1239
f 8180/6411/1238 8165/6433/1236 8181/6434/1238
f 8165/6433/1236 8180/6411/1238 8164/6410/1236
f 8182/6435/1236 8170/6414/1234 8183/6413/1236
f 8170/6414/1234 8182/6435/1236 8168/6436/1234
f 8184/6437/1240 8167/6423/1237 8166/6438/1237
f 8167/6423/1237 8184/6437/1240 8185/6421/1240
f 8186/6439/1237 8169/6418/1235 8171/6440/1235
f 8169/6418/1235 8186/6439/1237 8187/6417/1237
f 8188/6441/1234 8189/6420/1235 8190/6419/1234
f 8189/6420/1235 8188/6441/1234 8191/6442/1235
f 8192/6443/1242 8173/6444/1240 8172/6445/1240
f 8173/6444/1240 8192/6443/1242 8193/6446/1242
f 8194/6424/1240 8175/6447/1237 8174/6422/1237
f 8175/6447/1237 8194/6424/1240 8195/6448/1240
f 8196/6449/1243 8177/6450/1241 8197/6451/1244
f 8177/6450/1241 8196/6449/1243 8176/6452/1241
f 8198/6453/1241 8179/6430/1238 8199/6427/1241
f 8179/6430/1238 8198/6453/1241 8178/6454/1238
f 8200/6429/1241 8181/6455/1238 8201/6456/1241
f 8181/6455/1238 8200/6429/1241 8180/6428/1238
f 8202/6457/1238 8183/6432/1236 8203/6431/1238
f 8183/6432/1236 8202/6457/1238 8182/6458/1236
f 8204/6459/1236 8190/6436/1234 8205/6435/1236
f 8190/6436/1234 8204/6459/1236 8188/6460/1234
f 8206/6461/1242 8185/6445/1240 8184/6462/1240
f 8185/6445/1240 8206/6461/1242 8207/6443/1242
f 8208/6463/1240 8187/6438/1237 8186/6464/1237
f 8187/6438/1237 8208/6463/1240 8209/6437/1240
f 8210/6465/1237 8189/6440/1235 8191/6466/1235
f 8189/6440/1235 8210/6465/1237 8211/6439/1237
f 8212/6467/1245 8193/6468/1242 8192/6469/1242
f 8193/6468/1242 8212/6467/1245 8213/6470/1245
f 8214/6446/1242 8195/6471/1240 8194/6444/1240
f 8195/6471/1240 8214/6446/1242 8215/6472/1242
f 8216/6473/1246 8197/6474/1244 8217/6475/1246
f 8197/6474/1244 8216/6473/1246 8196/6476/1243
f 8218/6477/1244 8199/6452/1241 8219/6449/1244
f 8199/6452/1241 8218/6477/1244 8198/6478/1241
f 8220/6451/1244 8201/6479/1241 8221/6480/1244
f 8201/6479/1241 8220/6451/1244 8200/6450/1241
f 8222/6481/1241 8203/6454/1238 8223/6453/1241
f 8203/6454/1238 8222/6481/1241 8202/6482/1238
f 8224/6483/1238 8205/6458/1236 8225/6457/1238
f 8205/6458/1236 8224/6483/1238 8204/6484/1236
f 8226/6485/1245 8207/6469/1242 8206/6486/1242
f 8207/6469/1242 8226/6485/1245 8227/6467/1245
f 8228/6487/1242 8209/6462/1240 8208/6488/1240
f 8209/6462/1240 8228/6487/1242 8229/6461/1242
f 8230/6489/1240 8211/6464/1237 8210/6490/1237
f 8211/6464/1237 8230/6489/1240 8231/6463/1240
f 8232/6491/1247 8213/6492/1245 8212/6493/1245
f 8213/6492/1245 8232/6491/1247 8233/6494/1247
f 8234/6470/1245 8215/6495/1242 8214/6468/1242
f 8215/6495/1242 8234/6470/1245 8235/6496/1245
f 8236/6497/1248 8217/6498/1246 8237/6499/1248
f 8217/6498/1246 8236/6497/1248 8216/6500/1246
f 8238/6501/1246 8219/6476/1244 8239/6473/1246
f 8219/6476/1244 8238/6501/1246 8218/6502/1244
f 8240/6475/1246 8221/6503/1244 8241/6504/1246
f 8221/6503/1244 8240/6475/1246 8220/6474/1244
f 8242/6505/1244 8223/6478/1241 8243/6477/1244
f 8223/6478/1241 8242/6505/1244 8222/6506/1241
f 8244/6507/1241 8225/6482/1238 8245/6481/1241
f 8225/6482/1238 8244/6507/1241 8224/6508/1238
f 8246/6509/1247 8227/6493/1245 8226/6510/1245
f 8227/6493/1245 8246/6509/1247 8247/6491/1247
f 8248/6511/1245 8229/6486/1242 8228/6512/1242
f 8229/6486/1242 8248/6511/1245 8249/6485/1245
f 8250/6513/1242 8231/6488/1240 8230/6514/1240
f 8231/6488/1240 8250/6513/1242 8251/6487/1242
f 8252/6515/1249 8253/6516/1249 8254/6517/1249
f 8253/6516/1249 8252/6515/1249 8255/6518/1249
f 8233/6494/1247 8235/6519/1245 8234/6492/1245
f 8235/6519/1245 8233/6494/1247 8256/6520/1247
f 8257/6521/1250 8258/6522/1250 8259/6523/1250
f 8258/6522/1250 8257/6521/1250 8260/6524/1250
f 8261/6525/1248 8239/6500/1246 8262/6497/1248
f 8239/6500/1246 8261/6525/1248 8238/6526/1246
f 8263/6499/1248 8241/6527/1246 8264/6528/1248
f 8241/6527/1246 8263/6499/1248 8240/6498/1246
f 8265/6529/1246 8243/6502/1244 8266/6501/1246
f 8243/6502/1244 8265/6529/1246 8242/6530/1244
f 8267/6531/1244 8245/6506/1241 8268/6505/1244
f 8245/6506/1241 8267/6531/1244 8244/6532/1241
f 8255/6518/1249 8269/6533/1249 8253/6516/1249
f 8269/6533/1249 8255/6518/1249 8270/6534/1249
f 8271/6535/1247 8249/6510/1245 8248/6536/1245
f 8249/6510/1245 8271/6535/1247 8272/6509/1247
f 8273/6537/1245 8251/6512/1242 8250/6538/1242
f 8251/6512/1242 8273/6537/1245 8274/6511/1245
f 8275/6539/1249 8254/6517/1249 8276/6540/1249
f 8254/6517/1249 8275/6539/1249 8252/6515/1249
f 8277/6524/1250 8278/6541/1250 8279/6522/1250
f 8278/6541/1250 8277/6524/1250 8280/6542/1250
f 8281/6543/1248 8266/6526/1246 8282/6525/1248
f 8266/6526/1246 8281/6543/1248 8265/6544/1246
f 8283/6545/1246 8268/6530/1244 8284/6529/1246
f 8268/6530/1244 8283/6545/1246 8267/6546/1244
f 8270/6534/1249 8285/6547/1249 8269/6533/1249
f 8285/6547/1249 8270/6534/1249 8286/6548/1249
f 8287/6549/1247 8274/6536/1245 8273/6550/1245
f 8274/6536/1245 8287/6549/1247 8288/6535/1247
f 8289/6542/1250 8290/6551/1250 8291/6541/1250
f 8290/6551/1250 8289/6542/1250 8292/6552/1250
f 8293/6553/1248 8284/6544/1246 8294/6543/1248
f 8284/6544/1246 8293/6553/1248 8283/6554/1246
f 8286/6548/1249 8295/6555/1249 8285/6547/1249
f 8295/6555/1249 8286/6548/1249 8296/6556/1249
o SketchUp.238
v 2.145469 0.640469 -0.000000
v 2.071956 0.640469 -0.001438
v 2.071956 0.640469 -0.000000
v 2.145469 0.640469 -0.001438
v 2.071956 0.640469 -0.001438
v 2.071956 0.740148 -0.000000
v 2.071956 0.640469 -0.000000
v 2.071956 0.740194 -0.000000
v 2.071956 0.740194 -0.001438
v 2.145469 0.640469 0.003987
v 2.071956 0.640469 -0.000000
v 2.071956 0.640469 0.003987
v 2.145469 0.640469 -0.000000
v 2.145469 0.740194 -0.001438
v 2.145469 0.640469 0.003987
v 2.145469 0.740194 0.003987
v 2.145469 0.640469 -0.000000
v 2.145469 0.640469 -0.001438
v 2.145469 0.740194 -0.001438
v 2.071956 0.740194 -0.000000
v 2.071956 0.740194 -0.001438
v 2.071956 0.740194 0.003987
v 2.145469 0.740194 0.003987
v 2.071956 0.740194 0.003987
v 2.071956 0.640469 0.003987
v 2.071956 0.640469 -0.012940
v 2.071956 0.740194 -0.012940
v 2.145469 0.640469 0.010064
v 2.071956 0.640469 0.003987
v 2.071956 0.640469 0.010064
v 2.145469 0.640469 0.003987
v 2.145469 0.640469 0.010064
v 2.145469 0.740194 0.010064
v 2.145469 0.740194 -0.012940
v 2.145469 0.640469 -0.012940
v 2.071956 0.740194 0.010064
v 2.145469 0.740194 0.010064
v 2.145469 0.740194 -0.012940
v 2.071956 0.740194 -0.012940
v 2.071956 0.740194 0.010064
v 2.071956 0.640469 0.010064
v 2.145469 0.640469 0.015489
v 2.145469 0.740194 0.015489
v 2.071956 0.740194 0.015489
v 2.145469 0.740194 0.015489
v 2.071956 0.740194 0.015489
v 2.071956 0.640469 0.015489
vn -0.0000 1.0000 -0.0000
vn 1.0000 -0.0000 -0.0000
vn -1.0000 -0.0000 -0.0000
vn -0.0000 -1.0000 -0.0000
vn -0.0001 1.0000 -0.0000
vt 24.479239 0.000000
vt 23.640480 0.016404
vt 23.640480 0.000000
vt 24.479239 0.016404
vt 0.016404 7.307585
vt 0.000000 8.444898
vt 0.000000 7.307585
vt 0.000000 8.445424
vt 0.016404 8.445424
vt 24.479239 -0.045487
vt 23.640480 -0.045487
vt -0.016404 8.445424
vt 0.045487 7.307585
vt 0.045487 8.445424
vt -0.016404 7.307585
vt -24.479239 0.016404
vt -23.640480 0.000000
vt -23.640480 0.016404
vt -23.640480 -0.045487
vt -24.479239 -0.045487
vt -0.045487 8.445424
vt -0.045487 7.307585
vt 0.147638 7.307585
vt 0.147638 8.445424
vt 24.479239 -0.114829
vt 23.640480 -0.114829
vt 0.114829 7.307585
vt 0.114829 8.445424
vt -0.147638 8.445424
vt -0.147638 7.307585
vt -23.640480 -0.114829
vt -24.479239 -0.114829
vt -24.479239 0.147638
vt -23.640480 0.147638
vt -0.114829 8.445424
vt -0.114829 7.307585
vt 0.176721 7.307585
vt 0.176721 8.445424
vt -23.640480 -0.176721
vt -24.479239 -0.176721
vt -0.176721 8.445424
vt -0.176721 7.307585
s 1
usemtl Wood_Floor_Parquet
f 8297/6557/1251 8298/6558/1251 8299/6559/1251
f 8298/6558/1251 8297/6557/1251 8300/6560/1251
f 8301/6561/1252 8302/6562/1252 8303/6563/1252
f 8302/6562/1252 8301/6561/1252 8304/6564/1252
f 8304/6564/1252 8301/6561/1252 8305/6565/1252
f 8306/6566/1251 8307/6559/1251 8308/6567/1251
f 8307/6559/1251 8306/6566/1251 8309/6557/1251
f 8310/6568/1253 8311/6569/1253 8312/6570/1253
f 8311/6569/1253 8310/6568/1253 8313/6563/1253
f 8313/6563/1253 8310/6568/1253 8314/6571/1253
f 8315/6572/1254 8316/6573/1254 8317/6574/1254
f 8316/6573/1254 8315/6572/1254 8318/6575/1254
f 8318/6575/1254 8315/6572/1254 8319/6576/1254
f 8303/6563/1252 8320/6577/1252 8321/6578/1252
f 8320/6577/1252 8303/6563/1252 8304/6564/1252
s 0
f 8304/6564/1255 8303/6563/1251 8302/6562/1251
s 1
f 8322/6579/1252 8305/6565/1252 8301/6561/1252
f 8305/6565/1252 8322/6579/1252 8323/6580/1252
f 8324/6581/1251 8325/6567/1251 8326/6582/1251
f 8325/6567/1251 8324/6581/1251 8327/6566/1251
f 8312/6570/1253 8328/6583/1253 8329/6584/1253
f 8328/6583/1253 8312/6570/1253 8311/6569/1253
f 8330/6585/1253 8314/6571/1253 8310/6568/1253
f 8314/6571/1253 8330/6585/1253 8331/6586/1253
f 8319/6576/1254 8332/6587/1254 8318/6575/1254
f 8332/6587/1254 8319/6576/1254 8333/6588/1254
f 8334/6589/1254 8317/6574/1254 8335/6590/1254
f 8317/6574/1254 8334/6589/1254 8315/6572/1254
f 8321/6578/1252 8336/6591/1252 8337/6592/1252
f 8336/6591/1252 8321/6578/1252 8320/6577/1252
f 8329/6584/1253 8338/6593/1253 8339/6594/1253
f 8338/6593/1253 8329/6584/1253 8328/6583/1253
f 8333/6588/1254 8340/6595/1254 8332/6587/1254
f 8340/6595/1254 8333/6588/1254 8341/6596/1254
f 8337/6592/1252 8342/6597/1252 8343/6598/1252
f 8342/6597/1252 8337/6592/1252 8336/6591/1252
o SketchUp.239
v 1.185068 0.736777 -0.007189
v 1.185068 0.736561 -0.007189
v 1.174282 0.735865 -0.007189
v 1.102426 0.630168 -0.007189
v 1.110681 0.501009 -0.007189
v 1.102426 0.501009 -0.007189
v 1.110681 0.622158 -0.007189
v 1.185068 0.622158 -0.007189
v 1.194145 0.622158 -0.007189
v 1.267659 0.622158 -0.007189
v 1.276250 0.622158 -0.007189
v 1.346092 0.622158 -0.007189
v 1.357841 0.622158 -0.007189
v 1.423854 0.622158 -0.007189
v 1.434144 0.622158 -0.007189
v 1.506029 0.622158 -0.007189
v 1.515748 0.622158 -0.007189
v 1.599034 0.622158 -0.007189
v 1.110681 0.630168 -0.007189
v 1.111317 0.643179 -0.007189
v 1.103133 0.644084 -0.007189
v 1.113216 0.655967 -0.007189
v 1.105242 0.657761 -0.007189
v 1.116343 0.668314 -0.007189
v 1.108717 0.670966 -0.007189
v 1.120647 0.680008 -0.007189
v 1.113498 0.683473 -0.007189
v 1.126053 0.690849 -0.007189
v 1.119503 0.695068 -0.007189
v 1.132469 0.700652 -0.007189
v 1.126631 0.705552 -0.007189
v 1.139784 0.709249 -0.007189
v 1.134759 0.714747 -0.007189
v 1.147875 0.716493 -0.007189
v 1.143747 0.722494 -0.007189
v 1.156601 0.722259 -0.007189
v 1.165815 0.726451 -0.007189
v 1.153443 0.728662 -0.007189
v 1.175359 0.728995 -0.007189
v 1.163679 0.733144 -0.007189
v 1.185068 0.729847 -0.007189
v 1.194145 0.729893 -0.007189
v 1.267659 0.729893 -0.007189
v 1.276250 0.729893 -0.007189
v 1.346092 0.729893 -0.007189
v 1.357841 0.729893 -0.007189
v 1.423854 0.729893 -0.007189
v 1.434144 0.729893 -0.007189
v 1.506029 0.729893 -0.007189
v 1.515748 0.730112 -0.007189
v 1.539487 0.732942 -0.007189
v 1.527720 0.735657 -0.007189
v 1.515748 0.736561 -0.007189
v 1.515748 0.736567 -0.007189
v 1.607471 0.490708 -0.007189
v 1.102426 0.490708 -0.007189
v 1.599034 0.501009 -0.007189
v 1.607471 0.630168 -0.007189
v 1.185068 0.501009 -0.007189
v 1.194145 0.501009 -0.007189
v 1.267659 0.501009 -0.007189
v 1.276250 0.501009 -0.007189
v 1.346092 0.501009 -0.007189
v 1.357841 0.501009 -0.007189
v 1.423854 0.501009 -0.007189
v 1.434144 0.501009 -0.007189
v 1.506029 0.501009 -0.007189
v 1.515748 0.501009 -0.007189
v 1.599034 0.630168 -0.007189
v 1.598322 0.643213 -0.007189
v 1.606687 0.644056 -0.007189
v 1.596196 0.656035 -0.007189
v 1.604346 0.657706 -0.007189
v 1.592694 0.668415 -0.007189
v 1.600489 0.670885 -0.007189
v 1.587876 0.680140 -0.007189
v 1.595183 0.683368 -0.007189
v 1.581823 0.691010 -0.007189
v 1.588517 0.694940 -0.007189
v 1.574640 0.700839 -0.007189
v 1.580606 0.705404 -0.007189
v 1.566449 0.709459 -0.007189
v 1.571585 0.714580 -0.007189
v 1.557391 0.716722 -0.007189
v 1.561610 0.722312 -0.007189
v 1.547620 0.722504 -0.007189
v 1.550849 0.728468 -0.007189
v 1.537304 0.726706 -0.007189
v 1.526619 0.729256 -0.007189
v 1.185068 0.630168 -0.007189
v 1.515748 0.630168 -0.007189
v 1.194145 0.630168 -0.007189
v 1.267659 0.630168 -0.007189
v 1.276250 0.630168 -0.007189
v 1.346092 0.630168 -0.007189
v 1.357841 0.630168 -0.007189
v 1.423854 0.630168 -0.007189
v 1.434144 0.630168 -0.007189
v 1.506029 0.630168 -0.007189
v 1.607471 0.490708 -0.007189
v 1.102426 0.490708 -0.000000
v 1.102426 0.490708 -0.007189
v 1.607471 0.490708 -0.000000
v 1.102426 0.501009 0.011502
v 1.102426 0.490708 -0.000000
v 1.102426 0.490708 0.011502
v 1.102426 0.501009 0.010064
v 1.102426 0.501009 -0.000000
v 1.102426 0.501009 -0.007189
v 1.102426 0.490708 -0.007189
v 1.185068 0.501009 -0.000000
v 1.110681 0.501009 -0.007189
v 1.110681 0.501009 -0.000000
v 1.185068 0.501009 -0.007189
v 1.185068 0.622158 -0.007189
v 1.185068 0.501009 -0.000000
v 1.185068 0.622158 -0.000000
v 1.185068 0.501009 -0.007189
v 1.185068 0.622158 -0.007189
v 1.110681 0.622158 -0.000000
v 1.110681 0.622158 -0.007189
v 1.185068 0.622158 -0.000000
v 1.110681 0.501009 -0.007189
v 1.110681 0.622158 -0.000000
v 1.110681 0.501009 -0.000000
v 1.110681 0.622158 -0.007189
v 1.102426 0.630168 -0.007189
v 1.102426 0.630168 -0.000000
v 1.103133 0.644084 -0.000000
v 1.102426 0.630168 -0.007189
v 1.102426 0.630168 -0.000000
v 1.103133 0.644084 -0.007189
v 1.105242 0.657761 -0.000000
v 1.105242 0.657761 -0.007189
v 1.108717 0.670966 -0.000000
v 1.108717 0.670966 -0.007189
v 1.113498 0.683473 -0.000000
v 1.113498 0.683473 -0.007189
v 1.119503 0.695068 -0.000000
v 1.119503 0.695068 -0.007189
v 1.126631 0.705552 -0.000000
v 1.126631 0.705552 -0.007189
v 1.134759 0.714747 -0.007189
v 1.134759 0.714747 -0.000000
v 1.143747 0.722494 -0.000000
v 1.143747 0.722494 -0.007189
v 1.153443 0.728662 -0.000000
v 1.153443 0.728662 -0.007189
v 1.163679 0.733144 -0.000000
v 1.163679 0.733144 -0.007189
v 1.174282 0.735865 -0.000000
v 1.174282 0.735865 -0.007189
v 1.185068 0.736777 -0.000000
v 1.185068 0.736777 -0.007189
v 1.185068 0.736561 -0.000000
v 1.185068 0.736777 0.011502
v 1.185068 0.736561 0.011502
v 1.185068 0.736777 -0.000000
v 1.185068 0.736561 -0.007189
v 1.185068 0.736777 -0.007189
v 1.194145 0.736561 -0.000000
v 1.185068 0.736561 -0.007189
v 1.185068 0.736561 -0.000000
v 1.515748 0.736561 -0.007189
v 1.267659 0.736561 -0.000000
v 1.515748 0.736561 -0.000000
v 1.515748 0.736567 0.011502
v 1.515748 0.736561 -0.000000
v 1.515748 0.736561 0.011502
v 1.515748 0.736567 -0.000000
v 1.515748 0.736561 -0.007189
v 1.515748 0.736567 -0.007189
v 1.527720 0.735657 -0.000000
v 1.515748 0.736567 -0.007189
v 1.515748 0.736567 -0.000000
v 1.527720 0.735657 -0.007189
v 1.539487 0.732942 -0.000000
v 1.539487 0.732942 -0.007189
v 1.550849 0.728468 -0.000000
v 1.550849 0.728468 -0.007189
v 1.561610 0.722312 -0.000000
v 1.561610 0.722312 -0.007189
v 1.571585 0.714580 -0.000000
v 1.571585 0.714580 -0.007189
v 1.580606 0.705404 -0.007189
v 1.580606 0.705404 -0.000000
v 1.588517 0.694940 -0.007189
v 1.588517 0.694940 -0.000000
v 1.595183 0.683368 -0.007189
v 1.595183 0.683368 -0.000000
v 1.600489 0.670885 -0.007189
v 1.600489 0.670885 -0.000000
v 1.604346 0.657706 -0.007189
v 1.604346 0.657706 -0.000000
v 1.606687 0.644056 -0.007189
v 1.606687 0.644056 -0.000000
v 1.607471 0.630168 -0.007189
v 1.607471 0.630168 -0.000000
v 1.607471 0.490708 -0.007189
v 1.607471 0.630168 -0.000000
v 1.607471 0.490708 -0.000000
v 1.607471 0.630168 -0.007189
v 1.102426 0.490708 0.011502
v 1.607471 0.490708 0.011502
v 1.102426 0.630168 0.011502
v 1.185068 0.501009 0.011502
v 1.110681 0.501009 0.010064
v 1.110681 0.501009 0.011502
v 1.185068 0.501009 0.011502
v 1.185068 0.622158 0.011502
v 1.110681 0.622158 0.011502
v 1.185068 0.622158 0.011502
v 1.110681 0.501009 0.011502
v 1.110681 0.622158 0.011502
v 1.110681 0.501009 0.010064
v 1.110681 0.501009 -0.007189
v 1.102426 0.501009 -0.000000
v 1.102426 0.501009 -0.007189
v 1.102426 0.501009 0.010064
v 1.110681 0.501009 0.010064
v 1.110681 0.501009 -0.000000
v 1.103133 0.644084 0.011502
v 1.102426 0.630168 -0.000000
v 1.102426 0.630168 0.011502
v 1.103133 0.644084 -0.000000
v 1.105242 0.657761 -0.000000
v 1.105242 0.657761 0.011502
v 1.108717 0.670966 -0.000000
v 1.108717 0.670966 0.011502
v 1.113498 0.683473 0.011502
v 1.113498 0.683473 -0.000000
v 1.119503 0.695068 -0.000000
v 1.119503 0.695068 0.011502
v 1.126631 0.705552 -0.000000
v 1.126631 0.705552 0.011502
v 1.134759 0.714747 0.011502
v 1.134759 0.714747 -0.000000
v 1.143747 0.722494 0.011502
v 1.143747 0.722494 -0.000000
v 1.153443 0.728662 0.011502
v 1.153443 0.728662 -0.000000
v 1.163679 0.733144 0.011502
v 1.163679 0.733144 -0.000000
v 1.174282 0.735865 0.011502
v 1.174282 0.735865 -0.000000
v 1.185068 0.736777 0.011502
v 1.185068 0.736777 -0.000000
v 1.515748 0.736561 0.011502
v 1.185068 0.736561 0.011502
v 1.527720 0.735657 0.011502
v 1.515748 0.736567 -0.000000
v 1.515748 0.736567 0.011502
v 1.527720 0.735657 -0.000000
v 1.539487 0.732942 0.011502
v 1.539487 0.732942 -0.000000
v 1.550849 0.728468 0.011502
v 1.550849 0.728468 -0.000000
v 1.561610 0.722312 0.011502
v 1.561610 0.722312 -0.000000
v 1.571585 0.714580 0.011502
v 1.571585 0.714580 -0.000000
v 1.580606 0.705404 -0.000000
v 1.580606 0.705404 0.011502
v 1.588517 0.694940 -0.000000
v 1.588517 0.694940 0.011502
v 1.595183 0.683368 -0.000000
v 1.595183 0.683368 0.011502
v 1.600489 0.670885 -0.000000
v 1.600489 0.670885 0.011502
v 1.604346 0.657706 -0.000000
v 1.604346 0.657706 0.011502
v 1.606687 0.644056 -0.000000
v 1.606687 0.644056 0.011502
v 1.607471 0.630168 -0.000000
v 1.607471 0.630168 0.011502
v 1.607471 0.630168 0.011502
v 1.607471 0.490708 0.011502
v 1.102426 0.501009 0.011502
v 1.110681 0.501009 0.011502
vn -0.0000 -0.0000 -1.0000
vn -0.0000 1.0000 -0.0000
vn -0.0000 -1.0000 -0.0000
vn -1.0000 -0.0000 -0.0000
vn 1.0000 -0.0000 -0.0000
vn -0.9948 0.1017 -0.0000
vn -0.9987 0.0507 -0.0000
vn -0.9790 0.2037 -0.0000
vn -0.9520 0.3062 -0.0000
vn -0.9125 0.4091 -0.0000
vn -0.8590 0.5120 -0.0000
vn -0.7897 0.6135 -0.0000
vn -0.7027 0.7115 -0.0000
vn -0.5964 0.8027 -0.0000
vn -0.4703 0.8825 -0.0000
vn -0.3259 0.9454 -0.0000
vn -0.1670 0.9860 -0.0000
vn -0.0843 0.9964 -0.0000
vn 0.1507 0.9886 -0.0000
vn 0.0758 0.9971 -0.0000
vn 0.2964 0.9551 -0.0000
vn 0.4326 0.9016 -0.0000
vn 0.5560 0.8312 -0.0000
vn 0.6644 0.7474 -0.0000
vn 0.7570 0.6534 -0.0000
vn 0.8337 0.5522 -0.0000
vn 0.8950 0.4460 -0.0000
vn 0.9416 0.3366 -0.0000
vn 0.9743 0.2253 -0.0000
vn 0.9936 0.1129 -0.0000
vn 0.9984 0.0564 -0.0000
vn -0.0000 -0.0000 -0.0000
vn 0.9984 0.0563 -0.0000
vt -13.521319 8.406435
vt -13.521319 8.403965
vt -13.398240 8.396029
vt -12.578390 7.190054
vt -12.672580 5.716378
vt -12.578390 5.716378
vt -12.672580 7.098664
vt -13.521319 7.098664
vt -13.624889 7.098664
vt -14.463650 7.098664
vt -14.561680 7.098664
vt -15.358560 7.098664
vt -15.492610 7.098664
vt -16.245810 7.098664
vt -16.363209 7.098664
vt -17.183399 7.098664
vt -17.294289 7.098664
vt -18.244560 7.098664
vt -12.672580 7.190054
vt -12.679840 7.338503
vt -12.586460 7.348823
vt -12.701500 7.484412
vt -12.610519 7.504876
vt -12.737189 7.625284
vt -12.650169 7.655543
vt -12.786289 7.758710
vt -12.704720 7.798244
vt -12.847970 7.882406
vt -12.773240 7.930540
vt -12.921169 7.994255
vt -12.854569 8.050165
vt -13.004640 8.092344
vt -12.947300 8.155074
vt -13.096950 8.174995
vt -13.049860 8.243471
vt -13.196520 8.240794
vt -13.301650 8.288613
vt -13.160480 8.313844
vt -13.410540 8.317636
vt -13.277269 8.364988
vt -13.521319 8.327366
vt -13.624889 8.327893
vt -14.463650 8.327893
vt -14.561680 8.327893
vt -15.358560 8.327893
vt -15.492610 8.327893
vt -16.245810 8.327893
vt -16.363209 8.327893
vt -17.183399 8.327893
vt -17.294289 8.330383
vt -17.565149 8.362675
vt -17.430889 8.393654
vt -17.294289 8.403965
vt -17.294289 8.404039
vt -18.340830 5.598846
vt -12.578390 5.598846
vt -18.244560 5.716378
vt -18.340830 7.190054
vt -13.521319 5.716378
vt -13.624889 5.716378
vt -14.463650 5.716378
vt -14.561680 5.716378
vt -15.358560 5.716378
vt -15.492610 5.716378
vt -16.245810 5.716378
vt -16.363209 5.716378
vt -17.183399 5.716378
vt -17.294289 5.716378
vt -18.244560 7.190054
vt -18.236429 7.338897
vt -18.331869 7.348511
vt -18.212179 7.485193
vt -18.305170 7.504257
vt -18.172230 7.626439
vt -18.261160 7.654626
vt -18.117250 7.760218
vt -18.200619 7.797047
vt -18.048189 7.884242
vt -18.124559 7.929082
vt -17.966230 7.996388
vt -18.034300 8.048472
vt -17.872780 8.094738
vt -17.931379 8.153174
vt -17.769419 8.177608
vt -17.817560 8.241397
vt -17.657940 8.243580
vt -17.694780 8.311631
vt -17.540239 8.291527
vt -17.418320 8.320627
vt -13.521319 7.190054
vt -17.294289 7.190054
vt -13.624889 7.190054
vt -14.463650 7.190054
vt -14.561680 7.190054
vt -15.358560 7.190054
vt -15.492610 7.190054
vt -16.245810 7.190054
vt -16.363209 7.190054
vt -17.183399 7.190054
vt -18.340830 0.082021
vt -12.578390 0.000000
vt -12.578390 0.082021
vt -18.340830 0.000000
vt 0.131234 5.716378
vt -0.000000 5.598846
vt 0.131234 5.598846
vt 0.114829 5.716378
vt -0.000000 5.716378
vt -0.082021 5.716378
vt -0.082021 5.598846
vt 13.521319 0.000000
vt 12.672580 0.082021
vt 12.672580 0.000000
vt 13.521319 0.082021
vt -0.082021 7.098664
vt -0.000000 7.098664
vt -13.521319 0.082021
vt -12.672580 0.000000
vt -12.672580 0.082021
vt -13.521319 0.000000
vt 0.082021 5.716378
vt 0.082021 7.098664
vt -0.082021 7.190054
vt -0.000000 7.190054
vt -0.000000 7.978036
vt -0.082021 7.819062
vt -0.000000 7.819062
vt -0.082021 7.978036
vt -0.000000 9.338992
vt -0.082021 9.181095
vt -0.000000 9.181095
vt -0.082021 9.338992
vt -0.000000 10.622720
vt -0.082021 10.466920
vt -0.000000 10.466920
vt -0.082021 10.622720
vt -0.000000 11.820740
vt -0.082021 11.667970
vt -0.000000 11.667970
vt -0.082021 11.820740
vt -0.000000 12.916780
vt -0.082021 12.767790
vt -0.000000 12.767790
vt -0.082021 12.916780
vt -0.000000 13.884419
vt -0.082021 13.739770
vt -0.000000 13.739770
vt -0.082021 13.884419
vt -0.082021 14.685040
vt -0.000000 14.545020
vt -0.000000 14.685040
vt -0.082021 14.545020
vt 0.000000 15.266729
vt -0.082021 15.131340
vt 0.000000 15.131340
vt -0.082021 15.266729
vt -0.000000 15.566489
vt -0.082021 15.435390
vt -0.000000 15.435390
vt -0.082021 15.566489
vt -0.000000 15.517690
vt -0.082021 15.390189
vt -0.000000 15.390189
vt -0.082021 15.517690
vt -0.000000 15.064600
vt -0.082021 14.939710
vt -0.000000 14.939710
vt -0.082021 15.064600
vt -0.000000 14.181490
vt -0.082021 14.057980
vt -0.000000 14.057980
vt -0.082021 14.181490
vt 0.000000 8.403965
vt -0.131234 8.406435
vt -0.131234 8.403965
vt 0.000000 8.406435
vt 0.082021 8.403965
vt 0.082021 8.406435
vt 13.624889 0.000000
vt 17.294289 0.082021
vt 14.463650 0.000000
vt 17.294289 0.000000
vt 0.131234 8.404039
vt 0.131234 8.403965
vt -0.000000 8.404039
vt -0.082021 8.403965
vt -0.082021 8.404039
vt 0.000000 -16.744390
vt 0.082021 -16.607389
vt 0.000000 -16.607389
vt 0.082021 -16.744390
vt -0.000000 -15.235260
vt 0.082021 -15.097469
vt -0.000000 -15.097469
vt 0.082021 -15.235260
vt -0.000000 -13.419080
vt 0.082021 -13.279759
vt -0.000000 -13.279759
vt 0.082021 -13.419080
vt -0.000000 -11.373620
vt 0.082021 -11.232170
vt -0.000000 -11.232170
vt 0.082021 -11.373620
vt 0.000000 -9.177879
vt 0.082021 -9.033869
vt 0.000000 -9.033869
vt 0.082021 -9.177879
vt 0.082021 -6.902695
vt 0.000000 -6.755877
vt 0.000000 -6.902695
vt 0.082021 -6.755877
vt 0.082021 -4.605347
vt 0.000000 -4.455678
vt 0.000000 -4.605347
vt 0.082021 -4.455678
vt 0.082021 -2.328182
vt 0.000000 -2.175809
vt 0.000000 -2.328182
vt 0.082021 -2.175809
vt 0.082021 -0.099997
vt 0.000000 0.054760
vt 0.000000 -0.099997
vt 0.082021 0.054760
vt 0.082021 2.061122
vt -0.000000 2.217798
vt -0.000000 2.061122
vt 0.082021 2.217798
vt 0.082021 4.144539
vt -0.000000 4.302558
vt -0.000000 4.144539
vt 0.082021 4.302558
vt 0.082021 6.143943
vt 0.000000 6.302652
vt 0.000000 6.143943
vt 0.082021 6.302652
vt 0.082021 5.598846
vt 0.082021 7.190054
vt -12.578390 -0.131234
vt -18.340830 -0.131234
vt 0.131234 7.190054
vt 13.521319 -0.131234
vt 12.672580 -0.114829
vt 12.672580 -0.131234
vt 0.131234 7.098664
vt -12.672580 -0.131234
vt -13.521319 -0.131234
vt -0.131234 5.716378
vt -0.131234 7.098664
vt -0.114829 5.716378
vt -12.578390 -0.114829
vt -12.672580 -0.114829
vt 0.131234 7.978036
vt 0.131234 7.819062
vt 0.131234 9.181095
vt 0.131234 9.338992
vt 0.131234 10.466920
vt 0.131234 10.622720
vt 0.131234 11.820740
vt 0.131234 11.667970
vt 0.131234 12.767790
vt 0.131234 12.916780
vt 0.131234 13.739770
vt 0.131234 13.884419
vt 0.131234 14.685040
vt 0.131234 14.545020
vt 0.131234 15.266729
vt 0.131234 15.131340
vt 0.131234 15.566489
vt 0.131234 15.435390
vt 0.131234 15.517690
vt 0.131234 15.390189
vt 0.131234 15.064600
vt 0.131234 14.939710
vt 0.131234 14.181490
vt 0.131234 14.057980
vt 17.294289 -0.131234
vt -0.131234 -16.744390
vt -0.131234 -16.607389
vt -0.131234 -15.235260
vt -0.131234 -15.097469
vt -0.131234 -13.419080
vt -0.131234 -13.279759
vt -0.131234 -11.373620
vt -0.131234 -11.232170
vt -0.131234 -9.177879
vt -0.131234 -9.033869
vt -0.131234 -6.755877
vt -0.131234 -6.902695
vt -0.131234 -4.455678
vt -0.131234 -4.605347
vt -0.131234 -2.175809
vt -0.131234 -2.328182
vt -0.131234 0.054760
vt -0.131234 -0.099997
vt -0.131234 2.217798
vt -0.131234 2.061122
vt -0.131234 4.302558
vt -0.131234 4.144539
vt -0.131234 6.302652
vt -0.131234 6.143943
vt -0.131234 7.190054
vt -0.131234 5.598846
s 1
usemtl Wood_Floor
f 8344/6599/1256 8345/6600/1256 8346/6601/1256
f 8347/6602/1256 8348/6603/1256 8349/6604/1256
f 8348/6603/1256 8347/6602/1256 8350/6605/1256
f 8350/6605/1256 8347/6602/1256 8351/6606/1256
f 8351/6606/1256 8347/6602/1256 8352/6607/1256
f 8352/6607/1256 8347/6602/1256 8353/6608/1256
f 8353/6608/1256 8347/6602/1256 8354/6609/1256
f 8354/6609/1256 8347/6602/1256 8355/6610/1256
f 8355/6610/1256 8347/6602/1256 8356/6611/1256
f 8356/6611/1256 8347/6602/1256 8357/6612/1256
f 8357/6612/1256 8347/6602/1256 8358/6613/1256
f 8358/6613/1256 8347/6602/1256 8359/6614/1256
f 8359/6614/1256 8347/6602/1256 8360/6615/1256
f 8360/6615/1256 8347/6602/1256 8361/6616/1256
f 8361/6616/1256 8347/6602/1256 8362/6617/1256
f 8362/6617/1256 8347/6602/1256 8363/6618/1256
f 8363/6618/1256 8347/6602/1256 8364/6619/1256
f 8363/6618/1256 8364/6619/1256 8365/6620/1256
f 8365/6620/1256 8364/6619/1256 8366/6621/1256
f 8365/6620/1256 8366/6621/1256 8367/6622/1256
f 8367/6622/1256 8366/6621/1256 8368/6623/1256
f 8367/6622/1256 8368/6623/1256 8369/6624/1256
f 8369/6624/1256 8368/6623/1256 8370/6625/1256
f 8369/6624/1256 8370/6625/1256 8371/6626/1256
f 8371/6626/1256 8370/6625/1256 8372/6627/1256
f 8371/6626/1256 8372/6627/1256 8373/6628/1256
f 8373/6628/1256 8372/6627/1256 8374/6629/1256
f 8373/6628/1256 8374/6629/1256 8375/6630/1256
f 8375/6630/1256 8374/6629/1256 8376/6631/1256
f 8375/6630/1256 8376/6631/1256 8377/6632/1256
f 8377/6632/1256 8376/6631/1256 8378/6633/1256
f 8377/6632/1256 8378/6633/1256 8379/6634/1256
f 8379/6634/1256 8378/6633/1256 8380/6635/1256
f 8380/6635/1256 8378/6633/1256 8381/6636/1256
f 8380/6635/1256 8381/6636/1256 8382/6637/1256
f 8382/6637/1256 8381/6636/1256 8383/6638/1256
f 8382/6637/1256 8383/6638/1256 8384/6639/1256
f 8384/6639/1256 8383/6638/1256 8385/6640/1256
f 8385/6640/1256 8383/6638/1256 8386/6641/1256
f 8386/6641/1256 8383/6638/1256 8387/6642/1256
f 8387/6642/1256 8383/6638/1256 8388/6643/1256
f 8388/6643/1256 8383/6638/1256 8389/6644/1256
f 8389/6644/1256 8383/6638/1256 8390/6645/1256
f 8390/6645/1256 8383/6638/1256 8391/6646/1256
f 8391/6646/1256 8383/6638/1256 8392/6647/1256
f 8392/6647/1256 8383/6638/1256 8393/6648/1256
f 8393/6648/1256 8383/6638/1256 8394/6649/1256
f 8394/6649/1256 8383/6638/1256 8395/6650/1256
f 8395/6650/1256 8383/6638/1256 8346/6601/1256
f 8395/6650/1256 8346/6601/1256 8396/6651/1256
f 8395/6650/1256 8396/6651/1256 8397/6652/1256
f 8396/6651/1256 8346/6601/1256 8345/6600/1256
f 8349/6604/1256 8398/6653/1256 8399/6654/1256
f 8398/6653/1256 8349/6604/1256 8400/6655/1256
f 8398/6653/1256 8400/6655/1256 8401/6656/1256
s 0
f 8400/6655/1257 8349/6604/1257 8348/6603/1257
f 8400/6655/1257 8348/6603/1257 8402/6657/1257
f 8400/6655/1258 8402/6657/1258 8403/6658/1258
f 8400/6655/1258 8403/6658/1258 8404/6659/1258
f 8400/6655/1257 8404/6659/1257 8405/6660/1257
f 8400/6655/1258 8405/6660/1258 8406/6661/1258
f 8400/6655/1258 8406/6661/1258 8407/6662/1258
f 8400/6655/1257 8407/6662/1257 8408/6663/1257
f 8400/6655/1258 8408/6663/1258 8409/6664/1258
f 8400/6655/1257 8409/6664/1257 8410/6665/1257
f 8400/6655/1257 8410/6665/1257 8411/6666/1257
s 1
f 8401/6656/1256 8400/6655/1256 8361/6616/1256
f 8401/6656/1256 8361/6616/1256 8412/6667/1256
f 8412/6667/1256 8361/6616/1256 8362/6617/1256
f 8401/6656/1256 8412/6667/1256 8413/6668/1256
f 8401/6656/1256 8413/6668/1256 8414/6669/1256
f 8414/6669/1256 8413/6668/1256 8415/6670/1256
f 8414/6669/1256 8415/6670/1256 8416/6671/1256
f 8416/6671/1256 8415/6670/1256 8417/6672/1256
f 8416/6671/1256 8417/6672/1256 8418/6673/1256
f 8418/6673/1256 8417/6672/1256 8419/6674/1256
f 8418/6673/1256 8419/6674/1256 8420/6675/1256
f 8420/6675/1256 8419/6674/1256 8421/6676/1256
f 8420/6675/1256 8421/6676/1256 8422/6677/1256
f 8422/6677/1256 8421/6676/1256 8423/6678/1256
f 8422/6677/1256 8423/6678/1256 8424/6679/1256
f 8424/6679/1256 8423/6678/1256 8425/6680/1256
f 8424/6679/1256 8425/6680/1256 8426/6681/1256
f 8426/6681/1256 8425/6680/1256 8427/6682/1256
f 8426/6681/1256 8427/6682/1256 8428/6683/1256
f 8428/6683/1256 8427/6682/1256 8429/6684/1256
f 8428/6683/1256 8429/6684/1256 8430/6685/1256
f 8430/6685/1256 8429/6684/1256 8431/6686/1256
f 8430/6685/1256 8431/6686/1256 8432/6687/1256
f 8430/6685/1256 8432/6687/1256 8394/6649/1256
f 8394/6649/1256 8432/6687/1256 8393/6648/1256
s 0
f 8433/6688/1257 8412/6667/1257 8362/6617/1257
f 8412/6667/1257 8433/6688/1257 8434/6689/1257
f 8434/6689/1258 8433/6688/1258 8435/6690/1258
f 8434/6689/1257 8435/6690/1257 8436/6691/1257
f 8434/6689/1258 8436/6691/1258 8437/6692/1258
f 8434/6689/1258 8437/6692/1258 8438/6693/1258
f 8434/6689/1258 8438/6693/1258 8439/6694/1258
f 8434/6689/1257 8439/6694/1257 8440/6695/1257
f 8434/6689/1258 8440/6695/1258 8441/6696/1258
f 8434/6689/1257 8441/6696/1257 8442/6697/1257
s 1
f 8434/6689/1256 8442/6697/1256 8392/6647/1256
f 8434/6689/1256 8392/6647/1256 8393/6648/1256
f 8390/6645/1256 8441/6696/1256 8440/6695/1256
f 8441/6696/1256 8390/6645/1256 8391/6646/1256
f 8388/6643/1256 8439/6694/1256 8438/6693/1256
f 8439/6694/1256 8388/6643/1256 8389/6644/1256
f 8386/6641/1256 8437/6692/1256 8436/6691/1256
f 8437/6692/1256 8386/6641/1256 8387/6642/1256
f 8384/6639/1256 8435/6690/1256 8433/6688/1256
f 8435/6690/1256 8384/6639/1256 8385/6640/1256
f 8359/6614/1256 8411/6666/1256 8410/6665/1256
f 8411/6666/1256 8359/6614/1256 8360/6615/1256
f 8357/6612/1256 8409/6664/1256 8408/6663/1256
f 8409/6664/1256 8357/6612/1256 8358/6613/1256
f 8355/6610/1256 8407/6662/1256 8406/6661/1256
f 8407/6662/1256 8355/6610/1256 8356/6611/1256
f 8353/6608/1256 8405/6660/1256 8404/6659/1256
f 8405/6660/1256 8353/6608/1256 8354/6609/1256
f 8351/6606/1256 8403/6658/1256 8402/6657/1256
f 8403/6658/1256 8351/6606/1256 8352/6607/1256
f 8443/6698/1258 8444/6699/1258 8445/6700/1258
f 8444/6699/1258 8443/6698/1258 8446/6701/1258
f 8447/6702/1259 8448/6703/1259 8449/6704/1259
f 8448/6703/1259 8447/6702/1259 8450/6705/1259
f 8448/6703/1259 8450/6705/1259 8451/6706/1259
f 8448/6703/1259 8451/6706/1259 8452/6707/1259
f 8448/6703/1259 8452/6707/1259 8453/6708/1259
f 8454/6709/1257 8455/6710/1257 8456/6711/1257
f 8455/6710/1257 8454/6709/1257 8457/6712/1257
f 8458/6713/1259 8459/6706/1259 8460/6714/1259
f 8459/6706/1259 8458/6713/1259 8461/6707/1259
f 8462/6715/1258 8463/6716/1258 8464/6717/1258
f 8463/6716/1258 8462/6715/1258 8465/6718/1258
f 8466/6719/1260 8467/6714/1260 8468/6706/1260
f 8467/6714/1260 8466/6719/1260 8469/6720/1260
f 8470/6721/1259 8451/6706/1259 8471/6722/1259
f 8451/6706/1259 8470/6721/1259 8452/6707/1259
f 8472/6723/1261 8473/6724/1262 8474/6725/1262
f 8473/6724/1262 8472/6723/1261 8475/6726/1261
f 8476/6727/1263 8475/6728/1261 8472/6729/1261
f 8475/6728/1261 8476/6727/1263 8477/6730/1263
f 8478/6731/1264 8477/6732/1263 8476/6733/1263
f 8477/6732/1263 8478/6731/1264 8479/6734/1264
f 8480/6735/1265 8479/6736/1264 8478/6737/1264
f 8479/6736/1264 8480/6735/1265 8481/6738/1265
f 8482/6739/1266 8481/6740/1265 8480/6741/1265
f 8481/6740/1265 8482/6739/1266 8483/6742/1266
f 8484/6743/1267 8483/6744/1266 8482/6745/1266
f 8483/6744/1266 8484/6743/1267 8485/6746/1267
f 8486/6747/1268 8484/6748/1267 8487/6749/1268
f 8484/6748/1267 8486/6747/1268 8485/6750/1267
f 8488/6751/1269 8486/6752/1268 8487/6753/1268
f 8486/6752/1268 8488/6751/1269 8489/6754/1269
f 8490/6755/1270 8489/6756/1269 8488/6757/1269
f 8489/6756/1269 8490/6755/1270 8491/6758/1270
f 8492/6759/1271 8491/6760/1270 8490/6761/1270
f 8491/6760/1270 8492/6759/1271 8493/6762/1271
f 8494/6763/1272 8493/6764/1271 8492/6765/1271
f 8493/6764/1271 8494/6763/1272 8495/6766/1272
f 8496/6767/1273 8495/6768/1272 8494/6769/1272
f 8495/6768/1272 8496/6767/1273 8497/6770/1273
f 8498/6771/1260 8499/6772/1260 8500/6773/1260
f 8499/6772/1260 8498/6771/1260 8501/6774/1260
f 8501/6774/1260 8498/6771/1260 8502/6775/1260
f 8501/6774/1260 8502/6775/1260 8503/6776/1260
f 8504/6777/1257 8505/6712/1257 8506/6709/1257
f 8505/6712/1257 8504/6777/1257 8507/6778/1257
f 8507/6778/1257 8504/6777/1257 8508/6779/1257
f 8507/6778/1257 8508/6779/1257 8509/6780/1257
f 8510/6781/1259 8511/6771/1259 8512/6782/1259
f 8511/6771/1259 8510/6781/1259 8513/6783/1259
f 8511/6771/1259 8513/6783/1259 8514/6784/1259
f 8514/6784/1259 8513/6783/1259 8515/6785/1259
f 8516/6786/1274 8517/6787/1275 8518/6788/1275
f 8517/6787/1275 8516/6786/1274 8519/6789/1274
f 8520/6790/1276 8519/6791/1274 8516/6792/1274
f 8519/6791/1274 8520/6790/1276 8521/6793/1276
f 8522/6794/1277 8521/6795/1276 8520/6796/1276
f 8521/6795/1276 8522/6794/1277 8523/6797/1277
f 8524/6798/1278 8523/6799/1277 8522/6800/1277
f 8523/6799/1277 8524/6798/1278 8525/6801/1278
f 8526/6802/1279 8525/6803/1278 8524/6804/1278
f 8525/6803/1278 8526/6802/1279 8527/6805/1279
f 8528/6806/1280 8526/6807/1279 8529/6808/1280
f 8526/6807/1279 8528/6806/1280 8527/6809/1279
f 8530/6810/1281 8529/6811/1280 8531/6812/1281
f 8529/6811/1280 8530/6810/1281 8528/6813/1280
f 8532/6814/1282 8531/6815/1281 8533/6816/1282
f 8531/6815/1281 8532/6814/1282 8530/6817/1281
f 8534/6818/1283 8533/6819/1282 8535/6820/1283
f 8533/6819/1282 8534/6818/1283 8532/6821/1282
f 8536/6822/1284 8535/6823/1283 8537/6824/1284
f 8535/6823/1283 8536/6822/1284 8534/6825/1283
f 8538/6826/1285 8537/6827/1284 8539/6828/1285
f 8537/6827/1284 8538/6826/1285 8536/6829/1284
f 8540/6830/1286 8539/6831/1285 8541/6832/1286
f 8539/6831/1285 8540/6830/1286 8538/6833/1285
f 8542/6834/1260 8543/6722/1260 8544/6703/1260
f 8543/6722/1260 8542/6834/1260 8545/6835/1260
f 8446/6701/1258 8546/6836/1258 8444/6699/1258
f 8546/6836/1258 8446/6701/1258 8547/6837/1258
f 8471/6722/1259 8447/6702/1259 8548/6838/1259
f 8447/6702/1259 8471/6722/1259 8450/6705/1259
f 8450/6705/1259 8471/6722/1259 8451/6706/1259
f 8549/6839/1257 8550/6840/1257 8551/6841/1257
f 8550/6840/1257 8549/6839/1257 8456/6711/1257
f 8456/6711/1257 8549/6839/1257 8454/6709/1257
f 8460/6714/1259 8552/6702/1259 8553/6842/1259
f 8552/6702/1259 8460/6714/1259 8459/6706/1259
f 8465/6718/1258 8554/6843/1258 8463/6716/1258
f 8554/6843/1258 8465/6718/1258 8555/6844/1258
f 8556/6845/1260 8467/6714/1260 8557/6846/1260
f 8467/6714/1260 8556/6845/1260 8558/6847/1260
f 8467/6714/1260 8558/6847/1260 8468/6706/1260
f 8559/6717/1258 8560/6699/1258 8561/6700/1258
f 8560/6699/1258 8559/6717/1258 8562/6848/1258
f 8562/6848/1258 8559/6717/1258 8563/6849/1258
s 0
f 8563/6849/1287 8559/6717/1287 8564/6716/1287
s 1
f 8565/6850/1261 8566/6725/1262 8567/6851/1262
f 8566/6725/1262 8565/6850/1261 8568/6723/1261
f 8569/6727/1263 8565/6852/1261 8570/6853/1263
f 8565/6852/1261 8569/6727/1263 8568/6729/1261
f 8571/6731/1264 8570/6854/1263 8572/6855/1264
f 8570/6854/1263 8571/6731/1264 8569/6733/1263
f 8573/6856/1265 8571/6737/1264 8572/6857/1264
f 8571/6737/1264 8573/6856/1265 8574/6735/1265
f 8575/6739/1266 8573/6858/1265 8576/6859/1266
f 8573/6858/1265 8575/6739/1266 8574/6741/1265
f 8577/6743/1267 8576/6860/1266 8578/6861/1267
f 8576/6860/1266 8577/6743/1267 8575/6745/1266
f 8579/6862/1268 8577/6748/1267 8578/6863/1267
f 8577/6748/1267 8579/6862/1268 8580/6749/1268
f 8581/6864/1269 8580/6753/1268 8579/6865/1268
f 8580/6753/1268 8581/6864/1269 8582/6751/1269
f 8583/6866/1270 8582/6757/1269 8581/6867/1269
f 8582/6757/1269 8583/6866/1270 8584/6755/1270
f 8585/6868/1271 8584/6761/1270 8583/6869/1270
f 8584/6761/1270 8585/6868/1271 8586/6759/1271
f 8587/6870/1272 8586/6765/1271 8585/6871/1271
f 8586/6765/1271 8587/6870/1272 8588/6763/1272
f 8589/6872/1273 8588/6769/1272 8587/6873/1272
f 8588/6769/1272 8589/6872/1273 8590/6767/1273
f 8591/6874/1257 8506/6709/1257 8592/6839/1257
f 8506/6709/1257 8591/6874/1257 8504/6777/1257
f 8504/6777/1257 8591/6874/1257 8508/6779/1257
f 8508/6779/1257 8591/6874/1257 8509/6780/1257
f 8593/6875/1274 8594/6788/1275 8595/6876/1275
f 8594/6788/1275 8593/6875/1274 8596/6786/1274
f 8597/6877/1276 8596/6792/1274 8593/6878/1274
f 8596/6792/1274 8597/6877/1276 8598/6790/1276
f 8599/6879/1277 8598/6796/1276 8597/6880/1276
f 8598/6796/1276 8599/6879/1277 8600/6794/1277
f 8601/6881/1278 8600/6800/1277 8599/6882/1277
f 8600/6800/1277 8601/6881/1278 8602/6798/1278
f 8603/6883/1279 8602/6804/1278 8601/6884/1278
f 8602/6804/1278 8603/6883/1279 8604/6802/1279
f 8605/6808/1280 8603/6885/1279 8606/6886/1280
f 8603/6885/1279 8605/6808/1280 8604/6807/1279
f 8607/6812/1281 8606/6887/1280 8608/6888/1281
f 8606/6887/1280 8607/6812/1281 8605/6811/1280
f 8609/6816/1282 8608/6889/1281 8610/6890/1282
f 8608/6889/1281 8609/6816/1282 8607/6815/1281
f 8611/6820/1283 8610/6891/1282 8612/6892/1283
f 8610/6891/1282 8611/6820/1283 8609/6819/1282
f 8613/6824/1284 8612/6893/1283 8614/6894/1284
f 8612/6893/1283 8613/6824/1284 8611/6823/1283
f 8615/6828/1285 8614/6895/1284 8616/6896/1285
f 8614/6895/1284 8615/6828/1285 8613/6827/1284
f 8617/6832/1286 8616/6897/1285 8618/6898/1288
f 8616/6897/1285 8617/6832/1286 8615/6831/1285
f 8544/6703/1260 8619/6899/1260 8620/6900/1260
f 8619/6899/1260 8544/6703/1260 8543/6722/1260
f 8563/6849/1258 8621/6836/1258 8562/6848/1258
f 8621/6836/1258 8563/6849/1258 8622/6843/1258
o SketchUp.240
v 2.476845 0.632459 -0.000000
v 2.393559 0.511310 -0.000000
v 2.476845 0.511310 -0.000000
v 2.393456 0.511310 -0.000000
v 2.393456 0.632459 -0.000000
v 2.393559 0.632459 -0.000000
v 2.393559 0.632459 -0.000000
v 2.476845 0.632459 -0.000000
v 2.393456 0.632459 -0.000000
v 2.393456 0.511310 -0.000000
v 2.393559 0.511310 -0.000000
v 2.476845 0.511310 -0.000000
vn -0.0000 -0.0000 1.0000
vn -0.0000 -1.0000 -0.0000
vn -0.0000 1.0000 -0.0000
vn -0.0000 -0.0000 -1.0000
s 1
usemtl Translucent_Glass_Blue
f 8623//1289 8624//1289 8625//1289
f 8624//1289 8623//1289 8626//1289
f 8626//1289 8623//1289 8627//1289
s 0
f 8627//1290 8623//1290 8628//1290
f 8629//1291 8630//1291 8631//1291
s 1
f 8631//1292 8630//1292 8632//1292
f 8632//1292 8630//1292 8633//1292
f 8634//1292 8633//1292 8630//1292
o SketchUp.241
v 2.311955 0.640469 -0.000000
v 2.301665 0.740148 -0.000000
v 2.301665 0.640469 -0.000000
v 2.311955 0.740148 -0.000000
v 2.311955 0.740148 -0.000000
v 2.311955 0.640469 -0.000000
v 2.301665 0.740148 -0.000000
v 2.301665 0.640469 -0.000000
v 2.311955 0.640469 -0.000000
v 2.301665 0.632459 -0.000000
v 2.311955 0.632459 -0.000000
v 2.301665 0.640469 -0.000000
v 2.301665 0.640469 -0.000000
v 2.311955 0.640469 -0.000000
v 2.301665 0.632459 -0.000000
v 2.311955 0.632459 -0.000000
v 2.301665 0.640469 -0.000000
v 2.235652 0.632459 -0.000000
v 2.301665 0.632459 -0.000000
v 2.235652 0.640469 -0.000000
v 2.235652 0.640469 -0.000000
v 2.301665 0.640469 -0.000000
v 2.235652 0.632459 -0.000000
v 2.301665 0.632459 -0.000000
v 2.235652 0.640469 -0.000000
v 2.223903 0.632459 -0.000000
v 2.235652 0.632459 -0.000000
v 2.223903 0.640469 -0.000000
v 2.223903 0.640469 -0.000000
v 2.235652 0.640469 -0.000000
v 2.223903 0.632459 -0.000000
v 2.235652 0.632459 -0.000000
v 2.235652 0.640469 -0.000000
v 2.223903 0.740148 -0.000000
v 2.223903 0.640469 -0.000000
v 2.235652 0.740148 -0.000000
v 2.235652 0.740148 -0.000000
v 2.235652 0.640469 -0.000000
v 2.223903 0.740148 -0.000000
v 2.223903 0.640469 -0.000000
v 2.223903 0.640469 -0.000000
v 2.154060 0.632459 -0.000000
v 2.223903 0.632459 -0.000000
v 2.154060 0.640469 -0.000000
v 2.154060 0.640469 -0.000000
v 2.223903 0.640469 -0.000000
v 2.154060 0.632459 -0.000000
v 2.223903 0.632459 -0.000000
v 2.235652 0.632459 -0.000000
v 2.223903 0.511310 -0.000000
v 2.235652 0.511310 -0.000000
v 2.223903 0.632459 -0.000000
v 2.223903 0.632459 -0.000000
v 2.235652 0.632459 -0.000000
v 2.223903 0.511310 -0.000000
v 2.235652 0.511310 -0.000000
v 2.154060 0.640469 -0.000000
v 2.145469 0.632459 -0.000000
v 2.154060 0.632459 -0.000000
v 2.071956 0.632459 -0.000000
v 2.145469 0.640469 -0.000000
v 2.071956 0.640469 -0.000000
v 2.145469 0.640469 -0.000000
v 2.071956 0.632459 -0.000000
v 2.071956 0.640469 -0.000000
v 2.154060 0.640469 -0.000000
v 2.145469 0.632459 -0.000000
v 2.154060 0.632459 -0.000000
v 2.071956 0.640469 -0.000000
v 2.062879 0.632459 -0.000000
v 2.071956 0.632459 -0.000000
v 2.062879 0.640469 -0.000000
v 2.062879 0.640469 -0.000000
v 2.071956 0.640469 -0.000000
v 2.062879 0.632459 -0.000000
v 2.071956 0.632459 -0.000000
v 2.071956 0.740148 -0.000000
v 2.062879 0.640469 -0.000000
v 2.071956 0.640469 -0.000000
v 2.062879 0.740148 -0.000000
v 2.062879 0.740148 -0.000000
v 2.071956 0.740148 -0.000000
v 2.062879 0.640469 -0.000000
v 2.071956 0.640469 -0.000000
v 2.071956 0.632459 -0.000000
v 2.062879 0.511310 -0.000000
v 2.071956 0.511310 -0.000000
v 2.062879 0.632459 -0.000000
v 2.062879 0.632459 -0.000000
v 2.071956 0.632459 -0.000000
v 2.062879 0.511310 -0.000000
v 2.071956 0.511310 -0.000000
vn -0.0000 -0.0000 -1.0000
vn -0.0000 -0.0000 1.0000
vt 0.000000 0.000000
vt 13.189400 3.653793
vt 13.130700 4.222449
vt 13.130700 3.653793
vt 13.189400 4.222449
vt 13.130700 3.608098
vt 13.189400 3.608098
vt 12.754100 3.608098
vt 12.754100 3.653793
vt 12.687070 3.608098
vt 12.687070 3.653793
vt 12.687070 4.222449
vt 12.754100 4.222449
vt 12.288630 3.608098
vt 12.288630 3.653793
vt 12.687070 2.916955
vt 12.754100 2.916955
vt 12.239619 3.608098
vt 11.820240 3.608098
vt 12.239619 3.653793
vt 11.820240 3.653793
vt 11.768459 3.608098
vt 11.768459 3.653793
vt 11.820240 4.222449
vt 11.768459 4.222449
vt 11.768459 2.916955
vt 11.820240 2.916955
s 1
usemtl Translucent_Glass_Blue
f 8639/6901/1293 8640/6901/1293 8641/6901/1293
f 8642/6901/1293 8641/6901/1293 8640/6901/1293
f 8647/6901/1293 8648/6901/1293 8649/6901/1293
f 8650/6901/1293 8649/6901/1293 8648/6901/1293
f 8655/6901/1293 8656/6901/1293 8657/6901/1293
f 8658/6901/1293 8657/6901/1293 8656/6901/1293
f 8663/6901/1293 8664/6901/1293 8665/6901/1293
f 8666/6901/1293 8665/6901/1293 8664/6901/1293
f 8671/6901/1293 8672/6901/1293 8673/6901/1293
f 8674/6901/1293 8673/6901/1293 8672/6901/1293
f 8679/6901/1293 8680/6901/1293 8681/6901/1293
f 8682/6901/1293 8681/6901/1293 8680/6901/1293
f 8687/6901/1293 8688/6901/1293 8689/6901/1293
f 8690/6901/1293 8689/6901/1293 8688/6901/1293
f 8697/6901/1293 8698/6901/1293 8699/6901/1293
f 8697/6901/1293 8700/6901/1293 8698/6901/1293
f 8698/6901/1293 8700/6901/1293 8701/6901/1293
f 8702/6901/1293 8701/6901/1293 8700/6901/1293
f 8707/6901/1293 8708/6901/1293 8709/6901/1293
f 8710/6901/1293 8709/6901/1293 8708/6901/1293
f 8715/6901/1293 8716/6901/1293 8717/6901/1293
f 8718/6901/1293 8717/6901/1293 8716/6901/1293
f 8723/6901/1293 8724/6901/1293 8725/6901/1293
f 8726/6901/1293 8725/6901/1293 8724/6901/1293
usemtl Stone_Flagstone_Ashlar
f 8635/6902/1294 8636/6903/1294 8637/6904/1294
f 8636/6903/1294 8635/6902/1294 8638/6905/1294
f 8643/6902/1294 8644/6906/1294 8645/6907/1294
f 8644/6906/1294 8643/6902/1294 8646/6904/1294
f 8651/6904/1294 8652/6908/1294 8653/6906/1294
f 8652/6908/1294 8651/6904/1294 8654/6909/1294
f 8659/6909/1294 8660/6910/1294 8661/6908/1294
f 8660/6910/1294 8659/6909/1294 8662/6911/1294
f 8667/6909/1294 8668/6912/1294 8669/6911/1294
f 8668/6912/1294 8667/6909/1294 8670/6913/1294
f 8675/6911/1294 8676/6914/1294 8677/6910/1294
f 8676/6914/1294 8675/6911/1294 8678/6915/1294
f 8683/6908/1294 8684/6916/1294 8685/6917/1294
f 8684/6916/1294 8683/6908/1294 8686/6910/1294
f 8691/6915/1294 8692/6918/1294 8693/6914/1294
f 8692/6918/1294 8691/6915/1294 8694/6919/1294
f 8694/6919/1294 8691/6915/1294 8695/6920/1294
f 8696/6921/1294 8694/6919/1294 8695/6920/1294
f 8703/6921/1294 8704/6922/1294 8705/6919/1294
f 8704/6922/1294 8703/6921/1294 8706/6923/1294
f 8711/6924/1294 8712/6923/1294 8713/6921/1294
f 8712/6923/1294 8711/6924/1294 8714/6925/1294
f 8719/6919/1294 8720/6926/1294 8721/6927/1294
f 8720/6926/1294 8719/6919/1294 8722/6922/1294
o SketchUp.242
v 2.154060 0.640469 -0.000000
v 2.071956 0.640469 -0.000000
v 2.145469 0.640469 -0.000000
v 2.154060 0.740148 -0.000000
v 2.071956 0.740148 -0.000000
v 2.071956 0.740148 -0.000000
v 2.154060 0.740148 -0.000000
v 2.071956 0.640469 -0.000000
v 2.154060 0.640469 -0.000000
v 2.145469 0.640469 -0.000000
v 2.223903 0.740148 -0.000000
v 2.154060 0.640469 -0.000000
v 2.223903 0.640469 -0.000000
v 2.154060 0.740148 -0.000000
v 2.154060 0.740148 -0.000000
v 2.223903 0.740148 -0.000000
v 2.154060 0.640469 -0.000000
v 2.223903 0.640469 -0.000000
vn -0.0000 -1.0000 -0.0000
vn -0.0000 -0.0000 1.0000
vn -0.0000 -0.0000 -1.0000
vn -0.0000 1.0000 -0.0000
s 0
usemtl Translucent_Glass_Blue
f 8727//1295 8728//1295 8729//1295
s 1
f 8728//1296 8727//1296 8730//1296
f 8728//1296 8730//1296 8731//1296
f 8732//1297 8733//1297 8734//1297
f 8733//1297 8735//1297 8734//1297
s 0
f 8736//1298 8734//1298 8735//1298
s 1
f 8737//1296 8738//1296 8739//1296
f 8738//1296 8737//1296 8740//1296
f 8741//1297 8742//1297 8743//1297
f 8744//1297 8743//1297 8742//1297
o SketchUp.243
v 1.988014 0.632459 -0.000000
v 1.988014 0.511310 -0.000000
v 1.988492 0.632459 -0.000000
v 1.988492 0.632459 -0.000000
v 1.988014 0.511310 -0.000000
v 1.988014 0.632459 -0.000000
vn -0.0000 -0.0000 -1.0000
vn -0.0000 -0.0000 1.0000
vt 0.000000 0.000000
vt 11.341360 3.608098
vt 11.341360 2.916955
vt 11.344090 3.608098
s 1
usemtl Translucent_Glass_Blue
f 8748/6928/1299 8749/6928/1299 8750/6928/1299
usemtl Stone_Flagstone_Ashlar
f 8745/6929/1300 8746/6930/1300 8747/6931/1300
o SketchUp.244
v 2.223903 0.632459 -0.000000
v 2.154060 0.511310 -0.000000
v 2.223903 0.511310 -0.000000
v 2.154060 0.632459 -0.000000
v 2.154060 0.632459 -0.000000
v 2.223903 0.632459 -0.000000
v 2.154060 0.511310 -0.000000
v 2.223903 0.511310 -0.000000
vn -0.0000 -0.0000 1.0000
vn -0.0000 -0.0000 -1.0000
s 1
usemtl Translucent_Glass_Blue
f 8751//1301 8752//1301 8753//1301
f 8752//1301 8751//1301 8754//1301
f 8755//1302 8756//1302 8757//1302
f 8758//1302 8757//1302 8756//1302
o SketchUp.245
v 2.301665 0.740148 -0.000000
v 2.235652 0.640469 -0.000000
v 2.301665 0.640469 -0.000000
v 2.235652 0.740148 -0.000000
v 2.235652 0.740148 -0.000000
v 2.301665 0.740148 -0.000000
v 2.235652 0.640469 -0.000000
v 2.301665 0.640469 -0.000000
vn -0.0000 -0.0000 1.0000
vn -0.0000 -0.0000 -1.0000
s 1
usemtl Translucent_Glass_Blue
f 8759//1303 8760//1303 8761//1303
f 8760//1303 8759//1303 8762//1303
f 8763//1304 8764//1304 8765//1304
f 8766//1304 8765//1304 8764//1304
o SketchUp.246
v 2.383840 0.632459 -0.000000
v 2.311955 0.511310 -0.000000
v 2.383840 0.511310 -0.000000
v 2.311955 0.632459 -0.000000
v 2.311955 0.632459 -0.000000
v 2.383840 0.632459 -0.000000
v 2.311955 0.511310 -0.000000
v 2.383840 0.511310 -0.000000
vn -0.0000 -0.0000 1.0000
vn -0.0000 -0.0000 -1.0000
s 1
usemtl Translucent_Glass_Blue
f 8767//1305 8768//1305 8769//1305
f 8768//1305 8767//1305 8770//1305
f 8771//1306 8772//1306 8773//1306
f 8774//1306 8773//1306 8772//1306
o SketchUp.247
v 2.062879 0.640469 -0.000000
v 1.989128 0.653480 -0.000000
v 1.988492 0.640469 -0.000000
v 2.062879 0.740148 -0.000000
v 1.991027 0.666268 -0.000000
v 1.994154 0.678615 -0.000000
v 1.998458 0.690309 -0.000000
v 2.003864 0.701150 -0.000000
v 2.010279 0.710953 -0.000000
v 2.017595 0.719550 -0.000000
v 2.025686 0.726794 -0.000000
v 2.034412 0.732561 -0.000000
v 2.043626 0.736752 -0.000000
v 2.053170 0.739295 -0.000000
v 2.053170 0.739295 -0.000000
v 2.062879 0.740148 -0.000000
v 2.043626 0.736752 -0.000000
v 2.034412 0.732561 -0.000000
v 2.025686 0.726794 -0.000000
v 2.017595 0.719550 -0.000000
v 2.010279 0.710953 -0.000000
v 2.003864 0.701150 -0.000000
v 1.998458 0.690309 -0.000000
v 1.994154 0.678615 -0.000000
v 1.991027 0.666268 -0.000000
v 1.989128 0.653480 -0.000000
v 2.062879 0.640469 -0.000000
v 1.988492 0.640469 -0.000000
vn -0.0000 -0.0000 1.0000
vn -0.0000 -0.0000 -1.0000
s 1
usemtl Translucent_Glass_Blue
f 8775//1307 8776//1307 8777//1307
f 8776//1307 8775//1307 8778//1307
f 8776//1307 8778//1307 8779//1307
f 8779//1307 8778//1307 8780//1307
f 8780//1307 8778//1307 8781//1307
f 8781//1307 8778//1307 8782//1307
f 8782//1307 8778//1307 8783//1307
f 8783//1307 8778//1307 8784//1307
f 8784//1307 8778//1307 8785//1307
f 8785//1307 8778//1307 8786//1307
f 8786//1307 8778//1307 8787//1307
f 8787//1307 8778//1307 8788//1307
f 8789//1308 8790//1308 8791//1308
f 8791//1308 8790//1308 8792//1308
f 8792//1308 8790//1308 8793//1308
f 8793//1308 8790//1308 8794//1308
f 8794//1308 8790//1308 8795//1308
f 8795//1308 8790//1308 8796//1308
f 8796//1308 8790//1308 8797//1308
f 8797//1308 8790//1308 8798//1308
f 8798//1308 8790//1308 8799//1308
f 8799//1308 8790//1308 8800//1308
f 8790//1308 8801//1308 8800//1308
f 8802//1308 8800//1308 8801//1308
o SketchUp.248
v 2.393456 0.632459 -0.000000
v 2.383840 0.511310 -0.000000
v 2.393456 0.511310 -0.000000
v 2.383840 0.632459 -0.000000
v 2.383840 0.632459 -0.000000
v 2.393456 0.632459 -0.000000
v 2.383840 0.511310 -0.000000
v 2.393456 0.511310 -0.000000
vn -0.0000 -0.0000 -1.0000
vn -0.0000 -0.0000 1.0000
vt 0.000000 0.000000
vt 13.654349 3.608098
vt 13.599489 2.916955
vt 13.654349 2.916955
vt 13.599489 3.608098
s 1
usemtl Translucent_Glass_Blue
f 8807/6932/1309 8808/6932/1309 8809/6932/1309
f 8810/6932/1309 8809/6932/1309 8808/6932/1309
usemtl Stone_Flagstone_Ashlar
f 8803/6933/1310 8804/6934/1310 8805/6935/1310
f 8804/6934/1310 8803/6933/1310 8806/6936/1310
o SketchUp.249
v 2.476097 0.653514 -0.000000
v 2.476845 0.640469 0.010064
v 2.476132 0.653514 0.010064
v 2.473865 0.666336 -0.000000
v 2.476845 0.640469 0.003987
v 2.476845 0.640469 -0.000000
v 2.476132 0.653514 0.010064
v 2.476845 0.640469 0.015489
v 2.476132 0.653514 0.015489
v 2.476845 0.640469 0.010064
v 2.474007 0.666336 0.010064
v 2.476132 0.653514 -0.001438
v 2.476097 0.653514 -0.000000
v 2.473865 0.666336 -0.000000
v 2.476845 0.640469 0.003987
v 2.393559 0.640469 -0.000000
v 2.393559 0.640469 0.003987
v 2.476845 0.640469 -0.000000
v 2.476845 0.640469 0.010064
v 2.393559 0.640469 0.003987
v 2.393559 0.640469 0.010064
v 2.476845 0.640469 0.003987
v 2.476845 0.640469 -0.001438
v 2.476845 0.640469 -0.000000
v 2.474007 0.666336 0.015489
v 2.474007 0.666336 0.010064
v 2.476132 0.653514 0.003987
v 2.476132 0.653514 0.010064
v 2.476845 0.640469 0.003987
v 2.470188 0.678716 -0.000000
v 2.474007 0.666336 -0.001438
v 2.393559 0.640469 -0.000000
v 2.393559 0.680060 0.003987
v 2.393559 0.640469 0.003987
v 2.476845 0.640469 -0.000000
v 2.393559 0.640469 -0.001438
v 2.393559 0.640469 -0.000000
v 2.476845 0.640469 -0.001438
v 2.393559 0.740412 0.010064
v 2.393559 0.640469 0.010064
v 2.470505 0.678716 0.015489
v 2.470505 0.678716 0.010064
v 2.474007 0.666336 0.003987
v 2.474007 0.666336 0.010064
v 2.470505 0.678716 0.010064
v 2.470188 0.678716 -0.000000
v 2.474007 0.666336 -0.001438
v 2.476132 0.653514 -0.012940
v 2.476132 0.653514 -0.001438
v 2.474007 0.666336 -0.012940
v 2.476845 0.640469 -0.001438
v 2.476845 0.640469 -0.012940
v 2.393559 0.680060 0.003987
v 2.389395 0.740412 -0.000000
v 2.393559 0.740412 0.010064
v 2.393559 0.640469 -0.000000
v 2.393559 0.640469 -0.001438
v 2.389395 0.740412 -0.000000
v 2.393559 0.640469 -0.000000
v 2.393559 0.740412 0.003987
v 2.393559 0.740412 0.015489
v 2.393559 0.640469 0.015489
v 2.465687 0.690441 0.010064
v 2.465687 0.690441 0.015489
v 2.470505 0.678716 0.003987
v 2.470505 0.678716 0.010064
v 2.465129 0.690441 -0.000000
v 2.470505 0.678716 -0.001438
v 2.470505 0.678716 -0.012940
v 2.470505 0.678716 -0.001438
v 2.400809 0.739558 -0.000000
v 2.393559 0.740412 0.010064
v 2.389395 0.740412 -0.000000
v 2.389395 0.740412 -0.000000
v 2.393559 0.640469 -0.001438
v 2.393559 0.740412 -0.001438
v 2.404429 0.739558 0.003987
v 2.393559 0.740412 0.010064
v 2.393559 0.740412 0.003987
v 2.404429 0.739558 0.010064
v 2.404429 0.739558 0.010064
v 2.393559 0.740412 0.015489
v 2.393559 0.740412 0.010064
v 2.404429 0.739558 0.015489
v 2.459634 0.701311 0.010064
v 2.459634 0.701311 0.015489
v 2.465687 0.690441 0.010064
v 2.465687 0.690441 0.003987
v 2.465129 0.690441 -0.000000
v 2.465687 0.690441 -0.012940
v 2.465687 0.690441 -0.001438
v 2.404429 0.739558 -0.001438
v 2.400809 0.739558 -0.000000
v 2.389395 0.740412 -0.000000
v 2.404429 0.739558 0.010064
v 2.393559 0.740412 -0.001438
v 2.393559 0.640469 -0.012940
v 2.393559 0.740412 -0.001438
v 2.393559 0.640469 -0.001438
v 2.393559 0.740412 -0.012940
v 2.415115 0.737007 0.003987
v 2.415115 0.737007 0.010064
v 2.415115 0.737007 0.015489
v 2.452451 0.711140 0.010064
v 2.452451 0.711140 0.015489
v 2.458773 0.701311 -0.000000
v 2.459634 0.701311 0.010064
v 2.459634 0.701311 0.003987
v 2.459634 0.701311 0.010064
v 2.465687 0.690441 -0.001438
v 2.459634 0.701311 -0.012940
v 2.459634 0.701311 -0.001438
v 2.415115 0.737007 -0.001438
v 2.412028 0.737007 -0.000000
v 2.404429 0.739558 -0.012940
v 2.393559 0.740412 -0.001438
v 2.393559 0.740412 -0.012940
v 2.404429 0.739558 -0.001438
v 2.425431 0.732805 0.003987
v 2.425431 0.732805 0.010064
v 2.415115 0.737007 0.010064
v 2.425431 0.732805 0.010064
v 2.425431 0.732805 0.015489
v 2.444260 0.719760 0.015489
v 2.444260 0.719760 0.010064
v 2.451231 0.711140 -0.000000
v 2.452451 0.711140 0.010064
v 2.452451 0.711140 0.003987
v 2.452451 0.711140 0.010064
v 2.458773 0.701311 -0.000000
v 2.459634 0.701311 -0.001438
v 2.452451 0.711140 -0.012940
v 2.452451 0.711140 -0.001438
v 2.415115 0.737007 -0.012940
v 2.415115 0.737007 -0.001438
v 2.412028 0.737007 -0.000000
v 2.435202 0.727023 0.003987
v 2.435202 0.727023 0.010064
v 2.422860 0.732805 -0.000000
v 2.425431 0.732805 0.010064
v 2.435202 0.727023 0.010064
v 2.435202 0.727023 0.015489
v 2.442631 0.719760 -0.000000
v 2.444260 0.719760 0.010064
v 2.444260 0.719760 0.003987
v 2.444260 0.719760 0.010064
v 2.451231 0.711140 -0.000000
v 2.452451 0.711140 -0.001438
v 2.444260 0.719760 -0.001438
v 2.444260 0.719760 -0.012940
v 2.425431 0.732805 -0.012940
v 2.425431 0.732805 -0.001438
v 2.425431 0.732805 -0.001438
v 2.422860 0.732805 -0.000000
v 2.433120 0.727023 -0.000000
v 2.435202 0.727023 0.010064
v 2.442631 0.719760 -0.000000
v 2.444260 0.719760 -0.001438
v 2.435202 0.727023 -0.001438
v 2.435202 0.727023 -0.012940
v 2.435202 0.727023 -0.001438
v 2.433120 0.727023 -0.000000
vn -0.9935 -0.1138 0.0027
vn -0.9984 -0.0561 0.0014
vn -0.9937 -0.1115 0.0056
vn -0.9740 -0.2263 0.0115
vn -0.9984 -0.0573 -0.0000
vn -0.9940 -0.1092 -0.0000
vn -0.9985 -0.0546 -0.0000
vn -0.9750 -0.2217 0.0173
vn -0.9932 -0.1128 -0.0274
vn -0.9933 -0.1134 -0.0237
vn -0.9700 -0.2247 -0.0931
vn -0.0000 1.0000 -0.0000
vn -0.9984 -0.0571 -0.0017
vn -0.9759 -0.2182 -0.0000
vn -0.9409 -0.3378 0.0261
vn -0.9699 -0.2221 -0.0998
vn 1.0000 -0.0000 -0.0000
vn -0.9451 -0.3267 -0.0000
vn -0.9431 -0.3308 0.0344
vn -0.9222 -0.3314 -0.1993
vn 0.9234 0.0385 -0.3820
vn 0.9233 0.0385 -0.3820
vn 0.9991 0.0416 -0.0000
vn -0.9009 -0.4341 -0.0000
vn -0.9009 -0.4340 -0.0000
vn -0.8932 -0.4473 0.0449
vn -0.9226 -0.3242 -0.2090
vn -0.1335 -0.9898 0.0492
vn -0.0764 -0.9966 0.0296
vn -0.0746 -0.9967 0.0309
vn 0.3264 -0.0000 0.9452
vn -0.1557 -0.9878 -0.0000
vn -0.0783 -0.9969 -0.0000
vn -0.8421 -0.5393 -0.0000
vn -0.8973 -0.4379 0.0553
vn -0.8450 -0.4265 -0.3226
vn -0.1860 -0.8633 -0.4692
vn -0.0914 -0.9695 -0.2274
vn -0.0755 -0.9746 -0.2108
vn -0.1687 -0.9840 0.0571
vn -0.0764 -0.9722 -0.2211
vn -0.3056 -0.9522 -0.0000
vn -0.7677 -0.6408 -0.0000
vn -0.8303 -0.5534 0.0656
vn -0.8371 -0.5415 0.0777
vn -0.8475 -0.4112 -0.3356
vn -0.2795 -0.7474 -0.6028
vn -0.2817 -0.9553 0.0898
vn -0.4445 -0.8958 -0.0000
vn -0.3123 -0.9457 0.0905
vn -0.6768 -0.7362 -0.0000
vn -0.7514 -0.6543 0.0851
vn -0.7619 -0.6401 0.0986
vn -0.7436 -0.5042 -0.4390
vn -0.7503 -0.4782 -0.4566
vn -0.2179 -0.8588 -0.4637
vn -0.5688 -0.8224 -0.0000
vn -0.4199 -0.9006 0.1123
vn -0.4454 -0.8889 0.1074
vn -0.6610 -0.7426 0.1077
vn -0.6764 -0.7284 0.1095
vn -0.6319 -0.5662 -0.5293
vn -0.6441 -0.5276 -0.5539
vn -0.3622 -0.6660 -0.6521
vn -0.3217 -0.7563 -0.5697
vn -0.5453 -0.8298 0.1189
vn -0.5656 -0.8173 0.1101
vn -0.5222 -0.6208 -0.5847
vn -0.5412 -0.5680 -0.6200
vn -0.4474 -0.6103 -0.6537
vn -0.4197 -0.6800 -0.6012
vt 0.100008 5.904556
vt 0.214867 5.755491
vt 0.214838 5.904556
vt 0.099918 2.650229
vt 0.100008 2.501734
vt 0.214838 2.501734
vt 0.000000 5.826609
vt 0.045487 5.677521
vt 0.114829 5.677521
vt 0.000000 5.677521
vt 0.114829 5.904514
vt 0.176721 5.755450
vt 0.176721 5.904514
vt 0.114829 5.755450
vt 0.397924 2.885513
vt 0.513106 2.737221
vt 0.512764 2.885513
vt -0.716253 2.504668
vt -0.699843 2.504668
vt -0.699213 2.653162
vt 28.260149 -0.045487
vt 27.309879 -0.000000
vt 27.309879 -0.045487
vt 28.260149 -0.000000
vt 28.260149 -0.114829
vt 27.309879 -0.114829
vt -0.016404 5.677521
vt 0.176721 2.884323
vt 0.114829 2.736031
vt 0.176721 2.736031
vt 0.114829 2.884323
vt 0.045487 5.904514
vt 0.045487 5.755450
vt 0.397332 -0.599813
vt 0.397924 -0.747157
vt 0.512764 -0.747157
vt -2.788757 2.929492
vt -2.791139 2.781218
vt -2.772273 2.929492
vt -0.716454 5.756423
vt -0.699843 5.905487
vt -0.716253 5.905487
vt 0.000000 7.307585
vt -0.045487 7.759303
vt -0.045487 7.307585
vt 27.309879 0.016404
vt 28.260149 0.016404
vt -0.114829 8.447914
vt -0.114829 7.307585
vt 0.176721 -0.221083
vt 0.114829 -0.367872
vt 0.176721 -0.367872
vt 0.114829 -0.221083
vt 0.045487 2.884323
vt 0.045487 2.736031
vt 0.887274 -0.212504
vt 1.003418 -0.359287
vt 1.002160 -0.212504
vt -2.788757 -0.671484
vt -2.772273 -0.671484
vt -2.768153 -0.524197
vt -0.016404 2.884323
vt -0.147638 2.736031
vt -0.016404 2.736031
vt -0.147638 2.884323
vt -0.147638 5.904514
vt -0.016404 5.755450
vt -0.016404 5.904514
vt -0.147638 5.755450
vt -10.483650 6.783378
vt -10.423460 7.472500
vt -10.547729 7.472500
vt -10.441620 6.331326
vt 0.016404 6.164325
vt 0.000000 7.305643
vt 0.000000 6.164325
vt -0.045487 8.447914
vt -0.176721 8.447914
vt -0.176721 7.307585
vt 0.114829 -3.407086
vt 0.176721 -3.551721
vt 0.176721 -3.407086
vt 0.114829 -3.551721
vt 0.045487 -0.221083
vt 0.045487 -0.367872
vt 0.885457 -3.899633
vt 0.887274 -4.045324
vt 1.002160 -4.045324
vt -6.093657 -0.010766
vt -6.068256 0.135771
vt -6.085054 0.135771
vt -0.147638 -0.221083
vt -0.016404 -0.367872
vt -0.016404 -0.221083
vt -0.147638 -0.367872
vt 10.473249 -24.546799
vt 10.547729 -24.426060
vt 10.423460 -24.426060
vt 25.769730 8.447914
vt 25.820000 7.307585
vt 25.820000 8.447914
vt 0.045487 -26.687809
vt 0.114829 -26.563400
vt 0.045487 -26.563400
vt 0.114829 -26.687809
vt 0.176721 -26.563400
vt 0.176721 -26.687809
vt 0.114829 -6.661512
vt 0.176721 -6.803467
vt 0.176721 -6.661512
vt 0.114829 -6.803467
vt 1.556816 -3.372659
vt 1.674865 -3.517262
vt 1.671822 -3.372659
vt 0.045487 -3.407086
vt 0.045487 -3.551721
vt -6.085054 -3.551382
vt -6.068256 -3.551382
vt -6.055827 -3.406210
vt -0.147638 -3.407086
vt -0.016404 -3.551721
vt -0.016404 -3.407086
vt -0.147638 -3.551721
vt -25.503380 -8.228776
vt -25.458929 -8.228776
vt -25.337889 -8.179732
vt 9.395144 -24.982809
vt 9.353155 -24.865700
vt 9.273109 -24.982809
vt -25.937239 -6.711711
vt -25.769730 -6.670073
vt -25.820000 -6.670073
vt 0.147638 7.307585
vt 0.016404 8.447914
vt 0.016404 7.307585
vt 0.147638 8.447914
vt 0.045487 -24.850500
vt 0.114829 -24.725170
vt 0.045487 -24.725170
vt 0.114829 -24.850500
vt 0.176721 -24.725170
vt 0.176721 -24.850500
vt 0.114829 -9.959428
vt 0.176721 -10.098330
vt 0.176721 -9.959428
vt 0.114829 -10.098330
vt 2.390048 -6.563318
vt 2.511180 -6.705150
vt 2.505296 -6.563318
vt 0.045487 -6.661512
vt 0.045487 -6.803467
vt 1.552802 -7.211130
vt 1.556816 -7.354740
vt 1.671822 -7.354740
vt -10.212680 -2.167966
vt -10.175200 -2.024705
vt -10.192790 -2.024705
vt -0.147638 -6.661512
vt -0.016404 -6.803467
vt -0.016404 -6.661512
vt -0.147638 -6.803467
vt -25.616690 -3.959459
vt -25.458929 -3.905876
vt -25.503380 -3.905876
vt 9.316444 -23.196779
vt 9.395144 -23.072859
vt 9.273109 -23.072859
vt -0.147638 -26.687809
vt -0.016404 -26.563400
vt -0.147638 -26.563400
vt -0.016404 -26.687809
vt 0.045487 -22.474600
vt 0.114829 -22.347500
vt 0.045487 -22.347500
vt 0.114829 -22.474600
vt 8.189274 -23.490540
vt 8.153528 -23.370409
vt 8.069165 -23.490540
vt 0.176721 -22.347500
vt 0.176721 -22.474600
vt 0.176721 -13.257400
vt 0.114829 -13.393069
vt 0.176721 -13.393069
vt 0.114829 -13.257400
vt 3.364875 -9.736913
vt 3.490405 -9.875465
vt 3.480544 -9.736913
vt 0.045487 -9.959428
vt 0.045487 -10.098330
vt 2.382716 -10.479569
vt 2.390048 -10.620740
vt 2.505296 -10.620740
vt -10.192790 -5.632140
vt -10.175200 -5.632140
vt -10.148970 -5.490889
vt -14.462359 -3.294601
vt -14.407769 -3.157149
vt -14.426889 -3.157149
vt -0.147638 -9.959428
vt -0.016404 -10.098330
vt -0.016404 -9.959428
vt -0.147638 -10.098330
vt -0.147638 -24.850500
vt -0.016404 -24.725170
vt -0.147638 -24.725170
vt -0.016404 -24.850500
vt -24.985720 -6.245733
vt -24.946869 -6.245733
vt -24.830830 -6.184345
vt 0.045487 -19.687229
vt 0.114829 -19.557690
vt 0.045487 -19.557690
vt 0.114829 -19.687229
vt 8.105403 -21.345980
vt 8.189274 -21.218460
vt 8.069165 -21.218460
vt 6.960043 -21.450380
vt 6.930913 -21.326670
vt 6.841527 -21.450380
vt 0.176721 -19.557690
vt 0.176721 -19.687229
vt 0.114829 -16.620640
vt 0.176721 -16.488159
vt 0.114829 -16.488159
vt 0.176721 -16.620640
vt 4.453726 -12.832310
vt 4.584985 -12.967159
vt 4.570051 -12.832310
vt 0.045487 -13.257400
vt 0.045487 -13.393069
vt 3.353069 -13.635550
vt 3.364875 -13.773979
vt 3.480544 -13.773979
vt -14.426889 -6.554388
vt -14.407769 -6.554388
vt -14.363580 -6.420116
vt -18.167419 -3.422879
vt -18.092890 -3.294494
vt -18.114399 -3.294494
vt -0.016404 -13.257400
vt -0.147638 -13.393069
vt -0.016404 -13.393069
vt -0.147638 -13.257400
vt -0.147638 -22.474600
vt -0.016404 -22.347500
vt -0.147638 -22.347500
vt -0.016404 -22.474600
vt -25.092409 -2.594005
vt -24.946869 -2.524947
vt -24.985720 -2.524947
vt 0.045487 -16.620640
vt 0.045487 -16.488159
vt -24.160759 -5.361513
vt -24.127150 -5.361513
vt -24.019279 -5.284453
vt 6.870496 -19.079350
vt 6.960043 -18.948139
vt 6.841527 -18.948139
vt 5.741631 -18.976820
vt 5.719045 -18.849260
vt 5.624370 -18.976820
vt 4.570051 -16.177080
vt 4.553534 -16.045639
vt 4.453726 -16.177080
vt -18.114399 -6.456449
vt -18.092890 -6.456449
vt -18.029409 -6.332869
vt -20.921509 -2.863088
vt -20.991579 -2.979262
vt -20.896719 -2.863088
vt -0.147638 -16.620640
vt -0.016404 -16.488159
vt -0.147638 -16.488159
vt -0.016404 -16.620640
vt -0.147638 -19.687229
vt -0.016404 -19.557690
vt -0.147638 -19.557690
vt -0.016404 -19.687229
vt -24.160759 -2.136263
vt -24.258049 -2.221783
vt -24.127150 -2.136263
vt -22.873230 -5.357737
vt -22.844360 -5.357737
vt -22.748030 -5.264055
vt 5.646356 -16.471680
vt 5.741631 -16.336920
vt 5.624370 -16.336920
vt -20.921509 -5.869173
vt -20.896719 -5.869173
vt -20.815350 -5.759522
vt -22.873230 -2.352409
vt -22.958279 -2.453978
vt -22.844360 -2.352409
s 1
usemtl Wood_Floor_Parquet
f 8811/6937/1311 8812/6938/1312 8813/6939/1313
f 8814/6940/1314 8811/6941/1311 8813/6942/1313
f 8811/6943/1311 8815/6944/1315 8812/6945/1312
f 8815/6944/1315 8811/6943/1311 8816/6946/1315
f 8817/6947/1316 8818/6948/1317 8819/6949/1316
f 8818/6948/1317 8817/6947/1316 8820/6950/1317
f 8814/6951/1314 8813/6952/1313 8821/6953/1318
f 8822/6954/1319 8823/6955/1320 8824/6956/1321
f 8825/6957/1322 8826/6958/1322 8827/6959/1322
f 8826/6958/1322 8825/6957/1322 8828/6960/1322
f 8829/6961/1322 8830/6959/1322 8831/6962/1322
f 8830/6959/1322 8829/6961/1322 8832/6957/1322
f 8833/6963/1323 8834/6946/1315 8823/6943/1320
f 8835/6964/1324 8817/6965/1316 8819/6966/1316
f 8817/6965/1316 8835/6964/1324 8836/6967/1324
f 8837/6968/1316 8820/6950/1317 8838/6947/1316
f 8820/6950/1317 8837/6968/1316 8839/6969/1317
f 8840/6970/1325 8814/6971/1314 8821/6972/1318
f 8841/6973/1326 8822/6974/1319 8824/6975/1321
f 8833/6976/1323 8823/6977/1320 8822/6978/1319
f 8842/6979/1327 8843/6980/1327 8844/6981/1327
f 8845/6960/1322 8846/6982/1322 8847/6958/1322
f 8846/6982/1322 8845/6960/1322 8848/6983/1322
f 8844/6981/1327 8849/6984/1327 8850/6985/1327
f 8849/6984/1327 8844/6981/1327 8843/6980/1327
f 8851/6986/1328 8836/6987/1324 8835/6988/1324
f 8836/6987/1324 8851/6986/1328 8852/6989/1328
f 8853/6990/1324 8838/6965/1316 8854/6967/1324
f 8838/6965/1316 8853/6990/1324 8837/6991/1316
f 8840/6992/1325 8821/6993/1318 8855/6994/1329
f 8841/6995/1326 8824/6996/1321 8856/6997/1330
f 8857/6998/1324 8858/6999/1316 8859/7000/1316
f 8858/6999/1316 8857/6998/1324 8860/7001/1324
f 8858/7002/1316 8861/7003/1317 8859/7004/1316
f 8861/7003/1317 8858/7002/1316 8862/7005/1317
f 8863/7006/1331 8864/7007/1332 8865/7008/1332
f 8864/7007/1332 8863/7006/1331 8866/7009/1331
f 8867/7010/1333 8868/7011/1333 8869/7012/1333
f 8870/7013/1327 8849/6984/1327 8843/6980/1327
f 8850/6985/1327 8871/7014/1327 8872/7015/1327
f 8871/7014/1327 8850/6985/1327 8849/6984/1327
f 8873/7016/1334 8851/7017/1328 8874/7018/1335
f 8851/7017/1328 8873/7016/1334 8852/7019/1328
f 8875/7020/1328 8854/6987/1324 8876/6989/1328
f 8854/6987/1324 8875/7020/1328 8853/7021/1324
f 8877/7022/1336 8840/7023/1325 8855/7024/1329
f 8841/7025/1326 8856/7026/1330 8878/7027/1337
f 8879/7028/1328 8857/7029/1324 8880/7030/1328
f 8857/7029/1324 8879/7028/1328 8860/7031/1324
f 8881/7032/1338 8882/7033/1339 8883/7034/1340
f 8884/7035/1341 8885/7036/1341 8886/7037/1341
f 8887/7038/1342 8888/7039/1343 8889/7040/1343
f 8888/7039/1343 8887/7038/1342 8890/7041/1342
f 8891/7041/1342 8892/7042/1343 8893/7039/1343
f 8892/7042/1343 8891/7041/1342 8894/7043/1342
f 8895/7044/1344 8874/7045/1335 8896/7046/1344
f 8874/7045/1335 8895/7044/1344 8873/7047/1334
f 8877/7048/1336 8855/7049/1329 8897/7050/1345
f 8898/7051/1334 8876/7019/1328 8873/7016/1335
f 8876/7019/1328 8898/7051/1334 8875/7052/1328
f 8878/7053/1337 8856/7054/1330 8899/7055/1346
f 8900/7056/1335 8880/7057/1328 8901/7058/1334
f 8880/7057/1328 8900/7056/1335 8879/7059/1328
f 8902/7060/1347 8903/7061/1348 8904/7062/1349
f 8905/7063/1350 8882/7064/1339 8881/7065/1338
f 8902/7066/1347 8904/7067/1349 8906/7068/1351
f 8907/7069/1327 8908/7070/1327 8909/7071/1327
f 8908/7070/1327 8907/7069/1327 8910/7072/1327
f 8911/7073/1352 8890/7074/1342 8887/7075/1342
f 8890/7074/1342 8911/7073/1352 8912/7076/1352
f 8912/7076/1352 8894/7077/1342 8891/7074/1342
f 8894/7077/1342 8912/7076/1352 8913/7078/1352
f 8914/7079/1353 8896/7080/1344 8915/7081/1353
f 8896/7080/1344 8914/7079/1353 8895/7082/1344
f 8916/7083/1354 8897/7084/1345 8917/7085/1355
f 8918/7086/1344 8873/7047/1335 8919/7044/1344
f 8873/7047/1335 8918/7086/1344 8898/7087/1334
f 8916/7088/1354 8877/7089/1336 8897/7090/1345
f 8878/7091/1337 8899/7092/1346 8920/7093/1356
f 8921/7094/1344 8901/7095/1334 8922/7096/1344
f 8901/7095/1334 8921/7094/1344 8900/7097/1335
f 8923/7098/1357 8903/7099/1348 8902/7100/1347
f 8924/7101/1358 8905/7102/1350 8881/7103/1338
f 8925/7104/1342 8926/7105/1343 8927/7106/1343
f 8926/7105/1343 8925/7104/1342 8928/7107/1342
f 8929/7108/1359 8912/7109/1352 8911/7110/1352
f 8912/7109/1352 8929/7108/1359 8930/7111/1359
f 8931/7112/1360 8905/7113/1350 8924/7114/1358
f 8932/7111/1359 8913/7115/1352 8912/7109/1352
f 8913/7115/1352 8932/7111/1359 8933/7116/1359
f 8934/7117/1361 8914/7118/1353 8915/7119/1353
f 8914/7118/1353 8934/7117/1361 8935/7120/1361
f 8936/7121/1362 8917/7122/1355 8937/7123/1363
f 8938/7124/1353 8919/7082/1344 8939/7079/1353
f 8919/7082/1344 8938/7124/1353 8918/7125/1344
f 8936/7126/1362 8916/7127/1354 8917/7128/1355
f 8920/7129/1356 8899/7130/1346 8940/7131/1364
f 8920/7132/1356 8940/7133/1364 8941/7134/1365
f 8942/7135/1353 8922/7136/1344 8943/7137/1353
f 8922/7136/1344 8942/7135/1353 8921/7138/1344
f 8944/7139/1352 8928/7140/1342 8925/7141/1342
f 8928/7140/1342 8944/7139/1352 8945/7142/1352
f 8923/7143/1357 8946/7144/1366 8903/7145/1348
f 8947/7146/1367 8930/7147/1359 8929/7148/1359
f 8930/7147/1359 8947/7146/1367 8948/7149/1367
f 8949/7150/1368 8931/7151/1360 8924/7152/1358
f 8950/7153/1369 8931/7154/1360 8949/7155/1368
f 8951/7149/1367 8933/7156/1359 8932/7147/1359
f 8933/7156/1359 8951/7149/1367 8952/7157/1367
f 8935/7158/1361 8952/7159/1367 8951/7160/1367
f 8952/7159/1367 8935/7158/1361 8934/7161/1361
f 8953/7162/1370 8937/7163/1363 8954/7164/1371
f 8955/7165/1361 8939/7118/1353 8956/7120/1361
f 8939/7118/1353 8955/7165/1361 8938/7166/1353
f 8953/7167/1370 8936/7168/1362 8937/7169/1363
f 8941/7170/1365 8940/7171/1364 8957/7172/1372
f 8941/7173/1365 8957/7174/1372 8958/7175/1373
f 8959/7176/1361 8942/7177/1353 8943/7178/1353
f 8942/7177/1353 8959/7176/1361 8960/7179/1361
f 8961/7180/1359 8945/7181/1352 8944/7182/1352
f 8945/7181/1352 8961/7180/1359 8962/7183/1359
f 8963/7184/1374 8946/7185/1366 8923/7186/1357
f 8955/7187/1361 8948/7160/1367 8947/7188/1367
f 8948/7160/1367 8955/7187/1361 8956/7158/1361
f 8963/7189/1374 8964/7190/1375 8946/7191/1366
f 8965/7192/1376 8950/7193/1369 8949/7194/1368
f 8966/7195/1377 8950/7196/1369 8965/7197/1376
f 8954/7198/1371 8966/7199/1377 8953/7200/1370
f 8958/7201/1373 8957/7202/1372 8967/7203/1378
f 8968/7204/1379 8958/7205/1373 8967/7206/1378
f 8960/7207/1361 8969/7208/1367 8970/7209/1367
f 8969/7208/1367 8960/7207/1361 8959/7210/1361
f 8970/7211/1367 8962/7212/1359 8961/7213/1359
f 8962/7212/1359 8970/7211/1367 8969/7214/1367
f 8963/7215/1374 8971/7216/1380 8964/7217/1375
f 8971/7218/1380 8972/7219/1381 8964/7220/1375
f 8953/7221/1370 8966/7222/1377 8965/7223/1376
f 8968/7224/1379 8967/7225/1378 8972/7226/1381
f 8971/7227/1380 8968/7228/1379 8972/7229/1381
o SketchUp.250
v 2.476097 0.653514 -0.000000
v 2.393559 0.640469 -0.000000
v 2.476845 0.640469 -0.000000
v 2.389395 0.740412 -0.000000
v 2.473865 0.666336 -0.000000
v 2.470188 0.678716 -0.000000
v 2.465129 0.690441 -0.000000
v 2.458773 0.701311 -0.000000
v 2.451231 0.711140 -0.000000
v 2.442631 0.719760 -0.000000
v 2.433120 0.727023 -0.000000
v 2.422860 0.732805 -0.000000
v 2.412028 0.737007 -0.000000
v 2.400809 0.739558 -0.000000
v 2.400809 0.739558 -0.000000
v 2.412028 0.737007 -0.000000
v 2.389395 0.740412 -0.000000
v 2.422860 0.732805 -0.000000
v 2.433120 0.727023 -0.000000
v 2.442631 0.719760 -0.000000
v 2.451231 0.711140 -0.000000
v 2.458773 0.701311 -0.000000
v 2.465129 0.690441 -0.000000
v 2.470188 0.678716 -0.000000
v 2.473865 0.666336 -0.000000
v 2.476097 0.653514 -0.000000
v 2.393559 0.640469 -0.000000
v 2.476845 0.640469 -0.000000
vn -0.0000 -0.0000 1.0000
vn -0.0000 -0.0000 -1.0000
s 1
usemtl Translucent_Glass_Blue
f 8973//1382 8974//1382 8975//1382
f 8974//1382 8973//1382 8976//1382
f 8976//1382 8973//1382 8977//1382
f 8976//1382 8977//1382 8978//1382
f 8976//1382 8978//1382 8979//1382
f 8976//1382 8979//1382 8980//1382
f 8976//1382 8980//1382 8981//1382
f 8976//1382 8981//1382 8982//1382
f 8976//1382 8982//1382 8983//1382
f 8976//1382 8983//1382 8984//1382
f 8976//1382 8984//1382 8985//1382
f 8976//1382 8985//1382 8986//1382
f 8987//1383 8988//1383 8989//1383
f 8988//1383 8990//1383 8989//1383
f 8990//1383 8991//1383 8989//1383
f 8991//1383 8992//1383 8989//1383
f 8992//1383 8993//1383 8989//1383
f 8993//1383 8994//1383 8989//1383
f 8994//1383 8995//1383 8989//1383
f 8995//1383 8996//1383 8989//1383
f 8996//1383 8997//1383 8989//1383
f 8997//1383 8998//1383 8989//1383
f 8989//1383 8998//1383 8999//1383
f 9000//1383 8999//1383 8998//1383
o SketchUp.251
v 1.194145 0.729855 -0.000000
v 1.185068 0.729847 -0.000000
v 1.194145 0.729850 -0.000000
v 1.194145 0.729850 -0.000000
v 1.185068 0.729847 -0.000000
v 1.194145 0.729855 -0.000000
v 1.194145 0.729850 -0.000000
v 1.185068 0.630168 -0.000000
v 1.194145 0.630168 -0.000000
v 1.185068 0.729847 -0.000000
v 1.185068 0.729847 -0.000000
v 1.194145 0.729850 -0.000000
v 1.185068 0.630168 -0.000000
v 1.194145 0.630168 -0.000000
v 1.194145 0.630168 -0.000000
v 1.185068 0.622158 -0.000000
v 1.194145 0.622158 -0.000000
v 1.185068 0.630168 -0.000000
v 1.185068 0.630168 -0.000000
v 1.194145 0.630168 -0.000000
v 1.185068 0.622158 -0.000000
v 1.194145 0.622158 -0.000000
v 1.194145 0.597100 -0.000000
v 1.185068 0.501009 -0.000000
v 1.194145 0.501009 -0.000000
v 1.185068 0.622158 -0.000000
v 1.194145 0.622158 -0.000000
v 1.194145 0.622158 -0.000000
v 1.194145 0.597100 -0.000000
v 1.185068 0.622158 -0.000000
v 1.185068 0.501009 -0.000000
v 1.194145 0.501009 -0.000000
vn -0.0000 -0.0000 -1.0000
vn -0.0000 -0.0000 1.0000
vt 0.000000 0.000000
vt 6.812443 4.163725
vt 6.760661 4.163683
vt 6.812443 4.163698
vt 6.760661 3.595027
vt 6.812443 3.595027
vt 6.760661 3.549332
vt 6.812443 3.549332
vt 6.812443 3.406379
vt 6.760661 2.858189
vt 6.812443 2.858189
s 1
usemtl Translucent_Glass_Blue
f 9004/7230/1384 9005/7230/1384 9006/7230/1384
f 9011/7230/1384 9012/7230/1384 9013/7230/1384
f 9014/7230/1384 9013/7230/1384 9012/7230/1384
f 9019/7230/1384 9020/7230/1384 9021/7230/1384
f 9022/7230/1384 9021/7230/1384 9020/7230/1384
f 9028/7230/1384 9029/7230/1384 9030/7230/1384
f 9030/7230/1384 9029/7230/1384 9031/7230/1384
f 9032/7230/1384 9031/7230/1384 9029/7230/1384
usemtl Stone_Flagstone_Ashlar
f 9001/7231/1385 9002/7232/1385 9003/7233/1385
f 9007/7233/1385 9008/7234/1385 9009/7235/1385
f 9008/7234/1385 9007/7233/1385 9010/7232/1385
f 9015/7235/1385 9016/7236/1385 9017/7237/1385
f 9016/7236/1385 9015/7235/1385 9018/7234/1385
f 9023/7238/1385 9024/7239/1385 9025/7240/1385
f 9024/7239/1385 9023/7238/1385 9026/7236/1385
f 9026/7236/1385 9023/7238/1385 9027/7237/1385
o SketchUp.252
v 1.267659 0.729913 -0.000000
v 1.242775 0.729893 -0.000000
v 1.267659 0.729893 -0.000000
v 1.267659 0.729893 -0.000000
v 1.242775 0.729893 -0.000000
v 1.267659 0.729913 -0.000000
v 1.267659 0.729873 -0.000000
v 1.242775 0.729893 -0.000000
v 1.194145 0.729855 -0.000000
v 1.267659 0.729893 -0.000000
v 1.267659 0.729893 -0.000000
v 1.267659 0.729873 -0.000000
v 1.242775 0.729893 -0.000000
v 1.194145 0.729855 -0.000000
vn -0.0000 -0.0000 -1.0000
vn -0.0000 -0.0000 1.0000
vt 0.000000 0.000000
vt 7.231826 4.164060
vt 7.089870 4.163946
vt 7.231826 4.163946
vt 7.231826 4.163832
vt 6.812443 4.163725
s 1
usemtl Translucent_Glass_Blue
f 9036/7241/1386 9037/7241/1386 9038/7241/1386
f 9043/7241/1386 9044/7241/1386 9045/7241/1386
f 9046/7241/1386 9045/7241/1386 9044/7241/1386
usemtl Stone_Flagstone_Ashlar
f 9033/7242/1387 9034/7243/1387 9035/7244/1387
f 9039/7245/1387 9040/7243/1387 9041/7246/1387
f 9040/7243/1387 9039/7245/1387 9042/7244/1387
o SketchUp.253
v 1.423854 0.622158 -0.000000
v 1.357841 0.501009 -0.000000
v 1.423854 0.501009 -0.000000
v 1.357841 0.622158 -0.000000
v 1.357841 0.622158 -0.000000
v 1.423854 0.622158 -0.000000
v 1.357841 0.501009 -0.000000
v 1.423854 0.501009 -0.000000
v 1.423854 0.630168 -0.000000
v 1.357841 0.622158 -0.000000
v 1.423854 0.622158 -0.000000
v 1.357841 0.630168 -0.000000
v 1.357841 0.630168 -0.000000
v 1.423854 0.630168 -0.000000
v 1.357841 0.622158 -0.000000
v 1.423854 0.622158 -0.000000
v 1.423854 0.630168 -0.000000
v 1.357841 0.729893 -0.000000
v 1.357841 0.630168 -0.000000
v 1.423854 0.729893 -0.000000
v 1.423854 0.729893 -0.000000
v 1.423854 0.630168 -0.000000
v 1.357841 0.729893 -0.000000
v 1.357841 0.630168 -0.000000
vn -0.0000 -0.0000 1.0000
vn -0.0000 -0.0000 -1.0000
s 1
usemtl Translucent_Glass_Blue
f 9047//1388 9048//1388 9049//1388
f 9048//1388 9047//1388 9050//1388
f 9051//1389 9052//1389 9053//1389
f 9054//1389 9053//1389 9052//1389
f 9055//1388 9056//1388 9057//1388
f 9056//1388 9055//1388 9058//1388
f 9059//1389 9060//1389 9061//1389
f 9062//1389 9061//1389 9060//1389
f 9063//1388 9064//1388 9065//1388
f 9064//1388 9063//1388 9066//1388
f 9067//1389 9068//1389 9069//1389
f 9070//1389 9069//1389 9068//1389
o SketchUp.254
v 1.346092 0.622158 -0.000000
v 1.276250 0.501009 -0.000000
v 1.346092 0.501009 -0.000000
v 1.276250 0.622158 -0.000000
v 1.276250 0.622158 -0.000000
v 1.346092 0.622158 -0.000000
v 1.276250 0.501009 -0.000000
v 1.346092 0.501009 -0.000000
vn -0.0000 -0.0000 1.0000
vn -0.0000 -0.0000 -1.0000
s 1
usemtl Translucent_Glass_Blue
f 9071//1390 9072//1390 9073//1390
f 9072//1390 9071//1390 9074//1390
f 9075//1391 9076//1391 9077//1391
f 9078//1391 9077//1391 9076//1391
o SketchUp.255
v 1.276250 0.729893 -0.000000
v 1.276250 0.729875 -0.000000
v 1.346092 0.729893 -0.000000
v 1.346092 0.729893 -0.000000
v 1.276250 0.729875 -0.000000
v 1.276250 0.729893 -0.000000
v 1.276250 0.630168 -0.000000
v 1.346092 0.630168 -0.000000
v 1.276250 0.630168 -0.000000
v 1.346092 0.630168 -0.000000
v 1.346092 0.729893 -0.000000
vn -0.0000 -0.0000 1.0000
vn -0.0000 -0.0000 -1.0000
s 1
usemtl Translucent_Glass_Blue
f 9079//1392 9080//1392 9081//1392
f 9082//1393 9083//1393 9084//1393
f 9081//1392 9085//1392 9086//1392
f 9085//1392 9081//1392 9080//1392
f 9083//1393 9082//1393 9087//1393
f 9088//1393 9087//1393 9089//1393
o SketchUp.256
v 1.506029 0.622158 -0.000000
v 1.506029 0.501009 0.011502
v 1.506029 0.622158 0.011502
v 1.506029 0.501009 -0.000000
v 1.506029 0.501009 -0.007189
v 1.506029 0.622158 -0.007189
v 1.506029 0.501009 0.011502
v 1.434144 0.501009 -0.000000
v 1.434144 0.501009 0.011502
v 1.506029 0.501009 -0.000000
v 1.506029 0.622158 -0.000000
v 1.434144 0.622158 0.011502
v 1.434144 0.622158 -0.000000
v 1.506029 0.622158 0.011502
v 1.434144 0.501009 -0.007189
v 1.506029 0.501009 -0.007189
v 1.506029 0.622158 -0.007189
v 1.434144 0.622158 -0.007189
v 1.434144 0.501009 -0.000000
v 1.434144 0.622158 0.011502
v 1.434144 0.501009 0.011502
v 1.434144 0.622158 -0.000000
v 1.434144 0.622158 -0.007189
v 1.434144 0.501009 -0.007189
vn -1.0000 -0.0000 -0.0000
vn -0.0000 1.0000 -0.0000
vn -0.0000 -1.0000 -0.0000
vn 1.0000 -0.0000 -0.0000
vt -0.000000 7.098664
vt 0.131234 5.716378
vt 0.131234 7.098664
vt -0.000000 5.716378
vt -0.082021 5.716378
vt -0.082021 7.098664
vt 17.183399 -0.131234
vt 16.363209 0.000000
vt 16.363209 -0.131234
vt 17.183399 0.000000
vt -17.183399 0.000000
vt -16.363209 -0.131234
vt -16.363209 0.000000
vt -17.183399 -0.131234
vt 16.363209 0.082021
vt 17.183399 0.082021
vt -17.183399 0.082021
vt -16.363209 0.082021
vt -0.131234 7.098664
vt -0.131234 5.716378
vt 0.082021 7.098664
vt 0.082021 5.716378
s 1
usemtl Wood_Floor_Parquet
f 9090/7247/1394 9091/7248/1394 9092/7249/1394
f 9091/7248/1394 9090/7247/1394 9093/7250/1394
f 9090/7247/1394 9094/7251/1394 9093/7250/1394
f 9094/7251/1394 9090/7247/1394 9095/7252/1394
f 9096/7253/1395 9097/7254/1395 9098/7255/1395
f 9097/7254/1395 9096/7253/1395 9099/7256/1395
f 9100/7257/1396 9101/7258/1396 9102/7259/1396
f 9101/7258/1396 9100/7257/1396 9103/7260/1396
f 9099/7256/1395 9104/7261/1395 9097/7254/1395
f 9104/7261/1395 9099/7256/1395 9105/7262/1395
f 9106/7263/1396 9102/7259/1396 9107/7264/1396
f 9102/7259/1396 9106/7263/1396 9100/7257/1396
f 9108/7250/1397 9109/7265/1397 9110/7266/1397
f 9109/7265/1397 9108/7250/1397 9111/7247/1397
f 9108/7250/1397 9112/7267/1397 9111/7247/1397
f 9112/7267/1397 9108/7250/1397 9113/7268/1397
o SketchUp.257
v 1.185068 0.622158 -0.000000
v 1.110681 0.501009 -0.000000
v 1.185068 0.501009 -0.000000
v 1.110681 0.622158 -0.000000
v 1.110681 0.622158 -0.000000
v 1.185068 0.622158 -0.000000
v 1.110681 0.501009 -0.000000
v 1.185068 0.501009 -0.000000
v 1.185068 0.630168 -0.000000
v 1.110681 0.622158 -0.000000
v 1.185068 0.622158 -0.000000
v 1.110681 0.630168 -0.000000
v 1.110681 0.630168 -0.000000
v 1.185068 0.630168 -0.000000
v 1.110681 0.622158 -0.000000
v 1.185068 0.622158 -0.000000
v 1.185068 0.630168 -0.000000
v 1.111317 0.643179 -0.000000
v 1.110681 0.630168 -0.000000
v 1.185068 0.729847 -0.000000
v 1.113216 0.655967 -0.000000
v 1.116343 0.668314 -0.000000
v 1.120647 0.680008 -0.000000
v 1.126053 0.690849 -0.000000
v 1.132469 0.700652 -0.000000
v 1.139784 0.709249 -0.000000
v 1.147875 0.716493 -0.000000
v 1.156601 0.722259 -0.000000
v 1.165815 0.726451 -0.000000
v 1.175359 0.728995 -0.000000
v 1.175359 0.728995 -0.000000
v 1.185068 0.729847 -0.000000
v 1.165815 0.726451 -0.000000
v 1.156601 0.722259 -0.000000
v 1.147875 0.716493 -0.000000
v 1.139784 0.709249 -0.000000
v 1.132469 0.700652 -0.000000
v 1.126053 0.690849 -0.000000
v 1.120647 0.680008 -0.000000
v 1.116343 0.668314 -0.000000
v 1.113216 0.655967 -0.000000
v 1.111317 0.643179 -0.000000
v 1.185068 0.630168 -0.000000
v 1.110681 0.630168 -0.000000
vn -0.0000 -0.0000 1.0000
vn -0.0000 -0.0000 -1.0000
s 1
usemtl Translucent_Glass_Blue
f 9114//1398 9115//1398 9116//1398
f 9115//1398 9114//1398 9117//1398
f 9118//1399 9119//1399 9120//1399
f 9121//1399 9120//1399 9119//1399
f 9122//1398 9123//1398 9124//1398
f 9123//1398 9122//1398 9125//1398
f 9126//1399 9127//1399 9128//1399
f 9129//1399 9128//1399 9127//1399
f 9130//1398 9131//1398 9132//1398
f 9131//1398 9130//1398 9133//1398
f 9131//1398 9133//1398 9134//1398
f 9134//1398 9133//1398 9135//1398
f 9135//1398 9133//1398 9136//1398
f 9136//1398 9133//1398 9137//1398
f 9137//1398 9133//1398 9138//1398
f 9138//1398 9133//1398 9139//1398
f 9139//1398 9133//1398 9140//1398
f 9140//1398 9133//1398 9141//1398
f 9141//1398 9133//1398 9142//1398
f 9142//1398 9133//1398 9143//1398
f 9144//1399 9145//1399 9146//1399
f 9146//1399 9145//1399 9147//1399
f 9147//1399 9145//1399 9148//1399
f 9148//1399 9145//1399 9149//1399
f 9149//1399 9145//1399 9150//1399
f 9150//1399 9145//1399 9151//1399
f 9151//1399 9145//1399 9152//1399
f 9152//1399 9145//1399 9153//1399
f 9153//1399 9145//1399 9154//1399
f 9154//1399 9145//1399 9155//1399
f 9145//1399 9156//1399 9155//1399
f 9157//1399 9155//1399 9156//1399
o SketchUp.258
v 1.599034 0.622158 -0.000000
v 1.515748 0.622158 0.011502
v 1.515748 0.622158 -0.000000
v 1.599034 0.622158 0.011502
v 1.599034 0.622158 -0.007189
v 1.515748 0.622158 -0.007189
v 1.599034 0.622158 -0.000000
v 1.599034 0.501009 0.011502
v 1.599034 0.622158 0.011502
v 1.599034 0.501009 -0.000000
v 1.515748 0.501009 -0.000000
v 1.515748 0.622158 0.011502
v 1.515748 0.501009 0.011502
v 1.515748 0.622158 -0.000000
v 1.515748 0.622158 -0.007189
v 1.515748 0.501009 -0.007189
v 1.599034 0.622158 -0.007189
v 1.599034 0.501009 -0.007189
v 1.599034 0.501009 0.011502
v 1.515748 0.501009 -0.000000
v 1.515748 0.501009 0.011502
v 1.599034 0.501009 -0.000000
v 1.515748 0.501009 -0.007189
v 1.599034 0.501009 -0.007189
vn -0.0000 -1.0000 -0.0000
vn -1.0000 -0.0000 -0.0000
vn 1.0000 -0.0000 -0.0000
vn -0.0000 1.0000 -0.0000
vt -18.244560 0.000000
vt -17.294289 -0.131234
vt -17.294289 0.000000
vt -18.244560 -0.131234
vt -18.244560 0.082021
vt -17.294289 0.082021
vt -0.000000 7.098664
vt 0.131234 5.716378
vt 0.131234 7.098664
vt -0.000000 5.716378
vt -0.131234 7.098664
vt -0.131234 5.716378
vt 0.082021 7.098664
vt 0.082021 5.716378
vt -0.082021 7.098664
vt -0.082021 5.716378
vt 18.244560 -0.131234
vt 17.294289 0.000000
vt 17.294289 -0.131234
vt 18.244560 0.000000
vt 17.294289 0.082021
vt 18.244560 0.082021
s 1
usemtl Wood_Floor_Parquet
f 9158/7269/1400 9159/7270/1400 9160/7271/1400
f 9159/7270/1400 9158/7269/1400 9161/7272/1400
f 9162/7273/1400 9160/7271/1400 9163/7274/1400
f 9160/7271/1400 9162/7273/1400 9158/7269/1400
f 9164/7275/1401 9165/7276/1401 9166/7277/1401
f 9165/7276/1401 9164/7275/1401 9167/7278/1401
f 9168/7278/1402 9169/7279/1402 9170/7280/1402
f 9169/7279/1402 9168/7278/1402 9171/7275/1402
f 9168/7278/1402 9172/7281/1402 9171/7275/1402
f 9172/7281/1402 9168/7278/1402 9173/7282/1402
f 9174/7283/1401 9167/7278/1401 9164/7275/1401
f 9167/7278/1401 9174/7283/1401 9175/7284/1401
f 9176/7285/1403 9177/7286/1403 9178/7287/1403
f 9177/7286/1403 9176/7285/1403 9179/7288/1403
f 9179/7288/1403 9180/7289/1403 9177/7286/1403
f 9180/7289/1403 9179/7288/1403 9181/7290/1403
o SketchUp.259
v 1.506029 0.622158 -0.000000
v 1.434144 0.501009 -0.000000
v 1.506029 0.501009 -0.000000
v 1.434144 0.622158 -0.000000
v 1.434144 0.622158 -0.000000
v 1.506029 0.622158 -0.000000
v 1.434144 0.501009 -0.000000
v 1.506029 0.501009 -0.000000
vn -0.0000 -0.0000 1.0000
vn -0.0000 -0.0000 -1.0000
s 1
usemtl Translucent_Glass_Blue
f 9182//1404 9183//1404 9184//1404
f 9183//1404 9182//1404 9185//1404
f 9186//1405 9187//1405 9188//1405
f 9189//1405 9188//1405 9187//1405
o SketchUp.260
v 1.506029 0.729893 -0.000000
v 1.434144 0.630168 -0.000000
v 1.506029 0.630168 -0.000000
v 1.434144 0.729893 -0.000000
v 1.434144 0.729893 -0.000000
v 1.506029 0.729893 -0.000000
v 1.434144 0.630168 -0.000000
v 1.506029 0.630168 -0.000000
vn -0.0000 -0.0000 1.0000
vn -0.0000 -0.0000 -1.0000
s 1
usemtl Translucent_Glass_Blue
f 9190//1406 9191//1406 9192//1406
f 9191//1406 9190//1406 9193//1406
f 9194//1407 9195//1407 9196//1407
f 9197//1407 9196//1407 9195//1407
o SketchUp.261
v 1.267659 0.622158 -0.000000
v 1.194145 0.501009 -0.000000
v 1.267659 0.501009 -0.000000
v 1.194145 0.597100 -0.000000
v 1.194145 0.622158 -0.000000
v 1.194145 0.622158 -0.000000
v 1.267659 0.622158 -0.000000
v 1.194145 0.597100 -0.000000
v 1.194145 0.501009 -0.000000
v 1.267659 0.501009 -0.000000
v 1.267659 0.630168 -0.000000
v 1.194145 0.622158 -0.000000
v 1.267659 0.622158 -0.000000
v 1.194234 0.630168 -0.000000
v 1.194145 0.630168 -0.000000
v 1.194234 0.630168 -0.000000
v 1.194145 0.622158 -0.000000
v 1.194145 0.630168 -0.000000
v 1.267659 0.630168 -0.000000
v 1.267659 0.622158 -0.000000
v 1.267659 0.630168 -0.000000
v 1.194145 0.630168 -0.000000
v 1.194234 0.630168 -0.000000
v 1.267659 0.729873 -0.000000
v 1.194145 0.729850 -0.000000
v 1.194145 0.729850 -0.000000
v 1.267659 0.729873 -0.000000
v 1.194145 0.630168 -0.000000
v 1.267659 0.630168 -0.000000
v 1.194234 0.630168 -0.000000
v 1.267659 0.729873 -0.000000
v 1.194145 0.729855 -0.000000
v 1.194145 0.729850 -0.000000
v 1.194145 0.729893 -0.000000
v 1.267659 0.729893 -0.000000
v 1.242775 0.729893 -0.000000
v 1.242775 0.729893 -0.000000
v 1.267659 0.729893 -0.000000
v 1.194145 0.729893 -0.000000
v 1.267659 0.729873 -0.000000
v 1.194145 0.729855 -0.000000
v 1.194145 0.729850 -0.000000
vn -0.0000 -0.0000 1.0000
vn -0.0000 -0.0000 -1.0000
vn -0.0000 -1.0000 -0.0000
vn -0.0000 1.0000 -0.0000
s 1
usemtl Translucent_Glass_Blue
f 9198//1408 9199//1408 9200//1408
f 9199//1408 9198//1408 9201//1408
f 9201//1408 9198//1408 9202//1408
f 9203//1409 9204//1409 9205//1409
f 9205//1409 9204//1409 9206//1409
f 9207//1409 9206//1409 9204//1409
f 9208//1408 9209//1408 9210//1408
f 9209//1408 9208//1408 9211//1408
f 9212//1408 9209//1408 9211//1408
f 9213//1409 9214//1409 9215//1409
f 9213//1409 9216//1409 9214//1409
f 9217//1409 9214//1409 9216//1409
s 0
f 9218//1410 9219//1410 9220//1410
s 1
f 9219//1408 9218//1408 9221//1408
f 9219//1408 9221//1408 9222//1408
f 9223//1409 9224//1409 9225//1409
f 9224//1409 9226//1409 9225//1409
s 0
f 9227//1411 9225//1411 9226//1411
s 1
f 9228//1408 9229//1408 9230//1408
f 9229//1408 9228//1408 9231//1408
f 9231//1408 9228//1408 9232//1408
s 0
f 9231//1411 9232//1411 9233//1411
f 9234//1410 9235//1410 9236//1410
s 1
f 9235//1409 9237//1409 9236//1409
f 9236//1409 9237//1409 9238//1409
f 9239//1409 9238//1409 9237//1409
o SketchUp.262
v 1.267659 0.622158 -0.000000
v 1.194145 0.622158 0.011502
v 1.194145 0.622158 -0.000000
v 1.267659 0.622158 0.011502
v 1.267659 0.622158 -0.007189
v 1.194145 0.622158 -0.007189
v 1.267659 0.622158 -0.000000
v 1.267659 0.501009 0.011502
v 1.267659 0.622158 0.011502
v 1.267659 0.501009 -0.000000
v 1.194145 0.501009 -0.000000
v 1.194145 0.622158 0.011502
v 1.194145 0.501009 0.011502
v 1.194145 0.597100 -0.000000
v 1.194145 0.622158 -0.000000
v 1.267659 0.622158 -0.007189
v 1.267659 0.501009 -0.007189
v 1.194145 0.622158 -0.007189
v 1.194145 0.501009 -0.007189
v 1.267659 0.501009 0.011502
v 1.194145 0.501009 -0.000000
v 1.194145 0.501009 0.011502
v 1.267659 0.501009 -0.000000
v 1.194145 0.501009 -0.007189
v 1.267659 0.501009 -0.007189
vn -0.0000 -1.0000 -0.0000
vn -1.0000 -0.0000 -0.0000
vn 1.0000 -0.0000 -0.0000
vn -0.0000 1.0000 -0.0000
vt -14.463650 0.000000
vt -13.624889 -0.131234
vt -13.624889 0.000000
vt -14.463650 -0.131234
vt -14.463650 0.082021
vt -13.624889 0.082021
vt -0.000000 7.098664
vt 0.131234 5.716378
vt 0.131234 7.098664
vt -0.000000 5.716378
vt -0.131234 7.098664
vt -0.131234 5.716378
vt 0.000000 6.812757
vt -0.082021 7.098664
vt -0.082021 5.716378
vt 0.082021 7.098664
vt 0.082021 5.716378
vt 14.463650 -0.131234
vt 13.624889 0.000000
vt 13.624889 -0.131234
vt 14.463650 0.000000
vt 13.624889 0.082021
vt 14.463650 0.082021
s 1
usemtl Wood_Floor_Parquet
f 9240/7291/1412 9241/7292/1412 9242/7293/1412
f 9241/7292/1412 9240/7291/1412 9243/7294/1412
f 9244/7295/1412 9242/7293/1412 9245/7296/1412
f 9242/7293/1412 9244/7295/1412 9240/7291/1412
f 9246/7297/1413 9247/7298/1413 9248/7299/1413
f 9247/7298/1413 9246/7297/1413 9249/7300/1413
f 9250/7300/1414 9251/7301/1414 9252/7302/1414
f 9251/7301/1414 9250/7300/1414 9253/7303/1414
f 9251/7301/1414 9253/7303/1414 9254/7297/1414
f 9255/7304/1413 9249/7300/1413 9246/7297/1413
f 9249/7300/1413 9255/7304/1413 9256/7305/1413
f 9253/7303/1414 9257/7306/1414 9254/7297/1414
f 9257/7306/1414 9253/7303/1414 9250/7300/1414
f 9257/7306/1414 9250/7300/1414 9258/7307/1414
f 9259/7308/1415 9260/7309/1415 9261/7310/1415
f 9260/7309/1415 9259/7308/1415 9262/7311/1415
f 9262/7311/1415 9263/7312/1415 9260/7309/1415
f 9263/7312/1415 9262/7311/1415 9264/7313/1415
o SketchUp.263
v 1.423854 0.622158 -0.000000
v 1.357841 0.622158 0.011502
v 1.357841 0.622158 -0.000000
v 1.423854 0.622158 0.011502
v 1.423854 0.622158 -0.007189
v 1.357841 0.622158 -0.007189
v 1.423854 0.622158 -0.000000
v 1.423854 0.501009 0.011502
v 1.423854 0.622158 0.011502
v 1.423854 0.501009 -0.000000
v 1.357841 0.501009 -0.000000
v 1.357841 0.622158 0.011502
v 1.357841 0.501009 0.011502
v 1.357841 0.622158 -0.000000
v 1.423854 0.501009 -0.007189
v 1.423854 0.622158 -0.007189
v 1.357841 0.622158 -0.007189
v 1.357841 0.501009 -0.007189
v 1.423854 0.501009 0.011502
v 1.357841 0.501009 -0.000000
v 1.357841 0.501009 0.011502
v 1.423854 0.501009 -0.000000
v 1.357841 0.501009 -0.007189
v 1.423854 0.501009 -0.007189
vn -0.0000 -1.0000 -0.0000
vn -1.0000 -0.0000 -0.0000
vn 1.0000 -0.0000 -0.0000
vn -0.0000 1.0000 -0.0000
vt -16.245810 0.000000
vt -15.492610 -0.131234
vt -15.492610 0.000000
vt -16.245810 -0.131234
vt -16.245810 0.082021
vt -15.492610 0.082021
vt -0.000000 7.098664
vt 0.131234 5.716378
vt 0.131234 7.098664
vt -0.000000 5.716378
vt -0.131234 7.098664
vt -0.131234 5.716378
vt -0.082021 5.716378
vt -0.082021 7.098664
vt 0.082021 7.098664
vt 0.082021 5.716378
vt 16.245810 -0.131234
vt 15.492610 0.000000
vt 15.492610 -0.131234
vt 16.245810 0.000000
vt 15.492610 0.082021
vt 16.245810 0.082021
s 1
usemtl Wood_Floor_Parquet
f 9265/7314/1416 9266/7315/1416 9267/7316/1416
f 9266/7315/1416 9265/7314/1416 9268/7317/1416
f 9269/7318/1416 9267/7316/1416 9270/7319/1416
f 9267/7316/1416 9269/7318/1416 9265/7314/1416
f 9271/7320/1417 9272/7321/1417 9273/7322/1417
f 9272/7321/1417 9271/7320/1417 9274/7323/1417
f 9275/7323/1418 9276/7324/1418 9277/7325/1418
f 9276/7324/1418 9275/7323/1418 9278/7320/1418
f 9271/7320/1417 9279/7326/1417 9274/7323/1417
f 9279/7326/1417 9271/7320/1417 9280/7327/1417
f 9275/7323/1418 9281/7328/1418 9278/7320/1418
f 9281/7328/1418 9275/7323/1418 9282/7329/1418
f 9283/7330/1419 9284/7331/1419 9285/7332/1419
f 9284/7331/1419 9283/7330/1419 9286/7333/1419
f 9286/7333/1419 9287/7334/1419 9284/7331/1419
f 9287/7334/1419 9286/7333/1419 9288/7335/1419
o SketchUp.264
v 1.537304 0.726706 -0.000000
v 1.526732 0.729200 -0.000000
v 1.537383 0.726674 -0.000000
v 1.526619 0.729256 -0.000000
v 1.515748 0.730059 -0.000000
v 1.515748 0.730112 -0.000000
v 1.515748 0.730112 -0.000000
v 1.526619 0.729256 -0.000000
v 1.515748 0.730059 -0.000000
v 1.526732 0.729200 -0.000000
v 1.537304 0.726706 -0.000000
v 1.537383 0.726674 -0.000000
v 1.598322 0.643213 -0.000000
v 1.515748 0.630168 -0.000000
v 1.599034 0.630168 -0.000000
v 1.515748 0.730059 -0.000000
v 1.596196 0.656035 -0.000000
v 1.592694 0.668415 -0.000000
v 1.587876 0.680140 -0.000000
v 1.581823 0.691010 -0.000000
v 1.574640 0.700839 -0.000000
v 1.566449 0.709459 -0.000000
v 1.557391 0.716722 -0.000000
v 1.547620 0.722504 -0.000000
v 1.537383 0.726674 -0.000000
v 1.526732 0.729200 -0.000000
v 1.526732 0.729200 -0.000000
v 1.537383 0.726674 -0.000000
v 1.515748 0.730059 -0.000000
v 1.547620 0.722504 -0.000000
v 1.557391 0.716722 -0.000000
v 1.566449 0.709459 -0.000000
v 1.574640 0.700839 -0.000000
v 1.581823 0.691010 -0.000000
v 1.587876 0.680140 -0.000000
v 1.592694 0.668415 -0.000000
v 1.596196 0.656035 -0.000000
v 1.598322 0.643213 -0.000000
v 1.515748 0.630168 -0.000000
v 1.599034 0.630168 -0.000000
v 1.599034 0.630168 -0.000000
v 1.515748 0.622158 -0.000000
v 1.599034 0.622158 -0.000000
v 1.515748 0.630168 -0.000000
v 1.515748 0.630168 -0.000000
v 1.599034 0.630168 -0.000000
v 1.515748 0.622158 -0.000000
v 1.599034 0.622158 -0.000000
v 1.598486 0.643142 -0.000000
v 1.598322 0.643213 -0.000000
v 1.599034 0.630168 -0.000000
v 1.596492 0.655917 -0.000000
v 1.596196 0.656035 -0.000000
v 1.593088 0.668271 -0.000000
v 1.592694 0.668415 -0.000000
v 1.588333 0.679987 -0.000000
v 1.587876 0.680140 -0.000000
v 1.582310 0.690860 -0.000000
v 1.581823 0.691010 -0.000000
v 1.575125 0.700702 -0.000000
v 1.574640 0.700839 -0.000000
v 1.566903 0.709340 -0.000000
v 1.566449 0.709459 -0.000000
v 1.557787 0.716622 -0.000000
v 1.557391 0.716722 -0.000000
v 1.547937 0.722423 -0.000000
v 1.547620 0.722504 -0.000000
v 1.537525 0.726640 -0.000000
v 1.537383 0.726674 -0.000000
v 1.537383 0.726674 -0.000000
v 1.537525 0.726640 -0.000000
v 1.547620 0.722504 -0.000000
v 1.547937 0.722423 -0.000000
v 1.557391 0.716722 -0.000000
v 1.557787 0.716622 -0.000000
v 1.566449 0.709459 -0.000000
v 1.566903 0.709340 -0.000000
v 1.574640 0.700839 -0.000000
v 1.575125 0.700702 -0.000000
v 1.581823 0.691010 -0.000000
v 1.582310 0.690860 -0.000000
v 1.587876 0.680140 -0.000000
v 1.588333 0.679987 -0.000000
v 1.592694 0.668415 -0.000000
v 1.593088 0.668271 -0.000000
v 1.596196 0.656035 -0.000000
v 1.596492 0.655917 -0.000000
v 1.598322 0.643213 -0.000000
v 1.598486 0.643142 -0.000000
v 1.599034 0.630168 -0.000000
v 1.599034 0.622158 -0.000000
v 1.515748 0.501009 -0.000000
v 1.599034 0.501009 -0.000000
v 1.515748 0.622158 -0.000000
v 1.515748 0.622158 -0.000000
v 1.599034 0.622158 -0.000000
v 1.515748 0.501009 -0.000000
v 1.599034 0.501009 -0.000000
vn -0.0000 -0.0000 1.0000
vn -0.0000 -0.0000 -1.0000
s 1
usemtl Translucent_Glass_Blue
f 9289//1420 9290//1420 9291//1420
f 9290//1420 9289//1420 9292//1420
f 9290//1420 9292//1420 9293//1420
f 9293//1420 9292//1420 9294//1420
f 9295//1421 9296//1421 9297//1421
f 9297//1421 9296//1421 9298//1421
f 9296//1421 9299//1421 9298//1421
f 9300//1421 9298//1421 9299//1421
f 9301//1420 9302//1420 9303//1420
f 9302//1420 9301//1420 9304//1420
f 9304//1420 9301//1420 9305//1420
f 9304//1420 9305//1420 9306//1420
f 9304//1420 9306//1420 9307//1420
f 9304//1420 9307//1420 9308//1420
f 9304//1420 9308//1420 9309//1420
f 9304//1420 9309//1420 9310//1420
f 9304//1420 9310//1420 9311//1420
f 9304//1420 9311//1420 9312//1420
f 9304//1420 9312//1420 9313//1420
f 9304//1420 9313//1420 9314//1420
f 9315//1421 9316//1421 9317//1421
f 9316//1421 9318//1421 9317//1421
f 9318//1421 9319//1421 9317//1421
f 9319//1421 9320//1421 9317//1421
f 9320//1421 9321//1421 9317//1421
f 9321//1421 9322//1421 9317//1421
f 9322//1421 9323//1421 9317//1421
f 9323//1421 9324//1421 9317//1421
f 9324//1421 9325//1421 9317//1421
f 9325//1421 9326//1421 9317//1421
f 9317//1421 9326//1421 9327//1421
f 9328//1421 9327//1421 9326//1421
f 9329//1420 9330//1420 9331//1420
f 9330//1420 9329//1420 9332//1420
f 9333//1421 9334//1421 9335//1421
f 9336//1421 9335//1421 9334//1421
f 9337//1420 9338//1420 9339//1420
f 9338//1420 9337//1420 9340//1420
f 9338//1420 9340//1420 9341//1420
f 9341//1420 9340//1420 9342//1420
f 9341//1420 9342//1420 9343//1420
f 9343//1420 9342//1420 9344//1420
f 9343//1420 9344//1420 9345//1420
f 9345//1420 9344//1420 9346//1420
f 9345//1420 9346//1420 9347//1420
f 9347//1420 9346//1420 9348//1420
f 9347//1420 9348//1420 9349//1420
f 9349//1420 9348//1420 9350//1420
f 9349//1420 9350//1420 9351//1420
f 9351//1420 9350//1420 9352//1420
f 9351//1420 9352//1420 9353//1420
f 9353//1420 9352//1420 9354//1420
f 9353//1420 9354//1420 9355//1420
f 9355//1420 9354//1420 9356//1420
f 9355//1420 9356//1420 9357//1420
f 9358//1421 9359//1421 9360//1421
f 9359//1421 9361//1421 9360//1421
f 9360//1421 9361//1421 9362//1421
f 9361//1421 9363//1421 9362//1421
f 9362//1421 9363//1421 9364//1421
f 9363//1421 9365//1421 9364//1421
f 9364//1421 9365//1421 9366//1421
f 9365//1421 9367//1421 9366//1421
f 9366//1421 9367//1421 9368//1421
f 9367//1421 9369//1421 9368//1421
f 9368//1421 9369//1421 9370//1421
f 9369//1421 9371//1421 9370//1421
f 9370//1421 9371//1421 9372//1421
f 9371//1421 9373//1421 9372//1421
f 9372//1421 9373//1421 9374//1421
f 9373//1421 9375//1421 9374//1421
f 9374//1421 9375//1421 9376//1421
f 9375//1421 9377//1421 9376//1421
f 9378//1421 9376//1421 9377//1421
f 9379//1420 9380//1420 9381//1420
f 9380//1420 9379//1420 9382//1420
f 9383//1421 9384//1421 9385//1421
f 9386//1421 9385//1421 9384//1421
o SketchUp.265
v 1.194145 0.622158 0.011502
v 1.185068 0.501009 0.011502
v 1.194145 0.501009 0.011502
v 1.185068 0.622158 0.011502
v 1.276250 0.622158 0.011502
v 1.267659 0.501009 0.011502
v 1.276250 0.501009 0.011502
v 1.267659 0.622158 0.011502
v 1.357841 0.622158 0.011502
v 1.346092 0.501009 0.011502
v 1.357841 0.501009 0.011502
v 1.346092 0.622158 0.011502
v 1.434144 0.622158 0.011502
v 1.423854 0.501009 0.011502
v 1.434144 0.501009 0.011502
v 1.423854 0.622158 0.011502
v 1.515748 0.622158 0.011502
v 1.506029 0.501009 0.011502
v 1.515748 0.501009 0.011502
v 1.506029 0.622158 0.011502
v 1.599034 0.630168 0.011502
v 1.185068 0.630168 0.011502
v 1.110681 0.630168 0.011502
v 1.515748 0.630168 0.011502
v 1.506029 0.630168 0.011502
v 1.434144 0.630168 0.011502
v 1.423854 0.630168 0.011502
v 1.357841 0.630168 0.011502
v 1.346092 0.630168 0.011502
v 1.276250 0.630168 0.011502
v 1.267659 0.630168 0.011502
v 1.198283 0.630168 0.011502
v 1.194145 0.630168 0.011502
v 1.194145 0.729893 0.011502
v 1.185068 0.729847 0.011502
v 1.515748 0.730112 0.011502
v 1.506029 0.729893 0.011502
v 1.434144 0.729893 0.011502
v 1.423854 0.729893 0.011502
v 1.357841 0.729893 0.011502
v 1.346092 0.729893 0.011502
v 1.276250 0.729893 0.011502
v 1.267659 0.729893 0.011502
v 1.607471 0.490708 0.011502
v 1.599034 0.501009 0.011502
v 1.102426 0.490708 0.011502
v 1.607471 0.630168 0.011502
v 1.599034 0.622158 0.011502
v 1.110681 0.622158 0.011502
v 1.598322 0.643213 0.011502
v 1.606687 0.644056 0.011502
v 1.596196 0.656035 0.011502
v 1.604346 0.657706 0.011502
v 1.592694 0.668415 0.011502
v 1.600489 0.670885 0.011502
v 1.587876 0.680140 0.011502
v 1.595183 0.683368 0.011502
v 1.581823 0.691010 0.011502
v 1.588517 0.694940 0.011502
v 1.574640 0.700839 0.011502
v 1.580606 0.705404 0.011502
v 1.566449 0.709459 0.011502
v 1.571585 0.714580 0.011502
v 1.557391 0.716722 0.011502
v 1.561610 0.722312 0.011502
v 1.547620 0.722504 0.011502
v 1.550849 0.728468 0.011502
v 1.537304 0.726706 0.011502
v 1.526619 0.729256 0.011502
v 1.539487 0.732942 0.011502
v 1.102426 0.501009 0.011502
v 1.110681 0.501009 0.011502
v 1.102426 0.630168 0.011502
v 1.111317 0.643179 0.011502
v 1.103133 0.644084 0.011502
v 1.113216 0.655967 0.011502
v 1.105242 0.657761 0.011502
v 1.116343 0.668314 0.011502
v 1.108717 0.670966 0.011502
v 1.120647 0.680008 0.011502
v 1.113498 0.683473 0.011502
v 1.126053 0.690849 0.011502
v 1.119503 0.695068 0.011502
v 1.132469 0.700652 0.011502
v 1.126631 0.705552 0.011502
v 1.139784 0.709249 0.011502
v 1.134759 0.714747 0.011502
v 1.147875 0.716493 0.011502
v 1.143747 0.722494 0.011502
v 1.156601 0.722259 0.011502
v 1.165815 0.726451 0.011502
v 1.153443 0.728662 0.011502
v 1.175359 0.728995 0.011502
v 1.163679 0.733144 0.011502
v 1.527720 0.735657 0.011502
v 1.174282 0.735865 0.011502
v 1.515748 0.736561 0.011502
v 1.515748 0.736567 0.011502
v 1.185068 0.736561 0.011502
v 1.185068 0.736777 0.011502
vn -0.0000 -0.0000 1.0000
vn -0.0000 -1.0000 -0.0000
vn -0.0000 1.0000 -0.0000
vt 13.624889 7.098664
vt 13.521319 5.716378
vt 13.624889 5.716378
vt 13.521319 7.098664
vt 14.561680 7.098664
vt 14.463650 5.716378
vt 14.561680 5.716378
vt 14.463650 7.098664
vt 15.492610 7.098664
vt 15.358560 5.716378
vt 15.492610 5.716378
vt 15.358560 7.098664
vt 16.363209 7.098664
vt 16.245810 5.716378
vt 16.363209 5.716378
vt 16.245810 7.098664
vt 17.294289 7.098664
vt 17.183399 5.716378
vt 17.294289 5.716378
vt 17.183399 7.098664
vt 18.244560 7.190054
vt 13.521319 7.190054
vt 12.672580 7.190054
vt 17.294289 7.190054
vt 17.183399 7.190054
vt 16.363209 7.190054
vt 16.245810 7.190054
vt 15.492610 7.190054
vt 15.358560 7.190054
vt 14.561680 7.190054
vt 14.463650 7.190054
vt 13.672090 7.190054
vt 13.624889 7.190054
vt 13.624889 8.327893
vt 13.521319 8.327366
vt 17.294289 8.330383
vt 17.183399 8.327893
vt 16.363209 8.327893
vt 16.245810 8.327893
vt 15.492610 8.327893
vt 15.358560 8.327893
vt 14.561680 8.327893
vt 14.463650 8.327893
vt 18.340830 5.598846
vt 18.244560 5.716378
vt 12.578390 5.598846
vt 18.340830 7.190054
vt 18.244560 7.098664
vt 12.672580 7.098664
vt 18.236429 7.338897
vt 18.331869 7.348511
vt 18.212179 7.485193
vt 18.305170 7.504257
vt 18.172230 7.626439
vt 18.261160 7.654626
vt 18.117250 7.760218
vt 18.200619 7.797047
vt 18.048189 7.884242
vt 18.124559 7.929082
vt 17.966230 7.996388
vt 18.034300 8.048472
vt 17.872780 8.094738
vt 17.931379 8.153174
vt 17.769419 8.177608
vt 17.817560 8.241397
vt 17.657940 8.243580
vt 17.694780 8.311631
vt 17.540239 8.291527
vt 17.418320 8.320627
vt 17.565149 8.362675
vt 12.578390 5.716378
vt 12.672580 5.716378
vt 12.578390 7.190054
vt 12.679840 7.338503
vt 12.586460 7.348823
vt 12.701500 7.484412
vt 12.610519 7.504876
vt 12.737189 7.625284
vt 12.650169 7.655543
vt 12.786289 7.758710
vt 12.704720 7.798244
vt 12.847970 7.882406
vt 12.773240 7.930540
vt 12.921169 7.994255
vt 12.854569 8.050165
vt 13.004640 8.092344
vt 12.947300 8.155074
vt 13.096950 8.174995
vt 13.049860 8.243471
vt 13.196520 8.240794
vt 13.301650 8.288613
vt 13.160480 8.313844
vt 13.410540 8.317636
vt 13.277269 8.364988
vt 17.430889 8.393654
vt 13.398240 8.396029
vt 17.294289 8.403965
vt 17.294289 8.404039
vt 13.521319 8.403965
vt 13.521319 8.406435
s 1
usemtl Wood_Floor
f 9387/7336/1422 9388/7337/1422 9389/7338/1422
f 9388/7337/1422 9387/7336/1422 9390/7339/1422
f 9391/7340/1422 9392/7341/1422 9393/7342/1422
f 9392/7341/1422 9391/7340/1422 9394/7343/1422
f 9395/7344/1422 9396/7345/1422 9397/7346/1422
f 9396/7345/1422 9395/7344/1422 9398/7347/1422
f 9399/7348/1422 9400/7349/1422 9401/7350/1422
f 9400/7349/1422 9399/7348/1422 9402/7351/1422
f 9403/7352/1422 9404/7353/1422 9405/7354/1422
f 9404/7353/1422 9403/7352/1422 9406/7355/1422
s 0
f 9407/7356/1423 9408/7357/1423 9409/7358/1423
f 9408/7357/1424 9407/7356/1424 9410/7359/1424
f 9408/7357/1424 9410/7359/1424 9411/7360/1424
f 9408/7357/1424 9411/7360/1424 9412/7361/1424
f 9408/7357/1423 9412/7361/1423 9413/7362/1423
f 9408/7357/1424 9413/7362/1424 9414/7363/1424
f 9408/7357/1423 9414/7363/1423 9415/7364/1423
f 9408/7357/1424 9415/7364/1424 9416/7365/1424
f 9408/7357/1423 9416/7365/1423 9417/7366/1423
f 9408/7357/1424 9417/7366/1424 9418/7367/1424
f 9408/7357/1424 9418/7367/1424 9419/7368/1424
s 1
f 9408/7357/1422 9419/7368/1422 9420/7369/1422
f 9408/7357/1422 9420/7369/1422 9421/7370/1422
f 9422/7371/1422 9411/7360/1422 9410/7359/1422
f 9411/7360/1422 9422/7371/1422 9423/7372/1422
f 9423/7372/1422 9422/7371/1422 9424/7373/1422
f 9424/7373/1422 9422/7371/1422 9425/7374/1422
f 9425/7374/1422 9422/7371/1422 9426/7375/1422
f 9426/7375/1422 9422/7371/1422 9427/7376/1422
f 9427/7376/1422 9422/7371/1422 9428/7377/1422
f 9428/7377/1422 9422/7371/1422 9429/7378/1422
f 9429/7378/1422 9422/7371/1422 9420/7369/1422
f 9430/7379/1422 9431/7380/1422 9432/7381/1422
f 9431/7380/1422 9430/7379/1422 9433/7382/1422
f 9431/7380/1422 9433/7382/1422 9434/7383/1422
f 9434/7383/1422 9433/7382/1422 9403/7352/1422
f 9403/7352/1422 9433/7382/1422 9406/7355/1422
f 9406/7355/1422 9433/7382/1422 9399/7348/1422
f 9399/7348/1422 9433/7382/1422 9402/7351/1422
f 9402/7351/1422 9433/7382/1422 9395/7344/1422
f 9395/7344/1422 9433/7382/1422 9398/7347/1422
f 9398/7347/1422 9433/7382/1422 9391/7340/1422
f 9391/7340/1422 9433/7382/1422 9394/7343/1422
f 9394/7343/1422 9433/7382/1422 9387/7336/1422
f 9387/7336/1422 9433/7382/1422 9390/7339/1422
f 9390/7339/1422 9433/7382/1422 9435/7384/1422
f 9435/7384/1422 9433/7382/1422 9407/7356/1422
f 9435/7384/1422 9407/7356/1422 9409/7358/1422
f 9407/7356/1422 9433/7382/1422 9436/7385/1422
f 9436/7385/1422 9433/7382/1422 9437/7386/1422
f 9436/7385/1422 9437/7386/1422 9438/7387/1422
f 9438/7387/1422 9437/7386/1422 9439/7388/1422
f 9438/7387/1422 9439/7388/1422 9440/7389/1422
f 9440/7389/1422 9439/7388/1422 9441/7390/1422
f 9440/7389/1422 9441/7390/1422 9442/7391/1422
f 9442/7391/1422 9441/7390/1422 9443/7392/1422
f 9442/7391/1422 9443/7392/1422 9444/7393/1422
f 9444/7393/1422 9443/7392/1422 9445/7394/1422
f 9444/7393/1422 9445/7394/1422 9446/7395/1422
f 9446/7395/1422 9445/7394/1422 9447/7396/1422
f 9446/7395/1422 9447/7396/1422 9448/7397/1422
f 9448/7397/1422 9447/7396/1422 9449/7398/1422
f 9448/7397/1422 9449/7398/1422 9450/7399/1422
f 9450/7399/1422 9449/7398/1422 9451/7400/1422
f 9450/7399/1422 9451/7400/1422 9452/7401/1422
f 9452/7401/1422 9451/7400/1422 9453/7402/1422
f 9452/7401/1422 9453/7402/1422 9454/7403/1422
f 9454/7403/1422 9453/7402/1422 9455/7404/1422
f 9455/7404/1422 9453/7402/1422 9456/7405/1422
f 9455/7404/1422 9456/7405/1422 9422/7371/1422
f 9428/7377/1422 9417/7366/1422 9416/7365/1422
f 9417/7366/1422 9428/7377/1422 9429/7378/1422
f 9426/7375/1422 9415/7364/1422 9414/7363/1422
f 9415/7364/1422 9426/7375/1422 9427/7376/1422
f 9424/7373/1422 9413/7362/1422 9412/7361/1422
f 9413/7362/1422 9424/7373/1422 9425/7374/1422
f 9431/7380/1422 9457/7406/1422 9432/7381/1422
s 0
f 9457/7406/1423 9431/7380/1423 9405/7354/1423
f 9457/7406/1424 9405/7354/1424 9404/7353/1424
f 9457/7406/1424 9404/7353/1424 9401/7350/1424
f 9457/7406/1423 9401/7350/1423 9400/7349/1423
f 9457/7406/1424 9400/7349/1424 9397/7346/1424
f 9457/7406/1423 9397/7346/1423 9396/7345/1423
f 9457/7406/1424 9396/7345/1424 9393/7342/1424
f 9457/7406/1423 9393/7342/1423 9392/7341/1423
f 9457/7406/1424 9392/7341/1424 9389/7338/1424
f 9457/7406/1424 9389/7338/1424 9388/7337/1424
f 9457/7406/1424 9388/7337/1424 9458/7407/1424
s 1
f 9457/7406/1422 9458/7407/1422 9435/7384/1422
f 9457/7406/1422 9435/7384/1422 9459/7408/1422
f 9459/7408/1422 9435/7384/1422 9409/7358/1422
f 9459/7408/1422 9409/7358/1422 9460/7409/1422
f 9459/7408/1422 9460/7409/1422 9461/7410/1422
f 9461/7410/1422 9460/7409/1422 9462/7411/1422
f 9461/7410/1422 9462/7411/1422 9463/7412/1422
f 9463/7412/1422 9462/7411/1422 9464/7413/1422
f 9463/7412/1422 9464/7413/1422 9465/7414/1422
f 9465/7414/1422 9464/7413/1422 9466/7415/1422
f 9465/7414/1422 9466/7415/1422 9467/7416/1422
f 9467/7416/1422 9466/7415/1422 9468/7417/1422
f 9467/7416/1422 9468/7417/1422 9469/7418/1422
f 9469/7418/1422 9468/7417/1422 9470/7419/1422
f 9469/7418/1422 9470/7419/1422 9471/7420/1422
f 9471/7420/1422 9470/7419/1422 9472/7421/1422
f 9471/7420/1422 9472/7421/1422 9473/7422/1422
f 9473/7422/1422 9472/7421/1422 9474/7423/1422
f 9473/7422/1422 9474/7423/1422 9475/7424/1422
f 9475/7424/1422 9474/7423/1422 9476/7425/1422
f 9475/7424/1422 9476/7425/1422 9477/7426/1422
f 9475/7424/1422 9477/7426/1422 9478/7427/1422
f 9478/7427/1422 9477/7426/1422 9479/7428/1422
f 9478/7427/1422 9479/7428/1422 9480/7429/1422
f 9480/7429/1422 9479/7428/1422 9421/7370/1422
f 9480/7429/1422 9421/7370/1422 9420/7369/1422
f 9480/7429/1422 9420/7369/1422 9422/7371/1422
f 9480/7429/1422 9422/7371/1422 9456/7405/1422
f 9480/7429/1422 9456/7405/1422 9481/7430/1422
f 9480/7429/1422 9481/7430/1422 9482/7431/1422
f 9482/7431/1422 9481/7430/1422 9483/7432/1422
f 9483/7432/1422 9481/7430/1422 9484/7433/1422
f 9482/7431/1422 9485/7434/1422 9486/7435/1422
f 9485/7434/1422 9482/7431/1422 9483/7432/1422
o SketchUp.266
v 1.346092 0.622158 -0.000000
v 1.276250 0.622158 0.011502
v 1.276250 0.622158 -0.000000
v 1.346092 0.622158 0.011502
v 1.346092 0.622158 -0.007189
v 1.276250 0.622158 -0.007189
v 1.346092 0.622158 -0.000000
v 1.346092 0.501009 0.011502
v 1.346092 0.622158 0.011502
v 1.346092 0.501009 -0.000000
v 1.276250 0.501009 -0.000000
v 1.276250 0.622158 0.011502
v 1.276250 0.501009 0.011502
v 1.276250 0.622158 -0.000000
v 1.346092 0.622158 -0.007189
v 1.346092 0.501009 -0.007189
v 1.276250 0.622158 -0.007189
v 1.276250 0.501009 -0.007189
v 1.346092 0.501009 0.011502
v 1.276250 0.501009 -0.000000
v 1.276250 0.501009 0.011502
v 1.346092 0.501009 -0.000000
v 1.276250 0.501009 -0.007189
v 1.346092 0.501009 -0.007189
vn -0.0000 -1.0000 -0.0000
vn -1.0000 -0.0000 -0.0000
vn 1.0000 -0.0000 -0.0000
vn -0.0000 1.0000 -0.0000
vt -15.358560 0.000000
vt -14.561680 -0.131234
vt -14.561680 0.000000
vt -15.358560 -0.131234
vt -15.358560 0.082021
vt -14.561680 0.082021
vt -0.000000 7.098664
vt 0.131234 5.716378
vt 0.131234 7.098664
vt -0.000000 5.716378
vt -0.131234 7.098664
vt -0.131234 5.716378
vt -0.082021 7.098664
vt -0.082021 5.716378
vt 0.082021 7.098664
vt 0.082021 5.716378
vt 15.358560 -0.131234
vt 14.561680 0.000000
vt 14.561680 -0.131234
vt 15.358560 0.000000
vt 14.561680 0.082021
vt 15.358560 0.082021
s 1
usemtl Wood_Floor_Parquet
f 9487/7436/1425 9488/7437/1425 9489/7438/1425
f 9488/7437/1425 9487/7436/1425 9490/7439/1425
f 9491/7440/1425 9489/7438/1425 9492/7441/1425
f 9489/7438/1425 9491/7440/1425 9487/7436/1425
f 9493/7442/1426 9494/7443/1426 9495/7444/1426
f 9494/7443/1426 9493/7442/1426 9496/7445/1426
f 9497/7445/1427 9498/7446/1427 9499/7447/1427
f 9498/7446/1427 9497/7445/1427 9500/7442/1427
f 9501/7448/1426 9496/7445/1426 9493/7442/1426
f 9496/7445/1426 9501/7448/1426 9502/7449/1426
f 9497/7445/1427 9503/7450/1427 9500/7442/1427
f 9503/7450/1427 9497/7445/1427 9504/7451/1427
f 9505/7452/1428 9506/7453/1428 9507/7454/1428
f 9506/7453/1428 9505/7452/1428 9508/7455/1428
f 9508/7455/1428 9509/7456/1428 9506/7453/1428
f 9509/7456/1428 9508/7455/1428 9510/7457/1428
o SketchUp.267
v 1.434144 0.630168 -0.000000
v 1.423854 0.622158 -0.000000
v 1.434144 0.622158 -0.000000
v 1.423854 0.630168 -0.000000
v 1.423854 0.630168 -0.000000
v 1.434144 0.630168 -0.000000
v 1.423854 0.622158 -0.000000
v 1.434144 0.622158 -0.000000
v 1.434144 0.622158 -0.000000
v 1.423854 0.501009 -0.000000
v 1.434144 0.501009 -0.000000
v 1.423854 0.622158 -0.000000
v 1.423854 0.622158 -0.000000
v 1.434144 0.622158 -0.000000
v 1.423854 0.501009 -0.000000
v 1.434144 0.501009 -0.000000
vn -0.0000 -0.0000 -1.0000
vn -0.0000 -0.0000 1.0000
vt 0.000000 0.000000
vt 8.181606 3.595027
vt 8.122905 3.549332
vt 8.181606 3.549332
vt 8.122905 3.595027
vt 8.122905 2.858189
vt 8.181606 2.858189
s 1
usemtl Translucent_Glass_Blue
f 9515/7458/1429 9516/7458/1429 9517/7458/1429
f 9518/7458/1429 9517/7458/1429 9516/7458/1429
f 9523/7458/1429 9524/7458/1429 9525/7458/1429
f 9526/7458/1429 9525/7458/1429 9524/7458/1429
usemtl Stone_Flagstone_Ashlar
f 9511/7459/1430 9512/7460/1430 9513/7461/1430
f 9512/7460/1430 9511/7459/1430 9514/7462/1430
f 9519/7461/1430 9520/7463/1430 9521/7464/1430
f 9520/7463/1430 9519/7461/1430 9522/7460/1430
o SketchUp.268
v 1.276250 0.630168 -0.000000
v 1.267659 0.622158 -0.000000
v 1.276250 0.622158 -0.000000
v 1.267659 0.630168 -0.000000
v 1.267659 0.630168 -0.000000
v 1.276250 0.630168 -0.000000
v 1.267659 0.622158 -0.000000
v 1.276250 0.622158 -0.000000
v 1.276250 0.622158 -0.000000
v 1.267659 0.501009 -0.000000
v 1.276250 0.501009 -0.000000
v 1.267659 0.622158 -0.000000
v 1.267659 0.622158 -0.000000
v 1.276250 0.622158 -0.000000
v 1.267659 0.501009 -0.000000
v 1.276250 0.501009 -0.000000
v 1.276250 0.729875 -0.000000
v 1.267659 0.630168 -0.000000
v 1.276250 0.630168 -0.000000
v 1.267659 0.729873 -0.000000
v 1.346092 0.630168 -0.000000
v 1.276250 0.622158 -0.000000
v 1.346092 0.622158 -0.000000
v 1.276250 0.630168 -0.000000
v 1.346092 0.630168 -0.000000
v 1.276250 0.622158 -0.000000
v 1.346092 0.622158 -0.000000
v 1.267659 0.729873 -0.000000
v 1.276250 0.729875 -0.000000
v 1.267659 0.630168 -0.000000
vn -0.0000 -0.0000 -1.0000
vn -0.0000 -0.0000 1.0000
vt 0.000000 0.000000
vt 7.280838 3.595027
vt 7.231826 3.549332
vt 7.280838 3.549332
vt 7.231826 3.595027
vt 7.231826 2.858189
vt 7.280838 2.858189
vt 7.280838 4.163844
vt 7.231826 4.163832
vt 7.679279 3.595027
vt 7.679279 3.549332
s 1
usemtl Translucent_Glass_Blue
f 9531/7465/1431 9532/7465/1431 9533/7465/1431
f 9534/7465/1431 9533/7465/1431 9532/7465/1431
f 9539/7465/1431 9540/7465/1431 9541/7465/1431
f 9542/7465/1431 9541/7465/1431 9540/7465/1431
f 9550/7465/1431 9551/7465/1431 9552/7465/1431
f 9553/7465/1431 9552/7465/1431 9551/7465/1431
f 9554/7465/1431 9555/7465/1431 9556/7465/1431
f 9550/7465/1431 9556/7465/1431 9555/7465/1431
usemtl Stone_Flagstone_Ashlar
f 9527/7466/1432 9528/7467/1432 9529/7468/1432
f 9528/7467/1432 9527/7466/1432 9530/7469/1432
f 9535/7468/1432 9536/7470/1432 9537/7471/1432
f 9536/7470/1432 9535/7468/1432 9538/7467/1432
f 9543/7472/1432 9544/7469/1432 9545/7466/1432
f 9544/7469/1432 9543/7472/1432 9546/7473/1432
f 9547/7474/1432 9548/7468/1432 9549/7475/1432
f 9548/7468/1432 9547/7474/1432 9545/7466/1432
o SketchUp.269
v 1.515748 0.730059 -0.000000
v 1.506029 0.630168 -0.000000
v 1.515748 0.630168 -0.000000
v 1.506029 0.729893 -0.000000
v 1.506029 0.730104 -0.000000
v 1.515748 0.730112 -0.000000
v 1.515748 0.730112 -0.000000
v 1.515748 0.730059 -0.000000
v 1.506029 0.730104 -0.000000
v 1.506029 0.729893 -0.000000
v 1.506029 0.630168 -0.000000
v 1.515748 0.630168 -0.000000
v 1.515748 0.622158 -0.000000
v 1.506029 0.501009 -0.000000
v 1.515748 0.501009 -0.000000
v 1.506029 0.622158 -0.000000
v 1.515748 0.630168 -0.000000
v 1.506029 0.630168 -0.000000
v 1.506029 0.630168 -0.000000
v 1.515748 0.630168 -0.000000
v 1.506029 0.622158 -0.000000
v 1.515748 0.622158 -0.000000
v 1.506029 0.501009 -0.000000
v 1.515748 0.501009 -0.000000
vn -0.0000 -0.0000 -1.0000
vn -0.0000 -0.0000 1.0000
vt 0.000000 0.000000
vt 8.647144 4.164890
vt 8.591699 3.595027
vt 8.647144 3.595027
vt 8.591699 4.163946
vt 8.591699 4.165147
vt 8.647144 4.165191
vt 8.647144 3.549332
vt 8.591699 2.858189
vt 8.647144 2.858189
vt 8.591699 3.549332
s 1
usemtl Translucent_Glass_Blue
f 9563/7476/1433 9564/7476/1433 9565/7476/1433
f 9565/7476/1433 9564/7476/1433 9566/7476/1433
f 9566/7476/1433 9564/7476/1433 9567/7476/1433
f 9568/7476/1433 9567/7476/1433 9564/7476/1433
f 9575/7476/1433 9576/7476/1433 9577/7476/1433
f 9576/7476/1433 9578/7476/1433 9577/7476/1433
f 9577/7476/1433 9578/7476/1433 9579/7476/1433
f 9580/7476/1433 9579/7476/1433 9578/7476/1433
usemtl Stone_Flagstone_Ashlar
f 9557/7477/1434 9558/7478/1434 9559/7479/1434
f 9558/7478/1434 9557/7477/1434 9560/7480/1434
f 9560/7480/1434 9557/7477/1434 9561/7481/1434
f 9561/7481/1434 9557/7477/1434 9562/7482/1434
f 9569/7483/1434 9570/7484/1434 9571/7485/1434
f 9570/7484/1434 9569/7483/1434 9572/7486/1434
f 9572/7486/1434 9569/7483/1434 9573/7479/1434
f 9572/7486/1434 9573/7479/1434 9574/7478/1434
o SketchUp.270
v 2.311955 0.632459 -0.000000
v 2.235652 0.511310 -0.000000
v 2.311955 0.511310 -0.000000
v 2.235652 0.632459 -0.000000
v 2.301665 0.632459 -0.000000
v 2.154060 0.632459 -0.000000
v 2.071956 0.511310 -0.000000
v 2.154060 0.511310 -0.000000
v 2.071956 0.632459 -0.000000
v 2.145469 0.632459 -0.000000
v 2.062879 0.632459 -0.000000
v 1.988014 0.511310 -0.000000
v 2.062879 0.511310 -0.000000
v 1.988492 0.632459 -0.000000
v 2.062879 0.640469 -0.000000
v 1.988014 0.632459 -0.000000
v 1.988492 0.640469 -0.000000
v 1.267659 0.630168 -0.000000
v 1.194145 0.630168 -0.000000
v 1.194234 0.630168 -0.000000
v 1.267659 0.729873 -0.000000
v 1.194145 0.729850 -0.000000
v 1.194145 0.729855 -0.000000
v 1.506029 0.630168 -0.000000
v 1.434144 0.622158 -0.000000
v 1.506029 0.622158 -0.000000
v 1.434144 0.630168 -0.000000
v 1.506029 0.729893 -0.000000
v 1.423854 0.630168 -0.000000
v 1.423854 0.729893 -0.000000
v 1.506029 0.730104 -0.000000
v 1.357841 0.729893 -0.000000
v 1.346092 0.729893 -0.000000
v 1.267659 0.729893 -0.000000
v 1.267659 0.729913 -0.000000
v 1.599034 0.501009 -0.000000
v 1.599034 0.622158 -0.000000
v 2.476845 0.511310 -0.000000
v 2.393559 0.511310 -0.000000
v 2.393456 0.511310 -0.000000
v 2.383840 0.511310 -0.000000
v 2.223903 0.511310 -0.000000
v 1.599034 0.630168 -0.000000
v 1.598486 0.643142 -0.000000
v 1.989128 0.653480 -0.000000
v 1.596492 0.655917 -0.000000
v 1.991027 0.666268 -0.000000
v 1.593088 0.668271 -0.000000
v 1.994154 0.678615 -0.000000
v 1.588333 0.679987 -0.000000
v 1.998458 0.690309 -0.000000
v 1.582310 0.690860 -0.000000
v 2.003864 0.701150 -0.000000
v 1.575125 0.700702 -0.000000
v 1.566903 0.709340 -0.000000
v 2.010279 0.710953 -0.000000
v 1.557787 0.716622 -0.000000
v 2.017595 0.719550 -0.000000
v 1.547937 0.722423 -0.000000
v 2.025686 0.726794 -0.000000
v 1.537525 0.726640 -0.000000
v 1.537383 0.726674 -0.000000
v 1.537304 0.726706 -0.000000
v 1.526619 0.729256 -0.000000
v 2.034412 0.732561 -0.000000
v 1.515748 0.730112 -0.000000
v 0.744014 0.490708 -0.000000
v 1.110681 0.501009 -0.000000
v 0.744014 0.630168 -0.000000
v 1.515748 0.501009 -0.000000
v 1.506029 0.501009 -0.000000
v 1.434144 0.501009 -0.000000
v 1.423854 0.501009 -0.000000
v 1.357841 0.501009 -0.000000
v 1.346092 0.501009 -0.000000
v 1.276250 0.501009 -0.000000
v 1.267659 0.501009 -0.000000
v 1.194145 0.501009 -0.000000
v 1.185068 0.501009 -0.000000
v 1.110681 0.622158 -0.000000
v 1.110681 0.630168 -0.000000
v 1.111317 0.643179 -0.000000
v 0.743230 0.644056 -0.000000
v 1.113216 0.655967 -0.000000
v 0.740889 0.657706 -0.000000
v 1.116343 0.668314 -0.000000
v 0.737032 0.670885 -0.000000
v 1.120647 0.680008 -0.000000
v 0.731726 0.683368 -0.000000
v 1.126053 0.690849 -0.000000
v 0.725060 0.694940 -0.000000
v 1.132469 0.700652 -0.000000
v 0.717149 0.705404 -0.000000
v 1.139784 0.709249 -0.000000
v 0.708129 0.714580 -0.000000
v 1.147875 0.716493 -0.000000
v 0.698152 0.722312 -0.000000
v 1.156601 0.722259 -0.000000
v 1.165815 0.726451 -0.000000
v 0.687392 0.728468 -0.000000
v 1.175359 0.728995 -0.000000
v 0.676031 0.732942 -0.000000
v 1.185068 0.729847 -0.000000
v 1.242775 0.729893 -0.000000
v 2.043626 0.736752 -0.000000
v 0.664263 0.735657 -0.000000
v 0.652291 0.736567 -0.000000
v 0.321611 0.736561 -0.000000
v 0.652291 0.736561 -0.000000
v 0.321611 0.736777 -0.000000
v 2.053170 0.739295 -0.000000
v 2.393559 0.640469 -0.000000
v 2.311955 0.640469 -0.000000
v 2.476845 0.640469 -0.000000
v 2.389395 0.740412 -0.000000
v 2.311955 0.740148 -0.000000
v 2.301665 0.740148 -0.000000
v 2.235652 0.740148 -0.000000
v 2.223903 0.740148 -0.000000
v 2.154060 0.740148 -0.000000
v 2.071956 0.740148 -0.000000
v 2.062879 0.740148 -0.000000
v 0.192959 1.359112 -0.000000
v 0.156326 0.957983 -0.000000
v 0.192959 0.957983 -0.000000
v 2.723073 2.007479 -0.000000
v 2.563407 0.000000 0.000000
v 2.723073 0.000000 0.000000
v 2.513790 0.000000 0.000000
v 2.513790 0.311431 -0.000000
v 2.563407 0.909248 -0.000000
v 1.944446 0.311431 -0.000000
v 1.532947 0.362310 -0.000000
v 1.356106 0.362310 -0.000000
v 1.179264 0.362310 -0.000000
v 2.476845 0.632459 -0.000000
v 2.393559 0.632459 -0.000000
v 2.393456 0.632459 -0.000000
v 2.383840 0.632459 -0.000000
v 2.476097 0.653514 -0.000000
v 2.473865 0.666336 -0.000000
v 2.470188 0.678716 -0.000000
v 2.465129 0.690441 -0.000000
v 2.458773 0.701311 -0.000000
v 2.451231 0.711140 -0.000000
v 2.442631 0.719760 -0.000000
v 2.433120 0.727023 -0.000000
v 2.422860 0.732805 -0.000000
v 2.412028 0.737007 -0.000000
v 2.400809 0.739558 -0.000000
v 2.563407 0.963735 -0.000000
v 2.475833 0.963735 -0.000000
v 2.563407 1.487666 -0.000000
v 2.343562 0.963735 -0.000000
v 2.255669 0.963735 -0.000000
v 2.123397 0.963735 -0.000000
v 2.019168 0.963735 -0.000000
v 1.886896 0.963735 -0.000000
v 0.325231 1.359112 -0.000000
v 2.563407 1.542965 -0.000000
v 2.518965 1.542965 -0.000000
v 2.386694 1.542965 -0.000000
v 2.298801 1.542965 -0.000000
v 2.166529 1.542965 -0.000000
v 2.062299 1.542965 -0.000000
v 1.930028 1.542965 -0.000000
v 1.886896 1.542965 -0.000000
v 1.651829 1.542965 -0.000000
v 1.651107 1.542965 -0.000000
v 1.519557 1.542965 -0.000000
v 1.431664 1.542965 -0.000000
v 1.299393 1.542965 -0.000000
v 1.195163 1.542965 -0.000000
v 1.062891 1.542965 -0.000000
v 0.827102 1.542965 -0.000000
v 0.776309 1.542965 -0.000000
v 0.644037 1.542965 -0.000000
v 0.556144 1.542965 -0.000000
v 0.423873 1.542965 -0.000000
v 0.319643 1.542965 -0.000000
v 0.200311 1.542965 -0.000000
v 0.187371 1.542965 -0.000000
v 0.156326 1.542965 -0.000000
v 0.156326 0.000000 0.000000
v 0.000000 2.007479 -0.000000
v 0.000000 0.000000 0.000000
v 0.208884 0.311431 -0.000000
v 0.156326 0.909248 -0.000000
v 0.238969 0.490708 -0.000000
v 0.238969 0.501009 -0.000000
v 0.238969 0.630168 -0.000000
v 0.239676 0.644084 -0.000000
v 0.241785 0.657761 -0.000000
v 0.245260 0.670966 -0.000000
v 0.250041 0.683473 -0.000000
v 0.256047 0.695068 -0.000000
v 0.263174 0.705552 -0.000000
v 0.271302 0.714747 -0.000000
v 0.280290 0.722494 -0.000000
v 0.289985 0.728662 -0.000000
v 0.300222 0.733144 -0.000000
v 0.310824 0.735865 -0.000000
v 1.886896 0.909248 -0.000000
v 1.651107 0.909248 -0.000000
v 1.062891 0.909248 -0.000000
v 0.827102 0.909248 -0.000000
v 0.156326 1.487666 -0.000000
v 1.886896 1.487666 -0.000000
v 1.651107 1.487666 -0.000000
v 1.062891 1.487666 -0.000000
v 0.827102 1.487666 -0.000000
v 1.651107 0.926353 -0.000000
v 1.886896 0.926353 -0.000000
v 1.651107 0.957983 -0.000000
v 1.519557 0.957983 -0.000000
v 1.431664 0.957983 -0.000000
v 1.299393 0.957983 -0.000000
v 1.195163 0.957983 -0.000000
v 1.062891 0.957983 -0.000000
v 0.827102 0.957983 -0.000000
v 0.781897 0.957983 -0.000000
v 0.649625 0.957983 -0.000000
v 0.561732 0.957983 -0.000000
v 0.429461 0.957983 -0.000000
v 0.325231 0.957983 -0.000000
v 0.827102 0.926353 -0.000000
v 1.062891 0.926353 -0.000000
v 1.276250 0.729875 -0.000000
v 1.357841 0.630168 -0.000000
v 1.346092 0.622158 -0.000000
v 1.357841 0.622158 -0.000000
v 1.346092 0.630168 -0.000000
v 0.208884 0.000000 0.000000
v 1.062891 0.000000 0.000000
v 1.179264 0.000000 0.000000
v 0.827102 0.000000 0.000000
v 0.778227 0.000000 0.000000
v 0.778227 0.311431 -0.000000
v 1.886896 0.000000 0.000000
v 1.944446 0.000000 0.000000
v 1.651107 0.000000 0.000000
v 1.532947 0.000000 0.000000
v 1.532947 0.362310 -0.000000
v 1.944446 0.311431 -0.000000
v 1.532947 0.000000 0.000000
v 1.651107 0.000000 0.000000
v 1.886896 0.000000 0.000000
v 1.944446 0.000000 0.000000
v 0.208884 0.311431 -0.000000
v 1.179264 0.362310 -0.000000
v 0.778227 0.311431 -0.000000
v 0.778227 0.000000 0.000000
v 0.827102 0.000000 0.000000
v 1.062891 0.000000 0.000000
v 1.179264 0.000000 0.000000
v 0.208884 0.000000 0.000000
v 0.156326 0.000000 0.000000
v 1.346092 0.729893 -0.000000
v 1.357841 0.729893 -0.000000
v 1.346092 0.630168 -0.000000
v 1.357841 0.630168 -0.000000
v 1.346092 0.622158 -0.000000
v 1.357841 0.622158 -0.000000
v 1.276250 0.729875 -0.000000
v 1.267659 0.729893 -0.000000
v 1.267659 0.729873 -0.000000
v 0.827102 0.957983 -0.000000
v 1.062891 0.957983 -0.000000
v 0.827102 0.926353 -0.000000
v 1.062891 0.926353 -0.000000
v 0.325231 1.359112 -0.000000
v 1.886896 0.963735 -0.000000
v 0.325231 0.957983 -0.000000
v 0.429461 0.957983 -0.000000
v 0.561732 0.957983 -0.000000
v 0.649625 0.957983 -0.000000
v 0.781897 0.957983 -0.000000
v 1.195163 0.957983 -0.000000
v 1.299393 0.957983 -0.000000
v 1.431664 0.957983 -0.000000
v 1.519557 0.957983 -0.000000
v 1.651107 0.957983 -0.000000
v 1.651107 0.926353 -0.000000
v 1.886896 0.926353 -0.000000
v 2.723073 2.007479 -0.000000
v 0.156326 1.542965 -0.000000
v 0.000000 2.007479 -0.000000
v 0.156326 1.487666 -0.000000
v 0.827102 1.487666 -0.000000
v 1.062891 1.487666 -0.000000
v 1.651107 1.487666 -0.000000
v 1.886896 1.487666 -0.000000
v 2.563407 1.487666 -0.000000
v 0.192959 1.359112 -0.000000
v 0.156326 0.957983 -0.000000
v 0.156326 0.909248 -0.000000
v 0.827102 0.909248 -0.000000
v 1.062891 0.909248 -0.000000
v 1.651107 0.909248 -0.000000
v 1.886896 0.909248 -0.000000
v 2.563407 0.909248 -0.000000
v 2.389395 0.740412 -0.000000
v 2.062879 0.740148 -0.000000
v 2.053170 0.739295 -0.000000
v 0.321611 0.736777 -0.000000
v 0.310824 0.735865 -0.000000
v 0.300222 0.733144 -0.000000
v 0.289985 0.728662 -0.000000
v 0.280290 0.722494 -0.000000
v 0.271302 0.714747 -0.000000
v 0.263174 0.705552 -0.000000
v 0.256047 0.695068 -0.000000
v 0.250041 0.683473 -0.000000
v 0.245260 0.670966 -0.000000
v 0.241785 0.657761 -0.000000
v 0.239676 0.644084 -0.000000
v 0.238969 0.630168 -0.000000
v 0.238969 0.501009 -0.000000
v 0.238969 0.490708 -0.000000
v 0.744014 0.490708 -0.000000
v 0.000000 0.000000 0.000000
v 0.187371 1.542965 -0.000000
v 0.200311 1.542965 -0.000000
v 0.319643 1.542965 -0.000000
v 0.423873 1.542965 -0.000000
v 0.556144 1.542965 -0.000000
v 0.644037 1.542965 -0.000000
v 0.776309 1.542965 -0.000000
v 0.827102 1.542965 -0.000000
v 1.062891 1.542965 -0.000000
v 1.195163 1.542965 -0.000000
v 1.299393 1.542965 -0.000000
v 1.431664 1.542965 -0.000000
v 1.519557 1.542965 -0.000000
v 1.651107 1.542965 -0.000000
v 1.651829 1.542965 -0.000000
v 1.886896 1.542965 -0.000000
v 1.930028 1.542965 -0.000000
v 2.062299 1.542965 -0.000000
v 2.166529 1.542965 -0.000000
v 2.298801 1.542965 -0.000000
v 2.386694 1.542965 -0.000000
v 2.518965 1.542965 -0.000000
v 2.563407 1.542965 -0.000000
v 2.019168 0.963735 -0.000000
v 2.123397 0.963735 -0.000000
v 2.255669 0.963735 -0.000000
v 2.343562 0.963735 -0.000000
v 2.475833 0.963735 -0.000000
v 2.563407 0.963735 -0.000000
v 2.400809 0.739558 -0.000000
v 2.412028 0.737007 -0.000000
v 2.422860 0.732805 -0.000000
v 2.433120 0.727023 -0.000000
v 2.442631 0.719760 -0.000000
v 2.451231 0.711140 -0.000000
v 2.458773 0.701311 -0.000000
v 2.465129 0.690441 -0.000000
v 2.470188 0.678716 -0.000000
v 2.473865 0.666336 -0.000000
v 2.476097 0.653514 -0.000000
v 2.476845 0.640469 -0.000000
v 2.311955 0.632459 -0.000000
v 2.383840 0.632459 -0.000000
v 2.393456 0.632459 -0.000000
v 2.393559 0.632459 -0.000000
v 2.476845 0.632459 -0.000000
v 2.476845 0.511310 -0.000000
v 1.599034 0.501009 -0.000000
v 1.356106 0.362310 -0.000000
v 2.513790 0.311431 -0.000000
v 2.513790 0.000000 0.000000
v 2.563407 0.000000 0.000000
v 2.723073 0.000000 0.000000
v 0.192959 0.957983 -0.000000
v 2.071956 0.740148 -0.000000
v 2.154060 0.740148 -0.000000
v 2.223903 0.740148 -0.000000
v 2.235652 0.740148 -0.000000
v 2.301665 0.740148 -0.000000
v 2.311955 0.740148 -0.000000
v 2.311955 0.640469 -0.000000
v 2.393559 0.640469 -0.000000
v 2.043626 0.736752 -0.000000
v 0.652291 0.736567 -0.000000
v 0.321611 0.736561 -0.000000
v 0.652291 0.736561 -0.000000
v 0.664263 0.735657 -0.000000
v 0.676031 0.732942 -0.000000
v 2.034412 0.732561 -0.000000
v 1.515748 0.730112 -0.000000
v 1.506029 0.730104 -0.000000
v 1.267659 0.729913 -0.000000
v 1.242775 0.729893 -0.000000
v 1.194145 0.729855 -0.000000
v 1.185068 0.729847 -0.000000
v 1.175359 0.728995 -0.000000
v 0.687392 0.728468 -0.000000
v 1.165815 0.726451 -0.000000
v 0.698152 0.722312 -0.000000
v 1.156601 0.722259 -0.000000
v 1.147875 0.716493 -0.000000
v 0.708129 0.714580 -0.000000
v 1.139784 0.709249 -0.000000
v 0.717149 0.705404 -0.000000
v 1.132469 0.700652 -0.000000
v 0.725060 0.694940 -0.000000
v 1.126053 0.690849 -0.000000
v 0.731726 0.683368 -0.000000
v 1.120647 0.680008 -0.000000
v 0.737032 0.670885 -0.000000
v 1.116343 0.668314 -0.000000
v 0.740889 0.657706 -0.000000
v 1.113216 0.655967 -0.000000
v 0.743230 0.644056 -0.000000
v 1.111317 0.643179 -0.000000
v 0.744014 0.630168 -0.000000
v 1.110681 0.630168 -0.000000
v 1.110681 0.622158 -0.000000
v 1.110681 0.501009 -0.000000
v 1.185068 0.501009 -0.000000
v 1.194145 0.501009 -0.000000
v 1.267659 0.501009 -0.000000
v 1.276250 0.501009 -0.000000
v 1.346092 0.501009 -0.000000
v 1.357841 0.501009 -0.000000
v 1.423854 0.501009 -0.000000
v 1.434144 0.501009 -0.000000
v 1.506029 0.501009 -0.000000
v 1.515748 0.501009 -0.000000
v 1.526619 0.729256 -0.000000
v 2.025686 0.726794 -0.000000
v 1.537304 0.726706 -0.000000
v 1.537383 0.726674 -0.000000
v 1.537525 0.726640 -0.000000
v 1.547937 0.722423 -0.000000
v 2.017595 0.719550 -0.000000
v 1.557787 0.716622 -0.000000
v 2.010279 0.710953 -0.000000
v 1.566903 0.709340 -0.000000
v 2.003864 0.701150 -0.000000
v 1.575125 0.700702 -0.000000
v 1.582310 0.690860 -0.000000
v 1.998458 0.690309 -0.000000
v 1.588333 0.679987 -0.000000
v 1.994154 0.678615 -0.000000
v 1.593088 0.668271 -0.000000
v 1.991027 0.666268 -0.000000
v 1.596492 0.655917 -0.000000
v 1.989128 0.653480 -0.000000
v 1.598486 0.643142 -0.000000
v 1.988492 0.640469 -0.000000
v 1.988014 0.632459 -0.000000
v 1.599034 0.630168 -0.000000
v 1.599034 0.622158 -0.000000
v 1.988014 0.511310 -0.000000
v 2.062879 0.511310 -0.000000
v 2.071956 0.511310 -0.000000
v 2.154060 0.511310 -0.000000
v 2.223903 0.511310 -0.000000
v 2.235652 0.511310 -0.000000
v 2.311955 0.511310 -0.000000
v 2.383840 0.511310 -0.000000
v 2.393456 0.511310 -0.000000
v 2.393559 0.511310 -0.000000
v 1.423854 0.729893 -0.000000
v 1.506029 0.729893 -0.000000
v 1.423854 0.630168 -0.000000
v 1.434144 0.630168 -0.000000
v 1.506029 0.630168 -0.000000
v 1.434144 0.622158 -0.000000
v 1.506029 0.622158 -0.000000
v 1.194145 0.729850 -0.000000
v 1.194145 0.630168 -0.000000
v 1.267659 0.630168 -0.000000
v 1.194234 0.630168 -0.000000
v 2.062879 0.640469 -0.000000
v 1.988492 0.632459 -0.000000
v 2.062879 0.632459 -0.000000
v 2.145469 0.632459 -0.000000
v 2.154060 0.632459 -0.000000
v 2.071956 0.632459 -0.000000
v 2.301665 0.632459 -0.000000
v 2.235652 0.632459 -0.000000
vn -0.0000 -0.0000 -1.0000
vn -0.0000 -1.0000 -0.0000
vn -0.0000 1.0000 -0.0000
vn -0.0000 -0.0000 1.0000
vt 0.000000 0.000000
vt 13.189400 3.608098
vt 12.754100 2.916955
vt 13.189400 2.916955
vt 12.754100 3.608098
vt 13.130700 3.608098
vt 12.288630 3.608098
vt 11.820240 2.916955
vt 12.288630 2.916955
vt 11.820240 3.608098
vt 12.239619 3.608098
vt 11.768459 3.608098
vt 11.341360 2.916955
vt 11.768459 2.916955
vt 11.344090 3.608098
vt 11.768459 3.653793
vt 11.341360 3.608098
vt 11.344090 3.653793
vt 7.231826 3.595027
vt 6.812443 3.595027
vt 6.812950 3.595027
vt 7.231826 4.163832
vt 6.812443 4.163698
vt 6.812443 4.163725
vt 8.591699 3.595027
vt 8.181606 3.549332
vt 8.591699 3.549332
vt 8.181606 3.595027
vt 8.591699 4.163946
vt 8.122905 3.595027
vt 8.122905 4.163946
vt 8.591699 4.165147
vt 7.746307 4.163946
vt 7.679279 4.163946
vt 7.231826 4.163946
vt 7.231826 4.164060
vt 9.122281 2.858189
vt 9.122281 3.549332
vt 14.130079 2.916955
vt 13.654940 2.916955
vt 13.654349 2.916955
vt 13.599489 2.916955
vt 12.687070 2.916955
vt 9.122281 3.595027
vt 9.119151 3.669042
vt 11.347720 3.728017
vt 9.107777 3.741923
vt 11.358550 3.800972
vt 9.088358 3.812398
vt 11.376390 3.871408
vt 9.061233 3.879236
vt 11.400940 3.938121
vt 9.026875 3.941269
vt 11.431780 3.999969
vt 8.985884 3.997414
vt 8.938977 4.046690
vt 11.468380 4.055893
vt 8.886973 4.088237
vt 11.510119 4.104938
vt 8.830780 4.121329
vt 11.556270 4.146263
vt 8.771379 4.145387
vt 8.770571 4.145579
vt 8.770118 4.145763
vt 8.709161 4.160314
vt 11.606060 4.179162
vt 8.647144 4.165191
vt 4.244504 2.799423
vt 6.336290 2.858189
vt 4.244504 3.595027
vt 8.647144 2.858189
vt 8.591699 2.858189
vt 8.181606 2.858189
vt 8.122905 2.858189
vt 7.746307 2.858189
vt 7.679279 2.858189
vt 7.280838 2.858189
vt 7.231826 2.858189
vt 6.812443 2.858189
vt 6.760661 2.858189
vt 6.336290 3.549332
vt 6.336290 3.595027
vt 6.339921 3.669251
vt 4.240028 3.674255
vt 6.350750 3.742206
vt 4.226674 3.752128
vt 6.368594 3.812642
vt 4.204673 3.827313
vt 6.393145 3.879355
vt 4.174399 3.898524
vt 6.423985 3.941203
vt 4.136372 3.964541
vt 6.460585 3.997128
vt 4.091242 4.024236
vt 6.502320 4.046172
vt 4.039781 4.076587
vt 6.548475 4.087498
vt 3.982869 4.120698
vt 6.598261 4.120397
vt 6.650826 4.144307
vt 3.921481 4.155815
vt 6.705269 4.158818
vt 3.856666 4.181337
vt 6.760661 4.163683
vt 7.089870 4.163946
vt 11.658620 4.203072
vt 3.789535 4.196827
vt 3.721234 4.202020
vt 1.834751 4.201982
vt 3.721234 4.201982
vt 1.834751 4.203218
vt 11.713070 4.217584
vt 13.654940 3.653793
vt 13.189400 3.653793
vt 14.130079 3.653793
vt 13.631180 4.223957
vt 13.189400 4.222449
vt 13.130700 4.222449
vt 12.754100 4.222449
vt 12.687070 4.222449
vt 12.288630 4.222449
vt 11.820240 4.222449
vt 11.768459 4.222449
vt 1.100807 7.753557
vt 0.891820 5.465171
vt 1.100807 5.465171
vt 15.534780 11.452399
vt 14.623899 -0.000000
vt 15.534780 -0.000000
vt 14.340839 -0.000000
vt 14.340839 1.776673
vt 14.623899 5.187144
vt 11.092810 1.776673
vt 8.745265 2.066929
vt 7.736407 2.066929
vt 6.727548 2.066929
vt 14.130079 3.608098
vt 13.654940 3.608098
vt 13.654349 3.608098
vt 13.599489 3.608098
vt 14.125810 3.728214
vt 14.113080 3.801362
vt 14.092099 3.871985
vt 14.063240 3.938875
vt 14.026979 4.000887
vt 13.983950 4.056960
vt 13.934890 4.106134
vt 13.880630 4.147570
vt 13.822100 4.180556
vt 13.760309 4.204529
vt 13.696300 4.219079
vt 14.623899 5.497979
vt 14.124310 5.497979
vt 14.623899 8.486937
vt 13.369710 5.497979
vt 12.868299 5.497979
vt 12.113700 5.497979
vt 11.519090 5.497979
vt 10.764490 5.497979
vt 1.855400 7.753557
vt 14.623899 8.802415
vt 14.370370 8.802415
vt 13.615780 8.802415
vt 13.114360 8.802415
vt 12.359770 8.802415
vt 11.765150 8.802415
vt 11.010560 8.802415
vt 10.764490 8.802415
vt 9.423467 8.802415
vt 9.419349 8.802415
vt 8.668874 8.802415
vt 8.167458 8.802415
vt 7.412865 8.802415
vt 6.818247 8.802415
vt 6.063654 8.802415
vt 4.718509 8.802415
vt 4.428741 8.802415
vt 3.674148 8.802415
vt 3.172732 8.802415
vt 2.418139 8.802415
vt 1.823521 8.802415
vt 1.142747 8.802415
vt 1.068928 8.802415
vt 0.891820 8.802415
vt 0.891820 0.000000
vt -0.000000 11.452399
vt 1.191654 1.776673
vt 0.891820 5.187144
vt 1.363286 2.799423
vt 1.363286 2.858189
vt 1.363286 3.595027
vt 1.367319 3.674412
vt 1.379351 3.752438
vt 1.399174 3.827771
vt 1.426450 3.899122
vt 1.460713 3.965270
vt 1.501375 4.025083
vt 1.547741 4.077537
vt 1.599019 4.121735
vt 1.654329 4.156922
vt 1.712727 4.182494
vt 1.773213 4.198014
vt 10.764490 5.187144
vt 9.419349 5.187144
vt 6.063654 5.187144
vt 4.718509 5.187144
vt 0.891820 8.486937
vt 10.764490 8.486937
vt 9.419349 8.486937
vt 6.063654 8.486937
vt 4.718509 8.486937
vt 9.419349 5.284725
vt 10.764490 5.284725
vt 9.419349 5.465171
vt 8.668874 5.465171
vt 8.167458 5.465171
vt 7.412865 5.465171
vt 6.818247 5.465171
vt 6.063654 5.465171
vt 4.718509 5.465171
vt 4.460620 5.465171
vt 3.706027 5.465171
vt 3.204611 5.465171
vt 2.450017 5.465171
vt 1.855400 5.465171
vt 4.718509 5.284725
vt 6.063654 5.284725
vt 7.280838 4.163844
vt 7.746307 3.595027
vt 7.679279 3.549332
vt 7.746307 3.549332
vt 7.679279 3.595027
vt 1.191654 0.000000
vt 6.063654 0.000000
vt 6.727548 0.000000
vt 4.718509 0.000000
vt 4.439685 0.000000
vt 4.439685 1.776673
vt 10.764490 0.000000
vt 11.092810 -0.000000
vt 9.419349 0.000000
vt 8.745265 0.000000
s 1
usemtl Translucent_Glass_Blue
f 9823/7487/1435 9824/7487/1435 9825/7487/1435
f 9825/7487/1435 9824/7487/1435 9826/7487/1435
f 9826/7487/1435 9824/7487/1435 9827/7487/1435
f 9828/7487/1435 9827/7487/1435 9824/7487/1435
f 9829/7487/1435 9830/7487/1435 9831/7487/1435
f 9831/7487/1435 9830/7487/1435 9832/7487/1435
f 9832/7487/1435 9830/7487/1435 9833/7487/1435
f 9833/7487/1435 9830/7487/1435 9834/7487/1435
f 9835/7487/1435 9834/7487/1435 9830/7487/1435
f 9836/7487/1435 9837/7487/1435 9829/7487/1435
f 9838/7487/1435 9839/7487/1435 9840/7487/1435
f 9839/7487/1435 9841/7487/1435 9840/7487/1435
f 9840/7487/1435 9841/7487/1435 9842/7487/1435
f 9843/7487/1435 9842/7487/1435 9841/7487/1435
f 9838/7487/1435 9844/7487/1435 9845/7487/1435
f 9846/7487/1435 9845/7487/1435 9844/7487/1435
f 9847/7487/1435 9848/7487/1435 9849/7487/1435
f 9850/7487/1435 9849/7487/1435 9848/7487/1435
f 9851/7487/1435 9852/7487/1435 9853/7487/1435
f 9853/7487/1435 9852/7487/1435 9854/7487/1435
f 9854/7487/1435 9852/7487/1435 9855/7487/1435
f 9855/7487/1435 9852/7487/1435 9856/7487/1435
f 9856/7487/1435 9852/7487/1435 9857/7487/1435
f 9857/7487/1435 9852/7487/1435 9847/7487/1435
f 9847/7487/1435 9852/7487/1435 9848/7487/1435
f 9848/7487/1435 9852/7487/1435 9858/7487/1435
f 9858/7487/1435 9852/7487/1435 9859/7487/1435
f 9859/7487/1435 9852/7487/1435 9860/7487/1435
f 9860/7487/1435 9852/7487/1435 9861/7487/1435
f 9861/7487/1435 9852/7487/1435 9862/7487/1435
f 9862/7487/1435 9852/7487/1435 9863/7487/1435
f 9864/7487/1435 9863/7487/1435 9852/7487/1435
f 9865/7487/1435 9866/7487/1435 9867/7487/1435
f 9866/7487/1435 9868/7487/1435 9867/7487/1435
s 0
f 9869/7487/1436 9870/7487/1436 9868/7487/1436
f 9870/7487/1437 9871/7487/1437 9868/7487/1437
f 9871/7487/1436 9872/7487/1436 9868/7487/1436
f 9872/7487/1437 9873/7487/1437 9868/7487/1437
s 1
f 9873/7487/1435 9874/7487/1435 9868/7487/1435
f 9868/7487/1435 9874/7487/1435 9867/7487/1435
f 9874/7487/1435 9875/7487/1435 9867/7487/1435
f 9875/7487/1435 9876/7487/1435 9867/7487/1435
s 0
f 9877/7487/1437 9878/7487/1437 9876/7487/1437
f 9878/7487/1437 9879/7487/1437 9876/7487/1437
f 9879/7487/1437 9880/7487/1437 9876/7487/1437
f 9880/7487/1437 9881/7487/1437 9876/7487/1437
s 1
f 9881/7487/1435 9882/7487/1435 9876/7487/1435
f 9882/7487/1435 9883/7487/1435 9876/7487/1435
f 9883/7487/1435 9884/7487/1435 9876/7487/1435
f 9884/7487/1435 9885/7487/1435 9876/7487/1435
f 9885/7487/1435 9886/7487/1435 9876/7487/1435
f 9886/7487/1435 9887/7487/1435 9876/7487/1435
f 9887/7487/1435 9888/7487/1435 9876/7487/1435
f 9888/7487/1435 9889/7487/1435 9876/7487/1435
f 9889/7487/1435 9890/7487/1435 9876/7487/1435
f 9890/7487/1435 9891/7487/1435 9876/7487/1435
f 9891/7487/1435 9892/7487/1435 9876/7487/1435
f 9892/7487/1435 9893/7487/1435 9876/7487/1435
f 9893/7487/1435 9894/7487/1435 9876/7487/1435
f 9894/7487/1435 9895/7487/1435 9876/7487/1435
f 9895/7487/1435 9896/7487/1435 9876/7487/1435
f 9896/7487/1435 9897/7487/1435 9876/7487/1435
f 9897/7487/1435 9898/7487/1435 9876/7487/1435
f 9898/7487/1435 9899/7487/1435 9876/7487/1435
f 9900/7487/1435 9830/7487/1435 9899/7487/1435
f 9830/7487/1435 9829/7487/1435 9899/7487/1435
f 9899/7487/1435 9829/7487/1435 9876/7487/1435
f 9876/7487/1435 9829/7487/1435 9867/7487/1435
f 9829/7487/1435 9837/7487/1435 9867/7487/1435
f 9901/7487/1435 9867/7487/1435 9837/7487/1435
f 9866/7487/1435 9865/7487/1435 9902/7487/1435
f 9902/7487/1435 9865/7487/1435 9903/7487/1435
f 9903/7487/1435 9865/7487/1435 9904/7487/1435
f 9904/7487/1435 9865/7487/1435 9905/7487/1435
f 9905/7487/1435 9865/7487/1435 9906/7487/1435
f 9906/7487/1435 9865/7487/1435 9907/7487/1435
f 9907/7487/1435 9865/7487/1435 9908/7487/1435
f 9908/7487/1435 9865/7487/1435 9909/7487/1435
f 9909/7487/1435 9865/7487/1435 9910/7487/1435
f 9910/7487/1435 9865/7487/1435 9911/7487/1435
f 9911/7487/1435 9865/7487/1435 9912/7487/1435
f 9912/7487/1435 9865/7487/1435 9913/7487/1435
f 9913/7487/1435 9865/7487/1435 9914/7487/1435
f 9914/7487/1435 9865/7487/1435 9915/7487/1435
f 9915/7487/1435 9865/7487/1435 9916/7487/1435
f 9916/7487/1435 9865/7487/1435 9917/7487/1435
f 9917/7487/1435 9865/7487/1435 9918/7487/1435
f 9918/7487/1435 9865/7487/1435 9919/7487/1435
f 9919/7487/1435 9865/7487/1435 9920/7487/1435
f 9920/7487/1435 9865/7487/1435 9921/7487/1435
f 9921/7487/1435 9865/7487/1435 9922/7487/1435
f 9922/7487/1435 9865/7487/1435 9923/7487/1435
f 9923/7487/1435 9865/7487/1435 9924/7487/1435
f 9924/7487/1435 9865/7487/1435 9873/7487/1435
f 9874/7487/1435 9873/7487/1435 9851/7487/1435
f 9851/7487/1435 9873/7487/1435 9852/7487/1435
f 9852/7487/1435 9873/7487/1435 9925/7487/1435
f 9925/7487/1435 9873/7487/1435 9926/7487/1435
f 9926/7487/1435 9873/7487/1435 9927/7487/1435
f 9927/7487/1435 9873/7487/1435 9928/7487/1435
f 9928/7487/1435 9873/7487/1435 9929/7487/1435
f 9873/7487/1435 9865/7487/1435 9929/7487/1435
f 9929/7487/1435 9865/7487/1435 9930/7487/1435
f 9930/7487/1435 9865/7487/1435 9881/7487/1435
f 9882/7487/1435 9881/7487/1435 9931/7487/1435
f 9931/7487/1435 9881/7487/1435 9932/7487/1435
f 9932/7487/1435 9881/7487/1435 9933/7487/1435
f 9933/7487/1435 9881/7487/1435 9934/7487/1435
f 9934/7487/1435 9881/7487/1435 9935/7487/1435
f 9935/7487/1435 9881/7487/1435 9936/7487/1435
f 9936/7487/1435 9881/7487/1435 9937/7487/1435
f 9937/7487/1435 9881/7487/1435 9938/7487/1435
f 9938/7487/1435 9881/7487/1435 9939/7487/1435
f 9939/7487/1435 9881/7487/1435 9940/7487/1435
f 9940/7487/1435 9881/7487/1435 9941/7487/1435
f 9941/7487/1435 9881/7487/1435 9942/7487/1435
f 9943/7487/1435 9942/7487/1435 9944/7487/1435
f 9944/7487/1435 9942/7487/1435 9945/7487/1435
f 9945/7487/1435 9942/7487/1435 9946/7487/1435
f 9946/7487/1435 9942/7487/1435 9947/7487/1435
f 9942/7487/1435 9881/7487/1435 9947/7487/1435
f 9947/7487/1435 9881/7487/1435 9948/7487/1435
f 9949/7487/1435 9948/7487/1435 9900/7487/1435
f 9900/7487/1435 9948/7487/1435 9830/7487/1435
f 9830/7487/1435 9948/7487/1435 9950/7487/1435
f 9950/7487/1435 9948/7487/1435 9823/7487/1435
f 9823/7487/1435 9948/7487/1435 9824/7487/1435
f 9824/7487/1435 9948/7487/1435 9951/7487/1435
f 9948/7487/1435 9881/7487/1435 9951/7487/1435
f 9881/7487/1435 9865/7487/1435 9951/7487/1435
f 9951/7487/1435 9865/7487/1435 9952/7487/1435
f 9952/7487/1435 9865/7487/1435 9953/7487/1435
f 9954/7487/1435 9953/7487/1435 9865/7487/1435
f 9955/7487/1435 9875/7487/1435 9874/7487/1435
f 9883/7487/1435 9882/7487/1435 9956/7487/1435
f 9956/7487/1435 9882/7487/1435 9957/7487/1435
f 9957/7487/1435 9882/7487/1435 9958/7487/1435
f 9958/7487/1435 9882/7487/1435 9959/7487/1435
f 9959/7487/1435 9882/7487/1435 9960/7487/1435
f 9960/7487/1435 9882/7487/1435 9961/7487/1435
f 9961/7487/1435 9882/7487/1435 9962/7487/1435
f 9882/7487/1435 9963/7487/1435 9962/7487/1435
f 9942/7487/1435 9943/7487/1435 9963/7487/1435
f 9962/7487/1435 9963/7487/1435 9943/7487/1435
f 9884/7487/1435 9964/7487/1435 9885/7487/1435
f 9964/7487/1435 9965/7487/1435 9885/7487/1435
f 9885/7487/1435 9965/7487/1435 9966/7487/1435
f 9967/7487/1435 9966/7487/1435 9965/7487/1435
f 9965/7487/1435 9964/7487/1435 9968/7487/1435
f 9968/7487/1435 9964/7487/1435 9969/7487/1435
f 9964/7487/1435 9970/7487/1435 9969/7487/1435
f 9970/7487/1435 9971/7487/1435 9969/7487/1435
f 9971/7487/1435 9972/7487/1435 9969/7487/1435
f 9972/7487/1435 9973/7487/1435 9969/7487/1435
f 9973/7487/1435 9974/7487/1435 9969/7487/1435
f 9974/7487/1435 9975/7487/1435 9969/7487/1435
f 9975/7487/1435 9976/7487/1435 9969/7487/1435
f 9976/7487/1435 9977/7487/1435 9969/7487/1435
f 9969/7487/1435 9977/7487/1435 9978/7487/1435
f 9977/7487/1435 9979/7487/1435 9978/7487/1435
f 9978/7487/1435 9979/7487/1435 9980/7487/1435
f 9979/7487/1435 9981/7487/1435 9980/7487/1435
f 9981/7487/1435 9982/7487/1435 9980/7487/1435
f 9980/7487/1435 9982/7487/1435 9983/7487/1435
f 9982/7487/1435 9984/7487/1435 9983/7487/1435
f 9983/7487/1435 9984/7487/1435 9985/7487/1435
f 9984/7487/1435 9986/7487/1435 9985/7487/1435
f 9985/7487/1435 9986/7487/1435 9987/7487/1435
f 9986/7487/1435 9988/7487/1435 9987/7487/1435
f 9987/7487/1435 9988/7487/1435 9989/7487/1435
f 9988/7487/1435 9990/7487/1435 9989/7487/1435
f 9989/7487/1435 9990/7487/1435 9991/7487/1435
f 9990/7487/1435 9992/7487/1435 9991/7487/1435
f 9991/7487/1435 9992/7487/1435 9993/7487/1435
f 9992/7487/1435 9994/7487/1435 9993/7487/1435
f 9993/7487/1435 9994/7487/1435 9995/7487/1435
f 9994/7487/1435 9996/7487/1435 9995/7487/1435
f 9995/7487/1435 9996/7487/1435 9997/7487/1435
f 9996/7487/1435 9998/7487/1435 9997/7487/1435
f 9998/7487/1435 9999/7487/1435 9997/7487/1435
f 9999/7487/1435 10000/7487/1435 9997/7487/1435
s 0
f 10001/7487/1436 10002/7487/1436 10000/7487/1436
f 10002/7487/1436 10003/7487/1436 10000/7487/1436
f 10003/7487/1436 10004/7487/1436 10000/7487/1436
f 10004/7487/1436 10005/7487/1436 10000/7487/1436
f 10005/7487/1436 10006/7487/1436 10000/7487/1436
f 10006/7487/1436 10007/7487/1436 10000/7487/1436
f 10007/7487/1436 10008/7487/1436 10000/7487/1436
f 10008/7487/1436 10009/7487/1436 10000/7487/1436
f 10009/7487/1436 10010/7487/1436 10000/7487/1436
f 10010/7487/1436 9949/7487/1436 10000/7487/1436
s 1
f 9949/7487/1435 9900/7487/1435 10000/7487/1435
f 9997/7487/1435 10000/7487/1435 9900/7487/1435
f 9971/7487/1435 9970/7487/1435 10011/7487/1435
f 9970/7487/1435 10012/7487/1435 10011/7487/1435
f 10011/7487/1435 10012/7487/1435 10013/7487/1435
f 10013/7487/1435 10012/7487/1435 10014/7487/1435
f 10014/7487/1435 10012/7487/1435 10015/7487/1435
f 10015/7487/1435 10012/7487/1435 10016/7487/1435
f 10012/7487/1435 10017/7487/1435 10016/7487/1435
f 10016/7487/1435 10017/7487/1435 10018/7487/1435
f 10017/7487/1435 10019/7487/1435 10018/7487/1435
f 10018/7487/1435 10019/7487/1435 10020/7487/1435
f 10019/7487/1435 10021/7487/1435 10020/7487/1435
f 10020/7487/1435 10021/7487/1435 10022/7487/1435
f 10022/7487/1435 10021/7487/1435 10023/7487/1435
f 10021/7487/1435 10024/7487/1435 10023/7487/1435
f 10023/7487/1435 10024/7487/1435 10025/7487/1435
f 10024/7487/1435 10026/7487/1435 10025/7487/1435
f 10025/7487/1435 10026/7487/1435 10027/7487/1435
f 10026/7487/1435 10028/7487/1435 10027/7487/1435
f 10027/7487/1435 10028/7487/1435 10029/7487/1435
f 10028/7487/1435 10030/7487/1435 10029/7487/1435
f 10029/7487/1435 10030/7487/1435 10031/7487/1435
f 10030/7487/1435 10032/7487/1435 10031/7487/1435
f 10032/7487/1435 10033/7487/1435 10031/7487/1435
f 10031/7487/1435 10033/7487/1435 10034/7487/1435
f 10034/7487/1435 10033/7487/1435 10035/7487/1435
f 10033/7487/1435 10036/7487/1435 10035/7487/1435
s 0
f 10037/7487/1436 10038/7487/1436 10036/7487/1436
f 10038/7487/1437 10039/7487/1437 10036/7487/1437
f 10039/7487/1436 10040/7487/1436 10036/7487/1436
f 10040/7487/1437 10041/7487/1437 10036/7487/1437
f 10041/7487/1436 10042/7487/1436 10036/7487/1436
f 10042/7487/1437 10043/7487/1437 10036/7487/1437
f 10043/7487/1437 10044/7487/1437 10036/7487/1437
f 10044/7487/1436 10045/7487/1436 10036/7487/1436
f 10045/7487/1437 9948/7487/1437 10036/7487/1437
s 1
f 9948/7487/1435 9949/7487/1435 10036/7487/1435
f 10035/7487/1435 10036/7487/1435 9949/7487/1435
f 9973/7487/1435 9972/7487/1435 9845/7487/1435
f 9845/7487/1435 9972/7487/1435 9838/7487/1435
f 9838/7487/1435 9972/7487/1435 9839/7487/1435
f 9839/7487/1435 9972/7487/1435 10046/7487/1435
f 9972/7487/1435 10047/7487/1435 10046/7487/1435
f 10046/7487/1435 10047/7487/1435 10048/7487/1435
f 10048/7487/1435 10047/7487/1435 10049/7487/1435
f 10047/7487/1435 10050/7487/1435 10049/7487/1435
f 10049/7487/1435 10050/7487/1435 10051/7487/1435
f 10052/7487/1435 10051/7487/1435 10050/7487/1435
f 9975/7487/1435 9846/7487/1435 10053/7487/1435
f 10053/7487/1435 9846/7487/1435 10054/7487/1435
f 9846/7487/1435 10055/7487/1435 10054/7487/1435
s 0
f 10056/7487/1437 10054/7487/1437 10055/7487/1437
s 1
f 10032/7487/1435 10057/7487/1435 10033/7487/1435
f 10033/7487/1435 10057/7487/1435 10058/7487/1435
f 10059/7487/1435 10058/7487/1435 10057/7487/1435
f 10058/7487/1435 10059/7487/1435 10036/7487/1435
f 10037/7487/1435 10036/7487/1435 10059/7487/1435
s 0
f 10060/7487/1437 10061/7487/1437 10062/7487/1437
s 1
f 10062/7487/1435 10061/7487/1435 10038/7487/1435
f 10039/7487/1435 10038/7487/1435 10061/7487/1435
s 0
f 10063/7487/1437 9943/7487/1437 10064/7487/1437
s 1
f 10064/7487/1435 9943/7487/1435 10041/7487/1435
f 10042/7487/1435 10041/7487/1435 9943/7487/1435
usemtl Stone_Flagstone_Ashlar
f 9581/7488/1438 9582/7489/1438 9583/7490/1438
f 9582/7489/1438 9581/7488/1438 9584/7491/1438
s 0
f 9584/7491/1437 9581/7488/1437 9585/7492/1437
s 1
f 9586/7493/1438 9587/7494/1438 9588/7495/1438
f 9587/7494/1438 9586/7493/1438 9589/7496/1438
s 0
f 9589/7496/1437 9586/7493/1437 9590/7497/1437
s 1
f 9591/7498/1438 9592/7499/1438 9593/7500/1438
f 9592/7499/1438 9591/7498/1438 9594/7501/1438
f 9595/7502/1438 9594/7501/1438 9591/7498/1438
f 9594/7501/1438 9595/7502/1438 9596/7503/1438
f 9596/7503/1438 9595/7502/1438 9597/7504/1438
s 0
f 9598/7505/1436 9599/7506/1436 9600/7507/1436
s 1
f 9599/7506/1438 9598/7505/1438 9601/7508/1438
f 9599/7506/1438 9601/7508/1438 9602/7509/1438
f 9602/7509/1438 9601/7508/1438 9603/7510/1438
f 9604/7511/1438 9605/7512/1438 9606/7513/1438
f 9605/7512/1438 9604/7511/1438 9607/7514/1438
f 9607/7514/1438 9604/7511/1438 9608/7515/1438
f 9607/7514/1438 9608/7515/1438 9609/7516/1438
f 9609/7516/1438 9608/7515/1438 9610/7517/1438
f 9610/7517/1438 9608/7515/1438 9611/7518/1438
f 9610/7517/1438 9611/7518/1438 9612/7519/1438
f 9612/7519/1438 9611/7518/1438 9613/7520/1438
f 9613/7520/1438 9611/7518/1438 9614/7521/1438
f 9614/7521/1438 9611/7518/1438 9615/7522/1438
f 9616/7523/1438 9592/7499/1438 9617/7524/1438
f 9592/7499/1438 9616/7523/1438 9618/7525/1438
s 0
f 9592/7499/1436 9618/7525/1436 9619/7526/1436
f 9592/7499/1437 9619/7526/1437 9620/7527/1437
f 9592/7499/1437 9620/7527/1437 9621/7528/1437
f 9592/7499/1437 9621/7528/1437 9583/7490/1437
f 9592/7499/1437 9583/7490/1437 9582/7489/1437
f 9592/7499/1436 9582/7489/1436 9622/7529/1436
f 9592/7499/1437 9622/7529/1437 9588/7495/1437
f 9592/7499/1436 9588/7495/1436 9587/7494/1436
f 9592/7499/1437 9587/7494/1437 9593/7500/1437
s 1
f 9617/7524/1438 9592/7499/1438 9596/7503/1438
f 9617/7524/1438 9596/7503/1438 9623/7530/1438
f 9623/7530/1438 9596/7503/1438 9624/7531/1438
f 9624/7531/1438 9596/7503/1438 9597/7504/1438
f 9624/7531/1438 9597/7504/1438 9625/7532/1438
f 9624/7531/1438 9625/7532/1438 9626/7533/1438
f 9626/7533/1438 9625/7532/1438 9627/7534/1438
f 9626/7533/1438 9627/7534/1438 9628/7535/1438
f 9628/7535/1438 9627/7534/1438 9629/7536/1438
f 9628/7535/1438 9629/7536/1438 9630/7537/1438
f 9630/7537/1438 9629/7536/1438 9631/7538/1438
f 9630/7537/1438 9631/7538/1438 9632/7539/1438
f 9632/7539/1438 9631/7538/1438 9633/7540/1438
f 9632/7539/1438 9633/7540/1438 9634/7541/1438
f 9634/7541/1438 9633/7540/1438 9635/7542/1438
f 9635/7542/1438 9633/7540/1438 9636/7543/1438
f 9635/7542/1438 9636/7543/1438 9637/7544/1438
f 9637/7544/1438 9636/7543/1438 9638/7545/1438
f 9637/7544/1438 9638/7545/1438 9639/7546/1438
f 9639/7546/1438 9638/7545/1438 9640/7547/1438
f 9639/7546/1438 9640/7547/1438 9641/7548/1438
f 9641/7548/1438 9640/7547/1438 9642/7549/1438
f 9642/7549/1438 9640/7547/1438 9643/7550/1438
f 9643/7550/1438 9640/7547/1438 9644/7551/1438
f 9644/7551/1438 9640/7547/1438 9645/7552/1438
f 9644/7551/1438 9645/7552/1438 9646/7553/1438
f 9647/7554/1438 9648/7555/1438 9649/7556/1438
f 9648/7555/1438 9647/7554/1438 9616/7523/1438
s 0
f 9648/7555/1437 9616/7523/1437 9650/7557/1437
f 9648/7555/1437 9650/7557/1437 9651/7558/1437
f 9648/7555/1437 9651/7558/1437 9652/7559/1437
f 9648/7555/1437 9652/7559/1437 9653/7560/1437
f 9648/7555/1437 9653/7560/1437 9654/7561/1437
f 9648/7555/1437 9654/7561/1437 9655/7562/1437
f 9648/7555/1437 9655/7562/1437 9656/7563/1437
f 9648/7555/1437 9656/7563/1437 9657/7564/1437
f 9648/7555/1437 9657/7564/1437 9658/7565/1437
f 9648/7555/1437 9658/7565/1437 9659/7566/1437
s 1
f 9649/7556/1438 9648/7555/1438 9660/7567/1438
f 9649/7556/1438 9660/7567/1438 9661/7568/1438
f 9649/7556/1438 9661/7568/1438 9662/7569/1438
f 9649/7556/1438 9662/7569/1438 9663/7570/1438
f 9663/7570/1438 9662/7569/1438 9664/7571/1438
f 9663/7570/1438 9664/7571/1438 9665/7572/1438
f 9665/7572/1438 9664/7571/1438 9666/7573/1438
f 9665/7572/1438 9666/7573/1438 9667/7574/1438
f 9667/7574/1438 9666/7573/1438 9668/7575/1438
f 9667/7574/1438 9668/7575/1438 9669/7576/1438
f 9669/7576/1438 9668/7575/1438 9670/7577/1438
f 9669/7576/1438 9670/7577/1438 9671/7578/1438
f 9671/7578/1438 9670/7577/1438 9672/7579/1438
f 9671/7578/1438 9672/7579/1438 9673/7580/1438
f 9673/7580/1438 9672/7579/1438 9674/7581/1438
f 9673/7580/1438 9674/7581/1438 9675/7582/1438
f 9675/7582/1438 9674/7581/1438 9676/7583/1438
f 9675/7582/1438 9676/7583/1438 9677/7584/1438
f 9677/7584/1438 9676/7583/1438 9678/7585/1438
f 9677/7584/1438 9678/7585/1438 9679/7586/1438
f 9677/7584/1438 9679/7586/1438 9680/7587/1438
f 9680/7587/1438 9679/7586/1438 9681/7588/1438
f 9680/7587/1438 9681/7588/1438 9682/7589/1438
f 9682/7589/1438 9681/7588/1438 9683/7590/1438
f 9682/7589/1438 9683/7590/1438 9603/7510/1438
f 9682/7589/1438 9603/7510/1438 9684/7591/1438
f 9682/7589/1438 9684/7591/1438 9615/7522/1438
f 9682/7589/1438 9615/7522/1438 9611/7518/1438
f 9682/7589/1438 9611/7518/1438 9646/7553/1438
f 9682/7589/1438 9646/7553/1438 9645/7552/1438
f 9682/7589/1438 9645/7552/1438 9685/7592/1438
f 9682/7589/1438 9685/7592/1438 9686/7593/1438
f 9686/7593/1438 9685/7592/1438 9687/7594/1438
f 9687/7594/1438 9688/7595/1438 9689/7596/1438
f 9688/7595/1438 9687/7594/1438 9690/7597/1438
f 9690/7597/1438 9687/7594/1438 9685/7592/1438
f 9690/7597/1438 9685/7592/1438 9691/7598/1438
f 9581/7488/1438 9692/7599/1438 9693/7600/1438
f 9692/7599/1438 9581/7488/1438 9694/7601/1438
f 9693/7600/1438 9692/7599/1438 9695/7602/1438
f 9693/7600/1438 9695/7602/1438 9696/7603/1438
f 9696/7603/1438 9695/7602/1438 9697/7604/1438
f 9697/7604/1438 9695/7602/1438 9698/7605/1438
f 9698/7605/1438 9695/7602/1438 9699/7606/1438
f 9699/7606/1438 9695/7602/1438 9700/7607/1438
f 9700/7607/1438 9695/7602/1438 9701/7608/1438
f 9701/7608/1438 9695/7602/1438 9702/7609/1438
f 9703/7610/1438 9704/7611/1438 9705/7612/1438
f 9706/7613/1438 9707/7614/1438 9708/7615/1438
f 9707/7614/1438 9706/7613/1438 9709/7616/1438
f 9709/7616/1438 9706/7613/1438 9710/7617/1438
f 9710/7617/1438 9706/7613/1438 9711/7618/1438
f 9710/7617/1438 9711/7618/1438 9618/7525/1438
f 9710/7617/1438 9618/7525/1438 9712/7619/1438
f 9712/7619/1438 9618/7525/1438 9713/7620/1438
f 9713/7620/1438 9618/7525/1438 9714/7621/1438
f 9714/7621/1438 9618/7525/1438 9715/7622/1438
f 9715/7622/1438 9618/7525/1438 9647/7554/1438
f 9647/7554/1438 9618/7525/1438 9616/7523/1438
f 9618/7525/1438 9711/7618/1438 9716/7623/1438
f 9716/7623/1438 9711/7618/1438 9694/7601/1438
f 9716/7623/1438 9694/7601/1438 9717/7624/1438
f 9717/7624/1438 9694/7601/1438 9718/7625/1438
f 9718/7625/1438 9694/7601/1438 9719/7626/1438
f 9719/7626/1438 9694/7601/1438 9581/7488/1438
f 9694/7601/1438 9711/7618/1438 9720/7627/1438
f 9720/7627/1438 9711/7618/1438 9721/7628/1438
f 9721/7628/1438 9711/7618/1438 9722/7629/1438
f 9722/7629/1438 9711/7618/1438 9723/7630/1438
f 9723/7630/1438 9711/7618/1438 9724/7631/1438
f 9724/7631/1438 9711/7618/1438 9725/7632/1438
f 9725/7632/1438 9711/7618/1438 9726/7633/1438
f 9726/7633/1438 9711/7618/1438 9727/7634/1438
f 9727/7634/1438 9711/7618/1438 9728/7635/1438
f 9728/7635/1438 9711/7618/1438 9729/7636/1438
f 9729/7636/1438 9711/7618/1438 9730/7637/1438
f 9730/7637/1438 9711/7618/1438 9695/7602/1438
f 9711/7618/1438 9706/7613/1438 9731/7638/1438
f 9731/7638/1438 9706/7613/1438 9732/7639/1438
f 9732/7639/1438 9706/7613/1438 9733/7640/1438
f 9732/7639/1438 9733/7640/1438 9734/7641/1438
f 9734/7641/1438 9733/7640/1438 9735/7642/1438
f 9735/7642/1438 9733/7640/1438 9736/7643/1438
f 9736/7643/1438 9733/7640/1438 9737/7644/1438
f 9737/7644/1438 9733/7640/1438 9738/7645/1438
f 9738/7645/1438 9733/7640/1438 9739/7646/1438
f 9739/7646/1438 9733/7640/1438 9703/7610/1438
f 9733/7640/1438 9706/7613/1438 9740/7647/1438
f 9740/7647/1438 9706/7613/1438 9741/7648/1438
f 9741/7648/1438 9706/7613/1438 9742/7649/1438
f 9742/7649/1438 9706/7613/1438 9743/7650/1438
f 9743/7650/1438 9706/7613/1438 9744/7651/1438
f 9744/7651/1438 9706/7613/1438 9745/7652/1438
f 9745/7652/1438 9706/7613/1438 9746/7653/1438
f 9746/7653/1438 9706/7613/1438 9747/7654/1438
f 9747/7654/1438 9706/7613/1438 9748/7655/1438
f 9748/7655/1438 9706/7613/1438 9749/7656/1438
f 9749/7656/1438 9706/7613/1438 9750/7657/1438
f 9750/7657/1438 9706/7613/1438 9751/7658/1438
f 9751/7658/1438 9706/7613/1438 9752/7659/1438
f 9752/7659/1438 9706/7613/1438 9753/7660/1438
f 9753/7660/1438 9706/7613/1438 9754/7661/1438
f 9754/7661/1438 9706/7613/1438 9755/7662/1438
f 9755/7662/1438 9706/7613/1438 9756/7663/1438
f 9756/7663/1438 9706/7613/1438 9757/7664/1438
f 9757/7664/1438 9706/7613/1438 9758/7665/1438
f 9758/7665/1438 9706/7613/1438 9759/7666/1438
f 9759/7666/1438 9706/7613/1438 9760/7667/1438
f 9760/7667/1438 9706/7613/1438 9761/7668/1438
f 9761/7668/1438 9706/7613/1438 9762/7669/1438
f 9762/7669/1438 9706/7613/1438 9763/7670/1438
f 9764/7671/1438 9765/7672/1438 9766/7487/1438
f 9765/7672/1438 9764/7671/1438 9767/7673/1438
f 9765/7672/1438 9767/7673/1438 9768/7674/1438
f 9768/7674/1438 9767/7673/1438 9769/7675/1438
f 9769/7675/1438 9767/7673/1438 9715/7622/1438
f 9769/7675/1438 9715/7622/1438 9647/7554/1438
f 9768/7674/1438 9769/7675/1438 9770/7676/1438
f 9768/7674/1438 9770/7676/1438 9771/7677/1438
f 9768/7674/1438 9771/7677/1438 9772/7678/1438
f 9768/7674/1438 9772/7678/1438 9773/7679/1438
f 9768/7674/1438 9773/7679/1438 9774/7680/1438
f 9768/7674/1438 9774/7680/1438 9775/7681/1438
f 9768/7674/1438 9775/7681/1438 9776/7682/1438
f 9768/7674/1438 9776/7682/1438 9777/7683/1438
f 9768/7674/1438 9777/7683/1438 9778/7684/1438
f 9768/7674/1438 9778/7684/1438 9779/7685/1438
f 9768/7674/1438 9779/7685/1438 9780/7686/1438
f 9768/7674/1438 9780/7686/1438 9781/7687/1438
f 9768/7674/1438 9781/7687/1438 9782/7688/1438
f 9768/7674/1438 9782/7688/1438 9690/7597/1438
f 9768/7674/1438 9690/7597/1438 9691/7598/1438
f 9768/7674/1438 9691/7598/1438 9702/7609/1438
f 9768/7674/1438 9702/7609/1438 9695/7602/1438
f 9768/7674/1438 9695/7602/1438 9711/7618/1438
s 0
f 9768/7674/1436 9711/7618/1436 9783/7689/1436
f 9768/7674/1436 9783/7689/1436 9784/7690/1436
f 9768/7674/1436 9784/7690/1436 9785/7691/1436
f 9768/7674/1436 9785/7691/1436 9786/7692/1436
s 1
f 9765/7672/1438 9768/7674/1438 9704/7611/1438
f 9765/7672/1438 9704/7611/1438 9703/7610/1438
f 9765/7672/1438 9703/7610/1438 9787/7693/1438
f 9787/7693/1438 9703/7610/1438 9733/7640/1438
s 0
f 9787/7693/1436 9733/7640/1436 9788/7694/1436
f 9787/7693/1437 9788/7694/1437 9789/7695/1437
f 9787/7693/1436 9789/7695/1436 9790/7696/1436
f 9787/7693/1437 9790/7696/1437 9791/7697/1437
s 1
f 9765/7672/1438 9787/7693/1438 9763/7670/1438
f 9765/7672/1438 9763/7670/1438 9706/7613/1438
f 9738/7645/1438 9792/7698/1438 9793/7699/1438
f 9792/7698/1438 9738/7645/1438 9794/7700/1438
f 9794/7700/1438 9738/7645/1438 9795/7701/1438
f 9795/7701/1438 9738/7645/1438 9796/7702/1438
f 9796/7702/1438 9738/7645/1438 9797/7703/1438
f 9797/7703/1438 9738/7645/1438 9798/7704/1438
f 9798/7704/1438 9738/7645/1438 9799/7705/1438
f 9799/7705/1438 9738/7645/1438 9800/7706/1438
f 9800/7706/1438 9738/7645/1438 9801/7707/1438
f 9801/7707/1438 9738/7645/1438 9802/7708/1438
f 9802/7708/1438 9738/7645/1438 9803/7709/1438
f 9803/7709/1438 9738/7645/1438 9804/7710/1438
f 9804/7710/1438 9738/7645/1438 9805/7711/1438
f 9805/7711/1438 9738/7645/1438 9739/7646/1438
f 9799/7705/1438 9806/7712/1438 9807/7713/1438
f 9806/7712/1438 9799/7705/1438 9800/7706/1438
f 9808/7714/1438 9614/7521/1438 9601/7508/1438
f 9614/7521/1438 9808/7714/1438 9613/7520/1438
f 9809/7715/1438 9810/7716/1438 9811/7717/1438
f 9810/7716/1438 9809/7715/1438 9812/7718/1438
f 9812/7718/1438 9809/7715/1438 9612/7519/1438
f 9812/7718/1438 9612/7519/1438 9613/7520/1438
f 9767/7673/1438 9764/7671/1438 9813/7719/1438
f 9715/7622/1438 9814/7720/1438 9815/7721/1438
f 9814/7720/1438 9715/7622/1438 9816/7722/1438
f 9816/7722/1438 9715/7622/1438 9817/7723/1438
f 9817/7723/1438 9715/7622/1438 9818/7724/1438
f 9818/7724/1438 9715/7622/1438 9767/7673/1438
f 9712/7619/1438 9819/7725/1438 9820/7726/1438
f 9819/7725/1438 9712/7619/1438 9821/7727/1438
f 9821/7727/1438 9712/7619/1438 9822/7728/1438
f 9822/7728/1438 9712/7619/1438 9713/7620/1438
o SketchUp.271
v 1.357841 0.622158 -0.000000
v 1.346092 0.501009 -0.000000
v 1.357841 0.501009 -0.000000
v 1.346092 0.622158 -0.000000
v 1.346092 0.622158 -0.000000
v 1.357841 0.622158 -0.000000
v 1.346092 0.501009 -0.000000
v 1.357841 0.501009 -0.000000
vn -0.0000 -0.0000 -1.0000
vn -0.0000 -0.0000 1.0000
vt 0.000000 0.000000
vt 7.746307 3.549332
vt 7.679279 2.858189
vt 7.746307 2.858189
vt 7.679279 3.549332
s 1
usemtl Translucent_Glass_Blue
f 10069/7729/1439 10070/7729/1439 10071/7729/1439
f 10072/7729/1439 10071/7729/1439 10070/7729/1439
usemtl Stone_Flagstone_Ashlar
f 10065/7730/1440 10066/7731/1440 10067/7732/1440
f 10066/7731/1440 10065/7730/1440 10068/7733/1440
o SketchUp.272
v 2.476845 0.632459 -0.012940
v 2.393559 0.511310 -0.012940
v 2.476845 0.511310 -0.012940
v 2.393559 0.632459 -0.012940
v 2.393559 0.632459 -0.012940
v 2.476845 0.632459 -0.012940
v 2.393559 0.511310 -0.012940
v 2.476845 0.511310 -0.012940
vn -0.0000 -0.0000 1.0000
vn -0.0000 -0.0000 -1.0000
s 1
usemtl Translucent_Glass_Blue
f 10073//1441 10074//1441 10075//1441
f 10074//1441 10073//1441 10076//1441
f 10077//1442 10078//1442 10079//1442
f 10080//1442 10079//1442 10078//1442
o SketchUp.273
v 2.223903 0.632459 -0.012940
v 2.154060 0.511310 -0.012940
v 2.223903 0.511310 -0.012940
v 2.154060 0.632459 -0.012940
v 2.154060 0.632459 -0.012940
v 2.223903 0.632459 -0.012940
v 2.154060 0.511310 -0.012940
v 2.223903 0.511310 -0.012940
vn -0.0000 -0.0000 1.0000
vn -0.0000 -0.0000 -1.0000
s 1
usemtl Translucent_Glass_Blue
f 10081//1443 10082//1443 10083//1443
f 10082//1443 10081//1443 10084//1443
f 10085//1444 10086//1444 10087//1444
f 10088//1444 10087//1444 10086//1444
o SketchUp.274
v 2.301665 0.632459 -0.012940
v 2.235652 0.511310 -0.012940
v 2.301665 0.511310 -0.012940
v 2.235652 0.632459 -0.012940
v 2.235652 0.632459 -0.012940
v 2.301665 0.632459 -0.012940
v 2.235652 0.511310 -0.012940
v 2.301665 0.511310 -0.012940
vn -0.0000 -0.0000 1.0000
vn -0.0000 -0.0000 -1.0000
s 1
usemtl Translucent_Glass_Blue
f 10089//1445 10090//1445 10091//1445
f 10090//1445 10089//1445 10092//1445
f 10093//1446 10094//1446 10095//1446
f 10096//1446 10095//1446 10094//1446
o SketchUp.275
v 2.383840 0.632459 -0.012940
v 2.311955 0.511310 -0.012940
v 2.383840 0.511310 -0.012940
v 2.311955 0.632459 -0.012940
v 2.311955 0.632459 -0.012940
v 2.383840 0.632459 -0.012940
v 2.311955 0.511310 -0.012940
v 2.383840 0.511310 -0.012940
vn -0.0000 -0.0000 1.0000
vn -0.0000 -0.0000 -1.0000
s 1
usemtl Translucent_Glass_Blue
f 10097//1447 10098//1447 10099//1447
f 10098//1447 10097//1447 10100//1447
f 10101//1448 10102//1448 10103//1448
f 10104//1448 10103//1448 10102//1448
o SketchUp.276
v 2.301665 0.740194 -0.012940
v 2.235652 0.640469 -0.012940
v 2.301665 0.640469 -0.012940
v 2.235652 0.740194 -0.012940
v 2.235652 0.740194 -0.012940
v 2.301665 0.740194 -0.012940
v 2.235652 0.640469 -0.012940
v 2.301665 0.640469 -0.012940
vn -0.0000 -0.0000 1.0000
vn -0.0000 -0.0000 -1.0000
s 1
usemtl Translucent_Glass_Blue
f 10105//1449 10106//1449 10107//1449
f 10106//1449 10105//1449 10108//1449
f 10109//1450 10110//1450 10111//1450
f 10112//1450 10111//1450 10110//1450
o SketchUp.277
v 2.145469 0.632459 -0.012940
v 2.071956 0.511310 -0.012940
v 2.145469 0.511310 -0.012940
v 2.071956 0.632459 -0.012940
v 2.071956 0.632459 -0.012940
v 2.145469 0.632459 -0.012940
v 2.071956 0.511310 -0.012940
v 2.145469 0.511310 -0.012940
vn -0.0000 -0.0000 1.0000
vn -0.0000 -0.0000 -1.0000
s 1
usemtl Translucent_Glass_Blue
f 10113//1451 10114//1451 10115//1451
f 10114//1451 10113//1451 10116//1451
f 10117//1452 10118//1452 10119//1452
f 10120//1452 10119//1452 10118//1452
o SketchUp.278
v 2.223903 0.740194 -0.012940
v 2.154060 0.640469 -0.012940
v 2.223903 0.640469 -0.012940
v 2.154060 0.740194 -0.012940
v 2.154060 0.740194 -0.012940
v 2.223903 0.740194 -0.012940
v 2.154060 0.640469 -0.012940
v 2.223903 0.640469 -0.012940
vn -0.0000 -0.0000 1.0000
vn -0.0000 -0.0000 -1.0000
s 1
usemtl Translucent_Glass_Blue
f 10121//1453 10122//1453 10123//1453
f 10122//1453 10121//1453 10124//1453
f 10125//1454 10126//1454 10127//1454
f 10128//1454 10127//1454 10126//1454
o SketchUp.279
v 2.145469 0.740194 -0.012940
v 2.071956 0.640469 -0.012940
v 2.145469 0.640469 -0.012940
v 2.071956 0.740194 -0.012940
v 2.071956 0.740194 -0.012940
v 2.145469 0.740194 -0.012940
v 2.071956 0.640469 -0.012940
v 2.145469 0.640469 -0.012940
vn -0.0000 -0.0000 1.0000
vn -0.0000 -0.0000 -1.0000
s 1
usemtl Translucent_Glass_Blue
f 10129//1455 10130//1455 10131//1455
f 10130//1455 10129//1455 10132//1455
f 10133//1456 10134//1456 10135//1456
f 10136//1456 10135//1456 10134//1456
o SketchUp.280
v 2.383840 0.740194 -0.012940
v 2.311955 0.640469 -0.012940
v 2.383840 0.640469 -0.012940
v 2.311955 0.740194 -0.012940
v 2.311955 0.740194 -0.012940
v 2.383840 0.740194 -0.012940
v 2.311955 0.640469 -0.012940
v 2.383840 0.640469 -0.012940
vn -0.0000 -0.0000 1.0000
vn -0.0000 -0.0000 -1.0000
s 1
usemtl Translucent_Glass_Blue
f 10137//1457 10138//1457 10139//1457
f 10138//1457 10137//1457 10140//1457
f 10141//1458 10142//1458 10143//1458
f 10144//1458 10143//1458 10142//1458
o SketchUp.281
v 2.062879 0.632459 -0.012940
v 1.988492 0.511310 -0.012940
v 2.062879 0.511310 -0.012940
v 1.988492 0.632459 -0.012940
v 1.988492 0.632459 -0.012940
v 2.062879 0.632459 -0.012940
v 1.988492 0.511310 -0.012940
v 2.062879 0.511310 -0.012940
vn -0.0000 -0.0000 1.0000
vn -0.0000 -0.0000 -1.0000
s 1
usemtl Translucent_Glass_Blue
f 10145//1459 10146//1459 10147//1459
f 10146//1459 10145//1459 10148//1459
f 10149//1460 10150//1460 10151//1460
f 10152//1460 10151//1460 10150//1460
o SketchUp.282
v 2.062879 0.640469 -0.012940
v 1.989128 0.653480 -0.012940
v 1.988492 0.640469 -0.012940
v 2.062879 0.740148 -0.012940
v 1.991027 0.666268 -0.012940
v 1.994154 0.678615 -0.012940
v 1.998458 0.690309 -0.012940
v 2.003864 0.701150 -0.012940
v 2.010279 0.710953 -0.012940
v 2.017595 0.719550 -0.012940
v 2.025686 0.726794 -0.012940
v 2.034412 0.732561 -0.012940
v 2.043626 0.736752 -0.012940
v 2.053170 0.739295 -0.012940
v 2.053170 0.739295 -0.012940
v 2.062879 0.740148 -0.012940
v 2.043626 0.736752 -0.012940
v 2.034412 0.732561 -0.012940
v 2.025686 0.726794 -0.012940
v 2.017595 0.719550 -0.012940
v 2.010279 0.710953 -0.012940
v 2.003864 0.701150 -0.012940
v 1.998458 0.690309 -0.012940
v 1.994154 0.678615 -0.012940
v 1.991027 0.666268 -0.012940
v 1.989128 0.653480 -0.012940
v 2.062879 0.640469 -0.012940
v 1.988492 0.640469 -0.012940
vn -0.0000 -0.0000 1.0000
vn -0.0000 -0.0000 -1.0000
s 1
usemtl Translucent_Glass_Blue
f 10153//1461 10154//1461 10155//1461
f 10154//1461 10153//1461 10156//1461
f 10154//1461 10156//1461 10157//1461
f 10157//1461 10156//1461 10158//1461
f 10158//1461 10156//1461 10159//1461
f 10159//1461 10156//1461 10160//1461
f 10160//1461 10156//1461 10161//1461
f 10161//1461 10156//1461 10162//1461
f 10162//1461 10156//1461 10163//1461
f 10163//1461 10156//1461 10164//1461
f 10164//1461 10156//1461 10165//1461
f 10165//1461 10156//1461 10166//1461
f 10167//1462 10168//1462 10169//1462
f 10169//1462 10168//1462 10170//1462
f 10170//1462 10168//1462 10171//1462
f 10171//1462 10168//1462 10172//1462
f 10172//1462 10168//1462 10173//1462
f 10173//1462 10168//1462 10174//1462
f 10174//1462 10168//1462 10175//1462
f 10175//1462 10168//1462 10176//1462
f 10176//1462 10168//1462 10177//1462
f 10177//1462 10168//1462 10178//1462
f 10168//1462 10179//1462 10178//1462
f 10180//1462 10178//1462 10179//1462
o SketchUp.283
v 2.476132 0.653514 -0.012940
v 2.393559 0.640469 -0.012940
v 2.476845 0.640469 -0.012940
v 2.393559 0.740412 -0.012940
v 2.474007 0.666336 -0.012940
v 2.470505 0.678716 -0.012940
v 2.465687 0.690441 -0.012940
v 2.459634 0.701311 -0.012940
v 2.452451 0.711140 -0.012940
v 2.444260 0.719760 -0.012940
v 2.435202 0.727023 -0.012940
v 2.425431 0.732805 -0.012940
v 2.415115 0.737007 -0.012940
v 2.404429 0.739558 -0.012940
v 2.404429 0.739558 -0.012940
v 2.415115 0.737007 -0.012940
v 2.393559 0.740412 -0.012940
v 2.425431 0.732805 -0.012940
v 2.435202 0.727023 -0.012940
v 2.444260 0.719760 -0.012940
v 2.452451 0.711140 -0.012940
v 2.459634 0.701311 -0.012940
v 2.465687 0.690441 -0.012940
v 2.470505 0.678716 -0.012940
v 2.474007 0.666336 -0.012940
v 2.476132 0.653514 -0.012940
v 2.393559 0.640469 -0.012940
v 2.476845 0.640469 -0.012940
vn -0.0000 -0.0000 1.0000
vn -0.0000 -0.0000 -1.0000
s 1
usemtl Translucent_Glass_Blue
f 10181//1463 10182//1463 10183//1463
f 10182//1463 10181//1463 10184//1463
f 10184//1463 10181//1463 10185//1463
f 10184//1463 10185//1463 10186//1463
f 10184//1463 10186//1463 10187//1463
f 10184//1463 10187//1463 10188//1463
f 10184//1463 10188//1463 10189//1463
f 10184//1463 10189//1463 10190//1463
f 10184//1463 10190//1463 10191//1463
f 10184//1463 10191//1463 10192//1463
f 10184//1463 10192//1463 10193//1463
f 10184//1463 10193//1463 10194//1463
f 10195//1464 10196//1464 10197//1464
f 10196//1464 10198//1464 10197//1464
f 10198//1464 10199//1464 10197//1464
f 10199//1464 10200//1464 10197//1464
f 10200//1464 10201//1464 10197//1464
f 10201//1464 10202//1464 10197//1464
f 10202//1464 10203//1464 10197//1464
f 10203//1464 10204//1464 10197//1464
f 10204//1464 10205//1464 10197//1464
f 10205//1464 10206//1464 10197//1464
f 10197//1464 10206//1464 10207//1464
f 10208//1464 10207//1464 10206//1464
o SketchUp.284
v 2.301665 0.740194 0.003987
v 2.235652 0.640469 0.003987
v 2.301665 0.640469 0.003987
v 2.235652 0.740194 0.003987
v 2.235652 0.740194 0.003987
v 2.301665 0.740194 0.003987
v 2.235652 0.640469 0.003987
v 2.301665 0.640469 0.003987
vn -0.0000 -0.0000 1.0000
vn -0.0000 -0.0000 -1.0000
s 1
usemtl Translucent_Glass_Blue
f 10209//1465 10210//1465 10211//1465
f 10210//1465 10209//1465 10212//1465
f 10213//1466 10214//1466 10215//1466
f 10216//1466 10215//1466 10214//1466
o SketchUp.285
v 2.145469 0.632459 0.003987
v 2.071956 0.511310 0.003987
v 2.145469 0.511310 0.003987
v 2.071956 0.632459 0.003987
v 2.071956 0.632459 0.003987
v 2.145469 0.632459 0.003987
v 2.071956 0.511310 0.003987
v 2.145469 0.511310 0.003987
vn -0.0000 -0.0000 1.0000
vn -0.0000 -0.0000 -1.0000
s 1
usemtl Translucent_Glass_Blue
f 10217//1467 10218//1467 10219//1467
f 10218//1467 10217//1467 10220//1467
f 10221//1468 10222//1468 10223//1468
f 10224//1468 10223//1468 10222//1468
o SketchUp.286
v 2.476845 0.632459 0.003987
v 2.393559 0.511310 0.003987
v 2.476845 0.511310 0.003987
v 2.393559 0.632459 0.003987
v 2.393559 0.632459 0.003987
v 2.476845 0.632459 0.003987
v 2.393559 0.511310 0.003987
v 2.476845 0.511310 0.003987
vn -0.0000 -0.0000 1.0000
vn -0.0000 -0.0000 -1.0000
s 1
usemtl Translucent_Glass_Blue
f 10225//1469 10226//1469 10227//1469
f 10226//1469 10225//1469 10228//1469
f 10229//1470 10230//1470 10231//1470
f 10232//1470 10231//1470 10230//1470
o SketchUp.287
v 2.223903 0.632459 0.003987
v 2.154060 0.511310 0.003987
v 2.223903 0.511310 0.003987
v 2.154060 0.632459 0.003987
v 2.154060 0.632459 0.003987
v 2.223903 0.632459 0.003987
v 2.154060 0.511310 0.003987
v 2.223903 0.511310 0.003987
vn -0.0000 -0.0000 1.0000
vn -0.0000 -0.0000 -1.0000
s 1
usemtl Translucent_Glass_Blue
f 10233//1471 10234//1471 10235//1471
f 10234//1471 10233//1471 10236//1471
f 10237//1472 10238//1472 10239//1472
f 10240//1472 10239//1472 10238//1472
o SketchUp.288
v 2.062879 0.632459 0.003987
v 1.988492 0.511310 0.003987
v 2.062879 0.511310 0.003987
v 1.988492 0.632459 0.003987
v 1.988492 0.632459 0.003987
v 2.062879 0.632459 0.003987
v 1.988492 0.511310 0.003987
v 2.062879 0.511310 0.003987
vn -0.0000 -0.0000 1.0000
vn -0.0000 -0.0000 -1.0000
s 1
usemtl Translucent_Glass_Blue
f 10241//1473 10242//1473 10243//1473
f 10242//1473 10241//1473 10244//1473
f 10245//1474 10246//1474 10247//1474
f 10248//1474 10247//1474 10246//1474
o SketchUp.289
v 2.301665 0.632459 0.003987
v 2.235652 0.511310 0.003987
v 2.301665 0.511310 0.003987
v 2.235652 0.632459 0.003987
v 2.235652 0.632459 0.003987
v 2.301665 0.632459 0.003987
v 2.235652 0.511310 0.003987
v 2.301665 0.511310 0.003987
vn -0.0000 -0.0000 1.0000
vn -0.0000 -0.0000 -1.0000
s 1
usemtl Translucent_Glass_Blue
f 10249//1475 10250//1475 10251//1475
f 10250//1475 10249//1475 10252//1475
f 10253//1476 10254//1476 10255//1476
f 10256//1476 10255//1476 10254//1476
o SketchUp.290
v 2.383840 0.740194 0.003987
v 2.311955 0.640469 0.003987
v 2.383840 0.640469 0.003987
v 2.311955 0.740194 0.003987
v 2.311955 0.740194 0.003987
v 2.383840 0.740194 0.003987
v 2.311955 0.640469 0.003987
v 2.383840 0.640469 0.003987
vn -0.0000 -0.0000 1.0000
vn -0.0000 -0.0000 -1.0000
s 1
usemtl Translucent_Glass_Blue
f 10257//1477 10258//1477 10259//1477
f 10258//1477 10257//1477 10260//1477
f 10261//1478 10262//1478 10263//1478
f 10264//1478 10263//1478 10262//1478
o SketchUp.291
v 2.145469 0.740194 0.003987
v 2.071956 0.640469 0.003987
v 2.145469 0.640469 0.003987
v 2.071956 0.740194 0.003987
v 2.071956 0.740194 0.003987
v 2.145469 0.740194 0.003987
v 2.071956 0.640469 0.003987
v 2.145469 0.640469 0.003987
vn -0.0000 -0.0000 1.0000
vn -0.0000 -0.0000 -1.0000
s 1
usemtl Translucent_Glass_Blue
f 10265//1479 10266//1479 10267//1479
f 10266//1479 10265//1479 10268//1479
f 10269//1480 10270//1480 10271//1480
f 10272//1480 10271//1480 10270//1480
o SketchUp.292
v 2.223903 0.740194 0.003987
v 2.154060 0.640469 0.003987
v 2.223903 0.640469 0.003987
v 2.154060 0.740194 0.003987
v 2.154060 0.740194 0.003987
v 2.223903 0.740194 0.003987
v 2.154060 0.640469 0.003987
v 2.223903 0.640469 0.003987
vn -0.0000 -0.0000 1.0000
vn -0.0000 -0.0000 -1.0000
s 1
usemtl Translucent_Glass_Blue
f 10273//1481 10274//1481 10275//1481
f 10274//1481 10273//1481 10276//1481
f 10277//1482 10278//1482 10279//1482
f 10280//1482 10279//1482 10278//1482
o SketchUp.293
v 2.383840 0.632459 0.003987
v 2.311955 0.511310 0.003987
v 2.383840 0.511310 0.003987
v 2.311955 0.632459 0.003987
v 2.311955 0.632459 0.003987
v 2.383840 0.632459 0.003987
v 2.311955 0.511310 0.003987
v 2.383840 0.511310 0.003987
vn -0.0000 -0.0000 1.0000
vn -0.0000 -0.0000 -1.0000
s 1
usemtl Translucent_Glass_Blue
f 10281//1483 10282//1483 10283//1483
f 10282//1483 10281//1483 10284//1483
f 10285//1484 10286//1484 10287//1484
f 10288//1484 10287//1484 10286//1484
o SketchUp.294
v 2.476132 0.653514 0.003987
v 2.393559 0.640469 0.003987
v 2.476845 0.640469 0.003987
v 2.393559 0.680060 0.003987
v 2.474007 0.666336 0.003987
v 2.470505 0.678716 0.003987
v 2.465687 0.690441 0.003987
v 2.393559 0.740412 0.003987
v 2.459634 0.701311 0.003987
v 2.452451 0.711140 0.003987
v 2.444260 0.719760 0.003987
v 2.435202 0.727023 0.003987
v 2.425431 0.732805 0.003987
v 2.415115 0.737007 0.003987
v 2.404429 0.739558 0.003987
v 2.404429 0.739558 0.003987
v 2.415115 0.737007 0.003987
v 2.393559 0.740412 0.003987
v 2.425431 0.732805 0.003987
v 2.435202 0.727023 0.003987
v 2.444260 0.719760 0.003987
v 2.452451 0.711140 0.003987
v 2.459634 0.701311 0.003987
v 2.465687 0.690441 0.003987
v 2.393559 0.680060 0.003987
v 2.470505 0.678716 0.003987
v 2.474007 0.666336 0.003987
v 2.476132 0.653514 0.003987
v 2.393559 0.640469 0.003987
v 2.476845 0.640469 0.003987
vn -0.0000 -0.0000 1.0000
vn -0.0000 -0.0000 -1.0000
s 1
usemtl Translucent_Glass_Blue
f 10289//1485 10290//1485 10291//1485
f 10290//1485 10289//1485 10292//1485
f 10292//1485 10289//1485 10293//1485
f 10292//1485 10293//1485 10294//1485
f 10292//1485 10294//1485 10295//1485
f 10292//1485 10295//1485 10296//1485
f 10296//1485 10295//1485 10297//1485
f 10296//1485 10297//1485 10298//1485
f 10296//1485 10298//1485 10299//1485
f 10296//1485 10299//1485 10300//1485
f 10296//1485 10300//1485 10301//1485
f 10296//1485 10301//1485 10302//1485
f 10296//1485 10302//1485 10303//1485
f 10304//1486 10305//1486 10306//1486
f 10305//1486 10307//1486 10306//1486
f 10307//1486 10308//1486 10306//1486
f 10308//1486 10309//1486 10306//1486
f 10309//1486 10310//1486 10306//1486
f 10310//1486 10311//1486 10306//1486
f 10311//1486 10312//1486 10306//1486
f 10306//1486 10312//1486 10313//1486
f 10312//1486 10314//1486 10313//1486
f 10314//1486 10315//1486 10313//1486
f 10315//1486 10316//1486 10313//1486
f 10313//1486 10316//1486 10317//1486
f 10318//1486 10317//1486 10316//1486
o SketchUp.295
v 2.062879 0.640469 0.003987
v 1.989128 0.653480 0.003987
v 1.988492 0.640469 0.003987
v 2.062879 0.740148 0.003987
v 1.991027 0.666268 0.003987
v 1.994154 0.678615 0.003987
v 1.998458 0.690309 0.003987
v 2.003864 0.701150 0.003987
v 2.010279 0.710953 0.003987
v 2.017595 0.719550 0.003987
v 2.025686 0.726794 0.003987
v 2.034412 0.732561 0.003987
v 2.043626 0.736752 0.003987
v 2.053170 0.739295 0.003987
v 2.053170 0.739295 0.003987
v 2.062879 0.740148 0.003987
v 2.043626 0.736752 0.003987
v 2.034412 0.732561 0.003987
v 2.025686 0.726794 0.003987
v 2.017595 0.719550 0.003987
v 2.010279 0.710953 0.003987
v 2.003864 0.701150 0.003987
v 1.998458 0.690309 0.003987
v 1.994154 0.678615 0.003987
v 1.991027 0.666268 0.003987
v 1.989128 0.653480 0.003987
v 2.062879 0.640469 0.003987
v 1.988492 0.640469 0.003987
vn -0.0000 -0.0000 1.0000
vn -0.0000 -0.0000 -1.0000
s 1
usemtl Translucent_Glass_Blue
f 10319//1487 10320//1487 10321//1487
f 10320//1487 10319//1487 10322//1487
f 10320//1487 10322//1487 10323//1487
f 10323//1487 10322//1487 10324//1487
f 10324//1487 10322//1487 10325//1487
f 10325//1487 10322//1487 10326//1487
f 10326//1487 10322//1487 10327//1487
f 10327//1487 10322//1487 10328//1487
f 10328//1487 10322//1487 10329//1487
f 10329//1487 10322//1487 10330//1487
f 10330//1487 10322//1487 10331//1487
f 10331//1487 10322//1487 10332//1487
f 10333//1488 10334//1488 10335//1488
f 10335//1488 10334//1488 10336//1488
f 10336//1488 10334//1488 10337//1488
f 10337//1488 10334//1488 10338//1488
f 10338//1488 10334//1488 10339//1488
f 10339//1488 10334//1488 10340//1488
f 10340//1488 10334//1488 10341//1488
f 10341//1488 10334//1488 10342//1488
f 10342//1488 10334//1488 10343//1488
f 10343//1488 10334//1488 10344//1488
f 10334//1488 10345//1488 10344//1488
f 10346//1488 10344//1488 10345//1488
o SketchUp.296
v 1.988492 0.632459 0.015489
v 1.980237 0.511310 0.015489
v 1.988492 0.511310 0.015489
v 1.980237 0.640469 0.015489
v 1.988492 0.640469 0.015489
v 1.989128 0.653480 0.015489
v 1.980944 0.654384 0.015489
v 1.991027 0.666268 0.015489
v 1.983052 0.668062 0.015489
v 1.994154 0.678615 0.015489
v 1.986527 0.681267 0.015489
v 1.998458 0.690309 0.015489
v 1.991309 0.693774 0.015489
v 2.003864 0.701150 0.015489
v 1.997314 0.705369 0.015489
v 2.010279 0.710953 0.015489
v 2.004442 0.715853 0.015489
v 2.017595 0.719550 0.015489
v 2.012569 0.725048 0.015489
v 2.025686 0.726794 0.015489
v 2.021558 0.732795 0.015489
v 2.034412 0.732561 0.015489
v 2.043626 0.736752 0.015489
v 2.031254 0.738963 0.015489
v 2.053170 0.739295 0.015489
v 2.041490 0.743446 0.015489
v 2.062879 0.740148 0.015489
v 2.071956 0.740194 0.015489
v 2.393559 0.740412 0.015489
v 2.417298 0.743243 0.015489
v 2.405531 0.745958 0.015489
v 2.052092 0.746166 0.015489
v 2.393559 0.746862 0.015489
v 2.393559 0.746868 0.015489
v 2.062879 0.746862 0.015489
v 2.062879 0.747078 0.015489
v 2.476845 0.511310 0.015489
v 1.980237 0.501009 0.015489
v 2.393559 0.511310 0.015489
v 2.383840 0.511310 0.015489
v 2.311955 0.511310 0.015489
v 2.301665 0.511310 0.015489
v 2.235652 0.511310 0.015489
v 2.223903 0.511310 0.015489
v 2.154060 0.511310 0.015489
v 2.145469 0.511310 0.015489
v 2.071956 0.511310 0.015489
v 2.062879 0.511310 0.015489
v 2.071956 0.632459 0.015489
v 2.062879 0.632459 0.015489
v 2.154060 0.632459 0.015489
v 2.145469 0.632459 0.015489
v 2.235652 0.632459 0.015489
v 2.223903 0.632459 0.015489
v 2.311955 0.632459 0.015489
v 2.301665 0.632459 0.015489
v 2.393559 0.632459 0.015489
v 2.383840 0.632459 0.015489
v 2.476845 0.640469 0.015489
v 2.062879 0.640469 0.015489
v 2.393559 0.640469 0.015489
v 2.383840 0.640469 0.015489
v 2.311955 0.640469 0.015489
v 2.301665 0.640469 0.015489
v 2.235652 0.640469 0.015489
v 2.223903 0.640469 0.015489
v 2.154060 0.640469 0.015489
v 2.145469 0.640469 0.015489
v 2.071956 0.640469 0.015489
v 2.383840 0.740194 0.015489
v 2.311955 0.740194 0.015489
v 2.301665 0.740194 0.015489
v 2.235652 0.740194 0.015489
v 2.223903 0.740194 0.015489
v 2.154060 0.740194 0.015489
v 2.145469 0.740194 0.015489
v 2.485282 0.501009 0.015489
v 2.485282 0.640469 0.015489
v 2.476845 0.632459 0.015489
v 2.476132 0.653514 0.015489
v 2.484497 0.654357 0.015489
v 2.474007 0.666336 0.015489
v 2.482157 0.668007 0.015489
v 2.470505 0.678716 0.015489
v 2.478300 0.681186 0.015489
v 2.465687 0.690441 0.015489
v 2.472993 0.693669 0.015489
v 2.459634 0.701311 0.015489
v 2.466328 0.705241 0.015489
v 2.452451 0.711140 0.015489
v 2.458417 0.715705 0.015489
v 2.444260 0.719760 0.015489
v 2.449396 0.724881 0.015489
v 2.435202 0.727023 0.015489
v 2.439420 0.732614 0.015489
v 2.425431 0.732805 0.015489
v 2.428659 0.738769 0.015489
v 2.415115 0.737007 0.015489
v 2.404429 0.739558 0.015489
vn -0.0000 -0.0000 1.0000
vn -0.0000 1.0000 -0.0000
vn -0.0000 -1.0000 -0.0000
vt 22.688169 7.216195
vt 22.593979 5.833909
vt 22.688169 5.833909
vt 22.593979 7.307585
vt 22.688169 7.307585
vt 22.695429 7.456034
vt 22.602049 7.466355
vt 22.717089 7.601943
vt 22.626110 7.622408
vt 22.752779 7.742816
vt 22.665760 7.773074
vt 22.801880 7.876242
vt 22.720310 7.915776
vt 22.863560 7.999937
vt 22.788839 8.048071
vt 22.936760 8.111787
vt 22.870159 8.167697
vt 23.020229 8.209876
vt 22.962889 8.272605
vt 23.112539 8.292527
vt 23.065449 8.361002
vt 23.212109 8.358325
vt 23.317240 8.406145
vt 23.176069 8.431375
vt 23.426130 8.435168
vt 23.292860 8.482519
vt 23.536909 8.444898
vt 23.640480 8.445424
vt 27.309879 8.447914
vt 27.580740 8.480206
vt 27.446480 8.511186
vt 23.413839 8.513559
vt 27.309879 8.521496
vt 27.309879 8.521572
vt 23.536909 8.521496
vt 23.536909 8.523967
vt 28.260149 5.833909
vt 22.593979 5.716378
vt 27.309879 5.833909
vt 27.198990 5.833909
vt 26.378799 5.833909
vt 26.261400 5.833909
vt 25.508209 5.833909
vt 25.374149 5.833909
vt 24.577269 5.833909
vt 24.479239 5.833909
vt 23.640480 5.833909
vt 23.536909 5.833909
vt 23.640480 7.216195
vt 23.536909 7.216195
vt 24.577269 7.216195
vt 24.479239 7.216195
vt 25.508209 7.216195
vt 25.374149 7.216195
vt 26.378799 7.216195
vt 26.261400 7.216195
vt 27.309879 7.216195
vt 27.198990 7.216195
vt 28.260149 7.307585
vt 23.536909 7.307585
vt 27.309879 7.307585
vt 27.198990 7.307585
vt 26.378799 7.307585
vt 26.261400 7.307585
vt 25.508209 7.307585
vt 25.374149 7.307585
vt 24.577269 7.307585
vt 24.479239 7.307585
vt 23.640480 7.307585
vt 27.198990 8.445424
vt 26.378799 8.445424
vt 26.261400 8.445424
vt 25.508209 8.445424
vt 25.374149 8.445424
vt 24.577269 8.445424
vt 24.479239 8.445424
vt 28.356419 5.716378
vt 28.356419 7.307585
vt 28.260149 7.216195
vt 28.252020 7.456428
vt 28.347469 7.466042
vt 28.227770 7.602724
vt 28.320759 7.621788
vt 28.187819 7.743970
vt 28.276760 7.772158
vt 28.132839 7.877750
vt 28.216209 7.914578
vt 28.063780 8.001774
vt 28.140150 8.046613
vt 27.981819 8.113920
vt 28.049889 8.166003
vt 27.888369 8.212269
vt 27.946970 8.270705
vt 27.785019 8.295139
vt 27.833149 8.358928
vt 27.673529 8.361112
vt 27.710369 8.429162
vt 27.555830 8.409058
vt 27.433908 8.438158
s 1
usemtl Wood_Floor
f 10347/7734/1489 10348/7735/1489 10349/7736/1489
f 10348/7735/1489 10347/7734/1489 10350/7737/1489
f 10350/7737/1489 10347/7734/1489 10351/7738/1489
f 10350/7737/1489 10351/7738/1489 10352/7739/1489
f 10350/7737/1489 10352/7739/1489 10353/7740/1489
f 10353/7740/1489 10352/7739/1489 10354/7741/1489
f 10353/7740/1489 10354/7741/1489 10355/7742/1489
f 10355/7742/1489 10354/7741/1489 10356/7743/1489
f 10355/7742/1489 10356/7743/1489 10357/7744/1489
f 10357/7744/1489 10356/7743/1489 10358/7745/1489
f 10357/7744/1489 10358/7745/1489 10359/7746/1489
f 10359/7746/1489 10358/7745/1489 10360/7747/1489
f 10359/7746/1489 10360/7747/1489 10361/7748/1489
f 10361/7748/1489 10360/7747/1489 10362/7749/1489
f 10361/7748/1489 10362/7749/1489 10363/7750/1489
f 10363/7750/1489 10362/7749/1489 10364/7751/1489
f 10363/7750/1489 10364/7751/1489 10365/7752/1489
f 10365/7752/1489 10364/7751/1489 10366/7753/1489
f 10365/7752/1489 10366/7753/1489 10367/7754/1489
f 10367/7754/1489 10366/7753/1489 10368/7755/1489
f 10367/7754/1489 10368/7755/1489 10369/7756/1489
f 10367/7754/1489 10369/7756/1489 10370/7757/1489
f 10370/7757/1489 10369/7756/1489 10371/7758/1489
f 10370/7757/1489 10371/7758/1489 10372/7759/1489
f 10372/7759/1489 10371/7758/1489 10373/7760/1489
f 10372/7759/1489 10373/7760/1489 10374/7761/1489
f 10372/7759/1489 10374/7761/1489 10375/7762/1489
f 10372/7759/1489 10375/7762/1489 10376/7763/1489
f 10372/7759/1489 10376/7763/1489 10377/7764/1489
f 10372/7759/1489 10377/7764/1489 10378/7765/1489
f 10378/7765/1489 10377/7764/1489 10379/7766/1489
f 10379/7766/1489 10377/7764/1489 10380/7767/1489
f 10378/7765/1489 10381/7768/1489 10382/7769/1489
f 10381/7768/1489 10378/7765/1489 10379/7766/1489
f 10383/7770/1489 10348/7735/1489 10384/7771/1489
s 0
f 10348/7735/1490 10383/7770/1490 10385/7772/1490
f 10348/7735/1491 10385/7772/1491 10386/7773/1491
f 10348/7735/1491 10386/7773/1491 10387/7774/1491
f 10348/7735/1490 10387/7774/1490 10388/7775/1490
f 10348/7735/1490 10388/7775/1490 10389/7776/1490
f 10348/7735/1491 10389/7776/1491 10390/7777/1491
f 10348/7735/1490 10390/7777/1490 10391/7778/1490
f 10348/7735/1490 10391/7778/1490 10392/7779/1490
f 10348/7735/1491 10392/7779/1491 10393/7780/1491
f 10348/7735/1490 10393/7780/1490 10394/7781/1490
f 10348/7735/1491 10394/7781/1491 10349/7736/1491
s 1
f 10395/7782/1489 10394/7781/1489 10393/7780/1489
f 10394/7781/1489 10395/7782/1489 10396/7783/1489
f 10397/7784/1489 10392/7779/1489 10391/7778/1489
f 10392/7779/1489 10397/7784/1489 10398/7785/1489
f 10399/7786/1489 10390/7777/1489 10389/7776/1489
f 10390/7777/1489 10399/7786/1489 10400/7787/1489
f 10401/7788/1489 10388/7775/1489 10387/7774/1489
f 10388/7775/1489 10401/7788/1489 10402/7789/1489
f 10403/7790/1489 10386/7773/1489 10385/7772/1489
f 10386/7773/1489 10403/7790/1489 10404/7791/1489
s 0
f 10405/7792/1490 10406/7793/1490 10351/7738/1490
f 10406/7793/1490 10405/7792/1490 10407/7794/1490
f 10406/7793/1491 10407/7794/1491 10408/7795/1491
f 10406/7793/1490 10408/7795/1490 10409/7796/1490
f 10406/7793/1490 10409/7796/1490 10410/7797/1490
f 10406/7793/1491 10410/7797/1491 10411/7798/1491
f 10406/7793/1490 10411/7798/1490 10412/7799/1490
f 10406/7793/1491 10412/7799/1491 10413/7800/1491
f 10406/7793/1490 10413/7800/1490 10414/7801/1490
f 10406/7793/1491 10414/7801/1491 10415/7802/1491
s 1
f 10406/7793/1489 10415/7802/1489 10374/7761/1489
f 10406/7793/1489 10374/7761/1489 10373/7760/1489
f 10375/7762/1489 10408/7795/1489 10407/7794/1489
f 10408/7795/1489 10375/7762/1489 10416/7803/1489
f 10416/7803/1489 10375/7762/1489 10417/7804/1489
f 10417/7804/1489 10375/7762/1489 10418/7805/1489
f 10418/7805/1489 10375/7762/1489 10419/7806/1489
f 10419/7806/1489 10375/7762/1489 10420/7807/1489
f 10420/7807/1489 10375/7762/1489 10421/7808/1489
f 10421/7808/1489 10375/7762/1489 10422/7809/1489
f 10422/7809/1489 10375/7762/1489 10374/7761/1489
f 10423/7810/1489 10383/7770/1489 10384/7771/1489
f 10383/7770/1489 10423/7810/1489 10424/7811/1489
f 10383/7770/1489 10424/7811/1489 10425/7812/1489
f 10425/7812/1489 10424/7811/1489 10403/7790/1489
f 10403/7790/1489 10424/7811/1489 10404/7791/1489
f 10404/7791/1489 10424/7811/1489 10401/7788/1489
f 10401/7788/1489 10424/7811/1489 10402/7789/1489
f 10402/7789/1489 10424/7811/1489 10399/7786/1489
f 10399/7786/1489 10424/7811/1489 10400/7787/1489
f 10400/7787/1489 10424/7811/1489 10397/7784/1489
f 10397/7784/1489 10424/7811/1489 10398/7785/1489
f 10398/7785/1489 10424/7811/1489 10395/7782/1489
f 10395/7782/1489 10424/7811/1489 10396/7783/1489
f 10396/7783/1489 10424/7811/1489 10347/7734/1489
f 10347/7734/1489 10424/7811/1489 10405/7792/1489
f 10347/7734/1489 10405/7792/1489 10351/7738/1489
f 10405/7792/1489 10424/7811/1489 10426/7813/1489
f 10426/7813/1489 10424/7811/1489 10427/7814/1489
f 10426/7813/1489 10427/7814/1489 10428/7815/1489
f 10428/7815/1489 10427/7814/1489 10429/7816/1489
f 10428/7815/1489 10429/7816/1489 10430/7817/1489
f 10430/7817/1489 10429/7816/1489 10431/7818/1489
f 10430/7817/1489 10431/7818/1489 10432/7819/1489
f 10432/7819/1489 10431/7818/1489 10433/7820/1489
f 10432/7819/1489 10433/7820/1489 10434/7821/1489
f 10434/7821/1489 10433/7820/1489 10435/7822/1489
f 10434/7821/1489 10435/7822/1489 10436/7823/1489
f 10436/7823/1489 10435/7822/1489 10437/7824/1489
f 10436/7823/1489 10437/7824/1489 10438/7825/1489
f 10438/7825/1489 10437/7824/1489 10439/7826/1489
f 10438/7825/1489 10439/7826/1489 10440/7827/1489
f 10440/7827/1489 10439/7826/1489 10441/7828/1489
f 10440/7827/1489 10441/7828/1489 10442/7829/1489
f 10442/7829/1489 10441/7828/1489 10443/7830/1489
f 10442/7829/1489 10443/7830/1489 10444/7831/1489
f 10444/7831/1489 10443/7830/1489 10445/7832/1489
f 10445/7832/1489 10443/7830/1489 10376/7763/1489
f 10445/7832/1489 10376/7763/1489 10375/7762/1489
f 10421/7808/1489 10414/7801/1489 10413/7800/1489
f 10414/7801/1489 10421/7808/1489 10422/7809/1489
f 10419/7806/1489 10412/7799/1489 10411/7798/1489
f 10412/7799/1489 10419/7806/1489 10420/7807/1489
f 10417/7804/1489 10410/7797/1489 10409/7796/1489
f 10410/7797/1489 10417/7804/1489 10418/7805/1489
o SketchUp.297
v 1.519557 0.957983 -0.035943
v 1.651829 0.957983 -0.035943
l 10447 10446
o SketchUp.298
v 2.343562 0.963735 -0.043337
v 2.475833 0.963735 -0.043337
l 10449 10448
o SketchUp.299
v 0.644037 1.542965 -0.033364
v 0.776309 1.542965 -0.033364
l 10451 10450
o SketchUp.300
v 0.187371 1.542965 -0.084826
v 0.187371 1.542965 -0.027613
l 10453 10452
o SketchUp.301
v 1.519557 1.542965 -0.020725
v 1.651829 1.542965 -0.020725
l 10455 10454
o SketchUp.302
v 2.386694 1.542965 -0.038713
v 2.518965 1.542965 -0.038713
l 10457 10456
o SketchUp.303
v 0.321611 0.729893 -0.000000
v 0.321611 0.729847 -0.000000
l 10459 10458
o SketchUp.304
v 2.563407 0.362310 0.107830
v 1.651107 0.362310 0.107830
l 10461 10460
o SketchUp.305
v 1.988492 0.511310 0.000010
v 1.988014 0.511310 -0.000000
l 10463 10462
o SketchUp.306
v 2.311955 0.740148 -0.000000
v 2.383840 0.740148 -0.000000
l 10465 10464
o SketchUp.307
v 2.393559 0.640469 -0.000000
v 2.383840 0.640469 -0.000000
v 2.383840 0.632459 -0.000000
l 10467 10466
l 10467 10468
o SketchUp.308
v 1.506029 0.730104 -0.000000
v 1.423854 0.730038 -0.000000
v 1.267659 0.729913 -0.000000
v 1.267659 0.736561 -0.000000
v 1.423854 0.729893 -0.000000
l 10470 10469
l 10471 10470
l 10471 10472
l 10470 10473
o SketchUp.309
v 1.267659 0.630168 -0.000000
v 1.788432 -0.000000 -0.877059
l 10475 10474
o SketchUp.310
v 1.194145 0.729893 -0.000000
v 1.194145 0.736561 -0.000000
l 10477 10476
