# Blender 5.0.1
# www.blender.org
mtllib hotel.mtl
o SketchUp
v 1.898873 1.718691 -1.504540
v 1.898873 2.588522 -1.303810
v 1.898873 1.718691 -1.303810
v 1.898873 2.588522 -1.504540
v 1.770915 2.588522 -1.504540
v 1.898873 1.718691 -1.504540
v 1.770915 1.718691 -1.504540
v 1.898873 2.588522 -1.504540
v 1.898873 2.588522 -1.303810
v 1.770915 2.588522 -1.504540
v 1.770915 2.588522 -1.303810
v 1.898873 2.588522 -1.504540
v 1.898873 2.588522 -1.303810
v 1.770915 1.718691 -1.303810
v 1.898873 1.718691 -1.303810
v 1.770915 2.588522 -1.303810
v 1.770915 2.588522 -1.504540
v 1.770915 1.718691 -1.303810
v 1.770915 2.588522 -1.303810
v 1.770915 1.718691 -1.504540
vn 1.0000 -0.0000 -0.0000
vn -0.0000 -0.0000 -1.0000
vn -0.0000 1.0000 -0.0000
vn -0.0000 -0.0000 1.0000
vn -1.0000 -0.0000 -0.0000
vt 17.166410 19.609819
vt 14.876140 29.534359
vt 14.876140 19.609819
vt 17.166410 29.534359
vt -20.205679 29.534359
vt -21.665649 19.609819
vt -20.205679 19.609819
vt -21.665649 29.534359
vt 21.665649 14.876140
vt 20.205679 17.166410
vt 20.205679 14.876140
vt 21.665649 17.166410
vt 21.665649 29.534359
vt 20.205679 19.609819
vt 21.665649 19.609819
vt 20.205679 29.534359
vt -17.166410 29.534359
vt -14.876140 19.609819
vt -14.876140 29.534359
vt -17.166410 19.609819
s 1
usemtl Granite_Brown
f 1/1/1 2/2/1 3/3/1
f 2/2/1 1/1/1 4/4/1
f 5/5/2 6/6/2 7/7/2
f 6/6/2 5/5/2 8/8/2
f 9/9/3 10/10/3 11/11/3
f 10/10/3 9/9/3 12/12/3
f 13/13/4 14/14/4 15/15/4
f 14/14/4 13/13/4 16/16/4
f 17/17/5 18/18/5 19/19/5
f 18/18/5 17/17/5 20/20/5
o SketchUp.001
v 1.898873 1.718691 -1.504540
v 1.770915 1.718691 -1.303810
v 1.770915 1.718691 -1.504540
v 1.898873 1.718691 -1.303810
vn -0.0000 -1.0000 -0.0000
vt -21.665649 17.166410
vt -20.205679 14.876140
vt -20.205679 17.166410
vt -21.665649 14.876140
s 1
usemtl Wood_Floor_Parquet
f 21/21/6 22/22/6 23/23/6
f 22/22/6 21/21/6 24/24/6
o SketchUp.002
v 1.886896 -0.000000 -0.128455
v 1.651107 0.000000 0.000000
v 1.651107 -0.000000 -0.128455
v 1.886896 0.000000 0.000000
v 1.651107 0.000000 0.085768
v 1.886896 0.000000 0.085768
v 0.949987 -0.000000 -1.856118
v 0.000000 -0.000000 -0.150552
v 0.000000 -0.000000 -1.856118
v 0.156326 -0.000000 -0.150552
v 0.156326 0.000000 0.000000
v 0.208884 0.000000 0.000000
v 0.208884 0.000000 0.008626
v 0.778227 0.000000 0.000000
v 0.827102 -0.000000 -0.150100
v 0.949987 -0.000000 -1.837427
v 1.062891 -0.000000 -0.150100
v 1.773086 -0.000000 -1.837427
v 1.062891 0.000000 0.000000
v 1.179264 0.000000 0.000000
v 1.179264 0.000000 0.005751
v 1.356106 0.000000 0.005751
v 1.532947 0.000000 0.000000
v 1.651107 -0.000000 -0.128455
v 1.886896 -0.000000 -0.128455
v 1.944446 0.000000 0.000000
v 1.886896 0.000000 0.000000
v 2.723073 -0.000000 -1.856118
v 1.773086 -0.000000 -1.856118
v 1.944446 0.000000 0.014377
v 2.513790 0.000000 0.000000
v 2.563407 -0.000000 -0.151152
v 2.723073 -0.000000 -0.151152
v 2.563407 0.000000 0.000000
v 2.513790 0.000000 0.014377
v 1.651107 0.000000 0.000000
v 1.532947 0.000000 0.005751
v 0.827102 0.000000 0.000000
v 0.778227 0.000000 0.008626
v 1.651107 2.032959 -0.128455
v 1.886896 -0.000000 -0.128455
v 1.651107 -0.000000 -0.128455
v 1.886896 2.086156 -0.128455
v 1.651107 2.086156 -0.128455
v 1.062891 -0.000000 -0.150100
v 0.827102 0.000000 0.000000
v 0.827102 -0.000000 -0.150100
v 1.062891 0.000000 0.000000
v 0.778227 0.000000 0.000000
v 0.778227 0.311431 0.008626
v 0.778227 0.000000 0.008626
v 0.778227 0.311431 -0.000000
v 0.497734 0.302533 0.008626
v 0.490181 0.080947 0.008626
v 0.497734 0.080947 0.008626
v 0.490181 0.302533 0.008626
v 0.360165 0.302533 0.008626
v 0.349795 0.302533 0.008626
v 0.217322 0.302533 0.008626
v 0.628707 0.302533 0.008626
v 0.778227 0.000000 0.008626
v 0.767577 0.080947 0.008626
v 0.208884 0.000000 0.008626
v 0.778227 0.311431 0.008626
v 0.217322 0.080947 0.008626
v 0.767577 0.302533 0.008626
v 0.639691 0.302533 0.008626
v 0.208884 0.311431 0.008626
v 0.628707 0.080947 0.008626
v 0.639691 0.080947 0.008626
v 0.349795 0.080947 0.008626
v 0.360165 0.080947 0.008626
v 0.208884 0.311431 -0.000000
v 0.208884 0.000000 0.008626
v 0.208884 0.311431 0.008626
v 0.208884 0.000000 0.000000
v 0.156326 -0.000000 -0.150552
v 0.000000 0.000000 0.000000
v 0.000000 -0.000000 -0.150552
v 0.156326 0.000000 0.000000
v 0.949987 -0.000000 -4.420946
v 0.000000 -0.000000 -1.856118
v 0.000000 -0.000000 -4.420946
v 0.949987 -0.000000 -1.856118
v 0.000000 2.032959 -1.856118
v 0.949987 -0.000000 -1.856118
v 0.000000 -0.000000 -1.856118
v 0.949987 2.032959 -1.856118
v 0.949987 -0.000000 -1.856118
v 0.949987 2.032959 -1.837427
v 0.949987 -0.000000 -1.837427
v 0.949987 2.032959 -1.856118
v 1.773086 2.032959 -1.856118
v 1.773086 -0.000000 -1.837427
v 1.773086 2.032959 -1.837427
v 1.773086 -0.000000 -1.856118
v 1.773086 2.032959 -1.856118
v 2.723073 -0.000000 -1.856118
v 1.773086 -0.000000 -1.856118
v 2.723073 2.032959 -1.856118
v 2.723073 -0.000000 -4.422385
v 1.773086 -0.000000 -1.856118
v 1.773086 -0.000000 -4.422385
v 2.723073 -0.000000 -1.856118
v 2.723073 -0.000000 -0.151152
v 2.563407 0.000000 0.000000
v 2.563407 -0.000000 -0.151152
v 2.723073 0.000000 0.000000
v 2.513790 0.000000 0.000000
v 2.513790 0.311431 0.014377
v 2.513790 0.000000 0.014377
v 2.513790 0.311431 -0.000000
v 2.233296 0.302533 0.014377
v 2.225743 0.080947 0.014377
v 2.233296 0.080947 0.014377
v 2.225743 0.302533 0.014377
v 2.095728 0.302533 0.014377
v 2.085357 0.302533 0.014377
v 1.952884 0.302533 0.014377
v 2.364270 0.302533 0.014377
v 2.513790 0.000000 0.014377
v 2.503140 0.080947 0.014377
v 1.944446 0.000000 0.014377
v 2.513790 0.311431 0.014377
v 1.952884 0.080947 0.014377
v 2.503140 0.302533 0.014377
v 2.375254 0.302533 0.014377
v 1.944446 0.311431 0.014377
v 2.364270 0.080947 0.014377
v 2.375254 0.080947 0.014377
v 2.085357 0.080947 0.014377
v 2.095728 0.080947 0.014377
v 1.944446 0.311431 -0.000000
v 1.944446 0.000000 0.014377
v 1.944446 0.311431 0.014377
v 1.944446 0.000000 0.000000
v 1.532947 0.000000 0.005751
v 1.532947 0.362310 -0.000000
v 1.532947 0.362310 0.005751
v 1.532947 0.000000 0.000000
v 1.179264 0.362310 -0.000000
v 1.179264 0.000000 0.005751
v 1.179264 0.362310 0.005751
v 1.179264 0.000000 0.000000
v 1.062891 0.000000 0.000000
v 0.827102 0.000000 0.085070
v 0.827102 0.000000 0.000000
v 1.062891 0.000000 0.085070
v 0.827102 2.032959 -0.150100
v 1.062891 -0.000000 -0.150100
v 0.827102 -0.000000 -0.150100
v 1.062891 2.032959 -0.150100
v 0.778227 0.311431 0.008626
v 0.208884 0.311431 -0.000000
v 0.208884 0.311431 0.008626
v 0.778227 0.311431 -0.000000
v 0.000000 -0.000000 -0.150552
v -0.079463 0.000000 0.085237
v -0.079463 -0.000000 -0.150552
v 0.000000 0.000000 0.000000
v 0.156326 0.000000 0.085237
v 0.156326 0.000000 0.000000
v 2.799195 -0.000000 -0.151152
v 2.563407 0.000000 0.084637
v 2.799195 0.000000 0.084637
v 2.513790 0.311431 0.014377
v 1.944446 0.311431 -0.000000
v 1.944446 0.311431 0.014377
v 2.513790 0.311431 -0.000000
v 1.532947 0.362310 0.005751
v 1.356106 0.362310 -0.000000
v 1.356106 0.362310 0.005751
v 1.532947 0.362310 -0.000000
v 1.179264 0.362310 -0.000000
v 1.179264 0.362310 0.005751
v 1.062891 2.032959 -0.139324
v 0.827102 2.032959 -0.150100
v 0.827102 2.032959 -0.139324
v 1.062891 2.032959 -0.150100
v 0.323789 2.032959 -0.139324
v 0.156326 2.032959 -0.150552
v 0.156326 2.032959 -0.139324
v 1.148815 2.032959 -0.139324
v 1.062891 2.032959 -0.150100
v 1.062891 2.032959 -0.139324
v 0.000000 2.032959 -0.912654
v 0.000000 2.032959 -0.150552
v 2.723073 2.032959 -0.912654
v 0.659354 2.032959 -0.139324
v 0.827102 2.032959 -0.150100
v 0.827102 2.032959 -0.139324
v 1.246708 2.032959 -0.261478
v 1.201025 2.032959 -0.226423
v 1.165970 2.032959 -0.180740
v 1.299908 2.032959 -0.283514
v 1.356999 2.032959 -0.291030
v 1.414090 2.032959 -0.283514
v 1.467289 2.032959 -0.261478
v 1.512973 2.032959 -0.226423
v 1.548028 2.032959 -0.180740
v 1.565183 2.032959 -0.139324
v 2.065443 2.032959 -0.139324
v 2.401008 2.032959 -0.139324
v 2.563407 2.032959 -0.151152
v 2.563407 2.032959 -0.139324
v 2.723073 2.032959 -0.151152
v 1.148276 2.032959 -0.138023
v 1.062891 2.032959 -0.139324
v 1.062891 2.032959 -0.138023
v 1.148815 2.032959 -0.139324
v 1.565183 2.032959 -0.139324
v 1.165970 2.032959 -0.180740
v 1.148815 2.032959 -0.139324
v 1.201025 2.032959 -0.226423
v 1.246708 2.032959 -0.261478
v 1.299908 2.032959 -0.283514
v 1.356999 2.032959 -0.291030
v 1.414090 2.032959 -0.283514
v 1.467289 2.032959 -0.261478
v 1.512973 2.032959 -0.226423
v 1.548028 2.032959 -0.180740
v 2.401008 2.091907 -0.139324
v 2.563407 2.032959 -0.139324
v 2.401008 2.032959 -0.139324
v 2.563407 2.091907 -0.139324
v 2.698632 2.032959 -0.139324
v 2.563407 2.032959 -0.151152
v 2.563407 2.032959 -0.139324
v 2.723073 2.032959 -0.151152
v 2.723073 2.032959 -0.139324
v 2.723073 2.032959 -0.912654
v 0.000000 2.032959 -1.685984
v 0.000000 2.032959 -0.912654
v 0.047446 2.032959 -1.685984
v 2.698632 2.032959 -1.685984
v 2.723073 2.032959 -1.685984
v 2.723073 2.562488 -0.912654
v 0.000000 2.032959 -0.912654
v 2.723073 2.032959 -0.912654
v 0.000000 2.562488 -0.912654
v 2.698632 2.562488 -0.912654
v 0.050824 2.562488 -0.912654
v 0.000000 2.032959 -0.139324
v 0.156326 2.032959 -0.150552
v 0.000000 2.032959 -0.150552
v 0.156326 2.032959 -0.139324
v 1.099655 2.032959 -0.000000
v 1.062891 2.032959 -0.138023
v 1.062891 2.032959 -0.000000
v 1.099655 2.032959 -0.014377
v 1.143934 2.032959 -0.127540
v 1.148276 2.032959 -0.138023
v 1.136418 2.032959 -0.070449
v 1.136418 2.032959 -0.014377
v 1.136418 2.032959 -0.027317
v 1.356999 2.032959 -0.138023
v 1.148815 2.032959 -0.139324
v 1.148276 2.032959 -0.138023
v 1.565183 2.032959 -0.139324
v 1.565722 2.032959 -0.138023
v 1.062891 2.032959 -0.139324
v 1.062891 2.094782 -0.138023
v 1.062891 2.032959 -0.138023
v 1.062891 2.094782 -0.139324
v 2.401008 2.091907 -0.139324
v 2.401008 2.032959 -0.000000
v 2.401008 2.091907 -0.000000
v 2.401008 2.032959 -0.139324
v 2.698632 2.032959 -0.139324
v 2.698632 2.091907 -0.139324
v 2.799195 2.032959 -0.151152
v 2.723073 2.032959 -0.139324
v 2.723073 2.091907 -0.139324
v 2.723073 2.562488 -0.912654
v 2.698632 2.032959 -0.139324
v 2.698632 2.562488 -0.912654
v 2.723073 2.032959 -0.139324
v 2.698632 2.562488 -0.912654
v 2.723073 2.032959 -1.685984
v 2.698632 2.032959 -1.685984
v 2.723073 2.562488 -0.912654
v 0.000000 2.032959 -0.139324
v 0.000000 2.032959 -0.150552
v -0.079463 2.032959 -0.150552
v 2.723073 2.091907 -0.000000
v 2.401008 2.032959 -0.000000
v 2.723073 2.032959 -0.000000
v 2.401008 2.091907 -0.000000
v 2.563407 2.091907 -0.000000
v 2.065443 2.086156 -0.000000
v 1.651107 2.032959 -0.000000
v 2.065443 2.032959 -0.000000
v 1.651107 2.086156 -0.000000
v 1.886896 2.086156 -0.000000
v 0.000000 2.007479 -0.000000
v 2.723073 2.007479 -0.000000
v 0.659354 2.032959 -0.000000
v 1.062891 2.032959 -0.000000
v 0.659354 2.091907 -0.000000
v 2.387280 2.032959 -0.000000
v 2.079171 2.032959 -0.000000
v 1.614343 2.032959 -0.000000
v 1.356999 2.032959 -0.000000
v 1.099655 2.032959 -0.000000
v 1.062891 2.091907 -0.000000
v 0.827102 2.091907 -0.000000
v 0.645626 2.032959 -0.000000
v 0.608171 2.032959 -0.000000
v 0.337517 2.032959 -0.000000
v 0.628677 2.032959 -0.000000
v 0.618235 2.032959 -0.000000
v 2.349824 2.032959 -0.000000
v 2.370331 2.032959 -0.000000
v 2.359889 2.032959 -0.000000
v 2.116911 2.032959 -0.000000
v 2.096405 2.032959 -0.000000
v 2.336885 2.032959 -0.000000
v 2.129851 2.032959 -0.000000
v 2.106847 2.032959 -0.000000
v 0.491714 2.032959 -0.000000
v 0.388197 2.032959 -0.000000
v 0.595231 2.032959 -0.000000
v 0.375257 2.032959 -0.000000
v 0.354751 2.032959 -0.000000
v 0.365193 2.032959 -0.000000
v 0.323789 2.032959 -0.000000
v 0.000000 2.032959 -0.000000
v 0.323789 2.100533 -0.000000
v 0.000000 2.100533 -0.000000
v 0.156326 2.100533 -0.000000
v 1.565183 2.086156 -0.139324
v 1.565722 2.032959 -0.138023
v 1.565722 2.086156 -0.138023
v 1.565183 2.032959 -0.139324
v 2.401008 2.032959 0.007189
v 2.401008 2.091907 0.007189
v 2.798555 2.032959 -0.000000
v 2.723073 2.032959 -0.000000
v 2.799195 2.032959 -0.000000
v 2.723073 2.032959 -0.139324
v 2.723073 2.091907 -0.000000
v 2.723073 2.032959 -0.000000
v 2.723073 2.091907 -0.139324
v 2.698632 2.586990 -0.929431
v 2.723073 2.562488 -0.912654
v 2.698632 2.562488 -0.912654
v 2.723073 2.586990 -0.929431
v -0.079463 2.032959 -0.000000
v 0.000000 2.032959 -0.139324
v -0.079463 2.032959 -0.150552
v 0.000000 2.032959 -0.000000
v 1.614343 2.032959 -0.014377
v 1.577580 2.032959 -0.027317
v 1.577580 2.032959 -0.014377
v 1.577580 2.032959 -0.070449
v 1.651107 2.032959 -0.000000
v 1.614343 2.032959 -0.000000
v 1.570064 2.032959 -0.127540
v 1.651107 2.032959 -0.138023
v 1.565722 2.032959 -0.138023
v 1.651107 2.032959 -0.128455
v 0.659354 2.091907 -0.000000
v 0.827102 2.091907 0.004313
v 0.659354 2.091907 0.004313
v 0.827102 2.091907 -0.000000
v 0.323789 2.032959 -0.000000
v 0.323789 2.100533 -0.139324
v 0.323789 2.100533 -0.000000
v 0.323789 2.032959 -0.139324
v 0.000000 2.100533 -0.000000
v 0.000000 2.032959 -0.139324
v 0.000000 2.032959 -0.000000
v 0.000000 2.100533 -0.139324
v 2.401008 2.032959 0.007189
v 2.387280 2.032959 -0.000000
v 2.387280 2.032959 0.007189
v 2.401008 2.032959 -0.000000
v 2.563407 2.091907 0.007189
v 2.401008 2.032959 0.007189
v 2.563407 2.032959 0.007189
v 2.401008 2.091907 0.007189
v 2.401008 2.032959 0.022956
v 2.401008 2.032959 0.084677
v 2.799195 1.981639 -0.151152
v 2.799195 2.032959 0.084637
v 2.799195 1.981639 0.084637
v 2.799195 2.032959 0.022956
v 2.799195 2.032959 -0.000000
v 2.799195 2.032959 -0.151152
v 2.724499 2.032959 0.007189
v 2.739706 2.032959 0.022956
v 2.798555 2.032959 0.022956
v 2.799195 2.032959 0.022956
v 2.723073 2.032959 -0.000000
v 2.724499 2.091907 0.007189
v 2.724499 2.032959 0.007189
v 2.723073 2.091907 -0.000000
v -0.079463 2.032959 0.022956
v -0.079463 1.981639 0.085237
v -0.079463 2.032959 0.085237
v -0.079463 1.981639 -0.150552
v -0.079463 2.032959 -0.000000
v -0.079463 2.032959 -0.150552
v 0.156326 2.032959 0.022956
v -0.079463 2.032959 -0.000000
v -0.079463 2.032959 0.022956
v 0.000000 2.032959 0.004313
v 0.156326 2.032959 0.004313
v 0.000000 2.032959 -0.000000
v 1.651107 2.086156 -0.138023
v 1.651107 2.032959 -0.128455
v 1.651107 2.086156 -0.128455
v 1.651107 2.032959 -0.138023
v 0.323789 2.032959 0.004313
v 0.323789 2.100533 -0.000000
v 0.323789 2.100533 0.004313
v 0.323789 2.032959 -0.000000
v 0.000000 2.100533 -0.000000
v 0.000000 2.032959 0.004313
v 0.000000 2.100533 0.004313
v 0.000000 2.032959 -0.000000
v 0.000000 2.100533 -0.139324
v 0.047445 2.032959 -0.139103
v 0.000000 2.032959 -0.139324
v 0.047445 2.100533 -0.139103
v 2.563407 2.032959 0.022956
v 2.401008 2.032959 0.022956
v 2.563407 2.032959 0.007189
v 2.724499 2.091907 0.007189
v 2.563407 2.032959 0.007189
v 2.724499 2.032959 0.007189
v 2.563407 2.091907 0.007189
v 2.563407 2.091907 0.007189
v 2.563407 2.032959 0.022956
v 2.563407 2.032959 0.084637
v 2.563407 2.032959 0.007189
v 2.799195 2.032959 0.084637
v 2.563407 1.981639 0.084637
v 2.799195 1.981639 0.084637
v 2.563407 1.993503 0.084637
v 2.563407 2.032959 0.084637
v 2.799195 2.032959 0.084637
v 2.739706 2.032959 0.022956
v 2.724499 2.091907 0.007189
v 2.799195 2.032959 0.084637
v 2.724499 2.032959 0.007189
v 2.798555 2.032959 0.022956
v 2.563407 2.007479 0.022956
v 2.798555 2.007479 0.022956
v 1.651107 2.007479 0.022956
v 1.062891 2.007479 0.022956
v 0.827102 2.007479 0.022956
v 0.156326 2.007479 0.022956
v -0.082669 2.007479 0.022956
v 0.659354 2.032959 0.022956
v 0.827102 2.032959 0.022956
v 2.739706 2.032959 0.022956
v 2.563407 2.032959 0.022956
v 2.401008 2.032959 0.022956
v 2.065443 2.032959 0.022956
v 1.886896 2.032959 0.022956
v 1.651107 2.032959 0.022956
v 1.062891 2.032959 0.022956
v 0.323789 2.032959 0.022956
v -0.082669 2.032959 0.022956
v 0.156326 2.032959 0.022956
v -0.079463 2.032959 0.022956
v 2.798555 2.007479 -0.000000
v 2.798555 2.032959 0.022956
v 2.798555 2.007479 0.022956
v 2.798555 2.032959 -0.000000
v 2.723073 2.032959 -0.000000
v 2.798555 2.007479 -0.000000
v 2.723073 2.007479 -0.000000
v 2.798555 2.032959 -0.000000
v 0.156326 1.993367 0.085237
v -0.079463 1.981639 0.085237
v 0.156326 1.981639 0.085237
v -0.079463 2.032959 0.085237
v 0.156326 2.032959 0.085237
v 0.156326 2.032959 0.085237
v -0.079463 2.032959 0.022956
v -0.079463 2.032959 0.085237
v 0.156326 2.032959 0.022956
v 0.323789 2.032959 0.022956
v 0.156326 2.032959 0.004313
v 0.156326 2.032959 0.022956
v 0.323789 2.032959 0.004313
v 0.156326 2.032959 0.004313
v 0.000000 2.100533 0.004313
v 0.000000 2.032959 0.004313
v 0.156326 2.100533 0.004313
v -0.082669 2.032959 -0.000000
v 0.000000 2.007479 -0.000000
v -0.082669 2.007479 -0.000000
v 0.000000 2.032959 -0.000000
v -0.079463 2.032959 -0.000000
v -0.079463 2.032959 0.022956
v -0.082669 2.032959 -0.000000
v -0.082669 2.032959 0.022956
v -0.079463 2.032959 -0.000000
v 1.644104 2.086156 -0.138023
v 1.651107 2.032959 -0.138023
v 1.651107 2.086156 -0.138023
v 0.337517 2.032959 0.004313
v 0.323789 2.032959 -0.000000
v 0.323789 2.032959 0.004313
v 0.337517 2.032959 -0.000000
v 0.323789 2.100533 0.004313
v 0.156326 2.032959 0.004313
v 0.323789 2.032959 0.004313
v 0.156326 2.100533 0.004313
v 0.323789 2.032959 0.022956
v 0.323789 2.100533 0.004313
v 0.323789 2.032959 0.085195
v 0.323789 2.032959 0.004313
v 0.047445 2.032959 -0.139103
v 0.003607 2.598432 -0.912654
v 0.000000 2.032959 -0.139324
v 0.051051 2.598432 -0.912432
v 2.563407 2.032959 0.084637
v 2.401008 2.032959 0.084677
v 2.065443 2.032959 0.022956
v 1.886896 2.032959 0.007189
v 1.886896 2.032959 0.022956
v 2.065443 2.032959 0.007189
v 1.651107 2.032959 0.007189
v 1.651107 2.032959 0.022956
v 1.062891 2.032959 0.022956
v 0.827102 2.032959 0.004313
v 0.827102 2.032959 0.022956
v 1.062891 2.032959 0.004313
v 0.827102 2.032959 0.022956
v 0.659354 2.032959 0.004313
v 0.659354 2.032959 0.022956
v 0.827102 2.032959 0.004313
v 0.000000 2.007479 -0.000000
v -0.082669 2.007479 0.022956
v -0.082669 2.007479 -0.000000
v 0.156326 2.007479 0.022956
v 2.723073 2.007479 -0.000000
v 0.827102 2.007479 0.022956
v 1.062891 2.007479 0.022956
v 1.651107 2.007479 0.022956
v 2.563407 2.007479 0.022956
v 2.798555 2.007479 0.022956
v 2.798555 2.007479 -0.000000
v 0.156326 2.032959 0.085237
v 0.323789 2.032959 0.022956
v 0.156326 2.032959 0.022956
v 0.323789 2.032959 0.085195
v 0.156326 2.032959 0.022956
v 0.156326 2.100533 0.004313
v 0.156326 2.032959 0.085237
v 0.156326 2.032959 0.004313
v 2.065443 2.032959 0.084761
v 1.886896 2.032959 0.022956
v 1.886896 2.032959 0.084805
v 2.065443 2.032959 0.022956
v 2.065443 2.086156 0.007189
v 1.886896 2.032959 0.007189
v 2.065443 2.032959 0.007189
v 1.886896 2.086156 0.007189
v 1.886896 2.032959 0.084805
v 1.886896 2.086156 0.007189
v 1.886896 2.032959 0.085768
v 1.886896 2.032959 0.022956
v 1.886896 2.032959 0.007189
v 1.886896 2.086156 0.007189
v 1.651107 2.032959 0.007189
v 1.886896 2.032959 0.007189
v 1.651107 2.086156 0.007189
v 1.886896 2.032959 0.084805
v 1.651107 2.032959 0.022956
v 1.651107 2.032959 0.084864
v 1.886896 2.032959 0.022956
v 1.062891 2.091907 0.004313
v 0.827102 2.032959 0.004313
v 1.062891 2.032959 0.004313
v 0.827102 2.091907 0.004313
v 0.827102 2.032959 0.085070
v 1.062891 2.032959 0.022956
v 0.827102 2.032959 0.022956
v 1.062891 2.032959 0.085011
v 0.827102 2.032959 0.004313
v 0.659354 2.091907 0.004313
v 0.659354 2.032959 0.004313
v 0.827102 2.091907 0.004313
v 0.827102 2.032959 0.085070
v 0.659354 2.032959 0.022956
v 0.659354 2.032959 0.085112
v 0.827102 2.032959 0.022956
v 0.827102 2.091907 0.004313
v 0.827102 2.032959 0.022956
v 0.827102 2.032959 0.085070
v 0.827102 2.032959 0.004313
v 2.065443 2.032959 0.084761
v 1.886896 2.032959 0.084805
v 1.886896 2.032959 0.085768
v 2.225151 1.981639 0.136996
v 1.886896 2.032959 0.084805
v 1.886896 2.032959 0.085768
v 1.886896 2.032959 0.085768
v 1.651107 2.032959 0.084864
v 1.651107 2.032959 0.085768
v 1.886896 2.032959 0.084805
v 1.062891 2.091907 0.004313
v 0.827102 2.091907 -0.000000
v 0.827102 2.091907 0.004313
v 1.062891 2.091907 -0.000000
v 1.062891 2.032959 0.085011
v 0.827102 2.032959 0.085070
v 1.062891 2.032959 0.085070
v 0.659354 2.091907 -0.000000
v 0.659354 2.032959 0.004313
v 0.659354 2.091907 0.004313
v 0.659354 2.032959 -0.000000
v 1.651107 2.032959 0.085768
v 1.062891 2.032959 0.085011
v 1.062891 2.032959 0.085070
v 1.651107 2.032959 0.084864
v 0.659354 2.032959 0.004313
v 0.645626 2.032959 -0.000000
v 0.645626 2.032959 0.004313
v 0.659354 2.032959 -0.000000
vn -0.0000 -1.0000 -0.0000
vn -0.0000 -0.0000 -1.0000
vn 1.0000 -0.0000 -0.0000
vn -0.0000 -0.0000 1.0000
vn -0.0000 1.0000 -0.0000
vn -1.0000 -0.0000 -0.0000
vn -0.0000 1.0000 0.0001
vn -0.0000 1.0000 -0.0001
vn -0.0000 -0.8251 -0.5650
vn -0.0000 0.8251 -0.5650
vn -0.9239 -0.0000 0.3827
vn -0.0000 -0.5650 -0.8251
vn -0.0000 -0.0000 -0.0000
vn 0.9810 -0.0000 -0.1942
vn 0.9809 -0.0000 -0.1946
vn 0.0047 -0.0000 -1.0000
vn 0.7198 -0.0000 -0.6942
vn -0.0028 0.8072 0.5902
vn -0.0027 0.8072 0.5902
vn -0.0000 -1.0000 -0.0001
vn 1.0000 0.0001 -0.0000
vn 0.1500 0.9887 -0.0000
vt -21.528990 1.465639
vt -18.838699 0.000000
vt -18.838699 1.465639
vt -21.528990 -0.000000
vt -18.838699 -0.978587
vt -21.528990 -0.978587
vt -10.839100 21.177820
vt 0.000000 1.717754
vt 0.000000 21.177820
vt -1.783640 1.717754
vt -1.783640 0.000000
vt -2.383308 0.000000
vt -2.383308 -0.098425
vt -8.879371 0.000000
vt -9.437019 1.712608
vt -10.839100 20.964569
vt -12.127310 1.712608
vt -20.230450 20.964569
vt -12.127310 0.000000
vt -13.455100 0.000000
vt -13.455100 -0.065617
vt -15.472810 -0.065617
vt -17.490530 0.000000
vt -22.185629 -0.000000
vt -31.069550 21.177820
vt -20.230450 21.177820
vt -22.185629 -0.164042
vt -28.681690 -0.000000
vt -29.247799 1.724606
vt -31.069550 1.724606
vt -29.247799 -0.000000
vt -28.681690 -0.164042
vt -17.490530 -0.065617
vt -9.437019 0.000000
vt -8.879371 -0.098425
vt -18.838699 23.195539
vt -21.528990 23.802490
vt -18.838699 23.802490
vt 0.000000 0.000000
vt -0.098425 3.553346
vt -0.098425 0.000000
vt 0.000000 3.553346
vt 5.679013 3.451828
vt 5.592832 0.923588
vt 5.679013 0.923588
vt 5.592832 3.451828
vt 4.109392 3.451828
vt 3.991064 3.451828
vt 2.479583 3.451828
vt 7.173380 3.451828
vt 8.879371 0.000000
vt 8.757853 0.923588
vt 2.383308 0.000000
vt 8.879371 3.553346
vt 2.479583 0.923588
vt 8.757853 3.451828
vt 7.298708 3.451828
vt 2.383308 3.553346
vt 7.173380 0.923588
vt 7.298708 0.923588
vt 3.991064 0.923588
vt 4.109392 0.923588
vt 0.098425 0.000000
vt 0.098425 3.553346
vt -10.839100 50.441849
vt 0.000000 50.441849
vt 0.000000 23.195539
vt -10.839100 0.000000
vt -10.839100 23.195539
vt 21.177820 0.000000
vt 20.964569 23.195539
vt 20.964569 0.000000
vt 21.177820 23.195539
vt -21.177820 23.195539
vt -20.964569 0.000000
vt -20.964569 23.195539
vt -21.177820 0.000000
vt -20.230450 23.195539
vt -31.069550 0.000000
vt -20.230450 0.000000
vt -31.069550 23.195539
vt -31.069550 50.458248
vt -20.230450 50.458248
vt -0.164042 3.553346
vt -0.164042 0.000000
vt 25.481329 3.451828
vt 25.395149 0.923588
vt 25.481329 0.923588
vt 25.395149 3.451828
vt 23.911709 3.451828
vt 23.793379 3.451828
vt 22.281898 3.451828
vt 26.975698 3.451828
vt 28.681690 0.000000
vt 28.560169 0.923588
vt 22.185629 0.000000
vt 28.681690 3.553346
vt 22.281898 0.923588
vt 28.560169 3.451828
vt 27.101028 3.451828
vt 22.185629 3.553346
vt 26.975698 0.923588
vt 27.101028 0.923588
vt 23.793379 0.923588
vt 23.911709 0.923588
vt 0.164042 0.000000
vt 0.164042 3.553346
vt -0.065617 0.000000
vt 0.000000 4.133858
vt -0.065617 4.133858
vt 0.065617 0.000000
vt 0.065617 4.133858
vt -9.437019 -0.970625
vt -12.127310 -0.970625
vt -9.437019 23.195539
vt -12.127310 23.195539
vt 8.879371 -0.098425
vt 2.383308 -0.098425
vt 0.906648 -0.972534
vt 0.906648 1.717754
vt -1.783640 -0.972534
vt -31.938089 1.724606
vt -29.247799 -0.965683
vt -31.938089 -0.965683
vt 28.681690 -0.164042
vt 22.185629 -0.164042
vt 17.490530 -0.065617
vt 15.472810 0.000000
vt 15.472810 -0.065617
vt 17.490530 0.000000
vt 13.455100 0.000000
vt 13.455100 -0.065617
vt 12.127310 1.589650
vt 9.437019 1.712608
vt 9.437019 1.589650
vt 12.127310 1.712608
vt 3.694352 1.589650
vt 1.783640 1.717754
vt 1.783640 1.589650
vt 13.107679 1.589650
vt -0.000000 10.413139
vt 31.069550 10.413139
vt 7.523059 1.589650
vt 14.224620 2.983394
vt 13.703380 2.583432
vt 13.303410 2.062191
vt 14.831610 3.234820
vt 15.483001 3.320577
vt 16.134390 3.234820
vt 16.741390 2.983394
vt 17.262630 2.583432
vt 17.662590 2.062191
vt 17.858320 1.589650
vt 23.566170 1.589650
vt 27.394869 1.589650
vt 29.247799 1.724606
vt 29.247799 1.589650
vt 31.069550 1.724606
vt 13.101530 1.574803
vt 12.127310 1.574803
vt -27.394869 23.868109
vt -29.247799 23.195539
vt -27.394869 23.195539
vt -29.247799 23.868109
vt 30.790680 1.589650
vt 31.069550 1.589650
vt 0.000000 19.236629
vt 0.541350 19.236629
vt 30.790680 19.236629
vt 31.069550 19.236629
vt 31.069550 29.237320
vt 31.069550 23.195539
vt 0.000000 29.237320
vt 30.790680 29.237320
vt 0.579885 29.237320
vt 0.000000 1.589650
vt 12.546770 0.000000
vt 12.127310 0.000000
vt 12.546770 0.164042
vt 13.051990 1.455194
vt 12.966229 0.803806
vt 12.966229 0.164042
vt 12.966229 0.311680
vt 15.483001 1.574803
vt 17.864470 1.574803
vt 1.589650 23.195539
vt 1.574803 23.900919
vt 1.574803 23.195539
vt 1.589650 23.900919
vt -1.589650 23.868109
vt -0.000000 23.868109
vt -1.589650 23.195539
vt -30.790680 23.195539
vt -30.790680 23.868109
vt 31.938089 1.724606
vt -31.069550 23.868109
vt -31.069550 25.110439
vt -30.790680 14.416650
vt -30.790680 25.110439
vt -31.069550 14.416650
vt -30.790680 7.926587
vt -31.069550 -2.767203
vt -30.790680 -2.767203
vt -31.069550 7.926587
vt -0.906648 1.717754
vt 31.069550 23.868109
vt 27.394869 23.195539
vt 27.394869 23.868109
vt 29.247799 23.868109
vt 23.566170 23.802490
vt 18.838699 23.195539
vt 23.566170 23.195539
vt 18.838699 23.802490
vt 21.528990 23.802490
vt -0.000000 22.904810
vt 31.069550 22.904810
vt 7.523059 23.195539
vt 12.127310 23.195539
vt 7.523059 23.868109
vt 27.238239 23.195539
vt 23.722790 23.195539
vt 18.419239 23.195539
vt 15.483001 23.195539
vt 12.546770 23.195539
vt 12.127310 23.868109
vt 9.437019 23.868109
vt 7.366430 23.195539
vt 6.939070 23.195539
vt 3.850981 23.195539
vt 7.173039 23.195539
vt 7.053899 23.195539
vt 26.810879 23.195539
vt 27.044849 23.195539
vt 26.925709 23.195539
vt 24.153399 23.195539
vt 23.919430 23.195539
vt 26.663250 23.195539
vt 24.301039 23.195539
vt 24.038568 23.195539
vt 5.610330 23.195539
vt 4.429227 23.195539
vt 6.791432 23.195539
vt 4.281589 23.195539
vt 4.047620 23.195539
vt 4.166760 23.195539
vt 3.694352 23.195539
vt 3.694352 23.966539
vt -0.000000 23.966539
vt 1.783640 23.966539
vt 5.365439 23.802490
vt 5.381510 23.195539
vt 5.381510 23.802490
vt 5.365439 23.195539
vt 0.082021 23.195539
vt 0.082021 23.868109
vt 31.930779 0.000000
vt 31.069550 0.000000
vt 31.938089 0.000000
vt 1.589650 23.868109
vt -30.790680 30.345869
vt -31.069550 30.007059
vt -30.790680 30.007059
vt -31.069550 30.345869
vt -0.906648 0.000000
vt 18.419239 0.164042
vt 17.999769 0.311680
vt 17.999769 0.164042
vt 17.999769 0.803806
vt 18.838699 0.000000
vt 18.419239 0.000000
vt 17.914019 1.455194
vt 18.838699 1.574803
vt 18.838699 1.465639
vt -7.523059 0.000000
vt -9.437019 -0.049213
vt -7.523059 -0.049213
vt 1.589650 23.966539
vt -1.589650 23.966539
vt 27.394869 -0.082021
vt 27.238239 0.000000
vt 27.238239 -0.082021
vt 27.394869 0.000000
vt 29.247799 23.195539
vt 0.261923 23.195539
vt 0.966145 23.195539
vt 1.724606 22.609989
vt -0.965683 23.195539
vt -0.965683 22.609989
vt -0.261923 23.195539
vt 1.724606 23.195539
vt 31.085819 -0.082021
vt 31.259329 -0.261923
vt 31.930779 -0.261923
vt 31.938089 -0.261923
vt -6.043174 23.195539
vt -6.126792 23.868109
vt -6.126792 23.195539
vt -6.043174 23.868109
vt 0.972534 22.609989
vt 0.972534 23.195539
vt -1.717754 22.609989
vt -1.717754 23.195539
vt 1.783640 -0.261923
vt -0.906648 -0.261923
vt -0.000000 -0.049213
vt 1.783640 -0.049213
vt -1.574803 23.802490
vt -1.465639 23.195539
vt -1.465639 23.802490
vt -1.574803 23.195539
vt -0.049213 23.195539
vt -0.049213 23.966539
vt 0.049213 23.195539
vt 0.049213 23.966539
vt 0.007414 23.966539
vt -0.533925 23.195539
vt 0.007414 23.195539
vt -0.533925 23.966539
vt 29.247799 -0.261923
vt 27.394869 -0.261923
vt 29.247799 -0.082021
vt 31.085819 23.868109
vt 31.085819 23.195539
vt 0.965683 23.195539
vt 31.938089 23.195539
vt 29.247799 22.609989
vt 31.938089 22.609989
vt 29.247799 22.745350
vt 31.938089 -0.965683
vt -21.888939 23.195539
vt -21.639002 23.868109
vt -22.866690 23.195539
vt -21.639002 23.195539
vt 31.930779 23.195539
vt 29.247799 22.904810
vt 31.930779 22.904810
vt 18.838699 22.904810
vt 12.127310 22.904810
vt 9.437019 22.904810
vt 1.783640 22.904810
vt -0.943236 22.904810
vt 9.437019 23.195539
vt 31.259329 23.195539
vt 21.528990 23.195539
vt -0.943236 23.195539
vt 1.783640 23.195539
vt -0.906648 23.195539
vt -0.261923 22.904810
vt -31.930779 22.904810
vt -31.069550 22.904810
vt -31.930779 23.195539
vt 1.783640 22.743799
vt -0.906648 22.609989
vt 1.783640 22.609989
vt 1.783640 -0.972534
vt -0.906648 -0.972534
vt 3.694352 -0.261923
vt 3.694352 -0.049213
vt 0.943236 23.195539
vt 0.943236 22.904810
vt 0.906648 23.195539
vt -0.943236 0.000000
vt -0.943236 -0.261923
vt 18.758789 23.802490
vt 3.850981 -0.049213
vt 3.694352 0.000000
vt 3.850981 0.000000
vt -0.972058 23.195539
vt 0.533925 14.974310
vt -0.007414 25.905109
vt -0.007414 14.974310
vt 0.533925 25.905109
vt 29.247799 -0.965683
vt 27.394869 -0.966145
vt 23.566170 -0.261923
vt 21.528990 -0.082021
vt 21.528990 -0.261923
vt 23.566170 -0.082021
vt 18.838699 -0.082021
vt 18.838699 -0.261923
vt 12.127310 -0.261923
vt 9.437019 -0.049213
vt 9.437019 -0.261923
vt 12.127310 -0.049213
vt 7.523059 -0.049213
vt 7.523059 -0.261923
vt 0.943236 -0.261923
vt 0.943236 0.000000
vt -1.783640 -0.261923
vt -9.437019 -0.261923
vt -12.127310 -0.261923
vt -18.838699 -0.261923
vt -29.247799 -0.261923
vt -31.930779 -0.261923
vt -31.930779 0.000000
vt 3.694352 -0.972058
vt -0.972534 23.195539
vt 23.566170 -0.967100
vt 21.528990 -0.967608
vt -0.967608 23.195539
vt -0.082021 23.802490
vt -0.978587 23.195539
vt -0.082021 23.195539
vt 18.838699 -0.968280
vt 9.437019 -0.970625
vt 12.127310 -0.969954
vt 7.523059 -0.971103
vt 0.049213 23.868109
vt 0.970625 23.195539
vt 21.528990 -0.978587
vt -1.563086 -21.709539
vt -0.967608 -17.805969
vt -0.978587 -17.805969
vt 18.838699 -0.978587
vt 9.437019 0.000000
vt 12.127310 -0.970625
vt 7.366430 0.000000
vt 7.366430 -0.049213
vt 7.523059 0.000000
s 1
usemtl Wood_Floor_Parquet
f 25/25/7 26/26/7 27/27/7
f 26/26/7 25/25/7 28/28/7
f 28/28/7 29/29/7 26/26/7
f 29/29/7 28/28/7 30/30/7
f 31/31/7 32/32/7 33/33/7
f 32/32/7 31/31/7 34/34/7
f 34/34/7 31/31/7 35/35/7
f 35/35/7 31/31/7 36/36/7
f 36/36/7 31/31/7 37/37/7
f 37/37/7 31/31/7 38/38/7
f 38/38/7 31/31/7 39/39/7
f 39/39/7 31/31/7 40/40/7
f 39/39/7 40/40/7 41/41/7
f 41/41/7 40/40/7 42/42/7
f 41/41/7 42/42/7 43/43/7
f 43/43/7 42/42/7 44/44/7
f 44/44/7 42/42/7 45/45/7
f 45/45/7 42/42/7 46/46/7
f 46/46/7 42/42/7 47/47/7
f 47/47/7 42/42/7 48/27/7
f 48/27/7 42/42/7 49/25/7
f 50/48/7 51/28/7 49/25/7
f 52/49/7 42/42/7 53/50/7
f 42/42/7 52/49/7 49/25/7
f 49/25/7 52/49/7 50/48/7
f 50/48/7 52/49/7 54/51/7
f 54/51/7 52/49/7 55/52/7
f 55/52/7 52/49/7 56/53/7
f 56/53/7 52/49/7 57/54/7
f 58/55/7 55/52/7 56/53/7
f 59/56/7 54/51/7 55/52/7
f 60/26/7 47/47/7 48/27/7
f 61/57/7 46/46/7 47/47/7
f 62/58/7 38/38/7 39/39/7
f 63/59/7 37/37/7 38/38/7
f 64/60/8 65/28/8 66/26/8
f 65/28/8 64/60/8 67/61/8
f 67/61/8 64/60/8 68/62/8
f 69/41/7 70/58/7 71/39/7
f 70/58/7 69/41/7 72/43/7
f 73/63/9 74/64/9 75/65/9
f 74/64/9 73/63/9 76/66/9
f 77/67/10 78/68/10 79/69/10
f 78/68/10 77/67/10 80/70/10
s 0
f 80/70/11 77/67/11 81/71/11
f 81/71/11 77/67/11 82/72/11
f 82/72/11 77/67/11 83/73/11
f 83/73/7 77/67/7 84/74/7
s 1
f 85/75/10 86/76/10 87/77/10
f 86/76/10 85/75/10 88/78/10
f 87/77/10 86/76/10 79/69/10
f 87/77/10 79/69/10 89/79/10
f 86/76/10 88/78/10 90/80/10
f 90/80/10 88/78/10 91/81/10
f 91/81/10 88/78/10 84/74/10
f 89/79/10 92/82/10 87/77/10
f 92/82/10 89/79/10 83/73/10
f 92/82/10 83/73/10 84/74/10
f 92/82/10 84/74/10 88/78/10
s 0
f 86/76/11 93/83/11 79/69/11
f 93/83/11 86/76/11 94/84/11
s 1
f 93/83/10 94/84/10 91/81/10
f 93/83/10 91/81/10 84/74/10
s 0
f 79/69/11 95/85/11 89/79/11
f 95/85/11 79/69/11 78/68/11
f 95/85/11 78/68/11 96/86/11
s 1
f 95/85/10 96/86/10 81/71/10
f 95/85/10 81/71/10 82/72/10
f 97/66/12 98/87/12 99/88/12
f 98/87/12 97/66/12 100/63/12
f 101/34/7 102/63/7 103/32/7
f 102/63/7 101/34/7 104/35/7
f 105/89/7 106/33/7 107/90/7
f 106/33/7 105/89/7 108/31/7
f 109/91/8 110/92/8 111/63/8
f 110/92/8 109/91/8 112/93/8
f 113/94/9 114/95/9 115/96/9
f 114/95/9 113/94/9 116/97/9
f 117/98/12 118/99/12 119/100/12
f 118/99/12 117/98/12 120/101/12
f 121/102/8 122/103/8 123/104/8
f 122/103/8 121/102/8 124/105/8
f 125/106/7 126/50/7 127/107/7
f 126/50/7 125/106/7 128/49/7
f 129/54/7 130/55/7 131/53/7
f 130/55/7 129/54/7 132/103/7
f 133/63/9 134/108/9 135/109/9
f 134/108/9 133/63/9 136/66/9
f 137/110/10 138/111/10 139/112/10
f 138/111/10 137/110/10 140/113/10
s 0
f 140/113/11 137/110/11 141/114/11
f 141/114/7 137/110/7 142/115/7
f 142/115/11 137/110/11 143/116/11
f 143/116/7 137/110/7 144/117/7
s 1
f 145/118/10 146/119/10 147/120/10
f 146/119/10 145/118/10 148/121/10
f 147/120/10 146/119/10 139/112/10
f 147/120/10 139/112/10 149/122/10
f 146/119/10 148/121/10 150/123/10
f 150/123/10 148/121/10 151/124/10
f 151/124/10 148/121/10 144/117/10
f 149/122/10 152/125/10 147/120/10
f 152/125/10 149/122/10 143/116/10
f 152/125/10 143/116/10 144/117/10
f 152/125/10 144/117/10 148/121/10
s 0
f 146/119/7 153/126/7 139/112/7
f 153/126/11 146/119/11 154/127/11
s 1
f 153/126/10 154/127/10 151/124/10
f 153/126/10 151/124/10 144/117/10
s 0
f 139/112/7 155/128/7 149/122/7
f 155/128/11 139/112/11 138/111/11
f 155/128/11 138/111/11 156/129/11
s 1
f 155/128/10 156/129/10 141/114/10
f 155/128/10 141/114/10 142/115/10
f 157/66/12 158/130/12 159/131/12
f 158/130/12 157/66/12 160/63/12
f 161/132/9 162/133/9 163/134/9
f 162/133/9 161/132/9 164/63/9
f 165/133/12 166/135/12 167/136/12
f 166/135/12 165/133/12 168/63/12
f 169/43/7 170/137/7 171/58/7
f 170/137/7 169/43/7 172/138/7
f 173/139/8 174/43/8 175/58/8
f 174/43/8 173/139/8 176/140/8
f 177/141/11 178/77/11 179/142/11
f 178/77/11 177/141/11 180/75/11
f 181/32/7 182/143/7 183/144/7
f 182/143/7 181/32/7 184/63/7
f 182/143/7 184/63/7 185/145/7
f 185/145/7 184/63/7 186/35/7
f 187/146/7 132/103/7 129/54/7
f 132/103/7 188/147/7 130/55/7
f 188/147/7 132/103/7 189/148/7
f 189/148/7 132/103/7 187/146/7
f 190/149/11 191/120/11 192/150/11
f 191/120/11 190/149/11 193/118/11
f 194/151/11 195/152/11 196/153/11
f 195/152/11 194/151/11 197/154/11
f 196/153/11 198/155/11 199/156/11
f 198/155/11 196/153/11 195/152/11
f 200/157/11 201/158/11 202/159/11
f 201/158/11 200/157/11 203/160/11
f 204/161/11 205/162/11 206/163/11
f 207/164/11 208/160/11 209/157/11
f 205/162/11 210/165/11 211/32/11
f 210/165/11 205/162/11 212/166/11
f 212/166/11 205/162/11 204/161/11
f 212/166/11 204/161/11 213/167/11
f 212/166/11 213/167/11 214/158/11
f 214/158/11 213/167/11 215/159/11
f 212/166/11 214/158/11 216/168/11
f 216/168/11 214/158/11 208/160/11
f 216/168/11 208/160/11 217/169/11
f 217/169/11 208/160/11 218/170/11
f 218/170/11 208/160/11 207/164/11
f 212/166/11 216/168/11 219/171/13
f 212/166/11 219/171/13 220/172/11
f 212/166/11 220/172/11 221/173/11
f 212/166/11 221/173/11 222/174/11
f 212/166/11 222/174/11 223/175/11
f 212/166/11 223/175/11 224/176/11
f 212/166/11 224/176/11 225/177/11
f 212/166/11 225/177/11 226/178/11
f 212/166/11 226/178/11 227/179/11
f 212/166/11 227/179/11 228/180/11
f 228/180/11 227/179/11 229/181/11
f 212/166/11 228/180/11 230/182/11
f 231/183/14 232/157/11 233/184/11
f 232/157/11 231/183/14 234/164/14
f 235/177/11 236/170/11 237/164/11
f 236/170/11 235/177/11 238/169/11
f 238/169/11 235/177/11 239/168/11
f 239/168/11 235/177/11 240/171/11
f 240/171/11 235/177/11 241/172/11
f 241/172/11 235/177/11 242/173/11
f 242/173/11 235/177/11 243/174/11
f 243/174/11 235/177/11 244/175/11
f 244/175/11 235/177/11 245/176/11
f 246/185/8 247/186/8 248/187/8
f 247/186/8 246/185/8 249/188/8
f 250/189/11 251/180/11 252/181/11
f 251/180/11 250/189/11 253/182/11
f 253/182/11 250/189/11 254/190/11
f 255/166/11 256/191/11 257/165/11
f 256/191/11 255/166/11 258/192/11
f 258/192/11 255/166/11 259/193/11
f 259/193/11 255/166/11 260/194/11
f 261/195/10 262/91/10 263/196/10
f 262/91/10 261/195/10 264/197/10
s 0
f 264/197/7 261/195/7 265/198/7
f 264/197/11 265/198/11 266/199/11
s 1
f 267/200/11 268/162/11 269/32/11
f 268/162/11 267/200/11 270/163/11
f 271/201/11 272/184/11 273/202/11
f 272/184/11 271/201/11 274/203/11
f 272/184/11 274/203/11 275/204/11
f 272/184/11 275/204/11 276/183/11
f 275/204/11 274/203/11 277/205/11
f 277/205/11 274/203/11 278/206/11
s 0
f 277/205/9 278/206/9 279/207/9
s 1
f 280/208/11 281/164/11 282/183/11
f 281/164/11 280/208/11 283/177/11
f 283/177/11 280/208/11 284/209/11
f 285/210/9 286/211/9 287/212/9
f 286/211/9 285/210/9 288/213/9
f 289/214/12 290/91/12 291/215/12
f 290/91/12 289/214/12 292/216/12
f 249/188/8 293/217/8 247/186/8
f 293/217/8 249/188/8 294/218/8
f 295/219/11 253/182/11 254/190/11
f 294/218/8 296/105/8 293/217/8
f 296/105/8 294/218/8 297/220/8
f 298/221/15 299/222/15 300/223/15
f 299/222/15 298/221/15 301/224/15
f 302/225/16 303/226/16 304/227/16
f 303/226/16 302/225/16 305/228/16
f 306/200/11 307/32/11 308/229/11
f 309/230/10 310/231/10 311/196/10
f 310/231/10 309/230/10 312/232/10
s 0
f 312/232/7 309/230/7 313/233/7
s 1
f 314/234/10 315/235/10 316/236/10
f 315/235/10 314/234/10 317/237/10
s 0
f 317/237/7 314/234/7 318/238/7
s 1
f 311/196/10 319/239/10 320/240/10
f 319/239/10 311/196/10 321/241/10
s 0
f 321/241/11 311/196/11 322/242/11
s 1
f 321/241/10 322/242/10 323/243/10
s 0
f 322/242/11 311/196/11 310/231/11
f 322/242/11 310/231/11 324/244/11
f 322/242/7 324/244/7 325/245/7
f 322/242/11 325/245/11 316/236/11
f 322/242/11 316/236/11 315/235/11
f 322/242/11 315/235/11 326/246/11
f 322/242/7 326/246/7 327/247/7
f 322/242/11 327/247/11 328/248/11
s 1
f 323/243/10 322/242/10 329/249/10
s 0
f 323/243/11 329/249/11 330/250/11
f 331/251/11 332/252/11 333/253/11
f 332/252/11 331/251/11 334/254/11
f 332/252/11 334/254/11 335/255/11
f 324/244/11 336/256/11 325/245/11
f 336/256/11 324/244/11 337/257/11
f 336/256/11 337/257/11 338/258/11
f 325/245/11 339/259/11 340/260/11
f 339/259/11 325/245/11 336/256/11
f 339/259/11 336/256/11 341/261/11
f 339/259/11 341/261/11 342/262/11
f 340/260/11 339/259/11 343/263/11
f 344/264/11 345/265/11 346/266/11
f 333/253/11 347/267/11 348/268/11
f 347/267/11 333/253/11 332/252/11
f 347/267/11 332/252/11 346/266/11
f 347/267/11 346/266/11 345/265/11
f 348/268/11 347/267/11 349/269/11
s 1
f 319/239/10 350/270/10 351/91/10
f 350/270/10 319/239/10 321/241/10
s 0
f 350/270/11 321/241/11 331/251/11
f 350/270/7 331/251/7 333/253/7
s 1
f 351/91/10 350/270/10 352/271/10
f 351/91/10 352/271/10 353/272/10
s 0
f 353/272/11 352/271/11 354/273/11
s 1
f 355/274/17 356/275/17 357/276/17
f 356/275/17 355/274/17 358/277/17
f 291/215/12 359/278/12 360/279/12
f 359/278/12 291/215/12 290/91/12
f 361/280/11 254/190/11 362/281/11
f 254/190/11 361/280/11 295/219/11
f 295/219/11 361/280/11 363/282/11
f 364/210/9 365/215/9 366/91/9
f 365/215/9 364/210/9 367/283/9
f 368/284/18 369/285/18 370/286/18
f 369/285/18 368/284/18 371/287/18
f 372/288/11 373/200/11 374/229/11
f 373/200/11 372/288/11 375/63/11
f 376/289/11 377/290/11 378/291/11
f 377/290/11 376/289/11 379/292/11
f 380/293/11 376/289/11 381/294/11
f 382/295/11 383/296/11 384/209/11
f 383/296/11 382/295/11 379/292/11
f 383/296/11 379/292/11 376/289/11
f 383/296/11 376/289/11 380/293/11
s 0
f 383/296/19 380/293/19 385/297/19
s 1
f 386/298/7 387/299/7 388/300/7
f 387/299/7 386/298/7 389/58/7
f 390/91/9 391/301/9 392/272/9
f 391/301/9 390/91/9 393/210/9
f 394/272/12 395/216/12 396/91/12
f 395/216/12 394/272/12 397/302/12
f 398/303/11 399/304/11 400/305/11
f 399/304/11 398/303/11 401/306/11
f 402/233/10 403/231/10 404/307/10
f 403/231/10 402/233/10 405/232/10
f 360/279/12 406/308/12 407/309/12
f 406/308/12 360/279/12 359/278/12
f 408/310/9 409/311/9 410/312/9
f 409/311/9 408/310/9 411/313/9
f 411/313/9 408/310/9 412/91/9
f 412/91/9 408/310/9 413/314/9
f 414/315/11 361/280/11 362/281/11
f 361/280/11 414/315/11 415/316/11
f 361/280/11 415/316/11 416/317/11
f 417/318/11 361/280/11 416/317/11
f 361/280/11 417/318/11 363/282/11
f 418/319/20 419/320/20 420/321/21
f 419/320/20 418/319/20 421/322/21
f 422/308/12 423/323/12 424/324/12
f 423/323/12 422/308/12 425/325/12
f 425/325/12 422/308/12 426/91/12
f 425/325/12 426/91/12 427/326/12
f 428/327/11 429/288/11 430/328/11
f 429/288/11 428/327/11 431/329/11
f 431/329/11 428/327/11 432/330/11
f 433/63/11 429/288/11 431/329/11
f 434/331/12 435/332/12 436/333/12
f 435/332/12 434/331/12 437/334/12
f 438/335/9 439/272/9 440/336/9
f 439/272/9 438/335/9 441/91/9
f 442/272/12 443/337/12 444/338/12
f 443/337/12 442/272/12 445/91/12
f 446/339/22 447/340/22 448/341/22
f 447/340/22 446/339/22 449/342/22
f 450/343/11 398/303/11 451/344/11
f 398/303/11 450/343/11 452/345/11
f 453/346/10 454/307/10 455/347/10
f 454/307/10 453/346/10 456/233/10
f 457/279/12 458/308/12 459/348/12
f 458/308/12 457/279/12 460/278/12
f 461/349/10 462/350/10 463/351/10
f 462/350/10 461/349/10 464/352/10
f 464/352/10 461/349/10 465/307/10
f 466/353/11 416/317/11 415/316/11
f 416/317/11 466/353/11 417/318/11
f 415/316/11 452/345/11 450/343/11
f 452/345/11 415/316/11 414/315/11
f 467/354/23 468/355/23 469/356/23
f 468/355/23 467/354/23 470/357/23
f 471/358/10 472/359/10 473/360/10
f 472/359/10 471/358/10 474/361/10
f 474/361/10 471/358/10 475/362/10
f 475/362/10 471/358/10 476/363/10
f 476/363/10 471/358/10 477/364/10
f 477/364/10 471/358/10 478/365/10
f 478/365/10 471/358/10 479/241/10
s 0
f 479/241/7 471/358/7 480/366/7
f 480/366/11 471/358/11 481/367/11
f 480/366/7 481/367/7 482/307/7
f 480/366/11 482/307/11 483/231/11
f 480/366/11 483/231/11 484/236/11
f 480/366/11 484/236/11 485/368/11
f 480/366/11 485/368/11 486/235/11
f 480/366/11 486/235/11 487/242/11
s 1
f 478/365/10 488/270/10 489/369/10
f 488/270/10 478/365/10 479/241/10
s 0
f 489/369/11 488/270/11 490/370/11
f 489/369/11 490/370/11 491/371/11
s 1
f 492/239/9 493/313/9 494/372/9
f 493/313/9 492/239/9 495/91/9
f 496/105/8 497/373/8 498/374/8
f 497/373/8 496/105/8 499/375/8
f 500/376/10 501/377/10 502/378/10
f 501/377/10 500/376/10 503/371/10
f 503/371/10 500/376/10 504/370/10
f 505/379/11 506/328/11 507/380/11
f 506/328/11 505/379/11 508/327/11
f 509/381/11 510/330/11 511/327/11
f 510/330/11 509/381/11 512/382/11
f 513/370/10 514/272/10 515/91/10
f 514/272/10 513/370/10 516/273/10
f 517/383/8 518/239/8 519/384/8
f 518/239/8 517/383/8 520/91/8
s 0
f 520/91/7 517/383/7 521/385/7
s 1
f 522/328/11 523/386/11 524/387/11
f 523/386/11 522/328/11 525/288/11
f 526/388/10 527/235/10 528/237/10
f 529/389/11 530/390/11 531/382/11
f 530/390/11 529/389/11 532/391/11
f 533/271/10 534/370/10 535/270/10
f 534/370/10 533/271/10 536/273/10
f 537/313/9 538/336/9 539/392/9
f 538/336/9 537/313/9 540/335/9
f 541/393/24 542/394/24 543/395/25
f 542/394/24 541/393/24 544/396/24
f 545/397/11 451/344/11 546/398/11
f 451/344/11 545/397/11 450/343/11
f 466/353/11 450/343/11 545/397/11
f 450/343/11 466/353/11 415/316/11
f 547/399/11 548/400/11 549/401/11
f 548/400/11 547/399/11 550/402/11
f 549/401/11 551/403/11 552/404/11
f 551/403/11 549/401/11 548/400/11
f 553/405/11 554/406/11 555/407/11
f 554/406/11 553/405/11 556/408/11
f 557/407/11 558/409/11 559/410/11
f 558/409/11 557/407/11 560/406/11
f 561/63/7 562/411/7 563/412/7
f 562/411/7 561/63/7 564/413/7
f 564/413/7 561/63/7 565/103/7
f 564/413/7 565/103/7 566/414/7
f 566/414/7 565/103/7 567/415/26
f 567/415/26 565/103/7 568/416/7
f 568/416/7 565/103/7 569/417/7
f 569/417/7 565/103/7 570/418/7
f 570/418/7 565/103/7 571/419/7
f 572/379/11 573/381/11 574/327/11
f 573/381/11 572/379/11 575/420/11
f 576/313/9 577/336/9 578/421/9
f 577/336/9 576/313/9 579/335/9
f 580/422/11 581/401/11 582/423/11
f 581/401/11 580/422/11 583/399/11
f 584/234/10 585/368/10 586/236/10
f 585/368/10 584/234/10 587/238/10
f 588/424/27 589/425/9 590/426/27
f 589/425/9 588/424/27 591/313/9
f 589/425/9 591/313/9 592/427/9
f 593/238/10 594/235/10 595/368/10
f 594/235/10 593/238/10 596/237/10
f 597/423/11 598/404/11 599/428/11
f 598/404/11 597/423/11 600/401/11
f 601/249/10 602/366/10 603/242/10
f 602/366/10 601/249/10 604/250/10
f 605/429/11 606/405/11 607/407/11
f 606/405/11 605/429/11 608/430/11
f 609/366/10 610/243/10 611/241/10
f 610/243/10 609/366/10 612/250/10
f 613/429/11 614/410/11 615/431/11
f 614/410/11 613/429/11 616/407/11
f 617/432/12 618/308/12 619/433/12
f 618/308/12 617/432/12 620/337/12
f 621/422/11 622/423/11 623/434/11
f 624/435/28 625/436/28 626/437/28
f 627/434/11 628/428/11 629/438/11
f 628/428/11 627/434/11 630/423/11
f 631/408/11 632/439/11 633/406/11
f 632/439/11 631/408/11 634/202/11
f 635/430/11 636/429/11 637/440/11
f 638/215/12 639/337/12 640/432/12
f 639/337/12 638/215/12 641/91/12
f 642/438/11 643/430/11 644/440/11
f 643/430/11 642/438/11 645/428/11
f 646/409/11 647/441/11 648/442/11
f 647/441/11 646/409/11 649/443/11
o SketchUp.003
v 2.723073 -0.000000 -0.151152
v 2.723073 2.007479 -0.000000
v 2.723073 0.000000 0.000000
v 2.723073 2.032959 -0.000000
v 2.723073 2.032959 -0.139324
v 2.723073 2.032959 -0.151152
v 2.723073 -0.000000 -1.856118
v 2.723073 2.032959 -0.912654
v 2.723073 2.032959 -1.685984
v 2.723073 2.032959 -1.741787
v 2.723073 2.032959 -1.856118
v 2.723073 -0.000000 -4.422385
v 2.723073 2.032959 -4.422385
v 2.698632 2.032959 -1.685984
v 0.949987 2.032959 -1.837427
v 0.047446 2.032959 -1.685984
v 1.773086 2.032959 -1.837427
v 1.773086 2.032959 -1.856118
v 2.723073 2.032959 -1.856118
v 2.723073 2.032959 -1.685984
v 2.723073 2.032959 -1.741787
v 0.000000 2.032959 -1.735616
v 0.000000 2.032959 -1.685984
v 0.000000 2.032959 -1.856118
v 0.949987 2.032959 -1.856118
v 2.723073 2.562488 -0.912654
v 1.773086 2.032959 -4.422385
v 2.723073 -0.000000 -4.422385
v 1.773086 -0.000000 -4.422385
v 2.723073 2.032959 -4.422385
v 2.723073 2.032959 -1.856118
v 1.773086 2.032959 -4.422385
v 1.773086 2.032959 -1.856118
v 2.723073 2.032959 -4.422385
v 0.000000 2.032959 -0.139324
v 0.000000 2.007479 -0.000000
v 0.000000 2.032959 -0.000000
v 0.000000 0.000000 0.000000
v 0.000000 -0.000000 -0.150552
v 0.000000 2.032959 -0.150552
v 0.000000 2.032959 -0.912654
v 0.000000 -0.000000 -1.856118
v 0.000000 2.032959 -1.685984
v 0.000000 2.032959 -1.735616
v 0.000000 2.032959 -1.856118
v 0.050824 2.562488 -0.912654
v 0.000000 2.032959 -1.685984
v 0.000000 2.562488 -0.912654
v 0.047446 2.032959 -1.685984
v 0.949987 2.032959 -1.837427
v 1.773086 -0.000000 -1.837427
v 0.949987 -0.000000 -1.837427
v 1.773086 2.032959 -1.837427
v 0.000000 2.032959 -1.856118
v 0.949987 2.032959 -4.420946
v 0.000000 2.032959 -4.420946
v 0.949987 2.032959 -1.856118
v 2.723073 2.586990 -0.929431
v 2.723073 2.057461 -1.702761
v 2.723073 2.091907 -0.139324
v 2.723073 2.598432 -0.912654
v 1.773086 2.032959 -4.422385
v 1.773086 -0.000000 -1.856118
v 1.773086 2.032959 -1.856118
v 1.773086 -0.000000 -4.422385
v 0.000000 2.562488 -0.912654
v 0.000000 2.032959 -0.150552
v 0.000000 2.032959 -0.139324
v 0.000000 2.032959 -0.912654
v 0.000000 2.032959 -1.685984
v 0.000000 2.032959 -0.912654
v 0.000000 2.562488 -0.912654
v 0.000000 2.032959 -4.420946
v 0.000000 -0.000000 -1.856118
v 0.000000 2.032959 -1.856118
v 0.000000 -0.000000 -4.420946
v 0.949987 -0.000000 -4.420946
v 0.949987 2.032959 -1.856118
v 0.949987 -0.000000 -1.856118
v 0.949987 2.032959 -4.420946
v 0.000000 2.032959 -4.420946
v 0.949987 -0.000000 -4.420946
v 0.000000 -0.000000 -4.420946
v 0.949987 2.032959 -4.420946
v 2.698632 2.091907 -0.139324
v 2.723073 2.598432 -0.912654
v 2.698632 2.598432 -0.912654
v 2.723073 2.091907 -0.139324
v 0.000000 2.562488 -0.912654
v 0.000000 2.032959 -0.139324
v 0.003607 2.598432 -0.912654
v 2.698632 2.598432 -0.912654
v 2.698632 2.032959 -0.139324
v 2.698632 2.091907 -0.139324
v 2.698632 2.562488 -0.912654
vn 1.0000 -0.0000 -0.0000
vn -0.0000 1.0000 -0.0000
vn -0.0000 -0.0000 -0.0000
vn -0.0000 -0.0000 -1.0000
vn -1.0000 -0.0000 -0.0000
vn -0.0000 0.8251 -0.5650
vn -0.0000 0.8365 0.5479
vn -0.9927 0.0996 0.0682
vt 1.724606 0.000000
vt 0.000000 22.904810
vt 0.000000 0.000000
vt 0.000000 23.195539
vt 1.589650 23.195539
vt 1.724606 23.195539
vt 21.177820 0.000000
vt 10.413139 23.195539
vt 19.236629 23.195539
vt 19.873329 23.195539
vt 21.177820 23.195539
vt 50.458248 0.000000
vt 50.458248 23.195539
vt 30.790680 19.236629
vt 10.839100 20.964569
vt 0.541350 19.236629
vt 20.230450 20.964569
vt 20.230450 21.177820
vt 31.069550 21.177820
vt 31.069550 19.236629
vt 31.069550 19.873329
vt 0.000000 19.802929
vt 0.000000 19.236629
vt 0.000000 21.177820
vt 10.839100 21.177820
vt 10.413139 29.237320
vt -20.230450 23.195539
vt -31.069550 0.000000
vt -20.230450 0.000000
vt -31.069550 23.195539
vt 20.230450 50.458248
vt 31.069550 50.458248
vt -1.589650 23.195539
vt -1.717754 0.000000
vt -1.717754 23.195539
vt -10.413139 23.195539
vt -21.177820 0.000000
vt -19.236629 23.195539
vt -19.802929 23.195539
vt -21.177820 23.195539
vt -0.579885 7.926587
vt 0.000000 -2.767203
vt 0.000000 7.926587
vt -0.541350 -2.767203
vt -10.839100 23.195539
vt -10.839100 0.000000
vt 10.839100 50.441849
vt -0.000000 50.441849
vt 10.604560 29.516880
vt 19.428059 23.475090
vt 1.589650 23.868109
vt 10.413139 29.647429
vt -50.458248 23.195539
vt -50.458248 0.000000
vt -10.413139 29.237320
vt -50.441849 23.195539
vt -50.441849 -0.000000
vt 50.441849 0.000000
vt 50.441849 23.195539
vt 30.790680 14.407619
vt 31.069550 24.955339
vt 30.790680 24.955339
vt 31.069550 14.407619
vt -10.388650 29.163010
vt -1.585911 23.091030
vt -10.385830 29.575169
vt -10.413139 29.647429
vt -1.589650 23.868109
s 1
usemtl Stone_Brushed_Khaki
f 650/444/29 651/445/29 652/446/29
f 651/445/29 650/444/29 653/447/29
f 653/447/29 650/444/29 654/448/29
f 654/448/29 650/444/29 655/449/29
f 655/449/29 650/444/29 656/450/29
f 655/449/29 656/450/29 657/451/29
f 657/451/29 656/450/29 658/452/29
f 658/452/29 656/450/29 659/453/29
f 659/453/29 656/450/29 660/454/29
f 661/455/29 660/454/29 656/450/29
f 660/454/29 661/455/29 662/456/29
f 663/457/30 664/458/30 665/459/30
f 664/458/30 663/457/30 666/460/30
f 666/460/30 663/457/30 667/461/30
f 667/461/30 663/457/30 668/462/30
f 668/462/30 663/457/30 669/463/30
s 0
f 668/462/31 669/463/31 670/464/31
s 1
f 665/459/30 671/465/30 672/466/30
f 671/465/30 665/459/30 673/467/30
f 673/467/30 665/459/30 674/468/30
f 674/468/30 665/459/30 664/458/30
f 658/452/29 675/469/29 657/451/29
f 655/449/29 675/469/29 654/448/29
f 675/469/29 655/449/29 657/451/29
f 676/470/32 677/471/32 678/472/32
f 677/471/32 676/470/32 679/473/32
f 680/462/30 681/474/30 682/461/30
f 681/474/30 680/462/30 683/475/30
f 684/476/33 685/445/33 686/447/33
f 685/445/33 684/476/33 687/446/33
f 687/446/33 684/476/33 688/477/33
f 688/477/33 684/476/33 689/478/33
f 688/477/33 689/478/33 690/479/33
f 688/477/33 690/479/33 691/480/33
f 691/480/33 690/479/33 692/481/33
f 691/480/33 692/481/33 693/482/33
f 691/480/33 693/482/33 694/483/33
f 695/484/34 696/485/34 697/486/34
f 696/485/34 695/484/34 698/487/34
f 699/488/32 700/472/32 701/489/32
f 700/472/32 699/488/32 702/470/32
f 703/467/30 704/490/30 705/491/30
f 704/490/30 703/467/30 706/468/30
f 658/452/29 707/492/29 675/469/29
f 707/492/29 658/452/29 708/493/29
f 675/469/29 709/494/29 654/448/29
f 709/494/29 675/469/29 710/495/29
f 711/496/33 712/480/33 713/483/33
f 712/480/33 711/496/33 714/497/33
f 715/498/33 716/478/33 717/476/33
f 716/478/33 715/498/33 718/479/33
f 719/481/33 720/479/33 721/498/33
f 722/499/33 723/480/33 724/483/33
f 723/480/33 722/499/33 725/500/33
f 726/501/29 727/454/29 728/450/29
f 727/454/29 726/501/29 729/502/29
f 730/447/32 731/489/32 732/446/32
f 731/489/32 730/447/32 733/488/32
f 734/503/35 735/504/35 736/505/35
f 735/504/35 734/503/35 737/506/35
f 738/507/36 739/508/36 740/509/36
f 741/510/33 742/476/33 743/511/33
f 742/476/33 741/510/33 744/498/33
o SketchUp.004
v 2.563407 2.032959 -0.151152
v 2.723073 -0.000000 -0.151152
v 2.563407 -0.000000 -0.151152
v 2.799195 -0.000000 -0.151152
v 2.799195 1.981639 -0.151152
v 2.799195 2.032959 -0.151152
v 2.723073 2.032959 -0.151152
v 2.563407 2.091907 -0.000000
v 2.563407 2.032959 0.007189
v 2.563407 2.091907 0.007189
v 2.563407 0.963735 -0.000000
v 2.563407 0.909248 -0.000000
v 2.563407 2.091907 -0.139324
v 2.563407 0.465827 0.084637
v 2.563407 0.909248 0.084637
v 2.563407 0.362310 0.084637
v 2.563407 0.000000 0.084637
v 2.563407 0.000000 0.000000
v 2.563407 -0.000000 -0.151152
v 2.563407 2.032959 -0.139324
v 2.563407 2.032959 -0.151152
v 2.563407 2.032959 0.022956
v 2.563407 1.993503 0.084637
v 2.563407 2.032959 0.084637
v 2.563407 1.981639 0.084637
v 2.563407 1.542965 0.084637
v 2.563407 1.487666 0.084637
v 2.563407 0.963735 0.084637
v 2.799195 -0.000000 -0.151152
v 2.799195 1.898502 0.084637
v 2.799195 0.000000 0.084637
v 2.799195 1.981639 0.084637
v 2.799195 1.981639 -0.151152
v 2.799195 1.898502 0.084637
v 2.563407 0.000000 0.084637
v 2.799195 0.000000 0.084637
v 2.563407 0.362310 0.084637
v 2.563407 0.465827 0.084637
v 2.563407 0.909248 0.084637
v 2.563407 0.963735 0.084637
v 2.563407 1.487666 0.084637
v 2.563407 1.542965 0.084637
v 2.563407 1.981639 0.084637
v 2.799195 1.981639 0.084637
v 2.563407 0.909248 -0.000000
v 1.886896 0.909248 0.085768
v 1.886896 0.909248 -0.000000
v 1.886896 0.909248 0.125083
v 2.010138 0.909248 0.125083
v 2.010138 0.909248 0.159589
v 2.335299 0.909248 0.125083
v 2.563407 0.909248 0.125083
v 2.563407 0.909248 0.084637
v 2.335299 0.909248 0.159589
v 2.010138 0.963735 0.125083
v 1.886896 0.963735 0.085768
v 1.886896 0.963735 0.125083
v 1.886896 0.963735 0.017048
v 2.019168 0.963735 0.017048
v 2.563407 0.963735 0.125083
v 2.343562 0.963735 0.011297
v 2.335299 0.963735 0.125083
v 2.475833 0.963735 0.011297
v 2.475833 0.963735 -0.000000
v 2.563407 0.963735 -0.000000
v 2.563407 0.963735 0.084637
v 2.335299 0.963735 0.159589
v 2.010138 0.963735 0.159589
v 2.019168 0.963735 -0.000000
v 2.123397 0.963735 0.014172
v 2.255669 0.963735 0.014172
v 2.255669 0.963735 -0.000000
v 2.343562 0.963735 -0.000000
v 2.123397 0.963735 -0.000000
v 2.563407 1.487666 0.084637
v 2.563407 1.542965 0.140898
v 2.563407 1.487666 0.140898
v 2.563407 1.542965 0.084637
v 2.563407 0.909248 0.084637
v 2.563407 0.963735 0.125083
v 2.563407 0.909248 0.125083
v 2.563407 0.963735 0.084637
v 2.563407 0.963735 0.125083
v 2.335299 0.909248 0.125083
v 2.563407 0.909248 0.125083
v 2.335299 0.963735 0.125083
v 2.335299 0.909248 0.125083
v 2.335299 0.963735 0.159589
v 2.335299 0.909248 0.159589
v 2.335299 0.963735 0.125083
v 2.335299 0.963735 0.159589
v 2.010138 0.909248 0.159589
v 2.335299 0.909248 0.159589
v 2.010138 0.963735 0.159589
v 2.010138 0.963735 0.125083
v 2.010138 0.909248 0.159589
v 2.010138 0.963735 0.159589
v 2.010138 0.909248 0.125083
v 2.010138 0.963735 0.125083
v 1.886896 0.909248 0.125083
v 2.010138 0.909248 0.125083
v 1.886896 0.963735 0.125083
v 1.886896 0.963735 0.085768
v 1.886896 0.909248 0.125083
v 1.886896 0.963735 0.125083
v 1.886896 0.909248 0.085768
v 1.886896 1.220425 0.012734
v 1.886896 1.250264 0.017048
v 1.886896 1.220425 0.017048
v 1.886896 1.250264 0.012734
v 1.886896 0.963735 0.017048
v 1.886896 1.487666 0.085768
v 1.886896 0.963735 0.085768
v 1.886896 1.327474 0.019923
v 1.886896 1.288855 0.018485
v 1.886896 1.260309 0.017048
v 1.886896 1.288855 0.012734
v 1.886896 1.260309 0.012734
v 1.886896 1.300118 0.018485
v 1.886896 1.327474 0.012734
v 1.886896 1.300118 0.012734
v 1.886896 0.000000 0.000000
v 1.886896 0.362310 0.085768
v 1.886896 0.000000 0.085768
v 1.886896 0.362310 0.005751
v 1.886896 0.465827 0.005751
v 1.886896 1.336977 0.019923
v 1.886896 1.487666 -0.000000
v 1.886896 1.364863 0.012734
v 1.886896 1.336977 0.012734
v 1.886896 1.364863 -0.037586
v 1.886896 1.542965 -0.000000
v 1.886896 0.909248 0.085768
v 1.886896 0.465827 0.085768
v 1.886896 0.909248 -0.000000
v 1.886896 -0.000000 -0.128455
v 1.886896 0.963735 -0.037586
v 1.886896 2.032959 0.085768
v 1.886896 1.542965 0.085768
v 1.886896 2.032959 0.084805
v 1.886896 2.032959 0.022956
v 1.886896 2.032959 0.007189
v 1.886896 2.086156 0.007189
v 1.886896 2.086156 -0.000000
v 1.886896 2.086156 -0.128455
v 1.886896 0.926353 -0.000000
v 1.886896 0.963735 -0.000000
v 2.563407 1.487666 -0.000000
v 1.886896 1.487666 0.085768
v 1.886896 1.487666 -0.000000
v 1.886896 1.487666 0.140898
v 2.115489 1.487666 0.140898
v 2.115489 1.487666 0.175404
v 2.339448 1.487666 0.140898
v 2.563407 1.487666 0.140898
v 2.563407 1.487666 0.084637
v 2.339448 1.487666 0.175404
v 2.563407 1.542965 0.140898
v 2.386694 1.542965 0.015921
v 2.339448 1.542965 0.140898
v 2.518965 1.542965 0.015921
v 2.518965 1.542965 -0.000000
v 2.563407 1.542965 -0.000000
v 2.563407 1.542965 0.084637
v 2.339448 1.542965 0.175404
v 2.115489 1.542965 0.140898
v 2.115489 1.542965 0.175404
v 2.166529 1.542965 0.018797
v 2.298801 1.542965 0.018797
v 2.298801 1.542965 -0.000000
v 2.386694 1.542965 -0.000000
v 1.886896 1.542965 0.085768
v 1.886896 1.542965 0.140898
v 1.886896 1.542965 -0.000000
v 1.930028 1.542965 0.021672
v 2.062299 1.542965 0.021672
v 2.062299 1.542965 -0.000000
v 2.166529 1.542965 -0.000000
v 1.930028 1.542965 -0.000000
v 2.563407 1.542965 0.140898
v 2.339448 1.487666 0.140898
v 2.563407 1.487666 0.140898
v 2.339448 1.542965 0.140898
v 1.886896 0.909248 0.085768
v 1.651107 0.465827 0.085768
v 1.886896 0.465827 0.085768
v 1.651107 0.909248 0.085768
v 1.886896 0.963735 0.085768
v 1.651107 0.957983 0.085768
v 1.651107 1.487666 0.085768
v 1.886896 1.487666 0.085768
v 1.886896 1.542965 0.085768
v 1.651107 1.542965 0.085768
v 1.854797 1.649965 0.085768
v 1.886896 2.032959 0.085768
v 1.854797 1.930301 0.085768
v 1.682268 1.930301 0.085768
v 1.651107 1.993247 0.085768
v 1.651107 2.032959 0.085768
v 1.682268 1.649965 0.085768
v 2.563407 0.465827 0.106393
v 1.886896 0.465827 0.085768
v 1.886896 0.465827 0.106393
v 1.886896 0.465827 0.005751
v 2.563407 0.465827 0.005751
v 2.563407 0.465827 0.084637
v 2.563407 0.362310 0.005751
v 1.886896 0.362310 0.085768
v 1.886896 0.362310 0.005751
v 1.886896 0.362310 0.106393
v 2.563407 0.362310 0.106393
v 2.563407 0.362310 0.084637
v 1.886896 0.362310 0.085768
v 1.651107 0.000000 0.085768
v 1.886896 0.000000 0.085768
v 1.651107 0.362310 0.085768
v 2.339448 1.487666 0.140898
v 2.339448 1.542965 0.175404
v 2.339448 1.487666 0.175404
v 2.339448 1.542965 0.140898
v 2.339448 1.542965 0.175404
v 2.115489 1.487666 0.175404
v 2.339448 1.487666 0.175404
v 2.115489 1.542965 0.175404
v 2.115489 1.542965 0.140898
v 2.115489 1.487666 0.175404
v 2.115489 1.542965 0.175404
v 2.115489 1.487666 0.140898
v 2.115489 1.542965 0.140898
v 1.886896 1.487666 0.140898
v 2.115489 1.487666 0.140898
v 1.886896 1.542965 0.140898
v 1.886896 1.542965 0.085768
v 1.886896 1.487666 0.140898
v 1.886896 1.542965 0.140898
v 1.886896 1.487666 0.085768
v 1.651107 2.032959 0.084864
v 1.651107 1.993247 0.085768
v 1.651107 2.032959 0.085768
v 1.651107 1.542965 0.085768
v 1.651107 1.487666 0.085768
v 1.651107 0.957983 0.085768
v 1.651107 0.909248 0.085768
v 1.651107 0.465827 0.085768
v 1.651107 0.362310 0.085768
v 1.651107 0.000000 0.085768
v 1.651107 0.000000 0.000000
v 1.651107 2.032959 0.022956
v 1.651107 2.032959 0.007189
v 1.651107 2.032959 -0.000000
v 1.651107 2.032959 -0.128455
v 1.651107 -0.000000 -0.128455
v 1.886896 0.465827 0.106393
v 1.651107 0.465827 0.085768
v 1.651107 0.465827 0.107830
v 1.886896 0.465827 0.085768
v 1.651107 1.487666 0.085768
v 1.651107 1.542965 0.130834
v 1.651107 1.487666 0.130834
v 1.651107 1.542965 0.085768
v 1.651107 0.909248 0.085768
v 1.651107 0.957983 0.120770
v 1.651107 0.909248 0.120770
v 1.651107 0.957983 0.085768
v 2.563407 0.465827 0.106393
v 1.886896 0.362310 0.106393
v 2.563407 0.362310 0.106393
v 1.886896 0.465827 0.106393
v 1.651107 0.362310 0.085768
v 1.886896 0.465827 0.106393
v 1.651107 0.376373 0.107830
v 1.651107 0.362310 0.107830
v 1.651107 0.443947 0.107830
v 1.651107 0.465827 0.107830
v 1.651107 0.465827 0.107830
v 1.062891 0.465827 0.085070
v 1.062891 0.465827 0.107830
v 1.062891 0.465827 0.005751
v 1.651107 0.465827 0.005751
v 1.651107 0.465827 0.085768
v 1.651107 1.487666 -0.000000
v 1.062891 1.487666 0.085070
v 1.062891 1.487666 -0.000000
v 1.062891 1.487666 0.130834
v 1.651107 1.487666 0.130834
v 1.651107 1.487666 0.085768
v 1.651107 1.542965 0.130834
v 1.062891 1.542965 0.085070
v 1.062891 1.542965 0.130834
v 1.062891 1.542965 0.039659
v 1.195163 1.542965 0.039659
v 1.299393 1.542965 0.036784
v 1.195163 1.542965 -0.000000
v 1.431664 1.542965 0.036784
v 1.431664 1.542965 -0.000000
v 1.519557 1.542965 0.033909
v 1.651107 1.542965 0.033909
v 1.651107 1.542965 0.085768
v 1.519557 1.542965 -0.000000
v 1.299393 1.542965 -0.000000
v 1.651107 1.542965 0.130834
v 1.062891 1.487666 0.130834
v 1.651107 1.487666 0.130834
v 1.062891 1.542965 0.130834
v 1.651107 0.909248 -0.000000
v 1.062891 0.909248 0.085070
v 1.062891 0.909248 -0.000000
v 1.062891 0.909248 0.120770
v 1.651107 0.909248 0.120770
v 1.651107 0.909248 0.085768
v 1.651107 0.957983 0.120770
v 1.062891 0.957983 0.085070
v 1.062891 0.957983 0.120770
v 1.062891 0.957983 0.027317
v 1.062891 0.957983 0.024442
v 1.195163 0.957983 0.024442
v 1.195163 0.957983 -0.000000
v 1.299393 0.957983 0.021566
v 1.431664 0.957983 0.021566
v 1.431664 0.957983 -0.000000
v 1.519557 0.957983 0.018691
v 1.651107 0.957983 0.018691
v 1.651107 0.957983 0.085768
v 1.519557 0.957983 -0.000000
v 1.299393 0.957983 -0.000000
v 1.651107 0.957983 0.120770
v 1.062891 0.909248 0.120770
v 1.651107 0.909248 0.120770
v 1.062891 0.957983 0.120770
v 1.886896 0.465827 0.106393
v 1.651107 0.362310 0.107830
v 1.886896 0.362310 0.106393
v 1.651107 0.362310 0.107830
v 1.651107 0.465827 0.107830
v 1.062891 0.443947 0.107830
v 1.651107 0.443947 0.107830
v 1.062891 0.465827 0.107830
v 1.651107 0.376373 0.107830
v 1.532947 0.362310 0.107830
v 1.651107 0.362310 0.107830
v 1.356106 0.362310 0.107830
v 1.179264 0.362310 0.107830
v 1.062891 0.362310 0.107830
v 1.062891 0.376373 0.107830
v 1.062891 0.465827 0.107830
v 0.827102 0.465827 0.085070
v 0.827102 0.465827 0.107830
v 0.827102 0.465827 0.005751
v 1.062891 0.465827 0.005751
v 1.062891 0.465827 0.085070
v 1.062891 1.542965 0.085070
v 1.062891 1.487666 0.130834
v 1.062891 1.542965 0.130834
v 1.062891 1.487666 0.085070
v 1.062891 0.957983 0.085070
v 1.062891 0.909248 0.120770
v 1.062891 0.957983 0.120770
v 1.062891 0.909248 0.085070
v 1.651107 0.362310 0.005751
v 1.532947 0.362310 0.107830
v 1.532947 0.362310 0.005751
v 1.062891 0.465827 0.107830
v 0.827102 0.443947 0.107830
v 1.062891 0.443947 0.107830
v 0.827102 0.465827 0.107830
v 1.062891 0.376373 0.107830
v 0.827102 0.362310 0.107830
v 1.062891 0.362310 0.107830
v 0.827102 0.376373 0.107830
v 1.179264 0.362310 0.005751
v 1.062891 0.362310 0.085070
v 1.062891 0.362310 0.005751
v 1.062891 0.362310 0.107830
v 1.179264 0.362310 0.107830
v 1.356106 0.362310 0.005751
v 1.356106 0.362310 0.107830
v 0.156326 0.465827 0.085237
v 0.156326 0.465827 0.107830
v 0.156326 0.465827 0.005751
v 1.062891 0.465827 0.085070
v 0.827102 0.362310 0.085070
v 1.062891 0.362310 0.085070
v 0.827102 0.465827 0.085070
v 1.062891 0.909248 0.085070
v 0.827102 0.909248 0.085070
v 1.062891 0.957983 0.085070
v 0.827102 0.926353 0.085070
v 0.827102 0.957983 0.085070
v 1.062891 1.487666 0.085070
v 0.827102 1.487666 0.085070
v 0.827102 1.542965 0.085070
v 1.062891 1.542965 0.085070
v 1.062891 1.993405 0.085070
v 0.827102 1.993367 0.085070
v 0.827102 1.993405 0.085070
v 1.062891 2.032959 0.085070
v 0.827102 2.032959 0.085070
v 0.827102 0.465827 0.107830
v 0.182743 0.443947 0.107830
v 0.827102 0.443947 0.107830
v 0.827102 0.376373 0.107830
v 0.156326 0.362310 0.107830
v 0.827102 0.362310 0.107830
v 0.182743 0.376373 0.107830
v 0.156326 0.465827 0.107830
v 1.062891 0.443947 0.107830
v 0.827102 0.376373 0.107830
v 1.062891 0.376373 0.107830
v 0.827102 0.443947 0.107830
v 0.827102 0.362310 0.107830
v 0.827102 0.362310 0.085070
v 0.156326 0.465827 0.085237
v 0.156326 0.362310 0.107830
v 0.156326 0.465827 0.107830
v 0.156326 0.362310 0.085237
v 0.827102 2.094782 0.004313
v 0.827102 2.032959 0.004313
v 0.827102 2.091907 0.004313
v 0.827102 0.957983 -0.000000
v 0.827102 0.909248 -0.000000
v 0.827102 0.926353 -0.000000
v 0.827102 2.032959 0.022956
v 0.827102 1.993405 0.085070
v 0.827102 2.032959 0.085070
v 0.827102 1.993367 0.085070
v 0.827102 0.957983 0.085070
v 0.827102 2.094782 -0.139324
v 0.827102 0.000000 0.000000
v 0.827102 2.032959 -0.139324
v 0.827102 -0.000000 -0.150100
v 0.827102 2.032959 -0.150100
v 0.827102 0.465827 0.085070
v 0.827102 0.909248 0.085070
v 0.827102 0.362310 0.085070
v 0.827102 0.000000 0.085070
v 0.827102 1.487666 0.085070
v 0.827102 1.542965 0.085070
v 1.062891 0.362310 0.085070
v 0.827102 0.000000 0.085070
v 1.062891 0.000000 0.085070
v 0.827102 0.362310 0.085070
v 1.062891 1.799656 0.035346
v 1.062891 1.829495 0.039659
v 1.062891 1.799656 0.039659
v 1.062891 1.829495 0.035346
v 1.062891 1.868085 0.041097
v 1.062891 1.839540 0.039659
v 1.062891 1.868085 0.035346
v 1.062891 1.542965 0.039659
v 1.062891 1.839540 0.035346
v 1.062891 1.906705 0.042535
v 1.062891 1.879349 0.041097
v 1.062891 1.906705 0.035346
v 1.062891 1.879349 0.035346
v 1.062891 1.214674 0.020128
v 1.062891 1.244513 0.024442
v 1.062891 1.214674 0.024442
v 1.062891 1.244513 0.020128
v 1.062891 0.957983 0.024442
v 1.062891 1.321723 0.027317
v 1.062891 0.957983 0.027317
v 1.062891 1.283104 0.025879
v 1.062891 1.254558 0.024442
v 1.062891 1.283104 0.020128
v 1.062891 1.254558 0.020128
v 1.062891 1.294368 0.025879
v 1.062891 1.321723 0.020128
v 1.062891 1.294368 0.020128
v 1.062891 0.000000 0.000000
v 1.062891 0.362310 0.085070
v 1.062891 0.000000 0.085070
v 1.062891 0.465827 0.085070
v 1.062891 0.909248 0.085070
v 1.062891 2.032959 0.085011
v 1.062891 0.926353 0.027317
v 1.062891 0.926353 -0.000000
v 1.062891 1.331226 0.027317
v 1.062891 1.542965 -0.000000
v 1.062891 1.359112 0.020128
v 1.062891 1.331226 0.020128
v 1.062891 1.359112 -0.030192
v 1.062891 1.542965 -0.014975
v 1.062891 1.944094 -0.014975
v 1.062891 0.957983 -0.030192
v 1.062891 0.957983 -0.000000
v 1.062891 -0.000000 -0.150100
v 1.062891 2.032959 -0.138023
v 1.062891 2.032959 -0.139324
v 1.062891 2.032959 -0.150100
v 1.062891 1.916208 0.042535
v 1.062891 2.032959 0.022956
v 1.062891 1.944094 0.035346
v 1.062891 1.916208 0.035346
v 1.062891 2.032959 0.004313
v 1.062891 2.032959 -0.000000
v 1.062891 1.487666 0.085070
v 1.062891 0.957983 0.085070
v 1.062891 1.542965 0.085070
v 1.062891 1.993405 0.085070
v 1.062891 2.032959 0.085070
v 0.827102 1.487666 0.085070
v 0.827102 1.542965 0.126521
v 0.827102 1.487666 0.126521
v 0.827102 1.542965 0.085070
v 0.827102 0.909248 0.085070
v 0.827102 0.957983 0.119332
v 0.827102 0.909248 0.119332
v 0.827102 0.957983 0.085070
v 0.827102 0.926353 0.085070
v 0.827102 0.362310 0.005751
v 0.156326 0.362310 0.085237
v 0.156326 0.362310 0.005751
v 0.156326 0.362310 0.107830
v 0.156326 1.981639 0.085237
v 0.126515 1.649965 0.085237
v 0.156326 1.542965 0.085237
v 0.126515 1.928885 0.085237
v -0.047451 1.928885 0.085237
v 0.156326 0.362310 0.085237
v -0.079463 0.000000 0.085237
v 0.156326 0.000000 0.085237
v -0.047451 1.649965 0.085237
v -0.079463 1.981639 0.085237
v 0.156326 0.465827 0.085237
v 0.156326 0.909248 0.085237
v 0.156326 0.926353 0.085237
v 0.156326 0.957983 0.085237
v 0.156326 1.487666 0.085237
v 0.827102 0.909248 -0.000000
v 0.156326 0.909248 0.085237
v 0.156326 0.909248 -0.000000
v 0.156326 0.909248 0.119332
v 0.330127 0.909248 0.119332
v 0.330127 0.909248 0.152400
v 0.648501 0.909248 0.119332
v 0.827102 0.909248 0.119332
v 0.827102 0.909248 0.085070
v 0.648501 0.909248 0.152400
v 0.827102 0.957983 0.119332
v 0.649625 0.957983 0.033068
v 0.648501 0.957983 0.119332
v 0.781897 0.957983 0.033068
v 0.781897 0.957983 -0.000000
v 0.827102 0.957983 -0.000000
v 0.827102 0.957983 0.085070
v 0.648501 0.957983 0.152400
v 0.330127 0.957983 0.119332
v 0.330127 0.957983 0.152400
v 0.429461 0.957983 0.027317
v 0.561732 0.957983 0.027317
v 0.561732 0.957983 -0.000000
v 0.649625 0.957983 -0.000000
v 0.156326 0.957983 0.085237
v 0.156326 0.957983 0.119332
v 0.192959 0.957983 0.033068
v 0.156326 0.957983 -0.000000
v 0.325231 0.957983 0.033068
v 0.325231 0.957983 -0.000000
v 0.429461 0.957983 -0.000000
v 0.192959 0.957983 -0.000000
v 0.156326 1.487666 -0.000000
v 0.156326 1.487666 0.126521
v 0.156326 1.487666 0.085237
v 0.827102 1.487666 -0.000000
v 0.371199 1.487666 0.126521
v 0.371199 1.487666 0.161027
v 0.582644 1.487666 0.126521
v 0.827102 1.487666 0.126521
v 0.827102 1.487666 0.085070
v 0.582644 1.487666 0.161027
v 0.827102 1.542965 0.126521
v 0.644037 1.542965 0.021270
v 0.582644 1.542965 0.126521
v 0.776309 1.542965 0.021270
v 0.776309 1.542965 -0.000000
v 0.827102 1.542965 -0.000000
v 0.827102 1.542965 0.085070
v 0.582644 1.542965 0.161027
v 0.371199 1.542965 0.126521
v 0.371199 1.542965 0.161027
v 0.423873 1.542965 0.024146
v 0.556144 1.542965 0.024146
v 0.556144 1.542965 -0.000000
v 0.644037 1.542965 -0.000000
v 0.156326 1.542965 0.085237
v 0.156326 1.542965 0.126521
v 0.187371 1.542965 0.027021
v 0.156326 1.542965 -0.000000
v 0.319643 1.542965 0.027021
v 0.319643 1.542965 -0.000000
v 0.423873 1.542965 -0.000000
v 0.187371 1.542965 -0.000000
v 0.827102 1.542965 0.126521
v 0.582644 1.487666 0.126521
v 0.827102 1.487666 0.126521
v 0.582644 1.542965 0.126521
v 0.827102 0.957983 0.119332
v 0.648501 0.909248 0.119332
v 0.827102 0.909248 0.119332
v 0.648501 0.957983 0.119332
v 0.156326 0.957983 -0.000000
v 0.156326 1.487666 0.085237
v 0.156326 0.957983 0.085237
v 0.156326 1.542965 0.085237
v 0.156326 1.981639 0.085237
v 0.156326 1.993367 0.085237
v 0.156326 2.032959 0.085237
v 0.156326 2.032959 0.022956
v 0.156326 2.032959 0.004313
v 0.156326 0.000000 0.000000
v 0.156326 0.362310 0.085237
v 0.156326 0.000000 0.085237
v 0.156326 0.465827 0.085237
v 0.156326 0.909248 0.085237
v 0.156326 0.909248 -0.000000
v 0.156326 2.100533 -0.000000
v 0.156326 2.100533 0.004313
v 0.156326 -0.000000 -0.150552
v 0.156326 2.032959 -0.139324
v 0.156326 2.100533 -0.139324
v 0.156326 2.032959 -0.150552
v 0.156326 0.957983 0.085237
v 0.156326 0.909248 0.119332
v 0.156326 0.957983 0.119332
v 0.156326 0.909248 0.085237
v 0.156326 0.926353 0.085237
v 0.156326 1.542965 0.085237
v 0.156326 1.487666 0.126521
v 0.156326 1.542965 0.126521
v 0.156326 1.487666 0.085237
v -0.079463 1.981639 -0.150552
v -0.079463 0.000000 0.085237
v -0.079463 1.981639 0.085237
v -0.079463 -0.000000 -0.150552
v 0.648501 0.909248 0.119332
v 0.648501 0.957983 0.152400
v 0.648501 0.909248 0.152400
v 0.648501 0.957983 0.119332
v 0.648501 0.957983 0.152400
v 0.330127 0.909248 0.152400
v 0.648501 0.909248 0.152400
v 0.330127 0.957983 0.152400
v 0.330127 0.957983 0.119332
v 0.330127 0.909248 0.152400
v 0.330127 0.957983 0.152400
v 0.330127 0.909248 0.119332
v 0.330127 0.957983 0.119332
v 0.156326 0.909248 0.119332
v 0.330127 0.909248 0.119332
v 0.156326 0.957983 0.119332
v 0.582644 1.487666 0.126521
v 0.582644 1.542965 0.161027
v 0.582644 1.487666 0.161027
v 0.582644 1.542965 0.126521
v 0.582644 1.542965 0.161027
v 0.371199 1.487666 0.161027
v 0.582644 1.487666 0.161027
v 0.371199 1.542965 0.161027
v 0.371199 1.542965 0.126521
v 0.371199 1.487666 0.161027
v 0.371199 1.542965 0.161027
v 0.371199 1.487666 0.126521
v 0.371199 1.542965 0.126521
v 0.156326 1.487666 0.126521
v 0.371199 1.487666 0.126521
v 0.156326 1.542965 0.126521
v -0.079463 2.032959 -0.150552
v 0.000000 2.032959 -0.150552
v -0.079463 1.981639 -0.150552
v -0.079463 -0.000000 -0.150552
v 0.156326 -0.000000 -0.150552
v 0.000000 -0.000000 -0.150552
v 0.156326 2.032959 -0.150552
vn -0.0000 -0.0000 -1.0000
vn -0.0000 1.0000 -0.0000
vn -1.0000 -0.0000 -0.0000
vn -0.0000 -0.0000 1.0000
vn 1.0000 -0.0000 -0.0000
vn -0.0000 -1.0000 -0.0000
vn -0.0000 -0.0000 -0.0000
vn -0.0001 1.0000 -0.0000
vn -1.0000 -0.0000 0.0030
vn -1.0000 -0.0000 0.0067
vn -1.0000 -0.0000 0.0068
vn -1.0000 -0.0000 -0.0007
vn 0.0061 -0.0000 1.0000
vn -0.0000 1.0000 -0.0001
vn -0.0000 1.0000 0.0001
vt -29.247799 23.195539
vt -31.069550 0.000000
vt -29.247799 0.000000
vt -31.938089 0.000000
vt -31.938089 22.609989
vt -31.938089 23.195539
vt -31.069550 23.195539
vt -0.000000 23.868109
vt 0.082021 23.195539
vt 0.082021 23.868109
vt 0.000000 10.995959
vt -0.000000 10.374290
vt -1.589650 23.868109
vt 0.965683 5.314961
vt 0.965683 10.374290
vt 0.965683 4.133858
vt 0.965683 -0.000000
vt -0.000000 -0.000000
vt -1.724606 -0.000000
vt -1.589650 23.195539
vt -1.724606 23.195539
vt 0.261923 23.195539
vt 0.965683 22.745350
vt 0.965683 23.195539
vt 0.965683 22.609989
vt 0.965683 17.604830
vt 0.965683 16.973869
vt 0.965683 10.995959
vt 1.724606 0.000000
vt -0.965683 21.661409
vt -0.965683 0.000000
vt -0.965683 22.609989
vt 1.724606 22.609989
vt 31.938089 21.661409
vt 29.247799 0.000000
vt 31.938089 0.000000
vt 29.247799 4.133858
vt 29.247799 5.314961
vt 29.247799 10.374290
vt 29.247799 10.995959
vt 29.247799 16.973869
vt 29.247799 17.604830
vt 29.247799 22.609989
vt 31.938089 22.609989
vt -21.528990 -0.978587
vt -21.528990 0.000000
vt -21.528990 -1.427165
vt -22.935150 -1.427165
vt -22.935150 -1.820866
vt -26.645149 -1.427165
vt -29.247799 -1.427165
vt -29.247799 -0.965683
vt -26.645149 -1.820866
vt 22.935150 -1.427165
vt 21.528990 -0.978587
vt 21.528990 -1.427165
vt 21.528990 -0.194508
vt 23.038170 -0.194508
vt 29.247799 -1.427165
vt 26.739429 -0.128891
vt 26.645149 -1.427165
vt 28.248610 -0.128891
vt 28.248610 -0.000000
vt 29.247799 -0.965683
vt 26.645149 -1.820866
vt 22.935150 -1.820866
vt 23.038170 -0.000000
vt 24.227409 -0.161700
vt 25.736589 -0.161700
vt 25.736589 -0.000000
vt 26.739429 -0.000000
vt 24.227409 -0.000000
vt -0.965683 16.973869
vt -1.607612 17.604830
vt -1.607612 16.973869
vt -0.965683 17.604830
vt -0.965683 10.374290
vt -1.427165 10.995959
vt -1.427165 10.374290
vt -0.965683 10.995959
vt 26.645149 10.374290
vt 26.645149 10.995959
vt -1.820866 10.995959
vt -1.820866 10.374290
vt 22.935150 10.374290
vt 22.935150 10.995959
vt 1.427165 10.995959
vt 1.820866 10.374290
vt 1.820866 10.995959
vt 1.427165 10.374290
vt 21.528990 10.374290
vt 21.528990 10.995959
vt 0.978587 10.995959
vt 0.978587 10.374290
vt -0.145296 13.924729
vt -0.194508 14.265189
vt -0.194508 13.924729
vt -0.145296 14.265189
vt -0.194508 10.995959
vt -0.978587 16.973869
vt -0.978587 10.995959
vt -0.227316 15.146130
vt -0.210912 14.705500
vt -0.194508 14.379800
vt -0.145296 14.705500
vt -0.145296 14.379800
vt -0.210912 14.834009
vt -0.145296 15.146130
vt -0.145296 14.834009
vt -0.978587 4.133858
vt -0.978587 -0.000000
vt -0.065617 4.133858
vt -0.065617 5.314961
vt -0.227316 15.254560
vt 0.000000 16.973869
vt -0.145296 15.572730
vt -0.145296 15.254560
vt 0.428852 15.572730
vt 0.000000 17.604830
vt -0.978587 10.374290
vt -0.978587 5.314961
vt 1.465639 -0.000000
vt 0.428852 10.995959
vt -0.978587 23.195539
vt -0.978587 17.604830
vt -0.967608 23.195539
vt -0.261923 23.195539
vt -0.082021 23.195539
vt -0.082021 23.802490
vt 0.000000 23.802490
vt 1.465639 23.802490
vt 0.000000 10.569449
vt -21.528990 -1.607612
vt -24.137180 -1.607612
vt -24.137180 -2.001312
vt -26.692490 -1.607612
vt -29.247799 -1.607612
vt -26.692490 -2.001312
vt 29.247799 -1.607612
vt 27.231550 -0.181657
vt 26.692490 -1.607612
vt 28.740740 -0.181657
vt 28.740740 0.000000
vt 26.692490 -2.001312
vt 24.137180 -1.607612
vt 24.137180 -2.001312
vt 24.719530 -0.214465
vt 26.228720 -0.214465
vt 26.228720 0.000000
vt 27.231550 0.000000
vt 21.528990 -1.607612
vt 21.528990 0.000000
vt 22.021109 -0.247274
vt 23.530300 -0.247274
vt 23.530300 0.000000
vt 24.719530 0.000000
vt 22.021109 0.000000
vt 26.692490 16.973869
vt 26.692490 17.604830
vt 18.838699 5.314961
vt 21.528990 5.314961
vt 18.838699 10.374290
vt 18.838699 10.930340
vt 18.838699 16.973869
vt 21.528990 16.973869
vt 21.528990 17.604830
vt 18.838699 17.604830
vt 21.162750 18.825670
vt 21.528990 23.195539
vt 21.162750 22.024229
vt 19.194239 22.024229
vt 18.838699 22.742420
vt 18.838699 23.195539
vt 19.194239 18.825670
vt 29.247799 -1.213911
vt 21.528990 -1.213911
vt 21.528990 -0.065617
vt 29.247799 -0.065617
vt -29.247799 -0.065617
vt -21.528990 -0.065617
vt -21.528990 -1.213911
vt -29.247799 -1.213911
vt 21.528990 4.133858
vt 18.838699 0.000000
vt 18.838699 4.133858
vt -2.001312 17.604830
vt -2.001312 16.973869
vt 24.137180 16.973869
vt 24.137180 17.604830
vt 1.607612 17.604830
vt 2.001312 16.973869
vt 2.001312 17.604830
vt 1.607612 16.973869
vt 0.978587 17.604830
vt 0.978587 16.973869
vt 0.968280 23.195539
vt 0.978587 22.742420
vt 0.978587 23.195539
vt 0.978587 10.930340
vt 0.978587 5.314961
vt 0.978587 4.133858
vt 0.978587 0.000000
vt -0.000000 23.195539
vt -1.465639 23.195539
vt -1.465639 0.000000
vt 18.838699 -0.978587
vt 18.838699 -1.230315
vt -1.492782 17.604830
vt -1.492782 16.973869
vt -1.377953 10.930340
vt -1.377953 10.374290
vt -0.978587 10.930340
vt -18.838699 -0.978587
vt 21.521179 5.314961
vt 18.830849 4.294322
vt 18.830849 4.133858
vt 18.830849 5.065320
vt 18.830849 5.314961
vt 12.127310 -0.970625
vt 12.127310 -1.230315
vt 12.127310 -0.065617
vt 18.838699 -0.065617
vt -18.838699 -0.000000
vt -12.127310 -0.970625
vt -12.127310 -0.000000
vt -12.127310 -1.492782
vt -18.838699 -1.492782
vt 18.838699 -1.492782
vt 12.127310 -1.492782
vt 12.127310 -0.452504
vt 13.636490 -0.452504
vt 14.825729 -0.419696
vt 13.636490 0.000000
vt 16.334919 -0.419696
vt 16.334919 0.000000
vt 17.337749 -0.386887
vt 18.838699 -0.386887
vt 17.337749 0.000000
vt 14.825729 0.000000
vt 12.127310 16.973869
vt 12.127310 17.604830
vt -12.127310 -1.377953
vt -18.838699 -1.377953
vt 18.838699 -1.377953
vt 12.127310 -1.377953
vt 12.127310 -0.311680
vt 12.127310 -0.278871
vt 13.636490 -0.278871
vt 14.825729 -0.246063
vt 16.334919 -0.246063
vt 17.337749 -0.213255
vt 18.838699 -0.213255
vt 12.127310 10.374290
vt 12.127310 10.930340
vt 21.521179 4.133858
vt -18.838699 -1.230315
vt 12.127310 5.065320
vt 18.838699 5.065320
vt 12.127310 5.314961
vt 18.838699 4.294322
vt 17.490530 4.133858
vt 15.472810 4.133858
vt 13.455100 4.133858
vt 12.127310 4.133858
vt 12.127310 4.294322
vt 9.437019 -0.970625
vt 9.437019 -1.230315
vt 9.437019 -0.065617
vt 0.970625 17.604830
vt 1.492782 16.973869
vt 1.492782 17.604830
vt 0.970625 16.973869
vt 0.970625 10.930340
vt 1.377953 10.374290
vt 1.377953 10.930340
vt 0.970625 10.374290
vt -18.838699 -0.065617
vt -17.490530 -1.230315
vt -17.490530 -0.065617
vt 9.437019 5.065320
vt 9.437019 5.314961
vt 9.437019 4.133858
vt 9.437019 4.294322
vt -13.455100 -0.065617
vt -12.127310 -0.065617
vt -12.127310 -1.230315
vt -13.455100 -1.230315
vt -15.472810 -0.065617
vt -15.472810 -1.230315
vt 1.783640 -0.972534
vt 1.783640 -1.230315
vt 1.783640 -0.065617
vt 9.437019 10.374290
vt 9.437019 10.569449
vt 9.437019 10.930340
vt 9.437019 16.973869
vt 9.437019 17.604830
vt 12.127310 22.744230
vt 9.437019 22.743799
vt 9.437019 22.744230
vt 12.127310 23.195539
vt 9.437019 23.195539
vt 2.085050 5.065320
vt 1.783640 4.133858
vt 2.085050 4.294322
vt 1.783640 5.314961
vt -9.437019 -1.230315
vt -9.437019 -0.970625
vt 0.972534 5.314961
vt 1.230315 4.133858
vt 1.230315 5.314961
vt 0.972534 4.133858
vt 0.049213 23.900919
vt 0.049213 23.195539
vt 0.049213 23.868109
vt 0.000000 10.930340
vt 0.970625 22.744230
vt 0.970625 23.195539
vt 0.970625 22.743799
vt -1.589650 23.900919
vt -1.712608 -0.000000
vt -1.712608 23.195539
vt 0.970625 5.314961
vt 0.970625 4.133858
vt 0.970625 -0.000000
vt 9.437019 -0.000000
vt 12.127310 -0.000000
vt -0.403291 20.533600
vt -0.452504 20.874060
vt -0.452504 20.533600
vt -0.403291 20.874060
vt -0.468908 21.314369
vt -0.452504 20.988670
vt -0.403291 21.314369
vt -0.452504 17.604830
vt -0.403291 20.988670
vt -0.485312 21.755001
vt -0.468908 21.442879
vt -0.403291 21.755001
vt -0.403291 21.442879
vt -0.229659 13.859119
vt -0.278871 14.199570
vt -0.278871 13.859119
vt -0.229659 14.199570
vt -0.278871 10.930340
vt -0.311680 15.080509
vt -0.311680 10.930340
vt -0.295276 14.639879
vt -0.278871 14.314179
vt -0.229659 14.639879
vt -0.229659 14.314179
vt -0.295276 14.768390
vt -0.229659 15.080509
vt -0.229659 14.768390
vt -0.970625 4.133858
vt -0.970625 0.000000
vt -0.970625 5.314961
vt -0.970625 10.374290
vt -0.969954 23.195539
vt -0.311680 10.569449
vt -0.311680 15.188940
vt -0.229659 15.507110
vt -0.229659 15.188940
vt 0.344488 15.507110
vt 0.170855 17.604830
vt 0.170855 22.181599
vt 0.344488 10.930340
vt 1.712608 0.000000
vt 1.574803 23.195539
vt 1.589650 23.195539
vt 1.712608 23.195539
vt -0.485312 21.863430
vt -0.403291 22.181599
vt -0.403291 21.863430
vt -0.049213 23.195539
vt -0.970625 16.973869
vt -0.970625 10.930340
vt -0.970625 17.604830
vt -0.970625 22.744230
vt -0.970625 23.195539
vt -1.443570 17.604830
vt -1.443570 16.973869
vt -1.361549 10.930340
vt -1.361549 10.374290
vt -0.970625 10.569449
vt -9.437019 -0.065617
vt -1.783640 -0.972534
vt -1.783640 -0.065617
vt -1.783640 -1.230315
vt 1.783640 22.609989
vt 1.443504 18.825670
vt 1.783640 17.604830
vt 1.443504 22.008080
vt -0.541404 22.008080
vt -0.906648 0.000000
vt 1.783640 0.000000
vt -0.541404 18.825670
vt -0.906648 22.609989
vt 1.783640 10.374290
vt 1.783640 10.569449
vt 1.783640 10.930340
vt 1.783640 16.973869
vt -9.437019 0.000000
vt -1.783640 0.000000
vt -1.783640 -1.361549
vt -3.766661 -1.361549
vt -3.766661 -1.738845
vt -7.399231 -1.361549
vt -9.437019 -1.361549
vt -7.399231 -1.738845
vt 9.437019 -1.361549
vt 7.412054 -0.377297
vt 7.399231 -1.361549
vt 8.921240 -0.377297
vt 8.921240 -0.000000
vt 7.399231 -1.738845
vt 3.766661 -1.361549
vt 3.766661 -1.738845
vt 4.900035 -0.311680
vt 6.409221 -0.311680
vt 6.409221 -0.000000
vt 7.412054 -0.000000
vt 1.783640 -1.361549
vt 2.201613 -0.377297
vt 3.710800 -0.377297
vt 3.710800 -0.000000
vt 4.900035 -0.000000
vt 2.201613 -0.000000
vt -1.783640 -1.443570
vt -4.235284 -1.443570
vt -4.235284 -1.837270
vt -6.647815 -1.443570
vt -9.437019 -1.443570
vt -6.647815 -1.837270
vt 9.437019 -1.443570
vt 7.348296 -0.242689
vt 6.647815 -1.443570
vt 8.857483 -0.242689
vt 8.857483 -0.000000
vt 6.647815 -1.837270
vt 4.235284 -1.443570
vt 4.235284 -1.837270
vt 4.836277 -0.275498
vt 6.345464 -0.275498
vt 6.345464 -0.000000
vt 7.348296 -0.000000
vt 1.783640 -1.443570
vt 2.137856 -0.308306
vt 3.647042 -0.308306
vt 3.647042 0.000000
vt 4.836277 -0.000000
vt 2.137856 0.000000
vt 6.647815 16.973869
vt 6.647815 17.604830
vt 7.399231 10.374290
vt 7.399231 10.930340
vt -0.972534 16.973869
vt -0.972534 10.930340
vt -0.972534 17.604830
vt -0.972534 22.609989
vt -0.972534 22.743799
vt -0.972534 23.195539
vt -0.972534 4.133858
vt -0.972534 0.000000
vt -0.972534 5.314961
vt -0.972534 10.374290
vt 0.000000 23.966539
vt -0.049213 23.966539
vt 1.717754 0.000000
vt 1.589650 23.966539
vt 1.717754 23.195539
vt 0.972534 10.930340
vt 1.361549 10.374290
vt 1.361549 10.930340
vt 0.972534 10.374290
vt 0.972534 10.569449
vt 0.972534 17.604830
vt 1.443570 16.973869
vt 1.443570 17.604830
vt 0.972534 16.973869
vt -1.717754 22.609989
vt 0.972534 0.000000
vt 0.972534 22.609989
vt -1.717754 0.000000
vt -1.738845 10.930340
vt -1.738845 10.374290
vt 3.766661 10.374290
vt 3.766661 10.930340
vt 1.738845 10.374290
vt 1.738845 10.930340
vt -1.837270 17.604830
vt -1.837270 16.973869
vt 4.235284 16.973869
vt 4.235284 17.604830
vt 1.837270 16.973869
vt 1.837270 17.604830
vt 0.906648 23.195539
vt 0.906648 22.609989
vt 0.906648 0.000000
vt -1.783640 23.195539
s 1
usemtl Granite_Brown
f 745/512/37 746/513/37 747/514/37
f 746/513/37 745/512/37 748/515/37
f 748/515/37 745/512/37 749/516/37
f 749/516/37 745/512/37 750/517/37
s 0
f 750/517/38 745/512/38 751/518/38
s 1
f 752/519/39 753/520/39 754/521/39
f 753/520/39 752/519/39 755/522/39
s 0
f 755/522/40 752/519/40 756/523/40
s 1
f 756/523/39 752/519/39 757/524/39
f 756/523/39 758/525/39 759/526/39
f 758/525/39 756/523/39 760/527/39
f 760/527/39 756/523/39 761/528/39
f 761/528/39 756/523/39 762/529/39
f 762/529/39 756/523/39 763/530/39
f 763/530/39 756/523/39 764/531/39
f 764/531/39 756/523/39 757/524/39
f 763/530/39 764/531/39 765/532/39
f 766/533/39 767/534/39 768/535/39
f 767/534/39 766/533/39 769/536/39
f 769/536/39 766/533/39 770/537/39
f 770/537/39 766/533/39 771/538/39
f 771/538/39 766/533/39 772/539/39
f 772/539/39 766/533/39 755/522/39
f 755/522/39 766/533/39 753/520/39
f 773/540/41 774/541/41 775/542/41
f 774/541/41 773/540/41 776/543/41
f 776/543/41 773/540/41 777/544/41
f 778/545/40 779/546/40 780/547/40
f 779/546/40 778/545/40 781/548/40
f 781/548/40 778/545/40 782/549/40
f 782/549/40 778/545/40 783/550/40
f 783/550/40 778/545/40 784/551/40
f 784/551/40 778/545/40 785/552/40
f 785/552/40 778/545/40 786/553/40
f 786/553/40 778/545/40 787/554/40
f 787/554/40 778/545/40 788/555/40
f 789/514/42 790/556/42 791/557/42
f 790/556/42 789/514/42 792/558/42
f 792/558/42 789/514/42 793/559/42
f 793/559/42 789/514/42 794/560/42
f 794/560/42 789/514/42 795/561/42
f 795/561/42 789/514/42 796/562/42
s 0
f 796/562/43 789/514/43 797/563/43
s 1
f 798/564/42 794/560/42 795/561/42
f 799/565/38 800/566/38 801/567/38
f 800/566/38 799/565/38 802/568/38
f 802/568/38 799/565/38 803/569/38
f 804/570/38 805/571/38 806/572/38
f 805/571/38 804/570/38 807/573/38
f 807/573/38 804/570/38 808/574/38
f 808/574/38 804/570/38 809/546/38
s 0
f 809/546/43 804/570/43 810/575/43
s 1
f 811/576/38 799/565/38 812/577/38
f 799/565/38 811/576/38 803/569/38
f 803/569/38 811/576/38 813/578/38
f 813/578/38 811/576/38 814/579/38
f 814/579/38 811/576/38 815/580/38
f 815/580/38 811/576/38 816/581/38
f 816/581/38 811/576/38 806/572/38
f 816/581/38 806/572/38 817/582/38
f 817/582/38 806/572/38 805/571/38
f 818/583/38 813/578/38 814/579/38
f 819/584/41 820/585/41 821/586/41
f 820/585/41 819/584/41 822/587/41
f 823/588/41 824/589/41 825/590/41
f 824/589/41 823/588/41 826/591/41
f 827/551/40 828/592/40 829/550/40
f 828/592/40 827/551/40 830/593/40
f 831/590/41 832/594/41 833/595/41
f 832/594/41 831/590/41 834/589/41
f 835/593/40 836/596/40 837/592/40
f 836/596/40 835/593/40 838/597/40
f 839/598/39 840/599/39 841/600/39
f 840/599/39 839/598/39 842/601/39
f 843/597/40 844/602/40 845/596/40
f 844/602/40 843/597/40 846/603/40
f 847/604/39 848/601/39 849/598/39
f 848/601/39 847/604/39 850/605/39
f 851/606/41 852/607/41 853/608/41
f 852/607/41 851/606/41 854/609/41
f 855/610/41 856/611/41 857/612/41
f 856/611/41 855/610/41 858/613/41
f 858/613/41 855/610/41 859/614/41
f 859/614/41 855/610/41 853/608/41
f 859/614/41 853/608/41 860/615/41
f 859/614/41 860/615/41 861/616/41
s 0
f 860/615/44 853/608/38 852/607/38
s 1
f 861/616/41 860/615/41 862/617/41
f 858/613/41 863/618/41 864/619/41
f 863/618/41 858/613/41 859/614/41
f 864/619/41 863/618/41 865/620/41
f 866/529/41 867/621/41 868/622/41
f 867/621/41 866/529/41 869/623/41
f 869/623/41 866/529/41 870/624/41
f 856/611/41 871/625/41 872/626/41
f 871/625/41 856/611/41 858/613/41
f 872/626/41 871/625/41 873/627/41
f 873/627/41 871/625/41 874/628/41
f 872/626/41 873/627/41 875/629/41
f 872/626/41 875/629/41 876/630/41
f 870/624/41 877/631/41 878/632/41
f 877/631/41 870/624/41 879/523/41
f 879/523/41 870/624/41 866/529/41
f 879/523/41 866/529/41 880/633/41
f 879/523/41 880/633/41 881/634/41
f 881/634/41 880/633/41 875/629/41
f 876/630/41 882/635/41 883/636/41
f 882/635/41 876/630/41 884/637/41
f 884/637/41 876/630/41 885/638/41
f 885/638/41 876/630/41 886/639/41
f 886/639/41 876/630/41 887/640/41
f 887/640/41 876/630/41 888/641/41
f 888/641/41 876/630/41 889/642/41
f 889/642/41 876/630/41 875/629/41
f 889/642/41 875/629/41 880/633/41
f 890/643/41 881/634/41 891/522/41
f 881/634/41 890/643/41 879/523/41
f 892/514/42 893/556/42 894/557/42
f 893/556/42 892/514/42 895/644/42
f 895/644/42 892/514/42 896/645/42
f 896/645/42 892/514/42 897/646/42
f 897/646/42 892/514/42 898/647/42
f 898/647/42 892/514/42 899/648/42
s 0
f 899/648/38 892/514/38 900/563/38
s 1
f 901/649/42 897/646/42 898/647/42
f 902/650/38 903/651/38 904/652/38
f 903/651/38 902/650/38 905/653/38
f 905/653/38 902/650/38 906/654/38
f 906/654/38 902/650/38 907/546/38
s 0
f 907/546/38 902/650/38 908/575/38
s 1
f 909/655/38 910/656/38 911/657/38
f 910/656/38 909/655/38 912/658/38
f 912/658/38 909/655/38 913/659/38
f 913/659/38 909/655/38 914/660/38
f 914/660/38 909/655/38 904/652/38
f 914/660/38 904/652/38 915/661/38
f 915/661/38 904/652/38 903/651/38
f 910/656/38 916/566/38 917/662/38
f 916/566/38 910/656/38 918/663/38
f 918/663/38 910/656/38 919/664/38
f 919/664/38 910/656/38 920/665/38
f 920/665/38 910/656/38 921/666/38
f 921/666/38 910/656/38 922/667/38
f 922/667/38 910/656/38 912/658/38
f 923/668/38 918/663/38 919/664/38
f 924/553/40 925/669/40 926/552/40
f 925/669/40 924/553/40 927/670/40
f 928/602/40 929/671/40 930/672/40
f 929/671/40 928/602/40 931/673/40
f 931/673/40 928/602/40 932/603/40
f 931/673/40 932/603/40 933/674/40
f 933/674/40 932/603/40 934/675/40
f 934/675/40 932/603/40 935/676/40
f 934/675/40 935/676/40 936/677/40
f 934/675/40 936/677/40 937/678/40
f 937/678/40 936/677/40 938/679/40
f 938/679/40 936/677/40 939/680/40
f 938/679/40 939/680/40 940/681/40
f 940/681/40 939/680/40 941/682/40
f 941/682/40 939/680/40 942/683/40
f 942/683/40 939/680/40 943/684/40
f 937/678/40 944/685/40 942/683/40
f 944/685/40 937/678/40 938/679/40
f 942/683/40 944/685/40 941/682/40
f 945/686/38 946/566/38 947/687/38
f 946/566/38 945/686/38 948/688/38
f 948/688/38 945/686/38 949/689/38
s 0
f 949/689/39 945/686/39 950/575/39
s 1
f 951/690/42 952/556/42 953/691/42
f 952/556/42 951/690/42 954/692/42
f 954/692/42 951/690/42 955/693/42
s 0
f 955/693/38 951/690/38 956/563/38
s 1
f 957/694/40 958/695/40 959/663/40
f 958/695/40 957/694/40 960/696/40
f 961/586/41 962/697/41 963/698/41
f 962/697/41 961/586/41 964/585/41
f 965/670/40 966/699/40 967/669/40
f 966/699/40 965/670/40 968/700/40
f 969/701/39 970/702/39 971/703/39
f 970/702/39 969/701/39 972/704/39
f 973/700/40 974/676/40 975/699/40
f 974/676/40 973/700/40 976/677/40
f 977/705/39 978/704/39 979/701/39
f 978/704/39 977/705/39 980/706/39
f 981/707/45 982/708/39 983/709/39
f 982/708/39 981/707/45 984/705/39
f 984/705/39 981/707/45 985/706/39
f 985/706/39 981/707/45 986/710/46
f 986/710/46 981/707/45 987/605/47
f 987/605/47 981/707/45 988/711/48
f 988/711/48 981/707/45 989/712/39
f 989/712/39 981/707/45 990/713/39
f 990/713/39 981/707/45 991/529/39
f 991/529/39 981/707/45 992/533/39
f 991/529/39 992/533/39 993/520/39
f 991/529/39 993/520/39 994/714/39
f 991/529/39 994/714/39 995/715/39
f 991/529/39 995/715/39 996/716/39
f 997/687/38 998/717/38 999/718/38
f 998/717/38 997/687/38 1000/566/38
f 1001/611/41 1002/719/41 1003/720/41
f 1002/719/41 1001/611/41 1004/636/41
f 1005/631/41 1006/721/41 1007/722/41
f 1006/721/41 1005/631/41 1008/723/41
f 1009/549/40 1010/694/40 1011/548/40
f 1010/694/40 1009/549/40 1012/672/40
f 954/692/42 1013/724/42 952/556/42
f 1014/725/49 1015/726/49 1016/727/49
f 1015/726/49 1014/725/49 1017/728/49
f 1017/728/49 1014/725/49 1018/729/49
f 1019/718/38 1020/730/38 1021/731/38
f 1020/730/38 1019/718/38 1022/732/38
f 1022/732/38 1019/718/38 1023/733/38
s 0
f 1023/733/39 1019/718/39 1024/717/39
s 1
f 1025/734/42 1026/735/42 1027/736/42
f 1026/735/42 1025/734/42 1028/737/42
f 1028/737/42 1025/734/42 1029/738/42
s 0
f 1029/738/43 1025/734/43 1030/724/43
s 1
f 1031/739/38 1032/730/38 1033/740/38
f 1032/730/38 1031/739/38 1034/741/38
f 1034/741/38 1031/739/38 1035/742/38
f 1035/742/38 1031/739/38 1036/743/38
f 1035/742/38 1036/743/38 1037/744/38
f 1036/743/38 1031/739/38 1038/745/38
f 1038/745/38 1031/739/38 1039/746/38
f 1039/746/38 1031/739/38 1040/747/38
f 1040/747/38 1031/739/38 1041/748/38
s 0
f 1041/748/43 1031/739/43 1042/717/43
s 1
f 1043/749/38 1039/746/38 1040/747/38
f 1044/750/38 1037/744/38 1036/743/38
f 1045/678/40 1046/751/40 1047/675/40
f 1046/751/40 1045/678/40 1048/752/40
f 1049/734/42 1050/735/42 1051/736/42
f 1050/735/42 1049/734/42 1052/753/42
f 1052/753/42 1049/734/42 1053/754/42
s 0
f 1053/754/43 1049/734/43 1054/724/43
s 1
f 1055/755/38 1056/730/38 1057/756/38
f 1056/730/38 1055/755/38 1058/757/38
f 1058/757/38 1055/755/38 1059/758/38
f 1059/758/38 1055/755/38 1060/759/38
f 1060/759/38 1055/755/38 1061/744/38
f 1061/744/38 1055/755/38 1062/760/38
f 1062/760/38 1055/755/38 1063/761/38
f 1063/761/38 1055/755/38 1064/746/38
f 1064/746/38 1055/755/38 1065/762/38
f 1065/762/38 1055/755/38 1066/763/38
s 0
f 1066/763/39 1055/755/39 1067/717/39
s 1
f 1068/749/38 1064/746/38 1065/762/38
f 1069/750/38 1061/744/38 1062/760/38
f 1070/674/40 1071/764/40 1072/673/40
f 1071/764/40 1070/674/40 1073/765/40
f 1074/725/49 1075/727/49 1076/766/49
f 954/692/42 1077/767/42 1013/724/42
f 1078/671/40 1079/768/40 1080/769/40
f 1079/768/40 1078/671/40 1081/770/40
f 1082/771/40 1083/772/40 1084/696/40
f 1083/772/40 1082/771/40 1085/773/40
f 1085/773/40 1082/771/40 1086/774/40
f 1086/774/40 1082/771/40 1087/775/40
f 1087/775/40 1082/771/40 1088/776/40
f 1089/731/38 1090/777/38 1091/778/38
f 1090/777/38 1089/731/38 1092/779/38
f 1092/779/38 1089/731/38 1093/732/38
s 0
f 1093/732/39 1089/731/39 1094/730/39
s 1
f 1095/780/39 1096/781/39 1097/782/39
f 1096/781/39 1095/780/39 1098/783/39
f 1099/784/39 1100/785/39 1101/786/39
f 1100/785/39 1099/784/39 1102/787/39
f 1103/788/42 1104/789/42 1105/790/42
f 1104/789/42 1103/788/42 1077/767/42
s 0
f 1077/767/43 1103/788/43 1013/724/43
s 1
f 1106/770/40 1107/791/40 1108/768/40
f 1107/791/40 1106/770/40 1109/792/40
f 1110/776/40 1111/793/40 1112/775/40
f 1111/793/40 1110/776/40 1113/794/40
f 1114/795/42 1115/735/42 1116/796/42
f 1115/735/42 1114/795/42 1117/797/42
f 1117/797/42 1114/795/42 1118/798/42
f 1119/799/42 1118/798/42 1114/795/42
f 1118/798/42 1119/799/42 1120/800/42
f 1105/790/42 1120/800/42 1119/799/42
f 1120/800/42 1105/790/42 1104/789/42
f 1091/778/38 1121/801/38 1122/802/38
f 1121/801/38 1091/778/38 1123/803/38
f 1123/803/38 1091/778/38 1092/779/38
s 0
f 1092/779/43 1091/778/43 1090/777/43
s 1
f 1124/770/40 1125/793/40 1126/775/40
f 1125/793/40 1124/770/40 1127/792/40
f 1127/792/40 1124/770/40 1128/764/40
f 1127/792/40 1128/764/40 1129/804/40
f 1129/804/40 1128/764/40 1130/765/40
f 1129/804/40 1130/765/40 1131/805/40
f 1131/805/40 1130/765/40 1132/806/40
f 1132/806/40 1130/765/40 1133/751/40
f 1132/806/40 1133/751/40 1134/807/40
f 1134/807/40 1133/751/40 1135/808/40
f 1135/808/40 1133/751/40 1136/752/40
f 1135/808/40 1136/752/40 1137/809/40
f 1135/808/40 1137/809/40 1138/810/40
f 1138/810/40 1137/809/40 1139/811/40
f 1139/811/40 1137/809/40 1140/812/40
f 1139/811/40 1140/812/40 1141/813/40
f 1142/792/40 1143/814/40 1144/791/40
f 1145/794/40 1146/815/40 1147/793/40
f 1146/815/40 1145/794/40 1148/816/40
f 1146/815/40 1148/816/40 1149/817/40
f 1149/817/40 1148/816/40 1143/814/40
f 1149/817/40 1143/814/40 1142/792/40
f 1150/768/40 1151/794/40 1152/776/40
f 1151/794/40 1150/768/40 1153/791/40
f 1115/735/42 1154/818/42 1155/819/42
f 1154/818/42 1115/735/42 1117/797/42
f 1156/820/39 1157/821/39 1158/822/39
f 1157/821/39 1156/820/39 1159/823/39
s 0
f 1160/824/44 1161/825/38 1162/826/38
f 1163/827/39 1164/523/39 1165/643/39
s 1
f 1166/533/39 1167/828/39 1168/829/39
f 1167/828/39 1166/533/39 1169/830/39
f 1169/830/39 1166/533/39 1170/784/39
f 1170/784/39 1166/533/39 1163/827/39
f 1163/827/39 1166/533/39 1161/825/39
f 1163/827/39 1161/825/39 1160/824/39
f 1163/827/39 1160/824/39 1171/831/39
f 1163/827/39 1171/831/39 1172/529/39
f 1172/529/39 1171/831/39 1173/531/39
f 1172/529/39 1173/531/39 1174/832/39
f 1174/832/39 1173/531/39 1175/833/39
f 1164/523/39 1176/834/39 1177/787/39
f 1176/834/39 1164/523/39 1178/835/39
f 1178/835/39 1164/523/39 1179/836/39
f 1179/836/39 1164/523/39 1172/529/39
s 0
f 1172/529/40 1164/523/40 1163/827/40
f 1169/830/37 1180/783/37 1181/780/37
f 1180/783/38 1169/830/44 1170/784/38
s 1
f 1182/775/40 1183/837/40 1184/838/40
f 1183/837/40 1182/775/40 1185/793/40
f 1186/839/41 1187/840/41 1188/841/41
f 1187/840/41 1186/839/41 1189/842/41
f 1190/843/41 1191/844/41 1192/845/41
f 1191/844/41 1190/843/41 1188/841/41
f 1188/841/41 1190/843/41 1193/846/41
s 0
f 1191/844/40 1188/841/40 1187/840/40
s 1
f 1192/845/41 1191/844/41 1194/847/41
f 1195/848/41 1196/849/41 1197/850/41
f 1196/849/41 1195/848/41 1190/843/41
f 1197/850/41 1196/849/41 1198/851/41
f 1199/852/41 1200/853/41 1201/854/41
f 1200/853/41 1199/852/41 1202/855/41
f 1203/856/41 1204/857/41 1205/858/41
f 1204/857/41 1203/856/41 1206/859/41
f 1206/859/41 1203/856/41 1201/854/41
f 1206/859/41 1201/854/41 1207/860/41
f 1206/859/41 1207/860/41 1208/861/41
s 0
f 1207/860/40 1201/854/40 1200/853/40
s 1
f 1208/861/41 1207/860/41 1209/862/41
f 1204/857/41 1210/863/41 1211/864/41
f 1210/863/41 1204/857/41 1206/859/41
f 1211/864/41 1210/863/41 1212/865/41
f 1213/529/41 1214/866/41 1215/867/41
f 1214/866/41 1213/529/41 1216/868/41
f 1216/868/41 1213/529/41 1217/869/41
f 1217/869/41 1213/529/41 1218/870/41
f 1218/870/41 1213/529/41 1219/871/41
f 1218/870/41 1219/871/41 1193/846/41
f 1218/870/41 1193/846/41 1195/848/41
f 1195/848/41 1193/846/41 1190/843/41
f 1219/871/41 1213/529/41 1220/643/41
f 1193/846/41 1221/872/41 1222/630/41
f 1221/872/41 1193/846/41 1219/871/41
s 0
f 1221/872/37 1219/871/37 1205/858/37
f 1221/872/50 1205/858/38 1204/857/38
s 1
f 1222/630/41 1221/872/41 1223/873/41
f 1223/873/41 1221/872/41 1224/874/41
f 1222/630/41 1223/873/41 1225/875/41
f 1222/630/41 1225/875/41 1226/876/41
f 1226/876/41 1225/875/41 1227/877/41
f 1220/643/41 1228/878/41 1229/827/41
f 1228/878/41 1220/643/41 1213/529/41
f 1228/878/41 1213/529/41 1230/879/41
f 1228/878/41 1230/879/41 1225/875/41
f 1225/875/41 1230/879/41 1231/880/41
f 1231/880/41 1230/879/41 1232/881/41
f 1232/881/41 1230/879/41 1233/882/41
f 1218/870/41 1234/883/41 1235/638/41
f 1234/883/41 1218/870/41 1195/848/41
f 1235/638/41 1234/883/41 1236/884/41
f 1236/884/41 1234/883/41 1237/885/41
f 1235/638/41 1236/884/41 1227/877/41
f 1235/638/41 1227/877/41 1238/886/41
f 1238/886/41 1227/877/41 1239/714/41
f 1239/714/41 1227/877/41 1231/880/41
f 1231/880/41 1227/877/41 1225/875/41
s 0
f 1217/869/38 1240/887/44 1241/888/38
f 1240/887/38 1217/869/38 1242/889/50
f 1242/889/37 1217/869/37 1243/890/37
f 1243/890/38 1217/869/38 1244/891/44
s 1
f 1244/891/41 1217/869/41 1218/870/41
f 1245/887/41 1246/892/41 1247/893/41
f 1246/892/41 1245/887/41 1248/889/41
f 1249/869/41 1250/894/41 1251/895/41
f 1250/894/41 1249/869/41 1252/888/41
s 0
f 1252/888/50 1249/869/38 1253/896/38
s 1
f 1254/897/42 1255/898/42 1256/899/42
f 1255/898/42 1254/897/42 1257/900/42
f 1257/900/42 1254/897/42 1154/818/42
s 0
f 1154/818/43 1254/897/43 1155/819/43
s 1
f 1258/901/40 1259/902/40 1260/903/40
f 1259/902/40 1258/901/40 1261/904/40
f 1261/904/40 1258/901/40 1262/905/40
f 1263/815/40 1264/906/40 1265/907/40
f 1264/906/40 1263/815/40 1266/908/40
f 1264/906/40 1266/908/40 1267/909/40
f 1266/908/40 1263/815/40 1268/817/40
f 1266/908/40 1268/817/40 1269/910/40
f 1266/908/40 1269/910/40 1270/911/40
f 1266/908/40 1270/911/40 1271/912/40
f 1266/908/40 1271/912/40 1272/913/40
f 1266/908/40 1272/913/40 1260/903/40
f 1266/908/40 1260/903/40 1259/902/40
f 1267/909/40 1266/908/40 1262/905/40
f 1267/909/40 1262/905/40 1258/901/40
f 1273/914/42 1274/898/42 1275/915/42
f 1274/898/42 1273/914/42 1276/916/42
f 1276/916/42 1273/914/42 1277/917/42
f 1277/917/42 1273/914/42 1278/918/42
f 1278/918/42 1273/914/42 1279/919/42
f 1279/919/42 1273/914/42 1280/920/42
s 0
f 1280/920/41 1273/914/41 1281/819/41
s 1
f 1282/921/42 1278/918/42 1279/919/42
f 1283/922/38 1284/923/38 1285/924/38
f 1284/923/38 1283/922/38 1286/925/38
f 1286/925/38 1283/922/38 1287/926/38
f 1287/926/38 1283/922/38 1288/837/38
s 0
f 1288/837/38 1283/922/38 1289/777/38
s 1
f 1290/927/38 1291/928/38 1292/929/38
f 1291/928/38 1290/927/38 1293/930/38
f 1293/930/38 1290/927/38 1294/931/38
f 1294/931/38 1290/927/38 1295/932/38
f 1295/932/38 1290/927/38 1285/924/38
f 1295/932/38 1285/924/38 1296/933/38
f 1296/933/38 1285/924/38 1284/923/38
f 1291/928/38 1297/801/38 1298/934/38
f 1297/801/38 1291/928/38 1299/935/38
f 1297/801/38 1299/935/38 1300/907/38
f 1299/935/38 1291/928/38 1301/936/38
f 1301/936/38 1291/928/38 1302/937/38
f 1302/937/38 1291/928/38 1303/938/38
f 1303/938/38 1291/928/38 1293/930/38
f 1304/939/38 1300/907/38 1299/935/38
s 0
f 1305/915/38 1306/940/38 1307/898/38
s 1
f 1306/940/42 1305/915/42 1308/914/42
f 1306/940/42 1308/914/42 1309/941/42
f 1309/941/42 1308/914/42 1310/942/42
f 1310/942/42 1308/914/42 1311/943/42
f 1311/943/42 1308/914/42 1312/944/42
s 0
f 1312/944/43 1308/914/43 1313/819/43
s 1
f 1314/945/42 1310/942/42 1311/943/42
f 1315/946/38 1316/947/38 1317/948/38
f 1316/947/38 1315/946/38 1318/949/38
f 1318/949/38 1315/946/38 1319/950/38
f 1319/950/38 1315/946/38 1320/837/38
s 0
f 1320/837/43 1315/946/43 1321/777/43
s 1
f 1322/951/38 1323/952/38 1324/953/38
f 1323/952/38 1322/951/38 1325/954/38
f 1325/954/38 1322/951/38 1326/955/38
f 1326/955/38 1322/951/38 1327/956/38
f 1327/956/38 1322/951/38 1317/948/38
f 1327/956/38 1317/948/38 1328/957/38
f 1328/957/38 1317/948/38 1316/947/38
f 1323/952/38 1329/801/38 1330/958/38
f 1329/801/38 1323/952/38 1331/959/38
f 1329/801/38 1331/959/38 1332/907/38
f 1331/959/38 1323/952/38 1333/960/38
f 1333/960/38 1323/952/38 1334/961/38
f 1334/961/38 1323/952/38 1335/962/38
f 1335/962/38 1323/952/38 1325/954/38
f 1336/963/38 1332/907/38 1331/959/38
f 1337/808/40 1338/964/40 1339/807/40
f 1338/964/40 1337/808/40 1340/965/40
f 1341/806/40 1342/966/40 1343/804/40
f 1342/966/40 1341/806/40 1344/967/40
f 1345/827/41 1346/968/41 1347/969/41
f 1346/968/41 1345/827/41 1348/970/41
f 1348/970/41 1345/827/41 1349/971/41
f 1349/971/41 1345/827/41 1350/972/41
f 1350/972/41 1345/827/41 1351/973/41
f 1351/973/41 1345/827/41 1352/638/41
f 1352/638/41 1345/827/41 1353/886/41
f 1354/529/41 1355/974/41 1356/975/41
f 1355/974/41 1354/529/41 1357/976/41
f 1357/976/41 1354/529/41 1358/977/41
f 1358/977/41 1354/529/41 1359/523/41
s 0
f 1359/523/41 1354/529/41 1345/827/41
s 1
f 1353/886/41 1360/978/41 1361/979/41
f 1360/978/41 1353/886/41 1345/827/41
s 0
f 1360/978/41 1345/827/41 1354/529/41
s 1
f 1360/978/41 1354/529/41 1362/980/41
f 1360/978/41 1362/980/41 1363/881/41
f 1360/978/41 1363/881/41 1364/981/41
f 1363/881/41 1362/980/41 1365/982/41
f 1366/983/39 1367/984/39 1368/985/39
f 1367/984/39 1366/983/39 1369/986/39
s 0
f 1369/986/38 1366/983/51 1370/987/38
s 1
f 1371/988/39 1372/989/39 1373/990/39
f 1372/989/39 1371/988/39 1374/991/39
f 1375/992/39 1376/993/39 1377/994/39
f 1376/993/39 1375/992/39 1378/995/39
f 1379/895/41 1380/996/41 1381/997/41
f 1380/996/41 1379/895/41 1382/894/41
f 1383/967/40 1384/998/40 1385/966/40
f 1384/998/40 1383/967/40 1386/999/40
f 1387/985/39 1388/1000/39 1389/1001/39
f 1388/1000/39 1387/985/39 1390/984/39
f 1391/999/40 1392/910/40 1393/998/40
f 1392/910/40 1391/999/40 1394/912/40
f 1395/893/41 1396/1002/41 1397/1003/41
f 1396/1002/41 1395/893/41 1398/892/41
f 1399/965/40 1400/1004/40 1401/964/40
f 1400/1004/40 1399/965/40 1402/1005/40
f 1403/990/39 1404/1006/39 1405/1007/39
f 1404/1006/39 1403/990/39 1406/989/39
f 1407/1005/40 1408/913/40 1409/1004/40
f 1408/913/40 1407/1005/40 1410/903/40
f 1411/1008/37 1412/714/37 1413/1009/37
s 0
f 1414/1010/38 1415/915/38 1416/529/38
s 1
f 1415/915/37 1414/1010/37 1413/1009/37
f 1415/915/37 1413/1009/37 1417/1011/37
f 1417/1011/37 1413/1009/37 1412/714/37
o SketchUp.005
v 1.072912 2.109080 -0.138023
v 1.148276 2.032959 -0.138023
v 1.062891 2.032959 -0.138023
v 1.356999 2.032959 -0.138023
v 1.565722 2.032959 -0.138023
v 1.565722 2.086156 -0.138023
v 1.644104 2.086156 -0.138023
v 1.641085 2.109080 -0.138023
v 1.102294 2.180014 -0.138023
v 1.611704 2.180014 -0.138023
v 1.149033 2.240925 -0.138023
v 1.564965 2.240925 -0.138023
v 1.209945 2.287664 -0.138023
v 1.504053 2.287664 -0.138023
v 1.280878 2.317046 -0.138023
v 1.433120 2.317046 -0.138023
v 1.356999 2.327068 -0.138023
v 1.356999 2.327068 -0.138023
v 1.280878 2.317046 -0.138023
v 1.433120 2.317046 -0.138023
v 1.504053 2.287664 -0.138023
v 1.209945 2.287664 -0.138023
v 1.564965 2.240925 -0.138023
v 1.149033 2.240925 -0.138023
v 1.611704 2.180014 -0.138023
v 1.102294 2.180014 -0.138023
v 1.641085 2.109080 -0.138023
v 1.072912 2.109080 -0.138023
v 1.644104 2.086156 -0.138023
v 1.565722 2.086156 -0.138023
v 1.565722 2.032959 -0.138023
v 1.356999 2.032959 -0.138023
v 1.148276 2.032959 -0.138023
v 1.062891 2.032959 -0.138023
vn -0.0000 -0.0000 -1.0000
vn -0.0000 -0.0000 1.0000
vt -12.241650 24.064060
vt -13.101530 23.195539
vt -12.127310 23.195539
vt -15.483001 23.195539
vt -17.864470 23.195539
vt -17.864470 23.802490
vt -18.758789 23.802490
vt -18.724360 24.064060
vt -12.576890 24.873390
vt -18.389120 24.873390
vt -13.110169 25.568369
vt -17.855839 25.568369
vt -13.805160 26.101660
vt -17.160849 26.101660
vt -14.614490 26.436890
vt -16.351521 26.436890
vt -15.483001 26.551229
vt -11.612249 19.913420
vt -10.960859 19.827669
vt -12.263639 19.827669
vt -12.870640 19.576239
vt -10.353869 19.576239
vt -13.391880 19.176279
vt -9.832626 19.176279
vt -13.791840 18.655039
vt -9.432664 18.655039
vt -14.043270 18.048040
vt -9.181238 18.048040
vt -14.069090 17.851870
vt -13.398359 17.851870
vt -13.398359 17.396650
vt -11.612249 17.396650
vt -9.826149 17.396650
vt -9.095481 17.396650
s 1
usemtl Wood_Floor
f 1418/1012/52 1419/1013/52 1420/1014/52
f 1419/1013/52 1418/1012/52 1421/1015/52
f 1421/1015/52 1418/1012/52 1422/1016/52
f 1422/1016/52 1418/1012/52 1423/1017/52
f 1423/1017/52 1418/1012/52 1424/1018/52
f 1424/1018/52 1418/1012/52 1425/1019/52
f 1425/1019/52 1418/1012/52 1426/1020/52
f 1425/1019/52 1426/1020/52 1427/1021/52
f 1427/1021/52 1426/1020/52 1428/1022/52
f 1427/1021/52 1428/1022/52 1429/1023/52
f 1429/1023/52 1428/1022/52 1430/1024/52
f 1429/1023/52 1430/1024/52 1431/1025/52
f 1431/1025/52 1430/1024/52 1432/1026/52
f 1431/1025/52 1432/1026/52 1433/1027/52
f 1433/1027/52 1432/1026/52 1434/1028/52
f 1435/1029/53 1436/1030/53 1437/1031/53
f 1437/1031/53 1436/1030/53 1438/1032/53
f 1436/1030/53 1439/1033/53 1438/1032/53
f 1438/1032/53 1439/1033/53 1440/1034/53
f 1439/1033/53 1441/1035/53 1440/1034/53
f 1440/1034/53 1441/1035/53 1442/1036/53
f 1441/1035/53 1443/1037/53 1442/1036/53
f 1442/1036/53 1443/1037/53 1444/1038/53
f 1443/1037/53 1445/1039/53 1444/1038/53
f 1444/1038/53 1445/1039/53 1446/1040/53
f 1446/1040/53 1445/1039/53 1447/1041/53
f 1447/1041/53 1445/1039/53 1448/1042/53
f 1448/1042/53 1445/1039/53 1449/1043/53
f 1449/1043/53 1445/1039/53 1450/1044/53
f 1451/1045/53 1450/1044/53 1445/1039/53
o SketchUp.006
v 1.072912 2.109080 -0.000000
v 1.062891 2.032959 -0.138023
v 1.062891 2.032959 -0.000000
v 1.072912 2.109080 -0.138023
v 1.062891 2.091907 -0.000000
v 1.062891 2.094782 0.004313
v 1.062891 2.091907 0.004313
v 1.062891 2.094782 -0.138023
v 1.062891 2.032959 -0.000000
v 1.062891 2.032959 -0.138023
v 1.641085 2.109080 -0.000000
v 1.614343 2.032959 -0.000000
v 1.651107 2.032959 -0.000000
v 1.605575 2.099565 -0.000000
v 1.579866 2.161632 -0.000000
v 1.611704 2.180014 -0.000000
v 1.538969 2.214930 -0.000000
v 1.564965 2.240925 -0.000000
v 1.485671 2.255826 -0.000000
v 1.504053 2.287664 -0.000000
v 1.423604 2.281535 -0.000000
v 1.356999 2.290304 -0.000000
v 1.433120 2.317046 -0.000000
v 1.108423 2.099565 -0.000000
v 1.062891 2.032959 -0.000000
v 1.099655 2.032959 -0.000000
v 1.072912 2.109080 -0.000000
v 1.134132 2.161632 -0.000000
v 1.102294 2.180014 -0.000000
v 1.175029 2.214930 -0.000000
v 1.149033 2.240925 -0.000000
v 1.228327 2.255826 -0.000000
v 1.209945 2.287664 -0.000000
v 1.290393 2.281535 -0.000000
v 1.280878 2.317046 -0.000000
v 1.356999 2.327068 -0.000000
v 1.102294 2.180014 -0.138023
v 1.102294 2.180014 -0.000000
v 1.062891 2.032959 0.004313
v 1.099655 2.032959 -0.014377
v 1.108423 2.099565 -0.000000
v 1.099655 2.032959 -0.000000
v 1.108423 2.099565 -0.014377
v 1.134132 2.161632 -0.000000
v 1.134132 2.161632 -0.014377
v 1.175029 2.214930 -0.000000
v 1.175029 2.214930 -0.014377
v 1.228327 2.255826 -0.014377
v 1.228327 2.255826 -0.000000
v 1.290393 2.281535 -0.014377
v 1.290393 2.281535 -0.000000
v 1.356999 2.290304 -0.014377
v 1.356999 2.290304 -0.000000
v 1.423604 2.281535 -0.014377
v 1.423604 2.281535 -0.000000
v 1.485671 2.255826 -0.014377
v 1.485671 2.255826 -0.000000
v 1.538969 2.214930 -0.014377
v 1.538969 2.214930 -0.000000
v 1.579866 2.161632 -0.000000
v 1.579866 2.161632 -0.014377
v 1.605575 2.099565 -0.000000
v 1.605575 2.099565 -0.014377
v 1.614343 2.032959 -0.000000
v 1.614343 2.032959 -0.014377
v 1.651107 2.032959 -0.128455
v 1.641085 2.109080 -0.000000
v 1.651107 2.032959 -0.000000
v 1.641085 2.109080 -0.138023
v 1.651107 2.032959 -0.138023
v 1.644104 2.086156 -0.138023
v 1.611704 2.180014 -0.000000
v 1.611704 2.180014 -0.138023
v 1.564965 2.240925 -0.000000
v 1.564965 2.240925 -0.138023
v 1.504053 2.287664 -0.138023
v 1.504053 2.287664 -0.000000
v 1.433120 2.317046 -0.138023
v 1.433120 2.317046 -0.000000
v 1.356999 2.327068 -0.138023
v 1.356999 2.327068 -0.000000
v 1.280878 2.317046 -0.138023
v 1.280878 2.317046 -0.000000
v 1.209945 2.287664 -0.138023
v 1.209945 2.287664 -0.000000
v 1.149033 2.240925 -0.138023
v 1.149033 2.240925 -0.000000
v 1.062891 2.032959 0.085011
v 1.062891 2.032959 0.085070
v 1.062891 2.032959 0.022956
v 1.605575 2.099565 -0.014377
v 1.577580 2.032959 -0.014377
v 1.614343 2.032959 -0.014377
v 1.570064 2.090050 -0.014377
v 1.548028 2.143250 -0.014377
v 1.579866 2.161632 -0.014377
v 1.512973 2.188934 -0.014377
v 1.538969 2.214930 -0.014377
v 1.467289 2.223989 -0.014377
v 1.485671 2.255826 -0.014377
v 1.414090 2.246025 -0.014377
v 1.356999 2.253541 -0.014377
v 1.143934 2.090050 -0.014377
v 1.099655 2.032959 -0.014377
v 1.136418 2.032959 -0.014377
v 1.108423 2.099565 -0.014377
v 1.165970 2.143250 -0.014377
v 1.134132 2.161632 -0.014377
v 1.201025 2.188934 -0.014377
v 1.175029 2.214930 -0.014377
v 1.246708 2.223989 -0.014377
v 1.228327 2.255826 -0.014377
v 1.299908 2.246025 -0.014377
v 1.423604 2.281535 -0.014377
v 1.290393 2.281535 -0.014377
v 1.356999 2.290304 -0.014377
v 1.651107 2.086156 -0.128455
v 1.651107 2.032959 -0.000000
v 1.651107 2.086156 -0.000000
v 1.651107 2.032959 -0.128455
v 1.136418 2.032959 -0.027317
v 1.143934 2.090050 -0.014377
v 1.136418 2.032959 -0.014377
v 1.143934 2.090050 -0.027317
v 1.165970 2.143250 -0.014377
v 1.165970 2.143250 -0.027317
v 1.201025 2.188934 -0.014377
v 1.201025 2.188934 -0.027317
v 1.246708 2.223989 -0.027317
v 1.246708 2.223989 -0.014377
v 1.299908 2.246025 -0.027317
v 1.299908 2.246025 -0.014377
v 1.356999 2.253541 -0.027317
v 1.356999 2.253541 -0.014377
v 1.414090 2.246025 -0.027317
v 1.414090 2.246025 -0.014377
v 1.467289 2.223989 -0.027317
v 1.467289 2.223989 -0.014377
v 1.512973 2.188934 -0.027317
v 1.512973 2.188934 -0.014377
v 1.548028 2.143250 -0.014377
v 1.548028 2.143250 -0.027317
v 1.570064 2.090050 -0.014377
v 1.570064 2.090050 -0.027317
v 1.577580 2.032959 -0.014377
v 1.577580 2.032959 -0.027317
v 1.651107 2.032959 0.007189
v 1.651107 2.086156 0.007189
v 1.570064 2.090050 -0.027317
v 1.540816 2.032959 -0.027317
v 1.577580 2.032959 -0.027317
v 1.534553 2.080535 -0.027317
v 1.516189 2.124868 -0.027317
v 1.548028 2.143250 -0.027317
v 1.486978 2.162938 -0.027317
v 1.512973 2.188934 -0.027317
v 1.448908 2.192150 -0.027317
v 1.467289 2.223989 -0.027317
v 1.404574 2.210514 -0.027317
v 1.356999 2.216777 -0.027317
v 1.179445 2.080535 -0.027317
v 1.136418 2.032959 -0.027317
v 1.173181 2.032959 -0.027317
v 1.143934 2.090050 -0.027317
v 1.197808 2.124868 -0.027317
v 1.165970 2.143250 -0.027317
v 1.227020 2.162938 -0.027317
v 1.201025 2.188934 -0.027317
v 1.265090 2.192150 -0.027317
v 1.246708 2.223989 -0.027317
v 1.309423 2.210514 -0.027317
v 1.414090 2.246025 -0.027317
v 1.299908 2.246025 -0.027317
v 1.356999 2.253541 -0.027317
v 1.651107 2.032959 0.084864
v 1.651107 2.032959 0.085768
v 1.651107 2.032959 0.022956
v 1.173181 2.032959 -0.040257
v 1.179445 2.080535 -0.027317
v 1.173181 2.032959 -0.027317
v 1.179445 2.080535 -0.040257
v 1.197808 2.124868 -0.027317
v 1.197808 2.124868 -0.040257
v 1.227020 2.162938 -0.027317
v 1.227020 2.162938 -0.040257
v 1.265090 2.192150 -0.040257
v 1.265090 2.192150 -0.027317
v 1.309423 2.210514 -0.040257
v 1.309423 2.210514 -0.027317
v 1.356999 2.216777 -0.040257
v 1.356999 2.216777 -0.027317
v 1.404574 2.210514 -0.040257
v 1.404574 2.210514 -0.027317
v 1.448908 2.192150 -0.040257
v 1.448908 2.192150 -0.027317
v 1.486978 2.162938 -0.040257
v 1.486978 2.162938 -0.027317
v 1.516189 2.124868 -0.027317
v 1.516189 2.124868 -0.040257
v 1.534553 2.080535 -0.027317
v 1.534553 2.080535 -0.040257
v 1.540816 2.032959 -0.027317
v 1.540816 2.032959 -0.040257
v 1.534553 2.080535 -0.040257
v 1.504053 2.032959 -0.040257
v 1.540816 2.032959 -0.040257
v 1.499042 2.071020 -0.040257
v 1.484351 2.106487 -0.040257
v 1.516189 2.124868 -0.040257
v 1.460982 2.136942 -0.040257
v 1.486978 2.162938 -0.040257
v 1.430526 2.160312 -0.040257
v 1.395059 2.175003 -0.040257
v 1.448908 2.192150 -0.040257
v 1.356999 2.180014 -0.040257
v 1.214956 2.071020 -0.040257
v 1.173181 2.032959 -0.040257
v 1.209945 2.032959 -0.040257
v 1.179445 2.080535 -0.040257
v 1.229647 2.106487 -0.040257
v 1.197808 2.124868 -0.040257
v 1.253016 2.136942 -0.040257
v 1.227020 2.162938 -0.040257
v 1.283472 2.160312 -0.040257
v 1.318939 2.175003 -0.040257
v 1.265090 2.192150 -0.040257
v 1.404574 2.210514 -0.040257
v 1.309423 2.210514 -0.040257
v 1.356999 2.216777 -0.040257
v 1.209945 2.032959 -0.070449
v 1.214956 2.071020 -0.040257
v 1.209945 2.032959 -0.040257
v 1.214956 2.071020 -0.070449
v 1.229647 2.106487 -0.040257
v 1.229647 2.106487 -0.070449
v 1.253016 2.136942 -0.040257
v 1.253016 2.136942 -0.070449
v 1.283472 2.160312 -0.070449
v 1.283472 2.160312 -0.040257
v 1.318939 2.175003 -0.070449
v 1.318939 2.175003 -0.040257
v 1.356999 2.180014 -0.070449
v 1.356999 2.180014 -0.040257
v 1.395059 2.175003 -0.070449
v 1.395059 2.175003 -0.040257
v 1.430526 2.160312 -0.070449
v 1.430526 2.160312 -0.040257
v 1.460982 2.136942 -0.070449
v 1.460982 2.136942 -0.040257
v 1.484351 2.106487 -0.040257
v 1.484351 2.106487 -0.070449
v 1.499042 2.071020 -0.040257
v 1.499042 2.071020 -0.070449
v 1.504053 2.032959 -0.040257
v 1.504053 2.032959 -0.070449
vn -0.9659 0.2588 -0.0000
vn -0.9914 0.1305 -0.0000
vn 1.0000 -0.0000 -0.0000
vn -0.0000 -0.0000 1.0000
vn -0.8660 0.5000 -0.0000
vn 0.9914 -0.1305 -0.0000
vn 0.9659 -0.2588 -0.0000
vn 0.8660 -0.5000 -0.0000
vn 0.7071 -0.7071 -0.0000
vn 0.5000 -0.8660 -0.0000
vn 0.2588 -0.9659 -0.0000
vn -0.0000 -1.0000 -0.0000
vn -0.2588 -0.9659 -0.0000
vn -0.5000 -0.8660 -0.0000
vn -0.7071 -0.7071 -0.0000
vn -0.8660 -0.5000 -0.0000
vn -0.9659 -0.2588 -0.0000
vn -0.9914 -0.1305 -0.0000
vn 0.9914 0.1305 -0.0000
vn 0.9659 0.2588 -0.0000
vn -0.0001 1.0000 -0.0000
vn 0.8660 0.5000 -0.0000
vn 0.7071 0.7071 -0.0000
vn 0.5000 0.8660 -0.0000
vn 0.2588 0.9659 -0.0000
vn -0.0000 1.0000 -0.0000
vn -0.2588 0.9659 -0.0000
vn -0.5000 0.8660 -0.0000
vn -0.7071 0.7071 -0.0000
vn -1.0000 -0.0000 -0.0000
vn -1.0000 0.0001 -0.0000
vt -0.000000 25.456039
vt -1.574803 24.580029
vt -0.000000 24.580029
vt -1.574803 25.456039
vt -0.000000 23.868109
vt -0.049213 23.900919
vt -0.049213 23.868109
vt 1.574803 23.900919
vt 0.000000 23.195539
vt 1.574803 23.195539
vt 18.724360 24.064060
vt 18.419239 23.195539
vt 18.838699 23.195539
vt 18.319189 23.955490
vt 18.025860 24.663649
vt 18.389120 24.873390
vt 17.559229 25.271769
vt 17.855839 25.568369
vt 16.951120 25.738390
vt 17.160849 26.101660
vt 16.242960 26.031719
vt 15.483001 26.131769
vt 16.351521 26.436890
vt 12.646820 23.955490
vt 12.127310 23.195539
vt 12.546770 23.195539
vt 12.241650 24.064060
vt 12.940149 24.663649
vt 12.576890 24.873390
vt 13.406770 25.271769
vt 13.110169 25.568369
vt 14.014890 25.738390
vt 13.805160 26.101660
vt 14.723049 26.031719
vt 14.614490 26.436890
vt 15.483001 26.551229
vt -1.574803 27.792980
vt -0.000000 26.916969
vt -0.000000 27.792980
vt -1.574803 26.916969
vt -0.049213 23.195539
vt -0.000000 0.000000
vt 0.768704 0.164042
vt -0.000000 0.164042
vt 0.768704 0.000000
vt 1.537408 0.164042
vt 1.537408 -0.000000
vt 2.306112 0.164042
vt 2.306112 -0.000000
vt 3.074816 0.000000
vt 3.074816 0.164042
vt 3.843520 0.000000
vt 3.843520 0.164042
vt 4.612224 -0.000000
vt 4.612224 0.164042
vt 5.380929 0.000000
vt 5.380929 0.164042
vt 6.149633 0.000000
vt 6.149633 0.164042
vt 6.918337 -0.000000
vt 6.918337 0.164042
vt 7.687041 0.164042
vt 7.687041 0.000000
vt 8.455745 0.164042
vt 8.455745 -0.000000
vt 9.224449 0.164042
vt 9.224449 0.000000
vt 1.465639 20.538149
vt 0.000000 21.414169
vt 0.000000 20.538149
vt 1.574803 21.414169
vt 1.574803 20.538149
vt 1.574803 21.150349
vt 1.574803 15.066790
vt 0.000000 15.942800
vt 0.000000 15.066790
vt 1.574803 15.942800
vt 1.574803 8.538797
vt 0.000000 9.414809
vt 0.000000 8.538797
vt 1.574803 9.414809
vt 0.000000 1.399051
vt 1.574803 2.275063
vt 0.000000 2.275063
vt 1.574803 1.399051
vt 0.000000 -5.865887
vt 1.574803 -4.989875
vt 0.000000 -4.989875
vt 1.574803 -5.865887
vt 0.000000 -12.760920
vt 1.574803 -11.884910
vt 0.000000 -11.884910
vt 1.574803 -12.760920
vt -0.000000 18.816170
vt -1.574803 17.940159
vt -0.000000 17.940159
vt -1.574803 18.816170
vt -0.000000 23.618979
vt -1.574803 22.742970
vt -0.000000 22.742970
vt -1.574803 23.618979
vt -0.000000 26.842049
vt -1.574803 25.966030
vt -0.000000 25.966030
vt -1.574803 26.842049
vt -1.574803 28.265718
vt -0.000000 27.389709
vt -0.000000 28.265718
vt -1.574803 27.389709
vt -0.969954 23.195539
vt -0.970625 23.195539
vt -0.261923 23.195539
vt 17.999769 23.195539
vt 17.914019 23.846930
vt 17.662590 24.453918
vt 17.262630 24.975159
vt 16.741390 25.375130
vt 16.134390 25.626549
vt 15.483001 25.712309
vt 13.051990 23.846930
vt 12.966229 23.195539
vt 13.303410 24.453918
vt 13.703380 24.975159
vt 14.224620 25.375130
vt 14.831610 25.626549
vt -1.465639 23.802490
vt -0.000000 23.802490
vt -1.465639 23.195539
vt -0.000000 -0.147638
vt 0.666667 0.000000
vt 0.666667 -0.147638
vt 1.333333 0.000000
vt 1.333333 -0.147638
vt 2.000000 0.000000
vt 2.000000 -0.147638
vt 2.666667 -0.147638
vt 2.666667 0.000000
vt 3.333333 -0.147638
vt 3.333333 -0.000000
vt 4.000000 -0.147638
vt 4.000000 -0.000000
vt 4.666667 -0.147638
vt 4.666667 -0.000000
vt 5.333333 -0.147638
vt 5.333333 0.000000
vt 6.000000 -0.147638
vt 6.000000 0.000000
vt 6.666667 0.000000
vt 6.666667 -0.147638
vt 7.333333 0.000000
vt 7.333333 -0.147638
vt 8.000000 0.000000
vt 8.000000 -0.147638
vt 0.082021 23.195539
vt 0.082021 23.802490
vt 17.580309 23.195539
vt 17.508850 23.738359
vt 17.299330 24.244190
vt 16.966019 24.678560
vt 16.531660 25.011860
vt 16.025829 25.221380
vt 15.483001 25.292849
vt 13.457160 23.738359
vt 13.385690 23.195539
vt 13.666679 24.244190
vt 13.999980 24.678560
vt 14.434350 25.011860
vt 14.940180 25.221380
vt 0.968280 23.195539
vt 0.978587 23.195539
vt 0.261923 23.195539
vt 0.549074 0.000000
vt 0.549074 -0.147638
vt 1.098149 0.000000
vt 1.098149 -0.147638
vt 1.647223 0.000000
vt 1.647223 -0.147638
vt 2.196297 -0.147638
vt 2.196297 0.000000
vt 2.745372 -0.147638
vt 2.745372 0.000000
vt 3.294446 -0.147638
vt 3.294446 0.000000
vt 3.843520 -0.147638
vt 4.392595 -0.147638
vt 4.392595 0.000000
vt 4.941669 -0.147638
vt 4.941669 0.000000
vt 5.490743 0.000000
vt 5.490743 -0.147638
vt 6.039818 0.000000
vt 6.039818 -0.147638
vt 6.588892 0.000000
vt 6.588892 -0.147638
vt 17.160849 23.195539
vt 17.103680 23.629799
vt 16.936060 24.034460
vt 16.669420 24.381960
vt 16.321930 24.648600
vt 15.917259 24.816210
vt 15.483001 24.873390
vt 13.862329 23.629799
vt 13.805160 23.195539
vt 14.029940 24.034460
vt 14.296590 24.381960
vt 14.644079 24.648600
vt 15.048739 24.816210
vt -0.000000 -0.344488
vt 0.439259 0.000000
vt 0.439259 -0.344488
vt 0.878519 -0.000000
vt 0.878519 -0.344488
vt 1.317778 0.000000
vt 1.317778 -0.344488
vt 1.757038 -0.344488
vt 1.757038 0.000000
vt 2.196297 -0.344488
vt 2.635557 -0.344488
vt 2.635557 0.000000
vt 3.074816 -0.344488
vt 3.514076 -0.344488
vt 3.514076 -0.000000
vt 3.953335 -0.344488
vt 3.953335 0.000000
vt 4.392595 -0.344488
vt 4.831854 -0.000000
vt 4.831854 -0.344488
vt 5.271114 0.000000
vt 5.271114 -0.344488
s 1
usemtl Wood_Floor
f 1452/1046/54 1453/1047/55 1454/1048/55
f 1453/1047/55 1452/1046/54 1455/1049/54
f 1456/1050/56 1457/1051/56 1458/1052/56
f 1457/1051/56 1456/1050/56 1459/1053/56
f 1459/1053/56 1456/1050/56 1460/1054/56
f 1459/1053/56 1460/1054/56 1461/1055/56
f 1462/1056/57 1463/1057/57 1464/1058/57
f 1463/1057/57 1462/1056/57 1465/1059/57
f 1465/1059/57 1462/1056/57 1466/1060/57
f 1466/1060/57 1462/1056/57 1467/1061/57
f 1466/1060/57 1467/1061/57 1468/1062/57
f 1468/1062/57 1467/1061/57 1469/1063/57
f 1468/1062/57 1469/1063/57 1470/1064/57
f 1470/1064/57 1469/1063/57 1471/1065/57
f 1470/1064/57 1471/1065/57 1472/1066/57
f 1472/1066/57 1471/1065/57 1473/1067/57
f 1473/1067/57 1471/1065/57 1474/1068/57
f 1475/1069/57 1476/1070/57 1477/1071/57
f 1476/1070/57 1475/1069/57 1478/1072/57
f 1478/1072/57 1475/1069/57 1479/1073/57
f 1478/1072/57 1479/1073/57 1480/1074/57
f 1480/1074/57 1479/1073/57 1481/1075/57
f 1480/1074/57 1481/1075/57 1482/1076/57
f 1482/1076/57 1481/1075/57 1483/1077/57
f 1482/1076/57 1483/1077/57 1484/1078/57
f 1484/1078/57 1483/1077/57 1485/1079/57
f 1484/1078/57 1485/1079/57 1473/1067/57
f 1484/1078/57 1473/1067/57 1486/1080/57
f 1486/1080/57 1473/1067/57 1474/1068/57
f 1486/1080/57 1474/1068/57 1487/1081/57
f 1488/1082/58 1452/1083/54 1489/1084/58
f 1452/1083/54 1488/1082/58 1455/1085/54
f 1490/1086/56 1456/1050/56 1458/1052/56
f 1456/1050/56 1490/1086/56 1460/1054/56
f 1491/1087/59 1492/1088/60 1493/1089/59
f 1492/1088/60 1491/1087/59 1494/1090/60
f 1494/1090/60 1495/1091/61 1492/1088/60
f 1495/1091/61 1494/1090/60 1496/1092/61
f 1496/1092/61 1497/1093/62 1495/1091/61
f 1497/1093/62 1496/1092/61 1498/1094/62
f 1499/1095/63 1497/1093/62 1498/1094/62
f 1497/1093/62 1499/1095/63 1500/1096/63
f 1501/1097/64 1500/1096/63 1499/1095/63
f 1500/1096/63 1501/1097/64 1502/1098/64
f 1503/1099/65 1502/1098/64 1501/1097/64
f 1502/1098/64 1503/1099/65 1504/1100/65
f 1505/1101/66 1504/1100/65 1503/1099/65
f 1504/1100/65 1505/1101/66 1506/1102/66
f 1507/1103/67 1506/1102/66 1505/1101/66
f 1506/1102/66 1507/1103/67 1508/1104/67
f 1509/1105/68 1508/1104/67 1507/1103/67
f 1508/1104/67 1509/1105/68 1510/1106/68
f 1509/1105/68 1511/1107/69 1510/1106/68
f 1511/1107/69 1509/1105/68 1512/1108/69
f 1512/1108/69 1513/1109/70 1511/1107/69
f 1513/1109/70 1512/1108/69 1514/1110/70
f 1514/1110/70 1515/1111/71 1513/1109/70
f 1515/1111/71 1514/1110/70 1516/1112/71
f 1517/1113/72 1518/1114/73 1519/1115/72
f 1518/1114/73 1517/1113/72 1520/1116/73
f 1520/1116/73 1517/1113/72 1521/1117/72
f 1520/1116/73 1521/1117/72 1522/1118/74
f 1520/1119/73 1523/1120/75 1518/1121/73
f 1523/1120/75 1520/1119/73 1524/1122/75
f 1524/1123/75 1525/1124/76 1523/1125/75
f 1525/1124/76 1524/1123/75 1526/1126/76
f 1525/1127/76 1527/1128/77 1528/1129/77
f 1527/1128/77 1525/1127/76 1526/1130/76
f 1528/1131/77 1529/1132/78 1530/1133/78
f 1529/1132/78 1528/1131/77 1527/1134/77
f 1530/1135/78 1531/1136/79 1532/1137/79
f 1531/1136/79 1530/1135/78 1529/1138/78
f 1532/1139/79 1533/1140/80 1534/1141/80
f 1533/1140/80 1532/1139/79 1531/1142/79
f 1534/1143/80 1535/1144/81 1536/1145/81
f 1535/1144/81 1534/1143/80 1533/1146/80
f 1536/1147/81 1537/1148/82 1538/1149/82
f 1537/1148/82 1536/1147/81 1535/1150/81
f 1537/1151/82 1489/1152/58 1538/1153/82
f 1489/1152/58 1537/1151/82 1488/1154/58
f 1539/1155/56 1458/1052/56 1540/1156/56
f 1458/1052/56 1539/1155/56 1541/1157/56
f 1458/1052/56 1541/1157/56 1490/1086/56
f 1542/1059/57 1543/1158/57 1544/1057/57
f 1543/1158/57 1542/1059/57 1545/1159/57
f 1545/1159/57 1542/1059/57 1546/1160/57
f 1546/1160/57 1542/1059/57 1547/1060/57
f 1546/1160/57 1547/1060/57 1548/1161/57
f 1548/1161/57 1547/1060/57 1549/1062/57
f 1548/1161/57 1549/1062/57 1550/1162/57
f 1550/1162/57 1549/1062/57 1551/1064/57
f 1550/1162/57 1551/1064/57 1552/1163/57
f 1552/1163/57 1551/1064/57 1553/1164/57
f 1554/1165/57 1555/1071/57 1556/1166/57
f 1555/1071/57 1554/1165/57 1557/1069/57
f 1557/1069/57 1554/1165/57 1558/1167/57
f 1557/1069/57 1558/1167/57 1559/1073/57
f 1559/1073/57 1558/1167/57 1560/1168/57
f 1559/1073/57 1560/1168/57 1561/1075/57
f 1561/1075/57 1560/1168/57 1562/1169/57
f 1561/1075/57 1562/1169/57 1563/1077/57
f 1563/1077/57 1562/1169/57 1564/1170/57
f 1563/1077/57 1564/1170/57 1553/1164/57
f 1563/1077/57 1553/1164/57 1551/1064/57
f 1563/1077/57 1551/1064/57 1565/1066/57
f 1563/1077/57 1565/1066/57 1566/1079/57
f 1566/1079/57 1565/1066/57 1567/1067/57
f 1568/1171/83 1569/1054/83 1570/1172/83
f 1569/1054/83 1568/1171/83 1571/1173/83
f 1572/1174/59 1573/1175/60 1574/1087/59
f 1573/1175/60 1572/1174/59 1575/1176/60
f 1575/1176/60 1576/1177/61 1573/1175/60
f 1576/1177/61 1575/1176/60 1577/1178/61
f 1577/1178/61 1578/1179/62 1576/1177/61
f 1578/1179/62 1577/1178/61 1579/1180/62
f 1580/1181/63 1578/1179/62 1579/1180/62
f 1578/1179/62 1580/1181/63 1581/1182/63
f 1582/1183/64 1581/1182/63 1580/1181/63
f 1581/1182/63 1582/1183/64 1583/1184/64
f 1584/1185/65 1583/1184/64 1582/1183/64
f 1583/1184/64 1584/1185/65 1585/1186/65
f 1586/1187/66 1585/1186/65 1584/1185/65
f 1585/1186/65 1586/1187/66 1587/1188/66
f 1588/1189/67 1587/1188/66 1586/1187/66
f 1587/1188/66 1588/1189/67 1589/1190/67
f 1590/1191/68 1589/1190/67 1588/1189/67
f 1589/1190/67 1590/1191/68 1591/1192/68
f 1590/1191/68 1592/1193/69 1591/1192/68
f 1592/1193/69 1590/1191/68 1593/1194/69
f 1593/1194/69 1594/1195/70 1592/1193/69
f 1594/1195/70 1593/1194/69 1595/1196/70
f 1595/1196/70 1596/1197/71 1594/1195/70
f 1596/1197/71 1595/1196/70 1597/1198/71
f 1570/1172/83 1598/1199/83 1599/1200/83
f 1598/1199/83 1570/1172/83 1569/1054/83
f 1600/1159/57 1601/1201/57 1602/1158/57
f 1601/1201/57 1600/1159/57 1603/1202/57
f 1603/1202/57 1600/1159/57 1604/1203/57
f 1604/1203/57 1600/1159/57 1605/1160/57
f 1604/1203/57 1605/1160/57 1606/1204/57
f 1606/1204/57 1605/1160/57 1607/1161/57
f 1606/1204/57 1607/1161/57 1608/1205/57
f 1608/1205/57 1607/1161/57 1609/1162/57
f 1608/1205/57 1609/1162/57 1610/1206/57
f 1610/1206/57 1609/1162/57 1611/1207/57
f 1612/1208/57 1613/1166/57 1614/1209/57
f 1613/1166/57 1612/1208/57 1615/1165/57
f 1615/1165/57 1612/1208/57 1616/1210/57
f 1615/1165/57 1616/1210/57 1617/1167/57
f 1617/1167/57 1616/1210/57 1618/1211/57
f 1617/1167/57 1618/1211/57 1619/1168/57
f 1619/1168/57 1618/1211/57 1620/1212/57
f 1619/1168/57 1620/1212/57 1621/1169/57
f 1621/1169/57 1620/1212/57 1622/1213/57
f 1621/1169/57 1622/1213/57 1611/1207/57
f 1621/1169/57 1611/1207/57 1609/1162/57
f 1621/1169/57 1609/1162/57 1623/1163/57
f 1621/1169/57 1623/1163/57 1624/1170/57
f 1624/1170/57 1623/1163/57 1625/1164/57
f 1599/1200/83 1626/1214/84 1627/1215/84
f 1626/1214/84 1599/1200/83 1628/1216/83
f 1628/1216/83 1599/1200/83 1598/1199/83
f 1629/1174/59 1630/1217/60 1631/1087/59
f 1630/1217/60 1629/1174/59 1632/1218/60
f 1632/1218/60 1633/1219/61 1630/1217/60
f 1633/1219/61 1632/1218/60 1634/1220/61
f 1634/1220/61 1635/1221/62 1633/1219/61
f 1635/1221/62 1634/1220/61 1636/1222/62
f 1637/1223/63 1635/1221/62 1636/1222/62
f 1635/1221/62 1637/1223/63 1638/1224/63
f 1639/1225/64 1638/1224/63 1637/1223/63
f 1638/1224/63 1639/1225/64 1640/1226/64
f 1641/1227/65 1640/1226/64 1639/1225/64
f 1640/1226/64 1641/1227/65 1642/1228/65
f 1643/1229/66 1642/1228/65 1641/1227/65
f 1642/1228/65 1643/1229/66 1644/1097/66
f 1645/1230/67 1644/1097/66 1643/1229/66
f 1644/1097/66 1645/1230/67 1646/1231/67
f 1647/1232/68 1646/1231/67 1645/1230/67
f 1646/1231/67 1647/1232/68 1648/1233/68
f 1647/1232/68 1649/1234/69 1648/1233/68
f 1649/1234/69 1647/1232/68 1650/1235/69
f 1650/1235/69 1651/1236/70 1649/1234/69
f 1651/1236/70 1650/1235/69 1652/1237/70
f 1652/1237/70 1653/1238/71 1651/1236/70
f 1653/1238/71 1652/1237/70 1654/1239/71
f 1655/1202/57 1656/1240/57 1657/1201/57
f 1656/1240/57 1655/1202/57 1658/1241/57
f 1658/1241/57 1655/1202/57 1659/1242/57
f 1659/1242/57 1655/1202/57 1660/1203/57
f 1659/1242/57 1660/1203/57 1661/1243/57
f 1661/1243/57 1660/1203/57 1662/1204/57
f 1661/1243/57 1662/1204/57 1663/1244/57
f 1663/1244/57 1662/1204/57 1664/1245/57
f 1664/1245/57 1662/1204/57 1665/1205/57
f 1664/1245/57 1665/1205/57 1666/1246/57
f 1667/1247/57 1668/1209/57 1669/1248/57
f 1668/1209/57 1667/1247/57 1670/1208/57
f 1670/1208/57 1667/1247/57 1671/1249/57
f 1670/1208/57 1671/1249/57 1672/1210/57
f 1672/1210/57 1671/1249/57 1673/1250/57
f 1672/1210/57 1673/1250/57 1674/1211/57
f 1674/1211/57 1673/1250/57 1675/1251/57
f 1674/1211/57 1675/1251/57 1676/1252/57
f 1674/1211/57 1676/1252/57 1677/1212/57
f 1677/1212/57 1676/1252/57 1666/1246/57
f 1677/1212/57 1666/1246/57 1665/1205/57
f 1677/1212/57 1665/1205/57 1678/1206/57
f 1677/1212/57 1678/1206/57 1679/1213/57
f 1679/1213/57 1678/1206/57 1680/1207/57
f 1681/1253/59 1682/1254/60 1683/1087/59
f 1682/1254/60 1681/1253/59 1684/1255/60
f 1684/1255/60 1685/1256/61 1682/1254/60
f 1685/1256/61 1684/1255/60 1686/1257/61
f 1686/1257/61 1687/1258/62 1685/1256/61
f 1687/1258/62 1686/1257/61 1688/1259/62
f 1689/1260/63 1687/1258/62 1688/1259/62
f 1687/1258/62 1689/1260/63 1690/1261/63
f 1691/1262/64 1690/1261/63 1689/1260/63
f 1690/1261/63 1691/1262/64 1692/1224/64
f 1693/1263/65 1692/1224/64 1691/1262/64
f 1692/1224/64 1693/1263/65 1694/1264/65
f 1695/1265/66 1694/1264/65 1693/1263/65
f 1694/1264/65 1695/1265/66 1696/1095/66
f 1697/1266/67 1696/1095/66 1695/1265/66
f 1696/1095/66 1697/1266/67 1698/1267/67
f 1699/1268/68 1698/1267/67 1697/1266/67
f 1698/1267/67 1699/1268/68 1700/1269/68
f 1699/1268/68 1701/1231/69 1700/1269/68
f 1701/1231/69 1699/1268/68 1702/1270/69
f 1702/1270/69 1703/1271/70 1701/1231/69
f 1703/1271/70 1702/1270/69 1704/1272/70
f 1704/1272/70 1705/1273/71 1703/1271/70
f 1705/1273/71 1704/1272/70 1706/1274/71
o SketchUp.007
v 1.173181 2.032959 -0.027317
v 1.136418 2.032959 -0.070449
v 1.136418 2.032959 -0.027317
v 1.143934 2.032959 -0.127540
v 1.148276 2.032959 -0.138023
v 1.173181 2.032959 -0.040257
v 1.209945 2.032959 -0.070449
v 1.356999 2.032959 -0.138023
v 1.209945 2.032959 -0.040257
v 1.356999 2.032959 -0.070449
v 1.356999 2.032959 -0.000000
v 1.099655 2.032959 -0.014377
v 1.099655 2.032959 -0.000000
v 1.136418 2.032959 -0.014377
v 1.265064 2.032959 -0.018499
v 1.262180 2.032959 -0.019693
v 1.259704 2.032959 -0.021593
v 1.257804 2.032959 -0.024070
v 1.256610 2.032959 -0.026953
v 1.256202 2.032959 -0.030048
v 1.268159 2.032959 -0.018092
v 1.271253 2.032959 -0.018499
v 1.274137 2.032959 -0.019693
v 1.276613 2.032959 -0.021593
v 1.278513 2.032959 -0.024070
v 1.279708 2.032959 -0.026953
v 1.280115 2.032959 -0.030048
v 1.265064 2.032959 -0.041597
v 1.262180 2.032959 -0.040402
v 1.259704 2.032959 -0.038502
v 1.257804 2.032959 -0.036026
v 1.256610 2.032959 -0.033142
v 1.268159 2.032959 -0.042004
v 1.271253 2.032959 -0.041597
v 1.274137 2.032959 -0.040402
v 1.276613 2.032959 -0.038502
v 1.278513 2.032959 -0.036026
v 1.279708 2.032959 -0.033142
v 1.540816 2.032959 -0.040257
v 1.504053 2.032959 -0.070449
v 1.504053 2.032959 -0.040257
v 1.577580 2.032959 -0.027317
v 1.540816 2.032959 -0.027317
v 1.565722 2.032959 -0.138023
v 1.570064 2.032959 -0.127540
v 1.577580 2.032959 -0.070449
v 1.429203 2.032959 -0.021634
v 1.431873 2.032959 -0.020528
v 1.434738 2.032959 -0.020150
v 1.614343 2.032959 -0.000000
v 1.426910 2.032959 -0.023393
v 1.425151 2.032959 -0.025686
v 1.424045 2.032959 -0.028356
v 1.423667 2.032959 -0.031221
v 1.437603 2.032959 -0.020528
v 1.440274 2.032959 -0.021634
v 1.442566 2.032959 -0.023393
v 1.444326 2.032959 -0.025686
v 1.445431 2.032959 -0.028356
v 1.445809 2.032959 -0.031221
v 1.577580 2.032959 -0.014377
v 1.614343 2.032959 -0.014377
v 1.431873 2.032959 -0.041914
v 1.429203 2.032959 -0.040808
v 1.426910 2.032959 -0.039049
v 1.425151 2.032959 -0.036756
v 1.424045 2.032959 -0.034086
v 1.434738 2.032959 -0.042292
v 1.437603 2.032959 -0.041914
v 1.440274 2.032959 -0.040808
v 1.442566 2.032959 -0.039049
v 1.444326 2.032959 -0.036756
v 1.445431 2.032959 -0.034086
v 1.651107 2.032959 0.022956
v 1.062891 2.032959 0.004313
v 1.062891 2.032959 0.022956
v 1.062891 2.032959 -0.000000
v 1.651107 2.032959 -0.000000
v 1.651107 2.032959 0.007189
v 1.651107 2.032959 0.084864
v 1.062891 2.032959 0.022956
v 1.062891 2.032959 0.085011
v 1.651107 2.032959 0.022956
vn -0.0000 1.0000 -0.0000
vn -0.0000 1.0000 -0.0002
vn -0.0000 1.0000 -0.0001
vn -0.0000 1.0000 0.0001
vt 13.385690 0.311680
vt 12.966229 0.803806
vt 12.966229 0.311680
vt 13.051990 1.455194
vt 13.101530 1.574803
vt 13.385690 0.459318
vt 13.805160 0.803806
vt 15.483001 1.574803
vt 13.805160 0.459318
vt 15.483001 0.803806
vt 15.483001 0.000000
vt 12.546770 0.164042
vt 12.546770 0.000000
vt 12.966229 0.164042
vt 14.434050 0.211069
vt 14.401150 0.224697
vt 14.372900 0.246376
vt 14.351219 0.274629
vt 14.337589 0.307530
vt 14.332940 0.342838
vt 14.469359 0.206420
vt 14.504669 0.211069
vt 14.537570 0.224697
vt 14.565820 0.246376
vt 14.587500 0.274629
vt 14.601130 0.307530
vt 14.605780 0.342838
vt 14.434050 0.474607
vt 14.401150 0.460979
vt 14.372900 0.439299
vt 14.351219 0.411046
vt 14.337589 0.378145
vt 14.469359 0.479255
vt 14.504669 0.474607
vt 14.537570 0.460979
vt 14.565820 0.439299
vt 14.587500 0.411046
vt 14.601130 0.378145
vt 17.580309 0.459318
vt 17.160849 0.803806
vt 17.160849 0.459318
vt 17.999769 0.311680
vt 17.580309 0.311680
vt 17.864470 1.574803
vt 17.914019 1.455194
vt 17.999769 0.803806
vt 16.306829 0.246834
vt 16.337299 0.234215
vt 16.369989 0.229911
vt 18.419239 0.000000
vt 16.280670 0.266907
vt 16.260599 0.293067
vt 16.247980 0.323532
vt 16.243679 0.356223
vt 16.402679 0.234215
vt 16.433140 0.246834
vt 16.459299 0.266907
vt 16.479380 0.293067
vt 16.492001 0.323532
vt 16.496300 0.356223
vt 17.999769 0.164042
vt 18.419239 0.164042
vt 16.337299 0.478232
vt 16.306829 0.465613
vt 16.280670 0.445540
vt 16.260599 0.419380
vt 16.247980 0.388916
vt 16.369989 0.482536
vt 16.402679 0.478232
vt 16.433140 0.465613
vt 16.459299 0.445540
vt 16.479380 0.419380
vt 16.492001 0.388916
vt 18.838699 -0.261923
vt 12.127310 -0.049213
vt 12.127310 -0.261923
vt 12.127310 0.000000
vt 18.838699 0.000000
vt 18.838699 -0.082021
vt 18.838699 -0.968280
vt 12.127310 -0.969954
s 1
usemtl Granite_Brown
f 1707/1275/85 1708/1276/85 1709/1277/85
f 1708/1276/85 1707/1275/85 1710/1278/85
f 1710/1278/85 1707/1275/85 1711/1279/85
f 1711/1279/85 1707/1275/85 1712/1280/85
f 1711/1279/85 1712/1280/85 1713/1281/85
f 1711/1279/85 1713/1281/85 1714/1282/85
f 1713/1281/85 1712/1280/85 1715/1283/85
f 1714/1282/85 1713/1281/85 1716/1284/85
f 1717/1285/85 1718/1286/85 1719/1287/86
f 1718/1286/85 1717/1285/85 1720/1288/85
f 1720/1288/85 1717/1285/85 1709/1277/85
f 1709/1277/85 1717/1285/85 1707/1275/85
f 1707/1275/85 1717/1285/85 1721/1289/85
f 1707/1275/85 1721/1289/85 1712/1280/85
f 1712/1280/85 1721/1289/85 1715/1283/85
f 1715/1283/85 1721/1289/85 1722/1290/85
f 1715/1283/85 1722/1290/85 1723/1291/85
f 1715/1283/85 1723/1291/85 1713/1281/85
f 1713/1281/85 1723/1291/85 1724/1292/87
f 1713/1281/85 1724/1292/87 1725/1293/85
f 1713/1281/85 1725/1293/85 1726/1294/85
f 1721/1289/85 1717/1285/85 1727/1295/85
f 1727/1295/85 1717/1285/85 1728/1296/85
f 1728/1296/85 1717/1285/85 1729/1297/85
f 1729/1297/85 1717/1285/85 1730/1298/87
f 1730/1298/87 1717/1285/85 1731/1299/87
f 1731/1299/87 1717/1285/85 1732/1300/87
f 1732/1300/87 1717/1285/85 1733/1301/85
f 1713/1281/85 1734/1302/85 1716/1284/85
f 1734/1302/85 1713/1281/85 1735/1303/85
f 1735/1303/85 1713/1281/85 1736/1304/85
f 1736/1304/85 1713/1281/85 1737/1305/85
f 1737/1305/85 1713/1281/85 1738/1306/85
f 1738/1306/85 1713/1281/85 1726/1294/85
f 1716/1284/85 1734/1302/85 1739/1307/88
f 1716/1284/85 1739/1307/88 1740/1308/87
f 1716/1284/85 1740/1308/87 1741/1309/85
f 1716/1284/85 1741/1309/85 1742/1310/85
f 1716/1284/85 1742/1310/85 1743/1311/85
f 1716/1284/85 1743/1311/85 1744/1312/85
f 1716/1284/85 1744/1312/85 1733/1301/85
f 1716/1284/85 1733/1301/85 1717/1285/85
f 1745/1313/85 1746/1314/85 1747/1315/85
f 1748/1316/85 1745/1313/85 1749/1317/85
f 1745/1313/85 1748/1316/85 1750/1318/85
f 1750/1318/85 1748/1316/85 1751/1319/85
f 1751/1319/85 1748/1316/85 1752/1320/85
f 1746/1314/85 1714/1282/85 1716/1284/85
f 1714/1282/85 1746/1314/85 1750/1318/85
f 1750/1318/85 1746/1314/85 1745/1313/85
f 1717/1285/85 1753/1321/85 1716/1284/85
f 1753/1321/85 1717/1285/85 1754/1322/85
f 1754/1322/85 1717/1285/85 1755/1323/85
f 1755/1323/85 1717/1285/85 1756/1324/85
f 1716/1284/85 1753/1321/85 1757/1325/85
f 1716/1284/85 1757/1325/85 1758/1326/87
f 1716/1284/85 1758/1326/87 1759/1327/88
f 1716/1284/85 1759/1327/88 1760/1328/85
f 1755/1323/85 1756/1324/85 1761/1329/87
f 1761/1329/87 1756/1324/85 1762/1330/85
f 1762/1330/85 1756/1324/85 1763/1331/88
f 1763/1331/88 1756/1324/85 1764/1332/87
f 1764/1332/87 1756/1324/85 1765/1333/85
f 1765/1333/85 1756/1324/85 1766/1334/85
f 1766/1334/85 1756/1324/85 1747/1315/85
f 1747/1315/85 1756/1324/85 1749/1317/85
f 1749/1317/85 1756/1324/85 1767/1335/85
f 1767/1335/85 1756/1324/85 1768/1336/85
f 1748/1316/85 1749/1317/85 1767/1335/85
f 1745/1313/85 1747/1315/85 1749/1317/85
f 1716/1284/85 1769/1337/85 1746/1314/85
f 1769/1337/85 1716/1284/85 1770/1338/85
f 1770/1338/85 1716/1284/85 1771/1339/85
f 1771/1339/85 1716/1284/85 1772/1340/85
f 1772/1340/85 1716/1284/85 1773/1341/85
f 1773/1341/85 1716/1284/85 1760/1328/85
f 1746/1314/85 1769/1337/85 1774/1342/85
f 1746/1314/85 1774/1342/85 1775/1343/85
f 1746/1314/85 1775/1343/85 1776/1344/85
f 1746/1314/85 1776/1344/85 1777/1345/85
f 1746/1314/85 1777/1345/85 1778/1346/85
f 1746/1314/85 1778/1346/85 1779/1347/85
f 1746/1314/85 1779/1347/85 1766/1334/85
f 1746/1314/85 1766/1334/85 1747/1315/85
f 1780/1348/85 1781/1349/85 1782/1350/85
f 1781/1349/85 1780/1348/85 1783/1351/85
f 1783/1351/85 1780/1348/85 1719/1287/86
f 1719/1287/86 1780/1348/85 1717/1285/85
f 1717/1285/85 1780/1348/85 1756/1324/85
f 1756/1324/85 1780/1348/85 1784/1352/85
s 0
f 1784/1352/85 1780/1348/85 1785/1353/85
s 1
f 1786/1354/85 1787/1350/85 1788/1355/85
f 1787/1350/85 1786/1354/85 1789/1348/85
o SketchUp.008
v 1.424045 2.237118 -0.028356
v 1.424045 2.237118 -0.034086
v 1.423667 2.237118 -0.031221
v 1.425151 2.237118 -0.025686
v 1.425151 2.237118 -0.036756
v 1.426910 2.237118 -0.023393
v 1.426910 2.237118 -0.039049
v 1.429203 2.237118 -0.021634
v 1.429203 2.237118 -0.040808
v 1.431873 2.237118 -0.020528
v 1.431873 2.237118 -0.041914
v 1.434738 2.237118 -0.020150
v 1.434738 2.237118 -0.042292
v 1.437603 2.237118 -0.020528
v 1.437603 2.237118 -0.041914
v 1.440274 2.237118 -0.021634
v 1.440274 2.237118 -0.040808
v 1.442566 2.237118 -0.023393
v 1.442566 2.237118 -0.039049
v 1.444326 2.237118 -0.025686
v 1.444326 2.237118 -0.036756
v 1.445431 2.237118 -0.028356
v 1.445431 2.237118 -0.034086
v 1.445809 2.237118 -0.031221
vn -0.0000 1.0000 -0.0000
vt 16.247980 0.323532
vt 16.247980 0.388916
vt 16.243679 0.356223
vt 16.260599 0.293067
vt 16.260599 0.419380
vt 16.280670 0.266907
vt 16.280670 0.445540
vt 16.306829 0.246834
vt 16.306829 0.465613
vt 16.337299 0.234215
vt 16.337299 0.478232
vt 16.369989 0.229911
vt 16.369989 0.482536
vt 16.402679 0.234215
vt 16.402679 0.478232
vt 16.433140 0.246834
vt 16.433140 0.465613
vt 16.459299 0.266907
vt 16.459299 0.445540
vt 16.479380 0.293067
vt 16.479380 0.419380
vt 16.492001 0.323532
vt 16.492001 0.388916
vt 16.496300 0.356223
s 1
usemtl Wood_Floor_Parquet
f 1790/1356/89 1791/1357/89 1792/1358/89
f 1791/1357/89 1790/1356/89 1793/1359/89
f 1791/1357/89 1793/1359/89 1794/1360/89
f 1794/1360/89 1793/1359/89 1795/1361/89
f 1794/1360/89 1795/1361/89 1796/1362/89
f 1796/1362/89 1795/1361/89 1797/1363/89
f 1796/1362/89 1797/1363/89 1798/1364/89
f 1798/1364/89 1797/1363/89 1799/1365/89
f 1798/1364/89 1799/1365/89 1800/1366/89
f 1800/1366/89 1799/1365/89 1801/1367/89
f 1800/1366/89 1801/1367/89 1802/1368/89
f 1802/1368/89 1801/1367/89 1803/1369/89
f 1802/1368/89 1803/1369/89 1804/1370/89
f 1804/1370/89 1803/1369/89 1805/1371/89
f 1804/1370/89 1805/1371/89 1806/1372/89
f 1806/1372/89 1805/1371/89 1807/1373/89
f 1806/1372/89 1807/1373/89 1808/1374/89
f 1808/1374/89 1807/1373/89 1809/1375/89
f 1808/1374/89 1809/1375/89 1810/1376/89
f 1810/1376/89 1809/1375/89 1811/1377/89
f 1810/1376/89 1811/1377/89 1812/1378/89
f 1812/1378/89 1811/1377/89 1813/1379/89
o SketchUp.009
v 1.425151 2.237118 -0.025686
v 1.426910 2.032959 -0.023393
v 1.426910 2.237118 -0.023393
v 1.425151 2.032959 -0.025686
v 1.429203 2.237118 -0.021634
v 1.429203 2.032959 -0.021634
v 1.424045 2.237118 -0.028356
v 1.424045 2.032959 -0.028356
v 1.431873 2.237118 -0.020528
v 1.431873 2.032959 -0.020528
v 1.423667 2.237118 -0.031221
v 1.423667 2.032959 -0.031221
v 1.434738 2.237118 -0.020150
v 1.434738 2.032959 -0.020150
v 1.424045 2.237118 -0.034086
v 1.424045 2.032959 -0.034086
v 1.437603 2.237118 -0.020528
v 1.437603 2.032959 -0.020528
v 1.425151 2.237118 -0.036756
v 1.425151 2.032959 -0.036756
v 1.440274 2.237118 -0.021634
v 1.440274 2.032959 -0.021634
v 1.426910 2.237118 -0.039049
v 1.426910 2.032959 -0.039049
v 1.442566 2.237118 -0.023393
v 1.442566 2.032959 -0.023393
v 1.429203 2.032959 -0.040808
v 1.429203 2.237118 -0.040808
v 1.444326 2.032959 -0.025686
v 1.444326 2.237118 -0.025686
v 1.431873 2.032959 -0.041914
v 1.431873 2.237118 -0.041914
v 1.445431 2.032959 -0.028356
v 1.445431 2.237118 -0.028356
v 1.434738 2.032959 -0.042292
v 1.434738 2.237118 -0.042292
v 1.445809 2.032959 -0.031221
v 1.445809 2.237118 -0.031221
v 1.437603 2.032959 -0.041914
v 1.437603 2.237118 -0.041914
v 1.445431 2.032959 -0.034086
v 1.445431 2.237118 -0.034086
v 1.440274 2.032959 -0.040808
v 1.440274 2.237118 -0.040808
v 1.444326 2.032959 -0.036756
v 1.444326 2.237118 -0.036756
v 1.442566 2.032959 -0.039049
v 1.442566 2.237118 -0.039049
vn -0.8660 -0.0000 0.5000
vn -0.7071 -0.0000 0.7071
vn -0.5000 -0.0000 0.8661
vn -0.9659 -0.0000 0.2590
vn -0.2590 -0.0000 0.9659
vn -1.0000 -0.0000 -0.0000
vn -0.0000 -0.0000 1.0000
vn -0.9659 -0.0000 -0.2590
vn 0.2589 -0.0000 0.9659
vn -0.8660 -0.0000 -0.5000
vn 0.5000 -0.0000 0.8660
vn -0.7071 -0.0000 -0.7071
vn 0.7071 -0.0000 0.7071
vn -0.5000 -0.0000 -0.8661
vn 0.8661 -0.0000 0.4999
vn -0.2590 -0.0000 -0.9659
vn 0.9659 -0.0000 0.2588
vn -0.0000 -0.0000 -1.0000
vn 1.0000 -0.0000 -0.0000
vn 0.2589 -0.0000 -0.9659
vn 0.9659 -0.0000 -0.2588
vn 0.5000 -0.0000 -0.8660
vn 0.8661 -0.0000 -0.4999
vn 0.7071 -0.0000 -0.7071
vt 0.462959 2.329396
vt 0.496027 -0.000000
vt 0.496027 2.329396
vt 0.462959 -0.000000
vt 0.529096 2.329396
vt 0.529096 -0.000000
vt 0.429890 2.329396
vt 0.429890 0.000000
vt 0.562164 2.329396
vt 0.562164 -0.000000
vt 0.396822 2.329396
vt 0.396822 0.000000
vt 0.595233 2.329396
vt 0.595233 0.000000
vt 0.363753 2.329396
vt 0.363753 -0.000000
vt 0.628301 2.329396
vt 0.628301 0.000000
vt 0.330685 2.329396
vt 0.330685 0.000000
vt 0.661370 2.329396
vt 0.661370 0.000000
vt 0.297616 2.329396
vt 0.297616 -0.000000
vt 0.694438 2.329396
vt 0.694438 0.000000
vt 0.264548 0.000000
vt 0.264548 2.329396
vt 0.727507 0.000000
vt 0.727507 2.329396
vt 0.231479 -0.000000
vt 0.231479 2.329396
vt 0.760575 -0.000000
vt 0.760575 2.329396
vt 0.198411 -0.000000
vt 0.198411 2.329396
vt 0.793644 -0.000000
vt 0.793644 2.329396
vt 0.165342 0.000000
vt 0.165342 2.329396
vt 0.033068 -0.000000
vt 0.000000 2.329396
vt 0.000000 -0.000000
vt 0.033068 2.329396
vt 0.132274 0.000000
vt 0.132274 2.329396
vt 0.066137 -0.000000
vt 0.066137 2.329396
vt 0.099205 0.000000
vt 0.099205 2.329396
s 1
usemtl Wood_Floor
f 1814/1380/90 1815/1381/91 1816/1382/91
f 1815/1381/91 1814/1380/90 1817/1383/90
f 1818/1384/92 1815/1381/91 1819/1385/92
f 1815/1381/91 1818/1384/92 1816/1382/91
f 1820/1386/93 1817/1383/90 1814/1380/90
f 1817/1383/90 1820/1386/93 1821/1387/93
f 1822/1388/94 1819/1385/92 1823/1389/94
f 1819/1385/92 1822/1388/94 1818/1384/92
f 1824/1390/95 1821/1387/93 1820/1386/93
f 1821/1387/93 1824/1390/95 1825/1391/95
f 1826/1392/96 1823/1389/94 1827/1393/96
f 1823/1389/94 1826/1392/96 1822/1388/94
f 1828/1394/97 1825/1391/95 1824/1390/95
f 1825/1391/95 1828/1394/97 1829/1395/97
f 1830/1396/98 1827/1393/96 1831/1397/98
f 1827/1393/96 1830/1396/98 1826/1392/96
f 1832/1398/99 1829/1395/97 1828/1394/97
f 1829/1395/97 1832/1398/99 1833/1399/99
f 1834/1400/100 1831/1397/98 1835/1401/100
f 1831/1397/98 1834/1400/100 1830/1396/98
f 1836/1402/101 1833/1399/99 1832/1398/99
f 1833/1399/99 1836/1402/101 1837/1403/101
f 1838/1404/102 1835/1401/100 1839/1405/102
f 1835/1401/100 1838/1404/102 1834/1400/100
f 1836/1402/101 1840/1406/103 1837/1403/101
f 1840/1406/103 1836/1402/101 1841/1407/103
f 1842/1408/104 1838/1404/102 1839/1405/102
f 1838/1404/102 1842/1408/104 1843/1409/104
f 1841/1407/103 1844/1410/105 1840/1406/103
f 1844/1410/105 1841/1407/103 1845/1411/105
f 1846/1412/106 1843/1409/104 1842/1408/104
f 1843/1409/104 1846/1412/106 1847/1413/106
f 1845/1411/105 1848/1414/107 1844/1410/105
f 1848/1414/107 1845/1411/105 1849/1415/107
f 1850/1416/108 1847/1413/106 1846/1412/106
f 1847/1413/106 1850/1416/108 1851/1417/108
f 1849/1415/107 1852/1418/109 1848/1414/107
f 1852/1418/109 1849/1415/107 1853/1419/109
f 1854/1420/110 1851/1421/108 1850/1422/108
f 1851/1421/108 1854/1420/110 1855/1423/110
f 1853/1419/109 1856/1424/111 1852/1418/109
f 1856/1424/111 1853/1419/109 1857/1425/111
f 1858/1426/112 1855/1423/110 1854/1420/110
f 1855/1423/110 1858/1426/112 1859/1427/112
f 1857/1425/111 1860/1428/113 1856/1424/111
f 1860/1428/113 1857/1425/111 1861/1429/113
f 1860/1428/113 1859/1427/112 1858/1426/112
f 1859/1427/112 1860/1428/113 1861/1429/113
o SketchUp.010
v 1.256610 2.234243 -0.026953
v 1.256610 2.234243 -0.033142
v 1.256202 2.234243 -0.030048
v 1.257804 2.234243 -0.024070
v 1.257804 2.234243 -0.036026
v 1.259704 2.234243 -0.021593
v 1.259704 2.234243 -0.038502
v 1.262180 2.234243 -0.019693
v 1.262180 2.234243 -0.040402
v 1.265064 2.234243 -0.018499
v 1.265064 2.234243 -0.041597
v 1.268159 2.234243 -0.018092
v 1.268159 2.234243 -0.042004
v 1.271253 2.234243 -0.018499
v 1.271253 2.234243 -0.041597
v 1.274137 2.234243 -0.019693
v 1.274137 2.234243 -0.040402
v 1.276613 2.234243 -0.021593
v 1.276613 2.234243 -0.038502
v 1.278513 2.234243 -0.024070
v 1.278513 2.234243 -0.036026
v 1.279708 2.234243 -0.026953
v 1.279708 2.234243 -0.033142
v 1.280115 2.234243 -0.030048
vn -0.0000 1.0000 -0.0000
vt 14.337589 0.307530
vt 14.337589 0.378145
vt 14.332940 0.342838
vt 14.351219 0.274629
vt 14.351219 0.411046
vt 14.372900 0.246376
vt 14.372900 0.439299
vt 14.401150 0.224697
vt 14.401150 0.460979
vt 14.434050 0.211069
vt 14.434050 0.474607
vt 14.469359 0.206420
vt 14.469359 0.479255
vt 14.504669 0.211069
vt 14.504669 0.474607
vt 14.537570 0.224697
vt 14.537570 0.460979
vt 14.565820 0.246376
vt 14.565820 0.439299
vt 14.587500 0.274629
vt 14.587500 0.411046
vt 14.601130 0.307530
vt 14.601130 0.378145
vt 14.605780 0.342838
s 1
usemtl Wood_Floor_Parquet
f 1862/1430/114 1863/1431/114 1864/1432/114
f 1863/1431/114 1862/1430/114 1865/1433/114
f 1863/1431/114 1865/1433/114 1866/1434/114
f 1866/1434/114 1865/1433/114 1867/1435/114
f 1866/1434/114 1867/1435/114 1868/1436/114
f 1868/1436/114 1867/1435/114 1869/1437/114
f 1868/1436/114 1869/1437/114 1870/1438/114
f 1870/1438/114 1869/1437/114 1871/1439/114
f 1870/1438/114 1871/1439/114 1872/1440/114
f 1872/1440/114 1871/1439/114 1873/1441/114
f 1872/1440/114 1873/1441/114 1874/1442/114
f 1874/1442/114 1873/1441/114 1875/1443/114
f 1874/1442/114 1875/1443/114 1876/1444/114
f 1876/1444/114 1875/1443/114 1877/1445/114
f 1876/1444/114 1877/1445/114 1878/1446/114
f 1878/1446/114 1877/1445/114 1879/1447/114
f 1878/1446/114 1879/1447/114 1880/1448/114
f 1880/1448/114 1879/1447/114 1881/1449/114
f 1880/1448/114 1881/1449/114 1882/1450/114
f 1882/1450/114 1881/1449/114 1883/1451/114
f 1882/1450/114 1883/1451/114 1884/1452/114
f 1884/1452/114 1883/1451/114 1885/1453/114
o SketchUp.011
v 1.280115 2.032959 -0.030048
v 1.279708 2.234243 -0.026953
v 1.279708 2.032959 -0.026953
v 1.280115 2.234243 -0.030048
v 1.279708 2.032959 -0.033142
v 1.279708 2.234243 -0.033142
v 1.278513 2.234243 -0.024070
v 1.278513 2.032959 -0.024070
v 1.278513 2.032959 -0.036026
v 1.278513 2.234243 -0.036026
v 1.276613 2.234243 -0.021593
v 1.276613 2.032959 -0.021593
v 1.276613 2.032959 -0.038502
v 1.276613 2.234243 -0.038502
v 1.274137 2.032959 -0.019693
v 1.274137 2.234243 -0.019693
v 1.274137 2.234243 -0.040402
v 1.274137 2.032959 -0.040402
v 1.271253 2.032959 -0.018499
v 1.271253 2.234243 -0.018499
v 1.271253 2.234243 -0.041597
v 1.271253 2.032959 -0.041597
v 1.268159 2.032959 -0.018092
v 1.268159 2.234243 -0.018092
v 1.268159 2.234243 -0.042004
v 1.268159 2.032959 -0.042004
v 1.265064 2.032959 -0.018499
v 1.265064 2.234243 -0.018499
v 1.265064 2.234243 -0.041597
v 1.265064 2.032959 -0.041597
v 1.262180 2.032959 -0.019693
v 1.262180 2.234243 -0.019693
v 1.262180 2.234243 -0.040402
v 1.262180 2.032959 -0.040402
v 1.259704 2.032959 -0.021593
v 1.259704 2.234243 -0.021593
v 1.259704 2.234243 -0.038502
v 1.259704 2.032959 -0.038502
v 1.257804 2.234243 -0.024070
v 1.257804 2.032959 -0.024070
v 1.257804 2.032959 -0.036026
v 1.257804 2.234243 -0.036026
v 1.256610 2.234243 -0.026953
v 1.256610 2.032959 -0.026953
v 1.256610 2.032959 -0.033142
v 1.256610 2.234243 -0.033142
v 1.256202 2.234243 -0.030048
v 1.256202 2.032959 -0.030048
vn 1.0000 -0.0000 -0.0000
vn 0.9659 -0.0000 0.2589
vn 0.9659 -0.0000 -0.2588
vn 0.8660 -0.0000 0.5000
vn 0.8660 -0.0000 -0.5001
vn 0.7072 -0.0000 0.7070
vn 0.7071 -0.0000 -0.7071
vn 0.4999 -0.0000 0.8661
vn 0.5001 -0.0000 -0.8660
vn 0.2587 -0.0000 0.9660
vn 0.2588 -0.0000 -0.9659
vn -0.0000 -0.0000 1.0000
vn -0.0000 -0.0000 -1.0000
vn -0.2587 -0.0000 0.9660
vn -0.2588 -0.0000 -0.9659
vn -0.4999 -0.0000 0.8661
vn -0.5001 -0.0000 -0.8660
vn -0.7072 -0.0000 0.7070
vn -0.7071 -0.0000 -0.7071
vn -0.8661 -0.0000 0.4999
vn -0.8661 -0.0000 -0.4999
vn -0.9659 -0.0000 0.2589
vn -0.9659 -0.0000 -0.2588
vn -1.0000 -0.0000 -0.0000
vt 0.857135 0.000000
vt 0.821421 2.296588
vt 0.821421 0.000000
vt 0.857135 2.296588
vt 0.035714 0.000000
vt 0.000000 2.296588
vt 0.000000 0.000000
vt 0.035714 2.296588
vt 0.785707 2.296588
vt 0.785707 0.000000
vt 0.071428 0.000000
vt 0.071428 2.296588
vt 0.749993 2.296588
vt 0.749993 0.000000
vt 0.107142 0.000000
vt 0.107142 2.296588
vt 0.714279 0.000000
vt 0.714279 2.296588
vt 0.142856 2.296588
vt 0.142856 0.000000
vt 0.678566 -0.000000
vt 0.678566 2.296588
vt 0.178570 2.296588
vt 0.178570 0.000000
vt 0.642852 0.000000
vt 0.642852 2.296588
vt 0.214284 2.296588
vt 0.214284 0.000000
vt 0.607138 0.000000
vt 0.607138 2.296588
vt 0.249998 2.296588
vt 0.249998 0.000000
vt 0.571424 0.000000
vt 0.571424 2.296588
vt 0.285712 2.296588
vt 0.285712 0.000000
vt 0.535710 -0.000000
vt 0.535710 2.296588
vt 0.321426 2.296588
vt 0.321426 0.000000
vt 0.499996 2.296588
vt 0.499996 0.000000
vt 0.357140 0.000000
vt 0.357140 2.296588
vt 0.464282 2.296588
vt 0.464282 0.000000
vt 0.392854 0.000000
vt 0.392854 2.296588
vt 0.428568 2.296588
vt 0.428568 0.000000
s 1
usemtl Wood_Floor
f 1886/1454/115 1887/1455/116 1888/1456/116
f 1887/1455/116 1886/1454/115 1889/1457/115
f 1890/1458/117 1889/1459/115 1886/1460/115
f 1889/1459/115 1890/1458/117 1891/1461/117
f 1888/1456/116 1892/1462/118 1893/1463/118
f 1892/1462/118 1888/1456/116 1887/1455/116
f 1894/1464/119 1891/1461/117 1890/1458/117
f 1891/1461/117 1894/1464/119 1895/1465/119
f 1893/1463/118 1896/1466/120 1897/1467/120
f 1896/1466/120 1893/1463/118 1892/1462/118
f 1898/1468/121 1895/1465/119 1894/1464/119
f 1895/1465/119 1898/1468/121 1899/1469/121
f 1896/1466/120 1900/1470/122 1897/1467/120
f 1900/1470/122 1896/1466/120 1901/1471/122
f 1902/1472/123 1898/1468/121 1903/1473/123
f 1898/1468/121 1902/1472/123 1899/1469/121
f 1901/1471/122 1904/1474/124 1900/1470/122
f 1904/1474/124 1901/1471/122 1905/1475/124
f 1906/1476/125 1903/1473/123 1907/1477/125
f 1903/1473/123 1906/1476/125 1902/1472/123
f 1905/1475/124 1908/1478/126 1904/1474/124
f 1908/1478/126 1905/1475/124 1909/1479/126
f 1910/1480/127 1907/1477/125 1911/1481/127
f 1907/1477/125 1910/1480/127 1906/1476/125
f 1909/1479/126 1912/1482/128 1908/1478/126
f 1912/1482/128 1909/1479/126 1913/1483/128
f 1914/1484/129 1911/1481/127 1915/1485/129
f 1911/1481/127 1914/1484/129 1910/1480/127
f 1913/1483/128 1916/1486/130 1912/1482/128
f 1916/1486/130 1913/1483/128 1917/1487/130
f 1918/1488/131 1915/1485/129 1919/1489/131
f 1915/1485/129 1918/1488/131 1914/1484/129
f 1917/1487/130 1920/1490/132 1916/1486/130
f 1920/1490/132 1917/1487/130 1921/1491/132
f 1922/1492/133 1919/1489/131 1923/1493/133
f 1919/1489/131 1922/1492/133 1918/1488/131
f 1924/1494/134 1920/1490/132 1921/1491/132
f 1920/1490/132 1924/1494/134 1925/1495/134
f 1922/1492/133 1926/1496/135 1927/1497/135
f 1926/1496/135 1922/1492/133 1923/1493/133
f 1928/1498/136 1925/1495/134 1924/1494/134
f 1925/1495/134 1928/1498/136 1929/1499/136
f 1927/1497/135 1930/1500/137 1931/1501/137
f 1930/1500/137 1927/1497/135 1926/1496/135
f 1932/1502/138 1929/1499/136 1928/1498/136
f 1929/1499/136 1932/1502/138 1933/1503/138
f 1931/1501/137 1933/1503/138 1932/1502/138
f 1933/1503/138 1931/1501/137 1930/1500/137
o SketchUp.012
v 0.529179 2.165256 -0.000000
v 0.519611 2.166260 -0.000000
v 0.529851 2.164993 -0.000000
v 0.519540 2.166452 -0.000000
v 0.529179 2.165256 -0.000000
v 0.519540 2.166452 0.004313
v 0.519540 2.166452 -0.000000
v 0.529179 2.165256 0.004313
v 0.519611 2.166260 -0.000000
v 0.519540 2.166452 0.004313
v 0.519611 2.166260 0.004313
v 0.519540 2.166452 -0.000000
v 0.529851 2.164993 0.004313
v 0.519611 2.166260 -0.000000
v 0.519611 2.166260 0.004313
v 0.529851 2.164993 -0.000000
v 0.529851 2.164993 -0.000000
v 0.529851 2.164993 0.004313
vn -0.0000 -0.0000 1.0000
vn -0.2457 -0.9694 -0.0000
vn -0.1231 -0.9924 -0.0000
vn 0.9374 0.3482 -0.0000
vn 0.1228 0.9924 -0.0000
vn -0.3639 -0.9314 -0.0000
vt 6.037796 24.705002
vt 5.928627 24.716459
vt 6.045468 24.702002
vt 5.927813 24.718649
vt 0.000000 -2.949404
vt 0.049213 -2.838577
vt 0.000000 -2.838577
vt 0.049213 -2.949404
vt 0.000000 21.091860
vt -0.049213 21.094189
vt -0.049213 21.091860
vt 0.000000 21.094189
vt -0.049213 -2.965887
vt -0.000000 -2.848155
vt -0.049213 -2.848155
vt -0.000000 -2.965887
vt -0.000000 3.352609
vt 0.049213 3.360844
vt -0.000000 3.360844
vt 0.049213 3.352609
s 1
usemtl Wood_Floor_Parquet
f 1934/1504/139 1935/1505/139 1936/1506/139
f 1935/1505/139 1934/1504/139 1937/1507/139
f 1938/1508/140 1939/1509/141 1940/1510/141
f 1939/1509/141 1938/1508/140 1941/1511/140
f 1942/1512/142 1943/1513/142 1944/1514/142
f 1943/1513/142 1942/1512/142 1945/1515/142
f 1946/1516/143 1947/1517/143 1948/1518/143
f 1947/1517/143 1946/1516/143 1949/1519/143
f 1950/1520/144 1941/1521/140 1938/1522/140
f 1941/1521/140 1950/1520/144 1951/1523/144
o SketchUp.013
v 0.495589 2.181153 -0.000000
v 0.496621 2.181033 -0.000000
v 0.496514 2.181071 -0.000000
vn -0.0000 -0.0000 1.0000
vt 5.654537 24.886389
vt 5.666314 24.885010
vt 5.665098 24.885460
s 1
usemtl Wood_Floor_Parquet
f 1952/1524/145 1953/1525/145 1954/1526/145
o SketchUp.014
v 0.491572 2.181622 -0.000000
v 0.491011 2.181556 -0.000000
v 0.495589 2.181153 -0.000000
vn -0.0000 -0.0000 1.0000
vt 5.608706 24.891729
vt 5.602312 24.890989
vt 5.654537 24.886389
s 1
usemtl Wood_Floor_Parquet
f 1955/1527/146 1956/1528/146 1957/1529/146
o SketchUp.015
v 0.490762 2.181578 -0.000000
v 0.489899 2.181427 -0.000000
v 0.491011 2.181556 -0.000000
vn -0.0000 -0.0000 1.0000
vt 5.599472 24.891239
vt 5.589626 24.889509
vt 5.602312 24.890989
s 1
usemtl Wood_Floor_Parquet
f 1958/1530/147 1959/1531/147 1960/1532/147
o SketchUp.016
v 0.463955 2.166313 -0.000000
v 0.453965 2.165256 -0.000000
v 0.453292 2.164993 -0.000000
v 0.463986 2.166499 -0.000000
v 0.463955 2.166313 0.004313
v 0.453292 2.164993 -0.000000
v 0.453292 2.164993 0.004313
v 0.463955 2.166313 -0.000000
v 0.463986 2.166499 0.004313
v 0.463955 2.166313 -0.000000
v 0.463955 2.166313 0.004313
v 0.463986 2.166499 -0.000000
v 0.463986 2.166499 -0.000000
v 0.453965 2.165256 0.004313
v 0.453965 2.165256 -0.000000
v 0.463986 2.166499 0.004313
v 0.453292 2.164993 0.004313
v 0.453292 2.164993 -0.000000
vn -0.0000 -0.0000 1.0000
vn -0.1228 0.9924 -0.0000
vn -0.9861 0.1662 -0.0000
vn -0.9860 0.1665 -0.0000
vn -0.9862 0.1658 -0.0000
vn 0.1231 -0.9924 -0.0000
vn 0.2454 -0.9694 -0.0000
vn 0.3640 -0.9314 -0.0000
vn 0.3639 -0.9314 -0.0000
vt 5.293604 24.717060
vt 5.179615 24.705002
vt 5.171944 24.702002
vt 5.293963 24.719189
vt 0.049213 8.289189
vt 0.000000 8.166602
vt 0.049213 8.166602
vt 0.000000 8.289189
vt 0.049213 25.255280
vt -0.000000 25.253119
vt 0.049213 25.253119
vt -0.000000 25.255280
vt -0.000000 8.297845
vt -0.049213 8.182621
vt -0.000000 8.182621
vt -0.049213 8.297845
vt 0.000000 13.810050
vt -0.049213 13.801820
vt 0.000000 13.801820
vt -0.049213 13.810050
s 1
usemtl Wood_Floor_Parquet
f 1961/1533/148 1962/1534/148 1963/1535/148
f 1962/1534/148 1961/1533/148 1964/1536/148
f 1965/1537/149 1966/1538/149 1967/1539/149
f 1966/1538/149 1965/1537/149 1968/1540/149
f 1969/1541/150 1970/1542/150 1971/1543/151
f 1970/1542/150 1969/1541/150 1972/1544/152
f 1973/1545/153 1974/1546/154 1975/1547/154
f 1974/1546/154 1973/1545/153 1976/1548/153
f 1975/1549/154 1977/1550/155 1978/1551/156
f 1977/1550/155 1975/1549/154 1974/1552/154
o SketchUp.017
v 2.133378 2.062067 0.007189
v 2.116911 2.032959 0.007189
v 2.129851 2.032959 0.007189
v 2.120879 2.065706 0.007189
v 2.143719 2.089191 0.007189
v 2.132514 2.096220 0.007189
v 2.160170 2.112483 0.007189
v 2.151021 2.122423 0.007189
v 2.181609 2.130355 0.007189
v 2.175140 2.142530 0.007189
v 2.206576 2.141590 0.007189
v 2.210689 2.142179 0.007189
v 2.207963 2.146011 0.007189
v 2.203227 2.155169 0.007189
v 2.205342 2.153045 0.007189
v 2.205115 2.155440 0.007189
v 2.210689 2.142179 -0.000000
v 2.206576 2.141590 0.007189
v 2.206576 2.141590 -0.000000
v 2.210689 2.142179 0.007189
v 2.233226 2.181622 0.007189
v 2.232416 2.181578 0.007189
v 2.232665 2.181556 0.007189
v 2.239803 2.131455 0.007189
v 2.224928 2.131992 0.007189
v 2.232330 2.130744 0.007189
v 2.246837 2.134075 0.007189
v 2.218101 2.135113 0.007189
v 2.252954 2.138427 0.007189
v 2.234319 2.137383 0.007189
v 2.240006 2.138382 0.007189
v 2.245241 2.140819 0.007189
v 2.256053 2.142178 0.007189
v 2.248202 2.143301 0.007189
v 2.257735 2.144214 0.007189
v 2.249666 2.144528 0.007189
v 2.260856 2.151041 0.007189
v 2.252981 2.149256 0.007189
v 2.254959 2.154680 0.007189
v 2.261598 2.155443 0.007189
v 2.255108 2.156371 0.007189
v 2.261651 2.155757 0.007189
v 2.262104 2.158442 0.007189
v 2.255129 2.156615 0.007189
v 2.255466 2.160432 0.007189
v 2.261393 2.165915 0.007189
v 2.254466 2.166119 0.007189
v 2.261265 2.166260 0.007189
v 2.253981 2.167162 0.007189
v 2.261194 2.166452 0.007189
v 2.258773 2.172950 0.007189
v 2.253889 2.167358 0.007189
v 2.252029 2.171353 0.007189
v 2.248321 2.175779 0.007189
v 2.254421 2.179066 0.007189
v 2.243593 2.179093 0.007189
v 2.254304 2.179163 0.007189
v 2.238275 2.181033 0.007189
v 2.248635 2.183848 0.007189
v 2.238168 2.181071 0.007189
v 2.237242 2.181153 0.007189
v 2.228568 2.137889 0.007189
v 2.212315 2.139895 0.007189
v 2.223143 2.139868 0.007189
v 2.218415 2.143182 0.007189
v 2.210689 2.142179 0.007189
v 2.207963 2.146011 0.007189
v 2.218339 2.143273 0.007189
v 2.214706 2.147608 0.007189
v 2.205342 2.153045 0.007189
v 2.212270 2.152842 0.007189
v 2.211649 2.156374 0.007189
v 2.205115 2.155440 0.007189
v 2.205084 2.155757 0.007189
v 2.204632 2.160518 0.007189
v 2.211606 2.156615 0.007189
v 2.211270 2.158529 0.007189
v 2.211777 2.164281 0.007189
v 2.205608 2.166313 0.007189
v 2.212844 2.167208 0.007189
v 2.205640 2.166499 0.007189
v 2.205879 2.167920 0.007189
v 2.212915 2.167402 0.007189
v 2.213755 2.169705 0.007189
v 2.209001 2.174747 0.007189
v 2.217069 2.174433 0.007189
v 2.221495 2.178142 0.007189
v 2.212703 2.179228 0.007189
v 2.226729 2.180579 0.007189
v 2.213782 2.180534 0.007189
v 2.219898 2.184885 0.007189
v 2.231553 2.181427 0.007189
v 2.241807 2.186969 0.007189
v 2.226933 2.187506 0.007189
v 2.234406 2.188216 0.007189
v 2.129851 2.032959 -0.000000
v 2.133378 2.062067 0.007189
v 2.129851 2.032959 0.007189
v 2.133378 2.062067 -0.000000
v 2.143719 2.089191 0.007189
v 2.143719 2.089191 -0.000000
v 2.160170 2.112483 0.007189
v 2.160170 2.112483 -0.000000
v 2.181609 2.130355 -0.000000
v 2.181609 2.130355 0.007189
v 2.210689 2.142179 -0.000000
v 2.212315 2.139895 0.007189
v 2.210689 2.142179 0.007189
v 2.212315 2.139895 -0.000000
v 2.204632 2.160518 0.007189
v 2.205608 2.166313 0.008626
v 2.204632 2.160518 0.008626
v 2.205608 2.166313 0.007189
v 2.205084 2.155757 0.008626
v 2.205084 2.155757 0.007189
v 2.218101 2.135113 -0.000000
v 2.218101 2.135113 0.007189
v 2.224928 2.131992 -0.000000
v 2.224928 2.131992 0.007189
v 2.232330 2.130744 -0.000000
v 2.232330 2.130744 0.007189
v 2.239803 2.131455 -0.000000
v 2.239803 2.131455 0.007189
v 2.246837 2.134075 -0.000000
v 2.246837 2.134075 0.007189
v 2.252954 2.138427 -0.000000
v 2.252954 2.138427 0.007189
v 2.256053 2.142178 -0.000000
v 2.256053 2.142178 0.007189
v 2.345856 2.065706 0.007189
v 2.336885 2.032959 0.007189
v 2.349824 2.032959 0.007189
v 2.333358 2.062067 0.007189
v 2.323016 2.089191 0.007189
v 2.334222 2.096220 0.007189
v 2.306565 2.112483 0.007189
v 2.315715 2.122423 0.007189
v 2.285126 2.130355 0.007189
v 2.291596 2.142530 0.007189
v 2.260160 2.141590 0.007189
v 2.256053 2.142178 0.007189
v 2.257735 2.144214 0.007189
v 2.263509 2.155169 0.007189
v 2.260856 2.151041 0.007189
v 2.261598 2.155443 0.007189
v 2.370331 2.032959 0.007189
v 2.355577 2.065706 0.007189
v 2.359889 2.032959 0.007189
v 2.366047 2.068188 0.007189
v 2.342938 2.096220 0.007189
v 2.352792 2.101107 0.007189
v 2.322831 2.122423 0.007189
v 2.331468 2.129474 0.007189
v 2.296628 2.142530 0.007189
v 2.303530 2.151355 0.007189
v 2.266114 2.155169 0.007189
v 2.271505 2.164993 0.007189
v 2.261651 2.155757 0.007189
v 2.262104 2.158442 0.007189
v 2.261393 2.165915 0.007189
v 2.261265 2.166260 0.007189
v 2.395291 2.071436 0.007189
v 2.387280 2.032959 0.007189
v 2.401008 2.032959 0.007189
v 2.382031 2.068288 0.007189
v 2.366641 2.101209 0.007189
v 2.378530 2.107290 0.007189
v 2.342159 2.129479 0.007189
v 2.351866 2.138079 0.007189
v 2.310253 2.151171 0.007189
v 2.317117 2.161704 0.007189
v 2.273098 2.164807 0.007189
v 2.276651 2.176556 0.007189
v 2.271505 2.164993 0.007189
v 2.270833 2.165256 0.007189
v 2.261194 2.166452 0.007189
v 2.258773 2.172950 0.007189
v 2.254421 2.179066 0.007189
v 2.254304 2.179163 0.007189
v 2.254304 2.179163 0.007189
v 2.248635 2.183848 -0.000000
v 2.248635 2.183848 0.007189
v 2.254304 2.179163 -0.000000
v 2.241807 2.186969 -0.000000
v 2.241807 2.186969 0.007189
v 2.234406 2.188216 -0.000000
v 2.234406 2.188216 0.007189
v 2.226933 2.187506 -0.000000
v 2.226933 2.187506 0.007189
v 2.219898 2.184885 -0.000000
v 2.219898 2.184885 0.007189
v 2.213782 2.180534 -0.000000
v 2.213782 2.180534 0.007189
v 2.212703 2.179228 0.007189
v 2.212703 2.179228 -0.000000
v 2.084420 2.068288 0.007189
v 2.065443 2.032959 0.007189
v 2.079171 2.032959 0.007189
v 2.071160 2.071436 0.007189
v 2.099810 2.101209 0.007189
v 2.087922 2.107290 0.007189
v 2.124292 2.129479 0.007189
v 2.114585 2.138079 0.007189
v 2.156198 2.151171 0.007189
v 2.149334 2.161704 0.007189
v 2.193353 2.164807 0.007189
v 2.189800 2.176556 0.007189
v 2.194946 2.164993 0.007189
v 2.195618 2.165256 0.007189
v 2.205640 2.166499 0.007189
v 2.205879 2.167920 0.007189
v 2.209001 2.174747 0.007189
v 2.212703 2.179228 0.007189
v 2.111158 2.065706 0.008626
v 2.096405 2.032959 0.008626
v 2.106847 2.032959 0.008626
v 2.100635 2.068157 0.008626
v 2.123797 2.096220 0.008626
v 2.113831 2.101061 0.008626
v 2.143904 2.122423 0.008626
v 2.135094 2.129428 0.008626
v 2.170107 2.142530 0.008626
v 2.162974 2.151325 0.008626
v 2.200622 2.155169 0.008626
v 2.194946 2.164993 0.008626
v 2.205084 2.155757 0.008626
v 2.204632 2.160518 0.008626
v 2.205608 2.166313 0.008626
v 2.205084 2.155757 -0.000000
v 2.200622 2.155169 0.008626
v 2.200622 2.155169 -0.000000
v 2.205084 2.155757 0.008626
v 2.205084 2.155757 0.007189
v 2.263509 2.155169 0.007189
v 2.261598 2.155443 -0.000000
v 2.261598 2.155443 0.007189
v 2.263509 2.155169 -0.000000
v 2.349824 2.032959 -0.000000
v 2.345856 2.065706 0.007189
v 2.349824 2.032959 0.007189
v 2.345856 2.065706 -0.000000
v 2.334222 2.096220 0.007189
v 2.334222 2.096220 -0.000000
v 2.315715 2.122423 0.007189
v 2.315715 2.122423 -0.000000
v 2.291596 2.142530 -0.000000
v 2.291596 2.142530 0.007189
v 2.370331 2.032959 -0.000000
v 2.366047 2.068188 0.007189
v 2.370331 2.032959 0.007189
v 2.366047 2.068188 -0.000000
v 2.352792 2.101107 0.007189
v 2.352792 2.101107 -0.000000
v 2.331468 2.129474 0.007189
v 2.331468 2.129474 -0.000000
v 2.303530 2.151355 -0.000000
v 2.303530 2.151355 0.007189
v 2.271505 2.164993 -0.000000
v 2.271505 2.164993 0.007189
v 2.276651 2.176556 0.007189
v 2.254304 2.179163 -0.000000
v 2.254304 2.179163 0.007189
v 2.276651 2.176556 -0.000000
v 2.401008 2.032959 0.007189
v 2.395291 2.071436 -0.000000
v 2.395291 2.071436 0.007189
v 2.401008 2.032959 -0.000000
v 2.378530 2.107290 -0.000000
v 2.378530 2.107290 0.007189
v 2.351866 2.138079 -0.000000
v 2.351866 2.138079 0.007189
v 2.317117 2.161704 -0.000000
v 2.317117 2.161704 0.007189
v 2.212703 2.179228 0.007189
v 2.189800 2.176556 -0.000000
v 2.189800 2.176556 0.007189
v 2.212703 2.179228 -0.000000
v 2.149334 2.161704 -0.000000
v 2.149334 2.161704 0.007189
v 2.114585 2.138079 -0.000000
v 2.114585 2.138079 0.007189
v 2.087922 2.107290 0.007189
v 2.087922 2.107290 -0.000000
v 2.071160 2.071436 0.007189
v 2.071160 2.071436 -0.000000
v 2.065443 2.032959 0.007189
v 2.065443 2.032959 -0.000000
v 2.079171 2.032959 0.007189
v 2.084420 2.068288 -0.000000
v 2.084420 2.068288 0.007189
v 2.079171 2.032959 -0.000000
v 2.099810 2.101209 -0.000000
v 2.099810 2.101209 0.007189
v 2.124292 2.129479 -0.000000
v 2.124292 2.129479 0.007189
v 2.156198 2.151171 -0.000000
v 2.156198 2.151171 0.007189
v 2.193353 2.164807 -0.000000
v 2.193353 2.164807 0.007189
v 2.194946 2.164993 -0.000000
v 2.194946 2.164993 0.007189
v 2.106847 2.032959 -0.000000
v 2.111158 2.065706 0.008626
v 2.106847 2.032959 0.008626
v 2.111158 2.065706 -0.000000
v 2.123797 2.096220 0.008626
v 2.123797 2.096220 -0.000000
v 2.143904 2.122423 0.008626
v 2.143904 2.122423 -0.000000
v 2.170107 2.142530 -0.000000
v 2.170107 2.142530 0.008626
vn -0.0000 -0.0000 1.0000
vn 0.1417 -0.9899 -0.0000
vn 0.2788 -0.9604 -0.0000
vn 0.9927 -0.1203 -0.0000
vn 0.9708 -0.2400 -0.0000
vn 0.8825 -0.4703 -0.0000
vn 0.7348 -0.6783 -0.0000
vn 0.5302 -0.8479 -0.0000
vn 0.5302 -0.8478 -0.0000
vn -0.8146 -0.5800 -0.0000
vn -0.7321 -0.6812 -0.0000
vn 0.9993 -0.0361 -0.0000
vn 0.9861 -0.1660 -0.0000
vn 0.9955 0.0945 -0.0000
vn -0.5310 -0.8474 -0.0000
vn -0.5309 -0.8474 -0.0000
vn -0.2935 -0.9560 -0.0000
vn -0.0361 -0.9993 -0.0000
vn 0.2238 -0.9746 -0.0000
vn 0.4684 -0.8835 -0.0000
vn 0.6811 -0.7322 -0.0000
vn 0.6812 -0.7321 -0.0000
vn 0.7709 -0.6369 -0.0000
vn 0.7710 -0.6369 -0.0000
vn 0.6370 0.7708 -0.0000
vn 0.5309 0.8474 -0.0000
vn 0.2934 0.9560 -0.0000
vn 0.0361 0.9993 -0.0000
vn -0.2238 0.9746 -0.0000
vn -0.4684 0.8835 -0.0000
vn -0.6811 0.7322 -0.0000
vn -0.7708 0.6371 -0.0000
vn -0.7709 0.6369 -0.0000
vn 0.1306 -0.9914 -0.0000
vn 0.2589 -0.9659 -0.0000
vn -0.0000 -0.0000 -0.0000
vn 0.2789 0.9603 -0.0000
vn 0.1416 0.9899 -0.0000
vn 0.1419 0.9899 -0.0000
vn 0.9927 0.1203 -0.0000
vn 0.9708 0.2400 -0.0000
vn 0.8825 0.4703 -0.0000
vn 0.7348 0.6783 -0.0000
vn 0.5302 0.8478 -0.0000
vn 0.9927 0.1207 -0.0000
vn 0.9684 0.2493 -0.0000
vn 0.9684 0.2492 -0.0000
vn 0.8709 0.4914 -0.0000
vn 0.7141 0.7001 -0.0000
vn 0.5086 0.8610 -0.0000
vn 0.3918 0.9200 -0.0000
vn 0.2318 0.9728 -0.0000
vn 0.1159 0.9933 -0.0000
vn 0.9891 0.1470 -0.0000
vn 0.9576 0.2883 -0.0000
vn 0.9576 0.2882 -0.0000
vn 0.8389 0.5443 -0.0000
vn 0.6647 0.7471 -0.0000
vn 0.4568 0.8896 -0.0000
vn -0.1159 0.9933 -0.0000
vn -0.2318 0.9728 -0.0000
vn -0.4568 0.8896 -0.0000
vn -0.6647 0.7471 -0.0000
vn -0.8389 0.5443 -0.0000
vn -0.9576 0.2883 -0.0000
vn -0.9891 0.1470 -0.0000
vn 0.9891 -0.1470 -0.0000
vn 0.9576 -0.2882 -0.0000
vn 0.8389 -0.5443 -0.0000
vn 0.6647 -0.7471 -0.0000
vn 0.4568 -0.8896 -0.0000
vn 0.2318 -0.9728 -0.0000
vn 0.2319 -0.9728 -0.0000
vn 0.1159 -0.9933 -0.0000
vn 0.1160 -0.9933 -0.0000
vn 0.9914 -0.1305 -0.0000
vn 0.9659 -0.2588 -0.0000
vn 0.8660 -0.5000 -0.0000
vn 0.7071 -0.7071 -0.0000
vn 0.5000 -0.8660 -0.0000
vt 24.341290 23.527649
vt 24.153399 23.195539
vt 24.301039 23.195539
vt 24.198679 23.569159
vt 24.459280 23.837120
vt 24.331419 23.917320
vt 24.646980 24.102879
vt 24.542580 24.216299
vt 24.891590 24.306799
vt 24.817770 24.445709
vt 25.176449 24.434990
vt 25.223389 24.441700
vt 25.192280 24.485430
vt 25.138239 24.589920
vt 25.162380 24.565680
vt 25.159779 24.593000
vt 0.000000 28.429949
vt -0.082021 28.382540
vt 0.000000 28.382540
vt -0.082021 28.429949
vt 25.480520 24.891729
vt 25.471289 24.891239
vt 25.474129 24.890989
vt 25.555569 24.319340
vt 25.385849 24.325470
vt 25.470299 24.311239
vt 25.635818 24.349239
vt 25.307949 24.361080
vt 25.705610 24.398899
vt 25.493002 24.386980
vt 25.557890 24.398380
vt 25.617609 24.426189
vt 25.740969 24.441689
vt 25.651400 24.454500
vt 25.760170 24.464920
vt 25.668098 24.468500
vt 25.795780 24.542809
vt 25.705919 24.522449
vt 25.728489 24.584339
vt 25.804239 24.593039
vt 25.730190 24.603630
vt 25.804850 24.596619
vt 25.810009 24.627270
vt 25.730440 24.606419
vt 25.734270 24.649969
vt 25.801908 24.712530
vt 25.722870 24.714849
vt 25.800440 24.716459
vt 25.717329 24.726749
vt 25.799629 24.718649
vt 25.772009 24.792789
vt 25.716290 24.728989
vt 25.695059 24.774580
vt 25.652750 24.825069
vt 25.722349 24.862570
vt 25.598799 24.862890
vt 25.721020 24.863680
vt 25.538130 24.885010
vt 25.656330 24.917130
vt 25.536909 24.885460
vt 25.526350 24.886389
vt 25.427380 24.392759
vt 25.241930 24.415640
vt 25.365479 24.415329
vt 25.311539 24.453150
vt 25.310669 24.454189
vt 25.269218 24.503639
vt 25.241419 24.563360
vt 25.234329 24.603659
vt 25.159439 24.596619
vt 25.154270 24.650949
vt 25.233849 24.606419
vt 25.230009 24.628250
vt 25.235800 24.693880
vt 25.165419 24.717060
vt 25.247969 24.727280
vt 25.165779 24.719189
vt 25.168509 24.735399
vt 25.248779 24.729490
vt 25.258360 24.755770
vt 25.204119 24.813299
vt 25.296179 24.809710
vt 25.346680 24.852030
vt 25.246359 24.864420
vt 25.406399 24.879839
vt 25.258678 24.879320
vt 25.328459 24.928968
vt 25.461439 24.889509
vt 25.578440 24.952740
vt 25.408720 24.958870
vt 25.493979 24.966980
vt 0.000000 25.950499
vt -0.082021 26.285040
vt -0.082021 25.950499
vt 0.000000 26.285040
vt 0.000000 30.655600
vt -0.082021 30.986809
vt -0.082021 30.655600
vt 0.000000 30.986809
vt 0.000000 33.581108
vt -0.082021 33.906467
vt -0.082021 33.581108
vt 0.000000 33.906467
vt 0.000000 34.683578
vt -0.082021 34.365108
vt 0.000000 34.365108
vt -0.082021 34.683578
vt 0.000000 32.986298
vt -0.082021 32.673927
vt 0.000000 32.673927
vt -0.082021 32.986298
vt -0.000000 5.292362
vt 0.082021 5.260378
vt 0.082021 5.292362
vt -0.000000 5.260378
vt 0.067332 0.016404
vt 0.000000 0.000000
vt 0.067332 0.000000
vt 0.000000 0.016404
vt 0.122121 0.000000
vt 0.122121 0.016404
vt -0.000000 -3.991189
vt 0.082021 -3.905542
vt -0.000000 -3.905542
vt 0.082021 -3.991189
vt -0.000000 -12.973680
vt 0.082021 -12.888030
vt -0.000000 -12.888030
vt 0.082021 -12.973680
vt -0.000000 -21.074959
vt 0.082021 -20.989309
vt -0.000000 -20.989309
vt 0.082021 -21.074959
vt -0.000000 27.742929
vt -0.082021 27.657280
vt -0.000000 27.657280
vt -0.082021 27.742929
vt -0.000000 32.523178
vt -0.082021 32.437531
vt -0.000000 32.437531
vt -0.082021 32.523178
vt -0.000000 35.089951
vt -0.082021 35.004311
vt -0.000000 35.004311
vt -0.082021 35.089951
vt -0.082021 35.182671
vt -0.000000 35.238190
vt -0.082021 35.238190
vt -0.000000 35.182671
vt 26.765610 23.569159
vt 26.663250 23.195539
vt 26.810879 23.195539
vt 26.623001 23.527649
vt 26.505009 23.837120
vt 26.632870 23.917320
vt 26.317308 24.102879
vt 26.421700 24.216299
vt 26.072689 24.306799
vt 26.146509 24.445709
vt 25.787840 24.434990
vt 25.826050 24.589920
vt 27.044849 23.195539
vt 26.876520 23.569159
vt 26.925709 23.195539
vt 26.995979 23.597479
vt 26.732309 23.917320
vt 26.844740 23.973080
vt 26.502899 24.216299
vt 26.601439 24.296740
vt 26.203930 24.445709
vt 26.282669 24.546400
vt 25.855770 24.589920
vt 25.917280 24.702002
vt 27.329639 23.634550
vt 27.238239 23.195539
vt 27.394869 23.195539
vt 27.178349 23.598629
vt 27.002748 23.974249
vt 27.138399 24.043640
vt 26.723419 24.296799
vt 26.834169 24.394930
vt 26.359379 24.544300
vt 26.437700 24.664490
vt 25.935450 24.699890
vt 25.975990 24.833939
vt 25.909609 24.705002
vt 0.532926 0.000000
vt 0.448752 0.082021
vt 0.448752 0.000000
vt 0.532926 0.082021
vt 0.362860 0.082021
vt 0.362860 0.000000
vt 0.276967 0.082021
vt 0.276967 0.000000
vt 0.191075 0.082021
vt 0.191075 -0.000000
vt 0.105183 0.082021
vt 0.105183 0.000000
vt 0.019291 0.082021
vt 0.019291 0.000000
vt -0.000000 0.082021
vt 23.782690 23.598629
vt 23.566170 23.195539
vt 23.722790 23.195539
vt 23.631399 23.634550
vt 23.958290 23.974249
vt 23.822639 24.043640
vt 24.237619 24.296799
vt 24.126869 24.394930
vt 24.601660 24.544300
vt 24.523340 24.664490
vt 25.025589 24.699890
vt 24.985050 24.833939
vt 25.043760 24.702002
vt 25.051430 24.705002
vt 24.087759 23.569159
vt 23.919430 23.195539
vt 24.038568 23.195539
vt 23.967699 23.597139
vt 24.231979 23.917320
vt 24.118259 23.972559
vt 24.461390 24.216299
vt 24.360859 24.296219
vt 24.760359 24.445709
vt 24.678968 24.546059
vt 25.108519 24.589920
vt 0.000000 28.154699
vt -0.098425 28.103340
vt 0.000000 28.103340
vt -0.098425 28.154699
vt -0.082021 28.154699
vt -0.082021 -22.084200
vt 0.000000 -22.062180
vt -0.082021 -22.062180
vt 0.000000 -22.084200
vt -0.000000 19.801729
vt -0.082021 20.178089
vt -0.082021 19.801729
vt -0.000000 20.178089
vt -0.000000 12.487550
vt -0.082021 12.860160
vt -0.082021 12.487550
vt -0.000000 12.860160
vt -0.000000 4.171296
vt -0.082021 4.537321
vt -0.082021 4.171296
vt -0.000000 4.537321
vt -0.082021 -4.788410
vt -0.000000 -4.430138
vt -0.082021 -4.430138
vt -0.000000 -4.788410
vt -0.082021 -13.811640
vt -0.000000 -13.460219
vt -0.082021 -13.460219
vt -0.000000 -13.811640
vt 0.000000 -0.082021
vt 0.401524 -0.000000
vt 0.401524 -0.082021
vt 0.803048 0.000000
vt 0.803048 -0.082021
vt 1.204572 0.000000
vt 1.204572 -0.082021
vt 1.606097 -0.082021
vt 1.606097 0.000000
vt 2.000000 -0.082021
vt 2.000000 -0.000000
vt -0.082021 -22.923689
vt 0.000000 -22.666990
vt -0.082021 -22.666990
vt 0.000000 -22.923689
vt -0.082021 18.917379
vt -0.000000 19.361210
vt -0.082021 19.361210
vt -0.000000 18.917379
vt -0.082021 9.836465
vt 0.000000 10.288050
vt -0.082021 10.288050
vt 0.000000 9.836465
vt -0.082021 0.409175
vt 0.000000 0.873891
vt -0.082021 0.873891
vt 0.000000 0.409175
vt -0.082021 -8.475208
vt 0.000000 -7.995777
vt -0.082021 -7.995777
vt 0.000000 -8.475208
vt -0.082021 -16.321100
vt 0.000000 -15.829289
vt -0.082021 -15.829289
vt 0.000000 -16.321100
vt 0.082021 27.957220
vt 0.000000 27.694130
vt 0.082021 27.694130
vt 0.000000 27.957220
vt 0.082021 32.011520
vt 0.000000 31.519699
vt 0.082021 31.519699
vt 0.000000 32.011520
vt 0.082021 34.147560
vt 0.000000 33.668129
vt 0.082021 33.668129
vt 0.000000 34.147560
vt 0.000000 34.235569
vt 0.082021 33.770847
vt 0.082021 34.235569
vt 0.000000 33.770847
vt 0.000000 31.869879
vt 0.082021 31.418299
vt 0.082021 31.869879
vt 0.000000 31.418299
vt 0.000000 26.851040
vt 0.082021 26.407209
vt 0.082021 26.851040
vt -0.000000 26.407209
vt -0.082021 26.430229
vt 0.000000 26.837740
vt -0.082021 26.837740
vt 0.000000 26.430229
vt -0.082021 31.449829
vt -0.000000 31.864470
vt -0.082021 31.864470
vt -0.000000 31.449829
vt -0.082021 33.807198
vt -0.000000 34.233891
vt -0.082021 34.233891
vt -0.000000 33.807198
vt -0.000000 34.144749
vt -0.082021 33.704540
vt -0.000000 33.704540
vt -0.082021 34.144749
vt -0.000000 32.003387
vt -0.082021 31.551809
vt -0.000000 31.551809
vt -0.082021 32.003387
vt -0.000000 27.737160
vt -0.082021 27.718859
vt -0.000000 27.718859
vt -0.082021 27.737160
vt -0.000000 26.134760
vt -0.098425 26.511610
vt -0.098425 26.134760
vt -0.000000 26.511610
vt 0.000000 30.993050
vt -0.098425 31.369900
vt -0.098425 30.993050
vt 0.000000 31.369900
vt 0.000000 33.726379
vt -0.098425 34.103230
vt -0.098425 33.726379
vt 0.000000 34.103230
vt 0.000000 34.525318
vt -0.098425 34.148468
vt 0.000000 34.148468
vt -0.098425 34.525318
vt 0.000000 32.607399
vt -0.098425 32.230560
vt 0.000000 32.230560
vt -0.098425 32.607399
s 1
usemtl Wood_Floor
f 1979/1553/157 1980/1554/157 1981/1555/157
f 1980/1554/157 1979/1553/157 1982/1556/157
f 1982/1556/157 1979/1553/157 1983/1557/157
f 1982/1556/157 1983/1557/157 1984/1558/157
f 1984/1558/157 1983/1557/157 1985/1559/157
f 1984/1558/157 1985/1559/157 1986/1560/157
f 1986/1560/157 1985/1559/157 1987/1561/157
f 1986/1560/157 1987/1561/157 1988/1562/157
f 1988/1562/157 1987/1561/157 1989/1563/157
f 1988/1562/157 1989/1563/157 1990/1564/157
f 1988/1562/157 1990/1564/157 1991/1565/157
f 1988/1562/157 1991/1565/157 1992/1566/157
f 1992/1566/157 1991/1565/157 1993/1567/157
f 1992/1566/157 1993/1567/157 1994/1568/157
f 1995/1569/158 1996/1570/159 1997/1571/159
f 1996/1570/159 1995/1569/158 1998/1572/158
f 1999/1573/157 2000/1574/157 2001/1575/157
f 2002/1576/157 2003/1577/157 2004/1578/157
f 2003/1577/157 2002/1576/157 2005/1579/157
f 2003/1577/157 2005/1579/157 2006/1580/157
f 2006/1580/157 2005/1579/157 2007/1581/157
f 2006/1580/157 2007/1581/157 2008/1582/157
f 2008/1582/157 2007/1581/157 2009/1583/157
f 2009/1583/157 2007/1581/157 2010/1584/157
f 2010/1584/157 2007/1581/157 2011/1585/157
f 2010/1584/157 2011/1585/157 2012/1586/157
f 2012/1586/157 2011/1585/157 2013/1587/157
f 2012/1586/157 2013/1587/157 2014/1588/157
f 2014/1588/157 2013/1587/157 2015/1589/157
f 2014/1588/157 2015/1589/157 2016/1590/157
f 2016/1590/157 2015/1589/157 2017/1591/157
f 2017/1591/157 2015/1589/157 2018/1592/157
f 2017/1591/157 2018/1592/157 2019/1593/157
f 2019/1593/157 2018/1592/157 2020/1594/157
f 2019/1593/157 2020/1594/157 2021/1595/157
f 2019/1593/157 2021/1595/157 2022/1596/157
f 2022/1596/157 2021/1595/157 2023/1597/157
f 2023/1597/157 2021/1595/157 2024/1598/157
f 2023/1597/157 2024/1598/157 2025/1599/157
f 2025/1599/157 2024/1598/157 2026/1600/157
f 2025/1599/157 2026/1600/157 2027/1601/157
f 2027/1601/157 2026/1600/157 2028/1602/157
f 2027/1601/157 2028/1602/157 2029/1603/157
f 2027/1601/157 2029/1603/157 2030/1604/157
f 2030/1604/157 2029/1603/157 2031/1605/157
f 2031/1605/157 2029/1603/157 2032/1606/157
f 2032/1606/157 2029/1603/157 2033/1607/157
f 2032/1606/157 2033/1607/157 2034/1608/157
f 2034/1608/157 2033/1607/157 2035/1609/157
f 2034/1608/157 2035/1609/157 2036/1610/157
f 2036/1610/157 2035/1609/157 2037/1611/157
f 2036/1610/157 2037/1611/157 2038/1612/157
f 2038/1612/157 2037/1611/157 2039/1613/157
f 2039/1613/157 2037/1611/157 1999/1573/157
f 2006/1580/157 2040/1614/157 2041/1615/157
f 2040/1614/157 2006/1580/157 2008/1582/157
f 2041/1615/157 2040/1614/157 2042/1616/157
f 2041/1615/157 2042/1616/157 2043/1617/157
f 2041/1615/157 2043/1617/157 2044/1564/157
f 2044/1564/157 2043/1617/157 2045/1565/157
f 2045/1565/157 2043/1617/157 2046/1618/157
f 2045/1565/157 2046/1618/157 2047/1619/157
f 2045/1565/157 2047/1619/157 2048/1567/157
f 2048/1567/157 2047/1619/157 2049/1620/157
f 2048/1567/157 2049/1620/157 2050/1621/157
f 2048/1567/157 2050/1621/157 2051/1568/157
f 2051/1568/157 2050/1621/157 2052/1622/157
f 2052/1622/157 2050/1621/157 2053/1623/157
f 2053/1623/157 2050/1621/157 2054/1624/157
f 2053/1623/157 2054/1624/157 2055/1625/157
f 2053/1623/157 2055/1625/157 2056/1626/157
f 2053/1623/157 2056/1626/157 2057/1627/157
f 2057/1627/157 2056/1626/157 2058/1628/157
f 2057/1627/157 2058/1628/157 2059/1629/157
f 2059/1629/157 2058/1628/157 2060/1630/157
f 2060/1630/157 2058/1628/157 2061/1631/157
f 2060/1630/157 2061/1631/157 2062/1632/157
f 2060/1630/157 2062/1632/157 2063/1633/157
f 2063/1633/157 2062/1632/157 2064/1634/157
f 2063/1633/157 2064/1634/157 2065/1635/157
f 2063/1633/157 2065/1635/157 2066/1636/157
f 2066/1636/157 2065/1635/157 2067/1637/157
f 2066/1636/157 2067/1637/157 2068/1638/157
f 2068/1638/157 2067/1637/157 2069/1639/157
f 2069/1639/157 2067/1637/157 2070/1640/157
f 2069/1639/157 2070/1640/157 2000/1574/157
f 2069/1639/157 2000/1574/157 1999/1573/157
f 2069/1639/157 1999/1573/157 2037/1611/157
f 2069/1639/157 2037/1611/157 2071/1641/157
f 2069/1639/157 2071/1641/157 2072/1642/157
f 2072/1642/157 2071/1641/157 2073/1643/157
f 2074/1644/160 2075/1645/161 2076/1646/160
f 2075/1645/161 2074/1644/160 2077/1647/161
f 2077/1648/161 2078/1649/162 2075/1650/161
f 2078/1649/162 2077/1648/161 2079/1651/162
f 2079/1652/162 2080/1653/163 2078/1654/162
f 2080/1653/163 2079/1652/162 2081/1655/163
f 2082/1656/164 2080/1657/163 2081/1658/163
f 2080/1657/163 2082/1656/164 2083/1659/165
f 1997/1660/159 2083/1661/165 2082/1662/164
f 2083/1661/165 1997/1660/159 1996/1663/159
f 2084/1664/166 2085/1665/167 2086/1666/166
f 2085/1665/167 2084/1664/166 2087/1667/167
f 2088/1668/168 2089/1669/169 2090/1670/168
f 2089/1669/169 2088/1668/168 2091/1671/169
f 2092/1672/170 2088/1668/168 2090/1670/168
f 2088/1668/168 2092/1672/170 2093/1673/170
f 2094/1674/171 2085/1675/167 2087/1676/167
f 2085/1675/167 2094/1674/171 2095/1677/172
f 2096/1678/173 2095/1679/172 2094/1680/171
f 2095/1679/172 2096/1678/173 2097/1681/173
f 2098/1682/174 2097/1683/173 2096/1684/173
f 2097/1683/173 2098/1682/174 2099/1685/174
f 2100/1686/175 2099/1687/174 2098/1688/174
f 2099/1687/174 2100/1686/175 2101/1689/175
f 2102/1690/176 2101/1691/175 2100/1692/175
f 2101/1691/175 2102/1690/176 2103/1693/176
f 2104/1694/177 2103/1695/176 2102/1696/176
f 2103/1695/176 2104/1694/177 2105/1697/178
f 2105/1698/178 2106/1699/179 2107/1700/180
f 2106/1699/179 2105/1698/178 2104/1701/177
f 2108/1702/157 2109/1703/157 2110/1704/157
f 2109/1703/157 2108/1702/157 2111/1705/157
f 2111/1705/157 2108/1702/157 2112/1706/157
f 2112/1706/157 2108/1702/157 2113/1707/157
f 2112/1706/157 2113/1707/157 2114/1708/157
f 2114/1708/157 2113/1707/157 2115/1709/157
f 2114/1708/157 2115/1709/157 2116/1710/157
f 2116/1710/157 2115/1709/157 2117/1711/157
f 2116/1710/157 2117/1711/157 2118/1712/157
f 2118/1712/157 2117/1711/157 2119/1585/157
f 2119/1585/157 2117/1711/157 2120/1587/157
f 2120/1587/157 2117/1711/157 2121/1713/157
f 2120/1587/157 2121/1713/157 2122/1589/157
f 2122/1589/157 2121/1713/157 2123/1592/157
f 2124/1714/157 2125/1715/157 2126/1716/157
f 2125/1715/157 2124/1714/157 2127/1717/157
f 2125/1715/157 2127/1717/157 2128/1718/157
f 2128/1718/157 2127/1717/157 2129/1719/157
f 2128/1718/157 2129/1719/157 2130/1720/157
f 2130/1720/157 2129/1719/157 2131/1721/157
f 2130/1720/157 2131/1721/157 2132/1722/157
f 2132/1722/157 2131/1721/157 2133/1723/157
f 2132/1722/157 2133/1723/157 2134/1724/157
f 2134/1724/157 2133/1723/157 2135/1725/157
f 2134/1724/157 2135/1725/157 2136/1594/157
f 2136/1594/157 2135/1725/157 2137/1595/157
f 2137/1595/157 2135/1725/157 2138/1598/157
f 2138/1598/157 2135/1725/157 2139/1600/157
f 2140/1726/157 2141/1727/157 2142/1728/157
f 2141/1727/157 2140/1726/157 2143/1729/157
f 2143/1729/157 2140/1726/157 2144/1730/157
f 2144/1730/157 2140/1726/157 2145/1731/157
f 2144/1730/157 2145/1731/157 2146/1732/157
f 2146/1732/157 2145/1731/157 2147/1733/157
f 2146/1732/157 2147/1733/157 2148/1734/157
f 2148/1734/157 2147/1733/157 2149/1735/157
f 2148/1734/157 2149/1735/157 2150/1736/157
f 2150/1736/157 2149/1735/157 2151/1737/157
f 2150/1736/157 2151/1737/157 2152/1725/157
f 2152/1725/157 2151/1737/157 2153/1738/157
f 2153/1738/157 2151/1737/157 2154/1602/157
f 2154/1602/157 2151/1737/157 2155/1603/157
f 2155/1603/157 2151/1737/157 2156/1607/157
f 2156/1607/157 2151/1737/157 2157/1609/157
f 2158/1739/181 2159/1740/182 2160/1741/182
f 2159/1740/182 2158/1739/181 2161/1742/181
f 2160/1741/182 2162/1743/183 2163/1744/183
f 2162/1743/183 2160/1741/182 2159/1740/182
f 2163/1744/183 2164/1745/184 2165/1746/184
f 2164/1745/184 2163/1744/183 2162/1743/183
f 2165/1746/184 2166/1747/185 2167/1748/185
f 2166/1747/185 2165/1746/184 2164/1745/184
f 2167/1748/185 2168/1749/186 2169/1750/186
f 2168/1749/186 2167/1748/185 2166/1747/185
f 2169/1750/186 2170/1751/187 2171/1752/187
f 2170/1751/187 2169/1750/186 2168/1749/186
f 2170/1751/187 2172/1669/188 2171/1752/187
f 2172/1669/188 2170/1751/187 2173/1753/189
f 2174/1754/157 2175/1755/157 2176/1756/157
f 2175/1755/157 2174/1754/157 2177/1757/157
f 2177/1757/157 2174/1754/157 2178/1758/157
f 2177/1757/157 2178/1758/157 2179/1759/157
f 2179/1759/157 2178/1758/157 2180/1760/157
f 2179/1759/157 2180/1760/157 2181/1761/157
f 2181/1761/157 2180/1760/157 2182/1762/157
f 2181/1761/157 2182/1762/157 2183/1763/157
f 2183/1763/157 2182/1762/157 2184/1764/157
f 2183/1763/157 2184/1764/157 2185/1765/157
f 2185/1765/157 2184/1764/157 2186/1766/157
f 2185/1765/157 2186/1766/157 2187/1767/157
f 2185/1765/157 2187/1767/157 2188/1629/157
f 2185/1765/157 2188/1629/157 2189/1630/157
f 2185/1765/157 2189/1630/157 2190/1633/157
f 2185/1765/157 2190/1633/157 2191/1636/157
f 2192/1768/157 2193/1769/157 2194/1770/157
f 2193/1769/157 2192/1768/157 2195/1771/157
f 2195/1771/157 2192/1768/157 2196/1772/157
f 2195/1771/157 2196/1772/157 2197/1773/157
f 2197/1773/157 2196/1772/157 2198/1774/157
f 2197/1773/157 2198/1774/157 2199/1775/157
f 2199/1775/157 2198/1774/157 2200/1776/157
f 2199/1775/157 2200/1776/157 2201/1777/157
f 2201/1777/157 2200/1776/157 2202/1778/157
f 2201/1777/157 2202/1778/157 2203/1766/157
f 2203/1766/157 2202/1778/157 2204/1622/157
f 2203/1766/157 2204/1622/157 2205/1623/157
f 2203/1766/157 2205/1623/157 2206/1627/157
f 2207/1779/190 2208/1780/191 2209/1781/191
f 2208/1780/191 2207/1779/190 2210/1782/190
s 0
f 2210/1782/192 2207/1779/192 2211/1783/192
s 1
f 2212/1784/193 2213/1785/194 2214/1786/195
f 2213/1785/194 2212/1784/193 2215/1787/193
f 2216/1788/196 2217/1789/197 2218/1790/196
f 2217/1789/197 2216/1788/196 2219/1791/197
f 2219/1792/197 2220/1793/198 2217/1794/197
f 2220/1793/198 2219/1792/197 2221/1795/198
f 2221/1796/198 2222/1797/199 2220/1798/198
f 2222/1797/199 2221/1796/198 2223/1799/199
f 2222/1800/199 2224/1801/200 2225/1802/200
f 2224/1801/200 2222/1800/199 2223/1803/199
f 2225/1804/200 2215/1805/193 2212/1806/193
f 2215/1805/193 2225/1804/200 2224/1807/200
f 2226/1808/201 2227/1809/202 2228/1669/201
f 2227/1809/202 2226/1808/201 2229/1810/203
f 2229/1810/203 2230/1811/204 2227/1809/202
f 2230/1811/204 2229/1810/203 2231/1812/204
f 2231/1812/204 2232/1813/205 2230/1811/204
f 2232/1813/205 2231/1812/204 2233/1814/205
f 2232/1813/205 2234/1815/206 2235/1816/206
f 2234/1815/206 2232/1813/205 2233/1814/205
f 2235/1816/206 2236/1817/207 2237/1818/207
f 2236/1817/207 2235/1816/206 2234/1815/206
f 2238/1819/208 2239/1820/209 2240/1821/209
f 2239/1820/209 2238/1819/208 2241/1822/208
f 2242/1823/210 2243/1824/211 2244/1825/212
f 2243/1824/211 2242/1823/210 2245/1826/210
f 2244/1827/212 2246/1828/213 2247/1829/213
f 2246/1828/213 2244/1827/212 2243/1830/211
f 2247/1831/213 2248/1832/214 2249/1833/214
f 2248/1832/214 2247/1831/213 2246/1834/213
f 2249/1835/214 2250/1836/215 2251/1837/215
f 2250/1836/215 2249/1835/214 2248/1838/214
f 2251/1839/215 2241/1840/208 2238/1841/208
f 2241/1840/208 2251/1839/215 2250/1842/215
f 2252/1843/216 2253/1844/217 2254/1845/217
f 2253/1844/217 2252/1843/216 2255/1846/216
f 2254/1847/217 2256/1848/218 2257/1849/218
f 2256/1848/218 2254/1847/217 2253/1850/217
f 2257/1851/218 2258/1852/219 2259/1853/219
f 2258/1852/219 2257/1851/218 2256/1854/218
f 2258/1855/219 2260/1856/220 2259/1857/219
f 2260/1856/220 2258/1855/219 2261/1858/220
f 2261/1859/220 2262/1860/221 2260/1861/220
f 2262/1860/221 2261/1859/220 2263/1862/221
f 2263/1863/221 2264/1864/222 2262/1865/221
f 2264/1864/222 2263/1863/221 2265/1866/222
f 2266/1867/223 2267/1868/224 2268/1869/224
f 2267/1868/224 2266/1867/223 2269/1870/223
f 2268/1871/224 2270/1872/225 2271/1873/225
f 2270/1872/225 2268/1871/224 2267/1874/224
f 2271/1875/225 2272/1876/226 2273/1877/226
f 2272/1876/226 2271/1875/225 2270/1878/225
f 2274/1879/227 2273/1880/226 2272/1881/226
f 2273/1880/226 2274/1879/227 2275/1882/227
f 2276/1883/228 2275/1884/227 2274/1885/227
f 2275/1884/227 2276/1883/228 2277/1886/229
f 2278/1887/230 2277/1888/229 2276/1889/228
f 2277/1888/229 2278/1887/230 2279/1890/231
f 2280/1891/232 2281/1892/233 2282/1893/232
f 2281/1892/233 2280/1891/232 2283/1894/233
f 2283/1895/233 2284/1896/234 2281/1897/233
f 2284/1896/234 2283/1895/233 2285/1898/234
f 2285/1899/234 2286/1900/235 2284/1901/234
f 2286/1900/235 2285/1899/234 2287/1902/235
f 2288/1903/236 2286/1904/235 2287/1905/235
f 2286/1904/235 2288/1903/236 2289/1906/236
f 2209/1907/191 2289/1908/236 2288/1909/236
f 2289/1908/236 2209/1907/191 2208/1910/191
o SketchUp.018
v 2.205115 2.155440 0.007189
v 2.203227 2.155169 -0.000000
v 2.203227 2.155169 0.007189
v 2.205115 2.155440 -0.000000
v 2.175140 2.142530 -0.000000
v 2.175140 2.142530 0.007189
v 2.205084 2.155757 0.007189
v 2.205115 2.155440 -0.000000
v 2.205115 2.155440 0.007189
v 2.205084 2.155757 -0.000000
v 2.151021 2.122423 -0.000000
v 2.151021 2.122423 0.007189
v 2.132514 2.096220 -0.000000
v 2.132514 2.096220 0.007189
v 2.120879 2.065706 -0.000000
v 2.120879 2.065706 0.007189
v 2.116911 2.032959 -0.000000
v 2.116911 2.032959 0.007189
vn -0.1418 0.9899 -0.0000
vn -0.2790 0.9603 -0.0000
vn -0.1417 0.9899 -0.0000
vn -0.5302 0.8478 -0.0000
vn -0.9955 -0.0952 -0.0000
vn -0.9955 -0.0950 -0.0000
vn -0.9954 -0.0953 -0.0000
vn -0.7348 0.6783 -0.0000
vn -0.8825 0.4703 -0.0000
vn -0.9708 0.2401 -0.0000
vn -0.9927 0.1203 -0.0000
vt 0.082021 28.388409
vt -0.000000 28.366650
vt 0.082021 28.366650
vt -0.000000 28.388409
vt 0.082021 33.015030
vt -0.000000 32.663609
vt 0.082021 32.663609
vt -0.000000 33.015030
vt 0.082021 22.104530
vt -0.000000 22.100889
vt 0.082021 22.100889
vt -0.000000 22.104530
vt 0.082021 34.715820
vt -0.000000 34.357548
vt 0.082021 34.357548
vt -0.000000 34.715820
vt 0.082021 33.938881
vt -0.000000 33.572861
vt 0.082021 33.572861
vt -0.000000 33.938881
vt 0.082021 31.016199
vt -0.000000 30.643589
vt 0.082021 30.643589
vt -0.000000 31.016199
vt 0.082021 26.309099
vt -0.000000 25.932739
vt 0.082021 25.932739
vt -0.000000 26.309099
s 1
usemtl Wood_Floor_Parquet
f 2290/1911/237 2291/1912/238 2292/1913/238
f 2291/1912/238 2290/1911/237 2293/1914/239
f 2292/1915/238 2294/1916/240 2295/1917/240
f 2294/1916/240 2292/1915/238 2291/1918/238
f 2296/1919/241 2297/1920/241 2298/1921/242
f 2297/1920/241 2296/1919/241 2299/1922/243
f 2295/1923/240 2300/1924/244 2301/1925/244
f 2300/1924/244 2295/1923/240 2294/1926/240
f 2301/1927/244 2302/1928/245 2303/1929/245
f 2302/1928/245 2301/1927/244 2300/1930/244
f 2303/1931/245 2304/1932/246 2305/1933/246
f 2304/1932/246 2303/1931/245 2302/1934/245
f 2305/1935/246 2306/1936/247 2307/1937/247
f 2306/1936/247 2305/1935/246 2304/1938/246
o SketchUp.019
v 2.205608 2.166313 0.008626
v 2.194946 2.164993 0.007189
v 2.194946 2.164993 0.008626
v 2.194946 2.164993 -0.000000
v 2.205608 2.166313 -0.000000
v 2.205608 2.166313 0.007189
v 2.194946 2.164993 0.008626
v 2.162974 2.151325 -0.000000
v 2.162974 2.151325 0.008626
v 2.194946 2.164993 -0.000000
v 2.194946 2.164993 0.007189
v 2.195618 2.165256 -0.000000
v 2.194946 2.164993 0.007189
v 2.194946 2.164993 -0.000000
v 2.195618 2.165256 0.007189
v 2.205640 2.166499 0.007189
v 2.205608 2.166313 -0.000000
v 2.205608 2.166313 0.007189
v 2.205640 2.166499 -0.000000
v 2.135094 2.129428 -0.000000
v 2.135094 2.129428 0.008626
v 2.205640 2.166499 -0.000000
v 2.205640 2.166499 0.007189
v 2.113831 2.101061 0.008626
v 2.113831 2.101061 -0.000000
v 2.100635 2.068157 0.008626
v 2.100635 2.068157 -0.000000
v 2.096405 2.032959 0.008626
v 2.096405 2.032959 -0.000000
vn -0.1229 0.9924 -0.0000
vn -1.0000 -0.0000 -0.0000
vn -0.3931 0.9195 -0.0000
vn -0.5097 0.8603 -0.0000
vn 0.2456 -0.9694 -0.0000
vn 0.3634 -0.9317 -0.0000
vn 0.3639 -0.9314 -0.0000
vn 0.2453 -0.9695 -0.0000
vn -0.9861 0.1661 -0.0000
vn -0.9860 0.1665 -0.0000
vn -0.9862 0.1657 -0.0000
vn -0.7150 0.6991 -0.0000
vn 0.1231 -0.9924 -0.0000
vn -0.8716 0.4902 -0.0000
vn -0.9688 0.2479 -0.0000
vn -0.9929 0.1193 -0.0000
vt 0.098425 28.010559
vt 0.082021 27.887970
vt 0.098425 27.887970
vt -0.000000 27.887970
vt -0.000000 28.010559
vt 0.082021 28.010559
vt 0.098425 32.737770
vt -0.000000 32.341049
vt 0.098425 32.341049
vt -0.000000 32.737770
vt 0.082021 32.737770
vt 0.000000 32.320988
vt -0.082021 32.312748
vt 0.000000 32.312748
vt -0.082021 32.320988
vt 0.082021 28.558369
vt -0.000000 28.556210
vt 0.082021 28.556210
vt -0.000000 28.558369
vt 0.098425 34.569851
vt -0.000000 34.165371
vt 0.098425 34.165371
vt -0.000000 34.569851
vt -0.000000 28.018400
vt -0.082021 27.903170
vt -0.000000 27.903170
vt -0.082021 28.018400
vt -0.000000 34.052078
vt 0.098425 33.647591
vt 0.098425 34.052078
vt -0.000000 33.647591
vt -0.000000 31.227489
vt 0.098425 30.823002
vt 0.098425 31.227489
vt -0.000000 30.823002
vt -0.000000 26.288580
vt 0.098425 25.884100
vt 0.098425 26.288580
vt -0.000000 25.884100
s 1
usemtl Wood_Floor_Parquet
f 2308/1939/248 2309/1940/248 2310/1941/248
f 2309/1940/248 2308/1939/248 2311/1942/248
f 2311/1942/248 2308/1939/248 2312/1943/248
s 0
f 2312/1943/249 2308/1939/249 2313/1944/249
s 1
f 2314/1945/250 2315/1946/251 2316/1947/251
f 2315/1946/251 2314/1945/250 2317/1948/250
s 0
f 2317/1948/249 2314/1945/249 2318/1949/249
s 1
f 2319/1950/252 2320/1951/253 2321/1952/254
f 2320/1951/253 2319/1950/252 2322/1953/255
f 2323/1954/256 2324/1955/256 2325/1956/257
f 2324/1955/256 2323/1954/256 2326/1957/258
f 2316/1958/251 2327/1959/259 2328/1960/259
f 2327/1959/259 2316/1958/251 2315/1961/251
f 2329/1962/260 2322/1963/255 2319/1964/252
f 2322/1963/255 2329/1962/260 2330/1965/260
f 2327/1966/259 2331/1967/261 2328/1968/259
f 2331/1967/261 2327/1966/259 2332/1969/261
f 2332/1970/261 2333/1971/262 2331/1972/261
f 2333/1971/262 2332/1970/261 2334/1973/262
f 2334/1974/262 2335/1975/263 2333/1976/262
f 2335/1975/263 2334/1974/262 2336/1977/263
o SketchUp.020
v 2.261598 2.155443 0.007189
v 2.261651 2.155757 -0.000000
v 2.261651 2.155757 0.007189
v 2.261598 2.155443 -0.000000
v 2.266114 2.155169 -0.000000
v 2.261651 2.155757 0.007189
v 2.261651 2.155757 -0.000000
v 2.266114 2.155169 0.007189
v 2.296628 2.142530 -0.000000
v 2.296628 2.142530 0.007189
v 2.322831 2.122423 -0.000000
v 2.322831 2.122423 0.007189
v 2.342938 2.096220 0.007189
v 2.342938 2.096220 -0.000000
v 2.355577 2.065706 0.007189
v 2.355577 2.065706 -0.000000
v 2.359889 2.032959 0.007189
v 2.359889 2.032959 -0.000000
vn 0.9858 -0.1680 -0.0000
vn -0.2589 -0.9659 -0.0000
vn -0.1303 -0.9915 -0.0000
vn -0.1306 -0.9914 -0.0000
vn -0.5000 -0.8660 -0.0000
vn -0.7071 -0.7071 -0.0000
vn -0.8660 -0.5000 -0.0000
vn -0.9659 -0.2588 -0.0000
vn -0.9914 -0.1305 -0.0000
vt -0.082021 28.540100
vt 0.000000 28.543739
vt -0.082021 28.543739
vt 0.000000 28.540100
vt -0.000000 -22.424940
vt 0.082021 -22.373579
vt -0.000000 -22.373579
vt 0.082021 -22.424940
vt 0.000000 -14.854310
vt 0.082021 -14.477460
vt 0.000000 -14.477460
vt 0.082021 -14.854310
vt 0.000000 -6.284218
vt 0.082021 -5.907371
vt 0.000000 -5.907371
vt 0.082021 -6.284218
vt 0.000000 3.078135
vt 0.082021 2.701288
vt 0.082021 3.078135
vt 0.000000 2.701288
vt 0.000000 11.866710
vt 0.082021 11.489870
vt 0.082021 11.866710
vt 0.000000 11.489870
vt -0.000000 19.859430
vt 0.082021 19.482590
vt 0.082021 19.859430
vt -0.000000 19.482590
s 1
usemtl Wood_Floor_Parquet
f 2337/1978/264 2338/1979/264 2339/1980/264
f 2338/1979/264 2337/1978/264 2340/1981/264
f 2341/1982/265 2342/1983/266 2343/1984/267
f 2342/1983/266 2341/1982/265 2344/1985/265
f 2345/1986/268 2344/1987/265 2341/1988/265
f 2344/1987/265 2345/1986/268 2346/1989/268
f 2347/1990/269 2346/1991/268 2345/1992/268
f 2346/1991/268 2347/1990/269 2348/1993/269
f 2347/1994/269 2349/1995/270 2348/1996/269
f 2349/1995/270 2347/1994/269 2350/1997/270
f 2350/1998/270 2351/1999/271 2349/2000/270
f 2351/1999/271 2350/1998/270 2352/2001/271
f 2352/2002/271 2353/2003/272 2351/2004/271
f 2353/2003/272 2352/2002/271 2354/2005/272
o SketchUp.021
v 2.261265 2.166260 -0.000000
v 2.261194 2.166452 0.007189
v 2.261265 2.166260 0.007189
v 2.261194 2.166452 -0.000000
v 2.270833 2.165256 -0.000000
v 2.261194 2.166452 0.007189
v 2.261194 2.166452 -0.000000
v 2.270833 2.165256 0.007189
v 2.271505 2.164993 0.007189
v 2.261265 2.166260 -0.000000
v 2.261265 2.166260 0.007189
v 2.271505 2.164993 -0.000000
v 2.271505 2.164993 -0.000000
v 2.271505 2.164993 0.007189
v 2.273098 2.164807 -0.000000
v 2.271505 2.164993 0.007189
v 2.271505 2.164993 -0.000000
v 2.273098 2.164807 0.007189
v 2.310253 2.151171 -0.000000
v 2.310253 2.151171 0.007189
v 2.342159 2.129479 -0.000000
v 2.342159 2.129479 0.007189
v 2.366641 2.101209 0.007189
v 2.366641 2.101209 -0.000000
v 2.382031 2.068288 0.007189
v 2.382031 2.068288 -0.000000
v 2.387280 2.032959 0.007189
v 2.387280 2.032959 -0.000000
vn 0.9373 0.3485 -0.0000
vn 0.9374 0.3482 -0.0000
vn 0.9372 0.3489 -0.0000
vn -0.2452 -0.9695 -0.0000
vn -0.1231 -0.9924 -0.0000
vn -0.2457 -0.9694 -0.0000
vn 0.1228 0.9924 -0.0000
vn -0.3633 -0.9317 -0.0000
vn -0.3638 -0.9315 -0.0000
vn -0.2319 -0.9728 -0.0000
vn -0.1160 -0.9933 -0.0000
vn -0.2319 -0.9727 -0.0000
vn -0.4568 -0.8896 -0.0000
vn -0.6647 -0.7471 -0.0000
vn -0.8389 -0.5443 -0.0000
vn -0.9576 -0.2882 -0.0000
vn -0.9576 -0.2883 -0.0000
vn -0.9891 -0.1470 -0.0000
vt 0.000000 14.154739
vt -0.082021 14.157069
vt -0.082021 14.154739
vt 0.000000 14.157069
vt -0.000000 -22.669949
vt 0.082021 -22.559130
vt -0.000000 -22.559130
vt 0.082021 -22.669949
vt -0.082021 -22.687260
vt -0.000000 -22.569529
vt -0.082021 -22.569529
vt -0.000000 -22.687260
vt -0.000000 -15.158319
vt 0.082021 -15.150089
vt -0.000000 -15.150089
vt 0.082021 -15.158319
vt 0.000000 -22.898960
vt 0.082021 -22.880659
vt 0.000000 -22.880659
vt 0.082021 -22.898960
vt -0.000000 -16.288990
vt 0.082021 -15.837420
vt -0.000000 -15.837420
vt 0.082021 -16.288990
vt -0.000000 -8.438792
vt 0.082021 -7.998587
vt -0.000000 -7.998587
vt 0.082021 -8.438792
vt -0.000000 0.872214
vt 0.082021 0.445521
vt 0.082021 0.872214
vt -0.000000 0.445521
vt -0.000000 10.282640
vt 0.082021 9.867998
vt 0.082021 10.282640
vt -0.000000 9.867998
vt -0.000000 19.347910
vt 0.082021 18.940399
vt 0.082021 19.347910
vt -0.000000 18.940399
s 1
usemtl Wood_Floor_Parquet
f 2355/2006/273 2356/2007/273 2357/2008/274
f 2356/2007/273 2355/2006/273 2358/2009/275
f 2359/2010/276 2360/2011/277 2361/2012/277
f 2360/2011/277 2359/2010/276 2362/2013/278
f 2363/2014/279 2364/2015/279 2365/2016/279
f 2364/2015/279 2363/2014/279 2366/2017/279
f 2367/2018/280 2362/2019/278 2359/2020/276
f 2362/2019/278 2367/2018/280 2368/2021/281
f 2369/2022/282 2370/2023/283 2371/2024/283
f 2370/2023/283 2369/2022/282 2372/2025/284
f 2373/2026/285 2372/2027/284 2369/2028/282
f 2372/2027/284 2373/2026/285 2374/2029/285
f 2375/2030/286 2374/2031/285 2373/2032/285
f 2374/2031/285 2375/2030/286 2376/2033/286
f 2375/2034/286 2377/2035/287 2376/2036/286
f 2377/2035/287 2375/2034/286 2378/2037/287
f 2378/2038/287 2379/2039/288 2377/2040/287
f 2379/2039/288 2378/2038/287 2380/2041/289
f 2380/2042/289 2381/2043/290 2379/2044/288
f 2381/2043/290 2380/2042/289 2382/2045/290
o SketchUp.022
v 2.211777 2.164281 0.007189
v 2.212844 2.167208 -0.000000
v 2.212844 2.167208 0.007189
v 2.211777 2.164281 -0.000000
v 2.212844 2.167208 -0.000000
v 2.212915 2.167402 0.007189
v 2.212844 2.167208 0.007189
v 2.212915 2.167402 -0.000000
v 2.211270 2.158529 -0.000000
v 2.211270 2.158529 0.007189
v 2.212915 2.167402 -0.000000
v 2.213755 2.169705 0.007189
v 2.212915 2.167402 0.007189
v 2.213755 2.169705 -0.000000
v 2.211606 2.156615 -0.000000
v 2.211606 2.156615 0.007189
v 2.217069 2.174433 0.007189
v 2.217069 2.174433 -0.000000
v 2.211649 2.156374 0.007189
v 2.211606 2.156615 -0.000000
v 2.211606 2.156615 0.007189
v 2.211649 2.156374 -0.000000
v 2.221495 2.178142 -0.000000
v 2.221495 2.178142 0.007189
v 2.212270 2.152842 -0.000000
v 2.211649 2.156374 0.007189
v 2.212270 2.152842 0.007189
v 2.211649 2.156374 -0.000000
v 2.226729 2.180579 -0.000000
v 2.226729 2.180579 0.007189
v 2.214706 2.147608 -0.000000
v 2.214706 2.147608 0.007189
v 2.231553 2.181427 -0.000000
v 2.231553 2.181427 0.007189
v 2.218339 2.143273 0.007189
v 2.218339 2.143273 -0.000000
v 2.232416 2.181578 -0.000000
v 2.231553 2.181427 0.007189
v 2.231553 2.181427 -0.000000
v 2.232416 2.181578 0.007189
v 2.218415 2.143182 -0.000000
v 2.218339 2.143273 0.007189
v 2.218415 2.143182 0.007189
v 2.218339 2.143273 -0.000000
v 2.232665 2.181556 -0.000000
v 2.232665 2.181556 0.007189
v 2.223143 2.139868 0.007189
v 2.223143 2.139868 -0.000000
v 2.233226 2.181622 -0.000000
v 2.232665 2.181556 0.007189
v 2.232665 2.181556 -0.000000
v 2.233226 2.181622 0.007189
v 2.228568 2.137889 0.007189
v 2.228568 2.137889 -0.000000
v 2.237242 2.181153 -0.000000
v 2.237242 2.181153 0.007189
v 2.234319 2.137383 0.007189
v 2.234319 2.137383 -0.000000
v 2.238168 2.181071 -0.000000
v 2.237242 2.181153 0.007189
v 2.237242 2.181153 -0.000000
v 2.238168 2.181071 0.007189
v 2.240006 2.138382 0.007189
v 2.240006 2.138382 -0.000000
v 2.238275 2.181033 -0.000000
v 2.238275 2.181033 0.007189
v 2.245241 2.140819 0.007189
v 2.245241 2.140819 -0.000000
v 2.243593 2.179093 -0.000000
v 2.238275 2.181033 0.007189
v 2.238275 2.181033 -0.000000
v 2.243593 2.179093 0.007189
v 2.248202 2.143301 0.007189
v 2.248202 2.143301 -0.000000
v 2.248321 2.175779 -0.000000
v 2.248321 2.175779 0.007189
v 2.249666 2.144528 0.007189
v 2.248202 2.143301 -0.000000
v 2.248202 2.143301 0.007189
v 2.249666 2.144528 -0.000000
v 2.252029 2.171353 0.007189
v 2.252029 2.171353 -0.000000
v 2.252981 2.149256 -0.000000
v 2.252981 2.149256 0.007189
v 2.253889 2.167358 0.007189
v 2.253889 2.167358 -0.000000
v 2.254959 2.154680 -0.000000
v 2.254959 2.154680 0.007189
v 2.253889 2.167358 0.007189
v 2.253981 2.167162 -0.000000
v 2.253981 2.167162 0.007189
v 2.253889 2.167358 -0.000000
v 2.255108 2.156371 0.007189
v 2.255108 2.156371 -0.000000
v 2.253981 2.167162 -0.000000
v 2.254466 2.166119 0.007189
v 2.253981 2.167162 0.007189
v 2.254466 2.166119 -0.000000
v 2.255129 2.156615 -0.000000
v 2.255108 2.156371 0.007189
v 2.255129 2.156615 0.007189
v 2.255108 2.156371 -0.000000
v 2.255466 2.160432 0.007189
v 2.255466 2.160432 -0.000000
v 2.255129 2.156615 -0.000000
v 2.255129 2.156615 0.007189
vn 0.9762 -0.2170 -0.0000
vn 0.9394 -0.3427 -0.0000
vn 0.9395 -0.3426 -0.0000
vn 0.9762 -0.2169 -0.0000
vn 0.9393 -0.3430 -0.0000
vn 0.9394 -0.3429 -0.0000
vn 0.9391 -0.3435 -0.0000
vn 0.9991 0.0429 -0.0000
vn 0.9395 -0.3427 -0.0000
vn 0.8867 -0.4623 -0.0000
vn 0.9850 0.1728 -0.0000
vn 0.9849 0.1733 -0.0000
vn 0.7369 -0.6760 -0.0000
vn 0.9848 0.1736 -0.0000
vn 0.9848 0.1734 -0.0000
vn 0.9848 0.1737 -0.0000
vn 0.5368 -0.8437 -0.0000
vn 0.9539 0.3001 -0.0000
vn 0.9849 0.1729 -0.0000
vn 0.9539 0.3002 -0.0000
vn 0.9849 0.1731 -0.0000
vn 0.3002 -0.9539 -0.0000
vn 0.8438 0.5367 -0.0000
vn 0.1731 -0.9849 -0.0000
vn 0.7665 0.6423 -0.0000
vn 0.7664 0.6423 -0.0000
vn 0.0432 -0.9991 -0.0000
vn 0.1730 -0.9849 -0.0000
vn 0.1725 -0.9850 -0.0000
vn 0.0426 -0.9991 -0.0000
vn 0.6767 0.7363 -0.0000
vn 0.7676 0.6409 -0.0000
vn -0.0872 -0.9962 -0.0000
vn -0.0889 -0.9960 -0.0000
vn 0.4623 0.8867 -0.0000
vn 0.4620 0.8869 -0.0000
vn -0.0002 -1.0000 -0.0000
vn 0.1165 -0.9932 -0.0000
vn 0.1156 -0.9933 -0.0000
vn 0.0004 -1.0000 -0.0000
vn 0.2170 0.9762 -0.0000
vn -0.1160 -0.9933 -0.0000
vn -0.0431 0.9991 -0.0000
vn -0.2152 -0.9766 -0.0000
vn -0.0882 -0.9961 -0.0000
vn -0.0877 -0.9961 -0.0000
vn -0.2154 -0.9765 -0.0000
vn -0.3001 0.9539 -0.0000
vn -0.3392 -0.9407 -0.0000
vn -0.5368 0.8437 -0.0000
vn -0.4623 -0.8867 -0.0000
vn -0.3423 -0.9396 -0.0000
vn -0.3424 -0.9396 -0.0000
vn -0.6423 0.7664 -0.0000
vn -0.6424 0.7664 -0.0000
vn -0.6760 -0.7369 -0.0000
vn -0.7369 0.6760 -0.0000
vn -0.8437 -0.5367 -0.0000
vn -0.8438 -0.5367 -0.0000
vn -0.8867 0.4623 -0.0000
vn -0.9066 -0.4221 -0.0000
vn -0.9066 -0.4220 -0.0000
vn -0.9761 0.2171 -0.0000
vn -0.9762 0.2170 -0.0000
vn -0.9058 -0.4237 -0.0000
vn -0.9056 -0.4242 -0.0000
vn -0.9060 -0.4233 -0.0000
vn -0.9962 0.0877 -0.0000
vn -0.9961 0.0879 -0.0000
vn -0.9067 -0.4217 -0.0000
vn -0.9540 -0.2998 -0.0000
vn -0.9068 -0.4217 -0.0000
vn -0.9539 -0.3000 -0.0000
vn -0.9962 0.0867 -0.0000
vn -0.9962 0.0871 -0.0000
vn -0.9962 0.0870 -0.0000
vn -0.9962 0.0874 -0.0000
vn -0.9991 -0.0430 -0.0000
vn -0.9962 0.0875 -0.0000
vn -0.9962 0.0876 -0.0000
vt 0.320385 0.000000
vt 0.284715 0.082021
vt 0.284715 -0.000000
vt 0.320385 0.082021
vt 0.282340 0.000000
vt 0.282340 0.082021
vt 0.386453 0.082021
vt 0.386453 -0.000000
vt 0.254316 -0.000000
vt 0.254316 0.082021
vt 0.408626 0.082021
vt 0.408626 -0.000000
vt 0.188248 0.000000
vt 0.188248 0.082021
vt 0.411444 0.000000
vt 0.411444 0.082021
vt 0.122180 0.082021
vt 0.122180 0.000000
vt 0.452522 0.082021
vt 0.452522 -0.000000
vt 0.056111 0.082021
vt 0.056111 0.000000
vt 0.518590 0.082021
vt 0.518590 -0.000000
vt 0.000000 0.082021
vt 0.000000 -0.000000
vt 0.583316 -0.000000
vt 0.583316 0.082021
vt 0.002831 0.082021
vt 0.012788 0.000000
vt 0.012788 0.082021
vt 0.002831 0.000000
vt 0.584658 0.082021
vt 0.584658 -0.000000
vt 0.650727 -0.000000
vt 0.650727 0.082021
vt -0.000000 28.192959
vt -0.082021 28.186520
vt -0.000000 28.186520
vt -0.082021 28.192959
vt 0.716795 -0.000000
vt 0.716795 0.082021
vt -0.000000 -22.471001
vt 0.082021 -22.424860
vt -0.000000 -22.424860
vt 0.082021 -22.471001
vt 0.782864 -0.000000
vt 0.782864 0.082021
vt 0.001284 0.082021
vt 0.011847 0.000000
vt 0.011847 0.082021
vt 0.001284 0.000000
vt 0.848932 -0.000000
vt 0.848932 0.082021
vt 0.915000 -0.000000
vt 0.915000 0.082021
vt 1.443548 0.082021
vt 1.508332 0.000000
vt 1.508332 0.082021
vt 1.443548 0.000000
vt 0.959267 0.000000
vt 0.959267 0.082021
vt 1.377479 0.082021
vt 1.377479 0.000000
vt 0.981069 0.000000
vt 0.981069 0.082021
vt 1.311411 0.000000
vt 1.311411 0.082021
vt 1.047137 0.082021
vt 1.047137 0.000000
vt 1.260911 0.000000
vt 1.260911 0.082021
vt 1.113206 0.082021
vt 1.113206 0.000000
vt 1.258432 0.082021
vt 1.258432 0.000000
vt 1.132561 0.000000
vt 1.132561 0.082021
vt 1.245343 0.000000
vt 1.245343 0.082021
vt 1.135379 0.082021
vt 1.135379 0.000000
vt 1.179274 0.000000
vt 1.179274 0.082021
s 1
usemtl Stone_Brushed_Khaki
f 2383/2046/291 2384/2047/292 2385/2048/293
f 2384/2047/292 2383/2046/291 2386/2049/294
f 2387/2047/295 2388/2050/295 2389/2048/296
f 2388/2050/295 2387/2047/295 2390/2051/297
f 2391/2052/298 2383/2046/291 2392/2053/298
f 2383/2046/291 2391/2052/298 2386/2049/294
f 2393/2051/299 2394/2054/300 2395/2050/299
f 2394/2054/300 2393/2051/299 2396/2055/300
f 2397/2056/301 2392/2053/298 2398/2057/302
f 2392/2053/298 2397/2056/301 2391/2052/298
f 2396/2055/300 2399/2058/303 2394/2054/300
f 2399/2058/303 2396/2055/300 2400/2059/303
f 2401/2060/304 2402/2056/304 2403/2057/305
f 2402/2056/304 2401/2060/304 2404/2061/306
f 2405/2062/307 2399/2058/303 2400/2059/303
f 2399/2058/303 2405/2062/307 2406/2063/307
f 2407/2064/308 2408/2060/309 2409/2065/310
f 2408/2060/309 2407/2064/308 2410/2061/311
f 2411/2066/312 2406/2063/307 2405/2062/307
f 2406/2063/307 2411/2066/312 2412/2067/312
f 2413/2068/313 2409/2065/310 2414/2069/313
f 2409/2065/310 2413/2068/313 2407/2064/308
f 2415/2070/314 2412/2067/312 2411/2066/312
f 2412/2067/312 2415/2070/314 2416/2071/314
f 2417/2072/315 2413/2068/313 2414/2069/313
f 2413/2068/313 2417/2072/315 2418/2073/316
f 2419/2074/317 2420/2075/318 2421/2076/319
f 2420/2075/318 2419/2074/317 2422/2077/320
f 2423/2078/321 2424/2072/322 2425/2079/321
f 2424/2072/322 2423/2078/321 2426/2073/322
f 2427/2070/323 2422/2077/320 2419/2074/317
f 2422/2077/320 2427/2070/323 2428/2071/324
f 2429/2080/325 2423/2078/321 2425/2079/321
f 2423/2078/321 2429/2080/325 2430/2081/326
f 2431/2082/327 2432/2083/328 2433/2084/329
f 2432/2083/328 2431/2082/327 2434/2085/330
f 2435/2086/331 2430/2081/326 2429/2080/325
f 2430/2081/326 2435/2086/331 2436/2087/331
f 2437/2088/332 2434/2089/330 2431/2090/327
f 2434/2089/330 2437/2088/332 2438/2091/332
f 2439/2092/333 2436/2087/331 2435/2086/331
f 2436/2087/331 2439/2092/333 2440/2093/333
f 2441/2094/334 2442/2095/335 2443/2096/336
f 2442/2095/335 2441/2094/334 2444/2097/337
f 2445/2098/338 2440/2093/333 2439/2092/333
f 2440/2093/333 2445/2098/338 2446/2099/338
f 2447/2070/339 2444/2097/337 2441/2094/334
f 2444/2097/337 2447/2070/339 2448/2071/339
f 2449/2100/340 2446/2099/338 2445/2098/338
f 2446/2099/338 2449/2100/340 2450/2101/340
f 2451/2102/341 2452/2103/342 2453/2104/343
f 2452/2103/342 2451/2102/341 2454/2105/341
f 2455/2106/344 2450/2101/340 2449/2100/340
f 2450/2101/340 2455/2106/344 2456/2107/345
f 2457/2108/346 2454/2105/341 2451/2102/341
f 2454/2105/341 2457/2108/346 2458/2109/346
f 2459/2110/347 2460/2107/344 2461/2106/344
f 2460/2107/344 2459/2110/347 2462/2111/347
f 2457/2108/346 2463/2112/348 2458/2109/346
f 2463/2112/348 2457/2108/346 2464/2113/349
f 2465/2114/350 2459/2110/347 2466/2115/350
f 2459/2110/347 2465/2114/350 2462/2111/347
f 2464/2113/349 2467/2116/351 2463/2112/348
f 2467/2116/351 2464/2113/349 2468/2117/352
f 2469/2118/353 2466/2115/350 2470/2119/354
f 2466/2115/350 2469/2118/353 2465/2114/350
f 2471/2116/355 2472/2120/355 2473/2121/356
f 2472/2120/355 2471/2116/355 2474/2117/357
f 2475/2122/358 2469/2118/353 2470/2119/354
f 2469/2118/353 2475/2122/358 2476/2123/359
f 2477/2120/360 2478/2124/361 2479/2121/362
f 2478/2124/361 2477/2120/360 2480/2125/363
f 2481/2126/364 2482/2122/365 2483/2127/366
f 2482/2122/365 2481/2126/364 2484/2123/367
f 2480/2125/363 2485/2128/368 2478/2124/361
f 2485/2128/368 2480/2125/363 2486/2129/368
f 2485/2128/368 2487/2126/369 2488/2127/370
f 2487/2126/369 2485/2128/368 2486/2129/368
o SketchUp.023
v 2.260160 2.141590 -0.000000
v 2.256053 2.142178 0.007189
v 2.256053 2.142178 -0.000000
v 2.260160 2.141590 0.007189
v 2.285126 2.130355 -0.000000
v 2.285126 2.130355 0.007189
v 2.306565 2.112483 -0.000000
v 2.306565 2.112483 0.007189
v 2.323016 2.089191 -0.000000
v 2.323016 2.089191 0.007189
v 2.333358 2.062067 -0.000000
v 2.333358 2.062067 0.007189
v 2.336885 2.032959 -0.000000
v 2.336885 2.032959 0.007189
vn -0.2788 -0.9604 -0.0000
vn -0.1417 -0.9899 -0.0000
vn -0.5302 -0.8478 -0.0000
vn -0.7348 -0.6783 -0.0000
vn -0.8825 -0.4703 -0.0000
vn -0.9708 -0.2401 -0.0000
vn -0.9927 -0.1203 -0.0000
vt 0.000000 -22.068310
vt 0.082021 -22.020969
vt 0.000000 -22.020969
vt 0.082021 -22.068310
vt 0.000000 -13.801330
vt 0.082021 -13.488959
vt 0.000000 -13.488959
vt 0.082021 -13.801330
vt 0.000000 -4.780847
vt 0.082021 -4.462383
vt 0.000000 -4.462383
vt 0.082021 -4.780847
vt 0.082021 4.504906
vt 0.000000 4.179551
vt 0.082021 4.179551
vt 0.000000 4.504906
vt 0.082021 12.830770
vt 0.000000 12.499559
vt 0.082021 12.499559
vt 0.000000 12.830770
vt 0.082021 20.154030
vt -0.000000 19.819490
vt 0.082021 19.819490
vt -0.000000 20.154030
s 1
usemtl Wood_Floor_Parquet
f 2489/2130/371 2490/2131/372 2491/2132/372
f 2490/2131/372 2489/2130/371 2492/2133/371
f 2493/2134/373 2492/2135/371 2489/2136/371
f 2492/2135/371 2493/2134/373 2494/2137/373
f 2495/2138/374 2494/2139/373 2493/2140/373
f 2494/2139/373 2495/2138/374 2496/2141/374
f 2496/2142/374 2497/2143/375 2498/2144/375
f 2497/2143/375 2496/2142/374 2495/2145/374
f 2498/2146/375 2499/2147/376 2500/2148/376
f 2499/2147/376 2498/2146/375 2497/2149/375
f 2500/2150/376 2501/2151/377 2502/2152/377
f 2501/2151/377 2500/2150/376 2499/2153/376
o SketchUp.024
v 0.491572 2.181622 0.004313
v 0.490762 2.181578 0.004313
v 0.491011 2.181556 0.004313
v 0.498149 2.131455 0.004313
v 0.483274 2.131992 0.004313
v 0.490677 2.130744 0.004313
v 0.505184 2.134075 0.004313
v 0.476447 2.135113 0.004313
v 0.511300 2.138427 0.004313
v 0.492666 2.137383 0.004313
v 0.498353 2.138382 0.004313
v 0.503587 2.140819 0.004313
v 0.514399 2.142178 0.004313
v 0.506548 2.143301 0.004313
v 0.516081 2.144214 0.004313
v 0.508012 2.144528 0.004313
v 0.519202 2.151041 0.004313
v 0.511327 2.149256 0.004313
v 0.513305 2.154680 0.004313
v 0.519944 2.155443 0.004313
v 0.513454 2.156371 0.004313
v 0.519997 2.155757 0.004313
v 0.520450 2.158442 0.004313
v 0.513475 2.156615 0.004313
v 0.513812 2.160432 0.004313
v 0.519739 2.165915 0.004313
v 0.512813 2.166119 0.004313
v 0.519611 2.166260 0.004313
v 0.512327 2.167162 0.004313
v 0.519540 2.166452 0.004313
v 0.517119 2.172950 0.004313
v 0.512236 2.167358 0.004313
v 0.510375 2.171353 0.004313
v 0.506667 2.175779 0.004313
v 0.512767 2.179066 0.004313
v 0.501939 2.179093 0.004313
v 0.512650 2.179163 0.004313
v 0.496621 2.181033 0.004313
v 0.506981 2.183848 0.004313
v 0.496514 2.181071 0.004313
v 0.495589 2.181153 0.004313
v 0.486914 2.137889 0.004313
v 0.470661 2.139895 0.004313
v 0.481489 2.139868 0.004313
v 0.476762 2.143182 0.004313
v 0.469036 2.142179 0.004313
v 0.466309 2.146011 0.004313
v 0.476685 2.143273 0.004313
v 0.473053 2.147608 0.004313
v 0.463689 2.153045 0.004313
v 0.470615 2.152842 0.004313
v 0.469995 2.156374 0.004313
v 0.463461 2.155440 0.004313
v 0.463431 2.155757 0.004313
v 0.462978 2.160518 0.004313
v 0.469953 2.156615 0.004313
v 0.469616 2.158529 0.004313
v 0.470123 2.164281 0.004313
v 0.463955 2.166313 0.004313
v 0.471191 2.167208 0.004313
v 0.463986 2.166499 0.004313
v 0.464226 2.167920 0.004313
v 0.471261 2.167402 0.004313
v 0.472101 2.169705 0.004313
v 0.467347 2.174747 0.004313
v 0.475416 2.174433 0.004313
v 0.479841 2.178142 0.004313
v 0.471049 2.179228 0.004313
v 0.485076 2.180579 0.004313
v 0.472128 2.180534 0.004313
v 0.478245 2.184885 0.004313
v 0.489899 2.181427 0.004313
v 0.500154 2.186969 0.004313
v 0.485279 2.187506 0.004313
v 0.492752 2.188216 0.004313
v 0.369505 2.065706 0.004313
v 0.354751 2.032959 0.004313
v 0.365193 2.032959 0.004313
v 0.358982 2.068157 0.004313
v 0.382144 2.096220 0.004313
v 0.372178 2.101061 0.004313
v 0.402250 2.122423 0.004313
v 0.393440 2.129428 0.004313
v 0.428454 2.142530 0.004313
v 0.421320 2.151325 0.004313
v 0.458968 2.155169 0.004313
v 0.453292 2.164993 0.004313
v 0.463431 2.155757 0.004313
v 0.462978 2.160518 0.004313
v 0.463955 2.166313 0.004313
v 0.391724 2.062067 0.004313
v 0.375257 2.032959 0.004313
v 0.388197 2.032959 0.004313
v 0.379226 2.065706 0.004313
v 0.402066 2.089191 0.004313
v 0.390860 2.096220 0.004313
v 0.418516 2.112483 0.004313
v 0.409367 2.122423 0.004313
v 0.439956 2.130355 0.004313
v 0.433486 2.142530 0.004313
v 0.464922 2.141590 0.004313
v 0.469036 2.142179 0.004313
v 0.466309 2.146011 0.004313
v 0.461573 2.155169 0.004313
v 0.463689 2.153045 0.004313
v 0.463461 2.155440 0.004313
v 0.469036 2.142179 -0.000000
v 0.470661 2.139895 0.004313
v 0.469036 2.142179 0.004313
v 0.470661 2.139895 -0.000000
v 0.476447 2.135113 -0.000000
v 0.476447 2.135113 0.004313
v 0.483274 2.131992 -0.000000
v 0.483274 2.131992 0.004313
v 0.490677 2.130744 -0.000000
v 0.490677 2.130744 0.004313
v 0.498149 2.131455 -0.000000
v 0.498149 2.131455 0.004313
v 0.505184 2.134075 -0.000000
v 0.505184 2.134075 0.004313
v 0.511300 2.138427 -0.000000
v 0.511300 2.138427 0.004313
v 0.514399 2.142178 -0.000000
v 0.514399 2.142178 0.004313
v 0.604203 2.065706 0.004313
v 0.595231 2.032959 0.004313
v 0.608171 2.032959 0.004313
v 0.591704 2.062067 0.004313
v 0.581363 2.089191 0.004313
v 0.592569 2.096220 0.004313
v 0.564912 2.112483 0.004313
v 0.574062 2.122423 0.004313
v 0.543472 2.130355 0.004313
v 0.549942 2.142530 0.004313
v 0.518506 2.141590 0.004313
v 0.514399 2.142178 0.004313
v 0.516081 2.144214 0.004313
v 0.521855 2.155169 0.004313
v 0.519202 2.151041 0.004313
v 0.519944 2.155443 0.004313
v 0.628677 2.032959 0.004313
v 0.613924 2.065706 0.004313
v 0.618235 2.032959 0.004313
v 0.624393 2.068188 0.004313
v 0.601284 2.096220 0.004313
v 0.611138 2.101107 0.004313
v 0.581178 2.122423 0.004313
v 0.589814 2.129474 0.004313
v 0.554974 2.142530 0.004313
v 0.561875 2.151355 0.004313
v 0.524460 2.155169 0.004313
v 0.529851 2.164993 0.004313
v 0.519997 2.155757 0.004313
v 0.520450 2.158442 0.004313
v 0.519739 2.165915 0.004313
v 0.519611 2.166260 0.004313
v 0.653637 2.071436 0.004313
v 0.645626 2.032959 0.004313
v 0.659354 2.032959 0.004313
v 0.640377 2.068288 0.004313
v 0.624987 2.101209 0.004313
v 0.636876 2.107290 0.004313
v 0.600505 2.129479 0.004313
v 0.610212 2.138079 0.004313
v 0.568599 2.151171 0.004313
v 0.575463 2.161704 0.004313
v 0.531444 2.164807 0.004313
v 0.534997 2.176556 0.004313
v 0.529851 2.164993 0.004313
v 0.529179 2.165256 0.004313
v 0.519540 2.166452 0.004313
v 0.517119 2.172950 0.004313
v 0.512767 2.179066 0.004313
v 0.512650 2.179163 0.004313
v 0.512650 2.179163 0.004313
v 0.506981 2.183848 -0.000000
v 0.506981 2.183848 0.004313
v 0.512650 2.179163 -0.000000
v 0.500154 2.186969 -0.000000
v 0.500154 2.186969 0.004313
v 0.492752 2.188216 -0.000000
v 0.492752 2.188216 0.004313
v 0.485279 2.187506 -0.000000
v 0.485279 2.187506 0.004313
v 0.478245 2.184885 -0.000000
v 0.478245 2.184885 0.004313
v 0.472128 2.180534 -0.000000
v 0.472128 2.180534 0.004313
v 0.471049 2.179228 0.004313
v 0.471049 2.179228 -0.000000
v 0.342766 2.068288 0.004313
v 0.323789 2.032959 0.004313
v 0.337517 2.032959 0.004313
v 0.329506 2.071436 0.004313
v 0.358156 2.101209 0.004313
v 0.346268 2.107290 0.004313
v 0.382639 2.129479 0.004313
v 0.372932 2.138079 0.004313
v 0.414544 2.151171 0.004313
v 0.407681 2.161704 0.004313
v 0.451700 2.164807 0.004313
v 0.448146 2.176556 0.004313
v 0.453292 2.164993 0.004313
v 0.453965 2.165256 0.004313
v 0.463986 2.166499 0.004313
v 0.464226 2.167920 0.004313
v 0.467347 2.174747 0.004313
v 0.471049 2.179228 0.004313
v 0.463431 2.155757 -0.000000
v 0.458968 2.155169 0.004313
v 0.458968 2.155169 -0.000000
v 0.463431 2.155757 0.004313
v 0.453292 2.164993 0.004313
v 0.421320 2.151325 -0.000000
v 0.421320 2.151325 0.004313
v 0.453292 2.164993 -0.000000
v 0.393440 2.129428 -0.000000
v 0.393440 2.129428 0.004313
v 0.372178 2.101061 0.004313
v 0.372178 2.101061 -0.000000
v 0.358982 2.068157 0.004313
v 0.358982 2.068157 -0.000000
v 0.354751 2.032959 0.004313
v 0.354751 2.032959 -0.000000
v 0.365193 2.032959 -0.000000
v 0.369505 2.065706 0.004313
v 0.365193 2.032959 0.004313
v 0.369505 2.065706 -0.000000
v 0.382144 2.096220 0.004313
v 0.382144 2.096220 -0.000000
v 0.402250 2.122423 0.004313
v 0.402250 2.122423 -0.000000
v 0.428454 2.142530 -0.000000
v 0.428454 2.142530 0.004313
v 0.469036 2.142179 -0.000000
v 0.464922 2.141590 0.004313
v 0.464922 2.141590 -0.000000
v 0.469036 2.142179 0.004313
v 0.463461 2.155440 0.004313
v 0.461573 2.155169 -0.000000
v 0.461573 2.155169 0.004313
v 0.463461 2.155440 -0.000000
v 0.433486 2.142530 -0.000000
v 0.433486 2.142530 0.004313
v 0.409367 2.122423 -0.000000
v 0.409367 2.122423 0.004313
v 0.390860 2.096220 -0.000000
v 0.390860 2.096220 0.004313
v 0.379226 2.065706 -0.000000
v 0.379226 2.065706 0.004313
v 0.375257 2.032959 -0.000000
v 0.375257 2.032959 0.004313
v 0.388197 2.032959 -0.000000
v 0.391724 2.062067 0.004313
v 0.388197 2.032959 0.004313
v 0.391724 2.062067 -0.000000
v 0.402066 2.089191 0.004313
v 0.402066 2.089191 -0.000000
v 0.418516 2.112483 0.004313
v 0.418516 2.112483 -0.000000
v 0.439956 2.130355 -0.000000
v 0.439956 2.130355 0.004313
v 0.518506 2.141590 -0.000000
v 0.514399 2.142178 0.004313
v 0.514399 2.142178 -0.000000
v 0.518506 2.141590 0.004313
v 0.521855 2.155169 0.004313
v 0.519944 2.155443 -0.000000
v 0.519944 2.155443 0.004313
v 0.521855 2.155169 -0.000000
v 0.543472 2.130355 -0.000000
v 0.543472 2.130355 0.004313
v 0.564912 2.112483 -0.000000
v 0.564912 2.112483 0.004313
v 0.581363 2.089191 -0.000000
v 0.581363 2.089191 0.004313
v 0.591704 2.062067 -0.000000
v 0.591704 2.062067 0.004313
v 0.595231 2.032959 -0.000000
v 0.595231 2.032959 0.004313
v 0.608171 2.032959 -0.000000
v 0.604203 2.065706 0.004313
v 0.608171 2.032959 0.004313
v 0.604203 2.065706 -0.000000
v 0.592569 2.096220 0.004313
v 0.592569 2.096220 -0.000000
v 0.574062 2.122423 0.004313
v 0.574062 2.122423 -0.000000
v 0.549942 2.142530 -0.000000
v 0.549942 2.142530 0.004313
v 0.524460 2.155169 -0.000000
v 0.519997 2.155757 0.004313
v 0.519997 2.155757 -0.000000
v 0.524460 2.155169 0.004313
v 0.554974 2.142530 -0.000000
v 0.554974 2.142530 0.004313
v 0.581178 2.122423 -0.000000
v 0.581178 2.122423 0.004313
v 0.601284 2.096220 0.004313
v 0.601284 2.096220 -0.000000
v 0.613924 2.065706 0.004313
v 0.613924 2.065706 -0.000000
v 0.618235 2.032959 0.004313
v 0.618235 2.032959 -0.000000
v 0.628677 2.032959 -0.000000
v 0.624393 2.068188 0.004313
v 0.628677 2.032959 0.004313
v 0.624393 2.068188 -0.000000
v 0.611138 2.101107 0.004313
v 0.611138 2.101107 -0.000000
v 0.589814 2.129474 0.004313
v 0.589814 2.129474 -0.000000
v 0.561875 2.151355 -0.000000
v 0.561875 2.151355 0.004313
v 0.529851 2.164993 -0.000000
v 0.529851 2.164993 0.004313
v 0.534997 2.176556 0.004313
v 0.512650 2.179163 -0.000000
v 0.512650 2.179163 0.004313
v 0.534997 2.176556 -0.000000
v 0.531444 2.164807 -0.000000
v 0.529851 2.164993 0.004313
v 0.529851 2.164993 -0.000000
v 0.531444 2.164807 0.004313
v 0.568599 2.151171 -0.000000
v 0.568599 2.151171 0.004313
v 0.600505 2.129479 -0.000000
v 0.600505 2.129479 0.004313
v 0.624987 2.101209 0.004313
v 0.624987 2.101209 -0.000000
v 0.640377 2.068288 0.004313
v 0.640377 2.068288 -0.000000
v 0.645626 2.032959 0.004313
v 0.645626 2.032959 -0.000000
v 0.659354 2.032959 0.004313
v 0.653637 2.071436 -0.000000
v 0.653637 2.071436 0.004313
v 0.659354 2.032959 -0.000000
v 0.636876 2.107290 -0.000000
v 0.636876 2.107290 0.004313
v 0.610212 2.138079 -0.000000
v 0.610212 2.138079 0.004313
v 0.575463 2.161704 -0.000000
v 0.575463 2.161704 0.004313
v 0.471049 2.179228 0.004313
v 0.448146 2.176556 -0.000000
v 0.448146 2.176556 0.004313
v 0.471049 2.179228 -0.000000
v 0.407681 2.161704 -0.000000
v 0.407681 2.161704 0.004313
v 0.372932 2.138079 -0.000000
v 0.372932 2.138079 0.004313
v 0.346268 2.107290 0.004313
v 0.346268 2.107290 -0.000000
v 0.329506 2.071436 0.004313
v 0.329506 2.071436 -0.000000
v 0.323789 2.032959 0.004313
v 0.323789 2.032959 -0.000000
v 0.337517 2.032959 0.004313
v 0.342766 2.068288 -0.000000
v 0.342766 2.068288 0.004313
v 0.337517 2.032959 -0.000000
v 0.358156 2.101209 -0.000000
v 0.358156 2.101209 0.004313
v 0.382639 2.129479 -0.000000
v 0.382639 2.129479 0.004313
v 0.414544 2.151171 -0.000000
v 0.414544 2.151171 0.004313
v 0.451700 2.164807 -0.000000
v 0.451700 2.164807 0.004313
v 0.453292 2.164993 -0.000000
v 0.453292 2.164993 0.004313
vn -0.0000 -0.0000 1.0000
vn -0.8148 -0.5797 -0.0000
vn -0.7322 -0.6811 -0.0000
vn -0.5310 -0.8474 -0.0000
vn -0.2935 -0.9560 -0.0000
vn -0.0361 -0.9993 -0.0000
vn 0.2238 -0.9746 -0.0000
vn 0.4684 -0.8835 -0.0000
vn 0.6812 -0.7321 -0.0000
vn 0.7709 -0.6369 -0.0000
vn 0.6370 0.7708 -0.0000
vn 0.5310 0.8474 -0.0000
vn 0.2935 0.9560 -0.0000
vn 0.0361 0.9993 -0.0000
vn -0.2238 0.9746 -0.0000
vn -0.4684 0.8835 -0.0000
vn -0.6811 0.7322 -0.0000
vn -0.7709 0.6370 -0.0000
vn 0.1306 -0.9914 -0.0000
vn 0.2589 -0.9659 -0.0000
vn 0.1303 -0.9915 -0.0000
vn -0.3931 0.9195 -0.0000
vn -0.5097 0.8603 -0.0000
vn -0.7150 0.6991 -0.0000
vn -0.8716 0.4902 -0.0000
vn -0.9688 0.2479 -0.0000
vn -0.9929 0.1193 -0.0000
vn 0.9914 -0.1305 -0.0000
vn 0.9659 -0.2588 -0.0000
vn 0.8660 -0.5000 -0.0000
vn 0.7071 -0.7071 -0.0000
vn 0.5000 -0.8660 -0.0000
vn 0.1417 -0.9899 -0.0000
vn 0.2788 -0.9604 -0.0000
vn -0.1416 0.9899 -0.0000
vn -0.2790 0.9603 -0.0000
vn -0.2785 0.9604 -0.0000
vn -0.5302 0.8478 -0.0000
vn -0.7348 0.6783 -0.0000
vn -0.8825 0.4703 -0.0000
vn -0.9708 0.2401 -0.0000
vn -0.9927 0.1203 -0.0000
vn 0.9927 -0.1203 -0.0000
vn 0.9708 -0.2401 -0.0000
vn 0.8825 -0.4703 -0.0000
vn 0.7348 -0.6783 -0.0000
vn 0.5302 -0.8479 -0.0000
vn -0.2788 -0.9604 -0.0000
vn -0.1414 -0.9900 -0.0000
vn -0.1417 -0.9899 -0.0000
vn 0.2789 0.9603 -0.0000
vn 0.1416 0.9899 -0.0000
vn 0.1419 0.9899 -0.0000
vn -0.5302 -0.8479 -0.0000
vn -0.7348 -0.6783 -0.0000
vn -0.8825 -0.4703 -0.0000
vn -0.9708 -0.2400 -0.0000
vn -0.9927 -0.1203 -0.0000
vn 0.9927 0.1203 -0.0000
vn 0.9708 0.2401 -0.0000
vn 0.8825 0.4703 -0.0000
vn 0.7348 0.6783 -0.0000
vn 0.5302 0.8478 -0.0000
vn -0.2589 -0.9659 -0.0000
vn -0.1306 -0.9914 -0.0000
vn -0.1303 -0.9915 -0.0000
vn -0.5000 -0.8660 -0.0000
vn -0.7071 -0.7071 -0.0000
vn -0.8660 -0.5000 -0.0000
vn -0.9659 -0.2588 -0.0000
vn -0.9914 -0.1305 -0.0000
vn 0.9927 0.1207 -0.0000
vn 0.9684 0.2492 -0.0000
vn 0.8709 0.4914 -0.0000
vn 0.7141 0.7001 -0.0000
vn 0.5086 0.8610 -0.0000
vn 0.3918 0.9200 -0.0000
vn 0.2318 0.9728 -0.0000
vn 0.1159 0.9933 -0.0000
vn -0.2319 -0.9728 -0.0000
vn -0.1160 -0.9933 -0.0000
vn -0.1159 -0.9933 -0.0000
vn -0.4568 -0.8896 -0.0000
vn -0.6647 -0.7471 -0.0000
vn -0.8389 -0.5443 -0.0000
vn -0.9576 -0.2882 -0.0000
vn -0.9891 -0.1470 -0.0000
vn 0.9891 0.1470 -0.0000
vn 0.9576 0.2882 -0.0000
vn 0.8389 0.5443 -0.0000
vn 0.6647 0.7471 -0.0000
vn 0.4568 0.8896 -0.0000
vn -0.1159 0.9933 -0.0000
vn -0.2318 0.9728 -0.0000
vn -0.4568 0.8896 -0.0000
vn -0.6647 0.7471 -0.0000
vn -0.8389 0.5443 -0.0000
vn -0.9576 0.2883 -0.0000
vn -0.9891 0.1470 -0.0000
vn 0.9891 -0.1470 -0.0000
vn 0.9576 -0.2882 -0.0000
vn 0.8389 -0.5443 -0.0000
vn 0.6647 -0.7471 -0.0000
vn 0.4568 -0.8896 -0.0000
vn 0.2319 -0.9727 -0.0000
vn 0.1160 -0.9932 -0.0000
vt 5.608706 24.891729
vt 5.599472 24.891239
vt 5.602312 24.890989
vt 5.683752 24.319340
vt 5.514034 24.325470
vt 5.598490 24.311239
vt 5.764011 24.349239
vt 5.436141 24.361080
vt 5.833797 24.398899
vt 5.621187 24.386980
vt 5.686073 24.398380
vt 5.745797 24.426189
vt 5.869159 24.441689
vt 5.779584 24.454500
vt 5.888354 24.464920
vt 5.796289 24.468500
vt 5.923964 24.542809
vt 5.834109 24.522449
vt 5.856678 24.584339
vt 5.932430 24.593039
vt 5.858377 24.603630
vt 5.933034 24.596619
vt 5.938200 24.627270
vt 5.858623 24.606419
vt 5.862459 24.649969
vt 5.930092 24.712530
vt 5.851057 24.714849
vt 5.928627 24.716459
vt 5.845518 24.726749
vt 5.927813 24.718649
vt 5.900194 24.792789
vt 5.844475 24.728989
vt 5.823251 24.774580
vt 5.780934 24.825069
vt 5.850541 24.862570
vt 5.726991 24.862890
vt 5.849206 24.863680
vt 5.666314 24.885010
vt 5.784518 24.917130
vt 5.665098 24.885460
vt 5.654537 24.886389
vt 5.555562 24.392759
vt 5.370118 24.415640
vt 5.493668 24.415329
vt 5.439725 24.453150
vt 5.351576 24.441700
vt 5.320466 24.485430
vt 5.438856 24.454189
vt 5.397408 24.503639
vt 5.290567 24.565680
vt 5.369602 24.563360
vt 5.362521 24.603659
vt 5.287969 24.593000
vt 5.287625 24.596619
vt 5.282459 24.650949
vt 5.362036 24.606419
vt 5.358201 24.628250
vt 5.363981 24.693880
vt 5.293604 24.717060
vt 5.376161 24.727280
vt 5.293963 24.719189
vt 5.296696 24.735399
vt 5.376968 24.729490
vt 5.386551 24.755770
vt 5.332306 24.813299
vt 5.424370 24.809710
vt 5.474862 24.852030
vt 5.374549 24.864420
vt 5.534586 24.879839
vt 5.386862 24.879320
vt 5.456648 24.928968
vt 5.589626 24.889509
vt 5.706625 24.952740
vt 5.536907 24.958870
vt 5.622169 24.966980
vt 4.215948 23.569159
vt 4.047620 23.195539
vt 4.166760 23.195539
vt 4.095887 23.597139
vt 4.360162 23.917320
vt 4.246451 23.972559
vt 4.589572 24.216299
vt 4.489050 24.296219
vt 4.888545 24.445709
vt 4.807152 24.546059
vt 5.236706 24.589920
vt 5.171944 24.702002
vt 4.469472 23.527649
vt 4.281589 23.195539
vt 4.429227 23.195539
vt 4.326865 23.569159
vt 4.587465 23.837120
vt 4.459607 23.917320
vt 4.775164 24.102879
vt 4.670768 24.216299
vt 5.019778 24.306799
vt 4.945960 24.445709
vt 5.304638 24.434990
vt 5.266426 24.589920
vt 0.603111 0.049213
vt 0.571093 0.000000
vt 0.603111 0.000000
vt 0.571093 0.049213
vt 0.485201 0.049213
vt 0.485201 -0.000000
vt 0.399309 0.049213
vt 0.399309 0.000000
vt 0.313417 0.049213
vt 0.313417 0.000000
vt 0.227524 0.049213
vt 0.227524 -0.000000
vt 0.141632 0.049213
vt 0.141632 0.000000
vt 0.055740 0.049213
vt 0.055740 0.000000
vt 0.000000 0.049213
vt 0.000000 -0.000000
vt 6.893794 23.569159
vt 6.791432 23.195539
vt 6.939070 23.195539
vt 6.751187 23.527649
vt 6.633194 23.837120
vt 6.761052 23.917320
vt 6.445495 24.102879
vt 6.549891 24.216299
vt 6.200881 24.306799
vt 6.274700 24.445709
vt 5.916021 24.434990
vt 5.954233 24.589920
vt 7.173039 23.195539
vt 7.004711 23.569159
vt 7.053899 23.195539
vt 7.124166 23.597479
vt 6.860498 23.917320
vt 6.972927 23.973080
vt 6.631087 24.216299
vt 6.729629 24.296740
vt 6.332114 24.445709
vt 6.410852 24.546400
vt 5.983953 24.589920
vt 6.045468 24.702002
vt 7.457829 23.634550
vt 7.366430 23.195539
vt 7.523059 23.195539
vt 7.306537 23.598629
vt 7.130940 23.974249
vt 7.266585 24.043640
vt 6.851605 24.296799
vt 6.962358 24.394930
vt 6.487568 24.544300
vt 6.565882 24.664490
vt 6.063638 24.699890
vt 6.104177 24.833939
vt 6.037796 24.705002
vt 0.532926 0.000000
vt 0.448752 0.049213
vt 0.448752 -0.000000
vt 0.532926 0.049213
vt 0.362860 0.049213
vt 0.362860 0.000000
vt 0.276967 0.049213
vt 0.276967 -0.000000
vt 0.191075 0.049213
vt 0.191075 -0.000000
vt 0.105183 0.049213
vt 0.105183 0.000000
vt 0.019291 0.049213
vt 0.019291 -0.000000
vt 3.910874 23.598629
vt 3.694352 23.195539
vt 3.850981 23.195539
vt 3.759582 23.634550
vt 4.086471 23.974249
vt 3.950827 24.043640
vt 4.365807 24.296799
vt 4.255053 24.394930
vt 4.729843 24.544300
vt 4.651529 24.664490
vt 5.153773 24.699890
vt 5.113234 24.833939
vt 5.179615 24.705002
vt 1.940763 -0.049213
vt 1.889628 -0.000000
vt 1.889628 -0.049213
vt 1.940763 0.000000
vt 2.000000 0.000000
vt 1.606097 0.049213
vt 1.606097 0.000000
vt 2.000000 0.049213
vt 1.204572 0.049213
vt 1.204572 0.000000
vt 0.803048 0.000000
vt 0.803048 0.049213
vt 0.401524 0.000000
vt 0.401524 0.049213
vt -0.000000 -0.049213
vt 0.377926 -0.000000
vt 0.377926 -0.049213
vt 0.755851 -0.000000
vt 0.755851 -0.049213
vt 1.133777 0.000000
vt 1.133777 -0.049213
vt 1.511703 -0.049213
vt 1.511703 0.000000
vt 0.000000 8.758336
vt -0.049213 8.710919
vt 0.000000 8.710919
vt -0.049213 8.758336
vt 0.049213 8.716793
vt -0.000000 8.695030
vt 0.049213 8.695030
vt -0.000000 8.716793
vt 0.049213 14.893570
vt -0.000000 14.542150
vt 0.049213 14.542150
vt -0.000000 14.893570
vt 0.049213 19.452169
vt -0.000000 19.093899
vt 0.049213 19.093899
vt -0.000000 19.452169
vt 0.049213 22.474730
vt -0.000000 22.108709
vt 0.049213 22.108709
vt -0.000000 22.474730
vt 0.049213 23.936859
vt -0.000000 23.564249
vt 0.049213 23.564249
vt -0.000000 23.936859
vt 0.049213 23.918509
vt 0.000000 23.542160
vt 0.049213 23.542160
vt 0.000000 23.918509
vt 0.000000 23.559919
vt -0.049213 23.894459
vt -0.049213 23.559919
vt 0.000000 23.894459
vt 0.000000 23.576260
vt -0.049213 23.907469
vt -0.049213 23.576260
vt 0.000000 23.907469
vt 0.000000 22.116959
vt -0.049213 22.442320
vt -0.049213 22.116959
vt 0.000000 22.442320
vt 0.000000 19.419920
vt -0.049213 19.101460
vt 0.000000 19.101460
vt -0.049213 19.419920
vt 0.000000 14.864830
vt -0.049213 14.552460
vt 0.000000 14.552460
vt -0.049213 14.864830
vt -0.000000 -2.396697
vt 0.049213 -2.349358
vt -0.000000 -2.349358
vt 0.049213 -2.396697
vt -0.049213 -2.412587
vt -0.000000 -2.390562
vt -0.049213 -2.390562
vt -0.000000 -2.412587
vt 0.000000 4.320136
vt 0.049213 4.632510
vt 0.000000 4.632510
vt 0.049213 4.320136
vt 0.000000 10.482810
vt 0.049213 10.801270
vt 0.000000 10.801270
vt 0.049213 10.482810
vt 0.049213 15.969060
vt 0.000000 15.643700
vt 0.049213 15.643700
vt 0.000000 15.969060
vt 0.049213 19.910109
vt 0.000000 19.578899
vt 0.049213 19.578899
vt 0.000000 19.910109
vt 0.049213 22.544609
vt 0.000000 22.210070
vt 0.049213 22.210070
vt -0.000000 22.544609
vt 0.000000 22.192310
vt -0.049213 22.568670
vt -0.049213 22.192310
vt 0.000000 22.568670
vt -0.000000 19.566889
vt -0.049213 19.939499
vt -0.049213 19.566889
vt -0.000000 19.939499
vt -0.000000 15.635449
vt -0.049213 16.001469
vt -0.049213 15.635449
vt -0.000000 16.001469
vt -0.049213 10.475240
vt -0.000000 10.833520
vt -0.049213 10.833520
vt -0.000000 10.475240
vt -0.049213 4.309823
vt -0.000000 4.661244
vt -0.049213 4.661244
vt -0.000000 4.309823
vt 0.051135 -0.049213
vt 0.051135 0.000000
vt 0.429061 -0.049213
vt 0.429061 0.000000
vt 0.806986 -0.049213
vt 0.806986 0.000000
vt 1.184912 -0.000000
vt 1.184912 -0.049213
vt 1.562837 0.000000
vt 1.562837 -0.049213
vt 0.401524 -0.049213
vt 0.803048 -0.049213
vt 1.204572 -0.049213
vt 1.606097 -0.049213
vt 2.000000 -0.049213
vt -0.049213 -3.185712
vt 0.000000 -2.929012
vt -0.049213 -2.929012
vt 0.000000 -3.185712
vt 0.000000 -3.160978
vt 0.049213 -3.142684
vt -0.000000 -3.142684
vt 0.049213 -3.160978
vt -0.000000 2.366111
vt 0.049213 2.817690
vt -0.000000 2.817690
vt 0.049213 2.366111
vt -0.000000 7.994635
vt 0.049213 8.434840
vt -0.000000 8.434840
vt 0.049213 7.994635
vt -0.000000 13.881310
vt 0.049213 13.454619
vt 0.049213 13.881310
vt -0.000000 13.454619
vt -0.000000 18.698280
vt 0.049213 18.283649
vt 0.049213 18.698280
vt -0.000000 18.283649
vt -0.000000 22.268509
vt 0.049213 21.860989
vt 0.049213 22.268509
vt -0.000000 21.860989
vt -0.049213 21.837969
vt 0.000000 22.281799
vt -0.049213 22.281799
vt 0.000000 21.837969
vt -0.049213 18.252110
vt 0.000000 18.703699
vt -0.049213 18.703699
vt 0.000000 18.252110
vt -0.049213 13.418270
vt 0.000000 13.882990
vt -0.049213 13.882990
vt 0.000000 13.418270
vt -0.049213 7.958219
vt 0.000000 8.437650
vt -0.049213 8.437650
vt 0.000000 7.958219
vt -0.049213 2.334000
vt 0.000000 2.825819
vt -0.049213 2.825819
vt 0.000000 2.334000
vt 0.049213 8.219238
vt -0.000000 7.956151
vt 0.049213 7.956151
vt -0.000000 8.219238
vt 0.049213 13.356410
vt 0.000000 12.864590
vt 0.049213 12.864590
vt 0.000000 13.356410
vt 0.049213 17.714130
vt 0.000000 17.234699
vt 0.049213 17.234699
vt 0.000000 17.714130
vt 0.000000 21.226469
vt 0.049213 20.761749
vt 0.049213 21.226469
vt 0.000000 20.761749
vt 0.000000 23.454229
vt 0.049213 23.002649
vt 0.049213 23.454229
vt 0.000000 23.002649
vt -0.000000 23.930439
vt 0.049213 23.486620
vt 0.049213 23.930439
vt -0.000000 23.486620
vt -0.049213 23.509640
vt 0.000000 23.917149
vt -0.049213 23.917149
vt 0.000000 23.509640
vt -0.049213 23.034180
vt -0.000000 23.448820
vt -0.049213 23.448820
vt -0.000000 23.034180
vt -0.049213 20.798100
vt -0.000000 21.224789
vt -0.049213 21.224789
vt -0.000000 20.798100
vt -0.000000 17.711319
vt -0.049213 17.271120
vt -0.000000 17.271120
vt -0.049213 17.711319
vt -0.000000 13.348280
vt -0.049213 12.896700
vt -0.000000 12.896700
vt -0.049213 13.348280
vt 0.000000 7.999179
vt -0.049213 7.980885
vt -0.000000 7.980885
vt -0.049213 7.999179
s 1
usemtl Wood_Floor
f 2503/2154/378 2504/2155/378 2505/2156/378
f 2506/2157/378 2507/2158/378 2508/2159/378
f 2507/2158/378 2506/2157/378 2509/2160/378
f 2507/2158/378 2509/2160/378 2510/2161/378
f 2510/2161/378 2509/2160/378 2511/2162/378
f 2510/2161/378 2511/2162/378 2512/2163/378
f 2512/2163/378 2511/2162/378 2513/2164/378
f 2513/2164/378 2511/2162/378 2514/2165/378
f 2514/2165/378 2511/2162/378 2515/2166/378
f 2514/2165/378 2515/2166/378 2516/2167/378
f 2516/2167/378 2515/2166/378 2517/2168/378
f 2516/2167/378 2517/2168/378 2518/2169/378
f 2518/2169/378 2517/2168/378 2519/2170/378
f 2518/2169/378 2519/2170/378 2520/2171/378
f 2520/2171/378 2519/2170/378 2521/2172/378
f 2521/2172/378 2519/2170/378 2522/2173/378
f 2521/2172/378 2522/2173/378 2523/2174/378
f 2523/2174/378 2522/2173/378 2524/2175/378
f 2523/2174/378 2524/2175/378 2525/2176/378
f 2523/2174/378 2525/2176/378 2526/2177/378
f 2526/2177/378 2525/2176/378 2527/2178/378
f 2527/2178/378 2525/2176/378 2528/2179/378
f 2527/2178/378 2528/2179/378 2529/2180/378
f 2529/2180/378 2528/2179/378 2530/2181/378
f 2529/2180/378 2530/2181/378 2531/2182/378
f 2531/2182/378 2530/2181/378 2532/2183/378
f 2531/2182/378 2532/2183/378 2533/2184/378
f 2531/2182/378 2533/2184/378 2534/2185/378
f 2534/2185/378 2533/2184/378 2535/2186/378
f 2535/2186/378 2533/2184/378 2536/2187/378
f 2536/2187/378 2533/2184/378 2537/2188/378
f 2536/2187/378 2537/2188/378 2538/2189/378
f 2538/2189/378 2537/2188/378 2539/2190/378
f 2538/2189/378 2539/2190/378 2540/2191/378
f 2540/2191/378 2539/2190/378 2541/2192/378
f 2540/2191/378 2541/2192/378 2542/2193/378
f 2542/2193/378 2541/2192/378 2543/2194/378
f 2543/2194/378 2541/2192/378 2503/2154/378
f 2510/2161/378 2544/2195/378 2545/2196/378
f 2544/2195/378 2510/2161/378 2512/2163/378
f 2545/2196/378 2544/2195/378 2546/2197/378
f 2545/2196/378 2546/2197/378 2547/2198/378
f 2545/2196/378 2547/2198/378 2548/2199/378
f 2548/2199/378 2547/2198/378 2549/2200/378
f 2549/2200/378 2547/2198/378 2550/2201/378
f 2549/2200/378 2550/2201/378 2551/2202/378
f 2549/2200/378 2551/2202/378 2552/2203/378
f 2552/2203/378 2551/2202/378 2553/2204/378
f 2552/2203/378 2553/2204/378 2554/2205/378
f 2552/2203/378 2554/2205/378 2555/2206/378
f 2555/2206/378 2554/2205/378 2556/2207/378
f 2556/2207/378 2554/2205/378 2557/2208/378
f 2557/2208/378 2554/2205/378 2558/2209/378
f 2557/2208/378 2558/2209/378 2559/2210/378
f 2557/2208/378 2559/2210/378 2560/2211/378
f 2557/2208/378 2560/2211/378 2561/2212/378
f 2561/2212/378 2560/2211/378 2562/2213/378
f 2561/2212/378 2562/2213/378 2563/2214/378
f 2563/2214/378 2562/2213/378 2564/2215/378
f 2564/2215/378 2562/2213/378 2565/2216/378
f 2564/2215/378 2565/2216/378 2566/2217/378
f 2564/2215/378 2566/2217/378 2567/2218/378
f 2567/2218/378 2566/2217/378 2568/2219/378
f 2567/2218/378 2568/2219/378 2569/2220/378
f 2567/2218/378 2569/2220/378 2570/2221/378
f 2570/2221/378 2569/2220/378 2571/2222/378
f 2570/2221/378 2571/2222/378 2572/2223/378
f 2572/2223/378 2571/2222/378 2573/2224/378
f 2573/2224/378 2571/2222/378 2574/2225/378
f 2573/2224/378 2574/2225/378 2504/2155/378
f 2573/2224/378 2504/2155/378 2503/2154/378
f 2573/2224/378 2503/2154/378 2541/2192/378
f 2573/2224/378 2541/2192/378 2575/2226/378
f 2573/2224/378 2575/2226/378 2576/2227/378
f 2576/2227/378 2575/2226/378 2577/2228/378
f 2578/2229/378 2579/2230/378 2580/2231/378
f 2579/2230/378 2578/2229/378 2581/2232/378
f 2581/2232/378 2578/2229/378 2582/2233/378
f 2581/2232/378 2582/2233/378 2583/2234/378
f 2583/2234/378 2582/2233/378 2584/2235/378
f 2583/2234/378 2584/2235/378 2585/2236/378
f 2585/2236/378 2584/2235/378 2586/2237/378
f 2585/2236/378 2586/2237/378 2587/2238/378
f 2587/2238/378 2586/2237/378 2588/2239/378
f 2587/2238/378 2588/2239/378 2589/2240/378
f 2589/2240/378 2588/2239/378 2590/2207/378
f 2589/2240/378 2590/2207/378 2591/2208/378
f 2589/2240/378 2591/2208/378 2592/2212/378
f 2593/2241/378 2594/2242/378 2595/2243/378
f 2594/2242/378 2593/2241/378 2596/2244/378
f 2596/2244/378 2593/2241/378 2597/2245/378
f 2596/2244/378 2597/2245/378 2598/2246/378
f 2598/2246/378 2597/2245/378 2599/2247/378
f 2598/2246/378 2599/2247/378 2600/2248/378
f 2600/2248/378 2599/2247/378 2601/2249/378
f 2600/2248/378 2601/2249/378 2602/2250/378
f 2602/2250/378 2601/2249/378 2603/2251/378
f 2602/2250/378 2603/2251/378 2604/2199/378
f 2602/2250/378 2604/2199/378 2605/2200/378
f 2602/2250/378 2605/2200/378 2606/2252/378
f 2606/2252/378 2605/2200/378 2607/2203/378
f 2606/2252/378 2607/2203/378 2608/2206/378
f 2609/2253/379 2610/2254/380 2611/2255/379
f 2610/2254/380 2609/2253/379 2612/2256/380
f 2613/2257/381 2610/2254/380 2612/2256/380
f 2610/2254/380 2613/2257/381 2614/2258/381
f 2615/2259/382 2614/2258/381 2613/2257/381
f 2614/2258/381 2615/2259/382 2616/2260/382
f 2617/2261/383 2616/2260/382 2615/2259/382
f 2616/2260/382 2617/2261/383 2618/2262/383
f 2619/2263/384 2618/2262/383 2617/2261/383
f 2618/2262/383 2619/2263/384 2620/2264/384
f 2621/2265/385 2620/2264/384 2619/2263/384
f 2620/2264/384 2621/2265/385 2622/2266/385
f 2623/2267/386 2622/2266/385 2621/2265/385
f 2622/2266/385 2623/2267/386 2624/2268/386
f 2624/2268/386 2625/2269/387 2626/2270/387
f 2625/2269/387 2624/2268/386 2623/2267/386
f 2627/2271/378 2628/2272/378 2629/2273/378
f 2628/2272/378 2627/2271/378 2630/2274/378
f 2630/2274/378 2627/2271/378 2631/2275/378
f 2631/2275/378 2627/2271/378 2632/2276/378
f 2631/2275/378 2632/2276/378 2633/2277/378
f 2633/2277/378 2632/2276/378 2634/2278/378
f 2633/2277/378 2634/2278/378 2635/2279/378
f 2635/2279/378 2634/2278/378 2636/2280/378
f 2635/2279/378 2636/2280/378 2637/2281/378
f 2637/2281/378 2636/2280/378 2638/2166/378
f 2638/2166/378 2636/2280/378 2639/2168/378
f 2639/2168/378 2636/2280/378 2640/2282/378
f 2639/2168/378 2640/2282/378 2641/2170/378
f 2641/2170/378 2640/2282/378 2642/2173/378
f 2643/2283/378 2644/2284/378 2645/2285/378
f 2644/2284/378 2643/2283/378 2646/2286/378
f 2644/2284/378 2646/2286/378 2647/2287/378
f 2647/2287/378 2646/2286/378 2648/2288/378
f 2647/2287/378 2648/2288/378 2649/2289/378
f 2649/2289/378 2648/2288/378 2650/2290/378
f 2649/2289/378 2650/2290/378 2651/2291/378
f 2651/2291/378 2650/2290/378 2652/2292/378
f 2651/2291/378 2652/2292/378 2653/2293/378
f 2653/2293/378 2652/2292/378 2654/2294/378
f 2653/2293/378 2654/2294/378 2655/2175/378
f 2655/2175/378 2654/2294/378 2656/2176/378
f 2656/2176/378 2654/2294/378 2657/2179/378
f 2657/2179/378 2654/2294/378 2658/2181/378
f 2659/2295/378 2660/2296/378 2661/2297/378
f 2660/2296/378 2659/2295/378 2662/2298/378
f 2662/2298/378 2659/2295/378 2663/2299/378
f 2663/2299/378 2659/2295/378 2664/2300/378
f 2663/2299/378 2664/2300/378 2665/2301/378
f 2665/2301/378 2664/2300/378 2666/2302/378
f 2665/2301/378 2666/2302/378 2667/2303/378
f 2667/2303/378 2666/2302/378 2668/2304/378
f 2667/2303/378 2668/2304/378 2669/2305/378
f 2669/2305/378 2668/2304/378 2670/2306/378
f 2669/2305/378 2670/2306/378 2671/2294/378
f 2671/2294/378 2670/2306/378 2672/2307/378
f 2672/2307/378 2670/2306/378 2673/2183/378
f 2673/2183/378 2670/2306/378 2674/2184/378
f 2674/2184/378 2670/2306/378 2675/2188/378
f 2675/2188/378 2670/2306/378 2676/2190/378
f 2677/2308/388 2678/2309/389 2679/2310/389
f 2678/2309/389 2677/2308/388 2680/2311/388
f 2679/2310/389 2681/2312/390 2682/2313/390
f 2681/2312/390 2679/2310/389 2678/2309/389
f 2682/2313/390 2683/2314/391 2684/2315/391
f 2683/2314/391 2682/2313/390 2681/2312/390
f 2684/2315/391 2685/2316/392 2686/2317/392
f 2685/2316/392 2684/2315/391 2683/2314/391
f 2686/2317/392 2687/2318/393 2688/2319/393
f 2687/2318/393 2686/2317/392 2685/2316/392
f 2688/2319/393 2689/2320/394 2690/2321/394
f 2689/2320/394 2688/2319/393 2687/2318/393
f 2689/2320/394 2691/2270/395 2690/2321/394
f 2691/2270/395 2689/2320/394 2692/2269/395
f 2693/2322/378 2694/2323/378 2695/2324/378
f 2694/2323/378 2693/2322/378 2696/2325/378
f 2696/2325/378 2693/2322/378 2697/2326/378
f 2696/2325/378 2697/2326/378 2698/2327/378
f 2698/2327/378 2697/2326/378 2699/2328/378
f 2698/2327/378 2699/2328/378 2700/2329/378
f 2700/2329/378 2699/2328/378 2701/2330/378
f 2700/2329/378 2701/2330/378 2702/2331/378
f 2702/2331/378 2701/2330/378 2703/2332/378
f 2702/2331/378 2703/2332/378 2704/2333/378
f 2704/2333/378 2703/2332/378 2705/2240/378
f 2704/2333/378 2705/2240/378 2706/2334/378
f 2704/2333/378 2706/2334/378 2707/2214/378
f 2704/2333/378 2707/2214/378 2708/2215/378
f 2704/2333/378 2708/2215/378 2709/2218/378
f 2704/2333/378 2709/2218/378 2710/2221/378
f 2711/2335/396 2712/2336/397 2713/2337/397
f 2712/2336/397 2711/2335/396 2714/2338/398
f 2715/2339/399 2716/2340/400 2717/2341/400
f 2716/2340/400 2715/2339/399 2718/2342/399
f 2717/2341/400 2719/2343/401 2720/2344/401
f 2719/2343/401 2717/2341/400 2716/2340/400
f 2719/2343/401 2721/2345/402 2720/2344/401
f 2721/2345/402 2719/2343/401 2722/2346/402
f 2722/2346/402 2723/2347/403 2721/2345/402
f 2723/2347/403 2722/2346/402 2724/2348/403
f 2724/2348/403 2725/2270/404 2723/2347/403
f 2725/2270/404 2724/2348/403 2726/2269/404
f 2727/2349/405 2728/2350/406 2729/2270/405
f 2728/2350/406 2727/2349/405 2730/2351/406
f 2730/2351/406 2731/2352/407 2728/2350/406
f 2731/2352/407 2730/2351/406 2732/2353/407
f 2732/2353/407 2733/2354/408 2731/2352/407
f 2733/2354/408 2732/2353/407 2734/2355/408
f 2735/2356/409 2733/2354/408 2734/2355/408
f 2733/2354/408 2735/2356/409 2736/2357/409
f 2713/2337/397 2736/2357/409 2735/2356/409
f 2736/2357/409 2713/2337/397 2712/2336/397
f 2737/2358/410 2738/2359/411 2739/2360/411
f 2738/2359/411 2737/2358/410 2740/2361/410
f 2741/2362/412 2742/2363/413 2743/2364/414
f 2742/2363/413 2741/2362/412 2744/2365/412
f 2743/2366/414 2745/2367/415 2746/2368/415
f 2745/2367/415 2743/2366/414 2742/2369/413
f 2746/2370/415 2747/2371/416 2748/2372/416
f 2747/2371/416 2746/2370/415 2745/2373/415
f 2748/2374/416 2749/2375/417 2750/2376/417
f 2749/2375/417 2748/2374/416 2747/2377/416
f 2750/2378/417 2751/2379/418 2752/2380/418
f 2751/2379/418 2750/2378/417 2749/2381/417
f 2752/2382/418 2753/2383/419 2754/2384/419
f 2753/2383/419 2752/2382/418 2751/2385/418
f 2755/2386/420 2756/2387/421 2757/2388/420
f 2756/2387/421 2755/2386/420 2758/2389/421
f 2758/2390/421 2759/2391/422 2756/2392/421
f 2759/2391/422 2758/2390/421 2760/2393/422
f 2760/2394/422 2761/2395/423 2759/2396/422
f 2761/2395/423 2760/2394/422 2762/2397/423
f 2763/2398/424 2761/2399/423 2762/2400/423
f 2761/2399/423 2763/2398/424 2764/2401/424
f 2739/2402/411 2764/2403/424 2763/2404/424
f 2764/2403/424 2739/2402/411 2738/2405/411
f 2765/2406/425 2766/2407/426 2767/2408/427
f 2766/2407/426 2765/2406/425 2768/2409/425
f 2769/2410/428 2770/2411/429 2771/2412/430
f 2770/2411/429 2769/2410/428 2772/2413/428
f 2773/2414/431 2768/2415/425 2765/2416/425
f 2768/2415/425 2773/2414/431 2774/2417/431
f 2775/2418/432 2774/2419/431 2773/2420/431
f 2774/2419/431 2775/2418/432 2776/2421/432
f 2776/2422/432 2777/2423/433 2778/2424/433
f 2777/2423/433 2776/2422/432 2775/2425/432
f 2778/2426/433 2779/2427/434 2780/2428/434
f 2779/2427/434 2778/2426/433 2777/2429/433
f 2780/2430/434 2781/2431/435 2782/2432/435
f 2781/2431/435 2780/2430/434 2779/2433/434
f 2783/2434/436 2784/2435/437 2785/2436/436
f 2784/2435/437 2783/2434/436 2786/2437/437
f 2786/2438/437 2787/2439/438 2784/2440/437
f 2787/2439/438 2786/2438/437 2788/2441/438
f 2788/2442/438 2789/2443/439 2787/2444/438
f 2789/2443/439 2788/2442/438 2790/2445/439
f 2789/2446/439 2791/2447/440 2792/2448/440
f 2791/2447/440 2789/2446/439 2790/2449/439
f 2792/2450/440 2772/2451/428 2769/2452/428
f 2772/2451/428 2792/2450/440 2791/2453/440
f 2793/2454/441 2794/2270/442 2795/2349/443
f 2794/2270/442 2793/2454/441 2796/2455/441
f 2797/2456/444 2796/2455/441 2793/2454/441
f 2796/2455/441 2797/2456/444 2798/2457/444
f 2799/2458/445 2798/2457/444 2797/2456/444
f 2798/2457/444 2799/2458/445 2800/2459/445
f 2799/2458/445 2801/2460/446 2800/2459/445
f 2801/2460/446 2799/2458/445 2802/2461/446
f 2802/2461/446 2803/2462/447 2801/2460/446
f 2803/2462/447 2802/2461/446 2804/2463/447
f 2804/2463/447 2805/2338/448 2803/2462/447
f 2805/2338/448 2804/2463/447 2806/2335/448
f 2807/2349/449 2808/2347/450 2809/2270/449
f 2808/2347/450 2807/2349/449 2810/2464/450
f 2810/2464/450 2811/2345/451 2808/2347/450
f 2811/2345/451 2810/2464/450 2812/2465/451
f 2812/2465/451 2813/2344/452 2811/2345/451
f 2813/2344/452 2812/2465/451 2814/2466/452
f 2813/2344/452 2815/2467/453 2816/2341/453
f 2815/2467/453 2813/2344/452 2814/2466/452
f 2816/2341/453 2817/2468/454 2818/2339/454
f 2817/2468/454 2816/2341/453 2815/2467/453
f 2819/2469/455 2820/2470/456 2821/2471/456
f 2820/2470/456 2819/2469/455 2822/2472/455
f 2823/2473/457 2824/2474/458 2825/2475/459
f 2824/2474/458 2823/2473/457 2826/2476/457
f 2827/2477/460 2826/2478/457 2823/2479/457
f 2826/2478/457 2827/2477/460 2828/2480/460
f 2829/2481/461 2828/2482/460 2827/2483/460
f 2828/2482/460 2829/2481/461 2830/2484/461
f 2829/2485/461 2831/2486/462 2830/2487/461
f 2831/2486/462 2829/2485/461 2832/2488/462
f 2832/2489/462 2833/2490/463 2831/2491/462
f 2833/2490/463 2832/2489/462 2834/2492/463
f 2834/2493/463 2835/2494/464 2833/2495/463
f 2835/2494/464 2834/2493/463 2836/2496/464
f 2837/2497/465 2838/2498/466 2839/2499/466
f 2838/2498/466 2837/2497/465 2840/2500/465
f 2839/2501/466 2841/2502/467 2842/2503/467
f 2841/2502/467 2839/2501/466 2838/2504/466
f 2842/2505/467 2843/2506/468 2844/2507/468
f 2843/2506/468 2842/2505/467 2841/2508/467
f 2844/2509/468 2845/2510/469 2846/2511/469
f 2845/2510/469 2844/2509/468 2843/2512/468
f 2846/2513/469 2822/2514/455 2819/2515/455
f 2822/2514/455 2846/2513/469 2845/2516/469
f 2847/2517/470 2848/2518/471 2849/2519/471
f 2848/2518/471 2847/2517/470 2850/2520/470
f 2849/2521/471 2851/2522/472 2852/2523/472
f 2851/2522/472 2849/2521/471 2848/2524/471
f 2852/2525/472 2853/2526/473 2854/2527/473
f 2853/2526/473 2852/2525/472 2851/2528/472
f 2853/2529/473 2855/2530/474 2854/2531/473
f 2855/2530/474 2853/2529/473 2856/2532/474
f 2856/2533/474 2857/2534/475 2855/2535/474
f 2857/2534/475 2856/2533/474 2858/2536/475
f 2858/2537/475 2859/2538/476 2857/2539/475
f 2859/2538/476 2858/2537/475 2860/2540/476
f 2861/2541/477 2862/2542/478 2863/2543/478
f 2862/2542/478 2861/2541/477 2864/2544/477
f 2863/2545/478 2865/2546/479 2866/2547/479
f 2865/2546/479 2863/2545/478 2862/2548/478
f 2866/2549/479 2867/2550/480 2868/2551/480
f 2867/2550/480 2866/2549/479 2865/2552/479
f 2869/2553/481 2868/2554/480 2867/2555/480
f 2868/2554/480 2869/2553/481 2870/2556/481
f 2871/2557/482 2870/2558/481 2869/2559/481
f 2870/2558/481 2871/2557/482 2872/2560/482
f 2873/2561/483 2872/2562/482 2871/2563/482
f 2872/2562/482 2873/2561/483 2874/2564/483
o SketchUp.025
v 0.463431 2.155757 -0.000000
v 0.463461 2.155440 0.004313
v 0.463431 2.155757 0.004313
v 0.463461 2.155440 -0.000000
vn -0.9955 -0.0951 -0.0000
vn -0.9955 -0.0949 -0.0000
vn -0.9955 -0.0948 -0.0000
vt -0.000000 23.985630
vt 0.049213 23.981989
vt 0.049213 23.985630
vt -0.000000 23.981989
s 1
usemtl Wood_Floor_Parquet
f 2875/2565/484 2876/2566/484 2877/2567/485
f 2876/2566/484 2875/2565/484 2878/2568/486
o SketchUp.026
v 0.519944 2.155443 0.004313
v 0.519997 2.155757 -0.000000
v 0.519997 2.155757 0.004313
v 0.519944 2.155443 -0.000000
vn 0.9861 -0.1662 -0.0000
vn 0.9860 -0.1665 -0.0000
vn 0.9861 -0.1661 -0.0000
vt -0.049213 25.237009
vt 0.000000 25.240639
vt -0.049213 25.240639
vt 0.000000 25.237009
s 1
usemtl Wood_Floor_Parquet
f 2879/2569/487 2880/2570/488 2881/2571/489
f 2880/2570/488 2879/2569/487 2882/2572/488
o SketchUp.027
v 0.470123 2.164281 0.004313
v 0.471191 2.167208 -0.000000
v 0.471191 2.167208 0.004313
v 0.470123 2.164281 -0.000000
v 0.471191 2.167208 -0.000000
v 0.471261 2.167402 0.004313
v 0.471191 2.167208 0.004313
v 0.471261 2.167402 -0.000000
v 0.469616 2.158529 -0.000000
v 0.469616 2.158529 0.004313
v 0.471261 2.167402 -0.000000
v 0.472101 2.169705 0.004313
v 0.471261 2.167402 0.004313
v 0.472101 2.169705 -0.000000
v 0.469953 2.156615 -0.000000
v 0.469953 2.156615 0.004313
v 0.475416 2.174433 0.004313
v 0.475416 2.174433 -0.000000
v 0.469995 2.156374 0.004313
v 0.469953 2.156615 -0.000000
v 0.469953 2.156615 0.004313
v 0.469995 2.156374 -0.000000
v 0.479841 2.178142 -0.000000
v 0.479841 2.178142 0.004313
v 0.470615 2.152842 -0.000000
v 0.469995 2.156374 0.004313
v 0.470615 2.152842 0.004313
v 0.469995 2.156374 -0.000000
v 0.485076 2.180579 -0.000000
v 0.485076 2.180579 0.004313
v 0.473053 2.147608 -0.000000
v 0.473053 2.147608 0.004313
v 0.489899 2.181427 -0.000000
v 0.489899 2.181427 0.004313
v 0.476685 2.143273 0.004313
v 0.476685 2.143273 -0.000000
v 0.490762 2.181578 -0.000000
v 0.489899 2.181427 0.004313
v 0.489899 2.181427 -0.000000
v 0.490762 2.181578 0.004313
v 0.476762 2.143182 -0.000000
v 0.476685 2.143273 0.004313
v 0.476762 2.143182 0.004313
v 0.476685 2.143273 -0.000000
v 0.491011 2.181556 -0.000000
v 0.491011 2.181556 0.004313
v 0.481489 2.139868 0.004313
v 0.481489 2.139868 -0.000000
v 0.491572 2.181622 -0.000000
v 0.491011 2.181556 0.004313
v 0.491011 2.181556 -0.000000
v 0.491572 2.181622 0.004313
v 0.486914 2.137889 0.004313
v 0.486914 2.137889 -0.000000
v 0.495589 2.181153 -0.000000
v 0.495589 2.181153 0.004313
v 0.492666 2.137383 0.004313
v 0.492666 2.137383 -0.000000
v 0.496514 2.181071 -0.000000
v 0.495589 2.181153 0.004313
v 0.495589 2.181153 -0.000000
v 0.496514 2.181071 0.004313
v 0.498353 2.138382 0.004313
v 0.498353 2.138382 -0.000000
v 0.496621 2.181033 -0.000000
v 0.496621 2.181033 0.004313
v 0.503587 2.140819 0.004313
v 0.503587 2.140819 -0.000000
v 0.501939 2.179093 -0.000000
v 0.496621 2.181033 0.004313
v 0.496621 2.181033 -0.000000
v 0.501939 2.179093 0.004313
v 0.506548 2.143301 0.004313
v 0.506548 2.143301 -0.000000
v 0.506667 2.175779 -0.000000
v 0.506667 2.175779 0.004313
v 0.508012 2.144528 0.004313
v 0.506548 2.143301 -0.000000
v 0.506548 2.143301 0.004313
v 0.508012 2.144528 -0.000000
v 0.510375 2.171353 0.004313
v 0.510375 2.171353 -0.000000
v 0.511327 2.149256 0.004313
v 0.511327 2.149256 -0.000000
v 0.512236 2.167358 0.004313
v 0.512236 2.167358 -0.000000
v 0.513305 2.154680 -0.000000
v 0.513305 2.154680 0.004313
v 0.512236 2.167358 0.004313
v 0.512327 2.167162 -0.000000
v 0.512327 2.167162 0.004313
v 0.512236 2.167358 -0.000000
v 0.513454 2.156371 0.004313
v 0.513454 2.156371 -0.000000
v 0.512327 2.167162 -0.000000
v 0.512813 2.166119 0.004313
v 0.512327 2.167162 0.004313
v 0.512813 2.166119 -0.000000
v 0.513475 2.156615 -0.000000
v 0.513454 2.156371 0.004313
v 0.513475 2.156615 0.004313
v 0.513454 2.156371 -0.000000
v 0.513812 2.160432 0.004313
v 0.513812 2.160432 -0.000000
v 0.513475 2.156615 0.004313
v 0.513475 2.156615 -0.000000
vn 0.9761 -0.2171 -0.0000
vn 0.9395 -0.3424 -0.0000
vn 0.9394 -0.3428 -0.0000
vn 0.9399 -0.3415 -0.0000
vn 0.9399 -0.3414 -0.0000
vn 0.9991 0.0432 -0.0000
vn 0.9991 0.0428 -0.0000
vn 0.9394 -0.3427 -0.0000
vn 0.8867 -0.4623 -0.0000
vn 0.9395 -0.3427 -0.0000
vn 0.9849 0.1731 -0.0000
vn 0.9849 0.1729 -0.0000
vn 0.7369 -0.6760 -0.0000
vn 0.9850 0.1726 -0.0000
vn 0.9850 0.1725 -0.0000
vn 0.5368 -0.8437 -0.0000
vn 0.9539 0.3001 -0.0000
vn 0.9539 0.3002 -0.0000
vn 0.3002 -0.9539 -0.0000
vn 0.8437 0.5368 -0.0000
vn 0.1732 -0.9849 -0.0000
vn 0.7665 0.6422 -0.0000
vn 0.0431 -0.9991 -0.0000
vn 0.1728 -0.9849 -0.0000
vn 0.0423 -0.9991 -0.0000
vn 0.6759 0.7370 -0.0000
vn 0.7662 0.6426 -0.0000
vn -0.0877 -0.9961 -0.0000
vn -0.0891 -0.9960 -0.0000
vn 0.4623 0.8867 -0.0000
vn 0.0005 -1.0000 -0.0000
vn 0.1164 -0.9932 -0.0000
vn 0.2170 0.9762 -0.0000
vn -0.1160 -0.9933 -0.0000
vn -0.0431 0.9991 -0.0000
vn -0.2140 -0.9768 -0.0000
vn -0.0883 -0.9961 -0.0000
vn -0.0878 -0.9961 -0.0000
vn -0.2173 -0.9761 -0.0000
vn -0.3001 0.9539 -0.0000
vn -0.3367 -0.9416 -0.0000
vn -0.3425 -0.9395 -0.0000
vn -0.5368 0.8437 -0.0000
vn -0.5369 0.8437 -0.0000
vn -0.4623 -0.8867 -0.0000
vn -0.3424 -0.9396 -0.0000
vn -0.6424 0.7664 -0.0000
vn -0.6760 -0.7369 -0.0000
vn -0.7369 0.6760 -0.0000
vn -0.6423 0.7664 -0.0000
vn -0.8437 -0.5368 -0.0000
vn -0.8867 0.4623 -0.0000
vn -0.9065 -0.4222 -0.0000
vn -0.9065 -0.4223 -0.0000
vn -0.9762 0.2170 -0.0000
vn -0.9066 -0.4220 -0.0000
vn -0.9064 -0.4224 -0.0000
vn -0.9071 -0.4209 -0.0000
vn -0.9961 0.0878 -0.0000
vn -0.9066 -0.4219 -0.0000
vn -0.9538 -0.3003 -0.0000
vn -0.9540 -0.2999 -0.0000
vn -0.9962 0.0875 -0.0000
vn -0.9962 0.0876 -0.0000
vn -0.9991 -0.0429 -0.0000
vn -0.9961 0.0879 -0.0000
vt 0.320385 -0.000000
vt 0.284715 0.049213
vt 0.284715 -0.000000
vt 0.320385 0.049213
vt 0.282340 -0.000000
vt 0.282340 0.049213
vt 0.386453 0.049213
vt 0.386453 -0.000000
vt 0.254316 -0.000000
vt 0.254316 0.049213
vt 0.408626 0.049213
vt 0.408626 -0.000000
vt 0.188248 -0.000000
vt 0.188248 0.049213
vt 0.411444 0.000000
vt 0.411444 0.049213
vt 0.122180 0.049213
vt 0.122180 0.000000
vt 0.452522 0.049213
vt 0.452522 -0.000000
vt 0.056111 0.049213
vt 0.056111 0.000000
vt 0.518590 0.049213
vt 0.518590 -0.000000
vt 0.000000 0.049213
vt 0.000000 0.000000
vt 0.583316 -0.000000
vt 0.583316 0.049213
vt 0.002831 0.049213
vt 0.012788 0.000000
vt 0.012788 0.049213
vt 0.002831 0.000000
vt 0.584658 0.049213
vt 0.584658 -0.000000
vt 0.650727 -0.000000
vt 0.650727 0.049213
vt -0.000000 8.454982
vt -0.049213 8.448545
vt -0.000000 8.448545
vt -0.049213 8.454982
vt 0.716795 -0.000000
vt 0.716795 0.049213
vt -0.000000 -2.733024
vt 0.049213 -2.686881
vt -0.000000 -2.686881
vt 0.049213 -2.733024
vt 0.782864 -0.000000
vt 0.782864 0.049213
vt 0.001284 0.049213
vt 0.011847 -0.000000
vt 0.011847 0.049213
vt 0.001284 0.000000
vt 0.848932 -0.000000
vt 0.848932 0.049213
vt 0.915000 -0.000000
vt 0.915000 0.049213
vt 1.443548 0.049213
vt 1.508332 -0.000000
vt 1.508332 0.049213
vt 1.443548 0.000000
vt 0.959267 0.000000
vt 0.959267 0.049213
vt 1.377479 0.049213
vt 1.377479 0.000000
vt 0.981069 -0.000000
vt 0.981069 0.049213
vt 1.311411 0.000000
vt 1.311411 0.049213
vt 1.047137 0.000000
vt 1.047137 0.049213
vt 1.260911 0.000000
vt 1.260911 0.049213
vt 1.113206 0.049213
vt 1.113206 0.000000
vt 1.258432 0.049213
vt 1.258432 0.000000
vt 1.132561 0.000000
vt 1.132561 0.049213
vt 1.245343 0.000000
vt 1.245343 0.049213
vt 1.135379 0.049213
vt 1.135379 0.000000
vt 1.179274 0.000000
vt 1.179274 0.049213
s 1
usemtl Stone_Brushed_Khaki
f 2883/2573/490 2884/2574/491 2885/2575/492
f 2884/2574/491 2883/2573/490 2886/2576/490
f 2887/2574/493 2888/2577/494 2889/2575/494
f 2888/2577/494 2887/2574/493 2890/2578/493
f 2891/2579/495 2883/2573/490 2892/2580/496
f 2883/2573/490 2891/2579/495 2886/2576/490
f 2893/2578/497 2894/2581/498 2895/2577/499
f 2894/2581/498 2893/2578/497 2896/2582/498
f 2897/2583/500 2892/2580/496 2898/2584/501
f 2892/2580/496 2897/2583/500 2891/2579/495
f 2896/2582/498 2899/2585/502 2894/2581/498
f 2899/2585/502 2896/2582/498 2900/2586/502
f 2901/2587/503 2902/2583/503 2903/2584/503
f 2902/2583/503 2901/2587/503 2904/2588/504
f 2905/2589/505 2899/2585/502 2900/2586/502
f 2899/2585/502 2905/2589/505 2906/2590/505
f 2907/2591/506 2908/2587/501 2909/2592/507
f 2908/2587/501 2907/2591/506 2910/2588/501
f 2911/2593/508 2906/2590/505 2905/2589/505
f 2906/2590/505 2911/2593/508 2912/2594/508
f 2913/2595/509 2909/2592/507 2914/2596/509
f 2909/2592/507 2913/2595/509 2907/2591/506
f 2915/2597/510 2912/2594/508 2911/2593/508
f 2912/2594/508 2915/2597/510 2916/2598/510
f 2917/2599/511 2913/2595/509 2914/2596/509
f 2913/2595/509 2917/2599/511 2918/2600/511
f 2919/2601/512 2920/2602/513 2921/2603/510
f 2920/2602/513 2919/2601/512 2922/2604/514
f 2923/2605/515 2924/2599/516 2925/2606/515
f 2924/2599/516 2923/2605/515 2926/2600/516
f 2927/2597/517 2922/2604/514 2919/2601/512
f 2922/2604/514 2927/2597/517 2928/2598/518
f 2929/2607/519 2923/2605/515 2925/2606/515
f 2923/2605/515 2929/2607/519 2930/2608/519
f 2931/2609/520 2932/2610/521 2933/2611/521
f 2932/2610/521 2931/2609/520 2934/2612/520
f 2935/2613/522 2930/2608/519 2929/2607/519
f 2930/2608/519 2935/2613/522 2936/2614/522
f 2937/2615/523 2934/2616/520 2931/2617/520
f 2934/2616/520 2937/2615/523 2938/2618/523
f 2939/2619/524 2936/2614/522 2935/2613/522
f 2936/2614/522 2939/2619/524 2940/2620/524
f 2941/2621/525 2942/2622/526 2943/2623/527
f 2942/2622/526 2941/2621/525 2944/2624/528
f 2945/2625/529 2940/2620/524 2939/2619/524
f 2940/2620/524 2945/2625/529 2946/2626/529
f 2947/2597/530 2944/2624/528 2941/2621/525
f 2944/2624/528 2947/2597/530 2948/2598/531
f 2949/2627/532 2946/2626/529 2945/2625/529
f 2946/2626/529 2949/2627/532 2950/2628/533
f 2951/2629/534 2952/2630/535 2953/2631/535
f 2952/2630/535 2951/2629/534 2954/2632/534
f 2955/2633/536 2950/2628/533 2949/2627/532
f 2950/2628/533 2955/2633/536 2956/2634/536
f 2957/2635/537 2954/2632/534 2951/2629/534
f 2954/2632/534 2957/2635/537 2958/2636/537
f 2959/2637/538 2960/2634/539 2961/2633/539
f 2960/2634/539 2959/2637/538 2962/2638/538
f 2957/2635/537 2963/2639/540 2958/2636/537
f 2963/2639/540 2957/2635/537 2964/2640/540
f 2965/2641/541 2962/2638/538 2959/2637/538
f 2962/2638/538 2965/2641/541 2966/2642/541
f 2964/2640/540 2967/2643/542 2963/2639/540
f 2967/2643/542 2964/2640/540 2968/2644/543
f 2969/2645/544 2965/2641/541 2970/2646/544
f 2965/2641/541 2969/2645/544 2966/2642/541
f 2971/2643/545 2972/2647/546 2973/2648/546
f 2972/2647/546 2971/2643/545 2974/2644/547
f 2975/2649/548 2969/2645/544 2970/2646/544
f 2969/2645/544 2975/2649/548 2976/2650/548
f 2977/2647/549 2978/2651/550 2979/2648/545
f 2978/2651/550 2977/2647/549 2980/2652/551
f 2981/2653/552 2982/2649/552 2983/2654/552
f 2982/2649/552 2981/2653/552 2984/2650/553
f 2980/2652/551 2985/2655/554 2978/2651/550
f 2985/2655/554 2980/2652/551 2986/2656/554
f 2986/2656/554 2987/2654/555 2985/2655/554
f 2987/2654/555 2986/2656/554 2988/2653/555
o SketchUp.028
v 0.388197 2.032959 0.004313
v 0.375257 2.032959 -0.000000
v 0.375257 2.032959 0.004313
v 0.388197 2.032959 -0.000000
vn -0.0000 1.0000 -0.0000
vt 4.429227 -0.049213
vt 4.281589 0.000000
vt 4.281589 -0.049213
vt 4.429227 0.000000
s 1
usemtl Wood_Floor_Parquet
f 2989/2657/556 2990/2658/556 2991/2659/556
f 2990/2658/556 2989/2657/556 2992/2660/556
o SketchUp.029
v 2.370331 2.032959 0.007189
v 2.359889 2.032959 -0.000000
v 2.359889 2.032959 0.007189
v 2.370331 2.032959 -0.000000
vn -0.0000 1.0000 -0.0000
vt 27.044849 -0.082021
vt 26.925709 0.000000
vt 26.925709 -0.082021
vt 27.044849 0.000000
s 1
usemtl Wood_Floor_Parquet
f 2993/2661/557 2994/2662/557 2995/2663/557
f 2994/2662/557 2993/2661/557 2996/2664/557
o SketchUp.030
v 2.349824 2.032959 0.007189
v 2.336885 2.032959 -0.000000
v 2.336885 2.032959 0.007189
v 2.349824 2.032959 -0.000000
vn -0.0000 1.0000 -0.0000
vt 26.810879 -0.082021
vt 26.663250 0.000000
vt 26.663250 -0.082021
vt 26.810879 0.000000
s 1
usemtl Wood_Floor_Parquet
f 2997/2665/558 2998/2666/558 2999/2667/558
f 2998/2666/558 2997/2665/558 3000/2668/558
o SketchUp.031
v 0.365193 2.032959 0.004313
v 0.354751 2.032959 -0.000000
v 0.354751 2.032959 0.004313
v 0.365193 2.032959 -0.000000
vn -0.0000 1.0000 -0.0000
vt 4.166760 -0.049213
vt 4.047620 0.000000
vt 4.047620 -0.049213
vt 4.166760 0.000000
s 1
usemtl Wood_Floor_Parquet
f 3001/2669/559 3002/2670/559 3003/2671/559
f 3002/2670/559 3001/2669/559 3004/2672/559
o SketchUp.033
v 0.608171 2.032959 0.004313
v 0.595231 2.032959 -0.000000
v 0.595231 2.032959 0.004313
v 0.608171 2.032959 -0.000000
vn -0.0000 1.0000 -0.0000
vt 6.939070 -0.049213
vt 6.791432 0.000000
vt 6.791432 -0.049213
vt 6.939070 0.000000
s 1
usemtl Wood_Floor_Parquet
f 3005/2673/560 3006/2674/560 3007/2675/560
f 3006/2674/560 3005/2673/560 3008/2676/560
o SketchUp.034
v 0.628677 2.032959 0.004313
v 0.618235 2.032959 -0.000000
v 0.618235 2.032959 0.004313
v 0.628677 2.032959 -0.000000
vn -0.0000 1.0000 -0.0000
vt 7.173039 -0.049213
vt 7.053899 0.000000
vt 7.053899 -0.049213
vt 7.173039 0.000000
s 1
usemtl Wood_Floor_Parquet
f 3009/2677/561 3010/2678/561 3011/2679/561
f 3010/2678/561 3009/2677/561 3012/2680/561
o SketchUp.035
v 2.079171 2.032959 0.007189
v 2.065443 2.032959 -0.000000
v 2.065443 2.032959 0.007189
v 2.079171 2.032959 -0.000000
vn -0.0000 1.0000 -0.0000
vt 23.722790 -0.082021
vt 23.566170 0.000000
vt 23.566170 -0.082021
vt 23.722790 0.000000
s 1
usemtl Wood_Floor_Parquet
f 3013/2681/562 3014/2682/562 3015/2683/562
f 3014/2682/562 3013/2681/562 3016/2684/562
o SketchUp.036
v 2.106847 2.032959 0.008626
v 2.096405 2.032959 -0.000000
v 2.096405 2.032959 0.008626
v 2.106847 2.032959 -0.000000
vn -0.0000 1.0000 -0.0000
vt 24.038568 -0.098425
vt 23.919430 0.000000
vt 23.919430 -0.098425
vt 24.038568 0.000000
s 1
usemtl Wood_Floor_Parquet
f 3017/2685/563 3018/2686/563 3019/2687/563
f 3018/2686/563 3017/2685/563 3020/2688/563
o SketchUp.037
v 2.129851 2.032959 0.007189
v 2.116911 2.032959 -0.000000
v 2.116911 2.032959 0.007189
v 2.129851 2.032959 -0.000000
vn -0.0000 1.0000 -0.0000
vt 24.301039 -0.082021
vt 24.153399 0.000000
vt 24.153399 -0.082021
vt 24.301039 0.000000
s 1
usemtl Wood_Floor_Parquet
f 3021/2689/564 3022/2690/564 3023/2691/564
f 3022/2690/564 3021/2689/564 3024/2692/564
o SketchUp.038
v 0.156326 2.100533 -0.139324
v 0.323789 2.032959 -0.139324
v 0.156326 2.032959 -0.139324
v 0.323789 2.100533 -0.139324
v 0.000000 2.100533 -0.139324
v 0.156326 2.032959 -0.139324
v 0.000000 2.032959 -0.139324
v 0.156326 2.100533 -0.139324
v 0.156326 2.100533 -0.000000
v 0.323789 2.100533 -0.139324
v 0.156326 2.100533 -0.139324
v 0.323789 2.100533 -0.000000
v 0.000000 2.100533 -0.139324
v 0.000000 2.032959 -0.139324
v -0.079463 2.032959 -0.150552
v 0.000000 2.100533 -0.000000
v 0.156326 2.100533 -0.139324
v 0.000000 2.100533 -0.139324
v 0.156326 2.100533 -0.000000
v 0.156326 2.100533 0.004313
v 0.323789 2.100533 -0.000000
v 0.156326 2.100533 -0.000000
v 0.323789 2.100533 0.004313
v 0.000000 2.100533 0.004313
v -0.079463 2.032959 0.022956
v -0.079463 2.032959 0.085237
v -0.079463 2.032959 -0.000000
v 0.000000 2.100533 -0.139324
v -0.079463 2.032959 -0.150552
v 0.000000 2.100533 -0.000000
v 0.156326 2.100533 0.004313
v 0.000000 2.100533 -0.000000
v 0.000000 2.100533 0.004313
v 0.156326 2.100533 -0.000000
v 0.323789 2.100533 0.004313
v 0.156326 2.100533 0.004313
v 0.156326 2.032959 0.085237
v 0.156326 2.032959 0.085237
v 0.000000 2.100533 0.004313
v -0.079463 2.032959 0.085237
v 0.156326 2.100533 0.004313
v -0.079463 2.032959 0.085237
v -0.164289 1.981639 -0.150552
v -0.164289 1.981639 0.136996
v -0.079463 2.032959 -0.150552
v -0.079463 2.032959 0.022956
v -0.079463 2.032959 -0.000000
v 0.323789 2.100533 0.004313
v 0.156326 2.032959 0.085237
v 0.323789 2.032959 0.085195
v 0.156326 1.981639 0.136996
v -0.079463 2.032959 0.085237
v -0.164289 1.981639 0.136996
v 0.156326 2.032959 0.085237
v -0.079463 2.032959 -0.150552
v -0.079463 1.981639 -0.150552
v -0.164289 1.981639 -0.150552
v -0.079463 1.981639 -0.150552
v -0.164289 1.981639 0.136996
v -0.164289 1.981639 -0.150552
v -0.079463 1.981639 0.085237
v 0.156326 1.981639 0.136996
v 0.156326 1.981639 0.085237
v 0.475066 1.981639 0.136996
v 0.156326 2.032959 0.085237
v 0.156326 1.981639 0.136996
vn -0.0000 -0.0000 -1.0000
vn -0.0000 1.0000 -0.0000
vn 0.1399 -0.0000 -0.9902
vn -0.6478 0.7618 -0.0000
vn -0.0000 -0.0000 -0.0000
vn -0.0000 0.7676 0.6410
vn -0.5176 0.8556 -0.0000
vn -1.0000 -0.0000 -0.0000
vn 0.0002 0.7674 0.6411
vn -0.0000 0.7101 0.7041
vn -0.0000 -1.0000 -0.0000
vt -1.337730 17.974899
vt -2.770764 17.396650
vt -1.337730 17.396650
vt -2.770764 17.974899
vt 0.000000 17.974899
vt 0.000000 17.396650
vt 1.337730 0.000000
vt 2.770764 1.192238
vt 1.337730 1.192238
vt 2.770764 0.000000
vt 0.166800 17.974899
vt 0.166800 17.396650
vt 0.853540 17.396650
vt -0.000000 0.000000
vt -0.000000 1.192238
vt 1.337730 -0.036909
vt 2.770764 -0.036909
vt 0.036909 11.644449
vt 0.196442 10.751840
vt 0.729401 10.751840
vt -0.000000 10.751840
vt -1.192238 11.644449
vt -1.288316 10.751840
vt -0.000000 11.644449
vt 0.000000 -0.036909
vt 2.770764 11.492690
vt 1.337730 11.492690
vt 1.337730 10.590520
vt -0.000000 11.492690
vt -0.679986 10.590520
vt 0.729401 8.423416
vt -1.288316 7.575020
vt 1.172314 7.575020
vt -1.288316 8.423416
vt 0.196442 8.423416
vt -0.000000 8.423416
vt 2.770755 11.495680
vt 1.337548 10.593780
vt 2.770582 10.593780
vt 1.337730 11.107210
vt -0.679986 11.730940
vt -1.405872 11.107210
vt 1.337730 11.730940
vt 0.679986 17.396650
vt 0.679986 16.957489
vt 1.405872 16.957489
vt 0.679986 1.288316
vt 1.405872 -1.172314
vt 1.405872 1.288316
vt 0.679986 -0.729401
vt -1.337730 -1.172314
vt -1.337730 -0.729401
vt 4.065282 11.107210
s 1
usemtl Wood_Floor
f 3025/2693/565 3026/2694/565 3027/2695/565
f 3026/2694/565 3025/2693/565 3028/2696/565
f 3029/2697/565 3030/2695/565 3031/2698/565
f 3030/2695/565 3029/2697/565 3032/2693/565
f 3033/2699/566 3034/2700/566 3035/2701/566
f 3034/2700/566 3033/2699/566 3036/2702/566
f 3037/2703/567 3038/2704/567 3039/2705/567
f 3040/2706/566 3041/2701/566 3042/2707/566
f 3041/2701/566 3040/2706/566 3043/2699/566
f 3044/2708/566 3045/2702/566 3046/2699/566
f 3045/2702/566 3044/2708/566 3047/2709/566
f 3048/2710/568 3049/2711/568 3050/2712/568
f 3049/2711/568 3048/2710/568 3051/2713/568
f 3051/2713/568 3052/2714/568 3053/2715/568
f 3052/2714/568 3051/2713/568 3048/2710/568
s 0
f 3052/2714/569 3048/2710/569 3054/2716/569
s 1
f 3055/2708/566 3056/2706/566 3057/2717/566
f 3056/2706/566 3055/2708/566 3058/2699/566
f 3059/2718/570 3060/2719/570 3061/2720/570
f 3062/2720/570 3063/2721/570 3064/2722/570
f 3063/2721/570 3062/2720/570 3065/2719/570
f 3066/2723/571 3067/2724/571 3068/2725/571
f 3067/2724/571 3066/2723/571 3069/2726/571
s 0
f 3069/2726/572 3066/2723/572 3070/2727/572
f 3069/2726/569 3070/2727/569 3071/2728/569
s 1
f 3072/2729/573 3073/2730/573 3074/2731/573
f 3075/2732/574 3076/2733/574 3077/2734/574
f 3076/2733/574 3075/2732/574 3078/2735/574
f 3079/2736/565 3080/2737/565 3081/2738/565
f 3082/2739/575 3083/2740/575 3084/2741/575
f 3083/2740/575 3082/2739/575 3085/2742/575
f 3083/2740/575 3085/2742/575 3086/2743/575
f 3086/2743/575 3085/2742/575 3087/2744/575
f 3088/2745/574 3089/2735/574 3090/2732/574
o SketchUp.039
v 0.337517 2.032959 -0.000000
v 0.323789 2.032959 -0.139324
v 0.323789 2.032959 -0.000000
v 0.659354 2.032959 -0.139324
v 0.354751 2.032959 -0.000000
v 0.365193 2.032959 -0.000000
v 0.375257 2.032959 -0.000000
v 0.388197 2.032959 -0.000000
v 0.491714 2.032959 -0.000000
v 0.595231 2.032959 -0.000000
v 0.608171 2.032959 -0.000000
v 0.618235 2.032959 -0.000000
v 0.628677 2.032959 -0.000000
v 0.645626 2.032959 -0.000000
v 0.659354 2.032959 -0.000000
v 0.323789 2.032959 0.022956
v 0.337517 2.032959 0.004313
v 0.323789 2.032959 0.004313
v 0.659354 2.032959 0.022956
v 0.354751 2.032959 0.004313
v 0.337517 2.032959 -0.000000
v 0.365193 2.032959 0.004313
v 0.375257 2.032959 0.004313
v 0.365193 2.032959 -0.000000
v 0.388197 2.032959 0.004313
v 0.388197 2.032959 -0.000000
v 0.491714 2.032959 -0.000000
v 0.595231 2.032959 0.004313
v 0.608171 2.032959 0.004313
v 0.608171 2.032959 -0.000000
v 0.618235 2.032959 0.004313
v 0.628677 2.032959 0.004313
v 0.628677 2.032959 -0.000000
v 0.645626 2.032959 0.004313
v 0.659354 2.032959 0.004313
v 0.645626 2.032959 -0.000000
v 0.618235 2.032959 -0.000000
v 0.595231 2.032959 -0.000000
v 0.375257 2.032959 -0.000000
v 0.354751 2.032959 -0.000000
v 0.323789 2.032959 0.085195
v 0.659354 2.032959 0.022956
v 0.323789 2.032959 0.022956
v 0.659354 2.032959 0.085112
vn -0.0000 1.0000 -0.0000
vt 3.850981 0.000000
vt 3.694352 1.589650
vt 3.694352 0.000000
vt 7.523059 1.589650
vt 4.047620 0.000000
vt 4.166760 0.000000
vt 4.281589 0.000000
vt 4.429227 0.000000
vt 5.610330 0.000000
vt 6.791432 0.000000
vt 6.939070 0.000000
vt 7.053899 0.000000
vt 7.173039 0.000000
vt 7.366430 0.000000
vt 7.523059 0.000000
vt 3.694352 -0.261923
vt 3.850981 -0.049213
vt 3.694352 -0.049213
vt 7.523059 -0.261923
vt 4.047620 -0.049213
vt 4.166760 -0.049213
vt 4.281589 -0.049213
vt 4.429227 -0.049213
vt 6.791432 -0.049213
vt 6.939070 -0.049213
vt 7.053899 -0.049213
vt 7.173039 -0.049213
vt 7.366430 -0.049213
vt 7.523059 -0.049213
vt 3.694352 -0.972058
vt 7.523059 -0.971103
s 1
usemtl Granite_Brown
f 3091/2746/576 3092/2747/576 3093/2748/576
f 3092/2747/576 3091/2746/576 3094/2749/576
f 3094/2749/576 3091/2746/576 3095/2750/576
f 3094/2749/576 3095/2750/576 3096/2751/576
f 3094/2749/576 3096/2751/576 3097/2752/576
f 3094/2749/576 3097/2752/576 3098/2753/576
f 3094/2749/576 3098/2753/576 3099/2754/576
f 3094/2749/576 3099/2754/576 3100/2755/576
f 3094/2749/576 3100/2755/576 3101/2756/576
f 3094/2749/576 3101/2756/576 3102/2757/576
f 3094/2749/576 3102/2757/576 3103/2758/576
f 3094/2749/576 3103/2758/576 3104/2759/576
f 3094/2749/576 3104/2759/576 3105/2760/576
f 3106/2761/576 3107/2762/576 3108/2763/576
f 3107/2762/576 3106/2761/576 3109/2764/576
f 3107/2762/576 3109/2764/576 3110/2765/576
f 3107/2762/576 3110/2765/576 3111/2746/576
f 3110/2765/576 3109/2764/576 3112/2766/576
f 3112/2766/576 3109/2764/576 3113/2767/576
f 3112/2766/576 3113/2767/576 3114/2751/576
f 3113/2767/576 3109/2764/576 3115/2768/576
f 3115/2768/576 3109/2764/576 3116/2753/576
f 3116/2753/576 3109/2764/576 3117/2754/576
f 3117/2754/576 3109/2764/576 3118/2769/576
f 3118/2769/576 3109/2764/576 3119/2770/576
f 3119/2770/576 3109/2764/576 3120/2756/576
f 3120/2756/576 3109/2764/576 3121/2771/576
f 3121/2771/576 3109/2764/576 3122/2772/576
f 3122/2772/576 3109/2764/576 3123/2758/576
f 3123/2758/576 3109/2764/576 3124/2773/576
f 3124/2773/576 3109/2764/576 3125/2774/576
f 3126/2759/576 3123/2758/576 3124/2773/576
f 3127/2757/576 3120/2756/576 3121/2771/576
f 3128/2755/576 3117/2754/576 3118/2769/576
f 3129/2752/576 3114/2751/576 3113/2767/576
f 3130/2750/576 3111/2746/576 3110/2765/576
f 3131/2775/576 3132/2764/576 3133/2761/576
f 3132/2764/576 3131/2775/576 3134/2776/576
o SketchUp.040
v 0.827102 2.094782 -0.139324
v 1.062891 2.032959 -0.139324
v 0.827102 2.032959 -0.139324
v 1.062891 2.094782 -0.139324
v 0.659354 2.094782 -0.139324
v 0.659354 2.032959 -0.139324
v 0.827102 2.094782 0.004313
v 1.062891 2.094782 -0.139324
v 0.827102 2.094782 -0.139324
v 1.062891 2.094782 0.004313
v 1.062891 2.094782 -0.138023
v 0.659354 2.094782 0.004313
v 0.659354 2.091907 -0.000000
v 0.659354 2.091907 0.004313
v 0.659354 2.094782 -0.139324
v 0.659354 2.032959 -0.000000
v 0.659354 2.032959 -0.139324
v 0.827102 2.094782 0.004313
v 0.659354 2.094782 -0.139324
v 0.659354 2.094782 0.004313
v 0.827102 2.094782 -0.139324
v 1.062891 2.094782 0.004313
v 0.827102 2.091907 0.004313
v 1.062891 2.091907 0.004313
v 0.827102 2.094782 0.004313
v 0.827102 2.091907 0.004313
v 0.659354 2.094782 0.004313
v 0.659354 2.091907 0.004313
v 0.827102 2.094782 0.004313
v 0.827102 2.032959 0.085070
v 1.062891 2.091907 0.004313
v 0.827102 2.091907 0.004313
v 1.062891 2.032959 0.085070
v 0.827102 2.091907 0.004313
v 0.659354 2.091907 0.004313
v 0.659354 2.032959 0.085112
v 0.827102 2.032959 0.085070
v 0.827102 2.091907 0.004313
v 0.659354 2.032959 0.085112
v 0.659354 2.091907 0.004313
v 0.659354 2.032959 0.022956
v 0.659354 2.032959 0.085112
v 0.659354 2.032959 0.004313
vn -0.0000 -0.0000 -1.0000
vn -0.0000 1.0000 -0.0000
vn -0.0000 -0.0000 -0.0000
vn -1.0000 -0.0000 -0.0000
vn -0.0000 -0.0000 1.0000
vn -0.0000 0.8077 0.5896
vn -0.0000 0.8079 0.5894
vn 0.0001 0.8077 0.5896
vt -7.077764 17.925690
vt -9.095481 17.396650
vt -7.077764 17.396650
vt -9.095481 17.925690
vt -5.642294 17.925690
vt -5.642294 17.396650
vt 7.077764 -0.036909
vt 9.095481 1.192238
vt 7.077764 1.192238
vt 9.095481 -0.036909
vt 9.095481 1.181102
vt 0.036909 17.925690
vt -0.000000 17.901079
vt 0.036909 17.901079
vt -1.192238 17.925690
vt -0.000000 17.396650
vt -1.192238 17.396650
vt 5.642294 1.192238
vt 5.642294 -0.036909
vt 9.095481 17.925690
vt 7.077764 17.901079
vt 9.095481 17.901079
vt 7.077764 17.925690
vt 5.642294 17.925690
vt 5.642294 17.901079
vt 7.077764 9.668692
vt 9.095481 10.524270
vt 7.077764 10.524270
vt 9.095481 9.668692
vt 7.077764 10.520700
vt 5.642294 10.520700
vt 5.642294 9.664830
vt 7.077582 9.667266
vt 7.077755 10.522840
vt 5.642113 9.667266
vt 0.196442 17.396650
vt 0.728327 17.396650
vt 0.036909 17.396650
s 1
usemtl Wood_Floor
f 3135/2777/577 3136/2778/577 3137/2779/577
f 3136/2778/577 3135/2777/577 3138/2780/577
f 3139/2781/577 3137/2779/577 3140/2782/577
f 3137/2779/577 3139/2781/577 3135/2777/577
f 3141/2783/578 3142/2784/578 3143/2785/578
f 3142/2784/578 3141/2783/578 3144/2786/578
s 0
f 3142/2784/579 3144/2786/579 3145/2787/579
s 1
f 3146/2788/580 3147/2789/580 3148/2790/580
f 3147/2789/580 3146/2788/580 3149/2791/580
f 3147/2789/580 3149/2791/580 3150/2792/580
f 3150/2792/580 3149/2791/580 3151/2793/580
f 3152/2783/578 3153/2794/578 3154/2795/578
f 3153/2794/578 3152/2783/578 3155/2785/578
f 3156/2796/581 3157/2797/581 3158/2798/581
f 3157/2797/581 3156/2796/581 3159/2799/581
f 3160/2797/581 3161/2800/581 3162/2801/581
f 3161/2800/581 3160/2797/581 3163/2799/581
f 3164/2802/582 3165/2803/582 3166/2804/582
f 3165/2803/582 3164/2802/582 3167/2805/582
f 3168/2806/583 3169/2807/583 3170/2808/583
f 3171/2809/584 3172/2810/584 3173/2811/584
f 3174/2790/580 3175/2812/580 3176/2813/580
f 3175/2812/580 3174/2790/580 3177/2814/580
o SketchUp.041
v 2.079171 2.032959 -0.000000
v 2.065443 2.032959 -0.139324
v 2.065443 2.032959 -0.000000
v 2.401008 2.032959 -0.139324
v 2.096405 2.032959 -0.000000
v 2.106847 2.032959 -0.000000
v 2.116911 2.032959 -0.000000
v 2.129851 2.032959 -0.000000
v 2.336885 2.032959 -0.000000
v 2.349824 2.032959 -0.000000
v 2.359889 2.032959 -0.000000
v 2.370331 2.032959 -0.000000
v 2.387280 2.032959 -0.000000
v 2.401008 2.032959 -0.000000
v 2.401008 2.032959 0.022956
v 2.065443 2.032959 0.007189
v 2.065443 2.032959 0.022956
v 2.096405 2.032959 0.008626
v 2.079171 2.032959 0.007189
v 2.106847 2.032959 0.008626
v 2.116911 2.032959 0.007189
v 2.129851 2.032959 0.007189
v 2.336885 2.032959 0.007189
v 2.349824 2.032959 0.007189
v 2.359889 2.032959 0.007189
v 2.370331 2.032959 0.007189
v 2.387280 2.032959 0.007189
v 2.401008 2.032959 0.007189
v 2.401008 2.032959 0.084677
v 2.065443 2.032959 0.022956
v 2.065443 2.032959 0.084761
v 2.401008 2.032959 0.022956
vn -0.0000 1.0000 -0.0000
vn -0.0005 1.0000 -0.0000
vn -0.0003 1.0000 -0.0000
vn -0.0000 1.0000 0.0001
vt 23.722790 -0.000000
vt 23.566170 1.589650
vt 23.566170 -0.000000
vt 27.394869 1.589650
vt 23.919430 -0.000000
vt 24.038568 -0.000000
vt 24.153399 -0.000000
vt 24.301039 -0.000000
vt 26.663250 -0.000000
vt 26.810879 -0.000000
vt 26.925709 -0.000000
vt 27.044849 -0.000000
vt 27.238239 -0.000000
vt 27.394869 -0.000000
vt 27.394869 -0.261923
vt 23.566170 -0.082021
vt 23.566170 -0.261923
vt 23.919430 -0.098425
vt 23.722790 -0.082021
vt 24.038568 -0.098425
vt 24.153399 -0.082021
vt 24.301039 -0.082021
vt 26.663250 -0.082021
vt 26.810879 -0.082021
vt 26.925709 -0.082021
vt 27.044849 -0.082021
vt 27.238239 -0.082021
vt 27.394869 -0.082021
vt 27.394869 -0.966145
vt 23.566170 -0.967100
s 1
usemtl Granite_Brown
f 3178/2815/585 3179/2816/585 3180/2817/585
f 3179/2816/585 3178/2815/585 3181/2818/585
f 3181/2818/585 3178/2815/585 3182/2819/585
f 3181/2818/585 3182/2819/585 3183/2820/585
f 3181/2818/585 3183/2820/585 3184/2821/585
f 3181/2818/585 3184/2821/585 3185/2822/585
f 3181/2818/585 3185/2822/585 3186/2823/585
f 3181/2818/585 3186/2823/585 3187/2824/585
f 3181/2818/585 3187/2824/585 3188/2825/585
f 3181/2818/585 3188/2825/585 3189/2826/585
f 3181/2818/585 3189/2826/585 3190/2827/585
f 3181/2818/585 3190/2827/585 3191/2828/585
f 3192/2829/585 3193/2830/586 3194/2831/585
f 3193/2830/586 3192/2829/585 3195/2832/587
f 3193/2830/586 3195/2832/587 3196/2833/585
f 3196/2833/585 3195/2832/587 3178/2815/585
f 3195/2832/587 3192/2829/585 3197/2834/585
f 3197/2834/585 3192/2829/585 3198/2835/585
f 3197/2834/585 3198/2835/585 3183/2820/585
f 3198/2835/585 3192/2829/585 3199/2836/585
f 3199/2836/585 3192/2829/585 3185/2822/585
f 3185/2822/585 3192/2829/585 3200/2837/585
f 3200/2837/585 3192/2829/585 3201/2838/585
f 3201/2838/585 3192/2829/585 3202/2839/588
f 3201/2838/585 3202/2839/588 3187/2824/585
f 3202/2839/588 3192/2829/585 3203/2840/585
f 3203/2840/585 3192/2829/585 3189/2826/585
f 3189/2826/585 3192/2829/585 3204/2841/585
f 3204/2841/585 3192/2829/585 3205/2842/585
f 3190/2827/585 3189/2826/585 3204/2841/585
f 3188/2825/585 3187/2824/585 3202/2839/588
f 3186/2823/585 3185/2822/585 3200/2837/585
f 3184/2821/585 3183/2820/585 3198/2835/585
f 3182/2819/585 3178/2815/585 3195/2832/587
f 3206/2843/585 3207/2831/585 3208/2844/585
f 3207/2831/585 3206/2843/585 3209/2829/585
o SketchUp.042
v 2.723073 2.091907 -0.000000
v 2.563407 2.091907 -0.139324
v 2.563407 2.091907 -0.000000
v 2.698632 2.091907 -0.139324
v 2.723073 2.091907 -0.139324
v 2.401008 2.091907 -0.139324
v 2.401008 2.091907 -0.000000
v 2.724499 2.091907 0.007189
v 2.563407 2.091907 0.007189
v 2.401008 2.091907 0.007189
v 2.799195 2.032959 0.084637
v 2.563407 2.091907 0.007189
v 2.563407 2.032959 0.084637
v 2.724499 2.091907 0.007189
v 2.563407 2.091907 0.007189
v 2.401008 2.091907 0.007189
v 2.401008 2.032959 0.084677
v 2.563407 2.091907 0.007189
v 2.401008 2.032959 0.084677
v 2.563407 2.032959 0.084637
v 2.799195 1.981639 0.136996
v 2.563407 2.032959 0.084637
v 2.563407 1.981639 0.136996
v 2.799195 2.032959 0.084637
v 2.799195 2.032959 0.084637
v 2.723073 2.091907 -0.139324
v 2.724499 2.091907 0.007189
v 2.225151 1.981639 0.136996
v 2.065443 2.032959 0.084761
v 1.886896 2.032959 0.084805
v 2.401008 2.032959 0.084677
v 2.563407 2.032959 0.084637
v 2.563407 2.032959 0.084637
v 2.225151 1.981639 0.136996
v 2.563407 1.981639 0.136996
v 2.949849 1.981639 -0.150552
v 2.799195 1.981639 0.084637
v 2.799195 1.981639 -0.151152
v 2.799195 1.981639 0.136996
v 2.949849 1.981639 0.136996
v 2.563407 1.981639 0.136996
v 2.563407 1.981639 0.084637
v 2.799195 2.032959 0.084637
v 2.799195 2.032959 -0.151152
v 2.723073 2.091907 -0.139324
v 2.799195 2.032959 0.022956
v 2.799195 2.032959 -0.000000
v 2.799195 2.032959 -0.151152
v 2.949849 1.981639 -0.150552
v 2.799195 1.981639 -0.151152
v 2.949849 1.981639 0.136996
v 2.799195 2.032959 0.022956
v 2.799195 2.032959 0.084637
v 2.799195 2.032959 -0.000000
v 2.799195 2.032959 -0.151152
v 2.949849 1.981639 -0.150552
v 2.723073 2.091907 -0.139324
v 2.799195 2.032959 -0.151152
v 2.723073 2.032959 -0.139324
vn -0.0000 1.0000 -0.0000
vn -0.0000 0.7957 0.6057
vn -0.0000 0.7959 0.6055
vn 0.0001 0.7957 0.6057
vn -0.0000 0.7142 0.7000
vn 0.6234 0.7819 -0.0061
vn 0.0002 0.7136 0.7006
vn -0.0000 -1.0000 -0.0000
vn 0.6123 0.7906 -0.0000
vn -0.0000 -0.0000 -0.0000
vn -1.0000 -0.0000 -0.0000
vn 0.0040 -0.0000 -1.0000
vn 0.3225 0.9466 -0.0000
vn -0.1535 -0.0000 -0.9881
vt 23.302170 0.000000
vt 21.935850 1.192238
vt 21.935850 0.000000
vt 23.093010 1.192238
vt 23.302170 1.192238
vt 20.546150 1.192238
vt 20.546150 0.000000
vt 23.314360 -0.061516
vt 21.935850 -0.061516
vt 20.546150 -0.061516
vt 23.953569 9.959926
vt 21.935850 10.792800
vt 21.935850 9.959926
vt 23.314360 10.792800
vt 21.935850 10.789200
vt 20.546150 10.789200
vt 20.546150 9.956050
vt 21.935829 10.788449
vt 20.545969 9.955571
vt 21.935669 9.955571
vt 23.953569 11.032820
vt 21.935850 11.660210
vt 21.935850 11.032820
vt 23.953569 11.660210
vt -0.957267 -7.878799
vt 0.965479 -7.069609
vt -0.288333 -7.069609
vt 19.041000 11.039849
vt 17.674440 11.666730
vt 16.146559 11.666730
vt 20.545969 11.666730
vt 21.935669 11.666730
vt 19.041290 11.032820
vt -25.242750 1.288316
vt -23.953569 -0.724262
vt -23.953569 1.293454
vt -23.953569 -1.172314
vt -25.242750 -1.172314
vt -21.935850 -1.172314
vt -21.935850 -0.724262
vt -0.724262 -8.287634
vt 1.293454 -8.287634
vt 1.192238 -7.463759
vt -0.196442 -8.287634
vt 0.000000 -8.287634
vt -23.948219 17.396650
vt -25.237410 16.957489
vt -23.948219 16.957489
vt -1.172314 -18.426340
vt -0.196442 -17.064409
vt -0.724262 -17.064409
vt -0.000000 -17.064409
vt 1.293454 -17.064409
vt 1.288316 -18.426340
vt -23.208910 17.901079
vt -23.868130 17.396650
vt -23.208910 17.396650
s 1
usemtl Wood_Floor
f 3210/2845/589 3211/2846/589 3212/2847/589
f 3211/2846/589 3210/2845/589 3213/2848/589
f 3213/2848/589 3210/2845/589 3214/2849/589
f 3212/2847/589 3215/2850/589 3216/2851/589
f 3215/2850/589 3212/2847/589 3211/2846/589
f 3217/2852/589 3212/2847/589 3218/2853/589
f 3212/2847/589 3217/2852/589 3210/2845/589
f 3218/2853/589 3216/2851/589 3219/2854/589
f 3216/2851/589 3218/2853/589 3212/2847/589
f 3220/2855/590 3221/2856/590 3222/2857/590
f 3221/2856/590 3220/2855/590 3223/2858/590
f 3224/2859/591 3225/2860/591 3226/2861/591
f 3227/2862/592 3228/2863/592 3229/2864/592
f 3230/2865/593 3231/2866/593 3232/2867/593
f 3231/2866/593 3230/2865/593 3233/2868/593
f 3234/2869/594 3235/2870/594 3236/2871/594
f 3237/2872/595 3238/2873/595 3239/2874/595
f 3238/2873/595 3237/2872/595 3240/2875/595
f 3240/2875/595 3237/2872/595 3241/2876/595
f 3242/2866/593 3243/2877/593 3244/2867/593
f 3245/2878/596 3246/2879/596 3247/2880/596
f 3246/2879/596 3245/2878/596 3248/2881/596
f 3248/2881/596 3245/2878/596 3249/2882/596
f 3246/2879/596 3250/2883/596 3251/2884/596
f 3250/2883/596 3246/2879/596 3248/2881/596
f 3252/2885/597 3253/2886/597 3254/2887/597
s 0
f 3253/2886/598 3252/2885/598 3255/2888/598
f 3253/2886/599 3255/2888/599 3256/2889/599
s 1
f 3257/2890/600 3258/2891/600 3259/2892/600
f 3260/2893/601 3261/2894/601 3262/2895/601
f 3261/2894/601 3260/2893/601 3263/2896/601
f 3263/2896/601 3260/2893/601 3264/2897/601
f 3264/2897/601 3260/2893/601 3265/2898/601
f 3266/2899/602 3267/2900/602 3268/2901/602
o SketchUp.043
v 1.886896 2.086156 -0.128455
v 1.651107 2.086156 -0.138023
v 1.651107 2.086156 -0.128455
v 2.065443 2.086156 -0.000000
v 1.886896 2.086156 -0.000000
v 1.565722 2.086156 -0.138023
v 2.065443 2.086156 -0.139324
v 1.565183 2.086156 -0.139324
v 1.644104 2.086156 -0.138023
v 2.065443 2.086156 0.007189
v 1.886896 2.086156 -0.000000
v 1.886896 2.086156 0.007189
v 2.065443 2.086156 -0.000000
v 2.065443 2.032959 -0.000000
v 2.065443 2.086156 -0.139324
v 2.065443 2.086156 -0.000000
v 2.065443 2.032959 -0.139324
v 1.565183 2.032959 -0.139324
v 2.065443 2.086156 -0.139324
v 2.065443 2.032959 -0.139324
v 1.565183 2.086156 -0.139324
v 1.886896 2.086156 -0.000000
v 1.651107 2.086156 -0.128455
v 1.651107 2.086156 -0.000000
v 1.886896 2.086156 -0.128455
v 1.886896 2.086156 0.007189
v 1.651107 2.086156 -0.000000
v 1.651107 2.086156 0.007189
v 1.886896 2.086156 -0.000000
v 2.065443 2.086156 0.007189
v 1.886896 2.086156 0.007189
v 2.065443 2.032959 0.084761
v 2.065443 2.086156 0.007189
v 2.065443 2.032959 0.007189
v 1.886896 2.032959 0.085768
v 1.651107 2.086156 0.007189
v 1.651107 2.032959 0.085768
v 1.886896 2.086156 0.007189
v 2.065443 2.032959 0.084761
v 1.886896 2.086156 0.007189
v 1.886896 2.032959 0.085768
v 2.065443 2.032959 0.022956
v 2.065443 2.032959 0.084761
vn -0.0000 1.0000 -0.0000
vn 1.0000 -0.0000 -0.0000
vn -0.0000 -0.0000 -1.0000
vn -0.0000 0.8247 0.5656
vn -0.0000 0.8281 0.5606
vn 0.0032 0.8281 0.5606
vt 16.146740 1.099229
vt 14.129020 1.181102
vt 14.129020 1.099229
vt 17.674620 -0.000000
vt 16.146740 -0.000000
vt 13.398359 1.181102
vt 17.674620 1.192238
vt 13.393740 1.192238
vt 14.069090 1.181102
vt 17.674620 -0.061516
vt 16.146740 -0.061516
vt 0.000000 17.396650
vt 1.192238 17.851870
vt 0.000000 17.851870
vt 1.192238 17.396650
vt -13.393740 17.396650
vt -17.674620 17.851870
vt -17.674620 17.396650
vt -13.393740 17.851870
vt 14.129020 0.000000
vt 14.129020 -0.061516
vt 17.674620 10.045500
vt 16.146740 10.045500
vt 17.674620 9.240603
vt -0.061516 17.851870
vt -0.061516 17.396650
vt 16.146740 9.144753
vt 14.129020 9.956773
vt 14.129020 9.144753
vt 16.146740 9.956773
vt 17.670250 9.069480
vt 16.146139 9.881491
vt 16.142349 9.069480
vt -0.196442 17.396650
vt -0.725325 17.396650
s 1
usemtl Wood_Floor
f 3269/2902/603 3270/2903/603 3271/2904/603
f 3272/2905/603 3269/2902/603 3273/2906/603
f 3274/2907/603 3275/2908/603 3276/2909/603
f 3275/2908/603 3274/2907/603 3277/2910/603
f 3275/2908/603 3277/2910/603 3270/2903/603
f 3275/2908/603 3270/2903/603 3269/2902/603
f 3275/2908/603 3269/2902/603 3272/2905/603
f 3278/2911/603 3279/2906/603 3280/2912/603
f 3279/2906/603 3278/2911/603 3281/2905/603
f 3282/2913/604 3283/2914/604 3284/2915/604
f 3283/2914/604 3282/2913/604 3285/2916/604
f 3286/2917/605 3287/2918/605 3288/2919/605
f 3287/2918/605 3286/2917/605 3289/2920/605
f 3290/2906/603 3291/2904/603 3292/2921/603
f 3291/2904/603 3290/2906/603 3293/2902/603
f 3294/2912/603 3295/2921/603 3296/2922/603
f 3295/2921/603 3294/2912/603 3297/2906/603
f 3298/2923/606 3299/2924/606 3300/2925/606
f 3282/2913/604 3301/2926/604 3302/2927/604
f 3301/2926/604 3282/2913/604 3284/2915/604
f 3303/2928/607 3304/2929/607 3305/2930/607
f 3304/2929/607 3303/2928/607 3306/2931/607
f 3307/2932/608 3308/2933/608 3309/2934/608
f 3310/2935/604 3301/2926/604 3311/2936/604
f 3301/2926/604 3310/2935/604 3302/2927/604
o SketchUp.044
v 1.565722 2.086156 -0.138023
v 1.651107 2.032959 -0.138023
v 1.565722 2.032959 -0.138023
v 1.644104 2.086156 -0.138023
vn -0.0000 -0.0000 -1.0000
vt -17.864470 23.802490
vt -18.838699 23.195539
vt -17.864470 23.195539
vt -18.758789 23.802490
s 1
usemtl Wood_Floor_Parquet
f 3312/2937/609 3313/2938/609 3314/2939/609
f 3313/2938/609 3312/2937/609 3315/2940/609
o SketchUp.046
v 0.827102 1.993405 0.085070
v 0.827102 1.981639 0.136996
v 0.827102 2.032959 0.085070
v 0.827102 1.993367 0.085070
vn -1.0000 -0.0000 -0.0000
vt 0.970625 22.744230
vt 1.563086 22.609989
vt 0.970625 23.195539
vt 0.970625 22.743799
s 1
usemtl Wood_Floor_Parquet
f 3316/2941/610 3317/2942/610 3318/2943/610
f 3319/2944/610 3317/2942/610 3316/2941/610
o SketchUp.047
v 0.475066 1.981639 0.136996
v 0.156326 1.993367 0.085237
v 0.156326 1.981639 0.136996
v 0.156326 2.007479 0.022956
v 0.827102 2.007479 0.022956
v 0.827102 1.981639 0.136996
v 0.827102 1.993405 0.085070
v 0.827102 1.993405 0.085070
v 0.827102 1.981639 0.136996
v 0.827102 2.007479 0.022956
v 0.475066 1.981639 0.136996
v 0.156326 2.007479 0.022956
v 0.156326 1.993367 0.085237
v 0.156326 1.981639 0.136996
v 1.062891 1.981639 0.136996
v 0.827102 1.993405 0.085070
v 0.827102 1.981639 0.136996
v 1.062891 2.007479 0.022956
v 0.827102 2.007479 0.022956
v 1.062891 1.993405 0.085070
v 1.062891 1.993405 0.085070
v 1.062891 1.981639 0.136996
v 1.062891 2.007479 0.022956
v 0.827102 1.993405 0.085070
v 0.827102 2.007479 0.022956
v 0.827102 1.981639 0.136996
v 0.827102 1.981639 0.136996
v 0.475066 1.981639 0.136996
v 0.827102 2.032959 0.085070
v 0.827102 2.032959 0.085070
v 0.475066 1.981639 0.136996
v 0.827102 1.981639 0.136996
v 1.356999 1.981639 0.136996
v 1.062891 1.993405 0.085070
v 1.062891 1.981639 0.136996
v 1.062891 2.007479 0.022956
v 1.651107 2.007479 0.022956
v 1.651107 1.981639 0.136996
v 1.651107 1.993247 0.085768
v 1.651107 1.993247 0.085768
v 1.651107 1.981639 0.136996
v 1.651107 2.007479 0.022956
v 1.356999 1.981639 0.136996
v 1.062891 2.007479 0.022956
v 1.062891 1.993405 0.085070
v 1.062891 1.981639 0.136996
v 1.062891 2.032959 0.085070
v 0.827102 1.981639 0.136996
v 0.827102 2.032959 0.085070
v 1.062891 1.981639 0.136996
v 1.062891 1.981639 0.136996
v 1.062891 2.032959 0.085070
v 0.827102 1.981639 0.136996
v 0.827102 2.032959 0.085070
v 0.323789 2.032959 0.085195
v 0.475066 1.981639 0.136996
v 0.156326 2.032959 0.085237
v 0.659354 2.032959 0.085112
v 0.827102 2.032959 0.085070
v 0.827102 2.032959 0.085070
v 0.659354 2.032959 0.085112
v 0.475066 1.981639 0.136996
v 0.323789 2.032959 0.085195
v 0.156326 2.032959 0.085237
v 1.662708 1.981639 0.136996
v 1.651107 1.993247 0.085768
v 1.651107 1.981639 0.136996
v 1.651107 2.007479 0.022956
v 2.563407 2.007479 0.022956
v 1.886896 1.981639 0.136996
v 2.225151 1.981639 0.136996
v 2.563407 1.981639 0.136996
v 2.563407 1.993503 0.084637
v 2.563407 1.993503 0.084637
v 2.563407 1.981639 0.136996
v 2.563407 2.007479 0.022956
v 2.225151 1.981639 0.136996
v 1.886896 1.981639 0.136996
v 1.662708 1.981639 0.136996
v 1.651107 2.007479 0.022956
v 1.651107 1.993247 0.085768
v 1.651107 1.981639 0.136996
v 1.356999 1.981639 0.136996
v 1.062891 1.981639 0.136996
v 1.062891 2.032959 0.085070
v 1.062891 2.032959 0.085070
v 1.062891 1.981639 0.136996
v 1.356999 1.981639 0.136996
v 1.651107 2.032959 0.085768
v 1.651107 1.981639 0.136996
v 1.356999 1.981639 0.136996
v 1.356999 1.981639 0.136996
v 1.651107 1.981639 0.136996
v 1.651107 2.032959 0.085768
v 1.651107 2.032959 0.085768
v 1.662708 1.981639 0.136996
v 1.651107 1.981639 0.136996
v 1.651107 1.981639 0.136996
v 1.662708 1.981639 0.136996
v 1.651107 2.032959 0.085768
v 1.651107 2.032959 0.085768
v 1.886896 1.981639 0.136996
v 1.662708 1.981639 0.136996
v 1.886896 2.032959 0.085768
v 1.886896 2.032959 0.085768
v 1.651107 2.032959 0.085768
v 1.886896 1.981639 0.136996
v 1.662708 1.981639 0.136996
v 1.886896 2.032959 0.085768
v 2.225151 1.981639 0.136996
v 1.886896 1.981639 0.136996
v 1.886896 1.981639 0.136996
v 2.225151 1.981639 0.136996
v 1.886896 2.032959 0.085768
v 1.651107 2.032959 0.085768
v 1.356999 1.981639 0.136996
v 1.062891 2.032959 0.085070
v 1.062891 2.032959 0.085070
v 1.356999 1.981639 0.136996
v 1.651107 2.032959 0.085768
vn -0.0000 0.9753 0.2210
vn -0.9923 -0.0000 0.1240
vn -0.9702 -0.0000 0.2425
vn -0.0000 -0.7112 -0.7029
vn -0.0001 -0.0001 1.0000
vn -0.0000 -0.0000 1.0000
vn -0.0002 -0.7107 -0.7035
vn -0.0002 -0.7106 -0.7035
vn 0.0001 0.9753 0.2210
vn -0.9702 0.0001 -0.2425
vn -0.9701 -0.0000 -0.2426
vn -0.0000 -0.7065 -0.7077
vn 0.0008 -0.7089 -0.7053
vn -0.0000 -0.0000 -1.0000
vn -0.0000 0.0001 -1.0000
vn -0.0000 -0.9753 -0.2210
vn -0.0000 0.7112 0.7029
vn -0.0000 1.0000 -0.0000
vn -0.0000 1.0000 0.0001
vn 0.0002 0.7106 0.7035
vn 0.0002 0.7107 0.7035
vn 0.9702 -0.0000 0.2425
vn -0.0001 -0.9753 -0.2210
vn -0.0000 0.7065 0.7077
vn -0.0008 0.7089 0.7053
vt 5.420376 3.471956
vt 1.783640 4.077476
vt 1.783640 3.471956
vt 1.783640 4.806101
vt 9.437019 4.806101
vt 9.437019 3.471956
vt 9.437019 4.079434
vt 12.127310 3.471956
vt 12.127310 4.806101
vt 12.127310 4.079434
vt -9.437019 14.781910
vt -5.420376 14.781910
vt -9.437019 15.614900
vt 15.483001 3.471956
vt 18.838699 4.806101
vt 18.838699 3.471956
vt 18.838699 4.071270
vt -12.127310 15.614900
vt -12.127310 14.781910
vt -3.694109 15.627760
vt -5.419986 14.795480
vt -1.783398 15.627760
vt -7.522817 15.627760
vt -9.436777 15.627760
vt 18.971060 3.471956
vt 29.247799 4.806101
vt 21.528990 3.471956
vt 25.388390 3.471956
vt 29.247799 3.471956
vt 29.247799 4.084502
vt -15.483001 14.781910
vt -18.838699 15.725140
vt -18.838699 14.897790
vt -15.483001 14.897790
vt -18.971060 14.897790
vt -21.528990 14.897790
vt -21.528990 15.725140
vt -25.388390 14.897790
vt -18.839849 15.682930
vt -15.484850 14.852759
vt -12.128449 15.682930
vt 7.077764 3.059576
vt 7.077764 2.603967
vt 7.077764 3.604576
vt 4.065282 2.603967
vt 1.337730 3.604576
vt 1.337730 3.058107
vt 1.337730 2.603967
vt 9.095481 3.059576
vt 9.095481 2.603967
vt 9.095481 3.604576
vt -7.077764 11.711180
vt -4.065282 11.086430
vt -7.077764 11.086430
vt 14.129020 3.053453
vt 14.129020 2.603967
vt 14.129020 3.604576
vt 11.612249 2.603967
vt -9.095481 11.086430
vt -9.095481 11.711180
vt -7.077582 11.720819
vt -5.642113 11.720819
vt -4.064989 11.096610
vt -2.770582 11.720819
vt -1.337548 11.720819
vt 21.935850 3.063376
vt 21.935850 2.603967
vt 21.935850 3.604576
vt 19.041290 2.603967
vt 16.146740 2.603967
vt 14.228300 2.603967
vt -11.612249 11.086430
vt -11.612249 11.173340
vt -14.129020 11.173340
vt -14.129020 11.793850
vt -14.228300 11.173340
vt -16.146740 11.793850
vt -16.146740 11.173340
vt -19.041290 11.173340
vt -9.096338 11.762199
vt -11.613629 11.139569
vt -14.129880 11.762199
s 1
usemtl Wood_Floor
f 3320/2945/611 3321/2946/611 3322/2947/611
f 3321/2946/611 3320/2945/611 3323/2948/611
f 3323/2948/611 3320/2945/611 3324/2949/611
f 3324/2949/611 3320/2945/611 3325/2950/611
f 3324/2949/612 3325/2950/612 3326/2951/612
f 3334/2952/611 3335/2951/611 3336/2950/611
f 3335/2951/611 3337/2953/611 3338/2949/611
f 3337/2953/611 3335/2951/611 3334/2952/611
f 3337/2953/613 3334/2952/613 3339/2954/613
f 3346/2955/614 3347/2956/614 3348/2957/614
f 3352/2958/611 3353/2954/611 3354/2952/611
f 3353/2954/611 3352/2958/611 3355/2953/611
f 3355/2953/611 3352/2958/611 3356/2959/611
f 3356/2959/611 3352/2958/611 3357/2960/611
f 3356/2959/615 3357/2960/616 3358/2961/616
f 3366/2962/614 3367/2955/614 3368/2957/614
f 3367/2955/614 3366/2962/614 3369/2963/614
f 3374/2964/617 3375/2965/617 3376/2966/617
f 3375/2965/617 3374/2964/617 3377/2967/618
f 3375/2965/617 3377/2967/618 3378/2968/618
f 3384/2969/611 3385/2961/619 3386/2960/611
f 3385/2961/619 3384/2969/611 3387/2959/611
f 3387/2959/611 3384/2969/611 3388/2970/611
f 3388/2970/611 3384/2969/611 3389/2971/611
f 3388/2970/611 3389/2971/611 3390/2972/611
f 3388/2970/611 3390/2972/611 3391/2973/611
f 3388/2970/620 3391/2973/621 3392/2974/620
f 3402/2975/614 3403/2963/614 3404/2962/614
f 3408/2976/622 3409/2977/622 3410/2978/622
f 3414/2976/622 3415/2979/622 3416/2977/622
f 3420/2976/622 3421/2980/622 3422/2979/622
f 3421/2980/622 3420/2976/622 3423/2981/622
f 3428/2981/622 3429/2982/622 3430/2980/622
f 3434/2983/623 3435/2984/623 3436/2985/623
f 3327/2986/624 3328/2987/624 3329/2988/625
f 3328/2987/626 3330/2989/626 3329/2988/626
f 3329/2988/626 3330/2989/626 3331/2990/626
f 3331/2990/626 3330/2989/626 3332/2991/626
f 3333/2992/626 3332/2991/626 3330/2989/626
f 3340/2993/624 3341/2994/624 3342/2995/625
f 3341/2994/626 3343/2986/626 3342/2995/626
f 3344/2988/626 3342/2995/626 3343/2986/626
f 3345/2987/626 3343/2986/626 3341/2994/626
f 3349/2996/627 3350/2997/627 3351/2998/627
f 3359/2999/628 3360/3000/629 3361/3001/628
f 3360/3000/626 3362/3002/626 3361/3001/626
f 3361/3001/626 3362/3002/626 3363/2995/626
f 3363/2995/626 3362/3002/626 3364/2993/626
f 3365/2994/626 3364/2993/626 3362/3002/626
f 3370/3003/627 3371/3004/627 3372/2998/627
f 3373/2996/627 3372/2998/627 3371/3004/627
f 3379/3005/630 3380/3006/630 3381/3007/631
f 3380/3006/630 3382/3008/631 3381/3007/631
f 3383/3009/631 3381/3007/631 3382/3008/631
f 3393/3010/632 3394/3011/632 3395/3012/632
f 3394/3011/626 3396/3013/626 3395/3012/626
f 3396/3013/626 3397/3014/626 3395/3012/626
f 3397/3014/626 3398/3015/626 3395/3012/626
f 3395/3012/626 3398/3015/626 3399/3001/626
f 3399/3001/626 3398/3015/626 3400/2999/633
f 3401/3000/626 3400/2999/633 3398/3015/626
f 3405/3004/627 3406/3003/627 3407/3016/627
f 3411/3017/634 3412/3018/634 3413/3019/634
f 3417/3018/634 3418/3020/634 3419/3019/634
f 3424/3021/634 3425/3019/634 3426/3022/634
f 3427/3020/634 3426/3022/634 3425/3019/634
f 3431/3022/634 3432/3023/634 3433/3021/634
f 3437/3024/635 3438/3025/635 3439/3026/635
o SketchUp.048
v 1.062891 2.032959 0.085070
v 1.062891 1.981639 0.136996
v 1.062891 1.993405 0.085070
vn 1.0000 -0.0000 -0.0000
vt -0.970625 23.195539
vt -1.563086 22.609989
vt -0.970625 22.744230
s 1
usemtl Wood_Floor_Parquet
f 3440/3027/636 3441/3028/636 3442/3029/636
o SketchUp.049
v 1.651107 1.993247 0.085768
v 1.651107 1.981639 0.136996
v 1.651107 2.032959 0.085768
vn -1.0000 -0.0000 -0.0000
vt 0.978587 22.742420
vt 1.563086 22.609989
vt 0.978587 23.195539
s 1
usemtl Wood_Floor_Parquet
f 3443/3030/637 3444/3031/637 3445/3032/637
o SketchUp.050
v 2.949849 1.981639 0.136996
v 2.799195 2.032959 0.084637
v 2.799195 1.981639 0.136996
vn -0.0000 0.7142 0.7000
vt 33.657001 14.710429
vt 31.938089 15.546940
vt 31.938089 14.710429
s 1
usemtl Wood_Floor_Parquet
f 3446/3033/638 3447/3034/638 3448/3035/638
o SketchUp.051
v 2.563407 1.993503 0.084637
v 2.563407 1.981639 0.136996
v 2.563407 2.032959 0.084637
v 2.563407 1.981639 0.084637
vn -1.0000 -0.0000 -0.0000
vt 0.965683 22.745350
vt 1.563086 22.609989
vt 0.965683 23.195539
vt 0.965683 22.609989
s 1
usemtl Wood_Floor_Parquet
f 3449/3036/639 3450/3037/639 3451/3038/639
f 3452/3039/639 3450/3037/639 3449/3036/639
o SketchUp.052
v 2.724499 2.091907 0.007189
v 2.723073 2.091907 -0.139324
v 2.723073 2.091907 -0.000000
vn 0.0003 1.0000 -0.0000
vt 31.085819 -0.082021
vt 31.069550 1.589650
vt 31.069550 0.000000
s 1
usemtl Wood_Floor_Parquet
f 3453/3040/640 3454/3041/640 3455/3042/640
o SketchUp.053
v 2.698632 2.032959 -1.685984
v 2.698632 2.586990 -0.929431
v 2.698632 2.562488 -0.912654
v 2.698632 2.057461 -1.702761
v 2.698632 2.057461 -1.702761
v 2.698632 2.032959 -1.685984
v 2.698632 2.586990 -0.929431
v 2.698632 2.562488 -0.912654
v 2.723073 2.057461 -1.702761
v 2.698632 2.586990 -0.929431
v 2.698632 2.057461 -1.702761
v 2.723073 2.586990 -0.929431
v 2.723073 2.586990 -0.929431
v 2.723073 2.057461 -1.702761
v 2.698632 2.586990 -0.929431
v 2.698632 2.057461 -1.702761
v 2.723073 2.032959 -1.741787
v 2.723073 2.057461 -1.702761
v 2.723073 2.032959 -1.685984
v 2.723073 2.586990 -0.929431
v 2.723073 2.598432 -0.912654
v 2.723073 2.562488 -0.912654
v 2.723073 2.562488 -0.912654
v 2.723073 2.598432 -0.912654
v 2.723073 2.586990 -0.929431
v 2.723073 2.057461 -1.702761
v 2.723073 2.032959 -1.741787
v 2.723073 2.032959 -1.685984
v 2.723073 2.598432 -0.912654
v 2.698632 2.562488 -0.912654
v 2.723073 2.562488 -0.912654
v 2.698632 2.598432 -0.912654
v 2.698632 2.598432 -0.912654
v 2.723073 2.598432 -0.912654
v 2.698632 2.562488 -0.912654
v 2.723073 2.562488 -0.912654
vn -1.0000 -0.0000 -0.0000
vn -0.0000 0.8251 -0.5650
vn -0.0000 -0.0000 -1.0000
vn 1.0000 -0.0000 -0.0000
vn -0.0000 -0.8251 0.5650
vn -0.0000 -0.0000 1.0000
vt 19.428059 23.475090
vt 19.236629 23.195539
vt 10.604560 29.516880
vt 10.413139 29.237320
vt 31.069550 7.926587
vt 31.069550 -2.767203
vt 30.790680 7.926587
vt 30.790680 -2.767203
vt 10.413139 29.647429
vt 19.873329 23.195539
vt 30.790680 29.647429
vt 31.069550 29.647429
vt 30.790680 29.237320
vt 31.069550 29.237320
s 1
usemtl Granite_Brown
f 3460/3043/641 3461/3044/641 3462/3045/641
f 3463/3046/641 3462/3045/641 3461/3044/641
f 3468/3047/642 3469/3048/642 3470/3049/642
f 3471/3050/642 3470/3049/642 3469/3048/642
f 3478/3046/641 3479/3051/641 3480/3045/641
f 3481/3043/641 3480/3045/641 3482/3052/641
f 3483/3044/641 3481/3043/641 3482/3052/641
f 3488/3053/643 3489/3054/643 3490/3055/643
f 3491/3056/643 3490/3055/643 3489/3054/643
usemtl Wood_Floor_Parquet
f 3456/3044/644 3457/3045/644 3458/3046/644
f 3457/3045/644 3456/3044/644 3459/3043/644
f 3464/3048/645 3465/3049/645 3466/3050/645
f 3465/3049/645 3464/3048/645 3467/3047/645
f 3472/3052/644 3473/3043/644 3474/3044/644
f 3472/3052/644 3475/3045/644 3473/3043/644
f 3475/3045/644 3476/3051/644 3477/3046/644
f 3484/3054/646 3485/3055/646 3486/3056/646
f 3485/3055/646 3484/3054/646 3487/3053/646
o SketchUp.054
v 2.698632 2.057461 -1.702761
v 2.723073 2.032959 -1.685984
v 2.698632 2.032959 -1.685984
v 2.723073 2.057461 -1.702761
vn -0.0000 -0.5650 -0.8251
vt -30.790680 30.345869
vt -31.069550 30.007059
vt -30.790680 30.007059
vt -31.069550 30.345869
s 1
usemtl Wood_Floor_Parquet
f 3492/3057/647 3493/3058/647 3494/3059/647
f 3493/3058/647 3492/3057/647 3495/3060/647
o SketchUp.055
v 0.003607 2.598432 -0.912654
v 0.000000 2.032959 -0.150552
v 0.000000 2.032959 -0.139324
v 0.000000 2.032959 -0.912654
v 0.000000 2.032959 -1.735616
v 0.000000 2.032959 -1.685984
v 0.000000 2.032959 -1.685984
v 0.000000 2.032959 -1.735616
v 0.000000 2.032959 -0.912654
v 0.003607 2.598432 -0.912654
v 0.000000 2.032959 -0.150552
v 0.000000 2.032959 -0.139324
vn -1.0000 0.0064 -0.0000
vn -0.0000 -0.0000 -0.0000
vn 1.0000 -0.0064 -0.0000
vt -10.413139 29.647079
vt -1.717754 23.195070
vt -1.589650 23.195070
vt -10.413139 23.195070
vt -19.802929 23.195070
vt -19.236629 23.195070
s 1
usemtl Granite_Brown
f 3496/3061/648 3497/3062/648 3498/3063/648
f 3497/3062/648 3496/3061/648 3499/3064/648
f 3499/3064/648 3496/3061/648 3500/3065/648
s 0
f 3499/3064/649 3500/3065/649 3501/3066/649
f 3502/3066/649 3503/3065/649 3504/3064/649
s 1
f 3503/3065/650 3505/3061/650 3504/3064/650
f 3504/3064/650 3505/3061/650 3506/3062/650
f 3507/3063/650 3506/3062/650 3505/3061/650
o SketchUp.056
v 0.051051 2.598432 -0.912432
v 0.047445 2.032959 -0.139103
v 0.047445 2.100533 -0.139103
v 0.047445 2.100533 -0.139103
v 0.047445 2.032959 -0.139103
v 0.051051 2.598432 -0.912432
v 0.003607 2.598432 -0.912654
v 0.047445 2.100533 -0.139103
v 0.000000 2.100533 -0.139324
v 0.051051 2.598432 -0.912432
v 0.051051 2.598432 -0.912432
v 0.003607 2.598432 -0.912654
v 0.047445 2.100533 -0.139103
v 0.000000 2.100533 -0.139324
v 0.003607 2.598432 -0.912654
v 0.000000 2.100533 -0.139324
v 0.000000 2.032959 -0.139324
v 0.000000 2.032959 -0.139324
v 0.000000 2.100533 -0.139324
v 0.003607 2.598432 -0.912654
vn 1.0000 -0.0000 0.0047
vn -0.0025 0.8408 0.5413
vn -1.0000 -0.0000 -0.0047
vn 0.0025 -0.8408 -0.5413
vt -1.589633 23.966539
vt -1.589633 23.195539
vt -10.413219 29.647429
vt -0.533925 24.804729
vt 0.007414 24.804729
vt -0.533925 14.310530
vt 0.007414 14.310530
vt 1.589633 23.195539
vt 1.589633 23.966539
vt 10.413219 29.647429
s 1
usemtl Granite_Brown
f 3511/3067/651 3512/3068/651 3513/3069/651
f 3518/3070/652 3519/3071/652 3520/3072/652
f 3521/3073/652 3520/3072/652 3519/3071/652
f 3525/3074/653 3526/3075/653 3527/3076/653
usemtl Wood_Floor_Parquet
f 3508/3069/653 3509/3068/653 3510/3067/653
f 3514/3071/654 3515/3072/654 3516/3073/654
f 3515/3072/654 3514/3071/654 3517/3070/654
f 3522/3076/651 3523/3075/651 3524/3074/651
o SketchUp.057
v 0.050824 2.562488 -0.912654
v 2.698632 2.032959 -1.685984
v 0.047446 2.032959 -1.685984
v 2.698632 2.562488 -0.912654
vn -0.0000 0.8251 -0.5650
vt -0.434914 5.944940
vt -23.093010 -2.075402
vt -0.406012 -2.075402
vt -23.093010 5.944940
s 1
usemtl Wood_Floor
f 3528/3077/655 3529/3078/655 3530/3079/655
f 3529/3078/655 3528/3077/655 3531/3080/655
o SketchUp.058
v 1.886896 0.926353 -0.000000
v 1.651107 0.909248 -0.000000
v 1.886896 0.909248 -0.000000
v 1.651107 0.926353 -0.000000
v 1.651107 0.909248 -0.000000
v 1.651107 0.957983 0.085768
v 1.651107 0.909248 0.085768
v 1.651107 0.957983 0.018691
v 1.651107 0.957983 -0.000000
v 1.651107 0.926353 -0.000000
v 1.651107 0.957983 0.018691
v 1.519557 0.957983 -0.000000
v 1.519557 0.957983 0.018691
v 1.651107 0.957983 -0.000000
vn -0.0000 -0.0000 1.0000
vn 1.0000 -0.0000 -0.0000
vn -0.0000 1.0000 -0.0000
vt 21.528990 10.569449
vt 18.838699 10.374290
vt 21.528990 10.374290
vt 18.838699 10.569449
vt 0.000000 10.374290
vt -0.978587 10.930340
vt -0.978587 10.374290
vt -0.213255 10.930340
vt -0.000000 10.930340
vt 0.000000 10.569449
vt 18.838699 -0.213255
vt 17.337749 0.000000
vt 17.337749 -0.213255
vt 18.838699 -0.000000
s 1
usemtl Wood_Floor_Parquet
f 3532/3081/656 3533/3082/656 3534/3083/656
f 3533/3082/656 3532/3081/656 3535/3084/656
f 3536/3085/657 3537/3086/657 3538/3087/657
f 3537/3086/657 3536/3085/657 3539/3088/657
f 3539/3088/657 3536/3085/657 3540/3089/657
s 0
f 3540/3089/656 3536/3085/656 3541/3090/656
s 1
f 3542/3091/658 3543/3092/658 3544/3093/658
f 3543/3092/658 3542/3091/658 3545/3094/658
o SketchUp.059
v 2.563407 0.963735 -0.000000
v 2.563407 0.909248 0.084637
v 2.563407 0.963735 0.084637
v 2.563407 0.909248 -0.000000
vn -1.0000 -0.0000 -0.0000
vt 0.000000 10.995959
vt 0.965683 10.374290
vt 0.965683 10.995959
vt -0.000000 10.374290
s 1
usemtl Wood_Floor_Parquet
f 3546/3095/659 3547/3096/659 3548/3097/659
f 3547/3096/659 3546/3095/659 3549/3098/659
o SketchUp.060
v 1.062891 0.926353 -0.000000
v 1.062891 0.957983 0.027317
v 1.062891 0.926353 0.027317
v 1.062891 0.957983 0.024442
v 1.062891 0.957983 -0.000000
v 1.062891 1.214674 0.024442
v 1.062891 1.214674 0.020128
v 1.062891 1.244513 0.020128
v 1.062891 1.254558 0.020128
v 1.062891 1.283104 0.020128
v 1.062891 1.294368 0.020128
v 1.062891 1.321723 0.020128
v 1.062891 1.331226 0.020128
v 1.062891 1.359112 0.020128
v 1.062891 1.359112 -0.030192
v 1.062891 0.957983 -0.030192
v 1.062891 1.331226 0.027317
v 1.062891 1.321723 0.027317
v 1.062891 1.294368 0.025879
v 1.062891 1.283104 0.025879
v 1.062891 1.254558 0.024442
v 1.062891 1.244513 0.024442
v 1.195163 0.957983 0.024442
v 1.062891 0.957983 -0.000000
v 1.062891 0.957983 0.024442
v 1.195163 0.957983 -0.000000
vn 1.0000 -0.0000 -0.0000
vn -0.0000 1.0000 -0.0000
vt 0.000000 10.569449
vt -0.311680 10.930340
vt -0.311680 10.569449
vt -0.278871 10.930340
vt -0.000000 10.930340
vt -0.278871 13.859119
vt -0.229659 13.859119
vt -0.229659 14.199570
vt -0.229659 14.314179
vt -0.229659 14.639879
vt -0.229659 14.768390
vt -0.229659 15.080509
vt -0.229659 15.188940
vt -0.229659 15.507110
vt 0.344488 15.507110
vt 0.344488 10.930340
vt -0.311680 15.188940
vt -0.311680 15.080509
vt -0.295276 14.768390
vt -0.295276 14.639879
vt -0.278871 14.314179
vt -0.278871 14.199570
vt 13.636490 -0.278871
vt 12.127310 -0.000000
vt 12.127310 -0.278871
vt 13.636490 0.000000
s 1
usemtl Wood_Floor_Parquet
f 3550/3099/660 3551/3100/660 3552/3101/660
f 3551/3100/660 3550/3099/660 3553/3102/660
f 3553/3102/660 3550/3099/660 3554/3103/660
f 3554/3103/660 3555/3104/660 3553/3102/660
f 3555/3104/660 3554/3103/660 3556/3105/660
f 3556/3105/660 3554/3103/660 3557/3106/660
f 3557/3106/660 3554/3103/660 3558/3107/660
f 3558/3107/660 3554/3103/660 3559/3108/660
f 3559/3108/660 3554/3103/660 3560/3109/660
f 3560/3109/660 3554/3103/660 3561/3110/660
f 3561/3110/660 3554/3103/660 3562/3111/660
f 3562/3111/660 3554/3103/660 3563/3112/660
f 3563/3112/660 3554/3103/660 3564/3113/660
f 3564/3113/660 3554/3103/660 3565/3114/660
f 3561/3110/660 3566/3115/660 3567/3116/660
f 3566/3115/660 3561/3110/660 3562/3111/660
f 3559/3108/660 3568/3117/660 3569/3118/660
f 3568/3117/660 3559/3108/660 3560/3109/660
f 3557/3106/660 3570/3119/660 3571/3120/660
f 3570/3119/660 3557/3106/660 3558/3107/660
f 3572/3121/661 3573/3122/661 3574/3123/661
f 3573/3122/661 3572/3121/661 3575/3124/661
o SketchUp.061
v 1.062891 0.926353 -0.000000
v 0.827102 0.909248 -0.000000
v 1.062891 0.909248 -0.000000
v 0.827102 0.926353 -0.000000
v 1.062891 0.957983 0.027317
v 1.062891 0.909248 0.085070
v 1.062891 0.957983 0.085070
v 1.062891 0.926353 0.027317
v 1.062891 0.909248 -0.000000
v 1.062891 0.926353 -0.000000
vn -0.0000 -0.0000 1.0000
vn -1.0000 -0.0000 -0.0000
vt 12.127310 10.569449
vt 9.437019 10.374290
vt 12.127310 10.374290
vt 9.437019 10.569449
vt 0.311680 10.930340
vt 0.970625 10.374290
vt 0.970625 10.930340
vt 0.311680 10.569449
vt -0.000000 10.374290
vt -0.000000 10.569449
s 1
usemtl Wood_Floor_Parquet
f 3576/3125/662 3577/3126/662 3578/3127/662
f 3577/3126/662 3576/3125/662 3579/3128/662
f 3580/3129/663 3581/3130/663 3582/3131/663
f 3581/3130/663 3580/3129/663 3583/3132/663
f 3581/3130/663 3583/3132/663 3584/3133/663
f 3584/3133/663 3583/3132/663 3585/3134/663
o SketchUp.063
v 0.827102 0.909248 -0.000000
v 0.827102 0.909248 0.085070
v 0.827102 0.926353 -0.000000
v 0.827102 0.957983 -0.000000
v 0.827102 0.926353 0.085070
v 0.827102 0.957983 0.085070
vn -1.0000 -0.0000 -0.0000
vt -0.000000 10.374290
vt 0.970625 10.374290
vt -0.000000 10.569449
vt -0.000000 10.930340
vt 0.970625 10.569449
vt 0.970625 10.930340
s 1
usemtl Wood_Floor_Parquet
f 3586/3135/664 3587/3136/664 3588/3137/664
f 3589/3138/664 3590/3139/664 3591/3140/664
f 3590/3139/664 3589/3138/664 3587/3136/664
f 3587/3136/664 3589/3138/664 3588/3137/664
o SketchUp.064
v 1.062891 1.542965 -0.000000
v 0.827102 1.487666 -0.000000
v 1.062891 1.487666 -0.000000
v 0.827102 1.542965 -0.000000
v 1.062891 1.542965 0.039659
v 1.062891 1.487666 0.085070
v 1.062891 1.542965 0.085070
v 1.062891 1.487666 -0.000000
v 1.062891 1.542965 -0.000000
v 0.827102 1.487666 -0.000000
v 0.827102 1.542965 0.085070
v 0.827102 1.487666 0.085070
v 0.827102 1.542965 -0.000000
v 0.827102 1.542965 -0.000000
v 0.156326 1.487666 -0.000000
v 0.827102 1.487666 -0.000000
v 0.156326 1.542965 -0.000000
v 0.776309 1.542965 -0.000000
v 0.644037 1.542965 -0.000000
v 0.556144 1.542965 -0.000000
v 0.423873 1.542965 -0.000000
v 0.319643 1.542965 -0.000000
v 0.200311 1.542965 -0.000000
v 0.187371 1.542965 -0.000000
v 1.195163 1.542965 0.039659
v 1.062891 1.542965 -0.000000
v 1.062891 1.542965 0.039659
v 1.195163 1.542965 -0.000000
v 1.062891 1.542965 -0.000000
v 1.062891 1.799656 0.039659
v 1.062891 1.542965 0.039659
v 1.062891 1.799656 0.035346
v 1.062891 1.829495 0.035346
v 1.062891 1.839540 0.035346
v 1.062891 1.868085 0.035346
v 1.062891 1.879349 0.035346
v 1.062891 1.906705 0.035346
v 1.062891 1.916208 0.035346
v 1.062891 1.944094 0.035346
v 1.062891 1.944094 -0.014975
v 1.062891 1.542965 -0.014975
v 1.062891 1.916208 0.042535
v 1.062891 1.906705 0.042535
v 1.062891 1.879349 0.041097
v 1.062891 1.868085 0.041097
v 1.062891 1.839540 0.039659
v 1.062891 1.829495 0.039659
vn -0.0000 -0.0000 1.0000
vn -1.0000 -0.0000 -0.0000
vn 1.0000 -0.0000 -0.0000
vn -0.0000 -1.0000 -0.0000
vn -0.0000 1.0000 -0.0000
vt 12.127310 17.604830
vt 9.437019 16.973869
vt 12.127310 16.973869
vt 9.437019 17.604830
vt 0.452504 17.604830
vt 0.970625 16.973869
vt 0.970625 17.604830
vt -0.000000 16.973869
vt -0.000000 17.604830
vt -0.970625 17.604830
vt -0.970625 16.973869
vt 1.783640 16.973869
vt 1.783640 17.604830
vt 8.857483 17.604830
vt 7.348296 17.604830
vt 6.345464 17.604830
vt 4.836277 17.604830
vt 3.647042 17.604830
vt 2.285494 17.604830
vt 2.137856 17.604830
vt 13.636490 -0.452504
vt 12.127310 0.000000
vt 12.127310 -0.452504
vt 13.636490 0.000000
vt -0.452504 20.533600
vt -0.452504 17.604830
vt -0.403291 20.533600
vt -0.403291 20.874060
vt -0.403291 20.988670
vt -0.403291 21.314369
vt -0.403291 21.442879
vt -0.403291 21.755001
vt -0.403291 21.863430
vt -0.403291 22.181599
vt 0.170855 22.181599
vt 0.170855 17.604830
vt -0.485312 21.863430
vt -0.485312 21.755001
vt -0.468908 21.442879
vt -0.468908 21.314369
vt -0.452504 20.988670
vt -0.452504 20.874060
s 1
usemtl Wood_Floor_Parquet
f 3592/3141/665 3593/3142/665 3594/3143/665
f 3593/3142/665 3592/3141/665 3595/3144/665
f 3596/3145/666 3597/3146/666 3598/3147/666
f 3597/3146/666 3596/3145/666 3599/3148/666
f 3599/3148/666 3596/3145/666 3600/3149/666
f 3601/3148/667 3602/3150/667 3603/3151/667
f 3602/3150/667 3601/3148/667 3604/3149/667
f 3605/3144/665 3606/3152/665 3607/3142/665
f 3606/3152/665 3605/3144/665 3608/3153/665
s 0
f 3608/3153/668 3605/3144/668 3609/3154/668
f 3608/3153/668 3609/3154/668 3610/3155/668
f 3608/3153/668 3610/3155/668 3611/3156/668
f 3608/3153/668 3611/3156/668 3612/3157/668
f 3608/3153/669 3612/3157/669 3613/3158/669
f 3608/3153/669 3613/3158/669 3614/3159/669
f 3608/3153/669 3614/3159/669 3615/3160/669
s 1
f 3616/3161/669 3617/3162/669 3618/3163/669
f 3617/3162/669 3616/3161/669 3619/3164/669
f 3620/3149/667 3621/3165/667 3622/3166/667
f 3621/3165/667 3620/3149/667 3623/3167/667
f 3623/3167/667 3620/3149/667 3624/3168/667
f 3624/3168/667 3620/3149/667 3625/3169/667
f 3625/3169/667 3620/3149/667 3626/3170/667
f 3626/3170/667 3620/3149/667 3627/3171/667
f 3627/3171/667 3620/3149/667 3628/3172/667
f 3628/3172/667 3620/3149/667 3629/3173/667
f 3629/3173/667 3620/3149/667 3630/3174/667
f 3630/3174/667 3620/3149/667 3631/3175/667
f 3631/3175/667 3620/3149/667 3632/3176/667
f 3628/3172/667 3633/3177/667 3634/3178/667
f 3633/3177/667 3628/3172/667 3629/3173/667
f 3626/3170/667 3635/3179/667 3636/3180/667
f 3635/3179/667 3626/3170/667 3627/3171/667
f 3624/3168/667 3637/3181/667 3638/3182/667
f 3637/3181/667 3624/3168/667 3625/3169/667
o SketchUp.065
v 1.886896 1.542965 -0.000000
v 1.651107 1.487666 -0.000000
v 1.886896 1.487666 -0.000000
v 1.651107 1.542965 -0.000000
v 1.651829 1.542965 -0.000000
v 2.563407 1.542965 -0.000000
v 1.886896 1.487666 -0.000000
v 2.563407 1.487666 -0.000000
v 1.886896 1.542965 -0.000000
v 2.518965 1.542965 -0.000000
v 2.386694 1.542965 -0.000000
v 2.298801 1.542965 -0.000000
v 2.166529 1.542965 -0.000000
v 2.062299 1.542965 -0.000000
v 1.930028 1.542965 -0.000000
v 1.651107 1.487666 -0.000000
v 1.651107 1.542965 0.085768
v 1.651107 1.487666 0.085768
v 1.651107 1.542965 0.033909
v 1.651107 1.542965 -0.000000
v 1.886896 1.487666 -0.000000
v 1.886896 1.542965 0.085768
v 1.886896 1.487666 0.085768
v 1.886896 1.542965 -0.000000
v 1.651107 1.542965 0.033909
v 1.519557 1.542965 -0.000000
v 1.519557 1.542965 0.033909
v 1.651107 1.542965 -0.000000
vn -0.0000 -0.0000 1.0000
vn -0.0000 1.0000 -0.0000
vn -0.0000 -1.0000 -0.0000
vn 1.0000 -0.0000 -0.0000
vt 21.528990 17.604830
vt 18.838699 16.973869
vt 21.528990 16.973869
vt 18.838699 17.604830
vt 18.846930 17.604830
vt 29.247799 17.604830
vt 29.247799 16.973869
vt 28.740740 17.604830
vt 27.231550 17.604830
vt 26.228720 17.604830
vt 24.719530 17.604830
vt 23.530300 17.604830
vt 22.021109 17.604830
vt 0.000000 16.973869
vt -0.978587 17.604830
vt -0.978587 16.973869
vt -0.386887 17.604830
vt 0.000000 17.604830
vt 18.838699 -0.386887
vt 17.337749 0.000000
vt 17.337749 -0.386887
vt 18.838699 0.000000
s 1
usemtl Wood_Floor_Parquet
f 3639/3183/670 3640/3184/670 3641/3185/670
f 3640/3184/670 3639/3183/670 3642/3186/670
s 0
f 3642/3186/671 3639/3183/671 3643/3187/671
s 1
f 3644/3188/670 3645/3185/670 3646/3189/670
f 3645/3185/670 3644/3188/670 3647/3183/670
s 0
f 3647/3183/672 3644/3188/672 3648/3190/672
f 3647/3183/672 3648/3190/672 3649/3191/672
f 3647/3183/672 3649/3191/672 3650/3192/672
f 3647/3183/672 3650/3192/672 3651/3193/672
f 3647/3183/672 3651/3193/672 3652/3194/672
f 3647/3183/671 3652/3194/671 3653/3195/671
s 1
f 3654/3196/673 3655/3197/673 3656/3198/673
f 3655/3197/673 3654/3196/673 3657/3199/673
f 3657/3199/673 3654/3196/673 3658/3200/673
f 3659/3196/673 3660/3197/673 3661/3198/673
f 3660/3197/673 3659/3196/673 3662/3200/673
f 3663/3201/671 3664/3202/671 3665/3203/671
f 3664/3202/671 3663/3201/671 3666/3204/671
o SketchUp.067
v 0.556144 1.542965 0.024146
v 0.423873 1.542965 -0.000000
v 0.423873 1.542965 0.024146
v 0.556144 1.542965 -0.000000
vn -0.0000 1.0000 -0.0000
vt 6.345464 -0.275498
vt 4.836277 -0.000000
vt 4.836277 -0.275498
vt 6.345464 -0.000000
s 1
usemtl Wood_Floor_Parquet
f 3667/3205/674 3668/3206/674 3669/3207/674
f 3668/3206/674 3667/3205/674 3670/3208/674
o SketchUp.068
v 2.062299 1.542965 0.021672
v 1.930028 1.542965 -0.000000
v 1.930028 1.542965 0.021672
v 2.062299 1.542965 -0.000000
vn -0.0000 1.0000 -0.0000
vt 23.530300 -0.247274
vt 22.021109 0.000000
vt 22.021109 -0.247274
vt 23.530300 0.000000
s 1
usemtl Wood_Floor_Parquet
f 3671/3209/675 3672/3210/675 3673/3211/675
f 3672/3210/675 3671/3209/675 3674/3212/675
o SketchUp.069
v 2.563407 1.487666 -0.000000
v 2.563407 1.542965 0.084637
v 2.563407 1.487666 0.084637
v 2.563407 1.542965 -0.000000
vn 1.0000 -0.0000 -0.0000
vt 0.000000 16.973869
vt -0.965683 17.604830
vt -0.965683 16.973869
vt 0.000000 17.604830
s 1
usemtl Wood_Floor_Parquet
f 3675/3213/676 3676/3214/676 3677/3215/676
f 3676/3214/676 3675/3213/676 3678/3216/676
o SketchUp.070
v 0.861620 1.928885 0.085237
v 1.032710 1.649965 0.085237
v 0.861620 1.649965 0.085237
v 1.032710 1.928885 0.085237
v 1.032710 1.649965 0.085237
v 1.032710 1.928885 0.108241
v 1.032710 1.649965 0.108241
v 1.032710 1.928885 0.085237
v 1.032710 1.649965 0.085237
v 0.861620 1.649965 0.108241
v 0.861620 1.649965 0.085237
v 1.032710 1.649965 0.108241
v 0.861620 1.928885 0.085237
v 0.861620 1.649965 0.108241
v 0.861620 1.928885 0.108241
v 0.861620 1.649965 0.085237
v 1.032710 1.928885 0.108241
v 0.861620 1.928885 0.085237
v 0.861620 1.928885 0.108241
v 1.032710 1.928885 0.085237
vn -0.0000 -0.0000 -1.0000
vn 1.0000 -0.0000 -0.0000
vn -0.0000 -1.0000 -0.0000
vn -1.0000 -0.0000 -0.0000
vn -0.0000 1.0000 -0.0000
vt -9.830855 22.008080
vt -11.782949 18.825670
vt -9.830855 18.825670
vt -11.782949 22.008080
vt -0.972534 18.825670
vt -1.235002 22.008080
vt -1.235002 18.825670
vt -0.972534 22.008080
vt -11.782949 -0.972534
vt -9.830855 -1.235002
vt -9.830855 -0.972534
vt -11.782949 -1.235002
vt 0.972534 22.008080
vt 1.235002 18.825670
vt 1.235002 22.008080
vt 0.972534 18.825670
vt 11.782949 -1.235002
vt 9.830855 -0.972534
vt 9.830855 -1.235002
vt 11.782949 -0.972534
s 1
usemtl Wood_Floor_Parquet
f 3679/3217/677 3680/3218/677 3681/3219/677
f 3680/3218/677 3679/3217/677 3682/3220/677
f 3683/3221/678 3684/3222/678 3685/3223/678
f 3684/3222/678 3683/3221/678 3686/3224/678
f 3687/3225/679 3688/3226/679 3689/3227/679
f 3688/3226/679 3687/3225/679 3690/3228/679
f 3691/3229/680 3692/3230/680 3693/3231/680
f 3692/3230/680 3691/3229/680 3694/3232/680
f 3695/3233/681 3696/3234/681 3697/3235/681
f 3696/3234/681 3695/3233/681 3698/3236/681
o SketchUp.071
v 2.598419 1.930301 0.085768
v 2.766634 1.649965 0.085768
v 2.598419 1.649965 0.085768
v 2.766634 1.930301 0.085768
v 2.598419 1.930301 0.085768
v 2.598419 1.649965 0.107334
v 2.598419 1.930301 0.107334
v 2.598419 1.649965 0.085768
v 2.766634 1.930301 0.107334
v 2.598419 1.930301 0.085768
v 2.598419 1.930301 0.107334
v 2.766634 1.930301 0.085768
v 2.766634 1.649965 0.085768
v 2.766634 1.930301 0.107334
v 2.766634 1.649965 0.107334
v 2.766634 1.930301 0.085768
v 2.766634 1.649965 0.085768
v 2.598419 1.649965 0.107334
v 2.598419 1.649965 0.085768
v 2.766634 1.649965 0.107334
vn -0.0000 -0.0000 -1.0000
vn -1.0000 -0.0000 -0.0000
vn -0.0000 1.0000 -0.0000
vn 1.0000 -0.0000 -0.0000
vn -0.0000 -1.0000 -0.0000
vt -29.647280 22.024229
vt -31.566568 18.825670
vt -29.647280 18.825670
vt -31.566568 22.024229
vt 0.978587 22.024229
vt 1.224650 18.825670
vt 1.224650 22.024229
vt 0.978587 18.825670
vt 31.566568 -1.224650
vt 29.647280 -0.978587
vt 29.647280 -1.224650
vt 31.566568 -0.978587
vt -0.978587 18.825670
vt -1.224650 22.024229
vt -1.224650 18.825670
vt -0.978587 22.024229
vt -31.566568 -0.978587
vt -29.647280 -1.224650
vt -29.647280 -0.978587
vt -31.566568 -1.224650
s 1
usemtl Wood_Floor_Parquet
f 3699/3237/682 3700/3238/682 3701/3239/682
f 3700/3238/682 3699/3237/682 3702/3240/682
f 3703/3241/683 3704/3242/683 3705/3243/683
f 3704/3242/683 3703/3241/683 3706/3244/683
f 3707/3245/684 3708/3246/684 3709/3247/684
f 3708/3246/684 3707/3245/684 3710/3248/684
f 3711/3249/685 3712/3250/685 3713/3251/685
f 3712/3250/685 3711/3249/685 3714/3252/685
f 3715/3253/686 3716/3254/686 3717/3255/686
f 3716/3254/686 3715/3253/686 3718/3256/686
o SketchUp.072
v 2.766634 1.930301 0.107334
v 2.598419 1.649965 0.107334
v 2.766634 1.649965 0.107334
v 2.598419 1.930301 0.107334
vn -0.0000 -0.0000 1.0000
vt 21.044380 14.682819
vt 19.764849 12.550440
vt 21.044380 12.550440
vt 19.764849 14.682819
s 1
usemtl Polished_Concrete_Old
f 3719/3257/687 3720/3258/687 3721/3259/687
f 3720/3258/687 3719/3257/687 3722/3260/687
o SketchUp.073
v 1.854797 1.930301 0.111647
v 1.682268 1.649965 0.111647
v 1.854797 1.649965 0.111647
v 1.682268 1.930301 0.111647
vn -0.0000 -0.0000 1.0000
vt 14.108500 14.682819
vt 12.796160 12.550440
vt 14.108500 12.550440
vt 12.796160 14.682819
s 1
usemtl Polished_Concrete_Old
f 3723/3261/688 3724/3262/688 3725/3263/688
f 3724/3262/688 3723/3261/688 3726/3264/688
o SketchUp.074
v 1.682268 1.930301 0.085768
v 1.682268 1.649965 0.111647
v 1.682268 1.930301 0.111647
v 1.682268 1.649965 0.085768
v 1.854797 1.649965 0.085768
v 1.682268 1.649965 0.111647
v 1.682268 1.649965 0.085768
v 1.854797 1.649965 0.111647
v 1.854797 1.930301 0.111647
v 1.682268 1.930301 0.085768
v 1.682268 1.930301 0.111647
v 1.854797 1.930301 0.085768
v 1.854797 1.649965 0.085768
v 1.854797 1.930301 0.111647
v 1.854797 1.649965 0.111647
v 1.854797 1.930301 0.085768
vn -1.0000 -0.0000 -0.0000
vn -0.0000 -1.0000 -0.0000
vn -0.0000 1.0000 -0.0000
vn 1.0000 -0.0000 -0.0000
vt 0.978587 22.024229
vt 1.273863 18.825670
vt 1.273863 22.024229
vt 0.978587 18.825670
vt -21.162750 -0.978587
vt -19.194239 -1.273863
vt -19.194239 -0.978587
vt -21.162750 -1.273863
vt 21.162750 -1.273863
vt 19.194239 -0.978587
vt 19.194239 -1.273863
vt 21.162750 -0.978587
vt -0.978587 18.825670
vt -1.273863 22.024229
vt -1.273863 18.825670
vt -0.978587 22.024229
s 1
usemtl Wood_Floor_Parquet
f 3727/3265/689 3728/3266/689 3729/3267/689
f 3728/3266/689 3727/3265/689 3730/3268/689
f 3731/3269/690 3732/3270/690 3733/3271/690
f 3732/3270/690 3731/3269/690 3734/3272/690
f 3735/3273/691 3736/3274/691 3737/3275/691
f 3736/3274/691 3735/3273/691 3738/3276/691
f 3739/3277/692 3740/3278/692 3741/3279/692
f 3740/3278/692 3739/3277/692 3742/3280/692
o SketchUp.075
v 1.032710 1.928885 0.108241
v 0.861620 1.649965 0.108241
v 1.032710 1.649965 0.108241
v 0.861620 1.928885 0.108241
vn -0.0000 -0.0000 1.0000
vt 7.855303 14.672050
vt 6.553903 12.550440
vt 7.855303 12.550440
vt 6.553903 14.672050
s 1
usemtl Polished_Concrete_Old
f 3743/3281/693 3744/3282/693 3745/3283/693
f 3744/3282/693 3743/3281/693 3746/3284/693
o SketchUp.076
v 0.050824 2.562488 -0.912654
v 0.000000 2.032959 -0.139324
v 0.000000 2.562488 -0.912654
v 0.156326 2.032959 -0.139324
v 2.698632 2.562488 -0.912654
v 0.323789 2.032959 -0.139324
v 0.659354 2.032959 -0.139324
v 0.827102 2.032959 -0.139324
v 1.062891 2.032959 -0.139324
v 1.148815 2.032959 -0.139324
v 1.565183 2.032959 -0.139324
v 2.065443 2.032959 -0.139324
v 2.401008 2.032959 -0.139324
v 2.563407 2.032959 -0.139324
v 2.698632 2.032959 -0.139324
v 2.698632 2.032959 -0.139324
v 2.698632 2.562488 -0.912654
v 2.563407 2.032959 -0.139324
v 2.401008 2.032959 -0.139324
v 2.065443 2.032959 -0.139324
v 1.565183 2.032959 -0.139324
v 1.148815 2.032959 -0.139324
v 1.062891 2.032959 -0.139324
v 0.827102 2.032959 -0.139324
v 0.659354 2.032959 -0.139324
v 0.323789 2.032959 -0.139324
v 0.156326 2.032959 -0.139324
v 0.050824 2.562488 -0.912654
v 0.000000 2.032959 -0.139324
v 0.000000 2.562488 -0.912654
vn -0.0000 -0.8251 -0.5650
vn -0.0000 0.8251 0.5650
vt -0.579885 25.110439
vt -0.000000 14.416650
vt -0.000000 25.110439
vt -1.783640 14.416650
vt -30.790680 25.110439
vt -3.694352 14.416650
vt -7.523059 14.416650
vt -9.437019 14.416650
vt -12.127310 14.416650
vt -13.107679 14.416650
vt -17.858320 14.416650
vt -23.566170 14.416650
vt -27.394869 14.416650
vt -29.247799 14.416650
vt -30.790680 14.416650
vt -23.093010 10.812490
vt -23.093010 18.832830
vt -21.935850 10.812490
vt -20.546150 10.812490
vt -17.674620 10.812490
vt -13.393740 10.812490
vt -9.830761 10.812490
vt -9.095481 10.812490
vt -7.077764 10.812490
vt -5.642294 10.812490
vt -2.770764 10.812490
vt -1.337730 10.812490
vt -0.434914 18.832830
vt -0.000000 10.812490
vt -0.000000 18.832830
s 1
usemtl Wood_Floor
f 3747/3285/694 3748/3286/694 3749/3287/694
f 3748/3286/694 3747/3285/694 3750/3288/694
f 3750/3288/694 3747/3285/694 3751/3289/694
f 3750/3288/694 3751/3289/694 3752/3290/694
f 3752/3290/694 3751/3289/694 3753/3291/694
f 3753/3291/694 3751/3289/694 3754/3292/694
f 3754/3292/694 3751/3289/694 3755/3293/694
f 3755/3293/694 3751/3289/694 3756/3294/694
f 3756/3294/694 3751/3289/694 3757/3295/694
f 3757/3295/694 3751/3289/694 3758/3296/694
f 3758/3296/694 3751/3289/694 3759/3297/694
f 3759/3297/694 3751/3289/694 3760/3298/694
f 3760/3298/694 3751/3289/694 3761/3299/694
f 3762/3300/695 3763/3301/695 3764/3302/695
f 3764/3302/695 3763/3301/695 3765/3303/695
f 3765/3303/695 3763/3301/695 3766/3304/695
f 3766/3304/695 3763/3301/695 3767/3305/695
f 3767/3305/695 3763/3301/695 3768/3306/695
f 3768/3306/695 3763/3301/695 3769/3307/695
f 3769/3307/695 3763/3301/695 3770/3308/695
f 3770/3308/695 3763/3301/695 3771/3309/695
f 3771/3309/695 3763/3301/695 3772/3310/695
f 3772/3310/695 3763/3301/695 3773/3311/695
f 3763/3301/695 3774/3312/695 3773/3311/695
f 3773/3311/695 3774/3312/695 3775/3313/695
f 3776/3314/695 3775/3313/695 3774/3312/695
o SketchUp.077
v 0.126515 1.928885 0.102490
v -0.047451 1.649965 0.102490
v 0.126515 1.649965 0.102490
v -0.047451 1.928885 0.102490
vn -0.0000 -0.0000 1.0000
vt 0.962336 14.672050
vt -0.360936 12.550440
vt 0.962336 12.550440
vt -0.360936 14.672050
s 1
usemtl Polished_Concrete_Old
f 3777/3315/696 3778/3316/696 3779/3317/696
f 3778/3316/696 3777/3315/696 3780/3318/696
o SketchUp.078
v -0.047451 1.928885 0.085237
v -0.047451 1.649965 0.102490
v -0.047451 1.928885 0.102490
v -0.047451 1.649965 0.085237
v 0.126515 1.649965 0.085237
v -0.047451 1.649965 0.102490
v -0.047451 1.649965 0.085237
v 0.126515 1.649965 0.102490
v 0.126515 1.928885 0.102490
v -0.047451 1.928885 0.085237
v -0.047451 1.928885 0.102490
v 0.126515 1.928885 0.085237
v 0.126515 1.649965 0.085237
v 0.126515 1.928885 0.102490
v 0.126515 1.649965 0.102490
v 0.126515 1.928885 0.085237
vn -1.0000 -0.0000 -0.0000
vn -0.0000 -1.0000 -0.0000
vn -0.0000 1.0000 -0.0000
vn 1.0000 -0.0000 -0.0000
vt 0.972534 22.008080
vt 1.169385 18.825670
vt 1.169385 22.008080
vt 0.972534 18.825670
vt -1.443504 -0.972534
vt 0.541404 -1.169385
vt 0.541404 -0.972534
vt -1.443504 -1.169385
vt 1.443504 -1.169385
vt -0.541404 -0.972534
vt -0.541404 -1.169385
vt 1.443504 -0.972534
vt -0.972534 18.825670
vt -1.169385 22.008080
vt -1.169385 18.825670
vt -0.972534 22.008080
s 1
usemtl Wood_Floor_Parquet
f 3781/3319/697 3782/3320/697 3783/3321/697
f 3782/3320/697 3781/3319/697 3784/3322/697
f 3785/3323/698 3786/3324/698 3787/3325/698
f 3786/3324/698 3785/3323/698 3788/3326/698
f 3789/3327/699 3790/3328/699 3791/3329/699
f 3790/3328/699 3789/3327/699 3792/3330/699
f 3793/3331/700 3794/3332/700 3795/3333/700
f 3794/3332/700 3793/3331/700 3796/3334/700
o SketchUp.079
v 0.325231 1.321723 0.030192
v 0.192959 1.294368 0.030192
v 0.325231 1.294368 0.030192
v 0.192959 1.321723 0.030192
v 0.192959 1.321723 0.030192
v 0.325231 1.321723 0.030192
v 0.192959 1.294368 0.030192
v 0.325231 1.294368 0.030192
vn -0.0000 -0.0000 1.0000
vn -0.0000 -0.0000 -1.0000
s 1
usemtl Translucent_Glass_Blue
f 3797//701 3798//701 3799//701
f 3798//701 3797//701 3800//701
f 3801//702 3802//702 3803//702
f 3804//702 3803//702 3802//702
o SketchUp.080
v 0.325231 1.283104 0.028755
v 0.325231 1.294368 0.033068
v 0.325231 1.283104 0.033068
v 0.325231 1.294368 0.030192
v 0.325231 1.321723 0.030192
v 0.325231 0.957983 -0.000000
v 0.325231 1.214674 0.033068
v 0.325231 0.957983 0.033068
v 0.325231 1.214674 0.030192
v 0.325231 1.244513 0.030192
v 0.325231 1.254558 0.028755
v 0.325231 1.331226 0.028755
v 0.325231 1.359112 0.028755
v 0.325231 1.359112 -0.000000
v 0.325231 1.331226 0.034506
v 0.325231 1.321723 0.034506
v 0.325231 1.254558 0.034506
v 0.325231 1.244513 0.034506
v 0.325231 1.359112 0.028755
v 0.192959 1.359112 -0.000000
v 0.192959 1.359112 0.028755
v 0.325231 1.359112 -0.000000
v 0.325231 1.331226 0.034506
v 0.192959 1.331226 0.028755
v 0.192959 1.331226 0.034506
v 0.325231 1.331226 0.028755
v 0.325231 1.331226 0.034506
v 0.192959 1.321723 0.034506
v 0.325231 1.321723 0.034506
v 0.192959 1.331226 0.034506
v 0.325231 1.321723 0.030192
v 0.192959 1.321723 0.034506
v 0.192959 1.321723 0.030192
v 0.325231 1.321723 0.034506
v 0.325231 1.294368 0.033068
v 0.192959 1.294368 0.030192
v 0.192959 1.294368 0.033068
v 0.325231 1.294368 0.030192
v 0.325231 1.294368 0.033068
v 0.192959 1.283104 0.033068
v 0.325231 1.283104 0.033068
v 0.192959 1.294368 0.033068
v 0.325231 1.283104 0.028755
v 0.192959 1.283104 0.033068
v 0.192959 1.283104 0.028755
v 0.325231 1.283104 0.033068
v 0.325231 1.254558 0.034506
v 0.192959 1.254558 0.028755
v 0.192959 1.254558 0.034506
v 0.325231 1.254558 0.028755
v 0.325231 1.254558 0.034506
v 0.192959 1.244513 0.034506
v 0.325231 1.244513 0.034506
v 0.192959 1.254558 0.034506
v 0.325231 1.244513 0.030192
v 0.192959 1.244513 0.034506
v 0.192959 1.244513 0.030192
v 0.325231 1.244513 0.034506
v 0.325231 1.214674 0.033068
v 0.192959 1.214674 0.030192
v 0.192959 1.214674 0.033068
v 0.325231 1.214674 0.030192
v 0.325231 1.214674 0.033068
v 0.192959 0.957983 0.033068
v 0.325231 0.957983 0.033068
v 0.192959 1.214674 0.033068
v 0.192959 1.254558 0.028755
v 0.192959 1.244513 0.034506
v 0.192959 1.254558 0.034506
v 0.192959 1.244513 0.030192
v 0.192959 1.214674 0.030192
v 0.192959 1.331226 0.028755
v 0.192959 1.321723 0.034506
v 0.192959 1.331226 0.034506
v 0.192959 1.321723 0.030192
v 0.192959 1.294368 0.030192
v 0.192959 1.283104 0.028755
v 0.192959 1.359112 -0.000000
v 0.192959 1.359112 0.028755
v 0.192959 0.957983 0.033068
v 0.192959 1.214674 0.033068
v 0.192959 0.957983 -0.000000
v 0.192959 1.283104 0.033068
v 0.192959 1.294368 0.033068
vn 1.0000 -0.0000 -0.0000
vn -0.0000 1.0000 -0.0000
vn -0.0000 -0.0000 1.0000
vn -0.0000 -1.0000 -0.0000
vn -1.0000 -0.0000 -0.0000
vn -0.0001 1.0000 -0.0000
vt -0.328084 14.639879
vt -0.377297 14.768390
vt -0.377297 14.639879
vt -0.344488 14.768390
vt -0.344488 15.080509
vt 0.000000 10.930340
vt -0.377297 13.859119
vt -0.377297 10.930340
vt -0.344488 13.859119
vt -0.344488 14.199570
vt -0.328084 14.314179
vt -0.328084 15.188940
vt -0.328084 15.507110
vt 0.000000 15.507110
vt -0.393701 15.188940
vt -0.393701 15.080509
vt -0.393701 14.314179
vt -0.393701 14.199570
vt 3.710800 -0.328084
vt 2.201613 0.000000
vt 2.201613 -0.328084
vt 3.710800 0.000000
vt 3.710800 -0.393701
vt 2.201613 -0.393701
vt 3.710800 15.188940
vt 2.201613 15.080509
vt 3.710800 15.080509
vt 2.201613 15.188940
vt -3.710800 -0.344488
vt -2.201613 -0.393701
vt -2.201613 -0.344488
vt -3.710800 -0.393701
vt 3.710800 -0.377297
vt 2.201613 -0.344488
vt 2.201613 -0.377297
vt 3.710800 -0.344488
vt 3.710800 14.768390
vt 2.201613 14.639879
vt 3.710800 14.639879
vt 2.201613 14.768390
vt -3.710800 -0.328084
vt -2.201613 -0.377297
vt -2.201613 -0.328084
vt -3.710800 -0.377297
vt 3.710800 14.314179
vt 2.201613 14.199570
vt 3.710800 14.199570
vt 2.201613 14.314179
vt 3.710800 13.859119
vt 2.201613 10.930340
vt 3.710800 10.930340
vt 2.201613 13.859119
vt 0.328084 14.314179
vt 0.393701 14.199570
vt 0.393701 14.314179
vt 0.344488 14.199570
vt 0.344488 13.859119
vt 0.328084 15.188940
vt 0.393701 15.080509
vt 0.393701 15.188940
vt 0.344488 15.080509
vt 0.344488 14.768390
vt 0.328084 14.639879
vt 0.328084 15.507110
vt 0.377297 10.930340
vt 0.377297 13.859119
vt 0.377297 14.639879
vt 0.377297 14.768390
s 1
usemtl Wood_Floor_Parquet
f 3805/3335/703 3806/3336/703 3807/3337/703
f 3806/3336/703 3805/3335/703 3808/3338/703
f 3808/3338/703 3805/3335/703 3809/3339/703
f 3810/3340/703 3811/3341/703 3812/3342/703
f 3811/3341/703 3810/3340/703 3813/3343/703
f 3813/3343/703 3810/3340/703 3814/3344/703
f 3814/3344/703 3810/3340/703 3815/3345/703
f 3815/3345/703 3810/3340/703 3805/3335/703
f 3805/3335/703 3810/3340/703 3816/3346/703
f 3816/3346/703 3810/3340/703 3817/3347/703
f 3817/3347/703 3810/3340/703 3818/3348/703
f 3809/3339/703 3819/3349/703 3820/3350/703
f 3819/3349/703 3809/3339/703 3816/3346/703
f 3816/3346/703 3809/3339/703 3805/3335/703
f 3814/3344/703 3821/3351/703 3822/3352/703
f 3821/3351/703 3814/3344/703 3815/3345/703
f 3823/3353/704 3824/3354/704 3825/3355/704
f 3824/3354/704 3823/3353/704 3826/3356/704
f 3827/3357/704 3828/3355/704 3829/3358/704
f 3828/3355/704 3827/3357/704 3830/3353/704
f 3831/3359/705 3832/3360/705 3833/3361/705
f 3832/3360/705 3831/3359/705 3834/3362/705
f 3835/3363/706 3836/3364/706 3837/3365/706
f 3836/3364/706 3835/3363/706 3838/3366/706
f 3839/3367/704 3840/3368/704 3841/3369/704
f 3840/3368/704 3839/3367/704 3842/3370/704
f 3843/3371/705 3844/3372/705 3845/3373/705
f 3844/3372/705 3843/3371/705 3846/3374/705
f 3847/3375/706 3848/3376/706 3849/3377/706
f 3848/3376/706 3847/3375/706 3850/3378/706
f 3851/3357/704 3852/3355/704 3853/3358/704
f 3852/3355/704 3851/3357/704 3854/3353/704
f 3855/3379/705 3856/3380/705 3857/3381/705
f 3856/3380/705 3855/3379/705 3858/3382/705
f 3859/3363/706 3860/3364/706 3861/3365/706
f 3860/3364/706 3859/3363/706 3862/3366/706
f 3863/3367/704 3864/3368/704 3865/3369/704
f 3864/3368/704 3863/3367/704 3866/3370/704
f 3867/3383/705 3868/3384/705 3869/3385/705
f 3868/3384/705 3867/3383/705 3870/3386/705
f 3871/3387/707 3872/3388/707 3873/3389/707
f 3872/3388/707 3871/3387/707 3874/3390/707
f 3874/3390/707 3871/3387/707 3875/3391/707
f 3876/3392/707 3877/3393/707 3878/3394/707
f 3877/3393/707 3876/3392/707 3879/3395/707
f 3879/3395/707 3876/3392/707 3880/3396/707
f 3880/3396/707 3876/3392/707 3881/3397/707
s 0
f 3881/3397/704 3876/3392/708 3871/3387/704
s 1
f 3882/3348/707 3876/3392/707 3883/3398/707
f 3875/3391/707 3884/3399/707 3885/3400/707
f 3884/3399/707 3875/3391/707 3886/3340/707
f 3886/3340/707 3875/3391/707 3871/3387/707
f 3886/3340/707 3871/3387/707 3876/3392/707
f 3886/3340/707 3876/3392/707 3882/3348/707
f 3880/3396/707 3887/3401/707 3888/3402/707
f 3887/3401/707 3880/3396/707 3881/3397/707
o SketchUp.081
v 0.325231 1.283104 0.028755
v 0.192959 1.254558 0.028755
v 0.325231 1.254558 0.028755
v 0.192959 1.283104 0.028755
v 0.192959 1.283104 0.028755
v 0.325231 1.283104 0.028755
v 0.192959 1.254558 0.028755
v 0.325231 1.254558 0.028755
vn -0.0000 -0.0000 1.0000
vn -0.0000 -0.0000 -1.0000
s 1
usemtl Translucent_Glass_Blue
f 3889//709 3890//709 3891//709
f 3890//709 3889//709 3892//709
f 3893//710 3894//710 3895//710
f 3896//710 3895//710 3894//710
o SketchUp.082
v 0.325231 1.244513 0.030192
v 0.192959 1.214674 0.030192
v 0.325231 1.214674 0.030192
v 0.192959 1.244513 0.030192
v 0.192959 1.244513 0.030192
v 0.325231 1.244513 0.030192
v 0.192959 1.214674 0.030192
v 0.325231 1.214674 0.030192
vn -0.0000 -0.0000 1.0000
vn -0.0000 -0.0000 -1.0000
s 1
usemtl Translucent_Glass_Blue
f 3897//711 3898//711 3899//711
f 3898//711 3897//711 3900//711
f 3901//712 3902//712 3903//712
f 3904//712 3903//712 3902//712
o SketchUp.083
v 0.325231 1.359112 0.028755
v 0.192959 1.331226 0.028755
v 0.325231 1.331226 0.028755
v 0.192959 1.359112 0.028755
v 0.192959 1.359112 0.028755
v 0.325231 1.359112 0.028755
v 0.192959 1.331226 0.028755
v 0.325231 1.331226 0.028755
vn -0.0000 -0.0000 1.0000
vn -0.0000 -0.0000 -1.0000
s 1
usemtl Translucent_Glass_Blue
f 3905//713 3906//713 3907//713
f 3906//713 3905//713 3908//713
f 3909//714 3910//714 3911//714
f 3912//714 3911//714 3910//714
o SketchUp.084
v 0.561732 1.254558 0.030192
v 0.429461 1.254558 0.025879
v 0.429461 1.254558 0.030192
v 0.561732 1.254558 0.025879
v 0.429461 1.359112 -0.002875
v 0.429461 1.331226 0.025879
v 0.429461 1.359112 0.025879
v 0.429461 1.321723 0.025879
v 0.429461 1.294368 0.025879
v 0.429461 1.283104 0.025879
v 0.429461 1.254558 0.025879
v 0.429461 1.244513 0.024442
v 0.429461 1.214674 0.024442
v 0.429461 0.957983 -0.000000
v 0.429461 0.957983 -0.002875
v 0.429461 0.957983 0.027317
v 0.429461 1.214674 0.027317
v 0.429461 1.244513 0.030192
v 0.429461 1.254558 0.030192
v 0.429461 1.283104 0.031630
v 0.429461 1.294368 0.031630
v 0.429461 1.321723 0.031630
v 0.429461 1.331226 0.031630
v 0.561732 1.254558 0.030192
v 0.429461 1.244513 0.030192
v 0.561732 1.244513 0.030192
v 0.429461 1.254558 0.030192
v 0.561732 1.283104 0.025879
v 0.561732 1.294368 0.031630
v 0.561732 1.283104 0.031630
v 0.561732 1.294368 0.025879
v 0.561732 1.321723 0.025879
v 0.561732 1.244513 0.024442
v 0.561732 1.254558 0.030192
v 0.561732 1.244513 0.030192
v 0.561732 1.254558 0.025879
v 0.561732 0.957983 -0.000000
v 0.561732 1.214674 0.027317
v 0.561732 0.957983 0.027317
v 0.561732 1.214674 0.024442
v 0.561732 1.331226 0.031630
v 0.561732 1.321723 0.031630
v 0.561732 1.331226 0.025879
v 0.561732 1.359112 0.025879
v 0.561732 1.359112 -0.002875
v 0.561732 0.957983 -0.002875
v 0.561732 1.214674 0.027317
v 0.429461 0.957983 0.027317
v 0.561732 0.957983 0.027317
v 0.429461 1.214674 0.027317
v 0.561732 1.214674 0.027317
v 0.429461 1.214674 0.024442
v 0.429461 1.214674 0.027317
v 0.561732 1.214674 0.024442
v 0.561732 1.244513 0.024442
v 0.429461 1.244513 0.030192
v 0.429461 1.244513 0.024442
v 0.561732 1.244513 0.030192
v 0.561732 1.283104 0.025879
v 0.429461 1.283104 0.031630
v 0.429461 1.283104 0.025879
v 0.561732 1.283104 0.031630
v 0.561732 1.294368 0.031630
v 0.429461 1.283104 0.031630
v 0.561732 1.283104 0.031630
v 0.429461 1.294368 0.031630
v 0.561732 1.294368 0.031630
v 0.429461 1.294368 0.025879
v 0.429461 1.294368 0.031630
v 0.561732 1.294368 0.025879
v 0.561732 1.321723 0.025879
v 0.429461 1.321723 0.031630
v 0.429461 1.321723 0.025879
v 0.561732 1.321723 0.031630
v 0.561732 1.331226 0.031630
v 0.429461 1.321723 0.031630
v 0.561732 1.321723 0.031630
v 0.429461 1.331226 0.031630
v 0.561732 1.331226 0.031630
v 0.429461 1.331226 0.025879
v 0.429461 1.331226 0.031630
v 0.561732 1.331226 0.025879
v 0.561732 1.359112 0.025879
v 0.429461 1.359112 -0.002875
v 0.429461 1.359112 0.025879
v 0.561732 1.359112 -0.002875
vn -0.0000 1.0000 -0.0000
vn -1.0000 -0.0000 -0.0000
vn -0.0000 -0.0000 1.0000
vn 1.0000 -0.0000 -0.0000
vn -0.0001 1.0000 -0.0000
vn -0.0000 -1.0000 -0.0000
vt 6.409221 -0.344488
vt 4.900035 -0.295276
vt 4.900035 -0.344488
vt 6.409221 -0.295276
vt -0.032808 15.507110
vt 0.295276 15.188940
vt 0.295276 15.507110
vt 0.295276 15.080509
vt 0.295276 14.768390
vt 0.295276 14.639879
vt 0.295276 14.314179
vt 0.278871 14.199570
vt 0.278871 13.859119
vt -0.000000 10.930340
vt -0.032808 10.930340
vt 0.311680 10.930340
vt 0.311680 13.859119
vt 0.344488 14.199570
vt 0.344488 14.314179
vt 0.360892 14.639879
vt 0.360892 14.768390
vt 0.360892 15.080509
vt 0.360892 15.188940
vt 6.409221 14.314179
vt 4.900035 14.199570
vt 6.409221 14.199570
vt 4.900035 14.314179
vt -0.295276 14.639879
vt -0.360892 14.768390
vt -0.360892 14.639879
vt -0.295276 14.768390
vt -0.295276 15.080509
vt -0.278871 14.199570
vt -0.344488 14.314179
vt -0.344488 14.199570
vt -0.295276 14.314179
vt -0.311680 13.859119
vt -0.311680 10.930340
vt -0.278871 13.859119
vt -0.360892 15.188940
vt -0.360892 15.080509
vt -0.295276 15.188940
vt -0.295276 15.507110
vt 0.032808 15.507110
vt 0.032808 10.930340
vt 6.409221 13.859119
vt 4.900035 10.930340
vt 6.409221 10.930340
vt 4.900035 13.859119
vt 6.409221 -0.311680
vt 4.900035 -0.278871
vt 4.900035 -0.311680
vt 6.409221 -0.278871
vt -6.409221 -0.278871
vt -4.900035 -0.344488
vt -4.900035 -0.278871
vt -6.409221 -0.344488
vt -6.409221 -0.295276
vt -4.900035 -0.360892
vt -4.900035 -0.295276
vt -6.409221 -0.360892
vt 6.409221 14.768390
vt 4.900035 14.639879
vt 6.409221 14.639879
vt 4.900035 14.768390
vt 6.409221 -0.360892
vt 4.900035 -0.360892
vt 6.409221 15.188940
vt 4.900035 15.080509
vt 6.409221 15.080509
vt 4.900035 15.188940
vt 4.900035 0.032808
vt 6.409221 0.032808
s 1
usemtl Wood_Floor_Parquet
f 3913/3403/715 3914/3404/715 3915/3405/715
f 3914/3404/715 3913/3403/715 3916/3406/715
f 3917/3407/716 3918/3408/716 3919/3409/716
f 3918/3408/716 3917/3407/716 3920/3410/716
f 3920/3410/716 3917/3407/716 3921/3411/716
f 3921/3411/716 3917/3407/716 3922/3412/716
f 3922/3412/716 3917/3407/716 3923/3413/716
f 3923/3413/716 3917/3407/716 3924/3414/716
f 3924/3414/716 3917/3407/716 3925/3415/716
f 3925/3415/716 3917/3407/716 3926/3416/716
f 3926/3416/716 3917/3407/716 3927/3417/716
f 3925/3415/716 3928/3418/716 3929/3419/716
f 3928/3418/716 3925/3415/716 3926/3416/716
f 3923/3413/716 3930/3420/716 3931/3421/716
f 3930/3420/716 3923/3413/716 3924/3414/716
f 3921/3411/716 3932/3422/716 3933/3423/716
f 3932/3422/716 3921/3411/716 3922/3412/716
f 3918/3408/716 3934/3424/716 3935/3425/716
f 3934/3424/716 3918/3408/716 3920/3410/716
f 3936/3426/717 3937/3427/717 3938/3428/717
f 3937/3427/717 3936/3426/717 3939/3429/717
f 3940/3430/718 3941/3431/718 3942/3432/718
f 3941/3431/718 3940/3430/718 3943/3433/718
s 0
f 3943/3433/715 3940/3430/715 3944/3434/719
s 1
f 3945/3435/718 3946/3436/718 3947/3437/718
f 3946/3436/718 3945/3435/718 3948/3438/718
f 3948/3438/718 3945/3435/718 3940/3430/718
f 3949/3416/718 3950/3439/718 3951/3440/718
f 3950/3439/718 3949/3416/718 3952/3441/718
f 3952/3441/718 3949/3416/718 3945/3435/718
f 3944/3434/718 3953/3442/718 3954/3443/718
f 3953/3442/718 3944/3434/718 3955/3444/718
s 0
f 3955/3444/715 3944/3434/715 3956/3445/719
s 1
f 3956/3445/718 3944/3434/718 3957/3446/718
f 3957/3446/718 3944/3434/718 3940/3430/718
f 3957/3446/718 3940/3430/718 3945/3435/718
f 3957/3446/718 3945/3435/718 3949/3416/718
f 3957/3446/718 3949/3416/718 3958/3447/718
f 3959/3448/717 3960/3449/717 3961/3450/717
f 3960/3449/717 3959/3448/717 3962/3451/717
f 3963/3452/715 3964/3453/715 3965/3454/715
f 3964/3453/715 3963/3452/715 3966/3455/715
f 3967/3456/720 3968/3457/720 3969/3458/720
f 3968/3457/720 3967/3456/720 3970/3459/720
f 3971/3460/720 3972/3461/720 3973/3462/720
f 3972/3461/720 3971/3460/720 3974/3463/720
f 3975/3464/717 3976/3465/717 3977/3466/717
f 3976/3465/717 3975/3464/717 3978/3467/717
f 3979/3468/715 3980/3404/715 3981/3469/715
f 3980/3404/715 3979/3468/715 3982/3406/715
f 3983/3460/720 3984/3461/720 3985/3462/720
f 3984/3461/720 3983/3460/720 3986/3463/720
f 3987/3470/717 3988/3471/717 3989/3472/717
f 3988/3471/717 3987/3470/717 3990/3473/717
f 3991/3468/715 3992/3404/715 3993/3469/715
f 3992/3404/715 3991/3468/715 3994/3406/715
f 3995/3406/715 3996/3474/715 3997/3404/715
f 3996/3474/715 3995/3406/715 3998/3475/715
o SketchUp.085
v 0.561732 1.359112 0.025879
v 0.429461 1.331226 0.025879
v 0.561732 1.331226 0.025879
v 0.429461 1.359112 0.025879
v 0.429461 1.359112 0.025879
v 0.561732 1.359112 0.025879
v 0.429461 1.331226 0.025879
v 0.561732 1.331226 0.025879
vn -0.0000 -0.0000 1.0000
vn -0.0000 -0.0000 -1.0000
s 1
usemtl Translucent_Glass_Blue
f 3999//721 4000//721 4001//721
f 4000//721 3999//721 4002//721
f 4003//722 4004//722 4005//722
f 4006//722 4005//722 4004//722
o SketchUp.086
v 0.561732 1.244513 0.024442
v 0.429461 1.214674 0.024442
v 0.561732 1.214674 0.024442
v 0.429461 1.244513 0.024442
v 0.429461 1.244513 0.024442
v 0.561732 1.244513 0.024442
v 0.429461 1.214674 0.024442
v 0.561732 1.214674 0.024442
vn -0.0000 -0.0000 1.0000
vn -0.0000 -0.0000 -1.0000
s 1
usemtl Translucent_Glass_Blue
f 4007//723 4008//723 4009//723
f 4008//723 4007//723 4010//723
f 4011//724 4012//724 4013//724
f 4014//724 4013//724 4012//724
o SketchUp.087
v 0.561732 1.283104 0.025879
v 0.429461 1.254558 0.025879
v 0.561732 1.254558 0.025879
v 0.429461 1.283104 0.025879
v 0.429461 1.283104 0.025879
v 0.561732 1.283104 0.025879
v 0.429461 1.254558 0.025879
v 0.561732 1.254558 0.025879
vn -0.0000 -0.0000 1.0000
vn -0.0000 -0.0000 -1.0000
s 1
usemtl Translucent_Glass_Blue
f 4015//725 4016//725 4017//725
f 4016//725 4015//725 4018//725
f 4019//726 4020//726 4021//726
f 4022//726 4021//726 4020//726
o SketchUp.088
v 0.561732 1.321723 0.025879
v 0.429461 1.294368 0.025879
v 0.561732 1.294368 0.025879
v 0.429461 1.321723 0.025879
v 0.429461 1.321723 0.025879
v 0.561732 1.321723 0.025879
v 0.429461 1.294368 0.025879
v 0.561732 1.294368 0.025879
vn -0.0000 -0.0000 1.0000
vn -0.0000 -0.0000 -1.0000
s 1
usemtl Translucent_Glass_Blue
f 4023//727 4024//727 4025//727
f 4024//727 4023//727 4026//727
f 4027//728 4028//728 4029//728
f 4030//728 4029//728 4028//728
o SketchUp.089
v 0.429461 0.957983 -0.000000
v 0.561732 0.957983 -0.002875
v 0.429461 0.957983 -0.002875
v 0.561732 0.957983 -0.000000
vn -0.0000 1.0000 -0.0000
vt 4.900035 0.000000
vt 6.409221 0.032808
vt 4.900035 0.032808
vt 6.409221 0.000000
s 1
usemtl Wood_Floor_Parquet
f 4031/3476/729 4032/3477/729 4033/3478/729
f 4032/3477/729 4031/3476/729 4034/3479/729
o SketchUp.090
v 0.781897 1.244513 0.030192
v 0.649625 1.244513 0.034506
v 0.649625 1.244513 0.030192
v 0.781897 1.244513 0.034506
v 0.781897 0.957983 -0.000000
v 0.781897 1.214674 0.033068
v 0.781897 0.957983 0.033068
v 0.781897 1.214674 0.030192
v 0.781897 1.244513 0.030192
v 0.781897 1.254558 0.030192
v 0.781897 1.283104 0.030192
v 0.781897 1.294368 0.030192
v 0.781897 1.321723 0.030192
v 0.781897 1.331226 0.030192
v 0.781897 1.359112 0.030192
v 0.781897 1.359112 -0.005751
v 0.781897 0.957983 -0.005751
v 0.781897 1.331226 0.034506
v 0.781897 1.321723 0.034506
v 0.781897 1.294368 0.034506
v 0.781897 1.283104 0.034506
v 0.781897 1.254558 0.034506
v 0.781897 1.244513 0.034506
v 0.781897 1.254558 0.034506
v 0.649625 1.244513 0.034506
v 0.781897 1.244513 0.034506
v 0.649625 1.254558 0.034506
v 0.649625 1.359112 -0.005751
v 0.649625 1.331226 0.030192
v 0.649625 1.359112 0.030192
v 0.649625 1.321723 0.030192
v 0.649625 1.294368 0.030192
v 0.649625 1.283104 0.030192
v 0.649625 1.254558 0.030192
v 0.649625 1.244513 0.030192
v 0.649625 1.214674 0.030192
v 0.649625 0.957983 -0.000000
v 0.649625 0.957983 -0.005751
v 0.649625 0.957983 0.033068
v 0.649625 1.214674 0.033068
v 0.649625 1.244513 0.034506
v 0.649625 1.254558 0.034506
v 0.649625 1.283104 0.034506
v 0.649625 1.294368 0.034506
v 0.649625 1.321723 0.034506
v 0.649625 1.331226 0.034506
v 0.781897 1.359112 0.030192
v 0.649625 1.359112 -0.005751
v 0.649625 1.359112 0.030192
v 0.781897 1.359112 -0.005751
v 0.781897 1.331226 0.034506
v 0.649625 1.331226 0.030192
v 0.649625 1.331226 0.034506
v 0.781897 1.331226 0.030192
v 0.781897 1.331226 0.034506
v 0.649625 1.321723 0.034506
v 0.781897 1.321723 0.034506
v 0.649625 1.331226 0.034506
v 0.781897 1.321723 0.030192
v 0.649625 1.321723 0.034506
v 0.649625 1.321723 0.030192
v 0.781897 1.321723 0.034506
v 0.781897 1.294368 0.034506
v 0.649625 1.294368 0.030192
v 0.649625 1.294368 0.034506
v 0.781897 1.294368 0.030192
v 0.781897 1.294368 0.034506
v 0.649625 1.283104 0.034506
v 0.781897 1.283104 0.034506
v 0.649625 1.294368 0.034506
v 0.781897 1.283104 0.030192
v 0.649625 1.283104 0.034506
v 0.649625 1.283104 0.030192
v 0.781897 1.283104 0.034506
v 0.781897 1.254558 0.034506
v 0.649625 1.254558 0.030192
v 0.649625 1.254558 0.034506
v 0.781897 1.254558 0.030192
v 0.781897 1.214674 0.033068
v 0.649625 1.214674 0.030192
v 0.649625 1.214674 0.033068
v 0.781897 1.214674 0.030192
v 0.781897 1.214674 0.033068
v 0.649625 0.957983 0.033068
v 0.781897 0.957983 0.033068
v 0.649625 1.214674 0.033068
vn -0.0000 -1.0000 -0.0000
vn 1.0000 -0.0000 -0.0000
vn -0.0000 -0.0000 1.0000
vn -1.0000 -0.0000 -0.0000
vn -0.0000 1.0000 -0.0000
vt -8.921240 -0.344488
vt -7.412054 -0.393701
vt -7.412054 -0.344488
vt -8.921240 -0.393701
vt 0.000000 10.930340
vt -0.377297 13.859119
vt -0.377297 10.930340
vt -0.344488 13.859119
vt -0.344488 14.199570
vt -0.344488 14.314179
vt -0.344488 14.639879
vt -0.344488 14.768390
vt -0.344488 15.080509
vt -0.344488 15.188940
vt -0.344488 15.507110
vt 0.065617 15.507110
vt 0.065617 10.930340
vt -0.393701 15.188940
vt -0.393701 15.080509
vt -0.393701 14.768390
vt -0.393701 14.639879
vt -0.393701 14.314179
vt -0.393701 14.199570
vt 8.921240 14.314179
vt 7.412054 14.199570
vt 8.921240 14.199570
vt 7.412054 14.314179
vt -0.065617 15.507110
vt 0.344488 15.188940
vt 0.344488 15.507110
vt 0.344488 15.080509
vt 0.344488 14.768390
vt 0.344488 14.639879
vt 0.344488 14.314179
vt 0.344488 14.199570
vt 0.344488 13.859119
vt -0.065617 10.930340
vt 0.377297 10.930340
vt 0.377297 13.859119
vt 0.393701 14.199570
vt 0.393701 14.314179
vt 0.393701 14.639879
vt 0.393701 14.768390
vt 0.393701 15.080509
vt 0.393701 15.188940
vt 8.921240 -0.344488
vt 7.412054 0.065617
vt 7.412054 -0.344488
vt 8.921240 0.065617
vt 8.921240 -0.393701
vt 7.412054 -0.393701
vt 8.921240 15.188940
vt 7.412054 15.080509
vt 8.921240 15.080509
vt 7.412054 15.188940
vt 8.921240 14.768390
vt 7.412054 14.639879
vt 8.921240 14.639879
vt 7.412054 14.768390
vt 8.921240 -0.377297
vt 7.412054 -0.377297
vt 8.921240 13.859119
vt 7.412054 10.930340
vt 8.921240 10.930340
vt 7.412054 13.859119
s 1
usemtl Wood_Floor_Parquet
f 4035/3480/730 4036/3481/730 4037/3482/730
f 4036/3481/730 4035/3480/730 4038/3483/730
f 4039/3484/731 4040/3485/731 4041/3486/731
f 4040/3485/731 4039/3484/731 4042/3487/731
f 4042/3487/731 4039/3484/731 4043/3488/731
f 4043/3488/731 4039/3484/731 4044/3489/731
f 4044/3489/731 4039/3484/731 4045/3490/731
f 4045/3490/731 4039/3484/731 4046/3491/731
f 4046/3491/731 4039/3484/731 4047/3492/731
f 4047/3492/731 4039/3484/731 4048/3493/731
f 4048/3493/731 4039/3484/731 4049/3494/731
f 4049/3494/731 4039/3484/731 4050/3495/731
f 4050/3495/731 4039/3484/731 4051/3496/731
f 4047/3492/731 4052/3497/731 4053/3498/731
f 4052/3497/731 4047/3492/731 4048/3493/731
f 4045/3490/731 4054/3499/731 4055/3500/731
f 4054/3499/731 4045/3490/731 4046/3491/731
f 4043/3488/731 4056/3501/731 4057/3502/731
f 4056/3501/731 4043/3488/731 4044/3489/731
f 4058/3503/732 4059/3504/732 4060/3505/732
f 4059/3504/732 4058/3503/732 4061/3506/732
f 4062/3507/733 4063/3508/733 4064/3509/733
f 4063/3508/733 4062/3507/733 4065/3510/733
f 4065/3510/733 4062/3507/733 4066/3511/733
f 4066/3511/733 4062/3507/733 4067/3512/733
f 4067/3512/733 4062/3507/733 4068/3513/733
f 4068/3513/733 4062/3507/733 4069/3514/733
f 4069/3514/733 4062/3507/733 4070/3515/733
f 4070/3515/733 4062/3507/733 4071/3484/733
f 4071/3484/733 4062/3507/733 4072/3516/733
f 4070/3515/733 4073/3517/733 4074/3518/733
f 4073/3517/733 4070/3515/733 4071/3484/733
f 4068/3513/733 4075/3519/733 4076/3520/733
f 4075/3519/733 4068/3513/733 4069/3514/733
f 4066/3511/733 4077/3521/733 4078/3522/733
f 4077/3521/733 4066/3511/733 4067/3512/733
f 4063/3508/733 4079/3523/733 4080/3524/733
f 4079/3523/733 4063/3508/733 4065/3510/733
f 4081/3525/734 4082/3526/734 4083/3527/734
f 4082/3526/734 4081/3525/734 4084/3528/734
f 4085/3529/734 4086/3527/734 4087/3530/734
f 4086/3527/734 4085/3529/734 4088/3525/734
f 4089/3531/732 4090/3532/732 4091/3533/732
f 4090/3532/732 4089/3531/732 4092/3534/732
f 4093/3480/730 4094/3481/730 4095/3482/730
f 4094/3481/730 4093/3480/730 4096/3483/730
f 4097/3529/734 4098/3527/734 4099/3530/734
f 4098/3527/734 4097/3529/734 4100/3525/734
f 4101/3535/732 4102/3536/732 4103/3537/732
f 4102/3536/732 4101/3535/732 4104/3538/732
f 4105/3480/730 4106/3481/730 4107/3482/730
f 4106/3481/730 4105/3480/730 4108/3483/730
f 4109/3529/734 4110/3527/734 4111/3530/734
f 4110/3527/734 4109/3529/734 4112/3525/734
f 4113/3539/734 4114/3527/734 4115/3540/734
f 4114/3527/734 4113/3539/734 4116/3525/734
f 4117/3541/732 4118/3542/732 4119/3543/732
f 4118/3542/732 4117/3541/732 4120/3544/732
o SketchUp.091
v 0.781897 1.244513 0.030192
v 0.649625 1.214674 0.030192
v 0.781897 1.214674 0.030192
v 0.649625 1.244513 0.030192
v 0.649625 1.244513 0.030192
v 0.781897 1.244513 0.030192
v 0.649625 1.214674 0.030192
v 0.781897 1.214674 0.030192
vn -0.0000 -0.0000 1.0000
vn -0.0000 -0.0000 -1.0000
s 1
usemtl Translucent_Glass_Blue
f 4121//735 4122//735 4123//735
f 4122//735 4121//735 4124//735
f 4125//736 4126//736 4127//736
f 4128//736 4127//736 4126//736
o SketchUp.092
v 0.781897 1.321723 0.030192
v 0.649625 1.294368 0.030192
v 0.781897 1.294368 0.030192
v 0.649625 1.321723 0.030192
v 0.649625 1.321723 0.030192
v 0.781897 1.321723 0.030192
v 0.649625 1.294368 0.030192
v 0.781897 1.294368 0.030192
vn -0.0000 -0.0000 1.0000
vn -0.0000 -0.0000 -1.0000
s 1
usemtl Translucent_Glass_Blue
f 4129//737 4130//737 4131//737
f 4130//737 4129//737 4132//737
f 4133//738 4134//738 4135//738
f 4136//738 4135//738 4134//738
o SketchUp.093
v 0.781897 1.283104 0.030192
v 0.649625 1.254558 0.030192
v 0.781897 1.254558 0.030192
v 0.649625 1.283104 0.030192
v 0.649625 1.283104 0.030192
v 0.781897 1.283104 0.030192
v 0.649625 1.254558 0.030192
v 0.781897 1.254558 0.030192
vn -0.0000 -0.0000 1.0000
vn -0.0000 -0.0000 -1.0000
s 1
usemtl Translucent_Glass_Blue
f 4137//739 4138//739 4139//739
f 4138//739 4137//739 4140//739
f 4141//740 4142//740 4143//740
f 4144//740 4143//740 4142//740
o SketchUp.094
v 0.781897 1.359112 0.030192
v 0.649625 1.331226 0.030192
v 0.781897 1.331226 0.030192
v 0.649625 1.359112 0.030192
v 0.649625 1.359112 0.030192
v 0.781897 1.359112 0.030192
v 0.649625 1.331226 0.030192
v 0.781897 1.331226 0.030192
vn -0.0000 -0.0000 1.0000
vn -0.0000 -0.0000 -1.0000
s 1
usemtl Translucent_Glass_Blue
f 4145//741 4146//741 4147//741
f 4146//741 4145//741 4148//741
f 4149//742 4150//742 4151//742
f 4152//742 4151//742 4150//742
o SketchUp.095
v 0.781897 0.957983 -0.000000
v 0.649625 0.957983 -0.005751
v 0.649625 0.957983 -0.000000
v 0.781897 0.957983 -0.005751
vn -0.0000 1.0000 -0.0000
vt 8.921240 0.000000
vt 7.412054 0.065617
vt 7.412054 0.000000
vt 8.921240 0.065617
s 1
usemtl Wood_Floor_Parquet
f 4153/3545/743 4154/3546/743 4155/3547/743
f 4154/3546/743 4153/3545/743 4156/3548/743
o SketchUp.096
v 1.431664 1.254558 0.021566
v 1.299393 1.244513 0.021566
v 1.431664 1.244513 0.021566
v 1.299393 1.254558 0.021566
v 1.299393 1.359112 -0.033068
v 1.299393 1.331226 0.017253
v 1.299393 1.359112 0.017253
v 1.299393 1.321723 0.017253
v 1.299393 1.294368 0.017253
v 1.299393 1.283104 0.017253
v 1.299393 1.254558 0.017253
v 1.299393 1.244513 0.017253
v 1.299393 1.214674 0.017253
v 1.299393 0.957983 -0.000000
v 1.299393 0.957983 -0.030192
v 1.299393 0.957983 -0.033068
v 1.299393 0.957983 0.021566
v 1.299393 1.214674 0.021566
v 1.299393 1.244513 0.021566
v 1.299393 1.254558 0.021566
v 1.299393 1.283104 0.023004
v 1.299393 1.294368 0.023004
v 1.299393 1.321723 0.024442
v 1.299393 1.331226 0.024442
v 1.431664 1.244513 0.017253
v 1.299393 1.244513 0.021566
v 1.299393 1.244513 0.017253
v 1.431664 1.244513 0.021566
v 1.431664 0.957983 -0.000000
v 1.431664 1.214674 0.021566
v 1.431664 0.957983 0.021566
v 1.431664 1.214674 0.017253
v 1.431664 1.244513 0.017253
v 1.431664 1.254558 0.017253
v 1.431664 1.283104 0.017253
v 1.431664 1.294368 0.017253
v 1.431664 1.321723 0.017253
v 1.431664 1.331226 0.017253
v 1.431664 1.359112 0.017253
v 1.431664 1.359112 -0.033068
v 1.431664 0.957983 -0.030192
v 1.431664 0.957983 -0.033068
v 1.431664 1.331226 0.024442
v 1.431664 1.321723 0.024442
v 1.431664 1.294368 0.023004
v 1.431664 1.283104 0.023004
v 1.431664 1.254558 0.021566
v 1.431664 1.244513 0.021566
v 1.431664 1.254558 0.021566
v 1.299393 1.254558 0.017253
v 1.299393 1.254558 0.021566
v 1.431664 1.254558 0.017253
v 1.431664 1.214674 0.021566
v 1.299393 0.957983 0.021566
v 1.431664 0.957983 0.021566
v 1.299393 1.214674 0.021566
v 1.431664 1.214674 0.021566
v 1.299393 1.214674 0.017253
v 1.299393 1.214674 0.021566
v 1.431664 1.214674 0.017253
v 1.431664 1.283104 0.017253
v 1.299393 1.283104 0.023004
v 1.299393 1.283104 0.017253
v 1.431664 1.283104 0.023004
v 1.431664 1.294368 0.023004
v 1.299393 1.283104 0.023004
v 1.431664 1.283104 0.023004
v 1.299393 1.294368 0.023004
v 1.431664 1.294368 0.023004
v 1.299393 1.294368 0.017253
v 1.299393 1.294368 0.023004
v 1.431664 1.294368 0.017253
v 1.431664 1.321723 0.017253
v 1.299393 1.321723 0.024442
v 1.299393 1.321723 0.017253
v 1.431664 1.321723 0.024442
v 1.431664 1.331226 0.024442
v 1.299393 1.321723 0.024442
v 1.431664 1.321723 0.024442
v 1.299393 1.331226 0.024442
v 1.431664 1.331226 0.024442
v 1.299393 1.331226 0.017253
v 1.299393 1.331226 0.024442
v 1.431664 1.331226 0.017253
v 1.431664 1.359112 0.017253
v 1.299393 1.359112 -0.033068
v 1.299393 1.359112 0.017253
v 1.431664 1.359112 -0.033068
vn -0.0000 -0.0000 1.0000
vn -1.0000 -0.0000 -0.0000
vn -0.0000 -1.0000 -0.0000
vn 1.0000 -0.0000 -0.0000
vn -0.0000 1.0000 -0.0000
vt 16.334919 14.314179
vt 14.825729 14.199570
vt 16.334919 14.199570
vt 14.825729 14.314179
vt -0.377297 15.507110
vt 0.196850 15.188940
vt 0.196850 15.507110
vt 0.196850 15.080509
vt 0.196850 14.768390
vt 0.196850 14.639879
vt 0.196850 14.314179
vt 0.196850 14.199570
vt 0.196850 13.859119
vt 0.000000 10.930340
vt -0.344488 10.930340
vt -0.377297 10.930340
vt 0.246063 10.930340
vt 0.246063 13.859119
vt 0.246063 14.199570
vt 0.246063 14.314179
vt 0.262467 14.639879
vt 0.262467 14.768390
vt 0.278871 15.080509
vt 0.278871 15.188940
vt -16.334919 -0.196850
vt -14.825729 -0.246063
vt -14.825729 -0.196850
vt -16.334919 -0.246063
vt -0.246063 13.859119
vt -0.246063 10.930340
vt -0.196850 13.859119
vt -0.196850 14.199570
vt -0.196850 14.314179
vt -0.196850 14.639879
vt -0.196850 14.768390
vt -0.196850 15.080509
vt -0.196850 15.188940
vt -0.196850 15.507110
vt 0.377297 15.507110
vt 0.344488 10.930340
vt 0.377297 10.930340
vt -0.278871 15.188940
vt -0.278871 15.080509
vt -0.262467 14.768390
vt -0.262467 14.639879
vt -0.246063 14.314179
vt -0.246063 14.199570
vt 16.334919 -0.246063
vt 14.825729 -0.196850
vt 14.825729 -0.246063
vt 16.334919 -0.196850
vt 16.334919 13.859119
vt 14.825729 10.930340
vt 16.334919 10.930340
vt 14.825729 13.859119
vt -14.825729 -0.262467
vt -16.334919 -0.262467
vt 16.334919 14.768390
vt 14.825729 14.639879
vt 16.334919 14.639879
vt 14.825729 14.768390
vt 16.334919 -0.262467
vt 14.825729 -0.262467
vt -14.825729 -0.278871
vt -16.334919 -0.278871
vt 16.334919 15.188940
vt 14.825729 15.080509
vt 16.334919 15.080509
vt 14.825729 15.188940
vt 16.334919 -0.278871
vt 14.825729 -0.278871
vt 14.825729 0.377297
vt 16.334919 0.377297
s 1
usemtl Wood_Floor_Parquet
f 4157/3549/744 4158/3550/744 4159/3551/744
f 4158/3550/744 4157/3549/744 4160/3552/744
f 4161/3553/745 4162/3554/745 4163/3555/745
f 4162/3554/745 4161/3553/745 4164/3556/745
f 4164/3556/745 4161/3553/745 4165/3557/745
f 4165/3557/745 4161/3553/745 4166/3558/745
f 4166/3558/745 4161/3553/745 4167/3559/745
f 4167/3559/745 4161/3553/745 4168/3560/745
f 4168/3560/745 4161/3553/745 4169/3561/745
f 4169/3561/745 4161/3553/745 4170/3562/745
f 4170/3562/745 4161/3553/745 4171/3563/745
f 4171/3563/745 4161/3553/745 4172/3564/745
f 4169/3561/745 4173/3565/745 4174/3566/745
f 4173/3565/745 4169/3561/745 4170/3562/745
f 4167/3559/745 4175/3567/745 4176/3568/745
f 4175/3567/745 4167/3559/745 4168/3560/745
f 4165/3557/745 4177/3569/745 4178/3570/745
f 4177/3569/745 4165/3557/745 4166/3558/745
f 4162/3554/745 4179/3571/745 4180/3572/745
f 4179/3571/745 4162/3554/745 4164/3556/745
f 4181/3573/746 4182/3574/746 4183/3575/746
f 4182/3574/746 4181/3573/746 4184/3576/746
f 4185/3562/747 4186/3577/747 4187/3578/747
f 4186/3577/747 4185/3562/747 4188/3579/747
f 4188/3579/747 4185/3562/747 4189/3580/747
f 4189/3580/747 4185/3562/747 4190/3581/747
f 4190/3581/747 4185/3562/747 4191/3582/747
f 4191/3582/747 4185/3562/747 4192/3583/747
f 4192/3583/747 4185/3562/747 4193/3584/747
f 4193/3584/747 4185/3562/747 4194/3585/747
f 4194/3585/747 4185/3562/747 4195/3586/747
f 4195/3586/747 4185/3562/747 4196/3587/747
f 4196/3587/747 4185/3562/747 4197/3588/747
f 4196/3587/747 4197/3588/747 4198/3589/747
f 4193/3584/747 4199/3590/747 4200/3591/747
f 4199/3590/747 4193/3584/747 4194/3585/747
f 4191/3582/747 4201/3592/747 4202/3593/747
f 4201/3592/747 4191/3582/747 4192/3583/747
f 4189/3580/747 4203/3594/747 4204/3595/747
f 4203/3594/747 4189/3580/747 4190/3581/747
f 4205/3596/748 4206/3597/748 4207/3598/748
f 4206/3597/748 4205/3596/748 4208/3599/748
f 4209/3600/744 4210/3601/744 4211/3602/744
f 4210/3601/744 4209/3600/744 4212/3603/744
f 4213/3596/748 4214/3597/748 4215/3598/748
f 4214/3597/748 4213/3596/748 4216/3599/748
f 4217/3573/746 4218/3604/746 4219/3575/746
f 4218/3604/746 4217/3573/746 4220/3605/746
f 4221/3606/744 4222/3607/744 4223/3608/744
f 4222/3607/744 4221/3606/744 4224/3609/744
f 4225/3610/748 4226/3597/748 4227/3611/748
f 4226/3597/748 4225/3610/748 4228/3599/748
f 4229/3573/746 4230/3612/746 4231/3575/746
f 4230/3612/746 4229/3573/746 4232/3613/746
f 4233/3614/744 4234/3615/744 4235/3616/744
f 4234/3615/744 4233/3614/744 4236/3617/744
f 4237/3618/748 4238/3597/748 4239/3619/748
f 4238/3597/748 4237/3618/748 4240/3599/748
f 4241/3599/748 4242/3620/748 4243/3597/748
f 4242/3620/748 4241/3599/748 4244/3621/748
o SketchUp.097
v 1.431664 1.283104 0.017253
v 1.299393 1.254558 0.017253
v 1.431664 1.254558 0.017253
v 1.299393 1.283104 0.017253
v 1.299393 1.283104 0.017253
v 1.431664 1.283104 0.017253
v 1.299393 1.254558 0.017253
v 1.431664 1.254558 0.017253
vn -0.0000 -0.0000 1.0000
vn -0.0000 -0.0000 -1.0000
s 1
usemtl Translucent_Glass_Blue
f 4245//749 4246//749 4247//749
f 4246//749 4245//749 4248//749
f 4249//750 4250//750 4251//750
f 4252//750 4251//750 4250//750
o SketchUp.098
v 1.195163 1.359112 0.020128
v 1.062891 1.359112 -0.030192
v 1.062891 1.359112 0.020128
v 1.195163 1.359112 -0.030192
v 1.195163 0.957983 -0.000000
v 1.195163 1.214674 0.024442
v 1.195163 0.957983 0.024442
v 1.195163 1.214674 0.020128
v 1.195163 1.244513 0.020128
v 1.195163 1.254558 0.020128
v 1.195163 1.283104 0.020128
v 1.195163 1.294368 0.020128
v 1.195163 1.321723 0.020128
v 1.195163 1.331226 0.020128
v 1.195163 1.359112 0.020128
v 1.195163 1.359112 -0.030192
v 1.195163 0.957983 -0.030192
v 1.195163 1.331226 0.027317
v 1.195163 1.321723 0.027317
v 1.195163 1.294368 0.025879
v 1.195163 1.283104 0.025879
v 1.195163 1.254558 0.024442
v 1.195163 1.244513 0.024442
v 1.195163 1.331226 0.027317
v 1.062891 1.331226 0.020128
v 1.062891 1.331226 0.027317
v 1.195163 1.331226 0.020128
v 1.195163 1.331226 0.027317
v 1.062891 1.321723 0.027317
v 1.195163 1.321723 0.027317
v 1.062891 1.331226 0.027317
v 1.195163 1.321723 0.020128
v 1.062891 1.321723 0.027317
v 1.062891 1.321723 0.020128
v 1.195163 1.321723 0.027317
v 1.195163 1.294368 0.025879
v 1.062891 1.294368 0.020128
v 1.062891 1.294368 0.025879
v 1.195163 1.294368 0.020128
v 1.195163 1.294368 0.025879
v 1.062891 1.283104 0.025879
v 1.195163 1.283104 0.025879
v 1.062891 1.294368 0.025879
v 1.195163 1.283104 0.020128
v 1.062891 1.283104 0.025879
v 1.062891 1.283104 0.020128
v 1.195163 1.283104 0.025879
v 1.195163 1.254558 0.024442
v 1.062891 1.254558 0.020128
v 1.062891 1.254558 0.024442
v 1.195163 1.254558 0.020128
v 1.195163 1.254558 0.024442
v 1.062891 1.244513 0.024442
v 1.195163 1.244513 0.024442
v 1.062891 1.254558 0.024442
v 1.195163 1.244513 0.020128
v 1.062891 1.244513 0.024442
v 1.062891 1.244513 0.020128
v 1.195163 1.244513 0.024442
v 1.195163 1.214674 0.024442
v 1.062891 1.214674 0.020128
v 1.062891 1.214674 0.024442
v 1.195163 1.214674 0.020128
v 1.195163 1.214674 0.024442
v 1.062891 0.957983 0.024442
v 1.195163 0.957983 0.024442
v 1.062891 1.214674 0.024442
vn -0.0000 1.0000 -0.0000
vn 1.0000 -0.0000 -0.0000
vn -0.0000 -0.0000 1.0000
vn -0.0000 -1.0000 -0.0000
vt 13.636490 -0.229659
vt 12.127310 0.344488
vt 12.127310 -0.229659
vt 13.636490 0.344488
vt 0.000000 10.930340
vt -0.278871 13.859119
vt -0.278871 10.930340
vt -0.229659 13.859119
vt -0.229659 14.199570
vt -0.229659 14.314179
vt -0.229659 14.639879
vt -0.229659 14.768390
vt -0.229659 15.080509
vt -0.229659 15.188940
vt -0.229659 15.507110
vt 0.344488 15.507110
vt 0.344488 10.930340
vt -0.311680 15.188940
vt -0.311680 15.080509
vt -0.295276 14.768390
vt -0.295276 14.639879
vt -0.278871 14.314179
vt -0.278871 14.199570
vt 13.636490 -0.311680
vt 12.127310 -0.311680
vt 13.636490 15.188940
vt 12.127310 15.080509
vt 13.636490 15.080509
vt 12.127310 15.188940
vt -13.636490 -0.229659
vt -12.127310 -0.311680
vt -12.127310 -0.229659
vt -13.636490 -0.311680
vt 13.636490 -0.295276
vt 12.127310 -0.295276
vt 13.636490 14.768390
vt 12.127310 14.639879
vt 13.636490 14.639879
vt 12.127310 14.768390
vt -12.127310 -0.295276
vt -13.636490 -0.295276
vt 13.636490 -0.278871
vt 12.127310 -0.278871
vt 13.636490 14.314179
vt 12.127310 14.199570
vt 13.636490 14.199570
vt 12.127310 14.314179
vt -12.127310 -0.278871
vt -13.636490 -0.278871
vt 13.636490 13.859119
vt 12.127310 10.930340
vt 13.636490 10.930340
vt 12.127310 13.859119
s 1
usemtl Wood_Floor_Parquet
f 4253/3622/751 4254/3623/751 4255/3624/751
f 4254/3623/751 4253/3622/751 4256/3625/751
f 4257/3626/752 4258/3627/752 4259/3628/752
f 4258/3627/752 4257/3626/752 4260/3629/752
f 4260/3629/752 4257/3626/752 4261/3630/752
f 4261/3630/752 4257/3626/752 4262/3631/752
f 4262/3631/752 4257/3626/752 4263/3632/752
f 4263/3632/752 4257/3626/752 4264/3633/752
f 4264/3633/752 4257/3626/752 4265/3634/752
f 4265/3634/752 4257/3626/752 4266/3635/752
f 4266/3635/752 4257/3626/752 4267/3636/752
f 4267/3636/752 4257/3626/752 4268/3637/752
f 4268/3637/752 4257/3626/752 4269/3638/752
f 4265/3634/752 4270/3639/752 4271/3640/752
f 4270/3639/752 4265/3634/752 4266/3635/752
f 4263/3632/752 4272/3641/752 4273/3642/752
f 4272/3641/752 4263/3632/752 4264/3633/752
f 4261/3630/752 4274/3643/752 4275/3644/752
f 4274/3643/752 4261/3630/752 4262/3631/752
f 4276/3645/751 4277/3624/751 4278/3646/751
f 4277/3624/751 4276/3645/751 4279/3622/751
f 4280/3647/753 4281/3648/753 4282/3649/753
f 4281/3648/753 4280/3647/753 4283/3650/753
f 4284/3651/754 4285/3652/754 4286/3653/754
f 4285/3652/754 4284/3651/754 4287/3654/754
f 4288/3655/751 4289/3624/751 4290/3656/751
f 4289/3624/751 4288/3655/751 4291/3622/751
f 4292/3657/753 4293/3658/753 4294/3659/753
f 4293/3658/753 4292/3657/753 4295/3660/753
f 4296/3651/754 4297/3661/754 4298/3653/754
f 4297/3661/754 4296/3651/754 4299/3662/754
f 4300/3663/751 4301/3624/751 4302/3664/751
f 4301/3624/751 4300/3663/751 4303/3622/751
f 4304/3665/753 4305/3666/753 4306/3667/753
f 4305/3666/753 4304/3665/753 4307/3668/753
f 4308/3651/754 4309/3669/754 4310/3653/754
f 4309/3669/754 4308/3651/754 4311/3670/754
f 4312/3663/751 4313/3624/751 4314/3664/751
f 4313/3624/751 4312/3663/751 4315/3622/751
f 4316/3671/753 4317/3672/753 4318/3673/753
f 4317/3672/753 4316/3671/753 4319/3674/753
o SketchUp.099
v 1.431664 1.321723 0.017253
v 1.299393 1.294368 0.017253
v 1.431664 1.294368 0.017253
v 1.299393 1.321723 0.017253
v 1.299393 1.321723 0.017253
v 1.431664 1.321723 0.017253
v 1.299393 1.294368 0.017253
v 1.431664 1.294368 0.017253
vn -0.0000 -0.0000 1.0000
vn -0.0000 -0.0000 -1.0000
s 1
usemtl Translucent_Glass_Blue
f 4320//755 4321//755 4322//755
f 4321//755 4320//755 4323//755
f 4324//756 4325//756 4326//756
f 4327//756 4326//756 4325//756
o SketchUp.100
v 1.651829 1.283104 0.014377
v 1.519557 1.283104 0.020128
v 1.519557 1.283104 0.014377
v 1.651829 1.283104 0.020128
v 1.651829 0.957983 -0.030192
v 1.651829 1.214674 0.018691
v 1.651829 0.957983 0.018691
v 1.651829 1.214674 0.014377
v 1.651829 1.244513 0.014377
v 1.651829 1.254558 0.014377
v 1.651829 1.283104 0.014377
v 1.651829 1.294368 0.014377
v 1.651829 1.321723 0.014377
v 1.651829 1.331226 0.014377
v 1.651829 1.359112 0.014377
v 1.651829 1.359112 -0.035943
v 1.651829 0.957983 -0.035943
v 1.651829 1.331226 0.021566
v 1.651829 1.321723 0.021566
v 1.651829 1.294368 0.020128
v 1.651829 1.283104 0.020128
v 1.651829 1.254558 0.018691
v 1.651829 1.244513 0.018691
v 1.651829 1.294368 0.020128
v 1.519557 1.283104 0.020128
v 1.651829 1.283104 0.020128
v 1.519557 1.294368 0.020128
v 1.519557 1.359112 -0.035943
v 1.519557 1.331226 0.014377
v 1.519557 1.359112 0.014377
v 1.519557 1.321723 0.014377
v 1.519557 1.294368 0.014377
v 1.519557 1.283104 0.014377
v 1.519557 1.254558 0.014377
v 1.519557 1.244513 0.014377
v 1.519557 1.214674 0.014377
v 1.519557 0.957983 -0.000000
v 1.519557 0.957983 -0.030192
v 1.519557 0.957983 -0.035943
v 1.519557 0.957983 0.018691
v 1.519557 1.214674 0.018691
v 1.519557 1.244513 0.018691
v 1.519557 1.254558 0.018691
v 1.519557 1.283104 0.020128
v 1.519557 1.294368 0.020128
v 1.519557 1.321723 0.021566
v 1.519557 1.331226 0.021566
v 1.651829 1.359112 0.014377
v 1.519557 1.359112 -0.035943
v 1.519557 1.359112 0.014377
v 1.651829 1.359112 -0.035943
v 1.651829 1.331226 0.021566
v 1.519557 1.331226 0.014377
v 1.519557 1.331226 0.021566
v 1.651829 1.331226 0.014377
v 1.651829 1.331226 0.021566
v 1.519557 1.321723 0.021566
v 1.651829 1.321723 0.021566
v 1.519557 1.331226 0.021566
v 1.651829 1.321723 0.014377
v 1.519557 1.321723 0.021566
v 1.519557 1.321723 0.014377
v 1.651829 1.321723 0.021566
v 1.651829 1.294368 0.020128
v 1.519557 1.294368 0.014377
v 1.519557 1.294368 0.020128
v 1.651829 1.294368 0.014377
v 1.651829 1.254558 0.018691
v 1.519557 1.254558 0.014377
v 1.519557 1.254558 0.018691
v 1.651829 1.254558 0.014377
v 1.651829 1.254558 0.018691
v 1.519557 1.244513 0.018691
v 1.651829 1.244513 0.018691
v 1.519557 1.254558 0.018691
v 1.651829 1.244513 0.014377
v 1.519557 1.244513 0.018691
v 1.519557 1.244513 0.014377
v 1.651829 1.244513 0.018691
v 1.651829 1.214674 0.018691
v 1.519557 1.214674 0.014377
v 1.519557 1.214674 0.018691
v 1.651829 1.214674 0.014377
v 1.651829 1.214674 0.018691
v 1.651107 0.957983 0.018691
v 1.651829 0.957983 0.018691
v 1.519557 0.957983 0.018691
v 1.519557 1.214674 0.018691
vn -0.0000 -1.0000 -0.0000
vn 1.0000 -0.0000 -0.0000
vn -0.0000 -0.0000 1.0000
vn -1.0000 -0.0000 -0.0000
vn -0.0000 1.0000 -0.0000
vt -18.846930 -0.164042
vt -17.337749 -0.229659
vt -17.337749 -0.164042
vt -18.846930 -0.229659
vt 0.344488 10.930340
vt -0.213255 13.859119
vt -0.213255 10.930340
vt -0.164042 13.859119
vt -0.164042 14.199570
vt -0.164042 14.314179
vt -0.164042 14.639879
vt -0.164042 14.768390
vt -0.164042 15.080509
vt -0.164042 15.188940
vt -0.164042 15.507110
vt 0.410105 15.507110
vt 0.410105 10.930340
vt -0.246063 15.188940
vt -0.246063 15.080509
vt -0.229659 14.768390
vt -0.229659 14.639879
vt -0.213255 14.314179
vt -0.213255 14.199570
vt 18.846930 14.768390
vt 17.337749 14.639879
vt 18.846930 14.639879
vt 17.337749 14.768390
vt -0.410105 15.507110
vt 0.164042 15.188940
vt 0.164042 15.507110
vt 0.164042 15.080509
vt 0.164042 14.768390
vt 0.164042 14.639879
vt 0.164042 14.314179
vt 0.164042 14.199570
vt 0.164042 13.859119
vt -0.000000 10.930340
vt -0.344488 10.930340
vt -0.410105 10.930340
vt 0.213255 10.930340
vt 0.213255 13.859119
vt 0.213255 14.199570
vt 0.213255 14.314179
vt 0.229659 14.639879
vt 0.229659 14.768390
vt 0.246063 15.080509
vt 0.246063 15.188940
vt 18.846930 -0.164042
vt 17.337749 0.410105
vt 17.337749 -0.164042
vt 18.846930 0.410105
vt 18.846930 -0.246063
vt 17.337749 -0.246063
vt 18.846930 15.188940
vt 17.337749 15.080509
vt 18.846930 15.080509
vt 17.337749 15.188940
vt -17.337749 -0.246063
vt -18.846930 -0.246063
vt 18.846930 -0.229659
vt 17.337749 -0.229659
vt 18.846930 -0.213255
vt 17.337749 -0.213255
vt 18.846930 14.314179
vt 17.337749 14.199570
vt 18.846930 14.199570
vt 17.337749 14.314179
vt -17.337749 -0.213255
vt -18.846930 -0.213255
vt 18.846930 13.859119
vt 18.838699 10.930340
vt 18.846930 10.930340
vt 17.337749 10.930340
vt 17.337749 13.859119
s 1
usemtl Wood_Floor_Parquet
f 4328/3675/757 4329/3676/757 4330/3677/757
f 4329/3676/757 4328/3675/757 4331/3678/757
f 4332/3679/758 4333/3680/758 4334/3681/758
f 4333/3680/758 4332/3679/758 4335/3682/758
f 4335/3682/758 4332/3679/758 4336/3683/758
f 4336/3683/758 4332/3679/758 4337/3684/758
f 4337/3684/758 4332/3679/758 4338/3685/758
f 4338/3685/758 4332/3679/758 4339/3686/758
f 4339/3686/758 4332/3679/758 4340/3687/758
f 4340/3687/758 4332/3679/758 4341/3688/758
f 4341/3688/758 4332/3679/758 4342/3689/758
f 4342/3689/758 4332/3679/758 4343/3690/758
f 4343/3690/758 4332/3679/758 4344/3691/758
f 4340/3687/758 4345/3692/758 4346/3693/758
f 4345/3692/758 4340/3687/758 4341/3688/758
f 4338/3685/758 4347/3694/758 4348/3695/758
f 4347/3694/758 4338/3685/758 4339/3686/758
f 4336/3683/758 4349/3696/758 4350/3697/758
f 4349/3696/758 4336/3683/758 4337/3684/758
f 4351/3698/759 4352/3699/759 4353/3700/759
f 4352/3699/759 4351/3698/759 4354/3701/759
f 4355/3702/760 4356/3703/760 4357/3704/760
f 4356/3703/760 4355/3702/760 4358/3705/760
f 4358/3705/760 4355/3702/760 4359/3706/760
f 4359/3706/760 4355/3702/760 4360/3707/760
f 4360/3707/760 4355/3702/760 4361/3708/760
f 4361/3708/760 4355/3702/760 4362/3709/760
f 4362/3709/760 4355/3702/760 4363/3710/760
f 4363/3710/760 4355/3702/760 4364/3711/760
f 4364/3711/760 4355/3702/760 4365/3712/760
f 4365/3712/760 4355/3702/760 4366/3713/760
f 4363/3710/760 4367/3714/760 4368/3715/760
f 4367/3714/760 4363/3710/760 4364/3711/760
f 4361/3708/760 4369/3716/760 4370/3717/760
f 4369/3716/760 4361/3708/760 4362/3709/760
f 4359/3706/760 4371/3718/760 4372/3719/760
f 4371/3718/760 4359/3706/760 4360/3707/760
f 4356/3703/760 4373/3720/760 4374/3721/760
f 4373/3720/760 4356/3703/760 4358/3705/760
f 4375/3722/761 4376/3723/761 4377/3724/761
f 4376/3723/761 4375/3722/761 4378/3725/761
f 4379/3726/761 4380/3724/761 4381/3727/761
f 4380/3724/761 4379/3726/761 4382/3722/761
f 4383/3728/759 4384/3729/759 4385/3730/759
f 4384/3729/759 4383/3728/759 4386/3731/759
f 4387/3675/757 4388/3732/757 4389/3677/757
f 4388/3732/757 4387/3675/757 4390/3733/757
f 4391/3734/761 4392/3724/761 4393/3735/761
f 4392/3724/761 4391/3734/761 4394/3722/761
f 4395/3736/761 4396/3724/761 4397/3737/761
f 4396/3724/761 4395/3736/761 4398/3722/761
f 4399/3738/759 4400/3739/759 4401/3740/759
f 4400/3739/759 4399/3738/759 4402/3741/759
f 4403/3675/757 4404/3742/757 4405/3677/757
f 4404/3742/757 4403/3675/757 4406/3743/757
f 4407/3736/761 4408/3724/761 4409/3737/761
f 4408/3724/761 4407/3736/761 4410/3722/761
f 4411/3744/759 4412/3745/759 4413/3746/759
f 4412/3745/759 4411/3744/759 4414/3747/759
f 4414/3747/759 4411/3744/759 4415/3748/759
o SketchUp.101
v 1.431664 1.359112 0.017253
v 1.299393 1.331226 0.017253
v 1.431664 1.331226 0.017253
v 1.299393 1.359112 0.017253
v 1.299393 1.359112 0.017253
v 1.431664 1.359112 0.017253
v 1.299393 1.331226 0.017253
v 1.431664 1.331226 0.017253
vn -0.0000 -0.0000 1.0000
vn -0.0000 -0.0000 -1.0000
s 1
usemtl Translucent_Glass_Blue
f 4416//762 4417//762 4418//762
f 4417//762 4416//762 4419//762
f 4420//763 4421//763 4422//763
f 4423//763 4422//763 4421//763
o SketchUp.102
v 1.431664 1.244513 0.017253
v 1.299393 1.214674 0.017253
v 1.431664 1.214674 0.017253
v 1.299393 1.244513 0.017253
v 1.299393 1.244513 0.017253
v 1.431664 1.244513 0.017253
v 1.299393 1.214674 0.017253
v 1.431664 1.214674 0.017253
vn -0.0000 -0.0000 1.0000
vn -0.0000 -0.0000 -1.0000
s 1
usemtl Translucent_Glass_Blue
f 4424//764 4425//764 4426//764
f 4425//764 4424//764 4427//764
f 4428//765 4429//765 4430//765
f 4431//765 4430//765 4429//765
o SketchUp.103
v 1.195163 1.321723 0.020128
v 1.062891 1.294368 0.020128
v 1.195163 1.294368 0.020128
v 1.062891 1.321723 0.020128
v 1.062891 1.321723 0.020128
v 1.195163 1.321723 0.020128
v 1.062891 1.294368 0.020128
v 1.195163 1.294368 0.020128
vn -0.0000 -0.0000 1.0000
vn -0.0000 -0.0000 -1.0000
s 1
usemtl Translucent_Glass_Blue
f 4432//766 4433//766 4434//766
f 4433//766 4432//766 4435//766
f 4436//767 4437//767 4438//767
f 4439//767 4438//767 4437//767
o SketchUp.104
v 1.651829 1.244513 0.014377
v 1.519557 1.214674 0.014377
v 1.651829 1.214674 0.014377
v 1.519557 1.244513 0.014377
v 1.519557 1.244513 0.014377
v 1.651829 1.244513 0.014377
v 1.519557 1.214674 0.014377
v 1.651829 1.214674 0.014377
vn -0.0000 -0.0000 1.0000
vn -0.0000 -0.0000 -1.0000
s 1
usemtl Translucent_Glass_Blue
f 4440//768 4441//768 4442//768
f 4441//768 4440//768 4443//768
f 4444//769 4445//769 4446//769
f 4447//769 4446//769 4445//769
o SketchUp.105
v 1.651829 1.321723 0.014377
v 1.519557 1.294368 0.014377
v 1.651829 1.294368 0.014377
v 1.519557 1.321723 0.014377
v 1.519557 1.321723 0.014377
v 1.651829 1.321723 0.014377
v 1.519557 1.294368 0.014377
v 1.651829 1.294368 0.014377
vn -0.0000 -0.0000 1.0000
vn -0.0000 -0.0000 -1.0000
s 1
usemtl Translucent_Glass_Blue
f 4448//770 4449//770 4450//770
f 4449//770 4448//770 4451//770
f 4452//771 4453//771 4454//771
f 4455//771 4454//771 4453//771
o SketchUp.106
v 1.651829 1.283104 0.014377
v 1.519557 1.254558 0.014377
v 1.651829 1.254558 0.014377
v 1.519557 1.283104 0.014377
v 1.519557 1.283104 0.014377
v 1.651829 1.283104 0.014377
v 1.519557 1.254558 0.014377
v 1.651829 1.254558 0.014377
vn -0.0000 -0.0000 1.0000
vn -0.0000 -0.0000 -1.0000
s 1
usemtl Translucent_Glass_Blue
f 4456//772 4457//772 4458//772
f 4457//772 4456//772 4459//772
f 4460//773 4461//773 4462//773
f 4463//773 4462//773 4461//773
o SketchUp.107
v 1.651829 1.359112 0.014377
v 1.519557 1.331226 0.014377
v 1.651829 1.331226 0.014377
v 1.519557 1.359112 0.014377
v 1.519557 1.359112 0.014377
v 1.651829 1.359112 0.014377
v 1.519557 1.331226 0.014377
v 1.651829 1.331226 0.014377
vn -0.0000 -0.0000 1.0000
vn -0.0000 -0.0000 -1.0000
s 1
usemtl Translucent_Glass_Blue
f 4464//774 4465//774 4466//774
f 4465//774 4464//774 4467//774
f 4468//775 4469//775 4470//775
f 4471//775 4470//775 4469//775
o SketchUp.108
v 1.195163 1.283104 0.020128
v 1.062891 1.254558 0.020128
v 1.195163 1.254558 0.020128
v 1.062891 1.283104 0.020128
v 1.062891 1.283104 0.020128
v 1.195163 1.283104 0.020128
v 1.062891 1.254558 0.020128
v 1.195163 1.254558 0.020128
vn -0.0000 -0.0000 1.0000
vn -0.0000 -0.0000 -1.0000
s 1
usemtl Translucent_Glass_Blue
f 4472//776 4473//776 4474//776
f 4473//776 4472//776 4475//776
f 4476//777 4477//777 4478//777
f 4479//777 4478//777 4477//777
o SketchUp.109
v 1.195163 1.244513 0.020128
v 1.062891 1.214674 0.020128
v 1.195163 1.214674 0.020128
v 1.062891 1.244513 0.020128
v 1.062891 1.244513 0.020128
v 1.195163 1.244513 0.020128
v 1.062891 1.214674 0.020128
v 1.195163 1.214674 0.020128
vn -0.0000 -0.0000 1.0000
vn -0.0000 -0.0000 -1.0000
s 1
usemtl Translucent_Glass_Blue
f 4480//778 4481//778 4482//778
f 4481//778 4480//778 4483//778
f 4484//779 4485//779 4486//779
f 4487//779 4486//779 4485//779
o SketchUp.110
v 1.195163 1.359112 0.020128
v 1.062891 1.331226 0.020128
v 1.195163 1.331226 0.020128
v 1.062891 1.359112 0.020128
v 1.062891 1.359112 0.020128
v 1.195163 1.359112 0.020128
v 1.062891 1.331226 0.020128
v 1.195163 1.331226 0.020128
vn -0.0000 -0.0000 1.0000
vn -0.0000 -0.0000 -1.0000
s 1
usemtl Translucent_Glass_Blue
f 4488//780 4489//780 4490//780
f 4489//780 4488//780 4491//780
f 4492//781 4493//781 4494//781
f 4495//781 4494//781 4493//781
o SketchUp.111
v 1.431664 0.957983 0.021566
v 1.299393 0.957983 -0.000000
v 1.299393 0.957983 0.021566
v 1.431664 0.957983 -0.000000
vn -0.0000 1.0000 -0.0000
vt 16.334919 -0.246063
vt 14.825729 -0.000000
vt 14.825729 -0.246063
vt 16.334919 -0.000000
s 1
usemtl Wood_Floor_Parquet
f 4496/3749/782 4497/3750/782 4498/3751/782
f 4497/3750/782 4496/3749/782 4499/3752/782
o SketchUp.112
v 2.475833 1.327474 0.006983
v 2.343562 1.327474 0.014172
v 2.343562 1.327474 0.006983
v 2.475833 1.327474 0.014172
v 2.475833 0.963735 -0.000000
v 2.475833 1.220425 0.011297
v 2.475833 0.963735 0.011297
v 2.475833 1.220425 0.006983
v 2.475833 1.250264 0.006983
v 2.475833 1.260309 0.006983
v 2.475833 1.288855 0.006983
v 2.475833 1.300118 0.006983
v 2.475833 1.327474 0.006983
v 2.475833 1.336977 0.006983
v 2.475833 1.364863 0.006983
v 2.475833 1.364863 -0.043337
v 2.475833 0.963735 -0.037586
v 2.475833 0.963735 -0.043337
v 2.475833 1.336977 0.014172
v 2.475833 1.327474 0.014172
v 2.475833 1.300118 0.012734
v 2.475833 1.288855 0.012734
v 2.475833 1.260309 0.011297
v 2.475833 1.250264 0.011297
v 2.475833 1.336977 0.014172
v 2.343562 1.327474 0.014172
v 2.475833 1.327474 0.014172
v 2.343562 1.336977 0.014172
v 2.343562 1.364863 -0.043337
v 2.343562 1.336977 0.006983
v 2.343562 1.364863 0.006983
v 2.343562 1.327474 0.006983
v 2.343562 1.300118 0.006983
v 2.343562 1.288855 0.006983
v 2.343562 1.260309 0.006983
v 2.343562 1.250264 0.006983
v 2.343562 1.220425 0.006983
v 2.343562 0.963735 -0.000000
v 2.343562 0.963735 -0.037586
v 2.343562 0.963735 -0.043337
v 2.343562 0.963735 0.011297
v 2.343562 1.220425 0.011297
v 2.343562 1.250264 0.011297
v 2.343562 1.260309 0.011297
v 2.343562 1.288855 0.012734
v 2.343562 1.300118 0.012734
v 2.343562 1.327474 0.014172
v 2.343562 1.336977 0.014172
v 2.475833 1.364863 0.006983
v 2.343562 1.364863 -0.043337
v 2.343562 1.364863 0.006983
v 2.475833 1.364863 -0.043337
v 2.475833 1.336977 0.014172
v 2.343562 1.336977 0.006983
v 2.343562 1.336977 0.014172
v 2.475833 1.336977 0.006983
v 2.475833 1.300118 0.012734
v 2.343562 1.300118 0.006983
v 2.343562 1.300118 0.012734
v 2.475833 1.300118 0.006983
v 2.475833 1.300118 0.012734
v 2.343562 1.288855 0.012734
v 2.475833 1.288855 0.012734
v 2.343562 1.300118 0.012734
v 2.475833 1.288855 0.006983
v 2.343562 1.288855 0.012734
v 2.343562 1.288855 0.006983
v 2.475833 1.288855 0.012734
v 2.475833 1.260309 0.011297
v 2.343562 1.260309 0.006983
v 2.343562 1.260309 0.011297
v 2.475833 1.260309 0.006983
v 2.475833 1.260309 0.011297
v 2.343562 1.250264 0.011297
v 2.475833 1.250264 0.011297
v 2.343562 1.260309 0.011297
v 2.475833 1.250264 0.006983
v 2.343562 1.250264 0.011297
v 2.343562 1.250264 0.006983
v 2.475833 1.250264 0.011297
v 2.475833 1.220425 0.011297
v 2.343562 1.220425 0.006983
v 2.343562 1.220425 0.011297
v 2.475833 1.220425 0.006983
v 2.475833 1.220425 0.011297
v 2.343562 0.963735 0.011297
v 2.475833 0.963735 0.011297
v 2.343562 1.220425 0.011297
vn -0.0000 -1.0000 -0.0000
vn 1.0000 -0.0000 -0.0000
vn -0.0000 -0.0000 1.0000
vn -1.0000 -0.0000 -0.0000
vn -0.0000 1.0000 -0.0000
vt -28.248610 -0.079679
vt -26.739429 -0.161700
vt -26.739429 -0.079679
vt -28.248610 -0.161700
vt -0.000000 10.995959
vt -0.128891 13.924729
vt -0.128891 10.995959
vt -0.079679 13.924729
vt -0.079679 14.265189
vt -0.079679 14.379800
vt -0.079679 14.705500
vt -0.079679 14.834009
vt -0.079679 15.146130
vt -0.079679 15.254560
vt -0.079679 15.572730
vt 0.494468 15.572730
vt 0.428852 10.995959
vt 0.494468 10.995959
vt -0.161700 15.254560
vt -0.161700 15.146130
vt -0.145296 14.834009
vt -0.145296 14.705500
vt -0.128891 14.379800
vt -0.128891 14.265189
vt 28.248610 15.254560
vt 26.739429 15.146130
vt 28.248610 15.146130
vt 26.739429 15.254560
vt -0.494468 15.572730
vt 0.079679 15.254560
vt 0.079679 15.572730
vt 0.079679 15.146130
vt 0.079679 14.834009
vt 0.079679 14.705500
vt 0.079679 14.379800
vt 0.079679 14.265189
vt 0.079679 13.924729
vt -0.428852 10.995959
vt -0.494468 10.995959
vt 0.128891 10.995959
vt 0.128891 13.924729
vt 0.128891 14.265189
vt 0.128891 14.379800
vt 0.145296 14.705500
vt 0.145296 14.834009
vt 0.161700 15.146130
vt 0.161700 15.254560
vt 28.248610 -0.079679
vt 26.739429 0.494468
vt 26.739429 -0.079679
vt 28.248610 0.494468
vt 28.248610 -0.161700
vt 26.739429 -0.161700
vt 28.248610 -0.145296
vt 26.739429 -0.145296
vt 28.248610 14.834009
vt 26.739429 14.705500
vt 28.248610 14.705500
vt 26.739429 14.834009
vt -26.739429 -0.145296
vt -28.248610 -0.145296
vt 28.248610 -0.128891
vt 26.739429 -0.128891
vt 28.248610 14.379800
vt 26.739429 14.265189
vt 28.248610 14.265189
vt 26.739429 14.379800
vt -26.739429 -0.128891
vt -28.248610 -0.128891
vt 28.248610 13.924729
vt 26.739429 10.995959
vt 28.248610 10.995959
vt 26.739429 13.924729
s 1
usemtl Wood_Floor_Parquet
f 4500/3753/783 4501/3754/783 4502/3755/783
f 4501/3754/783 4500/3753/783 4503/3756/783
f 4504/3757/784 4505/3758/784 4506/3759/784
f 4505/3758/784 4504/3757/784 4507/3760/784
f 4507/3760/784 4504/3757/784 4508/3761/784
f 4508/3761/784 4504/3757/784 4509/3762/784
f 4509/3762/784 4504/3757/784 4510/3763/784
f 4510/3763/784 4504/3757/784 4511/3764/784
f 4511/3764/784 4504/3757/784 4512/3765/784
f 4512/3765/784 4504/3757/784 4513/3766/784
f 4513/3766/784 4504/3757/784 4514/3767/784
f 4514/3767/784 4504/3757/784 4515/3768/784
f 4515/3768/784 4504/3757/784 4516/3769/784
f 4515/3768/784 4516/3769/784 4517/3770/784
f 4512/3765/784 4518/3771/784 4519/3772/784
f 4518/3771/784 4512/3765/784 4513/3766/784
f 4510/3763/784 4520/3773/784 4521/3774/784
f 4520/3773/784 4510/3763/784 4511/3764/784
f 4508/3761/784 4522/3775/784 4523/3776/784
f 4522/3775/784 4508/3761/784 4509/3762/784
f 4524/3777/785 4525/3778/785 4526/3779/785
f 4525/3778/785 4524/3777/785 4527/3780/785
f 4528/3781/786 4529/3782/786 4530/3783/786
f 4529/3782/786 4528/3781/786 4531/3784/786
f 4531/3784/786 4528/3781/786 4532/3785/786
f 4532/3785/786 4528/3781/786 4533/3786/786
f 4533/3786/786 4528/3781/786 4534/3787/786
f 4534/3787/786 4528/3781/786 4535/3788/786
f 4535/3788/786 4528/3781/786 4536/3789/786
f 4536/3789/786 4528/3781/786 4537/3757/786
f 4537/3757/786 4528/3781/786 4538/3790/786
f 4538/3790/786 4528/3781/786 4539/3791/786
f 4536/3789/786 4540/3792/786 4541/3793/786
f 4540/3792/786 4536/3789/786 4537/3757/786
f 4534/3787/786 4542/3794/786 4543/3795/786
f 4542/3794/786 4534/3787/786 4535/3788/786
f 4532/3785/786 4544/3796/786 4545/3797/786
f 4544/3796/786 4532/3785/786 4533/3786/786
f 4529/3782/786 4546/3798/786 4547/3799/786
f 4546/3798/786 4529/3782/786 4531/3784/786
f 4548/3800/787 4549/3801/787 4550/3802/787
f 4549/3801/787 4548/3800/787 4551/3803/787
f 4552/3804/787 4553/3802/787 4554/3805/787
f 4553/3802/787 4552/3804/787 4555/3800/787
f 4556/3806/787 4557/3802/787 4558/3807/787
f 4557/3802/787 4556/3806/787 4559/3800/787
f 4560/3808/785 4561/3809/785 4562/3810/785
f 4561/3809/785 4560/3808/785 4563/3811/785
f 4564/3753/783 4565/3812/783 4566/3755/783
f 4565/3812/783 4564/3753/783 4567/3813/783
f 4568/3814/787 4569/3802/787 4570/3815/787
f 4569/3802/787 4568/3814/787 4571/3800/787
f 4572/3816/785 4573/3817/785 4574/3818/785
f 4573/3817/785 4572/3816/785 4575/3819/785
f 4576/3753/783 4577/3820/783 4578/3755/783
f 4577/3820/783 4576/3753/783 4579/3821/783
f 4580/3814/787 4581/3802/787 4582/3815/787
f 4581/3802/787 4580/3814/787 4583/3800/787
f 4584/3822/785 4585/3823/785 4586/3824/785
f 4585/3823/785 4584/3822/785 4587/3825/785
o SketchUp.113
v 2.255669 1.260309 0.014172
v 2.123397 1.260309 0.009859
v 2.123397 1.260309 0.014172
v 2.255669 1.260309 0.009859
v 2.123397 1.364863 -0.040462
v 2.123397 1.336977 0.009859
v 2.123397 1.364863 0.009859
v 2.123397 1.327474 0.009859
v 2.123397 1.300118 0.009859
v 2.123397 1.288855 0.009859
v 2.123397 1.260309 0.009859
v 2.123397 1.250264 0.009859
v 2.123397 1.220425 0.009859
v 2.123397 0.963735 -0.000000
v 2.123397 0.963735 -0.037586
v 2.123397 0.963735 -0.040462
v 2.123397 0.963735 0.014172
v 2.123397 1.220425 0.014172
v 2.123397 1.250264 0.014172
v 2.123397 1.260309 0.014172
v 2.123397 1.288855 0.015610
v 2.123397 1.300118 0.015610
v 2.123397 1.327474 0.017048
v 2.123397 1.336977 0.017048
v 2.255669 1.260309 0.014172
v 2.123397 1.250264 0.014172
v 2.255669 1.250264 0.014172
v 2.123397 1.260309 0.014172
v 2.255669 0.963735 -0.000000
v 2.255669 1.220425 0.014172
v 2.255669 0.963735 0.014172
v 2.255669 1.220425 0.009859
v 2.255669 1.250264 0.009859
v 2.255669 1.260309 0.009859
v 2.255669 1.288855 0.009859
v 2.255669 1.300118 0.009859
v 2.255669 1.327474 0.009859
v 2.255669 1.336977 0.009859
v 2.255669 1.364863 0.009859
v 2.255669 1.364863 -0.040462
v 2.255669 0.963735 -0.037586
v 2.255669 0.963735 -0.040462
v 2.255669 1.336977 0.017048
v 2.255669 1.327474 0.017048
v 2.255669 1.300118 0.015610
v 2.255669 1.288855 0.015610
v 2.255669 1.260309 0.014172
v 2.255669 1.250264 0.014172
v 2.255669 1.220425 0.014172
v 2.123397 0.963735 0.014172
v 2.255669 0.963735 0.014172
v 2.123397 1.220425 0.014172
v 2.255669 1.220425 0.014172
v 2.123397 1.220425 0.009859
v 2.123397 1.220425 0.014172
v 2.255669 1.220425 0.009859
v 2.255669 1.250264 0.009859
v 2.123397 1.250264 0.014172
v 2.123397 1.250264 0.009859
v 2.255669 1.250264 0.014172
v 2.255669 1.288855 0.009859
v 2.123397 1.288855 0.015610
v 2.123397 1.288855 0.009859
v 2.255669 1.288855 0.015610
v 2.255669 1.300118 0.015610
v 2.123397 1.288855 0.015610
v 2.255669 1.288855 0.015610
v 2.123397 1.300118 0.015610
v 2.255669 1.300118 0.015610
v 2.123397 1.300118 0.009859
v 2.123397 1.300118 0.015610
v 2.255669 1.300118 0.009859
v 2.255669 1.327474 0.009859
v 2.123397 1.327474 0.017048
v 2.123397 1.327474 0.009859
v 2.255669 1.327474 0.017048
v 2.255669 1.336977 0.017048
v 2.123397 1.327474 0.017048
v 2.255669 1.327474 0.017048
v 2.123397 1.336977 0.017048
v 2.255669 1.336977 0.017048
v 2.123397 1.336977 0.009859
v 2.123397 1.336977 0.017048
v 2.255669 1.336977 0.009859
v 2.255669 1.364863 0.009859
v 2.123397 1.364863 -0.040462
v 2.123397 1.364863 0.009859
v 2.255669 1.364863 -0.040462
vn -0.0000 1.0000 -0.0000
vn -1.0000 -0.0000 -0.0000
vn -0.0000 -0.0000 1.0000
vn 1.0000 -0.0000 -0.0000
vn 1.0000 -0.0000 -0.0005
vn -0.0000 -1.0000 -0.0000
vt 25.736589 -0.161700
vt 24.227409 -0.112487
vt 24.227409 -0.161700
vt 25.736589 -0.112487
vt -0.461660 15.572730
vt 0.112487 15.254560
vt 0.112487 15.572730
vt 0.112487 15.146130
vt 0.112487 14.834009
vt 0.112487 14.705500
vt 0.112487 14.379800
vt 0.112487 14.265189
vt 0.112487 13.924729
vt 0.000000 10.995959
vt -0.428852 10.995959
vt -0.461660 10.995959
vt 0.161700 10.995959
vt 0.161700 13.924729
vt 0.161700 14.265189
vt 0.161700 14.379800
vt 0.178104 14.705500
vt 0.178104 14.834009
vt 0.194508 15.146130
vt 0.194508 15.254560
vt 25.736589 14.379800
vt 24.227409 14.265189
vt 25.736589 14.265189
vt 24.227409 14.379800
vt -0.161700 13.924729
vt -0.161700 10.995959
vt -0.112487 13.924729
vt -0.112487 14.265189
vt -0.112487 14.379800
vt -0.112487 14.705500
vt -0.112487 14.834009
vt -0.112487 15.146130
vt -0.112487 15.254560
vt -0.112487 15.572730
vt 0.461660 15.572730
vt 0.428852 10.995959
vt 0.461660 10.995959
vt -0.194508 15.254560
vt -0.194508 15.146130
vt -0.178104 14.834009
vt -0.178104 14.705500
vt -0.161700 14.379800
vt -0.161700 14.265189
vt 25.736589 13.924729
vt 24.227409 10.995959
vt 25.736589 10.995959
vt 24.227409 13.924729
vt -25.736589 -0.112487
vt -24.227409 -0.161700
vt -24.227409 -0.112487
vt -25.736589 -0.161700
vt -24.227409 -0.178104
vt -25.736589 -0.178104
vt 25.736589 14.834009
vt 24.227409 14.705500
vt 25.736589 14.705500
vt 24.227409 14.834009
vt 25.736589 -0.178104
vt 24.227409 -0.178104
vt -24.227409 -0.194508
vt -25.736589 -0.194508
vt 25.736589 15.254560
vt 24.227409 15.146130
vt 25.736589 15.146130
vt 24.227409 15.254560
vt 25.736589 -0.194508
vt 24.227409 -0.194508
vt 24.227409 0.461660
vt 25.736589 0.461660
s 1
usemtl Wood_Floor_Parquet
f 4588/3826/788 4589/3827/788 4590/3828/788
f 4589/3827/788 4588/3826/788 4591/3829/788
f 4592/3830/789 4593/3831/789 4594/3832/789
f 4593/3831/789 4592/3830/789 4595/3833/789
f 4595/3833/789 4592/3830/789 4596/3834/789
f 4596/3834/789 4592/3830/789 4597/3835/789
f 4597/3835/789 4592/3830/789 4598/3836/789
f 4598/3836/789 4592/3830/789 4599/3837/789
f 4599/3837/789 4592/3830/789 4600/3838/789
f 4600/3838/789 4592/3830/789 4601/3839/789
f 4601/3839/789 4592/3830/789 4602/3840/789
f 4602/3840/789 4592/3830/789 4603/3841/789
f 4600/3838/789 4604/3842/789 4605/3843/789
f 4604/3842/789 4600/3838/789 4601/3839/789
f 4598/3836/789 4606/3844/789 4607/3845/789
f 4606/3844/789 4598/3836/789 4599/3837/789
f 4596/3834/789 4608/3846/789 4609/3847/789
f 4608/3846/789 4596/3834/789 4597/3835/789
f 4593/3831/789 4610/3848/789 4611/3849/789
f 4610/3848/789 4593/3831/789 4595/3833/789
f 4612/3850/790 4613/3851/790 4614/3852/790
f 4613/3851/790 4612/3850/790 4615/3853/790
f 4616/3839/791 4617/3854/791 4618/3855/791
f 4617/3854/791 4616/3839/791 4619/3856/791
f 4619/3856/791 4616/3839/791 4620/3857/792
f 4620/3857/792 4616/3839/791 4621/3858/792
f 4621/3858/792 4616/3839/791 4622/3859/791
f 4622/3859/791 4616/3839/791 4623/3860/791
f 4623/3860/791 4616/3839/791 4624/3861/791
f 4624/3861/791 4616/3839/791 4625/3862/791
f 4625/3862/791 4616/3839/791 4626/3863/791
f 4626/3863/791 4616/3839/791 4627/3864/791
f 4627/3864/791 4616/3839/791 4628/3865/791
f 4627/3864/791 4628/3865/791 4629/3866/791
f 4624/3861/791 4630/3867/791 4631/3868/791
f 4630/3867/791 4624/3861/791 4625/3862/791
f 4622/3859/791 4632/3869/791 4633/3870/791
f 4632/3869/791 4622/3859/791 4623/3860/791
f 4620/3857/792 4634/3871/791 4635/3872/791
f 4634/3871/791 4620/3857/792 4621/3858/792
f 4636/3873/790 4637/3874/790 4638/3875/790
f 4637/3874/790 4636/3873/790 4639/3876/790
f 4640/3826/788 4641/3827/788 4642/3828/788
f 4641/3827/788 4640/3826/788 4643/3829/788
f 4644/3877/793 4645/3878/793 4646/3879/793
f 4645/3878/793 4644/3877/793 4647/3880/793
f 4648/3877/793 4649/3881/793 4650/3879/793
f 4649/3881/793 4648/3877/793 4651/3882/793
f 4652/3883/790 4653/3884/790 4654/3885/790
f 4653/3884/790 4652/3883/790 4655/3886/790
f 4656/3887/788 4657/3827/788 4658/3888/788
f 4657/3827/788 4656/3887/788 4659/3829/788
f 4660/3877/793 4661/3889/793 4662/3879/793
f 4661/3889/793 4660/3877/793 4663/3890/793
f 4664/3891/790 4665/3892/790 4666/3893/790
f 4665/3892/790 4664/3891/790 4667/3894/790
f 4668/3895/788 4669/3827/788 4670/3896/788
f 4669/3827/788 4668/3895/788 4671/3829/788
f 4672/3829/788 4673/3897/788 4674/3827/788
f 4673/3897/788 4672/3829/788 4675/3898/788
o SketchUp.114
v 2.255669 1.364863 0.009859
v 2.123397 1.336977 0.009859
v 2.255669 1.336977 0.009859
v 2.123397 1.364863 0.009859
v 2.123397 1.364863 0.009859
v 2.255669 1.364863 0.009859
v 2.123397 1.336977 0.009859
v 2.255669 1.336977 0.009859
vn -0.0000 -0.0000 1.0000
vn -0.0000 -0.0000 -1.0000
s 1
usemtl Translucent_Glass_Blue
f 4676//794 4677//794 4678//794
f 4677//794 4676//794 4679//794
f 4680//795 4681//795 4682//795
f 4683//795 4682//795 4681//795
o SketchUp.115
v 2.475833 1.250264 0.006983
v 2.343562 1.220425 0.006983
v 2.475833 1.220425 0.006983
v 2.343562 1.250264 0.006983
v 2.343562 1.250264 0.006983
v 2.475833 1.250264 0.006983
v 2.343562 1.220425 0.006983
v 2.475833 1.220425 0.006983
vn -0.0000 -0.0000 1.0000
vn -0.0000 -0.0000 -1.0000
s 1
usemtl Translucent_Glass_Blue
f 4684//796 4685//796 4686//796
f 4685//796 4684//796 4687//796
f 4688//797 4689//797 4690//797
f 4691//797 4690//797 4689//797
o SketchUp.116
v 2.475833 1.327474 0.006983
v 2.343562 1.300118 0.006983
v 2.475833 1.300118 0.006983
v 2.343562 1.327474 0.006983
v 2.343562 1.327474 0.006983
v 2.475833 1.327474 0.006983
v 2.343562 1.300118 0.006983
v 2.475833 1.300118 0.006983
vn -0.0000 -0.0000 1.0000
vn -0.0000 -0.0000 -1.0000
s 1
usemtl Translucent_Glass_Blue
f 4692//798 4693//798 4694//798
f 4693//798 4692//798 4695//798
f 4696//799 4697//799 4698//799
f 4699//799 4698//799 4697//799
o SketchUp.117
v 2.475833 1.288855 0.006983
v 2.343562 1.260309 0.006983
v 2.475833 1.260309 0.006983
v 2.343562 1.288855 0.006983
v 2.343562 1.288855 0.006983
v 2.475833 1.288855 0.006983
v 2.343562 1.260309 0.006983
v 2.475833 1.260309 0.006983
vn -0.0000 -0.0000 1.0000
vn -0.0000 -0.0000 -1.0000
s 1
usemtl Translucent_Glass_Blue
f 4700//800 4701//800 4702//800
f 4701//800 4700//800 4703//800
f 4704//801 4705//801 4706//801
f 4707//801 4706//801 4705//801
o SketchUp.118
v 2.475833 1.364863 0.006983
v 2.343562 1.336977 0.006983
v 2.475833 1.336977 0.006983
v 2.343562 1.364863 0.006983
v 2.343562 1.364863 0.006983
v 2.475833 1.364863 0.006983
v 2.343562 1.336977 0.006983
v 2.475833 1.336977 0.006983
vn -0.0000 -0.0000 1.0000
vn -0.0000 -0.0000 -1.0000
s 1
usemtl Translucent_Glass_Blue
f 4708//802 4709//802 4710//802
f 4709//802 4708//802 4711//802
f 4712//803 4713//803 4714//803
f 4715//803 4714//803 4713//803
o SketchUp.119
v 2.255669 1.327474 0.009859
v 2.123397 1.300118 0.009859
v 2.255669 1.300118 0.009859
v 2.123397 1.327474 0.009859
v 2.123397 1.327474 0.009859
v 2.255669 1.327474 0.009859
v 2.123397 1.300118 0.009859
v 2.255669 1.300118 0.009859
vn -0.0000 -0.0000 1.0000
vn -0.0000 -0.0000 -1.0000
s 1
usemtl Translucent_Glass_Blue
f 4716//804 4717//804 4718//804
f 4717//804 4716//804 4719//804
f 4720//805 4721//805 4722//805
f 4723//805 4722//805 4721//805
o SketchUp.120
v 2.255669 1.288855 0.009859
v 2.123397 1.260309 0.009859
v 2.255669 1.260309 0.009859
v 2.123397 1.288855 0.009859
v 2.123397 1.288855 0.009859
v 2.255669 1.288855 0.009859
v 2.123397 1.260309 0.009859
v 2.255669 1.260309 0.009859
vn -0.0000 -0.0000 1.0000
vn -0.0000 -0.0000 -1.0000
s 1
usemtl Translucent_Glass_Blue
f 4724//806 4725//806 4726//806
f 4725//806 4724//806 4727//806
f 4728//807 4729//807 4730//807
f 4731//807 4730//807 4729//807
o SketchUp.121
v 2.255669 1.250264 0.009859
v 2.123397 1.220425 0.009859
v 2.255669 1.220425 0.009859
v 2.123397 1.250264 0.009859
v 2.123397 1.250264 0.009859
v 2.255669 1.250264 0.009859
v 2.123397 1.220425 0.009859
v 2.255669 1.220425 0.009859
vn -0.0000 -0.0000 1.0000
vn -0.0000 -0.0000 -1.0000
s 1
usemtl Translucent_Glass_Blue
f 4732//808 4733//808 4734//808
f 4733//808 4732//808 4735//808
f 4736//809 4737//809 4738//809
f 4739//809 4738//809 4737//809
o SketchUp.122
v 2.475833 0.963735 0.011297
v 2.343562 0.963735 -0.000000
v 2.343562 0.963735 0.011297
v 2.475833 0.963735 -0.000000
vn -0.0000 1.0000 -0.0000
vt 28.248610 -0.128891
vt 26.739429 -0.000000
vt 26.739429 -0.128891
vt 28.248610 -0.000000
s 1
usemtl Wood_Floor_Parquet
f 4740/3899/810 4741/3900/810 4742/3901/810
f 4741/3900/810 4740/3899/810 4743/3902/810
o SketchUp.123
v 2.255669 0.963735 0.014172
v 2.123397 0.963735 -0.000000
v 2.123397 0.963735 0.014172
v 2.255669 0.963735 -0.000000
vn -0.0000 1.0000 -0.0000
vt 25.736589 -0.161700
vt 24.227409 -0.000000
vt 24.227409 -0.161700
vt 25.736589 -0.000000
s 1
usemtl Wood_Floor_Parquet
f 4744/3903/811 4745/3904/811 4746/3905/811
f 4745/3904/811 4744/3903/811 4747/3906/811
o SketchUp.124
v 0.776309 1.868085 0.016957
v 0.644037 1.868085 0.022708
v 0.644037 1.868085 0.016957
v 0.776309 1.868085 0.022708
v 0.776309 1.542965 -0.000000
v 0.776309 1.799656 0.021270
v 0.776309 1.542965 0.021270
v 0.776309 1.799656 0.016957
v 0.776309 1.829495 0.016957
v 0.776309 1.839540 0.016957
v 0.776309 1.868085 0.016957
v 0.776309 1.879349 0.016957
v 0.776309 1.906705 0.016957
v 0.776309 1.916208 0.016957
v 0.776309 1.944094 0.016957
v 0.776309 1.944094 -0.033364
v 0.776309 1.542965 -0.027613
v 0.776309 1.542965 -0.033364
v 0.776309 1.916208 0.024146
v 0.776309 1.906705 0.024146
v 0.776309 1.879349 0.022708
v 0.776309 1.868085 0.022708
v 0.776309 1.839540 0.021270
v 0.776309 1.829495 0.021270
v 0.776309 1.879349 0.022708
v 0.644037 1.868085 0.022708
v 0.776309 1.868085 0.022708
v 0.644037 1.879349 0.022708
v 0.644037 1.944094 -0.033364
v 0.644037 1.916208 0.016957
v 0.644037 1.944094 0.016957
v 0.644037 1.906705 0.016957
v 0.644037 1.879349 0.016957
v 0.644037 1.868085 0.016957
v 0.644037 1.839540 0.016957
v 0.644037 1.829495 0.016957
v 0.644037 1.799656 0.016957
v 0.644037 1.542965 -0.000000
v 0.644037 1.542965 -0.027613
v 0.644037 1.542965 -0.033364
v 0.644037 1.542965 0.021270
v 0.644037 1.799656 0.021270
v 0.644037 1.829495 0.021270
v 0.644037 1.839540 0.021270
v 0.644037 1.868085 0.022708
v 0.644037 1.879349 0.022708
v 0.644037 1.906705 0.024146
v 0.644037 1.916208 0.024146
v 0.776309 1.944094 0.016957
v 0.644037 1.944094 -0.033364
v 0.644037 1.944094 0.016957
v 0.776309 1.944094 -0.033364
v 0.776309 1.916208 0.024146
v 0.644037 1.916208 0.016957
v 0.644037 1.916208 0.024146
v 0.776309 1.916208 0.016957
v 0.776309 1.916208 0.024146
v 0.644037 1.906705 0.024146
v 0.776309 1.906705 0.024146
v 0.644037 1.916208 0.024146
v 0.776309 1.906705 0.016957
v 0.644037 1.906705 0.024146
v 0.644037 1.906705 0.016957
v 0.776309 1.906705 0.024146
v 0.776309 1.879349 0.022708
v 0.644037 1.879349 0.016957
v 0.644037 1.879349 0.022708
v 0.776309 1.879349 0.016957
v 0.776309 1.839540 0.021270
v 0.644037 1.839540 0.016957
v 0.644037 1.839540 0.021270
v 0.776309 1.839540 0.016957
v 0.776309 1.839540 0.021270
v 0.644037 1.829495 0.021270
v 0.776309 1.829495 0.021270
v 0.644037 1.839540 0.021270
v 0.776309 1.829495 0.016957
v 0.644037 1.829495 0.021270
v 0.644037 1.829495 0.016957
v 0.776309 1.829495 0.021270
v 0.776309 1.799656 0.021270
v 0.644037 1.799656 0.016957
v 0.644037 1.799656 0.021270
v 0.776309 1.799656 0.016957
v 0.776309 1.799656 0.021270
v 0.644037 1.542965 0.021270
v 0.776309 1.542965 0.021270
v 0.644037 1.799656 0.021270
vn -0.0000 -1.0000 -0.0000
vn 1.0000 -0.0000 -0.0000
vn -0.0000 -0.0000 1.0000
vn -1.0000 -0.0000 -0.0000
vn -0.0000 1.0000 -0.0000
vt -8.857483 -0.193477
vt -7.348296 -0.259094
vt -7.348296 -0.193477
vt -8.857483 -0.259094
vt 0.000000 17.604830
vt -0.242689 20.533600
vt -0.242689 17.604830
vt -0.193477 20.533600
vt -0.193477 20.874060
vt -0.193477 20.988670
vt -0.193477 21.314369
vt -0.193477 21.442879
vt -0.193477 21.755001
vt -0.193477 21.863430
vt -0.193477 22.181599
vt 0.380670 22.181599
vt 0.315053 17.604830
vt 0.380670 17.604830
vt -0.275498 21.863430
vt -0.275498 21.755001
vt -0.259094 21.442879
vt -0.259094 21.314369
vt -0.242689 20.988670
vt -0.242689 20.874060
vt 8.857483 21.442879
vt 7.348296 21.314369
vt 8.857483 21.314369
vt 7.348296 21.442879
vt -0.380670 22.181599
vt 0.193477 21.863430
vt 0.193477 22.181599
vt 0.193477 21.755001
vt 0.193477 21.442879
vt 0.193477 21.314369
vt 0.193477 20.988670
vt 0.193477 20.874060
vt 0.193477 20.533600
vt -0.315053 17.604830
vt -0.380670 17.604830
vt 0.242689 17.604830
vt 0.242689 20.533600
vt 0.242689 20.874060
vt 0.242689 20.988670
vt 0.259094 21.314369
vt 0.259094 21.442879
vt 0.275498 21.755001
vt 0.275498 21.863430
vt 8.857483 -0.193477
vt 7.348296 0.380670
vt 7.348296 -0.193477
vt 8.857483 0.380670
vt 8.857483 -0.275498
vt 7.348296 -0.275498
vt 8.857483 21.863430
vt 7.348296 21.755001
vt 8.857483 21.755001
vt 7.348296 21.863430
vt -7.348296 -0.275498
vt -8.857483 -0.275498
vt 8.857483 -0.259094
vt 7.348296 -0.259094
vt 8.857483 -0.242689
vt 7.348296 -0.242689
vt 8.857483 20.988670
vt 7.348296 20.874060
vt 8.857483 20.874060
vt 7.348296 20.988670
vt -7.348296 -0.242689
vt -8.857483 -0.242689
vt 8.857483 20.533600
vt 7.348296 17.604830
vt 8.857483 17.604830
vt 7.348296 20.533600
s 1
usemtl Wood_Floor_Parquet
f 4748/3907/812 4749/3908/812 4750/3909/812
f 4749/3908/812 4748/3907/812 4751/3910/812
f 4752/3911/813 4753/3912/813 4754/3913/813
f 4753/3912/813 4752/3911/813 4755/3914/813
f 4755/3914/813 4752/3911/813 4756/3915/813
f 4756/3915/813 4752/3911/813 4757/3916/813
f 4757/3916/813 4752/3911/813 4758/3917/813
f 4758/3917/813 4752/3911/813 4759/3918/813
f 4759/3918/813 4752/3911/813 4760/3919/813
f 4760/3919/813 4752/3911/813 4761/3920/813
f 4761/3920/813 4752/3911/813 4762/3921/813
f 4762/3921/813 4752/3911/813 4763/3922/813
f 4763/3922/813 4752/3911/813 4764/3923/813
f 4763/3922/813 4764/3923/813 4765/3924/813
f 4760/3919/813 4766/3925/813 4767/3926/813
f 4766/3925/813 4760/3919/813 4761/3920/813
f 4758/3917/813 4768/3927/813 4769/3928/813
f 4768/3927/813 4758/3917/813 4759/3918/813
f 4756/3915/813 4770/3929/813 4771/3930/813
f 4770/3929/813 4756/3915/813 4757/3916/813
f 4772/3931/814 4773/3932/814 4774/3933/814
f 4773/3932/814 4772/3931/814 4775/3934/814
f 4776/3935/815 4777/3936/815 4778/3937/815
f 4777/3936/815 4776/3935/815 4779/3938/815
f 4779/3938/815 4776/3935/815 4780/3939/815
f 4780/3939/815 4776/3935/815 4781/3940/815
f 4781/3940/815 4776/3935/815 4782/3941/815
f 4782/3941/815 4776/3935/815 4783/3942/815
f 4783/3942/815 4776/3935/815 4784/3943/815
f 4784/3943/815 4776/3935/815 4785/3911/815
f 4785/3911/815 4776/3935/815 4786/3944/815
f 4786/3944/815 4776/3935/815 4787/3945/815
f 4784/3943/815 4788/3946/815 4789/3947/815
f 4788/3946/815 4784/3943/815 4785/3911/815
f 4782/3941/815 4790/3948/815 4791/3949/815
f 4790/3948/815 4782/3941/815 4783/3942/815
f 4780/3939/815 4792/3950/815 4793/3951/815
f 4792/3950/815 4780/3939/815 4781/3940/815
f 4777/3936/815 4794/3952/815 4795/3953/815
f 4794/3952/815 4777/3936/815 4779/3938/815
f 4796/3954/816 4797/3955/816 4798/3956/816
f 4797/3955/816 4796/3954/816 4799/3957/816
f 4800/3958/816 4801/3956/816 4802/3959/816
f 4801/3956/816 4800/3958/816 4803/3954/816
f 4804/3960/814 4805/3961/814 4806/3962/814
f 4805/3961/814 4804/3960/814 4807/3963/814
f 4808/3907/812 4809/3964/812 4810/3909/812
f 4809/3964/812 4808/3907/812 4811/3965/812
f 4812/3966/816 4813/3956/816 4814/3967/816
f 4813/3956/816 4812/3966/816 4815/3954/816
f 4816/3968/816 4817/3956/816 4818/3969/816
f 4817/3956/816 4816/3968/816 4819/3954/816
f 4820/3970/814 4821/3971/814 4822/3972/814
f 4821/3971/814 4820/3970/814 4823/3973/814
f 4824/3907/812 4825/3974/812 4826/3909/812
f 4825/3974/812 4824/3907/812 4827/3975/812
f 4828/3968/816 4829/3956/816 4830/3969/816
f 4829/3956/816 4828/3968/816 4831/3954/816
f 4832/3976/814 4833/3977/814 4834/3978/814
f 4833/3977/814 4832/3976/814 4835/3979/814
o SketchUp.125
v 0.556144 1.906705 0.019833
v 0.423873 1.906705 0.027021
v 0.423873 1.906705 0.019833
v 0.556144 1.906705 0.027021
v 0.556144 1.542965 -0.000000
v 0.556144 1.799656 0.024146
v 0.556144 1.542965 0.024146
v 0.556144 1.799656 0.019833
v 0.556144 1.829495 0.019833
v 0.556144 1.839540 0.019833
v 0.556144 1.868085 0.019833
v 0.556144 1.879349 0.019833
v 0.556144 1.906705 0.019833
v 0.556144 1.916208 0.019833
v 0.556144 1.944094 0.019833
v 0.556144 1.944094 -0.030488
v 0.556144 1.542965 -0.027613
v 0.556144 1.542965 -0.030488
v 0.556144 1.916208 0.027021
v 0.556144 1.906705 0.027021
v 0.556144 1.879349 0.025584
v 0.556144 1.868085 0.025584
v 0.556144 1.839540 0.024146
v 0.556144 1.829495 0.024146
v 0.556144 1.916208 0.027021
v 0.423873 1.906705 0.027021
v 0.556144 1.906705 0.027021
v 0.423873 1.916208 0.027021
v 0.423873 1.944094 -0.030488
v 0.423873 1.916208 0.019833
v 0.423873 1.944094 0.019833
v 0.423873 1.906705 0.019833
v 0.423873 1.879349 0.019833
v 0.423873 1.868085 0.019833
v 0.423873 1.839540 0.019833
v 0.423873 1.829495 0.019833
v 0.423873 1.799656 0.019833
v 0.423873 1.542965 -0.000000
v 0.423873 1.542965 -0.027613
v 0.423873 1.542965 -0.030488
v 0.423873 1.542965 0.024146
v 0.423873 1.799656 0.024146
v 0.423873 1.829495 0.024146
v 0.423873 1.839540 0.024146
v 0.423873 1.868085 0.025584
v 0.423873 1.879349 0.025584
v 0.423873 1.906705 0.027021
v 0.423873 1.916208 0.027021
v 0.556144 1.944094 0.019833
v 0.423873 1.944094 -0.030488
v 0.423873 1.944094 0.019833
v 0.556144 1.944094 -0.030488
v 0.556144 1.916208 0.027021
v 0.423873 1.916208 0.019833
v 0.423873 1.916208 0.027021
v 0.556144 1.916208 0.019833
v 0.556144 1.879349 0.025584
v 0.423873 1.879349 0.019833
v 0.423873 1.879349 0.025584
v 0.556144 1.879349 0.019833
v 0.556144 1.879349 0.025584
v 0.423873 1.868085 0.025584
v 0.556144 1.868085 0.025584
v 0.423873 1.879349 0.025584
v 0.556144 1.868085 0.019833
v 0.423873 1.868085 0.025584
v 0.423873 1.868085 0.019833
v 0.556144 1.868085 0.025584
v 0.556144 1.839540 0.024146
v 0.423873 1.839540 0.019833
v 0.423873 1.839540 0.024146
v 0.556144 1.839540 0.019833
v 0.556144 1.839540 0.024146
v 0.423873 1.829495 0.024146
v 0.556144 1.829495 0.024146
v 0.423873 1.839540 0.024146
v 0.556144 1.829495 0.019833
v 0.423873 1.829495 0.024146
v 0.423873 1.829495 0.019833
v 0.556144 1.829495 0.024146
v 0.556144 1.799656 0.024146
v 0.423873 1.799656 0.019833
v 0.423873 1.799656 0.024146
v 0.556144 1.799656 0.019833
v 0.556144 1.799656 0.024146
v 0.423873 1.542965 0.024146
v 0.556144 1.542965 0.024146
v 0.423873 1.799656 0.024146
vn -0.0000 -1.0000 -0.0000
vn 1.0000 -0.0000 -0.0000
vn -0.0000 -0.0000 1.0000
vn -1.0000 -0.0000 -0.0000
vn -0.0000 1.0000 -0.0000
vt -6.345464 -0.226285
vt -4.836277 -0.308306
vt -4.836277 -0.226285
vt -6.345464 -0.308306
vt -0.000000 17.604830
vt -0.275498 20.533600
vt -0.275498 17.604830
vt -0.226285 20.533600
vt -0.226285 20.874060
vt -0.226285 20.988670
vt -0.226285 21.314369
vt -0.226285 21.442879
vt -0.226285 21.755001
vt -0.226285 21.863430
vt -0.226285 22.181599
vt 0.347862 22.181599
vt 0.315053 17.604830
vt 0.347862 17.604830
vt -0.308306 21.863430
vt -0.308306 21.755001
vt -0.291902 21.442879
vt -0.291902 21.314369
vt -0.275498 20.988670
vt -0.275498 20.874060
vt 6.345464 21.863430
vt 4.836277 21.755001
vt 6.345464 21.755001
vt 4.836277 21.863430
vt -0.347862 22.181599
vt 0.226285 21.863430
vt 0.226285 22.181599
vt 0.226285 21.755001
vt 0.226285 21.442879
vt 0.226285 21.314369
vt 0.226285 20.988670
vt 0.226285 20.874060
vt 0.226285 20.533600
vt -0.315053 17.604830
vt -0.347862 17.604830
vt 0.275498 17.604830
vt 0.275498 20.533600
vt 0.275498 20.874060
vt 0.275498 20.988670
vt 0.291902 21.314369
vt 0.291902 21.442879
vt 0.308306 21.755001
vt 0.308306 21.863430
vt 6.345464 -0.226285
vt 4.836277 0.347862
vt 4.836277 -0.226285
vt 6.345464 0.347862
vt 6.345464 -0.308306
vt 4.836277 -0.308306
vt 6.345464 -0.291902
vt 4.836277 -0.291902
vt 6.345464 21.442879
vt 4.836277 21.314369
vt 6.345464 21.314369
vt 4.836277 21.442879
vt -4.836277 -0.291902
vt -6.345464 -0.291902
vt 6.345464 -0.275498
vt 4.836277 -0.275498
vt 6.345464 20.988670
vt 4.836277 20.874060
vt 6.345464 20.874060
vt 4.836277 20.988670
vt -4.836277 -0.275498
vt -6.345464 -0.275498
vt 6.345464 20.533600
vt 4.836277 17.604830
vt 6.345464 17.604830
vt 4.836277 20.533600
s 1
usemtl Wood_Floor_Parquet
f 4836/3980/817 4837/3981/817 4838/3982/817
f 4837/3981/817 4836/3980/817 4839/3983/817
f 4840/3984/818 4841/3985/818 4842/3986/818
f 4841/3985/818 4840/3984/818 4843/3987/818
f 4843/3987/818 4840/3984/818 4844/3988/818
f 4844/3988/818 4840/3984/818 4845/3989/818
f 4845/3989/818 4840/3984/818 4846/3990/818
f 4846/3990/818 4840/3984/818 4847/3991/818
f 4847/3991/818 4840/3984/818 4848/3992/818
f 4848/3992/818 4840/3984/818 4849/3993/818
f 4849/3993/818 4840/3984/818 4850/3994/818
f 4850/3994/818 4840/3984/818 4851/3995/818
f 4851/3995/818 4840/3984/818 4852/3996/818
f 4851/3995/818 4852/3996/818 4853/3997/818
f 4848/3992/818 4854/3998/818 4855/3999/818
f 4854/3998/818 4848/3992/818 4849/3993/818
f 4846/3990/818 4856/4000/818 4857/4001/818
f 4856/4000/818 4846/3990/818 4847/3991/818
f 4844/3988/818 4858/4002/818 4859/4003/818
f 4858/4002/818 4844/3988/818 4845/3989/818
f 4860/4004/819 4861/4005/819 4862/4006/819
f 4861/4005/819 4860/4004/819 4863/4007/819
f 4864/4008/820 4865/4009/820 4866/4010/820
f 4865/4009/820 4864/4008/820 4867/4011/820
f 4867/4011/820 4864/4008/820 4868/4012/820
f 4868/4012/820 4864/4008/820 4869/4013/820
f 4869/4013/820 4864/4008/820 4870/4014/820
f 4870/4014/820 4864/4008/820 4871/4015/820
f 4871/4015/820 4864/4008/820 4872/4016/820
f 4872/4016/820 4864/4008/820 4873/3984/820
f 4873/3984/820 4864/4008/820 4874/4017/820
f 4874/4017/820 4864/4008/820 4875/4018/820
f 4872/4016/820 4876/4019/820 4877/4020/820
f 4876/4019/820 4872/4016/820 4873/3984/820
f 4870/4014/820 4878/4021/820 4879/4022/820
f 4878/4021/820 4870/4014/820 4871/4015/820
f 4868/4012/820 4880/4023/820 4881/4024/820
f 4880/4023/820 4868/4012/820 4869/4013/820
f 4865/4009/820 4882/4025/820 4883/4026/820
f 4882/4025/820 4865/4009/820 4867/4011/820
f 4884/4027/821 4885/4028/821 4886/4029/821
f 4885/4028/821 4884/4027/821 4887/4030/821
f 4888/4031/821 4889/4029/821 4890/4032/821
f 4889/4029/821 4888/4031/821 4891/4027/821
f 4892/4033/821 4893/4029/821 4894/4034/821
f 4893/4029/821 4892/4033/821 4895/4027/821
f 4896/4035/819 4897/4036/819 4898/4037/819
f 4897/4036/819 4896/4035/819 4899/4038/819
f 4900/3980/817 4901/4039/817 4902/3982/817
f 4901/4039/817 4900/3980/817 4903/4040/817
f 4904/4041/821 4905/4029/821 4906/4042/821
f 4905/4029/821 4904/4041/821 4907/4027/821
f 4908/4043/819 4909/4044/819 4910/4045/819
f 4909/4044/819 4908/4043/819 4911/4046/819
f 4912/3980/817 4913/4047/817 4914/3982/817
f 4913/4047/817 4912/3980/817 4915/4048/817
f 4916/4041/821 4917/4029/821 4918/4042/821
f 4917/4029/821 4916/4041/821 4919/4027/821
f 4920/4049/819 4921/4050/819 4922/4051/819
f 4921/4050/819 4920/4049/819 4923/4052/819
o SketchUp.126
v 0.556144 1.868085 0.019833
v 0.423873 1.839540 0.019833
v 0.556144 1.839540 0.019833
v 0.423873 1.868085 0.019833
v 0.423873 1.868085 0.019833
v 0.556144 1.868085 0.019833
v 0.423873 1.839540 0.019833
v 0.556144 1.839540 0.019833
vn -0.0000 -0.0000 1.0000
vn -0.0000 -0.0000 -1.0000
s 1
usemtl Translucent_Glass_Blue
f 4924//822 4925//822 4926//822
f 4925//822 4924//822 4927//822
f 4928//823 4929//823 4930//823
f 4931//823 4930//823 4929//823
o SketchUp.127
v 0.556144 1.906705 0.019833
v 0.423873 1.879349 0.019833
v 0.556144 1.879349 0.019833
v 0.423873 1.906705 0.019833
v 0.423873 1.906705 0.019833
v 0.556144 1.906705 0.019833
v 0.423873 1.879349 0.019833
v 0.556144 1.879349 0.019833
vn -0.0000 -0.0000 1.0000
vn -0.0000 -0.0000 -1.0000
s 1
usemtl Translucent_Glass_Blue
f 4932//824 4933//824 4934//824
f 4933//824 4932//824 4935//824
f 4936//825 4937//825 4938//825
f 4939//825 4938//825 4937//825
o SketchUp.128
v 0.319643 1.839540 0.027021
v 0.187371 1.829495 0.027021
v 0.319643 1.829495 0.027021
v 0.187371 1.839540 0.027021
v 0.187371 1.944094 -0.027613
v 0.187371 1.916208 0.022708
v 0.187371 1.944094 0.022708
v 0.187371 1.906705 0.022708
v 0.187371 1.879349 0.022708
v 0.187371 1.868085 0.022708
v 0.187371 1.839540 0.022708
v 0.187371 1.829495 0.022708
v 0.187371 1.799656 0.022708
v 0.187371 1.542965 -0.000000
v 0.187371 1.542965 -0.027613
v 0.187371 1.542965 0.027021
v 0.187371 1.799656 0.027021
v 0.187371 1.829495 0.027021
v 0.187371 1.839540 0.027021
v 0.187371 1.868085 0.028459
v 0.187371 1.879349 0.028459
v 0.187371 1.906705 0.029897
v 0.187371 1.916208 0.029897
v 0.319643 1.829495 0.022708
v 0.187371 1.829495 0.027021
v 0.187371 1.829495 0.022708
v 0.319643 1.829495 0.027021
v 0.319643 1.542965 -0.000000
v 0.319643 1.799656 0.027021
v 0.319643 1.542965 0.027021
v 0.319643 1.799656 0.022708
v 0.319643 1.829495 0.022708
v 0.319643 1.839540 0.022708
v 0.319643 1.868085 0.022708
v 0.319643 1.879349 0.022708
v 0.319643 1.906705 0.022708
v 0.319643 1.916208 0.022708
v 0.319643 1.944094 0.022708
v 0.319643 1.944094 -0.027613
v 0.319643 1.542965 -0.027613
v 0.319643 1.916208 0.029897
v 0.319643 1.906705 0.029897
v 0.319643 1.879349 0.028459
v 0.319643 1.868085 0.028459
v 0.319643 1.839540 0.027021
v 0.319643 1.829495 0.027021
v 0.319643 1.839540 0.027021
v 0.187371 1.839540 0.022708
v 0.187371 1.839540 0.027021
v 0.319643 1.839540 0.022708
v 0.319643 1.799656 0.027021
v 0.187371 1.542965 0.027021
v 0.319643 1.542965 0.027021
v 0.187371 1.799656 0.027021
v 0.319643 1.799656 0.027021
v 0.187371 1.799656 0.022708
v 0.187371 1.799656 0.027021
v 0.319643 1.799656 0.022708
v 0.319643 1.868085 0.022708
v 0.187371 1.868085 0.028459
v 0.187371 1.868085 0.022708
v 0.319643 1.868085 0.028459
v 0.319643 1.879349 0.028459
v 0.187371 1.868085 0.028459
v 0.319643 1.868085 0.028459
v 0.187371 1.879349 0.028459
v 0.319643 1.879349 0.028459
v 0.187371 1.879349 0.022708
v 0.187371 1.879349 0.028459
v 0.319643 1.879349 0.022708
v 0.319643 1.906705 0.022708
v 0.187371 1.906705 0.029897
v 0.187371 1.906705 0.022708
v 0.319643 1.906705 0.029897
v 0.319643 1.916208 0.029897
v 0.187371 1.906705 0.029897
v 0.319643 1.906705 0.029897
v 0.187371 1.916208 0.029897
v 0.319643 1.916208 0.029897
v 0.187371 1.916208 0.022708
v 0.187371 1.916208 0.029897
v 0.319643 1.916208 0.022708
v 0.319643 1.944094 0.022708
v 0.187371 1.944094 -0.027613
v 0.187371 1.944094 0.022708
v 0.319643 1.944094 -0.027613
vn -0.0000 -0.0000 1.0000
vn -1.0000 -0.0000 -0.0000
vn -0.0000 -1.0000 -0.0000
vn 1.0000 -0.0000 -0.0000
vn -0.0000 1.0000 -0.0000
vt 3.647042 20.988670
vt 2.137856 20.874060
vt 3.647042 20.874060
vt 2.137856 20.988670
vt -0.315053 22.181599
vt 0.259094 21.863430
vt 0.259094 22.181599
vt 0.259094 21.755001
vt 0.259094 21.442879
vt 0.259094 21.314369
vt 0.259094 20.988670
vt 0.259094 20.874060
vt 0.259094 20.533600
vt -0.000000 17.604830
vt -0.315053 17.604830
vt 0.308306 17.604830
vt 0.308306 20.533600
vt 0.308306 20.874060
vt 0.308306 20.988670
vt 0.324710 21.314369
vt 0.324710 21.442879
vt 0.341115 21.755001
vt 0.341115 21.863430
vt -3.647042 -0.259094
vt -2.137856 -0.308306
vt -2.137856 -0.259094
vt -3.647042 -0.308306
vt -0.308306 20.533600
vt -0.308306 17.604830
vt -0.259094 20.533600
vt -0.259094 20.874060
vt -0.259094 20.988670
vt -0.259094 21.314369
vt -0.259094 21.442879
vt -0.259094 21.755001
vt -0.259094 21.863430
vt -0.259094 22.181599
vt 0.315053 22.181599
vt 0.315053 17.604830
vt -0.341115 21.863430
vt -0.341115 21.755001
vt -0.324710 21.442879
vt -0.324710 21.314369
vt -0.308306 20.988670
vt -0.308306 20.874060
vt 3.647042 -0.308306
vt 2.137856 -0.259094
vt 2.137856 -0.308306
vt 3.647042 -0.259094
vt 3.647042 20.533600
vt 2.137856 17.604830
vt 3.647042 17.604830
vt 2.137856 20.533600
vt -2.137856 -0.324710
vt -3.647042 -0.324710
vt 3.647042 21.442879
vt 2.137856 21.314369
vt 3.647042 21.314369
vt 2.137856 21.442879
vt 3.647042 -0.324710
vt 2.137856 -0.324710
vt -2.137856 -0.341115
vt -3.647042 -0.341115
vt 3.647042 21.863430
vt 2.137856 21.755001
vt 3.647042 21.755001
vt 2.137856 21.863430
vt 3.647042 -0.341115
vt 2.137856 -0.341115
vt 2.137856 0.315053
vt 3.647042 0.315053
s 1
usemtl Wood_Floor_Parquet
f 4940/4053/826 4941/4054/826 4942/4055/826
f 4941/4054/826 4940/4053/826 4943/4056/826
f 4944/4057/827 4945/4058/827 4946/4059/827
f 4945/4058/827 4944/4057/827 4947/4060/827
f 4947/4060/827 4944/4057/827 4948/4061/827
f 4948/4061/827 4944/4057/827 4949/4062/827
f 4949/4062/827 4944/4057/827 4950/4063/827
f 4950/4063/827 4944/4057/827 4951/4064/827
f 4951/4064/827 4944/4057/827 4952/4065/827
f 4952/4065/827 4944/4057/827 4953/4066/827
f 4953/4066/827 4944/4057/827 4954/4067/827
f 4952/4065/827 4955/4068/827 4956/4069/827
f 4955/4068/827 4952/4065/827 4953/4066/827
f 4950/4063/827 4957/4070/827 4958/4071/827
f 4957/4070/827 4950/4063/827 4951/4064/827
f 4948/4061/827 4959/4072/827 4960/4073/827
f 4959/4072/827 4948/4061/827 4949/4062/827
f 4945/4058/827 4961/4074/827 4962/4075/827
f 4961/4074/827 4945/4058/827 4947/4060/827
f 4963/4076/828 4964/4077/828 4965/4078/828
f 4964/4077/828 4963/4076/828 4966/4079/828
f 4967/4066/829 4968/4080/829 4969/4081/829
f 4968/4080/829 4967/4066/829 4970/4082/829
f 4970/4082/829 4967/4066/829 4971/4083/829
f 4971/4083/829 4967/4066/829 4972/4084/829
f 4972/4084/829 4967/4066/829 4973/4085/829
f 4973/4085/829 4967/4066/829 4974/4086/829
f 4974/4086/829 4967/4066/829 4975/4087/829
f 4975/4087/829 4967/4066/829 4976/4088/829
f 4976/4088/829 4967/4066/829 4977/4089/829
f 4977/4089/829 4967/4066/829 4978/4090/829
f 4978/4090/829 4967/4066/829 4979/4091/829
f 4975/4087/829 4980/4092/829 4981/4093/829
f 4980/4092/829 4975/4087/829 4976/4088/829
f 4973/4085/829 4982/4094/829 4983/4095/829
f 4982/4094/829 4973/4085/829 4974/4086/829
f 4971/4083/829 4984/4096/829 4985/4097/829
f 4984/4096/829 4971/4083/829 4972/4084/829
f 4986/4098/830 4987/4099/830 4988/4100/830
f 4987/4099/830 4986/4098/830 4989/4101/830
f 4990/4102/826 4991/4103/826 4992/4104/826
f 4991/4103/826 4990/4102/826 4993/4105/826
f 4994/4098/830 4995/4099/830 4996/4100/830
f 4995/4099/830 4994/4098/830 4997/4101/830
f 4998/4076/828 4999/4106/828 5000/4078/828
f 4999/4106/828 4998/4076/828 5001/4107/828
f 5002/4108/826 5003/4109/826 5004/4110/826
f 5003/4109/826 5002/4108/826 5005/4111/826
f 5006/4112/830 5007/4099/830 5008/4113/830
f 5007/4099/830 5006/4112/830 5009/4101/830
f 5010/4076/828 5011/4114/828 5012/4078/828
f 5011/4114/828 5010/4076/828 5013/4115/828
f 5014/4116/826 5015/4117/826 5016/4118/826
f 5015/4117/826 5014/4116/826 5017/4119/826
f 5018/4120/830 5019/4099/830 5020/4121/830
f 5019/4099/830 5018/4120/830 5021/4101/830
f 5022/4101/830 5023/4122/830 5024/4099/830
f 5023/4122/830 5022/4101/830 5025/4123/830
o SketchUp.129
v 0.776309 1.829495 0.016957
v 0.644037 1.799656 0.016957
v 0.776309 1.799656 0.016957
v 0.644037 1.829495 0.016957
v 0.644037 1.829495 0.016957
v 0.776309 1.829495 0.016957
v 0.644037 1.799656 0.016957
v 0.776309 1.799656 0.016957
vn -0.0000 -0.0000 1.0000
vn -0.0000 -0.0000 -1.0000
s 1
usemtl Translucent_Glass_Blue
f 5026//831 5027//831 5028//831
f 5027//831 5026//831 5029//831
f 5030//832 5031//832 5032//832
f 5033//832 5032//832 5031//832
o SketchUp.130
v 0.319643 1.944094 0.022708
v 0.187371 1.916208 0.022708
v 0.319643 1.916208 0.022708
v 0.187371 1.944094 0.022708
v 0.187371 1.944094 0.022708
v 0.319643 1.944094 0.022708
v 0.187371 1.916208 0.022708
v 0.319643 1.916208 0.022708
vn -0.0000 -0.0000 1.0000
vn -0.0000 -0.0000 -1.0000
s 1
usemtl Translucent_Glass_Blue
f 5034//833 5035//833 5036//833
f 5035//833 5034//833 5037//833
f 5038//834 5039//834 5040//834
f 5041//834 5040//834 5039//834
o SketchUp.131
v 0.776309 1.906705 0.016957
v 0.644037 1.879349 0.016957
v 0.776309 1.879349 0.016957
v 0.644037 1.906705 0.016957
v 0.644037 1.906705 0.016957
v 0.776309 1.906705 0.016957
v 0.644037 1.879349 0.016957
v 0.776309 1.879349 0.016957
vn -0.0000 -0.0000 1.0000
vn -0.0000 -0.0000 -1.0000
s 1
usemtl Translucent_Glass_Blue
f 5042//835 5043//835 5044//835
f 5043//835 5042//835 5045//835
f 5046//836 5047//836 5048//836
f 5049//836 5048//836 5047//836
o SketchUp.132
v 0.319643 1.906705 0.022708
v 0.187371 1.879349 0.022708
v 0.319643 1.879349 0.022708
v 0.187371 1.906705 0.022708
v 0.187371 1.906705 0.022708
v 0.319643 1.906705 0.022708
v 0.187371 1.879349 0.022708
v 0.319643 1.879349 0.022708
vn -0.0000 -0.0000 1.0000
vn -0.0000 -0.0000 -1.0000
s 1
usemtl Translucent_Glass_Blue
f 5050//837 5051//837 5052//837
f 5051//837 5050//837 5053//837
f 5054//838 5055//838 5056//838
f 5057//838 5056//838 5055//838
o SketchUp.133
v 0.556144 1.944094 0.019833
v 0.423873 1.916208 0.019833
v 0.556144 1.916208 0.019833
v 0.423873 1.944094 0.019833
v 0.423873 1.944094 0.019833
v 0.556144 1.944094 0.019833
v 0.423873 1.916208 0.019833
v 0.556144 1.916208 0.019833
vn -0.0000 -0.0000 1.0000
vn -0.0000 -0.0000 -1.0000
s 1
usemtl Translucent_Glass_Blue
f 5058//839 5059//839 5060//839
f 5059//839 5058//839 5061//839
f 5062//840 5063//840 5064//840
f 5065//840 5064//840 5063//840
o SketchUp.134
v 0.776309 1.868085 0.016957
v 0.644037 1.839540 0.016957
v 0.776309 1.839540 0.016957
v 0.644037 1.868085 0.016957
v 0.644037 1.868085 0.016957
v 0.776309 1.868085 0.016957
v 0.644037 1.839540 0.016957
v 0.776309 1.839540 0.016957
vn -0.0000 -0.0000 1.0000
vn -0.0000 -0.0000 -1.0000
s 1
usemtl Translucent_Glass_Blue
f 5066//841 5067//841 5068//841
f 5067//841 5066//841 5069//841
f 5070//842 5071//842 5072//842
f 5073//842 5072//842 5071//842
o SketchUp.135
v 0.776309 1.944094 0.016957
v 0.644037 1.916208 0.016957
v 0.776309 1.916208 0.016957
v 0.644037 1.944094 0.016957
v 0.644037 1.944094 0.016957
v 0.776309 1.944094 0.016957
v 0.644037 1.916208 0.016957
v 0.776309 1.916208 0.016957
vn -0.0000 -0.0000 1.0000
vn -0.0000 -0.0000 -1.0000
s 1
usemtl Translucent_Glass_Blue
f 5074//843 5075//843 5076//843
f 5075//843 5074//843 5077//843
f 5078//844 5079//844 5080//844
f 5081//844 5080//844 5079//844
o SketchUp.136
v 0.319643 1.829495 0.022708
v 0.187371 1.799656 0.022708
v 0.319643 1.799656 0.022708
v 0.187371 1.829495 0.022708
v 0.187371 1.829495 0.022708
v 0.319643 1.829495 0.022708
v 0.187371 1.799656 0.022708
v 0.319643 1.799656 0.022708
vn -0.0000 -0.0000 1.0000
vn -0.0000 -0.0000 -1.0000
s 1
usemtl Translucent_Glass_Blue
f 5082//845 5083//845 5084//845
f 5083//845 5082//845 5085//845
f 5086//846 5087//846 5088//846
f 5089//846 5088//846 5087//846
o SketchUp.137
v 0.319643 1.868085 0.022708
v 0.187371 1.839540 0.022708
v 0.319643 1.839540 0.022708
v 0.187371 1.868085 0.022708
v 0.187371 1.868085 0.022708
v 0.319643 1.868085 0.022708
v 0.187371 1.839540 0.022708
v 0.319643 1.839540 0.022708
vn -0.0000 -0.0000 1.0000
vn -0.0000 -0.0000 -1.0000
s 1
usemtl Translucent_Glass_Blue
f 5090//847 5091//847 5092//847
f 5091//847 5090//847 5093//847
f 5094//848 5095//848 5096//848
f 5097//848 5096//848 5095//848
o SketchUp.138
v 0.556144 1.829495 0.019833
v 0.423873 1.799656 0.019833
v 0.556144 1.799656 0.019833
v 0.423873 1.829495 0.019833
v 0.423873 1.829495 0.019833
v 0.556144 1.829495 0.019833
v 0.423873 1.799656 0.019833
v 0.556144 1.799656 0.019833
vn -0.0000 -0.0000 1.0000
vn -0.0000 -0.0000 -1.0000
s 1
usemtl Translucent_Glass_Blue
f 5098//849 5099//849 5100//849
f 5099//849 5098//849 5101//849
f 5102//850 5103//850 5104//850
f 5105//850 5104//850 5103//850
o SketchUp.139
v 0.319643 1.542965 0.027021
v 0.187371 1.542965 -0.000000
v 0.187371 1.542965 0.027021
v 0.200311 1.542965 -0.000000
v 0.319643 1.542965 -0.000000
vn -0.0000 1.0000 -0.0000
vt 3.647042 -0.308306
vt 2.137856 0.000000
vt 2.137856 -0.308306
vt 2.285494 0.000000
vt 3.647042 0.000000
s 1
usemtl Wood_Floor_Parquet
f 5106/4124/851 5107/4125/851 5108/4126/851
f 5107/4125/851 5106/4124/851 5109/4127/851
f 5109/4127/851 5106/4124/851 5110/4128/851
o SketchUp.140
v 0.776309 1.542965 0.021270
v 0.644037 1.542965 -0.000000
v 0.644037 1.542965 0.021270
v 0.776309 1.542965 -0.000000
vn -0.0000 1.0000 -0.0000
vt 8.857483 -0.242689
vt 7.348296 -0.000000
vt 7.348296 -0.242689
vt 8.857483 -0.000000
s 1
usemtl Wood_Floor_Parquet
f 5111/4129/852 5112/4130/852 5113/4131/852
f 5112/4130/852 5111/4129/852 5114/4132/852
o SketchUp.141
v 1.431664 1.944094 0.032471
v 1.299393 1.944094 -0.017850
v 1.299393 1.944094 0.032471
v 1.431664 1.944094 -0.017850
v 1.299393 1.944094 -0.017850
v 1.299393 1.916208 0.032471
v 1.299393 1.944094 0.032471
v 1.299393 1.906705 0.032471
v 1.299393 1.879349 0.032471
v 1.299393 1.868085 0.032471
v 1.299393 1.839540 0.032471
v 1.299393 1.829495 0.032471
v 1.299393 1.799656 0.032471
v 1.299393 1.542965 -0.000000
v 1.299393 1.542965 -0.014975
v 1.299393 1.542965 -0.017850
v 1.299393 1.542965 0.036784
v 1.299393 1.799656 0.036784
v 1.299393 1.829495 0.036784
v 1.299393 1.839540 0.036784
v 1.299393 1.868085 0.038222
v 1.299393 1.879349 0.038222
v 1.299393 1.906705 0.039659
v 1.299393 1.916208 0.039659
v 1.431664 1.542965 -0.000000
v 1.431664 1.799656 0.036784
v 1.431664 1.542965 0.036784
v 1.431664 1.799656 0.032471
v 1.431664 1.829495 0.032471
v 1.431664 1.839540 0.032471
v 1.431664 1.868085 0.032471
v 1.431664 1.879349 0.032471
v 1.431664 1.906705 0.032471
v 1.431664 1.916208 0.032471
v 1.431664 1.944094 0.032471
v 1.431664 1.944094 -0.017850
v 1.431664 1.542965 -0.014975
v 1.431664 1.542965 -0.017850
v 1.431664 1.916208 0.039659
v 1.431664 1.906705 0.039659
v 1.431664 1.879349 0.038222
v 1.431664 1.868085 0.038222
v 1.431664 1.839540 0.036784
v 1.431664 1.829495 0.036784
v 1.431664 1.799656 0.036784
v 1.299393 1.542965 0.036784
v 1.431664 1.542965 0.036784
v 1.299393 1.799656 0.036784
v 1.431664 1.799656 0.036784
v 1.299393 1.799656 0.032471
v 1.299393 1.799656 0.036784
v 1.431664 1.799656 0.032471
v 1.431664 1.829495 0.032471
v 1.299393 1.829495 0.036784
v 1.299393 1.829495 0.032471
v 1.431664 1.829495 0.036784
v 1.431664 1.839540 0.036784
v 1.299393 1.829495 0.036784
v 1.431664 1.829495 0.036784
v 1.299393 1.839540 0.036784
v 1.431664 1.839540 0.036784
v 1.299393 1.839540 0.032471
v 1.299393 1.839540 0.036784
v 1.431664 1.839540 0.032471
v 1.431664 1.868085 0.032471
v 1.299393 1.868085 0.038222
v 1.299393 1.868085 0.032471
v 1.431664 1.868085 0.038222
v 1.431664 1.879349 0.038222
v 1.299393 1.868085 0.038222
v 1.431664 1.868085 0.038222
v 1.299393 1.879349 0.038222
v 1.431664 1.879349 0.038222
v 1.299393 1.879349 0.032471
v 1.299393 1.879349 0.038222
v 1.431664 1.879349 0.032471
v 1.431664 1.906705 0.032471
v 1.299393 1.906705 0.039659
v 1.299393 1.906705 0.032471
v 1.431664 1.906705 0.039659
v 1.431664 1.916208 0.039659
v 1.299393 1.906705 0.039659
v 1.431664 1.906705 0.039659
v 1.299393 1.916208 0.039659
v 1.431664 1.916208 0.039659
v 1.299393 1.916208 0.032471
v 1.299393 1.916208 0.039659
v 1.431664 1.916208 0.032471
vn -0.0000 1.0000 -0.0000
vn -1.0000 -0.0000 -0.0000
vn 1.0000 -0.0000 -0.0000
vn -0.0000 -0.0000 1.0000
vn -0.0000 -1.0000 -0.0000
vt 16.334919 -0.370483
vt 14.825729 0.203664
vt 14.825729 -0.370483
vt 16.334919 0.203664
vt -0.203664 22.181599
vt 0.370483 21.863430
vt 0.370483 22.181599
vt 0.370483 21.755001
vt 0.370483 21.442879
vt 0.370483 21.314369
vt 0.370483 20.988670
vt 0.370483 20.874060
vt 0.370483 20.533600
vt -0.000000 17.604830
vt -0.170855 17.604830
vt -0.203664 17.604830
vt 0.419696 17.604830
vt 0.419696 20.533600
vt 0.419696 20.874060
vt 0.419696 20.988670
vt 0.436100 21.314369
vt 0.436100 21.442879
vt 0.452504 21.755001
vt 0.452504 21.863430
vt -0.419696 20.533600
vt -0.419696 17.604830
vt -0.370483 20.533600
vt -0.370483 20.874060
vt -0.370483 20.988670
vt -0.370483 21.314369
vt -0.370483 21.442879
vt -0.370483 21.755001
vt -0.370483 21.863430
vt -0.370483 22.181599
vt 0.203664 22.181599
vt 0.170855 17.604830
vt 0.203664 17.604830
vt -0.452504 21.863430
vt -0.452504 21.755001
vt -0.436100 21.442879
vt -0.436100 21.314369
vt -0.419696 20.988670
vt -0.419696 20.874060
vt 16.334919 20.533600
vt 14.825729 17.604830
vt 16.334919 17.604830
vt 14.825729 20.533600
vt 16.334919 -0.419696
vt 14.825729 -0.419696
vt -16.334919 -0.370483
vt -14.825729 -0.419696
vt -14.825729 -0.370483
vt -16.334919 -0.419696
vt 16.334919 20.988670
vt 14.825729 20.874060
vt 16.334919 20.874060
vt 14.825729 20.988670
vt -14.825729 -0.436100
vt -16.334919 -0.436100
vt 16.334919 21.442879
vt 14.825729 21.314369
vt 16.334919 21.314369
vt 14.825729 21.442879
vt 16.334919 -0.436100
vt 14.825729 -0.436100
vt -14.825729 -0.452504
vt -16.334919 -0.452504
vt 16.334919 21.863430
vt 14.825729 21.755001
vt 16.334919 21.755001
vt 14.825729 21.863430
vt 16.334919 -0.452504
vt 14.825729 -0.452504
s 1
usemtl Wood_Floor_Parquet
f 5115/4133/853 5116/4134/853 5117/4135/853
f 5116/4134/853 5115/4133/853 5118/4136/853
f 5119/4137/854 5120/4138/854 5121/4139/854
f 5120/4138/854 5119/4137/854 5122/4140/854
f 5122/4140/854 5119/4137/854 5123/4141/854
f 5123/4141/854 5119/4137/854 5124/4142/854
f 5124/4142/854 5119/4137/854 5125/4143/854
f 5125/4143/854 5119/4137/854 5126/4144/854
f 5126/4144/854 5119/4137/854 5127/4145/854
f 5127/4145/854 5119/4137/854 5128/4146/854
f 5128/4146/854 5119/4137/854 5129/4147/854
f 5129/4147/854 5119/4137/854 5130/4148/854
f 5127/4145/854 5131/4149/854 5132/4150/854
f 5131/4149/854 5127/4145/854 5128/4146/854
f 5125/4143/854 5133/4151/854 5134/4152/854
f 5133/4151/854 5125/4143/854 5126/4144/854
f 5123/4141/854 5135/4153/854 5136/4154/854
f 5135/4153/854 5123/4141/854 5124/4142/854
f 5120/4138/854 5137/4155/854 5138/4156/854
f 5137/4155/854 5120/4138/854 5122/4140/854
f 5139/4146/855 5140/4157/855 5141/4158/855
f 5140/4157/855 5139/4146/855 5142/4159/855
f 5142/4159/855 5139/4146/855 5143/4160/855
f 5143/4160/855 5139/4146/855 5144/4161/855
f 5144/4161/855 5139/4146/855 5145/4162/855
f 5145/4162/855 5139/4146/855 5146/4163/855
f 5146/4163/855 5139/4146/855 5147/4164/855
f 5147/4164/855 5139/4146/855 5148/4165/855
f 5148/4165/855 5139/4146/855 5149/4166/855
f 5149/4166/855 5139/4146/855 5150/4167/855
f 5150/4167/855 5139/4146/855 5151/4168/855
f 5150/4167/855 5151/4168/855 5152/4169/855
f 5147/4164/855 5153/4170/855 5154/4171/855
f 5153/4170/855 5147/4164/855 5148/4165/855
f 5145/4162/855 5155/4172/855 5156/4173/855
f 5155/4172/855 5145/4162/855 5146/4163/855
f 5143/4160/855 5157/4174/855 5158/4175/855
f 5157/4174/855 5143/4160/855 5144/4161/855
f 5159/4176/856 5160/4177/856 5161/4178/856
f 5160/4177/856 5159/4176/856 5162/4179/856
f 5163/4180/853 5164/4135/853 5165/4181/853
f 5164/4135/853 5163/4180/853 5166/4133/853
f 5167/4182/857 5168/4183/857 5169/4184/857
f 5168/4183/857 5167/4182/857 5170/4185/857
f 5171/4186/856 5172/4187/856 5173/4188/856
f 5172/4187/856 5171/4186/856 5174/4189/856
f 5175/4180/853 5176/4135/853 5177/4181/853
f 5176/4135/853 5175/4180/853 5178/4133/853
f 5179/4182/857 5180/4190/857 5181/4184/857
f 5180/4190/857 5179/4182/857 5182/4191/857
f 5183/4192/856 5184/4193/856 5185/4194/856
f 5184/4193/856 5183/4192/856 5186/4195/856
f 5187/4196/853 5188/4135/853 5189/4197/853
f 5188/4135/853 5187/4196/853 5190/4133/853
f 5191/4182/857 5192/4198/857 5193/4184/857
f 5192/4198/857 5191/4182/857 5194/4199/857
f 5195/4200/856 5196/4201/856 5197/4202/856
f 5196/4201/856 5195/4200/856 5198/4203/856
f 5199/4204/853 5200/4135/853 5201/4205/853
f 5200/4135/853 5199/4204/853 5202/4133/853
o SketchUp.142
v 1.651829 1.879349 0.035346
v 1.519557 1.879349 0.029595
v 1.519557 1.879349 0.035346
v 1.651829 1.879349 0.029595
v 1.519557 1.944094 -0.020725
v 1.519557 1.916208 0.029595
v 1.519557 1.944094 0.029595
v 1.519557 1.906705 0.029595
v 1.519557 1.879349 0.029595
v 1.519557 1.868085 0.029595
v 1.519557 1.839540 0.029595
v 1.519557 1.829495 0.029595
v 1.519557 1.799656 0.029595
v 1.519557 1.542965 -0.000000
v 1.519557 1.542965 -0.014975
v 1.519557 1.542965 -0.020725
v 1.519557 1.542965 0.033909
v 1.519557 1.799656 0.033909
v 1.519557 1.829495 0.033909
v 1.519557 1.839540 0.033909
v 1.519557 1.868085 0.035346
v 1.519557 1.879349 0.035346
v 1.519557 1.906705 0.036784
v 1.519557 1.916208 0.036784
v 1.651829 1.879349 0.035346
v 1.519557 1.868085 0.035346
v 1.651829 1.868085 0.035346
v 1.519557 1.879349 0.035346
v 1.651829 1.542965 -0.000000
v 1.651829 1.799656 0.033909
v 1.651829 1.542965 0.033909
v 1.651829 1.799656 0.029595
v 1.651829 1.829495 0.029595
v 1.651829 1.839540 0.029595
v 1.651829 1.868085 0.029595
v 1.651829 1.879349 0.029595
v 1.651829 1.906705 0.029595
v 1.651829 1.916208 0.029595
v 1.651829 1.944094 0.029595
v 1.651829 1.944094 -0.020725
v 1.651829 1.542965 -0.014975
v 1.651829 1.542965 -0.020725
v 1.651829 1.916208 0.036784
v 1.651829 1.906705 0.036784
v 1.651829 1.879349 0.035346
v 1.651829 1.868085 0.035346
v 1.651829 1.839540 0.033909
v 1.651829 1.829495 0.033909
v 1.651829 1.799656 0.033909
v 1.651107 1.542965 0.033909
v 1.651829 1.542965 0.033909
v 1.519557 1.542965 0.033909
v 1.519557 1.799656 0.033909
v 1.651829 1.799656 0.033909
v 1.519557 1.799656 0.029595
v 1.519557 1.799656 0.033909
v 1.651829 1.799656 0.029595
v 1.651829 1.829495 0.029595
v 1.519557 1.829495 0.033909
v 1.519557 1.829495 0.029595
v 1.651829 1.829495 0.033909
v 1.651829 1.839540 0.033909
v 1.519557 1.829495 0.033909
v 1.651829 1.829495 0.033909
v 1.519557 1.839540 0.033909
v 1.651829 1.839540 0.033909
v 1.519557 1.839540 0.029595
v 1.519557 1.839540 0.033909
v 1.651829 1.839540 0.029595
v 1.651829 1.868085 0.029595
v 1.519557 1.868085 0.035346
v 1.519557 1.868085 0.029595
v 1.651829 1.868085 0.035346
v 1.651829 1.906705 0.029595
v 1.519557 1.906705 0.036784
v 1.519557 1.906705 0.029595
v 1.651829 1.906705 0.036784
v 1.651829 1.916208 0.036784
v 1.519557 1.906705 0.036784
v 1.651829 1.906705 0.036784
v 1.519557 1.916208 0.036784
v 1.651829 1.916208 0.036784
v 1.519557 1.916208 0.029595
v 1.519557 1.916208 0.036784
v 1.651829 1.916208 0.029595
v 1.651829 1.944094 0.029595
v 1.519557 1.944094 -0.020725
v 1.519557 1.944094 0.029595
v 1.651829 1.944094 -0.020725
vn -0.0000 1.0000 -0.0000
vn -1.0000 -0.0000 -0.0000
vn -0.0000 -0.0000 1.0000
vn 1.0000 -0.0000 -0.0000
vn -0.0000 -1.0000 -0.0000
vt 18.846930 -0.403291
vt 17.337749 -0.337675
vt 17.337749 -0.403291
vt 18.846930 -0.337675
vt -0.236472 22.181599
vt 0.337675 21.863430
vt 0.337675 22.181599
vt 0.337675 21.755001
vt 0.337675 21.442879
vt 0.337675 21.314369
vt 0.337675 20.988670
vt 0.337675 20.874060
vt 0.337675 20.533600
vt -0.000000 17.604830
vt -0.170855 17.604830
vt -0.236472 17.604830
vt 0.386887 17.604830
vt 0.386887 20.533600
vt 0.386887 20.874060
vt 0.386887 20.988670
vt 0.403291 21.314369
vt 0.403291 21.442879
vt 0.419696 21.755001
vt 0.419696 21.863430
vt 18.846930 21.442879
vt 17.337749 21.314369
vt 18.846930 21.314369
vt 17.337749 21.442879
vt -0.386887 20.533600
vt -0.386887 17.604830
vt -0.337675 20.533600
vt -0.337675 20.874060
vt -0.337675 20.988670
vt -0.337675 21.314369
vt -0.337675 21.442879
vt -0.337675 21.755001
vt -0.337675 21.863430
vt -0.337675 22.181599
vt 0.236472 22.181599
vt 0.170855 17.604830
vt 0.236472 17.604830
vt -0.419696 21.863430
vt -0.419696 21.755001
vt -0.403291 21.442879
vt -0.403291 21.314369
vt -0.386887 20.988670
vt -0.386887 20.874060
vt 18.846930 20.533600
vt 18.838699 17.604830
vt 18.846930 17.604830
vt 17.337749 17.604830
vt 17.337749 20.533600
vt 18.846930 -0.386887
vt 17.337749 -0.386887
vt -18.846930 -0.337675
vt -17.337749 -0.386887
vt -17.337749 -0.337675
vt -18.846930 -0.386887
vt 18.846930 20.988670
vt 17.337749 20.874060
vt 18.846930 20.874060
vt 17.337749 20.988670
vt -17.337749 -0.403291
vt -18.846930 -0.403291
vt -17.337749 -0.419696
vt -18.846930 -0.419696
vt 18.846930 21.863430
vt 17.337749 21.755001
vt 18.846930 21.755001
vt 17.337749 21.863430
vt 18.846930 -0.419696
vt 17.337749 -0.419696
vt 17.337749 0.236472
vt 18.846930 0.236472
s 1
usemtl Wood_Floor_Parquet
f 5203/4206/858 5204/4207/858 5205/4208/858
f 5204/4207/858 5203/4206/858 5206/4209/858
f 5207/4210/859 5208/4211/859 5209/4212/859
f 5208/4211/859 5207/4210/859 5210/4213/859
f 5210/4213/859 5207/4210/859 5211/4214/859
f 5211/4214/859 5207/4210/859 5212/4215/859
f 5212/4215/859 5207/4210/859 5213/4216/859
f 5213/4216/859 5207/4210/859 5214/4217/859
f 5214/4217/859 5207/4210/859 5215/4218/859
f 5215/4218/859 5207/4210/859 5216/4219/859
f 5216/4219/859 5207/4210/859 5217/4220/859
f 5217/4220/859 5207/4210/859 5218/4221/859
f 5215/4218/859 5219/4222/859 5220/4223/859
f 5219/4222/859 5215/4218/859 5216/4219/859
f 5213/4216/859 5221/4224/859 5222/4225/859
f 5221/4224/859 5213/4216/859 5214/4217/859
f 5211/4214/859 5223/4226/859 5224/4227/859
f 5223/4226/859 5211/4214/859 5212/4215/859
f 5208/4211/859 5225/4228/859 5226/4229/859
f 5225/4228/859 5208/4211/859 5210/4213/859
f 5227/4230/860 5228/4231/860 5229/4232/860
f 5228/4231/860 5227/4230/860 5230/4233/860
f 5231/4219/861 5232/4234/861 5233/4235/861
f 5232/4234/861 5231/4219/861 5234/4236/861
f 5234/4236/861 5231/4219/861 5235/4237/861
f 5235/4237/861 5231/4219/861 5236/4238/861
f 5236/4238/861 5231/4219/861 5237/4239/861
f 5237/4239/861 5231/4219/861 5238/4240/861
f 5238/4240/861 5231/4219/861 5239/4241/861
f 5239/4241/861 5231/4219/861 5240/4242/861
f 5240/4242/861 5231/4219/861 5241/4243/861
f 5241/4243/861 5231/4219/861 5242/4244/861
f 5242/4244/861 5231/4219/861 5243/4245/861
f 5242/4244/861 5243/4245/861 5244/4246/861
f 5239/4241/861 5245/4247/861 5246/4248/861
f 5245/4247/861 5239/4241/861 5240/4242/861
f 5237/4239/861 5247/4249/861 5248/4250/861
f 5247/4249/861 5237/4239/861 5238/4240/861
f 5235/4237/861 5249/4251/861 5250/4252/861
f 5249/4251/861 5235/4237/861 5236/4238/861
f 5251/4253/860 5252/4254/860 5253/4255/860
f 5252/4254/860 5251/4253/860 5254/4256/860
f 5254/4256/860 5251/4253/860 5255/4257/860
f 5256/4258/858 5257/4207/858 5258/4259/858
f 5257/4207/858 5256/4258/858 5259/4209/858
f 5260/4260/862 5261/4261/862 5262/4262/862
f 5261/4261/862 5260/4260/862 5263/4263/862
f 5264/4264/860 5265/4265/860 5266/4266/860
f 5265/4265/860 5264/4264/860 5267/4267/860
f 5268/4258/858 5269/4207/858 5270/4259/858
f 5269/4207/858 5268/4258/858 5271/4209/858
f 5272/4260/862 5273/4268/862 5274/4262/862
f 5273/4268/862 5272/4260/862 5275/4269/862
f 5276/4260/862 5277/4270/862 5278/4262/862
f 5277/4270/862 5276/4260/862 5279/4271/862
f 5280/4272/860 5281/4273/860 5282/4274/860
f 5281/4273/860 5280/4272/860 5283/4275/860
f 5284/4276/858 5285/4207/858 5286/4277/858
f 5285/4207/858 5284/4276/858 5287/4209/858
f 5288/4209/858 5289/4278/858 5290/4207/858
f 5289/4278/858 5288/4209/858 5291/4279/858
o SketchUp.143
v 1.431664 1.868085 0.032471
v 1.299393 1.839540 0.032471
v 1.431664 1.839540 0.032471
v 1.299393 1.868085 0.032471
v 1.299393 1.868085 0.032471
v 1.431664 1.868085 0.032471
v 1.299393 1.839540 0.032471
v 1.431664 1.839540 0.032471
vn -0.0000 -0.0000 1.0000
vn -0.0000 -0.0000 -1.0000
s 1
usemtl Translucent_Glass_Blue
f 5292//863 5293//863 5294//863
f 5293//863 5292//863 5295//863
f 5296//864 5297//864 5298//864
f 5299//864 5298//864 5297//864
o SketchUp.144
v 1.431664 1.906705 0.032471
v 1.299393 1.879349 0.032471
v 1.431664 1.879349 0.032471
v 1.299393 1.906705 0.032471
v 1.299393 1.906705 0.032471
v 1.431664 1.906705 0.032471
v 1.299393 1.879349 0.032471
v 1.431664 1.879349 0.032471
vn -0.0000 -0.0000 1.0000
vn -0.0000 -0.0000 -1.0000
s 1
usemtl Translucent_Glass_Blue
f 5300//865 5301//865 5302//865
f 5301//865 5300//865 5303//865
f 5304//866 5305//866 5306//866
f 5307//866 5306//866 5305//866
o SketchUp.145
v 1.431664 1.829495 0.032471
v 1.299393 1.799656 0.032471
v 1.431664 1.799656 0.032471
v 1.299393 1.829495 0.032471
v 1.299393 1.829495 0.032471
v 1.431664 1.829495 0.032471
v 1.299393 1.799656 0.032471
v 1.431664 1.799656 0.032471
vn -0.0000 -0.0000 1.0000
vn -0.0000 -0.0000 -1.0000
s 1
usemtl Translucent_Glass_Blue
f 5308//867 5309//867 5310//867
f 5309//867 5308//867 5311//867
f 5312//868 5313//868 5314//868
f 5315//868 5314//868 5313//868
o SketchUp.146
v 1.195163 1.906705 0.035346
v 1.062891 1.879349 0.035346
v 1.195163 1.879349 0.035346
v 1.062891 1.906705 0.035346
v 1.062891 1.906705 0.035346
v 1.195163 1.906705 0.035346
v 1.062891 1.879349 0.035346
v 1.195163 1.879349 0.035346
vn -0.0000 -0.0000 1.0000
vn -0.0000 -0.0000 -1.0000
s 1
usemtl Translucent_Glass_Blue
f 5316//869 5317//869 5318//869
f 5317//869 5316//869 5319//869
f 5320//870 5321//870 5322//870
f 5323//870 5322//870 5321//870
o SketchUp.147
v 1.195163 1.839540 0.039659
v 1.062891 1.829495 0.039659
v 1.195163 1.829495 0.039659
v 1.062891 1.839540 0.039659
v 1.195163 1.829495 0.035346
v 1.062891 1.829495 0.039659
v 1.062891 1.829495 0.035346
v 1.195163 1.829495 0.039659
v 1.195163 1.542965 -0.000000
v 1.195163 1.799656 0.039659
v 1.195163 1.542965 0.039659
v 1.195163 1.799656 0.035346
v 1.195163 1.829495 0.035346
v 1.195163 1.839540 0.035346
v 1.195163 1.868085 0.035346
v 1.195163 1.879349 0.035346
v 1.195163 1.906705 0.035346
v 1.195163 1.916208 0.035346
v 1.195163 1.944094 0.035346
v 1.195163 1.944094 -0.014975
v 1.195163 1.542965 -0.014975
v 1.195163 1.916208 0.042535
v 1.195163 1.906705 0.042535
v 1.195163 1.879349 0.041097
v 1.195163 1.868085 0.041097
v 1.195163 1.839540 0.039659
v 1.195163 1.829495 0.039659
v 1.195163 1.839540 0.039659
v 1.062891 1.839540 0.035346
v 1.062891 1.839540 0.039659
v 1.195163 1.839540 0.035346
v 1.195163 1.944094 0.035346
v 1.062891 1.944094 -0.014975
v 1.062891 1.944094 0.035346
v 1.195163 1.944094 -0.014975
v 1.195163 1.916208 0.042535
v 1.062891 1.916208 0.035346
v 1.062891 1.916208 0.042535
v 1.195163 1.916208 0.035346
v 1.195163 1.916208 0.042535
v 1.062891 1.906705 0.042535
v 1.195163 1.906705 0.042535
v 1.062891 1.916208 0.042535
v 1.195163 1.906705 0.035346
v 1.062891 1.906705 0.042535
v 1.062891 1.906705 0.035346
v 1.195163 1.906705 0.042535
v 1.195163 1.879349 0.041097
v 1.062891 1.879349 0.035346
v 1.062891 1.879349 0.041097
v 1.195163 1.879349 0.035346
v 1.195163 1.879349 0.041097
v 1.062891 1.868085 0.041097
v 1.195163 1.868085 0.041097
v 1.062891 1.879349 0.041097
v 1.195163 1.868085 0.035346
v 1.062891 1.868085 0.041097
v 1.062891 1.868085 0.035346
v 1.195163 1.868085 0.041097
v 1.195163 1.799656 0.039659
v 1.062891 1.799656 0.035346
v 1.062891 1.799656 0.039659
v 1.195163 1.799656 0.035346
v 1.195163 1.799656 0.039659
v 1.062891 1.542965 0.039659
v 1.195163 1.542965 0.039659
v 1.062891 1.799656 0.039659
vn -0.0000 -0.0000 1.0000
vn -0.0000 -1.0000 -0.0000
vn 1.0000 -0.0000 -0.0000
vn -0.0000 1.0000 -0.0000
vt 13.636490 20.988670
vt 12.127310 20.874060
vt 13.636490 20.874060
vt 12.127310 20.988670
vt -13.636490 -0.403291
vt -12.127310 -0.452504
vt -12.127310 -0.403291
vt -13.636490 -0.452504
vt 0.000000 17.604830
vt -0.452504 20.533600
vt -0.452504 17.604830
vt -0.403291 20.533600
vt -0.403291 20.874060
vt -0.403291 20.988670
vt -0.403291 21.314369
vt -0.403291 21.442879
vt -0.403291 21.755001
vt -0.403291 21.863430
vt -0.403291 22.181599
vt 0.170855 22.181599
vt 0.170855 17.604830
vt -0.485312 21.863430
vt -0.485312 21.755001
vt -0.468908 21.442879
vt -0.468908 21.314369
vt -0.452504 20.988670
vt -0.452504 20.874060
vt 13.636490 -0.452504
vt 12.127310 -0.403291
vt 12.127310 -0.452504
vt 13.636490 -0.403291
vt 12.127310 0.170855
vt 13.636490 0.170855
vt 13.636490 -0.485312
vt 12.127310 -0.485312
vt 13.636490 21.863430
vt 12.127310 21.755001
vt 13.636490 21.755001
vt 12.127310 21.863430
vt -12.127310 -0.485312
vt -13.636490 -0.485312
vt 13.636490 -0.468908
vt 12.127310 -0.468908
vt 13.636490 21.442879
vt 12.127310 21.314369
vt 13.636490 21.314369
vt 12.127310 21.442879
vt -12.127310 -0.468908
vt -13.636490 -0.468908
vt 13.636490 20.533600
vt 12.127310 17.604830
vt 13.636490 17.604830
vt 12.127310 20.533600
s 1
usemtl Wood_Floor_Parquet
f 5324/4280/871 5325/4281/871 5326/4282/871
f 5325/4281/871 5324/4280/871 5327/4283/871
f 5328/4284/872 5329/4285/872 5330/4286/872
f 5329/4285/872 5328/4284/872 5331/4287/872
f 5332/4288/873 5333/4289/873 5334/4290/873
f 5333/4289/873 5332/4288/873 5335/4291/873
f 5335/4291/873 5332/4288/873 5336/4292/873
f 5336/4292/873 5332/4288/873 5337/4293/873
f 5337/4293/873 5332/4288/873 5338/4294/873
f 5338/4294/873 5332/4288/873 5339/4295/873
f 5339/4295/873 5332/4288/873 5340/4296/873
f 5340/4296/873 5332/4288/873 5341/4297/873
f 5341/4297/873 5332/4288/873 5342/4298/873
f 5342/4298/873 5332/4288/873 5343/4299/873
f 5343/4299/873 5332/4288/873 5344/4300/873
f 5340/4296/873 5345/4301/873 5346/4302/873
f 5345/4301/873 5340/4296/873 5341/4297/873
f 5338/4294/873 5347/4303/873 5348/4304/873
f 5347/4303/873 5338/4294/873 5339/4295/873
f 5336/4292/873 5349/4305/873 5350/4306/873
f 5349/4305/873 5336/4292/873 5337/4293/873
f 5351/4307/874 5352/4308/874 5353/4309/874
f 5352/4308/874 5351/4307/874 5354/4310/874
f 5355/4310/874 5356/4311/874 5357/4308/874
f 5356/4311/874 5355/4310/874 5358/4312/874
f 5359/4313/874 5360/4308/874 5361/4314/874
f 5360/4308/874 5359/4313/874 5362/4310/874
f 5363/4315/871 5364/4316/871 5365/4317/871
f 5364/4316/871 5363/4315/871 5366/4318/871
f 5367/4284/872 5368/4319/872 5369/4286/872
f 5368/4319/872 5367/4284/872 5370/4320/872
f 5371/4321/874 5372/4308/874 5373/4322/874
f 5372/4308/874 5371/4321/874 5374/4310/874
f 5375/4323/871 5376/4324/871 5377/4325/871
f 5376/4324/871 5375/4323/871 5378/4326/871
f 5379/4284/872 5380/4327/872 5381/4286/872
f 5380/4327/872 5379/4284/872 5382/4328/872
f 5383/4307/874 5384/4308/874 5385/4309/874
f 5384/4308/874 5383/4307/874 5386/4310/874
f 5387/4329/871 5388/4330/871 5389/4331/871
f 5388/4330/871 5387/4329/871 5390/4332/871
o SketchUp.150
v 1.431664 1.944094 0.032471
v 1.299393 1.916208 0.032471
v 1.431664 1.916208 0.032471
v 1.299393 1.944094 0.032471
v 1.299393 1.944094 0.032471
v 1.431664 1.944094 0.032471
v 1.299393 1.916208 0.032471
v 1.431664 1.916208 0.032471
vn -0.0000 -0.0000 1.0000
vn -0.0000 -0.0000 -1.0000
s 1
usemtl Translucent_Glass_Blue
f 5391//875 5392//875 5393//875
f 5392//875 5391//875 5394//875
f 5395//876 5396//876 5397//876
f 5398//876 5397//876 5396//876
o SketchUp.152
v 1.195163 1.868085 0.035346
v 1.062891 1.839540 0.035346
v 1.195163 1.839540 0.035346
v 1.062891 1.868085 0.035346
v 1.062891 1.868085 0.035346
v 1.195163 1.868085 0.035346
v 1.062891 1.839540 0.035346
v 1.195163 1.839540 0.035346
vn -0.0000 -0.0000 1.0000
vn -0.0000 -0.0000 -1.0000
s 1
usemtl Translucent_Glass_Blue
f 5399//877 5400//877 5401//877
f 5400//877 5399//877 5402//877
f 5403//878 5404//878 5405//878
f 5406//878 5405//878 5404//878
o SketchUp.153
v 1.195163 1.829495 0.035346
v 1.062891 1.799656 0.035346
v 1.195163 1.799656 0.035346
v 1.062891 1.829495 0.035346
v 1.062891 1.829495 0.035346
v 1.195163 1.829495 0.035346
v 1.062891 1.799656 0.035346
v 1.195163 1.799656 0.035346
vn -0.0000 -0.0000 1.0000
vn -0.0000 -0.0000 -1.0000
s 1
usemtl Translucent_Glass_Blue
f 5407//879 5408//879 5409//879
f 5408//879 5407//879 5410//879
f 5411//880 5412//880 5413//880
f 5414//880 5413//880 5412//880
o SketchUp.154
v 1.195163 1.944094 0.035346
v 1.062891 1.916208 0.035346
v 1.195163 1.916208 0.035346
v 1.062891 1.944094 0.035346
v 1.062891 1.944094 0.035346
v 1.195163 1.944094 0.035346
v 1.062891 1.916208 0.035346
v 1.195163 1.916208 0.035346
vn -0.0000 -0.0000 1.0000
vn -0.0000 -0.0000 -1.0000
s 1
usemtl Translucent_Glass_Blue
f 5415//881 5416//881 5417//881
f 5416//881 5415//881 5418//881
f 5419//882 5420//882 5421//882
f 5422//882 5421//882 5420//882
o SketchUp.156
v 1.431664 1.542965 0.036784
v 1.299393 1.542965 -0.000000
v 1.299393 1.542965 0.036784
v 1.431664 1.542965 -0.000000
vn -0.0000 1.0000 -0.0000
vt 16.334919 -0.419696
vt 14.825729 0.000000
vt 14.825729 -0.419696
vt 16.334919 0.000000
s 1
usemtl Wood_Floor_Parquet
f 5423/4333/883 5424/4334/883 5425/4335/883
f 5424/4334/883 5423/4333/883 5426/4336/883
o SketchUp.157
v 2.062299 1.916208 0.024548
v 1.930028 1.906705 0.024548
v 2.062299 1.906705 0.024548
v 1.930028 1.916208 0.024548
v 2.062299 1.542965 -0.000000
v 2.062299 1.799656 0.021672
v 2.062299 1.542965 0.021672
v 2.062299 1.799656 0.017359
v 2.062299 1.829495 0.017359
v 2.062299 1.839540 0.017359
v 2.062299 1.868085 0.017359
v 2.062299 1.879349 0.017359
v 2.062299 1.906705 0.017359
v 2.062299 1.916208 0.017359
v 2.062299 1.944094 0.017359
v 2.062299 1.944094 -0.032962
v 2.062299 1.542965 -0.032962
v 2.062299 1.916208 0.024548
v 2.062299 1.906705 0.024548
v 2.062299 1.879349 0.023110
v 2.062299 1.868085 0.023110
v 2.062299 1.839540 0.021672
v 2.062299 1.829495 0.021672
v 2.062299 1.916208 0.024548
v 1.930028 1.916208 0.017359
v 1.930028 1.916208 0.024548
v 2.062299 1.916208 0.017359
v 1.930028 1.944094 -0.032962
v 1.930028 1.916208 0.017359
v 1.930028 1.944094 0.017359
v 1.930028 1.906705 0.017359
v 1.930028 1.879349 0.017359
v 1.930028 1.868085 0.017359
v 1.930028 1.839540 0.017359
v 1.930028 1.829495 0.017359
v 1.930028 1.799656 0.017359
v 1.930028 1.542965 -0.000000
v 1.930028 1.542965 -0.032962
v 1.930028 1.542965 0.021672
v 1.930028 1.799656 0.021672
v 1.930028 1.829495 0.021672
v 1.930028 1.839540 0.021672
v 1.930028 1.868085 0.023110
v 1.930028 1.879349 0.023110
v 1.930028 1.906705 0.024548
v 1.930028 1.916208 0.024548
v 2.062299 1.906705 0.017359
v 1.930028 1.906705 0.024548
v 1.930028 1.906705 0.017359
v 2.062299 1.906705 0.024548
v 2.062299 1.944094 0.017359
v 1.930028 1.944094 -0.032962
v 1.930028 1.944094 0.017359
v 2.062299 1.944094 -0.032962
v 2.062299 1.879349 0.023110
v 1.930028 1.879349 0.017359
v 1.930028 1.879349 0.023110
v 2.062299 1.879349 0.017359
v 2.062299 1.879349 0.023110
v 1.930028 1.868085 0.023110
v 2.062299 1.868085 0.023110
v 1.930028 1.879349 0.023110
v 2.062299 1.868085 0.017359
v 1.930028 1.868085 0.023110
v 1.930028 1.868085 0.017359
v 2.062299 1.868085 0.023110
v 2.062299 1.839540 0.021672
v 1.930028 1.839540 0.017359
v 1.930028 1.839540 0.021672
v 2.062299 1.839540 0.017359
v 2.062299 1.839540 0.021672
v 1.930028 1.829495 0.021672
v 2.062299 1.829495 0.021672
v 1.930028 1.839540 0.021672
v 2.062299 1.829495 0.017359
v 1.930028 1.829495 0.021672
v 1.930028 1.829495 0.017359
v 2.062299 1.829495 0.021672
v 2.062299 1.799656 0.021672
v 1.930028 1.799656 0.017359
v 1.930028 1.799656 0.021672
v 2.062299 1.799656 0.017359
v 2.062299 1.799656 0.021672
v 1.930028 1.542965 0.021672
v 2.062299 1.542965 0.021672
v 1.930028 1.799656 0.021672
vn -0.0000 -0.0000 1.0000
vn 1.0000 -0.0000 -0.0000
vn -0.0000 1.0000 -0.0000
vn -1.0000 -0.0000 -0.0000
vn -0.0000 -1.0000 -0.0000
vt 23.530300 21.863430
vt 22.021109 21.755001
vt 23.530300 21.755001
vt 22.021109 21.863430
vt 0.000000 17.604830
vt -0.247274 20.533600
vt -0.247274 17.604830
vt -0.198061 20.533600
vt -0.198061 20.874060
vt -0.198061 20.988670
vt -0.198061 21.314369
vt -0.198061 21.442879
vt -0.198061 21.755001
vt -0.198061 21.863430
vt -0.198061 22.181599
vt 0.376086 22.181599
vt 0.376086 17.604830
vt -0.280082 21.863430
vt -0.280082 21.755001
vt -0.263678 21.442879
vt -0.263678 21.314369
vt -0.247274 20.988670
vt -0.247274 20.874060
vt 23.530300 -0.280082
vt 22.021109 -0.198061
vt 22.021109 -0.280082
vt 23.530300 -0.198061
vt -0.376086 22.181599
vt 0.198061 21.863430
vt 0.198061 22.181599
vt 0.198061 21.755001
vt 0.198061 21.442879
vt 0.198061 21.314369
vt 0.198061 20.988670
vt 0.198061 20.874060
vt 0.198061 20.533600
vt -0.376086 17.604830
vt 0.247274 17.604830
vt 0.247274 20.533600
vt 0.247274 20.874060
vt 0.247274 20.988670
vt 0.263678 21.314369
vt 0.263678 21.442879
vt 0.280082 21.755001
vt 0.280082 21.863430
vt -23.530300 -0.198061
vt -22.021109 -0.280082
vt -22.021109 -0.198061
vt -23.530300 -0.280082
vt 22.021109 0.376086
vt 23.530300 0.376086
vt 23.530300 -0.263678
vt 22.021109 -0.263678
vt 23.530300 21.442879
vt 22.021109 21.314369
vt 23.530300 21.314369
vt 22.021109 21.442879
vt -22.021109 -0.263678
vt -23.530300 -0.263678
vt 23.530300 -0.247274
vt 22.021109 -0.247274
vt 23.530300 20.988670
vt 22.021109 20.874060
vt 23.530300 20.874060
vt 22.021109 20.988670
vt -22.021109 -0.247274
vt -23.530300 -0.247274
vt 23.530300 20.533600
vt 22.021109 17.604830
vt 23.530300 17.604830
vt 22.021109 20.533600
s 1
usemtl Wood_Floor_Parquet
f 5427/4337/884 5428/4338/884 5429/4339/884
f 5428/4338/884 5427/4337/884 5430/4340/884
f 5431/4341/885 5432/4342/885 5433/4343/885
f 5432/4342/885 5431/4341/885 5434/4344/885
f 5434/4344/885 5431/4341/885 5435/4345/885
f 5435/4345/885 5431/4341/885 5436/4346/885
f 5436/4346/885 5431/4341/885 5437/4347/885
f 5437/4347/885 5431/4341/885 5438/4348/885
f 5438/4348/885 5431/4341/885 5439/4349/885
f 5439/4349/885 5431/4341/885 5440/4350/885
f 5440/4350/885 5431/4341/885 5441/4351/885
f 5441/4351/885 5431/4341/885 5442/4352/885
f 5442/4352/885 5431/4341/885 5443/4353/885
f 5439/4349/885 5444/4354/885 5445/4355/885
f 5444/4354/885 5439/4349/885 5440/4350/885
f 5437/4347/885 5446/4356/885 5447/4357/885
f 5446/4356/885 5437/4347/885 5438/4348/885
f 5435/4345/885 5448/4358/885 5449/4359/885
f 5448/4358/885 5435/4345/885 5436/4346/885
f 5450/4360/886 5451/4361/886 5452/4362/886
f 5451/4361/886 5450/4360/886 5453/4363/886
f 5454/4364/887 5455/4365/887 5456/4366/887
f 5455/4365/887 5454/4364/887 5457/4367/887
f 5457/4367/887 5454/4364/887 5458/4368/887
f 5458/4368/887 5454/4364/887 5459/4369/887
f 5459/4369/887 5454/4364/887 5460/4370/887
f 5460/4370/887 5454/4364/887 5461/4371/887
f 5461/4371/887 5454/4364/887 5462/4372/887
f 5462/4372/887 5454/4364/887 5463/4341/887
f 5463/4341/887 5454/4364/887 5464/4373/887
f 5462/4372/887 5465/4374/887 5466/4375/887
f 5465/4374/887 5462/4372/887 5463/4341/887
f 5460/4370/887 5467/4376/887 5468/4377/887
f 5467/4376/887 5460/4370/887 5461/4371/887
f 5458/4368/887 5469/4378/887 5470/4379/887
f 5469/4378/887 5458/4368/887 5459/4369/887
f 5455/4365/887 5471/4380/887 5472/4381/887
f 5471/4380/887 5455/4365/887 5457/4367/887
f 5473/4382/888 5474/4383/888 5475/4384/888
f 5474/4383/888 5473/4382/888 5476/4385/888
f 5477/4363/886 5478/4386/886 5479/4361/886
f 5478/4386/886 5477/4363/886 5480/4387/886
f 5481/4388/886 5482/4361/886 5483/4389/886
f 5482/4361/886 5481/4388/886 5484/4363/886
f 5485/4390/884 5486/4391/884 5487/4392/884
f 5486/4391/884 5485/4390/884 5488/4393/884
f 5489/4382/888 5490/4394/888 5491/4384/888
f 5490/4394/888 5489/4382/888 5492/4395/888
f 5493/4396/886 5494/4361/886 5495/4397/886
f 5494/4361/886 5493/4396/886 5496/4363/886
f 5497/4398/884 5498/4399/884 5499/4400/884
f 5498/4399/884 5497/4398/884 5500/4401/884
f 5501/4382/888 5502/4402/888 5503/4384/888
f 5502/4402/888 5501/4382/888 5504/4403/888
f 5505/4396/886 5506/4361/886 5507/4397/886
f 5506/4361/886 5505/4396/886 5508/4363/886
f 5509/4404/884 5510/4405/884 5511/4406/884
f 5510/4405/884 5509/4404/884 5512/4407/884
o SketchUp.158
v 2.518965 1.839540 0.015921
v 2.386694 1.839540 0.011608
v 2.386694 1.839540 0.015921
v 2.518965 1.839540 0.011608
v 2.386694 1.944094 -0.038713
v 2.386694 1.916208 0.011608
v 2.386694 1.944094 0.011608
v 2.386694 1.906705 0.011608
v 2.386694 1.879349 0.011608
v 2.386694 1.868085 0.011608
v 2.386694 1.839540 0.011608
v 2.386694 1.829495 0.011608
v 2.386694 1.799656 0.011608
v 2.386694 1.542965 -0.000000
v 2.386694 1.542965 -0.032962
v 2.386694 1.542965 -0.038713
v 2.386694 1.542965 0.015921
v 2.386694 1.799656 0.015921
v 2.386694 1.829495 0.015921
v 2.386694 1.839540 0.015921
v 2.386694 1.868085 0.017359
v 2.386694 1.879349 0.017359
v 2.386694 1.906705 0.018797
v 2.386694 1.916208 0.018797
v 2.518965 1.839540 0.015921
v 2.386694 1.829495 0.015921
v 2.518965 1.829495 0.015921
v 2.386694 1.839540 0.015921
v 2.518965 1.542965 -0.000000
v 2.518965 1.799656 0.015921
v 2.518965 1.542965 0.015921
v 2.518965 1.799656 0.011608
v 2.518965 1.829495 0.011608
v 2.518965 1.839540 0.011608
v 2.518965 1.868085 0.011608
v 2.518965 1.879349 0.011608
v 2.518965 1.906705 0.011608
v 2.518965 1.916208 0.011608
v 2.518965 1.944094 0.011608
v 2.518965 1.944094 -0.038713
v 2.518965 1.542965 -0.032962
v 2.518965 1.542965 -0.038713
v 2.518965 1.916208 0.018797
v 2.518965 1.906705 0.018797
v 2.518965 1.879349 0.017359
v 2.518965 1.868085 0.017359
v 2.518965 1.839540 0.015921
v 2.518965 1.829495 0.015921
v 2.518965 1.799656 0.015921
v 2.386694 1.542965 0.015921
v 2.518965 1.542965 0.015921
v 2.386694 1.799656 0.015921
v 2.518965 1.799656 0.015921
v 2.386694 1.799656 0.011608
v 2.386694 1.799656 0.015921
v 2.518965 1.799656 0.011608
v 2.518965 1.829495 0.011608
v 2.386694 1.829495 0.015921
v 2.386694 1.829495 0.011608
v 2.518965 1.829495 0.015921
v 2.518965 1.868085 0.011608
v 2.386694 1.868085 0.017359
v 2.386694 1.868085 0.011608
v 2.518965 1.868085 0.017359
v 2.518965 1.879349 0.017359
v 2.386694 1.868085 0.017359
v 2.518965 1.868085 0.017359
v 2.386694 1.879349 0.017359
v 2.518965 1.879349 0.017359
v 2.386694 1.879349 0.011608
v 2.386694 1.879349 0.017359
v 2.518965 1.879349 0.011608
v 2.518965 1.906705 0.011608
v 2.386694 1.906705 0.018797
v 2.386694 1.906705 0.011608
v 2.518965 1.906705 0.018797
v 2.518965 1.916208 0.018797
v 2.386694 1.906705 0.018797
v 2.518965 1.906705 0.018797
v 2.386694 1.916208 0.018797
v 2.518965 1.916208 0.018797
v 2.386694 1.916208 0.011608
v 2.386694 1.916208 0.018797
v 2.518965 1.916208 0.011608
v 2.518965 1.944094 0.011608
v 2.386694 1.944094 -0.038713
v 2.386694 1.944094 0.011608
v 2.518965 1.944094 -0.038713
vn -0.0000 1.0000 -0.0000
vn -1.0000 -0.0000 -0.0000
vn -0.0000 -0.0000 1.0000
vn 1.0000 -0.0000 -0.0000
vn 1.0000 -0.0000 0.0005
vn 1.0000 -0.0000 -0.0003
vn 1.0000 -0.0000 0.0003
vn -0.0000 -1.0000 -0.0000
vt 28.740740 -0.181657
vt 27.231550 -0.132444
vt 27.231550 -0.181657
vt 28.740740 -0.132444
vt -0.441703 22.181599
vt 0.132444 21.863430
vt 0.132444 22.181599
vt 0.132444 21.755001
vt 0.132444 21.442879
vt 0.132444 21.314369
vt 0.132444 20.988670
vt 0.132444 20.874060
vt 0.132444 20.533600
vt -0.000000 17.604830
vt -0.376086 17.604830
vt -0.441703 17.604830
vt 0.181657 17.604830
vt 0.181657 20.533600
vt 0.181657 20.874060
vt 0.181657 20.988670
vt 0.198061 21.314369
vt 0.198061 21.442879
vt 0.214465 21.755001
vt 0.214465 21.863430
vt 28.740740 20.988670
vt 27.231550 20.874060
vt 28.740740 20.874060
vt 27.231550 20.988670
vt -0.181657 20.533600
vt -0.181657 17.604830
vt -0.132444 20.533600
vt -0.132444 20.874060
vt -0.132444 20.988670
vt -0.132444 21.314369
vt -0.132444 21.442879
vt -0.132444 21.755001
vt -0.132444 21.863430
vt -0.132444 22.181599
vt 0.441703 22.181599
vt 0.376086 17.604830
vt 0.441703 17.604830
vt -0.214465 21.863430
vt -0.214465 21.755001
vt -0.198061 21.442879
vt -0.198061 21.314369
vt -0.181657 20.988670
vt -0.181657 20.874060
vt 28.740740 20.533600
vt 27.231550 17.604830
vt 28.740740 17.604830
vt 27.231550 20.533600
vt -28.740740 -0.132444
vt -27.231550 -0.181657
vt -27.231550 -0.132444
vt -28.740740 -0.181657
vt -27.231550 -0.198061
vt -28.740740 -0.198061
vt 28.740740 21.442879
vt 27.231550 21.314369
vt 28.740740 21.314369
vt 27.231550 21.442879
vt 28.740740 -0.198061
vt 27.231550 -0.198061
vt -27.231550 -0.214465
vt -28.740740 -0.214465
vt 28.740740 21.863430
vt 27.231550 21.755001
vt 28.740740 21.755001
vt 27.231550 21.863430
vt 28.740740 -0.214465
vt 27.231550 -0.214465
vt 27.231550 0.441703
vt 28.740740 0.441703
s 1
usemtl Wood_Floor_Parquet
f 5513/4408/889 5514/4409/889 5515/4410/889
f 5514/4409/889 5513/4408/889 5516/4411/889
f 5517/4412/890 5518/4413/890 5519/4414/890
f 5518/4413/890 5517/4412/890 5520/4415/890
f 5520/4415/890 5517/4412/890 5521/4416/890
f 5521/4416/890 5517/4412/890 5522/4417/890
f 5522/4417/890 5517/4412/890 5523/4418/890
f 5523/4418/890 5517/4412/890 5524/4419/890
f 5524/4419/890 5517/4412/890 5525/4420/890
f 5525/4420/890 5517/4412/890 5526/4421/890
f 5526/4421/890 5517/4412/890 5527/4422/890
f 5527/4422/890 5517/4412/890 5528/4423/890
f 5525/4420/890 5529/4424/890 5530/4425/890
f 5529/4424/890 5525/4420/890 5526/4421/890
f 5523/4418/890 5531/4426/890 5532/4427/890
f 5531/4426/890 5523/4418/890 5524/4419/890
f 5521/4416/890 5533/4428/890 5534/4429/890
f 5533/4428/890 5521/4416/890 5522/4417/890
f 5518/4413/890 5535/4430/890 5536/4431/890
f 5535/4430/890 5518/4413/890 5520/4415/890
f 5537/4432/891 5538/4433/891 5539/4434/891
f 5538/4433/891 5537/4432/891 5540/4435/891
f 5541/4421/892 5542/4436/892 5543/4437/892
f 5542/4436/892 5541/4421/892 5544/4438/892
f 5544/4438/892 5541/4421/892 5545/4439/893
f 5545/4439/893 5541/4421/892 5546/4440/893
f 5546/4440/893 5541/4421/892 5547/4441/892
f 5547/4441/892 5541/4421/892 5548/4442/894
f 5548/4442/894 5541/4421/892 5549/4443/894
f 5549/4443/894 5541/4421/892 5550/4444/892
f 5550/4444/892 5541/4421/892 5551/4445/895
f 5551/4445/895 5541/4421/892 5552/4446/892
f 5552/4446/892 5541/4421/892 5553/4447/892
f 5552/4446/892 5553/4447/892 5554/4448/892
f 5549/4443/894 5555/4449/892 5556/4450/892
f 5555/4449/892 5549/4443/894 5550/4444/892
f 5547/4441/892 5557/4451/892 5558/4452/892
f 5557/4451/892 5547/4441/892 5548/4442/894
f 5545/4439/893 5559/4453/892 5560/4454/892
f 5559/4453/892 5545/4439/893 5546/4440/893
f 5561/4455/891 5562/4456/891 5563/4457/891
f 5562/4456/891 5561/4455/891 5564/4458/891
f 5565/4408/889 5566/4409/889 5567/4410/889
f 5566/4409/889 5565/4408/889 5568/4411/889
f 5569/4459/896 5570/4460/896 5571/4461/896
f 5570/4460/896 5569/4459/896 5572/4462/896
f 5573/4459/896 5574/4463/896 5575/4461/896
f 5574/4463/896 5573/4459/896 5576/4464/896
f 5577/4465/891 5578/4466/891 5579/4467/891
f 5578/4466/891 5577/4465/891 5580/4468/891
f 5581/4469/889 5582/4409/889 5583/4470/889
f 5582/4409/889 5581/4469/889 5584/4411/889
f 5585/4459/896 5586/4471/896 5587/4461/896
f 5586/4471/896 5585/4459/896 5588/4472/896
f 5589/4473/891 5590/4474/891 5591/4475/891
f 5590/4474/891 5589/4473/891 5592/4476/891
f 5593/4477/889 5594/4409/889 5595/4478/889
f 5594/4409/889 5593/4477/889 5596/4411/889
f 5597/4411/889 5598/4479/889 5599/4409/889
f 5598/4479/889 5597/4411/889 5600/4480/889
o SketchUp.159
v 2.518965 1.829495 0.011608
v 2.386694 1.799656 0.011608
v 2.518965 1.799656 0.011608
v 2.386694 1.829495 0.011608
v 2.386694 1.829495 0.011608
v 2.518965 1.829495 0.011608
v 2.386694 1.799656 0.011608
v 2.518965 1.799656 0.011608
vn -0.0000 -0.0000 1.0000
vn -0.0000 -0.0000 -1.0000
s 1
usemtl Translucent_Glass_Blue
f 5601//897 5602//897 5603//897
f 5602//897 5601//897 5604//897
f 5605//898 5606//898 5607//898
f 5608//898 5607//898 5606//898
o SketchUp.160
v 2.062299 1.944094 0.017359
v 1.930028 1.916208 0.017359
v 2.062299 1.916208 0.017359
v 1.930028 1.944094 0.017359
v 1.930028 1.944094 0.017359
v 2.062299 1.944094 0.017359
v 1.930028 1.916208 0.017359
v 2.062299 1.916208 0.017359
vn -0.0000 -0.0000 1.0000
vn -0.0000 -0.0000 -1.0000
s 1
usemtl Translucent_Glass_Blue
f 5609//899 5610//899 5611//899
f 5610//899 5609//899 5612//899
f 5613//900 5614//900 5615//900
f 5616//900 5615//900 5614//900
o SketchUp.161
v 2.298801 1.839540 0.018797
v 2.166529 1.839540 0.014483
v 2.166529 1.839540 0.018797
v 2.298801 1.839540 0.014483
v 2.166529 1.944094 -0.035837
v 2.166529 1.916208 0.014483
v 2.166529 1.944094 0.014483
v 2.166529 1.906705 0.014483
v 2.166529 1.879349 0.014483
v 2.166529 1.868085 0.014483
v 2.166529 1.839540 0.014483
v 2.166529 1.829495 0.014483
v 2.166529 1.799656 0.014483
v 2.166529 1.542965 -0.000000
v 2.166529 1.542965 -0.032962
v 2.166529 1.542965 -0.035837
v 2.166529 1.542965 0.018797
v 2.166529 1.799656 0.018797
v 2.166529 1.829495 0.018797
v 2.166529 1.839540 0.018797
v 2.166529 1.868085 0.020234
v 2.166529 1.879349 0.020234
v 2.166529 1.906705 0.021672
v 2.166529 1.916208 0.021672
v 2.298801 1.839540 0.018797
v 2.166529 1.829495 0.018797
v 2.298801 1.829495 0.018797
v 2.166529 1.839540 0.018797
v 2.298801 1.542965 -0.000000
v 2.298801 1.799656 0.018797
v 2.298801 1.542965 0.018797
v 2.298801 1.799656 0.014483
v 2.298801 1.829495 0.014483
v 2.298801 1.839540 0.014483
v 2.298801 1.868085 0.014483
v 2.298801 1.879349 0.014483
v 2.298801 1.906705 0.014483
v 2.298801 1.916208 0.014483
v 2.298801 1.944094 0.014483
v 2.298801 1.944094 -0.035837
v 2.298801 1.542965 -0.032962
v 2.298801 1.542965 -0.035837
v 2.298801 1.916208 0.021672
v 2.298801 1.906705 0.021672
v 2.298801 1.879349 0.020234
v 2.298801 1.868085 0.020234
v 2.298801 1.839540 0.018797
v 2.298801 1.829495 0.018797
v 2.298801 1.799656 0.018797
v 2.166529 1.542965 0.018797
v 2.298801 1.542965 0.018797
v 2.166529 1.799656 0.018797
v 2.298801 1.799656 0.018797
v 2.166529 1.799656 0.014483
v 2.166529 1.799656 0.018797
v 2.298801 1.799656 0.014483
v 2.298801 1.829495 0.014483
v 2.166529 1.829495 0.018797
v 2.166529 1.829495 0.014483
v 2.298801 1.829495 0.018797
v 2.298801 1.868085 0.014483
v 2.166529 1.868085 0.020234
v 2.166529 1.868085 0.014483
v 2.298801 1.868085 0.020234
v 2.298801 1.879349 0.020234
v 2.166529 1.868085 0.020234
v 2.298801 1.868085 0.020234
v 2.166529 1.879349 0.020234
v 2.298801 1.879349 0.020234
v 2.166529 1.879349 0.014483
v 2.166529 1.879349 0.020234
v 2.298801 1.879349 0.014483
v 2.298801 1.906705 0.014483
v 2.166529 1.906705 0.021672
v 2.166529 1.906705 0.014483
v 2.298801 1.906705 0.021672
v 2.298801 1.916208 0.021672
v 2.166529 1.906705 0.021672
v 2.298801 1.906705 0.021672
v 2.166529 1.916208 0.021672
v 2.298801 1.916208 0.021672
v 2.166529 1.916208 0.014483
v 2.166529 1.916208 0.021672
v 2.298801 1.916208 0.014483
v 2.298801 1.944094 0.014483
v 2.166529 1.944094 -0.035837
v 2.166529 1.944094 0.014483
v 2.298801 1.944094 -0.035837
vn -0.0000 1.0000 -0.0000
vn -1.0000 -0.0000 -0.0000
vn -0.0000 -0.0000 1.0000
vn 1.0000 -0.0000 -0.0000
vn 1.0000 -0.0000 -0.0003
vn -0.0000 -1.0000 -0.0000
vt 26.228720 -0.214465
vt 24.719530 -0.165253
vt 24.719530 -0.214465
vt 26.228720 -0.165253
vt -0.408895 22.181599
vt 0.165253 21.863430
vt 0.165253 22.181599
vt 0.165253 21.755001
vt 0.165253 21.442879
vt 0.165253 21.314369
vt 0.165253 20.988670
vt 0.165253 20.874060
vt 0.165253 20.533600
vt -0.000000 17.604830
vt -0.376086 17.604830
vt -0.408895 17.604830
vt 0.214465 17.604830
vt 0.214465 20.533600
vt 0.214465 20.874060
vt 0.214465 20.988670
vt 0.230869 21.314369
vt 0.230869 21.442879
vt 0.247274 21.755001
vt 0.247274 21.863430
vt 26.228720 20.988670
vt 24.719530 20.874060
vt 26.228720 20.874060
vt 24.719530 20.988670
vt -0.214465 20.533600
vt -0.214465 17.604830
vt -0.165253 20.533600
vt -0.165253 20.874060
vt -0.165253 20.988670
vt -0.165253 21.314369
vt -0.165253 21.442879
vt -0.165253 21.755001
vt -0.165253 21.863430
vt -0.165253 22.181599
vt 0.408895 22.181599
vt 0.376086 17.604830
vt 0.408895 17.604830
vt -0.247274 21.863430
vt -0.247274 21.755001
vt -0.230869 21.442879
vt -0.230869 21.314369
vt -0.214465 20.988670
vt -0.214465 20.874060
vt 26.228720 20.533600
vt 24.719530 17.604830
vt 26.228720 17.604830
vt 24.719530 20.533600
vt -26.228720 -0.165253
vt -24.719530 -0.214465
vt -24.719530 -0.165253
vt -26.228720 -0.214465
vt -24.719530 -0.230869
vt -26.228720 -0.230869
vt 26.228720 21.442879
vt 24.719530 21.314369
vt 26.228720 21.314369
vt 24.719530 21.442879
vt 26.228720 -0.230869
vt 24.719530 -0.230869
vt -24.719530 -0.247274
vt -26.228720 -0.247274
vt 26.228720 21.863430
vt 24.719530 21.755001
vt 26.228720 21.755001
vt 24.719530 21.863430
vt 26.228720 -0.247274
vt 24.719530 -0.247274
vt 24.719530 0.408895
vt 26.228720 0.408895
s 1
usemtl Wood_Floor_Parquet
f 5617/4481/901 5618/4482/901 5619/4483/901
f 5618/4482/901 5617/4481/901 5620/4484/901
f 5621/4485/902 5622/4486/902 5623/4487/902
f 5622/4486/902 5621/4485/902 5624/4488/902
f 5624/4488/902 5621/4485/902 5625/4489/902
f 5625/4489/902 5621/4485/902 5626/4490/902
f 5626/4490/902 5621/4485/902 5627/4491/902
f 5627/4491/902 5621/4485/902 5628/4492/902
f 5628/4492/902 5621/4485/902 5629/4493/902
f 5629/4493/902 5621/4485/902 5630/4494/902
f 5630/4494/902 5621/4485/902 5631/4495/902
f 5631/4495/902 5621/4485/902 5632/4496/902
f 5629/4493/902 5633/4497/902 5634/4498/902
f 5633/4497/902 5629/4493/902 5630/4494/902
f 5627/4491/902 5635/4499/902 5636/4500/902
f 5635/4499/902 5627/4491/902 5628/4492/902
f 5625/4489/902 5637/4501/902 5638/4502/902
f 5637/4501/902 5625/4489/902 5626/4490/902
f 5622/4486/902 5639/4503/902 5640/4504/902
f 5639/4503/902 5622/4486/902 5624/4488/902
f 5641/4505/903 5642/4506/903 5643/4507/903
f 5642/4506/903 5641/4505/903 5644/4508/903
f 5645/4494/904 5646/4509/904 5647/4510/904
f 5646/4509/904 5645/4494/904 5648/4511/904
f 5648/4511/904 5645/4494/904 5649/4512/905
f 5649/4512/905 5645/4494/904 5650/4513/905
f 5650/4513/905 5645/4494/904 5651/4514/904
f 5651/4514/904 5645/4494/904 5652/4515/904
f 5652/4515/904 5645/4494/904 5653/4516/904
f 5653/4516/904 5645/4494/904 5654/4517/904
f 5654/4517/904 5645/4494/904 5655/4518/904
f 5655/4518/904 5645/4494/904 5656/4519/904
f 5656/4519/904 5645/4494/904 5657/4520/904
f 5656/4519/904 5657/4520/904 5658/4521/904
f 5653/4516/904 5659/4522/904 5660/4523/904
f 5659/4522/904 5653/4516/904 5654/4517/904
f 5651/4514/904 5661/4524/904 5662/4525/904
f 5661/4524/904 5651/4514/904 5652/4515/904
f 5649/4512/905 5663/4526/904 5664/4527/904
f 5663/4526/904 5649/4512/905 5650/4513/905
f 5665/4528/903 5666/4529/903 5667/4530/903
f 5666/4529/903 5665/4528/903 5668/4531/903
f 5669/4481/901 5670/4482/901 5671/4483/901
f 5670/4482/901 5669/4481/901 5672/4484/901
f 5673/4532/906 5674/4533/906 5675/4534/906
f 5674/4533/906 5673/4532/906 5676/4535/906
f 5677/4532/906 5678/4536/906 5679/4534/906
f 5678/4536/906 5677/4532/906 5680/4537/906
f 5681/4538/903 5682/4539/903 5683/4540/903
f 5682/4539/903 5681/4538/903 5684/4541/903
f 5685/4542/901 5686/4482/901 5687/4543/901
f 5686/4482/901 5685/4542/901 5688/4484/901
f 5689/4532/906 5690/4544/906 5691/4534/906
f 5690/4544/906 5689/4532/906 5692/4545/906
f 5693/4546/903 5694/4547/903 5695/4548/903
f 5694/4547/903 5693/4546/903 5696/4549/903
f 5697/4550/901 5698/4482/901 5699/4551/901
f 5698/4482/901 5697/4550/901 5700/4484/901
f 5701/4484/901 5702/4552/901 5703/4482/901
f 5702/4552/901 5701/4484/901 5704/4553/901
o SketchUp.162
v 2.298801 1.944094 0.014483
v 2.166529 1.916208 0.014483
v 2.298801 1.916208 0.014483
v 2.166529 1.944094 0.014483
v 2.166529 1.944094 0.014483
v 2.298801 1.944094 0.014483
v 2.166529 1.916208 0.014483
v 2.298801 1.916208 0.014483
vn -0.0000 -0.0000 1.0000
vn -0.0000 -0.0000 -1.0000
s 1
usemtl Translucent_Glass_Blue
f 5705//907 5706//907 5707//907
f 5706//907 5705//907 5708//907
f 5709//908 5710//908 5711//908
f 5712//908 5711//908 5710//908
o SketchUp.163
v 2.518965 1.868085 0.011608
v 2.386694 1.839540 0.011608
v 2.518965 1.839540 0.011608
v 2.386694 1.868085 0.011608
v 2.386694 1.868085 0.011608
v 2.518965 1.868085 0.011608
v 2.386694 1.839540 0.011608
v 2.518965 1.839540 0.011608
vn -0.0000 -0.0000 1.0000
vn -0.0000 -0.0000 -1.0000
s 1
usemtl Translucent_Glass_Blue
f 5713//909 5714//909 5715//909
f 5714//909 5713//909 5716//909
f 5717//910 5718//910 5719//910
f 5720//910 5719//910 5718//910
o SketchUp.164
v 2.518965 1.906705 0.011608
v 2.386694 1.879349 0.011608
v 2.518965 1.879349 0.011608
v 2.386694 1.906705 0.011608
v 2.386694 1.906705 0.011608
v 2.518965 1.906705 0.011608
v 2.386694 1.879349 0.011608
v 2.518965 1.879349 0.011608
vn -0.0000 -0.0000 1.0000
vn -0.0000 -0.0000 -1.0000
s 1
usemtl Translucent_Glass_Blue
f 5721//911 5722//911 5723//911
f 5722//911 5721//911 5724//911
f 5725//912 5726//912 5727//912
f 5728//912 5727//912 5726//912
o SketchUp.165
v 2.518965 1.944094 0.011608
v 2.386694 1.916208 0.011608
v 2.518965 1.916208 0.011608
v 2.386694 1.944094 0.011608
v 2.386694 1.944094 0.011608
v 2.518965 1.944094 0.011608
v 2.386694 1.916208 0.011608
v 2.518965 1.916208 0.011608
vn -0.0000 -0.0000 1.0000
vn -0.0000 -0.0000 -1.0000
s 1
usemtl Translucent_Glass_Blue
f 5729//913 5730//913 5731//913
f 5730//913 5729//913 5732//913
f 5733//914 5734//914 5735//914
f 5736//914 5735//914 5734//914
o SketchUp.166
v 2.062299 1.868085 0.017359
v 1.930028 1.839540 0.017359
v 2.062299 1.839540 0.017359
v 1.930028 1.868085 0.017359
v 1.930028 1.868085 0.017359
v 2.062299 1.868085 0.017359
v 1.930028 1.839540 0.017359
v 2.062299 1.839540 0.017359
vn -0.0000 -0.0000 1.0000
vn -0.0000 -0.0000 -1.0000
s 1
usemtl Translucent_Glass_Blue
f 5737//915 5738//915 5739//915
f 5738//915 5737//915 5740//915
f 5741//916 5742//916 5743//916
f 5744//916 5743//916 5742//916
o SketchUp.167
v 2.062299 1.906705 0.017359
v 1.930028 1.879349 0.017359
v 2.062299 1.879349 0.017359
v 1.930028 1.906705 0.017359
v 1.930028 1.906705 0.017359
v 2.062299 1.906705 0.017359
v 1.930028 1.879349 0.017359
v 2.062299 1.879349 0.017359
vn -0.0000 -0.0000 1.0000
vn -0.0000 -0.0000 -1.0000
s 1
usemtl Translucent_Glass_Blue
f 5745//917 5746//917 5747//917
f 5746//917 5745//917 5748//917
f 5749//918 5750//918 5751//918
f 5752//918 5751//918 5750//918
o SketchUp.168
v 2.062299 1.829495 0.017359
v 1.930028 1.799656 0.017359
v 2.062299 1.799656 0.017359
v 1.930028 1.829495 0.017359
v 1.930028 1.829495 0.017359
v 2.062299 1.829495 0.017359
v 1.930028 1.799656 0.017359
v 2.062299 1.799656 0.017359
vn -0.0000 -0.0000 1.0000
vn -0.0000 -0.0000 -1.0000
s 1
usemtl Translucent_Glass_Blue
f 5753//919 5754//919 5755//919
f 5754//919 5753//919 5756//919
f 5757//920 5758//920 5759//920
f 5760//920 5759//920 5758//920
o SketchUp.169
v 2.298801 1.829495 0.014483
v 2.166529 1.799656 0.014483
v 2.298801 1.799656 0.014483
v 2.166529 1.829495 0.014483
v 2.166529 1.829495 0.014483
v 2.298801 1.829495 0.014483
v 2.166529 1.799656 0.014483
v 2.298801 1.799656 0.014483
vn -0.0000 -0.0000 1.0000
vn -0.0000 -0.0000 -1.0000
s 1
usemtl Translucent_Glass_Blue
f 5761//921 5762//921 5763//921
f 5762//921 5761//921 5764//921
f 5765//922 5766//922 5767//922
f 5768//922 5767//922 5766//922
o SketchUp.170
v 2.298801 1.906705 0.014483
v 2.166529 1.879349 0.014483
v 2.298801 1.879349 0.014483
v 2.166529 1.906705 0.014483
v 2.166529 1.906705 0.014483
v 2.298801 1.906705 0.014483
v 2.166529 1.879349 0.014483
v 2.298801 1.879349 0.014483
vn -0.0000 -0.0000 1.0000
vn -0.0000 -0.0000 -1.0000
s 1
usemtl Translucent_Glass_Blue
f 5769//923 5770//923 5771//923
f 5770//923 5769//923 5772//923
f 5773//924 5774//924 5775//924
f 5776//924 5775//924 5774//924
o SketchUp.171
v 2.298801 1.868085 0.014483
v 2.166529 1.839540 0.014483
v 2.298801 1.839540 0.014483
v 2.166529 1.868085 0.014483
v 2.166529 1.868085 0.014483
v 2.298801 1.868085 0.014483
v 2.166529 1.839540 0.014483
v 2.298801 1.839540 0.014483
vn -0.0000 -0.0000 1.0000
vn -0.0000 -0.0000 -1.0000
s 1
usemtl Translucent_Glass_Blue
f 5777//925 5778//925 5779//925
f 5778//925 5777//925 5780//925
f 5781//926 5782//926 5783//926
f 5784//926 5783//926 5782//926
o SketchUp.172
v 2.518965 1.542965 0.015921
v 2.386694 1.542965 -0.000000
v 2.386694 1.542965 0.015921
v 2.518965 1.542965 -0.000000
vn -0.0000 1.0000 -0.0000
vt 28.740740 -0.181657
vt 27.231550 0.000000
vt 27.231550 -0.181657
vt 28.740740 0.000000
s 1
usemtl Wood_Floor_Parquet
f 5785/4554/927 5786/4555/927 5787/4556/927
f 5786/4555/927 5785/4554/927 5788/4557/927
o SketchUp.173
v 2.298801 1.542965 0.018797
v 2.166529 1.542965 -0.000000
v 2.166529 1.542965 0.018797
v 2.298801 1.542965 -0.000000
vn -0.0000 1.0000 -0.0000
vt 26.228720 -0.214465
vt 24.719530 0.000000
vt 24.719530 -0.214465
vt 26.228720 0.000000
s 1
usemtl Wood_Floor_Parquet
f 5789/4558/928 5790/4559/928 5791/4560/928
f 5790/4559/928 5789/4558/928 5792/4561/928
o SketchUp.174
v 2.019168 1.260309 0.017048
v 1.886896 1.260309 0.012734
v 1.886896 1.260309 0.017048
v 2.019168 1.260309 0.012734
v 2.019168 1.260309 0.017048
v 1.886896 1.250264 0.017048
v 2.019168 1.250264 0.017048
v 1.886896 1.260309 0.017048
v 2.019168 0.963735 -0.000000
v 2.019168 1.220425 0.017048
v 2.019168 0.963735 0.017048
v 2.019168 1.220425 0.012734
v 2.019168 1.250264 0.012734
v 2.019168 1.260309 0.012734
v 2.019168 1.288855 0.012734
v 2.019168 1.300118 0.012734
v 2.019168 1.327474 0.012734
v 2.019168 1.336977 0.012734
v 2.019168 1.364863 0.012734
v 2.019168 1.364863 -0.037586
v 2.019168 0.963735 -0.037586
v 2.019168 1.336977 0.019923
v 2.019168 1.327474 0.019923
v 2.019168 1.300118 0.018485
v 2.019168 1.288855 0.018485
v 2.019168 1.260309 0.017048
v 2.019168 1.250264 0.017048
v 2.019168 1.250264 0.012734
v 1.886896 1.250264 0.017048
v 1.886896 1.250264 0.012734
v 2.019168 1.250264 0.017048
v 2.019168 1.364863 0.012734
v 1.886896 1.364863 -0.037586
v 1.886896 1.364863 0.012734
v 2.019168 1.364863 -0.037586
v 2.019168 1.336977 0.019923
v 1.886896 1.336977 0.012734
v 1.886896 1.336977 0.019923
v 2.019168 1.336977 0.012734
v 2.019168 1.336977 0.019923
v 1.886896 1.327474 0.019923
v 2.019168 1.327474 0.019923
v 1.886896 1.336977 0.019923
v 2.019168 1.327474 0.012734
v 1.886896 1.327474 0.019923
v 1.886896 1.327474 0.012734
v 2.019168 1.327474 0.019923
v 2.019168 1.300118 0.018485
v 1.886896 1.300118 0.012734
v 1.886896 1.300118 0.018485
v 2.019168 1.300118 0.012734
v 2.019168 1.300118 0.018485
v 1.886896 1.288855 0.018485
v 2.019168 1.288855 0.018485
v 1.886896 1.300118 0.018485
v 2.019168 1.288855 0.012734
v 1.886896 1.288855 0.018485
v 1.886896 1.288855 0.012734
v 2.019168 1.288855 0.018485
v 2.019168 1.220425 0.017048
v 1.886896 1.220425 0.012734
v 1.886896 1.220425 0.017048
v 2.019168 1.220425 0.012734
v 2.019168 1.220425 0.017048
v 1.886896 0.963735 0.017048
v 2.019168 0.963735 0.017048
v 1.886896 1.220425 0.017048
vn -0.0000 1.0000 -0.0000
vn -0.0000 -0.0000 1.0000
vn 1.0000 -0.0000 -0.0000
vn 1.0000 -0.0000 0.0005
vn -0.0000 -1.0000 -0.0000
vt 23.038170 -0.194508
vt 21.528990 -0.145296
vt 21.528990 -0.194508
vt 23.038170 -0.145296
vt 23.038170 14.379800
vt 21.528990 14.265189
vt 23.038170 14.265189
vt 21.528990 14.379800
vt 0.000000 10.995959
vt -0.194508 13.924729
vt -0.194508 10.995959
vt -0.145296 13.924729
vt -0.145296 14.265189
vt -0.145296 14.379800
vt -0.145296 14.705500
vt -0.145296 14.834009
vt -0.145296 15.146130
vt -0.145296 15.254560
vt -0.145296 15.572730
vt 0.428852 15.572730
vt 0.428852 10.995959
vt -0.227316 15.254560
vt -0.227316 15.146130
vt -0.210912 14.834009
vt -0.210912 14.705500
vt -0.194508 14.379800
vt -0.194508 14.265189
vt -23.038170 -0.145296
vt -21.528990 -0.194508
vt -21.528990 -0.145296
vt -23.038170 -0.194508
vt 21.528990 0.428852
vt 23.038170 0.428852
vt 23.038170 -0.227316
vt 21.528990 -0.227316
vt 23.038170 15.254560
vt 21.528990 15.146130
vt 23.038170 15.146130
vt 21.528990 15.254560
vt -21.528990 -0.227316
vt -23.038170 -0.227316
vt 23.038170 -0.210912
vt 21.528990 -0.210912
vt 23.038170 14.834009
vt 21.528990 14.705500
vt 23.038170 14.705500
vt 21.528990 14.834009
vt -21.528990 -0.210912
vt -23.038170 -0.210912
vt 23.038170 13.924729
vt 21.528990 10.995959
vt 23.038170 10.995959
vt 21.528990 13.924729
s 1
usemtl Wood_Floor_Parquet
f 5793/4562/929 5794/4563/929 5795/4564/929
f 5794/4563/929 5793/4562/929 5796/4565/929
f 5797/4566/930 5798/4567/930 5799/4568/930
f 5798/4567/930 5797/4566/930 5800/4569/930
f 5801/4570/931 5802/4571/931 5803/4572/931
f 5802/4571/931 5801/4570/931 5804/4573/931
f 5804/4573/931 5801/4570/931 5805/4574/931
f 5805/4574/931 5801/4570/931 5806/4575/931
f 5806/4575/931 5801/4570/931 5807/4576/931
f 5807/4576/931 5801/4570/931 5808/4577/931
f 5808/4577/931 5801/4570/931 5809/4578/932
f 5809/4578/932 5801/4570/931 5810/4579/932
f 5810/4579/932 5801/4570/931 5811/4580/931
f 5811/4580/931 5801/4570/931 5812/4581/931
f 5812/4581/931 5801/4570/931 5813/4582/931
f 5809/4578/932 5814/4583/931 5815/4584/931
f 5814/4583/931 5809/4578/932 5810/4579/932
f 5807/4576/931 5816/4585/931 5817/4586/931
f 5816/4585/931 5807/4576/931 5808/4577/931
f 5805/4574/931 5818/4587/931 5819/4588/931
f 5818/4587/931 5805/4574/931 5806/4575/931
f 5820/4589/933 5821/4590/933 5822/4591/933
f 5821/4590/933 5820/4589/933 5823/4592/933
f 5824/4565/929 5825/4593/929 5826/4563/929
f 5825/4593/929 5824/4565/929 5827/4594/929
f 5828/4595/929 5829/4563/929 5830/4596/929
f 5829/4563/929 5828/4595/929 5831/4565/929
f 5832/4597/930 5833/4598/930 5834/4599/930
f 5833/4598/930 5832/4597/930 5835/4600/930
f 5836/4589/933 5837/4601/933 5838/4591/933
f 5837/4601/933 5836/4589/933 5839/4602/933
f 5840/4603/929 5841/4563/929 5842/4604/929
f 5841/4563/929 5840/4603/929 5843/4565/929
f 5844/4605/930 5845/4606/930 5846/4607/930
f 5845/4606/930 5844/4605/930 5847/4608/930
f 5848/4589/933 5849/4609/933 5850/4591/933
f 5849/4609/933 5848/4589/933 5851/4610/933
f 5852/4562/929 5853/4563/929 5854/4564/929
f 5853/4563/929 5852/4562/929 5855/4565/929
f 5856/4611/930 5857/4612/930 5858/4613/930
f 5857/4612/930 5856/4611/930 5859/4614/930
o SketchUp.175
v 2.019168 0.963735 0.017048
v 1.886896 0.963735 -0.000000
v 1.886896 0.963735 0.017048
v 2.019168 0.963735 -0.000000
v 1.886896 0.963735 -0.000000
v 1.886896 1.220425 0.017048
v 1.886896 0.963735 0.017048
v 1.886896 1.220425 0.012734
v 1.886896 1.250264 0.012734
v 1.886896 1.260309 0.012734
v 1.886896 1.288855 0.012734
v 1.886896 1.300118 0.012734
v 1.886896 1.327474 0.012734
v 1.886896 1.336977 0.012734
v 1.886896 1.364863 0.012734
v 1.886896 1.364863 -0.037586
v 1.886896 0.963735 -0.037586
v 1.886896 1.336977 0.019923
v 1.886896 1.327474 0.019923
v 1.886896 1.300118 0.018485
v 1.886896 1.288855 0.018485
v 1.886896 1.260309 0.017048
v 1.886896 1.250264 0.017048
v 1.886896 0.909248 -0.000000
v 1.886896 0.963735 0.085768
v 1.886896 0.909248 0.085768
v 1.886896 0.926353 -0.000000
vn -0.0000 1.0000 -0.0000
vn 1.0000 -0.0000 -0.0000
vn 1.0000 -0.0000 0.0005
vt 23.038170 -0.194508
vt 21.528990 -0.000000
vt 21.528990 -0.194508
vt 23.038170 -0.000000
vt -0.000000 10.995959
vt -0.194508 13.924729
vt -0.194508 10.995959
vt -0.145296 13.924729
vt -0.145296 14.265189
vt -0.145296 14.379800
vt -0.145296 14.705500
vt -0.145296 14.834009
vt -0.145296 15.146130
vt -0.145296 15.254560
vt -0.145296 15.572730
vt 0.428852 15.572730
vt 0.428852 10.995959
vt -0.227316 15.254560
vt -0.227316 15.146130
vt -0.210912 14.834009
vt -0.210912 14.705500
vt -0.194508 14.379800
vt -0.194508 14.265189
vt 0.000000 10.374290
vt -0.978587 10.995959
vt -0.978587 10.374290
vt 0.000000 10.569449
s 1
usemtl Wood_Floor_Parquet
f 5860/4615/934 5861/4616/934 5862/4617/934
f 5861/4616/934 5860/4615/934 5863/4618/934
f 5864/4619/935 5865/4620/935 5866/4621/935
f 5865/4620/935 5864/4619/935 5867/4622/935
f 5867/4622/935 5864/4619/935 5868/4623/935
f 5868/4623/935 5864/4619/935 5869/4624/935
f 5869/4624/935 5864/4619/935 5870/4625/935
f 5870/4625/935 5864/4619/935 5871/4626/935
f 5871/4626/935 5864/4619/935 5872/4627/936
f 5872/4627/936 5864/4619/935 5873/4628/936
f 5873/4628/936 5864/4619/935 5874/4629/935
f 5874/4629/935 5864/4619/935 5875/4630/935
f 5875/4630/935 5864/4619/935 5876/4631/935
f 5872/4627/936 5877/4632/935 5878/4633/935
f 5877/4632/935 5872/4627/936 5873/4628/936
f 5870/4625/935 5879/4634/935 5880/4635/935
f 5879/4634/935 5870/4625/935 5871/4626/935
f 5868/4623/935 5881/4636/935 5882/4637/935
f 5881/4636/935 5868/4623/935 5869/4624/935
f 5883/4638/935 5884/4639/935 5885/4640/935
f 5884/4639/935 5883/4638/935 5866/4621/935
f 5866/4621/935 5883/4638/935 5864/4619/935
s 0
f 5864/4619/935 5883/4638/935 5886/4641/935
o SketchUp.176
v 2.019168 1.250264 0.012734
v 1.886896 1.220425 0.012734
v 2.019168 1.220425 0.012734
v 1.886896 1.250264 0.012734
v 1.886896 1.250264 0.012734
v 2.019168 1.250264 0.012734
v 1.886896 1.220425 0.012734
v 2.019168 1.220425 0.012734
vn -0.0000 -0.0000 1.0000
vn -0.0000 -0.0000 -1.0000
s 1
usemtl Translucent_Glass_Blue
f 5887//937 5888//937 5889//937
f 5888//937 5887//937 5890//937
f 5891//938 5892//938 5893//938
f 5894//938 5893//938 5892//938
o SketchUp.177
v 2.019168 1.364863 0.012734
v 1.886896 1.336977 0.012734
v 2.019168 1.336977 0.012734
v 1.886896 1.364863 0.012734
v 1.886896 1.364863 0.012734
v 2.019168 1.364863 0.012734
v 1.886896 1.336977 0.012734
v 2.019168 1.336977 0.012734
vn -0.0000 -0.0000 1.0000
vn -0.0000 -0.0000 -1.0000
s 1
usemtl Translucent_Glass_Blue
f 5895//939 5896//939 5897//939
f 5896//939 5895//939 5898//939
f 5899//940 5900//940 5901//940
f 5902//940 5901//940 5900//940
o SketchUp.178
v 2.019168 1.327474 0.012734
v 1.886896 1.300118 0.012734
v 2.019168 1.300118 0.012734
v 1.886896 1.327474 0.012734
v 1.886896 1.327474 0.012734
v 2.019168 1.327474 0.012734
v 1.886896 1.300118 0.012734
v 2.019168 1.300118 0.012734
vn -0.0000 -0.0000 1.0000
vn -0.0000 -0.0000 -1.0000
s 1
usemtl Translucent_Glass_Blue
f 5903//941 5904//941 5905//941
f 5904//941 5903//941 5906//941
f 5907//942 5908//942 5909//942
f 5910//942 5909//942 5908//942
o SketchUp.179
v 2.019168 1.288855 0.012734
v 1.886896 1.260309 0.012734
v 2.019168 1.260309 0.012734
v 1.886896 1.288855 0.012734
v 1.886896 1.288855 0.012734
v 2.019168 1.288855 0.012734
v 1.886896 1.260309 0.012734
v 2.019168 1.260309 0.012734
vn -0.0000 -0.0000 1.0000
vn -0.0000 -0.0000 -1.0000
s 1
usemtl Translucent_Glass_Blue
f 5911//943 5912//943 5913//943
f 5912//943 5911//943 5914//943
f 5915//944 5916//944 5917//944
f 5918//944 5917//944 5916//944
o SketchUp.180
v 1.886896 0.362310 0.005751
v 1.886896 0.465827 0.085768
v 1.886896 0.362310 0.085768
v 1.886896 0.465827 0.005751
v 1.886896 0.465827 0.085768
v 1.651107 0.362310 0.085768
v 1.886896 0.362310 0.085768
v 1.651107 0.465827 0.085768
v 1.886896 0.362310 0.005751
v 1.651107 0.362310 0.085768
v 1.651107 0.362310 0.005751
v 1.886896 0.362310 0.085768
v 1.886896 0.465827 0.085768
v 1.651107 0.465827 0.005751
v 1.651107 0.465827 0.085768
v 1.886896 0.465827 0.005751
v 1.651107 0.362310 0.085768
v 1.651107 0.376373 0.107830
v 1.651107 0.362310 0.107830
v 1.651107 0.443947 0.107830
v 1.651107 0.465827 0.085768
v 1.651107 0.465827 0.107830
v 1.886896 0.465827 0.085768
v 1.886896 0.362310 0.106393
v 1.886896 0.465827 0.106393
v 1.886896 0.362310 0.085768
v 1.651107 0.362310 0.005751
v 1.651107 0.465827 0.005751
v 1.651107 0.376373 0.107830
v 1.651107 0.443947 0.119332
v 1.651107 0.376373 0.119332
v 1.651107 0.443947 0.107830
v 1.886896 0.465827 0.005751
v 1.651107 0.362310 0.005751
v 1.886896 0.362310 0.005751
v 1.651107 0.465827 0.005751
v 1.651107 0.443947 0.119332
v 1.062891 0.443947 0.107830
v 1.062891 0.443947 0.119332
v 1.651107 0.443947 0.107830
v 1.651107 0.376373 0.107830
v 1.062891 0.376373 0.119332
v 1.062891 0.376373 0.107830
v 1.651107 0.376373 0.119332
v 1.062891 0.443947 0.107830
v 1.062891 0.376373 0.119332
v 1.062891 0.443947 0.119332
v 1.062891 0.376373 0.107830
v 1.062891 0.465827 0.085070
v 1.062891 0.443947 0.107830
v 1.062891 0.465827 0.107830
v 1.062891 0.376373 0.107830
v 1.062891 0.362310 0.085070
v 1.062891 0.362310 0.107830
v 1.062891 0.465827 0.005751
v 1.062891 0.362310 0.005751
v 1.062891 0.465827 0.005751
v 0.827102 0.362310 0.005751
v 1.062891 0.362310 0.005751
v 0.827102 0.465827 0.005751
v 0.827102 0.362310 0.005751
v 0.827102 0.465827 0.085070
v 0.827102 0.362310 0.085070
v 0.827102 0.465827 0.005751
v 0.827102 0.362310 0.085070
v 0.827102 0.376373 0.107830
v 0.827102 0.362310 0.107830
v 0.827102 0.443947 0.107830
v 0.827102 0.465827 0.085070
v 0.827102 0.465827 0.107830
v 0.827102 0.376373 0.122208
v 0.827102 0.443947 0.107830
v 0.827102 0.443947 0.122208
v 0.827102 0.376373 0.107830
v 0.827102 0.443947 0.122208
v 0.182743 0.443947 0.107830
v 0.182743 0.443947 0.122208
v 0.827102 0.443947 0.107830
v 0.827102 0.376373 0.107830
v 0.182743 0.376373 0.122208
v 0.182743 0.376373 0.107830
v 0.827102 0.376373 0.122208
v 0.182743 0.443947 0.107830
v 0.182743 0.376373 0.122208
v 0.182743 0.443947 0.122208
v 0.182743 0.376373 0.107830
vn 1.0000 -0.0000 -0.0000
vn -0.0000 -0.0000 1.0000
vn -0.0000 -1.0000 -0.0000
vn -0.0000 1.0000 -0.0000
vn -1.0000 -0.0000 -0.0000
vt -0.065617 4.133858
vt -0.978587 5.314961
vt -0.978587 4.133858
vt -0.065617 5.314961
vt 21.528990 5.314961
vt 18.838699 4.133858
vt 21.528990 4.133858
vt 18.838699 5.314961
vt -21.528990 -0.065617
vt -18.838699 -0.978587
vt -18.838699 -0.065617
vt -21.528990 -0.978587
vt 21.528990 -0.978587
vt 18.838699 -0.065617
vt 18.838699 -0.978587
vt 21.528990 -0.065617
vt -1.230315 4.294322
vt -1.230315 4.133858
vt -1.230315 5.065320
vt -1.230315 5.314961
vt 0.978587 5.314961
vt 1.213911 4.133858
vt 1.213911 5.314961
vt 0.978587 4.133858
vt -1.361549 5.065320
vt -1.361549 4.294322
vt 18.838699 -1.361549
vt 12.127310 -1.230315
vt 12.127310 -1.361549
vt 18.838699 -1.230315
vt -18.838699 -1.230315
vt -12.127310 -1.361549
vt -12.127310 -1.230315
vt -18.838699 -1.361549
vt 1.230315 5.065320
vt 1.361549 4.294322
vt 1.361549 5.065320
vt 1.230315 4.294322
vt 0.970625 5.314961
vt 1.230315 5.314961
vt 0.970625 4.133858
vt 1.230315 4.133858
vt 0.065617 5.314961
vt 0.065617 4.133858
vt 12.127310 5.314961
vt 9.437019 4.133858
vt 12.127310 4.133858
vt 9.437019 5.314961
vt -0.970625 5.314961
vt -0.970625 4.133858
vt -1.394357 4.294322
vt -1.394357 5.065320
vt 9.437019 -1.394357
vt 2.085050 -1.230315
vt 2.085050 -1.394357
vt 9.437019 -1.230315
vt -9.437019 -1.230315
vt -2.085050 -1.394357
vt -2.085050 -1.230315
vt -9.437019 -1.394357
vt 1.394357 4.294322
vt 1.394357 5.065320
s 1
usemtl Wood_Floor_Parquet
f 5919/4642/945 5920/4643/945 5921/4644/945
f 5920/4643/945 5919/4642/945 5922/4645/945
f 5923/4646/946 5924/4647/946 5925/4648/946
f 5924/4647/946 5923/4646/946 5926/4649/946
f 5927/4650/947 5928/4651/947 5929/4652/947
f 5928/4651/947 5927/4650/947 5930/4653/947
f 5931/4654/948 5932/4655/948 5933/4656/948
f 5932/4655/948 5931/4654/948 5934/4657/948
f 5935/4644/945 5936/4658/945 5937/4659/945
f 5936/4658/945 5935/4644/945 5938/4660/945
f 5938/4660/945 5939/4643/945 5940/4661/945
f 5939/4643/945 5938/4660/945 5935/4644/945
f 5941/4662/949 5942/4663/949 5943/4664/949
f 5942/4663/949 5941/4662/949 5944/4665/949
f 5945/4642/945 5939/4643/945 5935/4644/945
f 5939/4643/945 5945/4642/945 5946/4645/945
f 5947/4658/945 5948/4666/945 5949/4667/945
f 5948/4666/945 5947/4658/945 5950/4660/945
f 5951/4646/946 5952/4647/946 5953/4648/946
f 5952/4647/946 5951/4646/946 5954/4649/946
f 5955/4668/948 5956/4669/948 5957/4670/948
f 5956/4669/948 5955/4668/948 5958/4671/948
f 5959/4672/947 5960/4673/947 5961/4674/947
f 5960/4673/947 5959/4672/947 5962/4675/947
f 5963/4676/949 5964/4677/949 5965/4678/949
f 5964/4677/949 5963/4676/949 5966/4679/949
f 5967/4680/949 5968/4676/949 5969/4681/949
f 5968/4676/949 5967/4680/949 5970/4679/949
f 5970/4679/949 5971/4682/949 5972/4683/949
f 5971/4682/949 5970/4679/949 5967/4680/949
f 5973/4684/949 5971/4682/949 5967/4680/949
f 5971/4682/949 5973/4684/949 5974/4685/949
f 5975/4686/946 5976/4687/946 5977/4688/946
f 5976/4687/946 5975/4686/946 5978/4689/946
f 5979/4642/945 5980/4690/945 5981/4691/945
f 5980/4690/945 5979/4642/945 5982/4645/945
f 5983/4691/945 5984/4658/945 5985/4659/945
f 5986/4660/945 5987/4690/945 5988/4661/945
f 5987/4690/945 5986/4660/945 5984/4658/945
f 5987/4690/945 5984/4658/945 5983/4691/945
f 5989/4692/945 5990/4660/945 5991/4693/945
f 5990/4660/945 5989/4692/945 5992/4658/945
f 5993/4694/948 5994/4695/948 5995/4696/948
f 5994/4695/948 5993/4694/948 5996/4697/948
f 5997/4698/947 5998/4699/947 5999/4700/947
f 5998/4699/947 5997/4698/947 6000/4701/947
f 6001/4676/949 6002/4702/949 6003/4703/949
f 6002/4702/949 6001/4676/949 6004/4679/949
o SketchUp.181
v 1.356106 0.000000 0.005751
v 1.347527 0.173572 0.005751
v 1.179264 0.000000 0.005751
v 1.356106 0.362310 0.005751
v 1.347527 0.199451 0.005751
v 1.343214 0.199451 0.005751
v 1.343214 0.173572 0.005751
v 1.179264 0.362310 0.005751
v 1.532947 0.362310 0.005751
v 1.356106 0.000000 0.005751
v 1.532947 0.000000 0.005751
v 1.373115 0.173572 0.005751
v 1.373115 0.199451 0.005751
v 1.368802 0.199451 0.005751
v 1.368802 0.173572 0.005751
v 1.356106 0.362310 0.005751
vn -0.0000 -0.0000 1.0000
vt 6.189125 0.000000
vt 6.149974 0.792163
vt 5.382039 0.000000
vt 6.189125 1.653543
vt 6.149974 0.910273
vt 6.130289 0.910273
vt 6.130289 0.792163
vt 5.382039 1.653543
vt 6.996212 1.653543
vt 6.996212 0.000000
vt 6.266755 0.792163
vt 6.266755 0.910273
vt 6.247070 0.910273
vt 6.247070 0.792163
s 1
usemtl Wood_Floor
f 6005/4704/950 6006/4705/950 6007/4706/950
f 6006/4705/950 6005/4704/950 6008/4707/950
f 6006/4705/950 6008/4707/950 6009/4708/950
f 6009/4708/950 6008/4707/950 6010/4709/950
f 6007/4706/950 6011/4710/950 6012/4711/950
f 6011/4710/950 6007/4706/950 6006/4705/950
f 6012/4711/950 6011/4710/950 6010/4709/950
f 6012/4711/950 6010/4709/950 6008/4707/950
f 6013/4712/950 6014/4704/950 6015/4713/950
f 6014/4704/950 6013/4712/950 6016/4714/950
f 6016/4714/950 6013/4712/950 6017/4715/950
f 6017/4715/950 6013/4712/950 6018/4716/950
f 6014/4704/950 6019/4717/950 6020/4707/950
f 6019/4717/950 6014/4704/950 6016/4714/950
f 6020/4707/950 6019/4717/950 6018/4716/950
f 6020/4707/950 6018/4716/950 6013/4712/950
o SketchUp.182
v 1.347527 0.199451 0.010064
v 1.343214 0.173572 0.010064
v 1.347527 0.173572 0.010064
v 1.343214 0.199451 0.010064
v 1.347527 0.199451 0.010064
v 1.343214 0.199451 0.005751
v 1.343214 0.199451 0.010064
v 1.347527 0.199451 0.005751
v 1.343214 0.199451 0.005751
v 1.343214 0.173572 0.010064
v 1.343214 0.199451 0.010064
v 1.343214 0.173572 0.005751
v 1.347527 0.173572 0.005751
v 1.343214 0.173572 0.010064
v 1.343214 0.173572 0.005751
v 1.347527 0.173572 0.010064
v 1.347527 0.173572 0.005751
v 1.347527 0.199451 0.010064
v 1.347527 0.173572 0.010064
v 1.347527 0.199451 0.005751
vn -0.0000 -0.0000 1.0000
vn -0.0000 1.0000 -0.0000
vn -1.0000 -0.0000 -0.0000
vn -0.0000 -1.0000 -0.0000
vn 1.0000 -0.0000 -0.0000
vt 15.374929 2.275682
vt 15.325720 1.980407
vt 15.374929 1.980407
vt 15.325720 2.275682
vt 15.374929 -0.114829
vt 15.325720 -0.065617
vt 15.325720 -0.114829
vt 15.374929 -0.065617
vt 0.065617 2.275682
vt 0.114829 1.980407
vt 0.114829 2.275682
vt 0.065617 1.980407
vt -15.374929 -0.065617
vt -15.325720 -0.114829
vt -15.325720 -0.065617
vt -15.374929 -0.114829
vt -0.065617 1.980407
vt -0.114829 2.275682
vt -0.114829 1.980407
vt -0.065617 2.275682
s 1
usemtl Wood_Floor_Parquet
f 6021/4718/951 6022/4719/951 6023/4720/951
f 6022/4719/951 6021/4718/951 6024/4721/951
f 6025/4722/952 6026/4723/952 6027/4724/952
f 6026/4723/952 6025/4722/952 6028/4725/952
f 6029/4726/953 6030/4727/953 6031/4728/953
f 6030/4727/953 6029/4726/953 6032/4729/953
f 6033/4730/954 6034/4731/954 6035/4732/954
f 6034/4731/954 6033/4730/954 6036/4733/954
f 6037/4734/955 6038/4735/955 6039/4736/955
f 6038/4735/955 6037/4734/955 6040/4737/955
o SketchUp.183
v 1.373115 0.199451 0.010064
v 1.368802 0.173572 0.010064
v 1.373115 0.173572 0.010064
v 1.368802 0.199451 0.010064
v 1.373115 0.199451 0.010064
v 1.368802 0.199451 0.005751
v 1.368802 0.199451 0.010064
v 1.373115 0.199451 0.005751
v 1.368802 0.199451 0.005751
v 1.368802 0.173572 0.010064
v 1.368802 0.199451 0.010064
v 1.368802 0.173572 0.005751
v 1.373115 0.173572 0.005751
v 1.368802 0.173572 0.010064
v 1.368802 0.173572 0.005751
v 1.373115 0.173572 0.010064
v 1.373115 0.173572 0.005751
v 1.373115 0.199451 0.010064
v 1.373115 0.173572 0.010064
v 1.373115 0.199451 0.005751
vn -0.0000 -0.0000 1.0000
vn -0.0000 1.0000 -0.0000
vn -1.0000 -0.0000 -0.0000
vn -0.0000 -1.0000 -0.0000
vn 1.0000 -0.0000 -0.0000
vt 15.666889 2.275682
vt 15.617670 1.980407
vt 15.666889 1.980407
vt 15.617670 2.275682
vt 15.666889 -0.114829
vt 15.617670 -0.065617
vt 15.617670 -0.114829
vt 15.666889 -0.065617
vt 0.065617 2.275682
vt 0.114829 1.980407
vt 0.114829 2.275682
vt 0.065617 1.980407
vt -15.666889 -0.065617
vt -15.617670 -0.114829
vt -15.617670 -0.065617
vt -15.666889 -0.114829
vt -0.065617 1.980407
vt -0.114829 2.275682
vt -0.114829 1.980407
vt -0.065617 2.275682
s 1
usemtl Wood_Floor_Parquet
f 6041/4738/956 6042/4739/956 6043/4740/956
f 6042/4739/956 6041/4738/956 6044/4741/956
f 6045/4742/957 6046/4743/957 6047/4744/957
f 6046/4743/957 6045/4742/957 6048/4745/957
f 6049/4746/958 6050/4747/958 6051/4748/958
f 6050/4747/958 6049/4746/958 6052/4749/958
f 6053/4750/959 6054/4751/959 6055/4752/959
f 6054/4751/959 6053/4750/959 6056/4753/959
f 6057/4754/960 6058/4755/960 6059/4756/960
f 6058/4755/960 6057/4754/960 6060/4757/960
o SketchUp.184
v 0.560398 0.622158 -0.000000
v 0.494384 0.501009 -0.000000
v 0.560398 0.501009 -0.000000
v 0.494384 0.622158 -0.000000
v 0.494384 0.622158 -0.000000
v 0.560398 0.622158 -0.000000
v 0.494384 0.501009 -0.000000
v 0.560398 0.501009 -0.000000
vn -0.0000 -0.0000 1.0000
vn -0.0000 -0.0000 -1.0000
s 1
usemtl Translucent_Glass_Blue
f 6061//961 6062//961 6063//961
f 6062//961 6061//961 6064//961
f 6065//962 6066//962 6067//962
f 6068//962 6067//962 6066//962
o SketchUp.185
v 0.482635 0.622158 -0.000000
v 0.412793 0.501009 -0.000000
v 0.482635 0.501009 -0.000000
v 0.412793 0.622158 -0.000000
v 0.412793 0.622158 -0.000000
v 0.482635 0.622158 -0.000000
v 0.412793 0.501009 -0.000000
v 0.482635 0.501009 -0.000000
vn -0.0000 -0.0000 1.0000
vn -0.0000 -0.0000 -1.0000
s 1
usemtl Translucent_Glass_Blue
f 6069//963 6070//963 6071//963
f 6070//963 6069//963 6072//963
f 6073//964 6074//964 6075//964
f 6076//964 6075//964 6074//964
o SketchUp.186
v 0.642572 0.622158 -0.000000
v 0.570687 0.501009 -0.000000
v 0.642572 0.501009 -0.000000
v 0.570687 0.622158 -0.000000
v 0.570687 0.622158 -0.000000
v 0.642572 0.622158 -0.000000
v 0.570687 0.501009 -0.000000
v 0.642572 0.501009 -0.000000
vn -0.0000 -0.0000 1.0000
vn -0.0000 -0.0000 -1.0000
s 1
usemtl Translucent_Glass_Blue
f 6077//965 6078//965 6079//965
f 6078//965 6077//965 6080//965
f 6081//966 6082//966 6083//966
f 6084//966 6083//966 6082//966
o SketchUp.187
v 0.404202 0.622158 -0.000000
v 0.330688 0.501009 -0.000000
v 0.404202 0.501009 -0.000000
v 0.330688 0.622158 -0.000000
v 0.330688 0.622158 -0.000000
v 0.404202 0.622158 -0.000000
v 0.330688 0.501009 -0.000000
v 0.404202 0.501009 -0.000000
vn -0.0000 -0.0000 1.0000
vn -0.0000 -0.0000 -1.0000
s 1
usemtl Translucent_Glass_Blue
f 6085//967 6086//967 6087//967
f 6086//967 6085//967 6088//967
f 6089//968 6090//968 6091//968
f 6092//968 6091//968 6090//968
o SketchUp.188
v 0.642572 0.729893 -0.000000
v 0.570687 0.630168 -0.000000
v 0.642572 0.630168 -0.000000
v 0.570687 0.729893 -0.000000
v 0.570687 0.729893 -0.000000
v 0.642572 0.729893 -0.000000
v 0.570687 0.630168 -0.000000
v 0.642572 0.630168 -0.000000
vn -0.0000 -0.0000 1.0000
vn -0.0000 -0.0000 -1.0000
s 1
usemtl Translucent_Glass_Blue
f 6093//969 6094//969 6095//969
f 6094//969 6093//969 6096//969
f 6097//970 6098//970 6099//970
f 6100//970 6099//970 6098//970
o SketchUp.189
v 0.482635 0.729893 -0.000000
v 0.412793 0.630168 -0.000000
v 0.482635 0.630168 -0.000000
v 0.412793 0.729893 -0.000000
v 0.412793 0.729893 -0.000000
v 0.482635 0.729893 -0.000000
v 0.412793 0.630168 -0.000000
v 0.482635 0.630168 -0.000000
vn -0.0000 -0.0000 1.0000
vn -0.0000 -0.0000 -1.0000
s 1
usemtl Translucent_Glass_Blue
f 6101//971 6102//971 6103//971
f 6102//971 6101//971 6104//971
f 6105//972 6106//972 6107//972
f 6108//972 6107//972 6106//972
o SketchUp.190
v 0.404202 0.729893 -0.000000
v 0.330688 0.630168 -0.000000
v 0.404202 0.630168 -0.000000
v 0.330688 0.729893 -0.000000
v 0.330688 0.729893 -0.000000
v 0.404202 0.729893 -0.000000
v 0.330688 0.630168 -0.000000
v 0.404202 0.630168 -0.000000
vn -0.0000 -0.0000 1.0000
vn -0.0000 -0.0000 -1.0000
s 1
usemtl Translucent_Glass_Blue
f 6109//973 6110//973 6111//973
f 6110//973 6109//973 6112//973
f 6113//974 6114//974 6115//974
f 6116//974 6115//974 6114//974
o SketchUp.191
v 0.560398 0.729893 -0.000000
v 0.494384 0.630168 -0.000000
v 0.560398 0.630168 -0.000000
v 0.494384 0.729893 -0.000000
v 0.494384 0.729893 -0.000000
v 0.560398 0.729893 -0.000000
v 0.494384 0.630168 -0.000000
v 0.560398 0.630168 -0.000000
vn -0.0000 -0.0000 1.0000
vn -0.0000 -0.0000 -1.0000
s 1
usemtl Translucent_Glass_Blue
f 6117//975 6118//975 6119//975
f 6118//975 6117//975 6120//975
f 6121//976 6122//976 6123//976
f 6124//976 6123//976 6122//976
o SketchUp.192
v 0.321611 0.622158 -0.000000
v 0.247224 0.501009 -0.000000
v 0.321611 0.501009 -0.000000
v 0.247224 0.622158 -0.000000
v 0.247224 0.622158 -0.000000
v 0.321611 0.622158 -0.000000
v 0.247224 0.501009 -0.000000
v 0.321611 0.501009 -0.000000
vn -0.0000 -0.0000 1.0000
vn -0.0000 -0.0000 -1.0000
s 1
usemtl Translucent_Glass_Blue
f 6125//977 6126//977 6127//977
f 6126//977 6125//977 6128//977
f 6129//978 6130//978 6131//978
f 6132//978 6131//978 6130//978
o SketchUp.193
v 0.735577 0.622158 -0.000000
v 0.652291 0.501009 -0.000000
v 0.735577 0.501009 -0.000000
v 0.652291 0.622158 -0.000000
v 0.652291 0.622158 -0.000000
v 0.735577 0.622158 -0.000000
v 0.652291 0.501009 -0.000000
v 0.735577 0.501009 -0.000000
vn -0.0000 -0.0000 1.0000
vn -0.0000 -0.0000 -1.0000
s 1
usemtl Translucent_Glass_Blue
f 6133//979 6134//979 6135//979
f 6134//979 6133//979 6136//979
f 6137//980 6138//980 6139//980
f 6140//980 6139//980 6138//980
o SketchUp.194
v 0.321611 0.630168 -0.000000
v 0.247860 0.643179 -0.000000
v 0.247224 0.630168 -0.000000
v 0.321611 0.729847 -0.000000
v 0.249759 0.655967 -0.000000
v 0.252886 0.668314 -0.000000
v 0.257190 0.680008 -0.000000
v 0.262596 0.690849 -0.000000
v 0.269012 0.700652 -0.000000
v 0.276327 0.709249 -0.000000
v 0.284418 0.716493 -0.000000
v 0.293145 0.722259 -0.000000
v 0.302359 0.726451 -0.000000
v 0.311902 0.728995 -0.000000
v 0.311902 0.728995 -0.000000
v 0.321611 0.729847 -0.000000
v 0.302359 0.726451 -0.000000
v 0.293145 0.722259 -0.000000
v 0.284418 0.716493 -0.000000
v 0.276327 0.709249 -0.000000
v 0.269012 0.700652 -0.000000
v 0.262596 0.690849 -0.000000
v 0.257190 0.680008 -0.000000
v 0.252886 0.668314 -0.000000
v 0.249759 0.655967 -0.000000
v 0.247860 0.643179 -0.000000
v 0.321611 0.630168 -0.000000
v 0.247224 0.630168 -0.000000
vn -0.0000 -0.0000 1.0000
vn -0.0000 -0.0000 -1.0000
s 1
usemtl Translucent_Glass_Blue
f 6141//981 6142//981 6143//981
f 6142//981 6141//981 6144//981
f 6142//981 6144//981 6145//981
f 6145//981 6144//981 6146//981
f 6146//981 6144//981 6147//981
f 6147//981 6144//981 6148//981
f 6148//981 6144//981 6149//981
f 6149//981 6144//981 6150//981
f 6150//981 6144//981 6151//981
f 6151//981 6144//981 6152//981
f 6152//981 6144//981 6153//981
f 6153//981 6144//981 6154//981
f 6155//982 6156//982 6157//982
f 6157//982 6156//982 6158//982
f 6158//982 6156//982 6159//982
f 6159//982 6156//982 6160//982
f 6160//982 6156//982 6161//982
f 6161//982 6156//982 6162//982
f 6162//982 6156//982 6163//982
f 6163//982 6156//982 6164//982
f 6164//982 6156//982 6165//982
f 6165//982 6156//982 6166//982
f 6156//982 6167//982 6166//982
f 6168//982 6166//982 6167//982
o SketchUp.195
v 0.734865 0.643213 -0.000000
v 0.652291 0.630168 -0.000000
v 0.735577 0.630168 -0.000000
v 0.652291 0.730112 -0.000000
v 0.732739 0.656035 -0.000000
v 0.729237 0.668415 -0.000000
v 0.724419 0.680140 -0.000000
v 0.718366 0.691010 -0.000000
v 0.711183 0.700839 -0.000000
v 0.702992 0.709459 -0.000000
v 0.693934 0.716722 -0.000000
v 0.684163 0.722504 -0.000000
v 0.673847 0.726706 -0.000000
v 0.663162 0.729256 -0.000000
v 0.663162 0.729256 -0.000000
v 0.673847 0.726706 -0.000000
v 0.652291 0.730112 -0.000000
v 0.684163 0.722504 -0.000000
v 0.693934 0.716722 -0.000000
v 0.702992 0.709459 -0.000000
v 0.711183 0.700839 -0.000000
v 0.718366 0.691010 -0.000000
v 0.724419 0.680140 -0.000000
v 0.729237 0.668415 -0.000000
v 0.732739 0.656035 -0.000000
v 0.734865 0.643213 -0.000000
v 0.652291 0.630168 -0.000000
v 0.735577 0.630168 -0.000000
vn -0.0000 -0.0000 1.0000
vn -0.0000 -0.0000 -1.0000
s 1
usemtl Translucent_Glass_Blue
f 6169//983 6170//983 6171//983
f 6170//983 6169//983 6172//983
f 6172//983 6169//983 6173//983
f 6172//983 6173//983 6174//983
f 6172//983 6174//983 6175//983
f 6172//983 6175//983 6176//983
f 6172//983 6176//983 6177//983
f 6172//983 6177//983 6178//983
f 6172//983 6178//983 6179//983
f 6172//983 6179//983 6180//983
f 6172//983 6180//983 6181//983
f 6172//983 6181//983 6182//983
f 6183//984 6184//984 6185//984
f 6184//984 6186//984 6185//984
f 6186//984 6187//984 6185//984
f 6187//984 6188//984 6185//984
f 6188//984 6189//984 6185//984
f 6189//984 6190//984 6185//984
f 6190//984 6191//984 6185//984
f 6191//984 6192//984 6185//984
f 6192//984 6193//984 6185//984
f 6193//984 6194//984 6185//984
f 6185//984 6194//984 6195//984
f 6196//984 6195//984 6194//984
o SketchUp.196
v 0.247224 0.622158 0.011502
v 0.238969 0.501009 0.011502
v 0.247224 0.501009 0.011502
v 0.238969 0.630168 0.011502
v 0.247224 0.630168 0.011502
v 0.247860 0.643179 0.011502
v 0.239676 0.644084 0.011502
v 0.249759 0.655967 0.011502
v 0.241785 0.657761 0.011502
v 0.252886 0.668314 0.011502
v 0.245260 0.670966 0.011502
v 0.257190 0.680008 0.011502
v 0.250041 0.683473 0.011502
v 0.262596 0.690849 0.011502
v 0.256047 0.695068 0.011502
v 0.269012 0.700652 0.011502
v 0.263174 0.705552 0.011502
v 0.276327 0.709249 0.011502
v 0.271302 0.714747 0.011502
v 0.284418 0.716493 0.011502
v 0.280290 0.722494 0.011502
v 0.293145 0.722259 0.011502
v 0.302359 0.726451 0.011502
v 0.289985 0.728662 0.011502
v 0.311902 0.728995 0.011502
v 0.300222 0.733144 0.011502
v 0.321611 0.729847 0.011502
v 0.330688 0.729893 0.011502
v 0.652291 0.730112 0.011502
v 0.676031 0.732942 0.011502
v 0.664263 0.735657 0.011502
v 0.310824 0.735865 0.011502
v 0.652291 0.736561 0.011502
v 0.652291 0.736567 0.011502
v 0.321611 0.736561 0.011502
v 0.321611 0.736777 0.011502
v 0.735577 0.501009 0.011502
v 0.238969 0.490708 0.011502
v 0.652291 0.501009 0.011502
v 0.642572 0.501009 0.011502
v 0.570687 0.501009 0.011502
v 0.560398 0.501009 0.011502
v 0.494384 0.501009 0.011502
v 0.482635 0.501009 0.011502
v 0.412793 0.501009 0.011502
v 0.404202 0.501009 0.011502
v 0.330688 0.501009 0.011502
v 0.321611 0.501009 0.011502
v 0.330688 0.622158 0.011502
v 0.321611 0.622158 0.011502
v 0.412793 0.622158 0.011502
v 0.404202 0.622158 0.011502
v 0.494384 0.622158 0.011502
v 0.482635 0.622158 0.011502
v 0.570687 0.622158 0.011502
v 0.560398 0.622158 0.011502
v 0.652291 0.622158 0.011502
v 0.642572 0.622158 0.011502
v 0.735577 0.630168 0.011502
v 0.321611 0.630168 0.011502
v 0.652291 0.630168 0.011502
v 0.642572 0.630168 0.011502
v 0.570687 0.630168 0.011502
v 0.560398 0.630168 0.011502
v 0.494384 0.630168 0.011502
v 0.482635 0.630168 0.011502
v 0.412793 0.630168 0.011502
v 0.404202 0.630168 0.011502
v 0.330688 0.630168 0.011502
v 0.642572 0.729893 0.011502
v 0.570687 0.729893 0.011502
v 0.560398 0.729893 0.011502
v 0.494384 0.729893 0.011502
v 0.482635 0.729893 0.011502
v 0.412793 0.729893 0.011502
v 0.404202 0.729893 0.011502
v 0.744014 0.490708 0.011502
v 0.744014 0.630168 0.011502
v 0.735577 0.622158 0.011502
v 0.734865 0.643213 0.011502
v 0.743230 0.644056 0.011502
v 0.732739 0.656035 0.011502
v 0.740889 0.657706 0.011502
v 0.729237 0.668415 0.011502
v 0.737032 0.670885 0.011502
v 0.724419 0.680140 0.011502
v 0.731726 0.683368 0.011502
v 0.718366 0.691010 0.011502
v 0.725060 0.694940 0.011502
v 0.711183 0.700839 0.011502
v 0.717149 0.705404 0.011502
v 0.702992 0.709459 0.011502
v 0.708129 0.714580 0.011502
v 0.693934 0.716722 0.011502
v 0.698152 0.722312 0.011502
v 0.684163 0.722504 0.011502
v 0.687392 0.728468 0.011502
v 0.673847 0.726706 0.011502
v 0.663162 0.729256 0.011502
vn -0.0000 -0.0000 1.0000
vn -0.0000 -1.0000 -0.0000
vn -0.0000 1.0000 -0.0000
vt 2.820762 7.098664
vt 2.726571 5.716378
vt 2.820762 5.716378
vt 2.726571 7.190054
vt 2.820762 7.190054
vt 2.828023 7.338503
vt 2.734638 7.348823
vt 2.849682 7.484412
vt 2.758701 7.504876
vt 2.885369 7.625284
vt 2.798348 7.655543
vt 2.934472 7.758710
vt 2.852900 7.798244
vt 2.996151 7.882406
vt 2.921425 7.930540
vt 3.069352 7.994255
vt 3.002750 8.050165
vt 3.152822 8.092344
vt 3.095483 8.155074
vt 3.245132 8.174995
vt 3.198037 8.243471
vt 3.344704 8.240794
vt 3.449832 8.288613
vt 3.308659 8.313844
vt 3.558720 8.317636
vt 3.425454 8.364988
vt 3.669503 8.327366
vt 3.773068 8.327893
vt 7.442469 8.330383
vt 7.713333 8.362675
vt 7.579069 8.393654
vt 3.546425 8.396029
vt 7.442469 8.403965
vt 7.442469 8.404039
vt 3.669503 8.403965
vt 3.669503 8.406435
vt 8.392743 5.716378
vt 2.726571 5.598846
vt 7.442469 5.716378
vt 7.331579 5.716378
vt 6.511393 5.716378
vt 6.393991 5.716378
vt 5.640795 5.716378
vt 5.506739 5.716378
vt 4.709858 5.716378
vt 4.611834 5.716378
vt 3.773068 5.716378
vt 3.669503 5.716378
vt 3.773068 7.098664
vt 3.669503 7.098664
vt 4.709858 7.098664
vt 4.611834 7.098664
vt 5.640795 7.098664
vt 5.506739 7.098664
vt 6.511393 7.098664
vt 6.393991 7.098664
vt 7.442469 7.098664
vt 7.331579 7.098664
vt 8.392743 7.190054
vt 3.669503 7.190054
vt 7.442469 7.190054
vt 7.331579 7.190054
vt 6.511393 7.190054
vt 6.393991 7.190054
vt 5.640795 7.190054
vt 5.506739 7.190054
vt 4.709858 7.190054
vt 4.611834 7.190054
vt 3.773068 7.190054
vt 7.331579 8.327893
vt 6.511393 8.327893
vt 6.393991 8.327893
vt 5.640795 8.327893
vt 5.506739 8.327893
vt 4.709858 8.327893
vt 4.611834 8.327893
vt 8.489008 5.598846
vt 8.489008 7.190054
vt 8.392743 7.098664
vt 8.384613 7.338897
vt 8.480055 7.348511
vt 8.360363 7.485193
vt 8.453349 7.504257
vt 8.320407 7.626439
vt 8.409345 7.654626
vt 8.265429 7.760218
vt 8.348799 7.797047
vt 8.196372 7.884242
vt 8.272745 7.929082
vt 8.114414 7.996388
vt 8.182484 8.048472
vt 8.020959 8.094738
vt 8.079562 8.153174
vt 7.917606 8.177608
vt 7.965739 8.241397
vt 7.806123 8.243580
vt 7.842962 8.311631
vt 7.688418 8.291527
vt 7.566504 8.320627
s 1
usemtl Wood_Floor
f 6197/4758/985 6198/4759/985 6199/4760/985
f 6198/4759/985 6197/4758/985 6200/4761/985
f 6200/4761/985 6197/4758/985 6201/4762/985
f 6200/4761/985 6201/4762/985 6202/4763/985
f 6200/4761/985 6202/4763/985 6203/4764/985
f 6203/4764/985 6202/4763/985 6204/4765/985
f 6203/4764/985 6204/4765/985 6205/4766/985
f 6205/4766/985 6204/4765/985 6206/4767/985
f 6205/4766/985 6206/4767/985 6207/4768/985
f 6207/4768/985 6206/4767/985 6208/4769/985
f 6207/4768/985 6208/4769/985 6209/4770/985
f 6209/4770/985 6208/4769/985 6210/4771/985
f 6209/4770/985 6210/4771/985 6211/4772/985
f 6211/4772/985 6210/4771/985 6212/4773/985
f 6211/4772/985 6212/4773/985 6213/4774/985
f 6213/4774/985 6212/4773/985 6214/4775/985
f 6213/4774/985 6214/4775/985 6215/4776/985
f 6215/4776/985 6214/4775/985 6216/4777/985
f 6215/4776/985 6216/4777/985 6217/4778/985
f 6217/4778/985 6216/4777/985 6218/4779/985
f 6217/4778/985 6218/4779/985 6219/4780/985
f 6217/4778/985 6219/4780/985 6220/4781/985
f 6220/4781/985 6219/4780/985 6221/4782/985
f 6220/4781/985 6221/4782/985 6222/4783/985
f 6222/4783/985 6221/4782/985 6223/4784/985
f 6222/4783/985 6223/4784/985 6224/4785/985
f 6222/4783/985 6224/4785/985 6225/4786/985
f 6222/4783/985 6225/4786/985 6226/4787/985
f 6222/4783/985 6226/4787/985 6227/4788/985
f 6222/4783/985 6227/4788/985 6228/4789/985
f 6228/4789/985 6227/4788/985 6229/4790/985
f 6229/4790/985 6227/4788/985 6230/4791/985
f 6228/4789/985 6231/4792/985 6232/4793/985
f 6231/4792/985 6228/4789/985 6229/4790/985
f 6233/4794/985 6198/4759/985 6234/4795/985
s 0
f 6198/4759/986 6233/4794/986 6235/4796/986
f 6198/4759/987 6235/4796/987 6236/4797/987
f 6198/4759/987 6236/4797/987 6237/4798/987
f 6198/4759/986 6237/4798/986 6238/4799/986
f 6198/4759/987 6238/4799/987 6239/4800/987
f 6198/4759/986 6239/4800/986 6240/4801/986
f 6198/4759/987 6240/4801/987 6241/4802/987
f 6198/4759/987 6241/4802/987 6242/4803/987
f 6198/4759/986 6242/4803/986 6243/4804/986
f 6198/4759/987 6243/4804/987 6244/4805/987
f 6198/4759/987 6244/4805/987 6199/4760/987
s 1
f 6245/4806/985 6244/4805/985 6243/4804/985
f 6244/4805/985 6245/4806/985 6246/4807/985
f 6247/4808/985 6242/4803/985 6241/4802/985
f 6242/4803/985 6247/4808/985 6248/4809/985
f 6249/4810/985 6240/4801/985 6239/4800/985
f 6240/4801/985 6249/4810/985 6250/4811/985
f 6251/4812/985 6238/4799/985 6237/4798/985
f 6238/4799/985 6251/4812/985 6252/4813/985
f 6253/4814/985 6236/4797/985 6235/4796/985
f 6236/4797/985 6253/4814/985 6254/4815/985
s 0
f 6255/4816/987 6256/4817/987 6201/4762/987
f 6256/4817/987 6255/4816/987 6257/4818/987
f 6256/4817/987 6257/4818/987 6258/4819/987
f 6256/4817/986 6258/4819/986 6259/4820/986
f 6256/4817/987 6259/4820/987 6260/4821/987
f 6256/4817/986 6260/4821/986 6261/4822/986
f 6256/4817/986 6261/4822/986 6262/4823/986
f 6256/4817/987 6262/4823/987 6263/4824/987
f 6256/4817/986 6263/4824/986 6264/4825/986
f 6256/4817/987 6264/4825/987 6265/4826/987
s 1
f 6256/4817/985 6265/4826/985 6224/4785/985
f 6256/4817/985 6224/4785/985 6223/4784/985
f 6225/4786/985 6258/4819/985 6257/4818/985
f 6258/4819/985 6225/4786/985 6266/4827/985
f 6266/4827/985 6225/4786/985 6267/4828/985
f 6267/4828/985 6225/4786/985 6268/4829/985
f 6268/4829/985 6225/4786/985 6269/4830/985
f 6269/4830/985 6225/4786/985 6270/4831/985
f 6270/4831/985 6225/4786/985 6271/4832/985
f 6271/4832/985 6225/4786/985 6272/4833/985
f 6272/4833/985 6225/4786/985 6224/4785/985
f 6273/4834/985 6233/4794/985 6234/4795/985
f 6233/4794/985 6273/4834/985 6274/4835/985
f 6233/4794/985 6274/4835/985 6275/4836/985
f 6275/4836/985 6274/4835/985 6253/4814/985
f 6253/4814/985 6274/4835/985 6254/4815/985
f 6254/4815/985 6274/4835/985 6251/4812/985
f 6251/4812/985 6274/4835/985 6252/4813/985
f 6252/4813/985 6274/4835/985 6249/4810/985
f 6249/4810/985 6274/4835/985 6250/4811/985
f 6250/4811/985 6274/4835/985 6247/4808/985
f 6247/4808/985 6274/4835/985 6248/4809/985
f 6248/4809/985 6274/4835/985 6245/4806/985
f 6245/4806/985 6274/4835/985 6246/4807/985
f 6246/4807/985 6274/4835/985 6197/4758/985
f 6197/4758/985 6274/4835/985 6255/4816/985
f 6197/4758/985 6255/4816/985 6201/4762/985
f 6255/4816/985 6274/4835/985 6276/4837/985
f 6276/4837/985 6274/4835/985 6277/4838/985
f 6276/4837/985 6277/4838/985 6278/4839/985
f 6278/4839/985 6277/4838/985 6279/4840/985
f 6278/4839/985 6279/4840/985 6280/4841/985
f 6280/4841/985 6279/4840/985 6281/4842/985
f 6280/4841/985 6281/4842/985 6282/4843/985
f 6282/4843/985 6281/4842/985 6283/4844/985
f 6282/4843/985 6283/4844/985 6284/4845/985
f 6284/4845/985 6283/4844/985 6285/4846/985
f 6284/4845/985 6285/4846/985 6286/4847/985
f 6286/4847/985 6285/4846/985 6287/4848/985
f 6286/4847/985 6287/4848/985 6288/4849/985
f 6288/4849/985 6287/4848/985 6289/4850/985
f 6288/4849/985 6289/4850/985 6290/4851/985
f 6290/4851/985 6289/4850/985 6291/4852/985
f 6290/4851/985 6291/4852/985 6292/4853/985
f 6292/4853/985 6291/4852/985 6293/4854/985
f 6292/4853/985 6293/4854/985 6294/4855/985
f 6294/4855/985 6293/4854/985 6295/4856/985
f 6295/4856/985 6293/4854/985 6226/4787/985
f 6295/4856/985 6226/4787/985 6225/4786/985
f 6271/4832/985 6264/4825/985 6263/4824/985
f 6264/4825/985 6271/4832/985 6272/4833/985
f 6269/4830/985 6262/4823/985 6261/4822/985
f 6262/4823/985 6269/4830/985 6270/4831/985
f 6267/4828/985 6260/4821/985 6259/4820/985
f 6260/4821/985 6267/4828/985 6268/4829/985
o SketchUp.197
v 0.744014 0.490708 -0.000000
v 0.238969 0.490708 0.011502
v 0.238969 0.490708 -0.000000
v 0.744014 0.490708 0.011502
v 0.744014 0.490708 -0.000000
v 0.744014 0.630168 0.011502
v 0.744014 0.490708 0.011502
v 0.744014 0.630168 -0.000000
v 0.238969 0.501009 -0.000000
v 0.238969 0.490708 0.011502
v 0.238969 0.501009 0.011502
v 0.238969 0.490708 -0.000000
v 0.744014 0.630168 -0.000000
v 0.743230 0.644056 0.011502
v 0.744014 0.630168 0.011502
v 0.743230 0.644056 -0.000000
v 0.238969 0.630168 -0.000000
v 0.238969 0.501009 0.011502
v 0.238969 0.630168 0.011502
v 0.238969 0.501009 -0.000000
v 0.247224 0.501009 0.011502
v 0.238969 0.501009 -0.000000
v 0.238969 0.501009 0.011502
v 0.247224 0.501009 -0.000000
v 0.740889 0.657706 0.011502
v 0.740889 0.657706 -0.000000
v 0.239676 0.644084 0.011502
v 0.238969 0.630168 -0.000000
v 0.238969 0.630168 0.011502
v 0.239676 0.644084 -0.000000
v 0.321611 0.501009 0.011502
v 0.247224 0.501009 -0.000000
v 0.247224 0.501009 0.011502
v 0.321611 0.501009 -0.000000
v 0.737032 0.670885 0.011502
v 0.737032 0.670885 -0.000000
v 0.241785 0.657761 0.011502
v 0.241785 0.657761 -0.000000
v 0.247224 0.501009 -0.000000
v 0.247224 0.622158 0.011502
v 0.247224 0.501009 0.011502
v 0.247224 0.622158 -0.000000
v 0.321611 0.622158 -0.000000
v 0.321611 0.501009 0.011502
v 0.321611 0.622158 0.011502
v 0.321611 0.501009 -0.000000
v 0.731726 0.683368 0.011502
v 0.731726 0.683368 -0.000000
v 0.245260 0.670966 0.011502
v 0.245260 0.670966 -0.000000
v 0.321611 0.622158 -0.000000
v 0.247224 0.622158 0.011502
v 0.247224 0.622158 -0.000000
v 0.321611 0.622158 0.011502
v 0.725060 0.694940 0.011502
v 0.725060 0.694940 -0.000000
v 0.250041 0.683473 0.011502
v 0.250041 0.683473 -0.000000
v 0.717149 0.705404 0.011502
v 0.717149 0.705404 -0.000000
v 0.256047 0.695068 0.011502
v 0.256047 0.695068 -0.000000
v 0.708129 0.714580 0.011502
v 0.708129 0.714580 -0.000000
v 0.263174 0.705552 -0.000000
v 0.263174 0.705552 0.011502
v 0.698152 0.722312 -0.000000
v 0.698152 0.722312 0.011502
v 0.271302 0.714747 0.011502
v 0.271302 0.714747 -0.000000
v 0.687392 0.728468 -0.000000
v 0.687392 0.728468 0.011502
v 0.280290 0.722494 0.011502
v 0.280290 0.722494 -0.000000
v 0.676031 0.732942 -0.000000
v 0.676031 0.732942 0.011502
v 0.289985 0.728662 0.011502
v 0.289985 0.728662 -0.000000
v 0.664263 0.735657 -0.000000
v 0.664263 0.735657 0.011502
v 0.300222 0.733144 0.011502
v 0.300222 0.733144 -0.000000
v 0.652291 0.736567 -0.000000
v 0.652291 0.736567 0.011502
v 0.310824 0.735865 0.011502
v 0.310824 0.735865 -0.000000
v 0.652291 0.736567 0.011502
v 0.652291 0.736561 -0.000000
v 0.652291 0.736561 0.011502
v 0.652291 0.736567 -0.000000
v 0.321611 0.736777 0.011502
v 0.321611 0.736777 -0.000000
v 0.652291 0.736561 0.011502
v 0.321611 0.736561 -0.000000
v 0.321611 0.736561 0.011502
v 0.652291 0.736561 -0.000000
v 0.321611 0.736561 -0.000000
v 0.321611 0.736777 0.011502
v 0.321611 0.736561 0.011502
v 0.321611 0.736777 -0.000000
vn -0.0000 -1.0000 -0.0000
vn 1.0000 -0.0000 -0.0000
vn -1.0000 -0.0000 -0.0000
vn 0.9984 0.0564 -0.0000
vn 0.9936 0.1129 -0.0000
vn -0.0000 1.0000 -0.0000
vn 0.9743 0.2253 -0.0000
vn -0.9948 0.1017 -0.0000
vn -0.9987 0.0507 -0.0000
vn 0.9416 0.3366 -0.0000
vn -0.9790 0.2037 -0.0000
vn 0.8950 0.4460 -0.0000
vn -0.9520 0.3062 -0.0000
vn 0.8337 0.5522 -0.0000
vn -0.9125 0.4092 -0.0000
vn 0.7570 0.6534 -0.0000
vn -0.8590 0.5120 -0.0000
vn 0.6644 0.7474 -0.0000
vn -0.7897 0.6135 -0.0000
vn 0.5559 0.8312 -0.0000
vn -0.7027 0.7115 -0.0000
vn 0.4326 0.9016 -0.0000
vn -0.5964 0.8027 -0.0000
vn 0.2964 0.9551 -0.0000
vn -0.4703 0.8825 -0.0000
vn 0.1507 0.9886 -0.0000
vn -0.3259 0.9454 -0.0000
vn 0.0758 0.9971 -0.0000
vn -0.1670 0.9860 -0.0000
vn -0.0842 0.9964 -0.0000
vt -8.489008 -0.000000
vt -2.726571 -0.131234
vt -2.726571 -0.000000
vt -8.489008 -0.131234
vt 0.000000 5.598846
vt -0.131234 7.190054
vt -0.131234 5.598846
vt 0.000000 7.190054
vt -0.000000 5.716378
vt 0.131234 5.598846
vt 0.131234 5.716378
vt 0.000000 6.699713
vt -0.131234 6.858423
vt -0.131234 6.699713
vt 0.000000 6.858423
vt 0.131234 7.190054
vt 2.820762 -0.131234
vt 2.726571 -0.000000
vt 2.726571 -0.131234
vt 2.820762 -0.000000
vt 0.000000 5.809589
vt -0.131234 5.967608
vt -0.131234 5.809589
vt 0.000000 5.967608
vt 0.131234 7.478121
vt -0.000000 7.319147
vt 0.131234 7.319147
vt -0.000000 7.478121
vt 3.669503 -0.131234
vt 3.669503 -0.000000
vt 0.000000 4.828051
vt -0.131234 4.984727
vt -0.131234 4.828051
vt 0.000000 4.984727
vt 0.131234 7.837629
vt -0.000000 7.679731
vt 0.131234 7.679731
vt -0.000000 7.837629
vt -0.131234 7.098664
vt -0.131234 5.716378
vt 0.000000 7.098664
vt 0.131234 7.098664
vt -0.000000 3.754413
vt -0.131234 3.909169
vt -0.131234 3.754413
vt -0.000000 3.909169
vt 0.131234 8.115631
vt -0.000000 7.959835
vt 0.131234 7.959835
vt -0.000000 8.115631
vt -3.669503 -0.000000
vt -2.820762 -0.131234
vt -2.820762 -0.000000
vt -3.669503 -0.131234
vt -0.000000 2.589183
vt -0.131234 2.741555
vt -0.131234 2.589183
vt -0.000000 2.741555
vt 0.131234 8.302849
vt -0.000000 8.150076
vt 0.131234 8.150076
vt -0.000000 8.302849
vt -0.000000 1.335949
vt -0.131234 1.485619
vt -0.131234 1.335949
vt -0.000000 1.485619
vt 0.131234 8.385613
vt -0.000000 8.236624
vt 0.131234 8.236624
vt -0.000000 8.385613
vt -0.000000 0.003623
vt -0.131234 0.150441
vt -0.131234 0.003623
vt -0.000000 0.150441
vt -0.000000 8.345613
vt 0.131234 8.200962
vt 0.131234 8.345613
vt -0.000000 8.200962
vt -0.131234 -1.391183
vt -0.000000 -1.247173
vt -0.131234 -1.247173
vt -0.000000 -1.391183
vt 0.131234 8.160278
vt -0.000000 8.020260
vt 0.131234 8.020260
vt -0.000000 8.160278
vt -0.131234 -2.822128
vt -0.000000 -2.680683
vt -0.131234 -2.680683
vt -0.000000 -2.822128
vt 0.131234 7.804431
vt -0.000000 7.669038
vt 0.131234 7.669038
vt -0.000000 7.804431
vt -0.131234 -4.252325
vt -0.000000 -4.113008
vt -0.131234 -4.113008
vt -0.000000 -4.252325
vt 0.131234 7.254118
vt -0.000000 7.123010
vt 0.131234 7.123010
vt -0.000000 7.254118
vt -0.131234 -5.635667
vt -0.000000 -5.497875
vt -0.131234 -5.497875
vt -0.000000 -5.635667
vt 0.131234 6.493190
vt -0.000000 6.365687
vt 0.131234 6.365687
vt -0.000000 6.493190
vt -0.131234 -6.920922
vt -0.000000 -6.783926
vt -0.131234 -6.783926
vt -0.000000 -6.920922
vt 0.131234 5.521931
vt -0.000000 5.397041
vt 0.131234 5.397041
vt -0.000000 5.521931
vt 0.131234 8.404039
vt -0.000000 8.403965
vt 0.131234 8.403965
vt -0.000000 8.404039
vt 0.131234 4.364702
vt -0.000000 4.241186
vt 0.131234 4.241186
vt -0.000000 4.364702
vt 7.442469 -0.131234
vt 7.442469 -0.000000
vt -0.131234 8.406435
vt -0.131234 8.403965
vt 0.000000 8.406435
s 1
usemtl Wood_Floor_Parquet
f 6296/4857/988 6297/4858/988 6298/4859/988
f 6297/4858/988 6296/4857/988 6299/4860/988
f 6300/4861/989 6301/4862/989 6302/4863/989
f 6301/4862/989 6300/4861/989 6303/4864/989
f 6304/4865/990 6305/4866/990 6306/4867/990
f 6305/4866/990 6304/4865/990 6307/4861/990
f 6308/4868/991 6309/4869/992 6310/4870/991
f 6309/4869/992 6308/4868/991 6311/4871/992
f 6312/4864/990 6313/4867/990 6314/4872/990
f 6313/4867/990 6312/4864/990 6315/4865/990
f 6316/4873/993 6317/4874/993 6318/4875/993
f 6317/4874/993 6316/4873/993 6319/4876/993
f 6311/4877/992 6320/4878/994 6309/4879/992
f 6320/4878/994 6311/4877/992 6321/4880/994
f 6322/4881/995 6323/4882/996 6324/4883/996
f 6323/4882/996 6322/4881/995 6325/4884/995
f 6326/4885/993 6327/4876/993 6328/4873/993
f 6327/4876/993 6326/4885/993 6329/4886/993
f 6321/4887/994 6330/4888/997 6320/4889/994
f 6330/4888/997 6321/4887/994 6331/4890/997
f 6332/4891/998 6325/4892/995 6322/4893/995
f 6325/4892/995 6332/4891/998 6333/4894/998
f 6334/4865/989 6335/4895/989 6336/4896/989
f 6335/4895/989 6334/4865/989 6337/4897/989
f 6338/4897/990 6339/4867/990 6340/4898/990
f 6339/4867/990 6338/4897/990 6341/4865/990
f 6331/4899/997 6342/4900/999 6330/4901/997
f 6342/4900/999 6331/4899/997 6343/4902/999
f 6344/4903/1000 6333/4904/998 6332/4905/998
f 6333/4904/998 6344/4903/1000 6345/4906/1000
f 6346/4907/988 6347/4908/988 6348/4909/988
f 6347/4908/988 6346/4907/988 6349/4910/988
f 6343/4911/999 6350/4912/1001 6342/4913/999
f 6350/4912/1001 6343/4911/999 6351/4914/1001
f 6352/4915/1002 6345/4916/1000 6344/4917/1000
f 6345/4916/1000 6352/4915/1002 6353/4918/1002
f 6351/4919/1001 6354/4920/1003 6350/4921/1001
f 6354/4920/1003 6351/4919/1001 6355/4922/1003
f 6356/4923/1004 6353/4924/1002 6352/4925/1002
f 6353/4924/1002 6356/4923/1004 6357/4926/1004
f 6355/4927/1003 6358/4928/1005 6354/4929/1003
f 6358/4928/1005 6355/4927/1003 6359/4930/1005
f 6360/4931/1006 6356/4932/1004 6361/4933/1006
f 6356/4932/1004 6360/4931/1006 6357/4934/1004
f 6358/4935/1005 6362/4936/1007 6363/4937/1007
f 6362/4936/1007 6358/4935/1005 6359/4938/1005
f 6364/4939/1008 6360/4940/1006 6361/4941/1006
f 6360/4940/1006 6364/4939/1008 6365/4942/1008
f 6363/4943/1007 6366/4944/1009 6367/4945/1009
f 6366/4944/1009 6363/4943/1007 6362/4946/1007
f 6368/4947/1010 6365/4948/1008 6364/4949/1008
f 6365/4948/1008 6368/4947/1010 6369/4950/1010
f 6367/4951/1009 6370/4952/1011 6371/4953/1011
f 6370/4952/1011 6367/4951/1009 6366/4954/1009
f 6372/4955/1012 6369/4956/1010 6368/4957/1010
f 6369/4956/1010 6372/4955/1012 6373/4958/1012
f 6371/4959/1011 6374/4960/1013 6375/4961/1013
f 6374/4960/1013 6371/4959/1011 6370/4962/1011
f 6376/4963/1014 6373/4964/1012 6372/4965/1012
f 6373/4964/1012 6376/4963/1014 6377/4966/1014
f 6375/4967/1013 6378/4968/1015 6379/4969/1015
f 6378/4968/1015 6375/4967/1013 6374/4970/1013
f 6380/4971/1016 6377/4972/1014 6376/4973/1014
f 6377/4972/1014 6380/4971/1016 6381/4974/1016
f 6382/4975/990 6383/4976/990 6384/4977/990
f 6383/4976/990 6382/4975/990 6385/4978/990
f 6386/4979/1017 6381/4980/1016 6380/4981/1016
f 6381/4980/1016 6386/4979/1017 6387/4982/1017
f 6388/4983/993 6389/4886/993 6390/4885/993
f 6389/4886/993 6388/4983/993 6391/4984/993
f 6392/4976/989 6393/4985/989 6394/4986/989
f 6393/4985/989 6392/4976/989 6395/4987/989
o SketchUp.198
v 0.560398 0.501009 0.011502
v 0.494384 0.501009 -0.000000
v 0.494384 0.501009 0.011502
v 0.560398 0.501009 -0.000000
v 0.494384 0.501009 -0.000000
v 0.494384 0.622158 0.011502
v 0.494384 0.501009 0.011502
v 0.494384 0.622158 -0.000000
v 0.560398 0.622158 -0.000000
v 0.560398 0.501009 0.011502
v 0.560398 0.622158 0.011502
v 0.560398 0.501009 -0.000000
v 0.560398 0.622158 -0.000000
v 0.494384 0.622158 0.011502
v 0.494384 0.622158 -0.000000
v 0.560398 0.622158 0.011502
vn -0.0000 1.0000 -0.0000
vn 1.0000 -0.0000 -0.0000
vn -1.0000 -0.0000 -0.0000
vn -0.0000 -1.0000 -0.0000
vt 6.393991 -0.131234
vt 5.640795 -0.000000
vt 5.640795 -0.131234
vt 6.393991 -0.000000
vt 0.000000 5.716378
vt -0.131234 7.098664
vt -0.131234 5.716378
vt 0.000000 7.098664
vt 0.131234 5.716378
vt 0.131234 7.098664
vt -6.393991 -0.000000
vt -5.640795 -0.131234
vt -5.640795 -0.000000
vt -6.393991 -0.131234
s 1
usemtl Wood_Floor_Parquet
f 6396/4988/1018 6397/4989/1018 6398/4990/1018
f 6397/4989/1018 6396/4988/1018 6399/4991/1018
f 6400/4992/1019 6401/4993/1019 6402/4994/1019
f 6401/4993/1019 6400/4992/1019 6403/4995/1019
f 6404/4995/1020 6405/4996/1020 6406/4997/1020
f 6405/4996/1020 6404/4995/1020 6407/4992/1020
f 6408/4998/1021 6409/4999/1021 6410/5000/1021
f 6409/4999/1021 6408/4998/1021 6411/5001/1021
o SketchUp.199
v 0.482635 0.622158 -0.000000
v 0.482635 0.501009 0.011502
v 0.482635 0.622158 0.011502
v 0.482635 0.501009 -0.000000
v 0.482635 0.501009 0.011502
v 0.412793 0.501009 -0.000000
v 0.412793 0.501009 0.011502
v 0.482635 0.501009 -0.000000
v 0.482635 0.622158 -0.000000
v 0.412793 0.622158 0.011502
v 0.412793 0.622158 -0.000000
v 0.482635 0.622158 0.011502
v 0.412793 0.501009 -0.000000
v 0.412793 0.622158 0.011502
v 0.412793 0.501009 0.011502
v 0.412793 0.622158 -0.000000
vn -1.0000 -0.0000 -0.0000
vn -0.0000 1.0000 -0.0000
vn -0.0000 -1.0000 -0.0000
vn 1.0000 -0.0000 -0.0000
vt -0.000000 7.098664
vt 0.131234 5.716378
vt 0.131234 7.098664
vt -0.000000 5.716378
vt 5.506739 -0.131234
vt 4.709858 -0.000000
vt 4.709858 -0.131234
vt 5.506739 -0.000000
vt -5.506739 -0.000000
vt -4.709858 -0.131234
vt -4.709858 -0.000000
vt -5.506739 -0.131234
vt -0.131234 7.098664
vt -0.131234 5.716378
s 1
usemtl Wood_Floor_Parquet
f 6412/5002/1022 6413/5003/1022 6414/5004/1022
f 6413/5003/1022 6412/5002/1022 6415/5005/1022
f 6416/5006/1023 6417/5007/1023 6418/5008/1023
f 6417/5007/1023 6416/5006/1023 6419/5009/1023
f 6420/5010/1024 6421/5011/1024 6422/5012/1024
f 6421/5011/1024 6420/5010/1024 6423/5013/1024
f 6424/5005/1025 6425/5014/1025 6426/5015/1025
f 6425/5014/1025 6424/5005/1025 6427/5002/1025
o SketchUp.200
v 0.404202 0.622158 -0.000000
v 0.404202 0.501009 0.011502
v 0.404202 0.622158 0.011502
v 0.404202 0.501009 -0.000000
v 0.404202 0.501009 0.011502
v 0.330688 0.501009 -0.000000
v 0.330688 0.501009 0.011502
v 0.404202 0.501009 -0.000000
v 0.404202 0.622158 -0.000000
v 0.330688 0.622158 0.011502
v 0.330688 0.622158 -0.000000
v 0.404202 0.622158 0.011502
v 0.330688 0.501009 -0.000000
v 0.330688 0.622158 0.011502
v 0.330688 0.501009 0.011502
v 0.330688 0.622158 -0.000000
vn -1.0000 -0.0000 -0.0000
vn -0.0000 1.0000 -0.0000
vn -0.0000 -1.0000 -0.0000
vn 1.0000 -0.0000 -0.0000
vt -0.000000 7.098664
vt 0.131234 5.716378
vt 0.131234 7.098664
vt -0.000000 5.716378
vt 4.611834 -0.131234
vt 3.773068 -0.000000
vt 3.773068 -0.131234
vt 4.611834 -0.000000
vt -4.611834 -0.000000
vt -3.773068 -0.131234
vt -3.773068 -0.000000
vt -4.611834 -0.131234
vt -0.131234 7.098664
vt -0.131234 5.716378
s 1
usemtl Wood_Floor_Parquet
f 6428/5016/1026 6429/5017/1026 6430/5018/1026
f 6429/5017/1026 6428/5016/1026 6431/5019/1026
f 6432/5020/1027 6433/5021/1027 6434/5022/1027
f 6433/5021/1027 6432/5020/1027 6435/5023/1027
f 6436/5024/1028 6437/5025/1028 6438/5026/1028
f 6437/5025/1028 6436/5024/1028 6439/5027/1028
f 6440/5019/1029 6441/5028/1029 6442/5029/1029
f 6441/5028/1029 6440/5019/1029 6443/5016/1029
o SketchUp.201
v 0.642572 0.630168 0.011502
v 0.570687 0.630168 -0.000000
v 0.570687 0.630168 0.011502
v 0.642572 0.630168 -0.000000
v 0.570687 0.630168 -0.000000
v 0.570687 0.729893 0.011502
v 0.570687 0.630168 0.011502
v 0.570687 0.729893 -0.000000
v 0.642572 0.729893 -0.000000
v 0.642572 0.630168 0.011502
v 0.642572 0.729893 0.011502
v 0.642572 0.630168 -0.000000
v 0.642572 0.729893 -0.000000
v 0.570687 0.729893 0.011502
v 0.570687 0.729893 -0.000000
v 0.642572 0.729893 0.011502
vn -0.0000 1.0000 -0.0000
vn 1.0000 -0.0000 -0.0000
vn -1.0000 -0.0000 -0.0000
vn -0.0000 -1.0000 -0.0000
vt 7.331579 -0.131234
vt 6.511393 -0.000000
vt 6.511393 -0.131234
vt 7.331579 -0.000000
vt 0.000000 7.190054
vt -0.131234 8.327893
vt -0.131234 7.190054
vt 0.000000 8.327893
vt 0.131234 7.190054
vt 0.131234 8.327893
vt -7.331579 -0.000000
vt -6.511393 -0.131234
vt -6.511393 -0.000000
vt -7.331579 -0.131234
s 1
usemtl Wood_Floor_Parquet
f 6444/5030/1030 6445/5031/1030 6446/5032/1030
f 6445/5031/1030 6444/5030/1030 6447/5033/1030
f 6448/5034/1031 6449/5035/1031 6450/5036/1031
f 6449/5035/1031 6448/5034/1031 6451/5037/1031
f 6452/5037/1032 6453/5038/1032 6454/5039/1032
f 6453/5038/1032 6452/5037/1032 6455/5034/1032
f 6456/5040/1033 6457/5041/1033 6458/5042/1033
f 6457/5041/1033 6456/5040/1033 6459/5043/1033
o SketchUp.202
v 0.560398 0.729893 -0.000000
v 0.560398 0.630168 0.011502
v 0.560398 0.729893 0.011502
v 0.560398 0.630168 -0.000000
v 0.560398 0.630168 0.011502
v 0.494384 0.630168 -0.000000
v 0.494384 0.630168 0.011502
v 0.560398 0.630168 -0.000000
v 0.560398 0.729893 -0.000000
v 0.494384 0.729893 0.011502
v 0.494384 0.729893 -0.000000
v 0.560398 0.729893 0.011502
v 0.494384 0.630168 -0.000000
v 0.494384 0.729893 0.011502
v 0.494384 0.630168 0.011502
v 0.494384 0.729893 -0.000000
vn -1.0000 -0.0000 -0.0000
vn -0.0000 1.0000 -0.0000
vn -0.0000 -1.0000 -0.0000
vn 1.0000 -0.0000 -0.0000
vt -0.000000 8.327893
vt 0.131234 7.190054
vt 0.131234 8.327893
vt -0.000000 7.190054
vt 6.393991 -0.131234
vt 5.640795 -0.000000
vt 5.640795 -0.131234
vt 6.393991 -0.000000
vt -6.393991 -0.000000
vt -5.640795 -0.131234
vt -5.640795 -0.000000
vt -6.393991 -0.131234
vt -0.131234 8.327893
vt -0.131234 7.190054
s 1
usemtl Wood_Floor_Parquet
f 6460/5044/1034 6461/5045/1034 6462/5046/1034
f 6461/5045/1034 6460/5044/1034 6463/5047/1034
f 6464/5048/1035 6465/5049/1035 6466/5050/1035
f 6465/5049/1035 6464/5048/1035 6467/5051/1035
f 6468/5052/1036 6469/5053/1036 6470/5054/1036
f 6469/5053/1036 6468/5052/1036 6471/5055/1036
f 6472/5047/1037 6473/5056/1037 6474/5057/1037
f 6473/5056/1037 6472/5047/1037 6475/5044/1037
o SketchUp.203
v 0.482635 0.729893 -0.000000
v 0.482635 0.630168 0.011502
v 0.482635 0.729893 0.011502
v 0.482635 0.630168 -0.000000
v 0.482635 0.630168 0.011502
v 0.412793 0.630168 -0.000000
v 0.412793 0.630168 0.011502
v 0.482635 0.630168 -0.000000
v 0.482635 0.729893 -0.000000
v 0.412793 0.729893 0.011502
v 0.412793 0.729893 -0.000000
v 0.482635 0.729893 0.011502
v 0.412793 0.630168 -0.000000
v 0.412793 0.729893 0.011502
v 0.412793 0.630168 0.011502
v 0.412793 0.729893 -0.000000
vn -1.0000 -0.0000 -0.0000
vn -0.0000 1.0000 -0.0000
vn -0.0000 -1.0000 -0.0000
vn 1.0000 -0.0000 -0.0000
vt -0.000000 8.327893
vt 0.131234 7.190054
vt 0.131234 8.327893
vt -0.000000 7.190054
vt 5.506739 -0.131234
vt 4.709858 -0.000000
vt 4.709858 -0.131234
vt 5.506739 -0.000000
vt -5.506739 -0.000000
vt -4.709858 -0.131234
vt -4.709858 -0.000000
vt -5.506739 -0.131234
vt -0.131234 8.327893
vt -0.131234 7.190054
s 1
usemtl Wood_Floor_Parquet
f 6476/5058/1038 6477/5059/1038 6478/5060/1038
f 6477/5059/1038 6476/5058/1038 6479/5061/1038
f 6480/5062/1039 6481/5063/1039 6482/5064/1039
f 6481/5063/1039 6480/5062/1039 6483/5065/1039
f 6484/5066/1040 6485/5067/1040 6486/5068/1040
f 6485/5067/1040 6484/5066/1040 6487/5069/1040
f 6488/5061/1041 6489/5070/1041 6490/5071/1041
f 6489/5070/1041 6488/5061/1041 6491/5058/1041
o SketchUp.204
v 0.734865 0.643213 0.011502
v 0.735577 0.630168 -0.000000
v 0.735577 0.630168 0.011502
v 0.734865 0.643213 -0.000000
v 0.735577 0.630168 0.011502
v 0.652291 0.630168 -0.000000
v 0.652291 0.630168 0.011502
v 0.735577 0.630168 -0.000000
v 0.732739 0.656035 0.011502
v 0.732739 0.656035 -0.000000
v 0.652291 0.630168 -0.000000
v 0.652291 0.730112 0.011502
v 0.652291 0.630168 0.011502
v 0.652291 0.730112 -0.000000
v 0.729237 0.668415 0.011502
v 0.729237 0.668415 -0.000000
v 0.663162 0.729256 -0.000000
v 0.652291 0.730112 0.011502
v 0.652291 0.730112 -0.000000
v 0.663162 0.729256 0.011502
v 0.724419 0.680140 0.011502
v 0.724419 0.680140 -0.000000
v 0.673847 0.726706 -0.000000
v 0.673847 0.726706 0.011502
v 0.718366 0.691010 0.011502
v 0.718366 0.691010 -0.000000
v 0.684163 0.722504 -0.000000
v 0.684163 0.722504 0.011502
v 0.711183 0.700839 -0.000000
v 0.711183 0.700839 0.011502
v 0.693934 0.716722 -0.000000
v 0.693934 0.716722 0.011502
v 0.702992 0.709459 0.011502
v 0.702992 0.709459 -0.000000
vn -0.9940 -0.1092 -0.0000
vn -0.9985 -0.0545 -0.0000
vn -0.0000 1.0000 -0.0000
vn -0.9759 -0.2182 -0.0000
vn 1.0000 -0.0000 -0.0000
vn -0.9451 -0.3267 -0.0000
vn -0.1558 -0.9878 -0.0000
vn -0.0785 -0.9969 -0.0000
vn -0.9009 -0.4341 -0.0000
vn -0.3056 -0.9522 -0.0000
vn -0.8421 -0.5393 -0.0000
vn -0.4445 -0.8958 -0.0000
vn -0.7677 -0.6408 -0.0000
vn -0.5688 -0.8224 -0.0000
vn -0.6768 -0.7362 -0.0000
vt 0.131234 6.870692
vt -0.000000 6.721627
vt 0.131234 6.721627
vt -0.000000 6.870692
vt 8.392743 -0.131234
vt 7.442469 -0.000000
vt 7.442469 -0.131234
vt 8.392743 -0.000000
vt 0.131234 6.017270
vt -0.000000 5.868978
vt 0.131234 5.868978
vt -0.000000 6.017270
vt 0.000000 7.190054
vt -0.131234 8.330383
vt -0.131234 7.190054
vt 0.000000 8.330383
vt 0.131234 5.073682
vt -0.000000 4.926893
vt 0.131234 4.926893
vt -0.000000 5.073682
vt 0.000000 -6.890788
vt 0.131234 -6.766369
vt 0.000000 -6.766369
vt 0.131234 -6.890788
vt 0.131234 4.035985
vt 0.000000 3.891350
vt 0.131234 3.891350
vt 0.000000 4.035985
vt 0.000000 -5.553265
vt 0.131234 -5.427927
vt 0.000000 -5.427927
vt 0.131234 -5.553265
vt 0.131234 2.900977
vt 0.000000 2.759023
vt 0.131234 2.759023
vt 0.000000 2.900977
vt 0.000000 -4.119479
vt 0.131234 -3.992383
vt 0.000000 -3.992383
vt 0.131234 -4.119479
vt 0.000000 1.668247
vt 0.131234 1.529345
vt 0.131234 1.668247
vt 0.000000 1.529345
vt 0.000000 -2.649190
vt 0.131234 -2.519650
vt 0.000000 -2.519650
vt 0.131234 -2.649190
vt 0.131234 0.342845
vt 0.000000 0.207175
vt 0.131234 0.207175
vt 0.000000 0.342845
vt 0.000000 -1.194048
vt 0.131234 -1.061574
vt 0.000000 -1.061574
vt 0.131234 -1.194048
s 1
usemtl Wood_Floor_Parquet
f 6492/5072/1042 6493/5073/1043 6494/5074/1043
f 6493/5073/1043 6492/5072/1042 6495/5075/1042
f 6496/5076/1044 6497/5077/1044 6498/5078/1044
f 6497/5077/1044 6496/5076/1044 6499/5079/1044
f 6500/5080/1045 6495/5081/1042 6492/5082/1042
f 6495/5081/1042 6500/5080/1045 6501/5083/1045
f 6502/5084/1046 6503/5085/1046 6504/5086/1046
f 6503/5085/1046 6502/5084/1046 6505/5087/1046
f 6506/5088/1047 6501/5089/1045 6500/5090/1045
f 6501/5089/1045 6506/5088/1047 6507/5091/1047
f 6508/5092/1048 6509/5093/1049 6510/5094/1049
f 6509/5093/1049 6508/5092/1048 6511/5095/1048
f 6512/5096/1050 6507/5097/1047 6506/5098/1047
f 6507/5097/1047 6512/5096/1050 6513/5099/1050
f 6514/5100/1051 6511/5101/1048 6508/5102/1048
f 6511/5101/1048 6514/5100/1051 6515/5103/1051
f 6516/5104/1052 6513/5105/1050 6512/5106/1050
f 6513/5105/1050 6516/5104/1052 6517/5107/1052
f 6518/5108/1053 6515/5109/1051 6514/5110/1051
f 6515/5109/1051 6518/5108/1053 6519/5111/1053
f 6520/5112/1054 6516/5113/1052 6521/5114/1054
f 6516/5113/1052 6520/5112/1054 6517/5115/1052
f 6522/5116/1055 6519/5117/1053 6518/5118/1053
f 6519/5117/1053 6522/5116/1055 6523/5119/1055
f 6524/5120/1056 6520/5121/1054 6521/5122/1054
f 6520/5121/1054 6524/5120/1056 6525/5123/1056
f 6525/5124/1056 6523/5125/1055 6522/5126/1055
f 6523/5125/1055 6525/5124/1056 6524/5127/1056
o SketchUp.205
v 0.321611 0.729847 0.011502
v 0.321611 0.630168 -0.000000
v 0.321611 0.630168 0.011502
v 0.321611 0.729847 -0.000000
v 0.321611 0.630168 0.011502
v 0.247224 0.630168 -0.000000
v 0.247224 0.630168 0.011502
v 0.321611 0.630168 -0.000000
v 0.321611 0.729847 -0.000000
v 0.311902 0.728995 0.011502
v 0.311902 0.728995 -0.000000
v 0.321611 0.729847 0.011502
v 0.247224 0.630168 -0.000000
v 0.247860 0.643179 0.011502
v 0.247224 0.630168 0.011502
v 0.247860 0.643179 -0.000000
v 0.302359 0.726451 0.011502
v 0.302359 0.726451 -0.000000
v 0.249759 0.655967 0.011502
v 0.249759 0.655967 -0.000000
v 0.293145 0.722259 0.011502
v 0.293145 0.722259 -0.000000
v 0.252886 0.668314 0.011502
v 0.252886 0.668314 -0.000000
v 0.284418 0.716493 0.011502
v 0.284418 0.716493 -0.000000
v 0.257190 0.680008 0.011502
v 0.257190 0.680008 -0.000000
v 0.276327 0.709249 0.011502
v 0.276327 0.709249 -0.000000
v 0.262596 0.690849 0.011502
v 0.262596 0.690849 -0.000000
v 0.269012 0.700652 -0.000000
v 0.269012 0.700652 0.011502
vn -1.0000 -0.0000 -0.0000
vn -0.0000 1.0000 -0.0000
vn 0.0874 -0.9962 -0.0000
vn 0.1731 -0.9849 -0.0000
vn 0.1732 -0.9849 -0.0000
vn 0.9988 -0.0488 -0.0000
vn 0.9952 -0.0980 -0.0000
vn 0.3370 -0.9415 -0.0000
vn 0.9805 -0.1964 -0.0000
vn 0.4842 -0.8750 -0.0000
vn 0.9552 -0.2959 -0.0000
vn 0.6108 -0.7918 -0.0000
vn 0.9181 -0.3964 -0.0000
vn 0.7160 -0.6981 -0.0000
vn 0.8673 -0.4978 -0.0000
vn 0.8007 -0.5990 -0.0000
vt 0.131234 8.327366
vt -0.000000 7.190054
vt 0.131234 7.190054
vt -0.000000 8.327366
vt 3.669503 -0.131234
vt 2.820762 -0.000000
vt 2.820762 -0.131234
vt 3.669503 -0.000000
vt 0.000000 4.384004
vt -0.131234 4.272795
vt 0.000000 4.272795
vt -0.131234 4.384004
vt 0.000000 7.319275
vt -0.131234 7.467902
vt -0.131234 7.319275
vt 0.000000 7.467902
vt 0.000000 5.580879
vt -0.131234 5.468190
vt 0.000000 5.468190
vt -0.131234 5.580879
vt 0.000000 7.674210
vt -0.131234 7.821718
vt -0.131234 7.674210
vt 0.000000 7.821718
vt 0.000000 6.572103
vt -0.131234 6.456609
vt 0.000000 6.456609
vt -0.131234 6.572103
vt 0.000000 7.955024
vt -0.131234 8.100347
vt -0.131234 7.955024
vt 0.000000 8.100347
vt 0.000000 7.333754
vt -0.131234 7.214406
vt 0.000000 7.214406
vt -0.131234 7.333754
vt 0.000000 8.152595
vt -0.131234 8.294769
vt -0.131234 8.152595
vt 0.000000 8.294769
vt 0.000000 7.870809
vt -0.131234 7.746904
vt 0.000000 7.746904
vt -0.131234 7.870809
vt 0.000000 8.252851
vt -0.131234 8.391072
vt -0.131234 8.252851
vt 0.000000 8.391072
vt 0.000000 8.077422
vt -0.131234 8.206219
vt -0.131234 8.077422
vt 0.000000 8.206219
vt 0.000000 8.236199
vt -0.131234 8.369873
vt -0.131234 8.236199
vt 0.000000 8.369873
s 1
usemtl Wood_Floor_Parquet
f 6526/5128/1057 6527/5129/1057 6528/5130/1057
f 6527/5129/1057 6526/5128/1057 6529/5131/1057
f 6530/5132/1058 6531/5133/1058 6532/5134/1058
f 6531/5133/1058 6530/5132/1058 6533/5135/1058
f 6534/5136/1059 6535/5137/1060 6536/5138/1061
f 6535/5137/1060 6534/5136/1059 6537/5139/1059
f 6538/5140/1062 6539/5141/1063 6540/5142/1062
f 6539/5141/1063 6538/5140/1062 6541/5143/1063
f 6536/5144/1061 6542/5145/1064 6543/5146/1064
f 6542/5145/1064 6536/5144/1061 6535/5147/1060
f 6541/5148/1063 6544/5149/1065 6539/5150/1063
f 6544/5149/1065 6541/5148/1063 6545/5151/1065
f 6543/5152/1064 6546/5153/1066 6547/5154/1066
f 6546/5153/1066 6543/5152/1064 6542/5155/1064
f 6545/5156/1065 6548/5157/1067 6544/5158/1065
f 6548/5157/1067 6545/5156/1065 6549/5159/1067
f 6547/5160/1066 6550/5161/1068 6551/5162/1068
f 6550/5161/1068 6547/5160/1066 6546/5163/1066
f 6549/5164/1067 6552/5165/1069 6548/5166/1067
f 6552/5165/1069 6549/5164/1067 6553/5167/1069
f 6551/5168/1068 6554/5169/1070 6555/5170/1070
f 6554/5169/1070 6551/5168/1068 6550/5171/1068
f 6553/5172/1069 6556/5173/1071 6552/5174/1069
f 6556/5173/1071 6553/5172/1069 6557/5175/1071
f 6558/5176/1072 6554/5177/1070 6559/5178/1072
f 6554/5177/1070 6558/5176/1072 6555/5179/1070
f 6557/5180/1071 6559/5181/1072 6556/5182/1071
f 6559/5181/1072 6557/5180/1071 6558/5183/1072
o SketchUp.206
v 0.404202 0.729893 -0.000000
v 0.404202 0.630168 0.011502
v 0.404202 0.729893 0.011502
v 0.404202 0.630168 -0.000000
v 0.404202 0.630168 0.011502
v 0.330688 0.630168 -0.000000
v 0.330688 0.630168 0.011502
v 0.404202 0.630168 -0.000000
v 0.404202 0.729893 -0.000000
v 0.330688 0.729893 0.011502
v 0.330688 0.729893 -0.000000
v 0.404202 0.729893 0.011502
v 0.330688 0.630168 -0.000000
v 0.330688 0.729893 0.011502
v 0.330688 0.630168 0.011502
v 0.330688 0.729893 -0.000000
vn -1.0000 -0.0000 -0.0000
vn -0.0000 1.0000 -0.0000
vn -0.0000 -1.0000 -0.0000
vn 1.0000 -0.0000 -0.0000
vt -0.000000 8.327893
vt 0.131234 7.190054
vt 0.131234 8.327893
vt -0.000000 7.190054
vt 4.611834 -0.131234
vt 3.773068 -0.000000
vt 3.773068 -0.131234
vt 4.611834 -0.000000
vt -4.611834 -0.000000
vt -3.773068 -0.131234
vt -3.773068 -0.000000
vt -4.611834 -0.131234
vt -0.131234 8.327893
vt -0.131234 7.190054
s 1
usemtl Wood_Floor_Parquet
f 6560/5184/1073 6561/5185/1073 6562/5186/1073
f 6561/5185/1073 6560/5184/1073 6563/5187/1073
f 6564/5188/1074 6565/5189/1074 6566/5190/1074
f 6565/5189/1074 6564/5188/1074 6567/5191/1074
f 6568/5192/1075 6569/5193/1075 6570/5194/1075
f 6569/5193/1075 6568/5192/1075 6571/5195/1075
f 6572/5187/1076 6573/5196/1076 6574/5197/1076
f 6573/5196/1076 6572/5187/1076 6575/5184/1076
o SketchUp.207
v 0.735577 0.501009 0.011502
v 0.652291 0.501009 -0.000000
v 0.652291 0.501009 0.011502
v 0.735577 0.501009 -0.000000
v 0.652291 0.501009 -0.000000
v 0.652291 0.622158 0.011502
v 0.652291 0.501009 0.011502
v 0.652291 0.622158 -0.000000
v 0.735577 0.622158 -0.000000
v 0.735577 0.501009 0.011502
v 0.735577 0.622158 0.011502
v 0.735577 0.501009 -0.000000
v 0.735577 0.622158 -0.000000
v 0.652291 0.622158 0.011502
v 0.652291 0.622158 -0.000000
v 0.735577 0.622158 0.011502
vn -0.0000 1.0000 -0.0000
vn 1.0000 -0.0000 -0.0000
vn -1.0000 -0.0000 -0.0000
vn -0.0000 -1.0000 -0.0000
vt 8.392743 -0.131234
vt 7.442469 -0.000000
vt 7.442469 -0.131234
vt 8.392743 -0.000000
vt 0.000000 5.716378
vt -0.131234 7.098664
vt -0.131234 5.716378
vt 0.000000 7.098664
vt 0.131234 5.716378
vt 0.131234 7.098664
vt -8.392743 -0.000000
vt -7.442469 -0.131234
vt -7.442469 -0.000000
vt -8.392743 -0.131234
s 1
usemtl Wood_Floor_Parquet
f 6576/5198/1077 6577/5199/1077 6578/5200/1077
f 6577/5199/1077 6576/5198/1077 6579/5201/1077
f 6580/5202/1078 6581/5203/1078 6582/5204/1078
f 6581/5203/1078 6580/5202/1078 6583/5205/1078
f 6584/5205/1079 6585/5206/1079 6586/5207/1079
f 6585/5206/1079 6584/5205/1079 6587/5202/1079
f 6588/5208/1080 6589/5209/1080 6590/5210/1080
f 6589/5209/1080 6588/5208/1080 6591/5211/1080
o SketchUp.208
v 0.642572 0.501009 0.011502
v 0.570687 0.501009 -0.000000
v 0.570687 0.501009 0.011502
v 0.642572 0.501009 -0.000000
v 0.570687 0.501009 -0.000000
v 0.570687 0.622158 0.011502
v 0.570687 0.501009 0.011502
v 0.570687 0.622158 -0.000000
v 0.642572 0.622158 -0.000000
v 0.642572 0.501009 0.011502
v 0.642572 0.622158 0.011502
v 0.642572 0.501009 -0.000000
v 0.642572 0.622158 -0.000000
v 0.570687 0.622158 0.011502
v 0.570687 0.622158 -0.000000
v 0.642572 0.622158 0.011502
vn -0.0000 1.0000 -0.0000
vn 1.0000 -0.0000 -0.0000
vn -1.0000 -0.0000 -0.0000
vn -0.0000 -1.0000 -0.0000
vt 7.331579 -0.131234
vt 6.511393 -0.000000
vt 6.511393 -0.131234
vt 7.331579 -0.000000
vt 0.000000 5.716378
vt -0.131234 7.098664
vt -0.131234 5.716378
vt 0.000000 7.098664
vt 0.131234 5.716378
vt 0.131234 7.098664
vt -7.331579 -0.000000
vt -6.511393 -0.131234
vt -6.511393 -0.000000
vt -7.331579 -0.131234
s 1
usemtl Wood_Floor_Parquet
f 6592/5212/1081 6593/5213/1081 6594/5214/1081
f 6593/5213/1081 6592/5212/1081 6595/5215/1081
f 6596/5216/1082 6597/5217/1082 6598/5218/1082
f 6597/5217/1082 6596/5216/1082 6599/5219/1082
f 6600/5219/1083 6601/5220/1083 6602/5221/1083
f 6601/5220/1083 6600/5219/1083 6603/5216/1083
f 6604/5222/1084 6605/5223/1084 6606/5224/1084
f 6605/5223/1084 6604/5222/1084 6607/5225/1084
o SketchUp.209
v 1.506029 0.630168 -0.001197
v 1.434144 0.630168 -0.002427
v 1.434144 0.630168 -0.000979
v 1.506029 0.630168 -0.001369
v 1.423854 0.630168 -0.002579
v 1.423854 0.630168 -0.000948
v 1.434144 0.630168 -0.000050
v 1.434144 0.729893 -0.000000
v 1.434144 0.630168 -0.000000
v 1.434144 0.729893 -0.007189
v 1.434144 0.630168 -0.000979
v 1.434144 0.630168 -0.002427
v 1.434144 0.630168 -0.007189
v 1.506029 0.630168 -0.000000
v 1.434144 0.630168 -0.000050
v 1.515748 0.630168 -0.001226
v 1.506029 0.729893 -0.000000
v 1.506029 0.630168 -0.001197
v 1.506029 0.630168 -0.000000
v 1.506029 0.729893 -0.007189
v 1.506029 0.630168 -0.001369
v 1.506029 0.630168 -0.007189
v 1.506029 0.630168 -0.001369
v 1.434144 0.630168 -0.007189
v 1.434144 0.630168 -0.002427
v 1.506029 0.630168 -0.007189
v 1.423854 0.630168 -0.000948
v 1.357841 0.630168 -0.003550
v 1.357841 0.630168 -0.000748
v 1.423854 0.630168 -0.002579
v 1.423854 0.630168 -0.000058
v 1.506029 0.729893 -0.007189
v 1.434144 0.729893 -0.000000
v 1.434144 0.729893 -0.007189
v 1.506029 0.729893 -0.000000
v 1.434144 0.729893 0.011502
v 1.434144 0.630168 0.011502
v 1.434144 0.630168 -0.000000
v 1.515748 0.630168 -0.000000
v 1.506029 0.630168 0.011502
v 1.506029 0.729893 0.011502
v 1.357841 0.630168 -0.000748
v 1.346092 0.630168 -0.003723
v 1.346092 0.630168 -0.000713
v 1.357841 0.630168 -0.003550
v 1.357841 0.630168 -0.000104
v 1.357841 0.729893 -0.000000
v 1.357841 0.630168 -0.000000
v 1.357841 0.729893 -0.007189
v 1.357841 0.630168 -0.000748
v 1.357841 0.630168 -0.003550
v 1.357841 0.630168 -0.007189
v 1.423854 0.630168 -0.000058
v 1.357841 0.630168 -0.000748
v 1.357841 0.630168 -0.000104
v 1.423854 0.630168 -0.000948
v 1.423854 0.729893 -0.000000
v 1.423854 0.630168 -0.000058
v 1.423854 0.630168 -0.000000
v 1.423854 0.729893 -0.007189
v 1.423854 0.630168 -0.000948
v 1.423854 0.630168 -0.002579
v 1.423854 0.630168 -0.007189
v 1.423854 0.630168 -0.002579
v 1.357841 0.630168 -0.007189
v 1.357841 0.630168 -0.003550
v 1.423854 0.630168 -0.007189
v 1.423854 0.630168 -0.000000
v 1.434144 0.729893 0.011502
v 1.506029 0.729893 0.011502
v 1.506029 0.630168 0.011502
v 1.434144 0.630168 -0.000000
v 1.434144 0.630168 0.011502
v 1.506029 0.630168 -0.000000
v 1.599034 0.630168 -0.000000
v 1.346092 0.630168 -0.000713
v 1.276250 0.630168 -0.004751
v 1.276250 0.630168 -0.000501
v 1.346092 0.630168 -0.003723
v 1.357841 0.630168 -0.000104
v 1.346092 0.630168 -0.000713
v 1.346092 0.630168 -0.000112
v 1.357841 0.630168 -0.000748
v 1.423854 0.729893 -0.007189
v 1.357841 0.729893 -0.000000
v 1.357841 0.729893 -0.007189
v 1.423854 0.729893 -0.000000
v 1.357841 0.729893 0.011502
v 1.357841 0.630168 0.011502
v 1.423854 0.630168 -0.000000
v 1.357841 0.630168 -0.000104
v 1.357841 0.630168 -0.000000
v 1.423854 0.630168 -0.000058
v 1.423854 0.630168 0.011502
v 1.423854 0.729893 0.011502
v 1.515748 0.630168 -0.001226
v 1.515748 0.730059 -0.000000
v 1.515748 0.630168 -0.000000
v 1.515748 0.730112 -0.007189
v 1.515748 0.730112 -0.000000
v 1.515748 0.630168 -0.007189
v 1.599034 0.630168 0.011502
v 1.515748 0.630168 -0.000000
v 1.515748 0.630168 0.011502
v 1.599034 0.630168 -0.000000
v 1.599034 0.630168 -0.000000
v 1.515748 0.630168 -0.007189
v 1.515748 0.630168 -0.001226
v 1.599034 0.630168 -0.007189
v 1.276250 0.630168 -0.000501
v 1.267659 0.630168 -0.004878
v 1.267659 0.630168 -0.000475
v 1.276250 0.630168 -0.004751
v 1.276250 0.729875 -0.000000
v 1.276250 0.729893 -0.007189
v 1.276250 0.729893 -0.000000
v 1.276250 0.630168 -0.000000
v 1.276250 0.630168 -0.000161
v 1.276250 0.630168 -0.000501
v 1.276250 0.630168 -0.004751
v 1.276250 0.630168 -0.007189
v 1.346092 0.630168 -0.000112
v 1.276250 0.630168 -0.000501
v 1.276250 0.630168 -0.000161
v 1.346092 0.630168 -0.000713
v 1.346092 0.729893 -0.007189
v 1.346092 0.630168 -0.000000
v 1.346092 0.729893 -0.000000
v 1.346092 0.630168 -0.000112
v 1.346092 0.630168 -0.000713
v 1.346092 0.630168 -0.003723
v 1.346092 0.630168 -0.007189
v 1.346092 0.630168 -0.003723
v 1.276250 0.630168 -0.007189
v 1.276250 0.630168 -0.004751
v 1.346092 0.630168 -0.007189
v 1.357841 0.630168 -0.000000
v 1.346092 0.630168 -0.000112
v 1.346092 0.630168 -0.000000
v 1.357841 0.630168 -0.000104
v 1.357841 0.729893 0.011502
v 1.423854 0.729893 0.011502
v 1.423854 0.630168 0.011502
v 1.357841 0.630168 -0.000000
v 1.357841 0.630168 0.011502
v 1.423854 0.630168 -0.000000
v 1.515748 0.730112 0.011502
v 1.515748 0.630168 0.011502
v 1.526619 0.729256 -0.007189
v 1.515748 0.730112 -0.000000
v 1.515748 0.730112 -0.007189
v 1.526619 0.729256 -0.000000
v 1.598322 0.643213 0.011502
v 1.599034 0.630168 -0.000000
v 1.599034 0.630168 0.011502
v 1.598322 0.643213 -0.000000
v 1.598322 0.643213 -0.000000
v 1.599034 0.630168 -0.007189
v 1.599034 0.630168 -0.000000
v 1.598322 0.643213 -0.007189
v 1.267659 0.630168 -0.000475
v 1.194145 0.630168 -0.005960
v 1.194145 0.630168 -0.000253
v 1.267659 0.630168 -0.004878
v 1.276250 0.630168 -0.000161
v 1.267659 0.630168 -0.000475
v 1.267659 0.630168 -0.000167
v 1.276250 0.630168 -0.000501
v 1.346092 0.729893 -0.007189
v 1.276250 0.729893 -0.000000
v 1.276250 0.729893 -0.007189
v 1.346092 0.729893 -0.000000
v 1.276250 0.729893 0.011502
v 1.276250 0.630168 0.011502
v 1.276250 0.630168 -0.000161
v 1.276250 0.630168 -0.000000
v 1.346092 0.630168 0.011502
v 1.346092 0.729893 0.011502
v 1.526619 0.729256 -0.000000
v 1.515748 0.730112 0.011502
v 1.515748 0.730112 -0.000000
v 1.526619 0.729256 0.011502
v 1.537304 0.726706 -0.007189
v 1.537304 0.726706 -0.000000
v 1.596196 0.656035 -0.000000
v 1.596196 0.656035 0.011502
v 1.596196 0.656035 -0.000000
v 1.596196 0.656035 -0.007189
v 1.194145 0.630168 -0.000253
v 1.185068 0.630168 -0.006094
v 1.185068 0.630168 -0.000225
v 1.194145 0.630168 -0.005960
v 1.194145 0.630168 -0.000000
v 1.194145 0.729855 -0.000000
v 1.194145 0.729850 -0.000000
v 1.194145 0.729893 -0.007189
v 1.194145 0.729893 -0.000000
v 1.194145 0.630168 -0.000219
v 1.194145 0.630168 -0.000253
v 1.194145 0.630168 -0.005960
v 1.194145 0.630168 -0.007189
v 1.206519 0.630168 -0.000210
v 1.267659 0.630168 -0.000475
v 1.194145 0.630168 -0.000253
v 1.267659 0.630168 -0.000167
v 1.267659 0.729893 -0.007189
v 1.267659 0.729873 -0.000000
v 1.267659 0.729893 -0.000000
v 1.267659 0.630168 -0.000000
v 1.267659 0.630168 -0.000167
v 1.267659 0.630168 -0.000475
v 1.267659 0.630168 -0.004878
v 1.267659 0.630168 -0.007189
v 1.267659 0.630168 -0.004878
v 1.194145 0.630168 -0.007189
v 1.194145 0.630168 -0.005960
v 1.267659 0.630168 -0.007189
v 1.267659 0.630168 -0.000167
v 1.267659 0.630168 -0.000000
v 1.276250 0.729893 0.011502
v 1.346092 0.729893 0.011502
v 1.346092 0.630168 0.011502
v 1.276250 0.630168 -0.000000
v 1.276250 0.630168 0.011502
v 1.346092 0.630168 -0.000000
v 1.537304 0.726706 -0.000000
v 1.537304 0.726706 0.011502
v 1.547620 0.722504 -0.007189
v 1.537383 0.726674 -0.000000
v 1.547620 0.722504 -0.000000
v 1.592694 0.668415 -0.000000
v 1.592694 0.668415 0.011502
v 1.592694 0.668415 -0.000000
v 1.592694 0.668415 -0.007189
v 1.185068 0.630168 -0.000225
v 1.110681 0.630168 -0.007189
v 1.110681 0.630168 -0.000000
v 1.185068 0.630168 -0.006094
v 1.194145 0.630168 -0.000253
v 1.185068 0.630168 -0.000225
v 1.194145 0.630168 -0.000219
v 1.267659 0.729893 -0.007189
v 1.194145 0.729893 -0.000000
v 1.194145 0.729893 -0.007189
v 1.242775 0.729893 -0.000000
v 1.267659 0.729893 -0.000000
v 1.194145 0.729893 0.011502
v 1.194145 0.630168 0.011502
v 1.194234 0.630168 -0.000000
v 1.194145 0.630168 -0.000219
v 1.194145 0.630168 -0.000000
v 1.194157 0.630168 -0.000219
v 1.194157 0.630168 -0.000219
v 1.206519 0.630168 -0.000210
v 1.267659 0.630168 -0.000167
v 1.206519 0.630168 -0.000210
v 1.267659 0.630168 -0.000000
v 1.267659 0.630168 0.011502
v 1.267659 0.729893 0.011502
v 1.537383 0.726674 -0.000000
v 1.547620 0.722504 0.011502
v 1.547620 0.722504 -0.000000
v 1.557391 0.716722 -0.007189
v 1.557391 0.716722 -0.000000
v 1.587876 0.680140 -0.000000
v 1.587876 0.680140 0.011502
v 1.587876 0.680140 -0.000000
v 1.587876 0.680140 -0.007189
v 1.185068 0.630168 -0.000225
v 1.110681 0.630168 -0.000000
v 1.185068 0.630168 -0.000000
v 1.185068 0.729847 -0.007189
v 1.185068 0.630168 -0.000000
v 1.185068 0.729847 -0.000000
v 1.185068 0.630168 -0.000225
v 1.185068 0.630168 -0.006094
v 1.185068 0.630168 -0.007189
v 1.185068 0.630168 -0.007189
v 1.110681 0.630168 -0.007189
v 1.185068 0.630168 -0.006094
v 1.110681 0.630168 -0.007189
v 1.111317 0.643179 -0.000000
v 1.110681 0.630168 -0.000000
v 1.111317 0.643179 -0.007189
v 1.194145 0.630168 -0.000000
v 1.185068 0.630168 -0.000225
v 1.185068 0.630168 -0.000000
v 1.194145 0.630168 -0.000219
v 1.194145 0.729893 0.011502
v 1.267659 0.729893 0.011502
v 1.198283 0.630168 0.011502
v 1.194145 0.630168 -0.000000
v 1.194145 0.630168 0.011502
v 1.194234 0.630168 -0.000000
v 1.194234 0.630168 -0.000000
v 1.206519 0.630168 -0.000210
v 1.194157 0.630168 -0.000219
v 1.267659 0.630168 -0.000000
v 1.198283 0.630168 0.011502
v 1.267659 0.630168 -0.000000
v 1.194234 0.630168 -0.000000
v 1.267659 0.630168 0.011502
v 1.557391 0.716722 -0.000000
v 1.557391 0.716722 0.011502
v 1.566449 0.709459 -0.007189
v 1.566449 0.709459 -0.000000
v 1.581823 0.691010 0.011502
v 1.581823 0.691010 -0.000000
v 1.581823 0.691010 -0.000000
v 1.581823 0.691010 -0.007189
v 1.185068 0.630168 0.011502
v 1.110681 0.630168 -0.000000
v 1.110681 0.630168 0.011502
v 1.185068 0.630168 -0.000000
v 1.185068 0.729847 -0.007189
v 1.175359 0.728995 -0.000000
v 1.175359 0.728995 -0.007189
v 1.185068 0.729847 -0.000000
v 1.185068 0.729847 0.011502
v 1.185068 0.630168 0.011502
v 1.113216 0.655967 -0.000000
v 1.113216 0.655967 -0.007189
v 1.110681 0.630168 -0.000000
v 1.111317 0.643179 0.011502
v 1.110681 0.630168 0.011502
v 1.111317 0.643179 -0.000000
v 1.566449 0.709459 -0.000000
v 1.566449 0.709459 0.011502
v 1.574640 0.700839 -0.007189
v 1.574640 0.700839 -0.000000
v 1.574640 0.700839 -0.000000
v 1.574640 0.700839 0.011502
v 1.185068 0.729847 -0.000000
v 1.175359 0.728995 0.011502
v 1.175359 0.728995 -0.000000
v 1.185068 0.729847 0.011502
v 1.165815 0.726451 -0.007189
v 1.165815 0.726451 -0.000000
v 1.116343 0.668314 -0.000000
v 1.116343 0.668314 -0.007189
v 1.113216 0.655967 0.011502
v 1.113216 0.655967 -0.000000
v 1.165815 0.726451 0.011502
v 1.165815 0.726451 -0.000000
v 1.156601 0.722259 -0.000000
v 1.156601 0.722259 -0.007189
v 1.120647 0.680008 -0.000000
v 1.120647 0.680008 -0.007189
v 1.116343 0.668314 0.011502
v 1.116343 0.668314 -0.000000
v 1.156601 0.722259 0.011502
v 1.156601 0.722259 -0.000000
v 1.147875 0.716493 -0.007189
v 1.147875 0.716493 -0.000000
v 1.126053 0.690849 -0.000000
v 1.126053 0.690849 -0.007189
v 1.120647 0.680008 0.011502
v 1.120647 0.680008 -0.000000
v 1.147875 0.716493 0.011502
v 1.147875 0.716493 -0.000000
v 1.139784 0.709249 -0.007189
v 1.139784 0.709249 -0.000000
v 1.132469 0.700652 -0.000000
v 1.132469 0.700652 -0.007189
v 1.126053 0.690849 0.011502
v 1.126053 0.690849 -0.000000
v 1.139784 0.709249 0.011502
v 1.139784 0.709249 -0.000000
v 1.132469 0.700652 0.011502
v 1.132469 0.700652 -0.000000
vn -0.0000 1.0000 -0.0000
vn 1.0000 -0.0000 -0.0000
vn -1.0000 -0.0000 -0.0000
vn -1.0000 -0.0001 -0.0000
vn -0.0000 -1.0000 -0.0000
vn -0.0000 -0.0000 1.0000
vn -0.1558 -0.9878 -0.0000
vn -0.0785 -0.9969 -0.0000
vn -0.9940 -0.1092 -0.0000
vn -0.9985 -0.0545 -0.0000
vn -0.3056 -0.9522 -0.0000
vn -0.3056 -0.9522 0.0003
vn -0.9759 -0.2182 -0.0000
vn -0.3046 -0.9525 -0.0000
vn -0.4445 -0.8958 -0.0000
vn -0.3772 -0.9261 0.0023
vn -0.9451 -0.3267 -0.0000
vn -0.0046 1.0000 -0.0002
vn -0.0057 1.0000 -0.0000
vn -0.0001 1.0000 -0.0000
vn -0.0070 1.0000 -0.0000
vn -0.0099 1.0000 -0.0000
vn -0.0057 1.0000 -0.0002
vn -0.0000 -0.0000 -1.0000
vn -0.3763 -0.9265 -0.0000
vn -0.5688 -0.8224 -0.0000
vn -0.9009 -0.4341 -0.0000
vn 0.9988 -0.0488 -0.0000
vn 0.9952 -0.0980 -0.0000
vn -0.6768 -0.7362 -0.0000
vn -0.8421 -0.5393 -0.0000
vn 0.0874 -0.9962 -0.0000
vn 0.1731 -0.9849 -0.0000
vn 0.9805 -0.1964 -0.0000
vn -0.7677 -0.6408 -0.0000
vn 0.3370 -0.9415 -0.0000
vn 0.9552 -0.2959 -0.0000
vn 0.4842 -0.8750 -0.0000
vn 0.9181 -0.3964 -0.0000
vn 0.6108 -0.7918 -0.0000
vn 0.8673 -0.4978 -0.0000
vn 0.7160 -0.6981 -0.0000
vn 0.8007 -0.5990 -0.0000
vt 17.183399 0.013653
vt 16.363209 0.027694
vt 16.363209 0.011170
vt 17.183399 0.015621
vt 16.245810 0.029422
vt 16.245810 0.010815
vt 0.000575 7.190054
vt 0.000000 8.327893
vt 0.000000 7.190054
vt 0.082021 8.327893
vt 0.011170 7.190054
vt 0.027694 7.190054
vt 0.082021 7.190054
vt 17.183399 0.000000
vt 16.363209 0.000575
vt 17.294289 0.013988
vt -0.013653 7.190054
vt -0.082021 8.327893
vt -0.015621 7.190054
vt -0.082021 7.190054
vt 16.363209 0.082021
vt 17.183399 0.082021
vt 15.492610 0.040509
vt 15.492610 0.008535
vt 16.245810 0.000658
vt -17.183399 0.082021
vt -16.363209 0.000000
vt -16.363209 0.082021
vt -17.183399 0.000000
vt -0.131234 8.327893
vt -0.131234 7.190054
vt 16.363209 0.000000
vt 17.294289 0.000000
vt 0.131234 7.190054
vt 0.131234 8.327893
vt 15.358560 0.042483
vt 15.358560 0.008130
vt 0.001186 7.190054
vt 0.008535 7.190054
vt 0.040509 7.190054
vt 15.492610 0.001186
vt -0.000658 7.190054
vt -0.010815 7.190054
vt -0.029422 7.190054
vt 15.492610 0.082021
vt 16.245810 0.082021
vt 16.245810 0.000000
vt -16.363209 -0.131234
vt -17.183399 -0.131234
vt 17.183399 -0.131234
vt 16.363209 -0.131234
vt 18.244560 0.000000
vt 14.561680 0.054213
vt 14.561680 0.005718
vt 15.358560 0.001280
vt -16.245810 0.082021
vt -15.492610 0.000000
vt -15.492610 0.082021
vt -16.245810 0.000000
vt 15.492610 0.000000
vt 0.013988 7.190054
vt 0.000000 8.329779
vt 0.082021 8.330383
vt 0.000000 8.330383
vt 18.244560 -0.131234
vt 17.294289 -0.131234
vt 17.294289 0.082021
vt 18.244560 0.082021
vt 14.463650 0.055656
vt 14.463650 0.005421
vt 0.000000 8.327689
vt 0.001839 7.190054
vt 0.005718 7.190054
vt 0.054213 7.190054
vt 14.561680 0.001839
vt -0.001280 7.190054
vt -0.008130 7.190054
vt -0.042483 7.190054
vt 14.561680 0.082021
vt 15.358560 0.082021
vt 15.358560 0.000000
vt -15.492610 -0.131234
vt -16.245810 -0.131234
vt 16.245810 -0.131234
vt 15.492610 -0.131234
vt -0.131234 8.330383
vt -0.082021 -16.712269
vt 0.000000 -16.587860
vt -0.082021 -16.587860
vt 0.000000 -16.712269
vt 0.131234 6.333391
vt 0.000000 6.184326
vt 0.131234 6.184326
vt -0.000000 6.333391
vt -0.082021 6.184326
vt -0.082021 6.333391
vt 13.624889 0.068003
vt 13.624889 0.002882
vt 14.463650 0.001908
vt -15.358560 0.082021
vt -14.561680 0.000000
vt -14.561680 0.082021
vt -15.358560 0.000000
vt 14.561680 0.000000
vt 0.131234 -16.587860
vt 0.131234 -16.712269
vt -0.082021 -15.135880
vt -0.000000 -15.010540
vt -0.082021 -15.010540
vt -0.000000 -15.135880
vt -0.000000 4.406213
vt 0.131234 4.257920
vt 0.131234 4.406213
vt -0.000000 4.257920
vt -0.082021 4.257920
vt -0.082021 4.406213
vt 13.521319 0.069527
vt 13.521319 0.002569
vt 0.000000 8.327449
vt 0.000000 8.327396
vt 0.002496 7.190054
vt 0.002882 7.190054
vt 0.068003 7.190054
vt 13.766060 0.002397
vt -0.000000 8.327664
vt -0.001908 7.190054
vt -0.005421 7.190054
vt -0.055656 7.190054
vt 13.624889 0.082021
vt 14.463650 0.082021
vt 14.463650 0.000000
vt -14.561680 -0.131234
vt -15.358560 -0.131234
vt 15.358560 -0.131234
vt 14.561680 -0.131234
vt 0.131234 -15.010540
vt 0.131234 -15.135880
vt -0.082021 -13.243370
vt -0.000000 -13.116280
vt -0.082021 -13.116280
vt -0.000000 -13.117249
vt -0.000000 -13.243370
vt -0.000000 2.392042
vt 0.131234 2.245253
vt 0.131234 2.392042
vt -0.000000 2.245253
vt -0.082021 2.245253
vt -0.082021 2.392042
vt 12.672580 0.082021
vt 12.672580 0.000000
vt 13.624889 0.002496
vt -14.463650 0.082021
vt -13.624889 0.000000
vt -13.624889 0.082021
vt -14.179740 0.000000
vt -14.463650 0.000000
vt 13.625899 -0.000000
vt 13.624889 -0.000000
vt 13.625020 0.002496
vt 0.131234 -13.116280
vt 0.131234 -13.243370
vt -0.082021 -11.127669
vt 0.000000 -10.998130
vt -0.082021 -10.998130
vt 0.000000 -11.127669
vt -0.000000 0.291221
vt 0.131234 0.146585
vt 0.131234 0.291221
vt -0.000000 0.146585
vt -0.082021 0.146585
vt -0.082021 0.291221
vt 13.521319 -0.000000
vt -0.082021 8.327366
vt -0.000000 8.327366
vt -0.002569 7.190054
vt -0.069527 7.190054
vt 13.521319 0.082021
vt 0.082021 7.800582
vt 0.000000 7.949209
vt 0.000000 7.800582
vt 0.082021 7.949209
vt -13.624889 -0.131234
vt -14.463650 -0.131234
vt 13.672090 -0.131234
vt 13.624889 -0.131234
vt 14.463650 -0.131234
vt 0.131234 -10.998130
vt 0.131234 -11.127669
vt -0.082021 -8.880218
vt -0.000000 -8.747745
vt -0.082021 -8.747745
vt -0.000000 -8.880218
vt 0.131234 -1.891774
vt -0.000000 -2.033728
vt 0.131234 -2.033728
vt -0.000000 -1.891774
vt -0.082021 -2.033728
vt -0.082021 -1.891774
vt 13.521319 -0.131234
vt 12.672580 -0.131234
vt 0.082021 14.198040
vt 0.000000 14.086829
vt 0.082021 14.086829
vt 0.000000 14.198040
vt 0.131234 8.327366
vt 0.082021 9.120784
vt 0.000000 9.268292
vt 0.000000 9.120784
vt 0.082021 9.268292
vt -0.131234 7.949209
vt -0.131234 7.800582
vt 0.131234 -8.747745
vt 0.131234 -8.880218
vt -0.000000 -6.443470
vt -0.082021 -6.579141
vt -0.000000 -6.579141
vt -0.082021 -6.443470
vt -0.000000 -4.144720
vt 0.131234 -4.283622
vt 0.131234 -4.144720
vt -0.000000 -4.283622
vt -0.082021 -4.144720
vt -0.082021 -4.283622
vt -0.131234 14.086829
vt -0.131234 14.198040
vt 0.082021 14.987659
vt 0.000000 15.100340
vt 0.000000 14.987659
vt 0.082021 15.100340
vt 0.082021 10.374310
vt 0.000000 10.519629
vt 0.000000 10.374310
vt 0.082021 10.519629
vt -0.131234 9.268292
vt -0.131234 9.120784
vt 0.131234 -6.579141
vt 0.131234 -6.443470
vt -0.131234 14.987659
vt -0.131234 15.100340
vt 0.082021 15.539780
vt 0.000000 15.424279
vt 0.082021 15.424279
vt 0.000000 15.539780
vt 0.082021 11.555150
vt 0.000000 11.697320
vt 0.000000 11.555150
vt 0.082021 11.697320
vt -0.131234 10.519629
vt -0.131234 10.374310
vt -0.131234 15.424279
vt -0.131234 15.539780
vt 0.082021 15.433749
vt 0.000000 15.553089
vt 0.000000 15.433749
vt 0.082021 15.553089
vt 0.082021 12.649130
vt 0.000000 12.787350
vt 0.000000 12.649130
vt 0.082021 12.787350
vt -0.131234 11.697320
vt -0.131234 11.555150
vt -0.131234 15.433749
vt -0.131234 15.553089
vt 0.082021 15.086619
vt 0.000000 15.210520
vt 0.000000 15.086619
vt 0.082021 15.210520
vt 0.082021 13.631140
vt 0.000000 13.764820
vt 0.000000 13.631140
vt 0.082021 13.764820
vt -0.131234 12.787350
vt -0.131234 12.649130
vt -0.131234 15.086619
vt -0.131234 15.210520
vt 0.082021 14.462100
vt 0.000000 14.590899
vt 0.000000 14.462100
vt 0.082021 14.590899
vt -0.131234 13.764820
vt -0.131234 13.631140
vt -0.131234 14.590899
vt -0.131234 14.462100
s 1
usemtl Wood_Floor_Parquet
f 6608/5226/1085 6609/5227/1085 6610/5228/1085
f 6609/5227/1085 6608/5226/1085 6611/5229/1085
f 6610/5228/1085 6612/5230/1085 6613/5231/1085
f 6612/5230/1085 6610/5228/1085 6609/5227/1085
f 6614/5232/1086 6615/5233/1086 6616/5234/1086
f 6615/5233/1086 6614/5232/1086 6617/5235/1086
f 6617/5235/1086 6614/5232/1086 6618/5236/1086
f 6617/5235/1086 6618/5236/1086 6619/5237/1086
f 6617/5235/1086 6619/5237/1086 6620/5238/1086
f 6621/5239/1085 6610/5228/1085 6622/5240/1085
f 6610/5228/1085 6621/5239/1085 6608/5226/1085
f 6623/5241/1085 6611/5229/1085 6608/5226/1085
f 6624/5233/1087 6625/5242/1088 6626/5234/1087
f 6625/5242/1088 6624/5233/1087 6627/5243/1087
f 6625/5242/1088 6627/5243/1087 6628/5244/1088
f 6628/5244/1088 6627/5243/1087 6629/5245/1087
f 6630/5229/1085 6631/5246/1085 6632/5227/1085
f 6631/5246/1085 6630/5229/1085 6633/5247/1085
f 6634/5231/1085 6635/5248/1085 6636/5249/1085
f 6635/5248/1085 6634/5231/1085 6637/5230/1085
f 6622/5240/1085 6613/5231/1085 6638/5250/1085
f 6613/5231/1085 6622/5240/1085 6610/5228/1085
f 6639/5251/1089 6640/5252/1089 6641/5253/1089
f 6640/5252/1089 6639/5251/1089 6642/5254/1089
f 6616/5234/1086 6643/5255/1086 6644/5256/1086
f 6643/5255/1086 6616/5234/1086 6615/5233/1086
f 6621/5239/1085 6622/5240/1085 6645/5257/1085
f 6646/5258/1085 6608/5226/1085 6621/5239/1085
f 6608/5226/1085 6646/5258/1085 6623/5241/1085
f 6624/5233/1087 6647/5259/1087 6648/5260/1087
f 6647/5259/1087 6624/5233/1087 6626/5234/1087
f 6649/5249/1085 6650/5261/1085 6651/5262/1085
f 6650/5261/1085 6649/5249/1085 6652/5248/1085
f 6653/5263/1086 6654/5233/1086 6655/5234/1086
f 6654/5233/1086 6653/5263/1086 6656/5235/1086
f 6656/5235/1086 6653/5263/1086 6657/5264/1086
f 6656/5235/1086 6657/5264/1086 6658/5265/1086
f 6656/5235/1086 6658/5265/1086 6659/5238/1086
f 6660/5250/1085 6661/5249/1085 6662/5266/1085
f 6661/5249/1085 6660/5250/1085 6663/5231/1085
f 6664/5233/1087 6665/5267/1087 6666/5234/1087
f 6665/5267/1087 6664/5233/1087 6667/5243/1087
f 6665/5267/1087 6667/5243/1087 6668/5268/1087
f 6668/5268/1087 6667/5243/1087 6669/5269/1087
f 6669/5269/1087 6667/5243/1087 6670/5245/1087
f 6671/5230/1085 6672/5270/1085 6673/5248/1085
f 6672/5270/1085 6671/5230/1085 6674/5271/1085
f 6645/5257/1085 6638/5250/1085 6675/5272/1085
f 6638/5250/1085 6645/5257/1085 6622/5240/1085
f 6642/5254/1089 6676/5273/1089 6640/5252/1089
f 6676/5273/1089 6642/5254/1089 6677/5274/1089
f 6678/5275/1085 6679/5257/1085 6680/5276/1085
f 6679/5257/1085 6678/5275/1085 6681/5239/1085
f 6682/5277/1085 6623/5241/1085 6646/5258/1085
f 6683/5262/1085 6684/5278/1085 6685/5279/1085
f 6684/5278/1085 6683/5262/1085 6686/5261/1085
f 6687/5266/1085 6688/5262/1085 6689/5280/1085
f 6688/5262/1085 6687/5266/1085 6690/5249/1085
f 6691/5281/1089 6692/5282/1089 6693/5283/1089
f 6692/5282/1089 6691/5281/1089 6694/5284/1089
f 6655/5234/1086 6695/5255/1086 6696/5256/1086
f 6695/5255/1086 6655/5234/1086 6654/5233/1086
f 6697/5272/1085 6698/5266/1085 6699/5285/1085
f 6698/5266/1085 6697/5272/1085 6700/5250/1085
f 6664/5233/1087 6701/5259/1087 6702/5260/1087
f 6701/5259/1087 6664/5233/1087 6666/5234/1087
f 6703/5286/1086 6704/5287/1086 6705/5234/1086
f 6704/5287/1086 6706/5288/1086 6707/5289/1086
f 6706/5288/1086 6704/5287/1086 6703/5286/1086
f 6706/5288/1086 6703/5286/1086 6708/5238/1086
f 6709/5290/1085 6710/5258/1085 6711/5291/1085
f 6710/5258/1085 6709/5290/1085 6712/5277/1085
f 6713/5277/1085 6714/5292/1085 6715/5241/1085
f 6714/5292/1085 6713/5277/1085 6716/5293/1085
f 6717/5279/1085 6718/5294/1085 6719/5295/1085
f 6718/5294/1085 6717/5279/1085 6720/5278/1085
f 6721/5296/1086 6722/5235/1086 6723/5233/1086
f 6722/5235/1086 6721/5296/1086 6724/5234/1086
f 6722/5235/1086 6724/5234/1086 6725/5297/1086
f 6722/5235/1086 6725/5297/1086 6726/5298/1086
f 6722/5235/1086 6726/5298/1086 6727/5299/1086
f 6722/5235/1086 6727/5299/1086 6728/5238/1086
f 6729/5280/1085 6730/5279/1085 6731/5300/1085
f 6730/5279/1085 6729/5280/1085 6732/5262/1085
f 6733/5243/1087 6734/5234/1087 6735/5233/1087
f 6734/5234/1087 6733/5243/1087 6736/5301/1087
f 6736/5301/1087 6733/5243/1087 6737/5302/1087
f 6737/5302/1087 6733/5243/1087 6738/5303/1087
f 6738/5303/1087 6733/5243/1087 6739/5245/1087
f 6740/5261/1085 6741/5304/1085 6742/5278/1085
f 6741/5304/1085 6740/5261/1085 6743/5305/1085
f 6744/5285/1085 6745/5280/1085 6746/5306/1085
f 6745/5280/1085 6744/5285/1085 6747/5266/1085
f 6694/5284/1089 6748/5307/1089 6692/5282/1089
f 6748/5307/1089 6694/5284/1089 6749/5308/1089
f 6750/5309/1085 6751/5285/1085 6752/5310/1085
f 6751/5285/1085 6750/5309/1085 6753/5272/1085
f 6705/5234/1086 6754/5311/1086 6755/5256/1086
f 6754/5311/1086 6705/5234/1086 6707/5289/1086
s 0
f 6707/5289/1090 6705/5234/1090 6704/5287/1090
s 1
f 6756/5312/1091 6757/5313/1092 6758/5314/1092
f 6757/5313/1092 6756/5312/1091 6759/5315/1091
f 6760/5316/1093 6761/5317/1094 6762/5318/1094
f 6761/5317/1094 6760/5316/1093 6763/5319/1093
f 6764/5319/1093 6765/5320/1094 6766/5317/1094
f 6765/5320/1094 6764/5319/1093 6767/5321/1093
f 6768/5295/1085 6769/5322/1085 6770/5323/1085
f 6769/5322/1085 6768/5295/1085 6771/5294/1085
f 6772/5300/1085 6773/5295/1085 6774/5324/1085
f 6773/5295/1085 6772/5300/1085 6775/5279/1085
f 6776/5325/1089 6777/5326/1089 6778/5327/1089
f 6777/5326/1089 6776/5325/1089 6779/5328/1089
f 6724/5234/1086 6780/5255/1086 6781/5256/1086
f 6780/5255/1086 6724/5234/1086 6721/5296/1086
f 6780/5255/1086 6721/5296/1086 6723/5233/1086
f 6746/5306/1085 6782/5300/1085 6783/5329/1085
f 6782/5300/1085 6746/5306/1085 6745/5280/1085
f 6735/5233/1087 6784/5259/1087 6785/5260/1087
f 6784/5259/1087 6735/5233/1087 6734/5234/1087
f 6786/5315/1091 6787/5330/1092 6788/5313/1092
f 6787/5330/1092 6786/5315/1091 6789/5331/1091
f 6790/5332/1095 6759/5333/1091 6756/5334/1091
f 6759/5333/1091 6790/5332/1095 6791/5335/1096
f 6792/5336/1097 6760/5337/1093 6793/5338/1097
f 6760/5337/1093 6792/5336/1097 6763/5339/1093
f 6794/5336/1097 6767/5340/1093 6764/5339/1093
f 6767/5340/1093 6794/5336/1097 6795/5341/1097
f 6796/5323/1085 6797/5342/1085 6798/5343/1085
f 6797/5342/1085 6796/5323/1085 6799/5322/1085
s 0
f 6800/5234/1090 6801/5344/1090 6802/5345/1090
s 1
f 6801/5344/1086 6803/5235/1086 6804/5233/1086
f 6803/5235/1086 6801/5344/1086 6800/5234/1086
f 6803/5235/1086 6800/5234/1086 6805/5346/1086
f 6803/5235/1086 6805/5346/1086 6806/5347/1086
f 6803/5235/1086 6806/5347/1086 6807/5348/1086
f 6803/5235/1086 6807/5348/1086 6808/5238/1086
f 6809/5349/1085 6810/5295/1085 6811/5323/1085
f 6810/5295/1085 6809/5349/1085 6812/5324/1085
f 6813/5243/1087 6814/5350/1087 6815/5233/1087
f 6814/5350/1087 6813/5243/1087 6816/5234/1087
f 6816/5234/1087 6813/5243/1087 6817/5351/1087
f 6817/5351/1087 6813/5243/1087 6818/5352/1087
f 6818/5352/1087 6813/5243/1087 6819/5353/1087
f 6819/5353/1087 6813/5243/1087 6820/5245/1087
f 6821/5294/1085 6822/5354/1085 6823/5322/1085
f 6822/5354/1085 6821/5294/1085 6824/5355/1085
f 6783/5329/1085 6825/5324/1085 6826/5356/1085
f 6825/5324/1085 6783/5329/1085 6782/5300/1085
f 6779/5328/1089 6827/5357/1089 6777/5326/1089
f 6827/5357/1089 6779/5328/1089 6828/5358/1089
f 6829/5359/1085 6830/5329/1085 6831/5360/1085
f 6830/5329/1085 6829/5359/1085 6832/5306/1085
f 6833/5335/1098 6789/5361/1091 6786/5333/1091
f 6789/5361/1091 6833/5335/1098 6834/5362/1095
f 6835/5363/1099 6791/5364/1096 6790/5365/1095
f 6791/5364/1096 6835/5363/1099 6836/5366/1100
f 6836/5366/1100 6835/5363/1099 6837/5367/1099
f 6838/5368/1101 6793/5369/1097 6839/5370/1101
f 6793/5369/1097 6838/5368/1101 6792/5371/1097
f 6840/5368/1101 6795/5372/1097 6794/5371/1097
f 6795/5372/1097 6840/5368/1101 6841/5373/1101
f 6842/5343/1085 6843/5374/1085 6844/5375/1085
f 6843/5374/1085 6842/5343/1085 6845/5342/1085
f 6846/5323/1102 6847/5343/1085 6848/5376/1103
f 6849/5377/1089 6850/5378/1089 6851/5379/1089
f 6850/5378/1089 6849/5377/1089 6852/5380/1089
f 6852/5380/1089 6849/5377/1089 6853/5381/1089
f 6800/5234/1086 6854/5255/1086 6855/5256/1086
f 6854/5255/1086 6800/5234/1086 6802/5345/1086
f 6854/5255/1086 6802/5345/1086 6804/5233/1086
s 0
f 6801/5344/1085 6804/5233/1104 6802/5345/1085
s 1
f 6856/5382/1105 6857/5376/1105 6858/5383/1085
f 6857/5376/1105 6856/5382/1105 6859/5384/1106
f 6860/5384/1107 6846/5323/1102 6848/5376/1103
f 6861/5349/1085 6846/5323/1102 6860/5384/1107
f 6862/5324/1085 6863/5349/1085 6864/5356/1085
f 6815/5233/1087 6865/5259/1087 6866/5260/1087
f 6865/5259/1087 6815/5233/1087 6816/5234/1087
s 0
f 6816/5234/1108 6815/5233/1108 6814/5350/1108
s 1
f 6867/5366/1109 6834/5385/1095 6833/5364/1098
f 6834/5385/1095 6867/5366/1109 6868/5386/1099
f 6868/5386/1099 6867/5366/1109 6869/5367/1099
f 6870/5387/1110 6837/5388/1099 6835/5389/1099
f 6837/5388/1099 6870/5387/1110 6871/5390/1110
f 6872/5391/1111 6839/5392/1101 6873/5393/1111
f 6839/5392/1101 6872/5391/1111 6838/5394/1101
f 6874/5391/1111 6841/5395/1101 6840/5394/1101
f 6841/5395/1101 6874/5391/1111 6875/5396/1111
f 6876/5343/1085 6877/5375/1085 6878/5397/1085
f 6879/5398/1087 6880/5234/1087 6881/5399/1087
f 6880/5234/1087 6879/5398/1087 6882/5400/1087
f 6882/5400/1087 6879/5398/1087 6883/5401/1087
f 6883/5401/1087 6879/5398/1087 6884/5245/1087
f 6885/5402/1085 6886/5374/1085 6887/5342/1085
f 6888/5403/1112 6889/5404/1113 6890/5405/1112
f 6889/5404/1113 6888/5403/1112 6891/5406/1113
f 6892/5383/1085 6893/5343/1085 6894/5397/1085
f 6893/5343/1085 6892/5383/1085 6895/5376/1085
f 6852/5380/1089 6896/5407/1089 6850/5378/1089
f 6896/5407/1089 6852/5380/1089 6897/5408/1089
f 6897/5408/1089 6852/5380/1089 6853/5381/1089
f 6898/5409/1085 6899/5383/1085 6900/5410/1085
f 6899/5383/1085 6898/5409/1085 6901/5382/1085
f 6902/5382/1085 6903/5349/1085 6904/5384/1085
f 6903/5349/1085 6902/5382/1085 6905/5356/1085
f 6906/5409/1085 6907/5356/1085 6908/5382/1085
f 6907/5356/1085 6906/5409/1085 6909/5411/1085
f 6910/5390/1110 6868/5412/1099 6869/5388/1099
f 6868/5412/1099 6910/5390/1110 6911/5413/1110
f 6912/5414/1114 6871/5415/1110 6870/5416/1110
f 6871/5415/1110 6912/5414/1114 6913/5417/1114
f 6914/5418/1115 6872/5419/1111 6873/5420/1111
f 6872/5419/1111 6914/5418/1115 6915/5421/1115
f 6916/5421/1115 6875/5422/1111 6874/5419/1111
f 6875/5422/1111 6916/5421/1115 6917/5423/1115
f 6918/5424/1085 6919/5375/1085 6920/5425/1085
f 6919/5375/1085 6918/5424/1085 6921/5397/1085
f 6922/5426/1116 6923/5427/1117 6924/5428/1117
f 6923/5427/1117 6922/5426/1116 6925/5429/1116
f 6926/5430/1087 6880/5234/1087 6927/5259/1087
f 6880/5234/1087 6926/5430/1087 6881/5399/1087
f 6891/5431/1113 6928/5432/1118 6889/5433/1113
f 6928/5432/1118 6891/5431/1113 6929/5434/1118
f 6930/5405/1112 6931/5435/1113 6932/5436/1112
f 6931/5435/1113 6930/5405/1112 6933/5404/1113
f 6934/5417/1114 6911/5437/1110 6910/5415/1110
f 6911/5437/1110 6934/5417/1114 6935/5438/1114
f 6913/5439/1114 6936/5440/1119 6937/5441/1119
f 6936/5440/1119 6913/5439/1114 6912/5442/1114
f 6938/5443/1119 6914/5444/1115 6939/5445/1119
f 6914/5444/1115 6938/5443/1119 6915/5446/1115
f 6936/5447/1119 6916/5446/1115 6937/5443/1119
f 6916/5446/1115 6936/5447/1119 6917/5448/1115
f 6940/5429/1116 6941/5449/1117 6942/5427/1117
f 6941/5449/1117 6940/5429/1116 6943/5450/1116
f 6944/5451/1120 6923/5452/1117 6945/5453/1120
f 6923/5452/1117 6944/5451/1120 6924/5454/1117
f 6929/5455/1118 6946/5456/1121 6928/5457/1118
f 6946/5456/1121 6929/5455/1118 6947/5458/1121
f 6933/5433/1113 6948/5459/1118 6931/5460/1113
f 6948/5459/1118 6933/5433/1113 6949/5432/1118
f 6934/5439/1114 6939/5461/1119 6935/5462/1114
f 6939/5461/1119 6934/5439/1114 6938/5441/1119
f 6942/5452/1117 6950/5463/1120 6951/5453/1120
f 6950/5463/1120 6942/5452/1117 6941/5464/1117
f 6944/5465/1120 6952/5466/1122 6953/5467/1122
f 6952/5466/1122 6944/5465/1120 6945/5468/1120
f 6947/5469/1121 6954/5470/1123 6946/5471/1121
f 6954/5470/1123 6947/5469/1121 6955/5472/1123
f 6949/5457/1118 6956/5473/1121 6948/5474/1118
f 6956/5473/1121 6949/5457/1118 6957/5456/1121
f 6951/5468/1120 6958/5475/1122 6959/5466/1122
f 6958/5475/1122 6951/5468/1120 6950/5476/1120
f 6960/5477/1124 6952/5478/1122 6961/5479/1124
f 6952/5478/1122 6960/5477/1124 6953/5480/1122
f 6955/5481/1123 6962/5482/1125 6954/5483/1123
f 6962/5482/1125 6955/5481/1123 6963/5484/1125
f 6957/5471/1121 6964/5485/1123 6956/5486/1121
f 6964/5485/1123 6957/5471/1121 6965/5470/1123
f 6959/5478/1122 6966/5487/1124 6967/5479/1124
f 6966/5487/1124 6959/5478/1122 6958/5488/1122
f 6968/5489/1126 6961/5490/1124 6969/5491/1126
f 6961/5490/1124 6968/5489/1126 6960/5492/1124
f 6963/5493/1125 6970/5494/1127 6962/5495/1125
f 6970/5494/1127 6963/5493/1125 6971/5496/1127
f 6965/5483/1123 6972/5497/1125 6964/5498/1123
f 6972/5497/1125 6965/5483/1123 6973/5482/1125
f 6967/5490/1124 6974/5499/1126 6975/5491/1126
f 6974/5499/1126 6967/5490/1124 6966/5500/1124
f 6971/5501/1127 6969/5502/1126 6970/5503/1127
f 6969/5502/1126 6971/5501/1127 6968/5504/1126
f 6973/5495/1125 6976/5505/1127 6972/5506/1125
f 6976/5505/1127 6973/5495/1125 6977/5494/1127
f 6977/5503/1127 6974/5507/1126 6976/5508/1127
f 6974/5507/1126 6977/5503/1127 6975/5502/1126
o SketchUp.210
v 0.454971 1.355740 0.016738
v 0.454971 1.054464 0.248074
v 0.454971 1.355740 0.248074
v 0.454971 1.054464 0.016738
vn -1.0000 -0.0000 -0.0000
vt 0.065617 5.314961
vt 0.972534 4.133858
vt 0.972534 5.314961
vt 0.065617 4.133858
s 1
usemtl Wood_Floor_Parquet
f 6978/5509/1128 6979/5510/1128 6980/5511/1128
f 6979/5510/1128 6978/5509/1128 6981/5512/1128
o SketchUp.211
v 2.563407 0.362310 0.084637
v 2.563407 0.465827 0.106393
v 2.563407 0.362310 0.106393
v 2.563407 0.465827 0.084637
v 2.563407 0.362310 0.005751
v 2.563407 0.465827 0.005751
vn 1.0000 -0.0000 -0.0000
vt -0.965683 4.133858
vt -1.213911 5.314961
vt -1.213911 4.133858
vt -0.965683 5.314961
vt -0.065617 4.133858
vt -0.065617 5.314961
s 1
usemtl Wood_Floor_Parquet
f 6982/5513/1129 6983/5514/1129 6984/5515/1129
f 6983/5514/1129 6982/5513/1129 6985/5516/1129
f 6986/5517/1129 6985/5516/1129 6982/5513/1129
f 6985/5516/1129 6986/5517/1129 6987/5518/1129
o SketchUp.212
v 1.062891 0.362310 0.005751
v 0.827102 0.362310 0.085070
v 0.827102 0.362310 0.005751
v 1.062891 0.362310 0.085070
vn -0.0000 -1.0000 -0.0000
vt -12.127310 -0.065617
vt -9.437019 -0.970625
vt -9.437019 -0.065617
vt -12.127310 -0.970625
s 1
usemtl Wood_Floor_Parquet
f 6988/5519/1130 6989/5520/1130 6990/5521/1130
f 6989/5520/1130 6988/5519/1130 6991/5522/1130
o SketchUp.213
v 0.490181 0.302533 0.004313
v 0.360165 0.080947 0.004313
v 0.490181 0.080947 0.004313
v 0.360165 0.302533 0.004313
v 0.360165 0.302533 0.004313
v 0.490181 0.302533 0.004313
v 0.360165 0.080947 0.004313
v 0.490181 0.080947 0.004313
vn -0.0000 -0.0000 1.0000
vn -0.0000 -0.0000 -1.0000
s 1
usemtl Translucent_Glass_Blue
f 6992//1131 6993//1131 6994//1131
f 6993//1131 6992//1131 6995//1131
f 6996//1132 6997//1132 6998//1132
f 6999//1132 6998//1132 6997//1132
o SketchUp.214
v 0.490181 0.302533 0.004313
v 0.360165 0.302533 0.008626
v 0.360165 0.302533 0.004313
v 0.490181 0.302533 0.008626
v 0.360165 0.080947 0.004313
v 0.360165 0.302533 0.008626
v 0.360165 0.080947 0.008626
v 0.360165 0.302533 0.004313
v 0.490181 0.302533 0.004313
v 0.490181 0.080947 0.008626
v 0.490181 0.302533 0.008626
v 0.490181 0.080947 0.004313
v 0.490181 0.080947 0.008626
v 0.360165 0.080947 0.004313
v 0.360165 0.080947 0.008626
v 0.490181 0.080947 0.004313
vn -0.0000 -1.0000 -0.0000
vn 1.0000 -0.0000 -0.0000
vn -1.0000 -0.0000 -0.0000
vn -0.0000 1.0000 -0.0000
vt -5.592832 -0.049213
vt -4.109392 -0.098425
vt -4.109392 -0.049213
vt -5.592832 -0.098425
vt -0.049213 0.923588
vt -0.098425 3.451828
vt -0.098425 0.923588
vt -0.049213 3.451828
vt 0.049213 3.451828
vt 0.098425 0.923588
vt 0.098425 3.451828
vt 0.049213 0.923588
vt 5.592832 -0.098425
vt 4.109392 -0.049213
vt 4.109392 -0.098425
vt 5.592832 -0.049213
s 1
usemtl Wood_Floor_Parquet
f 7000/5523/1133 7001/5524/1133 7002/5525/1133
f 7001/5524/1133 7000/5523/1133 7003/5526/1133
f 7004/5527/1134 7005/5528/1134 7006/5529/1134
f 7005/5528/1134 7004/5527/1134 7007/5530/1134
f 7008/5531/1135 7009/5532/1135 7010/5533/1135
f 7009/5532/1135 7008/5531/1135 7011/5534/1135
f 7012/5535/1136 7013/5536/1136 7014/5537/1136
f 7013/5536/1136 7012/5535/1136 7015/5538/1136
o SketchUp.215
v 0.628707 0.080947 0.004313
v 0.497734 0.302533 0.004313
v 0.497734 0.080947 0.004313
v 0.628707 0.302533 0.004313
v 0.628707 0.302533 0.004313
v 0.628707 0.080947 0.004313
v 0.497734 0.302533 0.004313
v 0.497734 0.080947 0.004313
vn -0.0000 -0.0000 1.0000
vn -0.0000 -0.0000 -1.0000
s 1
usemtl Translucent_Glass_Blue
f 7016//1137 7017//1137 7018//1137
f 7017//1137 7016//1137 7019//1137
f 7020//1138 7021//1138 7022//1138
f 7023//1138 7022//1138 7021//1138
o SketchUp.216
v 0.628707 0.080947 0.008626
v 0.497734 0.080947 0.004313
v 0.497734 0.080947 0.008626
v 0.628707 0.080947 0.004313
v 0.628707 0.302533 0.004313
v 0.628707 0.080947 0.008626
v 0.628707 0.302533 0.008626
v 0.628707 0.080947 0.004313
v 0.497734 0.080947 0.004313
v 0.497734 0.302533 0.008626
v 0.497734 0.080947 0.008626
v 0.497734 0.302533 0.004313
v 0.628707 0.302533 0.004313
v 0.497734 0.302533 0.008626
v 0.497734 0.302533 0.004313
v 0.628707 0.302533 0.008626
vn -0.0000 1.0000 -0.0000
vn -1.0000 -0.0000 -0.0000
vn 1.0000 -0.0000 -0.0000
vn -0.0000 -1.0000 -0.0000
vt 7.173380 -0.098425
vt 5.679013 -0.049213
vt 5.679013 -0.098425
vt 7.173380 -0.049213
vt 0.049213 3.451828
vt 0.098425 0.923588
vt 0.098425 3.451828
vt 0.049213 0.923588
vt -0.049213 0.923588
vt -0.098425 3.451828
vt -0.098425 0.923588
vt -0.049213 3.451828
vt -7.173380 -0.049213
vt -5.679013 -0.098425
vt -5.679013 -0.049213
vt -7.173380 -0.098425
s 1
usemtl Wood_Floor_Parquet
f 7024/5539/1139 7025/5540/1139 7026/5541/1139
f 7025/5540/1139 7024/5539/1139 7027/5542/1139
f 7028/5543/1140 7029/5544/1140 7030/5545/1140
f 7029/5544/1140 7028/5543/1140 7031/5546/1140
f 7032/5547/1141 7033/5548/1141 7034/5549/1141
f 7033/5548/1141 7032/5547/1141 7035/5550/1141
f 7036/5551/1142 7037/5552/1142 7038/5553/1142
f 7037/5552/1142 7036/5551/1142 7039/5554/1142
o SketchUp.217
v 0.767577 0.302533 0.004313
v 0.639691 0.080947 0.004313
v 0.767577 0.080947 0.004313
v 0.639691 0.302533 0.004313
v 0.639691 0.302533 0.004313
v 0.767577 0.302533 0.004313
v 0.639691 0.080947 0.004313
v 0.767577 0.080947 0.004313
vn -0.0000 -0.0000 1.0000
vn -0.0000 -0.0000 -1.0000
s 1
usemtl Translucent_Glass_Blue
f 7040//1143 7041//1143 7042//1143
f 7041//1143 7040//1143 7043//1143
f 7044//1144 7045//1144 7046//1144
f 7047//1144 7046//1144 7045//1144
o SketchUp.218
v 0.767577 0.302533 0.004313
v 0.639691 0.302533 0.008626
v 0.639691 0.302533 0.004313
v 0.767577 0.302533 0.008626
v 0.639691 0.080947 0.004313
v 0.639691 0.302533 0.008626
v 0.639691 0.080947 0.008626
v 0.639691 0.302533 0.004313
v 0.767577 0.302533 0.004313
v 0.767577 0.080947 0.008626
v 0.767577 0.302533 0.008626
v 0.767577 0.080947 0.004313
v 0.767577 0.080947 0.008626
v 0.639691 0.080947 0.004313
v 0.639691 0.080947 0.008626
v 0.767577 0.080947 0.004313
vn -0.0000 -1.0000 -0.0000
vn 1.0000 -0.0000 -0.0000
vn -1.0000 -0.0000 -0.0000
vn -0.0000 1.0000 -0.0000
vt -8.757853 -0.049213
vt -7.298708 -0.098425
vt -7.298708 -0.049213
vt -8.757853 -0.098425
vt -0.049213 0.923588
vt -0.098425 3.451828
vt -0.098425 0.923588
vt -0.049213 3.451828
vt 0.049213 3.451828
vt 0.098425 0.923588
vt 0.098425 3.451828
vt 0.049213 0.923588
vt 8.757853 -0.098425
vt 7.298708 -0.049213
vt 7.298708 -0.098425
vt 8.757853 -0.049213
s 1
usemtl Wood_Floor_Parquet
f 7048/5555/1145 7049/5556/1145 7050/5557/1145
f 7049/5556/1145 7048/5555/1145 7051/5558/1145
f 7052/5559/1146 7053/5560/1146 7054/5561/1146
f 7053/5560/1146 7052/5559/1146 7055/5562/1146
f 7056/5563/1147 7057/5564/1147 7058/5565/1147
f 7057/5564/1147 7056/5563/1147 7059/5566/1147
f 7060/5567/1148 7061/5568/1148 7062/5569/1148
f 7061/5568/1148 7060/5567/1148 7063/5570/1148
o SketchUp.219
v 0.349795 0.080947 0.002875
v 0.217322 0.302533 0.002875
v 0.217322 0.080947 0.002875
v 0.349795 0.302533 0.002875
v 0.349795 0.302533 0.002875
v 0.349795 0.080947 0.002875
v 0.217322 0.302533 0.002875
v 0.217322 0.080947 0.002875
vn -0.0000 -0.0000 1.0000
vn -0.0000 -0.0000 -1.0000
s 1
usemtl Translucent_Glass_Blue
f 7064//1149 7065//1149 7066//1149
f 7065//1149 7064//1149 7067//1149
f 7068//1150 7069//1150 7070//1150
f 7071//1150 7070//1150 7069//1150
o SketchUp.220
v 0.349795 0.080947 0.008626
v 0.217322 0.080947 0.002875
v 0.217322 0.080947 0.008626
v 0.349795 0.080947 0.002875
v 0.349795 0.302533 0.002875
v 0.349795 0.080947 0.008626
v 0.349795 0.302533 0.008626
v 0.349795 0.080947 0.002875
v 0.217322 0.080947 0.002875
v 0.217322 0.302533 0.008626
v 0.217322 0.080947 0.008626
v 0.217322 0.302533 0.002875
v 0.349795 0.302533 0.002875
v 0.217322 0.302533 0.008626
v 0.217322 0.302533 0.002875
v 0.349795 0.302533 0.008626
vn -0.0000 1.0000 -0.0000
vn -1.0000 -0.0000 -0.0000
vn 1.0000 -0.0000 -0.0000
vn -0.0000 -1.0000 -0.0000
vt 3.991064 -0.098425
vt 2.479583 -0.032808
vt 2.479583 -0.098425
vt 3.991064 -0.032808
vt 0.032808 3.451828
vt 0.098425 0.923588
vt 0.098425 3.451828
vt 0.032808 0.923588
vt -0.032808 0.923588
vt -0.098425 3.451828
vt -0.098425 0.923588
vt -0.032808 3.451828
vt -3.991064 -0.032808
vt -2.479583 -0.098425
vt -2.479583 -0.032808
vt -3.991064 -0.098425
s 1
usemtl Wood_Floor_Parquet
f 7072/5571/1151 7073/5572/1151 7074/5573/1151
f 7073/5572/1151 7072/5571/1151 7075/5574/1151
f 7076/5575/1152 7077/5576/1152 7078/5577/1152
f 7077/5576/1152 7076/5575/1152 7079/5578/1152
f 7080/5579/1153 7081/5580/1153 7082/5581/1153
f 7081/5580/1153 7080/5579/1153 7083/5582/1153
f 7084/5583/1154 7085/5584/1154 7086/5585/1154
f 7085/5584/1154 7084/5583/1154 7087/5586/1154
o SketchUp.221
v 2.085357 0.080947 0.011502
v 1.952884 0.302533 0.011502
v 1.952884 0.080947 0.011502
v 2.085357 0.302533 0.011502
v 2.085357 0.302533 0.011502
v 2.085357 0.080947 0.011502
v 1.952884 0.302533 0.011502
v 1.952884 0.080947 0.011502
vn -0.0000 -0.0000 1.0000
vn -0.0000 -0.0000 -1.0000
s 1
usemtl Translucent_Glass_Blue
f 7088//1155 7089//1155 7090//1155
f 7089//1155 7088//1155 7091//1155
f 7092//1156 7093//1156 7094//1156
f 7095//1156 7094//1156 7093//1156
o SketchUp.222
v 2.225743 0.302533 0.011502
v 2.095728 0.080947 0.011502
v 2.225743 0.080947 0.011502
v 2.095728 0.302533 0.011502
v 2.095728 0.302533 0.011502
v 2.225743 0.302533 0.011502
v 2.095728 0.080947 0.011502
v 2.225743 0.080947 0.011502
vn -0.0000 -0.0000 1.0000
vn -0.0000 -0.0000 -1.0000
s 1
usemtl Translucent_Glass_Blue
f 7096//1157 7097//1157 7098//1157
f 7097//1157 7096//1157 7099//1157
f 7100//1158 7101//1158 7102//1158
f 7103//1158 7102//1158 7101//1158
o SketchUp.223
v 2.364270 0.080947 0.011502
v 2.233296 0.302533 0.011502
v 2.233296 0.080947 0.011502
v 2.364270 0.302533 0.011502
v 2.364270 0.302533 0.011502
v 2.364270 0.080947 0.011502
v 2.233296 0.302533 0.011502
v 2.233296 0.080947 0.011502
vn -0.0000 -0.0000 1.0000
vn -0.0000 -0.0000 -1.0000
s 1
usemtl Translucent_Glass_Blue
f 7104//1159 7105//1159 7106//1159
f 7105//1159 7104//1159 7107//1159
f 7108//1160 7109//1160 7110//1160
f 7111//1160 7110//1160 7109//1160
o SketchUp.224
v 2.503140 0.302533 0.011502
v 2.375254 0.080947 0.011502
v 2.503140 0.080947 0.011502
v 2.375254 0.302533 0.011502
v 2.375254 0.302533 0.011502
v 2.503140 0.302533 0.011502
v 2.375254 0.080947 0.011502
v 2.503140 0.080947 0.011502
vn -0.0000 -0.0000 1.0000
vn -0.0000 -0.0000 -1.0000
s 1
usemtl Translucent_Glass_Blue
f 7112//1161 7113//1161 7114//1161
f 7113//1161 7112//1161 7115//1161
f 7116//1162 7117//1162 7118//1162
f 7119//1162 7118//1162 7117//1162
o SketchUp.225
v 2.503140 0.302533 0.011502
v 2.503140 0.080947 0.014377
v 2.503140 0.302533 0.014377
v 2.503140 0.080947 0.011502
v 2.503140 0.080947 0.014377
v 2.375254 0.080947 0.011502
v 2.375254 0.080947 0.014377
v 2.503140 0.080947 0.011502
v 2.503140 0.302533 0.011502
v 2.375254 0.302533 0.014377
v 2.375254 0.302533 0.011502
v 2.503140 0.302533 0.014377
v 2.375254 0.080947 0.011502
v 2.375254 0.302533 0.014377
v 2.375254 0.080947 0.014377
v 2.375254 0.302533 0.011502
vn -1.0000 -0.0000 -0.0000
vn -0.0000 1.0000 -0.0000
vn -0.0000 -1.0000 -0.0000
vn 1.0000 -0.0000 -0.0000
vt 0.131234 3.451828
vt 0.164042 0.923588
vt 0.164042 3.451828
vt 0.131234 0.923588
vt 28.560169 -0.164042
vt 27.101028 -0.131234
vt 27.101028 -0.164042
vt 28.560169 -0.131234
vt -28.560169 -0.131234
vt -27.101028 -0.164042
vt -27.101028 -0.131234
vt -28.560169 -0.164042
vt -0.131234 0.923588
vt -0.164042 3.451828
vt -0.164042 0.923588
vt -0.131234 3.451828
s 1
usemtl Wood_Floor_Parquet
f 7120/5587/1163 7121/5588/1163 7122/5589/1163
f 7121/5588/1163 7120/5587/1163 7123/5590/1163
f 7124/5591/1164 7125/5592/1164 7126/5593/1164
f 7125/5592/1164 7124/5591/1164 7127/5594/1164
f 7128/5595/1165 7129/5596/1165 7130/5597/1165
f 7129/5596/1165 7128/5595/1165 7131/5598/1165
f 7132/5599/1166 7133/5600/1166 7134/5601/1166
f 7133/5600/1166 7132/5599/1166 7135/5602/1166
o SketchUp.226
v 2.364270 0.080947 0.014377
v 2.233296 0.080947 0.011502
v 2.233296 0.080947 0.014377
v 2.364270 0.080947 0.011502
v 2.233296 0.080947 0.011502
v 2.233296 0.302533 0.014377
v 2.233296 0.080947 0.014377
v 2.233296 0.302533 0.011502
v 2.364270 0.302533 0.011502
v 2.364270 0.080947 0.014377
v 2.364270 0.302533 0.014377
v 2.364270 0.080947 0.011502
v 2.364270 0.302533 0.011502
v 2.233296 0.302533 0.014377
v 2.233296 0.302533 0.011502
v 2.364270 0.302533 0.014377
vn -0.0000 1.0000 -0.0000
vn 1.0000 -0.0000 -0.0000
vn -1.0000 -0.0000 -0.0000
vn -0.0000 -1.0000 -0.0000
vt 26.975698 -0.164042
vt 25.481329 -0.131234
vt 25.481329 -0.164042
vt 26.975698 -0.131234
vt -0.131234 0.923588
vt -0.164042 3.451828
vt -0.164042 0.923588
vt -0.131234 3.451828
vt 0.131234 3.451828
vt 0.164042 0.923588
vt 0.164042 3.451828
vt 0.131234 0.923588
vt -26.975698 -0.131234
vt -25.481329 -0.164042
vt -25.481329 -0.131234
vt -26.975698 -0.164042
s 1
usemtl Wood_Floor_Parquet
f 7136/5603/1167 7137/5604/1167 7138/5605/1167
f 7137/5604/1167 7136/5603/1167 7139/5606/1167
f 7140/5607/1168 7141/5608/1168 7142/5609/1168
f 7141/5608/1168 7140/5607/1168 7143/5610/1168
f 7144/5611/1169 7145/5612/1169 7146/5613/1169
f 7145/5612/1169 7144/5611/1169 7147/5614/1169
f 7148/5615/1170 7149/5616/1170 7150/5617/1170
f 7149/5616/1170 7148/5615/1170 7151/5618/1170
o SketchUp.227
v 2.225743 0.080947 0.014377
v 2.095728 0.080947 0.011502
v 2.095728 0.080947 0.014377
v 2.225743 0.080947 0.011502
v 2.095728 0.080947 0.011502
v 2.095728 0.302533 0.014377
v 2.095728 0.080947 0.014377
v 2.095728 0.302533 0.011502
v 2.225743 0.302533 0.011502
v 2.225743 0.080947 0.014377
v 2.225743 0.302533 0.014377
v 2.225743 0.080947 0.011502
v 2.225743 0.302533 0.011502
v 2.095728 0.302533 0.014377
v 2.095728 0.302533 0.011502
v 2.225743 0.302533 0.014377
vn -0.0000 1.0000 -0.0000
vn 1.0000 -0.0000 -0.0000
vn -1.0000 -0.0000 -0.0000
vn -0.0000 -1.0000 -0.0000
vt 25.395149 -0.164042
vt 23.911709 -0.131234
vt 23.911709 -0.164042
vt 25.395149 -0.131234
vt -0.131234 0.923588
vt -0.164042 3.451828
vt -0.164042 0.923588
vt -0.131234 3.451828
vt 0.131234 3.451828
vt 0.164042 0.923588
vt 0.164042 3.451828
vt 0.131234 0.923588
vt -25.395149 -0.131234
vt -23.911709 -0.164042
vt -23.911709 -0.131234
vt -25.395149 -0.164042
s 1
usemtl Wood_Floor_Parquet
f 7152/5619/1171 7153/5620/1171 7154/5621/1171
f 7153/5620/1171 7152/5619/1171 7155/5622/1171
f 7156/5623/1172 7157/5624/1172 7158/5625/1172
f 7157/5624/1172 7156/5623/1172 7159/5626/1172
f 7160/5627/1173 7161/5628/1173 7162/5629/1173
f 7161/5628/1173 7160/5627/1173 7163/5630/1173
f 7164/5631/1174 7165/5632/1174 7166/5633/1174
f 7165/5632/1174 7164/5631/1174 7167/5634/1174
o SketchUp.228
v 2.085357 0.080947 0.014377
v 1.952884 0.080947 0.011502
v 1.952884 0.080947 0.014377
v 2.085357 0.080947 0.011502
v 1.952884 0.080947 0.011502
v 1.952884 0.302533 0.014377
v 1.952884 0.080947 0.014377
v 1.952884 0.302533 0.011502
v 2.085357 0.302533 0.011502
v 2.085357 0.080947 0.014377
v 2.085357 0.302533 0.014377
v 2.085357 0.080947 0.011502
v 2.085357 0.302533 0.011502
v 1.952884 0.302533 0.014377
v 1.952884 0.302533 0.011502
v 2.085357 0.302533 0.014377
vn -0.0000 1.0000 -0.0000
vn 1.0000 -0.0000 -0.0000
vn -1.0000 -0.0000 -0.0000
vn -0.0000 -1.0000 -0.0000
vt 23.793379 -0.164042
vt 22.281898 -0.131234
vt 22.281898 -0.164042
vt 23.793379 -0.131234
vt -0.131234 0.923588
vt -0.164042 3.451828
vt -0.164042 0.923588
vt -0.131234 3.451828
vt 0.131234 3.451828
vt 0.164042 0.923588
vt 0.164042 3.451828
vt 0.131234 0.923588
vt -23.793379 -0.131234
vt -22.281898 -0.164042
vt -22.281898 -0.131234
vt -23.793379 -0.164042
s 1
usemtl Wood_Floor_Parquet
f 7168/5635/1175 7169/5636/1175 7170/5637/1175
f 7169/5636/1175 7168/5635/1175 7171/5638/1175
f 7172/5639/1176 7173/5640/1176 7174/5641/1176
f 7173/5640/1176 7172/5639/1176 7175/5642/1176
f 7176/5643/1177 7177/5644/1177 7178/5645/1177
f 7177/5644/1177 7176/5643/1177 7179/5646/1177
f 7180/5647/1178 7181/5648/1178 7182/5649/1178
f 7181/5648/1178 7180/5647/1178 7183/5650/1178
o SketchUp.229
v 1.886514 0.443947 0.107830
v 2.534880 0.376373 0.107830
v 1.886514 0.376373 0.107830
v 2.534880 0.443947 0.107830
v 2.534880 0.443947 0.116457
v 1.886514 0.443947 0.107830
v 1.886514 0.443947 0.116457
v 2.534880 0.443947 0.107830
v 2.534880 0.376373 0.107830
v 2.534880 0.443947 0.116457
v 2.534880 0.376373 0.116457
v 2.534880 0.443947 0.107830
v 2.534880 0.376373 0.107830
v 1.886514 0.376373 0.116457
v 1.886514 0.376373 0.107830
v 2.534880 0.376373 0.116457
v 1.886514 0.443947 0.107830
v 1.886514 0.376373 0.116457
v 1.886514 0.443947 0.116457
v 1.886514 0.376373 0.107830
vn -0.0000 -0.0000 -1.0000
vn -0.0000 1.0000 -0.0000
vn 1.0000 -0.0000 -0.0000
vn -0.0000 -1.0000 -0.0000
vn -1.0000 -0.0000 -0.0000
vt -21.524630 5.065320
vt -28.922319 4.294322
vt -21.524630 4.294322
vt -28.922319 5.065320
vt 28.922319 -1.328740
vt 21.524630 -1.230315
vt 21.524630 -1.328740
vt 28.922319 -1.230315
vt -1.230315 4.294322
vt -1.328740 5.065320
vt -1.328740 4.294322
vt -1.230315 5.065320
vt -28.922319 -1.230315
vt -21.524630 -1.328740
vt -21.524630 -1.230315
vt -28.922319 -1.328740
vt 1.230315 5.065320
vt 1.328740 4.294322
vt 1.328740 5.065320
vt 1.230315 4.294322
s 1
usemtl Wood_Floor_Parquet
f 7184/5651/1179 7185/5652/1179 7186/5653/1179
f 7185/5652/1179 7184/5651/1179 7187/5654/1179
f 7188/5655/1180 7189/5656/1180 7190/5657/1180
f 7189/5656/1180 7188/5655/1180 7191/5658/1180
f 7192/5659/1181 7193/5660/1181 7194/5661/1181
f 7193/5660/1181 7192/5659/1181 7195/5662/1181
f 7196/5663/1182 7197/5664/1182 7198/5665/1182
f 7197/5664/1182 7196/5663/1182 7199/5666/1182
f 7200/5667/1183 7201/5668/1183 7202/5669/1183
f 7201/5668/1183 7200/5667/1183 7203/5670/1183
o SketchUp.230
v 0.827102 0.443947 0.122208
v 0.182743 0.376373 0.122208
v 0.827102 0.376373 0.122208
v 0.182743 0.443947 0.122208
vn -0.0000 -0.0000 1.0000
vt 6.291346 3.376880
vt 1.390033 2.862881
vt 6.291346 2.862881
vt 1.390033 3.376880
s 1
usemtl Polished_Concrete_Old
f 7204/5671/1184 7205/5672/1184 7206/5673/1184
f 7205/5672/1184 7204/5671/1184 7207/5674/1184
o SketchUp.231
v 1.651107 0.443947 0.119332
v 1.062891 0.376373 0.119332
v 1.651107 0.376373 0.119332
v 1.062891 0.443947 0.119332
vn -0.0000 -0.0000 1.0000
vt 12.559130 3.376880
vt 8.084872 2.862881
vt 12.559130 2.862881
vt 8.084872 3.376880
s 1
usemtl Polished_Concrete_Old
f 7208/5675/1185 7209/5676/1185 7210/5677/1185
f 7209/5676/1185 7208/5675/1185 7211/5678/1185
o SketchUp.232
v 2.534880 0.443947 0.116457
v 1.886514 0.376373 0.116457
v 2.534880 0.376373 0.116457
v 1.886514 0.443947 0.116457
vn -0.0000 -0.0000 1.0000
vt 19.281549 3.376880
vt 14.349760 2.862881
vt 19.281549 2.862881
vt 14.349760 3.376880
s 1
usemtl Polished_Concrete_Old
f 7212/5679/1186 7213/5680/1186 7214/5681/1186
f 7213/5680/1186 7212/5679/1186 7215/5682/1186
o SketchUp.233
v 2.062879 0.746862 0.003987
v 2.062879 0.747078 0.010064
v 2.062879 0.746862 0.010064
v 2.062879 0.747078 0.003987
v 2.062879 0.746862 -0.001438
v 2.062879 0.747078 -0.001438
v 2.393559 0.746862 0.003987
v 2.062879 0.746862 -0.001438
v 2.062879 0.746862 0.003987
v 2.393559 0.746862 -0.001438
v 2.062879 0.747078 0.003987
v 2.052092 0.746166 -0.001438
v 2.052092 0.746166 0.003987
v 2.062879 0.747078 -0.001438
v 2.062879 0.747078 0.010064
v 2.052092 0.746166 0.003987
v 2.052092 0.746166 0.010064
v 1.988492 0.632459 0.010064
v 1.980237 0.511310 0.010064
v 1.988492 0.511310 0.010064
v 1.980237 0.640469 0.010064
v 1.988492 0.640469 0.010064
v 1.989128 0.653480 0.010064
v 1.980944 0.654384 0.010064
v 1.991027 0.666268 0.010064
v 1.983052 0.668062 0.010064
v 1.994154 0.678615 0.010064
v 1.986527 0.681267 0.010064
v 1.998458 0.690309 0.010064
v 1.991309 0.693774 0.010064
v 2.003864 0.701150 0.010064
v 1.997314 0.705369 0.010064
v 2.010279 0.710953 0.010064
v 2.004442 0.715853 0.010064
v 2.017595 0.719550 0.010064
v 2.012569 0.725048 0.010064
v 2.025686 0.726794 0.010064
v 2.021558 0.732795 0.010064
v 2.034412 0.732561 0.010064
v 2.043626 0.736752 0.010064
v 2.031254 0.738963 0.010064
v 2.053170 0.739295 0.010064
v 2.041490 0.743446 0.010064
v 2.062879 0.740148 0.010064
v 2.071956 0.740194 0.010064
v 2.393559 0.740412 0.010064
v 2.417298 0.743243 0.010064
v 2.405531 0.745958 0.010064
v 2.052092 0.746166 0.010064
v 2.393559 0.746862 0.010064
v 2.393559 0.746868 0.010064
v 2.062879 0.746862 0.010064
v 2.062879 0.747078 0.010064
v 2.476845 0.511310 0.010064
v 1.980237 0.501009 0.010064
v 2.393559 0.511310 0.010064
v 2.383840 0.511310 0.010064
v 2.311955 0.511310 0.010064
v 2.301665 0.511310 0.010064
v 2.235652 0.511310 0.010064
v 2.223903 0.511310 0.010064
v 2.154060 0.511310 0.010064
v 2.145469 0.511310 0.010064
v 2.071956 0.511310 0.010064
v 2.062879 0.511310 0.010064
v 2.071956 0.632459 0.010064
v 2.062879 0.632459 0.010064
v 2.154060 0.632459 0.010064
v 2.145469 0.632459 0.010064
v 2.235652 0.632459 0.010064
v 2.223903 0.632459 0.010064
v 2.311955 0.632459 0.010064
v 2.301665 0.632459 0.010064
v 2.393559 0.632459 0.010064
v 2.383840 0.632459 0.010064
v 2.476845 0.640469 0.010064
v 2.062879 0.640469 0.010064
v 2.393559 0.640469 0.010064
v 2.383840 0.640469 0.010064
v 2.311955 0.640469 0.010064
v 2.301665 0.640469 0.010064
v 2.235652 0.640469 0.010064
v 2.223903 0.640469 0.010064
v 2.154060 0.640469 0.010064
v 2.145469 0.640469 0.010064
v 2.071956 0.640469 0.010064
v 2.383840 0.740194 0.010064
v 2.311955 0.740194 0.010064
v 2.301665 0.740194 0.010064
v 2.235652 0.740194 0.010064
v 2.223903 0.740194 0.010064
v 2.154060 0.740194 0.010064
v 2.145469 0.740194 0.010064
v 2.485282 0.501009 0.010064
v 2.485282 0.640469 0.010064
v 2.476845 0.632459 0.010064
v 2.476132 0.653514 0.010064
v 2.484497 0.654357 0.010064
v 2.474007 0.666336 0.010064
v 2.482157 0.668007 0.010064
v 2.470505 0.678716 0.010064
v 2.478300 0.681186 0.010064
v 2.465687 0.690441 0.010064
v 2.472993 0.693669 0.010064
v 2.459634 0.701311 0.010064
v 2.466328 0.705241 0.010064
v 2.452451 0.711140 0.010064
v 2.458417 0.715705 0.010064
v 2.444260 0.719760 0.010064
v 2.449396 0.724881 0.010064
v 2.435202 0.727023 0.010064
v 2.439420 0.732614 0.010064
v 2.425431 0.732805 0.010064
v 2.428659 0.738769 0.010064
v 2.415115 0.737007 0.010064
v 2.404429 0.739558 0.010064
v 2.393559 0.746862 0.010064
v 2.062879 0.746862 0.010064
v 2.393559 0.746868 0.010064
v 2.393559 0.746862 0.003987
v 2.393559 0.746862 0.010064
v 2.393559 0.746868 0.003987
v 2.393559 0.746862 -0.001438
v 2.393559 0.746868 -0.001438
v 2.062879 0.746862 -0.012940
v 2.393559 0.746862 -0.012940
v 2.041490 0.743446 -0.001438
v 2.041490 0.743446 0.003987
v 2.062879 0.747078 -0.001438
v 2.052092 0.746166 -0.012940
v 2.052092 0.746166 -0.001438
v 2.062879 0.747078 -0.012940
v 2.041490 0.743446 0.003987
v 2.041490 0.743446 0.010064
v 2.062879 0.747078 0.015489
v 2.052092 0.746166 0.010064
v 2.052092 0.746166 0.015489
v 2.485282 0.501009 0.003987
v 1.980237 0.501009 0.010064
v 1.980237 0.501009 0.003987
v 2.485282 0.501009 0.010064
v 2.485282 0.501009 0.003987
v 2.485282 0.640469 0.010064
v 2.485282 0.501009 0.010064
v 2.485282 0.640469 0.003987
v 2.485282 0.640469 0.003987
v 2.484497 0.654357 0.010064
v 2.485282 0.640469 0.010064
v 2.484497 0.654357 0.003987
v 2.482157 0.668007 0.010064
v 2.482157 0.668007 0.003987
v 2.478300 0.681186 0.010064
v 2.478300 0.681186 0.003987
v 2.472993 0.693669 0.010064
v 2.472993 0.693669 0.003987
v 2.466328 0.705241 0.010064
v 2.466328 0.705241 0.003987
v 2.458417 0.715705 0.010064
v 2.458417 0.715705 0.003987
v 2.449396 0.724881 0.010064
v 2.449396 0.724881 0.003987
v 2.439420 0.732614 0.003987
v 2.439420 0.732614 0.010064
v 2.428659 0.738769 0.003987
v 2.428659 0.738769 0.010064
v 2.417298 0.743243 0.003987
v 2.417298 0.743243 0.010064
v 2.405531 0.745958 0.003987
v 2.405531 0.745958 0.010064
v 2.393559 0.746868 0.003987
v 2.393559 0.746868 0.010064
v 2.031254 0.738963 0.003987
v 2.031254 0.738963 0.010064
v 2.021558 0.732795 0.003987
v 2.021558 0.732795 0.010064
v 2.012569 0.725048 0.003987
v 2.012569 0.725048 0.010064
v 2.004442 0.715853 0.010064
v 2.004442 0.715853 0.003987
v 1.997314 0.705369 0.010064
v 1.997314 0.705369 0.003987
v 1.991309 0.693774 0.003987
v 1.991309 0.693774 0.010064
v 1.986527 0.681267 0.010064
v 1.986527 0.681267 0.003987
v 1.983052 0.668062 0.010064
v 1.983052 0.668062 0.003987
v 1.980944 0.654384 0.010064
v 1.980944 0.654384 0.003987
v 1.980237 0.640469 0.010064
v 1.980237 0.640469 0.003987
v 1.980237 0.640469 0.003987
v 1.980237 0.511310 0.010064
v 1.980237 0.640469 0.010064
v 1.980237 0.511310 0.003987
v 1.988492 0.511310 0.003987
v 1.988492 0.632459 0.010064
v 1.988492 0.511310 0.010064
v 1.988492 0.632459 0.003987
v 2.062879 0.632459 0.003987
v 1.988492 0.632459 0.010064
v 1.988492 0.632459 0.003987
v 2.062879 0.632459 0.010064
v 2.062879 0.632459 0.003987
v 2.062879 0.511310 0.010064
v 2.062879 0.632459 0.010064
v 2.062879 0.511310 0.003987
v 2.062879 0.511310 0.010064
v 1.988492 0.511310 0.003987
v 1.988492 0.511310 0.010064
v 2.062879 0.511310 0.003987
v 1.980237 0.501009 0.010064
v 1.980237 0.501009 0.003987
v 1.980237 0.511310 -0.001438
v 1.980237 0.501009 -0.001438
v 2.393559 0.746862 0.015489
v 2.062879 0.746862 0.015489
v 2.405531 0.745958 0.003987
v 2.393559 0.746868 -0.001438
v 2.393559 0.746868 0.003987
v 2.405531 0.745958 -0.001438
v 1.988492 0.632459 -0.001438
v 1.980237 0.511310 -0.001438
v 1.988492 0.511310 -0.001438
v 1.980237 0.640469 -0.001438
v 1.988492 0.640469 -0.001438
v 1.989128 0.653480 -0.001438
v 1.980944 0.654384 -0.001438
v 1.991027 0.666268 -0.001438
v 1.983052 0.668062 -0.001438
v 1.994154 0.678615 -0.001438
v 1.986527 0.681267 -0.001438
v 1.998458 0.690309 -0.001438
v 1.991309 0.693774 -0.001438
v 2.003864 0.701150 -0.001438
v 1.997314 0.705369 -0.001438
v 2.010279 0.710953 -0.001438
v 2.004442 0.715853 -0.001438
v 2.017595 0.719550 -0.001438
v 2.012569 0.725048 -0.001438
v 2.025686 0.726794 -0.001438
v 2.021558 0.732795 -0.001438
v 2.034412 0.732561 -0.001438
v 2.043626 0.736752 -0.001438
v 2.031254 0.738963 -0.001438
v 2.053170 0.739295 -0.001438
v 2.041490 0.743446 -0.001438
v 2.062879 0.740148 -0.001438
v 2.071956 0.740194 -0.001438
v 2.393559 0.740412 -0.001438
v 2.417298 0.743243 -0.001438
v 2.405531 0.745958 -0.001438
v 2.052092 0.746166 -0.001438
v 2.393559 0.746862 -0.001438
v 2.393559 0.746868 -0.001438
v 2.062879 0.746862 -0.001438
v 2.062879 0.747078 -0.001438
v 2.476845 0.511310 -0.001438
v 1.980237 0.501009 -0.001438
v 2.393559 0.511310 -0.001438
v 2.383840 0.511310 -0.001438
v 2.311955 0.511310 -0.001438
v 2.301665 0.511310 -0.001438
v 2.235652 0.511310 -0.001438
v 2.223903 0.511310 -0.001438
v 2.154060 0.511310 -0.001438
v 2.145469 0.511310 -0.001438
v 2.071956 0.511310 -0.001438
v 2.062879 0.511310 -0.001438
v 2.071956 0.632459 -0.001438
v 2.062879 0.632459 -0.001438
v 2.154060 0.632459 -0.001438
v 2.145469 0.632459 -0.001438
v 2.235652 0.632459 -0.001438
v 2.223903 0.632459 -0.001438
v 2.311955 0.632459 -0.001438
v 2.301665 0.632459 -0.001438
v 2.393559 0.632459 -0.001438
v 2.383840 0.632459 -0.001438
v 2.476845 0.640469 -0.001438
v 2.062879 0.640469 -0.001438
v 2.393559 0.640469 -0.001438
v 2.383840 0.640469 -0.001438
v 2.311955 0.640469 -0.001438
v 2.301665 0.640469 -0.001438
v 2.235652 0.640469 -0.001438
v 2.223903 0.640469 -0.001438
v 2.154060 0.640469 -0.001438
v 2.145469 0.640469 -0.001438
v 2.071956 0.640469 -0.001438
v 2.383840 0.740194 -0.001438
v 2.311955 0.740194 -0.001438
v 2.301665 0.740194 -0.001438
v 2.235652 0.740194 -0.001438
v 2.223903 0.740194 -0.001438
v 2.154060 0.740194 -0.001438
v 2.145469 0.740194 -0.001438
v 2.485282 0.501009 -0.001438
v 2.485282 0.640469 -0.001438
v 2.476845 0.632459 -0.001438
v 2.476132 0.653514 -0.001438
v 2.484497 0.654357 -0.001438
v 2.474007 0.666336 -0.001438
v 2.482157 0.668007 -0.001438
v 2.470505 0.678716 -0.001438
v 2.478300 0.681186 -0.001438
v 2.465687 0.690441 -0.001438
v 2.472993 0.693669 -0.001438
v 2.459634 0.701311 -0.001438
v 2.466328 0.705241 -0.001438
v 2.452451 0.711140 -0.001438
v 2.458417 0.715705 -0.001438
v 2.444260 0.719760 -0.001438
v 2.449396 0.724881 -0.001438
v 2.435202 0.727023 -0.001438
v 2.439420 0.732614 -0.001438
v 2.425431 0.732805 -0.001438
v 2.428659 0.738769 -0.001438
v 2.415115 0.737007 -0.001438
v 2.404429 0.739558 -0.001438
v 2.031254 0.738963 -0.001438
v 2.031254 0.738963 0.003987
v 2.041490 0.743446 -0.012940
v 2.041490 0.743446 -0.001438
v 2.041490 0.743446 0.010064
v 2.041490 0.743446 0.015489
v 2.485282 0.501009 -0.001438
v 1.980237 0.501009 -0.001438
v 1.980237 0.501009 0.015489
v 2.485282 0.501009 0.015489
v 2.485282 0.501009 -0.001438
v 2.485282 0.640469 -0.001438
v 2.485282 0.640469 0.015489
v 2.485282 0.501009 0.015489
v 2.485282 0.640469 -0.001438
v 2.484497 0.654357 0.003987
v 2.485282 0.640469 0.003987
v 2.484497 0.654357 -0.001438
v 2.485282 0.640469 0.010064
v 2.484497 0.654357 0.015489
v 2.485282 0.640469 0.015489
v 2.484497 0.654357 0.010064
v 2.482157 0.668007 0.003987
v 2.482157 0.668007 -0.001438
v 2.482157 0.668007 0.015489
v 2.482157 0.668007 0.010064
v 2.478300 0.681186 0.003987
v 2.478300 0.681186 -0.001438
v 2.478300 0.681186 0.015489
v 2.478300 0.681186 0.010064
v 2.472993 0.693669 0.003987
v 2.472993 0.693669 -0.001438
v 2.472993 0.693669 0.015489
v 2.472993 0.693669 0.010064
v 2.466328 0.705241 0.003987
v 2.466328 0.705241 -0.001438
v 2.466328 0.705241 0.015489
v 2.466328 0.705241 0.010064
v 2.458417 0.715705 0.003987
v 2.458417 0.715705 -0.001438
v 2.458417 0.715705 0.015489
v 2.458417 0.715705 0.010064
v 2.449396 0.724881 0.003987
v 2.449396 0.724881 -0.001438
v 2.449396 0.724881 0.015489
v 2.449396 0.724881 0.010064
v 2.439420 0.732614 -0.001438
v 2.439420 0.732614 0.003987
v 2.439420 0.732614 0.010064
v 2.439420 0.732614 0.015489
v 2.428659 0.738769 -0.001438
v 2.428659 0.738769 0.003987
v 2.428659 0.738769 0.010064
v 2.428659 0.738769 0.015489
v 2.417298 0.743243 -0.001438
v 2.417298 0.743243 0.003987
v 2.417298 0.743243 0.010064
v 2.417298 0.743243 0.015489
v 2.405531 0.745958 0.010064
v 2.405531 0.745958 0.015489
v 2.393559 0.746868 0.010064
v 2.393559 0.746868 0.015489
v 2.031254 0.738963 0.010064
v 2.031254 0.738963 0.015489
v 2.021558 0.732795 0.010064
v 2.021558 0.732795 0.015489
v 2.021558 0.732795 -0.001438
v 2.021558 0.732795 0.003987
v 2.012569 0.725048 0.010064
v 2.012569 0.725048 0.015489
v 2.012569 0.725048 -0.001438
v 2.012569 0.725048 0.003987
v 2.004442 0.715853 0.015489
v 2.004442 0.715853 0.010064
v 2.004442 0.715853 0.003987
v 2.004442 0.715853 -0.001438
v 1.997314 0.705369 0.015489
v 1.997314 0.705369 0.010064
v 1.997314 0.705369 -0.001438
v 1.997314 0.705369 0.003987
v 1.991309 0.693774 0.010064
v 1.991309 0.693774 0.015489
v 1.991309 0.693774 -0.001438
v 1.991309 0.693774 0.003987
v 1.986527 0.681267 0.015489
v 1.986527 0.681267 0.010064
v 1.986527 0.681267 -0.001438
v 1.986527 0.681267 0.003987
v 1.983052 0.668062 0.015489
v 1.983052 0.668062 0.010064
v 1.983052 0.668062 -0.001438
v 1.983052 0.668062 0.003987
v 1.980944 0.654384 0.010064
v 1.980944 0.654384 0.015489
v 1.980944 0.654384 -0.001438
v 1.980944 0.654384 0.003987
v 1.980237 0.640469 0.015489
v 1.980237 0.640469 0.010064
v 1.980237 0.640469 -0.001438
v 1.980237 0.640469 0.003987
v 1.980237 0.511310 0.015489
v 1.980237 0.640469 0.015489
v 1.980237 0.640469 -0.001438
v 1.988492 0.632459 0.015489
v 1.988492 0.511310 0.015489
v 1.988492 0.511310 0.000010
v 1.988492 0.632459 -0.000000
v 1.988492 0.511310 -0.000000
v 2.062879 0.632459 -0.000000
v 1.988492 0.632459 -0.000000
v 1.988492 0.632459 0.015489
v 2.062879 0.632459 0.015489
v 2.062879 0.511310 0.015489
v 2.062879 0.632459 0.015489
v 2.062879 0.632459 -0.000000
v 2.062879 0.511310 0.001541
v 2.062879 0.511310 -0.000000
v 2.062879 0.511310 0.015489
v 1.988492 0.511310 0.015489
v 1.988492 0.511310 0.000010
v 1.988492 0.511310 -0.000000
v 2.062879 0.511310 -0.000000
v 2.062879 0.511310 0.001541
v 2.405531 0.745958 -0.001438
v 2.393559 0.746868 -0.012940
v 2.393559 0.746868 -0.001438
v 2.405531 0.745958 -0.012940
v 1.980237 0.640469 -0.012940
v 1.980237 0.511310 -0.012940
v 1.988492 0.511310 -0.001438
v 1.988492 0.632459 -0.012940
v 1.988492 0.632459 -0.001438
v 1.988492 0.511310 -0.012940
v 2.062879 0.632459 -0.012940
v 1.988492 0.632459 -0.001438
v 1.988492 0.632459 -0.012940
v 2.062879 0.632459 -0.001438
v 2.062879 0.632459 -0.012940
v 2.062879 0.511310 -0.001438
v 2.062879 0.632459 -0.001438
v 2.062879 0.511310 -0.012940
v 2.062879 0.511310 -0.001438
v 1.988492 0.511310 -0.012940
v 1.988492 0.511310 -0.001438
v 2.062879 0.511310 -0.012940
v 2.485282 0.501009 -0.012940
v 1.980237 0.501009 -0.012940
v 2.485282 0.501009 -0.012940
v 2.485282 0.640469 -0.012940
v 2.485282 0.640469 -0.012940
v 2.484497 0.654357 -0.001438
v 2.485282 0.640469 -0.001438
v 2.484497 0.654357 -0.012940
v 2.482157 0.668007 -0.001438
v 2.482157 0.668007 -0.012940
v 2.478300 0.681186 -0.001438
v 2.478300 0.681186 -0.012940
v 2.472993 0.693669 -0.001438
v 2.472993 0.693669 -0.012940
v 2.466328 0.705241 -0.001438
v 2.466328 0.705241 -0.012940
v 2.458417 0.715705 -0.001438
v 2.458417 0.715705 -0.012940
v 2.449396 0.724881 -0.001438
v 2.449396 0.724881 -0.012940
v 2.439420 0.732614 -0.012940
v 2.439420 0.732614 -0.001438
v 2.428659 0.738769 -0.012940
v 2.428659 0.738769 -0.001438
v 2.417298 0.743243 -0.012940
v 2.417298 0.743243 -0.001438
v 2.031254 0.738963 -0.012940
v 2.031254 0.738963 -0.001438
v 2.021558 0.732795 -0.012940
v 2.021558 0.732795 -0.001438
v 2.012569 0.725048 -0.012940
v 2.012569 0.725048 -0.001438
v 2.004442 0.715853 -0.001438
v 2.004442 0.715853 -0.012940
v 1.997314 0.705369 -0.001438
v 1.997314 0.705369 -0.012940
v 1.991309 0.693774 -0.001438
v 1.991309 0.693774 -0.012940
v 1.986527 0.681267 -0.001438
v 1.986527 0.681267 -0.012940
v 1.983052 0.668062 -0.001438
v 1.983052 0.668062 -0.012940
v 1.980944 0.654384 -0.012940
v 1.980944 0.654384 -0.001438
v 1.980237 0.640469 -0.001438
v 1.980237 0.640469 -0.012940
v 2.071956 0.511310 0.001728
v 2.071956 0.511310 -0.000000
v 1.988492 0.632459 -0.001438
v 2.062879 0.511310 -0.001438
v 1.988492 0.511310 -0.001438
v 2.062879 0.632459 -0.001438
v 2.071956 0.511310 -0.001438
v 2.145469 0.511310 0.003987
v 2.071956 0.511310 0.003987
v 2.145469 0.511310 -0.000000
v 2.145469 0.511310 0.003242
v 2.145469 0.511310 -0.001438
v 2.071956 0.511310 0.001728
v 2.071956 0.632459 0.003987
v 2.071956 0.511310 0.003987
v 2.071956 0.632459 -0.000000
v 2.071956 0.511310 -0.000000
v 2.145469 0.511310 0.010064
v 2.071956 0.511310 0.010064
v 2.145469 0.632459 -0.000000
v 2.145469 0.511310 0.003987
v 2.145469 0.632459 0.003987
v 2.145469 0.511310 0.003242
v 2.145469 0.511310 -0.000000
v 2.154060 0.511310 0.003419
v 2.154060 0.511310 -0.000000
v 2.071956 0.632459 -0.001438
v 2.071956 0.511310 -0.001438
v 2.154060 0.511310 -0.001438
v 2.145469 0.632459 -0.001438
v 2.145469 0.511310 -0.001438
v 2.071956 0.511310 -0.012940
v 2.145469 0.511310 -0.012940
v 2.145469 0.632459 -0.000000
v 2.071956 0.632459 0.003987
v 2.071956 0.632459 -0.000000
v 2.145469 0.632459 0.003987
v 2.071956 0.632459 0.010064
v 2.071956 0.511310 0.010064
v 2.145469 0.511310 0.015489
v 2.071956 0.511310 0.015489
v 2.145469 0.511310 0.010064
v 2.145469 0.632459 0.010064
v 2.223903 0.511310 0.003987
v 2.154060 0.511310 0.003987
v 2.223903 0.511310 -0.000000
v 2.145469 0.632459 -0.001438
v 2.071956 0.632459 -0.001438
v 2.071956 0.511310 -0.012940
v 2.071956 0.632459 -0.012940
v 2.223903 0.511310 -0.001438
v 2.145469 0.632459 -0.012940
v 2.145469 0.511310 -0.012940
v 2.071956 0.632459 -0.001438
v 2.145469 0.511310 -0.001438
v 2.071956 0.511310 -0.001438
v 2.145469 0.632459 -0.001438
v 2.071956 0.632459 0.010064
v 2.145469 0.632459 0.010064
v 2.071956 0.632459 0.015489
v 2.071956 0.511310 0.015489
v 2.145469 0.511310 0.015489
v 2.145469 0.632459 0.015489
v 2.154060 0.511310 0.003419
v 2.154060 0.632459 0.003987
v 2.154060 0.511310 0.003987
v 2.154060 0.632459 -0.000000
v 2.154060 0.511310 -0.000000
v 2.223903 0.511310 0.010064
v 2.154060 0.511310 0.010064
v 2.223903 0.511310 0.004857
v 2.223903 0.632459 -0.000000
v 2.223903 0.511310 0.003987
v 2.223903 0.632459 0.003987
v 2.223903 0.511310 -0.000000
v 2.235652 0.511310 0.005098
v 2.235652 0.511310 -0.000000
v 2.235652 0.511310 0.003987
v 2.145469 0.632459 -0.012940
v 2.071956 0.632459 -0.012940
v 2.154060 0.632459 -0.001438
v 2.154060 0.511310 -0.001438
v 2.223903 0.511310 -0.001438
v 2.223903 0.632459 -0.001438
v 2.235652 0.511310 -0.001438
v 2.154060 0.511310 -0.012940
v 2.223903 0.511310 -0.012940
v 2.071956 0.632459 0.015489
v 2.145469 0.632459 0.015489
v 2.223903 0.632459 -0.000000
v 2.154060 0.632459 0.003987
v 2.154060 0.632459 -0.000000
v 2.223903 0.632459 0.003987
v 2.154060 0.632459 0.010064
v 2.154060 0.511310 0.010064
v 2.223903 0.511310 0.015489
v 2.154060 0.511310 0.015489
v 2.223903 0.511310 0.010064
v 2.223903 0.632459 0.010064
v 2.223903 0.511310 0.004857
v 2.301665 0.511310 0.010064
v 2.235652 0.511310 0.010064
v 2.301665 0.511310 0.003987
v 2.301665 0.511310 0.006458
v 2.301665 0.511310 -0.000000
v 2.223903 0.632459 -0.001438
v 2.154060 0.632459 -0.001438
v 2.154060 0.511310 -0.012940
v 2.154060 0.632459 -0.012940
v 2.223903 0.632459 -0.012940
v 2.223903 0.511310 -0.012940
v 2.301665 0.511310 -0.001438
v 2.154060 0.632459 -0.001438
v 2.223903 0.511310 -0.001438
v 2.154060 0.511310 -0.001438
v 2.223903 0.632459 -0.001438
v 2.154060 0.632459 0.010064
v 2.223903 0.632459 0.010064
v 2.154060 0.632459 0.015489
v 2.154060 0.511310 0.015489
v 2.223903 0.511310 0.015489
v 2.223903 0.632459 0.015489
v 2.235652 0.511310 0.005098
v 2.235652 0.632459 0.010064
v 2.235652 0.511310 0.010064
v 2.235652 0.632459 0.003987
v 2.235652 0.511310 0.003987
v 2.301665 0.511310 0.015489
v 2.235652 0.511310 0.015489
v 2.301665 0.632459 0.003987
v 2.301665 0.511310 0.010064
v 2.301665 0.632459 0.010064
v 2.301665 0.511310 0.006458
v 2.301665 0.511310 0.003987
v 2.311955 0.511310 0.006669
v 2.311955 0.511310 -0.000000
v 2.311955 0.511310 0.003987
v 2.235652 0.511310 -0.000000
v 2.235652 0.632459 -0.000000
v 2.301665 0.632459 -0.000000
v 2.301665 0.511310 -0.000000
v 2.223903 0.632459 -0.012940
v 2.154060 0.632459 -0.012940
v 2.235652 0.632459 -0.001438
v 2.235652 0.511310 -0.001438
v 2.301665 0.511310 -0.001438
v 2.301665 0.632459 -0.001438
v 2.235652 0.511310 -0.012940
v 2.301665 0.511310 -0.012940
v 2.154060 0.632459 0.015489
v 2.223903 0.632459 0.015489
v 2.301665 0.632459 0.003987
v 2.235652 0.632459 0.010064
v 2.235652 0.632459 0.003987
v 2.301665 0.632459 0.010064
v 2.235652 0.632459 0.015489
v 2.235652 0.511310 0.015489
v 2.301665 0.511310 0.015489
v 2.301665 0.632459 0.015489
v 2.383840 0.511310 0.010064
v 2.311955 0.511310 0.010064
v 2.383840 0.511310 0.003987
v 2.383840 0.511310 0.008149
v 2.383840 0.511310 -0.000000
v 2.301665 0.632459 -0.000000
v 2.235652 0.632459 -0.000000
v 2.301665 0.632459 -0.001438
v 2.235652 0.632459 -0.001438
v 2.235652 0.511310 -0.012940
v 2.235652 0.632459 -0.012940
v 2.301665 0.632459 -0.012940
v 2.301665 0.511310 -0.012940
v 2.235652 0.632459 -0.001438
v 2.301665 0.511310 -0.001438
v 2.235652 0.511310 -0.001438
v 2.301665 0.632459 -0.001438
v 2.235652 0.632459 0.015489
v 2.301665 0.632459 0.015489
v 2.311955 0.511310 0.006669
v 2.311955 0.632459 0.010064
v 2.311955 0.511310 0.010064
v 2.311955 0.632459 0.003987
v 2.311955 0.511310 0.003987
v 2.383840 0.511310 0.015489
v 2.311955 0.511310 0.015489
v 2.383840 0.632459 0.003987
v 2.383840 0.511310 0.010064
v 2.383840 0.632459 0.010064
v 2.383840 0.511310 0.008149
v 2.383840 0.511310 0.003987
v 2.393559 0.511310 0.008349
v 2.393456 0.511310 -0.000000
v 2.393559 0.511310 -0.000000
v 2.393559 0.511310 0.003987
v 2.311955 0.511310 -0.000000
v 2.311955 0.632459 -0.000000
v 2.383840 0.632459 -0.000000
v 2.383840 0.511310 -0.000000
v 2.311955 0.511310 -0.001438
v 2.383840 0.511310 -0.001438
v 2.301665 0.632459 -0.012940
v 2.235652 0.632459 -0.012940
v 2.383840 0.632459 0.003987
v 2.311955 0.632459 0.010064
v 2.311955 0.632459 0.003987
v 2.383840 0.632459 0.010064
v 2.311955 0.632459 0.015489
v 2.311955 0.511310 0.015489
v 2.383840 0.511310 0.015489
v 2.383840 0.632459 0.015489
v 2.476845 0.511310 0.010064
v 2.393559 0.511310 0.010064
v 2.476845 0.511310 0.003987
v 2.476845 0.511310 -0.000000
v 2.383840 0.632459 -0.000000
v 2.311955 0.632459 -0.000000
v 2.311955 0.511310 -0.001438
v 2.311955 0.632459 -0.001438
v 2.383840 0.511310 -0.001438
v 2.383840 0.632459 -0.001438
v 2.311955 0.511310 -0.012940
v 2.383840 0.511310 -0.012940
v 2.311955 0.632459 0.015489
v 2.383840 0.632459 0.015489
v 2.393559 0.511310 0.008349
v 2.393559 0.632459 0.010064
v 2.393559 0.511310 0.010064
v 2.393559 0.632459 0.003987
v 2.393559 0.511310 0.003987
v 2.476845 0.511310 0.015489
v 2.393559 0.511310 0.015489
v 2.476845 0.632459 0.003987
v 2.476845 0.511310 0.010064
v 2.476845 0.632459 0.010064
v 2.476845 0.511310 0.003987
v 2.393559 0.511310 -0.000000
v 2.393559 0.632459 -0.000000
v 2.393559 0.511310 -0.001438
v 2.393559 0.632459 -0.001438
v 2.476845 0.632459 -0.000000
v 2.476845 0.511310 -0.000000
v 2.393559 0.511310 -0.001438
v 2.476845 0.511310 -0.001438
v 2.383840 0.632459 -0.001438
v 2.311955 0.632459 -0.001438
v 2.311955 0.511310 -0.012940
v 2.311955 0.632459 -0.012940
v 2.383840 0.632459 -0.012940
v 2.383840 0.511310 -0.012940
v 2.476845 0.632459 0.003987
v 2.393559 0.632459 0.010064
v 2.393559 0.632459 0.003987
v 2.476845 0.632459 0.010064
v 2.393559 0.632459 0.015489
v 2.393559 0.511310 0.015489
v 2.476845 0.511310 0.015489
v 2.476845 0.632459 0.015489
v 2.476845 0.632459 -0.000000
v 2.393559 0.632459 -0.000000
v 2.393559 0.511310 -0.012940
v 2.393559 0.632459 -0.012940
v 2.476845 0.632459 -0.001438
v 2.393559 0.632459 -0.001438
v 2.476845 0.632459 -0.001438
v 2.476845 0.511310 -0.001438
v 2.393559 0.511310 -0.012940
v 2.476845 0.511310 -0.012940
v 2.383840 0.632459 -0.012940
v 2.311955 0.632459 -0.012940
v 2.393559 0.632459 0.015489
v 2.476845 0.632459 0.015489
v 2.476845 0.632459 -0.012940
v 2.393559 0.632459 -0.012940
v 2.476845 0.632459 -0.012940
v 2.476845 0.511310 -0.012940
vn 1.0000 -0.0000 -0.0000
vn -0.0000 1.0000 -0.0000
vn -0.0842 0.9964 -0.0000
vn -0.1670 0.9860 -0.0000
vn -0.0000 -0.0000 1.0000
vn -0.0000 -1.0000 -0.0000
vn -1.0000 -0.0000 -0.0000
vn -0.3259 0.9454 -0.0000
vn 0.9984 0.0564 -0.0000
vn 0.9936 0.1129 -0.0000
vn 0.9743 0.2253 -0.0000
vn 0.9416 0.3366 -0.0000
vn 0.8950 0.4460 -0.0000
vn 0.8337 0.5522 -0.0000
vn 0.7570 0.6534 -0.0000
vn 0.6644 0.7474 -0.0000
vn 0.5559 0.8312 -0.0000
vn 0.4326 0.9016 -0.0000
vn 0.2964 0.9551 -0.0000
vn 0.1507 0.9886 -0.0000
vn 0.0758 0.9971 -0.0000
vn -0.4703 0.8825 -0.0000
vn -0.5964 0.8027 -0.0000
vn -0.5963 0.8027 -0.0000
vn -0.7027 0.7115 -0.0000
vn -0.7897 0.6135 -0.0000
vn -0.8590 0.5120 -0.0000
vn -0.9125 0.4092 -0.0000
vn -0.9519 0.3063 -0.0000
vn -0.9790 0.2037 -0.0000
vn -0.9948 0.1017 -0.0000
vn -0.9987 0.0507 -0.0000
vn -0.9987 0.0508 -0.0000
vn -0.0000 -0.0000 -0.0000
vn -0.0000 -0.0000 -1.0000
vt -0.045487 8.521496
vt -0.114829 8.523967
vt -0.114829 8.521496
vt -0.045487 8.523967
vt 0.016404 8.521496
vt 0.016404 8.523967
vt 27.309879 -0.045487
vt 23.536909 0.016404
vt 23.536909 -0.045487
vt 27.309879 0.016404
vt 0.045487 24.171379
vt -0.016404 24.047859
vt 0.045487 24.047859
vt -0.016404 24.171379
vt 0.114829 24.171379
vt 0.114829 24.047859
vt 22.688169 7.216195
vt 22.593979 5.833909
vt 22.688169 5.833909
vt 22.593979 7.307585
vt 22.688169 7.307585
vt 22.695429 7.456034
vt 22.602049 7.466355
vt 22.717089 7.601943
vt 22.626110 7.622408
vt 22.752779 7.742816
vt 22.665760 7.773074
vt 22.801880 7.876242
vt 22.720310 7.915776
vt 22.863560 7.999937
vt 22.788839 8.048071
vt 22.936760 8.111787
vt 22.870159 8.167697
vt 23.020229 8.209876
vt 22.962889 8.272605
vt 23.112539 8.292527
vt 23.065449 8.361002
vt 23.212109 8.358325
vt 23.317240 8.406145
vt 23.176069 8.431375
vt 23.426130 8.435168
vt 23.292860 8.482519
vt 23.536909 8.444898
vt 23.640480 8.445424
vt 27.309879 8.447914
vt 27.580740 8.480206
vt 27.446480 8.511186
vt 23.413839 8.513559
vt 27.309879 8.521496
vt 27.309879 8.521572
vt 23.536909 8.521496
vt 23.536909 8.523967
vt 28.260149 5.833909
vt 22.593979 5.716378
vt 27.309879 5.833909
vt 27.198990 5.833909
vt 26.378799 5.833909
vt 26.261400 5.833909
vt 25.508209 5.833909
vt 25.374149 5.833909
vt 24.577269 5.833909
vt 24.479239 5.833909
vt 23.640480 5.833909
vt 23.536909 5.833909
vt 23.640480 7.216195
vt 23.536909 7.216195
vt 24.577269 7.216195
vt 24.479239 7.216195
vt 25.508209 7.216195
vt 25.374149 7.216195
vt 26.378799 7.216195
vt 26.261400 7.216195
vt 27.309879 7.216195
vt 27.198990 7.216195
vt 28.260149 7.307585
vt 23.536909 7.307585
vt 27.309879 7.307585
vt 27.198990 7.307585
vt 26.378799 7.307585
vt 26.261400 7.307585
vt 25.508209 7.307585
vt 25.374149 7.307585
vt 24.577269 7.307585
vt 24.479239 7.307585
vt 23.640480 7.307585
vt 27.198990 8.445424
vt 26.378799 8.445424
vt 26.261400 8.445424
vt 25.508209 8.445424
vt 25.374149 8.445424
vt 24.577269 8.445424
vt 24.479239 8.445424
vt 28.356419 5.716378
vt 28.356419 7.307585
vt 28.260149 7.216195
vt 28.252020 7.456428
vt 28.347469 7.466042
vt 28.227770 7.602724
vt 28.320759 7.621788
vt 28.187819 7.743970
vt 28.276760 7.772158
vt 28.132839 7.877750
vt 28.216209 7.914578
vt 28.063780 8.001774
vt 28.140150 8.046613
vt 27.981819 8.113920
vt 28.049889 8.166003
vt 27.888369 8.212269
vt 27.946970 8.270705
vt 27.785019 8.295139
vt 27.833149 8.358928
vt 27.673529 8.361112
vt 27.710369 8.429162
vt 27.555830 8.409058
vt 27.433908 8.438158
vt 27.309879 -0.114829
vt 23.536909 -0.114829
vt 0.114829 8.521572
vt 0.045487 8.521496
vt 0.114829 8.521496
vt 0.045487 8.521572
vt -0.016404 8.521496
vt -0.016404 8.521572
vt 23.536909 0.147638
vt 27.309879 0.147638
vt 0.045487 24.795120
vt -0.016404 24.670229
vt 0.045487 24.670229
vt -0.016404 24.795120
vt -0.147638 24.047859
vt -0.147638 24.171379
vt 0.114829 24.795120
vt 0.114829 24.670229
vt 0.176721 24.171379
vt 0.176721 24.047859
vt -28.356419 -0.045487
vt -22.593979 -0.114829
vt -22.593979 -0.045487
vt -28.356419 -0.114829
vt -0.045487 5.716378
vt -0.114829 7.307585
vt -0.114829 5.716378
vt -0.045487 7.307585
vt -0.045487 5.696277
vt -0.114829 5.854987
vt -0.114829 5.696277
vt -0.045487 5.854987
vt -0.045487 2.567651
vt -0.114829 2.725670
vt -0.114829 2.567651
vt -0.045487 2.725670
vt -0.045487 -0.639002
vt -0.114829 -0.482326
vt -0.114829 -0.639002
vt -0.045487 -0.482326
vt -0.045487 -3.910317
vt -0.114829 -3.755561
vt -0.114829 -3.910317
vt -0.045487 -3.755561
vt -0.045487 -7.225447
vt -0.114829 -7.073074
vt -0.114829 -7.225447
vt -0.045487 -7.073074
vt -0.045487 -10.551660
vt -0.114829 -10.401990
vt -0.114829 -10.551660
vt -0.045487 -10.401990
vt -0.045487 -13.840000
vt -0.114829 -13.693190
vt -0.114829 -13.840000
vt -0.045487 -13.693190
vt -0.114829 -17.022020
vt -0.045487 -16.878010
vt -0.114829 -16.878010
vt -0.045487 -17.022020
vt -0.114829 -20.008900
vt -0.045487 -19.867460
vt -0.114829 -19.867460
vt -0.045487 -20.008900
vt -0.114829 -22.695160
vt -0.045487 -22.555840
vt -0.114829 -22.555840
vt -0.045487 -22.695160
vt -0.114829 -24.968000
vt -0.045487 -24.830210
vt -0.114829 -24.830210
vt -0.045487 -24.968000
vt -0.114829 -26.722250
vt -0.045487 -26.585249
vt -0.114829 -26.585249
vt -0.045487 -26.722250
vt 0.114829 24.739359
vt 0.045487 24.611860
vt 0.114829 24.611860
vt 0.045487 24.739359
vt 0.114829 24.080139
vt 0.045487 23.949030
vt 0.114829 23.949030
vt 0.045487 24.080139
vt 0.114829 22.929819
vt 0.045487 22.794430
vt 0.114829 22.794430
vt 0.045487 22.929819
vt 0.045487 21.406319
vt 0.114829 21.266300
vt 0.114829 21.406319
vt 0.045487 21.266300
vt 0.045487 19.612509
vt 0.114829 19.467859
vt 0.114829 19.612509
vt 0.045487 19.467859
vt 0.114829 17.627630
vt 0.045487 17.478640
vt 0.114829 17.478640
vt 0.045487 17.627630
vt 0.045487 15.506900
vt 0.114829 15.354130
vt 0.114829 15.506900
vt 0.045487 15.354130
vt 0.045487 13.285140
vt 0.114829 13.129350
vt 0.114829 13.285140
vt 0.045487 13.129350
vt 0.045487 10.981470
vt 0.114829 10.823580
vt 0.114829 10.981470
vt 0.045487 10.823580
vt 0.045487 8.603642
vt 0.114829 8.444667
vt 0.114829 8.603642
vt 0.045487 8.444667
vt 0.045487 7.307585
vt 0.114829 5.833909
vt 0.114829 7.307585
vt 0.045487 5.833909
vt -0.045487 5.833909
vt -0.114829 7.216195
vt -0.114829 5.833909
vt -0.045487 7.216195
vt -23.536909 -0.045487
vt -22.688169 -0.114829
vt -22.688169 -0.045487
vt -23.536909 -0.114829
vt 0.045487 7.216195
vt 0.114829 7.216195
vt 22.688169 -0.045487
vt 22.688169 -0.114829
vt 0.114829 5.716378
vt 0.045487 5.716378
vt -0.016404 5.833909
vt -0.016404 5.716378
vt 27.309879 -0.176721
vt 23.536909 -0.176721
vt 0.016404 -26.585249
vt 0.016404 -26.722250
vt -0.016404 24.611860
vt -0.016404 24.739359
vt -0.147638 24.670229
vt -0.147638 24.795120
vt 0.176721 24.795120
vt 0.176721 24.670229
vt -28.356419 0.016404
vt -22.593979 0.016404
vt -22.593979 -0.176721
vt -28.356419 -0.176721
vt 0.016404 5.716378
vt 0.016404 7.307585
vt -0.176721 7.307585
vt -0.176721 5.716378
vt 0.016404 5.696277
vt 0.016404 5.854987
vt -0.176721 5.854987
vt -0.176721 5.696277
vt 0.016404 2.567651
vt 0.016404 2.725670
vt -0.176721 2.725670
vt -0.176721 2.567651
vt 0.016404 -0.639002
vt 0.016404 -0.482326
vt -0.176721 -0.482326
vt -0.176721 -0.639002
vt 0.016404 -3.910317
vt 0.016404 -3.755561
vt -0.176721 -3.755561
vt -0.176721 -3.910317
vt 0.016404 -7.225447
vt 0.016404 -7.073074
vt -0.176721 -7.073074
vt -0.176721 -7.225447
vt 0.016404 -10.551660
vt 0.016404 -10.401990
vt -0.176721 -10.401990
vt -0.176721 -10.551660
vt 0.016404 -13.840000
vt 0.016404 -13.693190
vt -0.176721 -13.693190
vt -0.176721 -13.840000
vt 0.016404 -16.878010
vt 0.016404 -17.022020
vt -0.176721 -17.022020
vt -0.176721 -16.878010
vt 0.016404 -19.867460
vt 0.016404 -20.008900
vt -0.176721 -20.008900
vt -0.176721 -19.867460
vt 0.016404 -22.555840
vt 0.016404 -22.695160
vt -0.176721 -22.695160
vt -0.176721 -22.555840
vt 0.016404 -24.830210
vt 0.016404 -24.968000
vt -0.176721 -24.968000
vt -0.176721 -24.830210
vt -0.176721 -26.722250
vt -0.176721 -26.585249
vt 0.176721 24.739359
vt 0.176721 24.611860
vt 0.176721 24.080139
vt 0.176721 23.949030
vt -0.016404 23.949030
vt -0.016404 24.080139
vt 0.176721 22.929819
vt 0.176721 22.794430
vt -0.016404 22.794430
vt -0.016404 22.929819
vt 0.176721 21.266300
vt 0.176721 21.406319
vt -0.016404 21.406319
vt -0.016404 21.266300
vt 0.176721 19.467859
vt 0.176721 19.612509
vt -0.016404 19.467859
vt -0.016404 19.612509
vt 0.176721 17.627630
vt 0.176721 17.478640
vt -0.016404 17.478640
vt -0.016404 17.627630
vt 0.176721 15.354130
vt 0.176721 15.506900
vt -0.016404 15.354130
vt -0.016404 15.506900
vt 0.176721 13.129350
vt 0.176721 13.285140
vt -0.016404 13.129350
vt -0.016404 13.285140
vt 0.176721 10.981470
vt 0.176721 10.823580
vt -0.016404 10.823580
vt -0.016404 10.981470
vt 0.176721 8.444667
vt 0.176721 8.603642
vt -0.016404 8.444667
vt -0.016404 8.603642
vt 0.176721 5.833909
vt 0.176721 7.307585
vt -0.016404 7.307585
vt -0.176721 7.216195
vt -0.176721 5.833909
vt -0.000112 5.833909
vt 0.000000 7.216195
vt 0.000000 5.833909
vt -23.536909 0.000000
vt -22.688169 0.000000
vt -22.688169 -0.176721
vt -23.536909 -0.176721
vt 0.176721 7.216195
vt 0.017586 5.833909
vt 22.688169 -0.176721
vt 22.688169 -0.000112
vt 22.688169 0.000000
vt 23.536909 0.000000
vt 23.536909 -0.017586
vt 0.147638 -26.585249
vt 0.147638 -26.722250
vt -0.147638 7.307585
vt -0.147638 5.833909
vt 0.016404 5.833909
vt 0.147638 7.216195
vt 0.016404 7.216195
vt 0.147638 5.833909
vt -23.536909 0.147638
vt -22.688169 0.016404
vt -22.688169 0.147638
vt -23.536909 0.016404
vt -0.147638 7.216195
vt -0.016404 7.216195
vt 22.688169 0.147638
vt 22.688169 0.016404
vt -28.356419 0.147638
vt -22.593979 0.147638
vt 0.147638 5.716378
vt 0.147638 7.307585
vt 0.147638 5.696277
vt 0.147638 5.854987
vt 0.147638 2.567651
vt 0.147638 2.725670
vt 0.147638 -0.639002
vt 0.147638 -0.482326
vt 0.147638 -3.910317
vt 0.147638 -3.755561
vt 0.147638 -7.225447
vt 0.147638 -7.073074
vt 0.147638 -10.551660
vt 0.147638 -10.401990
vt 0.147638 -13.840000
vt 0.147638 -13.693190
vt 0.147638 -16.878010
vt 0.147638 -17.022020
vt 0.147638 -19.867460
vt 0.147638 -20.008900
vt 0.147638 -22.555840
vt 0.147638 -22.695160
vt 0.147638 -24.830210
vt 0.147638 -24.968000
vt -0.147638 24.611860
vt -0.147638 24.739359
vt -0.147638 23.949030
vt -0.147638 24.080139
vt -0.147638 22.794430
vt -0.147638 22.929819
vt -0.147638 21.406319
vt -0.147638 21.266300
vt -0.147638 19.612509
vt -0.147638 19.467859
vt -0.147638 17.627630
vt -0.147638 17.478640
vt -0.147638 15.506900
vt -0.147638 15.354130
vt -0.147638 13.285140
vt -0.147638 13.129350
vt -0.147638 10.823580
vt -0.147638 10.981470
vt -0.147638 8.603642
vt -0.147638 8.444667
vt 23.640480 -0.019718
vt 23.640480 0.000000
vt -22.688169 7.216195
vt -23.536909 5.833909
vt -22.688169 5.833909
vt -23.536909 7.216195
vt 23.640480 0.016404
vt 24.479239 -0.045487
vt 23.640480 -0.045487
vt 24.479239 0.000000
vt 24.479239 -0.036987
vt 24.479239 0.016404
vt -0.019718 5.833909
vt 24.479239 -0.114829
vt 23.640480 -0.114829
vt 0.036987 5.833909
vt 24.577269 -0.039005
vt 24.577269 0.000000
vt 24.577269 0.016404
vt 23.640480 0.147638
vt 24.479239 0.147638
vt -24.479239 0.000000
vt -23.640480 -0.045487
vt -23.640480 0.000000
vt -24.479239 -0.045487
vt 24.479239 -0.176721
vt 23.640480 -0.176721
vt 25.374149 -0.045487
vt 24.577269 -0.045487
vt 25.374149 0.000000
vt -24.479239 0.016404
vt -23.640480 0.016404
vt 25.374149 0.016404
vt -23.640480 7.216195
vt -24.479239 5.833909
vt -23.640480 5.833909
vt -24.479239 7.216195
vt -23.640480 -0.114829
vt -24.479239 -0.114829
vt -0.039005 5.833909
vt 25.374149 -0.114829
vt 24.577269 -0.114829
vt 25.374149 -0.055412
vt 25.508209 -0.058172
vt 25.508209 0.000000
vt 25.508209 -0.045487
vt -24.479239 0.147638
vt -23.640480 0.147638
vt 25.508209 0.016404
vt 24.577269 0.147638
vt 25.374149 0.147638
vt -23.640480 -0.176721
vt -24.479239 -0.176721
vt -25.374149 0.000000
vt -24.577269 -0.045487
vt -24.577269 0.000000
vt -25.374149 -0.045487
vt 25.374149 -0.176721
vt 24.577269 -0.176721
vt 0.055412 5.833909
vt 26.261400 -0.114829
vt 25.508209 -0.114829
vt 26.261400 -0.045487
vt 26.261400 -0.073679
vt 26.261400 0.000000
vt -25.374149 0.016404
vt -24.577269 0.016404
vt 26.261400 0.016404
vt -24.577269 7.216195
vt -25.374149 5.833909
vt -24.577269 5.833909
vt -25.374149 7.216195
vt -24.577269 -0.114829
vt -25.374149 -0.114829
vt -0.058172 5.833909
vt 26.261400 -0.176721
vt 25.508209 -0.176721
vt 0.073679 5.833909
vt 26.378799 -0.076096
vt 26.378799 0.000000
vt 26.378799 -0.045487
vt -25.374149 0.147638
vt -24.577269 0.147638
vt 25.508209 0.147638
vt 26.261400 0.147638
vt -24.577269 -0.176721
vt -25.374149 -0.176721
vt -26.261400 -0.045487
vt -25.508209 -0.114829
vt -25.508209 -0.045487
vt -26.261400 -0.114829
vt 27.198990 -0.114829
vt 26.378799 -0.114829
vt 27.198990 -0.045487
vt 27.198990 -0.092982
vt 27.198990 0.000000
vt -26.261400 0.000000
vt -25.508209 0.000000
vt -26.261400 0.016404
vt -25.508209 0.016404
vt -25.508209 7.216195
vt -26.261400 5.833909
vt -25.508209 5.833909
vt -26.261400 7.216195
vt -25.508209 -0.176721
vt -26.261400 -0.176721
vt -0.076096 5.833909
vt 27.198990 -0.176721
vt 26.378799 -0.176721
vt 0.092982 5.833909
vt 27.309879 -0.095265
vt 27.308710 0.000000
vt 27.309879 0.000000
vt 26.378799 0.016404
vt 27.198990 0.016404
vt -26.261400 0.147638
vt -25.508209 0.147638
vt -27.198990 -0.045487
vt -26.378799 -0.114829
vt -26.378799 -0.045487
vt -27.198990 -0.114829
vt 28.260149 -0.114829
vt 28.260149 -0.045487
vt 28.260149 0.000000
vt -27.198990 0.000000
vt -26.378799 0.000000
vt 26.378799 0.147638
vt 27.198990 0.147638
vt -26.378799 -0.176721
vt -27.198990 -0.176721
vt -0.095265 5.833909
vt 28.260149 -0.176721
vt 28.260149 0.016404
vt -27.198990 0.016404
vt -26.378799 0.016404
vt -28.260149 -0.045487
vt -27.309879 -0.114829
vt -27.309879 -0.045487
vt -28.260149 -0.114829
vt -28.260149 0.000000
vt -27.309879 0.000000
vt -28.260149 0.016404
vt -27.309879 0.016404
vt 28.260149 0.147638
vt -27.198990 0.147638
vt -26.378799 0.147638
vt -27.309879 -0.176721
vt -28.260149 -0.176721
vt -28.260149 0.147638
vt -27.309879 0.147638
s 1
usemtl Wood_Floor_Parquet
f 7216/5683/1187 7217/5684/1187 7218/5685/1187
f 7217/5684/1187 7216/5683/1187 7219/5686/1187
f 7219/5686/1187 7216/5683/1187 7220/5687/1187
f 7219/5686/1187 7220/5687/1187 7221/5688/1187
f 7222/5689/1188 7223/5690/1188 7224/5691/1188
f 7223/5690/1188 7222/5689/1188 7225/5692/1188
f 7226/5693/1189 7227/5694/1190 7228/5695/1190
f 7227/5694/1190 7226/5693/1189 7229/5696/1189
f 7230/5697/1189 7231/5695/1190 7232/5698/1190
f 7231/5695/1190 7230/5697/1189 7226/5693/1189
f 7233/5699/1191 7234/5700/1191 7235/5701/1191
f 7234/5700/1191 7233/5699/1191 7236/5702/1191
f 7236/5702/1191 7233/5699/1191 7237/5703/1191
f 7236/5702/1191 7237/5703/1191 7238/5704/1191
f 7236/5702/1191 7238/5704/1191 7239/5705/1191
f 7239/5705/1191 7238/5704/1191 7240/5706/1191
f 7239/5705/1191 7240/5706/1191 7241/5707/1191
f 7241/5707/1191 7240/5706/1191 7242/5708/1191
f 7241/5707/1191 7242/5708/1191 7243/5709/1191
f 7243/5709/1191 7242/5708/1191 7244/5710/1191
f 7243/5709/1191 7244/5710/1191 7245/5711/1191
f 7245/5711/1191 7244/5710/1191 7246/5712/1191
f 7245/5711/1191 7246/5712/1191 7247/5713/1191
f 7247/5713/1191 7246/5712/1191 7248/5714/1191
f 7247/5713/1191 7248/5714/1191 7249/5715/1191
f 7249/5715/1191 7248/5714/1191 7250/5716/1191
f 7249/5715/1191 7250/5716/1191 7251/5717/1191
f 7251/5717/1191 7250/5716/1191 7252/5718/1191
f 7251/5717/1191 7252/5718/1191 7253/5719/1191
f 7253/5719/1191 7252/5718/1191 7254/5720/1191
f 7253/5719/1191 7254/5720/1191 7255/5721/1191
f 7253/5719/1191 7255/5721/1191 7256/5722/1191
f 7256/5722/1191 7255/5721/1191 7257/5723/1191
f 7256/5722/1191 7257/5723/1191 7258/5724/1191
f 7258/5724/1191 7257/5723/1191 7259/5725/1191
f 7258/5724/1191 7259/5725/1191 7260/5726/1191
f 7258/5724/1191 7260/5726/1191 7261/5727/1191
f 7258/5724/1191 7261/5727/1191 7262/5728/1191
f 7258/5724/1191 7262/5728/1191 7263/5729/1191
f 7258/5724/1191 7263/5729/1191 7264/5730/1191
f 7264/5730/1191 7263/5729/1191 7265/5731/1191
f 7265/5731/1191 7263/5729/1191 7266/5732/1191
f 7264/5730/1191 7267/5733/1191 7268/5734/1191
f 7267/5733/1191 7264/5730/1191 7265/5731/1191
f 7269/5735/1191 7234/5700/1191 7270/5736/1191
s 0
f 7234/5700/1192 7269/5735/1192 7271/5737/1192
f 7234/5700/1192 7271/5737/1192 7272/5738/1192
f 7234/5700/1188 7272/5738/1188 7273/5739/1188
f 7234/5700/1188 7273/5739/1188 7274/5740/1188
f 7234/5700/1192 7274/5740/1192 7275/5741/1192
f 7234/5700/1188 7275/5741/1188 7276/5742/1188
f 7234/5700/1192 7276/5742/1192 7277/5743/1192
f 7234/5700/1188 7277/5743/1188 7278/5744/1188
f 7234/5700/1192 7278/5744/1192 7279/5745/1192
f 7234/5700/1188 7279/5745/1188 7280/5746/1188
f 7234/5700/1188 7280/5746/1188 7235/5701/1188
s 1
f 7281/5747/1191 7280/5746/1191 7279/5745/1191
f 7280/5746/1191 7281/5747/1191 7282/5748/1191
f 7283/5749/1191 7278/5744/1191 7277/5743/1191
f 7278/5744/1191 7283/5749/1191 7284/5750/1191
f 7285/5751/1191 7276/5742/1191 7275/5741/1191
f 7276/5742/1191 7285/5751/1191 7286/5752/1191
f 7287/5753/1191 7274/5740/1191 7273/5739/1191
f 7274/5740/1191 7287/5753/1191 7288/5754/1191
f 7289/5755/1191 7272/5738/1191 7271/5737/1191
f 7272/5738/1191 7289/5755/1191 7290/5756/1191
s 0
f 7291/5757/1192 7292/5758/1192 7237/5703/1192
f 7292/5758/1188 7291/5757/1188 7293/5759/1188
f 7292/5758/1192 7293/5759/1192 7294/5760/1192
f 7292/5758/1188 7294/5760/1188 7295/5761/1188
f 7292/5758/1188 7295/5761/1188 7296/5762/1188
f 7292/5758/1188 7296/5762/1188 7297/5763/1188
f 7292/5758/1192 7297/5763/1192 7298/5764/1192
f 7292/5758/1192 7298/5764/1192 7299/5765/1192
f 7292/5758/1188 7299/5765/1188 7300/5766/1188
f 7292/5758/1188 7300/5766/1188 7301/5767/1188
s 1
f 7292/5758/1191 7301/5767/1191 7260/5726/1191
f 7292/5758/1191 7260/5726/1191 7259/5725/1191
f 7261/5727/1191 7294/5760/1191 7293/5759/1191
f 7294/5760/1191 7261/5727/1191 7302/5768/1191
f 7302/5768/1191 7261/5727/1191 7303/5769/1191
f 7303/5769/1191 7261/5727/1191 7304/5770/1191
f 7304/5770/1191 7261/5727/1191 7305/5771/1191
f 7305/5771/1191 7261/5727/1191 7306/5772/1191
f 7306/5772/1191 7261/5727/1191 7307/5773/1191
f 7307/5773/1191 7261/5727/1191 7308/5774/1191
f 7308/5774/1191 7261/5727/1191 7260/5726/1191
f 7309/5775/1191 7269/5735/1191 7270/5736/1191
f 7269/5735/1191 7309/5775/1191 7310/5776/1191
f 7269/5735/1191 7310/5776/1191 7311/5777/1191
f 7311/5777/1191 7310/5776/1191 7289/5755/1191
f 7289/5755/1191 7310/5776/1191 7290/5756/1191
f 7290/5756/1191 7310/5776/1191 7287/5753/1191
f 7287/5753/1191 7310/5776/1191 7288/5754/1191
f 7288/5754/1191 7310/5776/1191 7285/5751/1191
f 7285/5751/1191 7310/5776/1191 7286/5752/1191
f 7286/5752/1191 7310/5776/1191 7283/5749/1191
f 7283/5749/1191 7310/5776/1191 7284/5750/1191
f 7284/5750/1191 7310/5776/1191 7281/5747/1191
f 7281/5747/1191 7310/5776/1191 7282/5748/1191
f 7282/5748/1191 7310/5776/1191 7233/5699/1191
f 7233/5699/1191 7310/5776/1191 7291/5757/1191
f 7233/5699/1191 7291/5757/1191 7237/5703/1191
f 7291/5757/1191 7310/5776/1191 7312/5778/1191
f 7312/5778/1191 7310/5776/1191 7313/5779/1191
f 7312/5778/1191 7313/5779/1191 7314/5780/1191
f 7314/5780/1191 7313/5779/1191 7315/5781/1191
f 7314/5780/1191 7315/5781/1191 7316/5782/1191
f 7316/5782/1191 7315/5781/1191 7317/5783/1191
f 7316/5782/1191 7317/5783/1191 7318/5784/1191
f 7318/5784/1191 7317/5783/1191 7319/5785/1191
f 7318/5784/1191 7319/5785/1191 7320/5786/1191
f 7320/5786/1191 7319/5785/1191 7321/5787/1191
f 7320/5786/1191 7321/5787/1191 7322/5788/1191
f 7322/5788/1191 7321/5787/1191 7323/5789/1191
f 7322/5788/1191 7323/5789/1191 7324/5790/1191
f 7324/5790/1191 7323/5789/1191 7325/5791/1191
f 7324/5790/1191 7325/5791/1191 7326/5792/1191
f 7326/5792/1191 7325/5791/1191 7327/5793/1191
f 7326/5792/1191 7327/5793/1191 7328/5794/1191
f 7328/5794/1191 7327/5793/1191 7329/5795/1191
f 7328/5794/1191 7329/5795/1191 7330/5796/1191
f 7330/5796/1191 7329/5795/1191 7331/5797/1191
f 7331/5797/1191 7329/5795/1191 7262/5728/1191
f 7331/5797/1191 7262/5728/1191 7261/5727/1191
f 7307/5773/1191 7300/5766/1191 7299/5765/1191
f 7300/5766/1191 7307/5773/1191 7308/5774/1191
f 7305/5771/1191 7298/5764/1191 7297/5763/1191
f 7298/5764/1191 7305/5771/1191 7306/5772/1191
f 7303/5769/1191 7296/5762/1191 7295/5761/1191
f 7296/5762/1191 7303/5769/1191 7304/5770/1191
f 7332/5798/1188 7224/5691/1188 7333/5799/1188
f 7224/5691/1188 7332/5798/1188 7222/5689/1188
f 7334/5800/1193 7335/5801/1193 7336/5802/1193
f 7335/5801/1193 7334/5800/1193 7337/5803/1193
f 7335/5801/1193 7337/5803/1193 7338/5804/1193
f 7338/5804/1193 7337/5803/1193 7339/5805/1193
f 7225/5692/1188 7340/5806/1188 7223/5690/1188
f 7340/5806/1188 7225/5692/1188 7341/5807/1188
f 7228/5808/1190 7342/5809/1194 7343/5810/1194
f 7342/5809/1194 7228/5808/1190 7227/5811/1190
f 7344/5696/1189 7345/5812/1190 7346/5694/1190
f 7345/5812/1190 7344/5696/1189 7347/5813/1189
f 7232/5814/1190 7348/5810/1194 7349/5815/1194
f 7348/5810/1194 7232/5814/1190 7231/5808/1190
f 7350/5816/1189 7351/5698/1190 7352/5817/1190
f 7351/5698/1190 7350/5816/1189 7230/5697/1189
f 7353/5818/1192 7354/5819/1192 7355/5820/1192
f 7354/5819/1192 7353/5818/1192 7356/5821/1192
f 7357/5822/1187 7358/5823/1187 7359/5824/1187
f 7358/5823/1187 7357/5822/1187 7360/5825/1187
f 7361/5826/1195 7362/5827/1196 7363/5828/1195
f 7362/5827/1196 7361/5826/1195 7364/5829/1196
f 7364/5830/1196 7365/5831/1197 7362/5832/1196
f 7365/5831/1197 7364/5830/1196 7366/5833/1197
f 7366/5834/1197 7367/5835/1198 7365/5836/1197
f 7367/5835/1198 7366/5834/1197 7368/5837/1198
f 7368/5838/1198 7369/5839/1199 7367/5840/1198
f 7369/5839/1199 7368/5838/1198 7370/5841/1199
f 7370/5842/1199 7371/5843/1200 7369/5844/1199
f 7371/5843/1200 7370/5842/1199 7372/5845/1200
f 7372/5846/1200 7373/5847/1201 7371/5848/1200
f 7373/5847/1201 7372/5846/1200 7374/5849/1201
f 7374/5850/1201 7375/5851/1202 7373/5852/1201
f 7375/5851/1202 7374/5850/1201 7376/5853/1202
f 7375/5854/1202 7377/5855/1203 7378/5856/1203
f 7377/5855/1203 7375/5854/1202 7376/5857/1202
f 7378/5858/1203 7379/5859/1204 7380/5860/1204
f 7379/5859/1204 7378/5858/1203 7377/5861/1203
f 7380/5862/1204 7381/5863/1205 7382/5864/1205
f 7381/5863/1205 7380/5862/1204 7379/5865/1204
f 7382/5866/1205 7383/5867/1206 7384/5868/1206
f 7383/5867/1206 7382/5866/1205 7381/5869/1205
f 7384/5870/1206 7385/5871/1207 7386/5872/1207
f 7385/5871/1207 7384/5870/1206 7383/5873/1206
f 7349/5874/1194 7387/5875/1208 7388/5876/1208
f 7387/5875/1208 7349/5874/1194 7348/5877/1194
f 7388/5878/1208 7389/5879/1209 7390/5880/1210
f 7389/5879/1209 7388/5878/1208 7387/5881/1208
f 7390/5882/1210 7391/5883/1211 7392/5884/1211
f 7391/5883/1211 7390/5882/1210 7389/5885/1209
f 7391/5886/1211 7393/5887/1212 7392/5888/1211
f 7393/5887/1212 7391/5886/1211 7394/5889/1212
f 7394/5890/1212 7395/5891/1213 7393/5892/1212
f 7395/5891/1213 7394/5890/1212 7396/5893/1213
f 7395/5894/1213 7397/5895/1214 7398/5896/1214
f 7397/5895/1214 7395/5894/1213 7396/5897/1213
f 7397/5898/1214 7399/5899/1215 7398/5900/1214
f 7399/5899/1215 7397/5898/1214 7400/5901/1215
f 7400/5902/1215 7401/5903/1216 7399/5904/1215
f 7401/5903/1216 7400/5902/1215 7402/5905/1216
f 7402/5906/1216 7403/5907/1217 7401/5908/1216
f 7403/5907/1217 7402/5906/1216 7404/5909/1217
f 7404/5910/1217 7405/5911/1218 7403/5912/1217
f 7405/5911/1218 7404/5910/1217 7406/5913/1219
f 7407/5914/1193 7408/5915/1193 7409/5916/1193
f 7408/5915/1193 7407/5914/1193 7410/5917/1193
f 7411/5918/1187 7412/5919/1187 7413/5920/1187
f 7412/5919/1187 7411/5918/1187 7414/5921/1187
f 7415/5922/1192 7416/5923/1192 7417/5924/1192
f 7416/5923/1192 7415/5922/1192 7418/5925/1192
f 7419/5926/1193 7420/5915/1193 7421/5927/1193
f 7420/5915/1193 7419/5926/1193 7422/5917/1193
f 7423/5799/1188 7424/5928/1188 7425/5929/1188
f 7424/5928/1188 7423/5799/1188 7426/5691/1188
f 7410/5917/1193 7427/5930/1193 7408/5915/1193
f 7427/5930/1193 7410/5917/1193 7428/5931/1193
f 7428/5931/1193 7410/5917/1193 7429/5932/1193
f 7428/5931/1193 7429/5932/1193 7430/5933/1193
f 7431/5934/1188 7333/5799/1188 7432/5935/1188
f 7333/5799/1188 7431/5934/1188 7332/5798/1188
f 7433/5873/1206 7434/5936/1207 7435/5871/1207
f 7434/5936/1207 7433/5873/1206 7436/5937/1206
f 7437/5699/1191 7438/5700/1191 7439/5701/1191
f 7438/5700/1191 7437/5699/1191 7440/5702/1191
f 7440/5702/1191 7437/5699/1191 7441/5703/1191
f 7440/5702/1191 7441/5703/1191 7442/5704/1191
f 7440/5702/1191 7442/5704/1191 7443/5705/1191
f 7443/5705/1191 7442/5704/1191 7444/5706/1191
f 7443/5705/1191 7444/5706/1191 7445/5707/1191
f 7445/5707/1191 7444/5706/1191 7446/5708/1191
f 7445/5707/1191 7446/5708/1191 7447/5709/1191
f 7447/5709/1191 7446/5708/1191 7448/5710/1191
f 7447/5709/1191 7448/5710/1191 7449/5711/1191
f 7449/5711/1191 7448/5710/1191 7450/5712/1191
f 7449/5711/1191 7450/5712/1191 7451/5713/1191
f 7451/5713/1191 7450/5712/1191 7452/5714/1191
f 7451/5713/1191 7452/5714/1191 7453/5715/1191
f 7453/5715/1191 7452/5714/1191 7454/5716/1191
f 7453/5715/1191 7454/5716/1191 7455/5717/1191
f 7455/5717/1191 7454/5716/1191 7456/5718/1191
f 7455/5717/1191 7456/5718/1191 7457/5719/1191
f 7457/5719/1191 7456/5718/1191 7458/5720/1191
f 7457/5719/1191 7458/5720/1191 7459/5721/1191
f 7457/5719/1191 7459/5721/1191 7460/5722/1191
f 7460/5722/1191 7459/5721/1191 7461/5723/1191
f 7460/5722/1191 7461/5723/1191 7462/5724/1191
f 7462/5724/1191 7461/5723/1191 7463/5725/1191
f 7462/5724/1191 7463/5725/1191 7464/5726/1191
f 7462/5724/1191 7464/5726/1191 7465/5727/1191
f 7462/5724/1191 7465/5727/1191 7466/5728/1191
f 7462/5724/1191 7466/5728/1191 7467/5729/1191
f 7462/5724/1191 7467/5729/1191 7468/5730/1191
f 7468/5730/1191 7467/5729/1191 7469/5731/1191
f 7469/5731/1191 7467/5729/1191 7470/5732/1191
f 7468/5730/1191 7471/5733/1191 7472/5734/1191
f 7471/5733/1191 7468/5730/1191 7469/5731/1191
f 7473/5735/1191 7438/5700/1191 7474/5736/1191
s 0
f 7438/5700/1188 7473/5735/1188 7475/5737/1188
f 7438/5700/1192 7475/5737/1192 7476/5738/1192
f 7438/5700/1192 7476/5738/1192 7477/5739/1192
f 7438/5700/1188 7477/5739/1188 7478/5740/1188
f 7438/5700/1192 7478/5740/1192 7479/5741/1192
f 7438/5700/1188 7479/5741/1188 7480/5742/1188
f 7438/5700/1192 7480/5742/1192 7481/5743/1192
f 7438/5700/1188 7481/5743/1188 7482/5744/1188
f 7438/5700/1188 7482/5744/1188 7483/5745/1188
f 7438/5700/1188 7483/5745/1188 7484/5746/1188
f 7438/5700/1188 7484/5746/1188 7439/5701/1188
s 1
f 7485/5747/1191 7484/5746/1191 7483/5745/1191
f 7484/5746/1191 7485/5747/1191 7486/5748/1191
f 7487/5749/1191 7482/5744/1191 7481/5743/1191
f 7482/5744/1191 7487/5749/1191 7488/5750/1191
f 7489/5751/1191 7480/5742/1191 7479/5741/1191
f 7480/5742/1191 7489/5751/1191 7490/5752/1191
f 7491/5753/1191 7478/5740/1191 7477/5739/1191
f 7478/5740/1191 7491/5753/1191 7492/5754/1191
f 7493/5755/1191 7476/5738/1191 7475/5737/1191
f 7476/5738/1191 7493/5755/1191 7494/5756/1191
s 0
f 7495/5757/1188 7496/5758/1188 7441/5703/1188
f 7496/5758/1188 7495/5757/1188 7497/5759/1188
f 7496/5758/1192 7497/5759/1192 7498/5760/1192
f 7496/5758/1192 7498/5760/1192 7499/5761/1192
f 7496/5758/1192 7499/5761/1192 7500/5762/1192
f 7496/5758/1192 7500/5762/1192 7501/5763/1192
f 7496/5758/1188 7501/5763/1188 7502/5764/1188
f 7496/5758/1188 7502/5764/1188 7503/5765/1188
f 7496/5758/1188 7503/5765/1188 7504/5766/1188
f 7496/5758/1192 7504/5766/1192 7505/5767/1192
s 1
f 7496/5758/1191 7505/5767/1191 7464/5726/1191
f 7496/5758/1191 7464/5726/1191 7463/5725/1191
f 7465/5727/1191 7498/5760/1191 7497/5759/1191
f 7498/5760/1191 7465/5727/1191 7506/5768/1191
f 7506/5768/1191 7465/5727/1191 7507/5769/1191
f 7507/5769/1191 7465/5727/1191 7508/5770/1191
f 7508/5770/1191 7465/5727/1191 7509/5771/1191
f 7509/5771/1191 7465/5727/1191 7510/5772/1191
f 7510/5772/1191 7465/5727/1191 7511/5773/1191
f 7511/5773/1191 7465/5727/1191 7512/5774/1191
f 7512/5774/1191 7465/5727/1191 7464/5726/1191
f 7513/5775/1191 7473/5735/1191 7474/5736/1191
f 7473/5735/1191 7513/5775/1191 7514/5776/1191
f 7473/5735/1191 7514/5776/1191 7515/5777/1191
f 7515/5777/1191 7514/5776/1191 7493/5755/1191
f 7493/5755/1191 7514/5776/1191 7494/5756/1191
f 7494/5756/1191 7514/5776/1191 7491/5753/1191
f 7491/5753/1191 7514/5776/1191 7492/5754/1191
f 7492/5754/1191 7514/5776/1191 7489/5751/1191
f 7489/5751/1191 7514/5776/1191 7490/5752/1191
f 7490/5752/1191 7514/5776/1191 7487/5749/1191
f 7487/5749/1191 7514/5776/1191 7488/5750/1191
f 7488/5750/1191 7514/5776/1191 7485/5747/1191
f 7485/5747/1191 7514/5776/1191 7486/5748/1191
f 7486/5748/1191 7514/5776/1191 7437/5699/1191
f 7437/5699/1191 7514/5776/1191 7495/5757/1191
f 7437/5699/1191 7495/5757/1191 7441/5703/1191
f 7495/5757/1191 7514/5776/1191 7516/5778/1191
f 7516/5778/1191 7514/5776/1191 7517/5779/1191
f 7516/5778/1191 7517/5779/1191 7518/5780/1191
f 7518/5780/1191 7517/5779/1191 7519/5781/1191
f 7518/5780/1191 7519/5781/1191 7520/5782/1191
f 7520/5782/1191 7519/5781/1191 7521/5783/1191
f 7520/5782/1191 7521/5783/1191 7522/5784/1191
f 7522/5784/1191 7521/5783/1191 7523/5785/1191
f 7522/5784/1191 7523/5785/1191 7524/5786/1191
f 7524/5786/1191 7523/5785/1191 7525/5787/1191
f 7524/5786/1191 7525/5787/1191 7526/5788/1191
f 7526/5788/1191 7525/5787/1191 7527/5789/1191
f 7526/5788/1191 7527/5789/1191 7528/5790/1191
f 7528/5790/1191 7527/5789/1191 7529/5791/1191
f 7528/5790/1191 7529/5791/1191 7530/5792/1191
f 7530/5792/1191 7529/5791/1191 7531/5793/1191
f 7530/5792/1191 7531/5793/1191 7532/5794/1191
f 7532/5794/1191 7531/5793/1191 7533/5795/1191
f 7532/5794/1191 7533/5795/1191 7534/5796/1191
f 7534/5796/1191 7533/5795/1191 7535/5797/1191
f 7535/5797/1191 7533/5795/1191 7466/5728/1191
f 7535/5797/1191 7466/5728/1191 7465/5727/1191
f 7511/5773/1191 7504/5766/1191 7503/5765/1191
f 7504/5766/1191 7511/5773/1191 7512/5774/1191
f 7509/5771/1191 7502/5764/1191 7501/5763/1191
f 7502/5764/1191 7509/5771/1191 7510/5772/1191
f 7507/5769/1191 7500/5762/1191 7499/5761/1191
f 7500/5762/1191 7507/5769/1191 7508/5770/1191
f 7343/5877/1194 7536/5938/1208 7537/5875/1208
f 7536/5938/1208 7343/5877/1194 7342/5939/1194
f 7346/5811/1190 7538/5940/1194 7539/5809/1194
f 7538/5940/1194 7346/5811/1190 7345/5941/1190
f 7352/5942/1190 7540/5815/1194 7541/5943/1194
f 7540/5815/1194 7352/5942/1190 7351/5814/1190
f 7542/5944/1192 7355/5820/1192 7543/5945/1192
f 7355/5820/1192 7542/5944/1192 7353/5818/1192
f 7356/5821/1192 7544/5946/1192 7354/5819/1192
f 7544/5946/1192 7356/5821/1192 7545/5947/1192
f 7546/5948/1187 7360/5825/1187 7357/5822/1187
f 7360/5825/1187 7546/5948/1187 7547/5949/1187
f 7359/5824/1187 7548/5950/1187 7549/5951/1187
f 7548/5950/1187 7359/5824/1187 7358/5823/1187
f 7550/5952/1195 7551/5829/1196 7552/5826/1195
f 7551/5829/1196 7550/5952/1195 7553/5953/1196
f 7554/5828/1195 7555/5954/1196 7556/5955/1195
f 7555/5954/1196 7554/5828/1195 7557/5827/1196
f 7553/5956/1196 7558/5833/1197 7551/5830/1196
f 7558/5833/1197 7553/5956/1196 7559/5957/1197
f 7557/5832/1196 7560/5958/1197 7555/5959/1196
f 7560/5958/1197 7557/5832/1196 7561/5831/1197
f 7559/5960/1197 7562/5837/1198 7558/5834/1197
f 7562/5837/1198 7559/5960/1197 7563/5961/1198
f 7561/5836/1197 7564/5962/1198 7560/5963/1197
f 7564/5962/1198 7561/5836/1197 7565/5835/1198
f 7563/5964/1198 7566/5841/1199 7562/5838/1198
f 7566/5841/1199 7563/5964/1198 7567/5965/1199
f 7565/5840/1198 7568/5966/1199 7564/5967/1198
f 7568/5966/1199 7565/5840/1198 7569/5839/1199
f 7567/5968/1199 7570/5845/1200 7566/5842/1199
f 7570/5845/1200 7567/5968/1199 7571/5969/1200
f 7569/5844/1199 7572/5970/1200 7568/5971/1199
f 7572/5970/1200 7569/5844/1199 7573/5843/1200
f 7571/5972/1200 7574/5849/1201 7570/5846/1200
f 7574/5849/1201 7571/5972/1200 7575/5973/1201
f 7573/5848/1200 7576/5974/1201 7572/5975/1200
f 7576/5974/1201 7573/5848/1200 7577/5847/1201
f 7575/5976/1201 7578/5853/1202 7574/5850/1201
f 7578/5853/1202 7575/5976/1201 7579/5977/1202
f 7577/5852/1201 7580/5978/1202 7576/5979/1201
f 7580/5978/1202 7577/5852/1201 7581/5851/1202
f 7578/5857/1202 7582/5980/1203 7583/5855/1203
f 7582/5980/1203 7578/5857/1202 7579/5981/1202
f 7580/5982/1202 7584/5856/1203 7585/5983/1203
f 7584/5856/1203 7580/5982/1202 7581/5854/1202
f 7583/5861/1203 7586/5984/1204 7587/5859/1204
f 7586/5984/1204 7583/5861/1203 7582/5985/1203
f 7585/5986/1203 7588/5860/1204 7589/5987/1204
f 7588/5860/1204 7585/5986/1203 7584/5858/1203
f 7587/5865/1204 7590/5988/1205 7591/5863/1205
f 7590/5988/1205 7587/5865/1204 7586/5989/1204
f 7589/5990/1204 7592/5864/1205 7593/5991/1205
f 7592/5864/1205 7589/5990/1204 7588/5862/1204
f 7591/5869/1205 7436/5992/1206 7433/5867/1206
f 7436/5992/1206 7591/5869/1205 7590/5993/1205
f 7593/5994/1205 7594/5868/1206 7595/5995/1206
f 7594/5868/1206 7593/5994/1205 7592/5866/1205
f 7595/5996/1206 7596/5872/1207 7597/5997/1207
f 7596/5872/1207 7595/5996/1206 7594/5870/1206
f 7541/5998/1194 7598/5876/1208 7599/5999/1208
f 7598/5876/1208 7541/5998/1194 7540/5874/1194
f 7599/6000/1208 7600/5880/1210 7601/6001/1210
f 7600/5880/1210 7599/6000/1208 7598/5878/1208
f 7537/5881/1208 7602/6002/1210 7603/5879/1210
f 7602/6002/1210 7537/5881/1208 7536/6003/1208
f 7601/6004/1210 7604/5884/1211 7605/6005/1211
f 7604/5884/1211 7601/6004/1210 7600/5882/1210
f 7603/5885/1210 7606/6006/1211 7607/5883/1211
f 7606/6006/1211 7603/5885/1210 7602/6007/1210
f 7604/5888/1211 7608/6008/1212 7605/6009/1211
f 7608/6008/1212 7604/5888/1211 7609/5887/1212
f 7606/6010/1211 7610/5889/1212 7607/5886/1211
f 7610/5889/1212 7606/6010/1211 7611/6011/1212
f 7609/5892/1212 7612/6012/1213 7608/6013/1212
f 7612/6012/1213 7609/5892/1212 7613/5891/1213
f 7610/5890/1212 7614/6014/1213 7615/5893/1213
f 7614/6014/1213 7610/5890/1212 7611/6015/1212
f 7612/6016/1213 7616/5896/1214 7617/6017/1214
f 7616/5896/1214 7612/6016/1213 7613/5894/1213
f 7615/5897/1213 7618/6018/1214 7619/5895/1214
f 7618/6018/1214 7615/5897/1213 7614/6019/1213
f 7616/5900/1214 7620/6020/1215 7617/6021/1214
f 7620/6020/1215 7616/5900/1214 7621/5899/1215
f 7619/5898/1214 7622/6022/1215 7623/5901/1215
f 7622/6022/1215 7619/5898/1214 7618/6023/1214
f 7621/5904/1215 7624/6024/1216 7620/6025/1215
f 7624/6024/1216 7621/5904/1215 7625/5903/1216
f 7623/5902/1215 7626/6026/1216 7627/5905/1216
f 7626/6026/1216 7623/5902/1215 7622/6027/1215
f 7624/6028/1216 7628/5907/1217 7629/6029/1217
f 7628/5907/1217 7624/6028/1216 7625/5908/1216
f 7627/5906/1216 7630/6030/1217 7631/5909/1217
f 7630/6030/1217 7627/5906/1216 7626/6031/1216
f 7628/5912/1217 7632/6032/1218 7629/6033/1217
f 7632/6032/1218 7628/5912/1217 7633/5911/1218
f 7631/5910/1217 7634/6034/1218 7635/5913/1218
f 7634/6034/1218 7631/5910/1217 7630/6035/1217
f 7409/5916/1193 7636/6036/1193 7637/6037/1193
f 7636/6036/1193 7409/5916/1193 7408/5915/1193
f 7638/6038/1193 7410/5917/1193 7407/5914/1193
f 7410/5917/1193 7638/6038/1193 7429/5932/1193
f 7413/5920/1187 7639/6039/1187 7640/6040/1187
f 7639/6039/1187 7413/5920/1187 7412/5919/1187
f 7641/6041/1187 7414/5921/1187 7411/5918/1187
f 7414/5921/1187 7641/6041/1187 7642/6042/1187
f 7642/6042/1187 7641/6041/1187 7643/6043/1187
f 7644/6044/1192 7417/5924/1192 7645/6045/1192
f 7417/5924/1192 7644/6044/1192 7415/5922/1192
f 7418/5925/1192 7646/6046/1192 7416/5923/1192
f 7646/6046/1192 7418/5925/1192 7647/6047/1192
f 7421/5927/1193 7648/6036/1193 7649/6048/1193
f 7648/6036/1193 7421/5927/1193 7420/5915/1193
f 7650/6042/1193 7422/5917/1193 7419/5926/1193
f 7422/5917/1193 7650/6042/1193 7651/6049/1193
f 7651/6049/1193 7650/6042/1193 7652/6043/1193
f 7653/5935/1188 7425/5929/1188 7654/6050/1188
f 7425/5929/1188 7653/5935/1188 7423/5799/1188
f 7426/5691/1188 7655/6051/1188 7424/5928/1188
f 7655/6051/1188 7426/5691/1188 7656/6052/1188
f 7656/6052/1188 7426/5691/1188 7657/6053/1188
s 0
f 7657/6053/1220 7426/5691/1220 7658/6054/1220
s 1
f 7659/5937/1206 7660/6055/1207 7661/5936/1207
f 7660/6055/1207 7659/5937/1206 7662/6056/1206
f 7663/6057/1193 7429/5932/1193 7638/6038/1193
f 7429/5932/1193 7663/6057/1193 7664/6058/1193
f 7665/6059/1187 7666/6060/1187 7667/6061/1187
f 7666/6060/1187 7665/6059/1187 7668/6062/1187
f 7669/6063/1192 7670/6064/1192 7671/6065/1192
f 7670/6064/1192 7669/6063/1192 7672/6066/1192
f 7673/6067/1193 7674/5932/1193 7675/6068/1193
f 7674/5932/1193 7673/6067/1193 7676/6058/1193
f 7677/5690/1188 7678/6069/1188 7679/6070/1188
f 7678/6069/1188 7677/5690/1188 7680/5806/1188
f 7681/6071/1192 7543/5945/1192 7682/6072/1192
f 7543/5945/1192 7681/6071/1192 7542/5944/1192
f 7683/6073/1187 7547/5949/1187 7546/5948/1187
f 7547/5949/1187 7683/6073/1187 7684/6074/1187
f 7685/6075/1195 7686/5953/1196 7687/5952/1195
f 7686/5953/1196 7685/6075/1195 7688/6076/1196
f 7688/6077/1196 7689/5957/1197 7686/5956/1196
f 7689/5957/1197 7688/6077/1196 7690/6078/1197
f 7690/6079/1197 7691/5961/1198 7689/5960/1197
f 7691/5961/1198 7690/6079/1197 7692/6080/1198
f 7692/6081/1198 7693/5965/1199 7691/5964/1198
f 7693/5965/1199 7692/6081/1198 7694/6082/1199
f 7694/6083/1199 7695/5969/1200 7693/5968/1199
f 7695/5969/1200 7694/6083/1199 7696/6084/1200
f 7696/6085/1200 7697/5973/1201 7695/5972/1200
f 7697/5973/1201 7696/6085/1200 7698/6086/1201
f 7698/6087/1201 7699/5977/1202 7697/5976/1201
f 7699/5977/1202 7698/6087/1201 7700/6088/1202
f 7699/5981/1202 7701/6089/1203 7702/5980/1203
f 7701/6089/1203 7699/5981/1202 7700/6090/1202
f 7702/5985/1203 7703/6091/1204 7704/5984/1204
f 7703/6091/1204 7702/5985/1203 7701/6092/1203
f 7704/5989/1204 7705/6093/1205 7706/5988/1205
f 7705/6093/1205 7704/5989/1204 7703/6094/1204
f 7706/5993/1205 7662/6095/1206 7659/5992/1206
f 7662/6095/1206 7706/5993/1205 7705/6096/1205
f 7539/5939/1194 7707/6097/1208 7708/5938/1208
f 7707/6097/1208 7539/5939/1194 7538/6098/1194
f 7708/6003/1208 7709/6099/1210 7710/6002/1210
f 7709/6099/1210 7708/6003/1208 7707/6100/1208
f 7710/6007/1210 7711/6101/1211 7712/6006/1211
f 7711/6101/1211 7710/6007/1210 7709/6102/1210
f 7711/6103/1211 7713/6011/1212 7712/6010/1211
f 7713/6011/1212 7711/6103/1211 7714/6104/1212
f 7714/6105/1212 7715/6014/1213 7713/6015/1212
f 7715/6014/1213 7714/6105/1212 7716/6106/1213
f 7716/6107/1213 7717/6018/1214 7715/6019/1213
f 7717/6018/1214 7716/6107/1213 7718/6108/1214
f 7718/6109/1214 7719/6022/1215 7717/6023/1214
f 7719/6022/1215 7718/6109/1214 7720/6110/1215
f 7720/6111/1215 7721/6026/1216 7719/6027/1215
f 7721/6026/1216 7720/6111/1215 7722/6112/1216
f 7721/6031/1216 7723/6113/1217 7724/6030/1217
f 7723/6113/1217 7721/6031/1216 7722/6114/1216
f 7723/6115/1217 7725/6034/1218 7724/6035/1217
f 7725/6034/1218 7723/6115/1217 7726/6116/1218
f 7665/6059/1187 7642/6042/1187 7643/6043/1187
f 7642/6042/1187 7665/6059/1187 7667/6061/1187
f 7672/6066/1192 7645/6045/1192 7670/6064/1192
f 7645/6045/1192 7672/6066/1192 7644/6044/1192
f 7675/6068/1193 7652/6043/1193 7650/6042/1193
f 7652/6043/1193 7675/6068/1193 7674/5932/1193
f 7727/6117/1188 7657/6053/1188 7658/6054/1188
f 7657/6053/1188 7727/6117/1188 7728/6118/1188
f 7657/6053/1188 7679/6070/1188 7656/6052/1188
f 7679/6070/1188 7657/6053/1188 7677/5690/1188
f 7729/6119/1221 7730/6120/1221 7731/6121/1221
f 7730/6120/1221 7729/6119/1221 7732/6122/1221
f 7728/6118/1188 7677/5690/1188 7657/6053/1188
f 7677/5690/1188 7728/6118/1188 7733/6123/1188
f 7734/6124/1188 7727/6117/1188 7735/6125/1188
f 7727/6117/1188 7734/6124/1188 7728/6118/1188
f 7728/6118/1188 7734/6124/1188 7736/6126/1188
s 0
f 7736/6126/1187 7734/6124/1187 7737/6127/1187
s 1
f 7736/6126/1188 7733/6123/1188 7728/6118/1188
f 7733/6123/1188 7736/6126/1188 7738/6128/1188
f 7739/6129/1187 7740/5921/1187 7741/5918/1187
f 7740/5921/1187 7739/6129/1187 7742/6042/1187
f 7742/6042/1187 7739/6129/1187 7743/6043/1187
f 7744/6130/1188 7735/6125/1188 7745/6131/1188
f 7735/6125/1188 7744/6130/1188 7734/6124/1188
f 7746/6042/1193 7747/5917/1193 7748/5926/1193
f 7747/5917/1193 7746/6042/1193 7749/6132/1193
f 7749/6132/1193 7746/6042/1193 7750/6043/1193
f 7751/6133/1188 7736/6126/1188 7737/6127/1188
f 7736/6126/1188 7751/6133/1188 7752/6134/1188
f 7743/6043/1187 7753/6061/1187 7742/6042/1187
f 7753/6061/1187 7743/6043/1187 7754/6059/1187
f 7752/6134/1188 7738/6128/1188 7736/6126/1188
f 7738/6128/1188 7752/6134/1188 7755/6135/1188
f 7756/6068/1193 7750/6043/1193 7746/6042/1193
f 7750/6043/1193 7756/6068/1193 7757/5932/1193
f 7738/6128/1188 7758/6136/1188 7733/6123/1188
f 7758/6136/1188 7738/6128/1188 7759/6137/1188
f 7760/6138/1192 7761/6139/1192 7762/6140/1192
f 7761/6139/1192 7760/6138/1192 7763/6141/1192
f 7741/5918/1187 7764/5919/1187 7765/5920/1187
f 7764/5919/1187 7741/5918/1187 7740/5921/1187
f 7766/6142/1188 7745/6131/1188 7767/6143/1188
f 7745/6131/1188 7766/6142/1188 7744/6130/1188
f 7748/5926/1193 7768/5915/1193 7769/5927/1193
f 7768/5915/1193 7748/5926/1193 7747/5917/1193
f 7770/6144/1188 7751/6133/1188 7771/6145/1188
f 7751/6133/1188 7770/6144/1188 7752/6134/1188
f 7752/6134/1188 7770/6144/1188 7772/6146/1188
f 7773/6147/1192 7762/6140/1192 7774/6148/1192
f 7762/6140/1192 7773/6147/1192 7760/6138/1192
f 7775/6062/1187 7753/6061/1187 7754/6059/1187
f 7753/6061/1187 7775/6062/1187 7776/6060/1187
f 7772/6146/1188 7755/6135/1188 7752/6134/1188
f 7755/6135/1188 7772/6146/1188 7777/6149/1188
f 7778/6067/1193 7757/5932/1193 7756/6068/1193
f 7757/5932/1193 7778/6067/1193 7779/6058/1193
f 7780/6150/1221 7781/6151/1221 7782/6152/1221
f 7781/6151/1221 7780/6150/1221 7783/6153/1221
f 7763/6141/1192 7784/6154/1192 7761/6139/1192
f 7784/6154/1192 7763/6141/1192 7785/6155/1192
f 7765/5920/1187 7786/6039/1187 7787/6040/1187
f 7786/6039/1187 7765/5920/1187 7764/5919/1187
f 7769/5927/1193 7788/6036/1193 7789/6048/1193
f 7788/6036/1193 7769/5927/1193 7768/5915/1193
f 7790/6156/1187 7791/5921/1187 7792/5918/1187
f 7791/5921/1187 7790/6156/1187 7793/6042/1187
f 7793/6042/1187 7790/6156/1187 7794/6043/1187
f 7795/6157/1188 7771/6145/1188 7796/6158/1188
f 7771/6145/1188 7795/6157/1188 7770/6144/1188
s 0
f 7770/6144/1220 7795/6157/1220 7797/6159/1220
s 1
f 7798/6042/1193 7799/5917/1193 7800/5926/1193
f 7799/5917/1193 7798/6042/1193 7801/6043/1193
f 7802/6160/1188 7770/6144/1188 7797/6159/1188
f 7770/6144/1188 7802/6160/1188 7772/6146/1188
f 7772/6146/1188 7802/6160/1188 7803/6161/1188
s 0
f 7803/6161/1188 7802/6160/1188 7804/6162/1188
s 1
f 7805/6163/1192 7774/6148/1192 7806/6164/1192
f 7774/6148/1192 7805/6163/1192 7773/6147/1192
f 7794/6043/1187 7807/6061/1187 7793/6042/1187
f 7807/6061/1187 7794/6043/1187 7808/6059/1187
f 7798/6042/1193 7809/5932/1193 7801/6043/1193
f 7809/5932/1193 7798/6042/1193 7810/6068/1193
f 7803/6161/1188 7777/6149/1188 7772/6146/1188
f 7777/6149/1188 7803/6161/1188 7811/6165/1188
f 7777/6149/1188 7812/6166/1188 7755/6135/1188
f 7812/6166/1188 7777/6149/1188 7813/6167/1188
f 7785/6155/1192 7814/6168/1192 7784/6154/1192
f 7814/6168/1192 7785/6155/1192 7815/6169/1192
f 7816/6170/1192 7817/6171/1192 7818/6172/1192
f 7817/6171/1192 7816/6170/1192 7819/6173/1192
f 7792/5918/1187 7820/5919/1187 7821/5920/1187
f 7820/5919/1187 7792/5918/1187 7791/5921/1187
f 7822/6174/1188 7796/6158/1188 7823/6175/1188
f 7796/6158/1188 7822/6174/1188 7795/6157/1188
f 7800/5926/1193 7824/5915/1193 7825/5927/1193
f 7824/5915/1193 7800/5926/1193 7826/6176/1193
f 7826/6176/1193 7800/5926/1193 7799/5917/1193
f 7827/6177/1188 7802/6160/1188 7828/6178/1188
f 7802/6160/1188 7827/6177/1188 7804/6162/1188
f 7804/6162/1188 7827/6177/1188 7829/6179/1188
s 0
f 7829/6179/1220 7827/6177/1220 7830/6180/1220
s 1
f 7829/6179/1188 7803/6161/1188 7804/6162/1188
f 7803/6161/1188 7829/6179/1188 7831/6181/1188
f 7832/6182/1192 7818/6172/1192 7833/6183/1192
f 7818/6172/1192 7832/6182/1192 7816/6170/1192
f 7834/6062/1187 7807/6061/1187 7808/6059/1187
f 7807/6061/1187 7834/6062/1187 7835/6060/1187
f 7836/6067/1193 7809/5932/1193 7810/6068/1193
f 7809/5932/1193 7836/6067/1193 7837/6058/1193
f 7831/6181/1188 7811/6165/1188 7803/6161/1188
f 7811/6165/1188 7831/6181/1188 7838/6184/1188
f 7839/6185/1221 7840/6186/1221 7841/6187/1221
f 7840/6186/1221 7839/6185/1221 7842/6188/1221
f 7819/6173/1192 7843/6189/1192 7817/6171/1192
f 7843/6189/1192 7819/6173/1192 7844/6190/1192
f 7821/5920/1187 7845/6039/1187 7846/6040/1187
f 7845/6039/1187 7821/5920/1187 7820/5919/1187
f 7825/5927/1193 7847/6036/1193 7848/6048/1193
f 7847/6036/1193 7825/5927/1193 7824/5915/1193
f 7849/6191/1187 7850/5919/1187 7851/5920/1187
f 7850/5919/1187 7849/6191/1187 7852/5921/1187
f 7852/5921/1187 7849/6191/1187 7853/5918/1187
f 7854/6192/1188 7828/6178/1188 7855/6193/1188
f 7828/6178/1188 7854/6192/1188 7827/6177/1188
f 7856/5926/1193 7857/5915/1193 7858/5927/1193
f 7857/5915/1193 7856/5926/1193 7859/6194/1193
f 7859/6194/1193 7856/5926/1193 7860/5917/1193
f 7861/6195/1188 7829/6179/1188 7830/6180/1188
f 7829/6179/1188 7861/6195/1188 7831/6181/1188
f 7831/6181/1188 7861/6195/1188 7862/6196/1188
s 0
f 7862/6196/1193 7861/6195/1193 7863/6197/1193
s 1
f 7864/6043/1187 7852/5921/1187 7853/5918/1187
f 7852/5921/1187 7864/6043/1187 7865/6042/1187
f 7866/6042/1193 7860/5917/1193 7856/5926/1193
f 7860/5917/1193 7866/6042/1193 7867/6043/1193
f 7868/6198/1192 7833/6183/1192 7869/6199/1192
f 7833/6183/1192 7868/6198/1192 7832/6182/1192
f 7864/6043/1187 7870/6061/1187 7865/6042/1187
f 7870/6061/1187 7864/6043/1187 7871/6059/1187
f 7866/6042/1193 7872/5932/1193 7867/6043/1193
f 7872/5932/1193 7866/6042/1193 7873/6068/1193
f 7838/6184/1188 7874/6200/1188 7811/6165/1188
f 7874/6200/1188 7838/6184/1188 7875/6201/1188
f 7844/6190/1192 7876/6202/1192 7843/6189/1192
f 7876/6202/1192 7844/6190/1192 7877/6203/1192
f 7878/6204/1192 7879/6205/1192 7880/6206/1192
f 7879/6205/1192 7878/6204/1192 7881/6207/1192
f 7851/5920/1187 7882/6039/1187 7883/6040/1187
f 7882/6039/1187 7851/5920/1187 7850/5919/1187
f 7858/5927/1193 7884/6036/1193 7885/6048/1193
f 7884/6036/1193 7858/5927/1193 7857/5915/1193
f 7886/6208/1188 7861/6195/1188 7887/6209/1188
f 7861/6195/1188 7886/6208/1188 7863/6197/1188
f 7863/6197/1188 7886/6208/1188 7888/6210/1188
s 0
f 7888/6210/1220 7886/6208/1220 7889/6211/1220
s 1
f 7888/6210/1188 7862/6196/1188 7863/6197/1188
f 7862/6196/1188 7888/6210/1188 7890/6212/1188
f 7891/6213/1192 7880/6206/1192 7892/6214/1192
f 7880/6206/1192 7891/6213/1192 7878/6204/1192
f 7893/6215/1192 7892/6214/1192 7894/6216/1192
f 7892/6214/1192 7893/6215/1192 7891/6213/1192
f 7895/6062/1187 7870/6061/1187 7871/6059/1187
f 7870/6061/1187 7895/6062/1187 7896/6060/1187
f 7897/6067/1193 7872/5932/1193 7873/6068/1193
f 7872/5932/1193 7897/6067/1193 7898/6058/1193
f 7899/6217/1221 7900/6218/1221 7901/6219/1221
f 7900/6218/1221 7899/6217/1221 7902/6220/1221
f 7881/6207/1192 7903/6221/1192 7879/6205/1192
f 7903/6221/1192 7881/6207/1192 7904/6222/1192
f 7905/6223/1187 7906/5919/1187 7907/5920/1187
f 7906/5919/1187 7905/6223/1187 7908/5921/1187
f 7908/5921/1187 7905/6223/1187 7909/5918/1187
f 7910/6224/1188 7887/6209/1188 7911/6225/1188
f 7887/6209/1188 7910/6224/1188 7886/6208/1188
f 7912/5926/1193 7913/5915/1193 7914/5927/1193
f 7913/5915/1193 7912/5926/1193 7915/6226/1193
f 7915/6226/1193 7912/5926/1193 7916/5917/1193
f 7917/6227/1188 7888/6210/1188 7889/6211/1188
f 7888/6210/1188 7917/6227/1188 7890/6212/1188
f 7890/6212/1188 7917/6227/1188 7918/6228/1188
f 7918/6228/1188 7917/6227/1188 7919/6229/1188
s 0
f 7919/6229/1220 7917/6227/1220 7920/5689/1220
s 1
f 7921/6043/1187 7908/5921/1187 7909/5918/1187
f 7908/5921/1187 7921/6043/1187 7922/6042/1187
f 7923/6042/1193 7916/5917/1193 7912/5926/1193
f 7916/5917/1193 7923/6042/1193 7924/6043/1193
f 7890/6212/1188 7925/6230/1188 7862/6196/1188
f 7925/6230/1188 7890/6212/1188 7926/6231/1188
f 7927/6232/1192 7894/6216/1192 7928/6233/1192
f 7894/6216/1192 7927/6232/1192 7893/6215/1192
f 7929/6234/1192 7930/6235/1192 7931/6236/1192
f 7930/6235/1192 7929/6234/1192 7932/6237/1192
f 7907/5920/1187 7933/6039/1187 7934/6040/1187
f 7933/6039/1187 7907/5920/1187 7906/5919/1187
f 7914/5927/1193 7935/6036/1193 7936/6048/1193
f 7935/6036/1193 7914/5927/1193 7913/5915/1193
f 7937/6238/1188 7917/6227/1188 7938/5798/1188
f 7917/6227/1188 7937/6238/1188 7920/5689/1188
f 7920/5689/1188 7937/6238/1188 7939/6239/1188
f 7939/6239/1188 7919/6229/1188 7920/5689/1188
f 7919/6229/1188 7939/6239/1188 7940/6240/1188
f 7941/6241/1192 7931/6236/1192 7942/6242/1192
f 7931/6236/1192 7941/6241/1192 7929/6234/1192
f 7943/6059/1187 7922/6042/1187 7921/6043/1187
f 7922/6042/1187 7943/6059/1187 7944/6061/1187
f 7923/6042/1193 7945/5932/1193 7924/6043/1193
f 7945/5932/1193 7923/6042/1193 7946/6068/1193
f 7926/6231/1188 7947/6243/1188 7925/6230/1188
f 7947/6243/1188 7926/6231/1188 7948/6244/1188
f 7932/6237/1192 7949/6245/1192 7930/6235/1192
f 7949/6245/1192 7932/6237/1192 7950/6246/1192
f 7951/6247/1187 7952/5919/1187 7953/5920/1187
f 7952/5919/1187 7951/6247/1187 7954/5921/1187
f 7954/5921/1187 7951/6247/1187 7955/5918/1187
f 7956/6248/1188 7938/5798/1188 7957/5934/1188
f 7938/5798/1188 7956/6248/1188 7937/6238/1188
f 7958/5926/1193 7959/5915/1193 7960/5927/1193
f 7959/5915/1193 7958/5926/1193 7961/5917/1193
f 7962/6043/1187 7954/5921/1187 7955/5918/1187
f 7954/5921/1187 7962/6043/1187 7963/6042/1187
f 7963/6042/1187 7962/6043/1187 7964/6059/1187
f 7963/6042/1187 7964/6059/1187 7965/6061/1187
f 7966/6042/1193 7961/5917/1193 7958/5926/1193
f 7961/5917/1193 7966/6042/1193 7967/6043/1193
f 7940/6240/1188 7968/5692/1188 7919/6229/1188
f 7968/5692/1188 7940/6240/1188 7969/6249/1188
f 7970/6250/1192 7942/6242/1192 7971/6251/1192
f 7942/6242/1192 7970/6250/1192 7941/6241/1192
f 7972/6062/1187 7944/6061/1187 7943/6059/1187
f 7944/6061/1187 7972/6062/1187 7973/6060/1187
f 7974/6067/1193 7945/5932/1193 7946/6068/1193
f 7945/5932/1193 7974/6067/1193 7975/6058/1193
f 7976/6252/1192 7977/6253/1192 7978/6254/1192
f 7977/6253/1192 7976/6252/1192 7979/6255/1192
f 7953/5920/1187 7980/6039/1187 7981/6040/1187
f 7980/6039/1187 7953/5920/1187 7952/5919/1187
f 7960/5927/1193 7982/6036/1193 7983/6048/1193
f 7982/6036/1193 7960/5927/1193 7959/5915/1193
f 7984/6256/1192 7978/6254/1192 7985/6257/1192
f 7978/6254/1192 7984/6256/1192 7976/6252/1192
f 7986/6062/1187 7965/6061/1187 7964/6059/1187
f 7965/6061/1187 7986/6062/1187 7987/6060/1187
f 7988/6258/1192 7985/6257/1192 7989/6259/1192
f 7985/6257/1192 7988/6258/1192 7984/6256/1192
f 7990/6068/1193 7967/6043/1193 7966/6042/1193
f 7967/6043/1193 7990/6068/1193 7991/5932/1193
f 7969/6249/1188 7992/5807/1188 7968/5692/1188
f 7992/5807/1188 7969/6249/1188 7993/6260/1188
f 7994/6261/1192 7971/6251/1192 7995/6262/1192
f 7971/6251/1192 7994/6261/1192 7970/6250/1192
f 7979/6255/1192 7996/6263/1192 7977/6253/1192
f 7996/6263/1192 7979/6255/1192 7997/6264/1192
f 7998/6265/1192 7989/6259/1192 7999/6266/1192
f 7989/6259/1192 7998/6265/1192 7988/6258/1192
f 8000/6067/1193 7991/5932/1193 7990/6068/1193
f 7991/5932/1193 8000/6067/1193 8001/6058/1193
o SketchUp.234
v 2.223903 0.640469 -0.000000
v 2.154060 0.640469 -0.001438
v 2.154060 0.640469 -0.000000
v 2.223903 0.640469 -0.001438
v 2.154060 0.640469 -0.000000
v 2.154060 0.740194 -0.000000
v 2.154060 0.740148 -0.000000
v 2.154060 0.640469 -0.001438
v 2.154060 0.740194 -0.001438
v 2.223903 0.640469 0.003987
v 2.154060 0.640469 -0.000000
v 2.154060 0.640469 0.003987
v 2.223903 0.640469 -0.000000
v 2.223903 0.740194 -0.001438
v 2.223903 0.640469 0.003987
v 2.223903 0.740194 0.003987
v 2.223903 0.640469 -0.000000
v 2.223903 0.640469 -0.001438
v 2.223903 0.740194 -0.001438
v 2.154060 0.740194 -0.000000
v 2.154060 0.740194 -0.001438
v 2.154060 0.740194 0.003987
v 2.223903 0.740194 0.003987
v 2.154060 0.740194 0.003987
v 2.154060 0.640469 0.003987
v 2.154060 0.640469 -0.012940
v 2.154060 0.740194 -0.012940
v 2.223903 0.640469 0.010064
v 2.154060 0.640469 0.003987
v 2.154060 0.640469 0.010064
v 2.223903 0.640469 0.003987
v 2.223903 0.640469 0.010064
v 2.223903 0.740194 0.010064
v 2.223903 0.740194 -0.012940
v 2.223903 0.640469 -0.012940
v 2.154060 0.740194 0.010064
v 2.223903 0.740194 0.010064
v 2.223903 0.740194 -0.012940
v 2.154060 0.740194 -0.012940
v 2.154060 0.740194 0.010064
v 2.154060 0.640469 0.010064
v 2.223903 0.640469 0.015489
v 2.223903 0.740194 0.015489
v 2.154060 0.740194 0.015489
v 2.223903 0.740194 0.015489
v 2.154060 0.740194 0.015489
v 2.154060 0.640469 0.015489
vn -0.0000 1.0000 -0.0000
vn -0.0000 -0.0000 -1.0000
vn 1.0000 -0.0000 -0.0000
vn -1.0000 -0.0000 -0.0000
vn -0.0000 -1.0000 -0.0000
vt 25.374149 0.000000
vt 24.577269 0.016404
vt 24.577269 0.000000
vt 25.374149 0.016404
vt 0.000000 7.307585
vt 0.000000 8.445424
vt 0.000000 8.444898
vt 0.016404 7.307585
vt 0.016404 8.445424
vt 25.374149 -0.045487
vt 24.577269 -0.045487
vt -0.016404 8.445424
vt 0.045487 7.307585
vt 0.045487 8.445424
vt -0.016404 7.307585
vt -25.374149 0.016404
vt -24.577269 0.000000
vt -24.577269 0.016404
vt -24.577269 -0.045487
vt -25.374149 -0.045487
vt -0.045487 8.445424
vt -0.045487 7.307585
vt 0.147638 7.307585
vt 0.147638 8.445424
vt 25.374149 -0.114829
vt 24.577269 -0.114829
vt 0.114829 7.307585
vt 0.114829 8.445424
vt -0.147638 8.445424
vt -0.147638 7.307585
vt -24.577269 -0.114829
vt -25.374149 -0.114829
vt -25.374149 0.147638
vt -24.577269 0.147638
vt -0.114829 8.445424
vt -0.114829 7.307585
vt 0.176721 7.307585
vt 0.176721 8.445424
vt -24.577269 -0.176721
vt -25.374149 -0.176721
vt -0.176721 8.445424
vt -0.176721 7.307585
s 1
usemtl Wood_Floor_Parquet
f 8002/6267/1222 8003/6268/1222 8004/6269/1222
f 8003/6268/1222 8002/6267/1222 8005/6270/1222
s 0
f 8006/6271/1223 8007/6272/1223 8008/6273/1223
s 1
f 8007/6272/1224 8006/6271/1224 8009/6274/1224
f 8007/6272/1224 8009/6274/1224 8010/6275/1224
f 8011/6276/1222 8012/6269/1222 8013/6277/1222
f 8012/6269/1222 8011/6276/1222 8014/6267/1222
f 8015/6278/1225 8016/6279/1225 8017/6280/1225
f 8016/6279/1225 8015/6278/1225 8018/6271/1225
f 8018/6271/1225 8015/6278/1225 8019/6281/1225
f 8020/6282/1226 8021/6283/1226 8022/6284/1226
f 8021/6283/1226 8020/6282/1226 8023/6285/1226
f 8023/6285/1226 8020/6282/1226 8024/6286/1226
f 8006/6271/1224 8025/6287/1224 8026/6288/1224
f 8025/6287/1224 8006/6271/1224 8008/6273/1224
f 8007/6272/1224 8025/6287/1224 8008/6273/1224
f 8027/6289/1224 8010/6275/1224 8009/6274/1224
f 8010/6275/1224 8027/6289/1224 8028/6290/1224
f 8029/6291/1222 8030/6277/1222 8031/6292/1222
f 8030/6277/1222 8029/6291/1222 8032/6276/1222
f 8017/6280/1225 8033/6293/1225 8034/6294/1225
f 8033/6293/1225 8017/6280/1225 8016/6279/1225
f 8035/6295/1225 8019/6281/1225 8015/6278/1225
f 8019/6281/1225 8035/6295/1225 8036/6296/1225
f 8024/6286/1226 8037/6297/1226 8023/6285/1226
f 8037/6297/1226 8024/6286/1226 8038/6298/1226
f 8039/6299/1226 8022/6284/1226 8040/6300/1226
f 8022/6284/1226 8039/6299/1226 8020/6282/1226
f 8026/6288/1224 8041/6301/1224 8042/6302/1224
f 8041/6301/1224 8026/6288/1224 8025/6287/1224
f 8034/6294/1225 8043/6303/1225 8044/6304/1225
f 8043/6303/1225 8034/6294/1225 8033/6293/1225
f 8038/6298/1226 8045/6305/1226 8037/6297/1226
f 8045/6305/1226 8038/6298/1226 8046/6306/1226
f 8042/6302/1224 8047/6307/1224 8048/6308/1224
f 8047/6307/1224 8042/6302/1224 8041/6301/1224
o SketchUp.235
v 2.383840 0.640469 -0.000000
v 2.311955 0.640469 -0.001438
v 2.311955 0.640469 -0.000000
v 2.383840 0.640469 -0.001438
v 2.311955 0.640469 -0.001438
v 2.311955 0.740148 -0.000000
v 2.311955 0.640469 -0.000000
v 2.311955 0.740194 -0.001438
v 2.311955 0.740194 -0.000000
v 2.383840 0.640469 0.003987
v 2.311955 0.640469 -0.000000
v 2.311955 0.640469 0.003987
v 2.383840 0.640469 -0.000000
v 2.383840 0.740194 -0.001438
v 2.383840 0.640469 -0.000000
v 2.383840 0.740148 -0.000000
v 2.383840 0.640469 -0.001438
v 2.383840 0.740194 -0.001438
v 2.311955 0.740194 -0.000000
v 2.311955 0.740194 -0.001438
v 2.311955 0.740194 0.003987
v 2.383840 0.740194 0.003987
v 2.311955 0.740194 0.003987
v 2.311955 0.640469 0.003987
v 2.311955 0.640469 -0.012940
v 2.311955 0.740194 -0.012940
v 2.383840 0.640469 0.010064
v 2.311955 0.640469 0.003987
v 2.311955 0.640469 0.010064
v 2.383840 0.640469 0.003987
v 2.383840 0.740194 0.003987
v 2.383840 0.640469 0.003987
v 2.383840 0.640469 -0.012940
v 2.383840 0.740194 -0.012940
v 2.311955 0.740194 0.010064
v 2.383840 0.740194 0.010064
v 2.383840 0.740194 -0.012940
v 2.311955 0.740194 -0.012940
v 2.311955 0.740194 0.010064
v 2.311955 0.640469 0.010064
v 2.383840 0.640469 0.010064
v 2.383840 0.740194 0.010064
v 2.311955 0.740194 0.015489
v 2.383840 0.740194 0.015489
v 2.311955 0.740194 0.015489
v 2.311955 0.640469 0.015489
v 2.383840 0.640469 0.015489
v 2.383840 0.740194 0.015489
vn -0.0000 1.0000 -0.0000
vn 1.0000 -0.0000 -0.0000
vn -1.0000 -0.0001 -0.0000
vn -1.0000 -0.0000 -0.0000
vn -0.0000 -1.0000 -0.0000
vt 27.198990 0.000000
vt 26.378799 0.016404
vt 26.378799 0.000000
vt 27.198990 0.016404
vt 0.016404 7.307585
vt 0.000000 8.444898
vt 0.000000 7.307585
vt 0.016404 8.445424
vt 0.000000 8.445424
vt 27.198990 -0.045487
vt 26.378799 -0.045487
vt -0.016404 8.445424
vt -0.016404 7.307585
vt -27.198990 0.016404
vt -26.378799 0.000000
vt -26.378799 0.016404
vt -26.378799 -0.045487
vt -27.198990 -0.045487
vt -0.045487 8.445424
vt -0.045487 7.307585
vt 0.147638 7.307585
vt 0.147638 8.445424
vt 27.198990 -0.114829
vt 26.378799 -0.114829
vt 0.045487 8.445424
vt 0.045487 7.307585
vt -0.147638 7.307585
vt -0.147638 8.445424
vt -26.378799 -0.114829
vt -27.198990 -0.114829
vt -27.198990 0.147638
vt -26.378799 0.147638
vt -0.114829 8.445424
vt -0.114829 7.307585
vt 0.114829 7.307585
vt 0.114829 8.445424
vt -26.378799 -0.176721
vt -27.198990 -0.176721
vt -0.176721 8.445424
vt -0.176721 7.307585
vt 0.176721 7.307585
vt 0.176721 8.445424
s 1
usemtl Wood_Floor_Parquet
f 8049/6309/1227 8050/6310/1227 8051/6311/1227
f 8050/6310/1227 8049/6309/1227 8052/6312/1227
f 8053/6313/1228 8054/6314/1228 8055/6315/1228
f 8054/6314/1228 8056/6316/1228 8057/6317/1228
f 8056/6316/1228 8054/6314/1228 8053/6313/1228
f 8058/6318/1227 8059/6311/1227 8060/6319/1227
f 8059/6311/1227 8058/6318/1227 8061/6309/1227
f 8062/6320/1229 8063/6315/1230 8064/6314/1230
f 8063/6315/1230 8062/6320/1229 8065/6321/1230
f 8066/6322/1231 8067/6323/1231 8068/6324/1231
f 8067/6323/1231 8066/6322/1231 8069/6325/1231
f 8069/6325/1231 8066/6322/1231 8070/6326/1231
f 8055/6315/1228 8071/6327/1228 8072/6328/1228
f 8071/6327/1228 8055/6315/1228 8057/6317/1228
s 0
f 8057/6317/1228 8055/6315/1228 8054/6314/1228
s 1
f 8073/6329/1228 8056/6316/1228 8053/6313/1228
f 8056/6316/1228 8073/6329/1228 8074/6330/1228
f 8075/6331/1227 8076/6319/1227 8077/6332/1227
f 8076/6319/1227 8075/6331/1227 8078/6318/1227
f 8079/6333/1230 8064/6314/1230 8080/6334/1230
f 8064/6314/1230 8079/6333/1230 8062/6320/1229
f 8063/6315/1230 8080/6334/1230 8064/6314/1230
f 8062/6320/1229 8081/6335/1230 8065/6321/1230
f 8081/6335/1230 8062/6320/1229 8082/6336/1230
f 8070/6326/1231 8083/6337/1231 8069/6325/1231
f 8083/6337/1231 8070/6326/1231 8084/6338/1231
f 8085/6339/1231 8068/6324/1231 8086/6340/1231
f 8068/6324/1231 8085/6339/1231 8066/6322/1231
f 8072/6328/1228 8087/6341/1228 8088/6342/1228
f 8087/6341/1228 8072/6328/1228 8071/6327/1228
f 8079/6333/1230 8089/6343/1230 8090/6344/1230
f 8089/6343/1230 8079/6333/1230 8080/6334/1230
f 8084/6338/1231 8091/6345/1231 8083/6337/1231
f 8091/6345/1231 8084/6338/1231 8092/6346/1231
f 8088/6342/1228 8093/6347/1228 8094/6348/1228
f 8093/6347/1228 8088/6342/1228 8087/6341/1228
f 8090/6344/1230 8095/6349/1230 8096/6350/1230
f 8095/6349/1230 8090/6344/1230 8089/6343/1230
o SketchUp.236
v 2.301665 0.740194 0.003987
v 2.301665 0.640469 0.010064
v 2.301665 0.740194 0.010064
v 2.301665 0.640469 0.003987
v 2.301665 0.740194 0.003987
v 2.235652 0.740194 0.010064
v 2.235652 0.740194 0.003987
v 2.301665 0.740194 0.010064
v 2.301665 0.740194 -0.001438
v 2.301665 0.640469 -0.000000
v 2.301665 0.640469 -0.001438
v 2.301665 0.640469 0.010064
v 2.235652 0.640469 0.003987
v 2.235652 0.640469 0.010064
v 2.301665 0.640469 0.003987
v 2.301665 0.640469 0.015489
v 2.301665 0.740194 0.015489
v 2.235652 0.640469 0.003987
v 2.235652 0.740194 0.010064
v 2.235652 0.640469 0.010064
v 2.235652 0.740194 0.003987
v 2.301665 0.740194 -0.001438
v 2.235652 0.740194 -0.000000
v 2.235652 0.740194 -0.001438
v 2.235652 0.740194 0.015489
v 2.301665 0.740194 0.015489
v 2.301665 0.640469 0.003987
v 2.235652 0.640469 -0.000000
v 2.235652 0.640469 0.003987
v 2.301665 0.640469 -0.000000
v 2.301665 0.740194 -0.012940
v 2.301665 0.640469 -0.012940
v 2.301665 0.640469 -0.000000
v 2.235652 0.640469 -0.001438
v 2.235652 0.640469 -0.000000
v 2.301665 0.640469 -0.001438
v 2.235652 0.740194 0.015489
v 2.235652 0.640469 0.015489
v 2.235652 0.640469 -0.000000
v 2.235652 0.740194 -0.000000
v 2.235652 0.740148 -0.000000
v 2.235652 0.640469 -0.001438
v 2.235652 0.740194 -0.001438
v 2.301665 0.740194 -0.012940
v 2.235652 0.740194 -0.012940
v 2.235652 0.640469 -0.012940
v 2.235652 0.740194 -0.012940
vn -1.0000 -0.0000 -0.0000
vn -0.0000 -1.0000 -0.0000
vn -0.0000 1.0000 -0.0000
vn 1.0000 -0.0000 -0.0000
vt 0.045487 8.445424
vt 0.114829 7.307585
vt 0.114829 8.445424
vt 0.045487 7.307585
vt -26.261400 -0.045487
vt -25.508209 -0.114829
vt -25.508209 -0.045487
vt -26.261400 -0.114829
vt -0.016404 8.445424
vt -0.000000 7.307585
vt -0.016404 7.307585
vt 26.261400 -0.114829
vt 25.508209 -0.045487
vt 25.508209 -0.114829
vt 26.261400 -0.045487
vt 0.176721 7.307585
vt 0.176721 8.445424
vt -0.045487 7.307585
vt -0.114829 8.445424
vt -0.114829 7.307585
vt -0.045487 8.445424
vt -26.261400 0.016404
vt -25.508209 0.000000
vt -25.508209 0.016404
vt -25.508209 -0.176721
vt -26.261400 -0.176721
vt 25.508209 -0.000000
vt 26.261400 -0.000000
vt -0.147638 8.445424
vt -0.147638 7.307585
vt 25.508209 0.016404
vt 26.261400 0.016404
vt -0.176721 8.445424
vt -0.176721 7.307585
vt 0.000000 8.445424
vt 0.000000 8.444898
vt 0.016404 7.307585
vt 0.016404 8.445424
vt -26.261400 0.147638
vt -25.508209 0.147638
vt 0.147638 7.307585
vt 0.147638 8.445424
s 1
usemtl Wood_Floor_Parquet
f 8097/6351/1232 8098/6352/1232 8099/6353/1232
f 8098/6352/1232 8097/6351/1232 8100/6354/1232
f 8101/6355/1233 8102/6356/1233 8103/6357/1233
f 8102/6356/1233 8101/6355/1233 8104/6358/1233
f 8105/6359/1232 8100/6354/1232 8097/6351/1232
f 8100/6354/1232 8105/6359/1232 8106/6360/1232
f 8106/6360/1232 8105/6359/1232 8107/6361/1232
f 8108/6362/1234 8109/6363/1234 8110/6364/1234
f 8109/6363/1234 8108/6362/1234 8111/6365/1234
f 8099/6353/1232 8112/6366/1232 8113/6367/1232
f 8112/6366/1232 8099/6353/1232 8098/6352/1232
f 8114/6368/1235 8115/6369/1235 8116/6370/1235
f 8115/6369/1235 8114/6368/1235 8117/6371/1235
f 8118/6372/1233 8119/6373/1233 8120/6374/1233
f 8119/6373/1233 8118/6372/1233 8103/6357/1233
f 8103/6357/1233 8118/6372/1233 8101/6355/1233
f 8104/6358/1233 8121/6375/1233 8102/6356/1233
f 8121/6375/1233 8104/6358/1233 8122/6376/1233
f 8123/6365/1234 8124/6377/1234 8125/6363/1234
f 8124/6377/1234 8123/6365/1234 8126/6378/1234
f 8127/6379/1232 8107/6361/1232 8105/6359/1232
f 8107/6361/1232 8127/6379/1232 8128/6380/1232
f 8129/6378/1234 8130/6381/1234 8131/6377/1234
f 8130/6381/1234 8129/6378/1234 8132/6382/1234
f 8116/6370/1235 8133/6383/1235 8134/6384/1235
f 8133/6383/1235 8116/6370/1235 8115/6369/1235
f 8135/6360/1235 8117/6371/1235 8114/6368/1235
f 8117/6371/1235 8135/6360/1235 8136/6385/1235
s 0
f 8136/6385/1235 8135/6360/1235 8137/6386/1235
s 1
f 8138/6387/1235 8137/6386/1235 8135/6360/1235
f 8137/6386/1235 8139/6388/1235 8136/6385/1235
f 8139/6388/1235 8137/6386/1235 8138/6387/1235
f 8140/6389/1233 8120/6374/1233 8141/6390/1233
f 8120/6374/1233 8140/6389/1233 8118/6372/1233
f 8142/6391/1235 8139/6388/1235 8138/6387/1235
f 8139/6388/1235 8142/6391/1235 8143/6392/1235
o SketchUp.237
v 2.010279 0.710953 0.003987
v 2.017595 0.719550 0.010064
v 2.010279 0.710953 0.010064
v 2.017595 0.719550 0.003987
v 2.003864 0.701150 0.003987
v 2.003864 0.701150 0.010064
v 2.010279 0.710953 -0.000000
v 2.017595 0.719550 0.003987
v 2.010279 0.710953 0.003987
v 2.017595 0.719550 -0.000000
v 2.025686 0.726794 0.003987
v 2.025686 0.726794 0.010064
v 2.010279 0.710953 0.010064
v 2.017595 0.719550 0.015489
v 2.010279 0.710953 0.015489
v 2.017595 0.719550 0.010064
v 1.998458 0.690309 0.003987
v 1.998458 0.690309 0.010064
v 2.003864 0.701150 -0.000000
v 2.003864 0.701150 0.003987
v 2.003864 0.701150 0.010064
v 2.003864 0.701150 0.015489
v 2.025686 0.726794 -0.000000
v 2.025686 0.726794 0.003987
v 2.010279 0.710953 -0.001438
v 2.017595 0.719550 -0.000000
v 2.010279 0.710953 -0.000000
v 2.017595 0.719550 -0.001438
v 2.034412 0.732561 0.003987
v 2.034412 0.732561 0.010064
v 2.025686 0.726794 0.010064
v 2.025686 0.726794 0.015489
v 1.994154 0.678615 0.003987
v 1.994154 0.678615 0.010064
v 1.998458 0.690309 -0.000000
v 1.998458 0.690309 0.003987
v 1.998458 0.690309 0.010064
v 1.998458 0.690309 0.015489
v 2.003864 0.701150 -0.001438
v 2.003864 0.701150 -0.000000
v 2.034412 0.732561 -0.000000
v 2.034412 0.732561 0.003987
v 2.025686 0.726794 -0.001438
v 2.025686 0.726794 -0.000000
v 2.010279 0.710953 -0.012940
v 2.017595 0.719550 -0.001438
v 2.010279 0.710953 -0.001438
v 2.017595 0.719550 -0.012940
v 2.043626 0.736752 0.003987
v 2.043626 0.736752 0.010064
v 2.034412 0.732561 0.010064
v 2.034412 0.732561 0.015489
v 1.991027 0.666268 0.003987
v 1.991027 0.666268 0.010064
v 1.994154 0.678615 -0.000000
v 1.994154 0.678615 0.003987
v 1.994154 0.678615 0.010064
v 1.994154 0.678615 0.015489
v 1.998458 0.690309 -0.001438
v 1.998458 0.690309 -0.000000
v 2.003864 0.701150 -0.012940
v 2.003864 0.701150 -0.001438
v 2.043626 0.736752 -0.000000
v 2.043626 0.736752 0.003987
v 2.034412 0.732561 -0.001438
v 2.034412 0.732561 -0.000000
v 2.025686 0.726794 -0.012940
v 2.025686 0.726794 -0.001438
v 2.053170 0.739295 0.003987
v 2.053170 0.739295 0.010064
v 2.043626 0.736752 0.010064
v 2.043626 0.736752 0.015489
v 1.989128 0.653480 0.003987
v 1.989128 0.653480 0.010064
v 1.991027 0.666268 -0.000000
v 1.991027 0.666268 0.003987
v 1.991027 0.666268 0.010064
v 1.991027 0.666268 0.015489
v 1.994154 0.678615 -0.001438
v 1.994154 0.678615 -0.000000
v 1.998458 0.690309 -0.012940
v 1.998458 0.690309 -0.001438
v 2.053170 0.739295 -0.000000
v 2.053170 0.739295 0.003987
v 2.043626 0.736752 -0.001438
v 2.043626 0.736752 -0.000000
v 2.034412 0.732561 -0.012940
v 2.034412 0.732561 -0.001438
v 2.062879 0.740148 0.003987
v 2.062879 0.740148 0.010064
v 2.053170 0.739295 0.010064
v 2.053170 0.739295 0.015489
v 1.988492 0.640469 0.003987
v 1.988492 0.640469 0.010064
v 1.989128 0.653480 -0.000000
v 1.989128 0.653480 0.003987
v 1.989128 0.653480 0.010064
v 1.989128 0.653480 0.015489
v 1.991027 0.666268 -0.001438
v 1.991027 0.666268 -0.000000
v 1.994154 0.678615 -0.012940
v 1.994154 0.678615 -0.001438
v 2.062879 0.740148 -0.000000
v 2.062879 0.740148 0.003987
v 2.053170 0.739295 -0.001438
v 2.053170 0.739295 -0.000000
v 2.043626 0.736752 -0.012940
v 2.043626 0.736752 -0.001438
v 2.062879 0.740148 0.010064
v 2.062879 0.640469 0.003987
v 2.062879 0.640469 0.010064
v 2.062879 0.740148 0.003987
v 2.062879 0.740148 0.015489
v 2.062879 0.640469 0.010064
v 1.988492 0.640469 0.003987
v 1.988492 0.640469 0.010064
v 2.062879 0.640469 0.003987
v 1.988492 0.640469 -0.000000
v 1.988492 0.640469 0.003987
v 1.988492 0.640469 0.010064
v 1.988492 0.640469 0.015489
v 1.989128 0.653480 -0.001438
v 1.989128 0.653480 -0.000000
v 1.991027 0.666268 -0.012940
v 1.991027 0.666268 -0.001438
v 2.062879 0.640469 -0.000000
v 2.062879 0.740148 -0.000000
v 2.062879 0.740148 -0.001438
v 2.062879 0.740148 -0.000000
v 2.053170 0.739295 -0.012940
v 2.053170 0.739295 -0.001438
v 2.062879 0.740148 0.015489
v 2.062879 0.640469 0.015489
v 2.062879 0.640469 0.003987
v 1.988492 0.640469 -0.000000
v 1.988492 0.640469 0.003987
v 2.062879 0.640469 -0.000000
v 1.988492 0.640469 -0.001438
v 1.988492 0.640469 -0.000000
v 1.989128 0.653480 -0.012940
v 1.989128 0.653480 -0.001438
v 2.062879 0.640469 -0.001438
v 2.062879 0.740148 -0.001438
v 2.062879 0.740148 -0.012940
v 2.062879 0.740148 -0.001438
v 2.062879 0.640469 -0.000000
v 1.988492 0.640469 -0.001438
v 1.988492 0.640469 -0.000000
v 2.062879 0.640469 -0.001438
v 1.988492 0.640469 -0.012940
v 1.988492 0.640469 -0.001438
v 2.062879 0.640469 -0.012940
v 2.062879 0.740148 -0.012940
vn 0.8007 -0.5990 -0.0000
vn 0.7159 -0.6982 -0.0000
vn 0.8673 -0.4978 -0.0000
vn 0.6108 -0.7918 -0.0000
vn 0.9181 -0.3964 -0.0000
vn 0.8673 -0.4977 -0.0000
vn 0.4842 -0.8750 -0.0000
vn 0.9552 -0.2959 -0.0000
vn 0.3369 -0.9415 -0.0000
vn 0.9805 -0.1965 -0.0000
vn 0.9805 -0.1964 -0.0000
vn 0.1731 -0.9849 -0.0000
vn 0.9952 -0.0980 -0.0000
vn 0.0875 -0.9962 -0.0000
vn 0.9988 -0.0488 -0.0000
vn -1.0000 -0.0000 -0.0000
vn -0.0000 1.0000 -0.0000
vt -0.045487 21.042429
vt -0.114829 21.171219
vt -0.114829 21.042429
vt -0.045487 21.171219
vt -0.045487 19.214119
vt -0.114829 19.347790
vt -0.114829 19.214119
vt -0.045487 19.347790
vt -0.000000 21.042429
vt -0.000000 21.171219
vt -0.045487 22.750639
vt -0.114829 22.626740
vt -0.045487 22.626740
vt -0.114829 22.750639
vt -0.176721 21.171219
vt -0.176721 21.042429
vt -0.045487 17.223669
vt -0.114829 17.361889
vt -0.114829 17.223669
vt -0.045487 17.361889
vt -0.000000 19.214119
vt -0.000000 19.347790
vt -0.176721 19.347790
vt -0.176721 19.214119
vt -0.000000 22.750639
vt -0.000000 22.626740
vt 0.016404 21.042429
vt 0.016404 21.171219
vt -0.045487 23.973869
vt -0.114829 23.854519
vt -0.045487 23.854519
vt -0.114829 23.973869
vt -0.176721 22.626740
vt -0.176721 22.750639
vt -0.045487 15.124559
vt -0.114829 15.266740
vt -0.114829 15.124559
vt -0.045487 15.266740
vt -0.000000 17.223669
vt -0.000000 17.361889
vt -0.176721 17.361889
vt -0.176721 17.223669
vt 0.016404 19.214119
vt 0.016404 19.347790
vt -0.000000 23.973869
vt -0.000000 23.854519
vt 0.016404 22.750639
vt 0.016404 22.626740
vt 0.147638 21.042429
vt 0.147638 21.171219
vt -0.045487 24.705189
vt -0.114829 24.589689
vt -0.045487 24.589689
vt -0.114829 24.705189
vt -0.176721 23.854519
vt -0.176721 23.973869
vt -0.045487 12.947740
vt -0.114829 13.093060
vt -0.114829 12.947740
vt -0.045487 13.093060
vt -0.000000 15.124559
vt -0.000000 15.266740
vt -0.176721 15.266740
vt -0.176721 15.124559
vt 0.016404 17.223669
vt 0.016404 17.361889
vt 0.147638 19.214119
vt 0.147638 19.347790
vt -0.000000 24.705189
vt -0.000000 24.589689
vt 0.016404 23.973869
vt 0.016404 23.854519
vt 0.147638 22.750639
vt 0.147638 22.626740
vt -0.045487 24.808329
vt -0.114829 24.695639
vt -0.045487 24.695639
vt -0.114829 24.808329
vt -0.176721 24.589689
vt -0.176721 24.705189
vt -0.045487 10.707660
vt -0.114829 10.855169
vt -0.114829 10.707660
vt -0.045487 10.855169
vt -0.000000 12.947740
vt -0.000000 13.093060
vt -0.176721 13.093060
vt -0.176721 12.947740
vt 0.016404 15.124559
vt 0.016404 15.266740
vt 0.147638 17.223669
vt 0.147638 17.361889
vt -0.000000 24.808329
vt -0.000000 24.695639
vt 0.016404 24.705189
vt 0.016404 24.589689
vt 0.147638 23.973869
vt 0.147638 23.854519
vt -0.045487 24.185509
vt -0.114829 24.074299
vt -0.045487 24.074299
vt -0.114829 24.185509
vt -0.176721 24.695639
vt -0.176721 24.808329
vt -0.045487 8.407281
vt -0.114829 8.555908
vt -0.114829 8.407281
vt -0.045487 8.555908
vt -0.000000 10.707660
vt -0.000000 10.855169
vt -0.176721 10.855169
vt -0.176721 10.707660
vt 0.016404 12.947740
vt 0.016404 13.093060
vt 0.147638 15.124559
vt 0.147638 15.266740
vt -0.000000 24.185509
vt -0.000000 24.074299
vt 0.016404 24.808329
vt 0.016404 24.695639
vt 0.147638 24.705189
vt 0.147638 24.589689
vt 0.114829 8.444898
vt 0.045487 7.307585
vt 0.114829 7.307585
vt 0.045487 8.444898
vt -0.176721 24.074299
vt -0.176721 24.185509
vt 23.536909 -0.114829
vt 22.688169 -0.045487
vt 22.688169 -0.114829
vt 23.536909 -0.045487
vt -0.000000 8.407281
vt -0.000000 8.555908
vt -0.176721 8.555908
vt -0.176721 8.407281
vt 0.016404 10.707660
vt 0.016404 10.855169
vt 0.147638 12.947740
vt 0.147638 13.093060
vt -0.000000 7.307585
vt -0.000000 8.444898
vt 0.016404 24.185509
vt 0.016404 24.074299
vt 0.147638 24.808329
vt 0.147638 24.695639
vt 0.176721 8.444898
vt 0.176721 7.307585
vt 22.688169 0.000000
vt 23.536909 0.000000
vt 0.016404 8.407281
vt 0.016404 8.555908
vt 0.147638 10.707660
vt 0.147638 10.855169
vt -0.016404 7.307585
vt -0.016404 8.444898
vt 0.147638 24.185509
vt 0.147638 24.074299
vt 22.688169 0.016404
vt 23.536909 0.016404
vt 0.147638 8.407281
vt 0.147638 8.555908
vt -0.147638 7.307585
vt -0.147638 8.444898
s 1
usemtl Wood_Floor_Parquet
f 8144/6393/1236 8145/6394/1237 8146/6395/1236
f 8145/6394/1237 8144/6393/1236 8147/6396/1237
f 8148/6397/1238 8146/6398/1236 8149/6399/1238
f 8146/6398/1236 8148/6397/1238 8144/6400/1236
f 8150/6401/1236 8151/6396/1237 8152/6393/1236
f 8151/6396/1237 8150/6401/1236 8153/6402/1237
f 8154/6403/1239 8145/6404/1237 8147/6405/1237
f 8145/6404/1237 8154/6403/1239 8155/6406/1239
f 8156/6395/1236 8157/6407/1237 8158/6408/1236
f 8157/6407/1237 8156/6395/1236 8159/6394/1237
f 8160/6409/1240 8149/6410/1238 8161/6411/1240
f 8149/6410/1238 8160/6409/1240 8148/6412/1238
f 8162/6413/1241 8152/6400/1236 8163/6397/1238
f 8152/6400/1236 8162/6413/1241 8150/6414/1236
f 8164/6399/1238 8158/6415/1236 8165/6416/1238
f 8158/6415/1236 8164/6399/1238 8156/6398/1236
f 8166/6417/1239 8151/6405/1237 8153/6418/1237
f 8151/6405/1237 8166/6417/1239 8167/6403/1239
f 8168/6419/1236 8169/6402/1237 8170/6401/1236
f 8169/6402/1237 8168/6419/1236 8171/6420/1237
f 8172/6421/1242 8155/6422/1239 8154/6423/1239
f 8155/6422/1239 8172/6421/1242 8173/6424/1242
f 8174/6406/1239 8157/6425/1237 8159/6404/1237
f 8157/6425/1237 8174/6406/1239 8175/6426/1239
f 8176/6427/1243 8161/6428/1240 8177/6429/1243
f 8161/6428/1240 8176/6427/1243 8160/6430/1240
f 8178/6431/1240 8163/6412/1238 8179/6409/1240
f 8163/6412/1238 8178/6431/1240 8162/6432/1241
f 8180/6411/1240 8165/6433/1238 8181/6434/1240
f 8165/6433/1238 8180/6411/1240 8164/6410/1238
f 8182/6435/1238 8170/6414/1236 8183/6413/1238
f 8170/6414/1236 8182/6435/1238 8168/6436/1236
f 8184/6437/1242 8167/6423/1239 8166/6438/1239
f 8167/6423/1239 8184/6437/1242 8185/6421/1242
f 8186/6439/1239 8169/6418/1237 8171/6440/1237
f 8169/6418/1237 8186/6439/1239 8187/6417/1239
f 8188/6441/1236 8189/6420/1237 8190/6419/1236
f 8189/6420/1237 8188/6441/1236 8191/6442/1237
f 8192/6443/1244 8173/6444/1242 8172/6445/1242
f 8173/6444/1242 8192/6443/1244 8193/6446/1244
f 8194/6424/1242 8175/6447/1239 8174/6422/1239
f 8175/6447/1239 8194/6424/1242 8195/6448/1242
f 8196/6449/1245 8177/6450/1243 8197/6451/1246
f 8177/6450/1243 8196/6449/1245 8176/6452/1243
f 8198/6453/1243 8179/6430/1240 8199/6427/1243
f 8179/6430/1240 8198/6453/1243 8178/6454/1240
f 8200/6429/1243 8181/6455/1240 8201/6456/1243
f 8181/6455/1240 8200/6429/1243 8180/6428/1240
f 8202/6457/1240 8183/6432/1238 8203/6431/1240
f 8183/6432/1238 8202/6457/1240 8182/6458/1238
f 8204/6459/1238 8190/6436/1236 8205/6435/1238
f 8190/6436/1236 8204/6459/1238 8188/6460/1236
f 8206/6461/1244 8185/6445/1242 8184/6462/1242
f 8185/6445/1242 8206/6461/1244 8207/6443/1244
f 8208/6463/1242 8187/6438/1239 8186/6464/1239
f 8187/6438/1239 8208/6463/1242 8209/6437/1242
f 8210/6465/1239 8189/6440/1237 8191/6466/1237
f 8189/6440/1237 8210/6465/1239 8211/6439/1239
f 8212/6467/1247 8193/6468/1244 8192/6469/1244
f 8193/6468/1244 8212/6467/1247 8213/6470/1247
f 8214/6446/1244 8195/6471/1242 8194/6444/1242
f 8195/6471/1242 8214/6446/1244 8215/6472/1244
f 8216/6473/1248 8197/6474/1246 8217/6475/1248
f 8197/6474/1246 8216/6473/1248 8196/6476/1245
f 8218/6477/1246 8199/6452/1243 8219/6449/1246
f 8199/6452/1243 8218/6477/1246 8198/6478/1243
f 8220/6451/1246 8201/6479/1243 8221/6480/1246
f 8201/6479/1243 8220/6451/1246 8200/6450/1243
f 8222/6481/1243 8203/6454/1240 8223/6453/1243
f 8203/6454/1240 8222/6481/1243 8202/6482/1240
f 8224/6483/1240 8205/6458/1238 8225/6457/1240
f 8205/6458/1238 8224/6483/1240 8204/6484/1238
f 8226/6485/1247 8207/6469/1244 8206/6486/1244
f 8207/6469/1244 8226/6485/1247 8227/6467/1247
f 8228/6487/1244 8209/6462/1242 8208/6488/1242
f 8209/6462/1242 8228/6487/1244 8229/6461/1244
f 8230/6489/1242 8211/6464/1239 8210/6490/1239
f 8211/6464/1239 8230/6489/1242 8231/6463/1242
f 8232/6491/1249 8213/6492/1247 8212/6493/1247
f 8213/6492/1247 8232/6491/1249 8233/6494/1249
f 8234/6470/1247 8215/6495/1244 8214/6468/1244
f 8215/6495/1244 8234/6470/1247 8235/6496/1247
f 8236/6497/1250 8217/6498/1248 8237/6499/1250
f 8217/6498/1248 8236/6497/1250 8216/6500/1248
f 8238/6501/1248 8219/6476/1246 8239/6473/1248
f 8219/6476/1246 8238/6501/1248 8218/6502/1246
f 8240/6475/1248 8221/6503/1246 8241/6504/1248
f 8221/6503/1246 8240/6475/1248 8220/6474/1246
f 8242/6505/1246 8223/6478/1243 8243/6477/1246
f 8223/6478/1243 8242/6505/1246 8222/6506/1243
f 8244/6507/1243 8225/6482/1240 8245/6481/1243
f 8225/6482/1240 8244/6507/1243 8224/6508/1240
f 8246/6509/1249 8227/6493/1247 8226/6510/1247
f 8227/6493/1247 8246/6509/1249 8247/6491/1249
f 8248/6511/1247 8229/6486/1244 8228/6512/1244
f 8229/6486/1244 8248/6511/1247 8249/6485/1247
f 8250/6513/1244 8231/6488/1242 8230/6514/1242
f 8231/6488/1242 8250/6513/1244 8251/6487/1244
f 8252/6515/1251 8253/6516/1251 8254/6517/1251
f 8253/6516/1251 8252/6515/1251 8255/6518/1251
f 8233/6494/1249 8235/6519/1247 8234/6492/1247
f 8235/6519/1247 8233/6494/1249 8256/6520/1249
f 8257/6521/1252 8258/6522/1252 8259/6523/1252
f 8258/6522/1252 8257/6521/1252 8260/6524/1252
f 8261/6525/1250 8239/6500/1248 8262/6497/1250
f 8239/6500/1248 8261/6525/1250 8238/6526/1248
f 8263/6499/1250 8241/6527/1248 8264/6528/1250
f 8241/6527/1248 8263/6499/1250 8240/6498/1248
f 8265/6529/1248 8243/6502/1246 8266/6501/1248
f 8243/6502/1246 8265/6529/1248 8242/6530/1246
f 8267/6531/1246 8245/6506/1243 8268/6505/1246
f 8245/6506/1243 8267/6531/1246 8244/6532/1243
f 8255/6518/1251 8269/6533/1251 8253/6516/1251
f 8269/6533/1251 8255/6518/1251 8270/6534/1251
f 8271/6535/1249 8249/6510/1247 8248/6536/1247
f 8249/6510/1247 8271/6535/1249 8272/6509/1249
f 8273/6537/1247 8251/6512/1244 8250/6538/1244
f 8251/6512/1244 8273/6537/1247 8274/6511/1247
f 8275/6539/1251 8254/6517/1251 8276/6540/1251
f 8254/6517/1251 8275/6539/1251 8252/6515/1251
f 8277/6524/1252 8278/6541/1252 8279/6522/1252
f 8278/6541/1252 8277/6524/1252 8280/6542/1252
f 8281/6543/1250 8266/6526/1248 8282/6525/1250
f 8266/6526/1248 8281/6543/1250 8265/6544/1248
f 8283/6545/1248 8268/6530/1246 8284/6529/1248
f 8268/6530/1246 8283/6545/1248 8267/6546/1246
f 8270/6534/1251 8285/6547/1251 8269/6533/1251
f 8285/6547/1251 8270/6534/1251 8286/6548/1251
f 8287/6549/1249 8274/6536/1247 8273/6550/1247
f 8274/6536/1247 8287/6549/1249 8288/6535/1249
f 8289/6542/1252 8290/6551/1252 8291/6541/1252
f 8290/6551/1252 8289/6542/1252 8292/6552/1252
f 8293/6553/1250 8284/6544/1248 8294/6543/1250
f 8284/6544/1248 8293/6553/1250 8283/6554/1248
f 8286/6548/1251 8295/6555/1251 8285/6547/1251
f 8295/6555/1251 8286/6548/1251 8296/6556/1251
o SketchUp.238
v 2.145469 0.640469 -0.000000
v 2.071956 0.640469 -0.001438
v 2.071956 0.640469 -0.000000
v 2.145469 0.640469 -0.001438
v 2.071956 0.640469 -0.001438
v 2.071956 0.740148 -0.000000
v 2.071956 0.640469 -0.000000
v 2.071956 0.740194 -0.000000
v 2.071956 0.740194 -0.001438
v 2.145469 0.640469 0.003987
v 2.071956 0.640469 -0.000000
v 2.071956 0.640469 0.003987
v 2.145469 0.640469 -0.000000
v 2.145469 0.740194 -0.001438
v 2.145469 0.640469 0.003987
v 2.145469 0.740194 0.003987
v 2.145469 0.640469 -0.000000
v 2.145469 0.640469 -0.001438
v 2.145469 0.740194 -0.001438
v 2.071956 0.740194 -0.000000
v 2.071956 0.740194 -0.001438
v 2.071956 0.740194 0.003987
v 2.145469 0.740194 0.003987
v 2.071956 0.740194 0.003987
v 2.071956 0.640469 0.003987
v 2.071956 0.640469 -0.012940
v 2.071956 0.740194 -0.012940
v 2.145469 0.640469 0.010064
v 2.071956 0.640469 0.003987
v 2.071956 0.640469 0.010064
v 2.145469 0.640469 0.003987
v 2.145469 0.640469 0.010064
v 2.145469 0.740194 0.010064
v 2.145469 0.740194 -0.012940
v 2.145469 0.640469 -0.012940
v 2.071956 0.740194 0.010064
v 2.145469 0.740194 0.010064
v 2.145469 0.740194 -0.012940
v 2.071956 0.740194 -0.012940
v 2.071956 0.740194 0.010064
v 2.071956 0.640469 0.010064
v 2.145469 0.640469 0.015489
v 2.145469 0.740194 0.015489
v 2.071956 0.740194 0.015489
v 2.145469 0.740194 0.015489
v 2.071956 0.740194 0.015489
v 2.071956 0.640469 0.015489
vn -0.0000 1.0000 -0.0000
vn 1.0000 -0.0000 -0.0000
vn -1.0000 -0.0000 -0.0000
vn -0.0000 -1.0000 -0.0000
vn -0.0001 1.0000 -0.0000
vt 24.479239 0.000000
vt 23.640480 0.016404
vt 23.640480 0.000000
vt 24.479239 0.016404
vt 0.016404 7.307585
vt 0.000000 8.444898
vt 0.000000 7.307585
vt 0.000000 8.445424
vt 0.016404 8.445424
vt 24.479239 -0.045487
vt 23.640480 -0.045487
vt -0.016404 8.445424
vt 0.045487 7.307585
vt 0.045487 8.445424
vt -0.016404 7.307585
vt -24.479239 0.016404
vt -23.640480 0.000000
vt -23.640480 0.016404
vt -23.640480 -0.045487
vt -24.479239 -0.045487
vt -0.045487 8.445424
vt -0.045487 7.307585
vt 0.147638 7.307585
vt 0.147638 8.445424
vt 24.479239 -0.114829
vt 23.640480 -0.114829
vt 0.114829 7.307585
vt 0.114829 8.445424
vt -0.147638 8.445424
vt -0.147638 7.307585
vt -23.640480 -0.114829
vt -24.479239 -0.114829
vt -24.479239 0.147638
vt -23.640480 0.147638
vt -0.114829 8.445424
vt -0.114829 7.307585
vt 0.176721 7.307585
vt 0.176721 8.445424
vt -23.640480 -0.176721
vt -24.479239 -0.176721
vt -0.176721 8.445424
vt -0.176721 7.307585
s 1
usemtl Wood_Floor_Parquet
f 8297/6557/1253 8298/6558/1253 8299/6559/1253
f 8298/6558/1253 8297/6557/1253 8300/6560/1253
f 8301/6561/1254 8302/6562/1254 8303/6563/1254
f 8302/6562/1254 8301/6561/1254 8304/6564/1254
f 8304/6564/1254 8301/6561/1254 8305/6565/1254
f 8306/6566/1253 8307/6559/1253 8308/6567/1253
f 8307/6559/1253 8306/6566/1253 8309/6557/1253
f 8310/6568/1255 8311/6569/1255 8312/6570/1255
f 8311/6569/1255 8310/6568/1255 8313/6563/1255
f 8313/6563/1255 8310/6568/1255 8314/6571/1255
f 8315/6572/1256 8316/6573/1256 8317/6574/1256
f 8316/6573/1256 8315/6572/1256 8318/6575/1256
f 8318/6575/1256 8315/6572/1256 8319/6576/1256
f 8303/6563/1254 8320/6577/1254 8321/6578/1254
f 8320/6577/1254 8303/6563/1254 8304/6564/1254
s 0
f 8304/6564/1257 8303/6563/1253 8302/6562/1253
s 1
f 8322/6579/1254 8305/6565/1254 8301/6561/1254
f 8305/6565/1254 8322/6579/1254 8323/6580/1254
f 8324/6581/1253 8325/6567/1253 8326/6582/1253
f 8325/6567/1253 8324/6581/1253 8327/6566/1253
f 8312/6570/1255 8328/6583/1255 8329/6584/1255
f 8328/6583/1255 8312/6570/1255 8311/6569/1255
f 8330/6585/1255 8314/6571/1255 8310/6568/1255
f 8314/6571/1255 8330/6585/1255 8331/6586/1255
f 8319/6576/1256 8332/6587/1256 8318/6575/1256
f 8332/6587/1256 8319/6576/1256 8333/6588/1256
f 8334/6589/1256 8317/6574/1256 8335/6590/1256
f 8317/6574/1256 8334/6589/1256 8315/6572/1256
f 8321/6578/1254 8336/6591/1254 8337/6592/1254
f 8336/6591/1254 8321/6578/1254 8320/6577/1254
f 8329/6584/1255 8338/6593/1255 8339/6594/1255
f 8338/6593/1255 8329/6584/1255 8328/6583/1255
f 8333/6588/1256 8340/6595/1256 8332/6587/1256
f 8340/6595/1256 8333/6588/1256 8341/6596/1256
f 8337/6592/1254 8342/6597/1254 8343/6598/1254
f 8342/6597/1254 8337/6592/1254 8336/6591/1254
o SketchUp.239
v 1.185068 0.736777 -0.007189
v 1.185068 0.736561 -0.007189
v 1.174282 0.735865 -0.007189
v 1.102426 0.630168 -0.007189
v 1.110681 0.501009 -0.007189
v 1.102426 0.501009 -0.007189
v 1.110681 0.622158 -0.007189
v 1.185068 0.622158 -0.007189
v 1.194145 0.622158 -0.007189
v 1.267659 0.622158 -0.007189
v 1.276250 0.622158 -0.007189
v 1.346092 0.622158 -0.007189
v 1.357841 0.622158 -0.007189
v 1.423854 0.622158 -0.007189
v 1.434144 0.622158 -0.007189
v 1.506029 0.622158 -0.007189
v 1.515748 0.622158 -0.007189
v 1.599034 0.622158 -0.007189
v 1.110681 0.630168 -0.007189
v 1.111317 0.643179 -0.007189
v 1.103133 0.644084 -0.007189
v 1.113216 0.655967 -0.007189
v 1.105242 0.657761 -0.007189
v 1.116343 0.668314 -0.007189
v 1.108717 0.670966 -0.007189
v 1.120647 0.680008 -0.007189
v 1.113498 0.683473 -0.007189
v 1.126053 0.690849 -0.007189
v 1.119503 0.695068 -0.007189
v 1.132469 0.700652 -0.007189
v 1.126631 0.705552 -0.007189
v 1.139784 0.709249 -0.007189
v 1.134759 0.714747 -0.007189
v 1.147875 0.716493 -0.007189
v 1.143747 0.722494 -0.007189
v 1.156601 0.722259 -0.007189
v 1.165815 0.726451 -0.007189
v 1.153443 0.728662 -0.007189
v 1.175359 0.728995 -0.007189
v 1.163679 0.733144 -0.007189
v 1.185068 0.729847 -0.007189
v 1.194145 0.729893 -0.007189
v 1.267659 0.729893 -0.007189
v 1.276250 0.729893 -0.007189
v 1.346092 0.729893 -0.007189
v 1.357841 0.729893 -0.007189
v 1.423854 0.729893 -0.007189
v 1.434144 0.729893 -0.007189
v 1.506029 0.729893 -0.007189
v 1.515748 0.730112 -0.007189
v 1.539487 0.732942 -0.007189
v 1.527720 0.735657 -0.007189
v 1.515748 0.736561 -0.007189
v 1.515748 0.736567 -0.007189
v 1.607471 0.490708 -0.007189
v 1.102426 0.490708 -0.007189
v 1.599034 0.501009 -0.007189
v 1.607471 0.630168 -0.007189
v 1.185068 0.501009 -0.007189
v 1.194145 0.501009 -0.007189
v 1.267659 0.501009 -0.007189
v 1.276250 0.501009 -0.007189
v 1.346092 0.501009 -0.007189
v 1.357841 0.501009 -0.007189
v 1.423854 0.501009 -0.007189
v 1.434144 0.501009 -0.007189
v 1.506029 0.501009 -0.007189
v 1.515748 0.501009 -0.007189
v 1.599034 0.630168 -0.007189
v 1.598322 0.643213 -0.007189
v 1.606687 0.644056 -0.007189
v 1.596196 0.656035 -0.007189
v 1.604346 0.657706 -0.007189
v 1.592694 0.668415 -0.007189
v 1.600489 0.670885 -0.007189
v 1.587876 0.680140 -0.007189
v 1.595183 0.683368 -0.007189
v 1.581823 0.691010 -0.007189
v 1.588517 0.694940 -0.007189
v 1.574640 0.700839 -0.007189
v 1.580606 0.705404 -0.007189
v 1.566449 0.709459 -0.007189
v 1.571585 0.714580 -0.007189
v 1.557391 0.716722 -0.007189
v 1.561610 0.722312 -0.007189
v 1.547620 0.722504 -0.007189
v 1.550849 0.728468 -0.007189
v 1.537304 0.726706 -0.007189
v 1.526619 0.729256 -0.007189
v 1.185068 0.630168 -0.007189
v 1.515748 0.630168 -0.007189
v 1.194145 0.630168 -0.007189
v 1.267659 0.630168 -0.007189
v 1.276250 0.630168 -0.007189
v 1.346092 0.630168 -0.007189
v 1.357841 0.630168 -0.007189
v 1.423854 0.630168 -0.007189
v 1.434144 0.630168 -0.007189
v 1.506029 0.630168 -0.007189
v 1.607471 0.490708 -0.007189
v 1.102426 0.490708 -0.000000
v 1.102426 0.490708 -0.007189
v 1.607471 0.490708 -0.000000
v 1.102426 0.501009 0.011502
v 1.102426 0.490708 -0.000000
v 1.102426 0.490708 0.011502
v 1.102426 0.501009 0.010064
v 1.102426 0.501009 -0.000000
v 1.102426 0.501009 -0.007189
v 1.102426 0.490708 -0.007189
v 1.185068 0.501009 -0.000000
v 1.110681 0.501009 -0.007189
v 1.110681 0.501009 -0.000000
v 1.185068 0.501009 -0.007189
v 1.185068 0.622158 -0.007189
v 1.185068 0.501009 -0.000000
v 1.185068 0.622158 -0.000000
v 1.185068 0.501009 -0.007189
v 1.185068 0.622158 -0.007189
v 1.110681 0.622158 -0.000000
v 1.110681 0.622158 -0.007189
v 1.185068 0.622158 -0.000000
v 1.110681 0.501009 -0.007189
v 1.110681 0.622158 -0.000000
v 1.110681 0.501009 -0.000000
v 1.110681 0.622158 -0.007189
v 1.102426 0.630168 -0.007189
v 1.102426 0.630168 -0.000000
v 1.103133 0.644084 -0.000000
v 1.102426 0.630168 -0.007189
v 1.102426 0.630168 -0.000000
v 1.103133 0.644084 -0.007189
v 1.105242 0.657761 -0.000000
v 1.105242 0.657761 -0.007189
v 1.108717 0.670966 -0.000000
v 1.108717 0.670966 -0.007189
v 1.113498 0.683473 -0.000000
v 1.113498 0.683473 -0.007189
v 1.119503 0.695068 -0.000000
v 1.119503 0.695068 -0.007189
v 1.126631 0.705552 -0.000000
v 1.126631 0.705552 -0.007189
v 1.134759 0.714747 -0.007189
v 1.134759 0.714747 -0.000000
v 1.143747 0.722494 -0.000000
v 1.143747 0.722494 -0.007189
v 1.153443 0.728662 -0.000000
v 1.153443 0.728662 -0.007189
v 1.163679 0.733144 -0.000000
v 1.163679 0.733144 -0.007189
v 1.174282 0.735865 -0.000000
v 1.174282 0.735865 -0.007189
v 1.185068 0.736777 -0.000000
v 1.185068 0.736777 -0.007189
v 1.185068 0.736561 -0.000000
v 1.185068 0.736777 0.011502
v 1.185068 0.736561 0.011502
v 1.185068 0.736777 -0.000000
v 1.185068 0.736561 -0.007189
v 1.185068 0.736777 -0.007189
v 1.194145 0.736561 -0.000000
v 1.185068 0.736561 -0.007189
v 1.185068 0.736561 -0.000000
v 1.515748 0.736561 -0.007189
v 1.267659 0.736561 -0.000000
v 1.515748 0.736561 -0.000000
v 1.515748 0.736567 0.011502
v 1.515748 0.736561 -0.000000
v 1.515748 0.736561 0.011502
v 1.515748 0.736567 -0.000000
v 1.515748 0.736561 -0.007189
v 1.515748 0.736567 -0.007189
v 1.527720 0.735657 -0.000000
v 1.515748 0.736567 -0.007189
v 1.515748 0.736567 -0.000000
v 1.527720 0.735657 -0.007189
v 1.539487 0.732942 -0.000000
v 1.539487 0.732942 -0.007189
v 1.550849 0.728468 -0.000000
v 1.550849 0.728468 -0.007189
v 1.561610 0.722312 -0.000000
v 1.561610 0.722312 -0.007189
v 1.571585 0.714580 -0.000000
v 1.571585 0.714580 -0.007189
v 1.580606 0.705404 -0.007189
v 1.580606 0.705404 -0.000000
v 1.588517 0.694940 -0.007189
v 1.588517 0.694940 -0.000000
v 1.595183 0.683368 -0.007189
v 1.595183 0.683368 -0.000000
v 1.600489 0.670885 -0.007189
v 1.600489 0.670885 -0.000000
v 1.604346 0.657706 -0.007189
v 1.604346 0.657706 -0.000000
v 1.606687 0.644056 -0.007189
v 1.606687 0.644056 -0.000000
v 1.607471 0.630168 -0.007189
v 1.607471 0.630168 -0.000000
v 1.607471 0.490708 -0.007189
v 1.607471 0.630168 -0.000000
v 1.607471 0.490708 -0.000000
v 1.607471 0.630168 -0.007189
v 1.102426 0.490708 0.011502
v 1.607471 0.490708 0.011502
v 1.102426 0.630168 0.011502
v 1.185068 0.501009 0.011502
v 1.110681 0.501009 0.010064
v 1.110681 0.501009 0.011502
v 1.185068 0.501009 0.011502
v 1.185068 0.622158 0.011502
v 1.110681 0.622158 0.011502
v 1.185068 0.622158 0.011502
v 1.110681 0.501009 0.011502
v 1.110681 0.622158 0.011502
v 1.110681 0.501009 0.010064
v 1.110681 0.501009 -0.007189
v 1.102426 0.501009 -0.000000
v 1.102426 0.501009 -0.007189
v 1.102426 0.501009 0.010064
v 1.110681 0.501009 0.010064
v 1.110681 0.501009 -0.000000
v 1.103133 0.644084 0.011502
v 1.102426 0.630168 -0.000000
v 1.102426 0.630168 0.011502
v 1.103133 0.644084 -0.000000
v 1.105242 0.657761 -0.000000
v 1.105242 0.657761 0.011502
v 1.108717 0.670966 -0.000000
v 1.108717 0.670966 0.011502
v 1.113498 0.683473 0.011502
v 1.113498 0.683473 -0.000000
v 1.119503 0.695068 -0.000000
v 1.119503 0.695068 0.011502
v 1.126631 0.705552 -0.000000
v 1.126631 0.705552 0.011502
v 1.134759 0.714747 0.011502
v 1.134759 0.714747 -0.000000
v 1.143747 0.722494 0.011502
v 1.143747 0.722494 -0.000000
v 1.153443 0.728662 0.011502
v 1.153443 0.728662 -0.000000
v 1.163679 0.733144 0.011502
v 1.163679 0.733144 -0.000000
v 1.174282 0.735865 0.011502
v 1.174282 0.735865 -0.000000
v 1.185068 0.736777 0.011502
v 1.185068 0.736777 -0.000000
v 1.515748 0.736561 0.011502
v 1.185068 0.736561 0.011502
v 1.527720 0.735657 0.011502
v 1.515748 0.736567 -0.000000
v 1.515748 0.736567 0.011502
v 1.527720 0.735657 -0.000000
v 1.539487 0.732942 0.011502
v 1.539487 0.732942 -0.000000
v 1.550849 0.728468 0.011502
v 1.550849 0.728468 -0.000000
v 1.561610 0.722312 0.011502
v 1.561610 0.722312 -0.000000
v 1.571585 0.714580 0.011502
v 1.571585 0.714580 -0.000000
v 1.580606 0.705404 -0.000000
v 1.580606 0.705404 0.011502
v 1.588517 0.694940 -0.000000
v 1.588517 0.694940 0.011502
v 1.595183 0.683368 -0.000000
v 1.595183 0.683368 0.011502
v 1.600489 0.670885 -0.000000
v 1.600489 0.670885 0.011502
v 1.604346 0.657706 -0.000000
v 1.604346 0.657706 0.011502
v 1.606687 0.644056 -0.000000
v 1.606687 0.644056 0.011502
v 1.607471 0.630168 -0.000000
v 1.607471 0.630168 0.011502
v 1.607471 0.630168 0.011502
v 1.607471 0.490708 0.011502
v 1.102426 0.501009 0.011502
v 1.110681 0.501009 0.011502
vn -0.0000 -0.0000 -1.0000
vn -0.0000 1.0000 -0.0000
vn -0.0000 -1.0000 -0.0000
vn -1.0000 -0.0000 -0.0000
vn 1.0000 -0.0000 -0.0000
vn -0.9948 0.1017 -0.0000
vn -0.9987 0.0507 -0.0000
vn -0.9790 0.2037 -0.0000
vn -0.9520 0.3062 -0.0000
vn -0.9125 0.4091 -0.0000
vn -0.8590 0.5120 -0.0000
vn -0.7897 0.6135 -0.0000
vn -0.7027 0.7115 -0.0000
vn -0.5964 0.8027 -0.0000
vn -0.4703 0.8825 -0.0000
vn -0.3259 0.9454 -0.0000
vn -0.1670 0.9860 -0.0000
vn -0.0843 0.9964 -0.0000
vn 0.1507 0.9886 -0.0000
vn 0.0758 0.9971 -0.0000
vn 0.2964 0.9551 -0.0000
vn 0.4326 0.9016 -0.0000
vn 0.5560 0.8312 -0.0000
vn 0.6644 0.7474 -0.0000
vn 0.7570 0.6534 -0.0000
vn 0.8337 0.5522 -0.0000
vn 0.8950 0.4460 -0.0000
vn 0.9416 0.3366 -0.0000
vn 0.9743 0.2253 -0.0000
vn 0.9936 0.1129 -0.0000
vn 0.9984 0.0564 -0.0000
vn -0.0000 -0.0000 -0.0000
vn 0.9984 0.0563 -0.0000
vt -13.521319 8.406435
vt -13.521319 8.403965
vt -13.398240 8.396029
vt -12.578390 7.190054
vt -12.672580 5.716378
vt -12.578390 5.716378
vt -12.672580 7.098664
vt -13.521319 7.098664
vt -13.624889 7.098664
vt -14.463650 7.098664
vt -14.561680 7.098664
vt -15.358560 7.098664
vt -15.492610 7.098664
vt -16.245810 7.098664
vt -16.363209 7.098664
vt -17.183399 7.098664
vt -17.294289 7.098664
vt -18.244560 7.098664
vt -12.672580 7.190054
vt -12.679840 7.338503
vt -12.586460 7.348823
vt -12.701500 7.484412
vt -12.610519 7.504876
vt -12.737189 7.625284
vt -12.650169 7.655543
vt -12.786289 7.758710
vt -12.704720 7.798244
vt -12.847970 7.882406
vt -12.773240 7.930540
vt -12.921169 7.994255
vt -12.854569 8.050165
vt -13.004640 8.092344
vt -12.947300 8.155074
vt -13.096950 8.174995
vt -13.049860 8.243471
vt -13.196520 8.240794
vt -13.301650 8.288613
vt -13.160480 8.313844
vt -13.410540 8.317636
vt -13.277269 8.364988
vt -13.521319 8.327366
vt -13.624889 8.327893
vt -14.463650 8.327893
vt -14.561680 8.327893
vt -15.358560 8.327893
vt -15.492610 8.327893
vt -16.245810 8.327893
vt -16.363209 8.327893
vt -17.183399 8.327893
vt -17.294289 8.330383
vt -17.565149 8.362675
vt -17.430889 8.393654
vt -17.294289 8.403965
vt -17.294289 8.404039
vt -18.340830 5.598846
vt -12.578390 5.598846
vt -18.244560 5.716378
vt -18.340830 7.190054
vt -13.521319 5.716378
vt -13.624889 5.716378
vt -14.463650 5.716378
vt -14.561680 5.716378
vt -15.358560 5.716378
vt -15.492610 5.716378
vt -16.245810 5.716378
vt -16.363209 5.716378
vt -17.183399 5.716378
vt -17.294289 5.716378
vt -18.244560 7.190054
vt -18.236429 7.338897
vt -18.331869 7.348511
vt -18.212179 7.485193
vt -18.305170 7.504257
vt -18.172230 7.626439
vt -18.261160 7.654626
vt -18.117250 7.760218
vt -18.200619 7.797047
vt -18.048189 7.884242
vt -18.124559 7.929082
vt -17.966230 7.996388
vt -18.034300 8.048472
vt -17.872780 8.094738
vt -17.931379 8.153174
vt -17.769419 8.177608
vt -17.817560 8.241397
vt -17.657940 8.243580
vt -17.694780 8.311631
vt -17.540239 8.291527
vt -17.418320 8.320627
vt -13.521319 7.190054
vt -17.294289 7.190054
vt -13.624889 7.190054
vt -14.463650 7.190054
vt -14.561680 7.190054
vt -15.358560 7.190054
vt -15.492610 7.190054
vt -16.245810 7.190054
vt -16.363209 7.190054
vt -17.183399 7.190054
vt -18.340830 0.082021
vt -12.578390 0.000000
vt -12.578390 0.082021
vt -18.340830 0.000000
vt 0.131234 5.716378
vt -0.000000 5.598846
vt 0.131234 5.598846
vt 0.114829 5.716378
vt -0.000000 5.716378
vt -0.082021 5.716378
vt -0.082021 5.598846
vt 13.521319 0.000000
vt 12.672580 0.082021
vt 12.672580 0.000000
vt 13.521319 0.082021
vt -0.082021 7.098664
vt -0.000000 7.098664
vt -13.521319 0.082021
vt -12.672580 0.000000
vt -12.672580 0.082021
vt -13.521319 0.000000
vt 0.082021 5.716378
vt 0.082021 7.098664
vt -0.082021 7.190054
vt -0.000000 7.190054
vt -0.000000 7.978036
vt -0.082021 7.819062
vt -0.000000 7.819062
vt -0.082021 7.978036
vt -0.000000 9.338992
vt -0.082021 9.181095
vt -0.000000 9.181095
vt -0.082021 9.338992
vt -0.000000 10.622720
vt -0.082021 10.466920
vt -0.000000 10.466920
vt -0.082021 10.622720
vt -0.000000 11.820740
vt -0.082021 11.667970
vt -0.000000 11.667970
vt -0.082021 11.820740
vt -0.000000 12.916780
vt -0.082021 12.767790
vt -0.000000 12.767790
vt -0.082021 12.916780
vt -0.000000 13.884419
vt -0.082021 13.739770
vt -0.000000 13.739770
vt -0.082021 13.884419
vt -0.082021 14.685040
vt -0.000000 14.545020
vt -0.000000 14.685040
vt -0.082021 14.545020
vt 0.000000 15.266729
vt -0.082021 15.131340
vt 0.000000 15.131340
vt -0.082021 15.266729
vt -0.000000 15.566489
vt -0.082021 15.435390
vt -0.000000 15.435390
vt -0.082021 15.566489
vt -0.000000 15.517690
vt -0.082021 15.390189
vt -0.000000 15.390189
vt -0.082021 15.517690
vt -0.000000 15.064600
vt -0.082021 14.939710
vt -0.000000 14.939710
vt -0.082021 15.064600
vt -0.000000 14.181490
vt -0.082021 14.057980
vt -0.000000 14.057980
vt -0.082021 14.181490
vt 0.000000 8.403965
vt -0.131234 8.406435
vt -0.131234 8.403965
vt 0.000000 8.406435
vt 0.082021 8.403965
vt 0.082021 8.406435
vt 13.624889 0.000000
vt 17.294289 0.082021
vt 14.463650 0.000000
vt 17.294289 0.000000
vt 0.131234 8.404039
vt 0.131234 8.403965
vt -0.000000 8.404039
vt -0.082021 8.403965
vt -0.082021 8.404039
vt 0.000000 -16.744390
vt 0.082021 -16.607389
vt 0.000000 -16.607389
vt 0.082021 -16.744390
vt -0.000000 -15.235260
vt 0.082021 -15.097469
vt -0.000000 -15.097469
vt 0.082021 -15.235260
vt -0.000000 -13.419080
vt 0.082021 -13.279759
vt -0.000000 -13.279759
vt 0.082021 -13.419080
vt -0.000000 -11.373620
vt 0.082021 -11.232170
vt -0.000000 -11.232170
vt 0.082021 -11.373620
vt 0.000000 -9.177879
vt 0.082021 -9.033869
vt 0.000000 -9.033869
vt 0.082021 -9.177879
vt 0.082021 -6.902695
vt 0.000000 -6.755877
vt 0.000000 -6.902695
vt 0.082021 -6.755877
vt 0.082021 -4.605347
vt 0.000000 -4.455678
vt 0.000000 -4.605347
vt 0.082021 -4.455678
vt 0.082021 -2.328182
vt 0.000000 -2.175809
vt 0.000000 -2.328182
vt 0.082021 -2.175809
vt 0.082021 -0.099997
vt 0.000000 0.054760
vt 0.000000 -0.099997
vt 0.082021 0.054760
vt 0.082021 2.061122
vt -0.000000 2.217798
vt -0.000000 2.061122
vt 0.082021 2.217798
vt 0.082021 4.144539
vt -0.000000 4.302558
vt -0.000000 4.144539
vt 0.082021 4.302558
vt 0.082021 6.143943
vt 0.000000 6.302652
vt 0.000000 6.143943
vt 0.082021 6.302652
vt 0.082021 5.598846
vt 0.082021 7.190054
vt -12.578390 -0.131234
vt -18.340830 -0.131234
vt 0.131234 7.190054
vt 13.521319 -0.131234
vt 12.672580 -0.114829
vt 12.672580 -0.131234
vt 0.131234 7.098664
vt -12.672580 -0.131234
vt -13.521319 -0.131234
vt -0.131234 5.716378
vt -0.131234 7.098664
vt -0.114829 5.716378
vt -12.578390 -0.114829
vt -12.672580 -0.114829
vt 0.131234 7.978036
vt 0.131234 7.819062
vt 0.131234 9.181095
vt 0.131234 9.338992
vt 0.131234 10.466920
vt 0.131234 10.622720
vt 0.131234 11.820740
vt 0.131234 11.667970
vt 0.131234 12.767790
vt 0.131234 12.916780
vt 0.131234 13.739770
vt 0.131234 13.884419
vt 0.131234 14.685040
vt 0.131234 14.545020
vt 0.131234 15.266729
vt 0.131234 15.131340
vt 0.131234 15.566489
vt 0.131234 15.435390
vt 0.131234 15.517690
vt 0.131234 15.390189
vt 0.131234 15.064600
vt 0.131234 14.939710
vt 0.131234 14.181490
vt 0.131234 14.057980
vt 17.294289 -0.131234
vt -0.131234 -16.744390
vt -0.131234 -16.607389
vt -0.131234 -15.235260
vt -0.131234 -15.097469
vt -0.131234 -13.419080
vt -0.131234 -13.279759
vt -0.131234 -11.373620
vt -0.131234 -11.232170
vt -0.131234 -9.177879
vt -0.131234 -9.033869
vt -0.131234 -6.755877
vt -0.131234 -6.902695
vt -0.131234 -4.455678
vt -0.131234 -4.605347
vt -0.131234 -2.175809
vt -0.131234 -2.328182
vt -0.131234 0.054760
vt -0.131234 -0.099997
vt -0.131234 2.217798
vt -0.131234 2.061122
vt -0.131234 4.302558
vt -0.131234 4.144539
vt -0.131234 6.302652
vt -0.131234 6.143943
vt -0.131234 7.190054
vt -0.131234 5.598846
s 1
usemtl Wood_Floor
f 8344/6599/1258 8345/6600/1258 8346/6601/1258
f 8347/6602/1258 8348/6603/1258 8349/6604/1258
f 8348/6603/1258 8347/6602/1258 8350/6605/1258
f 8350/6605/1258 8347/6602/1258 8351/6606/1258
f 8351/6606/1258 8347/6602/1258 8352/6607/1258
f 8352/6607/1258 8347/6602/1258 8353/6608/1258
f 8353/6608/1258 8347/6602/1258 8354/6609/1258
f 8354/6609/1258 8347/6602/1258 8355/6610/1258
f 8355/6610/1258 8347/6602/1258 8356/6611/1258
f 8356/6611/1258 8347/6602/1258 8357/6612/1258
f 8357/6612/1258 8347/6602/1258 8358/6613/1258
f 8358/6613/1258 8347/6602/1258 8359/6614/1258
f 8359/6614/1258 8347/6602/1258 8360/6615/1258
f 8360/6615/1258 8347/6602/1258 8361/6616/1258
f 8361/6616/1258 8347/6602/1258 8362/6617/1258
f 8362/6617/1258 8347/6602/1258 8363/6618/1258
f 8363/6618/1258 8347/6602/1258 8364/6619/1258
f 8363/6618/1258 8364/6619/1258 8365/6620/1258
f 8365/6620/1258 8364/6619/1258 8366/6621/1258
f 8365/6620/1258 8366/6621/1258 8367/6622/1258
f 8367/6622/1258 8366/6621/1258 8368/6623/1258
f 8367/6622/1258 8368/6623/1258 8369/6624/1258
f 8369/6624/1258 8368/6623/1258 8370/6625/1258
f 8369/6624/1258 8370/6625/1258 8371/6626/1258
f 8371/6626/1258 8370/6625/1258 8372/6627/1258
f 8371/6626/1258 8372/6627/1258 8373/6628/1258
f 8373/6628/1258 8372/6627/1258 8374/6629/1258
f 8373/6628/1258 8374/6629/1258 8375/6630/1258
f 8375/6630/1258 8374/6629/1258 8376/6631/1258
f 8375/6630/1258 8376/6631/1258 8377/6632/1258
f 8377/6632/1258 8376/6631/1258 8378/6633/1258
f 8377/6632/1258 8378/6633/1258 8379/6634/1258
f 8379/6634/1258 8378/6633/1258 8380/6635/1258
f 8380/6635/1258 8378/6633/1258 8381/6636/1258
f 8380/6635/1258 8381/6636/1258 8382/6637/1258
f 8382/6637/1258 8381/6636/1258 8383/6638/1258
f 8382/6637/1258 8383/6638/1258 8384/6639/1258
f 8384/6639/1258 8383/6638/1258 8385/6640/1258
f 8385/6640/1258 8383/6638/1258 8386/6641/1258
f 8386/6641/1258 8383/6638/1258 8387/6642/1258
f 8387/6642/1258 8383/6638/1258 8388/6643/1258
f 8388/6643/1258 8383/6638/1258 8389/6644/1258
f 8389/6644/1258 8383/6638/1258 8390/6645/1258
f 8390/6645/1258 8383/6638/1258 8391/6646/1258
f 8391/6646/1258 8383/6638/1258 8392/6647/1258
f 8392/6647/1258 8383/6638/1258 8393/6648/1258
f 8393/6648/1258 8383/6638/1258 8394/6649/1258
f 8394/6649/1258 8383/6638/1258 8395/6650/1258
f 8395/6650/1258 8383/6638/1258 8346/6601/1258
f 8395/6650/1258 8346/6601/1258 8396/6651/1258
f 8395/6650/1258 8396/6651/1258 8397/6652/1258
f 8396/6651/1258 8346/6601/1258 8345/6600/1258
f 8349/6604/1258 8398/6653/1258 8399/6654/1258
f 8398/6653/1258 8349/6604/1258 8400/6655/1258
f 8398/6653/1258 8400/6655/1258 8401/6656/1258
s 0
f 8400/6655/1259 8349/6604/1259 8348/6603/1259
f 8400/6655/1259 8348/6603/1259 8402/6657/1259
f 8400/6655/1260 8402/6657/1260 8403/6658/1260
f 8400/6655/1260 8403/6658/1260 8404/6659/1260
f 8400/6655/1259 8404/6659/1259 8405/6660/1259
f 8400/6655/1260 8405/6660/1260 8406/6661/1260
f 8400/6655/1260 8406/6661/1260 8407/6662/1260
f 8400/6655/1259 8407/6662/1259 8408/6663/1259
f 8400/6655/1260 8408/6663/1260 8409/6664/1260
f 8400/6655/1259 8409/6664/1259 8410/6665/1259
f 8400/6655/1259 8410/6665/1259 8411/6666/1259
s 1
f 8401/6656/1258 8400/6655/1258 8361/6616/1258
f 8401/6656/1258 8361/6616/1258 8412/6667/1258
f 8412/6667/1258 8361/6616/1258 8362/6617/1258
f 8401/6656/1258 8412/6667/1258 8413/6668/1258
f 8401/6656/1258 8413/6668/1258 8414/6669/1258
f 8414/6669/1258 8413/6668/1258 8415/6670/1258
f 8414/6669/1258 8415/6670/1258 8416/6671/1258
f 8416/6671/1258 8415/6670/1258 8417/6672/1258
f 8416/6671/1258 8417/6672/1258 8418/6673/1258
f 8418/6673/1258 8417/6672/1258 8419/6674/1258
f 8418/6673/1258 8419/6674/1258 8420/6675/1258
f 8420/6675/1258 8419/6674/1258 8421/6676/1258
f 8420/6675/1258 8421/6676/1258 8422/6677/1258
f 8422/6677/1258 8421/6676/1258 8423/6678/1258
f 8422/6677/1258 8423/6678/1258 8424/6679/1258
f 8424/6679/1258 8423/6678/1258 8425/6680/1258
f 8424/6679/1258 8425/6680/1258 8426/6681/1258
f 8426/6681/1258 8425/6680/1258 8427/6682/1258
f 8426/6681/1258 8427/6682/1258 8428/6683/1258
f 8428/6683/1258 8427/6682/1258 8429/6684/1258
f 8428/6683/1258 8429/6684/1258 8430/6685/1258
f 8430/6685/1258 8429/6684/1258 8431/6686/1258
f 8430/6685/1258 8431/6686/1258 8432/6687/1258
f 8430/6685/1258 8432/6687/1258 8394/6649/1258
f 8394/6649/1258 8432/6687/1258 8393/6648/1258
s 0
f 8433/6688/1259 8412/6667/1259 8362/6617/1259
f 8412/6667/1259 8433/6688/1259 8434/6689/1259
f 8434/6689/1260 8433/6688/1260 8435/6690/1260
f 8434/6689/1259 8435/6690/1259 8436/6691/1259
f 8434/6689/1260 8436/6691/1260 8437/6692/1260
f 8434/6689/1260 8437/6692/1260 8438/6693/1260
f 8434/6689/1260 8438/6693/1260 8439/6694/1260
f 8434/6689/1259 8439/6694/1259 8440/6695/1259
f 8434/6689/1260 8440/6695/1260 8441/6696/1260
f 8434/6689/1259 8441/6696/1259 8442/6697/1259
s 1
f 8434/6689/1258 8442/6697/1258 8392/6647/1258
f 8434/6689/1258 8392/6647/1258 8393/6648/1258
f 8390/6645/1258 8441/6696/1258 8440/6695/1258
f 8441/6696/1258 8390/6645/1258 8391/6646/1258
f 8388/6643/1258 8439/6694/1258 8438/6693/1258
f 8439/6694/1258 8388/6643/1258 8389/6644/1258
f 8386/6641/1258 8437/6692/1258 8436/6691/1258
f 8437/6692/1258 8386/6641/1258 8387/6642/1258
f 8384/6639/1258 8435/6690/1258 8433/6688/1258
f 8435/6690/1258 8384/6639/1258 8385/6640/1258
f 8359/6614/1258 8411/6666/1258 8410/6665/1258
f 8411/6666/1258 8359/6614/1258 8360/6615/1258
f 8357/6612/1258 8409/6664/1258 8408/6663/1258
f 8409/6664/1258 8357/6612/1258 8358/6613/1258
f 8355/6610/1258 8407/6662/1258 8406/6661/1258
f 8407/6662/1258 8355/6610/1258 8356/6611/1258
f 8353/6608/1258 8405/6660/1258 8404/6659/1258
f 8405/6660/1258 8353/6608/1258 8354/6609/1258
f 8351/6606/1258 8403/6658/1258 8402/6657/1258
f 8403/6658/1258 8351/6606/1258 8352/6607/1258
f 8443/6698/1260 8444/6699/1260 8445/6700/1260
f 8444/6699/1260 8443/6698/1260 8446/6701/1260
f 8447/6702/1261 8448/6703/1261 8449/6704/1261
f 8448/6703/1261 8447/6702/1261 8450/6705/1261
f 8448/6703/1261 8450/6705/1261 8451/6706/1261
f 8448/6703/1261 8451/6706/1261 8452/6707/1261
f 8448/6703/1261 8452/6707/1261 8453/6708/1261
f 8454/6709/1259 8455/6710/1259 8456/6711/1259
f 8455/6710/1259 8454/6709/1259 8457/6712/1259
f 8458/6713/1261 8459/6706/1261 8460/6714/1261
f 8459/6706/1261 8458/6713/1261 8461/6707/1261
f 8462/6715/1260 8463/6716/1260 8464/6717/1260
f 8463/6716/1260 8462/6715/1260 8465/6718/1260
f 8466/6719/1262 8467/6714/1262 8468/6706/1262
f 8467/6714/1262 8466/6719/1262 8469/6720/1262
f 8470/6721/1261 8451/6706/1261 8471/6722/1261
f 8451/6706/1261 8470/6721/1261 8452/6707/1261
f 8472/6723/1263 8473/6724/1264 8474/6725/1264
f 8473/6724/1264 8472/6723/1263 8475/6726/1263
f 8476/6727/1265 8475/6728/1263 8472/6729/1263
f 8475/6728/1263 8476/6727/1265 8477/6730/1265
f 8478/6731/1266 8477/6732/1265 8476/6733/1265
f 8477/6732/1265 8478/6731/1266 8479/6734/1266
f 8480/6735/1267 8479/6736/1266 8478/6737/1266
f 8479/6736/1266 8480/6735/1267 8481/6738/1267
f 8482/6739/1268 8481/6740/1267 8480/6741/1267
f 8481/6740/1267 8482/6739/1268 8483/6742/1268
f 8484/6743/1269 8483/6744/1268 8482/6745/1268
f 8483/6744/1268 8484/6743/1269 8485/6746/1269
f 8486/6747/1270 8484/6748/1269 8487/6749/1270
f 8484/6748/1269 8486/6747/1270 8485/6750/1269
f 8488/6751/1271 8486/6752/1270 8487/6753/1270
f 8486/6752/1270 8488/6751/1271 8489/6754/1271
f 8490/6755/1272 8489/6756/1271 8488/6757/1271
f 8489/6756/1271 8490/6755/1272 8491/6758/1272
f 8492/6759/1273 8491/6760/1272 8490/6761/1272
f 8491/6760/1272 8492/6759/1273 8493/6762/1273
f 8494/6763/1274 8493/6764/1273 8492/6765/1273
f 8493/6764/1273 8494/6763/1274 8495/6766/1274
f 8496/6767/1275 8495/6768/1274 8494/6769/1274
f 8495/6768/1274 8496/6767/1275 8497/6770/1275
f 8498/6771/1262 8499/6772/1262 8500/6773/1262
f 8499/6772/1262 8498/6771/1262 8501/6774/1262
f 8501/6774/1262 8498/6771/1262 8502/6775/1262
f 8501/6774/1262 8502/6775/1262 8503/6776/1262
f 8504/6777/1259 8505/6712/1259 8506/6709/1259
f 8505/6712/1259 8504/6777/1259 8507/6778/1259
f 8507/6778/1259 8504/6777/1259 8508/6779/1259
f 8507/6778/1259 8508/6779/1259 8509/6780/1259
f 8510/6781/1261 8511/6771/1261 8512/6782/1261
f 8511/6771/1261 8510/6781/1261 8513/6783/1261
f 8511/6771/1261 8513/6783/1261 8514/6784/1261
f 8514/6784/1261 8513/6783/1261 8515/6785/1261
f 8516/6786/1276 8517/6787/1277 8518/6788/1277
f 8517/6787/1277 8516/6786/1276 8519/6789/1276
f 8520/6790/1278 8519/6791/1276 8516/6792/1276
f 8519/6791/1276 8520/6790/1278 8521/6793/1278
f 8522/6794/1279 8521/6795/1278 8520/6796/1278
f 8521/6795/1278 8522/6794/1279 8523/6797/1279
f 8524/6798/1280 8523/6799/1279 8522/6800/1279
f 8523/6799/1279 8524/6798/1280 8525/6801/1280
f 8526/6802/1281 8525/6803/1280 8524/6804/1280
f 8525/6803/1280 8526/6802/1281 8527/6805/1281
f 8528/6806/1282 8526/6807/1281 8529/6808/1282
f 8526/6807/1281 8528/6806/1282 8527/6809/1281
f 8530/6810/1283 8529/6811/1282 8531/6812/1283
f 8529/6811/1282 8530/6810/1283 8528/6813/1282
f 8532/6814/1284 8531/6815/1283 8533/6816/1284
f 8531/6815/1283 8532/6814/1284 8530/6817/1283
f 8534/6818/1285 8533/6819/1284 8535/6820/1285
f 8533/6819/1284 8534/6818/1285 8532/6821/1284
f 8536/6822/1286 8535/6823/1285 8537/6824/1286
f 8535/6823/1285 8536/6822/1286 8534/6825/1285
f 8538/6826/1287 8537/6827/1286 8539/6828/1287
f 8537/6827/1286 8538/6826/1287 8536/6829/1286
f 8540/6830/1288 8539/6831/1287 8541/6832/1288
f 8539/6831/1287 8540/6830/1288 8538/6833/1287
f 8542/6834/1262 8543/6722/1262 8544/6703/1262
f 8543/6722/1262 8542/6834/1262 8545/6835/1262
f 8446/6701/1260 8546/6836/1260 8444/6699/1260
f 8546/6836/1260 8446/6701/1260 8547/6837/1260
f 8471/6722/1261 8447/6702/1261 8548/6838/1261
f 8447/6702/1261 8471/6722/1261 8450/6705/1261
f 8450/6705/1261 8471/6722/1261 8451/6706/1261
f 8549/6839/1259 8550/6840/1259 8551/6841/1259
f 8550/6840/1259 8549/6839/1259 8456/6711/1259
f 8456/6711/1259 8549/6839/1259 8454/6709/1259
f 8460/6714/1261 8552/6702/1261 8553/6842/1261
f 8552/6702/1261 8460/6714/1261 8459/6706/1261
f 8465/6718/1260 8554/6843/1260 8463/6716/1260
f 8554/6843/1260 8465/6718/1260 8555/6844/1260
f 8556/6845/1262 8467/6714/1262 8557/6846/1262
f 8467/6714/1262 8556/6845/1262 8558/6847/1262
f 8467/6714/1262 8558/6847/1262 8468/6706/1262
f 8559/6717/1260 8560/6699/1260 8561/6700/1260
f 8560/6699/1260 8559/6717/1260 8562/6848/1260
f 8562/6848/1260 8559/6717/1260 8563/6849/1260
s 0
f 8563/6849/1289 8559/6717/1289 8564/6716/1289
s 1
f 8565/6850/1263 8566/6725/1264 8567/6851/1264
f 8566/6725/1264 8565/6850/1263 8568/6723/1263
f 8569/6727/1265 8565/6852/1263 8570/6853/1265
f 8565/6852/1263 8569/6727/1265 8568/6729/1263
f 8571/6731/1266 8570/6854/1265 8572/6855/1266
f 8570/6854/1265 8571/6731/1266 8569/6733/1265
f 8573/6856/1267 8571/6737/1266 8572/6857/1266
f 8571/6737/1266 8573/6856/1267 8574/6735/1267
f 8575/6739/1268 8573/6858/1267 8576/6859/1268
f 8573/6858/1267 8575/6739/1268 8574/6741/1267
f 8577/6743/1269 8576/6860/1268 8578/6861/1269
f 8576/6860/1268 8577/6743/1269 8575/6745/1268
f 8579/6862/1270 8577/6748/1269 8578/6863/1269
f 8577/6748/1269 8579/6862/1270 8580/6749/1270
f 8581/6864/1271 8580/6753/1270 8579/6865/1270
f 8580/6753/1270 8581/6864/1271 8582/6751/1271
f 8583/6866/1272 8582/6757/1271 8581/6867/1271
f 8582/6757/1271 8583/6866/1272 8584/6755/1272
f 8585/6868/1273 8584/6761/1272 8583/6869/1272
f 8584/6761/1272 8585/6868/1273 8586/6759/1273
f 8587/6870/1274 8586/6765/1273 8585/6871/1273
f 8586/6765/1273 8587/6870/1274 8588/6763/1274
f 8589/6872/1275 8588/6769/1274 8587/6873/1274
f 8588/6769/1274 8589/6872/1275 8590/6767/1275
f 8591/6874/1259 8506/6709/1259 8592/6839/1259
f 8506/6709/1259 8591/6874/1259 8504/6777/1259
f 8504/6777/1259 8591/6874/1259 8508/6779/1259
f 8508/6779/1259 8591/6874/1259 8509/6780/1259
f 8593/6875/1276 8594/6788/1277 8595/6876/1277
f 8594/6788/1277 8593/6875/1276 8596/6786/1276
f 8597/6877/1278 8596/6792/1276 8593/6878/1276
f 8596/6792/1276 8597/6877/1278 8598/6790/1278
f 8599/6879/1279 8598/6796/1278 8597/6880/1278
f 8598/6796/1278 8599/6879/1279 8600/6794/1279
f 8601/6881/1280 8600/6800/1279 8599/6882/1279
f 8600/6800/1279 8601/6881/1280 8602/6798/1280
f 8603/6883/1281 8602/6804/1280 8601/6884/1280
f 8602/6804/1280 8603/6883/1281 8604/6802/1281
f 8605/6808/1282 8603/6885/1281 8606/6886/1282
f 8603/6885/1281 8605/6808/1282 8604/6807/1281
f 8607/6812/1283 8606/6887/1282 8608/6888/1283
f 8606/6887/1282 8607/6812/1283 8605/6811/1282
f 8609/6816/1284 8608/6889/1283 8610/6890/1284
f 8608/6889/1283 8609/6816/1284 8607/6815/1283
f 8611/6820/1285 8610/6891/1284 8612/6892/1285
f 8610/6891/1284 8611/6820/1285 8609/6819/1284
f 8613/6824/1286 8612/6893/1285 8614/6894/1286
f 8612/6893/1285 8613/6824/1286 8611/6823/1285
f 8615/6828/1287 8614/6895/1286 8616/6896/1287
f 8614/6895/1286 8615/6828/1287 8613/6827/1286
f 8617/6832/1288 8616/6897/1287 8618/6898/1290
f 8616/6897/1287 8617/6832/1288 8615/6831/1287
f 8544/6703/1262 8619/6899/1262 8620/6900/1262
f 8619/6899/1262 8544/6703/1262 8543/6722/1262
f 8563/6849/1260 8621/6836/1260 8562/6848/1260
f 8621/6836/1260 8563/6849/1260 8622/6843/1260
o SketchUp.240
v 2.476845 0.632459 -0.000000
v 2.393559 0.511310 -0.000000
v 2.476845 0.511310 -0.000000
v 2.393456 0.511310 -0.000000
v 2.393456 0.632459 -0.000000
v 2.393559 0.632459 -0.000000
v 2.393559 0.632459 -0.000000
v 2.476845 0.632459 -0.000000
v 2.393456 0.632459 -0.000000
v 2.393456 0.511310 -0.000000
v 2.393559 0.511310 -0.000000
v 2.476845 0.511310 -0.000000
vn -0.0000 -0.0000 1.0000
vn -0.0000 -1.0000 -0.0000
vn -0.0000 1.0000 -0.0000
vn -0.0000 -0.0000 -1.0000
s 1
usemtl Translucent_Glass_Blue
f 8623//1291 8624//1291 8625//1291
f 8624//1291 8623//1291 8626//1291
f 8626//1291 8623//1291 8627//1291
s 0
f 8627//1292 8623//1292 8628//1292
f 8629//1293 8630//1293 8631//1293
s 1
f 8631//1294 8630//1294 8632//1294
f 8632//1294 8630//1294 8633//1294
f 8634//1294 8633//1294 8630//1294
o SketchUp.241
v 2.311955 0.640469 -0.000000
v 2.301665 0.740148 -0.000000
v 2.301665 0.640469 -0.000000
v 2.311955 0.740148 -0.000000
v 2.311955 0.740148 -0.000000
v 2.311955 0.640469 -0.000000
v 2.301665 0.740148 -0.000000
v 2.301665 0.640469 -0.000000
v 2.311955 0.640469 -0.000000
v 2.301665 0.632459 -0.000000
v 2.311955 0.632459 -0.000000
v 2.301665 0.640469 -0.000000
v 2.301665 0.640469 -0.000000
v 2.311955 0.640469 -0.000000
v 2.301665 0.632459 -0.000000
v 2.311955 0.632459 -0.000000
v 2.301665 0.640469 -0.000000
v 2.235652 0.632459 -0.000000
v 2.301665 0.632459 -0.000000
v 2.235652 0.640469 -0.000000
v 2.235652 0.640469 -0.000000
v 2.301665 0.640469 -0.000000
v 2.235652 0.632459 -0.000000
v 2.301665 0.632459 -0.000000
v 2.235652 0.640469 -0.000000
v 2.223903 0.632459 -0.000000
v 2.235652 0.632459 -0.000000
v 2.223903 0.640469 -0.000000
v 2.223903 0.640469 -0.000000
v 2.235652 0.640469 -0.000000
v 2.223903 0.632459 -0.000000
v 2.235652 0.632459 -0.000000
v 2.235652 0.640469 -0.000000
v 2.223903 0.740148 -0.000000
v 2.223903 0.640469 -0.000000
v 2.235652 0.740148 -0.000000
v 2.235652 0.740148 -0.000000
v 2.235652 0.640469 -0.000000
v 2.223903 0.740148 -0.000000
v 2.223903 0.640469 -0.000000
v 2.223903 0.640469 -0.000000
v 2.154060 0.632459 -0.000000
v 2.223903 0.632459 -0.000000
v 2.154060 0.640469 -0.000000
v 2.154060 0.640469 -0.000000
v 2.223903 0.640469 -0.000000
v 2.154060 0.632459 -0.000000
v 2.223903 0.632459 -0.000000
v 2.235652 0.632459 -0.000000
v 2.223903 0.511310 -0.000000
v 2.235652 0.511310 -0.000000
v 2.223903 0.632459 -0.000000
v 2.223903 0.632459 -0.000000
v 2.235652 0.632459 -0.000000
v 2.223903 0.511310 -0.000000
v 2.235652 0.511310 -0.000000
v 2.154060 0.640469 -0.000000
v 2.145469 0.632459 -0.000000
v 2.154060 0.632459 -0.000000
v 2.071956 0.632459 -0.000000
v 2.145469 0.640469 -0.000000
v 2.071956 0.640469 -0.000000
v 2.145469 0.640469 -0.000000
v 2.071956 0.632459 -0.000000
v 2.071956 0.640469 -0.000000
v 2.154060 0.640469 -0.000000
v 2.145469 0.632459 -0.000000
v 2.154060 0.632459 -0.000000
v 2.071956 0.640469 -0.000000
v 2.062879 0.632459 -0.000000
v 2.071956 0.632459 -0.000000
v 2.062879 0.640469 -0.000000
v 2.062879 0.640469 -0.000000
v 2.071956 0.640469 -0.000000
v 2.062879 0.632459 -0.000000
v 2.071956 0.632459 -0.000000
v 2.071956 0.740148 -0.000000
v 2.062879 0.640469 -0.000000
v 2.071956 0.640469 -0.000000
v 2.062879 0.740148 -0.000000
v 2.062879 0.740148 -0.000000
v 2.071956 0.740148 -0.000000
v 2.062879 0.640469 -0.000000
v 2.071956 0.640469 -0.000000
v 2.071956 0.632459 -0.000000
v 2.062879 0.511310 -0.000000
v 2.071956 0.511310 -0.000000
v 2.062879 0.632459 -0.000000
v 2.062879 0.632459 -0.000000
v 2.071956 0.632459 -0.000000
v 2.062879 0.511310 -0.000000
v 2.071956 0.511310 -0.000000
vn -0.0000 -0.0000 -1.0000
vn -0.0000 -0.0000 1.0000
vt 0.000000 0.000000
vt 13.189400 3.653793
vt 13.130700 4.222449
vt 13.130700 3.653793
vt 13.189400 4.222449
vt 13.130700 3.608098
vt 13.189400 3.608098
vt 12.754100 3.608098
vt 12.754100 3.653793
vt 12.687070 3.608098
vt 12.687070 3.653793
vt 12.687070 4.222449
vt 12.754100 4.222449
vt 12.288630 3.608098
vt 12.288630 3.653793
vt 12.687070 2.916955
vt 12.754100 2.916955
vt 12.239619 3.608098
vt 11.820240 3.608098
vt 12.239619 3.653793
vt 11.820240 3.653793
vt 11.768459 3.608098
vt 11.768459 3.653793
vt 11.820240 4.222449
vt 11.768459 4.222449
vt 11.768459 2.916955
vt 11.820240 2.916955
s 1
usemtl Translucent_Glass_Blue
f 8639/6901/1295 8640/6901/1295 8641/6901/1295
f 8642/6901/1295 8641/6901/1295 8640/6901/1295
f 8647/6901/1295 8648/6901/1295 8649/6901/1295
f 8650/6901/1295 8649/6901/1295 8648/6901/1295
f 8655/6901/1295 8656/6901/1295 8657/6901/1295
f 8658/6901/1295 8657/6901/1295 8656/6901/1295
f 8663/6901/1295 8664/6901/1295 8665/6901/1295
f 8666/6901/1295 8665/6901/1295 8664/6901/1295
f 8671/6901/1295 8672/6901/1295 8673/6901/1295
f 8674/6901/1295 8673/6901/1295 8672/6901/1295
f 8679/6901/1295 8680/6901/1295 8681/6901/1295
f 8682/6901/1295 8681/6901/1295 8680/6901/1295
f 8687/6901/1295 8688/6901/1295 8689/6901/1295
f 8690/6901/1295 8689/6901/1295 8688/6901/1295
f 8697/6901/1295 8698/6901/1295 8699/6901/1295
f 8697/6901/1295 8700/6901/1295 8698/6901/1295
f 8698/6901/1295 8700/6901/1295 8701/6901/1295
f 8702/6901/1295 8701/6901/1295 8700/6901/1295
f 8707/6901/1295 8708/6901/1295 8709/6901/1295
f 8710/6901/1295 8709/6901/1295 8708/6901/1295
f 8715/6901/1295 8716/6901/1295 8717/6901/1295
f 8718/6901/1295 8717/6901/1295 8716/6901/1295
f 8723/6901/1295 8724/6901/1295 8725/6901/1295
f 8726/6901/1295 8725/6901/1295 8724/6901/1295
usemtl Stone_Flagstone_Ashlar
f 8635/6902/1296 8636/6903/1296 8637/6904/1296
f 8636/6903/1296 8635/6902/1296 8638/6905/1296
f 8643/6902/1296 8644/6906/1296 8645/6907/1296
f 8644/6906/1296 8643/6902/1296 8646/6904/1296
f 8651/6904/1296 8652/6908/1296 8653/6906/1296
f 8652/6908/1296 8651/6904/1296 8654/6909/1296
f 8659/6909/1296 8660/6910/1296 8661/6908/1296
f 8660/6910/1296 8659/6909/1296 8662/6911/1296
f 8667/6909/1296 8668/6912/1296 8669/6911/1296
f 8668/6912/1296 8667/6909/1296 8670/6913/1296
f 8675/6911/1296 8676/6914/1296 8677/6910/1296
f 8676/6914/1296 8675/6911/1296 8678/6915/1296
f 8683/6908/1296 8684/6916/1296 8685/6917/1296
f 8684/6916/1296 8683/6908/1296 8686/6910/1296
f 8691/6915/1296 8692/6918/1296 8693/6914/1296
f 8692/6918/1296 8691/6915/1296 8694/6919/1296
f 8694/6919/1296 8691/6915/1296 8695/6920/1296
f 8696/6921/1296 8694/6919/1296 8695/6920/1296
f 8703/6921/1296 8704/6922/1296 8705/6919/1296
f 8704/6922/1296 8703/6921/1296 8706/6923/1296
f 8711/6924/1296 8712/6923/1296 8713/6921/1296
f 8712/6923/1296 8711/6924/1296 8714/6925/1296
f 8719/6919/1296 8720/6926/1296 8721/6927/1296
f 8720/6926/1296 8719/6919/1296 8722/6922/1296
o SketchUp.242
v 2.154060 0.640469 -0.000000
v 2.071956 0.640469 -0.000000
v 2.145469 0.640469 -0.000000
v 2.154060 0.740148 -0.000000
v 2.071956 0.740148 -0.000000
v 2.071956 0.740148 -0.000000
v 2.154060 0.740148 -0.000000
v 2.071956 0.640469 -0.000000
v 2.154060 0.640469 -0.000000
v 2.145469 0.640469 -0.000000
v 2.223903 0.740148 -0.000000
v 2.154060 0.640469 -0.000000
v 2.223903 0.640469 -0.000000
v 2.154060 0.740148 -0.000000
v 2.154060 0.740148 -0.000000
v 2.223903 0.740148 -0.000000
v 2.154060 0.640469 -0.000000
v 2.223903 0.640469 -0.000000
vn -0.0000 -1.0000 -0.0000
vn -0.0000 -0.0000 1.0000
vn -0.0000 -0.0000 -1.0000
vn -0.0000 1.0000 -0.0000
s 0
usemtl Translucent_Glass_Blue
f 8727//1297 8728//1297 8729//1297
s 1
f 8728//1298 8727//1298 8730//1298
f 8728//1298 8730//1298 8731//1298
f 8732//1299 8733//1299 8734//1299
f 8733//1299 8735//1299 8734//1299
s 0
f 8736//1300 8734//1300 8735//1300
s 1
f 8737//1298 8738//1298 8739//1298
f 8738//1298 8737//1298 8740//1298
f 8741//1299 8742//1299 8743//1299
f 8744//1299 8743//1299 8742//1299
o SketchUp.243
v 1.988014 0.632459 -0.000000
v 1.988014 0.511310 -0.000000
v 1.988492 0.632459 -0.000000
v 1.988492 0.632459 -0.000000
v 1.988014 0.511310 -0.000000
v 1.988014 0.632459 -0.000000
vn -0.0000 -0.0000 -1.0000
vn -0.0000 -0.0000 1.0000
vt 0.000000 0.000000
vt 11.341360 3.608098
vt 11.341360 2.916955
vt 11.344090 3.608098
s 1
usemtl Translucent_Glass_Blue
f 8748/6928/1301 8749/6928/1301 8750/6928/1301
usemtl Stone_Flagstone_Ashlar
f 8745/6929/1302 8746/6930/1302 8747/6931/1302
o SketchUp.244
v 2.223903 0.632459 -0.000000
v 2.154060 0.511310 -0.000000
v 2.223903 0.511310 -0.000000
v 2.154060 0.632459 -0.000000
v 2.154060 0.632459 -0.000000
v 2.223903 0.632459 -0.000000
v 2.154060 0.511310 -0.000000
v 2.223903 0.511310 -0.000000
vn -0.0000 -0.0000 1.0000
vn -0.0000 -0.0000 -1.0000
s 1
usemtl Translucent_Glass_Blue
f 8751//1303 8752//1303 8753//1303
f 8752//1303 8751//1303 8754//1303
f 8755//1304 8756//1304 8757//1304
f 8758//1304 8757//1304 8756//1304
o SketchUp.245
v 2.301665 0.740148 -0.000000
v 2.235652 0.640469 -0.000000
v 2.301665 0.640469 -0.000000
v 2.235652 0.740148 -0.000000
v 2.235652 0.740148 -0.000000
v 2.301665 0.740148 -0.000000
v 2.235652 0.640469 -0.000000
v 2.301665 0.640469 -0.000000
vn -0.0000 -0.0000 1.0000
vn -0.0000 -0.0000 -1.0000
s 1
usemtl Translucent_Glass_Blue
f 8759//1305 8760//1305 8761//1305
f 8760//1305 8759//1305 8762//1305
f 8763//1306 8764//1306 8765//1306
f 8766//1306 8765//1306 8764//1306
o SketchUp.246
v 2.383840 0.632459 -0.000000
v 2.311955 0.511310 -0.000000
v 2.383840 0.511310 -0.000000
v 2.311955 0.632459 -0.000000
v 2.311955 0.632459 -0.000000
v 2.383840 0.632459 -0.000000
v 2.311955 0.511310 -0.000000
v 2.383840 0.511310 -0.000000
vn -0.0000 -0.0000 1.0000
vn -0.0000 -0.0000 -1.0000
s 1
usemtl Translucent_Glass_Blue
f 8767//1307 8768//1307 8769//1307
f 8768//1307 8767//1307 8770//1307
f 8771//1308 8772//1308 8773//1308
f 8774//1308 8773//1308 8772//1308
o SketchUp.247
v 2.062879 0.640469 -0.000000
v 1.989128 0.653480 -0.000000
v 1.988492 0.640469 -0.000000
v 2.062879 0.740148 -0.000000
v 1.991027 0.666268 -0.000000
v 1.994154 0.678615 -0.000000
v 1.998458 0.690309 -0.000000
v 2.003864 0.701150 -0.000000
v 2.010279 0.710953 -0.000000
v 2.017595 0.719550 -0.000000
v 2.025686 0.726794 -0.000000
v 2.034412 0.732561 -0.000000
v 2.043626 0.736752 -0.000000
v 2.053170 0.739295 -0.000000
v 2.053170 0.739295 -0.000000
v 2.062879 0.740148 -0.000000
v 2.043626 0.736752 -0.000000
v 2.034412 0.732561 -0.000000
v 2.025686 0.726794 -0.000000
v 2.017595 0.719550 -0.000000
v 2.010279 0.710953 -0.000000
v 2.003864 0.701150 -0.000000
v 1.998458 0.690309 -0.000000
v 1.994154 0.678615 -0.000000
v 1.991027 0.666268 -0.000000
v 1.989128 0.653480 -0.000000
v 2.062879 0.640469 -0.000000
v 1.988492 0.640469 -0.000000
vn -0.0000 -0.0000 1.0000
vn -0.0000 -0.0000 -1.0000
s 1
usemtl Translucent_Glass_Blue
f 8775//1309 8776//1309 8777//1309
f 8776//1309 8775//1309 8778//1309
f 8776//1309 8778//1309 8779//1309
f 8779//1309 8778//1309 8780//1309
f 8780//1309 8778//1309 8781//1309
f 8781//1309 8778//1309 8782//1309
f 8782//1309 8778//1309 8783//1309
f 8783//1309 8778//1309 8784//1309
f 8784//1309 8778//1309 8785//1309
f 8785//1309 8778//1309 8786//1309
f 8786//1309 8778//1309 8787//1309
f 8787//1309 8778//1309 8788//1309
f 8789//1310 8790//1310 8791//1310
f 8791//1310 8790//1310 8792//1310
f 8792//1310 8790//1310 8793//1310
f 8793//1310 8790//1310 8794//1310
f 8794//1310 8790//1310 8795//1310
f 8795//1310 8790//1310 8796//1310
f 8796//1310 8790//1310 8797//1310
f 8797//1310 8790//1310 8798//1310
f 8798//1310 8790//1310 8799//1310
f 8799//1310 8790//1310 8800//1310
f 8790//1310 8801//1310 8800//1310
f 8802//1310 8800//1310 8801//1310
o SketchUp.248
v 2.393456 0.632459 -0.000000
v 2.383840 0.511310 -0.000000
v 2.393456 0.511310 -0.000000
v 2.383840 0.632459 -0.000000
v 2.383840 0.632459 -0.000000
v 2.393456 0.632459 -0.000000
v 2.383840 0.511310 -0.000000
v 2.393456 0.511310 -0.000000
vn -0.0000 -0.0000 -1.0000
vn -0.0000 -0.0000 1.0000
vt 0.000000 0.000000
vt 13.654349 3.608098
vt 13.599489 2.916955
vt 13.654349 2.916955
vt 13.599489 3.608098
s 1
usemtl Translucent_Glass_Blue
f 8807/6932/1311 8808/6932/1311 8809/6932/1311
f 8810/6932/1311 8809/6932/1311 8808/6932/1311
usemtl Stone_Flagstone_Ashlar
f 8803/6933/1312 8804/6934/1312 8805/6935/1312
f 8804/6934/1312 8803/6933/1312 8806/6936/1312
o SketchUp.249
v 2.476097 0.653514 -0.000000
v 2.476845 0.640469 0.010064
v 2.476132 0.653514 0.010064
v 2.473865 0.666336 -0.000000
v 2.476845 0.640469 0.003987
v 2.476845 0.640469 -0.000000
v 2.476132 0.653514 0.010064
v 2.476845 0.640469 0.015489
v 2.476132 0.653514 0.015489
v 2.476845 0.640469 0.010064
v 2.474007 0.666336 0.010064
v 2.476132 0.653514 -0.001438
v 2.476097 0.653514 -0.000000
v 2.473865 0.666336 -0.000000
v 2.476845 0.640469 0.003987
v 2.393559 0.640469 -0.000000
v 2.393559 0.640469 0.003987
v 2.476845 0.640469 -0.000000
v 2.476845 0.640469 0.010064
v 2.393559 0.640469 0.003987
v 2.393559 0.640469 0.010064
v 2.476845 0.640469 0.003987
v 2.476845 0.640469 -0.001438
v 2.476845 0.640469 -0.000000
v 2.474007 0.666336 0.015489
v 2.474007 0.666336 0.010064
v 2.476132 0.653514 0.003987
v 2.476132 0.653514 0.010064
v 2.476845 0.640469 0.003987
v 2.470188 0.678716 -0.000000
v 2.474007 0.666336 -0.001438
v 2.393559 0.640469 -0.000000
v 2.393559 0.680060 0.003987
v 2.393559 0.640469 0.003987
v 2.476845 0.640469 -0.000000
v 2.393559 0.640469 -0.001438
v 2.393559 0.640469 -0.000000
v 2.476845 0.640469 -0.001438
v 2.393559 0.740412 0.010064
v 2.393559 0.640469 0.010064
v 2.470505 0.678716 0.015489
v 2.470505 0.678716 0.010064
v 2.474007 0.666336 0.003987
v 2.474007 0.666336 0.010064
v 2.470505 0.678716 0.010064
v 2.470188 0.678716 -0.000000
v 2.474007 0.666336 -0.001438
v 2.476132 0.653514 -0.012940
v 2.476132 0.653514 -0.001438
v 2.474007 0.666336 -0.012940
v 2.476845 0.640469 -0.001438
v 2.476845 0.640469 -0.012940
v 2.393559 0.680060 0.003987
v 2.389395 0.740412 -0.000000
v 2.393559 0.740412 0.010064
v 2.393559 0.640469 -0.000000
v 2.393559 0.640469 -0.001438
v 2.389395 0.740412 -0.000000
v 2.393559 0.640469 -0.000000
v 2.393559 0.740412 0.003987
v 2.393559 0.740412 0.015489
v 2.393559 0.640469 0.015489
v 2.465687 0.690441 0.010064
v 2.465687 0.690441 0.015489
v 2.470505 0.678716 0.003987
v 2.470505 0.678716 0.010064
v 2.465129 0.690441 -0.000000
v 2.470505 0.678716 -0.001438
v 2.470505 0.678716 -0.012940
v 2.470505 0.678716 -0.001438
v 2.400809 0.739558 -0.000000
v 2.393559 0.740412 0.010064
v 2.389395 0.740412 -0.000000
v 2.389395 0.740412 -0.000000
v 2.393559 0.640469 -0.001438
v 2.393559 0.740412 -0.001438
v 2.404429 0.739558 0.003987
v 2.393559 0.740412 0.010064
v 2.393559 0.740412 0.003987
v 2.404429 0.739558 0.010064
v 2.404429 0.739558 0.010064
v 2.393559 0.740412 0.015489
v 2.393559 0.740412 0.010064
v 2.404429 0.739558 0.015489
v 2.459634 0.701311 0.010064
v 2.459634 0.701311 0.015489
v 2.465687 0.690441 0.010064
v 2.465687 0.690441 0.003987
v 2.465129 0.690441 -0.000000
v 2.465687 0.690441 -0.012940
v 2.465687 0.690441 -0.001438
v 2.404429 0.739558 -0.001438
v 2.400809 0.739558 -0.000000
v 2.389395 0.740412 -0.000000
v 2.404429 0.739558 0.010064
v 2.393559 0.740412 -0.001438
v 2.393559 0.640469 -0.012940
v 2.393559 0.740412 -0.001438
v 2.393559 0.640469 -0.001438
v 2.393559 0.740412 -0.012940
v 2.415115 0.737007 0.003987
v 2.415115 0.737007 0.010064
v 2.415115 0.737007 0.015489
v 2.452451 0.711140 0.010064
v 2.452451 0.711140 0.015489
v 2.458773 0.701311 -0.000000
v 2.459634 0.701311 0.010064
v 2.459634 0.701311 0.003987
v 2.459634 0.701311 0.010064
v 2.465687 0.690441 -0.001438
v 2.459634 0.701311 -0.012940
v 2.459634 0.701311 -0.001438
v 2.415115 0.737007 -0.001438
v 2.412028 0.737007 -0.000000
v 2.404429 0.739558 -0.012940
v 2.393559 0.740412 -0.001438
v 2.393559 0.740412 -0.012940
v 2.404429 0.739558 -0.001438
v 2.425431 0.732805 0.003987
v 2.425431 0.732805 0.010064
v 2.415115 0.737007 0.010064
v 2.425431 0.732805 0.010064
v 2.425431 0.732805 0.015489
v 2.444260 0.719760 0.015489
v 2.444260 0.719760 0.010064
v 2.451231 0.711140 -0.000000
v 2.452451 0.711140 0.010064
v 2.452451 0.711140 0.003987
v 2.452451 0.711140 0.010064
v 2.458773 0.701311 -0.000000
v 2.459634 0.701311 -0.001438
v 2.452451 0.711140 -0.012940
v 2.452451 0.711140 -0.001438
v 2.415115 0.737007 -0.012940
v 2.415115 0.737007 -0.001438
v 2.412028 0.737007 -0.000000
v 2.435202 0.727023 0.003987
v 2.435202 0.727023 0.010064
v 2.422860 0.732805 -0.000000
v 2.425431 0.732805 0.010064
v 2.435202 0.727023 0.010064
v 2.435202 0.727023 0.015489
v 2.442631 0.719760 -0.000000
v 2.444260 0.719760 0.010064
v 2.444260 0.719760 0.003987
v 2.444260 0.719760 0.010064
v 2.451231 0.711140 -0.000000
v 2.452451 0.711140 -0.001438
v 2.444260 0.719760 -0.001438
v 2.444260 0.719760 -0.012940
v 2.425431 0.732805 -0.012940
v 2.425431 0.732805 -0.001438
v 2.425431 0.732805 -0.001438
v 2.422860 0.732805 -0.000000
v 2.433120 0.727023 -0.000000
v 2.435202 0.727023 0.010064
v 2.442631 0.719760 -0.000000
v 2.444260 0.719760 -0.001438
v 2.435202 0.727023 -0.001438
v 2.435202 0.727023 -0.012940
v 2.435202 0.727023 -0.001438
v 2.433120 0.727023 -0.000000
vn -0.9935 -0.1138 0.0027
vn -0.9984 -0.0561 0.0014
vn -0.9937 -0.1115 0.0056
vn -0.9740 -0.2263 0.0115
vn -0.9984 -0.0573 -0.0000
vn -0.9940 -0.1092 -0.0000
vn -0.9985 -0.0546 -0.0000
vn -0.9750 -0.2217 0.0173
vn -0.9932 -0.1128 -0.0274
vn -0.9933 -0.1134 -0.0238
vn -0.9700 -0.2247 -0.0931
vn -0.0000 1.0000 -0.0000
vn -0.9984 -0.0571 -0.0017
vn -0.9759 -0.2182 -0.0000
vn -0.9409 -0.3378 0.0261
vn -0.9699 -0.2221 -0.0998
vn 1.0000 -0.0000 -0.0000
vn -0.9451 -0.3267 -0.0000
vn -0.9431 -0.3308 0.0344
vn -0.9222 -0.3314 -0.1993
vn 0.9234 0.0385 -0.3820
vn 0.9233 0.0385 -0.3820
vn 0.9991 0.0416 -0.0000
vn -0.9009 -0.4341 -0.0000
vn -0.9009 -0.4340 -0.0000
vn -0.8932 -0.4473 0.0449
vn -0.9226 -0.3242 -0.2090
vn -0.1335 -0.9898 0.0492
vn -0.0764 -0.9966 0.0296
vn -0.0746 -0.9967 0.0309
vn 0.3264 -0.0000 0.9452
vn -0.1557 -0.9878 -0.0000
vn -0.0783 -0.9969 -0.0000
vn -0.8421 -0.5393 -0.0000
vn -0.8973 -0.4379 0.0553
vn -0.8450 -0.4265 -0.3226
vn -0.1860 -0.8633 -0.4692
vn -0.0914 -0.9695 -0.2274
vn -0.0755 -0.9746 -0.2108
vn -0.1687 -0.9840 0.0571
vn -0.0764 -0.9722 -0.2211
vn -0.3056 -0.9522 -0.0000
vn -0.7677 -0.6408 -0.0000
vn -0.8303 -0.5534 0.0656
vn -0.8371 -0.5415 0.0777
vn -0.8475 -0.4112 -0.3356
vn -0.2795 -0.7474 -0.6028
vn -0.2817 -0.9553 0.0898
vn -0.4445 -0.8958 -0.0000
vn -0.3123 -0.9457 0.0905
vn -0.6768 -0.7362 -0.0000
vn -0.7514 -0.6543 0.0851
vn -0.7619 -0.6401 0.0986
vn -0.7436 -0.5042 -0.4390
vn -0.7503 -0.4782 -0.4566
vn -0.2179 -0.8588 -0.4637
vn -0.5688 -0.8224 -0.0000
vn -0.4199 -0.9006 0.1123
vn -0.4454 -0.8889 0.1074
vn -0.6610 -0.7426 0.1077
vn -0.6764 -0.7284 0.1095
vn -0.6319 -0.5662 -0.5293
vn -0.6441 -0.5276 -0.5539
vn -0.3622 -0.6660 -0.6521
vn -0.3217 -0.7563 -0.5697
vn -0.5453 -0.8298 0.1189
vn -0.5656 -0.8173 0.1101
vn -0.5222 -0.6208 -0.5847
vn -0.5412 -0.5680 -0.6200
vn -0.4474 -0.6103 -0.6537
vn -0.4197 -0.6800 -0.6012
vt 0.100008 5.904556
vt 0.214867 5.755491
vt 0.214838 5.904556
vt 0.099918 2.650229
vt 0.100008 2.501734
vt 0.214838 2.501734
vt 0.000000 5.826609
vt 0.045487 5.677521
vt 0.114829 5.677521
vt 0.000000 5.677521
vt 0.114829 5.904514
vt 0.176721 5.755450
vt 0.176721 5.904514
vt 0.114829 5.755450
vt 0.397924 2.885513
vt 0.513106 2.737221
vt 0.512764 2.885513
vt -0.716253 2.504668
vt -0.699843 2.504668
vt -0.699213 2.653162
vt 28.260149 -0.045487
vt 27.309879 -0.000000
vt 27.309879 -0.045487
vt 28.260149 -0.000000
vt 28.260149 -0.114829
vt 27.309879 -0.114829
vt -0.016404 5.677521
vt 0.176721 2.884323
vt 0.114829 2.736031
vt 0.176721 2.736031
vt 0.114829 2.884323
vt 0.045487 5.904514
vt 0.045487 5.755450
vt 0.397332 -0.599813
vt 0.397924 -0.747157
vt 0.512764 -0.747157
vt -2.788757 2.929492
vt -2.791139 2.781218
vt -2.772273 2.929492
vt -0.716454 5.756423
vt -0.699843 5.905487
vt -0.716253 5.905487
vt 0.000000 7.307585
vt -0.045487 7.759303
vt -0.045487 7.307585
vt 27.309879 0.016404
vt 28.260149 0.016404
vt -0.114829 8.447914
vt -0.114829 7.307585
vt 0.176721 -0.221083
vt 0.114829 -0.367872
vt 0.176721 -0.367872
vt 0.114829 -0.221083
vt 0.045487 2.884323
vt 0.045487 2.736031
vt 0.887274 -0.212504
vt 1.003418 -0.359287
vt 1.002160 -0.212504
vt -2.788757 -0.671484
vt -2.772273 -0.671484
vt -2.768153 -0.524197
vt -0.016404 2.884323
vt -0.147638 2.736031
vt -0.016404 2.736031
vt -0.147638 2.884323
vt -0.147638 5.904514
vt -0.016404 5.755450
vt -0.016404 5.904514
vt -0.147638 5.755450
vt -10.483650 6.783378
vt -10.423460 7.472500
vt -10.547729 7.472500
vt -10.441620 6.331326
vt 0.016404 6.164325
vt 0.000000 7.305643
vt 0.000000 6.164325
vt -0.045487 8.447914
vt -0.176721 8.447914
vt -0.176721 7.307585
vt 0.114829 -3.407086
vt 0.176721 -3.551721
vt 0.176721 -3.407086
vt 0.114829 -3.551721
vt 0.045487 -0.221083
vt 0.045487 -0.367872
vt 0.885457 -3.899633
vt 0.887274 -4.045324
vt 1.002160 -4.045324
vt -6.093657 -0.010766
vt -6.068256 0.135771
vt -6.085054 0.135771
vt -0.147638 -0.221083
vt -0.016404 -0.367872
vt -0.016404 -0.221083
vt -0.147638 -0.367872
vt 10.473249 -24.546799
vt 10.547729 -24.426060
vt 10.423460 -24.426060
vt 25.769730 8.447914
vt 25.820000 7.307585
vt 25.820000 8.447914
vt 0.045487 -26.687809
vt 0.114829 -26.563400
vt 0.045487 -26.563400
vt 0.114829 -26.687809
vt 0.176721 -26.563400
vt 0.176721 -26.687809
vt 0.114829 -6.661512
vt 0.176721 -6.803467
vt 0.176721 -6.661512
vt 0.114829 -6.803467
vt 1.556816 -3.372659
vt 1.674865 -3.517262
vt 1.671822 -3.372659
vt 0.045487 -3.407086
vt 0.045487 -3.551721
vt -6.085054 -3.551382
vt -6.068256 -3.551382
vt -6.055827 -3.406210
vt -0.147638 -3.407086
vt -0.016404 -3.551721
vt -0.016404 -3.407086
vt -0.147638 -3.551721
vt -25.503380 -8.228776
vt -25.458929 -8.228776
vt -25.337889 -8.179732
vt 9.395144 -24.982809
vt 9.353155 -24.865700
vt 9.273109 -24.982809
vt -25.937239 -6.711711
vt -25.769730 -6.670073
vt -25.820000 -6.670073
vt 0.147638 7.307585
vt 0.016404 8.447914
vt 0.016404 7.307585
vt 0.147638 8.447914
vt 0.045487 -24.850500
vt 0.114829 -24.725170
vt 0.045487 -24.725170
vt 0.114829 -24.850500
vt 0.176721 -24.725170
vt 0.176721 -24.850500
vt 0.114829 -9.959428
vt 0.176721 -10.098330
vt 0.176721 -9.959428
vt 0.114829 -10.098330
vt 2.390048 -6.563318
vt 2.511180 -6.705150
vt 2.505296 -6.563318
vt 0.045487 -6.661512
vt 0.045487 -6.803467
vt 1.552802 -7.211130
vt 1.556816 -7.354740
vt 1.671822 -7.354740
vt -10.212680 -2.167966
vt -10.175200 -2.024705
vt -10.192790 -2.024705
vt -0.147638 -6.661512
vt -0.016404 -6.803467
vt -0.016404 -6.661512
vt -0.147638 -6.803467
vt -25.616690 -3.959459
vt -25.458929 -3.905876
vt -25.503380 -3.905876
vt 9.316444 -23.196779
vt 9.395144 -23.072859
vt 9.273109 -23.072859
vt -0.147638 -26.687809
vt -0.016404 -26.563400
vt -0.147638 -26.563400
vt -0.016404 -26.687809
vt 0.045487 -22.474600
vt 0.114829 -22.347500
vt 0.045487 -22.347500
vt 0.114829 -22.474600
vt 8.189274 -23.490540
vt 8.153528 -23.370409
vt 8.069165 -23.490540
vt 0.176721 -22.347500
vt 0.176721 -22.474600
vt 0.176721 -13.257400
vt 0.114829 -13.393069
vt 0.176721 -13.393069
vt 0.114829 -13.257400
vt 3.364875 -9.736913
vt 3.490405 -9.875465
vt 3.480544 -9.736913
vt 0.045487 -9.959428
vt 0.045487 -10.098330
vt 2.382716 -10.479569
vt 2.390048 -10.620740
vt 2.505296 -10.620740
vt -10.192790 -5.632140
vt -10.175200 -5.632140
vt -10.148970 -5.490889
vt -14.462359 -3.294601
vt -14.407769 -3.157149
vt -14.426889 -3.157149
vt -0.147638 -9.959428
vt -0.016404 -10.098330
vt -0.016404 -9.959428
vt -0.147638 -10.098330
vt -0.147638 -24.850500
vt -0.016404 -24.725170
vt -0.147638 -24.725170
vt -0.016404 -24.850500
vt -24.985720 -6.245733
vt -24.946869 -6.245733
vt -24.830830 -6.184345
vt 0.045487 -19.687229
vt 0.114829 -19.557690
vt 0.045487 -19.557690
vt 0.114829 -19.687229
vt 8.105403 -21.345980
vt 8.189274 -21.218460
vt 8.069165 -21.218460
vt 6.960043 -21.450380
vt 6.930913 -21.326670
vt 6.841527 -21.450380
vt 0.176721 -19.557690
vt 0.176721 -19.687229
vt 0.114829 -16.620640
vt 0.176721 -16.488159
vt 0.114829 -16.488159
vt 0.176721 -16.620640
vt 4.453726 -12.832310
vt 4.584985 -12.967159
vt 4.570051 -12.832310
vt 0.045487 -13.257400
vt 0.045487 -13.393069
vt 3.353069 -13.635550
vt 3.364875 -13.773979
vt 3.480544 -13.773979
vt -14.426889 -6.554388
vt -14.407769 -6.554388
vt -14.363580 -6.420116
vt -18.167419 -3.422879
vt -18.092890 -3.294494
vt -18.114399 -3.294494
vt -0.016404 -13.257400
vt -0.147638 -13.393069
vt -0.016404 -13.393069
vt -0.147638 -13.257400
vt -0.147638 -22.474600
vt -0.016404 -22.347500
vt -0.147638 -22.347500
vt -0.016404 -22.474600
vt -25.092409 -2.594005
vt -24.946869 -2.524947
vt -24.985720 -2.524947
vt 0.045487 -16.620640
vt 0.045487 -16.488159
vt -24.160759 -5.361513
vt -24.127150 -5.361513
vt -24.019279 -5.284453
vt 6.870496 -19.079350
vt 6.960043 -18.948139
vt 6.841527 -18.948139
vt 5.741631 -18.976820
vt 5.719045 -18.849260
vt 5.624370 -18.976820
vt 4.570051 -16.177080
vt 4.553534 -16.045639
vt 4.453726 -16.177080
vt -18.114399 -6.456449
vt -18.092890 -6.456449
vt -18.029409 -6.332869
vt -20.921509 -2.863088
vt -20.991579 -2.979262
vt -20.896719 -2.863088
vt -0.147638 -16.620640
vt -0.016404 -16.488159
vt -0.147638 -16.488159
vt -0.016404 -16.620640
vt -0.147638 -19.687229
vt -0.016404 -19.557690
vt -0.147638 -19.557690
vt -0.016404 -19.687229
vt -24.160759 -2.136263
vt -24.258049 -2.221783
vt -24.127150 -2.136263
vt -22.873230 -5.357737
vt -22.844360 -5.357737
vt -22.748030 -5.264055
vt 5.646356 -16.471680
vt 5.741631 -16.336920
vt 5.624370 -16.336920
vt -20.921509 -5.869173
vt -20.896719 -5.869173
vt -20.815350 -5.759522
vt -22.873230 -2.352409
vt -22.958279 -2.453978
vt -22.844360 -2.352409
s 1
usemtl Wood_Floor_Parquet
f 8811/6937/1313 8812/6938/1314 8813/6939/1315
f 8814/6940/1316 8811/6941/1313 8813/6942/1315
f 8811/6943/1313 8815/6944/1317 8812/6945/1314
f 8815/6944/1317 8811/6943/1313 8816/6946/1317
f 8817/6947/1318 8818/6948/1319 8819/6949/1318
f 8818/6948/1319 8817/6947/1318 8820/6950/1319
f 8814/6951/1316 8813/6952/1315 8821/6953/1320
f 8822/6954/1321 8823/6955/1322 8824/6956/1323
f 8825/6957/1324 8826/6958/1324 8827/6959/1324
f 8826/6958/1324 8825/6957/1324 8828/6960/1324
f 8829/6961/1324 8830/6959/1324 8831/6962/1324
f 8830/6959/1324 8829/6961/1324 8832/6957/1324
f 8833/6963/1325 8834/6946/1317 8823/6943/1322
f 8835/6964/1326 8817/6965/1318 8819/6966/1318
f 8817/6965/1318 8835/6964/1326 8836/6967/1326
f 8837/6968/1318 8820/6950/1319 8838/6947/1318
f 8820/6950/1319 8837/6968/1318 8839/6969/1319
f 8840/6970/1327 8814/6971/1316 8821/6972/1320
f 8841/6973/1328 8822/6974/1321 8824/6975/1323
f 8833/6976/1325 8823/6977/1322 8822/6978/1321
f 8842/6979/1329 8843/6980/1329 8844/6981/1329
f 8845/6960/1324 8846/6982/1324 8847/6958/1324
f 8846/6982/1324 8845/6960/1324 8848/6983/1324
f 8844/6981/1329 8849/6984/1329 8850/6985/1329
f 8849/6984/1329 8844/6981/1329 8843/6980/1329
f 8851/6986/1330 8836/6987/1326 8835/6988/1326
f 8836/6987/1326 8851/6986/1330 8852/6989/1330
f 8853/6990/1326 8838/6965/1318 8854/6967/1326
f 8838/6965/1318 8853/6990/1326 8837/6991/1318
f 8840/6992/1327 8821/6993/1320 8855/6994/1331
f 8841/6995/1328 8824/6996/1323 8856/6997/1332
f 8857/6998/1326 8858/6999/1318 8859/7000/1318
f 8858/6999/1318 8857/6998/1326 8860/7001/1326
f 8858/7002/1318 8861/7003/1319 8859/7004/1318
f 8861/7003/1319 8858/7002/1318 8862/7005/1319
f 8863/7006/1333 8864/7007/1334 8865/7008/1334
f 8864/7007/1334 8863/7006/1333 8866/7009/1333
f 8867/7010/1335 8868/7011/1335 8869/7012/1335
f 8870/7013/1329 8849/6984/1329 8843/6980/1329
f 8850/6985/1329 8871/7014/1329 8872/7015/1329
f 8871/7014/1329 8850/6985/1329 8849/6984/1329
f 8873/7016/1336 8851/7017/1330 8874/7018/1337
f 8851/7017/1330 8873/7016/1336 8852/7019/1330
f 8875/7020/1330 8854/6987/1326 8876/6989/1330
f 8854/6987/1326 8875/7020/1330 8853/7021/1326
f 8877/7022/1338 8840/7023/1327 8855/7024/1331
f 8841/7025/1328 8856/7026/1332 8878/7027/1339
f 8879/7028/1330 8857/7029/1326 8880/7030/1330
f 8857/7029/1326 8879/7028/1330 8860/7031/1326
f 8881/7032/1340 8882/7033/1341 8883/7034/1342
f 8884/7035/1343 8885/7036/1343 8886/7037/1343
f 8887/7038/1344 8888/7039/1345 8889/7040/1345
f 8888/7039/1345 8887/7038/1344 8890/7041/1344
f 8891/7041/1344 8892/7042/1345 8893/7039/1345
f 8892/7042/1345 8891/7041/1344 8894/7043/1344
f 8895/7044/1346 8874/7045/1337 8896/7046/1346
f 8874/7045/1337 8895/7044/1346 8873/7047/1336
f 8877/7048/1338 8855/7049/1331 8897/7050/1347
f 8898/7051/1336 8876/7019/1330 8873/7016/1337
f 8876/7019/1330 8898/7051/1336 8875/7052/1330
f 8878/7053/1339 8856/7054/1332 8899/7055/1348
f 8900/7056/1337 8880/7057/1330 8901/7058/1336
f 8880/7057/1330 8900/7056/1337 8879/7059/1330
f 8902/7060/1349 8903/7061/1350 8904/7062/1351
f 8905/7063/1352 8882/7064/1341 8881/7065/1340
f 8902/7066/1349 8904/7067/1351 8906/7068/1353
f 8907/7069/1329 8908/7070/1329 8909/7071/1329
f 8908/7070/1329 8907/7069/1329 8910/7072/1329
f 8911/7073/1354 8890/7074/1344 8887/7075/1344
f 8890/7074/1344 8911/7073/1354 8912/7076/1354
f 8912/7076/1354 8894/7077/1344 8891/7074/1344
f 8894/7077/1344 8912/7076/1354 8913/7078/1354
f 8914/7079/1355 8896/7080/1346 8915/7081/1355
f 8896/7080/1346 8914/7079/1355 8895/7082/1346
f 8916/7083/1356 8897/7084/1347 8917/7085/1357
f 8918/7086/1346 8873/7047/1337 8919/7044/1346
f 8873/7047/1337 8918/7086/1346 8898/7087/1336
f 8916/7088/1356 8877/7089/1338 8897/7090/1347
f 8878/7091/1339 8899/7092/1348 8920/7093/1358
f 8921/7094/1346 8901/7095/1336 8922/7096/1346
f 8901/7095/1336 8921/7094/1346 8900/7097/1337
f 8923/7098/1359 8903/7099/1350 8902/7100/1349
f 8924/7101/1360 8905/7102/1352 8881/7103/1340
f 8925/7104/1344 8926/7105/1345 8927/7106/1345
f 8926/7105/1345 8925/7104/1344 8928/7107/1344
f 8929/7108/1361 8912/7109/1354 8911/7110/1354
f 8912/7109/1354 8929/7108/1361 8930/7111/1361
f 8931/7112/1362 8905/7113/1352 8924/7114/1360
f 8932/7111/1361 8913/7115/1354 8912/7109/1354
f 8913/7115/1354 8932/7111/1361 8933/7116/1361
f 8934/7117/1363 8914/7118/1355 8915/7119/1355
f 8914/7118/1355 8934/7117/1363 8935/7120/1363
f 8936/7121/1364 8917/7122/1357 8937/7123/1365
f 8938/7124/1355 8919/7082/1346 8939/7079/1355
f 8919/7082/1346 8938/7124/1355 8918/7125/1346
f 8936/7126/1364 8916/7127/1356 8917/7128/1357
f 8920/7129/1358 8899/7130/1348 8940/7131/1366
f 8920/7132/1358 8940/7133/1366 8941/7134/1367
f 8942/7135/1355 8922/7136/1346 8943/7137/1355
f 8922/7136/1346 8942/7135/1355 8921/7138/1346
f 8944/7139/1354 8928/7140/1344 8925/7141/1344
f 8928/7140/1344 8944/7139/1354 8945/7142/1354
f 8923/7143/1359 8946/7144/1368 8903/7145/1350
f 8947/7146/1369 8930/7147/1361 8929/7148/1361
f 8930/7147/1361 8947/7146/1369 8948/7149/1369
f 8949/7150/1370 8931/7151/1362 8924/7152/1360
f 8950/7153/1371 8931/7154/1362 8949/7155/1370
f 8951/7149/1369 8933/7156/1361 8932/7147/1361
f 8933/7156/1361 8951/7149/1369 8952/7157/1369
f 8935/7158/1363 8952/7159/1369 8951/7160/1369
f 8952/7159/1369 8935/7158/1363 8934/7161/1363
f 8953/7162/1372 8937/7163/1365 8954/7164/1373
f 8955/7165/1363 8939/7118/1355 8956/7120/1363
f 8939/7118/1355 8955/7165/1363 8938/7166/1355
f 8953/7167/1372 8936/7168/1364 8937/7169/1365
f 8941/7170/1367 8940/7171/1366 8957/7172/1374
f 8941/7173/1367 8957/7174/1374 8958/7175/1375
f 8959/7176/1363 8942/7177/1355 8943/7178/1355
f 8942/7177/1355 8959/7176/1363 8960/7179/1363
f 8961/7180/1361 8945/7181/1354 8944/7182/1354
f 8945/7181/1354 8961/7180/1361 8962/7183/1361
f 8963/7184/1376 8946/7185/1368 8923/7186/1359
f 8955/7187/1363 8948/7160/1369 8947/7188/1369
f 8948/7160/1369 8955/7187/1363 8956/7158/1363
f 8963/7189/1376 8964/7190/1377 8946/7191/1368
f 8965/7192/1378 8950/7193/1371 8949/7194/1370
f 8966/7195/1379 8950/7196/1371 8965/7197/1378
f 8954/7198/1373 8966/7199/1379 8953/7200/1372
f 8958/7201/1375 8957/7202/1374 8967/7203/1380
f 8968/7204/1381 8958/7205/1375 8967/7206/1380
f 8960/7207/1363 8969/7208/1369 8970/7209/1369
f 8969/7208/1369 8960/7207/1363 8959/7210/1363
f 8970/7211/1369 8962/7212/1361 8961/7213/1361
f 8962/7212/1361 8970/7211/1369 8969/7214/1369
f 8963/7215/1376 8971/7216/1382 8964/7217/1377
f 8971/7218/1382 8972/7219/1383 8964/7220/1377
f 8953/7221/1372 8966/7222/1379 8965/7223/1378
f 8968/7224/1381 8967/7225/1380 8972/7226/1383
f 8971/7227/1382 8968/7228/1381 8972/7229/1383
o SketchUp.250
v 2.476097 0.653514 -0.000000
v 2.393559 0.640469 -0.000000
v 2.476845 0.640469 -0.000000
v 2.389395 0.740412 -0.000000
v 2.473865 0.666336 -0.000000
v 2.470188 0.678716 -0.000000
v 2.465129 0.690441 -0.000000
v 2.458773 0.701311 -0.000000
v 2.451231 0.711140 -0.000000
v 2.442631 0.719760 -0.000000
v 2.433120 0.727023 -0.000000
v 2.422860 0.732805 -0.000000
v 2.412028 0.737007 -0.000000
v 2.400809 0.739558 -0.000000
v 2.400809 0.739558 -0.000000
v 2.412028 0.737007 -0.000000
v 2.389395 0.740412 -0.000000
v 2.422860 0.732805 -0.000000
v 2.433120 0.727023 -0.000000
v 2.442631 0.719760 -0.000000
v 2.451231 0.711140 -0.000000
v 2.458773 0.701311 -0.000000
v 2.465129 0.690441 -0.000000
v 2.470188 0.678716 -0.000000
v 2.473865 0.666336 -0.000000
v 2.476097 0.653514 -0.000000
v 2.393559 0.640469 -0.000000
v 2.476845 0.640469 -0.000000
vn -0.0000 -0.0000 1.0000
vn -0.0000 -0.0000 -1.0000
s 1
usemtl Translucent_Glass_Blue
f 8973//1384 8974//1384 8975//1384
f 8974//1384 8973//1384 8976//1384
f 8976//1384 8973//1384 8977//1384
f 8976//1384 8977//1384 8978//1384
f 8976//1384 8978//1384 8979//1384
f 8976//1384 8979//1384 8980//1384
f 8976//1384 8980//1384 8981//1384
f 8976//1384 8981//1384 8982//1384
f 8976//1384 8982//1384 8983//1384
f 8976//1384 8983//1384 8984//1384
f 8976//1384 8984//1384 8985//1384
f 8976//1384 8985//1384 8986//1384
f 8987//1385 8988//1385 8989//1385
f 8988//1385 8990//1385 8989//1385
f 8990//1385 8991//1385 8989//1385
f 8991//1385 8992//1385 8989//1385
f 8992//1385 8993//1385 8989//1385
f 8993//1385 8994//1385 8989//1385
f 8994//1385 8995//1385 8989//1385
f 8995//1385 8996//1385 8989//1385
f 8996//1385 8997//1385 8989//1385
f 8997//1385 8998//1385 8989//1385
f 8989//1385 8998//1385 8999//1385
f 9000//1385 8999//1385 8998//1385
o SketchUp.251
v 1.194145 0.729855 -0.000000
v 1.185068 0.729847 -0.000000
v 1.194145 0.729850 -0.000000
v 1.194145 0.729850 -0.000000
v 1.185068 0.729847 -0.000000
v 1.194145 0.729855 -0.000000
v 1.194145 0.729850 -0.000000
v 1.185068 0.630168 -0.000000
v 1.194145 0.630168 -0.000000
v 1.185068 0.729847 -0.000000
v 1.185068 0.729847 -0.000000
v 1.194145 0.729850 -0.000000
v 1.185068 0.630168 -0.000000
v 1.194145 0.630168 -0.000000
v 1.194145 0.630168 -0.000000
v 1.185068 0.622158 -0.000000
v 1.194145 0.622158 -0.000000
v 1.185068 0.630168 -0.000000
v 1.185068 0.630168 -0.000000
v 1.194145 0.630168 -0.000000
v 1.185068 0.622158 -0.000000
v 1.194145 0.622158 -0.000000
v 1.194145 0.597100 -0.000000
v 1.185068 0.501009 -0.000000
v 1.194145 0.501009 -0.000000
v 1.185068 0.622158 -0.000000
v 1.194145 0.622158 -0.000000
v 1.194145 0.622158 -0.000000
v 1.194145 0.597100 -0.000000
v 1.185068 0.622158 -0.000000
v 1.185068 0.501009 -0.000000
v 1.194145 0.501009 -0.000000
vn -0.0000 -0.0000 -1.0000
vn -0.0000 -0.0000 1.0000
vt 0.000000 0.000000
vt 6.812443 4.163725
vt 6.760661 4.163683
vt 6.812443 4.163698
vt 6.760661 3.595027
vt 6.812443 3.595027
vt 6.760661 3.549332
vt 6.812443 3.549332
vt 6.812443 3.406379
vt 6.760661 2.858189
vt 6.812443 2.858189
s 1
usemtl Translucent_Glass_Blue
f 9004/7230/1386 9005/7230/1386 9006/7230/1386
f 9011/7230/1386 9012/7230/1386 9013/7230/1386
f 9014/7230/1386 9013/7230/1386 9012/7230/1386
f 9019/7230/1386 9020/7230/1386 9021/7230/1386
f 9022/7230/1386 9021/7230/1386 9020/7230/1386
f 9028/7230/1386 9029/7230/1386 9030/7230/1386
f 9030/7230/1386 9029/7230/1386 9031/7230/1386
f 9032/7230/1386 9031/7230/1386 9029/7230/1386
usemtl Stone_Flagstone_Ashlar
f 9001/7231/1387 9002/7232/1387 9003/7233/1387
f 9007/7233/1387 9008/7234/1387 9009/7235/1387
f 9008/7234/1387 9007/7233/1387 9010/7232/1387
f 9015/7235/1387 9016/7236/1387 9017/7237/1387
f 9016/7236/1387 9015/7235/1387 9018/7234/1387
f 9023/7238/1387 9024/7239/1387 9025/7240/1387
f 9024/7239/1387 9023/7238/1387 9026/7236/1387
f 9026/7236/1387 9023/7238/1387 9027/7237/1387
o SketchUp.252
v 1.267659 0.729913 -0.000000
v 1.242775 0.729893 -0.000000
v 1.267659 0.729893 -0.000000
v 1.267659 0.729893 -0.000000
v 1.242775 0.729893 -0.000000
v 1.267659 0.729913 -0.000000
v 1.267659 0.729873 -0.000000
v 1.242775 0.729893 -0.000000
v 1.194145 0.729855 -0.000000
v 1.267659 0.729893 -0.000000
v 1.267659 0.729893 -0.000000
v 1.267659 0.729873 -0.000000
v 1.242775 0.729893 -0.000000
v 1.194145 0.729855 -0.000000
vn -0.0000 -0.0000 -1.0000
vn -0.0000 -0.0000 1.0000
vt 0.000000 0.000000
vt 7.231826 4.164060
vt 7.089870 4.163946
vt 7.231826 4.163946
vt 7.231826 4.163832
vt 6.812443 4.163725
s 1
usemtl Translucent_Glass_Blue
f 9036/7241/1388 9037/7241/1388 9038/7241/1388
f 9043/7241/1388 9044/7241/1388 9045/7241/1388
f 9046/7241/1388 9045/7241/1388 9044/7241/1388
usemtl Stone_Flagstone_Ashlar
f 9033/7242/1389 9034/7243/1389 9035/7244/1389
f 9039/7245/1389 9040/7243/1389 9041/7246/1389
f 9040/7243/1389 9039/7245/1389 9042/7244/1389
o SketchUp.253
v 1.423854 0.622158 -0.000000
v 1.357841 0.501009 -0.000000
v 1.423854 0.501009 -0.000000
v 1.357841 0.622158 -0.000000
v 1.357841 0.622158 -0.000000
v 1.423854 0.622158 -0.000000
v 1.357841 0.501009 -0.000000
v 1.423854 0.501009 -0.000000
v 1.423854 0.630168 -0.000000
v 1.357841 0.622158 -0.000000
v 1.423854 0.622158 -0.000000
v 1.357841 0.630168 -0.000000
v 1.357841 0.630168 -0.000000
v 1.423854 0.630168 -0.000000
v 1.357841 0.622158 -0.000000
v 1.423854 0.622158 -0.000000
v 1.423854 0.630168 -0.000000
v 1.357841 0.729893 -0.000000
v 1.357841 0.630168 -0.000000
v 1.423854 0.729893 -0.000000
v 1.423854 0.729893 -0.000000
v 1.423854 0.630168 -0.000000
v 1.357841 0.729893 -0.000000
v 1.357841 0.630168 -0.000000
vn -0.0000 -0.0000 1.0000
vn -0.0000 -0.0000 -1.0000
s 1
usemtl Translucent_Glass_Blue
f 9047//1390 9048//1390 9049//1390
f 9048//1390 9047//1390 9050//1390
f 9051//1391 9052//1391 9053//1391
f 9054//1391 9053//1391 9052//1391
f 9055//1390 9056//1390 9057//1390
f 9056//1390 9055//1390 9058//1390
f 9059//1391 9060//1391 9061//1391
f 9062//1391 9061//1391 9060//1391
f 9063//1390 9064//1390 9065//1390
f 9064//1390 9063//1390 9066//1390
f 9067//1391 9068//1391 9069//1391
f 9070//1391 9069//1391 9068//1391
o SketchUp.254
v 1.346092 0.622158 -0.000000
v 1.276250 0.501009 -0.000000
v 1.346092 0.501009 -0.000000
v 1.276250 0.622158 -0.000000
v 1.276250 0.622158 -0.000000
v 1.346092 0.622158 -0.000000
v 1.276250 0.501009 -0.000000
v 1.346092 0.501009 -0.000000
vn -0.0000 -0.0000 1.0000
vn -0.0000 -0.0000 -1.0000
s 1
usemtl Translucent_Glass_Blue
f 9071//1392 9072//1392 9073//1392
f 9072//1392 9071//1392 9074//1392
f 9075//1393 9076//1393 9077//1393
f 9078//1393 9077//1393 9076//1393
o SketchUp.255
v 1.276250 0.729893 -0.000000
v 1.276250 0.729875 -0.000000
v 1.346092 0.729893 -0.000000
v 1.346092 0.729893 -0.000000
v 1.276250 0.729875 -0.000000
v 1.276250 0.729893 -0.000000
v 1.276250 0.630168 -0.000000
v 1.346092 0.630168 -0.000000
v 1.276250 0.630168 -0.000000
v 1.346092 0.630168 -0.000000
v 1.346092 0.729893 -0.000000
vn -0.0000 -0.0000 1.0000
vn -0.0000 -0.0000 -1.0000
s 1
usemtl Translucent_Glass_Blue
f 9079//1394 9080//1394 9081//1394
f 9082//1395 9083//1395 9084//1395
f 9081//1394 9085//1394 9086//1394
f 9085//1394 9081//1394 9080//1394
f 9083//1395 9082//1395 9087//1395
f 9088//1395 9087//1395 9089//1395
o SketchUp.256
v 1.506029 0.622158 -0.000000
v 1.506029 0.501009 0.011502
v 1.506029 0.622158 0.011502
v 1.506029 0.501009 -0.000000
v 1.506029 0.501009 -0.007189
v 1.506029 0.622158 -0.007189
v 1.506029 0.501009 0.011502
v 1.434144 0.501009 -0.000000
v 1.434144 0.501009 0.011502
v 1.506029 0.501009 -0.000000
v 1.506029 0.622158 -0.000000
v 1.434144 0.622158 0.011502
v 1.434144 0.622158 -0.000000
v 1.506029 0.622158 0.011502
v 1.434144 0.501009 -0.007189
v 1.506029 0.501009 -0.007189
v 1.506029 0.622158 -0.007189
v 1.434144 0.622158 -0.007189
v 1.434144 0.501009 -0.000000
v 1.434144 0.622158 0.011502
v 1.434144 0.501009 0.011502
v 1.434144 0.622158 -0.000000
v 1.434144 0.622158 -0.007189
v 1.434144 0.501009 -0.007189
vn -1.0000 -0.0000 -0.0000
vn -0.0000 1.0000 -0.0000
vn -0.0000 -1.0000 -0.0000
vn 1.0000 -0.0000 -0.0000
vt -0.000000 7.098664
vt 0.131234 5.716378
vt 0.131234 7.098664
vt -0.000000 5.716378
vt -0.082021 5.716378
vt -0.082021 7.098664
vt 17.183399 -0.131234
vt 16.363209 0.000000
vt 16.363209 -0.131234
vt 17.183399 0.000000
vt -17.183399 0.000000
vt -16.363209 -0.131234
vt -16.363209 0.000000
vt -17.183399 -0.131234
vt 16.363209 0.082021
vt 17.183399 0.082021
vt -17.183399 0.082021
vt -16.363209 0.082021
vt -0.131234 7.098664
vt -0.131234 5.716378
vt 0.082021 7.098664
vt 0.082021 5.716378
s 1
usemtl Wood_Floor_Parquet
f 9090/7247/1396 9091/7248/1396 9092/7249/1396
f 9091/7248/1396 9090/7247/1396 9093/7250/1396
f 9090/7247/1396 9094/7251/1396 9093/7250/1396
f 9094/7251/1396 9090/7247/1396 9095/7252/1396
f 9096/7253/1397 9097/7254/1397 9098/7255/1397
f 9097/7254/1397 9096/7253/1397 9099/7256/1397
f 9100/7257/1398 9101/7258/1398 9102/7259/1398
f 9101/7258/1398 9100/7257/1398 9103/7260/1398
f 9099/7256/1397 9104/7261/1397 9097/7254/1397
f 9104/7261/1397 9099/7256/1397 9105/7262/1397
f 9106/7263/1398 9102/7259/1398 9107/7264/1398
f 9102/7259/1398 9106/7263/1398 9100/7257/1398
f 9108/7250/1399 9109/7265/1399 9110/7266/1399
f 9109/7265/1399 9108/7250/1399 9111/7247/1399
f 9108/7250/1399 9112/7267/1399 9111/7247/1399
f 9112/7267/1399 9108/7250/1399 9113/7268/1399
o SketchUp.257
v 1.185068 0.622158 -0.000000
v 1.110681 0.501009 -0.000000
v 1.185068 0.501009 -0.000000
v 1.110681 0.622158 -0.000000
v 1.110681 0.622158 -0.000000
v 1.185068 0.622158 -0.000000
v 1.110681 0.501009 -0.000000
v 1.185068 0.501009 -0.000000
v 1.185068 0.630168 -0.000000
v 1.110681 0.622158 -0.000000
v 1.185068 0.622158 -0.000000
v 1.110681 0.630168 -0.000000
v 1.110681 0.630168 -0.000000
v 1.185068 0.630168 -0.000000
v 1.110681 0.622158 -0.000000
v 1.185068 0.622158 -0.000000
v 1.185068 0.630168 -0.000000
v 1.111317 0.643179 -0.000000
v 1.110681 0.630168 -0.000000
v 1.185068 0.729847 -0.000000
v 1.113216 0.655967 -0.000000
v 1.116343 0.668314 -0.000000
v 1.120647 0.680008 -0.000000
v 1.126053 0.690849 -0.000000
v 1.132469 0.700652 -0.000000
v 1.139784 0.709249 -0.000000
v 1.147875 0.716493 -0.000000
v 1.156601 0.722259 -0.000000
v 1.165815 0.726451 -0.000000
v 1.175359 0.728995 -0.000000
v 1.175359 0.728995 -0.000000
v 1.185068 0.729847 -0.000000
v 1.165815 0.726451 -0.000000
v 1.156601 0.722259 -0.000000
v 1.147875 0.716493 -0.000000
v 1.139784 0.709249 -0.000000
v 1.132469 0.700652 -0.000000
v 1.126053 0.690849 -0.000000
v 1.120647 0.680008 -0.000000
v 1.116343 0.668314 -0.000000
v 1.113216 0.655967 -0.000000
v 1.111317 0.643179 -0.000000
v 1.185068 0.630168 -0.000000
v 1.110681 0.630168 -0.000000
vn -0.0000 -0.0000 1.0000
vn -0.0000 -0.0000 -1.0000
s 1
usemtl Translucent_Glass_Blue
f 9114//1400 9115//1400 9116//1400
f 9115//1400 9114//1400 9117//1400
f 9118//1401 9119//1401 9120//1401
f 9121//1401 9120//1401 9119//1401
f 9122//1400 9123//1400 9124//1400
f 9123//1400 9122//1400 9125//1400
f 9126//1401 9127//1401 9128//1401
f 9129//1401 9128//1401 9127//1401
f 9130//1400 9131//1400 9132//1400
f 9131//1400 9130//1400 9133//1400
f 9131//1400 9133//1400 9134//1400
f 9134//1400 9133//1400 9135//1400
f 9135//1400 9133//1400 9136//1400
f 9136//1400 9133//1400 9137//1400
f 9137//1400 9133//1400 9138//1400
f 9138//1400 9133//1400 9139//1400
f 9139//1400 9133//1400 9140//1400
f 9140//1400 9133//1400 9141//1400
f 9141//1400 9133//1400 9142//1400
f 9142//1400 9133//1400 9143//1400
f 9144//1401 9145//1401 9146//1401
f 9146//1401 9145//1401 9147//1401
f 9147//1401 9145//1401 9148//1401
f 9148//1401 9145//1401 9149//1401
f 9149//1401 9145//1401 9150//1401
f 9150//1401 9145//1401 9151//1401
f 9151//1401 9145//1401 9152//1401
f 9152//1401 9145//1401 9153//1401
f 9153//1401 9145//1401 9154//1401
f 9154//1401 9145//1401 9155//1401
f 9145//1401 9156//1401 9155//1401
f 9157//1401 9155//1401 9156//1401
o SketchUp.258
v 1.599034 0.622158 -0.000000
v 1.515748 0.622158 0.011502
v 1.515748 0.622158 -0.000000
v 1.599034 0.622158 0.011502
v 1.599034 0.622158 -0.007189
v 1.515748 0.622158 -0.007189
v 1.599034 0.622158 -0.000000
v 1.599034 0.501009 0.011502
v 1.599034 0.622158 0.011502
v 1.599034 0.501009 -0.000000
v 1.515748 0.501009 -0.000000
v 1.515748 0.622158 0.011502
v 1.515748 0.501009 0.011502
v 1.515748 0.622158 -0.000000
v 1.515748 0.622158 -0.007189
v 1.515748 0.501009 -0.007189
v 1.599034 0.622158 -0.007189
v 1.599034 0.501009 -0.007189
v 1.599034 0.501009 0.011502
v 1.515748 0.501009 -0.000000
v 1.515748 0.501009 0.011502
v 1.599034 0.501009 -0.000000
v 1.515748 0.501009 -0.007189
v 1.599034 0.501009 -0.007189
vn -0.0000 -1.0000 -0.0000
vn -1.0000 -0.0000 -0.0000
vn 1.0000 -0.0000 -0.0000
vn -0.0000 1.0000 -0.0000
vt -18.244560 0.000000
vt -17.294289 -0.131234
vt -17.294289 0.000000
vt -18.244560 -0.131234
vt -18.244560 0.082021
vt -17.294289 0.082021
vt -0.000000 7.098664
vt 0.131234 5.716378
vt 0.131234 7.098664
vt -0.000000 5.716378
vt -0.131234 7.098664
vt -0.131234 5.716378
vt 0.082021 7.098664
vt 0.082021 5.716378
vt -0.082021 7.098664
vt -0.082021 5.716378
vt 18.244560 -0.131234
vt 17.294289 0.000000
vt 17.294289 -0.131234
vt 18.244560 0.000000
vt 17.294289 0.082021
vt 18.244560 0.082021
s 1
usemtl Wood_Floor_Parquet
f 9158/7269/1402 9159/7270/1402 9160/7271/1402
f 9159/7270/1402 9158/7269/1402 9161/7272/1402
f 9162/7273/1402 9160/7271/1402 9163/7274/1402
f 9160/7271/1402 9162/7273/1402 9158/7269/1402
f 9164/7275/1403 9165/7276/1403 9166/7277/1403
f 9165/7276/1403 9164/7275/1403 9167/7278/1403
f 9168/7278/1404 9169/7279/1404 9170/7280/1404
f 9169/7279/1404 9168/7278/1404 9171/7275/1404
f 9168/7278/1404 9172/7281/1404 9171/7275/1404
f 9172/7281/1404 9168/7278/1404 9173/7282/1404
f 9174/7283/1403 9167/7278/1403 9164/7275/1403
f 9167/7278/1403 9174/7283/1403 9175/7284/1403
f 9176/7285/1405 9177/7286/1405 9178/7287/1405
f 9177/7286/1405 9176/7285/1405 9179/7288/1405
f 9179/7288/1405 9180/7289/1405 9177/7286/1405
f 9180/7289/1405 9179/7288/1405 9181/7290/1405
o SketchUp.259
v 1.506029 0.622158 -0.000000
v 1.434144 0.501009 -0.000000
v 1.506029 0.501009 -0.000000
v 1.434144 0.622158 -0.000000
v 1.434144 0.622158 -0.000000
v 1.506029 0.622158 -0.000000
v 1.434144 0.501009 -0.000000
v 1.506029 0.501009 -0.000000
vn -0.0000 -0.0000 1.0000
vn -0.0000 -0.0000 -1.0000
s 1
usemtl Translucent_Glass_Blue
f 9182//1406 9183//1406 9184//1406
f 9183//1406 9182//1406 9185//1406
f 9186//1407 9187//1407 9188//1407
f 9189//1407 9188//1407 9187//1407
o SketchUp.260
v 1.506029 0.729893 -0.000000
v 1.434144 0.630168 -0.000000
v 1.506029 0.630168 -0.000000
v 1.434144 0.729893 -0.000000
v 1.434144 0.729893 -0.000000
v 1.506029 0.729893 -0.000000
v 1.434144 0.630168 -0.000000
v 1.506029 0.630168 -0.000000
vn -0.0000 -0.0000 1.0000
vn -0.0000 -0.0000 -1.0000
s 1
usemtl Translucent_Glass_Blue
f 9190//1408 9191//1408 9192//1408
f 9191//1408 9190//1408 9193//1408
f 9194//1409 9195//1409 9196//1409
f 9197//1409 9196//1409 9195//1409
o SketchUp.261
v 1.267659 0.622158 -0.000000
v 1.194145 0.501009 -0.000000
v 1.267659 0.501009 -0.000000
v 1.194145 0.597100 -0.000000
v 1.194145 0.622158 -0.000000
v 1.194145 0.622158 -0.000000
v 1.267659 0.622158 -0.000000
v 1.194145 0.597100 -0.000000
v 1.194145 0.501009 -0.000000
v 1.267659 0.501009 -0.000000
v 1.267659 0.630168 -0.000000
v 1.194145 0.622158 -0.000000
v 1.267659 0.622158 -0.000000
v 1.194234 0.630168 -0.000000
v 1.194145 0.630168 -0.000000
v 1.194234 0.630168 -0.000000
v 1.194145 0.622158 -0.000000
v 1.194145 0.630168 -0.000000
v 1.267659 0.630168 -0.000000
v 1.267659 0.622158 -0.000000
v 1.267659 0.630168 -0.000000
v 1.194145 0.630168 -0.000000
v 1.194234 0.630168 -0.000000
v 1.267659 0.729873 -0.000000
v 1.194145 0.729850 -0.000000
v 1.194145 0.729850 -0.000000
v 1.267659 0.729873 -0.000000
v 1.194145 0.630168 -0.000000
v 1.267659 0.630168 -0.000000
v 1.194234 0.630168 -0.000000
v 1.267659 0.729873 -0.000000
v 1.194145 0.729855 -0.000000
v 1.194145 0.729850 -0.000000
v 1.194145 0.729893 -0.000000
v 1.267659 0.729893 -0.000000
v 1.242775 0.729893 -0.000000
v 1.242775 0.729893 -0.000000
v 1.267659 0.729893 -0.000000
v 1.194145 0.729893 -0.000000
v 1.267659 0.729873 -0.000000
v 1.194145 0.729855 -0.000000
v 1.194145 0.729850 -0.000000
vn -0.0000 -0.0000 1.0000
vn -0.0000 -0.0000 -1.0000
vn -0.0000 -1.0000 -0.0000
vn -0.0000 1.0000 -0.0000
s 1
usemtl Translucent_Glass_Blue
f 9198//1410 9199//1410 9200//1410
f 9199//1410 9198//1410 9201//1410
f 9201//1410 9198//1410 9202//1410
f 9203//1411 9204//1411 9205//1411
f 9205//1411 9204//1411 9206//1411
f 9207//1411 9206//1411 9204//1411
f 9208//1410 9209//1410 9210//1410
f 9209//1410 9208//1410 9211//1410
f 9212//1410 9209//1410 9211//1410
f 9213//1411 9214//1411 9215//1411
f 9213//1411 9216//1411 9214//1411
f 9217//1411 9214//1411 9216//1411
s 0
f 9218//1412 9219//1412 9220//1412
s 1
f 9219//1410 9218//1410 9221//1410
f 9219//1410 9221//1410 9222//1410
f 9223//1411 9224//1411 9225//1411
f 9224//1411 9226//1411 9225//1411
s 0
f 9227//1413 9225//1413 9226//1413
s 1
f 9228//1410 9229//1410 9230//1410
f 9229//1410 9228//1410 9231//1410
f 9231//1410 9228//1410 9232//1410
s 0
f 9231//1413 9232//1413 9233//1413
f 9234//1412 9235//1412 9236//1412
s 1
f 9235//1411 9237//1411 9236//1411
f 9236//1411 9237//1411 9238//1411
f 9239//1411 9238//1411 9237//1411
o SketchUp.262
v 1.267659 0.622158 -0.000000
v 1.194145 0.622158 0.011502
v 1.194145 0.622158 -0.000000
v 1.267659 0.622158 0.011502
v 1.267659 0.622158 -0.007189
v 1.194145 0.622158 -0.007189
v 1.267659 0.622158 -0.000000
v 1.267659 0.501009 0.011502
v 1.267659 0.622158 0.011502
v 1.267659 0.501009 -0.000000
v 1.194145 0.501009 -0.000000
v 1.194145 0.622158 0.011502
v 1.194145 0.501009 0.011502
v 1.194145 0.597100 -0.000000
v 1.194145 0.622158 -0.000000
v 1.267659 0.622158 -0.007189
v 1.267659 0.501009 -0.007189
v 1.194145 0.622158 -0.007189
v 1.194145 0.501009 -0.007189
v 1.267659 0.501009 0.011502
v 1.194145 0.501009 -0.000000
v 1.194145 0.501009 0.011502
v 1.267659 0.501009 -0.000000
v 1.194145 0.501009 -0.007189
v 1.267659 0.501009 -0.007189
vn -0.0000 -1.0000 -0.0000
vn -1.0000 -0.0000 -0.0000
vn 1.0000 -0.0000 -0.0000
vn -0.0000 1.0000 -0.0000
vt -14.463650 0.000000
vt -13.624889 -0.131234
vt -13.624889 0.000000
vt -14.463650 -0.131234
vt -14.463650 0.082021
vt -13.624889 0.082021
vt -0.000000 7.098664
vt 0.131234 5.716378
vt 0.131234 7.098664
vt -0.000000 5.716378
vt -0.131234 7.098664
vt -0.131234 5.716378
vt 0.000000 6.812757
vt -0.082021 7.098664
vt -0.082021 5.716378
vt 0.082021 7.098664
vt 0.082021 5.716378
vt 14.463650 -0.131234
vt 13.624889 0.000000
vt 13.624889 -0.131234
vt 14.463650 0.000000
vt 13.624889 0.082021
vt 14.463650 0.082021
s 1
usemtl Wood_Floor_Parquet
f 9240/7291/1414 9241/7292/1414 9242/7293/1414
f 9241/7292/1414 9240/7291/1414 9243/7294/1414
f 9244/7295/1414 9242/7293/1414 9245/7296/1414
f 9242/7293/1414 9244/7295/1414 9240/7291/1414
f 9246/7297/1415 9247/7298/1415 9248/7299/1415
f 9247/7298/1415 9246/7297/1415 9249/7300/1415
f 9250/7300/1416 9251/7301/1416 9252/7302/1416
f 9251/7301/1416 9250/7300/1416 9253/7303/1416
f 9251/7301/1416 9253/7303/1416 9254/7297/1416
f 9255/7304/1415 9249/7300/1415 9246/7297/1415
f 9249/7300/1415 9255/7304/1415 9256/7305/1415
f 9253/7303/1416 9257/7306/1416 9254/7297/1416
f 9257/7306/1416 9253/7303/1416 9250/7300/1416
f 9257/7306/1416 9250/7300/1416 9258/7307/1416
f 9259/7308/1417 9260/7309/1417 9261/7310/1417
f 9260/7309/1417 9259/7308/1417 9262/7311/1417
f 9262/7311/1417 9263/7312/1417 9260/7309/1417
f 9263/7312/1417 9262/7311/1417 9264/7313/1417
o SketchUp.263
v 1.423854 0.622158 -0.000000
v 1.357841 0.622158 0.011502
v 1.357841 0.622158 -0.000000
v 1.423854 0.622158 0.011502
v 1.423854 0.622158 -0.007189
v 1.357841 0.622158 -0.007189
v 1.423854 0.622158 -0.000000
v 1.423854 0.501009 0.011502
v 1.423854 0.622158 0.011502
v 1.423854 0.501009 -0.000000
v 1.357841 0.501009 -0.000000
v 1.357841 0.622158 0.011502
v 1.357841 0.501009 0.011502
v 1.357841 0.622158 -0.000000
v 1.423854 0.501009 -0.007189
v 1.423854 0.622158 -0.007189
v 1.357841 0.622158 -0.007189
v 1.357841 0.501009 -0.007189
v 1.423854 0.501009 0.011502
v 1.357841 0.501009 -0.000000
v 1.357841 0.501009 0.011502
v 1.423854 0.501009 -0.000000
v 1.357841 0.501009 -0.007189
v 1.423854 0.501009 -0.007189
vn -0.0000 -1.0000 -0.0000
vn -1.0000 -0.0000 -0.0000
vn 1.0000 -0.0000 -0.0000
vn -0.0000 1.0000 -0.0000
vt -16.245810 0.000000
vt -15.492610 -0.131234
vt -15.492610 0.000000
vt -16.245810 -0.131234
vt -16.245810 0.082021
vt -15.492610 0.082021
vt -0.000000 7.098664
vt 0.131234 5.716378
vt 0.131234 7.098664
vt -0.000000 5.716378
vt -0.131234 7.098664
vt -0.131234 5.716378
vt -0.082021 5.716378
vt -0.082021 7.098664
vt 0.082021 7.098664
vt 0.082021 5.716378
vt 16.245810 -0.131234
vt 15.492610 0.000000
vt 15.492610 -0.131234
vt 16.245810 0.000000
vt 15.492610 0.082021
vt 16.245810 0.082021
s 1
usemtl Wood_Floor_Parquet
f 9265/7314/1418 9266/7315/1418 9267/7316/1418
f 9266/7315/1418 9265/7314/1418 9268/7317/1418
f 9269/7318/1418 9267/7316/1418 9270/7319/1418
f 9267/7316/1418 9269/7318/1418 9265/7314/1418
f 9271/7320/1419 9272/7321/1419 9273/7322/1419
f 9272/7321/1419 9271/7320/1419 9274/7323/1419
f 9275/7323/1420 9276/7324/1420 9277/7325/1420
f 9276/7324/1420 9275/7323/1420 9278/7320/1420
f 9271/7320/1419 9279/7326/1419 9274/7323/1419
f 9279/7326/1419 9271/7320/1419 9280/7327/1419
f 9275/7323/1420 9281/7328/1420 9278/7320/1420
f 9281/7328/1420 9275/7323/1420 9282/7329/1420
f 9283/7330/1421 9284/7331/1421 9285/7332/1421
f 9284/7331/1421 9283/7330/1421 9286/7333/1421
f 9286/7333/1421 9287/7334/1421 9284/7331/1421
f 9287/7334/1421 9286/7333/1421 9288/7335/1421
o SketchUp.264
v 1.537304 0.726706 -0.000000
v 1.526732 0.729200 -0.000000
v 1.537383 0.726674 -0.000000
v 1.526619 0.729256 -0.000000
v 1.515748 0.730059 -0.000000
v 1.515748 0.730112 -0.000000
v 1.515748 0.730112 -0.000000
v 1.526619 0.729256 -0.000000
v 1.515748 0.730059 -0.000000
v 1.526732 0.729200 -0.000000
v 1.537304 0.726706 -0.000000
v 1.537383 0.726674 -0.000000
v 1.598322 0.643213 -0.000000
v 1.515748 0.630168 -0.000000
v 1.599034 0.630168 -0.000000
v 1.515748 0.730059 -0.000000
v 1.596196 0.656035 -0.000000
v 1.592694 0.668415 -0.000000
v 1.587876 0.680140 -0.000000
v 1.581823 0.691010 -0.000000
v 1.574640 0.700839 -0.000000
v 1.566449 0.709459 -0.000000
v 1.557391 0.716722 -0.000000
v 1.547620 0.722504 -0.000000
v 1.537383 0.726674 -0.000000
v 1.526732 0.729200 -0.000000
v 1.526732 0.729200 -0.000000
v 1.537383 0.726674 -0.000000
v 1.515748 0.730059 -0.000000
v 1.547620 0.722504 -0.000000
v 1.557391 0.716722 -0.000000
v 1.566449 0.709459 -0.000000
v 1.574640 0.700839 -0.000000
v 1.581823 0.691010 -0.000000
v 1.587876 0.680140 -0.000000
v 1.592694 0.668415 -0.000000
v 1.596196 0.656035 -0.000000
v 1.598322 0.643213 -0.000000
v 1.515748 0.630168 -0.000000
v 1.599034 0.630168 -0.000000
v 1.599034 0.630168 -0.000000
v 1.515748 0.622158 -0.000000
v 1.599034 0.622158 -0.000000
v 1.515748 0.630168 -0.000000
v 1.515748 0.630168 -0.000000
v 1.599034 0.630168 -0.000000
v 1.515748 0.622158 -0.000000
v 1.599034 0.622158 -0.000000
v 1.598486 0.643142 -0.000000
v 1.598322 0.643213 -0.000000
v 1.599034 0.630168 -0.000000
v 1.596492 0.655917 -0.000000
v 1.596196 0.656035 -0.000000
v 1.593088 0.668271 -0.000000
v 1.592694 0.668415 -0.000000
v 1.588333 0.679987 -0.000000
v 1.587876 0.680140 -0.000000
v 1.582310 0.690860 -0.000000
v 1.581823 0.691010 -0.000000
v 1.575125 0.700702 -0.000000
v 1.574640 0.700839 -0.000000
v 1.566903 0.709340 -0.000000
v 1.566449 0.709459 -0.000000
v 1.557787 0.716622 -0.000000
v 1.557391 0.716722 -0.000000
v 1.547937 0.722423 -0.000000
v 1.547620 0.722504 -0.000000
v 1.537525 0.726640 -0.000000
v 1.537383 0.726674 -0.000000
v 1.537383 0.726674 -0.000000
v 1.537525 0.726640 -0.000000
v 1.547620 0.722504 -0.000000
v 1.547937 0.722423 -0.000000
v 1.557391 0.716722 -0.000000
v 1.557787 0.716622 -0.000000
v 1.566449 0.709459 -0.000000
v 1.566903 0.709340 -0.000000
v 1.574640 0.700839 -0.000000
v 1.575125 0.700702 -0.000000
v 1.581823 0.691010 -0.000000
v 1.582310 0.690860 -0.000000
v 1.587876 0.680140 -0.000000
v 1.588333 0.679987 -0.000000
v 1.592694 0.668415 -0.000000
v 1.593088 0.668271 -0.000000
v 1.596196 0.656035 -0.000000
v 1.596492 0.655917 -0.000000
v 1.598322 0.643213 -0.000000
v 1.598486 0.643142 -0.000000
v 1.599034 0.630168 -0.000000
v 1.599034 0.622158 -0.000000
v 1.515748 0.501009 -0.000000
v 1.599034 0.501009 -0.000000
v 1.515748 0.622158 -0.000000
v 1.515748 0.622158 -0.000000
v 1.599034 0.622158 -0.000000
v 1.515748 0.501009 -0.000000
v 1.599034 0.501009 -0.000000
vn -0.0000 -0.0000 1.0000
vn -0.0000 -0.0000 -1.0000
s 1
usemtl Translucent_Glass_Blue
f 9289//1422 9290//1422 9291//1422
f 9290//1422 9289//1422 9292//1422
f 9290//1422 9292//1422 9293//1422
f 9293//1422 9292//1422 9294//1422
f 9295//1423 9296//1423 9297//1423
f 9297//1423 9296//1423 9298//1423
f 9296//1423 9299//1423 9298//1423
f 9300//1423 9298//1423 9299//1423
f 9301//1422 9302//1422 9303//1422
f 9302//1422 9301//1422 9304//1422
f 9304//1422 9301//1422 9305//1422
f 9304//1422 9305//1422 9306//1422
f 9304//1422 9306//1422 9307//1422
f 9304//1422 9307//1422 9308//1422
f 9304//1422 9308//1422 9309//1422
f 9304//1422 9309//1422 9310//1422
f 9304//1422 9310//1422 9311//1422
f 9304//1422 9311//1422 9312//1422
f 9304//1422 9312//1422 9313//1422
f 9304//1422 9313//1422 9314//1422
f 9315//1423 9316//1423 9317//1423
f 9316//1423 9318//1423 9317//1423
f 9318//1423 9319//1423 9317//1423
f 9319//1423 9320//1423 9317//1423
f 9320//1423 9321//1423 9317//1423
f 9321//1423 9322//1423 9317//1423
f 9322//1423 9323//1423 9317//1423
f 9323//1423 9324//1423 9317//1423
f 9324//1423 9325//1423 9317//1423
f 9325//1423 9326//1423 9317//1423
f 9317//1423 9326//1423 9327//1423
f 9328//1423 9327//1423 9326//1423
f 9329//1422 9330//1422 9331//1422
f 9330//1422 9329//1422 9332//1422
f 9333//1423 9334//1423 9335//1423
f 9336//1423 9335//1423 9334//1423
f 9337//1422 9338//1422 9339//1422
f 9338//1422 9337//1422 9340//1422
f 9338//1422 9340//1422 9341//1422
f 9341//1422 9340//1422 9342//1422
f 9341//1422 9342//1422 9343//1422
f 9343//1422 9342//1422 9344//1422
f 9343//1422 9344//1422 9345//1422
f 9345//1422 9344//1422 9346//1422
f 9345//1422 9346//1422 9347//1422
f 9347//1422 9346//1422 9348//1422
f 9347//1422 9348//1422 9349//1422
f 9349//1422 9348//1422 9350//1422
f 9349//1422 9350//1422 9351//1422
f 9351//1422 9350//1422 9352//1422
f 9351//1422 9352//1422 9353//1422
f 9353//1422 9352//1422 9354//1422
f 9353//1422 9354//1422 9355//1422
f 9355//1422 9354//1422 9356//1422
f 9355//1422 9356//1422 9357//1422
f 9358//1423 9359//1423 9360//1423
f 9359//1423 9361//1423 9360//1423
f 9360//1423 9361//1423 9362//1423
f 9361//1423 9363//1423 9362//1423
f 9362//1423 9363//1423 9364//1423
f 9363//1423 9365//1423 9364//1423
f 9364//1423 9365//1423 9366//1423
f 9365//1423 9367//1423 9366//1423
f 9366//1423 9367//1423 9368//1423
f 9367//1423 9369//1423 9368//1423
f 9368//1423 9369//1423 9370//1423
f 9369//1423 9371//1423 9370//1423
f 9370//1423 9371//1423 9372//1423
f 9371//1423 9373//1423 9372//1423
f 9372//1423 9373//1423 9374//1423
f 9373//1423 9375//1423 9374//1423
f 9374//1423 9375//1423 9376//1423
f 9375//1423 9377//1423 9376//1423
f 9378//1423 9376//1423 9377//1423
f 9379//1422 9380//1422 9381//1422
f 9380//1422 9379//1422 9382//1422
f 9383//1423 9384//1423 9385//1423
f 9386//1423 9385//1423 9384//1423
o SketchUp.265
v 1.194145 0.622158 0.011502
v 1.185068 0.501009 0.011502
v 1.194145 0.501009 0.011502
v 1.185068 0.622158 0.011502
v 1.276250 0.622158 0.011502
v 1.267659 0.501009 0.011502
v 1.276250 0.501009 0.011502
v 1.267659 0.622158 0.011502
v 1.357841 0.622158 0.011502
v 1.346092 0.501009 0.011502
v 1.357841 0.501009 0.011502
v 1.346092 0.622158 0.011502
v 1.434144 0.622158 0.011502
v 1.423854 0.501009 0.011502
v 1.434144 0.501009 0.011502
v 1.423854 0.622158 0.011502
v 1.515748 0.622158 0.011502
v 1.506029 0.501009 0.011502
v 1.515748 0.501009 0.011502
v 1.506029 0.622158 0.011502
v 1.599034 0.630168 0.011502
v 1.185068 0.630168 0.011502
v 1.110681 0.630168 0.011502
v 1.515748 0.630168 0.011502
v 1.506029 0.630168 0.011502
v 1.434144 0.630168 0.011502
v 1.423854 0.630168 0.011502
v 1.357841 0.630168 0.011502
v 1.346092 0.630168 0.011502
v 1.276250 0.630168 0.011502
v 1.267659 0.630168 0.011502
v 1.198283 0.630168 0.011502
v 1.194145 0.630168 0.011502
v 1.194145 0.729893 0.011502
v 1.185068 0.729847 0.011502
v 1.515748 0.730112 0.011502
v 1.506029 0.729893 0.011502
v 1.434144 0.729893 0.011502
v 1.423854 0.729893 0.011502
v 1.357841 0.729893 0.011502
v 1.346092 0.729893 0.011502
v 1.276250 0.729893 0.011502
v 1.267659 0.729893 0.011502
v 1.607471 0.490708 0.011502
v 1.599034 0.501009 0.011502
v 1.102426 0.490708 0.011502
v 1.607471 0.630168 0.011502
v 1.599034 0.622158 0.011502
v 1.110681 0.622158 0.011502
v 1.598322 0.643213 0.011502
v 1.606687 0.644056 0.011502
v 1.596196 0.656035 0.011502
v 1.604346 0.657706 0.011502
v 1.592694 0.668415 0.011502
v 1.600489 0.670885 0.011502
v 1.587876 0.680140 0.011502
v 1.595183 0.683368 0.011502
v 1.581823 0.691010 0.011502
v 1.588517 0.694940 0.011502
v 1.574640 0.700839 0.011502
v 1.580606 0.705404 0.011502
v 1.566449 0.709459 0.011502
v 1.571585 0.714580 0.011502
v 1.557391 0.716722 0.011502
v 1.561610 0.722312 0.011502
v 1.547620 0.722504 0.011502
v 1.550849 0.728468 0.011502
v 1.537304 0.726706 0.011502
v 1.526619 0.729256 0.011502
v 1.539487 0.732942 0.011502
v 1.102426 0.501009 0.011502
v 1.110681 0.501009 0.011502
v 1.102426 0.630168 0.011502
v 1.111317 0.643179 0.011502
v 1.103133 0.644084 0.011502
v 1.113216 0.655967 0.011502
v 1.105242 0.657761 0.011502
v 1.116343 0.668314 0.011502
v 1.108717 0.670966 0.011502
v 1.120647 0.680008 0.011502
v 1.113498 0.683473 0.011502
v 1.126053 0.690849 0.011502
v 1.119503 0.695068 0.011502
v 1.132469 0.700652 0.011502
v 1.126631 0.705552 0.011502
v 1.139784 0.709249 0.011502
v 1.134759 0.714747 0.011502
v 1.147875 0.716493 0.011502
v 1.143747 0.722494 0.011502
v 1.156601 0.722259 0.011502
v 1.165815 0.726451 0.011502
v 1.153443 0.728662 0.011502
v 1.175359 0.728995 0.011502
v 1.163679 0.733144 0.011502
v 1.527720 0.735657 0.011502
v 1.174282 0.735865 0.011502
v 1.515748 0.736561 0.011502
v 1.515748 0.736567 0.011502
v 1.185068 0.736561 0.011502
v 1.185068 0.736777 0.011502
vn -0.0000 -0.0000 1.0000
vn -0.0000 -1.0000 -0.0000
vn -0.0000 1.0000 -0.0000
vt 13.624889 7.098664
vt 13.521319 5.716378
vt 13.624889 5.716378
vt 13.521319 7.098664
vt 14.561680 7.098664
vt 14.463650 5.716378
vt 14.561680 5.716378
vt 14.463650 7.098664
vt 15.492610 7.098664
vt 15.358560 5.716378
vt 15.492610 5.716378
vt 15.358560 7.098664
vt 16.363209 7.098664
vt 16.245810 5.716378
vt 16.363209 5.716378
vt 16.245810 7.098664
vt 17.294289 7.098664
vt 17.183399 5.716378
vt 17.294289 5.716378
vt 17.183399 7.098664
vt 18.244560 7.190054
vt 13.521319 7.190054
vt 12.672580 7.190054
vt 17.294289 7.190054
vt 17.183399 7.190054
vt 16.363209 7.190054
vt 16.245810 7.190054
vt 15.492610 7.190054
vt 15.358560 7.190054
vt 14.561680 7.190054
vt 14.463650 7.190054
vt 13.672090 7.190054
vt 13.624889 7.190054
vt 13.624889 8.327893
vt 13.521319 8.327366
vt 17.294289 8.330383
vt 17.183399 8.327893
vt 16.363209 8.327893
vt 16.245810 8.327893
vt 15.492610 8.327893
vt 15.358560 8.327893
vt 14.561680 8.327893
vt 14.463650 8.327893
vt 18.340830 5.598846
vt 18.244560 5.716378
vt 12.578390 5.598846
vt 18.340830 7.190054
vt 18.244560 7.098664
vt 12.672580 7.098664
vt 18.236429 7.338897
vt 18.331869 7.348511
vt 18.212179 7.485193
vt 18.305170 7.504257
vt 18.172230 7.626439
vt 18.261160 7.654626
vt 18.117250 7.760218
vt 18.200619 7.797047
vt 18.048189 7.884242
vt 18.124559 7.929082
vt 17.966230 7.996388
vt 18.034300 8.048472
vt 17.872780 8.094738
vt 17.931379 8.153174
vt 17.769419 8.177608
vt 17.817560 8.241397
vt 17.657940 8.243580
vt 17.694780 8.311631
vt 17.540239 8.291527
vt 17.418320 8.320627
vt 17.565149 8.362675
vt 12.578390 5.716378
vt 12.672580 5.716378
vt 12.578390 7.190054
vt 12.679840 7.338503
vt 12.586460 7.348823
vt 12.701500 7.484412
vt 12.610519 7.504876
vt 12.737189 7.625284
vt 12.650169 7.655543
vt 12.786289 7.758710
vt 12.704720 7.798244
vt 12.847970 7.882406
vt 12.773240 7.930540
vt 12.921169 7.994255
vt 12.854569 8.050165
vt 13.004640 8.092344
vt 12.947300 8.155074
vt 13.096950 8.174995
vt 13.049860 8.243471
vt 13.196520 8.240794
vt 13.301650 8.288613
vt 13.160480 8.313844
vt 13.410540 8.317636
vt 13.277269 8.364988
vt 17.430889 8.393654
vt 13.398240 8.396029
vt 17.294289 8.403965
vt 17.294289 8.404039
vt 13.521319 8.403965
vt 13.521319 8.406435
s 1
usemtl Wood_Floor
f 9387/7336/1424 9388/7337/1424 9389/7338/1424
f 9388/7337/1424 9387/7336/1424 9390/7339/1424
f 9391/7340/1424 9392/7341/1424 9393/7342/1424
f 9392/7341/1424 9391/7340/1424 9394/7343/1424
f 9395/7344/1424 9396/7345/1424 9397/7346/1424
f 9396/7345/1424 9395/7344/1424 9398/7347/1424
f 9399/7348/1424 9400/7349/1424 9401/7350/1424
f 9400/7349/1424 9399/7348/1424 9402/7351/1424
f 9403/7352/1424 9404/7353/1424 9405/7354/1424
f 9404/7353/1424 9403/7352/1424 9406/7355/1424
s 0
f 9407/7356/1425 9408/7357/1425 9409/7358/1425
f 9408/7357/1426 9407/7356/1426 9410/7359/1426
f 9408/7357/1426 9410/7359/1426 9411/7360/1426
f 9408/7357/1426 9411/7360/1426 9412/7361/1426
f 9408/7357/1425 9412/7361/1425 9413/7362/1425
f 9408/7357/1426 9413/7362/1426 9414/7363/1426
f 9408/7357/1425 9414/7363/1425 9415/7364/1425
f 9408/7357/1426 9415/7364/1426 9416/7365/1426
f 9408/7357/1425 9416/7365/1425 9417/7366/1425
f 9408/7357/1426 9417/7366/1426 9418/7367/1426
f 9408/7357/1426 9418/7367/1426 9419/7368/1426
s 1
f 9408/7357/1424 9419/7368/1424 9420/7369/1424
f 9408/7357/1424 9420/7369/1424 9421/7370/1424
f 9422/7371/1424 9411/7360/1424 9410/7359/1424
f 9411/7360/1424 9422/7371/1424 9423/7372/1424
f 9423/7372/1424 9422/7371/1424 9424/7373/1424
f 9424/7373/1424 9422/7371/1424 9425/7374/1424
f 9425/7374/1424 9422/7371/1424 9426/7375/1424
f 9426/7375/1424 9422/7371/1424 9427/7376/1424
f 9427/7376/1424 9422/7371/1424 9428/7377/1424
f 9428/7377/1424 9422/7371/1424 9429/7378/1424
f 9429/7378/1424 9422/7371/1424 9420/7369/1424
f 9430/7379/1424 9431/7380/1424 9432/7381/1424
f 9431/7380/1424 9430/7379/1424 9433/7382/1424
f 9431/7380/1424 9433/7382/1424 9434/7383/1424
f 9434/7383/1424 9433/7382/1424 9403/7352/1424
f 9403/7352/1424 9433/7382/1424 9406/7355/1424
f 9406/7355/1424 9433/7382/1424 9399/7348/1424
f 9399/7348/1424 9433/7382/1424 9402/7351/1424
f 9402/7351/1424 9433/7382/1424 9395/7344/1424
f 9395/7344/1424 9433/7382/1424 9398/7347/1424
f 9398/7347/1424 9433/7382/1424 9391/7340/1424
f 9391/7340/1424 9433/7382/1424 9394/7343/1424
f 9394/7343/1424 9433/7382/1424 9387/7336/1424
f 9387/7336/1424 9433/7382/1424 9390/7339/1424
f 9390/7339/1424 9433/7382/1424 9435/7384/1424
f 9435/7384/1424 9433/7382/1424 9407/7356/1424
f 9435/7384/1424 9407/7356/1424 9409/7358/1424
f 9407/7356/1424 9433/7382/1424 9436/7385/1424
f 9436/7385/1424 9433/7382/1424 9437/7386/1424
f 9436/7385/1424 9437/7386/1424 9438/7387/1424
f 9438/7387/1424 9437/7386/1424 9439/7388/1424
f 9438/7387/1424 9439/7388/1424 9440/7389/1424
f 9440/7389/1424 9439/7388/1424 9441/7390/1424
f 9440/7389/1424 9441/7390/1424 9442/7391/1424
f 9442/7391/1424 9441/7390/1424 9443/7392/1424
f 9442/7391/1424 9443/7392/1424 9444/7393/1424
f 9444/7393/1424 9443/7392/1424 9445/7394/1424
f 9444/7393/1424 9445/7394/1424 9446/7395/1424
f 9446/7395/1424 9445/7394/1424 9447/7396/1424
f 9446/7395/1424 9447/7396/1424 9448/7397/1424
f 9448/7397/1424 9447/7396/1424 9449/7398/1424
f 9448/7397/1424 9449/7398/1424 9450/7399/1424
f 9450/7399/1424 9449/7398/1424 9451/7400/1424
f 9450/7399/1424 9451/7400/1424 9452/7401/1424
f 9452/7401/1424 9451/7400/1424 9453/7402/1424
f 9452/7401/1424 9453/7402/1424 9454/7403/1424
f 9454/7403/1424 9453/7402/1424 9455/7404/1424
f 9455/7404/1424 9453/7402/1424 9456/7405/1424
f 9455/7404/1424 9456/7405/1424 9422/7371/1424
f 9428/7377/1424 9417/7366/1424 9416/7365/1424
f 9417/7366/1424 9428/7377/1424 9429/7378/1424
f 9426/7375/1424 9415/7364/1424 9414/7363/1424
f 9415/7364/1424 9426/7375/1424 9427/7376/1424
f 9424/7373/1424 9413/7362/1424 9412/7361/1424
f 9413/7362/1424 9424/7373/1424 9425/7374/1424
f 9431/7380/1424 9457/7406/1424 9432/7381/1424
s 0
f 9457/7406/1425 9431/7380/1425 9405/7354/1425
f 9457/7406/1426 9405/7354/1426 9404/7353/1426
f 9457/7406/1426 9404/7353/1426 9401/7350/1426
f 9457/7406/1425 9401/7350/1425 9400/7349/1425
f 9457/7406/1426 9400/7349/1426 9397/7346/1426
f 9457/7406/1425 9397/7346/1425 9396/7345/1425
f 9457/7406/1426 9396/7345/1426 9393/7342/1426
f 9457/7406/1425 9393/7342/1425 9392/7341/1425
f 9457/7406/1426 9392/7341/1426 9389/7338/1426
f 9457/7406/1426 9389/7338/1426 9388/7337/1426
f 9457/7406/1426 9388/7337/1426 9458/7407/1426
s 1
f 9457/7406/1424 9458/7407/1424 9435/7384/1424
f 9457/7406/1424 9435/7384/1424 9459/7408/1424
f 9459/7408/1424 9435/7384/1424 9409/7358/1424
f 9459/7408/1424 9409/7358/1424 9460/7409/1424
f 9459/7408/1424 9460/7409/1424 9461/7410/1424
f 9461/7410/1424 9460/7409/1424 9462/7411/1424
f 9461/7410/1424 9462/7411/1424 9463/7412/1424
f 9463/7412/1424 9462/7411/1424 9464/7413/1424
f 9463/7412/1424 9464/7413/1424 9465/7414/1424
f 9465/7414/1424 9464/7413/1424 9466/7415/1424
f 9465/7414/1424 9466/7415/1424 9467/7416/1424
f 9467/7416/1424 9466/7415/1424 9468/7417/1424
f 9467/7416/1424 9468/7417/1424 9469/7418/1424
f 9469/7418/1424 9468/7417/1424 9470/7419/1424
f 9469/7418/1424 9470/7419/1424 9471/7420/1424
f 9471/7420/1424 9470/7419/1424 9472/7421/1424
f 9471/7420/1424 9472/7421/1424 9473/7422/1424
f 9473/7422/1424 9472/7421/1424 9474/7423/1424
f 9473/7422/1424 9474/7423/1424 9475/7424/1424
f 9475/7424/1424 9474/7423/1424 9476/7425/1424
f 9475/7424/1424 9476/7425/1424 9477/7426/1424
f 9475/7424/1424 9477/7426/1424 9478/7427/1424
f 9478/7427/1424 9477/7426/1424 9479/7428/1424
f 9478/7427/1424 9479/7428/1424 9480/7429/1424
f 9480/7429/1424 9479/7428/1424 9421/7370/1424
f 9480/7429/1424 9421/7370/1424 9420/7369/1424
f 9480/7429/1424 9420/7369/1424 9422/7371/1424
f 9480/7429/1424 9422/7371/1424 9456/7405/1424
f 9480/7429/1424 9456/7405/1424 9481/7430/1424
f 9480/7429/1424 9481/7430/1424 9482/7431/1424
f 9482/7431/1424 9481/7430/1424 9483/7432/1424
f 9483/7432/1424 9481/7430/1424 9484/7433/1424
f 9482/7431/1424 9485/7434/1424 9486/7435/1424
f 9485/7434/1424 9482/7431/1424 9483/7432/1424
o SketchUp.266
v 1.346092 0.622158 -0.000000
v 1.276250 0.622158 0.011502
v 1.276250 0.622158 -0.000000
v 1.346092 0.622158 0.011502
v 1.346092 0.622158 -0.007189
v 1.276250 0.622158 -0.007189
v 1.346092 0.622158 -0.000000
v 1.346092 0.501009 0.011502
v 1.346092 0.622158 0.011502
v 1.346092 0.501009 -0.000000
v 1.276250 0.501009 -0.000000
v 1.276250 0.622158 0.011502
v 1.276250 0.501009 0.011502
v 1.276250 0.622158 -0.000000
v 1.346092 0.622158 -0.007189
v 1.346092 0.501009 -0.007189
v 1.276250 0.622158 -0.007189
v 1.276250 0.501009 -0.007189
v 1.346092 0.501009 0.011502
v 1.276250 0.501009 -0.000000
v 1.276250 0.501009 0.011502
v 1.346092 0.501009 -0.000000
v 1.276250 0.501009 -0.007189
v 1.346092 0.501009 -0.007189
vn -0.0000 -1.0000 -0.0000
vn -1.0000 -0.0000 -0.0000
vn 1.0000 -0.0000 -0.0000
vn -0.0000 1.0000 -0.0000
vt -15.358560 0.000000
vt -14.561680 -0.131234
vt -14.561680 0.000000
vt -15.358560 -0.131234
vt -15.358560 0.082021
vt -14.561680 0.082021
vt -0.000000 7.098664
vt 0.131234 5.716378
vt 0.131234 7.098664
vt -0.000000 5.716378
vt -0.131234 7.098664
vt -0.131234 5.716378
vt -0.082021 7.098664
vt -0.082021 5.716378
vt 0.082021 7.098664
vt 0.082021 5.716378
vt 15.358560 -0.131234
vt 14.561680 0.000000
vt 14.561680 -0.131234
vt 15.358560 0.000000
vt 14.561680 0.082021
vt 15.358560 0.082021
s 1
usemtl Wood_Floor_Parquet
f 9487/7436/1427 9488/7437/1427 9489/7438/1427
f 9488/7437/1427 9487/7436/1427 9490/7439/1427
f 9491/7440/1427 9489/7438/1427 9492/7441/1427
f 9489/7438/1427 9491/7440/1427 9487/7436/1427
f 9493/7442/1428 9494/7443/1428 9495/7444/1428
f 9494/7443/1428 9493/7442/1428 9496/7445/1428
f 9497/7445/1429 9498/7446/1429 9499/7447/1429
f 9498/7446/1429 9497/7445/1429 9500/7442/1429
f 9501/7448/1428 9496/7445/1428 9493/7442/1428
f 9496/7445/1428 9501/7448/1428 9502/7449/1428
f 9497/7445/1429 9503/7450/1429 9500/7442/1429
f 9503/7450/1429 9497/7445/1429 9504/7451/1429
f 9505/7452/1430 9506/7453/1430 9507/7454/1430
f 9506/7453/1430 9505/7452/1430 9508/7455/1430
f 9508/7455/1430 9509/7456/1430 9506/7453/1430
f 9509/7456/1430 9508/7455/1430 9510/7457/1430
o SketchUp.267
v 1.434144 0.630168 -0.000000
v 1.423854 0.622158 -0.000000
v 1.434144 0.622158 -0.000000
v 1.423854 0.630168 -0.000000
v 1.423854 0.630168 -0.000000
v 1.434144 0.630168 -0.000000
v 1.423854 0.622158 -0.000000
v 1.434144 0.622158 -0.000000
v 1.434144 0.622158 -0.000000
v 1.423854 0.501009 -0.000000
v 1.434144 0.501009 -0.000000
v 1.423854 0.622158 -0.000000
v 1.423854 0.622158 -0.000000
v 1.434144 0.622158 -0.000000
v 1.423854 0.501009 -0.000000
v 1.434144 0.501009 -0.000000
vn -0.0000 -0.0000 -1.0000
vn -0.0000 -0.0000 1.0000
vt 0.000000 0.000000
vt 8.181606 3.595027
vt 8.122905 3.549332
vt 8.181606 3.549332
vt 8.122905 3.595027
vt 8.122905 2.858189
vt 8.181606 2.858189
s 1
usemtl Translucent_Glass_Blue
f 9515/7458/1431 9516/7458/1431 9517/7458/1431
f 9518/7458/1431 9517/7458/1431 9516/7458/1431
f 9523/7458/1431 9524/7458/1431 9525/7458/1431
f 9526/7458/1431 9525/7458/1431 9524/7458/1431
usemtl Stone_Flagstone_Ashlar
f 9511/7459/1432 9512/7460/1432 9513/7461/1432
f 9512/7460/1432 9511/7459/1432 9514/7462/1432
f 9519/7461/1432 9520/7463/1432 9521/7464/1432
f 9520/7463/1432 9519/7461/1432 9522/7460/1432
o SketchUp.268
v 1.276250 0.630168 -0.000000
v 1.267659 0.622158 -0.000000
v 1.276250 0.622158 -0.000000
v 1.267659 0.630168 -0.000000
v 1.267659 0.630168 -0.000000
v 1.276250 0.630168 -0.000000
v 1.267659 0.622158 -0.000000
v 1.276250 0.622158 -0.000000
v 1.276250 0.622158 -0.000000
v 1.267659 0.501009 -0.000000
v 1.276250 0.501009 -0.000000
v 1.267659 0.622158 -0.000000
v 1.267659 0.622158 -0.000000
v 1.276250 0.622158 -0.000000
v 1.267659 0.501009 -0.000000
v 1.276250 0.501009 -0.000000
v 1.276250 0.729875 -0.000000
v 1.267659 0.630168 -0.000000
v 1.276250 0.630168 -0.000000
v 1.267659 0.729873 -0.000000
v 1.346092 0.630168 -0.000000
v 1.276250 0.622158 -0.000000
v 1.346092 0.622158 -0.000000
v 1.276250 0.630168 -0.000000
v 1.346092 0.630168 -0.000000
v 1.276250 0.622158 -0.000000
v 1.346092 0.622158 -0.000000
v 1.267659 0.729873 -0.000000
v 1.276250 0.729875 -0.000000
v 1.267659 0.630168 -0.000000
vn -0.0000 -0.0000 -1.0000
vn -0.0000 -0.0000 1.0000
vt 0.000000 0.000000
vt 7.280838 3.595027
vt 7.231826 3.549332
vt 7.280838 3.549332
vt 7.231826 3.595027
vt 7.231826 2.858189
vt 7.280838 2.858189
vt 7.280838 4.163844
vt 7.231826 4.163832
vt 7.679279 3.595027
vt 7.679279 3.549332
s 1
usemtl Translucent_Glass_Blue
f 9531/7465/1433 9532/7465/1433 9533/7465/1433
f 9534/7465/1433 9533/7465/1433 9532/7465/1433
f 9539/7465/1433 9540/7465/1433 9541/7465/1433
f 9542/7465/1433 9541/7465/1433 9540/7465/1433
f 9550/7465/1433 9551/7465/1433 9552/7465/1433
f 9553/7465/1433 9552/7465/1433 9551/7465/1433
f 9554/7465/1433 9555/7465/1433 9556/7465/1433
f 9550/7465/1433 9556/7465/1433 9555/7465/1433
usemtl Stone_Flagstone_Ashlar
f 9527/7466/1434 9528/7467/1434 9529/7468/1434
f 9528/7467/1434 9527/7466/1434 9530/7469/1434
f 9535/7468/1434 9536/7470/1434 9537/7471/1434
f 9536/7470/1434 9535/7468/1434 9538/7467/1434
f 9543/7472/1434 9544/7469/1434 9545/7466/1434
f 9544/7469/1434 9543/7472/1434 9546/7473/1434
f 9547/7474/1434 9548/7468/1434 9549/7475/1434
f 9548/7468/1434 9547/7474/1434 9545/7466/1434
o SketchUp.269
v 1.515748 0.730059 -0.000000
v 1.506029 0.630168 -0.000000
v 1.515748 0.630168 -0.000000
v 1.506029 0.729893 -0.000000
v 1.506029 0.730104 -0.000000
v 1.515748 0.730112 -0.000000
v 1.515748 0.730112 -0.000000
v 1.515748 0.730059 -0.000000
v 1.506029 0.730104 -0.000000
v 1.506029 0.729893 -0.000000
v 1.506029 0.630168 -0.000000
v 1.515748 0.630168 -0.000000
v 1.515748 0.622158 -0.000000
v 1.506029 0.501009 -0.000000
v 1.515748 0.501009 -0.000000
v 1.506029 0.622158 -0.000000
v 1.515748 0.630168 -0.000000
v 1.506029 0.630168 -0.000000
v 1.506029 0.630168 -0.000000
v 1.515748 0.630168 -0.000000
v 1.506029 0.622158 -0.000000
v 1.515748 0.622158 -0.000000
v 1.506029 0.501009 -0.000000
v 1.515748 0.501009 -0.000000
vn -0.0000 -0.0000 -1.0000
vn -0.0000 -0.0000 1.0000
vt 0.000000 0.000000
vt 8.647144 4.164890
vt 8.591699 3.595027
vt 8.647144 3.595027
vt 8.591699 4.163946
vt 8.591699 4.165147
vt 8.647144 4.165191
vt 8.647144 3.549332
vt 8.591699 2.858189
vt 8.647144 2.858189
vt 8.591699 3.549332
s 1
usemtl Translucent_Glass_Blue
f 9563/7476/1435 9564/7476/1435 9565/7476/1435
f 9565/7476/1435 9564/7476/1435 9566/7476/1435
f 9566/7476/1435 9564/7476/1435 9567/7476/1435
f 9568/7476/1435 9567/7476/1435 9564/7476/1435
f 9575/7476/1435 9576/7476/1435 9577/7476/1435
f 9576/7476/1435 9578/7476/1435 9577/7476/1435
f 9577/7476/1435 9578/7476/1435 9579/7476/1435
f 9580/7476/1435 9579/7476/1435 9578/7476/1435
usemtl Stone_Flagstone_Ashlar
f 9557/7477/1436 9558/7478/1436 9559/7479/1436
f 9558/7478/1436 9557/7477/1436 9560/7480/1436
f 9560/7480/1436 9557/7477/1436 9561/7481/1436
f 9561/7481/1436 9557/7477/1436 9562/7482/1436
f 9569/7483/1436 9570/7484/1436 9571/7485/1436
f 9570/7484/1436 9569/7483/1436 9572/7486/1436
f 9572/7486/1436 9569/7483/1436 9573/7479/1436
f 9572/7486/1436 9573/7479/1436 9574/7478/1436
o SketchUp.270
v 2.311955 0.632459 -0.000000
v 2.235652 0.511310 -0.000000
v 2.311955 0.511310 -0.000000
v 2.235652 0.632459 -0.000000
v 2.301665 0.632459 -0.000000
v 2.154060 0.632459 -0.000000
v 2.071956 0.511310 -0.000000
v 2.154060 0.511310 -0.000000
v 2.071956 0.632459 -0.000000
v 2.145469 0.632459 -0.000000
v 2.062879 0.632459 -0.000000
v 1.988014 0.511310 -0.000000
v 2.062879 0.511310 -0.000000
v 1.988492 0.632459 -0.000000
v 2.062879 0.640469 -0.000000
v 1.988014 0.632459 -0.000000
v 1.988492 0.640469 -0.000000
v 1.267659 0.630168 -0.000000
v 1.194145 0.630168 -0.000000
v 1.194234 0.630168 -0.000000
v 1.267659 0.729873 -0.000000
v 1.194145 0.729850 -0.000000
v 1.194145 0.729855 -0.000000
v 1.506029 0.630168 -0.000000
v 1.434144 0.622158 -0.000000
v 1.506029 0.622158 -0.000000
v 1.434144 0.630168 -0.000000
v 1.506029 0.729893 -0.000000
v 1.423854 0.630168 -0.000000
v 1.423854 0.729893 -0.000000
v 1.506029 0.730104 -0.000000
v 1.357841 0.729893 -0.000000
v 1.346092 0.729893 -0.000000
v 1.267659 0.729893 -0.000000
v 1.267659 0.729913 -0.000000
v 1.599034 0.501009 -0.000000
v 1.599034 0.622158 -0.000000
v 2.476845 0.511310 -0.000000
v 2.393559 0.511310 -0.000000
v 2.393456 0.511310 -0.000000
v 2.383840 0.511310 -0.000000
v 2.223903 0.511310 -0.000000
v 1.599034 0.630168 -0.000000
v 1.598486 0.643142 -0.000000
v 1.989128 0.653480 -0.000000
v 1.596492 0.655917 -0.000000
v 1.991027 0.666268 -0.000000
v 1.593088 0.668271 -0.000000
v 1.994154 0.678615 -0.000000
v 1.588333 0.679987 -0.000000
v 1.998458 0.690309 -0.000000
v 1.582310 0.690860 -0.000000
v 2.003864 0.701150 -0.000000
v 1.575125 0.700702 -0.000000
v 1.566903 0.709340 -0.000000
v 2.010279 0.710953 -0.000000
v 1.557787 0.716622 -0.000000
v 2.017595 0.719550 -0.000000
v 1.547937 0.722423 -0.000000
v 2.025686 0.726794 -0.000000
v 1.537525 0.726640 -0.000000
v 1.537383 0.726674 -0.000000
v 1.537304 0.726706 -0.000000
v 1.526619 0.729256 -0.000000
v 2.034412 0.732561 -0.000000
v 1.515748 0.730112 -0.000000
v 0.744014 0.490708 -0.000000
v 1.110681 0.501009 -0.000000
v 0.744014 0.630168 -0.000000
v 1.515748 0.501009 -0.000000
v 1.506029 0.501009 -0.000000
v 1.434144 0.501009 -0.000000
v 1.423854 0.501009 -0.000000
v 1.357841 0.501009 -0.000000
v 1.346092 0.501009 -0.000000
v 1.276250 0.501009 -0.000000
v 1.267659 0.501009 -0.000000
v 1.194145 0.501009 -0.000000
v 1.185068 0.501009 -0.000000
v 1.110681 0.622158 -0.000000
v 1.110681 0.630168 -0.000000
v 1.111317 0.643179 -0.000000
v 0.743230 0.644056 -0.000000
v 1.113216 0.655967 -0.000000
v 0.740889 0.657706 -0.000000
v 1.116343 0.668314 -0.000000
v 0.737032 0.670885 -0.000000
v 1.120647 0.680008 -0.000000
v 0.731726 0.683368 -0.000000
v 1.126053 0.690849 -0.000000
v 0.725060 0.694940 -0.000000
v 1.132469 0.700652 -0.000000
v 0.717149 0.705404 -0.000000
v 1.139784 0.709249 -0.000000
v 0.708129 0.714580 -0.000000
v 1.147875 0.716493 -0.000000
v 0.698152 0.722312 -0.000000
v 1.156601 0.722259 -0.000000
v 1.165815 0.726451 -0.000000
v 0.687392 0.728468 -0.000000
v 1.175359 0.728995 -0.000000
v 0.676031 0.732942 -0.000000
v 1.185068 0.729847 -0.000000
v 1.242775 0.729893 -0.000000
v 2.043626 0.736752 -0.000000
v 0.664263 0.735657 -0.000000
v 0.652291 0.736567 -0.000000
v 0.321611 0.736561 -0.000000
v 0.652291 0.736561 -0.000000
v 0.321611 0.736777 -0.000000
v 2.053170 0.739295 -0.000000
v 2.393559 0.640469 -0.000000
v 2.311955 0.640469 -0.000000
v 2.476845 0.640469 -0.000000
v 2.389395 0.740412 -0.000000
v 2.311955 0.740148 -0.000000
v 2.301665 0.740148 -0.000000
v 2.235652 0.740148 -0.000000
v 2.223903 0.740148 -0.000000
v 2.154060 0.740148 -0.000000
v 2.071956 0.740148 -0.000000
v 2.062879 0.740148 -0.000000
v 0.192959 1.359112 -0.000000
v 0.156326 0.957983 -0.000000
v 0.192959 0.957983 -0.000000
v 2.723073 2.007479 -0.000000
v 2.563407 0.000000 0.000000
v 2.723073 0.000000 0.000000
v 2.513790 0.000000 0.000000
v 2.513790 0.311431 -0.000000
v 2.563407 0.909248 -0.000000
v 1.944446 0.311431 -0.000000
v 1.532947 0.362310 -0.000000
v 1.356106 0.362310 -0.000000
v 1.179264 0.362310 -0.000000
v 2.476845 0.632459 -0.000000
v 2.393559 0.632459 -0.000000
v 2.393456 0.632459 -0.000000
v 2.383840 0.632459 -0.000000
v 2.476097 0.653514 -0.000000
v 2.473865 0.666336 -0.000000
v 2.470188 0.678716 -0.000000
v 2.465129 0.690441 -0.000000
v 2.458773 0.701311 -0.000000
v 2.451231 0.711140 -0.000000
v 2.442631 0.719760 -0.000000
v 2.433120 0.727023 -0.000000
v 2.422860 0.732805 -0.000000
v 2.412028 0.737007 -0.000000
v 2.400809 0.739558 -0.000000
v 2.563407 0.963735 -0.000000
v 2.475833 0.963735 -0.000000
v 2.563407 1.487666 -0.000000
v 2.343562 0.963735 -0.000000
v 2.255669 0.963735 -0.000000
v 2.123397 0.963735 -0.000000
v 2.019168 0.963735 -0.000000
v 1.886896 0.963735 -0.000000
v 0.325231 1.359112 -0.000000
v 2.563407 1.542965 -0.000000
v 2.518965 1.542965 -0.000000
v 2.386694 1.542965 -0.000000
v 2.298801 1.542965 -0.000000
v 2.166529 1.542965 -0.000000
v 2.062299 1.542965 -0.000000
v 1.930028 1.542965 -0.000000
v 1.886896 1.542965 -0.000000
v 1.651829 1.542965 -0.000000
v 1.651107 1.542965 -0.000000
v 1.519557 1.542965 -0.000000
v 1.431664 1.542965 -0.000000
v 1.299393 1.542965 -0.000000
v 1.195163 1.542965 -0.000000
v 1.062891 1.542965 -0.000000
v 0.827102 1.542965 -0.000000
v 0.776309 1.542965 -0.000000
v 0.644037 1.542965 -0.000000
v 0.556144 1.542965 -0.000000
v 0.423873 1.542965 -0.000000
v 0.319643 1.542965 -0.000000
v 0.200311 1.542965 -0.000000
v 0.187371 1.542965 -0.000000
v 0.156326 1.542965 -0.000000
v 0.156326 0.000000 0.000000
v 0.000000 2.007479 -0.000000
v 0.000000 0.000000 0.000000
v 0.208884 0.311431 -0.000000
v 0.156326 0.909248 -0.000000
v 0.238969 0.490708 -0.000000
v 0.238969 0.501009 -0.000000
v 0.238969 0.630168 -0.000000
v 0.239676 0.644084 -0.000000
v 0.241785 0.657761 -0.000000
v 0.245260 0.670966 -0.000000
v 0.250041 0.683473 -0.000000
v 0.256047 0.695068 -0.000000
v 0.263174 0.705552 -0.000000
v 0.271302 0.714747 -0.000000
v 0.280290 0.722494 -0.000000
v 0.289985 0.728662 -0.000000
v 0.300222 0.733144 -0.000000
v 0.310824 0.735865 -0.000000
v 1.886896 0.909248 -0.000000
v 1.651107 0.909248 -0.000000
v 1.062891 0.909248 -0.000000
v 0.827102 0.909248 -0.000000
v 0.156326 1.487666 -0.000000
v 1.886896 1.487666 -0.000000
v 1.651107 1.487666 -0.000000
v 1.062891 1.487666 -0.000000
v 0.827102 1.487666 -0.000000
v 1.651107 0.926353 -0.000000
v 1.886896 0.926353 -0.000000
v 1.651107 0.957983 -0.000000
v 1.519557 0.957983 -0.000000
v 1.431664 0.957983 -0.000000
v 1.299393 0.957983 -0.000000
v 1.195163 0.957983 -0.000000
v 1.062891 0.957983 -0.000000
v 0.827102 0.957983 -0.000000
v 0.781897 0.957983 -0.000000
v 0.649625 0.957983 -0.000000
v 0.561732 0.957983 -0.000000
v 0.429461 0.957983 -0.000000
v 0.325231 0.957983 -0.000000
v 0.827102 0.926353 -0.000000
v 1.062891 0.926353 -0.000000
v 1.276250 0.729875 -0.000000
v 1.357841 0.630168 -0.000000
v 1.346092 0.622158 -0.000000
v 1.357841 0.622158 -0.000000
v 1.346092 0.630168 -0.000000
v 0.208884 0.000000 0.000000
v 1.062891 0.000000 0.000000
v 1.179264 0.000000 0.000000
v 0.827102 0.000000 0.000000
v 0.778227 0.000000 0.000000
v 0.778227 0.311431 -0.000000
v 1.886896 0.000000 0.000000
v 1.944446 0.000000 0.000000
v 1.651107 0.000000 0.000000
v 1.532947 0.000000 0.000000
v 1.532947 0.362310 -0.000000
v 1.944446 0.311431 -0.000000
v 1.532947 0.000000 0.000000
v 1.651107 0.000000 0.000000
v 1.886896 0.000000 0.000000
v 1.944446 0.000000 0.000000
v 0.208884 0.311431 -0.000000
v 1.179264 0.362310 -0.000000
v 0.778227 0.311431 -0.000000
v 0.778227 0.000000 0.000000
v 0.827102 0.000000 0.000000
v 1.062891 0.000000 0.000000
v 1.179264 0.000000 0.000000
v 0.208884 0.000000 0.000000
v 0.156326 0.000000 0.000000
v 1.346092 0.729893 -0.000000
v 1.357841 0.729893 -0.000000
v 1.346092 0.630168 -0.000000
v 1.357841 0.630168 -0.000000
v 1.346092 0.622158 -0.000000
v 1.357841 0.622158 -0.000000
v 1.276250 0.729875 -0.000000
v 1.267659 0.729893 -0.000000
v 1.267659 0.729873 -0.000000
v 0.827102 0.957983 -0.000000
v 1.062891 0.957983 -0.000000
v 0.827102 0.926353 -0.000000
v 1.062891 0.926353 -0.000000
v 0.325231 1.359112 -0.000000
v 1.886896 0.963735 -0.000000
v 0.325231 0.957983 -0.000000
v 0.429461 0.957983 -0.000000
v 0.561732 0.957983 -0.000000
v 0.649625 0.957983 -0.000000
v 0.781897 0.957983 -0.000000
v 1.195163 0.957983 -0.000000
v 1.299393 0.957983 -0.000000
v 1.431664 0.957983 -0.000000
v 1.519557 0.957983 -0.000000
v 1.651107 0.957983 -0.000000
v 1.651107 0.926353 -0.000000
v 1.886896 0.926353 -0.000000
v 2.723073 2.007479 -0.000000
v 0.156326 1.542965 -0.000000
v 0.000000 2.007479 -0.000000
v 0.156326 1.487666 -0.000000
v 0.827102 1.487666 -0.000000
v 1.062891 1.487666 -0.000000
v 1.651107 1.487666 -0.000000
v 1.886896 1.487666 -0.000000
v 2.563407 1.487666 -0.000000
v 0.192959 1.359112 -0.000000
v 0.156326 0.957983 -0.000000
v 0.156326 0.909248 -0.000000
v 0.827102 0.909248 -0.000000
v 1.062891 0.909248 -0.000000
v 1.651107 0.909248 -0.000000
v 1.886896 0.909248 -0.000000
v 2.563407 0.909248 -0.000000
v 2.389395 0.740412 -0.000000
v 2.062879 0.740148 -0.000000
v 2.053170 0.739295 -0.000000
v 0.321611 0.736777 -0.000000
v 0.310824 0.735865 -0.000000
v 0.300222 0.733144 -0.000000
v 0.289985 0.728662 -0.000000
v 0.280290 0.722494 -0.000000
v 0.271302 0.714747 -0.000000
v 0.263174 0.705552 -0.000000
v 0.256047 0.695068 -0.000000
v 0.250041 0.683473 -0.000000
v 0.245260 0.670966 -0.000000
v 0.241785 0.657761 -0.000000
v 0.239676 0.644084 -0.000000
v 0.238969 0.630168 -0.000000
v 0.238969 0.501009 -0.000000
v 0.238969 0.490708 -0.000000
v 0.744014 0.490708 -0.000000
v 0.000000 0.000000 0.000000
v 0.187371 1.542965 -0.000000
v 0.200311 1.542965 -0.000000
v 0.319643 1.542965 -0.000000
v 0.423873 1.542965 -0.000000
v 0.556144 1.542965 -0.000000
v 0.644037 1.542965 -0.000000
v 0.776309 1.542965 -0.000000
v 0.827102 1.542965 -0.000000
v 1.062891 1.542965 -0.000000
v 1.195163 1.542965 -0.000000
v 1.299393 1.542965 -0.000000
v 1.431664 1.542965 -0.000000
v 1.519557 1.542965 -0.000000
v 1.651107 1.542965 -0.000000
v 1.651829 1.542965 -0.000000
v 1.886896 1.542965 -0.000000
v 1.930028 1.542965 -0.000000
v 2.062299 1.542965 -0.000000
v 2.166529 1.542965 -0.000000
v 2.298801 1.542965 -0.000000
v 2.386694 1.542965 -0.000000
v 2.518965 1.542965 -0.000000
v 2.563407 1.542965 -0.000000
v 2.019168 0.963735 -0.000000
v 2.123397 0.963735 -0.000000
v 2.255669 0.963735 -0.000000
v 2.343562 0.963735 -0.000000
v 2.475833 0.963735 -0.000000
v 2.563407 0.963735 -0.000000
v 2.400809 0.739558 -0.000000
v 2.412028 0.737007 -0.000000
v 2.422860 0.732805 -0.000000
v 2.433120 0.727023 -0.000000
v 2.442631 0.719760 -0.000000
v 2.451231 0.711140 -0.000000
v 2.458773 0.701311 -0.000000
v 2.465129 0.690441 -0.000000
v 2.470188 0.678716 -0.000000
v 2.473865 0.666336 -0.000000
v 2.476097 0.653514 -0.000000
v 2.476845 0.640469 -0.000000
v 2.311955 0.632459 -0.000000
v 2.383840 0.632459 -0.000000
v 2.393456 0.632459 -0.000000
v 2.393559 0.632459 -0.000000
v 2.476845 0.632459 -0.000000
v 2.476845 0.511310 -0.000000
v 1.599034 0.501009 -0.000000
v 1.356106 0.362310 -0.000000
v 2.513790 0.311431 -0.000000
v 2.513790 0.000000 0.000000
v 2.563407 0.000000 0.000000
v 2.723073 0.000000 0.000000
v 0.192959 0.957983 -0.000000
v 2.071956 0.740148 -0.000000
v 2.154060 0.740148 -0.000000
v 2.223903 0.740148 -0.000000
v 2.235652 0.740148 -0.000000
v 2.301665 0.740148 -0.000000
v 2.311955 0.740148 -0.000000
v 2.311955 0.640469 -0.000000
v 2.393559 0.640469 -0.000000
v 2.043626 0.736752 -0.000000
v 0.652291 0.736567 -0.000000
v 0.321611 0.736561 -0.000000
v 0.652291 0.736561 -0.000000
v 0.664263 0.735657 -0.000000
v 0.676031 0.732942 -0.000000
v 2.034412 0.732561 -0.000000
v 1.515748 0.730112 -0.000000
v 1.506029 0.730104 -0.000000
v 1.267659 0.729913 -0.000000
v 1.242775 0.729893 -0.000000
v 1.194145 0.729855 -0.000000
v 1.185068 0.729847 -0.000000
v 1.175359 0.728995 -0.000000
v 0.687392 0.728468 -0.000000
v 1.165815 0.726451 -0.000000
v 0.698152 0.722312 -0.000000
v 1.156601 0.722259 -0.000000
v 1.147875 0.716493 -0.000000
v 0.708129 0.714580 -0.000000
v 1.139784 0.709249 -0.000000
v 0.717149 0.705404 -0.000000
v 1.132469 0.700652 -0.000000
v 0.725060 0.694940 -0.000000
v 1.126053 0.690849 -0.000000
v 0.731726 0.683368 -0.000000
v 1.120647 0.680008 -0.000000
v 0.737032 0.670885 -0.000000
v 1.116343 0.668314 -0.000000
v 0.740889 0.657706 -0.000000
v 1.113216 0.655967 -0.000000
v 0.743230 0.644056 -0.000000
v 1.111317 0.643179 -0.000000
v 0.744014 0.630168 -0.000000
v 1.110681 0.630168 -0.000000
v 1.110681 0.622158 -0.000000
v 1.110681 0.501009 -0.000000
v 1.185068 0.501009 -0.000000
v 1.194145 0.501009 -0.000000
v 1.267659 0.501009 -0.000000
v 1.276250 0.501009 -0.000000
v 1.346092 0.501009 -0.000000
v 1.357841 0.501009 -0.000000
v 1.423854 0.501009 -0.000000
v 1.434144 0.501009 -0.000000
v 1.506029 0.501009 -0.000000
v 1.515748 0.501009 -0.000000
v 1.526619 0.729256 -0.000000
v 2.025686 0.726794 -0.000000
v 1.537304 0.726706 -0.000000
v 1.537383 0.726674 -0.000000
v 1.537525 0.726640 -0.000000
v 1.547937 0.722423 -0.000000
v 2.017595 0.719550 -0.000000
v 1.557787 0.716622 -0.000000
v 2.010279 0.710953 -0.000000
v 1.566903 0.709340 -0.000000
v 2.003864 0.701150 -0.000000
v 1.575125 0.700702 -0.000000
v 1.582310 0.690860 -0.000000
v 1.998458 0.690309 -0.000000
v 1.588333 0.679987 -0.000000
v 1.994154 0.678615 -0.000000
v 1.593088 0.668271 -0.000000
v 1.991027 0.666268 -0.000000
v 1.596492 0.655917 -0.000000
v 1.989128 0.653480 -0.000000
v 1.598486 0.643142 -0.000000
v 1.988492 0.640469 -0.000000
v 1.988014 0.632459 -0.000000
v 1.599034 0.630168 -0.000000
v 1.599034 0.622158 -0.000000
v 1.988014 0.511310 -0.000000
v 2.062879 0.511310 -0.000000
v 2.071956 0.511310 -0.000000
v 2.154060 0.511310 -0.000000
v 2.223903 0.511310 -0.000000
v 2.235652 0.511310 -0.000000
v 2.311955 0.511310 -0.000000
v 2.383840 0.511310 -0.000000
v 2.393456 0.511310 -0.000000
v 2.393559 0.511310 -0.000000
v 1.423854 0.729893 -0.000000
v 1.506029 0.729893 -0.000000
v 1.423854 0.630168 -0.000000
v 1.434144 0.630168 -0.000000
v 1.506029 0.630168 -0.000000
v 1.434144 0.622158 -0.000000
v 1.506029 0.622158 -0.000000
v 1.194145 0.729850 -0.000000
v 1.194145 0.630168 -0.000000
v 1.267659 0.630168 -0.000000
v 1.194234 0.630168 -0.000000
v 2.062879 0.640469 -0.000000
v 1.988492 0.632459 -0.000000
v 2.062879 0.632459 -0.000000
v 2.145469 0.632459 -0.000000
v 2.154060 0.632459 -0.000000
v 2.071956 0.632459 -0.000000
v 2.301665 0.632459 -0.000000
v 2.235652 0.632459 -0.000000
vn -0.0000 -0.0000 -1.0000
vn -0.0000 -1.0000 -0.0000
vn -0.0000 1.0000 -0.0000
vn -0.0000 -0.0000 1.0000
vt 0.000000 0.000000
vt 13.189400 3.608098
vt 12.754100 2.916955
vt 13.189400 2.916955
vt 12.754100 3.608098
vt 13.130700 3.608098
vt 12.288630 3.608098
vt 11.820240 2.916955
vt 12.288630 2.916955
vt 11.820240 3.608098
vt 12.239619 3.608098
vt 11.768459 3.608098
vt 11.341360 2.916955
vt 11.768459 2.916955
vt 11.344090 3.608098
vt 11.768459 3.653793
vt 11.341360 3.608098
vt 11.344090 3.653793
vt 7.231826 3.595027
vt 6.812443 3.595027
vt 6.812950 3.595027
vt 7.231826 4.163832
vt 6.812443 4.163698
vt 6.812443 4.163725
vt 8.591699 3.595027
vt 8.181606 3.549332
vt 8.591699 3.549332
vt 8.181606 3.595027
vt 8.591699 4.163946
vt 8.122905 3.595027
vt 8.122905 4.163946
vt 8.591699 4.165147
vt 7.746307 4.163946
vt 7.679279 4.163946
vt 7.231826 4.163946
vt 7.231826 4.164060
vt 9.122281 2.858189
vt 9.122281 3.549332
vt 14.130079 2.916955
vt 13.654940 2.916955
vt 13.654349 2.916955
vt 13.599489 2.916955
vt 12.687070 2.916955
vt 9.122281 3.595027
vt 9.119151 3.669042
vt 11.347720 3.728017
vt 9.107777 3.741923
vt 11.358550 3.800972
vt 9.088358 3.812398
vt 11.376390 3.871408
vt 9.061233 3.879236
vt 11.400940 3.938121
vt 9.026875 3.941269
vt 11.431780 3.999969
vt 8.985884 3.997414
vt 8.938977 4.046690
vt 11.468380 4.055893
vt 8.886973 4.088237
vt 11.510119 4.104938
vt 8.830780 4.121329
vt 11.556270 4.146263
vt 8.771379 4.145387
vt 8.770571 4.145579
vt 8.770118 4.145763
vt 8.709161 4.160314
vt 11.606060 4.179162
vt 8.647144 4.165191
vt 4.244504 2.799423
vt 6.336290 2.858189
vt 4.244504 3.595027
vt 8.647144 2.858189
vt 8.591699 2.858189
vt 8.181606 2.858189
vt 8.122905 2.858189
vt 7.746307 2.858189
vt 7.679279 2.858189
vt 7.280838 2.858189
vt 7.231826 2.858189
vt 6.812443 2.858189
vt 6.760661 2.858189
vt 6.336290 3.549332
vt 6.336290 3.595027
vt 6.339921 3.669251
vt 4.240028 3.674255
vt 6.350750 3.742206
vt 4.226674 3.752128
vt 6.368594 3.812642
vt 4.204673 3.827313
vt 6.393145 3.879355
vt 4.174399 3.898524
vt 6.423985 3.941203
vt 4.136372 3.964541
vt 6.460585 3.997128
vt 4.091242 4.024236
vt 6.502320 4.046172
vt 4.039781 4.076587
vt 6.548475 4.087498
vt 3.982869 4.120698
vt 6.598261 4.120397
vt 6.650826 4.144307
vt 3.921481 4.155815
vt 6.705269 4.158818
vt 3.856666 4.181337
vt 6.760661 4.163683
vt 7.089870 4.163946
vt 11.658620 4.203072
vt 3.789535 4.196827
vt 3.721234 4.202020
vt 1.834751 4.201982
vt 3.721234 4.201982
vt 1.834751 4.203218
vt 11.713070 4.217584
vt 13.654940 3.653793
vt 13.189400 3.653793
vt 14.130079 3.653793
vt 13.631180 4.223957
vt 13.189400 4.222449
vt 13.130700 4.222449
vt 12.754100 4.222449
vt 12.687070 4.222449
vt 12.288630 4.222449
vt 11.820240 4.222449
vt 11.768459 4.222449
vt 1.100807 7.753557
vt 0.891820 5.465171
vt 1.100807 5.465171
vt 15.534780 11.452399
vt 14.623899 -0.000000
vt 15.534780 -0.000000
vt 14.340839 -0.000000
vt 14.340839 1.776673
vt 14.623899 5.187144
vt 11.092810 1.776673
vt 8.745265 2.066929
vt 7.736407 2.066929
vt 6.727548 2.066929
vt 14.130079 3.608098
vt 13.654940 3.608098
vt 13.654349 3.608098
vt 13.599489 3.608098
vt 14.125810 3.728214
vt 14.113080 3.801362
vt 14.092099 3.871985
vt 14.063240 3.938875
vt 14.026979 4.000887
vt 13.983950 4.056960
vt 13.934890 4.106134
vt 13.880630 4.147570
vt 13.822100 4.180556
vt 13.760309 4.204529
vt 13.696300 4.219079
vt 14.623899 5.497979
vt 14.124310 5.497979
vt 14.623899 8.486937
vt 13.369710 5.497979
vt 12.868299 5.497979
vt 12.113700 5.497979
vt 11.519090 5.497979
vt 10.764490 5.497979
vt 1.855400 7.753557
vt 14.623899 8.802415
vt 14.370370 8.802415
vt 13.615780 8.802415
vt 13.114360 8.802415
vt 12.359770 8.802415
vt 11.765150 8.802415
vt 11.010560 8.802415
vt 10.764490 8.802415
vt 9.423467 8.802415
vt 9.419349 8.802415
vt 8.668874 8.802415
vt 8.167458 8.802415
vt 7.412865 8.802415
vt 6.818247 8.802415
vt 6.063654 8.802415
vt 4.718509 8.802415
vt 4.428741 8.802415
vt 3.674148 8.802415
vt 3.172732 8.802415
vt 2.418139 8.802415
vt 1.823521 8.802415
vt 1.142747 8.802415
vt 1.068928 8.802415
vt 0.891820 8.802415
vt 0.891820 0.000000
vt -0.000000 11.452399
vt 1.191654 1.776673
vt 0.891820 5.187144
vt 1.363286 2.799423
vt 1.363286 2.858189
vt 1.363286 3.595027
vt 1.367319 3.674412
vt 1.379351 3.752438
vt 1.399174 3.827771
vt 1.426450 3.899122
vt 1.460713 3.965270
vt 1.501375 4.025083
vt 1.547741 4.077537
vt 1.599019 4.121735
vt 1.654329 4.156922
vt 1.712727 4.182494
vt 1.773213 4.198014
vt 10.764490 5.187144
vt 9.419349 5.187144
vt 6.063654 5.187144
vt 4.718509 5.187144
vt 0.891820 8.486937
vt 10.764490 8.486937
vt 9.419349 8.486937
vt 6.063654 8.486937
vt 4.718509 8.486937
vt 9.419349 5.284725
vt 10.764490 5.284725
vt 9.419349 5.465171
vt 8.668874 5.465171
vt 8.167458 5.465171
vt 7.412865 5.465171
vt 6.818247 5.465171
vt 6.063654 5.465171
vt 4.718509 5.465171
vt 4.460620 5.465171
vt 3.706027 5.465171
vt 3.204611 5.465171
vt 2.450017 5.465171
vt 1.855400 5.465171
vt 4.718509 5.284725
vt 6.063654 5.284725
vt 7.280838 4.163844
vt 7.746307 3.595027
vt 7.679279 3.549332
vt 7.746307 3.549332
vt 7.679279 3.595027
vt 1.191654 0.000000
vt 6.063654 0.000000
vt 6.727548 0.000000
vt 4.718509 0.000000
vt 4.439685 0.000000
vt 4.439685 1.776673
vt 10.764490 0.000000
vt 11.092810 -0.000000
vt 9.419349 0.000000
vt 8.745265 0.000000
s 1
usemtl Translucent_Glass_Blue
f 9823/7487/1437 9824/7487/1437 9825/7487/1437
f 9825/7487/1437 9824/7487/1437 9826/7487/1437
f 9826/7487/1437 9824/7487/1437 9827/7487/1437
f 9828/7487/1437 9827/7487/1437 9824/7487/1437
f 9829/7487/1437 9830/7487/1437 9831/7487/1437
f 9831/7487/1437 9830/7487/1437 9832/7487/1437
f 9832/7487/1437 9830/7487/1437 9833/7487/1437
f 9833/7487/1437 9830/7487/1437 9834/7487/1437
f 9835/7487/1437 9834/7487/1437 9830/7487/1437
f 9836/7487/1437 9837/7487/1437 9829/7487/1437
f 9838/7487/1437 9839/7487/1437 9840/7487/1437
f 9839/7487/1437 9841/7487/1437 9840/7487/1437
f 9840/7487/1437 9841/7487/1437 9842/7487/1437
f 9843/7487/1437 9842/7487/1437 9841/7487/1437
f 9838/7487/1437 9844/7487/1437 9845/7487/1437
f 9846/7487/1437 9845/7487/1437 9844/7487/1437
f 9847/7487/1437 9848/7487/1437 9849/7487/1437
f 9850/7487/1437 9849/7487/1437 9848/7487/1437
f 9851/7487/1437 9852/7487/1437 9853/7487/1437
f 9853/7487/1437 9852/7487/1437 9854/7487/1437
f 9854/7487/1437 9852/7487/1437 9855/7487/1437
f 9855/7487/1437 9852/7487/1437 9856/7487/1437
f 9856/7487/1437 9852/7487/1437 9857/7487/1437
f 9857/7487/1437 9852/7487/1437 9847/7487/1437
f 9847/7487/1437 9852/7487/1437 9848/7487/1437
f 9848/7487/1437 9852/7487/1437 9858/7487/1437
f 9858/7487/1437 9852/7487/1437 9859/7487/1437
f 9859/7487/1437 9852/7487/1437 9860/7487/1437
f 9860/7487/1437 9852/7487/1437 9861/7487/1437
f 9861/7487/1437 9852/7487/1437 9862/7487/1437
f 9862/7487/1437 9852/7487/1437 9863/7487/1437
f 9864/7487/1437 9863/7487/1437 9852/7487/1437
f 9865/7487/1437 9866/7487/1437 9867/7487/1437
f 9866/7487/1437 9868/7487/1437 9867/7487/1437
s 0
f 9869/7487/1438 9870/7487/1438 9868/7487/1438
f 9870/7487/1439 9871/7487/1439 9868/7487/1439
f 9871/7487/1438 9872/7487/1438 9868/7487/1438
f 9872/7487/1439 9873/7487/1439 9868/7487/1439
s 1
f 9873/7487/1437 9874/7487/1437 9868/7487/1437
f 9868/7487/1437 9874/7487/1437 9867/7487/1437
f 9874/7487/1437 9875/7487/1437 9867/7487/1437
f 9875/7487/1437 9876/7487/1437 9867/7487/1437
s 0
f 9877/7487/1439 9878/7487/1439 9876/7487/1439
f 9878/7487/1439 9879/7487/1439 9876/7487/1439
f 9879/7487/1439 9880/7487/1439 9876/7487/1439
f 9880/7487/1439 9881/7487/1439 9876/7487/1439
s 1
f 9881/7487/1437 9882/7487/1437 9876/7487/1437
f 9882/7487/1437 9883/7487/1437 9876/7487/1437
f 9883/7487/1437 9884/7487/1437 9876/7487/1437
f 9884/7487/1437 9885/7487/1437 9876/7487/1437
f 9885/7487/1437 9886/7487/1437 9876/7487/1437
f 9886/7487/1437 9887/7487/1437 9876/7487/1437
f 9887/7487/1437 9888/7487/1437 9876/7487/1437
f 9888/7487/1437 9889/7487/1437 9876/7487/1437
f 9889/7487/1437 9890/7487/1437 9876/7487/1437
f 9890/7487/1437 9891/7487/1437 9876/7487/1437
f 9891/7487/1437 9892/7487/1437 9876/7487/1437
f 9892/7487/1437 9893/7487/1437 9876/7487/1437
f 9893/7487/1437 9894/7487/1437 9876/7487/1437
f 9894/7487/1437 9895/7487/1437 9876/7487/1437
f 9895/7487/1437 9896/7487/1437 9876/7487/1437
f 9896/7487/1437 9897/7487/1437 9876/7487/1437
f 9897/7487/1437 9898/7487/1437 9876/7487/1437
f 9898/7487/1437 9899/7487/1437 9876/7487/1437
f 9900/7487/1437 9830/7487/1437 9899/7487/1437
f 9830/7487/1437 9829/7487/1437 9899/7487/1437
f 9899/7487/1437 9829/7487/1437 9876/7487/1437
f 9876/7487/1437 9829/7487/1437 9867/7487/1437
f 9829/7487/1437 9837/7487/1437 9867/7487/1437
f 9901/7487/1437 9867/7487/1437 9837/7487/1437
f 9866/7487/1437 9865/7487/1437 9902/7487/1437
f 9902/7487/1437 9865/7487/1437 9903/7487/1437
f 9903/7487/1437 9865/7487/1437 9904/7487/1437
f 9904/7487/1437 9865/7487/1437 9905/7487/1437
f 9905/7487/1437 9865/7487/1437 9906/7487/1437
f 9906/7487/1437 9865/7487/1437 9907/7487/1437
f 9907/7487/1437 9865/7487/1437 9908/7487/1437
f 9908/7487/1437 9865/7487/1437 9909/7487/1437
f 9909/7487/1437 9865/7487/1437 9910/7487/1437
f 9910/7487/1437 9865/7487/1437 9911/7487/1437
f 9911/7487/1437 9865/7487/1437 9912/7487/1437
f 9912/7487/1437 9865/7487/1437 9913/7487/1437
f 9913/7487/1437 9865/7487/1437 9914/7487/1437
f 9914/7487/1437 9865/7487/1437 9915/7487/1437
f 9915/7487/1437 9865/7487/1437 9916/7487/1437
f 9916/7487/1437 9865/7487/1437 9917/7487/1437
f 9917/7487/1437 9865/7487/1437 9918/7487/1437
f 9918/7487/1437 9865/7487/1437 9919/7487/1437
f 9919/7487/1437 9865/7487/1437 9920/7487/1437
f 9920/7487/1437 9865/7487/1437 9921/7487/1437
f 9921/7487/1437 9865/7487/1437 9922/7487/1437
f 9922/7487/1437 9865/7487/1437 9923/7487/1437
f 9923/7487/1437 9865/7487/1437 9924/7487/1437
f 9924/7487/1437 9865/7487/1437 9873/7487/1437
f 9874/7487/1437 9873/7487/1437 9851/7487/1437
f 9851/7487/1437 9873/7487/1437 9852/7487/1437
f 9852/7487/1437 9873/7487/1437 9925/7487/1437
f 9925/7487/1437 9873/7487/1437 9926/7487/1437
f 9926/7487/1437 9873/7487/1437 9927/7487/1437
f 9927/7487/1437 9873/7487/1437 9928/7487/1437
f 9928/7487/1437 9873/7487/1437 9929/7487/1437
f 9873/7487/1437 9865/7487/1437 9929/7487/1437
f 9929/7487/1437 9865/7487/1437 9930/7487/1437
f 9930/7487/1437 9865/7487/1437 9881/7487/1437
f 9882/7487/1437 9881/7487/1437 9931/7487/1437
f 9931/7487/1437 9881/7487/1437 9932/7487/1437
f 9932/7487/1437 9881/7487/1437 9933/7487/1437
f 9933/7487/1437 9881/7487/1437 9934/7487/1437
f 9934/7487/1437 9881/7487/1437 9935/7487/1437
f 9935/7487/1437 9881/7487/1437 9936/7487/1437
f 9936/7487/1437 9881/7487/1437 9937/7487/1437
f 9937/7487/1437 9881/7487/1437 9938/7487/1437
f 9938/7487/1437 9881/7487/1437 9939/7487/1437
f 9939/7487/1437 9881/7487/1437 9940/7487/1437
f 9940/7487/1437 9881/7487/1437 9941/7487/1437
f 9941/7487/1437 9881/7487/1437 9942/7487/1437
f 9943/7487/1437 9942/7487/1437 9944/7487/1437
f 9944/7487/1437 9942/7487/1437 9945/7487/1437
f 9945/7487/1437 9942/7487/1437 9946/7487/1437
f 9946/7487/1437 9942/7487/1437 9947/7487/1437
f 9942/7487/1437 9881/7487/1437 9947/7487/1437
f 9947/7487/1437 9881/7487/1437 9948/7487/1437
f 9949/7487/1437 9948/7487/1437 9900/7487/1437
f 9900/7487/1437 9948/7487/1437 9830/7487/1437
f 9830/7487/1437 9948/7487/1437 9950/7487/1437
f 9950/7487/1437 9948/7487/1437 9823/7487/1437
f 9823/7487/1437 9948/7487/1437 9824/7487/1437
f 9824/7487/1437 9948/7487/1437 9951/7487/1437
f 9948/7487/1437 9881/7487/1437 9951/7487/1437
f 9881/7487/1437 9865/7487/1437 9951/7487/1437
f 9951/7487/1437 9865/7487/1437 9952/7487/1437
f 9952/7487/1437 9865/7487/1437 9953/7487/1437
f 9954/7487/1437 9953/7487/1437 9865/7487/1437
f 9955/7487/1437 9875/7487/1437 9874/7487/1437
f 9883/7487/1437 9882/7487/1437 9956/7487/1437
f 9956/7487/1437 9882/7487/1437 9957/7487/1437
f 9957/7487/1437 9882/7487/1437 9958/7487/1437
f 9958/7487/1437 9882/7487/1437 9959/7487/1437
f 9959/7487/1437 9882/7487/1437 9960/7487/1437
f 9960/7487/1437 9882/7487/1437 9961/7487/1437
f 9961/7487/1437 9882/7487/1437 9962/7487/1437
f 9882/7487/1437 9963/7487/1437 9962/7487/1437
f 9942/7487/1437 9943/7487/1437 9963/7487/1437
f 9962/7487/1437 9963/7487/1437 9943/7487/1437
f 9884/7487/1437 9964/7487/1437 9885/7487/1437
f 9964/7487/1437 9965/7487/1437 9885/7487/1437
f 9885/7487/1437 9965/7487/1437 9966/7487/1437
f 9967/7487/1437 9966/7487/1437 9965/7487/1437
f 9965/7487/1437 9964/7487/1437 9968/7487/1437
f 9968/7487/1437 9964/7487/1437 9969/7487/1437
f 9964/7487/1437 9970/7487/1437 9969/7487/1437
f 9970/7487/1437 9971/7487/1437 9969/7487/1437
f 9971/7487/1437 9972/7487/1437 9969/7487/1437
f 9972/7487/1437 9973/7487/1437 9969/7487/1437
f 9973/7487/1437 9974/7487/1437 9969/7487/1437
f 9974/7487/1437 9975/7487/1437 9969/7487/1437
f 9975/7487/1437 9976/7487/1437 9969/7487/1437
f 9976/7487/1437 9977/7487/1437 9969/7487/1437
f 9969/7487/1437 9977/7487/1437 9978/7487/1437
f 9977/7487/1437 9979/7487/1437 9978/7487/1437
f 9978/7487/1437 9979/7487/1437 9980/7487/1437
f 9979/7487/1437 9981/7487/1437 9980/7487/1437
f 9981/7487/1437 9982/7487/1437 9980/7487/1437
f 9980/7487/1437 9982/7487/1437 9983/7487/1437
f 9982/7487/1437 9984/7487/1437 9983/7487/1437
f 9983/7487/1437 9984/7487/1437 9985/7487/1437
f 9984/7487/1437 9986/7487/1437 9985/7487/1437
f 9985/7487/1437 9986/7487/1437 9987/7487/1437
f 9986/7487/1437 9988/7487/1437 9987/7487/1437
f 9987/7487/1437 9988/7487/1437 9989/7487/1437
f 9988/7487/1437 9990/7487/1437 9989/7487/1437
f 9989/7487/1437 9990/7487/1437 9991/7487/1437
f 9990/7487/1437 9992/7487/1437 9991/7487/1437
f 9991/7487/1437 9992/7487/1437 9993/7487/1437
f 9992/7487/1437 9994/7487/1437 9993/7487/1437
f 9993/7487/1437 9994/7487/1437 9995/7487/1437
f 9994/7487/1437 9996/7487/1437 9995/7487/1437
f 9995/7487/1437 9996/7487/1437 9997/7487/1437
f 9996/7487/1437 9998/7487/1437 9997/7487/1437
f 9998/7487/1437 9999/7487/1437 9997/7487/1437
f 9999/7487/1437 10000/7487/1437 9997/7487/1437
s 0
f 10001/7487/1438 10002/7487/1438 10000/7487/1438
f 10002/7487/1438 10003/7487/1438 10000/7487/1438
f 10003/7487/1438 10004/7487/1438 10000/7487/1438
f 10004/7487/1438 10005/7487/1438 10000/7487/1438
f 10005/7487/1438 10006/7487/1438 10000/7487/1438
f 10006/7487/1438 10007/7487/1438 10000/7487/1438
f 10007/7487/1438 10008/7487/1438 10000/7487/1438
f 10008/7487/1438 10009/7487/1438 10000/7487/1438
f 10009/7487/1438 10010/7487/1438 10000/7487/1438
f 10010/7487/1438 9949/7487/1438 10000/7487/1438
s 1
f 9949/7487/1437 9900/7487/1437 10000/7487/1437
f 9997/7487/1437 10000/7487/1437 9900/7487/1437
f 9971/7487/1437 9970/7487/1437 10011/7487/1437
f 9970/7487/1437 10012/7487/1437 10011/7487/1437
f 10011/7487/1437 10012/7487/1437 10013/7487/1437
f 10013/7487/1437 10012/7487/1437 10014/7487/1437
f 10014/7487/1437 10012/7487/1437 10015/7487/1437
f 10015/7487/1437 10012/7487/1437 10016/7487/1437
f 10012/7487/1437 10017/7487/1437 10016/7487/1437
f 10016/7487/1437 10017/7487/1437 10018/7487/1437
f 10017/7487/1437 10019/7487/1437 10018/7487/1437
f 10018/7487/1437 10019/7487/1437 10020/7487/1437
f 10019/7487/1437 10021/7487/1437 10020/7487/1437
f 10020/7487/1437 10021/7487/1437 10022/7487/1437
f 10022/7487/1437 10021/7487/1437 10023/7487/1437
f 10021/7487/1437 10024/7487/1437 10023/7487/1437
f 10023/7487/1437 10024/7487/1437 10025/7487/1437
f 10024/7487/1437 10026/7487/1437 10025/7487/1437
f 10025/7487/1437 10026/7487/1437 10027/7487/1437
f 10026/7487/1437 10028/7487/1437 10027/7487/1437
f 10027/7487/1437 10028/7487/1437 10029/7487/1437
f 10028/7487/1437 10030/7487/1437 10029/7487/1437
f 10029/7487/1437 10030/7487/1437 10031/7487/1437
f 10030/7487/1437 10032/7487/1437 10031/7487/1437
f 10032/7487/1437 10033/7487/1437 10031/7487/1437
f 10031/7487/1437 10033/7487/1437 10034/7487/1437
f 10034/7487/1437 10033/7487/1437 10035/7487/1437
f 10033/7487/1437 10036/7487/1437 10035/7487/1437
s 0
f 10037/7487/1438 10038/7487/1438 10036/7487/1438
f 10038/7487/1439 10039/7487/1439 10036/7487/1439
f 10039/7487/1438 10040/7487/1438 10036/7487/1438
f 10040/7487/1439 10041/7487/1439 10036/7487/1439
f 10041/7487/1438 10042/7487/1438 10036/7487/1438
f 10042/7487/1439 10043/7487/1439 10036/7487/1439
f 10043/7487/1439 10044/7487/1439 10036/7487/1439
f 10044/7487/1438 10045/7487/1438 10036/7487/1438
f 10045/7487/1439 9948/7487/1439 10036/7487/1439
s 1
f 9948/7487/1437 9949/7487/1437 10036/7487/1437
f 10035/7487/1437 10036/7487/1437 9949/7487/1437
f 9973/7487/1437 9972/7487/1437 9845/7487/1437
f 9845/7487/1437 9972/7487/1437 9838/7487/1437
f 9838/7487/1437 9972/7487/1437 9839/7487/1437
f 9839/7487/1437 9972/7487/1437 10046/7487/1437
f 9972/7487/1437 10047/7487/1437 10046/7487/1437
f 10046/7487/1437 10047/7487/1437 10048/7487/1437
f 10048/7487/1437 10047/7487/1437 10049/7487/1437
f 10047/7487/1437 10050/7487/1437 10049/7487/1437
f 10049/7487/1437 10050/7487/1437 10051/7487/1437
f 10052/7487/1437 10051/7487/1437 10050/7487/1437
f 9975/7487/1437 9846/7487/1437 10053/7487/1437
f 10053/7487/1437 9846/7487/1437 10054/7487/1437
f 9846/7487/1437 10055/7487/1437 10054/7487/1437
s 0
f 10056/7487/1439 10054/7487/1439 10055/7487/1439
s 1
f 10032/7487/1437 10057/7487/1437 10033/7487/1437
f 10033/7487/1437 10057/7487/1437 10058/7487/1437
f 10059/7487/1437 10058/7487/1437 10057/7487/1437
f 10058/7487/1437 10059/7487/1437 10036/7487/1437
f 10037/7487/1437 10036/7487/1437 10059/7487/1437
s 0
f 10060/7487/1439 10061/7487/1439 10062/7487/1439
s 1
f 10062/7487/1437 10061/7487/1437 10038/7487/1437
f 10039/7487/1437 10038/7487/1437 10061/7487/1437
s 0
f 10063/7487/1439 9943/7487/1439 10064/7487/1439
s 1
f 10064/7487/1437 9943/7487/1437 10041/7487/1437
f 10042/7487/1437 10041/7487/1437 9943/7487/1437
usemtl Stone_Flagstone_Ashlar
f 9581/7488/1440 9582/7489/1440 9583/7490/1440
f 9582/7489/1440 9581/7488/1440 9584/7491/1440
s 0
f 9584/7491/1439 9581/7488/1439 9585/7492/1439
s 1
f 9586/7493/1440 9587/7494/1440 9588/7495/1440
f 9587/7494/1440 9586/7493/1440 9589/7496/1440
s 0
f 9589/7496/1439 9586/7493/1439 9590/7497/1439
s 1
f 9591/7498/1440 9592/7499/1440 9593/7500/1440
f 9592/7499/1440 9591/7498/1440 9594/7501/1440
f 9595/7502/1440 9594/7501/1440 9591/7498/1440
f 9594/7501/1440 9595/7502/1440 9596/7503/1440
f 9596/7503/1440 9595/7502/1440 9597/7504/1440
s 0
f 9598/7505/1438 9599/7506/1438 9600/7507/1438
s 1
f 9599/7506/1440 9598/7505/1440 9601/7508/1440
f 9599/7506/1440 9601/7508/1440 9602/7509/1440
f 9602/7509/1440 9601/7508/1440 9603/7510/1440
f 9604/7511/1440 9605/7512/1440 9606/7513/1440
f 9605/7512/1440 9604/7511/1440 9607/7514/1440
f 9607/7514/1440 9604/7511/1440 9608/7515/1440
f 9607/7514/1440 9608/7515/1440 9609/7516/1440
f 9609/7516/1440 9608/7515/1440 9610/7517/1440
f 9610/7517/1440 9608/7515/1440 9611/7518/1440
f 9610/7517/1440 9611/7518/1440 9612/7519/1440
f 9612/7519/1440 9611/7518/1440 9613/7520/1440
f 9613/7520/1440 9611/7518/1440 9614/7521/1440
f 9614/7521/1440 9611/7518/1440 9615/7522/1440
f 9616/7523/1440 9592/7499/1440 9617/7524/1440
f 9592/7499/1440 9616/7523/1440 9618/7525/1440
s 0
f 9592/7499/1438 9618/7525/1438 9619/7526/1438
f 9592/7499/1439 9619/7526/1439 9620/7527/1439
f 9592/7499/1439 9620/7527/1439 9621/7528/1439
f 9592/7499/1439 9621/7528/1439 9583/7490/1439
f 9592/7499/1439 9583/7490/1439 9582/7489/1439
f 9592/7499/1438 9582/7489/1438 9622/7529/1438
f 9592/7499/1439 9622/7529/1439 9588/7495/1439
f 9592/7499/1438 9588/7495/1438 9587/7494/1438
f 9592/7499/1439 9587/7494/1439 9593/7500/1439
s 1
f 9617/7524/1440 9592/7499/1440 9596/7503/1440
f 9617/7524/1440 9596/7503/1440 9623/7530/1440
f 9623/7530/1440 9596/7503/1440 9624/7531/1440
f 9624/7531/1440 9596/7503/1440 9597/7504/1440
f 9624/7531/1440 9597/7504/1440 9625/7532/1440
f 9624/7531/1440 9625/7532/1440 9626/7533/1440
f 9626/7533/1440 9625/7532/1440 9627/7534/1440
f 9626/7533/1440 9627/7534/1440 9628/7535/1440
f 9628/7535/1440 9627/7534/1440 9629/7536/1440
f 9628/7535/1440 9629/7536/1440 9630/7537/1440
f 9630/7537/1440 9629/7536/1440 9631/7538/1440
f 9630/7537/1440 9631/7538/1440 9632/7539/1440
f 9632/7539/1440 9631/7538/1440 9633/7540/1440
f 9632/7539/1440 9633/7540/1440 9634/7541/1440
f 9634/7541/1440 9633/7540/1440 9635/7542/1440
f 9635/7542/1440 9633/7540/1440 9636/7543/1440
f 9635/7542/1440 9636/7543/1440 9637/7544/1440
f 9637/7544/1440 9636/7543/1440 9638/7545/1440
f 9637/7544/1440 9638/7545/1440 9639/7546/1440
f 9639/7546/1440 9638/7545/1440 9640/7547/1440
f 9639/7546/1440 9640/7547/1440 9641/7548/1440
f 9641/7548/1440 9640/7547/1440 9642/7549/1440
f 9642/7549/1440 9640/7547/1440 9643/7550/1440
f 9643/7550/1440 9640/7547/1440 9644/7551/1440
f 9644/7551/1440 9640/7547/1440 9645/7552/1440
f 9644/7551/1440 9645/7552/1440 9646/7553/1440
f 9647/7554/1440 9648/7555/1440 9649/7556/1440
f 9648/7555/1440 9647/7554/1440 9616/7523/1440
s 0
f 9648/7555/1439 9616/7523/1439 9650/7557/1439
f 9648/7555/1439 9650/7557/1439 9651/7558/1439
f 9648/7555/1439 9651/7558/1439 9652/7559/1439
f 9648/7555/1439 9652/7559/1439 9653/7560/1439
f 9648/7555/1439 9653/7560/1439 9654/7561/1439
f 9648/7555/1439 9654/7561/1439 9655/7562/1439
f 9648/7555/1439 9655/7562/1439 9656/7563/1439
f 9648/7555/1439 9656/7563/1439 9657/7564/1439
f 9648/7555/1439 9657/7564/1439 9658/7565/1439
f 9648/7555/1439 9658/7565/1439 9659/7566/1439
s 1
f 9649/7556/1440 9648/7555/1440 9660/7567/1440
f 9649/7556/1440 9660/7567/1440 9661/7568/1440
f 9649/7556/1440 9661/7568/1440 9662/7569/1440
f 9649/7556/1440 9662/7569/1440 9663/7570/1440
f 9663/7570/1440 9662/7569/1440 9664/7571/1440
f 9663/7570/1440 9664/7571/1440 9665/7572/1440
f 9665/7572/1440 9664/7571/1440 9666/7573/1440
f 9665/7572/1440 9666/7573/1440 9667/7574/1440
f 9667/7574/1440 9666/7573/1440 9668/7575/1440
f 9667/7574/1440 9668/7575/1440 9669/7576/1440
f 9669/7576/1440 9668/7575/1440 9670/7577/1440
f 9669/7576/1440 9670/7577/1440 9671/7578/1440
f 9671/7578/1440 9670/7577/1440 9672/7579/1440
f 9671/7578/1440 9672/7579/1440 9673/7580/1440
f 9673/7580/1440 9672/7579/1440 9674/7581/1440
f 9673/7580/1440 9674/7581/1440 9675/7582/1440
f 9675/7582/1440 9674/7581/1440 9676/7583/1440
f 9675/7582/1440 9676/7583/1440 9677/7584/1440
f 9677/7584/1440 9676/7583/1440 9678/7585/1440
f 9677/7584/1440 9678/7585/1440 9679/7586/1440
f 9677/7584/1440 9679/7586/1440 9680/7587/1440
f 9680/7587/1440 9679/7586/1440 9681/7588/1440
f 9680/7587/1440 9681/7588/1440 9682/7589/1440
f 9682/7589/1440 9681/7588/1440 9683/7590/1440
f 9682/7589/1440 9683/7590/1440 9603/7510/1440
f 9682/7589/1440 9603/7510/1440 9684/7591/1440
f 9682/7589/1440 9684/7591/1440 9615/7522/1440
f 9682/7589/1440 9615/7522/1440 9611/7518/1440
f 9682/7589/1440 9611/7518/1440 9646/7553/1440
f 9682/7589/1440 9646/7553/1440 9645/7552/1440
f 9682/7589/1440 9645/7552/1440 9685/7592/1440
f 9682/7589/1440 9685/7592/1440 9686/7593/1440
f 9686/7593/1440 9685/7592/1440 9687/7594/1440
f 9687/7594/1440 9688/7595/1440 9689/7596/1440
f 9688/7595/1440 9687/7594/1440 9690/7597/1440
f 9690/7597/1440 9687/7594/1440 9685/7592/1440
f 9690/7597/1440 9685/7592/1440 9691/7598/1440
f 9581/7488/1440 9692/7599/1440 9693/7600/1440
f 9692/7599/1440 9581/7488/1440 9694/7601/1440
f 9693/7600/1440 9692/7599/1440 9695/7602/1440
f 9693/7600/1440 9695/7602/1440 9696/7603/1440
f 9696/7603/1440 9695/7602/1440 9697/7604/1440
f 9697/7604/1440 9695/7602/1440 9698/7605/1440
f 9698/7605/1440 9695/7602/1440 9699/7606/1440
f 9699/7606/1440 9695/7602/1440 9700/7607/1440
f 9700/7607/1440 9695/7602/1440 9701/7608/1440
f 9701/7608/1440 9695/7602/1440 9702/7609/1440
f 9703/7610/1440 9704/7611/1440 9705/7612/1440
f 9706/7613/1440 9707/7614/1440 9708/7615/1440
f 9707/7614/1440 9706/7613/1440 9709/7616/1440
f 9709/7616/1440 9706/7613/1440 9710/7617/1440
f 9710/7617/1440 9706/7613/1440 9711/7618/1440
f 9710/7617/1440 9711/7618/1440 9618/7525/1440
f 9710/7617/1440 9618/7525/1440 9712/7619/1440
f 9712/7619/1440 9618/7525/1440 9713/7620/1440
f 9713/7620/1440 9618/7525/1440 9714/7621/1440
f 9714/7621/1440 9618/7525/1440 9715/7622/1440
f 9715/7622/1440 9618/7525/1440 9647/7554/1440
f 9647/7554/1440 9618/7525/1440 9616/7523/1440
f 9618/7525/1440 9711/7618/1440 9716/7623/1440
f 9716/7623/1440 9711/7618/1440 9694/7601/1440
f 9716/7623/1440 9694/7601/1440 9717/7624/1440
f 9717/7624/1440 9694/7601/1440 9718/7625/1440
f 9718/7625/1440 9694/7601/1440 9719/7626/1440
f 9719/7626/1440 9694/7601/1440 9581/7488/1440
f 9694/7601/1440 9711/7618/1440 9720/7627/1440
f 9720/7627/1440 9711/7618/1440 9721/7628/1440
f 9721/7628/1440 9711/7618/1440 9722/7629/1440
f 9722/7629/1440 9711/7618/1440 9723/7630/1440
f 9723/7630/1440 9711/7618/1440 9724/7631/1440
f 9724/7631/1440 9711/7618/1440 9725/7632/1440
f 9725/7632/1440 9711/7618/1440 9726/7633/1440
f 9726/7633/1440 9711/7618/1440 9727/7634/1440
f 9727/7634/1440 9711/7618/1440 9728/7635/1440
f 9728/7635/1440 9711/7618/1440 9729/7636/1440
f 9729/7636/1440 9711/7618/1440 9730/7637/1440
f 9730/7637/1440 9711/7618/1440 9695/7602/1440
f 9711/7618/1440 9706/7613/1440 9731/7638/1440
f 9731/7638/1440 9706/7613/1440 9732/7639/1440
f 9732/7639/1440 9706/7613/1440 9733/7640/1440
f 9732/7639/1440 9733/7640/1440 9734/7641/1440
f 9734/7641/1440 9733/7640/1440 9735/7642/1440
f 9735/7642/1440 9733/7640/1440 9736/7643/1440
f 9736/7643/1440 9733/7640/1440 9737/7644/1440
f 9737/7644/1440 9733/7640/1440 9738/7645/1440
f 9738/7645/1440 9733/7640/1440 9739/7646/1440
f 9739/7646/1440 9733/7640/1440 9703/7610/1440
f 9733/7640/1440 9706/7613/1440 9740/7647/1440
f 9740/7647/1440 9706/7613/1440 9741/7648/1440
f 9741/7648/1440 9706/7613/1440 9742/7649/1440
f 9742/7649/1440 9706/7613/1440 9743/7650/1440
f 9743/7650/1440 9706/7613/1440 9744/7651/1440
f 9744/7651/1440 9706/7613/1440 9745/7652/1440
f 9745/7652/1440 9706/7613/1440 9746/7653/1440
f 9746/7653/1440 9706/7613/1440 9747/7654/1440
f 9747/7654/1440 9706/7613/1440 9748/7655/1440
f 9748/7655/1440 9706/7613/1440 9749/7656/1440
f 9749/7656/1440 9706/7613/1440 9750/7657/1440
f 9750/7657/1440 9706/7613/1440 9751/7658/1440
f 9751/7658/1440 9706/7613/1440 9752/7659/1440
f 9752/7659/1440 9706/7613/1440 9753/7660/1440
f 9753/7660/1440 9706/7613/1440 9754/7661/1440
f 9754/7661/1440 9706/7613/1440 9755/7662/1440
f 9755/7662/1440 9706/7613/1440 9756/7663/1440
f 9756/7663/1440 9706/7613/1440 9757/7664/1440
f 9757/7664/1440 9706/7613/1440 9758/7665/1440
f 9758/7665/1440 9706/7613/1440 9759/7666/1440
f 9759/7666/1440 9706/7613/1440 9760/7667/1440
f 9760/7667/1440 9706/7613/1440 9761/7668/1440
f 9761/7668/1440 9706/7613/1440 9762/7669/1440
f 9762/7669/1440 9706/7613/1440 9763/7670/1440
f 9764/7671/1440 9765/7672/1440 9766/7487/1440
f 9765/7672/1440 9764/7671/1440 9767/7673/1440
f 9765/7672/1440 9767/7673/1440 9768/7674/1440
f 9768/7674/1440 9767/7673/1440 9769/7675/1440
f 9769/7675/1440 9767/7673/1440 9715/7622/1440
f 9769/7675/1440 9715/7622/1440 9647/7554/1440
f 9768/7674/1440 9769/7675/1440 9770/7676/1440
f 9768/7674/1440 9770/7676/1440 9771/7677/1440
f 9768/7674/1440 9771/7677/1440 9772/7678/1440
f 9768/7674/1440 9772/7678/1440 9773/7679/1440
f 9768/7674/1440 9773/7679/1440 9774/7680/1440
f 9768/7674/1440 9774/7680/1440 9775/7681/1440
f 9768/7674/1440 9775/7681/1440 9776/7682/1440
f 9768/7674/1440 9776/7682/1440 9777/7683/1440
f 9768/7674/1440 9777/7683/1440 9778/7684/1440
f 9768/7674/1440 9778/7684/1440 9779/7685/1440
f 9768/7674/1440 9779/7685/1440 9780/7686/1440
f 9768/7674/1440 9780/7686/1440 9781/7687/1440
f 9768/7674/1440 9781/7687/1440 9782/7688/1440
f 9768/7674/1440 9782/7688/1440 9690/7597/1440
f 9768/7674/1440 9690/7597/1440 9691/7598/1440
f 9768/7674/1440 9691/7598/1440 9702/7609/1440
f 9768/7674/1440 9702/7609/1440 9695/7602/1440
f 9768/7674/1440 9695/7602/1440 9711/7618/1440
s 0
f 9768/7674/1438 9711/7618/1438 9783/7689/1438
f 9768/7674/1438 9783/7689/1438 9784/7690/1438
f 9768/7674/1438 9784/7690/1438 9785/7691/1438
f 9768/7674/1438 9785/7691/1438 9786/7692/1438
s 1
f 9765/7672/1440 9768/7674/1440 9704/7611/1440
f 9765/7672/1440 9704/7611/1440 9703/7610/1440
f 9765/7672/1440 9703/7610/1440 9787/7693/1440
f 9787/7693/1440 9703/7610/1440 9733/7640/1440
s 0
f 9787/7693/1438 9733/7640/1438 9788/7694/1438
f 9787/7693/1439 9788/7694/1439 9789/7695/1439
f 9787/7693/1438 9789/7695/1438 9790/7696/1438
f 9787/7693/1439 9790/7696/1439 9791/7697/1439
s 1
f 9765/7672/1440 9787/7693/1440 9763/7670/1440
f 9765/7672/1440 9763/7670/1440 9706/7613/1440
f 9738/7645/1440 9792/7698/1440 9793/7699/1440
f 9792/7698/1440 9738/7645/1440 9794/7700/1440
f 9794/7700/1440 9738/7645/1440 9795/7701/1440
f 9795/7701/1440 9738/7645/1440 9796/7702/1440
f 9796/7702/1440 9738/7645/1440 9797/7703/1440
f 9797/7703/1440 9738/7645/1440 9798/7704/1440
f 9798/7704/1440 9738/7645/1440 9799/7705/1440
f 9799/7705/1440 9738/7645/1440 9800/7706/1440
f 9800/7706/1440 9738/7645/1440 9801/7707/1440
f 9801/7707/1440 9738/7645/1440 9802/7708/1440
f 9802/7708/1440 9738/7645/1440 9803/7709/1440
f 9803/7709/1440 9738/7645/1440 9804/7710/1440
f 9804/7710/1440 9738/7645/1440 9805/7711/1440
f 9805/7711/1440 9738/7645/1440 9739/7646/1440
f 9799/7705/1440 9806/7712/1440 9807/7713/1440
f 9806/7712/1440 9799/7705/1440 9800/7706/1440
f 9808/7714/1440 9614/7521/1440 9601/7508/1440
f 9614/7521/1440 9808/7714/1440 9613/7520/1440
f 9809/7715/1440 9810/7716/1440 9811/7717/1440
f 9810/7716/1440 9809/7715/1440 9812/7718/1440
f 9812/7718/1440 9809/7715/1440 9612/7519/1440
f 9812/7718/1440 9612/7519/1440 9613/7520/1440
f 9767/7673/1440 9764/7671/1440 9813/7719/1440
f 9715/7622/1440 9814/7720/1440 9815/7721/1440
f 9814/7720/1440 9715/7622/1440 9816/7722/1440
f 9816/7722/1440 9715/7622/1440 9817/7723/1440
f 9817/7723/1440 9715/7622/1440 9818/7724/1440
f 9818/7724/1440 9715/7622/1440 9767/7673/1440
f 9712/7619/1440 9819/7725/1440 9820/7726/1440
f 9819/7725/1440 9712/7619/1440 9821/7727/1440
f 9821/7727/1440 9712/7619/1440 9822/7728/1440
f 9822/7728/1440 9712/7619/1440 9713/7620/1440
o SketchUp.271
v 1.357841 0.622158 -0.000000
v 1.346092 0.501009 -0.000000
v 1.357841 0.501009 -0.000000
v 1.346092 0.622158 -0.000000
v 1.346092 0.622158 -0.000000
v 1.357841 0.622158 -0.000000
v 1.346092 0.501009 -0.000000
v 1.357841 0.501009 -0.000000
vn -0.0000 -0.0000 -1.0000
vn -0.0000 -0.0000 1.0000
vt 0.000000 0.000000
vt 7.746307 3.549332
vt 7.679279 2.858189
vt 7.746307 2.858189
vt 7.679279 3.549332
s 1
usemtl Translucent_Glass_Blue
f 10069/7729/1441 10070/7729/1441 10071/7729/1441
f 10072/7729/1441 10071/7729/1441 10070/7729/1441
usemtl Stone_Flagstone_Ashlar
f 10065/7730/1442 10066/7731/1442 10067/7732/1442
f 10066/7731/1442 10065/7730/1442 10068/7733/1442
o SketchUp.272
v 2.476845 0.632459 -0.012940
v 2.393559 0.511310 -0.012940
v 2.476845 0.511310 -0.012940
v 2.393559 0.632459 -0.012940
v 2.393559 0.632459 -0.012940
v 2.476845 0.632459 -0.012940
v 2.393559 0.511310 -0.012940
v 2.476845 0.511310 -0.012940
vn -0.0000 -0.0000 1.0000
vn -0.0000 -0.0000 -1.0000
s 1
usemtl Translucent_Glass_Blue
f 10073//1443 10074//1443 10075//1443
f 10074//1443 10073//1443 10076//1443
f 10077//1444 10078//1444 10079//1444
f 10080//1444 10079//1444 10078//1444
o SketchUp.273
v 2.223903 0.632459 -0.012940
v 2.154060 0.511310 -0.012940
v 2.223903 0.511310 -0.012940
v 2.154060 0.632459 -0.012940
v 2.154060 0.632459 -0.012940
v 2.223903 0.632459 -0.012940
v 2.154060 0.511310 -0.012940
v 2.223903 0.511310 -0.012940
vn -0.0000 -0.0000 1.0000
vn -0.0000 -0.0000 -1.0000
s 1
usemtl Translucent_Glass_Blue
f 10081//1445 10082//1445 10083//1445
f 10082//1445 10081//1445 10084//1445
f 10085//1446 10086//1446 10087//1446
f 10088//1446 10087//1446 10086//1446
o SketchUp.274
v 2.301665 0.632459 -0.012940
v 2.235652 0.511310 -0.012940
v 2.301665 0.511310 -0.012940
v 2.235652 0.632459 -0.012940
v 2.235652 0.632459 -0.012940
v 2.301665 0.632459 -0.012940
v 2.235652 0.511310 -0.012940
v 2.301665 0.511310 -0.012940
vn -0.0000 -0.0000 1.0000
vn -0.0000 -0.0000 -1.0000
s 1
usemtl Translucent_Glass_Blue
f 10089//1447 10090//1447 10091//1447
f 10090//1447 10089//1447 10092//1447
f 10093//1448 10094//1448 10095//1448
f 10096//1448 10095//1448 10094//1448
o SketchUp.275
v 2.383840 0.632459 -0.012940
v 2.311955 0.511310 -0.012940
v 2.383840 0.511310 -0.012940
v 2.311955 0.632459 -0.012940
v 2.311955 0.632459 -0.012940
v 2.383840 0.632459 -0.012940
v 2.311955 0.511310 -0.012940
v 2.383840 0.511310 -0.012940
vn -0.0000 -0.0000 1.0000
vn -0.0000 -0.0000 -1.0000
s 1
usemtl Translucent_Glass_Blue
f 10097//1449 10098//1449 10099//1449
f 10098//1449 10097//1449 10100//1449
f 10101//1450 10102//1450 10103//1450
f 10104//1450 10103//1450 10102//1450
o SketchUp.276
v 2.301665 0.740194 -0.012940
v 2.235652 0.640469 -0.012940
v 2.301665 0.640469 -0.012940
v 2.235652 0.740194 -0.012940
v 2.235652 0.740194 -0.012940
v 2.301665 0.740194 -0.012940
v 2.235652 0.640469 -0.012940
v 2.301665 0.640469 -0.012940
vn -0.0000 -0.0000 1.0000
vn -0.0000 -0.0000 -1.0000
s 1
usemtl Translucent_Glass_Blue
f 10105//1451 10106//1451 10107//1451
f 10106//1451 10105//1451 10108//1451
f 10109//1452 10110//1452 10111//1452
f 10112//1452 10111//1452 10110//1452
o SketchUp.277
v 2.145469 0.632459 -0.012940
v 2.071956 0.511310 -0.012940
v 2.145469 0.511310 -0.012940
v 2.071956 0.632459 -0.012940
v 2.071956 0.632459 -0.012940
v 2.145469 0.632459 -0.012940
v 2.071956 0.511310 -0.012940
v 2.145469 0.511310 -0.012940
vn -0.0000 -0.0000 1.0000
vn -0.0000 -0.0000 -1.0000
s 1
usemtl Translucent_Glass_Blue
f 10113//1453 10114//1453 10115//1453
f 10114//1453 10113//1453 10116//1453
f 10117//1454 10118//1454 10119//1454
f 10120//1454 10119//1454 10118//1454
o SketchUp.278
v 2.223903 0.740194 -0.012940
v 2.154060 0.640469 -0.012940
v 2.223903 0.640469 -0.012940
v 2.154060 0.740194 -0.012940
v 2.154060 0.740194 -0.012940
v 2.223903 0.740194 -0.012940
v 2.154060 0.640469 -0.012940
v 2.223903 0.640469 -0.012940
vn -0.0000 -0.0000 1.0000
vn -0.0000 -0.0000 -1.0000
s 1
usemtl Translucent_Glass_Blue
f 10121//1455 10122//1455 10123//1455
f 10122//1455 10121//1455 10124//1455
f 10125//1456 10126//1456 10127//1456
f 10128//1456 10127//1456 10126//1456
o SketchUp.279
v 2.145469 0.740194 -0.012940
v 2.071956 0.640469 -0.012940
v 2.145469 0.640469 -0.012940
v 2.071956 0.740194 -0.012940
v 2.071956 0.740194 -0.012940
v 2.145469 0.740194 -0.012940
v 2.071956 0.640469 -0.012940
v 2.145469 0.640469 -0.012940
vn -0.0000 -0.0000 1.0000
vn -0.0000 -0.0000 -1.0000
s 1
usemtl Translucent_Glass_Blue
f 10129//1457 10130//1457 10131//1457
f 10130//1457 10129//1457 10132//1457
f 10133//1458 10134//1458 10135//1458
f 10136//1458 10135//1458 10134//1458
o SketchUp.280
v 2.383840 0.740194 -0.012940
v 2.311955 0.640469 -0.012940
v 2.383840 0.640469 -0.012940
v 2.311955 0.740194 -0.012940
v 2.311955 0.740194 -0.012940
v 2.383840 0.740194 -0.012940
v 2.311955 0.640469 -0.012940
v 2.383840 0.640469 -0.012940
vn -0.0000 -0.0000 1.0000
vn -0.0000 -0.0000 -1.0000
s 1
usemtl Translucent_Glass_Blue
f 10137//1459 10138//1459 10139//1459
f 10138//1459 10137//1459 10140//1459
f 10141//1460 10142//1460 10143//1460
f 10144//1460 10143//1460 10142//1460
o SketchUp.281
v 2.062879 0.632459 -0.012940
v 1.988492 0.511310 -0.012940
v 2.062879 0.511310 -0.012940
v 1.988492 0.632459 -0.012940
v 1.988492 0.632459 -0.012940
v 2.062879 0.632459 -0.012940
v 1.988492 0.511310 -0.012940
v 2.062879 0.511310 -0.012940
vn -0.0000 -0.0000 1.0000
vn -0.0000 -0.0000 -1.0000
s 1
usemtl Translucent_Glass_Blue
f 10145//1461 10146//1461 10147//1461
f 10146//1461 10145//1461 10148//1461
f 10149//1462 10150//1462 10151//1462
f 10152//1462 10151//1462 10150//1462
o SketchUp.282
v 2.062879 0.640469 -0.012940
v 1.989128 0.653480 -0.012940
v 1.988492 0.640469 -0.012940
v 2.062879 0.740148 -0.012940
v 1.991027 0.666268 -0.012940
v 1.994154 0.678615 -0.012940
v 1.998458 0.690309 -0.012940
v 2.003864 0.701150 -0.012940
v 2.010279 0.710953 -0.012940
v 2.017595 0.719550 -0.012940
v 2.025686 0.726794 -0.012940
v 2.034412 0.732561 -0.012940
v 2.043626 0.736752 -0.012940
v 2.053170 0.739295 -0.012940
v 2.053170 0.739295 -0.012940
v 2.062879 0.740148 -0.012940
v 2.043626 0.736752 -0.012940
v 2.034412 0.732561 -0.012940
v 2.025686 0.726794 -0.012940
v 2.017595 0.719550 -0.012940
v 2.010279 0.710953 -0.012940
v 2.003864 0.701150 -0.012940
v 1.998458 0.690309 -0.012940
v 1.994154 0.678615 -0.012940
v 1.991027 0.666268 -0.012940
v 1.989128 0.653480 -0.012940
v 2.062879 0.640469 -0.012940
v 1.988492 0.640469 -0.012940
vn -0.0000 -0.0000 1.0000
vn -0.0000 -0.0000 -1.0000
s 1
usemtl Translucent_Glass_Blue
f 10153//1463 10154//1463 10155//1463
f 10154//1463 10153//1463 10156//1463
f 10154//1463 10156//1463 10157//1463
f 10157//1463 10156//1463 10158//1463
f 10158//1463 10156//1463 10159//1463
f 10159//1463 10156//1463 10160//1463
f 10160//1463 10156//1463 10161//1463
f 10161//1463 10156//1463 10162//1463
f 10162//1463 10156//1463 10163//1463
f 10163//1463 10156//1463 10164//1463
f 10164//1463 10156//1463 10165//1463
f 10165//1463 10156//1463 10166//1463
f 10167//1464 10168//1464 10169//1464
f 10169//1464 10168//1464 10170//1464
f 10170//1464 10168//1464 10171//1464
f 10171//1464 10168//1464 10172//1464
f 10172//1464 10168//1464 10173//1464
f 10173//1464 10168//1464 10174//1464
f 10174//1464 10168//1464 10175//1464
f 10175//1464 10168//1464 10176//1464
f 10176//1464 10168//1464 10177//1464
f 10177//1464 10168//1464 10178//1464
f 10168//1464 10179//1464 10178//1464
f 10180//1464 10178//1464 10179//1464
o SketchUp.283
v 2.476132 0.653514 -0.012940
v 2.393559 0.640469 -0.012940
v 2.476845 0.640469 -0.012940
v 2.393559 0.740412 -0.012940
v 2.474007 0.666336 -0.012940
v 2.470505 0.678716 -0.012940
v 2.465687 0.690441 -0.012940
v 2.459634 0.701311 -0.012940
v 2.452451 0.711140 -0.012940
v 2.444260 0.719760 -0.012940
v 2.435202 0.727023 -0.012940
v 2.425431 0.732805 -0.012940
v 2.415115 0.737007 -0.012940
v 2.404429 0.739558 -0.012940
v 2.404429 0.739558 -0.012940
v 2.415115 0.737007 -0.012940
v 2.393559 0.740412 -0.012940
v 2.425431 0.732805 -0.012940
v 2.435202 0.727023 -0.012940
v 2.444260 0.719760 -0.012940
v 2.452451 0.711140 -0.012940
v 2.459634 0.701311 -0.012940
v 2.465687 0.690441 -0.012940
v 2.470505 0.678716 -0.012940
v 2.474007 0.666336 -0.012940
v 2.476132 0.653514 -0.012940
v 2.393559 0.640469 -0.012940
v 2.476845 0.640469 -0.012940
vn -0.0000 -0.0000 1.0000
vn -0.0000 -0.0000 -1.0000
s 1
usemtl Translucent_Glass_Blue
f 10181//1465 10182//1465 10183//1465
f 10182//1465 10181//1465 10184//1465
f 10184//1465 10181//1465 10185//1465
f 10184//1465 10185//1465 10186//1465
f 10184//1465 10186//1465 10187//1465
f 10184//1465 10187//1465 10188//1465
f 10184//1465 10188//1465 10189//1465
f 10184//1465 10189//1465 10190//1465
f 10184//1465 10190//1465 10191//1465
f 10184//1465 10191//1465 10192//1465
f 10184//1465 10192//1465 10193//1465
f 10184//1465 10193//1465 10194//1465
f 10195//1466 10196//1466 10197//1466
f 10196//1466 10198//1466 10197//1466
f 10198//1466 10199//1466 10197//1466
f 10199//1466 10200//1466 10197//1466
f 10200//1466 10201//1466 10197//1466
f 10201//1466 10202//1466 10197//1466
f 10202//1466 10203//1466 10197//1466
f 10203//1466 10204//1466 10197//1466
f 10204//1466 10205//1466 10197//1466
f 10205//1466 10206//1466 10197//1466
f 10197//1466 10206//1466 10207//1466
f 10208//1466 10207//1466 10206//1466
o SketchUp.284
v 2.301665 0.740194 0.003987
v 2.235652 0.640469 0.003987
v 2.301665 0.640469 0.003987
v 2.235652 0.740194 0.003987
v 2.235652 0.740194 0.003987
v 2.301665 0.740194 0.003987
v 2.235652 0.640469 0.003987
v 2.301665 0.640469 0.003987
vn -0.0000 -0.0000 1.0000
vn -0.0000 -0.0000 -1.0000
s 1
usemtl Translucent_Glass_Blue
f 10209//1467 10210//1467 10211//1467
f 10210//1467 10209//1467 10212//1467
f 10213//1468 10214//1468 10215//1468
f 10216//1468 10215//1468 10214//1468
o SketchUp.285
v 2.145469 0.632459 0.003987
v 2.071956 0.511310 0.003987
v 2.145469 0.511310 0.003987
v 2.071956 0.632459 0.003987
v 2.071956 0.632459 0.003987
v 2.145469 0.632459 0.003987
v 2.071956 0.511310 0.003987
v 2.145469 0.511310 0.003987
vn -0.0000 -0.0000 1.0000
vn -0.0000 -0.0000 -1.0000
s 1
usemtl Translucent_Glass_Blue
f 10217//1469 10218//1469 10219//1469
f 10218//1469 10217//1469 10220//1469
f 10221//1470 10222//1470 10223//1470
f 10224//1470 10223//1470 10222//1470
o SketchUp.286
v 2.476845 0.632459 0.003987
v 2.393559 0.511310 0.003987
v 2.476845 0.511310 0.003987
v 2.393559 0.632459 0.003987
v 2.393559 0.632459 0.003987
v 2.476845 0.632459 0.003987
v 2.393559 0.511310 0.003987
v 2.476845 0.511310 0.003987
vn -0.0000 -0.0000 1.0000
vn -0.0000 -0.0000 -1.0000
s 1
usemtl Translucent_Glass_Blue
f 10225//1471 10226//1471 10227//1471
f 10226//1471 10225//1471 10228//1471
f 10229//1472 10230//1472 10231//1472
f 10232//1472 10231//1472 10230//1472
o SketchUp.287
v 2.223903 0.632459 0.003987
v 2.154060 0.511310 0.003987
v 2.223903 0.511310 0.003987
v 2.154060 0.632459 0.003987
v 2.154060 0.632459 0.003987
v 2.223903 0.632459 0.003987
v 2.154060 0.511310 0.003987
v 2.223903 0.511310 0.003987
vn -0.0000 -0.0000 1.0000
vn -0.0000 -0.0000 -1.0000
s 1
usemtl Translucent_Glass_Blue
f 10233//1473 10234//1473 10235//1473
f 10234//1473 10233//1473 10236//1473
f 10237//1474 10238//1474 10239//1474
f 10240//1474 10239//1474 10238//1474
o SketchUp.288
v 2.062879 0.632459 0.003987
v 1.988492 0.511310 0.003987
v 2.062879 0.511310 0.003987
v 1.988492 0.632459 0.003987
v 1.988492 0.632459 0.003987
v 2.062879 0.632459 0.003987
v 1.988492 0.511310 0.003987
v 2.062879 0.511310 0.003987
vn -0.0000 -0.0000 1.0000
vn -0.0000 -0.0000 -1.0000
s 1
usemtl Translucent_Glass_Blue
f 10241//1475 10242//1475 10243//1475
f 10242//1475 10241//1475 10244//1475
f 10245//1476 10246//1476 10247//1476
f 10248//1476 10247//1476 10246//1476
o SketchUp.289
v 2.301665 0.632459 0.003987
v 2.235652 0.511310 0.003987
v 2.301665 0.511310 0.003987
v 2.235652 0.632459 0.003987
v 2.235652 0.632459 0.003987
v 2.301665 0.632459 0.003987
v 2.235652 0.511310 0.003987
v 2.301665 0.511310 0.003987
vn -0.0000 -0.0000 1.0000
vn -0.0000 -0.0000 -1.0000
s 1
usemtl Translucent_Glass_Blue
f 10249//1477 10250//1477 10251//1477
f 10250//1477 10249//1477 10252//1477
f 10253//1478 10254//1478 10255//1478
f 10256//1478 10255//1478 10254//1478
o SketchUp.290
v 2.383840 0.740194 0.003987
v 2.311955 0.640469 0.003987
v 2.383840 0.640469 0.003987
v 2.311955 0.740194 0.003987
v 2.311955 0.740194 0.003987
v 2.383840 0.740194 0.003987
v 2.311955 0.640469 0.003987
v 2.383840 0.640469 0.003987
vn -0.0000 -0.0000 1.0000
vn -0.0000 -0.0000 -1.0000
s 1
usemtl Translucent_Glass_Blue
f 10257//1479 10258//1479 10259//1479
f 10258//1479 10257//1479 10260//1479
f 10261//1480 10262//1480 10263//1480
f 10264//1480 10263//1480 10262//1480
o SketchUp.291
v 2.145469 0.740194 0.003987
v 2.071956 0.640469 0.003987
v 2.145469 0.640469 0.003987
v 2.071956 0.740194 0.003987
v 2.071956 0.740194 0.003987
v 2.145469 0.740194 0.003987
v 2.071956 0.640469 0.003987
v 2.145469 0.640469 0.003987
vn -0.0000 -0.0000 1.0000
vn -0.0000 -0.0000 -1.0000
s 1
usemtl Translucent_Glass_Blue
f 10265//1481 10266//1481 10267//1481
f 10266//1481 10265//1481 10268//1481
f 10269//1482 10270//1482 10271//1482
f 10272//1482 10271//1482 10270//1482
o SketchUp.292
v 2.223903 0.740194 0.003987
v 2.154060 0.640469 0.003987
v 2.223903 0.640469 0.003987
v 2.154060 0.740194 0.003987
v 2.154060 0.740194 0.003987
v 2.223903 0.740194 0.003987
v 2.154060 0.640469 0.003987
v 2.223903 0.640469 0.003987
vn -0.0000 -0.0000 1.0000
vn -0.0000 -0.0000 -1.0000
s 1
usemtl Translucent_Glass_Blue
f 10273//1483 10274//1483 10275//1483
f 10274//1483 10273//1483 10276//1483
f 10277//1484 10278//1484 10279//1484
f 10280//1484 10279//1484 10278//1484
o SketchUp.293
v 2.383840 0.632459 0.003987
v 2.311955 0.511310 0.003987
v 2.383840 0.511310 0.003987
v 2.311955 0.632459 0.003987
v 2.311955 0.632459 0.003987
v 2.383840 0.632459 0.003987
v 2.311955 0.511310 0.003987
v 2.383840 0.511310 0.003987
vn -0.0000 -0.0000 1.0000
vn -0.0000 -0.0000 -1.0000
s 1
usemtl Translucent_Glass_Blue
f 10281//1485 10282//1485 10283//1485
f 10282//1485 10281//1485 10284//1485
f 10285//1486 10286//1486 10287//1486
f 10288//1486 10287//1486 10286//1486
o SketchUp.294
v 2.476132 0.653514 0.003987
v 2.393559 0.640469 0.003987
v 2.476845 0.640469 0.003987
v 2.393559 0.680060 0.003987
v 2.474007 0.666336 0.003987
v 2.470505 0.678716 0.003987
v 2.465687 0.690441 0.003987
v 2.393559 0.740412 0.003987
v 2.459634 0.701311 0.003987
v 2.452451 0.711140 0.003987
v 2.444260 0.719760 0.003987
v 2.435202 0.727023 0.003987
v 2.425431 0.732805 0.003987
v 2.415115 0.737007 0.003987
v 2.404429 0.739558 0.003987
v 2.404429 0.739558 0.003987
v 2.415115 0.737007 0.003987
v 2.393559 0.740412 0.003987
v 2.425431 0.732805 0.003987
v 2.435202 0.727023 0.003987
v 2.444260 0.719760 0.003987
v 2.452451 0.711140 0.003987
v 2.459634 0.701311 0.003987
v 2.465687 0.690441 0.003987
v 2.393559 0.680060 0.003987
v 2.470505 0.678716 0.003987
v 2.474007 0.666336 0.003987
v 2.476132 0.653514 0.003987
v 2.393559 0.640469 0.003987
v 2.476845 0.640469 0.003987
vn -0.0000 -0.0000 1.0000
vn -0.0000 -0.0000 -1.0000
s 1
usemtl Translucent_Glass_Blue
f 10289//1487 10290//1487 10291//1487
f 10290//1487 10289//1487 10292//1487
f 10292//1487 10289//1487 10293//1487
f 10292//1487 10293//1487 10294//1487
f 10292//1487 10294//1487 10295//1487
f 10292//1487 10295//1487 10296//1487
f 10296//1487 10295//1487 10297//1487
f 10296//1487 10297//1487 10298//1487
f 10296//1487 10298//1487 10299//1487
f 10296//1487 10299//1487 10300//1487
f 10296//1487 10300//1487 10301//1487
f 10296//1487 10301//1487 10302//1487
f 10296//1487 10302//1487 10303//1487
f 10304//1488 10305//1488 10306//1488
f 10305//1488 10307//1488 10306//1488
f 10307//1488 10308//1488 10306//1488
f 10308//1488 10309//1488 10306//1488
f 10309//1488 10310//1488 10306//1488
f 10310//1488 10311//1488 10306//1488
f 10311//1488 10312//1488 10306//1488
f 10306//1488 10312//1488 10313//1488
f 10312//1488 10314//1488 10313//1488
f 10314//1488 10315//1488 10313//1488
f 10315//1488 10316//1488 10313//1488
f 10313//1488 10316//1488 10317//1488
f 10318//1488 10317//1488 10316//1488
o SketchUp.295
v 2.062879 0.640469 0.003987
v 1.989128 0.653480 0.003987
v 1.988492 0.640469 0.003987
v 2.062879 0.740148 0.003987
v 1.991027 0.666268 0.003987
v 1.994154 0.678615 0.003987
v 1.998458 0.690309 0.003987
v 2.003864 0.701150 0.003987
v 2.010279 0.710953 0.003987
v 2.017595 0.719550 0.003987
v 2.025686 0.726794 0.003987
v 2.034412 0.732561 0.003987
v 2.043626 0.736752 0.003987
v 2.053170 0.739295 0.003987
v 2.053170 0.739295 0.003987
v 2.062879 0.740148 0.003987
v 2.043626 0.736752 0.003987
v 2.034412 0.732561 0.003987
v 2.025686 0.726794 0.003987
v 2.017595 0.719550 0.003987
v 2.010279 0.710953 0.003987
v 2.003864 0.701150 0.003987
v 1.998458 0.690309 0.003987
v 1.994154 0.678615 0.003987
v 1.991027 0.666268 0.003987
v 1.989128 0.653480 0.003987
v 2.062879 0.640469 0.003987
v 1.988492 0.640469 0.003987
vn -0.0000 -0.0000 1.0000
vn -0.0000 -0.0000 -1.0000
s 1
usemtl Translucent_Glass_Blue
f 10319//1489 10320//1489 10321//1489
f 10320//1489 10319//1489 10322//1489
f 10320//1489 10322//1489 10323//1489
f 10323//1489 10322//1489 10324//1489
f 10324//1489 10322//1489 10325//1489
f 10325//1489 10322//1489 10326//1489
f 10326//1489 10322//1489 10327//1489
f 10327//1489 10322//1489 10328//1489
f 10328//1489 10322//1489 10329//1489
f 10329//1489 10322//1489 10330//1489
f 10330//1489 10322//1489 10331//1489
f 10331//1489 10322//1489 10332//1489
f 10333//1490 10334//1490 10335//1490
f 10335//1490 10334//1490 10336//1490
f 10336//1490 10334//1490 10337//1490
f 10337//1490 10334//1490 10338//1490
f 10338//1490 10334//1490 10339//1490
f 10339//1490 10334//1490 10340//1490
f 10340//1490 10334//1490 10341//1490
f 10341//1490 10334//1490 10342//1490
f 10342//1490 10334//1490 10343//1490
f 10343//1490 10334//1490 10344//1490
f 10334//1490 10345//1490 10344//1490
f 10346//1490 10344//1490 10345//1490
o SketchUp.296
v 1.988492 0.632459 0.015489
v 1.980237 0.511310 0.015489
v 1.988492 0.511310 0.015489
v 1.980237 0.640469 0.015489
v 1.988492 0.640469 0.015489
v 1.989128 0.653480 0.015489
v 1.980944 0.654384 0.015489
v 1.991027 0.666268 0.015489
v 1.983052 0.668062 0.015489
v 1.994154 0.678615 0.015489
v 1.986527 0.681267 0.015489
v 1.998458 0.690309 0.015489
v 1.991309 0.693774 0.015489
v 2.003864 0.701150 0.015489
v 1.997314 0.705369 0.015489
v 2.010279 0.710953 0.015489
v 2.004442 0.715853 0.015489
v 2.017595 0.719550 0.015489
v 2.012569 0.725048 0.015489
v 2.025686 0.726794 0.015489
v 2.021558 0.732795 0.015489
v 2.034412 0.732561 0.015489
v 2.043626 0.736752 0.015489
v 2.031254 0.738963 0.015489
v 2.053170 0.739295 0.015489
v 2.041490 0.743446 0.015489
v 2.062879 0.740148 0.015489
v 2.071956 0.740194 0.015489
v 2.393559 0.740412 0.015489
v 2.417298 0.743243 0.015489
v 2.405531 0.745958 0.015489
v 2.052092 0.746166 0.015489
v 2.393559 0.746862 0.015489
v 2.393559 0.746868 0.015489
v 2.062879 0.746862 0.015489
v 2.062879 0.747078 0.015489
v 2.476845 0.511310 0.015489
v 1.980237 0.501009 0.015489
v 2.393559 0.511310 0.015489
v 2.383840 0.511310 0.015489
v 2.311955 0.511310 0.015489
v 2.301665 0.511310 0.015489
v 2.235652 0.511310 0.015489
v 2.223903 0.511310 0.015489
v 2.154060 0.511310 0.015489
v 2.145469 0.511310 0.015489
v 2.071956 0.511310 0.015489
v 2.062879 0.511310 0.015489
v 2.071956 0.632459 0.015489
v 2.062879 0.632459 0.015489
v 2.154060 0.632459 0.015489
v 2.145469 0.632459 0.015489
v 2.235652 0.632459 0.015489
v 2.223903 0.632459 0.015489
v 2.311955 0.632459 0.015489
v 2.301665 0.632459 0.015489
v 2.393559 0.632459 0.015489
v 2.383840 0.632459 0.015489
v 2.476845 0.640469 0.015489
v 2.062879 0.640469 0.015489
v 2.393559 0.640469 0.015489
v 2.383840 0.640469 0.015489
v 2.311955 0.640469 0.015489
v 2.301665 0.640469 0.015489
v 2.235652 0.640469 0.015489
v 2.223903 0.640469 0.015489
v 2.154060 0.640469 0.015489
v 2.145469 0.640469 0.015489
v 2.071956 0.640469 0.015489
v 2.383840 0.740194 0.015489
v 2.311955 0.740194 0.015489
v 2.301665 0.740194 0.015489
v 2.235652 0.740194 0.015489
v 2.223903 0.740194 0.015489
v 2.154060 0.740194 0.015489
v 2.145469 0.740194 0.015489
v 2.485282 0.501009 0.015489
v 2.485282 0.640469 0.015489
v 2.476845 0.632459 0.015489
v 2.476132 0.653514 0.015489
v 2.484497 0.654357 0.015489
v 2.474007 0.666336 0.015489
v 2.482157 0.668007 0.015489
v 2.470505 0.678716 0.015489
v 2.478300 0.681186 0.015489
v 2.465687 0.690441 0.015489
v 2.472993 0.693669 0.015489
v 2.459634 0.701311 0.015489
v 2.466328 0.705241 0.015489
v 2.452451 0.711140 0.015489
v 2.458417 0.715705 0.015489
v 2.444260 0.719760 0.015489
v 2.449396 0.724881 0.015489
v 2.435202 0.727023 0.015489
v 2.439420 0.732614 0.015489
v 2.425431 0.732805 0.015489
v 2.428659 0.738769 0.015489
v 2.415115 0.737007 0.015489
v 2.404429 0.739558 0.015489
vn -0.0000 -0.0000 1.0000
vn -0.0000 1.0000 -0.0000
vn -0.0000 -1.0000 -0.0000
vt 22.688169 7.216195
vt 22.593979 5.833909
vt 22.688169 5.833909
vt 22.593979 7.307585
vt 22.688169 7.307585
vt 22.695429 7.456034
vt 22.602049 7.466355
vt 22.717089 7.601943
vt 22.626110 7.622408
vt 22.752779 7.742816
vt 22.665760 7.773074
vt 22.801880 7.876242
vt 22.720310 7.915776
vt 22.863560 7.999937
vt 22.788839 8.048071
vt 22.936760 8.111787
vt 22.870159 8.167697
vt 23.020229 8.209876
vt 22.962889 8.272605
vt 23.112539 8.292527
vt 23.065449 8.361002
vt 23.212109 8.358325
vt 23.317240 8.406145
vt 23.176069 8.431375
vt 23.426130 8.435168
vt 23.292860 8.482519
vt 23.536909 8.444898
vt 23.640480 8.445424
vt 27.309879 8.447914
vt 27.580740 8.480206
vt 27.446480 8.511186
vt 23.413839 8.513559
vt 27.309879 8.521496
vt 27.309879 8.521572
vt 23.536909 8.521496
vt 23.536909 8.523967
vt 28.260149 5.833909
vt 22.593979 5.716378
vt 27.309879 5.833909
vt 27.198990 5.833909
vt 26.378799 5.833909
vt 26.261400 5.833909
vt 25.508209 5.833909
vt 25.374149 5.833909
vt 24.577269 5.833909
vt 24.479239 5.833909
vt 23.640480 5.833909
vt 23.536909 5.833909
vt 23.640480 7.216195
vt 23.536909 7.216195
vt 24.577269 7.216195
vt 24.479239 7.216195
vt 25.508209 7.216195
vt 25.374149 7.216195
vt 26.378799 7.216195
vt 26.261400 7.216195
vt 27.309879 7.216195
vt 27.198990 7.216195
vt 28.260149 7.307585
vt 23.536909 7.307585
vt 27.309879 7.307585
vt 27.198990 7.307585
vt 26.378799 7.307585
vt 26.261400 7.307585
vt 25.508209 7.307585
vt 25.374149 7.307585
vt 24.577269 7.307585
vt 24.479239 7.307585
vt 23.640480 7.307585
vt 27.198990 8.445424
vt 26.378799 8.445424
vt 26.261400 8.445424
vt 25.508209 8.445424
vt 25.374149 8.445424
vt 24.577269 8.445424
vt 24.479239 8.445424
vt 28.356419 5.716378
vt 28.356419 7.307585
vt 28.260149 7.216195
vt 28.252020 7.456428
vt 28.347469 7.466042
vt 28.227770 7.602724
vt 28.320759 7.621788
vt 28.187819 7.743970
vt 28.276760 7.772158
vt 28.132839 7.877750
vt 28.216209 7.914578
vt 28.063780 8.001774
vt 28.140150 8.046613
vt 27.981819 8.113920
vt 28.049889 8.166003
vt 27.888369 8.212269
vt 27.946970 8.270705
vt 27.785019 8.295139
vt 27.833149 8.358928
vt 27.673529 8.361112
vt 27.710369 8.429162
vt 27.555830 8.409058
vt 27.433908 8.438158
s 1
usemtl Wood_Floor
f 10347/7734/1491 10348/7735/1491 10349/7736/1491
f 10348/7735/1491 10347/7734/1491 10350/7737/1491
f 10350/7737/1491 10347/7734/1491 10351/7738/1491
f 10350/7737/1491 10351/7738/1491 10352/7739/1491
f 10350/7737/1491 10352/7739/1491 10353/7740/1491
f 10353/7740/1491 10352/7739/1491 10354/7741/1491
f 10353/7740/1491 10354/7741/1491 10355/7742/1491
f 10355/7742/1491 10354/7741/1491 10356/7743/1491
f 10355/7742/1491 10356/7743/1491 10357/7744/1491
f 10357/7744/1491 10356/7743/1491 10358/7745/1491
f 10357/7744/1491 10358/7745/1491 10359/7746/1491
f 10359/7746/1491 10358/7745/1491 10360/7747/1491
f 10359/7746/1491 10360/7747/1491 10361/7748/1491
f 10361/7748/1491 10360/7747/1491 10362/7749/1491
f 10361/7748/1491 10362/7749/1491 10363/7750/1491
f 10363/7750/1491 10362/7749/1491 10364/7751/1491
f 10363/7750/1491 10364/7751/1491 10365/7752/1491
f 10365/7752/1491 10364/7751/1491 10366/7753/1491
f 10365/7752/1491 10366/7753/1491 10367/7754/1491
f 10367/7754/1491 10366/7753/1491 10368/7755/1491
f 10367/7754/1491 10368/7755/1491 10369/7756/1491
f 10367/7754/1491 10369/7756/1491 10370/7757/1491
f 10370/7757/1491 10369/7756/1491 10371/7758/1491
f 10370/7757/1491 10371/7758/1491 10372/7759/1491
f 10372/7759/1491 10371/7758/1491 10373/7760/1491
f 10372/7759/1491 10373/7760/1491 10374/7761/1491
f 10372/7759/1491 10374/7761/1491 10375/7762/1491
f 10372/7759/1491 10375/7762/1491 10376/7763/1491
f 10372/7759/1491 10376/7763/1491 10377/7764/1491
f 10372/7759/1491 10377/7764/1491 10378/7765/1491
f 10378/7765/1491 10377/7764/1491 10379/7766/1491
f 10379/7766/1491 10377/7764/1491 10380/7767/1491
f 10378/7765/1491 10381/7768/1491 10382/7769/1491
f 10381/7768/1491 10378/7765/1491 10379/7766/1491
f 10383/7770/1491 10348/7735/1491 10384/7771/1491
s 0
f 10348/7735/1492 10383/7770/1492 10385/7772/1492
f 10348/7735/1493 10385/7772/1493 10386/7773/1493
f 10348/7735/1493 10386/7773/1493 10387/7774/1493
f 10348/7735/1492 10387/7774/1492 10388/7775/1492
f 10348/7735/1492 10388/7775/1492 10389/7776/1492
f 10348/7735/1493 10389/7776/1493 10390/7777/1493
f 10348/7735/1492 10390/7777/1492 10391/7778/1492
f 10348/7735/1492 10391/7778/1492 10392/7779/1492
f 10348/7735/1493 10392/7779/1493 10393/7780/1493
f 10348/7735/1492 10393/7780/1492 10394/7781/1492
f 10348/7735/1493 10394/7781/1493 10349/7736/1493
s 1
f 10395/7782/1491 10394/7781/1491 10393/7780/1491
f 10394/7781/1491 10395/7782/1491 10396/7783/1491
f 10397/7784/1491 10392/7779/1491 10391/7778/1491
f 10392/7779/1491 10397/7784/1491 10398/7785/1491
f 10399/7786/1491 10390/7777/1491 10389/7776/1491
f 10390/7777/1491 10399/7786/1491 10400/7787/1491
f 10401/7788/1491 10388/7775/1491 10387/7774/1491
f 10388/7775/1491 10401/7788/1491 10402/7789/1491
f 10403/7790/1491 10386/7773/1491 10385/7772/1491
f 10386/7773/1491 10403/7790/1491 10404/7791/1491
s 0
f 10405/7792/1492 10406/7793/1492 10351/7738/1492
f 10406/7793/1492 10405/7792/1492 10407/7794/1492
f 10406/7793/1493 10407/7794/1493 10408/7795/1493
f 10406/7793/1492 10408/7795/1492 10409/7796/1492
f 10406/7793/1492 10409/7796/1492 10410/7797/1492
f 10406/7793/1493 10410/7797/1493 10411/7798/1493
f 10406/7793/1492 10411/7798/1492 10412/7799/1492
f 10406/7793/1493 10412/7799/1493 10413/7800/1493
f 10406/7793/1492 10413/7800/1492 10414/7801/1492
f 10406/7793/1493 10414/7801/1493 10415/7802/1493
s 1
f 10406/7793/1491 10415/7802/1491 10374/7761/1491
f 10406/7793/1491 10374/7761/1491 10373/7760/1491
f 10375/7762/1491 10408/7795/1491 10407/7794/1491
f 10408/7795/1491 10375/7762/1491 10416/7803/1491
f 10416/7803/1491 10375/7762/1491 10417/7804/1491
f 10417/7804/1491 10375/7762/1491 10418/7805/1491
f 10418/7805/1491 10375/7762/1491 10419/7806/1491
f 10419/7806/1491 10375/7762/1491 10420/7807/1491
f 10420/7807/1491 10375/7762/1491 10421/7808/1491
f 10421/7808/1491 10375/7762/1491 10422/7809/1491
f 10422/7809/1491 10375/7762/1491 10374/7761/1491
f 10423/7810/1491 10383/7770/1491 10384/7771/1491
f 10383/7770/1491 10423/7810/1491 10424/7811/1491
f 10383/7770/1491 10424/7811/1491 10425/7812/1491
f 10425/7812/1491 10424/7811/1491 10403/7790/1491
f 10403/7790/1491 10424/7811/1491 10404/7791/1491
f 10404/7791/1491 10424/7811/1491 10401/7788/1491
f 10401/7788/1491 10424/7811/1491 10402/7789/1491
f 10402/7789/1491 10424/7811/1491 10399/7786/1491
f 10399/7786/1491 10424/7811/1491 10400/7787/1491
f 10400/7787/1491 10424/7811/1491 10397/7784/1491
f 10397/7784/1491 10424/7811/1491 10398/7785/1491
f 10398/7785/1491 10424/7811/1491 10395/7782/1491
f 10395/7782/1491 10424/7811/1491 10396/7783/1491
f 10396/7783/1491 10424/7811/1491 10347/7734/1491
f 10347/7734/1491 10424/7811/1491 10405/7792/1491
f 10347/7734/1491 10405/7792/1491 10351/7738/1491
f 10405/7792/1491 10424/7811/1491 10426/7813/1491
f 10426/7813/1491 10424/7811/1491 10427/7814/1491
f 10426/7813/1491 10427/7814/1491 10428/7815/1491
f 10428/7815/1491 10427/7814/1491 10429/7816/1491
f 10428/7815/1491 10429/7816/1491 10430/7817/1491
f 10430/7817/1491 10429/7816/1491 10431/7818/1491
f 10430/7817/1491 10431/7818/1491 10432/7819/1491
f 10432/7819/1491 10431/7818/1491 10433/7820/1491
f 10432/7819/1491 10433/7820/1491 10434/7821/1491
f 10434/7821/1491 10433/7820/1491 10435/7822/1491
f 10434/7821/1491 10435/7822/1491 10436/7823/1491
f 10436/7823/1491 10435/7822/1491 10437/7824/1491
f 10436/7823/1491 10437/7824/1491 10438/7825/1491
f 10438/7825/1491 10437/7824/1491 10439/7826/1491
f 10438/7825/1491 10439/7826/1491 10440/7827/1491
f 10440/7827/1491 10439/7826/1491 10441/7828/1491
f 10440/7827/1491 10441/7828/1491 10442/7829/1491
f 10442/7829/1491 10441/7828/1491 10443/7830/1491
f 10442/7829/1491 10443/7830/1491 10444/7831/1491
f 10444/7831/1491 10443/7830/1491 10445/7832/1491
f 10445/7832/1491 10443/7830/1491 10376/7763/1491
f 10445/7832/1491 10376/7763/1491 10375/7762/1491
f 10421/7808/1491 10414/7801/1491 10413/7800/1491
f 10414/7801/1491 10421/7808/1491 10422/7809/1491
f 10419/7806/1491 10412/7799/1491 10411/7798/1491
f 10412/7799/1491 10419/7806/1491 10420/7807/1491
f 10417/7804/1491 10410/7797/1491 10409/7796/1491
f 10410/7797/1491 10417/7804/1491 10418/7805/1491
o SketchUp.297
v 1.519557 0.957983 -0.035943
v 1.651829 0.957983 -0.035943
l 10447 10446
o SketchUp.298
v 2.343562 0.963735 -0.043337
v 2.475833 0.963735 -0.043337
l 10449 10448
o SketchUp.299
v 0.644037 1.542965 -0.033364
v 0.776309 1.542965 -0.033364
l 10451 10450
o SketchUp.300
v 0.187371 1.542965 -0.084826
v 0.187371 1.542965 -0.027613
l 10453 10452
o SketchUp.301
v 1.519557 1.542965 -0.020725
v 1.651829 1.542965 -0.020725
l 10455 10454
o SketchUp.302
v 2.386694 1.542965 -0.038713
v 2.518965 1.542965 -0.038713
l 10457 10456
o SketchUp.303
v 0.321611 0.729893 -0.000000
v 0.321611 0.729847 -0.000000
l 10459 10458
o SketchUp.304
v 2.563407 0.362310 0.107830
v 1.651107 0.362310 0.107830
l 10461 10460
o SketchUp.305
v 1.988492 0.511310 0.000010
v 1.988014 0.511310 -0.000000
l 10463 10462
o SketchUp.306
v 2.311955 0.740148 -0.000000
v 2.383840 0.740148 -0.000000
l 10465 10464
o SketchUp.307
v 2.393559 0.640469 -0.000000
v 2.383840 0.640469 -0.000000
v 2.383840 0.632459 -0.000000
l 10467 10466
l 10467 10468
o SketchUp.308
v 1.506029 0.730104 -0.000000
v 1.423854 0.730038 -0.000000
v 1.267659 0.729913 -0.000000
v 1.267659 0.736561 -0.000000
v 1.423854 0.729893 -0.000000
l 10470 10469
l 10471 10470
l 10471 10472
l 10470 10473
o SketchUp.309
v 1.267659 0.630168 -0.000000
v 1.788432 -0.000000 -0.877059
l 10475 10474
o SketchUp.310
v 1.194145 0.729893 -0.000000
v 1.194145 0.736561 -0.000000
l 10477 10476
