# Blender 5.0.1
# www.blender.org
mtllib гумрак3.mtl
o Плоскость.023
v -0.997912 2.726914 -11.845244
v 0.082057 2.726914 -11.845244
v -0.997912 0.943220 -11.845244
v 0.082057 0.943220 -11.845244
v 0.190054 2.726914 -11.845244
v -1.105909 2.726914 -11.845244
v 0.190054 2.834911 -11.845244
v -1.105909 2.834911 -11.845244
v -0.997912 2.726914 -11.932705
v 0.082057 2.726914 -11.932705
v -0.997912 0.943220 -11.932705
v 0.082057 0.943220 -11.932705
v 0.190054 2.726914 -11.932705
v -1.105909 2.726914 -11.932705
v 0.190054 2.834911 -11.932705
v -1.105909 2.834911 -11.932705
v -0.997912 2.726914 -11.997760
v 0.082057 2.726914 -11.997760
v 0.190054 2.726914 -11.997760
v -1.105909 2.726914 -11.997760
v 0.190054 2.834911 -11.997760
v -1.105909 2.834911 -11.997760
v -0.919358 1.029116 -11.932705
v -0.919358 2.648566 -11.932705
v 0.003503 2.648566 -11.932705
v 0.003503 1.029116 -11.932705
v -0.919358 1.029116 -11.890742
v -0.919358 2.648566 -11.890742
v 0.003503 2.648566 -11.890742
v 0.003503 1.029116 -11.890742
v -0.997912 2.215588 -11.845244
v 0.082057 2.215588 -11.845244
v -0.997912 2.215588 -11.932705
v 0.082057 2.215588 -11.932705
v -0.919358 2.184323 -11.932705
v 0.003503 2.184323 -11.932705
v -0.919358 2.184323 -11.890742
v 0.003503 2.184323 -11.890742
v -0.457928 2.726914 -11.845244
v -0.457928 0.943220 -11.845244
v -0.457928 2.726914 -11.932705
v -0.457928 0.943220 -11.932705
v -0.457928 2.726914 -11.997760
v -0.457928 2.648566 -11.932705
v -0.457928 1.029116 -11.932705
v -0.457928 2.648566 -11.890742
v -0.457928 1.029116 -11.890742
v -0.457928 2.184323 -11.890742
v -0.457928 2.215588 -11.845244
v -0.997912 2.267552 -11.845244
v -0.997912 2.267552 -11.932705
v -0.919358 2.231502 -11.932705
v -0.919358 2.231502 -11.890742
v 0.082057 2.267552 -11.845244
v 0.082057 2.267552 -11.932705
v 0.003503 2.231502 -11.932705
v 0.003503 2.231502 -11.890742
v -0.457928 2.267552 -11.845244
v -0.457928 2.231502 -11.890742
v 0.003503 2.231502 -11.931350
v 0.003503 2.184323 -11.931350
v -0.457928 2.184323 -11.931350
v -0.919358 2.184323 -11.931350
v -0.457928 2.231502 -11.931350
v -0.919358 2.231502 -11.931350
v -0.421110 2.726914 -11.845244
v -0.421110 2.726914 -11.932705
v -0.421110 2.726914 -11.997760
v -0.426466 2.648566 -11.932705
v -0.426466 2.648566 -11.890742
v -0.421110 2.215588 -11.845244
v -0.421110 0.943220 -11.845244
v -0.421110 0.943220 -11.932705
v -0.426466 1.029116 -11.932705
v -0.426466 1.029116 -11.890742
v -0.426466 2.184323 -11.890742
v -0.421110 2.267552 -11.845244
v -0.426466 2.231502 -11.890742
v -0.426466 2.184323 -11.931350
v -0.426466 2.231502 -11.931350
v -0.426466 1.029116 -11.884048
v -0.457928 1.029116 -11.884048
v -0.426466 2.184323 -11.884048
v -0.457928 2.184323 -11.884048
v -0.528834 1.029116 -12.138533
v -0.528834 1.029116 -12.096570
v -0.528834 2.184323 -12.138533
v -0.528834 2.184323 -12.096570
vn -0.0000 -0.0000 1.0000
vn -0.0000 -0.0000 -1.0000
vn -1.0000 -0.0000 -0.0000
vn -0.0000 -1.0000 -0.0000
vn -0.0000 1.0000 -0.0000
vn 1.0000 -0.0000 -0.0000
vn 0.4663 -0.0000 0.8846
vn -0.4663 -0.0000 -0.8846
s 0
usemtl дверь
f 71//1 72//1 4//1 32//1
f 6//1 1//1 39//1 66//1 2//1 5//1 7//1 8//1
f 42//2 11//2 23//2 45//2
f 14//3 16//3 22//3 20//3
f 6//3 8//3 16//3 14//3
f 1//4 6//4 14//4 9//4
f 40//4 3//4 11//4 42//4
f 8//5 7//5 15//5 16//5
f 7//6 5//6 13//6 15//6
f 5//4 2//4 10//4 13//4
f 32//6 4//6 12//6 34//6
f 50//3 1//3 9//3 51//3
f 20//2 22//2 21//2 19//2 18//2 68//2 43//2 17//2
f 9//4 14//4 20//4 17//4
f 41//4 9//4 17//4 43//4
f 16//5 15//5 21//5 22//5
f 15//6 13//6 19//6 21//6
f 13//4 10//4 18//4 19//4
f 36//3 26//3 30//3 38//3
f 67//2 10//2 25//2 69//2
f 34//2 12//2 26//2 36//2
f 51//2 9//2 24//2 52//2
f 76//2 38//2 30//2 75//2
f 52//6 24//6 28//6 53//6
f 45//5 23//5 27//5 47//5
f 69//4 25//4 29//4 70//4
f 27//4 23//4 85//4 86//4
f 48//4 37//4 63//4 62//4
f 11//2 33//2 35//2 23//2
f 55//2 34//2 36//2 56//2
f 56//3 36//3 38//3 57//3
f 3//3 31//3 33//3 11//3
f 54//6 32//6 34//6 55//6
f 77//1 71//1 32//1 54//1
f 50//1 31//1 49//1 58//1
f 78//5 57//5 60//5 80//5
f 24//4 44//4 46//4 28//4
f 74//5 45//5 47//5 75//5
f 37//2 48//2 47//2 27//2
f 9//2 41//2 44//2 24//2
f 67//4 41//4 43//4 68//4
f 72//4 40//4 42//4 73//4
f 73//2 42//2 45//2 74//2
f 31//1 3//1 40//1 49//1
f 28//2 46//2 59//2 53//2
f 1//1 50//1 58//1 39//1
f 66//1 77//1 54//1 2//1
f 2//6 54//6 55//6 10//6
f 25//3 56//3 57//3 29//3
f 10//2 55//2 56//2 25//2
f 70//2 29//2 57//2 78//2
f 35//6 52//6 53//6 37//6
f 33//2 51//2 52//2 35//2
f 31//3 50//3 51//3 33//3
f 80//2 60//2 61//2 79//2
f 65//2 64//2 62//2 63//2
f 57//6 38//6 61//6 60//6
f 37//3 53//3 65//3 63//3
f 53//5 59//5 64//5 65//5
f 76//4 48//4 62//4 79//4
f 38//4 76//4 79//4 61//4
f 64//2 80//2 79//2 62//2
f 46//2 70//2 78//2 59//2
f 39//1 58//1 77//1 66//1
f 12//2 73//2 74//2 26//2
f 4//4 72//4 73//4 12//4
f 10//4 67//4 68//4 18//4
f 26//5 74//5 75//5 30//5
f 59//5 78//5 80//5 64//5
f 58//1 49//1 71//1 77//1
f 44//4 69//4 70//4 46//4
f 75//5 47//5 82//5 81//5
f 41//2 67//2 69//2 44//2
f 49//1 40//1 72//1 71//1
f 84//2 83//2 81//2 82//2
f 47//6 48//6 84//6 82//6
f 76//3 75//3 81//3 83//3
f 48//4 76//4 83//4 84//4
f 85//6 87//6 88//6 86//6
f 35//5 37//5 88//5 87//5
f 37//7 27//7 86//7 88//7
f 23//8 35//8 87//8 85//8
o Куб.002
v -0.992010 0.003503 -11.844911
v -0.992010 0.003503 -13.208129
v 0.076403 0.003503 -11.844911
v 0.076403 0.003503 -13.208129
v -0.992010 0.154006 -11.844911
v -0.992010 0.154006 -13.208129
v 0.076403 0.154006 -11.844911
v 0.076403 0.154006 -13.208129
v -0.992010 0.003503 -13.020055
v 0.076403 0.003503 -13.020055
v -0.992010 0.154006 -13.067307
v 0.076403 0.154006 -13.067307
v -0.992010 0.379558 -13.067307
v -0.992010 0.322407 -11.844911
v 0.076403 0.322407 -11.844911
v 0.076403 0.379558 -13.067307
v -0.992010 0.003503 -12.943262
v -0.992010 0.154006 -12.943262
v 0.076403 0.003503 -12.943262
v 0.076403 0.154006 -12.943262
v -0.992010 0.379558 -12.895575
v 0.076403 0.379558 -12.895575
v -0.992010 0.552023 -12.895575
v -0.992010 0.552023 -11.844911
v 0.076403 0.552023 -11.844911
v 0.076403 0.552023 -12.895575
v -0.992010 0.003503 -12.866014
v -0.992010 0.154006 -12.866014
v -0.992010 0.322407 -12.866014
v 0.076403 0.003503 -12.866014
v 0.076403 0.154006 -12.866014
v -0.992010 0.552023 -12.722558
v 0.076403 0.552023 -12.722558
v -0.992010 0.763415 -12.722558
v -0.992010 0.763415 -11.844911
v 0.076403 0.763415 -11.844911
v 0.076403 0.763415 -12.722558
v -0.992010 0.003503 -12.799232
v -0.992010 0.154006 -12.799232
v -0.992010 0.322407 -12.799232
v 0.076403 0.003503 -12.799232
v 0.076403 0.154006 -12.799232
v 0.076403 0.322407 -12.799232
v -0.992010 0.763415 -12.547944
v 0.076403 0.763415 -12.547944
v -0.992010 0.949227 -12.547944
v -0.992010 0.949227 -11.844911
v 0.076403 0.949227 -11.844911
v 0.076403 0.949227 -12.547944
v -0.992010 1.408681 -12.547944
v -0.992010 1.408681 -11.844911
v 0.076403 1.408681 -11.844911
v 0.076403 1.408681 -12.547944
v 0.049425 0.949227 -12.547944
v 0.049425 1.408681 -11.844911
v 0.049425 1.408681 -12.547944
v -0.963661 0.949227 -12.547944
v -0.963661 0.949227 -11.844911
v -0.963665 1.408681 -12.547944
v -0.963661 1.408681 -11.844911
v 0.076403 1.018145 -11.999298
v 0.076403 1.018145 -12.491421
v 0.076403 1.339763 -11.999298
v 0.076403 1.339763 -12.491421
v -0.992010 1.018145 -12.491421
v -0.992010 1.018145 -11.999298
v -0.992010 1.339763 -12.491421
v -0.992010 1.339763 -11.999298
v 0.056403 1.018145 -11.999298
v 0.056403 1.018145 -12.491421
v 0.056403 1.339763 -11.999298
v 0.056403 1.339763 -12.491421
v -0.973661 0.949227 -12.547944
v -0.973661 0.949227 -11.844911
v -0.973661 1.408681 -12.547944
v -0.973661 1.408681 -11.844911
v -0.972010 1.018145 -12.491421
v -0.972010 1.018145 -11.999298
v -0.972010 1.339763 -12.491421
v -0.972010 1.339763 -11.999298
v 0.076403 0.688292 -13.208129
v -0.992010 0.688292 -13.208129
v 0.049429 0.688292 -13.208129
v 0.049429 0.154006 -13.208129
v 0.076403 0.154006 -13.176910
v 0.076403 0.688292 -13.176910
v 0.049429 0.688292 -13.176910
v 0.049429 0.154006 -13.176910
v 0.076403 1.386823 -12.524093
v 0.049425 1.386823 -12.524093
v 0.076403 0.666434 -13.184278
v 0.049429 0.666434 -13.184278
v -0.963665 0.688292 -13.208129
v -0.963665 0.154006 -13.208129
v -0.992010 1.387850 -12.525213
v -0.963665 1.387850 -12.525213
v -0.973661 1.387850 -12.525213
v -0.992010 0.667461 -13.185398
v -0.963665 0.667461 -13.185398
v -0.992010 0.154006 -13.177382
v -0.992010 0.688292 -13.177382
v -0.963665 0.688292 -13.177382
v -0.963665 0.154006 -13.177382
vn 1.0000 -0.0000 -0.0000
vn -0.0000 1.0000 -0.0000
vn -0.0000 -0.0000 -1.0000
vn -1.0000 -0.0000 -0.0000
vn -0.0000 -0.0000 1.0000
vn -0.0000 -1.0000 -0.0000
vn -0.9967 0.0782 0.0225
vn -0.9925 -0.0000 0.1225
vn 0.9985 -0.0544 0.0084
vn 0.9997 0.0128 -0.0217
vn -0.9967 -0.0782 0.0225
vn -0.9917 -0.0000 0.1285
vn 0.9927 0.1203 -0.0000
vn 0.9893 -0.0000 0.1461
vn -0.0000 -0.6756 0.7372
vn -0.0000 0.7372 0.6756
vn -0.0000 -0.7372 -0.6756
vn -0.0000 0.6756 -0.7372
vn -0.9999 -0.0075 -0.0069
s 0
usemtl крыльцо
f 129//9 130//9 95//9 91//9
f 99//10 100//10 96//10 94//10
f 90//11 94//11 96//11 92//11
f 97//12 99//12 94//12 90//12
f 91//13 95//13 93//13 89//13
f 105//12 106//12 99//12 97//12
f 99//11 101//11 104//11 100//11
f 92//9 96//9 100//9 98//9
f 109//10 110//10 104//10 101//10
f 106//12 109//12 101//12 99//12
f 130//9 131//9 103//9 95//9
f 95//13 103//13 102//13 93//13
f 116//12 117//12 109//12 106//12
f 115//12 116//12 106//12 105//12
f 98//9 100//9 108//9 107//9
f 120//10 121//10 114//10 111//10
f 132//12 122//12 120//12 112//12 123//12
f 109//11 111//11 114//11 110//11
f 103//13 113//13 112//13 102//13
f 113//13 124//13 123//13 112//13
f 126//12 127//12 116//12 115//12
f 127//12 128//12 117//12 116//12
f 107//9 108//9 119//9 118//9
f 132//10 133//10 125//10 122//10
f 120//11 122//11 125//11 121//11
f 109//12 117//12 128//12 120//12 111//12
f 128//12 102//12 112//12 120//12
f 133//9 137//9 136//9 124//9
f 93//12 102//12 128//12 127//12
f 89//12 93//12 127//12 126//12
f 118//9 119//9 130//9 129//9
f 135//10 136//10 137//10 134//10
f 123//12 135//12 134//12 132//12
f 132//11 134//11 137//11 133//11
f 124//13 136//13 135//13 123//13
f 126//14 90//14 92//14 129//14 91//14 89//14
f 114//9 121//9 113//9 103//9 131//9 110//9
f 133//9 124//9 113//9 121//9 125//9
f 130//9 119//9 110//9 131//9
f 100//9 104//9 110//9 119//9 108//9
f 140//9 136//9 149//9 151//9
f 135//12 139//12 156//12 154//12
f 144//15 160//15 159//15 140//15
f 146//13 148//13 164//13 162//13
f 141//10 144//10 143//10 140//10
f 137//11 142//11 144//11 141//11
f 139//10 148//10 147//10 138//10
f 134//11 138//11 147//11 145//11
f 150//13 152//13 160//13 158//13
f 141//9 140//9 151//9 152//9
f 137//9 141//9 152//9 150//9
f 136//9 137//9 150//9 149//9
f 138//12 134//12 153//12 155//12
f 139//12 138//12 155//12 156//12
f 134//12 135//12 154//12 153//12
f 142//16 158//16 160//16 144//16
f 149//10 150//10 158//10 157//10
f 151//11 149//11 157//11 159//11
f 152//14 151//14 159//14 160//14
f 167//17 147//17 164//17 168//17
f 148//10 147//10 163//10 164//10
f 147//11 145//11 161//11 163//11
f 145//14 146//14 162//14 161//14
f 155//13 153//13 165//13 167//13
f 168//18 164//18 146//18 166//18
f 153//10 154//10 166//10 165//10
f 154//11 156//11 168//11 166//11
f 156//14 155//14 167//14 168//14
f 158//19 142//19 136//19 157//19
f 140//20 159//20 157//20 136//20
f 146//21 145//21 165//21 166//21
f 147//22 167//22 165//22 145//22
f 144//12 171//12 180//12 178//12
f 172//12 176//12 175//12 171//12
f 176//11 175//11 174//11 173//11
f 169//9 174//9 173//9 96//9
f 96//10 172//10 176//10 173//10
f 171//14 169//14 174//14 175//14
f 179//23 177//23 178//23 180//23
f 169//9 141//9 177//9 179//9
f 141//24 144//24 178//24 177//24
f 171//25 169//25 179//25 180//25
f 141//26 169//26 171//26 144//26
f 181//12 182//12 191//12 190//12
f 181//24 170//24 186//24 187//24
f 186//26 183//26 184//26 185//26 187//26
f 170//12 186//12 183//12 138//12
f 138//25 147//25 184//25 183//25
f 147//24 163//24 185//24 184//24
f 163//27 181//27 187//27 185//27
f 189//11 190//11 191//11 188//11
f 94//12 188//12 189//12 170//12
f 170//14 181//14 190//14 189//14
f 182//10 94//10 188//10 191//10
f 96//11 172//11 171//11 169//11
f 94//11 170//11 181//11 182//11
f 138//26 147//26 163//26 181//26 170//26
f 163//26 147//26 181//26
f 184//9 187//9 181//9 147//9
o Плоскость.006
v 2.705756 0.863742 0.786062
v 2.705757 0.863742 -0.628742
v 2.705756 3.258042 0.786062
v 2.705756 3.240387 -0.629147
v 2.705756 0.863742 0.078660
v 2.705756 3.559270 0.078660
v 2.705756 0.933715 0.701037
v 2.705757 0.933715 -0.543718
v 2.705756 3.105181 0.701037
v 2.705756 3.105179 -0.543717
v 2.705756 0.933715 0.078660
v 2.705756 3.370203 0.078660
v 2.787736 0.847044 0.785860
v 2.787736 0.847044 0.078458
v 2.787736 0.847044 -0.628944
v 2.787736 3.088480 -0.543919
v 2.861136 3.241342 -0.628944
v 2.787736 3.088483 0.700835
v 2.787736 0.917017 0.700835
v 2.787736 0.917017 0.078458
v 2.787736 0.917017 -0.543920
v 2.787736 3.353505 0.078458
v 2.861136 3.542572 0.078458
v 2.861136 3.241344 0.785860
v 2.861136 3.656734 0.078458
v 2.861136 3.225059 1.011222
v 2.861136 3.225059 -0.791148
v 2.723289 3.088483 0.700835
v 2.723289 0.917017 0.700835
v 2.723289 0.917017 0.078458
v 2.723289 0.917017 -0.543920
v 2.723289 3.088480 -0.543919
v 2.723289 3.353505 0.078458
v 2.705756 2.936164 0.786062
v 2.705756 2.936163 -0.628742
v 2.705756 2.838171 0.701037
v 2.705756 2.838170 -0.543718
v 2.705756 3.037938 0.078660
v 2.787736 2.919465 -0.628944
v 2.787736 2.821473 0.700835
v 2.787736 2.821471 -0.543920
v 2.723289 3.021241 0.700835
v 2.723289 3.021241 -0.543920
v 2.723289 3.021240 0.078458
v 2.723289 0.948796 0.045258
v 2.723289 0.948796 -0.510720
v 2.723289 2.991209 -0.510720
v 2.723289 2.991208 0.045258
v 2.723289 2.997786 0.673453
v 2.723289 0.951690 0.673453
v 2.723289 0.951690 0.105839
v 2.723289 2.997785 0.105839
v 2.767584 0.847506 0.785861
v 2.767584 0.847506 0.078459
v 2.767584 0.847506 -0.628943
v 2.767584 2.919926 -0.628943
v 2.767584 3.088942 -0.543918
v 2.767584 2.821935 0.700836
v 2.767584 0.917479 0.700836
v 2.767584 0.917479 0.078459
v 2.767584 0.917479 -0.543918
v 2.767584 2.821933 -0.543918
v 2.767584 3.353967 0.078459
v 2.767584 3.088944 0.700836
v 2.767584 3.021701 0.078459
v 2.849564 2.903230 0.785659
v 2.849564 0.830807 0.785659
v 2.849564 0.830807 0.078257
v 2.849564 0.830807 -0.629145
v 2.849564 2.903228 -0.629145
v 2.849564 3.225105 -0.629145
v 2.849564 3.526336 0.078257
v 2.849564 3.225108 0.785659
v 2.849564 3.137111 -0.544121
v 2.849564 3.656780 0.078257
v 2.849564 3.225105 1.011021
v 2.849564 3.225105 -0.791349
v 2.922964 3.225105 -0.629145
v 2.849564 2.805236 0.700634
v 2.849564 0.900780 0.700634
v 2.849564 0.900780 0.078257
v 2.849564 0.900780 -0.544121
v 2.849564 2.805235 -0.544121
v 2.849564 3.367574 0.078257
v 2.849564 3.137113 0.700634
v 2.809643 0.900780 0.078257
v 2.922964 3.526336 0.078257
v 2.922963 3.225108 0.785659
v 2.922964 3.656780 0.078257
v 2.922963 3.225105 1.011021
v 2.922964 3.225105 -0.791349
v 2.809643 3.005004 0.700634
v 2.809643 0.900780 0.700634
v 2.809643 0.900780 -0.544121
v 2.809643 3.005004 -0.544121
v 2.809643 3.137111 -0.544120
v 2.809643 3.367574 0.078257
v 2.809643 3.137113 0.700634
v 2.809643 3.005003 0.078257
v 2.809643 0.932559 -0.463089
v 2.809643 0.932559 -0.510921
v 2.809643 2.974972 -0.510921
v 2.809643 2.974971 -0.463089
v 2.809643 2.981550 0.673252
v 2.809643 0.935454 0.673252
v 2.809643 0.935454 0.105638
v 2.809643 2.981548 0.105638
v 2.830393 0.900780 0.078257
v 2.830393 3.005003 0.078257
v 2.830393 3.005004 0.700634
v 2.830393 3.005004 -0.544121
v 2.811542 0.932559 0.045057
v 2.830393 2.974971 0.045057
v 2.830393 2.974972 -0.510921
v 2.830393 0.935454 0.105638
v 2.830393 2.981548 0.105638
v 2.830393 2.981550 0.673252
v 3.392848 0.932559 -0.095547
v 3.392848 0.932559 -0.127595
v 3.392848 2.974972 -0.127595
v 3.392848 2.974971 -0.095547
v 2.830393 0.932559 0.045057
v 2.809643 2.974971 0.045057
v 2.705757 3.225105 1.011021
v 2.705756 3.627632 0.078257
v 2.705757 3.225106 -0.791349
vn -1.0000 -0.0000 -0.0000
vn -0.0000 1.0000 -0.0000
vn 1.0000 -0.0000 -0.0000
vn -0.1996 -0.9799 -0.0000
vn -0.0028 -0.0000 -1.0000
vn -0.0000 -0.0000 1.0000
vn -0.0000 -0.0000 -1.0000
vn -0.0000 -0.9201 0.3918
vn -0.0000 -0.9201 -0.3918
vn -0.0000 0.9075 0.4200
vn -0.0000 -1.0000 -0.0000
vn -0.0000 0.8957 -0.4446
vn -0.0000 -0.9378 0.3473
vn -0.0000 -0.9378 -0.3472
vn -0.0000 -0.6198 0.7848
vn -0.0000 -0.7416 -0.6708
vn -0.0000 -0.7595 0.6505
vn 0.5493 -0.0000 -0.8357
vn 0.5332 -0.0000 -0.8460
vn -0.0000 -0.7224 -0.6915
vn 1.0000 0.0005 -0.0019
vn 0.9996 -0.0275 -0.0016
vn -0.1136 -0.9909 -0.0725
vn -0.0921 0.9090 0.4065
vn -0.0530 -0.9975 0.0470
vn -0.0910 0.8979 -0.4307
vn -0.0015 -0.0006 -1.0000
vn 0.0028 -0.0000 1.0000
s 0
usemtl дверь
f 194//28 197//28 203//28 200//28
f 197//28 195//28 201//28 203//28
f 229//28 203//28 201//28 228//28
f 227//28 200//28 203//28 229//28
f 193//28 196//28 202//28 199//28
f 196//28 192//28 198//28 202//28
f 226//28 193//28 199//28 228//28
f 225//28 194//28 200//28 227//28
f 211//29 221//29 220//29 210//29
f 212//29 222//29 221//29 211//29
f 206//30 212//30 211//30 205//30
f 205//30 211//30 210//30 204//30
f 230//30 232//30 212//30 206//30
f 208//30 218//30 216//30 214//30
f 214//30 216//30 217//30 215//30
f 196//31 205//31 204//31 192//31
f 226//32 261//32 260//32 193//32
f 193//31 206//31 205//31 196//31
f 235//30 234//30 223//30 224//30
f 233//30 235//30 224//30 219//30
f 232//33 234//33 222//33 212//33
f 231//34 233//34 219//34 209//34
f 213//35 224//35 223//35 207//35
f 209//36 219//36 224//36 213//36
f 210//34 220//34 233//34 231//34
f 207//33 223//33 234//33 232//33
f 220//30 241//30 240//30 233//30
f 234//30 238//30 237//30 222//30
f 192//28 225//28 227//28 198//28
f 195//28 226//28 228//28 201//28
f 198//28 227//28 229//28 202//28
f 202//28 229//28 228//28 199//28
f 236//30 237//30 238//30 239//30
f 235//30 239//30 238//30 234//30
f 222//30 237//30 236//30 221//30
f 221//30 236//30 239//30 235//30
f 241//30 242//30 243//30 240//30
f 235//30 243//30 242//30 221//30
f 221//30 242//30 241//30 220//30
f 233//30 240//30 243//30 235//30
f 256//28 254//28 248//28 253//28
f 249//28 255//28 254//28 256//28
f 246//28 245//28 251//28 252//28
f 245//28 244//28 250//28 251//28
f 247//28 246//28 252//28 253//28
f 264//30 276//30 275//30 263//30
f 263//30 275//30 265//30 262//30
f 267//37 281//37 280//37 266//37
f 268//38 282//38 269//38 262//38
f 272//29 277//29 284//29 271//29
f 273//29 285//29 277//29 272//29
f 260//30 273//30 272//30 259//30
f 259//30 272//30 271//30 258//30
f 261//30 274//30 273//30 260//30
f 257//30 270//30 276//30 264//30
f 269//30 282//30 280//30 278//30
f 278//30 280//30 281//30 279//30
f 262//35 269//35 278//35 263//35
f 263//36 278//36 279//36 264//36
f 264//38 279//38 281//38 267//38
f 266//39 280//39 282//39 268//39
f 245//31 259//31 258//31 244//31
f 246//31 260//31 259//31 245//31
f 290//30 286//30 287//30 288//30
f 283//30 290//30 288//30 289//30
f 274//33 286//33 285//33 273//33
f 270//34 283//34 289//34 276//34
f 275//40 288//40 287//40 265//40
f 276//41 289//41 288//41 275//41
f 271//34 284//34 283//34 270//34
f 265//33 287//33 286//33 274//33
f 284//30 296//30 295//30 283//30
f 286//30 293//30 292//30 285//30
f 258//30 271//30 270//30 257//30
f 262//30 265//30 274//30 261//30
f 250//28 249//28 256//28 251//28
f 251//28 256//28 253//28 252//28
f 294//29 312//29 311//29 293//29
f 283//29 301//29 300//29 290//29
f 297//33 306//33 307//33 298//33
f 296//30 297//30 298//30 295//30
f 293//38 305//38 304//38 294//38
f 277//30 297//30 296//30 284//30
f 300//30 304//30 305//30 302//30
f 300//30 307//30 306//30 299//30
f 301//30 308//30 307//30 300//30
f 277//42 299//42 306//42 297//42
f 298//38 307//38 308//38 295//38
f 290//29 300//29 302//29 286//29
f 286//43 302//43 305//43 293//43
f 295//44 308//44 301//44 283//44
f 309//30 310//30 311//30 312//30
f 293//45 311//45 310//45 292//45
f 291//46 294//46 312//46 309//46
f 292//38 310//38 309//38 291//38
f 304//30 300//30 299//30 313//30
f 299//47 277//47 303//47 313//47
f 303//34 314//34 304//34 313//34
f 291//48 294//48 314//48 303//48
f 285//49 292//49 291//49 303//49 277//49
f 294//38 304//38 314//38
f 315//50 194//50 264//50 267//50
f 316//28 197//28 194//28 315//28
f 266//51 316//51 315//51 267//51
f 268//52 262//52 195//52 317//52
f 268//53 317//53 316//53 266//53
f 195//28 197//28 316//28 317//28
f 195//54 262//54 261//54 226//54
f 225//55 192//55 258//55 264//55 194//55
o Куб.001
v -1.962384 4.900133 8.757724
v -1.962384 5.446770 8.757724
v -1.962384 5.166772 7.992433
v -1.962384 5.339159 7.555528
v -1.197093 4.900133 8.757724
v -1.197093 5.446770 8.757724
v -1.197093 5.166772 7.992433
v -1.197093 5.339159 7.555528
v -2.029617 5.447816 8.863340
v -2.029617 5.338113 7.449912
v -1.129860 5.338113 7.449912
v -1.129860 5.447816 8.863340
v -2.029617 5.506818 8.863340
v -2.029617 5.427918 7.449912
v -1.129860 5.427918 7.449912
v -1.129860 5.506818 8.863340
v -1.885248 4.977270 8.757724
v -1.885248 5.369634 8.757724
v -1.274229 5.369634 8.757724
v -1.274229 4.977270 8.757724
v -1.885248 4.977270 8.672519
v -1.885248 5.369634 8.672519
v -1.274229 5.369634 8.672519
v -1.274229 4.977270 8.672519
vn -1.0000 -0.0000 -0.0000
vn -0.0000 -0.9302 -0.3670
vn 1.0000 -0.0000 -0.0000
vn -0.0000 -0.0000 1.0000
vn -0.0000 -0.9443 -0.3290
vn -0.0000 -0.9966 0.0828
vn -0.0000 -1.0000 0.0099
vn -0.0000 0.9984 -0.0557
vn -0.0000 -0.0000 -1.0000
vn -0.0000 -1.0000 -0.0000
vn -0.0000 1.0000 -0.0000
s 0
usemtl крыша
f 319//56 321//56 320//56 318//56
f 321//57 325//57 324//57 320//57
f 325//58 323//58 322//58 324//58
f 323//59 319//59 335//59 336//59
f 318//60 320//60 324//60 322//60
f 321//61 319//61 326//61 327//61
f 329//58 328//58 332//58 333//58
f 319//62 323//62 329//62 326//62
f 325//62 321//62 327//62 328//62
f 323//61 325//61 328//61 329//61
f 333//63 332//63 331//63 330//63
f 327//56 326//56 330//56 331//56
f 326//59 329//59 333//59 330//59
f 328//64 327//64 331//64 332//64
f 336//65 335//65 339//65 340//65
f 322//59 323//59 336//59 337//59
f 319//59 318//59 334//59 335//59
f 318//59 322//59 337//59 334//59
f 340//59 339//59 338//59 341//59
f 335//58 334//58 338//58 339//58
f 334//66 337//66 341//66 338//66
f 337//56 336//56 340//56 341//56
o Куб
v -3.500000 0.000000 9.367609
v -3.500000 4.671274 9.367609
v -3.500000 0.000000 3.127275
v -3.500000 4.671274 3.127275
v 2.500000 0.000000 9.367609
v 2.500000 4.671274 9.367609
v 2.612232 0.000000 3.322433
v 2.500000 4.671274 3.127275
v -3.500000 4.000000 -2.872725
v -3.500000 6.416742 -2.872725
v -3.491424 4.000000 -7.839915
v -3.500000 6.416742 -7.839915
v 2.491424 4.000000 -2.872725
v 2.500000 6.416742 -2.872725
v 2.491424 4.000000 -7.839915
v 2.500000 6.416742 -7.839915
v -3.670447 0.000000 -11.156650
v -3.500000 4.000000 -11.156650
v 2.500000 0.000000 -2.872725
v 2.500000 0.000000 -11.156650
v 2.500000 4.000000 -11.156650
v -4.222696 0.000000 3.127275
v 3.000000 0.000000 3.322435
v -4.222696 0.000000 -2.872725
v -4.000000 7.296374 -2.872725
v -4.000000 7.296374 3.127275
v 2.732667 7.296374 3.127275
v 2.732667 7.296374 -2.872725
v -3.500000 0.818089 9.367609
v -3.500000 0.962830 3.127275
v 2.612232 0.818089 3.322433
v 2.500000 0.818089 9.367609
v -4.222696 0.818090 -2.872725
v -4.222696 0.818090 3.127275
v 3.000000 0.818090 3.322435
v 3.000000 0.000000 -2.872725
v -1.944784 6.134038 4.042244
v -1.944784 6.134038 3.108816
v 0.400527 6.134038 3.108816
v 0.400527 6.134038 4.042244
v -3.227070 0.962829 9.049191
v -3.227070 4.526534 9.049191
v -3.227070 4.526534 3.127275
v 2.227070 4.526530 3.127275
v 2.227070 4.526534 9.049191
v -3.227070 0.962829 3.127275
v 2.227070 0.962829 3.127275
v 2.227070 0.962829 9.049191
v -4.222696 0.000000 0.127275
v -4.000000 8.773748 0.127275
v 2.732667 8.773748 0.127275
v -4.222696 0.818090 0.127275
v 2.907667 7.259439 -2.947724
v -4.175000 7.259439 -2.947724
v 2.907667 8.810682 0.202275
v -4.175000 7.259439 3.202275
v 2.907667 7.259439 3.202275
v 2.907667 8.810682 0.052276
v -4.175000 8.990107 0.140634
v -4.175000 7.438863 3.290634
v 2.907667 7.438863 3.290634
v 2.907667 8.990107 0.140634
v 2.907667 7.438863 -3.036083
v -4.175000 7.438863 -3.036083
v 2.907667 8.990107 0.113917
v -4.175000 8.990107 0.113917
v -4.175000 7.167898 3.388162
v 2.907667 7.167898 3.388162
v -4.175000 7.347322 3.476521
v 2.907667 7.347322 3.476521
v 2.907667 7.176240 -3.116672
v -4.175000 7.176240 -3.116672
v 2.907667 7.355664 -3.205030
v -4.175000 7.355664 -3.205030
v 3.000000 0.802261 -2.872725
v 0.500000 4.671274 9.367609
v -1.500000 4.671274 9.367609
v -1.500000 0.000000 9.367609
v 0.500000 0.000000 9.367609
v 0.500000 4.000000 -7.839915
v -1.499285 4.000000 -7.839915
v -1.500715 4.000000 -11.156650
v 0.500000 4.000000 -11.156650
v -1.500000 0.000000 -11.156650
v 0.500000 0.000000 -11.156650
v -1.666667 7.296374 3.127275
v 0.666667 7.296374 3.127275
v 0.666667 7.296374 -2.872725
v -1.666667 7.296374 -2.872725
v 0.500000 4.671274 3.127275
v -1.500000 4.671274 3.127275
v -1.500000 0.818089 9.367609
v 0.500000 0.818089 9.367609
v -0.323757 6.134038 4.042244
v -0.676243 6.134038 4.042244
v -0.323757 6.134038 3.108816
v -0.676243 6.134038 3.108816
v 0.409023 4.526534 9.049191
v -1.409023 4.526534 9.049191
v -1.409023 0.962829 9.049191
v 0.409023 0.962829 9.049191
v 0.725000 7.259439 -2.947724
v -1.725000 7.259439 -2.947724
v -1.725000 7.259439 3.202275
v 0.725000 7.259439 3.202275
v -1.725000 7.438863 3.290634
v 0.457667 7.438863 3.290634
v 0.457667 8.990107 0.140634
v -1.725000 8.990107 0.140634
v 0.457667 7.438863 -3.036083
v -1.725000 7.438863 -3.036083
v 0.457667 8.990107 0.113917
v -1.725000 8.990107 0.113917
v -1.725000 7.167898 3.388162
v 0.725000 7.167898 3.388162
v -1.725000 7.347322 3.476521
v 0.725000 7.347322 3.476521
v 0.725000 7.176240 -3.116672
v -1.725000 7.176240 -3.116672
v 0.725000 7.355664 -3.205030
v -1.725000 7.355664 -3.205030
v -0.166667 4.671274 9.367609
v -0.833333 4.671274 9.367609
v -0.833333 0.000000 9.367609
v -0.166667 0.000000 9.367609
v 0.381050 4.000000 -7.839915
v -1.346380 4.000000 -7.839915
v -1.346378 4.000000 -11.156650
v 0.381047 4.000000 -11.156650
v -1.346378 0.000000 -11.156650
v 0.381047 0.000000 -11.156650
v -0.888889 7.296374 3.127275
v -0.111111 7.296374 3.127275
v -0.111111 7.296374 -2.872725
v -0.888889 7.296374 -2.872725
v -0.166667 4.671274 3.127275
v -0.833333 4.671274 3.127275
v -0.833333 0.818089 9.367609
v -0.166667 0.818089 9.367609
v -0.441252 6.134038 4.042244
v -0.558748 6.134038 4.042244
v -0.441252 6.134038 3.108816
v -0.558748 6.134038 3.108816
v 0.305450 4.526534 9.049191
v -1.299716 4.526534 9.049191
v -1.299716 0.962829 9.049191
v 0.305450 0.962829 9.049191
v -0.091667 7.259439 -2.947724
v -0.908333 7.259439 -2.947724
v -0.908333 7.259439 3.202275
v -0.091667 7.259439 3.202275
v -0.908333 7.438863 3.290634
v -0.091667 7.438863 3.290634
v -0.091667 8.990107 0.140634
v -0.908333 8.990107 0.140634
v -0.091667 7.438863 -3.036083
v -0.908333 7.438863 -3.036083
v -0.091667 8.990107 0.113917
v -0.908333 8.990107 0.113917
v -0.908333 7.167898 3.388162
v -0.091667 7.167898 3.388162
v -0.908333 7.347322 3.476521
v -0.091667 7.347322 3.476521
v -0.091667 7.176240 -3.116672
v -0.908333 7.176240 -3.116672
v -0.091667 7.355664 -3.205030
v -0.908333 7.355664 -3.205030
v 2.390909 0.000000 9.367609
v 2.390909 4.084480 -11.156650
v 2.390909 0.000000 -11.156650
v 2.605394 7.296374 3.127275
v 2.390909 0.818089 9.367609
v 2.127904 0.962829 9.049191
v 2.774030 7.259439 3.202275
v 2.774030 7.438863 3.290634
v 2.774030 7.167898 3.388162
v 2.774030 7.347322 3.476521
v 2.390909 4.671274 9.367609
v 2.382645 4.000000 -7.839915
v 2.605394 7.296374 -2.872725
v 2.390909 4.671274 3.127275
v 0.009503 6.134038 4.042244
v 0.009503 6.134038 3.108816
v 2.127904 4.526534 9.049191
v 2.774030 7.259439 -2.947724
v 2.774030 8.990107 0.140634
v 2.774030 7.438863 -3.036083
v 2.774030 8.990107 0.113917
v 2.774030 7.176240 -3.116672
v 2.774030 7.355664 -3.205030
v -3.376969 4.671274 9.367609
v -3.368744 4.000000 -7.839915
v -3.856464 7.296374 -2.872725
v -3.376969 4.671274 3.127275
v -1.007046 6.134038 4.042244
v -1.007046 6.134038 3.108816
v -3.115232 4.526534 9.049191
v -4.024286 7.259439 -2.947724
v -4.024286 8.990107 0.140634
v -4.024286 7.438863 -3.036083
v -4.024286 8.990107 0.113917
v -4.024286 7.176240 -3.116672
v -4.024286 7.355664 -3.205030
v -3.376969 0.000000 9.367609
v -3.376969 4.000000 -11.156650
v -3.376969 0.000000 -11.156650
v -3.856463 7.296374 3.127275
v -3.376969 0.818089 9.367609
v -3.115232 0.962829 9.049191
v -4.024286 7.259439 3.202275
v -4.024286 7.438863 3.290634
v -4.024286 7.167898 3.388162
v -4.024286 7.347322 3.476521
v -3.500000 1.450560 3.127275
v 2.500000 1.450560 3.127275
v -4.000000 1.450560 3.127275
v -3.227070 1.450562 3.127275
v 2.227070 1.450562 3.127275
v 0.409023 1.450562 9.049191
v -1.409023 1.450562 9.049191
v 0.305450 1.450562 9.049191
v -1.299716 1.450562 9.049191
v 2.127904 1.450562 9.049191
v -3.115232 1.450562 9.049191
v -3.227070 4.023077 9.049191
v -3.500000 4.023080 3.127275
v 2.500000 4.023080 3.127275
v -4.000000 4.023080 3.127275
v -3.227070 4.023077 3.127275
v 2.227070 4.023077 3.127275
v 2.227070 4.023077 9.049191
v 0.409023 4.023077 9.049191
v -1.409023 4.023077 9.049191
v 0.305450 4.023077 9.049191
v -1.299716 4.023077 9.049191
v 2.127904 4.023077 9.049191
v -3.115232 4.023077 9.049191
v 0.305450 0.962829 9.127275
v 0.409023 0.962829 9.127275
v 0.409023 1.450563 9.127275
v -1.409023 1.450563 9.127275
v -1.409023 0.962829 9.127275
v -1.299716 0.962829 9.127275
v 0.305450 1.450563 9.127275
v -1.299716 1.450563 9.127275
v 0.409023 4.023078 9.127275
v -1.409023 4.023078 9.127275
v 0.305450 4.023078 9.127275
v -1.299716 4.023078 9.127275
v -3.500000 4.671274 9.266120
v -3.500000 0.000000 9.266120
v 2.500000 4.671274 9.266120
v 2.500000 0.000000 9.266120
v 2.500000 0.818089 9.266120
v -3.500000 0.818089 9.266120
v -1.944784 6.134038 4.027063
v 0.400527 6.134038 4.027063
v -3.227070 4.526534 8.952880
v 2.227070 4.526534 8.958059
v 2.227070 0.962829 8.958059
v -3.227070 0.962829 8.952880
v -0.676243 6.134038 4.027063
v -0.323757 6.134038 4.027063
v -0.558748 6.134038 4.027063
v -0.441252 6.134038 4.027063
v 0.009503 6.134038 4.027063
v -1.007046 6.134038 4.027063
v -3.227070 1.450562 8.952880
v 2.227070 1.450562 8.958059
v 2.227070 4.023077 8.958059
v -3.227070 4.023077 8.952880
v 2.273716 1.450562 9.095836
v 2.273716 0.962829 9.127275
v 2.127900 0.962829 9.127275
v 2.127900 1.450562 9.095836
v 2.273716 4.023077 9.127275
v 2.127900 4.023077 9.127275
v 2.273720 0.962830 8.958055
v 2.273716 1.450562 8.958055
v 2.273716 4.023077 8.958055
v -3.500000 1.017880 3.127275
v 2.500000 0.962830 3.127275
v -4.000000 1.017880 3.127275
v -3.227070 1.017876 3.127275
v 2.227070 1.017876 3.127275
v 0.409023 1.017876 9.049191
v -1.409023 1.017876 9.049191
v 0.305450 1.017876 9.049191
v -1.299716 1.017876 9.049191
v 2.127904 1.017876 9.049191
v -3.115232 1.017876 9.049191
v 0.409023 1.017876 9.127275
v -1.409023 1.017876 9.127275
v 0.305450 1.017876 9.127275
v -1.299716 1.017876 9.127275
v -3.227070 1.017876 8.952880
v 2.227070 1.017876 8.958059
v 2.273716 1.017876 9.123727
v 2.127900 1.017876 9.123727
v 2.273720 1.017877 8.958055
v 2.719307 7.296374 -2.872725
v 2.719307 4.000000 -2.872725
v 2.719307 4.000000 0.127275
v 2.719307 4.000000 3.127275
v 2.719307 7.296374 3.127275
v 2.719307 0.962830 3.127275
v 2.719310 0.962830 -2.872725
v 2.719307 3.548245 3.127275
v 2.719307 1.450560 3.127275
v -3.227070 4.132266 9.049191
v -3.500000 4.129190 3.127275
v 2.500000 4.132270 3.127275
v -4.000000 4.885582 3.127275
v -3.227070 4.132266 3.127275
v 2.227070 4.132266 3.127275
v 2.227070 4.132266 9.049191
v 0.409023 4.132266 9.049191
v -1.409023 4.132266 9.049191
v 0.305450 4.132266 9.049191
v -1.299716 4.132266 9.049191
v 2.127904 4.132266 9.049191
v -3.115232 4.132266 9.049191
v -3.227070 4.132266 8.952880
v 2.227070 4.132266 8.958059
v 2.227070 4.132266 9.127273
v 2.227070 4.023077 9.127273
v 0.409023 4.132266 9.127273
v 0.409023 4.023077 9.127273
v -1.409023 4.132266 9.127273
v -1.409023 4.023077 9.127273
v 0.305450 4.132266 9.127273
v 0.305450 4.023077 9.127273
v -1.299716 4.132266 9.127273
v -1.299716 4.023077 9.127273
v 2.127904 4.132266 9.127273
v 2.127904 4.023077 9.127273
v -3.115232 4.132266 9.127273
v -3.115232 4.023077 9.127273
v -3.227070 4.023077 9.127273
v -3.227070 4.132266 9.127273
v 2.273720 4.132266 3.127275
v 2.273720 4.023077 3.127275
v 2.273720 4.132266 9.049191
v 2.273720 4.023077 9.049191
v 2.273720 4.023077 8.958059
v 2.273720 4.132266 8.958059
v 2.273720 4.132266 9.127273
v 2.273720 4.023077 9.127273
v -3.500000 1.522963 3.127275
v 2.500000 1.522970 3.127275
v -4.000000 1.522963 3.127275
v -3.227070 1.522965 3.127275
v 2.227070 1.531768 3.127275
v 0.409023 1.522965 9.049191
v -1.409023 1.522965 9.049191
v 0.305450 1.522965 9.049191
v -1.299716 1.522965 9.049191
v 2.127904 1.522965 9.049191
v -3.115232 1.522965 9.049191
v -3.227070 1.522965 9.049191
v 0.409023 1.522966 9.127275
v -1.409023 1.522966 9.127275
v 0.305450 1.522966 9.127275
v -1.299716 1.522966 9.127275
v 2.227070 1.522965 8.958059
v -3.227070 1.522965 8.952880
v 2.273716 1.522965 9.096721
v 2.127900 1.522965 9.096721
v 2.273716 1.522965 8.958055
v 2.247603 1.522965 3.127275
v 2.247603 1.450562 3.127275
v 2.247603 1.450562 8.958059
v 2.247603 1.522965 8.958059
v 2.719310 0.000000 -2.872725
v 2.273720 4.526534 8.958059
v 2.273720 4.526534 9.049191
v 2.273720 4.132266 9.049191
v 2.273720 4.132266 8.958059
v 2.227070 4.526535 9.127275
v 2.127904 4.526535 9.127275
v 2.227070 4.132266 9.127275
v 2.127904 4.132266 9.127275
v 2.273720 4.526535 9.127275
v 2.273720 4.132266 9.127275
v -3.227070 4.132266 9.127275
v -3.227070 4.526534 9.127275
v -3.115232 4.526534 9.127275
v -3.115232 4.132266 9.127275
v -3.320528 4.132266 9.049191
v -3.320528 4.526534 9.049191
v -3.320528 4.023077 8.952880
v -3.320528 4.023077 9.049191
v -3.320528 4.526534 8.952880
v -3.320528 4.132266 8.952880
v -3.320528 4.023077 9.127273
v -3.320528 4.132266 9.127273
v -3.320528 4.132266 9.127275
v -3.320528 4.526534 9.127275
v -3.320530 1.522965 9.049191
v -3.320530 4.023077 9.049191
v -3.320530 4.023077 8.952880
v -3.320530 1.522965 8.952880
v -3.227070 1.522965 9.127275
v -3.227070 4.023077 9.127275
v -3.115232 4.023077 9.127275
v -3.115232 1.522965 9.127275
v -3.320530 1.522965 9.127275
v -3.320530 4.023077 9.127275
v -3.227070 0.962829 9.127275
v -3.115232 0.962829 9.127275
v -3.115232 1.017876 9.127275
v -3.227070 1.017876 9.127275
v -3.227070 1.450562 9.127275
v -3.115232 1.522965 9.127275
v -3.115232 1.450562 9.127275
v -3.227070 1.522965 9.127275
v -3.320530 0.962829 8.952880
v -3.320530 0.962829 9.049191
v -3.320530 1.017876 9.049191
v -3.320530 1.450562 9.049191
v -3.320530 1.450562 8.952880
v -3.320530 1.522965 8.952880
v -3.320530 1.017876 8.952880
v -3.320530 1.522965 9.049191
v -3.320530 1.522965 9.127275
v -3.320530 1.017876 9.127275
v -3.320530 1.450562 9.127275
v -3.320530 0.962829 9.127275
v -3.227070 0.905777 8.952880
v -3.227070 0.905777 9.049191
v -3.115232 0.905777 9.049191
v -3.320530 0.905777 8.952880
v -3.320530 0.905777 9.049191
v -3.320530 0.905777 9.127275
v -3.227070 0.905777 9.127275
v -3.115232 0.905777 9.127275
v 2.273716 0.916529 9.127275
v 2.227071 0.916529 9.049191
v 2.127905 0.916529 9.049191
v 2.227071 0.916529 8.958059
v 2.273721 0.916531 8.958055
v 2.127900 0.916529 9.127275
v 0.305450 0.901798 9.049191
v 0.409023 0.901798 9.049191
v -1.409023 0.901798 9.049191
v -1.299716 0.901798 9.049191
v 0.305450 0.901798 9.127275
v 0.409023 0.901798 9.127275
v -1.409023 0.901798 9.127275
v -1.299716 0.901798 9.127275
v 3.000000 0.000000 1.127275
v 3.000000 0.000000 -0.872725
v 3.000000 0.812814 1.127275
v 3.000000 0.807537 -0.872725
v 2.719308 0.962830 1.127275
v 2.719309 0.962830 -0.872725
v 4.039494 0.000000 1.127275
v 4.039494 0.000000 -0.872725
v 4.039494 0.812814 1.127275
v 4.039494 0.807537 -0.872725
v 2.500000 1.522970 3.170525
v 2.500000 1.450560 3.170525
v 2.227070 1.531768 3.170524
v 2.227070 1.450562 3.170524
v 2.719310 1.522970 3.127275
v 2.719307 1.450560 3.170526
v 2.719310 1.522970 3.170526
v 2.719307 4.000000 1.627275
v 2.500000 4.023080 3.183397
v 2.500000 4.132270 3.183397
v 2.273720 4.132266 3.183396
v 2.273720 4.023077 3.183396
v 2.719307 4.132270 3.127275
v 2.500000 4.132270 3.183395
v 2.500000 4.023080 3.183395
v 2.719307 4.000000 3.183395
v 2.719307 4.132270 3.183395
v 2.719307 4.132270 -2.872725
v 2.783520 4.000000 -2.872725
v 2.783520 4.000000 0.127275
v 2.783520 4.000000 3.127275
v 2.783520 4.000000 1.627275
v 2.783520 4.132270 3.127275
v 2.783520 4.132270 -2.872725
v 2.783520 4.000000 3.127275
v 2.783520 4.132270 3.127275
v 2.783520 4.000000 3.183395
v 2.783520 4.132270 3.183395
v 2.491420 4.132270 -2.872725
v 2.491424 4.000000 -2.923588
v 2.719307 4.000000 -2.923588
v 2.719307 4.132270 -2.923588
v 2.491420 4.132270 -2.923588
v 2.783520 4.000000 -2.872725
v 2.783520 4.132270 -2.872725
v 2.783520 4.000000 -2.923588
v 2.783520 4.132270 -2.923588
v 2.491424 4.132270 -2.872725
v 2.491424 4.132270 -7.839915
v 2.573656 4.000000 -2.872725
v 2.573656 4.000000 -7.839915
v 2.573656 4.132270 -2.872725
v 2.573660 4.132270 -7.839915
v 2.719307 7.193778 3.127275
v 2.719307 7.193778 -2.872725
v 2.841025 7.296374 3.127275
v 2.841025 7.296374 -2.872725
v 2.841025 7.193778 3.127275
v 2.841025 7.193778 -2.872725
v 2.732667 8.035061 1.627275
v -4.175000 8.214485 1.715634
v 2.907667 8.214485 1.715634
v 2.907667 8.035061 1.702275
v -1.725000 8.214485 1.715634
v 0.457667 8.214485 1.715634
v -0.908333 8.214485 1.715634
v -0.091667 8.214485 1.715634
v 2.774030 8.214485 1.715634
v -4.024286 8.214485 1.715634
v 2.732667 8.402637 0.880864
v 2.732667 7.296374 0.141628
v 2.907667 8.600439 0.931901
v -1.725000 8.600439 0.931901
v 0.457667 8.600439 0.931901
v -0.908333 8.600439 0.931901
v -0.091667 8.600439 0.931901
v 2.774030 8.600439 0.931901
v -4.024286 8.600439 0.931901
v 2.719307 7.296374 0.141628
v 2.719307 4.132270 0.141628
v 2.783520 4.132270 0.141628
v 2.719307 7.193778 0.141628
v 2.841025 7.296374 0.141628
v 2.841025 7.193778 0.141628
v -4.175000 8.600439 0.931901
v 2.907667 8.421017 0.955863
v 2.732667 8.035061 -1.372725
v -4.175000 7.826674 2.503134
v 2.907667 8.214485 -1.461083
v -4.175000 8.214485 -1.461083
v 2.907667 7.647251 2.452275
v 2.907667 8.035061 -1.447724
v -1.725000 8.214485 -1.461083
v 0.457667 8.214485 -1.461083
v -0.908333 8.214485 -1.461083
v -0.091667 8.214485 -1.461083
v 2.774030 8.214485 -1.461083
v -4.024286 8.214485 -1.461083
v 2.732667 7.665718 2.377275
v 2.907667 7.826674 2.503134
v -1.725000 7.826674 2.503134
v 0.457667 7.826674 2.503134
v -0.908333 7.826674 2.503134
v -0.091667 7.826674 2.503134
v 2.774030 7.826674 2.503134
v -4.024286 7.826674 2.503134
v -4.175000 8.602295 -0.673583
v 2.907667 8.422873 -0.697724
v 2.732667 8.404406 -0.622725
v 2.907667 8.602295 -0.673583
v -1.725000 8.602295 -0.673583
v 0.457667 8.602295 -0.673583
v -0.908333 8.602295 -0.673583
v -0.091667 8.602295 -0.673583
v 2.774030 8.602295 -0.673583
v -4.024286 8.602295 -0.673583
v 2.732667 7.665718 -2.122725
v 2.907667 7.826674 -2.248583
v -1.725000 7.826674 -2.248583
v 0.457667 7.826674 -2.248583
v -0.908333 7.826674 -2.248583
v -0.091667 7.826674 -2.248583
v 2.774030 7.826674 -2.248583
v -4.024286 7.826674 -2.248583
v -4.175000 7.826674 -2.248583
v 2.907667 7.647251 -2.197724
v 2.732667 7.296374 2.132060
v 2.732667 7.296374 1.136844
v 2.719307 7.296374 2.132060
v 2.719307 7.296374 1.136844
v 2.719307 4.132270 2.132060
v 2.719307 4.132270 1.136844
v 2.783520 4.132270 2.132060
v 2.783520 4.132270 1.136844
v 2.719307 7.193778 2.132060
v 2.719307 7.193778 1.136844
v 2.841025 7.296374 2.132060
v 2.841025 7.296374 1.136844
v 2.841025 7.193778 2.132060
v 2.841025 7.193778 1.136844
v 2.732667 7.296374 -0.863156
v 2.732667 7.296374 -1.867940
v 2.719307 7.296374 -0.863156
v 2.719307 7.296374 -1.867940
v 2.719307 4.132270 -0.863156
v 2.719307 4.132270 -1.867940
v 2.783520 4.132270 -0.863156
v 2.783520 4.132270 -1.867940
v 2.719307 7.193778 -0.863156
v 2.719307 7.193778 -1.867940
v 2.841025 7.296374 -0.863156
v 2.841025 7.296374 -1.867940
v 2.841025 7.193778 -0.863156
v 2.841025 7.193778 -1.867940
v 2.500000 0.962830 -2.872725
v 2.500000 -0.000001 -11.156650
v 2.719310 0.802261 -11.156650
v 2.719310 -0.000001 -11.156650
v 2.500000 0.962830 -11.156650
v 3.000000 0.802261 -2.994174
v 2.719310 0.802261 -2.994174
v 3.000000 0.000000 -2.994174
v 2.719310 0.000000 -2.994174
v -4.175000 8.773748 0.127275
v -4.000000 7.193774 -2.872725
v -4.000000 7.193774 3.127275
v -4.125288 7.296374 -2.872725
v -4.125288 7.296374 3.127275
v -4.125288 7.193774 -2.872725
v -4.125288 7.193774 3.127275
v 0.409023 1.522965 9.076488
v 0.409023 1.450562 9.076488
v -1.409023 1.522965 9.076488
v -1.409023 1.450562 9.076488
v 0.305450 1.522965 9.076488
v 0.305450 1.450562 9.076488
v -1.299716 1.522965 9.076488
v -1.299716 1.450562 9.076488
v 2.127904 1.522965 9.076488
v 2.127904 1.450562 9.076488
v -3.115232 1.522965 9.076488
v -3.115232 1.450562 9.076488
v -3.500000 0.818089 3.276530
v -3.500000 0.000000 3.276530
v -4.222696 0.818090 3.276530
v -4.222696 0.000000 3.276530
v -4.000000 0.962829 3.127275
v -4.000000 0.962829 -2.872725
v -3.500000 0.962829 -2.872725
v -3.966115 0.000000 3.276530
v -3.966115 0.818089 3.276530
v -3.670447 0.000000 -3.090742
v -4.222696 0.000000 -3.090742
v -4.222696 0.818090 -3.090742
v -3.500000 0.962829 -3.090742
v -3.500000 0.962829 -11.156654
v -3.670447 0.818090 -3.090742
v -3.670447 0.818090 -11.156650
v 0.381047 4.000000 -11.848539
v 0.500000 4.000000 -11.848539
v 0.381047 0.000000 -11.848539
v 0.500000 0.000000 -11.848539
v -1.500000 0.000000 -11.848539
v -1.346378 4.000000 -11.848539
v -1.346378 0.000000 -11.848539
v 0.500000 0.000000 -11.711168
v 0.381047 0.000000 -11.711168
v -1.500000 0.000000 -11.711168
v -1.346378 0.000000 -11.711168
v 0.500000 4.000000 -11.711168
v 0.381047 4.000000 -11.711168
v -1.346378 4.000000 -11.711168
v -1.500715 4.000000 -11.711168
v 0.381050 5.130984 -7.839915
v -1.346380 5.130984 -7.839915
v -1.346378 5.130984 -11.156650
v 0.381047 5.130984 -11.156650
v -1.346378 5.616881 -11.848539
v 0.381047 5.616881 -11.848539
v 0.381047 5.600323 -11.711168
v -1.346378 5.130984 -11.711168
v -0.500000 4.671274 9.367609
v -0.500000 0.000000 9.367609
v -0.482665 6.835356 -7.839915
v -0.482665 6.835356 -2.872725
v -0.482665 0.000000 -11.156650
v -0.500000 7.296374 3.127275
v -0.500000 7.296374 -2.872725
v -0.500000 4.671274 3.127275
v -0.500000 0.818089 9.367609
v -0.500000 6.134038 4.042244
v -0.500000 6.134038 3.108816
v -0.497133 4.526534 9.049191
v -0.497133 0.962829 9.049191
v -0.500000 7.259439 -2.947724
v -0.500000 7.259439 3.202275
v -0.500000 7.438863 3.290634
v -0.500000 8.990107 0.140634
v -0.500000 7.438863 -3.036083
v -0.500000 8.990107 0.113917
v -0.500000 7.167898 3.388162
v -0.500000 7.347322 3.476521
v -0.500000 7.176240 -3.116672
v -0.500000 7.355664 -3.205030
v -0.497133 1.450562 9.049191
v -0.497133 4.023077 9.049191
v -0.500000 6.134038 4.027063
v -0.497133 1.017876 9.049191
v -0.497133 4.132266 9.049191
v -0.497133 4.023077 9.127273
v -0.497133 4.132266 9.127273
v -0.497133 1.522965 9.049191
v -0.500000 8.214485 1.715634
v -0.500000 8.600439 0.931901
v -0.500000 7.826674 2.503134
v -0.500000 8.214485 -1.461083
v -0.500000 8.602295 -0.673583
v -0.500000 7.826674 -2.248583
v -0.497133 1.450562 9.076488
v -0.497133 1.522965 9.076488
v -0.482665 4.000000 -11.848539
v -0.482665 0.000000 -11.848539
v -0.482665 0.000000 -11.711168
v -0.482665 6.026715 -11.848539
v -1.500715 5.537216 -11.848539
v 0.632447 5.503662 -11.848539
v 0.632447 5.503662 -7.839915
v -1.500715 5.537216 -7.839915
v 0.382422 5.716041 -11.156650
v 0.382425 5.716041 -7.839915
v -1.345002 5.716041 -11.156650
v -1.345005 5.716041 -7.839915
v -0.481290 6.125875 -11.848539
v 0.382422 5.716041 -11.848539
v 0.382422 5.716041 -11.711168
v -1.345002 5.716041 -11.711168
v -1.345002 5.716041 -11.848539
v -0.481290 5.686491 -7.839915
v 0.633822 5.602822 -11.848539
v 0.633822 5.602822 -7.839915
v -1.499340 5.636376 -11.848539
v -1.499340 5.636376 -7.839915
v 0.500000 4.000000 -11.848539
v 0.500000 4.000000 -11.711168
v 0.500000 5.600323 -11.848539
v 0.500000 5.600323 -11.711168
v -0.482665 6.026715 -12.038824
v 0.381047 5.616881 -12.038824
v -1.346378 5.616881 -12.038824
v 0.632447 5.503662 -12.038824
v 0.633822 5.602822 -12.038824
v -1.500715 5.537216 -12.038824
v -0.481290 6.125875 -12.038824
v 0.382422 5.716041 -12.038824
v -1.345002 5.716041 -12.038824
v -1.499340 5.636376 -12.038824
v 2.907667 7.134768 -3.653589
v 2.907667 6.955344 -3.565231
v 2.774030 6.955344 -3.565231
v 0.725000 6.955344 -3.565231
v -0.908333 6.955344 -3.565231
v -1.725000 6.955344 -3.565231
v 2.774030 7.134768 -3.653589
v 0.725000 7.134768 -3.653589
v -0.908333 7.134768 -3.653589
v -1.725000 7.134768 -3.653589
v -0.091667 6.955344 -3.565231
v -0.500000 6.955344 -3.565231
v -0.091667 7.134768 -3.653589
v -0.500000 7.134768 -3.653589
v -4.024286 6.955344 -3.565231
v -4.024286 7.134768 -3.653589
v 2.774030 6.947002 3.836721
v 2.907667 6.947002 3.836721
v 2.774030 7.126426 3.925079
v 2.907667 7.126426 3.925079
v -4.175000 7.126426 3.925079
v -4.175000 6.947002 3.836721
v -4.024286 6.947002 3.836721
v -1.725000 6.947002 3.836721
v -0.091667 6.947002 3.836721
v 0.725000 6.947002 3.836721
v -4.024286 7.126426 3.925079
v -1.725000 7.126426 3.925079
v -0.091667 7.126426 3.925079
v 0.725000 7.126426 3.925079
v -0.908333 6.947002 3.836721
v -0.500000 6.947002 3.836721
v -0.908333 7.126426 3.925079
v -0.500000 7.126426 3.925079
v -1.500715 5.620245 -11.848539
v -1.346378 5.620245 -11.848539
v -1.346378 5.554215 -11.711168
v -1.500715 5.554215 -11.711168
v -1.536070 3.999997 -11.883895
v -1.535355 -0.000003 -11.883895
v -1.381733 3.999997 -11.883895
v -1.381733 -0.000003 -11.883895
v -1.535355 -0.000003 -11.746524
v -1.536070 3.999997 -11.746524
v -1.536070 5.620241 -11.883895
v -1.381733 5.620241 -11.883895
v -1.536070 5.554212 -11.746524
v 0.416403 4.000000 -11.883895
v 0.535355 4.000000 -11.883895
v 0.416403 0.000000 -11.883895
v 0.535355 0.000000 -11.883895
v 0.535355 4.000000 -11.746524
v 0.535355 0.000000 -11.746524
v 0.416403 5.600323 -11.883895
v 0.535355 4.000000 -11.883895
v 0.535355 4.000000 -11.746524
v 0.535355 5.600323 -11.883895
v 0.535355 5.600323 -11.746524
v 1.141603 4.335537 -7.837394
v 0.351581 4.335537 -7.837394
v 0.351581 4.335537 -8.638801
v 2.394346 4.526530 -11.160474
v 2.503437 4.526530 -11.160474
v 0.503437 4.526530 -11.160474
v 1.148507 5.162753 -8.642625
v 1.145039 5.162750 -7.841218
v 0.355018 5.162753 -7.841218
v 0.355018 5.162753 -8.642625
v 2.386081 4.084476 -7.843740
v 2.500194 4.084476 -11.160474
v 2.491930 4.526530 -7.843740
v -3.368744 4.526530 -7.839915
v -3.491424 4.526530 -7.839915
v -3.500000 4.526530 -11.156650
v -1.346380 4.085648 -7.839915
v -1.499285 4.085648 -7.839915
v -3.376969 4.526530 -11.156650
v -1.500715 4.526530 -11.156650
v -1.346378 4.085648 -11.156650
v -1.381754 5.162750 -8.603151
v -1.381293 5.162750 -7.841020
v -1.984476 5.162750 -7.841020
v -1.346411 3.997406 -11.156706
v 0.499967 3.997406 -11.154737
v 0.503404 4.081882 -11.158566
v -4.175000 6.955344 -3.565231
v -4.175000 7.134768 -3.653589
v 0.382425 5.581342 -7.839915
v 0.381047 5.600319 -11.848539
v -1.649403 5.458649 -11.848539
v -1.649403 5.458649 -7.839915
v -1.648028 5.557809 -11.848539
v -1.648028 5.557809 -7.839915
v -1.649403 5.458649 -12.038824
v -1.648028 5.557809 -12.038824
v 2.577899 4.000000 -11.156650
v 2.578094 4.084476 -11.160474
v 2.394557 4.675814 -11.170298
v 2.503647 4.652802 -11.170298
v 0.503647 4.675814 -11.170298
v 1.148718 5.312037 -8.652449
v 1.145250 5.312034 -7.851042
v 0.355228 5.312037 -7.851042
v 0.355228 5.312037 -8.652449
v -3.376758 4.675814 -11.166473
v -1.500504 4.675814 -11.166473
v -1.986919 5.312034 -8.612975
v -1.381543 5.312034 -8.612975
v -1.381082 5.312034 -7.850844
v -1.984265 5.312034 -7.850844
v 2.492140 4.652802 -7.853563
v 2.739754 4.526530 -11.160474
v 2.728247 4.526530 -7.843740
v -3.500000 4.675810 -11.156650
v -3.491424 4.675810 -7.839915
v -3.714281 4.526530 -7.839915
v -3.722857 4.526530 -11.156650
v 2.394346 4.526530 -11.408401
v 0.503437 4.526530 -11.408401
v -3.376969 4.526530 -11.404576
v -1.500715 4.526530 -11.404576
v 2.394346 4.526530 -11.408405
v 2.503437 4.526530 -11.408405
v -3.500000 4.526530 -11.408405
v -3.376969 4.526530 -11.408405
v 2.394135 4.084480 -11.165083
v 2.394135 4.000000 -11.165083
v 2.578187 4.082856 -11.255502
v 2.577993 3.998380 -11.251678
v 0.502734 3.998380 -11.251678
v 0.506137 4.081880 -11.253590
v 2.396869 4.082860 -11.260111
v 2.396869 3.998380 -11.260111
v 0.381047 4.081880 -11.156650
v 0.500000 4.081880 -11.711168
v 0.381047 4.081880 -11.711168
v 0.429742 4.000000 -11.156650
v 0.429742 0.000000 -11.156650
v 0.429742 0.000000 -11.711168
v 0.429742 4.000000 -11.711168
v 0.535355 4.081880 -11.746524
v 0.535355 4.081880 -11.883895
v 0.499461 4.000000 -11.677806
v 0.561774 4.000000 -11.872952
v 0.561774 4.000000 -11.735580
v 0.499461 4.081880 -11.677806
v 0.561774 4.081880 -11.735580
v 0.561774 4.081880 -11.872952
v 0.416403 4.081880 -11.883895
v 0.422334 4.000000 -11.908731
v 0.541287 4.000000 -11.904913
v 0.541287 4.081880 -11.904913
v 0.558389 4.000000 -11.897788
v 0.558389 4.081880 -11.897788
v 0.422334 4.081880 -11.908731
v -1.536070 4.081880 -11.883895
v -1.381733 4.081880 -11.883895
v -1.536070 4.081880 -11.746524
v -1.536070 3.999997 -11.897936
v -1.381733 3.999997 -11.897936
v -1.536070 4.081880 -11.897936
v -1.381733 4.081880 -11.897936
v -1.551258 3.999997 -11.883895
v -1.551258 3.999997 -11.746524
v -1.551258 4.081880 -11.883895
v -1.551258 4.081880 -11.746524
v -1.551258 3.999997 -11.897936
v -1.551258 4.081880 -11.897936
v -1.500715 4.081880 -11.711168
v -1.543549 3.999997 -11.739045
v -1.508194 4.000000 -11.703690
v -1.543549 4.081880 -11.739045
v -1.508194 4.081880 -11.703690
v -1.346378 4.081880 -11.711168
v -1.346378 4.000000 -11.156645
v -1.500715 4.000000 -11.156645
v -1.500715 4.081880 -11.156645
v -1.346378 4.081880 -11.156645
v -1.449378 4.000009 -11.156650
v -1.448663 0.000009 -11.156650
v -1.449378 4.000009 -11.711168
v -1.448663 0.000009 -11.711168
v -3.376969 4.081880 -11.156650
v -3.376969 4.000002 -11.218444
v -3.376969 4.081882 -11.218444
v -1.500715 4.081882 -11.218439
v -1.500715 4.000002 -11.218444
v -3.500000 4.081880 -11.156650
v -3.610110 4.000000 -11.218445
v -3.376969 4.000000 -11.218445
v -3.376969 4.081880 -11.218445
v -3.610110 4.081880 -11.218445
v -3.491424 4.081880 -7.839915
v -3.605624 4.000000 -7.839915
v -3.614201 4.000000 -11.156650
v -3.614988 4.081880 -11.156650
v -3.605628 4.081880 -7.839915
v -3.500000 4.081880 -2.872725
v -3.614399 4.000000 -2.872827
v -3.605823 4.000000 -7.840018
v -3.605823 4.081880 -7.840018
v -3.614399 4.081880 -2.872827
v -4.000000 4.000000 -2.872725
v -4.000000 4.081880 -2.872725
v -3.550390 4.000000 -2.970751
v -3.550390 4.081880 -2.970751
v -4.000021 4.000000 -2.970648
v -4.000021 4.081880 -2.970648
v -4.000000 3.999913 -2.872725
v -4.000000 4.106311 3.127275
v -4.086918 4.023080 3.220525
v -4.086918 3.999913 -2.965108
v -4.086918 4.081880 -2.965108
v -4.086918 4.106311 3.220525
v -3.500000 4.129190 3.220525
v -3.500000 4.023080 3.220525
v -4.000000 4.023080 3.220525
v -4.000000 4.106311 3.220525
v -3.500000 4.129190 3.220524
v -3.500000 4.023080 3.220524
v -3.227070 4.132266 3.220524
v -3.227070 4.023077 3.220524
v -3.320530 4.132266 3.127275
v -3.320530 4.023077 3.127275
v -3.320530 4.023077 8.952880
v -3.320530 4.132266 8.952880
v 0.381047 5.381368 -11.848539
v -1.346378 5.381370 -11.848539
v 0.381047 5.322098 -11.848539
v -1.346378 5.322100 -11.848539
v 0.381047 5.381368 -11.896567
v -1.346378 5.381370 -11.896567
v 0.381047 5.322098 -11.896567
v -1.346378 5.322100 -11.896567
v -3.500000 6.348056 -7.839915
v 2.500000 6.348056 -7.839915
v -3.500000 6.416740 -7.897051
v 2.500000 6.416742 -7.897051
v -3.500000 6.348056 -7.897051
v 2.500000 6.348056 -7.897051
v 2.500000 6.348056 -2.872725
v 2.574244 6.416742 -7.897055
v 2.574244 6.416742 -2.872725
v 2.574244 6.348056 -7.897055
v 2.574244 6.348056 -2.872725
v -3.499906 6.535763 -2.872725
v -3.499906 6.535763 -7.839915
v 2.500094 6.535763 -2.872725
v 2.500094 6.535763 -7.839915
v -0.482571 6.954376 -7.839915
v -0.482571 6.954376 -2.872725
v 2.818441 6.535763 -2.872725
v 2.818441 6.535763 -7.839915
v -3.757687 6.535763 -2.872725
v -3.757687 6.535763 -7.839915
v -3.511512 6.677953 -2.872725
v -3.511512 6.677953 -7.839915
v 2.488488 6.677953 -7.839915
v 2.488488 6.677953 -2.872725
v -0.494177 7.096567 -7.839915
v -0.494177 7.096567 -2.872725
v 2.491965 6.677953 -7.839915
v 2.491965 6.677953 -2.872725
v -3.538276 6.671643 -2.872725
v -3.538276 6.671643 -7.839915
v 2.723635 6.348056 -2.872725
v 2.719310 6.416742 -2.872725
v 2.574244 6.416742 -2.922112
v 2.574244 6.348056 -2.922112
v 2.723635 6.348056 -2.922112
v 2.719310 6.416742 -2.922112
v 2.723635 6.348056 3.127275
v 2.719310 6.416742 3.127275
v 2.800466 6.358861 -2.872725
v 2.796140 6.427547 -2.872725
v 2.800466 6.358861 3.127275
v 2.796140 6.427547 3.127275
v -4.000000 6.348056 3.127275
v -4.000000 6.416742 3.127275
v 2.802633 6.348056 3.239247
v 2.798307 6.416742 3.239247
v -4.000000 6.348056 3.239247
v -4.000000 6.416742 3.239247
v -4.000000 6.416742 -2.872725
v -4.000000 6.348056 -2.872725
v -4.112067 6.348056 3.239245
v -4.112067 6.416742 3.239245
v -4.112067 6.416742 -2.872725
v -4.112067 6.348056 -2.872725
v -3.500000 6.348056 -2.872725
v -3.500000 6.416742 -2.968541
v -4.112070 6.416742 -2.968541
v -4.112070 6.348056 -2.968541
v -3.500000 6.348056 -2.968541
v -3.567871 6.416742 -7.897055
v -3.567871 6.348056 -7.897055
v -3.567871 6.416742 -2.968541
v -3.567871 6.348056 -2.968541
v -0.482571 6.954376 -8.084888
v -3.499906 6.535763 -8.084888
v 2.500094 6.535763 -8.084888
v 2.818441 6.535763 -8.084888
v -3.757687 6.535763 -8.084888
v -0.494177 7.096567 -8.084888
v -3.511512 6.677953 -8.084888
v 2.488488 6.677953 -8.084888
v 2.491965 6.677953 -8.084888
v -3.538276 6.671643 -8.084888
v -4.222696 0.818090 -1.372725
v -4.222696 0.000000 -1.372725
v -4.222696 0.000000 1.627275
v -4.222696 0.818090 1.627275
v -3.254054 1.522965 3.127275
v -3.254054 1.450562 3.127275
v -3.254054 1.450562 8.952880
v -3.254054 1.522965 8.952880
v -3.500000 1.522963 3.151727
v -3.500000 1.450560 3.151727
v -4.000000 1.522963 3.151727
v -4.000000 1.450560 3.151727
v -3.227070 1.522965 3.151727
v -3.227070 1.450562 3.151727
v -4.000000 1.450560 -2.872725
v -4.000000 1.522963 -2.872725
v -4.039317 1.450560 3.151722
v -4.039317 1.522963 3.151722
v -4.039317 1.450560 -2.872725
v -4.039317 1.522963 -2.872725
v -3.500000 1.450560 -2.872725
v -3.500000 1.522963 -2.872725
v -4.046394 1.450560 -2.954042
v -4.046394 1.522963 -2.954042
v -3.500000 1.450560 -2.954042
v -3.500000 1.522963 -2.954042
v -3.500000 1.450560 -11.156654
v -3.500000 1.522963 -11.156654
v -3.531655 1.450560 -2.954042
v -3.531655 1.522963 -2.954042
v -3.531655 1.450560 -11.156654
v -3.531655 1.522963 -11.156654
v -1.448660 1.450560 -11.156654
v -1.448660 1.522963 -11.156654
v -3.531650 1.450560 -11.187476
v -3.531650 1.522963 -11.187476
v -1.448660 1.450560 -11.187476
v -1.448660 1.522963 -11.187476
v -1.448660 1.450560 -11.735970
v -1.448660 1.522963 -11.735970
v -1.505140 1.450560 -11.735970
v -1.505140 1.522963 -11.735970
v 2.500000 1.450560 -11.156654
v 2.500000 1.522963 -11.156654
v -1.448660 1.450560 -11.195836
v -1.448660 1.522963 -11.195836
v 2.500000 1.450560 -11.195836
v 2.500000 1.522963 -11.195836
v 2.500000 1.450560 -2.872725
v 2.500000 1.522963 -2.872725
v 2.536339 1.450560 -11.215225
v 2.536339 1.522963 -11.215225
v 2.536339 1.450560 -2.872725
v 2.536339 1.522963 -2.872725
v 2.719310 1.450560 -2.872725
v 2.719310 1.522963 -2.872725
v 2.553202 1.450560 -2.903664
v 2.553202 1.522963 -2.903664
v 2.719310 1.450560 -2.903664
v 2.719310 1.522963 -2.903664
v 2.753885 1.450559 3.170526
v 2.753888 1.522969 3.170526
v 2.753888 1.450559 -2.903665
v 2.753888 1.522963 -2.903665
v -3.670447 0.000000 -11.364141
v -1.500000 0.000000 -11.364141
v 0.500000 0.000000 -11.364141
v 2.390909 0.000000 -11.364141
v -3.376969 0.000000 -11.364141
v 2.500000 -0.000001 -11.364141
v 2.719310 0.802261 -11.364141
v 2.719310 -0.000001 -11.364141
v -3.670447 0.818090 -11.364141
v -3.060808 0.000000 -11.364141
v -2.193489 0.000000 -11.156650
v -2.193489 0.000000 -11.364141
v -2.935407 0.000000 -11.156650
v -2.935407 0.000000 -11.364141
v 2.612232 0.000000 3.322433
v 2.612232 0.818089 3.322433
v 2.227070 0.962829 3.127275
v 2.500000 0.000000 9.266120
v 2.500000 0.818089 9.266120
v 2.227070 0.962829 8.958059
v -3.506250 -0.001031 9.383257
v 2.505615 -0.001031 9.383257
v 2.618069 -0.001031 3.326127
v -3.677034 -0.001031 -11.181587
v -4.230375 -0.001031 3.130584
v 3.006604 -0.001031 3.326129
v -4.230375 -0.001031 -2.881281
v -3.506250 0.818676 9.383257
v -3.506250 0.963703 3.130584
v 2.618069 0.818676 3.326127
v 2.505615 0.818676 9.383257
v -4.230375 0.818677 -2.881281
v -4.230375 0.818677 3.130584
v 3.006604 0.818677 3.326129
v 3.006604 -0.001031 -2.881281
v -3.232780 0.963702 9.064209
v -3.232780 0.963702 3.130584
v 2.232146 0.963702 3.130583
v 2.232146 0.963702 9.064209
v -4.230375 -0.001031 0.124651
v -4.230375 0.818677 0.124651
v 3.006604 0.802817 -2.881281
v -1.502295 -0.001031 9.383257
v 0.501660 -0.001031 9.383257
v -1.502295 0.818676 9.383257
v 0.501660 0.818676 9.383257
v -1.411138 0.963702 9.064209
v 0.410504 0.963702 9.064209
v -0.834310 -0.001031 9.383257
v -0.166325 -0.001031 9.383257
v -0.834310 0.818676 9.383257
v -0.166325 0.818676 9.383257
v -1.301614 0.963702 9.064209
v 0.306726 0.963702 9.064209
v 2.396308 -0.001031 9.383257
v 2.396308 0.818676 9.383257
v 2.132783 0.963702 9.064209
v -3.382975 -0.001031 9.383257
v -3.382975 0.818676 9.383257
v -3.120721 0.963702 9.064209
v -3.506250 -0.001031 9.281567
v 2.505615 -0.001031 9.281567
v 2.505615 0.818676 9.281567
v -3.506250 0.818676 9.281567
v 2.232146 0.963702 8.972898
v -3.232780 0.963702 8.967708
v 2.505615 0.963703 3.130584
v 2.725355 0.963703 3.130584
v 2.725359 0.963703 -2.881281
v 2.725359 -0.001031 -2.881281
v 3.006604 -0.001031 1.126629
v 3.006604 -0.001031 -0.877326
v 3.006604 0.813390 1.126629
v 3.006604 0.808104 -0.877326
v 2.725357 0.963703 1.126629
v 2.725358 0.963703 -0.877326
v 4.048153 -0.001031 1.126629
v 4.048153 -0.001031 -0.877326
v 4.048153 0.813390 1.126629
v 4.048153 0.808104 -0.877326
v 2.505615 0.963703 -2.881281
v 2.725359 0.802816 -11.181587
v 2.725359 -0.001031 -11.181587
v 2.505615 0.963703 -11.181587
v 3.006604 0.802817 -3.002971
v 2.725359 0.802817 -3.002971
v 3.006604 -0.001031 -3.002971
v 2.725359 -0.001031 -3.002971
v -3.506250 0.818676 3.280133
v -3.506250 -0.001031 3.280133
v -4.230375 0.818677 3.280133
v -4.230375 -0.001031 3.280133
v -4.007238 0.963702 3.130584
v -4.007238 0.963702 -2.881281
v -3.506250 0.963702 -2.881281
v -3.973286 -0.001031 3.280133
v -3.973286 0.818676 3.280133
v -3.677034 -0.001031 -3.099730
v -4.230375 -0.001031 -3.099730
v -4.230375 0.818677 -3.099730
v -3.506250 0.963702 -3.099730
v -3.506250 0.963702 -11.181593
v -3.677034 0.818677 -3.099730
v -3.677034 0.818677 -11.181587
v -0.500317 -0.001031 9.383257
v -0.500317 0.818676 9.383257
v -0.497444 0.963702 9.064209
v -4.230375 0.818677 -1.378315
v -4.230375 -0.001031 -1.378315
v -4.230375 -0.001031 1.627617
v -4.230375 0.818677 1.627617
v -3.677034 -0.001031 -11.389488
v -1.502295 -0.001031 -11.389488
v 0.501660 -0.001031 -11.389488
v 2.396308 -0.001031 -11.389488
v -3.382975 -0.001031 -11.389488
v 2.505615 -0.001031 -11.389488
v 2.725359 0.802816 -11.389488
v 2.725359 -0.001031 -11.389488
v -3.677034 0.818677 -11.389488
v -2.197155 -0.001031 -11.389488
v -2.940541 -0.001031 -11.389488
v 2.618069 -0.001031 3.326127
v 2.618069 0.818676 3.326127
v 2.232146 0.963702 3.130583
v 2.505615 -0.001031 9.281567
v 2.505615 0.818676 9.281567
v 2.232146 0.963702 8.972898
v -3.500000 4.671274 9.367609
v -3.500000 4.671274 3.127275
v 2.500000 4.671274 9.367609
v 2.500000 4.671274 3.127275
v -1.944784 6.134038 4.042244
v -1.944784 6.134038 3.108816
v 0.400527 6.134038 3.108816
v 0.400527 6.134038 4.042244
v -4.175000 8.990107 0.140634
v -4.175000 7.438863 3.290634
v 2.907667 7.438863 3.290634
v 2.907667 8.990107 0.140634
v 2.907667 7.438863 -3.036083
v -4.175000 7.438863 -3.036083
v 2.907667 8.990107 0.113917
v -4.175000 8.990107 0.113917
v -4.175000 7.347322 3.476521
v 2.907667 7.347322 3.476521
v 2.907667 7.355664 -3.205030
v -4.175000 7.355664 -3.205030
v 0.500000 4.671274 9.367609
v -1.500000 4.671274 9.367609
v -0.323757 6.134038 4.042244
v -0.676243 6.134038 4.042244
v -0.323757 6.134038 3.108816
v -0.676243 6.134038 3.108816
v -1.725000 7.438863 3.290634
v 0.457667 7.438863 3.290634
v 0.457667 8.990107 0.140634
v -1.725000 8.990107 0.140634
v 0.457667 7.438863 -3.036083
v -1.725000 7.438863 -3.036083
v 0.457667 8.990107 0.113917
v -1.725000 8.990107 0.113917
v -1.725000 7.347322 3.476521
v 0.725000 7.347322 3.476521
v 0.725000 7.355664 -3.205030
v -1.725000 7.355664 -3.205030
v -0.166667 4.671274 9.367609
v -0.833333 4.671274 9.367609
v -0.441252 6.134038 4.042244
v -0.558748 6.134038 4.042244
v -0.441252 6.134038 3.108816
v -0.558748 6.134038 3.108816
v -0.908333 7.438863 3.290634
v -0.091667 7.438863 3.290634
v -0.091667 8.990107 0.140634
v -0.908333 8.990107 0.140634
v -0.091667 7.438863 -3.036083
v -0.908333 7.438863 -3.036083
v -0.091667 8.990107 0.113917
v -0.908333 8.990107 0.113917
v -0.908333 7.347322 3.476521
v -0.091667 7.347322 3.476521
v -0.091667 7.355664 -3.205030
v -0.908333 7.355664 -3.205030
v 2.774030 7.438863 3.290634
v 2.774030 7.347322 3.476521
v 2.390909 4.671274 9.367609
v 0.009503 6.134038 4.042244
v 0.009503 6.134038 3.108816
v 2.774030 8.990107 0.140634
v 2.774030 7.438863 -3.036083
v 2.774030 8.990107 0.113917
v 2.774030 7.355664 -3.205030
v -3.376969 4.671274 9.367609
v -1.007046 6.134038 4.042244
v -1.007046 6.134038 3.108816
v -4.024286 8.990107 0.140634
v -4.024286 7.438863 -3.036083
v -4.024286 8.990107 0.113917
v -4.024286 7.355664 -3.205030
v -4.024286 7.438863 3.290634
v -4.024286 7.347322 3.476521
v -3.500000 4.671274 9.266120
v 2.500000 4.671274 9.266120
v -1.944784 6.134038 4.027063
v 0.400527 6.134038 4.027063
v -0.676243 6.134038 4.027063
v -0.323757 6.134038 4.027063
v -0.558748 6.134038 4.027063
v -0.441252 6.134038 4.027063
v 0.009503 6.134038 4.027063
v -1.007046 6.134038 4.027063
v -4.175000 8.214485 1.715634
v 2.907667 8.214485 1.715634
v -1.725000 8.214485 1.715634
v 0.457667 8.214485 1.715634
v -0.908333 8.214485 1.715634
v -0.091667 8.214485 1.715634
v 2.774030 8.214485 1.715634
v -4.024286 8.214485 1.715634
v 2.907667 8.600439 0.931901
v -1.725000 8.600439 0.931901
v 0.457667 8.600439 0.931901
v -0.908333 8.600439 0.931901
v -0.091667 8.600439 0.931901
v 2.774030 8.600439 0.931901
v -4.024286 8.600439 0.931901
v -4.175000 8.600439 0.931901
v -4.175000 7.826674 2.503134
v 2.907667 8.214485 -1.461083
v -4.175000 8.214485 -1.461083
v -1.725000 8.214485 -1.461083
v 0.457667 8.214485 -1.461083
v -0.908333 8.214485 -1.461083
v -0.091667 8.214485 -1.461083
v 2.774030 8.214485 -1.461083
v -4.024286 8.214485 -1.461083
v 2.907667 7.826674 2.503134
v -1.725000 7.826674 2.503134
v 0.457667 7.826674 2.503134
v -0.908333 7.826674 2.503134
v -0.091667 7.826674 2.503134
v 2.774030 7.826674 2.503134
v -4.024286 7.826674 2.503134
v -4.175000 8.602295 -0.673583
v 2.907667 8.602295 -0.673583
v -1.725000 8.602295 -0.673583
v 0.457667 8.602295 -0.673583
v -0.908333 8.602295 -0.673583
v -0.091667 8.602295 -0.673583
v 2.774030 8.602295 -0.673583
v -4.024286 8.602295 -0.673583
v 2.907667 7.826674 -2.248583
v -1.725000 7.826674 -2.248583
v 0.457667 7.826674 -2.248583
v -0.908333 7.826674 -2.248583
v -0.091667 7.826674 -2.248583
v 2.774030 7.826674 -2.248583
v -4.024286 7.826674 -2.248583
v -4.175000 7.826674 -2.248583
v -0.500000 4.671274 9.367609
v -0.500000 6.134038 4.042244
v -0.500000 6.134038 3.108816
v -0.500000 7.438863 3.290634
v -0.500000 8.990107 0.140634
v -0.500000 7.438863 -3.036083
v -0.500000 8.990107 0.113917
v -0.500000 7.347322 3.476521
v -0.500000 7.355664 -3.205030
v -0.500000 6.134038 4.027063
v -0.500000 8.214485 1.715634
v -0.500000 8.600439 0.931901
v -0.500000 7.826674 2.503134
v -0.500000 8.214485 -1.461083
v -0.500000 8.602295 -0.673583
v -0.500000 7.826674 -2.248583
v 0.382422 5.716041 -11.156650
v 0.382425 5.716041 -7.839915
v -1.345002 5.716041 -11.156650
v -1.345005 5.716041 -7.839915
v -0.481290 6.125875 -11.848539
v 0.382422 5.716041 -11.848539
v 0.382422 5.716041 -11.711168
v -1.345002 5.716041 -11.711168
v -1.345002 5.716041 -11.848539
v -0.481290 5.686491 -7.839915
v 0.633822 5.602822 -11.848539
v 0.633822 5.602822 -7.839915
v -1.499340 5.636376 -11.848539
v -1.499340 5.636376 -7.839915
v 0.633822 5.602822 -12.038824
v -0.481290 6.125875 -12.038824
v 0.382422 5.716041 -12.038824
v -1.345002 5.716041 -12.038824
v -1.499340 5.636376 -12.038824
v 2.907667 7.134768 -3.653589
v 2.774030 7.134768 -3.653589
v 0.725000 7.134768 -3.653589
v -0.908333 7.134768 -3.653589
v -1.725000 7.134768 -3.653589
v -0.091667 7.134768 -3.653589
v -0.500000 7.134768 -3.653589
v -4.024286 7.134768 -3.653589
v 2.774030 7.126426 3.925079
v 2.907667 7.126426 3.925079
v -4.175000 7.126426 3.925079
v -4.024286 7.126426 3.925079
v -1.725000 7.126426 3.925079
v -0.091667 7.126426 3.925079
v 0.725000 7.126426 3.925079
v -0.908333 7.126426 3.925079
v -0.500000 7.126426 3.925079
v -4.175000 7.134768 -3.653589
v -1.648028 5.557809 -11.848539
v -1.648028 5.557809 -7.839915
v -1.648028 5.557809 -12.038824
v 2.394557 4.675814 -11.170298
v 2.503647 4.652802 -11.170298
v 0.503647 4.675814 -11.170298
v 1.148718 5.312037 -8.652449
v 1.145250 5.312034 -7.851042
v 0.355228 5.312037 -7.851042
v 0.355228 5.312037 -8.652449
v -3.376758 4.675814 -11.166473
v -1.500504 4.675814 -11.166473
v -1.986919 5.312034 -8.612975
v -1.381543 5.312034 -8.612975
v -1.381082 5.312034 -7.850844
v -1.984265 5.312034 -7.850844
v 2.492140 4.652802 -7.853563
v 2.739754 4.526530 -11.160474
v 2.728247 4.526530 -7.843740
v -3.500000 4.675810 -11.156650
v -3.491424 4.675810 -7.839915
v -3.714281 4.526530 -7.839915
v -3.722857 4.526530 -11.156650
v 2.394346 4.526530 -11.408401
v 0.503437 4.526530 -11.408401
v -3.376969 4.526530 -11.404576
v -1.500715 4.526530 -11.404576
v 2.394346 4.526530 -11.408405
v 2.503437 4.526530 -11.408405
v -3.500000 4.526530 -11.408405
v -3.376969 4.526530 -11.408405
v 2.818441 6.535763 -2.872725
v 2.818441 6.535763 -7.839915
v -3.757687 6.535763 -2.872725
v -3.757687 6.535763 -7.839915
v -3.511512 6.677953 -2.872725
v -3.511512 6.677953 -7.839915
v 2.488488 6.677953 -7.839915
v 2.488488 6.677953 -2.872725
v -0.494177 7.096567 -7.839915
v -0.494177 7.096567 -2.872725
v 2.491965 6.677953 -7.839915
v 2.491965 6.677953 -2.872725
v -3.538276 6.671643 -2.872725
v -3.538276 6.671643 -7.839915
v 2.818441 6.535763 -8.084888
v -3.757687 6.535763 -8.084888
v -0.494177 7.096567 -8.084888
v -3.511512 6.677953 -8.084888
v 2.488488 6.677953 -8.084888
v 2.491965 6.677953 -8.084888
v -3.538276 6.671643 -8.084888
v -3.500000 4.695093 9.367609
v -3.500000 4.695093 3.127275
v 2.500000 4.695093 9.367609
v 2.500000 4.695093 3.127275
v -1.944784 6.157858 4.042244
v -1.944784 6.157858 3.108816
v 0.400527 6.157858 3.108816
v 0.400527 6.157858 4.042244
v -4.175000 9.013926 0.140634
v -4.175000 7.462683 3.290634
v 2.907667 7.462683 3.290634
v 2.907667 9.013926 0.140634
v 2.907667 7.462683 -3.036083
v -4.175000 7.462683 -3.036083
v 2.907667 9.013926 0.113917
v -4.175000 9.013926 0.113917
v -4.175000 7.371141 3.476521
v 2.907667 7.371141 3.476521
v 2.907667 7.379483 -3.205030
v -4.175000 7.379483 -3.205030
v 0.500000 4.695093 9.367609
v -1.500000 4.695093 9.367609
v -0.323757 6.157858 4.042244
v -0.676243 6.157858 4.042244
v -0.323757 6.157858 3.108816
v -0.676243 6.157858 3.108816
v -1.725000 7.462683 3.290634
v 0.457667 7.462683 3.290634
v 0.457667 9.013926 0.140634
v -1.725000 9.013926 0.140634
v 0.457667 7.462683 -3.036083
v -1.725000 7.462683 -3.036083
v 0.457667 9.013926 0.113917
v -1.725000 9.013926 0.113917
v -1.725000 7.371141 3.476521
v 0.725000 7.371141 3.476521
v 0.725000 7.379483 -3.205030
v -1.725000 7.379483 -3.205030
v -0.166667 4.695093 9.367609
v -0.833333 4.695093 9.367609
v -0.441252 6.157858 4.042244
v -0.558748 6.157858 4.042244
v -0.441252 6.157858 3.108816
v -0.558748 6.157858 3.108816
v -0.908333 7.462683 3.290634
v -0.091667 7.462683 3.290634
v -0.091667 9.013926 0.140634
v -0.908333 9.013926 0.140634
v -0.091667 7.462683 -3.036083
v -0.908333 7.462683 -3.036083
v -0.091667 9.013926 0.113917
v -0.908333 9.013926 0.113917
v -0.908333 7.371141 3.476521
v -0.091667 7.371141 3.476521
v -0.091667 7.379483 -3.205030
v -0.908333 7.379483 -3.205030
v 2.774030 7.462683 3.290634
v 2.774030 7.371141 3.476521
v 2.390909 4.695093 9.367609
v 0.009503 6.157858 4.042244
v 0.009503 6.157858 3.108816
v 2.774030 9.013926 0.140634
v 2.774030 7.462683 -3.036083
v 2.774030 9.013926 0.113917
v 2.774030 7.379483 -3.205030
v -3.376969 4.695093 9.367609
v -1.007046 6.157858 4.042244
v -1.007046 6.157858 3.108816
v -4.024286 9.013926 0.140634
v -4.024286 7.462683 -3.036083
v -4.024286 9.013926 0.113917
v -4.024286 7.379483 -3.205030
v -4.024286 7.462683 3.290634
v -4.024286 7.371141 3.476521
v -3.500000 4.695093 9.266120
v 2.500000 4.695093 9.266120
v -1.944784 6.157858 4.027063
v 0.400527 6.157858 4.027063
v -0.676243 6.157858 4.027063
v -0.323757 6.157858 4.027063
v -0.558748 6.157858 4.027063
v -0.441252 6.157858 4.027063
v 0.009503 6.157858 4.027063
v -1.007046 6.157858 4.027063
v -4.175000 8.238304 1.715634
v 2.907667 8.238304 1.715634
v -1.725000 8.238304 1.715634
v 0.457667 8.238304 1.715634
v -0.908333 8.238304 1.715634
v -0.091667 8.238304 1.715634
v 2.774030 8.238304 1.715634
v -4.024286 8.238304 1.715634
v 2.907667 8.624258 0.931901
v -1.725000 8.624258 0.931901
v 0.457667 8.624258 0.931901
v -0.908333 8.624258 0.931901
v -0.091667 8.624258 0.931901
v 2.774030 8.624258 0.931901
v -4.024286 8.624258 0.931901
v -4.175000 8.624258 0.931901
v -4.175000 7.850493 2.503134
v 2.907667 8.238304 -1.461083
v -4.175000 8.238304 -1.461083
v -1.725000 8.238304 -1.461083
v 0.457667 8.238304 -1.461083
v -0.908333 8.238304 -1.461083
v -0.091667 8.238304 -1.461083
v 2.774030 8.238304 -1.461083
v -4.024286 8.238304 -1.461083
v 2.907667 7.850493 2.503134
v -1.725000 7.850493 2.503134
v 0.457667 7.850493 2.503134
v -0.908333 7.850493 2.503134
v -0.091667 7.850493 2.503134
v 2.774030 7.850493 2.503134
v -4.024286 7.850493 2.503134
v -4.175000 8.626114 -0.673583
v 2.907667 8.626114 -0.673583
v -1.725000 8.626114 -0.673583
v 0.457667 8.626114 -0.673583
v -0.908333 8.626114 -0.673583
v -0.091667 8.626114 -0.673583
v 2.774030 8.626114 -0.673583
v -4.024286 8.626114 -0.673583
v 2.907667 7.850493 -2.248583
v -1.725000 7.850493 -2.248583
v 0.457667 7.850493 -2.248583
v -0.908333 7.850493 -2.248583
v -0.091667 7.850493 -2.248583
v 2.774030 7.850493 -2.248583
v -4.024286 7.850493 -2.248583
v -4.175000 7.850493 -2.248583
v -0.500000 4.695093 9.367609
v -0.500000 6.157858 4.042244
v -0.500000 6.157858 3.108816
v -0.500000 7.462683 3.290634
v -0.500000 9.013926 0.140634
v -0.500000 7.462683 -3.036083
v -0.500000 9.013926 0.113917
v -0.500000 7.371141 3.476521
v -0.500000 7.379483 -3.205030
v -0.500000 6.157858 4.027063
v -0.500000 8.238304 1.715634
v -0.500000 8.624258 0.931901
v -0.500000 7.850493 2.503134
v -0.500000 8.238304 -1.461083
v -0.500000 8.626114 -0.673583
v -0.500000 7.850493 -2.248583
v 0.382422 5.739861 -11.156650
v 0.382425 5.739861 -7.839915
v -1.345002 5.739861 -11.156650
v -1.345005 5.739861 -7.839915
v -0.481290 6.149695 -11.848539
v 0.382422 5.739861 -11.848539
v 0.382422 5.739861 -11.711168
v -1.345002 5.739861 -11.711168
v -1.345002 5.739861 -11.848539
v -0.481290 5.710311 -7.839915
v 0.633822 5.626641 -11.848539
v 0.633822 5.626641 -7.839915
v -1.499340 5.660196 -11.848539
v -1.499340 5.660196 -7.839915
v 0.633822 5.626641 -12.038824
v -0.481290 6.149695 -12.038824
v 0.382422 5.739861 -12.038824
v -1.345002 5.739861 -12.038824
v -1.499340 5.660196 -12.038824
v 2.907667 7.158587 -3.653589
v 2.774030 7.158587 -3.653589
v 0.725000 7.158587 -3.653589
v -0.908333 7.158587 -3.653589
v -1.725000 7.158587 -3.653589
v -0.091667 7.158587 -3.653589
v -0.500000 7.158587 -3.653589
v -4.024286 7.158587 -3.653589
v 2.774030 7.150246 3.925079
v 2.907667 7.150246 3.925079
v -4.175000 7.150246 3.925079
v -4.024286 7.150246 3.925079
v -1.725000 7.150246 3.925079
v -0.091667 7.150246 3.925079
v 0.725000 7.150246 3.925079
v -0.908333 7.150246 3.925079
v -0.500000 7.150246 3.925079
v -4.175000 7.158587 -3.653589
v -1.648028 5.581628 -11.848539
v -1.648028 5.581628 -7.839915
v -1.648028 5.581628 -12.038824
v 2.394557 4.699634 -11.170298
v 2.503647 4.676621 -11.170298
v 0.503647 4.699634 -11.170298
v 1.148718 5.335857 -8.652449
v 1.145250 5.335854 -7.851042
v 0.355228 5.335857 -7.851042
v 0.355228 5.335857 -8.652449
v -3.376758 4.699634 -11.166473
v -1.500504 4.699634 -11.166473
v -1.986919 5.335854 -8.612975
v -1.381543 5.335854 -8.612975
v -1.381082 5.335854 -7.850844
v -1.984265 5.335854 -7.850844
v 2.492140 4.676621 -7.853563
v 2.739754 4.550349 -11.160474
v 2.728247 4.550349 -7.843740
v -3.500000 4.699629 -11.156650
v -3.491424 4.699629 -7.839915
v -3.714281 4.550349 -7.839915
v -3.722857 4.550349 -11.156650
v 2.394346 4.550349 -11.408401
v 0.503437 4.550349 -11.408401
v -3.376969 4.550349 -11.404576
v -1.500715 4.550349 -11.404576
v 2.394346 4.550349 -11.408405
v 2.503437 4.550349 -11.408405
v -3.500000 4.550349 -11.408405
v -3.376969 4.550349 -11.408405
v 2.818441 6.559582 -2.872725
v 2.818441 6.559582 -7.839915
v -3.757687 6.559582 -2.872725
v -3.757687 6.559582 -7.839915
v -3.511512 6.701773 -2.872725
v -3.511512 6.701773 -7.839915
v 2.488488 6.701773 -7.839915
v 2.488488 6.701773 -2.872725
v -0.494177 7.120386 -7.839915
v -0.494177 7.120386 -2.872725
v 2.491965 6.701773 -7.839915
v 2.491965 6.701773 -2.872725
v -3.538276 6.695463 -2.872725
v -3.538276 6.695463 -7.839915
v 2.818441 6.559582 -8.084888
v -3.757687 6.559582 -8.084888
v -0.494177 7.120386 -8.084888
v -3.511512 6.701773 -8.084888
v 2.488488 6.701773 -8.084888
v 2.491965 6.701773 -8.084888
v -3.538276 6.695463 -8.084888
vn 1.0000 -0.0000 -0.0000
vn -0.0000 -0.0000 1.0000
vn -0.6851 0.7284 -0.0000
vn -0.0000 0.7179 0.6962
vn -1.0000 -0.0000 -0.0000
vn 0.4002 0.9164 0.0038
vn 0.4685 -0.8835 -0.0000
vn -0.0000 -0.0000 -1.0000
vn -0.0000 1.0000 -0.0000
vn -0.0000 0.9643 0.2649
vn -0.0000 -0.0126 -0.9999
vn 0.5717 0.8205 -0.0000
vn -0.0001 -0.0000 -1.0000
vn -0.4685 -0.8835 -0.0000
vn -0.0000 -0.9104 0.4138
vn -0.4685 0.8835 -0.0000
vn -0.0000 0.9104 0.4138
vn -0.0000 -0.8971 -0.4418
vn 1.0000 -0.0034 0.0006
vn -0.0000 -0.8971 0.4418
vn 0.0517 -0.8915 -0.4500
vn -0.0000 0.8971 0.4418
vn -0.0000 0.8971 -0.4418
vn 0.2065 -0.9784 -0.0000
vn 0.0517 -0.8915 0.4500
vn -0.0000 -0.4418 -0.8971
vn -0.0000 -0.0075 1.0000
vn -0.0000 -1.0000 -0.0000
vn -1.0000 -0.0000 -0.0001
vn -0.0000 0.8032 0.5957
vn 0.4685 0.8835 -0.0000
vn 0.9998 -0.0000 0.0189
vn -0.0000 0.0643 0.9979
vn -0.0000 -0.0122 0.9999
vn -0.0047 -0.0033 1.0000
vn 0.2096 0.9778 0.0007
vn 0.4904 0.8715 -0.0011
vn 0.4778 0.8785 -0.0012
vn -0.0000 1.0000 -0.0026
vn 0.0322 0.9995 -0.0000
vn -0.1047 -0.9945 -0.0000
vn 0.2334 -0.8681 -0.4382
vn 0.3170 -0.8467 -0.4274
vn 0.2336 -0.8680 0.4382
vn 0.1445 -0.8834 -0.4459
vn 0.3172 -0.8466 0.4274
vn 0.1445 -0.8834 0.4459
vn 0.5907 0.8069 -0.0000
vn 0.4652 0.8852 -0.0011
vn 0.1551 0.7539 -0.6384
vn -0.2589 0.8573 0.4451
vn -0.5450 0.8385 -0.0000
vn -1.0000 0.0014 -0.0000
vn -0.6473 0.7623 -0.0000
vn -0.0000 0.8331 -0.5531
vn -0.7071 -0.0000 0.7071
vn -0.0000 -1.0000 0.0001
vn -0.6977 -0.0000 0.7164
vn 0.4287 -0.9035 -0.0000
vn 0.9999 -0.0139 -0.0000
vn 0.2147 0.9752 0.0534
vn -0.2147 0.9752 0.0534
vn 0.4106 0.9118 -0.0000
vn -0.4587 0.8886 -0.0000
vn 0.4587 -0.8886 -0.0000
vn 0.4287 0.9035 -0.0000
vn -0.4672 0.8842 -0.0000
vn 0.7071 -0.0000 0.7071
vn -0.4106 -0.9118 -0.0000
vn -0.4287 -0.9035 -0.0000
vn -0.4287 0.9035 -0.0000
vn -0.0000 -0.4418 0.8971
vn -0.0000 0.9013 0.4332
vn 0.7071 -0.0000 -0.7071
vn 0.0001 -1.0000 -0.0000
vn -1.0000 -0.0002 -0.0000
vn -0.7071 -0.0001 0.7071
vn -0.3976 0.8270 0.3975
vn -0.0000 1.0000 -0.0001
vn -0.7071 -0.0000 -0.7071
vn -1.0000 0.0042 -0.0000
vn -0.9145 -0.4045 -0.0000
vn 0.0068 0.0083 0.9999
vn -0.0000 0.0046 1.0000
vn 1.0000 -0.0014 0.0035
vn -0.0000 0.0657 0.9978
vn 0.8799 -0.0065 0.4751
vn -0.9982 0.0047 -0.0598
vn 0.8198 0.5713 0.0378
vn -0.0000 -0.0657 -0.9978
vn -0.9983 -0.0024 -0.0582
vn 0.0002 0.0011 1.0000
vn 1.0000 -0.0015 -0.0006
vn 0.9930 -0.1177 -0.0132
vn -1.0000 -0.0000 0.0026
vn -0.3376 -0.0080 -0.9413
vn -0.0075 -0.0711 -0.9974
vn 1.0000 0.0023 0.0005
vn 0.0363 -0.0000 -0.9993
vn -1.0000 0.0025 0.0002
vn 1.0000 -0.0025 -0.0002
vn -0.3558 -0.9346 -0.0041
vn -0.0001 1.0000 -0.0000
vn 0.9999 -0.0119 -0.0000
vn -0.9999 0.0139 -0.0000
vn 0.4672 -0.8842 -0.0000
vn 0.0001 -0.0008 -1.0000
vn -0.0000 -0.0452 -0.9990
vn -0.0000 -0.9999 0.0144
vn -0.0000 0.9695 -0.2450
vn 0.2043 0.9683 -0.1436
vn -0.0000 0.9703 -0.2418
vn 0.4398 0.8981 0.0016
vn 0.0360 0.0710 0.9968
vn -0.3890 0.9212 0.0011
vn 0.9990 -0.0044 -0.0454
vn 0.4715 0.8818 0.0016
vn -0.0000 0.0776 0.9970
vn 1.0000 -0.0009 0.0013
vn 1.0000 -0.0045 0.0031
vn -0.0000 -0.0776 -0.9970
vn 1.0000 -0.0036 -0.0000
vn -0.0185 0.9725 -0.2322
vn -0.0398 -0.0328 -0.9987
vn -0.5565 0.8308 0.0014
vn -1.0000 -0.0018 -0.0011
vn -0.0000 0.8472 -0.5312
vn 0.0909 0.8619 -0.4988
vn -0.0207 0.8555 -0.5174
vn -0.4992 0.7453 -0.4419
vn 0.4414 0.7926 -0.4207
vn -0.0010 1.0000 -0.0086
vn 0.7729 0.0269 0.6339
vn 0.0434 0.0104 -0.9990
vn 0.0392 -0.0011 -0.9992
vn 0.0360 -0.0227 -0.9991
vn -0.0039 -0.0113 -0.9999
vn 0.0006 0.9999 -0.0168
vn -0.9988 0.0404 -0.0291
vn 0.0001 -0.9999 0.0171
vn -0.0010 -0.9999 0.0166
vn -0.0000 -0.9999 0.0170
vn 1.0000 -0.0023 0.0010
vn -0.0003 -0.0230 -0.9997
vn 0.9988 -0.0401 0.0287
vn 0.9997 -0.0207 -0.0097
vn -0.0003 -1.0000 -0.0000
vn -0.5098 -0.8603 -0.0000
vn -0.0123 -0.9999 -0.0016
vn 0.6799 -0.0000 0.7333
vn -0.9999 -0.0000 -0.0161
vn 0.3846 -0.0000 -0.9231
vn 0.0321 -0.0000 -0.9995
vn 0.9908 -0.0000 -0.1350
vn -0.9726 -0.0000 -0.2323
vn -0.6963 -0.0000 0.7177
vn 0.0002 -1.0000 -0.0000
vn -0.4894 -0.0000 0.8721
vn -1.0000 -0.0048 0.0027
vn -0.9974 -0.0048 -0.0724
vn -1.0000 -0.0000 -0.0017
vn -0.0009 -0.0000 1.0000
vn 0.0009 -0.0000 -1.0000
vn -0.0002 -0.0000 -1.0000
vn 0.8370 -0.0000 0.5471
vn -1.0000 -0.0000 0.0002
vn -0.7283 -0.0000 0.6852
vn -0.0000 -1.0000 0.0038
vn 0.7315 -0.0000 0.6818
vn -0.0000 1.0000 -0.0040
vn 0.0010 -1.0000 -0.0000
vn -0.0636 -0.0000 -0.9980
vn -0.0457 0.9990 -0.0000
vn -0.0113 0.9999 -0.0000
vn -0.6099 -0.0000 -0.7925
vn -0.5265 0.8502 -0.0000
vn 1.0000 -0.0008 -0.0000
vn -1.0000 0.0008 -0.0000
vn -0.1374 0.9905 -0.0000
vn 0.1390 0.9903 -0.0000
vn -0.2295 0.9733 -0.0000
vn 0.3993 0.9168 -0.0000
vn -0.1390 -0.9903 -0.0000
vn 0.9980 0.0628 -0.0000
vn -0.1393 0.9903 -0.0000
vn 0.1393 -0.9903 -0.0000
vn 0.8160 0.0514 -0.5757
vn -0.1386 0.9855 0.0978
vn 0.1386 -0.9855 -0.0978
vn 0.9979 0.0628 -0.0133
vn 0.7068 -0.0000 0.7074
vn -0.6498 -0.0000 0.7601
vn 0.6440 -0.0000 -0.7650
vn 0.0001 -0.0000 -1.0000
vn 0.1374 -0.9905 -0.0000
vn 0.5280 -0.0000 0.8492
vn -0.0001 -0.0000 1.0000
vn -0.8686 -0.0000 0.4956
vn -0.9962 -0.0000 0.0867
vn -1.0000 -0.0000 -0.0002
vn -0.8497 -0.0000 -0.5272
vn -0.4707 -0.0000 -0.8823
vn 0.8781 -0.0000 0.4786
vn -0.7811 -0.0000 0.6245
vn -0.6668 -0.0000 -0.7452
vn -0.0025 -1.0000 -0.0000
vn 0.0010 0.8055 -0.5925
vt 0.000000 0.000000
vt 0.873516 0.356014
vt 0.000060 0.000060
vt 0.869289 0.000060
vt 0.999940 0.053303
vt 0.643765 0.157433
vt 0.643765 0.314810
vt 0.641934 0.629539
vt 0.641934 0.999920
vt 0.000080 0.999920
vt 0.000080 0.000080
vt 0.641934 0.000080
vt 0.644223 0.078698
vt 0.643308 0.078745
s 0
usemtl Материал.004
f 595/1/67 373/1/67 346/1/67 594/1/67
f 549/1/68 370/1/68 342/1/68 545/1/68
f 652/1/68 345/1/68 367/1/68 654/1/68
f 591/1/69 343/1/69 378/1/69 597/1/69
f 371/1/70 978/1/70 982/1/70 974/1/70
f 1398/1/71 363/1/71 375/1/71 1399/1/71
f 595/1/72 372/1/72 388/1/72 601/1/72
f 653/1/68 349/1/68 385/1/68 656/1/68
f 593/1/73 347/1/73 386/1/73 600/1/73
f 841/1/74 643/1/74 648/1/74 946/1/74
f 607/1/75 598/1/75 380/1/75 524/1/75
f 519/1/76 347/1/76 381/1/76 523/1/76
f 535/1/77 345/1/77 379/1/77 537/1/77
f 593/1/78 349/1/78 380/1/78 598/1/78
f 769/1/71 759/1/71 774/1/71 775/1/71
f 638/1/79 610/1/79 620/1/79 641/1/79
f 637/1/71 625/1/71 387/1/71 602/1/71
f 591/1/80 345/1/80 384/1/80 599/1/80
f 532/1/81 343/1/81 383/1/81 538/1/81
f 596/1/82 370/1/82 382/1/82 602/1/82
f 622/1/68 371/1/68 387/1/68 625/1/68
f 513/1/83 373/1/83 389/1/83 514/1/83
f 1397/1/71 390/1/71 393/1/71 1396/1/71
f 512/1/84 368/1/84 398/1/84 515/1/84
f 878/1/85 900/1/85 392/1/85 861/1/85 851/1/85 890/1/85 646/1/85 862/1/85 932/1/85 933/1/85 369/1/85 908/1/85
f 391/1/71 366/1/71 367/1/71
f 534/1/86 366/1/86 395/1/86 539/1/86
f 529/1/75 527/1/75 403/1/75 406/1/75
f 882/1/87 398/1/87 368/1/87 890/1/87
f 868/1/88 863/1/88 403/1/88 527/1/88
f 398/1/67 402/1/67 411/1/67 409/1/67
f 914/1/89 909/1/89 404/1/89 528/1/89
f 404/1/67 394/1/67 412/1/67 414/1/67
f 392/1/90 399/1/90 396/1/90
f 908/1/91 369/1/91 394/1/91 917/1/91
f 909/1/67 917/1/67 394/1/67 404/1/67
f 863/1/67 877/1/67 396/1/67 403/1/67
f 406/1/67 403/1/67 396/1/67 399/1/67
f 455/1/84 501/1/84 1118/1/84 1111/1/84
f 552/1/88 401/1/88 410/1/88 554/1/88
f 515/1/84 398/1/84 409/1/84 517/1/84
f 401/1/71 397/1/71 408/1/71 410/1/71
f 543/1/92 413/1/92 415/1/92 544/1/92
f 539/1/86 395/1/86 413/1/86 543/1/86
f 395/1/71 405/1/71 415/1/71 413/1/71
f 528/1/89 404/1/89 414/1/89 531/1/89
f 541/1/89 452/1/89 462/1/89 544/1/89
f 497/1/89 451/1/89 461/1/89 507/1/89
f 526/1/86 443/1/86 459/1/86 530/1/86
f 490/1/86 444/1/86 460/1/86 506/1/86
f 460/1/86 543/1/86 1102/1/86 1093/1/86
f 412/1/86 530/1/86 1090/1/86 1089/1/86
f 551/1/84 445/1/84 455/1/84 553/1/84
f 492/1/84 446/1/84 456/1/84 502/1/84
f 516/1/88 448/1/88 458/1/88 518/1/88
f 493/1/88 447/1/88 457/1/88 503/1/88
f 501/1/84 1032/1/84 1119/1/84 1118/1/84
f 411/1/88 518/1/88 1106/1/88 1107/1/88
f 915/1/89 910/1/89 452/1/89 541/1/89
f 913/1/89 911/1/89 451/1/89 497/1/89
f 869/1/88 864/1/88 450/1/88 540/1/88
f 867/1/88 865/1/88 449/1/88 495/1/88
f 542/1/75 540/1/75 450/1/75 454/1/75
f 499/1/75 495/1/75 449/1/75 453/1/75
f 521/1/86 429/1/86 443/1/86 526/1/86
f 476/1/86 430/1/86 444/1/86 490/1/86
f 548/1/84 427/1/84 445/1/84 551/1/84
f 474/1/84 428/1/84 446/1/84 492/1/84
f 549/1/83 433/1/83 441/1/83 550/1/83
f 480/1/83 434/1/83 442/1/83 488/1/83
f 519/1/81 417/1/81 439/1/81 525/1/81
f 464/1/81 418/1/81 440/1/81 486/1/81
f 631/1/68 627/1/68 442/1/68 514/1/68
f 695/1/67 573/1/67 587/1/67 702/1/67
f 522/1/77 431/1/77 437/1/77 524/1/77
f 478/1/77 432/1/77 438/1/77 484/1/77
f 532/1/76 418/1/76 436/1/76 536/1/76
f 463/1/76 417/1/76 435/1/76 481/1/76
f 608/1/75 603/1/75 438/1/75 537/1/75
f 606/1/75 604/1/75 437/1/75 483/1/75
f 421/1/93 520/1/93 1146/1/93 1147/1/93
f 548/1/68 535/1/68 432/1/68 427/1/68
f 474/1/68 477/1/68 431/1/68 428/1/68
f 1002/1/75 1001/1/75 991/1/75 990/1/75
f 513/1/68 434/1/68 420/1/68 509/1/68
f 479/1/68 433/1/68 419/1/68 465/1/68
f 434/1/68 480/1/68 466/1/68 420/1/68
f 1021/1/68 479/1/68 465/1/68 1014/1/68
f 1000/1/94 999/1/94 994/1/94 996/1/94
f 997/1/94 998/1/94 992/1/94 993/1/94
f 427/1/68 432/1/68 478/1/68 473/1/68
f 1018/1/68 1020/1/68 477/1/68 474/1/68
f 421/1/75 424/1/75 470/1/75 467/1/75
f 1052/1/74 995/1/74 1009/1/74 1055/1/74
f 603/1/75 605/1/75 484/1/75 438/1/75
f 1038/1/75 606/1/75 483/1/75 1023/1/75
f 418/1/76 464/1/76 482/1/76 436/1/76
f 1013/1/76 463/1/76 481/1/76 1022/1/76
f 431/1/77 477/1/77 483/1/77 437/1/77
f 1020/1/77 478/1/77 484/1/77 1023/1/77
f 629/1/71 488/1/71 579/1/71 635/1/71
f 1039/1/68 630/1/68 487/1/68 1025/1/68
f 417/1/81 463/1/81 485/1/81 439/1/81
f 1013/1/81 464/1/81 486/1/81 1024/1/81
f 433/1/83 479/1/83 487/1/83 441/1/83
f 1021/1/83 480/1/83 488/1/83 1025/1/83
f 427/1/84 473/1/84 491/1/84 445/1/84
f 1018/1/84 474/1/84 492/1/84 1027/1/84
f 429/1/86 475/1/86 489/1/86 443/1/86
f 1019/1/86 476/1/86 490/1/86 1026/1/86
f 454/1/75 450/1/75 496/1/75 500/1/75
f 1031/1/75 1029/1/75 495/1/75 499/1/75
f 864/1/88 866/1/88 496/1/88 450/1/88
f 1045/1/88 867/1/88 495/1/88 1029/1/88
f 910/1/89 912/1/89 498/1/89 452/1/89
f 1049/1/89 913/1/89 497/1/89 1030/1/89
f 518/1/88 458/1/88 1117/1/88 1106/1/88
f 502/1/84 456/1/84 1113/1/84 1112/1/84
f 448/1/88 494/1/88 504/1/88 458/1/88
f 1028/1/88 493/1/88 503/1/88 1033/1/88
f 445/1/84 491/1/84 501/1/84 455/1/84
f 1027/1/84 492/1/84 502/1/84 1032/1/84
f 461/1/89 531/1/89 1094/1/89 1095/1/89
f 459/1/86 505/1/86 1098/1/86 1091/1/86
f 443/1/86 489/1/86 505/1/86 459/1/86
f 1026/1/86 490/1/86 506/1/86 1034/1/86
f 452/1/89 498/1/89 508/1/89 462/1/89
f 1030/1/89 497/1/89 507/1/89 1035/1/89
f 373/1/68 513/1/68 509/1/68 346/1/68
f 349/1/77 522/1/77 524/1/77 380/1/77
f 572/1/75 577/1/75 618/1/75 617/1/75
f 347/1/81 519/1/81 525/1/81 386/1/81
f 369/1/86 521/1/86 526/1/86 394/1/86
f 402/1/88 516/1/88 518/1/88 411/1/88
f 543/1/71 544/1/71 1103/1/71 1102/1/71
f 394/1/86 526/1/86 530/1/86 412/1/86
f 451/1/89 528/1/89 531/1/89 461/1/89
f 446/1/84 515/1/84 517/1/84 456/1/84
f 517/1/84 409/1/84 1105/1/84 1104/1/84
f 911/1/89 914/1/89 528/1/89 451/1/89
f 865/1/88 868/1/88 527/1/88 449/1/88
f 453/1/75 449/1/75 527/1/75 529/1/75
f 428/1/84 512/1/84 515/1/84 446/1/84
f 434/1/83 513/1/83 514/1/83 442/1/83
f 417/1/76 519/1/76 523/1/76 435/1/76
f 604/1/75 607/1/75 524/1/75 437/1/75
f 989/1/71 358/1/71 983/1/71 988/1/71
f 367/1/68 345/1/68 535/1/68 548/1/68
f 597/1/75 608/1/75 537/1/75 379/1/75
f 343/1/76 532/1/76 536/1/76 378/1/76
f 370/1/83 549/1/83 550/1/83 382/1/83
f 367/1/84 548/1/84 551/1/84 397/1/84
f 407/1/75 400/1/75 540/1/75 542/1/75
f 876/1/88 869/1/88 540/1/88 400/1/88
f 916/1/89 915/1/89 541/1/89 405/1/89
f 456/1/84 517/1/84 1104/1/84 1113/1/84
f 397/1/84 551/1/84 553/1/84 408/1/84
f 405/1/89 541/1/89 544/1/89 415/1/89
f 444/1/86 539/1/86 543/1/86 460/1/86
f 506/1/86 460/1/86 1093/1/86 1092/1/86
f 447/1/88 552/1/88 554/1/88 457/1/88
f 430/1/86 534/1/86 539/1/86 444/1/86
f 418/1/81 532/1/81 538/1/81 440/1/81
f 628/1/68 632/1/68 550/1/68 441/1/68
f 432/1/77 535/1/77 537/1/77 438/1/77
f 352/1/68 533/1/68 1159/1/68 1160/1/68
f 433/1/68 549/1/68 545/1/68 419/1/68
f 564/1/67 699/1/67 970/1/67 971/1/67
f 615/1/95 514/1/95 780/1/95 783/1/95
f 695/1/71 560/1/71 963/1/71 962/1/71
f 583/1/71 441/1/71 786/1/71 790/1/71
f 698/1/67 576/1/67 590/1/67 705/1/67
f 698/1/71 563/1/71 969/1/71 968/1/71
f 690/1/75 692/1/75 1406/1/75 1404/1/75
f 693/1/74 558/1/74 1401/1/74 1400/1/74
f 631/1/95 514/1/95 615/1/95 640/1/95
f 609/1/74 637/1/74 764/1/74 762/1/74
f 372/1/96 623/1/96 388/1/96
f 622/1/68 555/1/68 557/1/68 624/1/68
f 577/1/94 572/1/94 667/1/94 677/1/94
f 611/1/94 571/1/94 683/1/94 686/1/94
f 655/1/74 570/1/74 1311/1/74 1310/1/74
f 570/1/67 655/1/67 1308/1/67 1309/1/67
f 657/1/75 666/1/75 688/1/75 684/1/75
f 662/1/75 658/1/75 668/1/75 676/1/75
f 566/1/94 578/1/94 679/1/94 680/1/94
f 1037/1/94 575/1/94 673/1/94 1041/1/94
f 661/1/75 659/1/75 670/1/75 674/1/75
f 575/1/94 573/1/94 669/1/94 673/1/94
f 691/1/68 568/1/68 571/1/68 694/1/68
f 690/1/68 567/1/68 569/1/68 692/1/68
f 636/1/68 634/1/68 583/1/68 584/1/68
f 633/1/68 635/1/68 579/1/68 580/1/68
f 702/1/68 704/1/68 585/1/68 581/1/68
f 705/1/68 703/1/68 582/1/68 586/1/68
f 580/1/68 579/1/68 788/1/68 789/1/68
f 628/1/71 441/1/71 583/1/71 634/1/71
f 576/1/75 574/1/75 588/1/75 590/1/75
f 630/1/67 563/1/67 586/1/67 636/1/67
f 696/1/71 561/1/71 582/1/71 703/1/71
f 573/1/75 575/1/75 589/1/75 587/1/75
f 697/1/71 562/1/71 585/1/71 704/1/71
f 627/1/67 560/1/67 581/1/67 633/1/67
f 651/1/94 726/1/94 738/1/94 730/1/94
f 571/1/74 656/1/74 682/1/74 683/1/74
f 610/1/94 559/1/94 712/1/94 713/1/94
f 637/1/74 602/1/74 758/1/74 764/1/74
f 378/1/75 536/1/75 608/1/75 597/1/75
f 435/1/75 523/1/75 607/1/75 604/1/75
f 1022/1/75 481/1/75 606/1/75 1038/1/75
f 436/1/75 482/1/75 605/1/75 603/1/75
f 481/1/75 435/1/75 604/1/75 606/1/75
f 536/1/75 436/1/75 603/1/75 608/1/75
f 343/1/80 591/1/80 599/1/80 383/1/80
f 751/1/68 750/1/68 776/1/68 777/1/68
f 626/1/67 638/1/67 601/1/67 388/1/67
f 347/1/78 593/1/78 598/1/78 381/1/78
f 523/1/75 381/1/75 598/1/75 607/1/75
f 349/1/73 593/1/73 600/1/73 385/1/73
f 373/1/97 595/1/97 601/1/97 389/1/97
f 345/2/69 591/3/69 597/4/69 379/5/69
f 372/1/98 595/1/98 594/1/98 348/1/98
f 370/1/71 596/1/71 592/1/71 342/1/71
f 641/1/67 639/1/67 614/1/67 619/1/67
f 639/1/99 640/1/99 615/1/99 614/1/99
f 708/1/100 709/1/100 616/1/100 613/1/100
f 710/1/67 708/1/67 613/1/67 620/1/67
f 706/1/79 611/1/79 621/1/79 710/1/79
f 389/1/71 601/1/71 781/1/71 779/1/71
f 699/1/95 564/1/95 616/1/95 709/1/95
f 611/1/75 572/1/75 617/1/75 621/1/75
f 613/1/99 616/1/99 640/1/99 639/1/99
f 620/1/67 613/1/67 639/1/67 641/1/67
f 559/1/67 610/1/67 638/1/67 626/1/67
f 750/1/68 753/1/68 767/1/68 769/1/68
f 442/1/67 627/1/67 633/1/67 580/1/67
f 487/1/67 630/1/67 636/1/67 584/1/67
f 561/1/71 628/1/71 634/1/71 582/1/71
f 581/1/68 585/1/68 635/1/68 633/1/68
f 586/1/68 582/1/68 634/1/68 636/1/68
f 564/1/95 631/1/95 640/1/95 616/1/95
f 561/1/68 565/1/68 632/1/68 628/1/68
f 1036/1/68 563/1/68 630/1/68 1039/1/68
f 562/1/71 629/1/71 635/1/71 585/1/71
f 564/1/68 560/1/68 627/1/68 631/1/68
f 555/1/68 622/1/68 625/1/68 558/1/68
f 609/1/71 558/1/71 625/1/71 637/1/71
f 601/1/79 638/1/79 641/1/79 619/1/79
f 700/1/75 701/1/75 757/1/75 755/1/75
f 926/1/67 845/1/67 814/1/67 922/1/67
f 918/1/94 368/1/94 646/1/94 920/1/94
f 623/1/68 647/1/68 650/1/68 556/1/68
f 428/1/101 380/1/101 349/1/101 653/1/101 568/1/101 691/1/101 556/1/101 650/1/101 649/1/101 645/1/101 646/1/101
f 793/1/67 377/1/67 416/1/67 795/1/67
f 385/1/67 600/1/67 665/1/67 656/1/67
f 612/1/94 566/1/94 733/1/94 732/1/94
f 440/1/68 538/1/68 663/1/68 659/1/68
f 525/1/71 662/1/71 723/1/71 721/1/71
f 1024/1/68 486/1/68 661/1/68 1040/1/68
f 439/1/68 485/1/68 660/1/68 658/1/68
f 486/1/68 440/1/68 659/1/68 661/1/68
f 525/1/68 439/1/68 658/1/68 662/1/68
f 345/1/68 652/1/68 655/1/68 384/1/68
f 599/1/71 384/1/71 655/1/71 664/1/71
f 665/1/74 600/1/74 716/1/74 719/1/74
f 726/1/68 727/1/68 739/1/68 738/1/68
f 568/1/68 653/1/68 656/1/68 571/1/68
f 567/1/68 652/1/68 654/1/68 569/1/68
f 678/1/68 681/1/68 680/1/68 679/1/68
f 676/1/68 668/1/68 669/1/68 677/1/68
f 674/1/68 670/1/68 671/1/68 675/1/68
f 668/1/68 672/1/68 673/1/68 669/1/68
f 1042/1/68 674/1/68 675/1/68 1041/1/68
f 666/1/68 676/1/68 677/1/68 667/1/68
f 670/1/68 678/1/68 679/1/68 671/1/68
f 566/1/94 680/1/94 736/1/94 733/1/94
f 578/1/94 574/1/94 671/1/94 679/1/94
f 659/1/75 663/1/75 678/1/75 670/1/75
f 657/1/75 662/1/75 676/1/75 666/1/75
f 573/1/94 577/1/94 677/1/94 669/1/94
f 663/1/75 651/1/75 681/1/75 678/1/75
f 1040/1/75 661/1/75 674/1/75 1042/1/75
f 574/1/94 576/1/94 675/1/94 671/1/94
f 658/1/75 660/1/75 672/1/75 668/1/75
f 687/1/67 684/1/67 685/1/67 686/1/67
f 685/1/67 684/1/67 688/1/67 689/1/67
f 682/1/67 687/1/67 686/1/67 683/1/67
f 572/1/94 611/1/94 686/1/94 685/1/94
f 656/1/75 665/1/75 687/1/75 682/1/75
f 667/1/94 572/1/94 685/1/94 689/1/94
f 666/1/68 667/1/68 689/1/68 688/1/68
f 665/1/75 657/1/75 684/1/75 687/1/75
f 577/1/95 699/1/95 709/1/95 618/1/95
f 610/1/79 706/1/79 710/1/79 620/1/79
f 621/1/67 617/1/67 708/1/67 710/1/67
f 617/1/100 618/1/100 709/1/100 708/1/100
f 566/1/75 612/1/75 742/1/75 741/1/75
f 571/1/67 611/1/67 706/1/67 694/1/67
f 575/1/71 697/1/71 704/1/71 589/1/71
f 574/1/71 696/1/71 703/1/71 588/1/71
f 590/1/68 588/1/68 703/1/68 705/1/68
f 587/1/68 589/1/68 704/1/68 702/1/68
f 693/1/75 690/1/75 1404/1/75 1408/1/75
f 556/1/67 691/1/67 802/1/67 803/1/67
f 578/1/75 566/1/75 745/1/75 746/1/75
f 612/1/71 570/1/71 693/1/71 707/1/71
f 567/1/68 690/1/68 693/1/68 570/1/68
f 577/1/68 573/1/68 695/1/68 699/1/68
f 563/1/67 698/1/67 705/1/67 586/1/67
f 1037/1/68 576/1/68 698/1/68 1043/1/68
f 574/1/68 578/1/68 700/1/68 696/1/68
f 560/1/67 695/1/67 702/1/67 581/1/67
f 711/1/67 714/1/67 713/1/67 712/1/67
f 706/1/68 610/1/68 713/1/68 714/1/68
f 694/1/102 706/1/102 714/1/102 711/1/102
f 559/1/74 694/1/74 711/1/74 712/1/74
f 642/1/74 643/1/74 354/1/74 355/1/74
f 348/1/68 364/1/68 376/1/68 372/1/68
f 797/1/103 795/1/103 416/1/103 648/1/103
f 716/1/67 717/1/67 718/1/67 719/1/67
f 657/1/94 665/1/94 719/1/94 718/1/94
f 386/1/75 525/1/75 721/1/75 720/1/75
f 600/1/75 386/1/75 717/1/75 716/1/75
f 720/1/68 721/1/68 723/1/68 722/1/68
f 720/1/68 722/1/68 725/1/68 724/1/68
f 717/1/75 386/1/75 720/1/75 724/1/75
f 662/1/94 657/1/94 722/1/94 723/1/94
f 718/1/67 717/1/67 724/1/67 725/1/67
f 657/1/94 718/1/94 725/1/94 722/1/94
f 728/1/68 727/1/68 726/1/68 729/1/68
f 538/1/75 383/1/75 727/1/75 728/1/75
f 663/1/67 538/1/67 728/1/67 729/1/67
f 651/1/94 663/1/94 729/1/94 726/1/94
f 730/1/71 735/1/71 732/1/71 733/1/71
f 731/1/71 734/1/71 735/1/71 730/1/71
f 731/1/71 730/1/71 738/1/71 739/1/71
f 730/1/71 733/1/71 736/1/71 737/1/71
f 680/1/68 681/1/68 737/1/68 736/1/68
f 383/1/75 599/1/75 734/1/75 731/1/75
f 727/1/75 383/1/75 731/1/75 739/1/75
f 664/1/74 612/1/74 732/1/74 735/1/74
f 681/1/75 651/1/75 730/1/75 737/1/75
f 599/1/74 664/1/74 735/1/74 734/1/74
f 741/1/71 742/1/71 743/1/71 740/1/71
f 566/1/75 741/1/75 749/1/75 745/1/75
f 707/1/94 701/1/94 740/1/94 743/1/94
f 612/1/74 707/1/74 743/1/74 742/1/74
f 746/1/68 745/1/68 744/1/68 747/1/68
f 744/1/68 745/1/68 749/1/68 748/1/68
f 701/1/94 700/1/94 747/1/94 744/1/94
f 740/1/94 701/1/94 744/1/94 748/1/94
f 700/1/67 578/1/67 746/1/67 747/1/67
f 741/1/71 740/1/71 748/1/71 749/1/71
f 752/1/68 753/1/68 750/1/68 751/1/68
f 755/1/68 757/1/68 754/1/68 756/1/68
f 756/1/68 754/1/68 753/1/68 752/1/68
f 701/1/75 707/1/75 763/1/75 765/1/75
f 753/1/68 754/1/68 768/1/68 767/1/68
f 565/1/67 700/1/67 755/1/67 756/1/67
f 550/1/67 632/1/67 752/1/67 751/1/67
f 632/1/67 565/1/67 756/1/67 752/1/67
f 765/1/71 761/1/71 768/1/71 766/1/71
f 765/1/71 763/1/71 762/1/71 761/1/71
f 760/1/71 764/1/71 758/1/71 759/1/71
f 761/1/71 762/1/71 764/1/71 760/1/71
f 761/1/71 760/1/71 767/1/71 768/1/71
f 760/1/71 759/1/71 769/1/71 767/1/71
f 757/1/75 701/1/75 765/1/75 766/1/75
f 707/1/74 609/1/74 762/1/74 763/1/74
f 754/1/68 757/1/68 766/1/68 768/1/68
f 550/1/67 751/1/67 777/1/67 772/1/67
f 771/1/94 772/1/94 777/1/94 776/1/94
f 770/1/94 771/1/94 774/1/94 773/1/94
f 771/1/94 776/1/94 775/1/94 774/1/94
f 602/1/67 382/1/67 771/1/67 770/1/67
f 759/1/71 758/1/71 773/1/71 774/1/71
f 382/1/74 550/1/74 772/1/74 771/1/74
f 758/1/74 602/1/74 770/1/74 773/1/74
f 750/1/68 769/1/68 775/1/68 776/1/68
f 779/1/94 781/1/94 782/1/94 778/1/94
f 780/1/94 779/1/94 778/1/94 783/1/94
f 619/1/67 614/1/67 778/1/67 782/1/67
f 514/1/74 389/1/74 779/1/74 780/1/74
f 614/1/68 615/1/68 783/1/68 778/1/68
f 601/1/79 619/1/79 782/1/79 781/1/79
f 784/1/94 785/1/94 789/1/94 788/1/94
f 786/1/94 787/1/94 791/1/94 790/1/94
f 442/1/67 580/1/67 789/1/67 785/1/67
f 584/1/68 583/1/68 790/1/68 791/1/68
f 488/1/74 442/1/74 785/1/74 784/1/74
f 441/1/74 487/1/74 787/1/74 786/1/74
f 487/1/67 584/1/67 791/1/67 787/1/67
f 579/1/71 488/1/71 784/1/71 788/1/71
f 796/1/104 794/1/104 795/1/104 797/1/104
f 364/1/67 792/1/67 794/1/67 376/1/67
f 793/1/74 795/1/74 801/1/74 799/1/74
f 798/1/67 799/1/67 801/1/67 800/1/67
f 795/1/105 794/1/105 800/1/105 801/1/105
f 803/1/68 802/1/68 804/1/68 805/1/68
f 559/1/94 556/1/94 803/1/94 805/1/94
f 691/1/106 694/1/106 804/1/106 802/1/106
f 694/1/71 559/1/71 805/1/71 804/1/71
f 806/1/75 691/1/75 802/1/75 808/1/75
f 803/1/94 556/1/94 650/1/94 807/1/94
f 808/1/68 802/1/68 803/1/68 807/1/68
f 807/1/67 650/1/67 806/1/67 808/1/67
f 568/1/67 653/1/67 811/1/67 810/1/67
f 813/1/68 810/1/68 811/1/68 812/1/68
f 683/1/94 568/1/94 810/1/94 813/1/94
f 653/1/75 682/1/75 812/1/75 811/1/75
f 682/1/71 683/1/71 813/1/71 812/1/71
f 568/1/107 645/1/107 817/1/107 816/1/107
f 818/1/68 815/1/68 816/1/68 817/1/68
f 645/1/74 814/1/74 827/1/74 826/1/74
f 814/1/75 653/1/75 815/1/75 818/1/75
f 653/1/71 568/1/71 816/1/71 815/1/71
f 922/1/75 814/1/75 824/1/75 924/1/75
f 823/1/67 821/1/67 820/1/67 825/1/67 939/1/67 938/1/67 872/1/67 925/1/67 924/1/67 824/1/67 822/1/67
f 645/1/94 809/1/94 823/1/94 822/1/94
f 809/1/94 644/1/94 821/1/94 823/1/94
f 814/1/68 645/1/68 822/1/68 824/1/68
f 643/1/74 819/1/74 825/1/74 820/1/74
f 644/1/94 643/1/94 820/1/94 821/1/94
f 826/1/67 827/1/67 829/1/67 828/1/67
f 814/1/75 818/1/75 829/1/75 827/1/75
f 817/1/94 645/1/94 826/1/94 828/1/94
f 818/1/68 817/1/68 828/1/68 829/1/68
f 819/1/75 833/1/75 834/1/75 830/1/75
f 834/1/74 833/1/74 832/1/74 831/1/74
f 354/1/94 831/1/94 832/1/94 643/1/94
f 819/1/75 836/1/75 838/1/75 833/1/75
f 830/1/67 354/1/67 831/1/67 834/1/67
f 835/1/67 837/1/67 838/1/67 836/1/67
f 833/1/74 838/1/74 837/1/74 832/1/74
f 643/1/74 819/1/74 836/1/74 835/1/74
f 832/1/94 837/1/94 835/1/94 643/1/94
f 356/1/71 354/1/71 839/1/71 840/1/71
f 840/1/94 844/1/94 843/1/94 839/1/94
f 354/1/94 356/1/94 842/1/94 841/1/94
f 841/1/67 842/1/67 844/1/67 843/1/67
f 846/1/74 642/1/74 848/1/74 850/1/74
f 928/1/67 847/1/67 849/1/67 930/1/67
f 920/1/75 646/1/75 847/1/75 928/1/75
f 941/1/94 846/1/94 850/1/94 945/1/94
f 646/1/68 845/1/68 849/1/68 847/1/68
f 879/1/88 897/1/88 860/1/88 852/1/88
f 893/1/88 896/1/88 859/1/88 856/1/88
f 1046/1/88 895/1/88 858/1/88 1044/1/88
f 892/1/88 894/1/88 857/1/88 855/1/88
f 895/1/88 893/1/88 856/1/88 858/1/88
f 897/1/88 892/1/88 855/1/88 860/1/88
f 891/1/67 882/1/67 854/1/67 853/1/67
f 896/1/88 891/1/88 853/1/88 859/1/88
f 877/1/108 854/1/108 851/1/108 861/1/108
f 396/1/109 877/1/109 861/1/109 392/1/109
f 927/1/94 873/1/94 875/1/94 931/1/94
f 934/1/75 870/1/75 874/1/75 942/1/75
f 942/1/67 874/1/67 875/1/67 944/1/67
f 936/1/75 871/1/75 872/1/75 938/1/75
f 932/1/94 862/1/94 870/1/94 934/1/94
f 940/1/67 873/1/67 871/1/67 936/1/67
f 852/1/88 860/1/88 869/1/88 876/1/88
f 856/1/88 859/1/88 868/1/88 865/1/88
f 1044/1/88 858/1/88 867/1/88 1045/1/88
f 855/1/88 857/1/88 866/1/88 864/1/88
f 858/1/88 856/1/88 865/1/88 867/1/88
f 860/1/88 855/1/88 864/1/88 869/1/88
f 853/1/67 854/1/67 877/1/67 863/1/67
f 859/1/88 853/1/88 863/1/88 868/1/88
f 516/1/88 402/1/88 891/1/88 896/1/88
f 402/1/67 398/1/67 882/1/67 891/1/67
f 552/1/88 447/1/88 892/1/88 897/1/88
f 494/1/88 448/1/88 893/1/88 895/1/88
f 447/1/88 493/1/88 894/1/88 892/1/88
f 1028/1/88 494/1/88 895/1/88 1046/1/88
f 448/1/88 516/1/88 896/1/88 893/1/88
f 401/1/88 552/1/88 897/1/88 879/1/88
f 898/1/89 907/1/89 889/1/89 881/1/89
f 903/1/89 906/1/89 888/1/89 885/1/89
f 1048/1/89 905/1/89 887/1/89 1047/1/89
f 902/1/89 904/1/89 886/1/89 884/1/89
f 905/1/89 903/1/89 885/1/89 887/1/89
f 907/1/89 902/1/89 884/1/89 889/1/89
f 901/1/67 899/1/67 883/1/67 880/1/67
f 900/1/110 878/1/110 883/1/110 899/1/110
f 906/1/89 901/1/89 880/1/89 888/1/89
f 854/1/111 882/1/111 890/1/111 851/1/111
f 529/1/89 406/1/89 901/1/89 906/1/89
f 392/1/112 900/1/112 899/1/112 399/1/112
f 406/1/67 399/1/67 899/1/67 901/1/67
f 542/1/89 454/1/89 902/1/89 907/1/89
f 499/1/89 453/1/89 903/1/89 905/1/89
f 454/1/89 500/1/89 904/1/89 902/1/89
f 1031/1/89 499/1/89 905/1/89 1048/1/89
f 453/1/89 529/1/89 906/1/89 903/1/89
f 407/1/89 542/1/89 907/1/89 898/1/89
f 881/1/89 889/1/89 915/1/89 916/1/89
f 885/1/89 888/1/89 914/1/89 911/1/89
f 1047/1/89 887/1/89 913/1/89 1049/1/89
f 884/1/89 886/1/89 912/1/89 910/1/89
f 887/1/89 885/1/89 911/1/89 913/1/89
f 889/1/89 884/1/89 910/1/89 915/1/89
f 880/1/67 883/1/67 917/1/67 909/1/67
f 878/1/113 908/1/113 917/1/113 883/1/113
f 888/1/89 880/1/89 909/1/89 914/1/89
f 845/1/94 926/1/94 930/1/94 849/1/94
f 926/1/94 927/1/94 931/1/94 930/1/94
f 870/1/75 921/1/75 929/1/75 874/1/75
f 921/1/75 920/1/75 928/1/75 929/1/75
f 874/1/67 929/1/67 931/1/67 875/1/67
f 929/1/67 928/1/67 930/1/67 931/1/67
f 871/1/75 923/1/75 925/1/75 872/1/75
f 923/1/75 922/1/75 924/1/75 925/1/75
f 862/1/94 919/1/94 921/1/94 870/1/94
f 919/1/94 918/1/94 920/1/94 921/1/94
f 873/1/67 927/1/67 923/1/67 871/1/67
f 927/1/67 926/1/67 922/1/67 923/1/67
f 846/1/67 941/1/67 937/1/67 819/1/67
f 941/1/67 940/1/67 936/1/67 937/1/67
f 369/1/94 933/1/94 935/1/94 642/1/94
f 933/1/94 932/1/94 934/1/94 935/1/94
f 819/1/75 937/1/75 939/1/75 825/1/75
f 937/1/75 936/1/75 938/1/75 939/1/75
f 848/1/67 943/1/67 945/1/67 850/1/67
f 943/1/67 942/1/67 944/1/67 945/1/67
f 642/1/75 935/1/75 943/1/75 848/1/75
f 935/1/75 934/1/75 942/1/75 943/1/75
f 873/1/94 940/1/94 944/1/94 875/1/94
f 940/1/94 941/1/94 945/1/94 944/1/94
f 950/1/74 948/1/74 949/1/74 947/1/74
f 715/1/94 360/1/94 947/1/94 949/1/94
f 360/1/71 946/1/71 950/1/71 947/1/71
f 952/1/114 948/1/114 950/1/114 946/1/114
f 952/1/74 951/1/74 953/1/74 954/1/74
f 416/1/67 377/1/67 953/1/67 951/1/67
f 377/1/94 715/1/94 954/1/94 953/1/94
f 354/1/74 841/1/74 946/1/74
f 840/1/74 844/1/74 842/1/74 356/1/74
f 400/1/71 407/1/71 955/1/71
f 405/1/71 395/1/71 955/1/71 407/1/71
f 397/1/71 401/1/71 400/1/71 955/1/71
f 391/1/84 367/1/84 397/1/84 955/1/84
f 391/1/86 955/1/86 395/1/86 366/1/86
f 367/1/71 366/1/71 956/1/71 957/1/71
f 957/1/94 961/1/94 960/1/94 956/1/94
f 366/1/94 367/1/94 959/1/94 958/1/94
f 959/1/71 958/1/71 960/1/71 961/1/71
f 623/1/96 372/1/96 376/1/96 647/1/96
f 376/1/115 794/1/115 796/1/115 647/1/115
f 626/1/68 388/1/68 556/1/68 559/1/68
f 556/1/68 388/1/68 623/1/68
f 648/1/116 416/1/116 951/1/116 952/1/116 946/1/116
f 809/1/67 645/1/67 806/1/67 650/1/67 647/1/67 796/1/67 797/1/67 648/1/67 643/1/67 644/1/67
f 949/1/67 948/1/67 952/1/67 954/1/67 715/1/67
f 964/1/68 972/1/68 973/1/68 965/1/68
f 1051/1/68 968/1/68 969/1/68 1050/1/68
f 970/1/68 962/1/68 963/1/68 971/1/68
f 1043/1/75 698/1/75 968/1/75 1051/1/75
f 560/1/94 564/1/94 971/1/94 963/1/94
f 561/1/67 696/1/67 964/1/67 965/1/67
f 1036/1/94 562/1/94 967/1/94 1050/1/94
f 700/1/71 565/1/71 973/1/71 972/1/71
f 696/1/75 700/1/75 972/1/75 964/1/75
f 562/1/67 697/1/67 966/1/67 967/1/67
f 699/1/75 695/1/75 962/1/75 970/1/75
f 565/1/94 561/1/94 965/1/94 973/1/94
f 981/1/68 982/1/68 976/1/68 977/1/68
f 982/1/117 978/1/117 375/1/117 976/1/117
f 375/1/71 363/1/71 977/1/71 976/1/71
f 374/1/118 1396/1/118 393/1/118 1399/1/118 375/1/118 978/1/118 979/1/118
f 622/1/68 624/1/68 978/1/68 371/1/68
f 975/1/68 974/1/68 982/1/68 981/1/68
f 371/1/70 974/1/70 387/1/70
f 387/1/82 974/1/82 596/1/82 602/1/82
f 592/1/71 596/1/71 974/1/71 975/1/71
f 350/1/119 352/1/119 359/1/119 987/1/119 986/1/119 980/1/119
f 1202/1/74 353/1/74 1073/1/74 1059/1/74 352/1/74 1160/1/74
f 350/1/74 980/1/74 979/1/74 366/1/74 351/1/74
f 692/6/71 569/7/71 654/8/71 957/9/71 956/10/71 979/11/71 978/12/71 624/13/71 557/14/71
f 957/1/68 367/1/68 959/1/68 961/1/68
f 956/1/74 960/1/74 958/1/74 366/1/74
f 983/1/74 984/1/74 985/1/74 988/1/74
f 365/1/71 374/1/71 985/1/71 984/1/71
f 987/1/120 989/1/120 988/1/120 986/1/120
f 358/1/74 989/1/74 987/1/74 359/1/74 546/1/74 547/1/74
f 374/1/118 979/1/118 985/1/118
f 980/1/120 986/1/120 988/1/120
f 980/1/121 988/1/121 985/1/121 979/1/121
f 1076/1/75 1077/1/75 1145/1/75 1144/1/75
f 1004/1/122 1125/1/122 1134/1/122 1131/1/122
f 1053/1/74 1052/1/74 990/1/74 992/1/74
f 1003/1/67 995/1/67 1123/1/67 1124/1/67
f 990/1/75 991/1/75 1136/1/75 1135/1/75
f 1054/1/94 1000/1/94 996/1/94 1053/1/94
f 467/1/67 470/1/67 1008/1/67 1005/1/67
f 996/1/123 994/1/123 1127/1/123 1129/1/123
f 425/1/74 423/1/74 1266/1/74 1267/1/74
f 1017/1/94 471/1/94 1000/1/94 1054/1/94
f 424/1/74 426/1/74 1225/1/74 1224/1/74
f 1430/1/74 1431/1/74 1433/1/74 1432/1/74
f 1422/1/124 1423/1/124 1431/1/124 1430/1/124
f 469/1/71 468/1/71 1006/1/71 1007/1/71
f 470/1/67 1002/1/67 1011/1/67 1008/1/67
f 472/1/94 1017/1/94 1054/1/94 998/1/94
f 998/1/94 1054/1/94 1053/1/94 992/1/94
f 996/1/74 995/1/74 1052/1/74 1053/1/74
f 563/1/94 1036/1/94 1050/1/94 969/1/94
f 697/1/75 1043/1/75 1051/1/75 966/1/75
f 966/1/68 1051/1/68 1050/1/68 967/1/68
f 886/1/89 1047/1/89 1049/1/89 912/1/89
f 500/1/89 1031/1/89 1048/1/89 904/1/89
f 904/1/89 1048/1/89 1047/1/89 886/1/89
f 493/1/88 1028/1/88 1046/1/88 894/1/88
f 857/1/88 1044/1/88 1045/1/88 866/1/88
f 894/1/88 1046/1/88 1044/1/88 857/1/88
f 575/1/68 1037/1/68 1043/1/68 697/1/68
f 660/1/75 1040/1/75 1042/1/75 672/1/75
f 672/1/68 1042/1/68 1041/1/68 673/1/68
f 485/1/68 1024/1/68 1040/1/68 660/1/68
f 562/1/68 1036/1/68 1039/1/68 629/1/68
f 482/1/75 1022/1/75 1038/1/75 605/1/75
f 576/1/94 1037/1/94 1041/1/94 675/1/94
f 498/1/89 1030/1/89 1035/1/89 508/1/89
f 489/1/86 1026/1/86 1034/1/86 505/1/86
f 1035/1/89 507/1/89 1100/1/89 1101/1/89
f 491/1/84 1027/1/84 1032/1/84 501/1/84
f 494/1/88 1028/1/88 1033/1/88 504/1/88
f 553/1/84 455/1/84 1111/1/84 1110/1/84
f 912/1/89 1049/1/89 1030/1/89 498/1/89
f 866/1/88 1045/1/88 1029/1/88 496/1/88
f 500/1/75 496/1/75 1029/1/75 1031/1/75
f 475/1/86 1019/1/86 1026/1/86 489/1/86
f 473/1/84 1018/1/84 1027/1/84 491/1/84
f 479/1/83 1021/1/83 1025/1/83 487/1/83
f 463/1/81 1013/1/81 1024/1/81 485/1/81
f 629/1/68 1039/1/68 1025/1/68 488/1/68
f 477/1/77 1020/1/77 1023/1/77 483/1/77
f 464/1/76 1013/1/76 1022/1/76 482/1/76
f 605/1/75 1038/1/75 1023/1/75 484/1/75
f 990/1/74 1052/1/74 1055/1/74 1010/1/74
f 473/1/68 478/1/68 1020/1/68 1018/1/68
f 480/1/68 1021/1/68 1014/1/68 466/1/68
f 1055/1/125 1009/1/125 1080/1/125 1078/1/125
f 1058/1/126 1057/1/126 1070/1/126 1071/1/126
f 1060/1/127 1066/1/127 1065/1/127 1064/1/127 1069/1/127 1061/1/127
f 1067/1/128 1062/1/128 1063/1/128 1069/1/128 1064/1/128 1068/1/128
f 1066/1/129 1060/1/129 1061/1/129 1071/1/129 1070/1/129 1065/1/129
f 1062/1/130 1067/1/130 1068/1/130 1072/1/130 1073/1/130 1063/1/130
f 1072/1/130 1068/1/130 1086/1/130 1087/1/130
f 1009/1/131 1056/1/131 1083/1/131 1080/1/131
f 1064/1/132 1065/1/132 1085/1/132 1084/1/132
f 1072/1/133 1087/1/133 1182/1/133 1179/1/133
f 1001/1/134 997/1/134 1140/1/134 1139/1/134
f 1011/1/68 1002/1/68 1075/1/68 1077/1/68
f 1074/1/94 990/1/94 1135/1/94 1142/1/94
f 1002/1/94 990/1/94 1074/1/94 1075/1/94
f 1080/1/74 1083/1/74 1087/1/74 1086/1/74
f 1078/1/74 1080/1/74 1086/1/74 1084/1/74
f 1081/1/74 1079/1/74 1085/1/74 1082/1/74
f 1079/1/74 1078/1/74 1084/1/74 1085/1/74
f 1057/1/135 1010/1/135 1079/1/135 1081/1/135
f 1065/1/129 1070/1/129 1082/1/129 1085/1/129
f 1010/1/136 1055/1/136 1078/1/136 1079/1/136
f 1070/1/126 1057/1/126 1081/1/126 1082/1/126
f 1068/1/137 1064/1/137 1084/1/137 1086/1/137
f 1073/1/133 1072/1/133 1179/1/133 1180/1/133
f 1090/1/92 1091/1/92 1095/1/92 1094/1/92
f 1092/1/92 1093/1/92 1097/1/92 1096/1/92
f 1091/1/92 1098/1/92 1100/1/92 1095/1/92
f 1099/1/92 1092/1/92 1096/1/92 1101/1/92
f 1089/1/92 1090/1/92 1094/1/92 1088/1/92
f 1093/1/92 1102/1/92 1103/1/92 1097/1/92
f 1098/1/92 1099/1/92 1101/1/92 1100/1/92
f 1034/1/86 506/1/86 1092/1/86 1099/1/86
f 462/1/89 508/1/89 1096/1/89 1097/1/89
f 507/1/89 461/1/89 1095/1/89 1100/1/89
f 531/1/89 414/1/89 1088/1/89 1094/1/89
f 544/1/89 462/1/89 1097/1/89 1103/1/89
f 508/1/89 1035/1/89 1101/1/89 1096/1/89
f 505/1/86 1034/1/86 1099/1/86 1098/1/86
f 414/1/67 412/1/67 1089/1/67 1088/1/67
f 530/1/86 459/1/86 1091/1/86 1090/1/86
f 1104/1/138 1105/1/138 1107/1/138 1106/1/138
f 1110/1/138 1111/1/138 1115/1/138 1114/1/138
f 1112/1/138 1113/1/138 1117/1/138 1116/1/138
f 1111/1/138 1118/1/138 1120/1/138 1115/1/138
f 1119/1/138 1112/1/138 1116/1/138 1121/1/138
f 1113/1/138 1104/1/138 1106/1/138 1117/1/138
f 1109/1/138 1110/1/138 1114/1/138 1108/1/138
f 1118/1/138 1119/1/138 1121/1/138 1120/1/138
f 457/1/88 554/1/88 1114/1/88 1115/1/88
f 409/1/67 411/1/67 1107/1/67 1105/1/67
f 1033/1/88 503/1/88 1120/1/88 1121/1/88
f 1032/1/84 502/1/84 1112/1/84 1119/1/84
f 408/1/84 553/1/84 1110/1/84 1109/1/84
f 458/1/88 504/1/88 1116/1/88 1117/1/88
f 410/1/71 408/1/71 1109/1/71 1108/1/71
f 503/1/88 457/1/88 1115/1/88 1120/1/88
f 554/1/88 410/1/88 1108/1/88 1114/1/88
f 504/1/88 1033/1/88 1121/1/88 1116/1/88
f 1125/1/139 1124/1/139 1123/1/139 1122/1/139
f 995/1/140 996/1/140 1129/1/140 1128/1/140
f 1004/1/68 1003/1/68 1124/1/68 1125/1/68
f 994/1/141 999/1/141 1130/1/141 1127/1/141
f 1127/1/74 1126/1/74 1128/1/74 1129/1/74
f 1130/1/142 1131/1/142 1126/1/142 1127/1/142
f 1126/1/71 1131/1/71 1134/1/71 1132/1/71
f 1128/1/74 1126/1/74 1132/1/74 1133/1/74
f 999/1/143 1004/1/143 1131/1/143 1130/1/143
f 1123/1/140 995/1/140 1128/1/140 1133/1/140
f 1125/1/144 1122/1/144 1132/1/144 1134/1/144
f 1122/1/145 1123/1/145 1133/1/145 1132/1/145
f 1137/1/74 1135/1/74 1136/1/74 1138/1/74
f 1139/1/67 1140/1/67 1138/1/67 1136/1/67
f 1143/1/67 1142/1/67 1144/1/67 1145/1/67
f 1135/1/74 1141/1/74 1144/1/74 1142/1/74
f 993/1/94 992/1/94 1137/1/94 1138/1/94
f 991/1/75 1001/1/75 1139/1/75 1136/1/75
f 1077/1/134 1075/1/134 1143/1/134 1145/1/134
f 992/1/146 990/1/146 1135/1/146 1137/1/146
f 997/1/94 993/1/94 1138/1/94 1140/1/94
f 1075/1/94 1074/1/94 1142/1/94 1143/1/94
f 1148/1/147 1147/1/147 1154/1/147 1155/1/147
f 424/1/148 421/1/148 1147/1/148 1148/1/148
f 1146/1/149 520/1/149 1156/1/149 1153/1/149
f 1147/1/150 1146/1/150 1153/1/150 1154/1/150
f 1158/1/151 1150/1/151 1186/1/151 1198/1/151
f 1169/1/152 1168/1/152 1196/1/152 1197/1/152
f 1152/1/153 1157/1/153 1150/1/153
f 424/1/154 1148/1/154 1155/1/154 1151/1/154
f 1162/1/155 1166/1/155 1165/1/155 1163/1/155
f 1149/1/156 1151/1/156 1187/1/156 1185/1/156
f 422/1/68 468/1/68 1162/1/68 1163/1/68
f 468/1/67 469/1/67 1166/1/67 1162/1/67
f 533/1/68 422/1/68 1163/1/68 1159/1/68
f 1151/1/157 1155/1/157 1191/1/157 1187/1/157
f 1159/1/158 1163/1/158 1168/1/158 1169/1/158
f 1168/1/159 1167/1/159 1195/1/159 1196/1/159
f 1163/1/160 1165/1/160 1167/1/160 1168/1/160
f 359/1/161 352/1/161 1160/1/161 1161/1/161
f 546/1/74 359/1/74 1161/1/74 1164/1/74
f 424/1/162 1151/1/162 1172/1/162 1171/1/162
f 423/1/74 1165/1/74 1166/1/74 469/1/74
f 1162/1/74 1163/1/74 1159/1/74 1160/1/74 1059/1/74 1006/1/74
f 1073/1/74 353/1/74 1015/1/74 1069/1/74 1063/1/74
f 1015/1/74 357/1/74 1061/1/74 1069/1/74
f 1061/1/74 357/1/74 1071/1/74
f 1058/1/74 1071/1/74 357/1/74
f 520/1/79 421/1/79 467/1/79 1005/1/79 1058/1/79 840/1/79 1156/1/79 356/1/79
f 357/1/74 840/1/74 1058/1/74
f 351/1/68 1016/1/68 1338/1/68 1333/1/68
f 534/1/74 430/1/74 476/1/74 1019/1/74 475/1/74 429/1/74 642/1/74 355/1/74 1016/1/74 351/1/74 366/1/74
f 1102/1/92 1173/1/92 1174/1/92 1103/1/92
f 544/1/89 1103/1/89 1174/1/89 415/1/89
f 415/1/71 1174/1/71 1173/1/71 413/1/71
f 1102/1/86 543/1/86 413/1/86 1173/1/86
f 1150/1/163 1149/1/163 1185/1/163 1186/1/163
f 362/1/164 356/1/164 354/1/164 946/1/164 950/1/164
f 1156/1/165 840/1/165 356/1/165
f 1150/1/74 1157/1/74 1149/1/74
f 1007/1/166 1006/1/166 1063/1/166 1062/1/166 1067/1/166 1068/1/166 1123/1/166 1124/1/166
f 469/1/71 1166/1/71 1007/1/71 1124/1/71 1003/1/71
f 1063/1/74 1006/1/74 1059/1/74 1073/1/74
f 1011/1/167 1065/1/167 1066/1/167 1060/1/167 1061/1/167 1005/1/167 1008/1/167
f 1057/1/168 1058/1/168 1175/1/168 1010/1/168
f 1058/1/74 1005/1/74 1175/1/74
f 1076/1/75 1144/1/75 1141/1/75 1011/1/75 1077/1/75
f 990/1/146 1176/1/146 1141/1/146 1135/1/146
f 1141/1/169 1176/1/169 1011/1/169
f 1065/1/170 1011/1/170 1176/1/170
f 1177/1/171 1178/1/171 1180/1/171 1179/1/171
f 1177/1/171 1179/1/171 1182/1/171 1181/1/171
f 1056/1/172 1059/1/172 1178/1/172 1177/1/172
f 1087/1/74 1083/1/74 1181/1/74 1182/1/74
f 1083/1/172 1056/1/172 1177/1/172 1181/1/172
f 1059/1/68 1073/1/68 1180/1/68 1178/1/68
f 1151/1/173 1149/1/173 510/1/173 511/1/173 426/1/173 424/1/173 1172/1/173
f 362/1/174 1157/1/174 1184/1/174 1183/1/174
f 1184/1/175 844/1/175 840/1/175 1157/1/175
f 1189/1/75 1188/1/75 1191/1/75 1190/1/75
f 1185/1/176 1187/1/176 1191/1/176 1188/1/176
f 1185/1/177 1188/1/177 1186/1/177
f 1196/1/75 1195/1/75 1194/1/75 1197/1/75
f 1193/1/178 1192/1/178 1194/1/178 1195/1/178
f 1198/1/179 1186/1/179 1188/1/179 1189/1/179
f 1153/1/180 1158/1/180 1198/1/180 1189/1/180
f 1154/1/152 1153/1/152 1189/1/152 1190/1/152
f 1165/1/156 1164/1/156 1192/1/156 1193/1/156
f 1197/1/181 1194/1/181 1201/1/181 1202/1/181
f 1155/1/119 1154/1/119 1190/1/119 1191/1/119
f 1167/1/182 1165/1/182 1193/1/182 1195/1/182
f 1158/1/94 1150/1/94 1199/1/94 1200/1/94
f 1198/1/183 1200/1/183 1199/1/183 1186/1/183
f 1200/1/184 1198/1/184 1158/1/184
f 356/1/94 362/1/94 1183/1/94 842/1/94
f 1183/1/185 1184/1/185 844/1/185 842/1/185
f 1158/1/186 840/1/186 1157/1/186 1150/1/186
f 1186/1/187 1199/1/187 1150/1/187
f 357/1/188 355/1/188 354/1/188 840/1/188
f 425/1/74 1470/1/74 1472/1/74 547/1/74 546/1/74 1164/1/74 1165/1/74 423/1/74
f 1164/1/190 1161/1/190 1201/1/190 1192/1/190
f 1160/1/161 1202/1/161 1201/1/161 1161/1/161
f 1160/1/94 1203/1/94 1204/1/94 1161/1/94
f 1203/1/191 1202/1/191 1201/1/191 1204/1/191
f 351/1/192 353/1/192 1202/1/192 1160/1/192 352/1/192 350/1/192
f 1160/1/68 1202/1/68 1203/1/68
f 1204/1/74 1201/1/74 1161/1/74
f 1165/1/94 1164/1/94 1207/1/94 1208/1/94
f 1149/1/94 1151/1/94 1206/1/94 1205/1/94
f 1150/1/94 1149/1/94 1209/1/94 1210/1/94
f 1161/1/94 1211/1/94 1212/1/94 1164/1/94
f 1205/1/193 1206/1/193 1187/1/193 1185/1/193
f 1210/1/194 1209/1/194 1185/1/194 1186/1/194
f 1208/1/193 1207/1/193 1192/1/193 1193/1/193
f 1211/1/195 1201/1/195 1192/1/195 1212/1/195
f 1204/1/94 1211/1/94 1161/1/94
f 1211/1/196 1204/1/196 1201/1/196
f 1199/1/94 1150/1/94 1210/1/94
f 1210/1/197 1186/1/197 1199/1/197
f 1172/1/198 1213/1/198 1219/1/198 1218/1/198
f 1157/1/199 362/1/199 1216/1/199 1215/1/199
f 1157/1/200 1213/1/200 1149/1/200
f 947/1/201 511/1/201 1214/1/201 362/1/201 950/1/201
f 1219/1/202 1215/1/202 1216/1/202 1220/1/202
f 1218/1/203 1219/1/203 1220/1/203 1217/1/203
f 1213/1/204 1157/1/204 1215/1/204 1219/1/204
f 424/1/205 1172/1/205 1218/1/205 1217/1/205
f 1214/1/206 424/1/206 1217/1/206 1220/1/206
f 362/1/207 1214/1/207 1220/1/207 1216/1/207
f 1184/1/208 1157/1/208 1215/1/208
f 1183/1/208 362/1/208 1216/1/208
f 1215/1/209 1184/1/209 1183/1/209 1216/1/209
f 470/1/210 1221/1/210 1172/1/210 1171/1/210
f 1222/1/75 1223/1/75 1221/1/75 1172/1/75
f 1217/1/211 1218/1/211 1172/1/211
f 1075/1/212 1222/1/212 1218/1/212 1217/1/212
f 1218/1/213 1172/1/213 1222/1/213
f 1224/1/67 1225/1/67 1226/1/67 1227/1/67
f 1428/1/94 1422/1/94 1430/1/94 1432/1/94
f 997/1/68 1001/1/68 1227/1/68 1226/1/68
f 1217/1/214 424/1/214 1075/1/214
f 1227/1/215 1075/1/215 1217/1/215 1224/1/215
f 1224/1/208 1217/1/208 424/1/208
f 1075/1/94 1143/1/94 1232/1/94 1230/1/94
f 1231/1/94 1142/1/94 1238/1/94 1240/1/94
f 1233/1/216 1230/1/216 1232/1/216 1234/1/216
f 1231/1/67 1235/1/67 1234/1/67 1232/1/67
f 1229/1/75 1228/1/75 1234/1/75 1235/1/75
f 1222/1/217 1075/1/217 1230/1/217 1233/1/217
f 1143/1/94 1142/1/94 1231/1/94 1232/1/94
f 1228/1/75 1222/1/75 1233/1/75 1234/1/75
f 1229/1/75 1235/1/75 1241/1/75 1239/1/75
f 1238/1/218 1239/1/218 1241/1/218 1240/1/218
f 1239/1/219 1238/1/219 1237/1/219 1242/1/219
f 1235/1/220 1231/1/220 1240/1/220 1241/1/220
f 1142/1/94 1135/1/94 1237/1/94 1238/1/94
f 1135/1/221 1236/1/221 1242/1/221 1237/1/221
f 1236/1/75 1229/1/75 1239/1/75 1242/1/75
f 1244/1/75 1249/1/75 1248/1/75 1243/1/75
f 1126/1/94 1131/1/94 1251/1/94 1250/1/94
f 1248/1/74 1249/1/74 1247/1/74 1246/1/74
f 1126/1/94 1246/1/94 1247/1/94 1128/1/94
f 1128/1/71 1244/1/71 1249/1/71 1247/1/71
f 1248/1/75 1255/1/75 1252/1/75 1243/1/75
f 1250/1/71 1251/1/71 1253/1/71 1252/1/71
f 1252/1/71 1255/1/71 1254/1/71 1250/1/71
f 1126/1/94 1250/1/94 1254/1/94 1246/1/94
f 1246/1/74 1254/1/74 1255/1/74 1248/1/74
f 1245/1/75 1243/1/75 1252/1/75 1253/1/75
f 1131/1/68 1245/1/68 1253/1/68 1251/1/68
f 1131/1/94 1004/1/94 1258/1/94 1257/1/94
f 1259/1/122 1257/1/122 1258/1/122 1260/1/122
f 1256/1/75 1245/1/75 1259/1/75 1260/1/75
f 1245/1/146 1131/1/146 1257/1/146 1259/1/146
f 1004/1/134 1256/1/134 1260/1/134 1258/1/134
f 1245/1/94 1259/1/94 1253/1/94
f 1257/1/222 1259/1/222 1253/1/222 1251/1/222
f 1257/1/94 1251/1/94 1131/1/94
f 1265/1/74 1262/1/74 1263/1/74 1264/1/74
f 1256/1/75 1264/1/75 1265/1/75 1261/1/75
f 1004/1/71 1263/1/71 1264/1/71 1256/1/71
f 1261/1/71 1003/1/71 1262/1/71 1265/1/71
f 1267/1/142 1266/1/142 1268/1/142 1269/1/142
f 1004/1/68 999/1/68 1269/1/68 1268/1/68
f 423/1/223 1004/1/223 1268/1/223 1266/1/223
f 1429/1/67 1428/1/67 1432/1/67 1433/1/67
f 1264/1/74 423/1/74 546/1/74 1270/1/74
f 1273/1/74 1274/1/74 1271/1/74 1272/1/74
f 546/1/94 1271/1/94 1274/1/94 423/1/94
f 1270/1/71 1272/1/71 1271/1/71 546/1/71
f 423/1/71 1264/1/71 1273/1/71 1274/1/71
f 1264/1/75 1273/1/75 1272/1/75 1270/1/75
f 1275/1/224 1279/1/224 1276/1/224 359/1/224
f 1279/1/74 1278/1/74 1277/1/74 1276/1/74
f 1270/1/75 1278/1/75 1279/1/75 1275/1/75
f 546/1/71 1270/1/71 1278/1/71 1277/1/71
f 359/1/94 1276/1/94 1277/1/94 546/1/94
f 352/1/94 1281/1/94 1282/1/94 359/1/94
f 1284/1/225 1283/1/225 1282/1/225 1281/1/225
f 1280/1/74 352/1/74 1281/1/74 1284/1/74
f 359/1/68 1275/1/68 1283/1/68 1282/1/68
f 1275/1/75 1283/1/75 1284/1/75 1280/1/75
f 1283/1/75 1275/1/75 1279/1/75
f 359/1/94 1282/1/94 1276/1/94
f 1276/1/226 1282/1/226 1283/1/226 1279/1/226
f 1280/1/75 1288/1/75 1289/1/75 1285/1/75
f 1289/1/227 1288/1/227 1287/1/227 1286/1/227
f 352/1/228 1280/1/228 1288/1/228 1287/1/228
f 350/1/94 1286/1/94 1287/1/94 352/1/94
f 1285/1/229 350/1/229 1286/1/229 1289/1/229
f 1286/1/94 1290/1/94 1294/1/94 1292/1/94
f 1295/1/230 1293/1/230 1292/1/230 1294/1/230
f 1291/1/94 1295/1/94 1293/1/94 1289/1/94
f 1289/1/231 1286/1/231 1292/1/231 1293/1/231
f 1290/1/232 1291/1/232 1295/1/232 1294/1/232
f 1296/1/71 569/1/71 1297/1/71 1291/1/71
f 1299/1/71 1298/1/71 1301/1/71 1300/1/71
f 1296/1/233 1291/1/233 1300/1/233 1299/1/233
f 569/1/234 1298/1/234 1299/1/234 1296/1/234
f 1297/1/235 1301/1/235 1298/1/235 569/1/235
f 1291/1/236 1300/1/236 1301/1/236 1297/1/236
f 1291/1/94 1300/1/94 1295/1/94
f 1299/1/237 1294/1/237 1290/1/237
f 1295/1/238 1294/1/238 1299/1/238 1300/1/238
f 569/1/94 567/1/94 1303/1/94 1304/1/94
f 1303/1/68 1302/1/68 1305/1/68 1304/1/68
f 1297/1/71 569/1/71 1304/1/71 1305/1/71
f 567/1/67 652/1/67 1302/1/67 1303/1/67
f 652/1/239 1297/1/239 1305/1/239 1302/1/239
f 1306/1/68 1307/1/68 1309/1/68 1308/1/68
f 567/1/94 570/1/94 1309/1/94 1307/1/94
f 652/1/71 567/1/71 1307/1/71 1306/1/71
f 655/1/240 652/1/240 1306/1/240 1308/1/240
f 569/1/94 1304/1/94 1298/1/94
f 1301/1/75 1305/1/75 1297/1/75
f 1304/1/68 1305/1/68 1301/1/68 1298/1/68
f 1313/1/71 1310/1/71 1311/1/71 1312/1/71
f 570/1/94 612/1/94 1312/1/94 1311/1/94
f 664/1/75 655/1/75 1310/1/75 1313/1/75
f 612/1/68 664/1/68 1313/1/68 1312/1/68
f 1314/1/68 1315/1/68 1317/1/68 1316/1/68
f 1318/1/74 1320/1/74 1321/1/74 1319/1/74
f 1314/1/67 1316/1/67 1320/1/67 1318/1/67
f 1316/1/94 1317/1/94 1321/1/94 1320/1/94
f 1317/1/71 1315/1/71 1319/1/71 1321/1/71
f 1315/1/75 1314/1/75 1318/1/75 1319/1/75
f 353/1/68 1322/1/68 1323/1/68 357/1/68
f 1324/1/74 1325/1/74 1327/1/74 1326/1/74
f 357/1/67 1323/1/67 1327/1/67 1325/1/67
f 353/1/75 357/1/75 1325/1/75 1324/1/75
f 1322/1/71 353/1/71 1324/1/71 1326/1/71
f 1323/1/94 1322/1/94 1326/1/94 1327/1/94
f 1328/1/94 1323/1/94 1331/1/94 1332/1/94
f 1331/1/67 1329/1/67 1330/1/67 1332/1/67
f 357/1/75 355/1/75 1330/1/75 1329/1/75
f 1323/1/241 357/1/241 1329/1/241 1331/1/241
f 355/1/68 1328/1/68 1332/1/68 1330/1/68
f 1325/1/75 357/1/75 1329/1/75
f 1327/1/75 1323/1/75 1331/1/75
f 1329/1/74 1331/1/74 1327/1/74 1325/1/74
f 1341/1/242 1351/1/242 1352/1/242 1342/1/242
f 1342/1/242 1352/1/242 1395/1/242 1390/1/242
f 355/1/243 357/1/243 1336/1/243 1335/1/243
f 353/1/244 351/1/244 1333/1/244 1334/1/244
f 357/1/74 1015/1/74 1337/1/74 1336/1/74
f 1016/1/68 355/1/68 1335/1/68 1338/1/68
f 1015/1/74 353/1/74 1334/1/74 1337/1/74
f 1344/1/245 1347/1/245 1391/1/245 1392/1/245
f 1333/1/74 1341/1/74 1351/1/74 1343/1/74
f 1348/1/245 1347/1/245 1344/1/245 1343/1/245
f 1346/1/246 1345/1/246 1347/1/246 1348/1/246
f 1346/1/94 1345/1/94 1349/1/94 1350/1/94
f 1344/1/247 1352/1/247 1351/1/247 1343/1/247
f 1333/1/68 1338/1/68 1348/1/68 1343/1/68
f 1340/1/248 1349/1/248 1350/1/248 1339/1/248
f 1336/1/249 1337/1/249 1386/1/249 1388/1/249
f 1338/1/68 1335/1/68 1346/1/68 1348/1/68
f 1339/1/74 1335/1/74 1346/1/74 1350/1/74
f 1340/1/94 1336/1/94 1388/1/94 1389/1/94
f 1335/1/94 1336/1/94 1340/1/94 1339/1/94
f 1330/1/75 1354/1/75 1358/1/75 1355/1/75
f 1358/1/74 1357/1/74 1356/1/74 1355/1/74
f 1332/1/71 1330/1/71 1355/1/71 1356/1/71
f 1354/1/250 1353/1/250 1357/1/250 1358/1/250
f 1353/1/94 1332/1/94 1356/1/94 1357/1/94
f 1354/1/251 1360/1/251 1364/1/251 1362/1/251
f 1362/1/250 1364/1/250 1363/1/250 1361/1/250
f 1353/1/74 1354/1/74 1362/1/74 1361/1/74
f 1360/1/68 1359/1/68 1363/1/68 1364/1/68
f 1359/1/252 1353/1/252 1361/1/252 1363/1/252
f 1360/1/75 1366/1/75 1370/1/75 1368/1/75
f 1368/1/68 1370/1/68 1369/1/68 1367/1/68
f 1359/1/253 1360/1/253 1368/1/253 1367/1/253
f 1366/1/71 1365/1/71 1369/1/71 1370/1/71
f 1365/1/94 1359/1/94 1367/1/94 1369/1/94
f 1360/1/254 1368/1/254 1364/1/254
f 1359/1/255 1363/1/255 1367/1/255
f 1363/1/256 1364/1/256 1368/1/256 1367/1/256
f 1372/1/94 1365/1/94 1373/1/94 1376/1/94
f 1376/1/71 1373/1/71 1374/1/71 1375/1/71
f 1371/1/74 1372/1/74 1376/1/74 1375/1/74
f 1365/1/257 1366/1/257 1374/1/257 1373/1/257
f 1366/1/75 1371/1/75 1375/1/75 1374/1/75
f 1369/1/94 1373/1/94 1365/1/94
f 1370/1/75 1366/1/75 1374/1/75
f 1369/1/68 1370/1/68 1374/1/68 1373/1/68
f 351/1/67 1377/1/67 1381/1/67 1378/1/67
f 1380/1/74 1379/1/74 1378/1/74 1381/1/74
f 1372/1/258 1371/1/258 1379/1/258 1380/1/258
f 1371/1/75 351/1/75 1378/1/75 1379/1/75
f 1377/1/94 1372/1/94 1380/1/94 1381/1/94
f 1380/1/94 1372/1/94 1376/1/94
f 1371/1/75 1379/1/75 1375/1/75
f 1379/1/71 1380/1/71 1376/1/71 1375/1/71
f 353/1/259 1322/1/259 1383/1/259 1382/1/259
f 1384/1/71 1382/1/71 1383/1/71 1385/1/71
f 1381/1/68 1378/1/68 1384/1/68 1385/1/68
f 1322/1/94 1381/1/94 1385/1/94 1383/1/94
f 1378/1/75 353/1/75 1382/1/75 1384/1/75
f 1326/1/94 1322/1/94 1383/1/94
f 1324/1/94 353/1/94 1382/1/94
f 1383/1/260 1382/1/260 1324/1/260 1326/1/260
f 1388/1/74 1386/1/74 1391/1/74 1393/1/74
f 1388/1/74 1393/1/74 1394/1/74 1389/1/74
f 1390/1/74 1395/1/74 1392/1/74 1387/1/74
f 1386/1/74 1387/1/74 1392/1/74 1391/1/74
f 1349/1/248 1340/1/248 1389/1/248 1394/1/248
f 1347/1/246 1345/1/246 1393/1/246 1391/1/246
f 1352/1/247 1344/1/247 1392/1/247 1395/1/247
f 1334/1/94 1342/1/94 1390/1/94 1387/1/94
f 1337/1/261 1334/1/261 1387/1/261 1386/1/261
f 1345/1/75 1349/1/75 1394/1/75 1393/1/75
f 1334/1/94 1333/1/94 1341/1/94 1342/1/94
f 365/1/71 1397/1/71 1396/1/71 374/1/71
f 390/1/71 1398/1/71 1399/1/71 393/1/71
f 1403/1/71 1400/1/71 1401/1/71 1402/1/71
f 707/1/75 693/1/75 1400/1/75 1403/1/75
f 558/1/94 609/1/94 1402/1/94 1401/1/94
f 609/1/68 707/1/68 1403/1/68 1402/1/68
f 1404/1/68 1405/1/68 1409/1/68 1408/1/68
f 1405/1/68 1404/1/68 1406/1/68 1407/1/68
f 555/1/94 558/1/94 1409/1/94 1405/1/94
f 558/1/67 693/1/67 1408/1/67 1409/1/67
f 692/1/71 557/1/71 1407/1/71 1406/1/71
f 557/1/94 555/1/94 1405/1/94 1407/1/94
f 1410/1/94 557/1/94 1412/1/94 1414/1/94
f 1412/1/71 1413/1/71 1415/1/71 1414/1/71
f 1411/1/74 1410/1/74 1414/1/74 1415/1/74
f 692/1/75 1411/1/75 1415/1/75 1413/1/75
f 557/1/262 692/1/262 1413/1/262 1412/1/262
f 692/1/75 1413/1/75 1406/1/75
f 1407/1/94 1412/1/94 557/1/94
f 1413/1/263 1412/1/263 1407/1/263 1406/1/263
f 1411/1/75 1417/1/75 1421/1/75 1419/1/75
f 1418/1/74 1419/1/74 1421/1/74 1420/1/74
f 1416/1/94 1410/1/94 1418/1/94 1420/1/94
f 1417/1/67 1416/1/67 1420/1/67 1421/1/67
f 1410/1/264 1411/1/264 1419/1/264 1418/1/264
f 1419/1/75 1415/1/75 1411/1/75
f 1410/1/94 1414/1/94 1418/1/94
f 1419/1/265 1418/1/265 1414/1/265 1415/1/265
f 1422/1/94 1420/1/94 1424/1/94 1426/1/94
f 1425/1/71 1427/1/71 1426/1/71 1424/1/71
f 1420/1/68 1421/1/68 1425/1/68 1424/1/68
f 1421/1/75 1423/1/75 1427/1/75 1425/1/75
f 1423/1/74 1422/1/74 1426/1/74 1427/1/74
f 1423/1/75 1429/1/75 1433/1/75 1431/1/75
f 1431/1/75 1427/1/75 1423/1/75
f 1422/1/75 1430/1/75 1426/1/75
f 1431/1/266 1430/1/266 1426/1/266 1427/1/266
f 1429/1/75 1439/1/75 1443/1/75 1441/1/75
f 1440/1/74 1441/1/74 1443/1/74 1442/1/74
f 1438/1/94 1428/1/94 1440/1/94 1442/1/94
f 1428/1/71 1429/1/71 1441/1/71 1440/1/71
f 1439/1/67 1438/1/67 1442/1/67 1443/1/67
f 1439/1/75 1445/1/75 1449/1/75 1447/1/75
f 1446/1/67 1447/1/67 1449/1/67 1448/1/67
f 1444/1/94 1438/1/94 1446/1/94 1448/1/94
f 1438/1/267 1439/1/267 1447/1/267 1446/1/267
f 1445/1/68 1444/1/68 1448/1/68 1449/1/68
f 1447/1/75 1443/1/75 1439/1/75
f 1438/1/75 1446/1/75 1442/1/75
f 1447/1/268 1446/1/268 1442/1/268 1443/1/268
f 1448/1/94 1452/1/94 1454/1/94 1450/1/94
f 1453/1/74 1455/1/74 1454/1/74 1452/1/74
f 1449/1/269 1448/1/269 1452/1/269 1453/1/269
f 1451/1/75 1455/1/75 1453/1/75 1449/1/75
f 1450/1/71 1451/1/71 1455/1/71 1454/1/71
f 806/1/270 650/1/270 1456/1/270 1457/1/270
f 1458/1/67 1459/1/67 1457/1/67 1456/1/67
f 1450/1/271 1451/1/271 1459/1/271 1458/1/271
f 650/1/94 1450/1/94 1458/1/94 1456/1/94
f 1451/1/75 806/1/75 1457/1/75 1459/1/75
f 1455/1/75 1451/1/75 1459/1/75
f 1450/1/94 1454/1/94 1458/1/94
f 1455/1/74 1459/1/74 1458/1/74 1454/1/74
f 1457/1/75 806/1/75 808/1/75
f 1456/1/75 650/1/75 807/1/75
f 1457/1/68 808/1/68 807/1/68 1456/1/68
f 948/1/67 949/1/67 1467/1/67 1466/1/67
f 1470/1/94 1471/1/94 1461/1/94 425/1/94
f 948/1/272 989/1/272 1468/1/272 1466/1/272
f 358/1/75 547/1/75 1464/1/75 1460/1/75
f 949/1/94 947/1/94 1465/1/94 1467/1/94
f 426/1/94 1462/1/94 1463/1/94 511/1/94
f 989/1/71 1468/1/71 1460/1/71 358/1/71
f 511/1/94 1463/1/94 1465/1/94 947/1/94
f 948/1/114 1466/1/114 950/1/114
f 1468/1/120 989/1/120 987/1/120
f 987/1/273 950/1/273 1466/1/273 1468/1/273
f 1466/1/74 1467/1/74 1465/1/74 1463/1/74 1462/1/74 1461/1/74 1471/1/74 1473/1/74 1464/1/74 1460/1/74 1468/1/74
f 425/1/94 1461/1/94 1462/1/94 426/1/94
f 1472/1/94 1473/1/94 1471/1/94 1470/1/94
f 547/1/94 1464/1/94 1473/1/94 1472/1/94
f 592/1/94 975/1/94 981/1/94 977/1/94 363/1/94 1398/1/94 390/1/94 1397/1/94 365/1/94 984/1/94 983/1/94 358/1/94 547/1/94 1472/1/94 1470/1/94 425/1/94 426/1/94 511/1/94 947/1/94 360/1/94 715/1/94 377/1/94 793/1/94 799/1/94 798/1/94 792/1/94 364/1/94 348/1/94 594/1/94 346/1/94 509/1/94 420/1/94 466/1/94 1014/1/94 465/1/94 419/1/94 545/1/94 342/1/94
f 1478/1/72 1475/1/72 1476/1/72 1479/1/72
f 1475/1/98 1478/1/98 1477/1/98 1474/1/98
usemtl крыльцо
f 794/1/68 792/1/68 798/1/68 800/1/68
f 1522/1/67 1490/1/67 1481/1/67 1521/1/67
f 1518/1/68 1487/1/68 1480/1/68 1517/1/68
f 1488/1/70 1552/1/70 1556/1/70 1548/1/70
f 1569/1/71 1484/1/71 1492/1/71 1570/1/71
f 1523/1/82 1487/1/82 1495/1/82 1525/1/82
f 1515/1/83 1490/1/83 1498/1/83 1516/1/83
f 1568/1/71 1499/1/71 1500/1/71 1567/1/71
f 1518/1/83 1504/1/83 1506/1/83 1519/1/83
f 1511/1/83 1505/1/83 1507/1/83 1513/1/83
f 1515/1/68 1505/1/68 1503/1/68 1514/1/68
f 1510/1/68 1504/1/68 1502/1/68 1508/1/68
f 1505/1/68 1511/1/68 1509/1/68 1503/1/68
f 1565/1/68 1510/1/68 1508/1/68 1564/1/68
f 1504/1/83 1510/1/83 1512/1/83 1506/1/83
f 1565/1/83 1511/1/83 1513/1/83 1566/1/83
f 1490/1/68 1515/1/68 1514/1/68 1481/1/68
f 1505/1/83 1515/1/83 1516/1/83 1507/1/83
f 1563/1/71 1483/1/71 1557/1/71 1562/1/71
f 1487/1/83 1518/1/83 1519/1/83 1495/1/83
f 1504/1/68 1518/1/68 1517/1/68 1502/1/68
f 1489/1/96 1526/1/96 1497/1/96
f 1490/1/97 1522/1/97 1524/1/97 1498/1/97
f 1487/1/71 1523/1/71 1520/1/71 1480/1/71
f 1531/1/67 1494/1/67 1501/1/67 1533/1/67
f 1482/1/68 1485/1/68 1493/1/68 1489/1/68
f 1535/1/103 1533/1/103 1501/1/103 1528/1/103
f 1534/1/104 1532/1/104 1533/1/104 1535/1/104
f 1485/1/67 1530/1/67 1532/1/67 1493/1/67
f 1531/1/74 1533/1/74 1539/1/74 1537/1/74
f 1536/1/67 1537/1/67 1539/1/67 1538/1/67
f 1533/1/105 1532/1/105 1538/1/105 1539/1/105
f 1532/1/68 1530/1/68 1536/1/68 1538/1/68
f 1545/1/114 1541/1/114 1543/1/114 1540/1/114
f 1545/1/74 1544/1/74 1546/1/74 1547/1/74
f 1501/1/67 1494/1/67 1546/1/67 1544/1/67
f 1526/1/96 1489/1/96 1493/1/96 1527/1/96
f 1493/1/115 1532/1/115 1534/1/115 1527/1/115
f 1528/1/116 1501/1/116 1544/1/116 1545/1/116 1540/1/116
f 1542/1/67 1541/1/67 1545/1/67 1547/1/67 1529/1/67
f 1555/1/68 1556/1/68 1550/1/68 1551/1/68
f 1556/1/117 1552/1/117 1492/1/117 1550/1/117
f 1492/1/71 1484/1/71 1551/1/71 1550/1/71
f 1491/1/118 1567/1/118 1500/1/118 1570/1/118 1492/1/118 1552/1/118 1553/1/118
f 1549/1/68 1548/1/68 1556/1/68 1555/1/68
f 1488/1/70 1548/1/70 1496/1/70
f 1496/1/82 1548/1/82 1523/1/82 1525/1/82
f 1520/1/71 1523/1/71 1548/1/71 1549/1/71
f 1557/1/74 1558/1/74 1559/1/74 1562/1/74
f 1486/1/71 1491/1/71 1559/1/71 1558/1/71
f 1561/1/120 1563/1/120 1562/1/120 1560/1/120
f 1491/1/118 1553/1/118 1559/1/118
f 1554/1/120 1560/1/120 1562/1/120
f 1554/1/121 1562/1/121 1559/1/121 1553/1/121
f 1510/1/83 1565/1/83 1566/1/83 1512/1/83
f 1511/1/68 1565/1/68 1564/1/68 1509/1/68
f 1486/1/71 1568/1/71 1567/1/71 1491/1/71
f 1499/1/71 1569/1/71 1570/1/71 1500/1/71
f 1541/1/67 1542/1/67 1578/1/67 1577/1/67
f 1563/1/71 1579/1/71 1571/1/71 1483/1/71
f 1541/1/114 1577/1/114 1543/1/114
f 1579/1/120 1563/1/120 1561/1/120
f 1561/1/273 1543/1/273 1577/1/273 1579/1/273
f 1577/1/74 1578/1/74 1576/1/74 1574/1/74 1573/1/74 1572/1/74 1580/1/74 1581/1/74 1575/1/74 1571/1/74 1579/1/74
f 1586/1/72 1583/1/72 1584/1/72 1587/1/72
f 1583/1/98 1586/1/98 1585/1/98 1582/1/98
usemtl крыша
f 1194/1/189 1192/1/189 1201/1/189
f 1670/1/75 1665/1/75 1594/1/75 1648/1/75
f 1646/1/76 1590/1/76 1595/1/76 1647/1/76
f 1663/1/78 1591/1/78 1594/1/78 1665/1/78
f 1685/1/88 1680/1/88 1599/1/88 1649/1/88
f 1717/1/89 1712/1/89 1600/1/89 1650/1/89
f 1660/1/88 1597/1/88 1604/1/88 1661/1/88
f 1650/1/89 1600/1/89 1606/1/89 1652/1/89
f 1657/1/89 1619/1/89 1625/1/89 1659/1/89
f 1636/1/89 1618/1/89 1624/1/89 1642/1/89
f 1644/1/88 1615/1/88 1623/1/88 1645/1/88
f 1632/1/88 1614/1/88 1622/1/88 1640/1/88
f 1605/1/88 1645/1/88 1763/1/88 1764/1/88
f 1718/1/89 1713/1/89 1619/1/89 1657/1/89
f 1716/1/89 1714/1/89 1618/1/89 1636/1/89
f 1686/1/88 1681/1/88 1617/1/88 1656/1/88
f 1684/1/88 1682/1/88 1616/1/88 1634/1/88
f 1653/1/76 1609/1/76 1611/1/76 1654/1/76
f 1626/1/76 1608/1/76 1610/1/76 1628/1/76
f 1671/1/75 1666/1/75 1613/1/75 1655/1/75
f 1669/1/75 1667/1/75 1612/1/75 1630/1/75
f 1666/1/75 1668/1/75 1631/1/75 1613/1/75
f 1729/1/75 1669/1/75 1630/1/75 1722/1/75
f 1609/1/76 1627/1/76 1629/1/76 1611/1/76
f 1720/1/76 1626/1/76 1628/1/76 1721/1/76
f 1681/1/88 1683/1/88 1635/1/88 1617/1/88
f 1731/1/88 1684/1/88 1634/1/88 1724/1/88
f 1713/1/89 1715/1/89 1637/1/89 1619/1/89
f 1735/1/89 1716/1/89 1636/1/89 1725/1/89
f 1645/1/88 1623/1/88 1769/1/88 1763/1/88
f 1615/1/88 1633/1/88 1641/1/88 1623/1/88
f 1723/1/88 1632/1/88 1640/1/88 1727/1/88
f 1624/1/89 1652/1/89 1756/1/89 1757/1/89
f 1619/1/89 1637/1/89 1643/1/89 1625/1/89
f 1725/1/89 1636/1/89 1642/1/89 1728/1/89
f 1598/1/88 1644/1/88 1645/1/88 1605/1/88
f 1618/1/89 1650/1/89 1652/1/89 1624/1/89
f 1714/1/89 1717/1/89 1650/1/89 1618/1/89
f 1682/1/88 1685/1/88 1649/1/88 1616/1/88
f 1620/1/75 1616/1/75 1649/1/75 1651/1/75
f 1608/1/76 1646/1/76 1647/1/76 1610/1/76
f 1667/1/75 1670/1/75 1648/1/75 1612/1/75
f 1664/1/75 1671/1/75 1655/1/75 1593/1/75
f 1588/1/76 1653/1/76 1654/1/76 1592/1/76
f 1687/1/88 1686/1/88 1656/1/88 1596/1/88
f 1719/1/89 1718/1/89 1657/1/89 1601/1/89
f 1601/1/89 1657/1/89 1659/1/89 1607/1/89
f 1614/1/88 1660/1/88 1661/1/88 1622/1/88
f 1592/1/75 1654/1/75 1671/1/75 1664/1/75
f 1610/1/75 1647/1/75 1670/1/75 1667/1/75
f 1721/1/75 1628/1/75 1669/1/75 1729/1/75
f 1611/1/75 1629/1/75 1668/1/75 1666/1/75
f 1628/1/75 1610/1/75 1667/1/75 1669/1/75
f 1654/1/75 1611/1/75 1666/1/75 1671/1/75
f 1647/1/75 1595/1/75 1665/1/75 1670/1/75
f 1589/2/69 1662/3/69 1664/4/69 1593/5/69
f 1688/1/88 1703/1/88 1679/1/88 1672/1/88
f 1699/1/88 1702/1/88 1678/1/88 1675/1/88
f 1732/1/88 1701/1/88 1677/1/88 1730/1/88
f 1698/1/88 1700/1/88 1676/1/88 1674/1/88
f 1701/1/88 1699/1/88 1675/1/88 1677/1/88
f 1703/1/88 1698/1/88 1674/1/88 1679/1/88
f 1702/1/88 1697/1/88 1673/1/88 1678/1/88
f 1672/1/88 1679/1/88 1686/1/88 1687/1/88
f 1675/1/88 1678/1/88 1685/1/88 1682/1/88
f 1730/1/88 1677/1/88 1684/1/88 1731/1/88
f 1674/1/88 1676/1/88 1683/1/88 1681/1/88
f 1677/1/88 1675/1/88 1682/1/88 1684/1/88
f 1679/1/88 1674/1/88 1681/1/88 1686/1/88
f 1678/1/88 1673/1/88 1680/1/88 1685/1/88
f 1644/1/88 1598/1/88 1697/1/88 1702/1/88
f 1660/1/88 1614/1/88 1698/1/88 1703/1/88
f 1633/1/88 1615/1/88 1699/1/88 1701/1/88
f 1614/1/88 1632/1/88 1700/1/88 1698/1/88
f 1723/1/88 1633/1/88 1701/1/88 1732/1/88
f 1615/1/88 1644/1/88 1702/1/88 1699/1/88
f 1597/1/88 1660/1/88 1703/1/88 1688/1/88
f 1704/1/89 1711/1/89 1696/1/89 1690/1/89
f 1707/1/89 1710/1/89 1695/1/89 1692/1/89
f 1734/1/89 1709/1/89 1694/1/89 1733/1/89
f 1706/1/89 1708/1/89 1693/1/89 1691/1/89
f 1709/1/89 1707/1/89 1692/1/89 1694/1/89
f 1711/1/89 1706/1/89 1691/1/89 1696/1/89
f 1710/1/89 1705/1/89 1689/1/89 1695/1/89
f 1651/1/89 1602/1/89 1705/1/89 1710/1/89
f 1658/1/89 1621/1/89 1706/1/89 1711/1/89
f 1638/1/89 1620/1/89 1707/1/89 1709/1/89
f 1621/1/89 1639/1/89 1708/1/89 1706/1/89
f 1726/1/89 1638/1/89 1709/1/89 1734/1/89
f 1620/1/89 1651/1/89 1710/1/89 1707/1/89
f 1603/1/89 1658/1/89 1711/1/89 1704/1/89
f 1690/1/89 1696/1/89 1718/1/89 1719/1/89
f 1692/1/89 1695/1/89 1717/1/89 1714/1/89
f 1733/1/89 1694/1/89 1716/1/89 1735/1/89
f 1691/1/89 1693/1/89 1715/1/89 1713/1/89
f 1694/1/89 1692/1/89 1714/1/89 1716/1/89
f 1696/1/89 1691/1/89 1713/1/89 1718/1/89
f 1695/1/89 1689/1/89 1712/1/89 1717/1/89
f 1693/1/89 1733/1/89 1735/1/89 1715/1/89
f 1639/1/89 1726/1/89 1734/1/89 1708/1/89
f 1708/1/89 1734/1/89 1733/1/89 1693/1/89
f 1632/1/88 1723/1/88 1732/1/88 1700/1/88
f 1676/1/88 1730/1/88 1731/1/88 1683/1/88
f 1700/1/88 1732/1/88 1730/1/88 1676/1/88
f 1629/1/75 1721/1/75 1729/1/75 1668/1/75
f 1637/1/89 1725/1/89 1728/1/89 1643/1/89
f 1728/1/89 1642/1/89 1760/1/89 1761/1/89
f 1633/1/88 1723/1/88 1727/1/88 1641/1/88
f 1715/1/89 1735/1/89 1725/1/89 1637/1/89
f 1683/1/88 1731/1/88 1724/1/88 1635/1/88
f 1627/1/76 1720/1/76 1721/1/76 1629/1/76
f 1668/1/75 1729/1/75 1722/1/75 1631/1/75
f 1736/1/127 1742/1/127 1741/1/127 1740/1/127 1745/1/127 1737/1/127
f 1743/1/128 1738/1/128 1739/1/128 1745/1/128 1740/1/128 1744/1/128
f 1742/1/129 1736/1/129 1737/1/129 1747/1/129 1746/1/129 1741/1/129
f 1738/1/130 1743/1/130 1744/1/130 1748/1/130 1749/1/130 1739/1/130
f 1748/1/130 1744/1/130 1753/1/130 1754/1/130
f 1740/1/132 1741/1/132 1752/1/132 1751/1/132
f 1748/1/133 1754/1/133 1775/1/133 1773/1/133
f 1741/1/129 1746/1/129 1750/1/129 1752/1/129
f 1744/1/137 1740/1/137 1751/1/137 1753/1/137
f 1749/1/133 1748/1/133 1773/1/133 1774/1/133
f 1625/1/89 1643/1/89 1758/1/89 1759/1/89
f 1642/1/89 1624/1/89 1757/1/89 1760/1/89
f 1652/1/89 1606/1/89 1755/1/89 1756/1/89
f 1659/1/89 1625/1/89 1759/1/89 1762/1/89
f 1643/1/89 1728/1/89 1761/1/89 1758/1/89
f 1622/1/88 1661/1/88 1766/1/88 1767/1/88
f 1727/1/88 1640/1/88 1770/1/88 1771/1/88
f 1623/1/88 1641/1/88 1768/1/88 1769/1/88
f 1640/1/88 1622/1/88 1767/1/88 1770/1/88
f 1661/1/88 1604/1/88 1765/1/88 1766/1/88
f 1641/1/88 1727/1/88 1771/1/88 1768/1/88
f 1659/1/89 1762/1/89 1772/1/89 1607/1/89
f 1780/1/75 1779/1/75 1782/1/75 1781/1/75
f 1776/1/176 1778/1/176 1782/1/176 1779/1/176
f 1776/1/177 1779/1/177 1777/1/177
f 1787/1/75 1786/1/75 1785/1/75 1788/1/75
f 1784/1/178 1783/1/178 1785/1/178 1786/1/178
f 1789/1/179 1777/1/179 1779/1/179 1780/1/179
f 1788/1/181 1785/1/181 1792/1/181 1793/1/181
f 1789/1/183 1791/1/183 1790/1/183 1777/1/183
f 1794/1/191 1793/1/191 1792/1/191 1795/1/191
f 1796/1/193 1797/1/193 1778/1/193 1776/1/193
f 1801/1/194 1800/1/194 1776/1/194 1777/1/194
f 1799/1/193 1798/1/193 1783/1/193 1784/1/193
f 1802/1/195 1792/1/195 1783/1/195 1803/1/195
f 1802/1/196 1795/1/196 1792/1/196
f 1801/1/197 1777/1/197 1790/1/197
f 1806/1/242 1816/1/242 1817/1/242 1807/1/242
f 1807/1/242 1817/1/242 1824/1/242 1819/1/242
f 1809/1/245 1812/1/245 1820/1/245 1821/1/245
f 1813/1/245 1812/1/245 1809/1/245 1808/1/245
f 1811/1/246 1810/1/246 1812/1/246 1813/1/246
f 1805/1/248 1814/1/248 1815/1/248 1804/1/248
f 1814/1/248 1805/1/248 1818/1/248 1823/1/248
f 1812/1/246 1810/1/246 1822/1/246 1820/1/246
f 1907/1/75 1902/1/75 1831/1/75 1885/1/75
f 1883/1/76 1827/1/76 1832/1/76 1884/1/76
f 1900/1/78 1828/1/78 1831/1/78 1902/1/78
f 1922/1/88 1917/1/88 1836/1/88 1886/1/88
f 1954/1/89 1949/1/89 1837/1/89 1887/1/89
f 1897/1/88 1834/1/88 1841/1/88 1898/1/88
f 1887/1/89 1837/1/89 1843/1/89 1889/1/89
f 1894/1/89 1856/1/89 1862/1/89 1896/1/89
f 1873/1/89 1855/1/89 1861/1/89 1879/1/89
f 1881/1/88 1852/1/88 1860/1/88 1882/1/88
f 1869/1/88 1851/1/88 1859/1/88 1877/1/88
f 1842/1/88 1882/1/88 2000/1/88 2001/1/88
f 1955/1/89 1950/1/89 1856/1/89 1894/1/89
f 1953/1/89 1951/1/89 1855/1/89 1873/1/89
f 1923/1/88 1918/1/88 1854/1/88 1893/1/88
f 1921/1/88 1919/1/88 1853/1/88 1871/1/88
f 1890/1/76 1846/1/76 1848/1/76 1891/1/76
f 1863/1/76 1845/1/76 1847/1/76 1865/1/76
f 1908/1/75 1903/1/75 1850/1/75 1892/1/75
f 1906/1/75 1904/1/75 1849/1/75 1867/1/75
f 1903/1/75 1905/1/75 1868/1/75 1850/1/75
f 1966/1/75 1906/1/75 1867/1/75 1959/1/75
f 1846/1/76 1864/1/76 1866/1/76 1848/1/76
f 1957/1/76 1863/1/76 1865/1/76 1958/1/76
f 1918/1/88 1920/1/88 1872/1/88 1854/1/88
f 1968/1/88 1921/1/88 1871/1/88 1961/1/88
f 1950/1/89 1952/1/89 1874/1/89 1856/1/89
f 1972/1/89 1953/1/89 1873/1/89 1962/1/89
f 1882/1/88 1860/1/88 2006/1/88 2000/1/88
f 1852/1/88 1870/1/88 1878/1/88 1860/1/88
f 1960/1/88 1869/1/88 1877/1/88 1964/1/88
f 1861/1/89 1889/1/89 1993/1/89 1994/1/89
f 1856/1/89 1874/1/89 1880/1/89 1862/1/89
f 1962/1/89 1873/1/89 1879/1/89 1965/1/89
f 1835/1/88 1881/1/88 1882/1/88 1842/1/88
f 1855/1/89 1887/1/89 1889/1/89 1861/1/89
f 1951/1/89 1954/1/89 1887/1/89 1855/1/89
f 1919/1/88 1922/1/88 1886/1/88 1853/1/88
f 1857/1/75 1853/1/75 1886/1/75 1888/1/75
f 1845/1/76 1883/1/76 1884/1/76 1847/1/76
f 1904/1/75 1907/1/75 1885/1/75 1849/1/75
f 1901/1/75 1908/1/75 1892/1/75 1830/1/75
f 1825/1/76 1890/1/76 1891/1/76 1829/1/76
f 1924/1/88 1923/1/88 1893/1/88 1833/1/88
f 1956/1/89 1955/1/89 1894/1/89 1838/1/89
f 1838/1/89 1894/1/89 1896/1/89 1844/1/89
f 1851/1/88 1897/1/88 1898/1/88 1859/1/88
f 1829/1/75 1891/1/75 1908/1/75 1901/1/75
f 1847/1/75 1884/1/75 1907/1/75 1904/1/75
f 1958/1/75 1865/1/75 1906/1/75 1966/1/75
f 1848/1/75 1866/1/75 1905/1/75 1903/1/75
f 1865/1/75 1847/1/75 1904/1/75 1906/1/75
f 1891/1/75 1848/1/75 1903/1/75 1908/1/75
f 1884/1/75 1832/1/75 1902/1/75 1907/1/75
f 1826/2/69 1899/3/69 1901/4/69 1830/5/69
f 1925/1/88 1940/1/88 1916/1/88 1909/1/88
f 1936/1/88 1939/1/88 1915/1/88 1912/1/88
f 1969/1/88 1938/1/88 1914/1/88 1967/1/88
f 1935/1/88 1937/1/88 1913/1/88 1911/1/88
f 1938/1/88 1936/1/88 1912/1/88 1914/1/88
f 1940/1/88 1935/1/88 1911/1/88 1916/1/88
f 1939/1/88 1934/1/88 1910/1/88 1915/1/88
f 1909/1/88 1916/1/88 1923/1/88 1924/1/88
f 1912/1/88 1915/1/88 1922/1/88 1919/1/88
f 1967/1/88 1914/1/88 1921/1/88 1968/1/88
f 1911/1/88 1913/1/88 1920/1/88 1918/1/88
f 1914/1/88 1912/1/88 1919/1/88 1921/1/88
f 1916/1/88 1911/1/88 1918/1/88 1923/1/88
f 1915/1/88 1910/1/88 1917/1/88 1922/1/88
f 1881/1/88 1835/1/88 1934/1/88 1939/1/88
f 1897/1/88 1851/1/88 1935/1/88 1940/1/88
f 1870/1/88 1852/1/88 1936/1/88 1938/1/88
f 1851/1/88 1869/1/88 1937/1/88 1935/1/88
f 1960/1/88 1870/1/88 1938/1/88 1969/1/88
f 1852/1/88 1881/1/88 1939/1/88 1936/1/88
f 1834/1/88 1897/1/88 1940/1/88 1925/1/88
f 1941/1/89 1948/1/89 1933/1/89 1927/1/89
f 1944/1/89 1947/1/89 1932/1/89 1929/1/89
f 1971/1/89 1946/1/89 1931/1/89 1970/1/89
f 1943/1/89 1945/1/89 1930/1/89 1928/1/89
f 1946/1/89 1944/1/89 1929/1/89 1931/1/89
f 1948/1/89 1943/1/89 1928/1/89 1933/1/89
f 1947/1/89 1942/1/89 1926/1/89 1932/1/89
f 1888/1/89 1839/1/89 1942/1/89 1947/1/89
f 1895/1/89 1858/1/89 1943/1/89 1948/1/89
f 1875/1/89 1857/1/89 1944/1/89 1946/1/89
f 1858/1/89 1876/1/89 1945/1/89 1943/1/89
f 1963/1/89 1875/1/89 1946/1/89 1971/1/89
f 1857/1/89 1888/1/89 1947/1/89 1944/1/89
f 1840/1/89 1895/1/89 1948/1/89 1941/1/89
f 1927/1/89 1933/1/89 1955/1/89 1956/1/89
f 1929/1/89 1932/1/89 1954/1/89 1951/1/89
f 1970/1/89 1931/1/89 1953/1/89 1972/1/89
f 1928/1/89 1930/1/89 1952/1/89 1950/1/89
f 1931/1/89 1929/1/89 1951/1/89 1953/1/89
f 1933/1/89 1928/1/89 1950/1/89 1955/1/89
f 1932/1/89 1926/1/89 1949/1/89 1954/1/89
f 1930/1/89 1970/1/89 1972/1/89 1952/1/89
f 1876/1/89 1963/1/89 1971/1/89 1945/1/89
f 1945/1/89 1971/1/89 1970/1/89 1930/1/89
f 1869/1/88 1960/1/88 1969/1/88 1937/1/88
f 1913/1/88 1967/1/88 1968/1/88 1920/1/88
f 1937/1/88 1969/1/88 1967/1/88 1913/1/88
f 1866/1/75 1958/1/75 1966/1/75 1905/1/75
f 1874/1/89 1962/1/89 1965/1/89 1880/1/89
f 1965/1/89 1879/1/89 1997/1/89 1998/1/89
f 1870/1/88 1960/1/88 1964/1/88 1878/1/88
f 1952/1/89 1972/1/89 1962/1/89 1874/1/89
f 1920/1/88 1968/1/88 1961/1/88 1872/1/88
f 1864/1/76 1957/1/76 1958/1/76 1866/1/76
f 1905/1/75 1966/1/75 1959/1/75 1868/1/75
f 1973/1/127 1979/1/127 1978/1/127 1977/1/127 1982/1/127 1974/1/127
f 1980/1/128 1975/1/128 1976/1/128 1982/1/128 1977/1/128 1981/1/128
f 1979/1/129 1973/1/129 1974/1/129 1984/1/129 1983/1/129 1978/1/129
f 1975/1/130 1980/1/130 1981/1/130 1985/1/130 1986/1/130 1976/1/130
f 1985/1/130 1981/1/130 1990/1/130 1991/1/130
f 1977/1/132 1978/1/132 1989/1/132 1988/1/132
f 1985/1/133 1991/1/133 2012/1/133 2010/1/133
f 1978/1/129 1983/1/129 1987/1/129 1989/1/129
f 1981/1/137 1977/1/137 1988/1/137 1990/1/137
f 1986/1/133 1985/1/133 2010/1/133 2011/1/133
f 1862/1/89 1880/1/89 1995/1/89 1996/1/89
f 1879/1/89 1861/1/89 1994/1/89 1997/1/89
f 1889/1/89 1843/1/89 1992/1/89 1993/1/89
f 1896/1/89 1862/1/89 1996/1/89 1999/1/89
f 1880/1/89 1965/1/89 1998/1/89 1995/1/89
f 1859/1/88 1898/1/88 2003/1/88 2004/1/88
f 1964/1/88 1877/1/88 2007/1/88 2008/1/88
f 1860/1/88 1878/1/88 2005/1/88 2006/1/88
f 1877/1/88 1859/1/88 2004/1/88 2007/1/88
f 1898/1/88 1841/1/88 2002/1/88 2003/1/88
f 1878/1/88 1964/1/88 2008/1/88 2005/1/88
f 1896/1/89 1999/1/89 2009/1/89 1844/1/89
f 2017/1/75 2016/1/75 2019/1/75 2018/1/75
f 2013/1/176 2015/1/176 2019/1/176 2016/1/176
f 2013/1/177 2016/1/177 2014/1/177
f 2024/1/75 2023/1/75 2022/1/75 2025/1/75
f 2021/1/178 2020/1/178 2022/1/178 2023/1/178
f 2026/1/179 2014/1/179 2016/1/179 2017/1/179
f 2025/1/181 2022/1/181 2029/1/181 2030/1/181
f 2026/1/183 2028/1/183 2027/1/183 2014/1/183
f 2031/1/191 2030/1/191 2029/1/191 2032/1/191
f 2033/1/193 2034/1/193 2015/1/193 2013/1/193
f 2038/1/194 2037/1/194 2013/1/194 2014/1/194
f 2036/1/193 2035/1/193 2020/1/193 2021/1/193
f 2039/1/195 2029/1/195 2020/1/195 2040/1/195
f 2039/1/196 2032/1/196 2029/1/196
f 2038/1/197 2014/1/197 2027/1/197
f 2043/1/242 2053/1/242 2054/1/242 2044/1/242
f 2044/1/242 2054/1/242 2061/1/242 2056/1/242
f 2046/1/245 2049/1/245 2057/1/245 2058/1/245
f 2050/1/245 2049/1/245 2046/1/245 2045/1/245
f 2048/1/246 2047/1/246 2049/1/246 2050/1/246
f 2042/1/248 2051/1/248 2052/1/248 2041/1/248
f 2051/1/248 2042/1/248 2055/1/248 2060/1/248
f 2049/1/246 2047/1/246 2059/1/246 2057/1/246
l 371 344
l 511 361
l 361 360
l 392 391
l 472 426
l 1012 1003
l 425 471
l 361 947
l 1170 469
l 1061 1175
l 1002 1223
l 350 1290
l 1285 1291
l 1435 1434
l 1434 1436
l 1437 1435
l 1464 1469
o Плоскость.009
v -0.323722 6.466271 -7.831790
v -0.683448 6.466271 -7.831790
v -0.323722 6.825997 -7.831790
v -0.683448 6.825997 -7.831790
v -0.503555 6.466271 -7.831790
v -0.503555 6.916741 -7.831790
v -0.350333 6.495122 -7.831790
v -0.656833 6.495122 -7.831790
v -0.350333 6.801622 -7.831790
v -0.656833 6.801622 -7.831790
v -0.503557 6.495122 -7.831790
v -0.503557 6.878939 -7.831790
v -0.361998 6.507769 -7.831790
v -0.645167 6.507769 -7.831790
v -0.361998 6.790938 -7.831790
v -0.645167 6.790938 -7.831790
v -0.503559 6.507769 -7.831790
v -0.503559 6.862370 -7.831790
v -0.323722 6.466271 -7.881594
v -0.683448 6.466271 -7.881594
v -0.323722 6.825997 -7.881594
v -0.683448 6.825997 -7.881594
v -0.503555 6.466271 -7.881594
v -0.503555 6.916741 -7.881594
v -0.350333 6.495122 -7.881594
v -0.656833 6.495122 -7.881594
v -0.350333 6.801622 -7.881594
v -0.656833 6.801622 -7.881594
v -0.503557 6.495122 -7.881594
v -0.503557 6.878939 -7.881594
v -0.503559 6.862370 -7.863956
v -0.645167 6.790938 -7.863956
v -0.645167 6.507769 -7.863956
v -0.503559 6.507769 -7.863956
v -0.361998 6.507769 -7.863956
v -0.361998 6.790938 -7.863956
v -0.350333 6.801622 -7.872711
v -0.350333 6.495122 -7.872711
v -0.503557 6.495122 -7.872711
v -0.656833 6.495122 -7.872711
v -0.656833 6.801622 -7.872711
v -0.503557 6.878939 -7.872711
v -0.361998 6.790938 -7.872711
v -0.361998 6.507769 -7.872711
v -0.503559 6.507769 -7.872711
v -0.645167 6.507769 -7.872711
v -0.645167 6.790938 -7.872711
v -0.503559 6.862370 -7.872711
v -0.129381 4.242785 -11.835765
v -0.850076 4.242785 -11.835765
v -0.129380 5.195670 -11.835765
v -0.850076 5.195670 -11.835765
v -0.100398 5.195670 -11.835765
v -0.878180 5.195670 -11.835765
v -0.129380 5.264993 -11.835765
v -0.850076 5.264993 -11.835765
v -0.073922 5.264993 -11.835765
v -0.905535 5.264993 -11.835765
v -0.129380 5.195670 -11.883464
v -0.129381 4.242785 -11.883464
v -0.850076 4.242785 -11.883464
v -0.850076 5.195670 -11.883464
v -0.100398 5.195670 -11.883464
v -0.878180 5.195670 -11.883464
v -0.850076 5.264993 -11.883464
v -0.129380 5.264993 -11.883464
v -0.073922 5.264993 -11.883464
v -0.905535 5.264993 -11.883464
v -0.850076 5.195670 -11.930858
v -0.129380 5.195670 -11.930858
v -0.100398 5.195670 -11.930858
v -0.883481 5.195670 -11.930858
v -0.850076 5.264993 -11.930858
v -0.129380 5.264993 -11.930858
v -0.073922 5.264993 -11.930858
v -0.905535 5.264993 -11.930858
v -0.201727 5.100016 -11.883464
v -0.201727 4.315272 -11.883464
v -0.777730 4.315272 -11.883464
v -0.777729 5.100016 -11.883464
v -0.129381 4.858951 -11.835765
v -0.850076 4.858951 -11.835765
v -0.129381 4.858951 -11.883464
v -0.850076 4.858951 -11.883464
v -0.201727 4.885262 -11.883464
v -0.777730 4.885262 -11.883464
v -0.129381 4.814471 -11.835765
v -0.129381 4.814471 -11.883464
v -0.201727 4.852384 -11.883464
v -0.850076 4.814471 -11.835765
v -0.850076 4.814471 -11.883464
v -0.777730 4.852384 -11.883464
v -0.129381 4.657883 -11.835765
v -0.129381 4.657883 -11.883464
v -0.201727 4.727009 -11.883464
v -0.850076 4.657882 -11.835765
v -0.850076 4.657882 -11.883464
v -0.777730 4.727009 -11.883464
v -0.129381 4.618528 -11.835765
v -0.129381 4.618528 -11.883464
v -0.201727 4.694600 -11.883464
v -0.850076 4.618528 -11.835765
v -0.850076 4.618528 -11.883464
v -0.777730 4.694600 -11.883464
v -0.457565 4.242785 -11.835765
v -0.457565 5.195670 -11.835765
v -0.457565 5.264993 -11.835765
v -0.457565 4.242785 -11.883464
v -0.457565 5.195670 -11.883464
v -0.457565 5.264993 -11.883464
v -0.457565 5.195670 -11.930858
v -0.457565 5.264993 -11.930858
v -0.467789 4.315272 -11.883464
v -0.467789 5.100016 -11.883464
v -0.467789 4.885262 -11.883464
v -0.457565 4.858951 -11.835765
v -0.457565 4.814471 -11.835765
v -0.467789 4.852384 -11.883464
v -0.467789 4.727009 -11.883464
v -0.457565 4.657882 -11.835765
v -0.457565 4.618528 -11.835765
v -0.467789 4.694600 -11.883464
v -0.497874 4.242785 -11.835765
v -0.497874 4.242785 -11.883464
v -0.493144 4.315272 -11.883464
v -0.497874 4.858951 -11.835765
v -0.497874 4.814471 -11.835765
v -0.497874 4.657882 -11.835765
v -0.497874 4.618528 -11.835765
v -0.497874 5.195670 -11.835765
v -0.497874 5.264993 -11.835765
v -0.497874 5.195670 -11.883464
v -0.497874 5.264993 -11.883464
v -0.497874 5.195670 -11.930858
v -0.497874 5.264993 -11.930858
v -0.493144 5.100016 -11.883464
v -0.493144 4.885262 -11.883464
v -0.493144 4.852384 -11.883464
v -0.493144 4.727009 -11.883464
v -0.496911 4.694600 -11.883464
v -0.201727 4.694600 -11.858928
v -0.201727 4.315272 -11.858928
v -0.493144 4.315272 -11.858928
v -0.777730 4.315272 -11.858928
v -0.777730 4.885262 -11.858928
v -0.777729 5.100016 -11.858928
v -0.467789 5.100016 -11.858928
v -0.201727 5.100016 -11.858928
v -0.201727 4.885262 -11.858928
v -0.467789 4.885262 -11.858928
v -0.777730 4.727009 -11.858928
v -0.777730 4.852384 -11.858928
v -0.467789 4.852384 -11.858928
v -0.201727 4.852384 -11.858928
v -0.201727 4.727009 -11.858928
v -0.467789 4.727009 -11.858928
v -0.777730 4.694600 -11.858928
v -0.467789 4.694600 -11.858928
v -0.467789 4.315272 -11.858928
v -0.493144 5.100016 -11.858928
v -0.493144 4.885262 -11.858928
v -0.493144 4.852384 -11.858928
v -0.493144 4.727009 -11.858928
v -0.496911 4.694600 -11.858928
v -0.127399 4.186760 -11.836327
v -0.147375 4.087593 -11.836327
v -0.127399 4.125434 -11.836327
v -0.138916 4.102400 -11.836327
v -0.164388 4.071141 -11.836327
v -0.184982 4.060184 -11.836327
v -0.204725 4.067851 -11.836327
v -0.227524 4.087593 -11.836327
v -0.235984 4.105925 -11.836327
v -0.231049 4.118970 -11.836327
v -0.215507 4.132014 -11.836327
v -0.214596 4.147556 -11.836327
v -0.240920 4.158338 -11.836327
v -0.283695 4.169178 -11.836327
v -0.313310 4.165036 -11.836327
v -0.347859 4.145176 -11.836327
v -0.370893 4.128724 -11.836327
v -0.397216 4.119588 -11.836327
v -0.422805 4.125434 -11.836327
v -0.433353 4.141150 -11.836327
v -0.439992 4.153461 -11.836327
v -0.453037 4.156693 -11.836327
v -0.457180 4.138596 -11.836327
v -0.471076 4.128724 -11.836327
v -0.486058 4.130369 -11.836327
v -0.486058 4.210985 -11.836327
v -0.127399 4.210985 -11.836327
v -0.847285 4.186760 -11.836327
v -0.827308 4.087593 -11.836327
v -0.847285 4.125434 -11.836327
v -0.835768 4.102400 -11.836327
v -0.810296 4.071141 -11.836327
v -0.789702 4.060184 -11.836327
v -0.769959 4.067851 -11.836327
v -0.747159 4.087593 -11.836327
v -0.738700 4.105925 -11.836327
v -0.743636 4.118970 -11.836327
v -0.759177 4.132014 -11.836327
v -0.760088 4.147556 -11.836327
v -0.733764 4.158338 -11.836327
v -0.690988 4.169178 -11.836327
v -0.661374 4.165036 -11.836327
v -0.626824 4.145176 -11.836327
v -0.603791 4.128724 -11.836327
v -0.577468 4.119588 -11.836327
v -0.551879 4.125434 -11.836327
v -0.541331 4.141150 -11.836327
v -0.534692 4.153461 -11.836327
v -0.521646 4.156693 -11.836327
v -0.517504 4.138596 -11.836327
v -0.503608 4.128724 -11.836327
v -0.488625 4.130369 -11.836327
v -0.488625 4.210985 -11.836327
v -0.847285 4.210985 -11.836327
v -0.127399 4.186760 -11.867115
v -0.147375 4.087593 -11.867115
v -0.127399 4.125434 -11.867115
v -0.138916 4.102400 -11.867115
v -0.164388 4.071141 -11.867115
v -0.184982 4.060184 -11.867115
v -0.204725 4.067851 -11.867115
v -0.227524 4.087593 -11.867115
v -0.235984 4.105925 -11.867115
v -0.231049 4.118970 -11.867115
v -0.215507 4.132014 -11.867115
v -0.214596 4.147556 -11.867115
v -0.240920 4.158338 -11.867115
v -0.283695 4.169178 -11.867115
v -0.313310 4.165036 -11.867115
v -0.347859 4.145176 -11.867115
v -0.370893 4.128724 -11.867115
v -0.397216 4.119588 -11.867115
v -0.422805 4.125434 -11.867115
v -0.433353 4.141150 -11.867115
v -0.439992 4.153461 -11.867115
v -0.453037 4.156693 -11.867115
v -0.457180 4.138596 -11.867115
v -0.471076 4.128724 -11.867115
v -0.486058 4.130369 -11.867115
v -0.486058 4.210985 -11.867115
v -0.127399 4.210985 -11.867115
v -0.847285 4.186760 -11.867115
v -0.827308 4.087593 -11.867115
v -0.847285 4.125434 -11.867115
v -0.835768 4.102400 -11.867115
v -0.810296 4.071141 -11.867115
v -0.789702 4.060184 -11.867115
v -0.769959 4.067851 -11.867115
v -0.747159 4.087593 -11.867115
v -0.738700 4.105925 -11.867115
v -0.743636 4.118970 -11.867115
v -0.759177 4.132014 -11.867115
v -0.760088 4.147556 -11.867115
v -0.733764 4.158338 -11.867115
v -0.690988 4.169178 -11.867115
v -0.661374 4.165036 -11.867115
v -0.626824 4.145176 -11.867115
v -0.603791 4.128724 -11.867115
v -0.577468 4.119588 -11.867115
v -0.551879 4.125434 -11.867115
v -0.541331 4.141150 -11.867115
v -0.534692 4.153461 -11.867115
v -0.521646 4.156693 -11.867115
v -0.517504 4.138596 -11.867115
v -0.503608 4.128724 -11.867115
v -0.488625 4.130369 -11.867115
v -0.488625 4.210985 -11.867115
v -0.847285 4.210985 -11.867115
v -0.486058 4.243320 -11.836327
v -0.095673 4.243320 -11.836327
v -0.488625 4.243320 -11.836327
v -0.879011 4.243320 -11.836327
v -0.486058 4.243320 -11.903821
v -0.095673 4.243320 -11.903821
v -0.488625 4.243320 -11.903821
v -0.879011 4.243320 -11.903821
v -3.998051 4.617848 -2.397517
v -3.998051 4.617848 -1.345116
v -3.998050 6.009306 -2.397517
v -3.998050 6.009306 -1.345116
v -3.998050 6.009306 -2.439840
v -3.998050 6.009306 -1.304077
v -3.998050 6.110536 -2.397517
v -3.998050 6.110536 -1.345116
v -3.998050 6.110536 -2.478501
v -3.998050 6.110536 -1.264132
v -4.067703 6.009306 -2.397517
v -4.067703 4.617848 -2.397517
v -4.067703 4.617848 -1.345116
v -4.067703 6.009306 -1.345116
v -4.067703 6.009306 -2.439840
v -4.067703 6.009306 -1.304077
v -4.067703 6.110536 -1.345116
v -4.067703 6.110536 -2.397517
v -4.067703 6.110536 -2.478501
v -4.067703 6.110536 -1.264132
v -4.136912 6.009306 -1.345116
v -4.136912 6.009306 -2.397517
v -4.136912 6.009306 -2.439840
v -4.136912 6.009306 -1.296337
v -4.136912 6.110536 -1.345116
v -4.136912 6.110536 -2.397517
v -4.136912 6.110536 -2.478501
v -4.136912 6.110536 -1.264132
v -4.067703 5.869626 -2.291873
v -4.067703 4.723699 -2.291873
v -4.067703 4.723699 -1.450760
v -4.067703 5.869626 -1.450760
v -3.998050 5.517609 -2.397517
v -3.998050 5.517609 -1.345116
v -4.067703 5.517609 -2.397517
v -4.067703 5.517609 -1.345116
v -4.067703 5.556030 -2.291873
v -4.067703 5.556030 -1.450760
v -3.998050 5.452657 -2.397517
v -4.067703 5.452657 -2.397517
v -4.067703 5.508019 -2.291873
v -3.998050 5.452657 -1.345116
v -4.067703 5.452657 -1.345116
v -4.067703 5.508019 -1.450760
v -3.998050 5.223997 -2.397517
v -4.067703 5.223997 -2.397517
v -4.067703 5.324940 -2.291873
v -3.998050 5.223997 -1.345116
v -4.067703 5.223997 -1.345116
v -4.067703 5.324940 -1.450760
v -3.998051 5.166530 -2.397517
v -4.067703 5.166530 -2.397517
v -4.067703 5.277614 -2.291873
v -3.998050 5.166530 -1.345116
v -4.067703 5.166530 -1.345116
v -4.067703 5.277614 -1.450760
v -3.998051 4.617848 -1.918283
v -3.998050 6.009306 -1.918283
v -3.998050 6.110536 -1.918283
v -4.067703 4.617848 -1.918283
v -4.067703 6.009306 -1.918283
v -4.067703 6.110536 -1.918283
v -4.136912 6.009306 -1.918283
v -4.136912 6.110536 -1.918283
v -4.067703 4.723699 -1.903353
v -4.067703 5.869626 -1.903353
v -4.067703 5.556030 -1.903353
v -3.998050 5.517609 -1.918283
v -3.998050 5.452657 -1.918283
v -4.067703 5.508019 -1.903353
v -4.067703 5.324940 -1.903353
v -3.998050 5.223997 -1.918283
v -3.998050 5.166530 -1.918283
v -4.067703 5.277614 -1.903353
v -3.998051 4.617848 -1.859422
v -4.067703 4.617848 -1.859422
v -4.067703 4.723699 -1.866329
v -3.998050 5.517609 -1.859422
v -3.998050 5.452657 -1.859422
v -3.998050 5.223997 -1.859422
v -3.998050 5.166530 -1.859422
v -3.998050 6.009306 -1.859422
v -3.998050 6.110536 -1.859422
v -4.067703 6.009306 -1.859422
v -4.067703 6.110536 -1.859422
v -4.136912 6.009306 -1.859422
v -4.136912 6.110536 -1.859422
v -4.067703 5.869626 -1.866329
v -4.067703 5.556030 -1.866329
v -4.067703 5.508019 -1.866329
v -4.067703 5.324940 -1.866329
v -4.067703 5.277614 -1.860829
v -4.031876 5.277614 -2.291873
v -4.031876 4.723699 -2.291873
v -4.031876 4.723699 -1.866329
v -4.031876 4.723699 -1.450760
v -4.031876 5.556030 -1.450760
v -4.031876 5.869626 -1.450760
v -4.031876 5.869626 -1.903353
v -4.031876 5.869626 -2.291873
v -4.031876 5.556030 -2.291873
v -4.031876 5.556030 -1.903353
v -4.031876 5.324940 -1.450760
v -4.031876 5.508019 -1.450760
v -4.031876 5.508019 -1.903353
v -4.031876 5.508019 -2.291873
v -4.031876 5.324940 -2.291873
v -4.031876 5.324940 -1.903353
v -4.031876 5.277614 -1.450760
v -4.031876 5.277614 -1.903353
v -4.031876 4.723699 -1.903353
v -4.031876 5.869626 -1.866329
v -4.031876 5.556030 -1.866329
v -4.031876 5.508019 -1.866329
v -4.031876 5.324940 -1.866329
v -4.031876 5.277614 -1.860829
v -3.998872 4.536036 -2.400411
v -3.998872 4.391228 -2.371240
v -3.998872 4.446485 -2.400411
v -3.998872 4.412850 -2.383594
v -3.998872 4.367204 -2.346398
v -3.998872 4.351204 -2.316325
v -3.998872 4.362398 -2.287496
v -3.998872 4.391228 -2.254202
v -3.998872 4.417996 -2.241849
v -3.998872 4.437045 -2.249056
v -3.998872 4.456094 -2.271751
v -3.998872 4.478789 -2.273081
v -3.998872 4.494534 -2.234641
v -3.998872 4.510363 -2.172178
v -3.998872 4.504314 -2.128933
v -3.998872 4.475314 -2.078482
v -3.998872 4.451289 -2.044847
v -3.998872 4.437948 -2.006408
v -3.998872 4.446485 -1.969042
v -3.998872 4.469436 -1.953639
v -3.998872 4.487411 -1.943944
v -3.998872 4.492131 -1.924895
v -3.998872 4.465704 -1.918846
v -3.998872 4.451289 -1.898553
v -3.998872 4.453691 -1.876675
v -3.998872 4.571412 -1.876675
v -3.998872 4.571412 -2.400411
v -3.998872 4.536036 -1.349192
v -3.998872 4.391228 -1.378362
v -3.998872 4.446485 -1.349192
v -3.998872 4.412850 -1.366009
v -3.998872 4.367204 -1.403204
v -3.998872 4.351204 -1.433278
v -3.998872 4.362398 -1.462107
v -3.998872 4.391228 -1.495401
v -3.998872 4.417996 -1.507754
v -3.998872 4.437045 -1.500547
v -3.998872 4.456094 -1.477851
v -3.998872 4.478789 -1.476522
v -3.998872 4.494534 -1.514961
v -3.998872 4.510363 -1.577425
v -3.998872 4.504314 -1.620669
v -3.998872 4.475314 -1.671121
v -3.998872 4.451289 -1.704755
v -3.998872 4.437948 -1.743195
v -3.998872 4.446485 -1.780561
v -3.998872 4.469436 -1.795963
v -3.998872 4.487411 -1.805658
v -3.998872 4.492131 -1.824708
v -3.998872 4.465704 -1.830756
v -3.998872 4.451289 -1.851049
v -3.998872 4.453691 -1.872927
v -3.998872 4.571412 -1.872927
v -3.998872 4.571412 -1.349192
v -4.043831 4.536036 -2.400411
v -4.043831 4.391228 -2.371240
v -4.043831 4.446485 -2.400411
v -4.043831 4.412850 -2.383594
v -4.043831 4.367204 -2.346398
v -4.043831 4.351204 -2.316325
v -4.043831 4.362398 -2.287496
v -4.043831 4.391228 -2.254202
v -4.043831 4.417996 -2.241849
v -4.043831 4.437045 -2.249056
v -4.043831 4.456094 -2.271751
v -4.043831 4.478789 -2.273081
v -4.043831 4.494534 -2.234641
v -4.043831 4.510363 -2.172178
v -4.043831 4.504314 -2.128933
v -4.043831 4.475314 -2.078482
v -4.043831 4.451289 -2.044847
v -4.043831 4.437948 -2.006408
v -4.043831 4.446485 -1.969042
v -4.043831 4.469436 -1.953639
v -4.043831 4.487411 -1.943944
v -4.043831 4.492131 -1.924895
v -4.043831 4.465704 -1.918846
v -4.043831 4.451289 -1.898553
v -4.043831 4.453691 -1.876675
v -4.043831 4.571412 -1.876675
v -4.043831 4.571412 -2.400411
v -4.043831 4.536036 -1.349192
v -4.043831 4.391228 -1.378362
v -4.043831 4.446485 -1.349192
v -4.043831 4.412850 -1.366009
v -4.043831 4.367204 -1.403204
v -4.043831 4.351204 -1.433278
v -4.043831 4.362398 -1.462107
v -4.043831 4.391228 -1.495401
v -4.043831 4.417996 -1.507754
v -4.043831 4.437045 -1.500547
v -4.043831 4.456094 -1.477851
v -4.043831 4.478789 -1.476522
v -4.043831 4.494534 -1.514961
v -4.043831 4.510363 -1.577425
v -4.043831 4.504314 -1.620669
v -4.043831 4.475314 -1.671121
v -4.043831 4.451289 -1.704755
v -4.043831 4.437948 -1.743195
v -4.043831 4.446485 -1.780561
v -4.043831 4.469436 -1.795963
v -4.043831 4.487411 -1.805658
v -4.043831 4.492131 -1.824708
v -4.043831 4.465704 -1.830756
v -4.043831 4.451289 -1.851049
v -4.043831 4.453691 -1.872927
v -4.043831 4.571412 -1.872927
v -4.043831 4.571412 -1.349192
v -3.998872 4.618629 -1.876675
v -3.998872 4.618629 -2.446739
v -3.998872 4.618629 -1.872927
v -3.998872 4.618629 -1.302864
v -4.097432 4.618629 -1.876675
v -4.097432 4.618629 -2.446739
v -4.097432 4.618629 -1.872927
v -4.097432 4.618629 -1.302864
v -3.998051 4.617848 1.381976
v -3.998051 4.617848 2.434378
v -3.998050 6.009306 1.381976
v -3.998050 6.009306 2.434378
v -3.998050 6.009306 1.339654
v -3.998050 6.009306 2.475417
v -3.998050 6.110536 1.381976
v -3.998050 6.110536 2.434378
v -3.998050 6.110536 1.300992
v -3.998050 6.110536 2.515362
v -4.067703 6.009306 1.381976
v -4.067703 4.617848 1.381976
v -4.067703 4.617848 2.434378
v -4.067703 6.009306 2.434378
v -4.067703 6.009306 1.339654
v -4.067703 6.009306 2.475417
v -4.067703 6.110536 2.434378
v -4.067703 6.110536 1.381976
v -4.067703 6.110536 1.300992
v -4.067703 6.110536 2.515362
v -4.136912 6.009306 2.434378
v -4.136912 6.009306 1.381976
v -4.136912 6.009306 1.339654
v -4.136912 6.009306 2.483157
v -4.136912 6.110536 2.434378
v -4.136912 6.110536 1.381976
v -4.136912 6.110536 1.300992
v -4.136912 6.110536 2.515362
v -4.067703 5.869626 1.487621
v -4.067703 4.723699 1.487621
v -4.067703 4.723699 2.328733
v -4.067703 5.869626 2.328733
v -3.998050 5.517609 1.381976
v -3.998050 5.517609 2.434378
v -4.067703 5.517609 1.381976
v -4.067703 5.517609 2.434378
v -4.067703 5.556030 1.487621
v -4.067703 5.556030 2.328733
v -3.998050 5.452657 1.381976
v -4.067703 5.452657 1.381976
v -4.067703 5.508019 1.487621
v -3.998050 5.452657 2.434378
v -4.067703 5.452657 2.434378
v -4.067703 5.508019 2.328733
v -3.998050 5.223997 1.381976
v -4.067703 5.223997 1.381976
v -4.067703 5.324940 1.487621
v -3.998050 5.223997 2.434378
v -4.067703 5.223997 2.434378
v -4.067703 5.324940 2.328733
v -3.998050 5.166530 1.381976
v -4.067703 5.166530 1.381976
v -4.067703 5.277614 1.487621
v -3.998050 5.166530 2.434378
v -4.067703 5.166530 2.434378
v -4.067703 5.277614 2.328733
v -3.998051 4.617848 1.861211
v -3.998050 6.009306 1.861211
v -3.998050 6.110536 1.861211
v -4.067703 4.617848 1.861211
v -4.067703 6.009306 1.861211
v -4.067703 6.110536 1.861211
v -4.136912 6.009306 1.861211
v -4.136912 6.110536 1.861211
v -4.067703 4.723699 1.876141
v -4.067703 5.869626 1.876141
v -4.067703 5.556030 1.876141
v -3.998050 5.517609 1.861211
v -3.998050 5.452657 1.861211
v -4.067703 5.508019 1.876141
v -4.067703 5.324940 1.876141
v -3.998050 5.223997 1.861211
v -3.998050 5.166530 1.861211
v -4.067703 5.277614 1.876141
v -3.998051 4.617848 1.920072
v -4.067703 4.617848 1.920072
v -4.067703 4.723699 1.913165
v -3.998050 5.517609 1.920072
v -3.998050 5.452657 1.920072
v -3.998050 5.223997 1.920072
v -3.998050 5.166530 1.920072
v -3.998050 6.009306 1.920072
v -3.998050 6.110536 1.920072
v -4.067703 6.009306 1.920072
v -4.067703 6.110536 1.920072
v -4.136912 6.009306 1.920072
v -4.136912 6.110536 1.920072
v -4.067703 5.869626 1.913165
v -4.067703 5.556030 1.913165
v -4.067703 5.508019 1.913165
v -4.067703 5.324940 1.913165
v -4.067703 5.277614 1.918665
v -4.031876 5.277614 1.487621
v -4.031876 4.723699 1.487621
v -4.031876 4.723699 1.913165
v -4.031876 4.723699 2.328733
v -4.031876 5.556030 2.328733
v -4.031875 5.869626 2.328733
v -4.031875 5.869626 1.876141
v -4.031875 5.869626 1.487621
v -4.031876 5.556030 1.487621
v -4.031876 5.556030 1.876141
v -4.031876 5.324940 2.328733
v -4.031876 5.508019 2.328733
v -4.031876 5.508019 1.876141
v -4.031876 5.508019 1.487621
v -4.031876 5.324940 1.487621
v -4.031876 5.324940 1.876141
v -4.031876 5.277614 2.328733
v -4.031876 5.277614 1.876141
v -4.031876 4.723699 1.876141
v -4.031875 5.869626 1.913165
v -4.031876 5.556030 1.913165
v -4.031876 5.508019 1.913165
v -4.031876 5.324940 1.913165
v -4.031876 5.277614 1.918665
v -3.998872 4.536036 1.379083
v -3.998872 4.391228 1.408253
v -3.998872 4.446485 1.379083
v -3.998872 4.412850 1.395900
v -3.998872 4.367204 1.433095
v -3.998872 4.351204 1.463169
v -3.998872 4.362398 1.491998
v -3.998872 4.391228 1.525292
v -3.998872 4.417996 1.537645
v -3.998872 4.437045 1.530438
v -3.998872 4.456094 1.507742
v -3.998872 4.478789 1.506413
v -3.998872 4.494534 1.544852
v -3.998872 4.510363 1.607316
v -3.998872 4.504314 1.650560
v -3.998872 4.475314 1.701012
v -3.998872 4.451289 1.734646
v -3.998872 4.437948 1.773086
v -3.998872 4.446485 1.810452
v -3.998872 4.469436 1.825854
v -3.998872 4.487411 1.835549
v -3.998872 4.492131 1.854599
v -3.998872 4.465704 1.860647
v -3.998872 4.451289 1.880940
v -3.998872 4.453691 1.902818
v -3.998872 4.571412 1.902818
v -3.998872 4.571412 1.379083
v -3.998872 4.536036 2.430302
v -3.998872 4.391228 2.401131
v -3.998872 4.446485 2.430302
v -3.998872 4.412850 2.413485
v -3.998872 4.367204 2.376289
v -3.998872 4.351204 2.346216
v -3.998872 4.362398 2.317386
v -3.998872 4.391228 2.284093
v -3.998872 4.417996 2.271740
v -3.998872 4.437045 2.278947
v -3.998872 4.456094 2.301642
v -3.998872 4.478789 2.302971
v -3.998872 4.494534 2.264532
v -3.998872 4.510363 2.202069
v -3.998872 4.504314 2.158824
v -3.998872 4.475314 2.108373
v -3.998872 4.451289 2.074738
v -3.998872 4.437948 2.036299
v -3.998872 4.446485 1.998933
v -3.998872 4.469436 1.983530
v -3.998872 4.487411 1.973835
v -3.998872 4.492131 1.954786
v -3.998872 4.465704 1.948737
v -3.998872 4.451289 1.928445
v -3.998872 4.453691 1.906567
v -3.998872 4.571412 1.906567
v -3.998872 4.571412 2.430302
v -4.043831 4.536036 1.379083
v -4.043831 4.391228 1.408253
v -4.043831 4.446485 1.379083
v -4.043831 4.412850 1.395900
v -4.043831 4.367204 1.433095
v -4.043831 4.351204 1.463169
v -4.043831 4.362398 1.491998
v -4.043831 4.391228 1.525292
v -4.043831 4.417996 1.537645
v -4.043831 4.437045 1.530438
v -4.043831 4.456094 1.507742
v -4.043831 4.478789 1.506413
v -4.043831 4.494534 1.544852
v -4.043831 4.510363 1.607316
v -4.043831 4.504314 1.650560
v -4.043831 4.475314 1.701012
v -4.043831 4.451289 1.734646
v -4.043831 4.437948 1.773086
v -4.043831 4.446485 1.810452
v -4.043831 4.469436 1.825854
v -4.043831 4.487411 1.835549
v -4.043831 4.492131 1.854599
v -4.043831 4.465704 1.860647
v -4.043831 4.451289 1.880940
v -4.043831 4.453691 1.902818
v -4.043831 4.571412 1.902818
v -4.043831 4.571412 1.379083
v -4.043831 4.536036 2.430302
v -4.043831 4.391228 2.401131
v -4.043831 4.446485 2.430302
v -4.043831 4.412850 2.413485
v -4.043831 4.367204 2.376289
v -4.043831 4.351204 2.346216
v -4.043831 4.362398 2.317386
v -4.043831 4.391228 2.284093
v -4.043831 4.417996 2.271740
v -4.043831 4.437045 2.278947
v -4.043831 4.456094 2.301642
v -4.043831 4.478789 2.302971
v -4.043831 4.494534 2.264532
v -4.043831 4.510363 2.202069
v -4.043831 4.504314 2.158824
v -4.043831 4.475314 2.108373
v -4.043831 4.451289 2.074738
v -4.043831 4.437948 2.036299
v -4.043831 4.446485 1.998933
v -4.043831 4.469436 1.983530
v -4.043831 4.487411 1.973835
v -4.043831 4.492131 1.954786
v -4.043831 4.465704 1.948737
v -4.043831 4.451289 1.928445
v -4.043831 4.453691 1.906567
v -4.043831 4.571412 1.906567
v -4.043831 4.571412 2.430302
v -3.998872 4.618629 1.902818
v -3.998872 4.618629 1.332755
v -3.998872 4.618629 1.906567
v -3.998872 4.618629 2.476630
v -4.097432 4.618629 1.902818
v -4.097432 4.618629 1.332755
v -4.097432 4.618629 1.906567
v -4.097432 4.618629 2.476630
v -3.998051 4.617848 -0.530049
v -3.998051 4.617848 0.727033
v -3.998050 6.009306 -0.530049
v -3.998050 6.009306 0.727033
v -3.998050 6.009306 -0.580603
v -3.998050 6.009306 0.776053
v -3.998050 6.110536 -0.530049
v -3.998050 6.110536 0.727033
v -3.998050 6.110536 -0.626783
v -3.998050 6.110536 0.823767
v -4.067703 6.009306 -0.530049
v -4.067703 4.617848 -0.530049
v -4.067703 4.617848 0.727033
v -4.067703 6.009306 0.727033
v -4.067703 6.009306 -0.580603
v -4.067703 6.009306 0.776053
v -4.067703 6.110536 0.727033
v -4.067703 6.110536 -0.530049
v -4.067703 6.110536 -0.626783
v -4.067703 6.110536 0.823767
v -4.136912 6.009306 0.727033
v -4.136912 6.009306 -0.530049
v -4.136912 6.009306 -0.580603
v -4.136912 6.009306 0.785299
v -4.136912 6.110536 0.727033
v -4.136912 6.110536 -0.530049
v -4.136912 6.110536 -0.626783
v -4.136912 6.110536 0.823767
v -4.067703 5.869626 -0.403858
v -4.067703 4.723699 -0.403858
v -4.067703 4.723699 0.600841
v -4.067703 5.869626 0.600841
v -3.998050 5.517609 -0.530049
v -3.998050 5.517609 0.727033
v -4.067703 5.517609 -0.530049
v -4.067703 5.517609 0.727033
v -4.067703 5.556030 -0.403858
v -4.067703 5.556030 0.600841
v -3.998050 5.452657 -0.530049
v -4.067703 5.452657 -0.530049
v -4.067703 5.508019 -0.403858
v -3.998050 5.452657 0.727033
v -4.067703 5.452657 0.727033
v -4.067703 5.508019 0.600841
v -3.998050 5.223997 -0.530049
v -4.067703 5.223997 -0.530049
v -4.067703 5.324940 -0.403858
v -3.998050 5.223997 0.727033
v -4.067703 5.223997 0.727033
v -4.067703 5.324940 0.600841
v -3.998050 5.166530 -0.530049
v -4.067703 5.166530 -0.530049
v -4.067703 5.277614 -0.403858
v -3.998050 5.166530 0.727033
v -4.067703 5.166530 0.727033
v -4.067703 5.277614 0.600841
v -3.998051 4.617848 0.042391
v -3.998050 6.009306 0.042391
v -3.998050 6.110536 0.042391
v -4.067703 4.617848 0.042391
v -4.067703 6.009306 0.042391
v -4.067703 6.110536 0.042391
v -4.136912 6.009306 0.042391
v -4.136912 6.110536 0.042391
v -4.067703 4.723699 0.060224
v -4.067703 5.869626 0.060224
v -4.067703 5.556030 0.060224
v -3.998050 5.517609 0.042391
v -3.998050 5.452657 0.042391
v -4.067703 5.508019 0.060224
v -4.067703 5.324940 0.060224
v -3.998050 5.223997 0.042391
v -3.998050 5.166530 0.042391
v -4.067703 5.277614 0.060224
v -3.998051 4.617848 0.112700
v -4.067703 4.617848 0.112700
v -4.067703 4.723699 0.104449
v -3.998050 5.517609 0.112700
v -3.998050 5.452657 0.112700
v -3.998050 5.223997 0.112700
v -3.998050 5.166530 0.112700
v -3.998050 6.009306 0.112700
v -3.998050 6.110536 0.112700
v -4.067703 6.009306 0.112700
v -4.067703 6.110536 0.112700
v -4.136912 6.009306 0.112700
v -4.136912 6.110536 0.112700
v -4.067703 5.869626 0.104449
v -4.067703 5.556030 0.104449
v -4.067703 5.508019 0.104449
v -4.067703 5.324940 0.104449
v -4.067703 5.277614 0.111019
v -4.031876 5.277614 -0.403858
v -4.031876 4.723699 -0.403858
v -4.031876 4.723699 0.104449
v -4.031876 4.723699 0.600841
v -4.031876 5.556030 0.600841
v -4.031875 5.869626 0.600841
v -4.031876 5.869626 0.060224
v -4.031876 5.869626 -0.403858
v -4.031876 5.556030 -0.403858
v -4.031876 5.556030 0.060224
v -4.031876 5.324940 0.600841
v -4.031876 5.508019 0.600841
v -4.031876 5.508019 0.060224
v -4.031876 5.508019 -0.403858
v -4.031876 5.324940 -0.403858
v -4.031876 5.324940 0.060224
v -4.031876 5.277614 0.600841
v -4.031876 5.277614 0.060224
v -4.031876 4.723699 0.060224
v -4.031876 5.869626 0.104449
v -4.031876 5.556030 0.104449
v -4.031876 5.508019 0.104449
v -4.031876 5.324940 0.104449
v -4.031876 5.277614 0.111019
v -3.998872 4.536036 -0.533505
v -3.998872 4.391228 -0.498662
v -3.998872 4.446485 -0.533505
v -3.998872 4.412850 -0.513417
v -3.998872 4.367204 -0.468988
v -3.998872 4.351204 -0.433066
v -3.998872 4.362398 -0.398629
v -3.998872 4.391228 -0.358861
v -3.998872 4.417996 -0.344105
v -3.998872 4.437045 -0.352714
v -3.998872 4.456094 -0.379823
v -3.998872 4.478789 -0.381411
v -3.998872 4.494534 -0.335496
v -3.998872 4.510363 -0.260883
v -3.998872 4.504314 -0.209229
v -3.998872 4.475314 -0.148965
v -3.998872 4.451289 -0.108789
v -3.998872 4.437948 -0.062874
v -3.998872 4.446485 -0.018241
v -3.998872 4.469436 0.000158
v -3.998872 4.487411 0.011739
v -3.998872 4.492131 0.034493
v -3.998872 4.465704 0.041718
v -3.998872 4.451289 0.065957
v -3.998872 4.453691 0.092090
v -3.998872 4.571412 0.092090
v -3.998872 4.571412 -0.533505
v -3.998872 4.536036 0.722164
v -3.998872 4.391228 0.687320
v -3.998872 4.446485 0.722164
v -3.998872 4.412850 0.702076
v -3.998872 4.367204 0.657646
v -3.998872 4.351204 0.621724
v -3.998872 4.362398 0.587287
v -3.998872 4.391228 0.547519
v -3.998872 4.417996 0.532763
v -3.998872 4.437045 0.541372
v -3.998872 4.456094 0.568481
v -3.998872 4.478789 0.570069
v -3.998872 4.494534 0.524154
v -3.998872 4.510363 0.449541
v -3.998872 4.504314 0.397887
v -3.998872 4.475314 0.337623
v -3.998872 4.451289 0.297447
v -3.998872 4.437948 0.251532
v -3.998872 4.446485 0.206899
v -3.998872 4.469436 0.188500
v -3.998872 4.487411 0.176920
v -3.998872 4.492131 0.154166
v -3.998872 4.465704 0.146940
v -3.998872 4.451289 0.122701
v -3.998872 4.453691 0.096568
v -3.998872 4.571412 0.096568
v -3.998872 4.571412 0.722164
v -4.043831 4.536036 -0.533505
v -4.043831 4.391228 -0.498662
v -4.043831 4.446485 -0.533505
v -4.043831 4.412850 -0.513417
v -4.043831 4.367204 -0.468988
v -4.043831 4.351204 -0.433066
v -4.043831 4.362398 -0.398629
v -4.043831 4.391228 -0.358861
v -4.043831 4.417996 -0.344105
v -4.043831 4.437045 -0.352714
v -4.043831 4.456094 -0.379823
v -4.043831 4.478789 -0.381411
v -4.043831 4.494534 -0.335496
v -4.043831 4.510363 -0.260883
v -4.043831 4.504314 -0.209229
v -4.043831 4.475314 -0.148965
v -4.043831 4.451289 -0.108789
v -4.043831 4.437948 -0.062874
v -4.043831 4.446485 -0.018241
v -4.043831 4.469436 0.000158
v -4.043831 4.487411 0.011739
v -4.043831 4.492131 0.034493
v -4.043831 4.465704 0.041718
v -4.043831 4.451289 0.065957
v -4.043831 4.453691 0.092090
v -4.043831 4.571412 0.092090
v -4.043831 4.571412 -0.533505
v -4.043831 4.536036 0.722164
v -4.043831 4.391228 0.687320
v -4.043831 4.446485 0.722164
v -4.043831 4.412850 0.702076
v -4.043831 4.367204 0.657646
v -4.043831 4.351204 0.621724
v -4.043831 4.362398 0.587287
v -4.043831 4.391228 0.547519
v -4.043831 4.417996 0.532763
v -4.043831 4.437045 0.541372
v -4.043831 4.456094 0.568481
v -4.043831 4.478789 0.570069
v -4.043831 4.494534 0.524154
v -4.043831 4.510363 0.449541
v -4.043831 4.504314 0.397887
v -4.043831 4.475314 0.337623
v -4.043831 4.451289 0.297447
v -4.043831 4.437948 0.251532
v -4.043831 4.446485 0.206899
v -4.043831 4.469436 0.188500
v -4.043831 4.487411 0.176920
v -4.043831 4.492131 0.154166
v -4.043831 4.465704 0.146940
v -4.043831 4.451289 0.122701
v -4.043831 4.453691 0.096568
v -4.043831 4.571412 0.096568
v -4.043831 4.571412 0.722164
v -3.998872 4.618629 0.092090
v -3.998872 4.618629 -0.588844
v -3.998872 4.618629 0.096568
v -3.998872 4.618629 0.777502
v -4.097432 4.618629 0.092090
v -4.097432 4.618629 -0.588844
v -4.097432 4.618629 0.096568
v -4.097432 4.618629 0.777502
v -3.496805 4.617848 -7.000329
v -3.496805 4.617848 -5.947927
v -3.496805 6.009306 -7.000329
v -3.496805 6.009306 -5.947927
v -3.496805 6.009306 -7.042652
v -3.496805 6.009306 -5.906888
v -3.496805 6.110536 -7.000329
v -3.496805 6.110536 -5.947927
v -3.496805 6.110536 -7.081313
v -3.496805 6.110536 -5.866943
v -3.566458 6.009306 -7.000329
v -3.566458 4.617848 -7.000329
v -3.566458 4.617848 -5.947927
v -3.566458 6.009306 -5.947927
v -3.566458 6.009306 -7.042652
v -3.566458 6.009306 -5.906888
v -3.566458 6.110536 -5.947927
v -3.566458 6.110536 -7.000329
v -3.566458 6.110536 -7.081313
v -3.566458 6.110536 -5.866943
v -3.635666 6.009306 -5.947927
v -3.635667 6.009306 -7.000329
v -3.635667 6.009306 -7.042652
v -3.635666 6.009306 -5.899148
v -3.635666 6.110536 -5.947927
v -3.635666 6.110536 -7.000329
v -3.635666 6.110536 -7.081313
v -3.635666 6.110536 -5.866943
v -3.566458 5.869626 -6.894684
v -3.566458 4.723699 -6.894684
v -3.566458 4.723699 -6.053572
v -3.566458 5.869626 -6.053572
v -3.496805 5.517609 -7.000329
v -3.496805 5.517609 -5.947927
v -3.566458 5.517609 -7.000329
v -3.566458 5.517609 -5.947927
v -3.566458 5.556030 -6.894684
v -3.566458 5.556030 -6.053572
v -3.496805 5.452657 -7.000329
v -3.566458 5.452657 -7.000329
v -3.566458 5.508019 -6.894684
v -3.496805 5.452657 -5.947927
v -3.566458 5.452657 -5.947927
v -3.566458 5.508019 -6.053572
v -3.496805 5.223997 -7.000329
v -3.566458 5.223997 -7.000329
v -3.566458 5.324940 -6.894684
v -3.496805 5.223997 -5.947927
v -3.566458 5.223997 -5.947927
v -3.566458 5.324940 -6.053572
v -3.496805 5.166530 -7.000329
v -3.566458 5.166530 -7.000329
v -3.566458 5.277614 -6.894684
v -3.496805 5.166530 -5.947927
v -3.566458 5.166530 -5.947927
v -3.566458 5.277614 -6.053572
v -3.496805 4.617848 -6.521094
v -3.496805 6.009306 -6.521094
v -3.496805 6.110536 -6.521094
v -3.566458 4.617848 -6.521094
v -3.566458 6.009306 -6.521094
v -3.566458 6.110536 -6.521094
v -3.635667 6.009306 -6.521094
v -3.635666 6.110536 -6.521094
v -3.566458 4.723699 -6.506165
v -3.566458 5.869626 -6.506165
v -3.566458 5.556030 -6.506165
v -3.496805 5.517609 -6.521094
v -3.496805 5.452657 -6.521094
v -3.566458 5.508019 -6.506165
v -3.566458 5.324940 -6.506165
v -3.496805 5.223997 -6.521094
v -3.496805 5.166530 -6.521094
v -3.566458 5.277614 -6.506165
v -3.496805 4.617848 -6.462233
v -3.566458 4.617848 -6.462233
v -3.566458 4.723699 -6.469141
v -3.496805 5.517609 -6.462233
v -3.496805 5.452657 -6.462233
v -3.496805 5.223997 -6.462233
v -3.496805 5.166530 -6.462233
v -3.496805 6.009306 -6.462233
v -3.496805 6.110536 -6.462233
v -3.566458 6.009306 -6.462233
v -3.566458 6.110536 -6.462233
v -3.635666 6.009306 -6.462233
v -3.635666 6.110536 -6.462233
v -3.566458 5.869626 -6.469141
v -3.566458 5.556030 -6.469141
v -3.566458 5.508019 -6.469141
v -3.566458 5.324940 -6.469141
v -3.566458 5.277614 -6.463640
v -3.530630 5.277614 -6.894684
v -3.530630 4.723699 -6.894684
v -3.530630 4.723699 -6.469141
v -3.530630 4.723699 -6.053572
v -3.530630 5.556030 -6.053572
v -3.530630 5.869626 -6.053572
v -3.530630 5.869626 -6.506165
v -3.530630 5.869626 -6.894684
v -3.530630 5.556030 -6.894684
v -3.530630 5.556030 -6.506165
v -3.530630 5.324940 -6.053572
v -3.530630 5.508019 -6.053572
v -3.530630 5.508019 -6.506165
v -3.530630 5.508019 -6.894684
v -3.530630 5.324940 -6.894684
v -3.530630 5.324940 -6.506165
v -3.530630 5.277614 -6.053572
v -3.530630 5.277614 -6.506165
v -3.530630 4.723699 -6.506165
v -3.530630 5.869626 -6.469141
v -3.530630 5.556030 -6.469141
v -3.530630 5.508019 -6.469141
v -3.530630 5.324940 -6.469141
v -3.530630 5.277614 -6.463640
v -3.497627 4.536036 -7.003222
v -3.497627 4.391228 -6.974052
v -3.497627 4.446485 -7.003222
v -3.497627 4.412850 -6.986405
v -3.497627 4.367204 -6.949210
v -3.497627 4.351204 -6.919137
v -3.497627 4.362398 -6.890307
v -3.497627 4.391228 -6.857014
v -3.497627 4.417996 -6.844660
v -3.497627 4.437045 -6.851868
v -3.497627 4.456094 -6.874563
v -3.497627 4.478789 -6.875892
v -3.497627 4.494534 -6.837453
v -3.497627 4.510363 -6.774989
v -3.497627 4.504314 -6.731745
v -3.497627 4.475314 -6.681293
v -3.497627 4.451289 -6.647659
v -3.497627 4.437948 -6.609220
v -3.497627 4.446485 -6.571854
v -3.497627 4.469436 -6.556451
v -3.497627 4.487411 -6.546756
v -3.497627 4.492131 -6.527707
v -3.497627 4.465704 -6.521658
v -3.497627 4.451289 -6.501365
v -3.497627 4.453691 -6.479487
v -3.497627 4.571412 -6.479487
v -3.497627 4.571412 -7.003222
v -3.497627 4.536036 -5.952003
v -3.497627 4.391228 -5.981174
v -3.497627 4.446485 -5.952003
v -3.497627 4.412850 -5.968821
v -3.497627 4.367204 -6.006016
v -3.497627 4.351204 -6.036089
v -3.497627 4.362398 -6.064919
v -3.497627 4.391228 -6.098212
v -3.497627 4.417996 -6.110566
v -3.497627 4.437045 -6.103358
v -3.497627 4.456094 -6.080663
v -3.497627 4.478789 -6.079333
v -3.497627 4.494534 -6.117773
v -3.497627 4.510363 -6.180237
v -3.497627 4.504314 -6.223481
v -3.497627 4.475314 -6.273932
v -3.497627 4.451289 -6.307567
v -3.497627 4.437948 -6.346006
v -3.497627 4.446485 -6.383372
v -3.497627 4.469436 -6.398775
v -3.497627 4.487411 -6.408470
v -3.497627 4.492131 -6.427519
v -3.497627 4.465704 -6.433568
v -3.497627 4.451289 -6.453861
v -3.497627 4.453691 -6.475739
v -3.497627 4.571412 -6.475739
v -3.497627 4.571412 -5.952003
v -3.542586 4.536036 -7.003222
v -3.542586 4.391228 -6.974052
v -3.542586 4.446485 -7.003222
v -3.542586 4.412850 -6.986405
v -3.542586 4.367204 -6.949210
v -3.542586 4.351204 -6.919137
v -3.542586 4.362398 -6.890307
v -3.542586 4.391228 -6.857014
v -3.542586 4.417996 -6.844660
v -3.542586 4.437045 -6.851868
v -3.542586 4.456094 -6.874563
v -3.542586 4.478789 -6.875892
v -3.542586 4.494534 -6.837453
v -3.542586 4.510363 -6.774989
v -3.542586 4.504314 -6.731745
v -3.542586 4.475314 -6.681293
v -3.542586 4.451289 -6.647659
v -3.542586 4.437948 -6.609220
v -3.542586 4.446485 -6.571854
v -3.542586 4.469436 -6.556451
v -3.542586 4.487411 -6.546756
v -3.542586 4.492131 -6.527707
v -3.542586 4.465704 -6.521658
v -3.542586 4.451289 -6.501365
v -3.542586 4.453691 -6.479487
v -3.542586 4.571412 -6.479487
v -3.542586 4.571412 -7.003222
v -3.542586 4.536036 -5.952003
v -3.542586 4.391228 -5.981174
v -3.542586 4.446485 -5.952003
v -3.542586 4.412850 -5.968821
v -3.542586 4.367204 -6.006016
v -3.542586 4.351204 -6.036089
v -3.542586 4.362398 -6.064919
v -3.542586 4.391228 -6.098212
v -3.542586 4.417996 -6.110566
v -3.542586 4.437045 -6.103358
v -3.542586 4.456094 -6.080663
v -3.542586 4.478789 -6.079333
v -3.542586 4.494534 -6.117773
v -3.542586 4.510363 -6.180237
v -3.542586 4.504314 -6.223481
v -3.542586 4.475314 -6.273932
v -3.542586 4.451289 -6.307567
v -3.542586 4.437948 -6.346006
v -3.542586 4.446485 -6.383372
v -3.542586 4.469436 -6.398775
v -3.542586 4.487411 -6.408470
v -3.542586 4.492131 -6.427519
v -3.542586 4.465704 -6.433568
v -3.542586 4.451289 -6.453861
v -3.542586 4.453691 -6.475739
v -3.542586 4.571412 -6.475739
v -3.542586 4.571412 -5.952003
v -3.497627 4.618629 -6.479487
v -3.497627 4.618629 -7.049551
v -3.497627 4.618629 -6.475739
v -3.497627 4.618629 -5.905675
v -3.596186 4.618629 -6.479487
v -3.596186 4.618629 -7.049551
v -3.596186 4.618629 -6.475739
v -3.596186 4.618629 -5.905675
v -3.497322 4.617848 -4.829744
v -3.497322 4.617848 -3.777342
v -3.497322 6.009306 -4.829744
v -3.497322 6.009306 -3.777342
v -3.497322 6.009306 -4.872066
v -3.497322 6.009306 -3.736304
v -3.497322 6.110536 -4.829744
v -3.497322 6.110536 -3.777342
v -3.497322 6.110536 -4.910728
v -3.497322 6.110536 -3.696358
v -3.566975 6.009306 -4.829744
v -3.566975 4.617848 -4.829744
v -3.566975 4.617848 -3.777342
v -3.566975 6.009306 -3.777342
v -3.566975 6.009306 -4.872066
v -3.566975 6.009306 -3.736304
v -3.566975 6.110536 -3.777342
v -3.566975 6.110536 -4.829744
v -3.566975 6.110536 -4.910728
v -3.566975 6.110536 -3.696358
v -3.636184 6.009306 -3.777342
v -3.636184 6.009306 -4.829744
v -3.636184 6.009306 -4.872066
v -3.636184 6.009306 -3.728563
v -3.636184 6.110536 -3.777342
v -3.636184 6.110536 -4.829744
v -3.636184 6.110536 -4.910728
v -3.636184 6.110536 -3.696358
v -3.566975 5.869626 -4.724099
v -3.566975 4.723699 -4.724099
v -3.566975 4.723699 -3.882987
v -3.566975 5.869626 -3.882987
v -3.497322 5.517609 -4.829744
v -3.497322 5.517609 -3.777342
v -3.566975 5.517609 -4.829744
v -3.566975 5.517609 -3.777342
v -3.566975 5.556030 -4.724099
v -3.566975 5.556030 -3.882987
v -3.497322 5.452657 -4.829744
v -3.566975 5.452657 -4.829744
v -3.566975 5.508019 -4.724099
v -3.497322 5.452657 -3.777342
v -3.566975 5.452657 -3.777342
v -3.566975 5.508019 -3.882987
v -3.497322 5.223997 -4.829744
v -3.566975 5.223997 -4.829744
v -3.566975 5.324940 -4.724099
v -3.497322 5.223997 -3.777342
v -3.566975 5.223997 -3.777342
v -3.566975 5.324940 -3.882987
v -3.497322 5.166530 -4.829744
v -3.566975 5.166530 -4.829744
v -3.566975 5.277614 -4.724099
v -3.497322 5.166530 -3.777342
v -3.566975 5.166530 -3.777342
v -3.566975 5.277614 -3.882987
v -3.497322 4.617848 -4.350510
v -3.497322 6.009306 -4.350510
v -3.497322 6.110536 -4.350510
v -3.566975 4.617848 -4.350510
v -3.566975 6.009306 -4.350510
v -3.566975 6.110536 -4.350510
v -3.636184 6.009306 -4.350510
v -3.636184 6.110536 -4.350510
v -3.566975 4.723699 -4.335579
v -3.566975 5.869626 -4.335579
v -3.566975 5.556030 -4.335579
v -3.497322 5.517609 -4.350510
v -3.497322 5.452657 -4.350510
v -3.566975 5.508019 -4.335579
v -3.566975 5.324940 -4.335579
v -3.497322 5.223997 -4.350510
v -3.497322 5.166530 -4.350510
v -3.566975 5.277614 -4.335579
v -3.497322 4.617848 -4.291648
v -3.566975 4.617848 -4.291648
v -3.566975 4.723699 -4.298556
v -3.497322 5.517609 -4.291648
v -3.497322 5.452657 -4.291648
v -3.497322 5.223997 -4.291648
v -3.497322 5.166530 -4.291648
v -3.497322 6.009306 -4.291648
v -3.497322 6.110536 -4.291648
v -3.566975 6.009306 -4.291648
v -3.566975 6.110536 -4.291648
v -3.636184 6.009306 -4.291648
v -3.636184 6.110536 -4.291648
v -3.566975 5.869626 -4.298556
v -3.566975 5.556030 -4.298556
v -3.566975 5.508019 -4.298556
v -3.566975 5.324940 -4.298556
v -3.566975 5.277614 -4.293055
v -3.531147 5.277614 -4.724099
v -3.531147 4.723699 -4.724099
v -3.531147 4.723699 -4.298556
v -3.531147 4.723699 -3.882987
v -3.531147 5.556030 -3.882987
v -3.531147 5.869626 -3.882987
v -3.531147 5.869626 -4.335579
v -3.531147 5.869626 -4.724099
v -3.531147 5.556030 -4.724099
v -3.531147 5.556030 -4.335579
v -3.531147 5.324940 -3.882987
v -3.531147 5.508019 -3.882987
v -3.531147 5.508019 -4.335579
v -3.531147 5.508019 -4.724099
v -3.531147 5.324940 -4.724099
v -3.531147 5.324940 -4.335579
v -3.531147 5.277614 -3.882987
v -3.531147 5.277614 -4.335579
v -3.531147 4.723699 -4.335579
v -3.531147 5.869626 -4.298556
v -3.531147 5.556030 -4.298556
v -3.531147 5.508019 -4.298556
v -3.531147 5.324940 -4.298556
v -3.531147 5.277614 -4.293055
v -3.498144 4.536036 -4.832638
v -3.498144 4.391228 -4.803467
v -3.498144 4.446485 -4.832638
v -3.498144 4.412850 -4.815820
v -3.498144 4.367204 -4.778625
v -3.498144 4.351204 -4.748551
v -3.498144 4.362398 -4.719722
v -3.498144 4.391228 -4.686429
v -3.498144 4.417996 -4.674076
v -3.498144 4.437045 -4.681283
v -3.498144 4.456094 -4.703979
v -3.498144 4.478789 -4.705307
v -3.498144 4.494534 -4.666868
v -3.498144 4.510363 -4.604404
v -3.498144 4.504314 -4.561160
v -3.498144 4.475314 -4.510708
v -3.498144 4.451289 -4.477074
v -3.498144 4.437948 -4.438634
v -3.498144 4.446485 -4.401269
v -3.498144 4.469436 -4.385866
v -3.498144 4.487411 -4.376171
v -3.498144 4.492131 -4.357122
v -3.498144 4.465704 -4.351073
v -3.498144 4.451289 -4.330780
v -3.498144 4.453691 -4.308902
v -3.498144 4.571412 -4.308902
v -3.498144 4.571412 -4.832638
v -3.498144 4.536036 -3.781418
v -3.498144 4.391228 -3.810589
v -3.498144 4.446485 -3.781418
v -3.498144 4.412850 -3.798235
v -3.498144 4.367204 -3.835431
v -3.498144 4.351204 -3.865505
v -3.498144 4.362398 -3.894334
v -3.498144 4.391228 -3.927627
v -3.498144 4.417996 -3.939980
v -3.498144 4.437045 -3.932773
v -3.498144 4.456094 -3.910078
v -3.498144 4.478789 -3.908748
v -3.498144 4.494534 -3.947188
v -3.498144 4.510363 -4.009652
v -3.498144 4.504314 -4.052896
v -3.498144 4.475314 -4.103347
v -3.498144 4.451289 -4.136982
v -3.498144 4.437948 -4.175421
v -3.498144 4.446485 -4.212787
v -3.498144 4.469436 -4.228190
v -3.498144 4.487411 -4.237885
v -3.498144 4.492131 -4.256934
v -3.498144 4.465704 -4.262983
v -3.498144 4.451289 -4.283276
v -3.498144 4.453691 -4.305154
v -3.498144 4.571412 -4.305154
v -3.498144 4.571412 -3.781418
v -3.543103 4.536036 -4.832638
v -3.543103 4.391228 -4.803467
v -3.543103 4.446485 -4.832638
v -3.543103 4.412850 -4.815820
v -3.543103 4.367204 -4.778625
v -3.543103 4.351204 -4.748551
v -3.543103 4.362398 -4.719722
v -3.543103 4.391228 -4.686429
v -3.543103 4.417996 -4.674076
v -3.543103 4.437045 -4.681283
v -3.543103 4.456094 -4.703979
v -3.543103 4.478789 -4.705307
v -3.543103 4.494534 -4.666868
v -3.543103 4.510363 -4.604404
v -3.543103 4.504314 -4.561160
v -3.543103 4.475314 -4.510708
v -3.543103 4.451289 -4.477074
v -3.543103 4.437948 -4.438634
v -3.543103 4.446485 -4.401269
v -3.543103 4.469436 -4.385866
v -3.543103 4.487411 -4.376171
v -3.543103 4.492131 -4.357122
v -3.543103 4.465704 -4.351073
v -3.543103 4.451289 -4.330780
v -3.543103 4.453691 -4.308902
v -3.543103 4.571412 -4.308902
v -3.543103 4.571412 -4.832638
v -3.543103 4.536036 -3.781418
v -3.543103 4.391228 -3.810589
v -3.543103 4.446485 -3.781418
v -3.543103 4.412850 -3.798235
v -3.543103 4.367204 -3.835431
v -3.543103 4.351204 -3.865505
v -3.543103 4.362398 -3.894334
v -3.543103 4.391228 -3.927627
v -3.543103 4.417996 -3.939980
v -3.543103 4.437045 -3.932773
v -3.543103 4.456094 -3.910078
v -3.543103 4.478789 -3.908748
v -3.543103 4.494534 -3.947188
v -3.543103 4.510363 -4.009652
v -3.543103 4.504314 -4.052896
v -3.543103 4.475314 -4.103347
v -3.543103 4.451289 -4.136982
v -3.543103 4.437948 -4.175421
v -3.543103 4.446485 -4.212787
v -3.543103 4.469436 -4.228190
v -3.543103 4.487411 -4.237885
v -3.543103 4.492131 -4.256934
v -3.543103 4.465704 -4.262983
v -3.543103 4.451289 -4.283276
v -3.543103 4.453691 -4.305154
v -3.543103 4.571412 -4.305154
v -3.543103 4.571412 -3.781418
v -3.498144 4.618629 -4.308902
v -3.498144 4.618629 -4.878966
v -3.498144 4.618629 -4.305154
v -3.498144 4.618629 -3.735090
v -3.596703 4.618629 -4.308902
v -3.596703 4.618629 -4.878966
v -3.596703 4.618629 -4.305154
v -3.596703 4.618629 -3.735090
v 2.493067 4.617847 -5.947927
v 2.493067 4.617847 -7.000329
v 2.493068 6.009306 -5.947927
v 2.493068 6.009306 -7.000329
v 2.493068 6.009306 -5.905604
v 2.493068 6.009306 -7.041368
v 2.493068 6.110536 -5.947927
v 2.493068 6.110536 -7.000329
v 2.493068 6.110536 -5.866943
v 2.493068 6.110536 -7.081313
v 2.562721 6.009306 -5.947927
v 2.562720 4.617847 -5.947927
v 2.562720 4.617847 -7.000329
v 2.562721 6.009306 -7.000329
v 2.562721 6.009306 -5.905604
v 2.562721 6.009306 -7.041368
v 2.562721 6.110536 -7.000329
v 2.562721 6.110536 -5.947927
v 2.562721 6.110536 -5.866943
v 2.562721 6.110536 -7.081313
v 2.631929 6.009306 -7.000329
v 2.631929 6.009306 -5.947927
v 2.631929 6.009306 -5.905604
v 2.631929 6.009306 -7.049108
v 2.631929 6.110536 -7.000329
v 2.631929 6.110536 -5.947927
v 2.631929 6.110536 -5.866943
v 2.631929 6.110536 -7.081313
v 2.562721 5.869625 -6.053572
v 2.562720 4.723698 -6.053572
v 2.562720 4.723698 -6.894684
v 2.562720 5.869625 -6.894684
v 2.493067 5.517609 -5.947927
v 2.493067 5.517609 -7.000329
v 2.562720 5.517609 -5.947927
v 2.562720 5.517609 -7.000329
v 2.562720 5.556030 -6.053572
v 2.562720 5.556030 -6.894684
v 2.493067 5.452656 -5.947927
v 2.562720 5.452656 -5.947927
v 2.562720 5.508019 -6.053572
v 2.493067 5.452656 -7.000329
v 2.562720 5.452656 -7.000329
v 2.562720 5.508019 -6.894684
v 2.493067 5.223996 -5.947927
v 2.562720 5.223996 -5.947927
v 2.562720 5.324940 -6.053572
v 2.493067 5.223996 -7.000329
v 2.562720 5.223996 -7.000329
v 2.562720 5.324940 -6.894684
v 2.493067 5.166530 -5.947927
v 2.562720 5.166530 -5.947927
v 2.562720 5.277613 -6.053572
v 2.493067 5.166530 -7.000329
v 2.562720 5.166530 -7.000329
v 2.562720 5.277613 -6.894684
v 2.493067 4.617847 -6.427162
v 2.493068 6.009306 -6.427162
v 2.493068 6.110536 -6.427162
v 2.562720 4.617847 -6.427162
v 2.562721 6.009306 -6.427162
v 2.562721 6.110536 -6.427162
v 2.631929 6.009306 -6.427162
v 2.631929 6.110536 -6.427162
v 2.562720 4.723698 -6.442091
v 2.562721 5.869625 -6.442091
v 2.562720 5.556030 -6.442091
v 2.493067 5.517609 -6.427162
v 2.493067 5.452656 -6.427162
v 2.562720 5.508019 -6.442091
v 2.562720 5.324940 -6.442091
v 2.493067 5.223996 -6.427162
v 2.493067 5.166530 -6.427162
v 2.562720 5.277613 -6.442091
v 2.493067 4.617847 -6.486023
v 2.562720 4.617847 -6.486023
v 2.562720 4.723698 -6.479115
v 2.493067 5.517609 -6.486023
v 2.493067 5.452656 -6.486023
v 2.493067 5.223996 -6.486023
v 2.493067 5.166530 -6.486023
v 2.493068 6.009306 -6.486023
v 2.493068 6.110536 -6.486023
v 2.562721 6.009306 -6.486023
v 2.562721 6.110536 -6.486023
v 2.631929 6.009306 -6.486023
v 2.631929 6.110536 -6.486023
v 2.562721 5.869625 -6.479115
v 2.562720 5.556030 -6.479115
v 2.562720 5.508019 -6.479115
v 2.562720 5.324940 -6.479115
v 2.562720 5.277613 -6.484616
v 2.526892 5.277613 -6.053572
v 2.526892 4.723698 -6.053572
v 2.526892 4.723698 -6.479115
v 2.526892 4.723698 -6.894684
v 2.526892 5.556030 -6.894684
v 2.526892 5.869625 -6.894684
v 2.526892 5.869625 -6.442091
v 2.526892 5.869625 -6.053572
v 2.526892 5.556030 -6.053572
v 2.526892 5.556030 -6.442091
v 2.526892 5.324940 -6.894684
v 2.526892 5.508019 -6.894684
v 2.526892 5.508019 -6.442091
v 2.526892 5.508019 -6.053572
v 2.526892 5.324940 -6.053572
v 2.526892 5.324940 -6.442091
v 2.526892 5.277613 -6.894684
v 2.526892 5.277613 -6.442091
v 2.526892 4.723698 -6.442091
v 2.526892 5.869625 -6.479115
v 2.526892 5.556030 -6.479115
v 2.526892 5.508019 -6.479115
v 2.526892 5.324940 -6.479115
v 2.526892 5.277613 -6.484616
v 2.493889 4.536036 -5.945034
v 2.493889 4.391228 -5.974204
v 2.493889 4.446484 -5.945034
v 2.493889 4.412849 -5.961851
v 2.493889 4.367203 -5.999046
v 2.493889 4.351203 -6.029119
v 2.493889 4.362398 -6.057949
v 2.493889 4.391228 -6.091242
v 2.493889 4.417995 -6.103596
v 2.493889 4.437045 -6.096388
v 2.493889 4.456094 -6.073693
v 2.493889 4.478789 -6.072364
v 2.493889 4.494533 -6.110803
v 2.493889 4.510362 -6.173267
v 2.493889 4.504313 -6.216511
v 2.493889 4.475313 -6.266963
v 2.493889 4.451289 -6.300597
v 2.493889 4.437947 -6.339036
v 2.493889 4.446484 -6.376402
v 2.493889 4.469435 -6.391805
v 2.493889 4.487411 -6.401500
v 2.493889 4.492130 -6.420549
v 2.493889 4.465703 -6.426598
v 2.493889 4.451289 -6.446891
v 2.493889 4.453691 -6.468769
v 2.493889 4.571412 -6.468769
v 2.493889 4.571412 -5.945034
v 2.493889 4.536036 -6.996253
v 2.493889 4.391228 -6.967082
v 2.493889 4.446484 -6.996253
v 2.493889 4.412849 -6.979435
v 2.493889 4.367203 -6.942240
v 2.493889 4.351203 -6.912167
v 2.493889 4.362398 -6.883337
v 2.493889 4.391228 -6.850044
v 2.493889 4.417995 -6.837690
v 2.493889 4.437045 -6.844898
v 2.493889 4.456094 -6.867593
v 2.493889 4.478789 -6.868923
v 2.493889 4.494533 -6.830483
v 2.493889 4.510362 -6.768019
v 2.493889 4.504313 -6.724775
v 2.493889 4.475313 -6.674324
v 2.493889 4.451289 -6.640689
v 2.493889 4.437947 -6.602250
v 2.493889 4.446484 -6.564884
v 2.493889 4.469435 -6.549481
v 2.493889 4.487411 -6.539786
v 2.493889 4.492130 -6.520737
v 2.493889 4.465703 -6.514688
v 2.493889 4.451289 -6.494395
v 2.493889 4.453691 -6.472517
v 2.493889 4.571412 -6.472517
v 2.493889 4.571412 -6.996253
v 2.538848 4.536036 -5.945034
v 2.538848 4.391228 -5.974204
v 2.538848 4.446484 -5.945034
v 2.538848 4.412849 -5.961851
v 2.538848 4.367203 -5.999046
v 2.538848 4.351203 -6.029119
v 2.538848 4.362398 -6.057949
v 2.538848 4.391228 -6.091242
v 2.538848 4.417995 -6.103596
v 2.538848 4.437045 -6.096388
v 2.538848 4.456094 -6.073693
v 2.538848 4.478789 -6.072364
v 2.538848 4.494533 -6.110803
v 2.538848 4.510362 -6.173267
v 2.538848 4.504313 -6.216511
v 2.538848 4.475313 -6.266963
v 2.538848 4.451289 -6.300597
v 2.538848 4.437947 -6.339036
v 2.538848 4.446484 -6.376402
v 2.538848 4.469435 -6.391805
v 2.538848 4.487411 -6.401500
v 2.538848 4.492130 -6.420549
v 2.538848 4.465703 -6.426598
v 2.538848 4.451289 -6.446891
v 2.538848 4.453691 -6.468769
v 2.538848 4.571412 -6.468769
v 2.538848 4.571412 -5.945034
v 2.538848 4.536036 -6.996253
v 2.538848 4.391228 -6.967082
v 2.538848 4.446484 -6.996253
v 2.538848 4.412849 -6.979435
v 2.538848 4.367203 -6.942240
v 2.538848 4.351203 -6.912167
v 2.538848 4.362398 -6.883337
v 2.538848 4.391228 -6.850044
v 2.538848 4.417995 -6.837690
v 2.538848 4.437045 -6.844898
v 2.538848 4.456094 -6.867593
v 2.538848 4.478789 -6.868923
v 2.538848 4.494533 -6.830483
v 2.538848 4.510362 -6.768019
v 2.538848 4.504313 -6.724775
v 2.538848 4.475313 -6.674324
v 2.538848 4.451289 -6.640689
v 2.538848 4.437947 -6.602250
v 2.538848 4.446484 -6.564884
v 2.538848 4.469435 -6.549481
v 2.538848 4.487411 -6.539786
v 2.538848 4.492130 -6.520737
v 2.538848 4.465703 -6.514688
v 2.538848 4.451289 -6.494395
v 2.538848 4.453691 -6.472517
v 2.538848 4.571412 -6.472517
v 2.538848 4.571412 -6.996253
v 2.493889 4.618629 -6.468769
v 2.493889 4.618629 -5.898705
v 2.493889 4.618629 -6.472517
v 2.493889 4.618629 -7.042581
v 2.592448 4.618629 -6.468769
v 2.592448 4.618629 -5.898705
v 2.592448 4.618629 -6.472517
v 2.592448 4.618629 -7.042581
v 2.492550 4.617847 -3.777342
v 2.492550 4.617847 -4.829744
v 2.492551 6.009306 -3.777342
v 2.492551 6.009306 -4.829744
v 2.492551 6.009306 -3.735019
v 2.492551 6.009306 -4.870782
v 2.492551 6.110536 -3.777342
v 2.492551 6.110536 -4.829744
v 2.492551 6.110536 -3.696358
v 2.492551 6.110536 -4.910728
v 2.562204 6.009306 -3.777342
v 2.562203 4.617847 -3.777342
v 2.562203 4.617847 -4.829744
v 2.562204 6.009306 -4.829744
v 2.562204 6.009306 -3.735019
v 2.562204 6.009306 -4.870782
v 2.562204 6.110536 -4.829744
v 2.562204 6.110536 -3.777342
v 2.562204 6.110536 -3.696358
v 2.562204 6.110536 -4.910728
v 2.631412 6.009306 -4.829744
v 2.631412 6.009306 -3.777342
v 2.631412 6.009306 -3.735019
v 2.631412 6.009306 -4.878523
v 2.631412 6.110536 -4.829744
v 2.631412 6.110536 -3.777342
v 2.631412 6.110536 -3.696358
v 2.631412 6.110536 -4.910728
v 2.562204 5.869625 -3.882987
v 2.562203 4.723698 -3.882987
v 2.562203 4.723698 -4.724099
v 2.562204 5.869625 -4.724099
v 2.492551 5.517609 -3.777342
v 2.492550 5.517609 -4.829744
v 2.562204 5.517609 -3.777342
v 2.562203 5.517609 -4.829744
v 2.562204 5.556030 -3.882987
v 2.562204 5.556030 -4.724099
v 2.492551 5.452656 -3.777342
v 2.562204 5.452656 -3.777342
v 2.562204 5.508019 -3.882987
v 2.492550 5.452656 -4.829744
v 2.562203 5.452656 -4.829744
v 2.562203 5.508019 -4.724099
v 2.492550 5.223996 -3.777342
v 2.562203 5.223996 -3.777342
v 2.562203 5.324940 -3.882987
v 2.492550 5.223996 -4.829744
v 2.562203 5.223996 -4.829744
v 2.562203 5.324940 -4.724099
v 2.492550 5.166530 -3.777342
v 2.562203 5.166530 -3.777342
v 2.562203 5.277613 -3.882987
v 2.492550 5.166530 -4.829744
v 2.562203 5.166530 -4.829744
v 2.562203 5.277613 -4.724099
v 2.492550 4.617847 -4.256577
v 2.492551 6.009306 -4.256577
v 2.492551 6.110536 -4.256577
v 2.562203 4.617847 -4.256577
v 2.562204 6.009306 -4.256577
v 2.562204 6.110536 -4.256577
v 2.631412 6.009306 -4.256577
v 2.631412 6.110536 -4.256577
v 2.562203 4.723698 -4.271506
v 2.562204 5.869625 -4.271506
v 2.562204 5.556030 -4.271506
v 2.492551 5.517609 -4.256577
v 2.492550 5.452656 -4.256577
v 2.562204 5.508019 -4.271506
v 2.562203 5.324940 -4.271506
v 2.492550 5.223996 -4.256577
v 2.492550 5.166530 -4.256577
v 2.562203 5.277613 -4.271506
v 2.492550 4.617847 -4.315438
v 2.562203 4.617847 -4.315438
v 2.562203 4.723698 -4.308530
v 2.492551 5.517609 -4.315438
v 2.492550 5.452656 -4.315438
v 2.492550 5.223996 -4.315438
v 2.492550 5.166530 -4.315438
v 2.492551 6.009306 -4.315438
v 2.492551 6.110536 -4.315438
v 2.562204 6.009306 -4.315438
v 2.562204 6.110536 -4.315438
v 2.631412 6.009306 -4.315438
v 2.631412 6.110536 -4.315438
v 2.562204 5.869625 -4.308530
v 2.562204 5.556030 -4.308530
v 2.562204 5.508019 -4.308530
v 2.562203 5.324940 -4.308530
v 2.562203 5.277613 -4.314031
v 2.526375 5.277613 -3.882987
v 2.526376 4.723698 -3.882987
v 2.526376 4.723698 -4.308530
v 2.526376 4.723698 -4.724099
v 2.526376 5.556030 -4.724099
v 2.526376 5.869625 -4.724099
v 2.526376 5.869625 -4.271506
v 2.526376 5.869625 -3.882987
v 2.526376 5.556030 -3.882987
v 2.526376 5.556030 -4.271506
v 2.526376 5.324940 -4.724099
v 2.526376 5.508019 -4.724099
v 2.526376 5.508019 -4.271506
v 2.526376 5.508019 -3.882987
v 2.526375 5.324940 -3.882987
v 2.526375 5.324940 -4.271506
v 2.526376 5.277613 -4.724099
v 2.526376 5.277613 -4.271506
v 2.526376 4.723698 -4.271506
v 2.526376 5.869625 -4.308530
v 2.526376 5.556030 -4.308530
v 2.526376 5.508019 -4.308530
v 2.526375 5.324940 -4.308530
v 2.526376 5.277613 -4.314031
v 2.493372 4.536036 -3.774448
v 2.493372 4.391228 -3.803619
v 2.493372 4.446484 -3.774448
v 2.493372 4.412849 -3.791265
v 2.493372 4.367203 -3.828461
v 2.493372 4.351203 -3.858535
v 2.493372 4.362398 -3.887364
v 2.493372 4.391228 -3.920657
v 2.493372 4.417995 -3.933010
v 2.493372 4.437045 -3.925803
v 2.493372 4.456094 -3.903108
v 2.493372 4.478789 -3.901778
v 2.493372 4.494533 -3.940218
v 2.493372 4.510362 -4.002682
v 2.493372 4.504313 -4.045927
v 2.493372 4.475313 -4.096378
v 2.493372 4.451289 -4.130012
v 2.493372 4.437947 -4.168452
v 2.493372 4.446484 -4.205817
v 2.493372 4.469435 -4.221220
v 2.493372 4.487411 -4.230915
v 2.493372 4.492130 -4.249964
v 2.493372 4.465703 -4.256013
v 2.493372 4.451289 -4.276306
v 2.493372 4.453691 -4.298184
v 2.493372 4.571412 -4.298184
v 2.493372 4.571412 -3.774448
v 2.493372 4.536036 -4.825667
v 2.493372 4.391228 -4.796497
v 2.493372 4.446484 -4.825667
v 2.493372 4.412849 -4.808850
v 2.493372 4.367203 -4.771655
v 2.493372 4.351203 -4.741581
v 2.493372 4.362398 -4.712752
v 2.493372 4.391228 -4.679459
v 2.493372 4.417995 -4.667106
v 2.493372 4.437045 -4.674313
v 2.493372 4.456094 -4.697008
v 2.493372 4.478789 -4.698338
v 2.493372 4.494533 -4.659898
v 2.493372 4.510362 -4.597435
v 2.493372 4.504313 -4.554190
v 2.493372 4.475313 -4.503739
v 2.493372 4.451289 -4.470104
v 2.493372 4.437947 -4.431665
v 2.493372 4.446484 -4.394299
v 2.493372 4.469435 -4.378896
v 2.493372 4.487411 -4.369201
v 2.493372 4.492130 -4.350152
v 2.493372 4.465703 -4.344103
v 2.493372 4.451289 -4.323810
v 2.493372 4.453691 -4.301932
v 2.493372 4.571412 -4.301932
v 2.493372 4.571412 -4.825667
v 2.538331 4.536036 -3.774448
v 2.538331 4.391228 -3.803619
v 2.538331 4.446484 -3.774448
v 2.538331 4.412849 -3.791265
v 2.538331 4.367203 -3.828461
v 2.538331 4.351203 -3.858535
v 2.538331 4.362398 -3.887364
v 2.538331 4.391228 -3.920657
v 2.538331 4.417995 -3.933010
v 2.538331 4.437045 -3.925803
v 2.538331 4.456094 -3.903108
v 2.538331 4.478789 -3.901778
v 2.538331 4.494533 -3.940218
v 2.538331 4.510362 -4.002682
v 2.538331 4.504313 -4.045927
v 2.538331 4.475313 -4.096378
v 2.538331 4.451289 -4.130012
v 2.538331 4.437947 -4.168452
v 2.538331 4.446484 -4.205817
v 2.538331 4.469435 -4.221220
v 2.538331 4.487411 -4.230915
v 2.538331 4.492130 -4.249964
v 2.538331 4.465703 -4.256013
v 2.538331 4.451289 -4.276306
v 2.538331 4.453691 -4.298184
v 2.538331 4.571412 -4.298184
v 2.538331 4.571412 -3.774448
v 2.538331 4.536036 -4.825667
v 2.538331 4.391228 -4.796497
v 2.538331 4.446484 -4.825667
v 2.538331 4.412849 -4.808850
v 2.538331 4.367203 -4.771655
v 2.538331 4.351203 -4.741581
v 2.538331 4.362398 -4.712752
v 2.538331 4.391228 -4.679459
v 2.538331 4.417995 -4.667106
v 2.538331 4.437045 -4.674313
v 2.538331 4.456094 -4.697008
v 2.538331 4.478789 -4.698338
v 2.538331 4.494533 -4.659898
v 2.538331 4.510362 -4.597435
v 2.538331 4.504313 -4.554190
v 2.538331 4.475313 -4.503739
v 2.538331 4.451289 -4.470104
v 2.538331 4.437947 -4.431665
v 2.538331 4.446484 -4.394299
v 2.538331 4.469435 -4.378896
v 2.538331 4.487411 -4.369201
v 2.538331 4.492130 -4.350152
v 2.538331 4.465703 -4.344103
v 2.538331 4.451289 -4.323810
v 2.538331 4.453691 -4.301932
v 2.538331 4.571412 -4.301932
v 2.538331 4.571412 -4.825667
v 2.493372 4.618629 -4.298184
v 2.493372 4.618629 -3.728120
v 2.493372 4.618629 -4.301932
v 2.493372 4.618629 -4.871996
v 2.591931 4.618629 -4.298184
v 2.591931 4.618629 -3.728120
v 2.591931 4.618629 -4.301932
v 2.591932 4.618629 -4.871996
v 2.716184 4.617847 0.620284
v 2.716184 4.617847 -0.636798
v 2.716185 6.009306 0.620284
v 2.716185 6.009306 -0.636798
v 2.716185 6.009306 0.670838
v 2.716185 6.009306 -0.685818
v 2.716185 6.110536 0.620284
v 2.716185 6.110536 -0.636798
v 2.716185 6.110536 0.717019
v 2.716185 6.110536 -0.733532
v 2.785838 6.009306 0.620284
v 2.785837 4.617847 0.620284
v 2.785837 4.617847 -0.636798
v 2.785838 6.009306 -0.636798
v 2.785838 6.009306 0.670838
v 2.785838 6.009306 -0.685818
v 2.785838 6.110536 -0.636798
v 2.785838 6.110536 0.620284
v 2.785838 6.110536 0.717019
v 2.785838 6.110536 -0.733532
v 2.855047 6.009306 -0.636798
v 2.855047 6.009306 0.620284
v 2.855047 6.009306 0.670838
v 2.855047 6.009306 -0.695064
v 2.855047 6.110536 -0.636798
v 2.855047 6.110536 0.620284
v 2.855047 6.110536 0.717019
v 2.855047 6.110536 -0.733532
v 2.785838 5.869625 0.494093
v 2.785838 4.723698 0.494093
v 2.785837 4.723698 -0.510606
v 2.785838 5.869625 -0.510606
v 2.716185 5.517609 0.620284
v 2.716185 5.517609 -0.636798
v 2.785838 5.517609 0.620284
v 2.785838 5.517609 -0.636798
v 2.785838 5.556030 0.494093
v 2.785838 5.556030 -0.510606
v 2.716185 5.452656 0.620284
v 2.785838 5.452656 0.620284
v 2.785838 5.508019 0.494093
v 2.716185 5.452656 -0.636798
v 2.785838 5.452656 -0.636798
v 2.785838 5.508019 -0.510606
v 2.716185 5.223996 0.620284
v 2.785838 5.223996 0.620284
v 2.785838 5.324940 0.494093
v 2.716185 5.223996 -0.636798
v 2.785838 5.223996 -0.636798
v 2.785838 5.324940 -0.510606
v 2.716185 5.166530 0.620284
v 2.785838 5.166530 0.620284
v 2.785838 5.277613 0.494093
v 2.716185 5.166530 -0.636798
v 2.785838 5.166530 -0.636798
v 2.785838 5.277613 -0.510606
v 2.716184 4.617847 0.047844
v 2.716185 6.009306 0.047844
v 2.716185 6.110536 0.047844
v 2.785837 4.617847 0.047844
v 2.785838 6.009306 0.047844
v 2.785838 6.110536 0.047844
v 2.855047 6.009306 0.047844
v 2.855047 6.110536 0.047844
v 2.785837 4.723698 0.030011
v 2.785838 5.869625 0.030011
v 2.785838 5.556030 0.030011
v 2.716185 5.517609 0.047844
v 2.716185 5.452656 0.047844
v 2.785838 5.508019 0.030011
v 2.785838 5.324940 0.030011
v 2.716185 5.223996 0.047844
v 2.716185 5.166530 0.047844
v 2.785838 5.277613 0.030011
v 2.716184 4.617847 -0.022465
v 2.785837 4.617847 -0.022465
v 2.785837 4.723698 -0.014214
v 2.716185 5.517609 -0.022465
v 2.716185 5.452656 -0.022465
v 2.716185 5.223996 -0.022465
v 2.716185 5.166530 -0.022465
v 2.716185 6.009306 -0.022465
v 2.716185 6.110536 -0.022465
v 2.785838 6.009306 -0.022465
v 2.785838 6.110536 -0.022465
v 2.855047 6.009306 -0.022465
v 2.855047 6.110536 -0.022465
v 2.785838 5.869625 -0.014214
v 2.785838 5.556030 -0.014214
v 2.785838 5.508019 -0.014214
v 2.785838 5.324940 -0.014214
v 2.785838 5.277613 -0.020784
v 2.750010 5.277613 0.494093
v 2.750010 4.723698 0.494093
v 2.750010 4.723698 -0.014214
v 2.750010 4.723698 -0.510606
v 2.750010 5.556030 -0.510606
v 2.750010 5.869625 -0.510606
v 2.750010 5.869625 0.030011
v 2.750010 5.869625 0.494093
v 2.750010 5.556030 0.494093
v 2.750010 5.556030 0.030011
v 2.750010 5.324940 -0.510606
v 2.750010 5.508019 -0.510606
v 2.750010 5.508019 0.030011
v 2.750010 5.508019 0.494093
v 2.750010 5.324940 0.494093
v 2.750010 5.324940 0.030011
v 2.750010 5.277613 -0.510606
v 2.750010 5.277613 0.030011
v 2.750010 4.723698 0.030011
v 2.750010 5.869625 -0.014214
v 2.750010 5.556030 -0.014214
v 2.750010 5.508019 -0.014214
v 2.750010 5.324940 -0.014214
v 2.750010 5.277613 -0.020784
v 2.717006 4.536036 0.623741
v 2.717006 4.391228 0.588897
v 2.717006 4.446484 0.623741
v 2.717006 4.412849 0.603653
v 2.717006 4.367203 0.559223
v 2.717006 4.351203 0.523301
v 2.717006 4.362398 0.488864
v 2.717006 4.391228 0.449096
v 2.717006 4.417995 0.434340
v 2.717006 4.437045 0.442949
v 2.717006 4.456094 0.470058
v 2.717006 4.478789 0.471646
v 2.717006 4.494533 0.425731
v 2.717006 4.510362 0.351118
v 2.717006 4.504313 0.299464
v 2.717006 4.475313 0.239200
v 2.717006 4.451289 0.199024
v 2.717006 4.437947 0.153109
v 2.717006 4.446484 0.108476
v 2.717006 4.469435 0.090077
v 2.717006 4.487411 0.078496
v 2.717006 4.492130 0.055743
v 2.717006 4.465703 0.048517
v 2.717006 4.451289 0.024278
v 2.717006 4.453691 -0.001855
v 2.717006 4.571412 -0.001855
v 2.717006 4.571412 0.623741
v 2.717006 4.536036 -0.631929
v 2.717006 4.391228 -0.597085
v 2.717006 4.446484 -0.631929
v 2.717006 4.412849 -0.611841
v 2.717006 4.367203 -0.567411
v 2.717006 4.351203 -0.531489
v 2.717006 4.362398 -0.497052
v 2.717006 4.391228 -0.457284
v 2.717006 4.417995 -0.442528
v 2.717006 4.437045 -0.451137
v 2.717006 4.456094 -0.478246
v 2.717006 4.478789 -0.479834
v 2.717006 4.494533 -0.433919
v 2.717006 4.510362 -0.359306
v 2.717006 4.504313 -0.307652
v 2.717006 4.475313 -0.247388
v 2.717006 4.451289 -0.207212
v 2.717006 4.437947 -0.161297
v 2.717006 4.446484 -0.116664
v 2.717006 4.469435 -0.098265
v 2.717006 4.487411 -0.086684
v 2.717006 4.492130 -0.063931
v 2.717006 4.465703 -0.056705
v 2.717006 4.451289 -0.032466
v 2.717006 4.453691 -0.006333
v 2.717006 4.571412 -0.006333
v 2.717006 4.571412 -0.631929
v 2.761965 4.536036 0.623741
v 2.761965 4.391228 0.588897
v 2.761965 4.446484 0.623741
v 2.761965 4.412849 0.603653
v 2.761965 4.367203 0.559223
v 2.761965 4.351203 0.523301
v 2.761965 4.362398 0.488864
v 2.761965 4.391228 0.449096
v 2.761965 4.417995 0.434340
v 2.761965 4.437045 0.442949
v 2.761965 4.456094 0.470058
v 2.761965 4.478789 0.471646
v 2.761965 4.494533 0.425731
v 2.761965 4.510362 0.351118
v 2.761965 4.504313 0.299464
v 2.761965 4.475313 0.239200
v 2.761965 4.451289 0.199024
v 2.761965 4.437947 0.153109
v 2.761966 4.446484 0.108476
v 2.761966 4.469435 0.090077
v 2.761965 4.487411 0.078496
v 2.761966 4.492130 0.055743
v 2.761966 4.465703 0.048517
v 2.761966 4.451289 0.024278
v 2.761966 4.453691 -0.001855
v 2.761965 4.571412 -0.001855
v 2.761965 4.571412 0.623741
v 2.761966 4.536036 -0.631929
v 2.761966 4.391228 -0.597085
v 2.761966 4.446484 -0.631929
v 2.761966 4.412849 -0.611841
v 2.761966 4.367203 -0.567411
v 2.761966 4.351203 -0.531489
v 2.761966 4.362398 -0.497052
v 2.761966 4.391228 -0.457284
v 2.761966 4.417995 -0.442528
v 2.761966 4.437045 -0.451137
v 2.761966 4.456094 -0.478246
v 2.761966 4.478789 -0.479834
v 2.761966 4.494533 -0.433919
v 2.761966 4.510362 -0.359306
v 2.761966 4.504313 -0.307652
v 2.761966 4.475313 -0.247388
v 2.761966 4.451289 -0.207212
v 2.761966 4.437947 -0.161297
v 2.761966 4.446484 -0.116664
v 2.761966 4.469435 -0.098265
v 2.761966 4.487411 -0.086684
v 2.761966 4.492130 -0.063931
v 2.761966 4.465703 -0.056705
v 2.761966 4.451289 -0.032466
v 2.761966 4.453691 -0.006333
v 2.761965 4.571412 -0.006333
v 2.761966 4.571412 -0.631929
v 2.717006 4.618629 -0.001855
v 2.717006 4.618629 0.679079
v 2.717006 4.618629 -0.006333
v 2.717006 4.618629 -0.687267
v 2.815565 4.618629 -0.001855
v 2.815565 4.618629 0.679079
v 2.815565 4.618629 -0.006333
v 2.815566 4.618629 -0.687267
v 2.716184 4.617847 -1.291741
v 2.716184 4.617847 -2.344143
v 2.716185 6.009306 -1.291741
v 2.716185 6.009306 -2.344143
v 2.716185 6.009306 -1.249419
v 2.716185 6.009306 -2.385182
v 2.716185 6.110536 -1.291741
v 2.716185 6.110536 -2.344143
v 2.716185 6.110536 -1.210757
v 2.716185 6.110536 -2.425127
v 2.785838 6.009306 -1.291741
v 2.785837 4.617847 -1.291741
v 2.785837 4.617847 -2.344143
v 2.785838 6.009306 -2.344143
v 2.785838 6.009306 -1.249419
v 2.785838 6.009306 -2.385182
v 2.785838 6.110536 -2.344143
v 2.785838 6.110536 -1.291741
v 2.785838 6.110536 -1.210757
v 2.785838 6.110536 -2.425127
v 2.855047 6.009306 -2.344143
v 2.855047 6.009306 -1.291741
v 2.855047 6.009306 -1.249419
v 2.855047 6.009306 -2.392922
v 2.855047 6.110536 -2.344143
v 2.855047 6.110536 -1.291741
v 2.855047 6.110536 -1.210757
v 2.855047 6.110536 -2.425127
v 2.785838 5.869625 -1.397386
v 2.785837 4.723698 -1.397386
v 2.785837 4.723698 -2.238498
v 2.785838 5.869625 -2.238498
v 2.716185 5.517609 -1.291741
v 2.716185 5.517609 -2.344143
v 2.785838 5.517609 -1.291741
v 2.785838 5.517609 -2.344143
v 2.785838 5.556030 -1.397386
v 2.785838 5.556030 -2.238498
v 2.716185 5.452656 -1.291741
v 2.785838 5.452656 -1.291741
v 2.785838 5.508019 -1.397386
v 2.716185 5.452656 -2.344143
v 2.785838 5.452656 -2.344143
v 2.785838 5.508019 -2.238498
v 2.716185 5.223996 -1.291741
v 2.785838 5.223996 -1.291741
v 2.785838 5.324940 -1.397386
v 2.716185 5.223996 -2.344143
v 2.785838 5.223996 -2.344143
v 2.785838 5.324940 -2.238498
v 2.716185 5.166530 -1.291741
v 2.785838 5.166530 -1.291741
v 2.785838 5.277613 -1.397386
v 2.716185 5.166530 -2.344143
v 2.785838 5.166530 -2.344143
v 2.785838 5.277613 -2.238498
v 2.716184 4.617847 -1.770976
v 2.716185 6.009306 -1.770976
v 2.716185 6.110536 -1.770976
v 2.785837 4.617847 -1.770976
v 2.785838 6.009306 -1.770976
v 2.785838 6.110536 -1.770976
v 2.855047 6.009306 -1.770976
v 2.855047 6.110536 -1.770976
v 2.785837 4.723698 -1.785906
v 2.785838 5.869625 -1.785906
v 2.785838 5.556030 -1.785906
v 2.716185 5.517609 -1.770976
v 2.716185 5.452656 -1.770976
v 2.785838 5.508019 -1.785906
v 2.785838 5.324940 -1.785906
v 2.716185 5.223996 -1.770976
v 2.716185 5.166530 -1.770976
v 2.785838 5.277613 -1.785906
v 2.716184 4.617847 -1.829837
v 2.785837 4.617847 -1.829837
v 2.785837 4.723698 -1.822930
v 2.716185 5.517609 -1.829837
v 2.716185 5.452656 -1.829837
v 2.716185 5.223996 -1.829837
v 2.716185 5.166530 -1.829837
v 2.716185 6.009306 -1.829837
v 2.716185 6.110536 -1.829837
v 2.785838 6.009306 -1.829837
v 2.785838 6.110536 -1.829837
v 2.855047 6.009306 -1.829837
v 2.855047 6.110536 -1.829837
v 2.785838 5.869625 -1.822930
v 2.785838 5.556030 -1.822930
v 2.785838 5.508019 -1.822930
v 2.785838 5.324940 -1.822930
v 2.785838 5.277613 -1.828430
v 2.750010 5.277613 -1.397386
v 2.750010 4.723698 -1.397386
v 2.750010 4.723698 -1.822930
v 2.750010 4.723698 -2.238498
v 2.750010 5.556030 -2.238498
v 2.750010 5.869625 -2.238498
v 2.750010 5.869625 -1.785906
v 2.750010 5.869625 -1.397386
v 2.750010 5.556030 -1.397386
v 2.750010 5.556030 -1.785906
v 2.750010 5.324940 -2.238498
v 2.750010 5.508019 -2.238498
v 2.750010 5.508019 -1.785906
v 2.750010 5.508019 -1.397386
v 2.750010 5.324940 -1.397386
v 2.750010 5.324940 -1.785906
v 2.750010 5.277613 -2.238498
v 2.750010 5.277613 -1.785906
v 2.750010 4.723698 -1.785906
v 2.750010 5.869625 -1.822930
v 2.750010 5.556030 -1.822930
v 2.750010 5.508019 -1.822930
v 2.750010 5.324940 -1.822930
v 2.750010 5.277613 -1.828430
v 2.717006 4.536036 -1.288848
v 2.717006 4.391228 -1.318018
v 2.717006 4.446484 -1.288848
v 2.717006 4.412849 -1.305665
v 2.717006 4.367203 -1.342861
v 2.717006 4.351203 -1.372934
v 2.717006 4.362398 -1.401763
v 2.717006 4.391228 -1.435057
v 2.717006 4.417995 -1.447410
v 2.717006 4.437045 -1.440203
v 2.717006 4.456094 -1.417507
v 2.717006 4.478789 -1.416178
v 2.717006 4.494533 -1.454618
v 2.717006 4.510362 -1.517081
v 2.717006 4.504313 -1.560326
v 2.717006 4.475313 -1.610777
v 2.717006 4.451289 -1.644411
v 2.717006 4.437947 -1.682851
v 2.717006 4.446484 -1.720217
v 2.717006 4.469435 -1.735619
v 2.717006 4.487411 -1.745314
v 2.717006 4.492130 -1.764364
v 2.717006 4.465703 -1.770412
v 2.717006 4.451289 -1.790705
v 2.717006 4.453691 -1.812583
v 2.717006 4.571412 -1.812583
v 2.717006 4.571412 -1.288848
v 2.717006 4.536036 -2.340067
v 2.717006 4.391228 -2.310896
v 2.717006 4.446484 -2.340067
v 2.717006 4.412849 -2.323250
v 2.717006 4.367203 -2.286054
v 2.717006 4.351203 -2.255981
v 2.717006 4.362398 -2.227151
v 2.717006 4.391228 -2.193858
v 2.717006 4.417995 -2.181505
v 2.717006 4.437045 -2.188712
v 2.717006 4.456094 -2.211407
v 2.717006 4.478789 -2.212737
v 2.717006 4.494533 -2.174297
v 2.717006 4.510362 -2.111834
v 2.717006 4.504313 -2.068589
v 2.717006 4.475313 -2.018138
v 2.717006 4.451289 -1.984504
v 2.717006 4.437947 -1.946064
v 2.717006 4.446484 -1.908698
v 2.717006 4.469435 -1.893295
v 2.717006 4.487411 -1.883600
v 2.717006 4.492130 -1.864551
v 2.717006 4.465703 -1.858503
v 2.717006 4.451289 -1.838210
v 2.717006 4.453691 -1.816332
v 2.717006 4.571412 -1.816332
v 2.717006 4.571412 -2.340067
v 2.761965 4.536036 -1.288848
v 2.761965 4.391228 -1.318018
v 2.761965 4.446484 -1.288848
v 2.761965 4.412849 -1.305665
v 2.761965 4.367203 -1.342861
v 2.761965 4.351203 -1.372934
v 2.761965 4.362398 -1.401763
v 2.761965 4.391228 -1.435057
v 2.761965 4.417995 -1.447410
v 2.761965 4.437045 -1.440203
v 2.761965 4.456094 -1.417507
v 2.761965 4.478789 -1.416178
v 2.761965 4.494533 -1.454618
v 2.761965 4.510362 -1.517081
v 2.761965 4.504313 -1.560326
v 2.761965 4.475313 -1.610777
v 2.761965 4.451289 -1.644411
v 2.761966 4.437947 -1.682851
v 2.761966 4.446484 -1.720217
v 2.761966 4.469435 -1.735619
v 2.761966 4.487411 -1.745314
v 2.761966 4.492130 -1.764364
v 2.761966 4.465703 -1.770412
v 2.761966 4.451289 -1.790705
v 2.761966 4.453691 -1.812583
v 2.761965 4.571412 -1.812583
v 2.761965 4.571412 -1.288848
v 2.761966 4.536036 -2.340067
v 2.761966 4.391228 -2.310896
v 2.761966 4.446484 -2.340067
v 2.761966 4.412849 -2.323250
v 2.761966 4.367203 -2.286054
v 2.761966 4.351203 -2.255981
v 2.761966 4.362398 -2.227151
v 2.761966 4.391228 -2.193858
v 2.761966 4.417995 -2.181505
v 2.761966 4.437045 -2.188712
v 2.761966 4.456094 -2.211407
v 2.761966 4.478789 -2.212737
v 2.761966 4.494533 -2.174297
v 2.761966 4.510362 -2.111834
v 2.761966 4.504313 -2.068589
v 2.761966 4.475313 -2.018138
v 2.761966 4.451289 -1.984504
v 2.761966 4.437947 -1.946064
v 2.761966 4.446484 -1.908698
v 2.761966 4.469435 -1.893295
v 2.761966 4.487411 -1.883600
v 2.761966 4.492130 -1.864551
v 2.761966 4.465703 -1.858503
v 2.761966 4.451289 -1.838210
v 2.761966 4.453691 -1.816332
v 2.761965 4.571412 -1.816332
v 2.761966 4.571412 -2.340067
v 2.717006 4.618629 -1.812583
v 2.717006 4.618629 -1.242520
v 2.717006 4.618629 -1.816332
v 2.717006 4.618629 -2.386395
v 2.815565 4.618629 -1.812583
v 2.815565 4.618629 -1.242520
v 2.815565 4.618629 -1.816332
v 2.815566 4.618629 -2.386395
v -3.496465 1.483016 -7.114550
v -3.496465 1.333197 -7.084370
v -3.496465 1.390365 -7.114550
v -3.496465 1.355567 -7.097151
v -3.496465 1.308341 -7.058669
v -3.496465 1.291787 -7.027554
v -3.496465 1.303370 -6.997727
v -3.496465 1.333197 -6.963282
v -3.496465 1.360891 -6.950501
v -3.496465 1.380599 -6.957959
v -3.496465 1.400307 -6.981439
v -3.496465 1.423788 -6.982814
v -3.496465 1.440076 -6.943045
v -3.496465 1.456453 -6.878420
v -3.496465 1.450195 -6.833679
v -3.496465 1.420192 -6.781482
v -3.496465 1.395336 -6.746684
v -3.496465 1.381533 -6.706914
v -3.496465 1.390365 -6.668255
v -3.496465 1.414110 -6.652320
v -3.496465 1.432708 -6.642290
v -3.496465 1.437591 -6.622581
v -3.496465 1.410250 -6.616323
v -3.496465 1.395336 -6.595328
v -3.496465 1.390473 -6.572693
v -3.496465 1.519615 -6.572693
v -3.496465 1.519615 -7.114550
v -3.496465 1.483016 -6.026958
v -3.496465 1.333197 -6.057137
v -3.496465 1.390365 -6.026958
v -3.496465 1.355567 -6.044357
v -3.496465 1.308341 -6.082839
v -3.496465 1.291787 -6.113954
v -3.496465 1.303370 -6.143780
v -3.496465 1.333197 -6.178226
v -3.496465 1.360891 -6.191006
v -3.496465 1.380599 -6.183550
v -3.496465 1.400307 -6.160069
v -3.496465 1.423788 -6.158694
v -3.496465 1.440076 -6.198463
v -3.496465 1.456453 -6.263089
v -3.496465 1.450195 -6.307829
v -3.496465 1.420192 -6.360026
v -3.496465 1.395336 -6.394824
v -3.496465 1.381533 -6.434593
v -3.496465 1.390365 -6.473252
v -3.496465 1.414110 -6.489188
v -3.496465 1.432708 -6.499219
v -3.496465 1.437591 -6.518927
v -3.496465 1.410250 -6.525185
v -3.496465 1.395336 -6.546180
v -3.496465 1.390473 -6.568815
v -3.496465 1.519615 -6.568815
v -3.496465 1.519615 -6.026958
v -3.542980 1.483016 -7.114550
v -3.542980 1.333197 -7.084370
v -3.542980 1.390365 -7.114550
v -3.542980 1.355567 -7.097151
v -3.542980 1.308341 -7.058669
v -3.542980 1.291787 -7.027554
v -3.542980 1.303370 -6.997727
v -3.542980 1.333197 -6.963282
v -3.542980 1.360891 -6.950501
v -3.542980 1.380599 -6.957959
v -3.542980 1.400307 -6.981439
v -3.542980 1.423788 -6.982814
v -3.542980 1.440076 -6.943045
v -3.542980 1.456453 -6.878420
v -3.542980 1.450195 -6.833679
v -3.542980 1.420192 -6.781482
v -3.542980 1.395336 -6.746684
v -3.542980 1.381533 -6.706914
v -3.542980 1.390365 -6.668255
v -3.542980 1.414110 -6.652320
v -3.542980 1.432708 -6.642290
v -3.542980 1.437591 -6.622581
v -3.542980 1.410250 -6.616323
v -3.542980 1.395336 -6.595328
v -3.542980 1.390473 -6.572693
v -3.542980 1.519615 -6.572693
v -3.542980 1.519615 -7.114550
v -3.542980 1.483016 -6.026958
v -3.542980 1.333197 -6.057137
v -3.542980 1.390365 -6.026958
v -3.542980 1.355567 -6.044357
v -3.542980 1.308341 -6.082839
v -3.542980 1.291787 -6.113954
v -3.542980 1.303370 -6.143780
v -3.542980 1.333197 -6.178226
v -3.542980 1.360891 -6.191006
v -3.542980 1.380599 -6.183550
v -3.542980 1.400307 -6.160069
v -3.542980 1.423788 -6.158694
v -3.542980 1.440076 -6.198463
v -3.542980 1.456453 -6.263089
v -3.542980 1.450195 -6.307829
v -3.542980 1.420192 -6.360026
v -3.542980 1.395336 -6.394824
v -3.542980 1.381533 -6.434593
v -3.542980 1.390365 -6.473252
v -3.542980 1.414110 -6.489188
v -3.542980 1.432708 -6.499219
v -3.542980 1.437591 -6.518927
v -3.542980 1.410250 -6.525185
v -3.542980 1.395336 -6.546180
v -3.542980 1.390473 -6.568815
v -3.542980 1.519615 -6.568815
v -3.542980 1.519615 -6.026958
v -3.496465 1.568466 -6.572693
v -3.496465 1.568466 -7.162482
v -3.496465 1.568466 -6.568815
v -3.496465 1.568466 -5.979026
v -3.598435 1.568466 -6.572693
v -3.598435 1.568466 -7.162482
v -3.598435 1.568466 -6.568815
v -3.598435 1.568466 -5.979026
v -3.498115 3.236371 -5.964883
v -3.498115 3.236371 -7.158850
v -3.498115 3.526581 -6.568681
v -3.498115 3.192875 -6.023490
v -3.498115 3.192875 -7.113873
v -3.498115 1.568388 -6.023490
v -3.498115 1.568387 -7.113873
v -3.498115 3.465471 -6.568681
v -3.498115 1.568389 -6.568681
v -3.498115 3.099465 -6.105269
v -3.498115 3.099465 -7.032094
v -3.498115 1.709229 -6.105269
v -3.498115 1.704686 -7.032094
v -3.498115 3.331172 -6.568681
v -3.498115 2.397532 -7.113873
v -3.498115 2.644198 -7.032094
v -3.498115 2.397532 -6.023490
v -3.498115 2.644198 -6.105269
v -3.498115 2.558818 -7.032094
v -3.498115 2.558818 -6.105269
v -3.498115 2.558818 -6.514162
v -3.498115 2.558818 -6.623200
v -3.498115 1.704686 -6.514162
v -3.498115 1.704686 -6.623200
v -3.566264 3.465471 -6.568681
v -3.566264 3.192875 -7.113873
v -3.566264 3.192875 -6.023490
v -3.565805 3.518708 -6.569240
v -3.565805 3.228498 -7.159409
v -3.565805 3.228498 -5.965442
v -3.565805 3.457597 -6.569240
v -3.565805 3.185002 -7.114431
v -3.565805 2.389659 -6.024049
v -3.565805 3.185002 -6.024049
v -3.565805 1.568389 -6.568542
v -3.565805 1.568388 -6.023490
v -3.565805 2.389659 -7.114431
v -3.565805 1.568389 -7.113873
v -3.565805 1.701356 -6.105828
v -3.633954 3.228498 -7.159409
v -3.565805 3.323299 -6.569240
v -3.565805 3.091592 -7.032652
v -3.565805 2.636326 -6.105828
v -3.565805 3.091592 -6.105828
v -3.565805 1.696813 -7.032652
v -3.565805 1.696813 -6.623759
v -3.565805 1.696813 -6.514721
v -3.565805 2.636326 -7.032652
v -3.565805 2.550945 -6.105828
v -3.565805 2.550945 -7.032652
v -3.565805 2.550945 -6.514721
v -3.565805 2.550945 -6.623759
v -3.633954 3.518708 -6.569240
v -3.633954 3.228498 -5.965442
v -3.633954 3.457597 -6.569240
v -3.633954 3.185002 -7.114431
v -3.633954 3.185002 -6.024049
v -3.498115 1.992425 -6.105269
v -3.498115 2.304244 -6.105269
v -3.498115 1.989397 -6.514162
v -3.498115 2.302730 -6.514162
v -3.498115 2.302730 -6.623200
v -3.498115 1.989397 -6.623200
v -3.498115 1.989397 -7.032094
v -3.498115 2.302730 -7.032094
v -3.498115 2.265627 -6.105269
v -3.498115 2.264112 -6.514162
v -3.498115 2.264870 -6.623200
v -3.498115 2.264870 -7.032094
v -3.498115 2.302730 -6.623200
v -3.498115 2.302730 -7.032094
v -3.498115 2.264870 -6.623200
v -3.498115 2.264870 -7.032094
v -3.565807 2.302730 -6.623200
v -3.565807 2.302730 -7.032094
v -3.565807 2.264870 -6.623200
v -3.565807 2.264870 -7.032094
v -3.565807 2.304244 -6.105269
v -3.565807 2.302730 -6.514162
v -3.565807 2.265627 -6.105269
v -3.565807 2.264112 -6.514162
v -3.495252 3.216566 -5.932480
v -3.495252 3.173070 -5.991088
v -3.562942 3.208693 -5.933039
v -3.562942 3.165197 -5.991647
v -3.631091 3.208693 -5.933039
v -3.631091 3.165197 -5.991647
v -3.495732 3.172205 -7.152344
v -3.495732 3.215701 -7.197323
v -3.563422 3.164331 -7.152903
v -3.563422 3.207827 -7.197881
v -3.631571 3.207827 -7.197881
v -3.631571 3.164331 -7.152903
v -3.502475 1.483016 -4.866362
v -3.502475 1.333197 -4.836182
v -3.502475 1.390365 -4.866362
v -3.502475 1.355567 -4.848963
v -3.502475 1.308341 -4.810481
v -3.502475 1.291787 -4.779367
v -3.502475 1.303370 -4.749539
v -3.502475 1.333197 -4.715094
v -3.502475 1.360891 -4.702313
v -3.502475 1.380599 -4.709771
v -3.502475 1.400307 -4.733251
v -3.502475 1.423788 -4.734626
v -3.502475 1.440076 -4.694857
v -3.502475 1.456453 -4.630232
v -3.502475 1.450195 -4.585491
v -3.502475 1.420192 -4.533294
v -3.502475 1.395336 -4.498496
v -3.502475 1.381533 -4.458726
v -3.502475 1.390365 -4.420067
v -3.502475 1.414110 -4.404132
v -3.502475 1.432708 -4.394102
v -3.502475 1.437591 -4.374393
v -3.502475 1.410250 -4.368135
v -3.502475 1.395336 -4.347140
v -3.502475 1.390473 -4.324505
v -3.502475 1.519615 -4.324505
v -3.502475 1.519615 -4.866362
v -3.502475 1.483016 -3.778769
v -3.502475 1.333197 -3.808949
v -3.502475 1.390365 -3.778769
v -3.502475 1.355567 -3.796169
v -3.502475 1.308341 -3.834651
v -3.502475 1.291787 -3.865765
v -3.502475 1.303370 -3.895592
v -3.502475 1.333197 -3.930037
v -3.502475 1.360891 -3.942818
v -3.502475 1.380599 -3.935361
v -3.502475 1.400307 -3.911881
v -3.502475 1.423788 -3.910506
v -3.502475 1.440076 -3.950275
v -3.502475 1.456453 -4.014901
v -3.502475 1.450195 -4.059641
v -3.502475 1.420192 -4.111838
v -3.502475 1.395336 -4.146636
v -3.502475 1.381533 -4.186405
v -3.502475 1.390365 -4.225064
v -3.502475 1.414110 -4.241000
v -3.502475 1.432708 -4.251031
v -3.502475 1.437591 -4.270739
v -3.502475 1.410250 -4.276997
v -3.502475 1.395336 -4.297992
v -3.502475 1.390473 -4.320627
v -3.502475 1.519615 -4.320627
v -3.502475 1.519615 -3.778769
v -3.548990 1.483016 -4.866362
v -3.548990 1.333197 -4.836182
v -3.548990 1.390365 -4.866362
v -3.548990 1.355567 -4.848963
v -3.548990 1.308341 -4.810481
v -3.548990 1.291787 -4.779367
v -3.548990 1.303370 -4.749539
v -3.548990 1.333197 -4.715094
v -3.548990 1.360891 -4.702313
v -3.548990 1.380599 -4.709771
v -3.548990 1.400307 -4.733251
v -3.548990 1.423788 -4.734626
v -3.548990 1.440076 -4.694857
v -3.548990 1.456453 -4.630232
v -3.548990 1.450195 -4.585491
v -3.548990 1.420192 -4.533294
v -3.548990 1.395336 -4.498496
v -3.548990 1.381533 -4.458726
v -3.548990 1.390365 -4.420067
v -3.548990 1.414110 -4.404132
v -3.548990 1.432708 -4.394102
v -3.548990 1.437591 -4.374393
v -3.548990 1.410250 -4.368135
v -3.548990 1.395336 -4.347140
v -3.548990 1.390473 -4.324505
v -3.548990 1.519615 -4.324505
v -3.548990 1.519615 -4.866362
v -3.548990 1.483016 -3.778769
v -3.548990 1.333197 -3.808949
v -3.548990 1.390365 -3.778769
v -3.548990 1.355567 -3.796169
v -3.548990 1.308341 -3.834651
v -3.548990 1.291787 -3.865765
v -3.548990 1.303370 -3.895592
v -3.548990 1.333197 -3.930037
v -3.548990 1.360891 -3.942818
v -3.548990 1.380599 -3.935361
v -3.548990 1.400307 -3.911881
v -3.548990 1.423788 -3.910506
v -3.548990 1.440076 -3.950275
v -3.548990 1.456453 -4.014901
v -3.548990 1.450195 -4.059641
v -3.548990 1.420192 -4.111838
v -3.548990 1.395336 -4.146636
v -3.548990 1.381533 -4.186405
v -3.548990 1.390365 -4.225064
v -3.548990 1.414110 -4.241000
v -3.548990 1.432708 -4.251031
v -3.548990 1.437591 -4.270739
v -3.548990 1.410250 -4.276997
v -3.548990 1.395336 -4.297992
v -3.548990 1.390473 -4.320627
v -3.548990 1.519615 -4.320627
v -3.548990 1.519615 -3.778769
v -3.502475 1.568466 -4.324505
v -3.502475 1.568466 -4.914294
v -3.502475 1.568466 -4.320627
v -3.502475 1.568466 -3.730838
v -3.604445 1.568466 -4.324505
v -3.604445 1.568466 -4.914294
v -3.604445 1.568466 -4.320627
v -3.604445 1.568466 -3.730838
v -3.504125 3.236371 -3.716694
v -3.504125 3.236371 -4.910662
v -3.504125 3.526581 -4.320493
v -3.504125 3.192875 -3.775302
v -3.504125 3.192875 -4.865685
v -3.504125 1.568388 -3.775302
v -3.504125 1.568387 -4.865685
v -3.504125 3.465471 -4.320493
v -3.504125 1.568389 -4.320493
v -3.504125 3.099465 -3.857081
v -3.504125 3.099465 -4.783906
v -3.504125 1.709229 -3.857081
v -3.504125 1.704686 -4.783906
v -3.504125 3.331172 -4.320493
v -3.504125 2.397532 -4.865685
v -3.504125 2.644198 -4.783906
v -3.504125 2.397532 -3.775302
v -3.504125 2.644198 -3.857081
v -3.504125 2.558818 -4.783906
v -3.504125 2.558818 -3.857081
v -3.504125 2.558818 -4.265974
v -3.504125 2.558818 -4.375012
v -3.504125 1.704686 -4.265974
v -3.504125 1.704686 -4.375012
v -3.572274 3.465471 -4.320493
v -3.572274 3.192875 -4.865685
v -3.572274 3.192875 -3.775302
v -3.571815 3.518708 -4.321052
v -3.571815 3.228498 -4.911221
v -3.571815 3.228498 -3.717253
v -3.571815 3.457597 -4.321052
v -3.571815 3.185002 -4.866243
v -3.571815 2.389659 -3.775861
v -3.571815 3.185002 -3.775861
v -3.571815 1.568389 -4.320354
v -3.571815 1.568388 -3.775302
v -3.571815 2.389659 -4.866243
v -3.571815 1.568389 -4.865685
v -3.571815 1.701356 -3.857640
v -3.639964 3.228498 -4.911221
v -3.571815 3.323299 -4.321052
v -3.571815 3.091592 -4.784464
v -3.571815 2.636326 -3.857640
v -3.571815 3.091592 -3.857640
v -3.571815 1.696813 -4.784464
v -3.571815 1.696813 -4.375571
v -3.571815 1.696813 -4.266533
v -3.571815 2.636326 -4.784464
v -3.571815 2.550945 -3.857640
v -3.571815 2.550945 -4.784464
v -3.571815 2.550945 -4.266533
v -3.571815 2.550945 -4.375571
v -3.639964 3.518708 -4.321052
v -3.639964 3.228498 -3.717253
v -3.639964 3.457597 -4.321052
v -3.639964 3.185002 -4.866243
v -3.639964 3.185002 -3.775861
v -3.504125 1.992425 -3.857081
v -3.504125 2.304244 -3.857081
v -3.504125 1.989397 -4.265974
v -3.504125 2.302730 -4.265974
v -3.504125 2.302730 -4.375012
v -3.504125 1.989397 -4.375012
v -3.504125 1.989397 -4.783906
v -3.504125 2.302730 -4.783906
v -3.504125 2.265627 -3.857081
v -3.504125 2.264112 -4.265974
v -3.504125 2.264870 -4.375012
v -3.504125 2.264870 -4.783906
v -3.504125 2.302730 -4.375012
v -3.504125 2.302730 -4.783906
v -3.504125 2.264870 -4.375012
v -3.504125 2.264870 -4.783906
v -3.571817 2.302730 -4.375012
v -3.571817 2.302730 -4.783906
v -3.571817 2.264870 -4.375012
v -3.571817 2.264870 -4.783906
v -3.571817 2.304244 -3.857081
v -3.571817 2.302730 -4.265974
v -3.571817 2.265627 -3.857081
v -3.571817 2.264112 -4.265974
v -3.501262 3.216566 -3.684292
v -3.501262 3.173070 -3.742900
v -3.568952 3.208693 -3.684851
v -3.568952 3.165197 -3.743459
v -3.637101 3.208693 -3.684851
v -3.637101 3.165197 -3.743459
v -3.501742 3.172205 -4.904157
v -3.501742 3.215701 -4.949135
v -3.569432 3.164331 -4.904715
v -3.569432 3.207827 -4.949693
v -3.637581 3.207827 -4.949693
v -3.637581 3.164331 -4.904715
v -4.000391 1.490147 -0.395204
v -4.000391 1.340328 -0.365024
v -4.000391 1.397497 -0.395204
v -4.000391 1.362698 -0.377805
v -4.000391 1.315472 -0.339323
v -4.000391 1.298919 -0.308209
v -4.000391 1.310501 -0.278382
v -4.000391 1.340328 -0.243936
v -4.000391 1.368022 -0.231156
v -4.000391 1.387731 -0.238612
v -4.000391 1.407439 -0.262093
v -4.000391 1.430920 -0.263468
v -4.000391 1.447208 -0.223699
v -4.000391 1.463585 -0.159074
v -4.000391 1.457327 -0.114333
v -4.000391 1.427323 -0.062136
v -4.000391 1.402468 -0.027338
v -4.000391 1.388665 0.012431
v -4.000391 1.397497 0.051090
v -4.000391 1.421242 0.067026
v -4.000391 1.439840 0.077057
v -4.000391 1.444723 0.096765
v -4.000391 1.417381 0.103023
v -4.000391 1.402468 0.124018
v -4.000391 1.397605 0.146653
v -4.000391 1.526747 0.146653
v -4.000391 1.526747 -0.395204
v -4.000391 1.490147 0.692388
v -4.000391 1.340328 0.662208
v -4.000391 1.397497 0.692388
v -4.000391 1.362698 0.674989
v -4.000391 1.315472 0.636506
v -4.000391 1.298919 0.605392
v -4.000391 1.310501 0.575566
v -4.000391 1.340328 0.541120
v -4.000391 1.368022 0.528340
v -4.000391 1.387731 0.535796
v -4.000391 1.407439 0.559277
v -4.000391 1.430920 0.560652
v -4.000391 1.447208 0.520883
v -4.000391 1.463585 0.456258
v -4.000391 1.457327 0.411517
v -4.000391 1.427323 0.359320
v -4.000391 1.402468 0.324522
v -4.000391 1.388665 0.284752
v -4.000391 1.397497 0.246094
v -4.000391 1.421242 0.230158
v -4.000391 1.439840 0.220127
v -4.000391 1.444723 0.200419
v -4.000391 1.417381 0.194161
v -4.000391 1.402468 0.173166
v -4.000391 1.397605 0.150531
v -4.000391 1.526747 0.150531
v -4.000391 1.526747 0.692388
v -4.046906 1.490147 -0.395204
v -4.046906 1.340328 -0.365024
v -4.046906 1.397497 -0.395204
v -4.046906 1.362698 -0.377805
v -4.046906 1.315472 -0.339323
v -4.046906 1.298919 -0.308209
v -4.046906 1.310501 -0.278382
v -4.046906 1.340328 -0.243936
v -4.046906 1.368022 -0.231156
v -4.046906 1.387731 -0.238612
v -4.046906 1.407439 -0.262093
v -4.046906 1.430920 -0.263468
v -4.046906 1.447208 -0.223699
v -4.046906 1.463585 -0.159074
v -4.046906 1.457327 -0.114333
v -4.046906 1.427323 -0.062136
v -4.046906 1.402468 -0.027338
v -4.046906 1.388665 0.012431
v -4.046906 1.397497 0.051090
v -4.046906 1.421242 0.067026
v -4.046906 1.439840 0.077057
v -4.046906 1.444723 0.096765
v -4.046906 1.417381 0.103023
v -4.046906 1.402468 0.124018
v -4.046906 1.397605 0.146653
v -4.046906 1.526747 0.146653
v -4.046906 1.526747 -0.395204
v -4.046906 1.490147 0.692388
v -4.046906 1.340328 0.662208
v -4.046906 1.397497 0.692388
v -4.046906 1.362698 0.674989
v -4.046906 1.315472 0.636506
v -4.046906 1.298919 0.605392
v -4.046906 1.310501 0.575566
v -4.046906 1.340328 0.541120
v -4.046906 1.368022 0.528340
v -4.046906 1.387731 0.535796
v -4.046906 1.407439 0.559277
v -4.046906 1.430920 0.560652
v -4.046906 1.447208 0.520883
v -4.046906 1.463585 0.456258
v -4.046906 1.457327 0.411517
v -4.046906 1.427323 0.359320
v -4.046906 1.402468 0.324522
v -4.046906 1.388665 0.284752
v -4.046906 1.397497 0.246094
v -4.046906 1.421242 0.230158
v -4.046906 1.439840 0.220127
v -4.046906 1.444723 0.200419
v -4.046906 1.417381 0.194161
v -4.046906 1.402468 0.173166
v -4.046906 1.397605 0.150531
v -4.046906 1.526747 0.150531
v -4.046906 1.526747 0.692388
v -4.000391 1.575598 0.146653
v -4.000391 1.575598 -0.443136
v -4.000391 1.575598 0.150531
v -4.000391 1.575598 0.740319
v -4.102361 1.575598 0.146653
v -4.102361 1.575598 -0.443136
v -4.102361 1.575598 0.150531
v -4.102361 1.575598 0.740319
v -4.002041 3.243503 0.754463
v -4.002041 3.243503 -0.439504
v -4.002041 3.533713 0.150665
v -4.002041 3.200007 0.695855
v -4.002041 3.200007 -0.394526
v -4.002041 1.575520 0.695855
v -4.002041 1.575519 -0.394526
v -4.002041 3.472602 0.150665
v -4.002041 1.575521 0.150665
v -4.002041 3.106597 0.614077
v -4.002041 3.106597 -0.312748
v -4.002041 1.716361 0.614077
v -4.002041 1.711818 -0.312748
v -4.002041 3.338304 0.150665
v -4.002041 2.404665 -0.394526
v -4.002041 2.651330 -0.312748
v -4.002041 2.404665 0.695855
v -4.002041 2.651330 0.614077
v -4.002041 2.565950 -0.312748
v -4.002041 2.565950 0.614077
v -4.002041 2.565950 0.205184
v -4.002041 2.565950 0.096145
v -4.002041 1.711818 0.205184
v -4.002041 1.711818 0.096145
v -4.070189 3.472602 0.150665
v -4.070189 3.200007 -0.394526
v -4.070189 3.200007 0.695855
v -4.069731 3.525840 0.150106
v -4.069731 3.235629 -0.440063
v -4.069731 3.235629 0.753905
v -4.069731 3.464729 0.150106
v -4.069731 3.192133 -0.395085
v -4.069731 2.396791 0.695297
v -4.069731 3.192133 0.695297
v -4.069731 1.575521 0.150804
v -4.069731 1.575520 0.695855
v -4.069731 2.396791 -0.395085
v -4.069731 1.575521 -0.394526
v -4.069731 1.708488 0.613518
v -4.137880 3.235629 -0.440063
v -4.069731 3.330430 0.150106
v -4.069731 3.098724 -0.313306
v -4.069731 2.643457 0.613518
v -4.069731 3.098724 0.613518
v -4.069731 1.703944 -0.313306
v -4.069731 1.703944 0.095587
v -4.069731 1.703944 0.204625
v -4.069731 2.643457 -0.313306
v -4.069731 2.558076 0.613518
v -4.069731 2.558076 -0.313306
v -4.069731 2.558076 0.204625
v -4.069731 2.558076 0.095587
v -4.137880 3.525840 0.150106
v -4.137880 3.235629 0.753905
v -4.137880 3.464729 0.150106
v -4.137880 3.192133 -0.395085
v -4.137880 3.192133 0.695297
v -4.002041 1.999557 0.614077
v -4.002041 2.311376 0.614077
v -4.002041 1.996528 0.205184
v -4.002041 2.309862 0.205184
v -4.002041 2.309862 0.096145
v -4.002041 1.996528 0.096145
v -4.002041 1.996528 -0.312748
v -4.002041 2.309862 -0.312748
v -4.002041 2.272758 0.614077
v -4.002041 2.271245 0.205184
v -4.002041 2.272001 0.096145
v -4.002041 2.272001 -0.312748
v -4.002041 2.309862 0.096145
v -4.002041 2.309862 -0.312748
v -4.002041 2.272001 0.096145
v -4.002041 2.272001 -0.312748
v -4.069733 2.309862 0.096145
v -4.069733 2.309862 -0.312748
v -4.069733 2.272001 0.096145
v -4.069733 2.272001 -0.312748
v -4.069733 2.311376 0.614077
v -4.069733 2.309862 0.205184
v -4.069733 2.272758 0.614077
v -4.069733 2.271245 0.205184
v -3.999177 3.223698 0.786866
v -3.999177 3.180202 0.728258
v -4.066867 3.215825 0.786307
v -4.066867 3.172329 0.727699
v -4.135016 3.215825 0.786307
v -4.135016 3.172329 0.727699
v -3.999657 3.179337 -0.432999
v -3.999657 3.222832 -0.477977
v -4.067348 3.171463 -0.433557
v -4.067348 3.214959 -0.478536
v -4.135496 3.214959 -0.478536
v -4.135496 3.171463 -0.433557
v -3.999804 1.482876 1.444785
v -3.999804 1.333057 1.474965
v -3.999804 1.390225 1.444785
v -3.999804 1.355427 1.462184
v -3.999804 1.308201 1.500666
v -3.999804 1.291648 1.531780
v -3.999804 1.303229 1.561607
v -3.999804 1.333057 1.596053
v -3.999804 1.360751 1.608833
v -3.999804 1.380459 1.601376
v -3.999804 1.400167 1.577896
v -3.999804 1.423648 1.576521
v -3.999804 1.439937 1.616290
v -3.999804 1.456314 1.680915
v -3.999804 1.450056 1.725656
v -3.999804 1.420052 1.777853
v -3.999804 1.395196 1.812651
v -3.999804 1.381393 1.852420
v -3.999804 1.390225 1.891079
v -3.999804 1.413970 1.907015
v -3.999804 1.432568 1.917045
v -3.999804 1.437451 1.936754
v -3.999804 1.410110 1.943012
v -3.999804 1.395196 1.964007
v -3.999804 1.390334 1.986642
v -3.999804 1.519475 1.986642
v -3.999804 1.519475 1.444785
v -3.999804 1.482876 2.532377
v -3.999804 1.333057 2.502197
v -3.999804 1.390225 2.532377
v -3.999804 1.355427 2.514978
v -3.999804 1.308201 2.476495
v -3.999804 1.291648 2.445381
v -3.999804 1.303229 2.415555
v -3.999804 1.333057 2.381109
v -3.999804 1.360751 2.368329
v -3.999804 1.380459 2.375785
v -3.999804 1.400167 2.399266
v -3.999804 1.423648 2.400641
v -3.999804 1.439937 2.360872
v -3.999804 1.456314 2.296247
v -3.999804 1.450056 2.251506
v -3.999804 1.420052 2.199309
v -3.999804 1.395196 2.164511
v -3.999804 1.381393 2.124741
v -3.999804 1.390225 2.086082
v -3.999804 1.413970 2.070147
v -3.999804 1.432568 2.060116
v -3.999804 1.437451 2.040408
v -3.999804 1.410110 2.034150
v -3.999804 1.395196 2.013155
v -3.999804 1.390334 1.990520
v -3.999804 1.519475 1.990520
v -3.999804 1.519475 2.532377
v -4.046319 1.482876 1.444785
v -4.046319 1.333057 1.474965
v -4.046319 1.390225 1.444785
v -4.046319 1.355427 1.462184
v -4.046319 1.308201 1.500666
v -4.046319 1.291648 1.531780
v -4.046319 1.303229 1.561607
v -4.046319 1.333057 1.596053
v -4.046319 1.360751 1.608833
v -4.046319 1.380459 1.601376
v -4.046319 1.400167 1.577896
v -4.046319 1.423648 1.576521
v -4.046319 1.439937 1.616290
v -4.046319 1.456314 1.680915
v -4.046319 1.450056 1.725656
v -4.046319 1.420052 1.777853
v -4.046319 1.395196 1.812651
v -4.046319 1.381393 1.852420
v -4.046319 1.390225 1.891079
v -4.046319 1.413970 1.907015
v -4.046319 1.432568 1.917045
v -4.046319 1.437451 1.936754
v -4.046319 1.410110 1.943012
v -4.046319 1.395196 1.964007
v -4.046319 1.390334 1.986642
v -4.046319 1.519475 1.986642
v -4.046319 1.519475 1.444785
v -4.046319 1.482876 2.532377
v -4.046319 1.333057 2.502197
v -4.046319 1.390225 2.532377
v -4.046319 1.355427 2.514978
v -4.046319 1.308201 2.476495
v -4.046319 1.291648 2.445381
v -4.046319 1.303229 2.415555
v -4.046319 1.333057 2.381109
v -4.046319 1.360751 2.368329
v -4.046319 1.380459 2.375785
v -4.046319 1.400167 2.399266
v -4.046319 1.423648 2.400641
v -4.046319 1.439937 2.360872
v -4.046319 1.456314 2.296247
v -4.046319 1.450056 2.251506
v -4.046319 1.420052 2.199309
v -4.046319 1.395196 2.164511
v -4.046319 1.381393 2.124741
v -4.046319 1.390225 2.086082
v -4.046319 1.413970 2.070147
v -4.046319 1.432568 2.060116
v -4.046319 1.437451 2.040408
v -4.046319 1.410110 2.034150
v -4.046319 1.395196 2.013155
v -4.046319 1.390334 1.990520
v -4.046319 1.519475 1.990520
v -4.046319 1.519475 2.532377
v -3.999804 1.568326 1.986642
v -3.999804 1.568326 1.396853
v -3.999804 1.568326 1.990520
v -3.999804 1.568326 2.580308
v -4.101774 1.568326 1.986642
v -4.101774 1.568326 1.396853
v -4.101774 1.568326 1.990520
v -4.101774 1.568326 2.580308
v -4.001454 3.236231 2.594452
v -4.001454 3.236231 1.400485
v -4.001454 3.526441 1.990653
v -4.001454 3.192735 2.535844
v -4.001454 3.192735 1.445463
v -4.001454 1.568248 2.535844
v -4.001454 1.568247 1.445463
v -4.001454 3.465331 1.990653
v -4.001454 1.568249 1.990653
v -4.001454 3.099326 2.454066
v -4.001454 3.099326 1.527241
v -4.001454 1.709089 2.454066
v -4.001454 1.704546 1.527241
v -4.001454 3.331032 1.990653
v -4.001454 2.397393 1.445463
v -4.001454 2.644059 1.527241
v -4.001454 2.397393 2.535844
v -4.001454 2.644059 2.454066
v -4.001454 2.558678 1.527241
v -4.001454 2.558678 2.454066
v -4.001454 2.558678 2.045172
v -4.001454 2.558678 1.936134
v -4.001454 1.704546 2.045172
v -4.001454 1.704546 1.936134
v -4.069603 3.465331 1.990653
v -4.069603 3.192735 1.445463
v -4.069603 3.192735 2.535844
v -4.069144 3.518568 1.990095
v -4.069145 3.228358 1.399926
v -4.069144 3.228358 2.593894
v -4.069144 3.457458 1.990095
v -4.069145 3.184862 1.444904
v -4.069145 2.389520 2.535286
v -4.069144 3.184862 2.535286
v -4.069145 1.568249 1.990793
v -4.069145 1.568248 2.535844
v -4.069145 2.389520 1.444904
v -4.069145 1.568249 1.445463
v -4.069145 1.701216 2.453507
v -4.137293 3.228358 1.399926
v -4.069144 3.323158 1.990095
v -4.069145 3.091453 1.526683
v -4.069145 2.636185 2.453507
v -4.069145 3.091453 2.453507
v -4.069145 1.696673 1.526683
v -4.069145 1.696673 1.935576
v -4.069145 1.696673 2.044614
v -4.069145 2.636185 1.526683
v -4.069145 2.550805 2.453507
v -4.069145 2.550805 1.526683
v -4.069145 2.550805 2.044614
v -4.069145 2.550805 1.935576
v -4.137293 3.518568 1.990095
v -4.137293 3.228358 2.593894
v -4.137293 3.457458 1.990095
v -4.137293 3.184862 1.444904
v -4.137293 3.184862 2.535286
v -4.001454 1.992285 2.454066
v -4.001454 2.304104 2.454066
v -4.001454 1.989257 2.045172
v -4.001454 2.302590 2.045172
v -4.001454 2.302590 1.936134
v -4.001454 1.989257 1.936134
v -4.001454 1.989257 1.527241
v -4.001454 2.302590 1.527241
v -4.001454 2.265487 2.454066
v -4.001454 2.263973 2.045172
v -4.001454 2.264730 1.936134
v -4.001454 2.264730 1.527241
v -4.001454 2.302590 1.936134
v -4.001454 2.302590 1.527241
v -4.001454 2.264730 1.936134
v -4.001454 2.264730 1.527241
v -4.069147 2.302590 1.936134
v -4.069147 2.302590 1.527241
v -4.069147 2.264730 1.936134
v -4.069147 2.264730 1.527241
v -4.069147 2.304104 2.454066
v -4.069147 2.302590 2.045172
v -4.069147 2.265487 2.454066
v -4.069147 2.263973 2.045172
v -3.998591 3.216426 2.626855
v -3.998591 3.172930 2.568247
v -4.066281 3.208553 2.626296
v -4.066281 3.165057 2.567688
v -4.134430 3.208553 2.626296
v -4.134430 3.165057 2.567688
v -3.999071 3.172065 1.406990
v -3.999071 3.215560 1.362012
v -4.066761 3.164192 1.406432
v -4.066761 3.207687 1.361453
v -4.134910 3.207687 1.361453
v -4.134910 3.164192 1.406432
v -4.014648 1.490147 -2.375869
v -4.014648 1.340328 -2.345689
v -4.014648 1.397497 -2.375869
v -4.014648 1.362698 -2.358470
v -4.014648 1.315472 -2.319987
v -4.014648 1.298919 -2.288873
v -4.014648 1.310501 -2.259046
v -4.014648 1.340328 -2.224601
v -4.014648 1.368022 -2.211821
v -4.014648 1.387731 -2.219277
v -4.014648 1.407439 -2.242758
v -4.014648 1.430920 -2.244133
v -4.014648 1.447208 -2.204364
v -4.014648 1.463585 -2.139738
v -4.014648 1.457327 -2.094998
v -4.014648 1.427323 -2.042801
v -4.014648 1.402468 -2.008003
v -4.014648 1.388665 -1.968233
v -4.014648 1.397497 -1.929574
v -4.014648 1.421242 -1.913639
v -4.014648 1.439840 -1.903608
v -4.014648 1.444723 -1.883900
v -4.014648 1.417381 -1.877642
v -4.014648 1.402468 -1.856647
v -4.014648 1.397605 -1.834012
v -4.014648 1.526747 -1.834012
v -4.014648 1.526747 -2.375869
v -4.014648 1.490147 -1.288277
v -4.014648 1.340328 -1.318456
v -4.014648 1.397497 -1.288277
v -4.014648 1.362698 -1.305676
v -4.014648 1.315472 -1.344158
v -4.014648 1.298919 -1.375272
v -4.014648 1.310501 -1.405099
v -4.014648 1.340328 -1.439544
v -4.014648 1.368022 -1.452325
v -4.014648 1.387731 -1.444868
v -4.014648 1.407439 -1.421388
v -4.014648 1.430920 -1.420013
v -4.014648 1.447208 -1.459782
v -4.014648 1.463585 -1.524407
v -4.014648 1.457327 -1.569147
v -4.014648 1.427323 -1.621345
v -4.014648 1.402468 -1.656143
v -4.014648 1.388665 -1.695912
v -4.014648 1.397497 -1.734571
v -4.014648 1.421242 -1.750507
v -4.014648 1.439840 -1.760537
v -4.014648 1.444723 -1.780246
v -4.014648 1.417381 -1.786504
v -4.014648 1.402468 -1.807499
v -4.014648 1.397605 -1.830134
v -4.014648 1.526747 -1.830134
v -4.014648 1.526747 -1.288277
v -4.061163 1.490147 -2.375869
v -4.061163 1.340328 -2.345689
v -4.061163 1.397497 -2.375869
v -4.061163 1.362698 -2.358470
v -4.061163 1.315472 -2.319987
v -4.061163 1.298919 -2.288873
v -4.061163 1.310501 -2.259046
v -4.061163 1.340328 -2.224601
v -4.061163 1.368022 -2.211821
v -4.061163 1.387731 -2.219277
v -4.061163 1.407439 -2.242758
v -4.061163 1.430920 -2.244133
v -4.061163 1.447208 -2.204364
v -4.061163 1.463585 -2.139738
v -4.061163 1.457327 -2.094998
v -4.061163 1.427323 -2.042801
v -4.061163 1.402468 -2.008003
v -4.061163 1.388665 -1.968233
v -4.061163 1.397497 -1.929574
v -4.061163 1.421242 -1.913639
v -4.061163 1.439840 -1.903608
v -4.061163 1.444723 -1.883900
v -4.061163 1.417381 -1.877642
v -4.061163 1.402468 -1.856647
v -4.061163 1.397605 -1.834012
v -4.061163 1.526747 -1.834012
v -4.061163 1.526747 -2.375869
v -4.061163 1.490147 -1.288277
v -4.061163 1.340328 -1.318456
v -4.061163 1.397497 -1.288277
v -4.061163 1.362698 -1.305676
v -4.061163 1.315472 -1.344158
v -4.061163 1.298919 -1.375272
v -4.061163 1.310501 -1.405099
v -4.061163 1.340328 -1.439544
v -4.061163 1.368022 -1.452325
v -4.061163 1.387731 -1.444868
v -4.061163 1.407439 -1.421388
v -4.061163 1.430920 -1.420013
v -4.061163 1.447208 -1.459782
v -4.061163 1.463585 -1.524407
v -4.061163 1.457327 -1.569147
v -4.061163 1.427323 -1.621345
v -4.061163 1.402468 -1.656143
v -4.061163 1.388665 -1.695912
v -4.061163 1.397497 -1.734571
v -4.061163 1.421242 -1.750507
v -4.061163 1.439840 -1.760537
v -4.061163 1.444723 -1.780246
v -4.061163 1.417381 -1.786504
v -4.061163 1.402468 -1.807499
v -4.061163 1.397605 -1.830134
v -4.061163 1.526747 -1.830134
v -4.061163 1.526747 -1.288277
v -4.014648 1.575598 -1.834012
v -4.014648 1.575598 -2.423800
v -4.014648 1.575598 -1.830134
v -4.014648 1.575598 -1.240345
v -4.116618 1.575598 -1.834012
v -4.116618 1.575598 -2.423800
v -4.116618 1.575598 -1.830134
v -4.116618 1.575598 -1.240345
v -4.016298 3.243503 -1.226201
v -4.016298 3.243503 -2.420169
v -4.016298 3.533713 -1.830000
v -4.016298 3.200007 -1.284809
v -4.016298 3.200007 -2.375191
v -4.016298 1.575520 -1.284809
v -4.016298 1.575519 -2.375191
v -4.016298 3.472602 -1.830000
v -4.016298 1.575521 -1.830000
v -4.016298 3.106597 -1.366588
v -4.016298 3.106597 -2.293412
v -4.016298 1.716361 -1.366588
v -4.016298 1.711818 -2.293412
v -4.016298 3.338304 -1.830000
v -4.016298 2.404665 -2.375191
v -4.016298 2.651330 -2.293412
v -4.016298 2.404665 -1.284809
v -4.016298 2.651330 -1.366588
v -4.016298 2.565950 -2.293412
v -4.016298 2.565950 -1.366588
v -4.016298 2.565950 -1.775481
v -4.016298 2.565950 -1.884519
v -4.016298 1.711818 -1.775481
v -4.016298 1.711818 -1.884519
v -4.084446 3.472602 -1.830000
v -4.084446 3.200007 -2.375191
v -4.084446 3.200007 -1.284809
v -4.083988 3.525840 -1.830559
v -4.083988 3.235629 -2.420728
v -4.083988 3.235629 -1.226760
v -4.083988 3.464729 -1.830559
v -4.083988 3.192133 -2.375750
v -4.083988 2.396791 -1.285368
v -4.083988 3.192133 -1.285368
v -4.083988 1.575521 -1.829861
v -4.083988 1.575520 -1.284809
v -4.083988 2.396791 -2.375750
v -4.083988 1.575521 -2.375191
v -4.083988 1.708488 -1.367147
v -4.152137 3.235629 -2.420728
v -4.083988 3.330430 -1.830559
v -4.083988 3.098724 -2.293971
v -4.083988 2.643457 -1.367147
v -4.083988 3.098724 -1.367147
v -4.083988 1.703944 -2.293971
v -4.083988 1.703944 -1.885078
v -4.083988 1.703944 -1.776040
v -4.083988 2.643457 -2.293971
v -4.083988 2.558076 -1.367147
v -4.083988 2.558076 -2.293971
v -4.083988 2.558076 -1.776040
v -4.083988 2.558076 -1.885078
v -4.152137 3.525840 -1.830559
v -4.152137 3.235629 -1.226760
v -4.152137 3.464729 -1.830559
v -4.152137 3.192133 -2.375750
v -4.152137 3.192133 -1.285368
v -4.016298 1.999557 -1.366588
v -4.016298 2.311376 -1.366588
v -4.016298 1.996528 -1.775481
v -4.016298 2.309862 -1.775481
v -4.016298 2.309862 -1.884519
v -4.016298 1.996528 -1.884519
v -4.016298 1.996528 -2.293412
v -4.016298 2.309862 -2.293412
v -4.016298 2.272758 -1.366588
v -4.016298 2.271245 -1.775481
v -4.016298 2.272001 -1.884519
v -4.016298 2.272001 -2.293412
v -4.016298 2.309862 -1.884519
v -4.016298 2.309862 -2.293412
v -4.016298 2.272001 -1.884519
v -4.016298 2.272001 -2.293412
v -4.083990 2.309862 -1.884519
v -4.083990 2.309862 -2.293412
v -4.083990 2.272001 -1.884519
v -4.083990 2.272001 -2.293412
v -4.083990 2.311376 -1.366588
v -4.083990 2.309862 -1.775481
v -4.083990 2.272758 -1.366588
v -4.083990 2.271245 -1.775481
v -4.013434 3.223698 -1.193799
v -4.013434 3.180202 -1.252407
v -4.081125 3.215825 -1.194358
v -4.081125 3.172329 -1.252966
v -4.149273 3.215825 -1.194358
v -4.149273 3.172329 -1.252966
v -4.013914 3.179337 -2.413663
v -4.013914 3.222832 -2.458642
v -4.081604 3.171463 -2.414222
v -4.081604 3.214959 -2.459200
v -4.149754 3.214959 -2.459200
v -4.149754 3.171463 -2.414222
v -3.225861 1.483016 4.385438
v -3.225861 1.333197 4.415617
v -3.225861 1.390365 4.385438
v -3.225861 1.355567 4.402837
v -3.225861 1.308341 4.441319
v -3.225861 1.291787 4.472434
v -3.225861 1.303370 4.502260
v -3.225861 1.333197 4.536705
v -3.225861 1.360891 4.549486
v -3.225861 1.380599 4.542029
v -3.225861 1.400307 4.518549
v -3.225861 1.423788 4.517174
v -3.225861 1.440076 4.556943
v -3.225861 1.456453 4.621568
v -3.225861 1.450195 4.666309
v -3.225861 1.420192 4.718506
v -3.225861 1.395336 4.753304
v -3.225861 1.381533 4.793074
v -3.225861 1.390365 4.831732
v -3.225861 1.414110 4.847668
v -3.225861 1.432708 4.857698
v -3.225861 1.437591 4.877407
v -3.225861 1.410250 4.883665
v -3.225861 1.395336 4.904660
v -3.225861 1.390473 4.927295
v -3.225861 1.519615 4.927295
v -3.225861 1.519615 4.385438
v -3.225861 1.483016 5.473030
v -3.225861 1.333197 5.442851
v -3.225861 1.390365 5.473030
v -3.225861 1.355567 5.455631
v -3.225861 1.308341 5.417148
v -3.225861 1.291787 5.386034
v -3.225861 1.303370 5.356207
v -3.225861 1.333197 5.321763
v -3.225861 1.360891 5.308982
v -3.225861 1.380599 5.316438
v -3.225861 1.400307 5.339919
v -3.225861 1.423788 5.341294
v -3.225861 1.440076 5.301525
v -3.225861 1.456453 5.236899
v -3.225861 1.450195 5.192159
v -3.225861 1.420192 5.139962
v -3.225861 1.395336 5.105164
v -3.225861 1.381533 5.065394
v -3.225861 1.390365 5.026735
v -3.225861 1.414110 5.010800
v -3.225861 1.432708 5.000769
v -3.225861 1.437591 4.981061
v -3.225861 1.410250 4.974803
v -3.225861 1.395336 4.953808
v -3.225861 1.390473 4.931173
v -3.225861 1.519615 4.931173
v -3.225861 1.519615 5.473030
v -3.272376 1.483016 4.385438
v -3.272376 1.333197 4.415617
v -3.272376 1.390365 4.385438
v -3.272376 1.355567 4.402837
v -3.272376 1.308341 4.441319
v -3.272376 1.291787 4.472434
v -3.272376 1.303370 4.502260
v -3.272376 1.333197 4.536705
v -3.272376 1.360891 4.549486
v -3.272376 1.380599 4.542029
v -3.272376 1.400307 4.518549
v -3.272376 1.423788 4.517174
v -3.272376 1.440076 4.556943
v -3.272376 1.456453 4.621568
v -3.272376 1.450195 4.666309
v -3.272376 1.420192 4.718506
v -3.272376 1.395336 4.753304
v -3.272376 1.381533 4.793074
v -3.272376 1.390365 4.831732
v -3.272376 1.414110 4.847668
v -3.272376 1.432708 4.857698
v -3.272376 1.437591 4.877407
v -3.272376 1.410250 4.883665
v -3.272376 1.395336 4.904660
v -3.272376 1.390473 4.927295
v -3.272376 1.519615 4.927295
v -3.272376 1.519615 4.385438
v -3.272376 1.483016 5.473030
v -3.272376 1.333197 5.442851
v -3.272376 1.390365 5.473030
v -3.272376 1.355567 5.455631
v -3.272376 1.308341 5.417148
v -3.272376 1.291787 5.386034
v -3.272376 1.303370 5.356207
v -3.272376 1.333197 5.321763
v -3.272376 1.360891 5.308982
v -3.272376 1.380599 5.316438
v -3.272376 1.400307 5.339919
v -3.272376 1.423788 5.341294
v -3.272376 1.440076 5.301525
v -3.272376 1.456453 5.236899
v -3.272376 1.450195 5.192159
v -3.272376 1.420192 5.139962
v -3.272376 1.395336 5.105164
v -3.272376 1.381533 5.065394
v -3.272376 1.390365 5.026735
v -3.272376 1.414110 5.010800
v -3.272376 1.432708 5.000769
v -3.272376 1.437591 4.981061
v -3.272376 1.410250 4.974803
v -3.272376 1.395336 4.953808
v -3.272376 1.390473 4.931173
v -3.272376 1.519615 4.931173
v -3.272376 1.519615 5.473030
v -3.225861 1.568466 4.927295
v -3.225861 1.568466 4.337506
v -3.225861 1.568466 4.931173
v -3.225861 1.568466 5.520962
v -3.327831 1.568466 4.927295
v -3.327831 1.568466 4.337506
v -3.327831 1.568466 4.931173
v -3.327831 1.568466 5.520962
v -3.227511 3.236371 5.535105
v -3.227511 3.236371 4.341138
v -3.227511 3.526581 4.931306
v -3.227511 3.192875 5.476498
v -3.227511 3.192875 4.386116
v -3.227511 1.568388 5.476498
v -3.227511 1.568387 4.386116
v -3.227511 3.465471 4.931306
v -3.227511 1.568389 4.931306
v -3.227511 3.099465 5.394719
v -3.227511 3.099465 4.467894
v -3.227511 1.709229 5.394719
v -3.227511 1.704686 4.467894
v -3.227511 3.331172 4.931306
v -3.227511 2.397532 4.386116
v -3.227511 2.644198 4.467894
v -3.227511 2.397532 5.476498
v -3.227511 2.644198 5.394719
v -3.227511 2.558818 4.467894
v -3.227511 2.558818 5.394719
v -3.227511 2.558818 4.985826
v -3.227511 2.558818 4.876787
v -3.227511 1.704686 4.985826
v -3.227511 1.704686 4.876787
v -3.295660 3.465471 4.931306
v -3.295660 3.192875 4.386116
v -3.295660 3.192875 5.476498
v -3.295201 3.518708 4.930748
v -3.295201 3.228498 4.340579
v -3.295201 3.228498 5.534546
v -3.295201 3.457597 4.930748
v -3.295201 3.185002 4.385557
v -3.295201 2.389659 5.475939
v -3.295201 3.185002 5.475939
v -3.295202 1.568389 4.931447
v -3.295202 1.568388 5.476498
v -3.295201 2.389659 4.385557
v -3.295202 1.568389 4.386116
v -3.295202 1.701356 5.394160
v -3.363350 3.228498 4.340579
v -3.295201 3.323299 4.930748
v -3.295201 3.091592 4.467336
v -3.295201 2.636326 5.394160
v -3.295201 3.091592 5.394160
v -3.295202 1.696813 4.467336
v -3.295202 1.696813 4.876229
v -3.295202 1.696813 4.985267
v -3.295201 2.636326 4.467336
v -3.295201 2.550945 5.394160
v -3.295201 2.550945 4.467336
v -3.295201 2.550945 4.985267
v -3.295201 2.550945 4.876229
v -3.363350 3.518708 4.930748
v -3.363350 3.228498 5.534546
v -3.363350 3.457597 4.930748
v -3.363350 3.185002 4.385557
v -3.363350 3.185002 5.475939
v -3.227511 1.992425 5.394719
v -3.227511 2.304244 5.394719
v -3.227511 1.989397 4.985826
v -3.227511 2.302730 4.985826
v -3.227511 2.302730 4.876787
v -3.227511 1.989397 4.876787
v -3.227511 1.989397 4.467894
v -3.227511 2.302730 4.467894
v -3.227511 2.265627 5.394719
v -3.227511 2.264112 4.985826
v -3.227511 2.264870 4.876787
v -3.227511 2.264870 4.467894
v -3.227511 2.302730 4.876787
v -3.227511 2.302730 4.467894
v -3.227511 2.264870 4.876787
v -3.227511 2.264870 4.467894
v -3.295203 2.302730 4.876787
v -3.295203 2.302730 4.467894
v -3.295203 2.264870 4.876787
v -3.295203 2.264870 4.467894
v -3.295203 2.304244 5.394719
v -3.295203 2.302730 4.985826
v -3.295203 2.265627 5.394719
v -3.295203 2.264112 4.985826
v -3.224648 3.216566 5.567507
v -3.224648 3.173070 5.508899
v -3.292338 3.208693 5.566949
v -3.292338 3.165197 5.508341
v -3.360487 3.208693 5.566949
v -3.360487 3.165197 5.508341
v -3.225128 3.172205 4.347643
v -3.225128 3.215701 4.302665
v -3.292818 3.164331 4.347085
v -3.292818 3.207827 4.302106
v -3.360967 3.207827 4.302106
v -3.360967 3.164331 4.347085
v -3.237464 1.483016 6.733998
v -3.237464 1.333197 6.764178
v -3.237464 1.390365 6.733998
v -3.237464 1.355567 6.751397
v -3.237464 1.308341 6.789879
v -3.237464 1.291787 6.820994
v -3.237464 1.303370 6.850821
v -3.237464 1.333197 6.885266
v -3.237464 1.360891 6.898046
v -3.237464 1.380599 6.890590
v -3.237464 1.400307 6.867109
v -3.237464 1.423788 6.865734
v -3.237464 1.440076 6.905503
v -3.237464 1.456453 6.970129
v -3.237464 1.450195 7.014869
v -3.237464 1.420192 7.067066
v -3.237464 1.395336 7.101864
v -3.237464 1.381533 7.141634
v -3.237464 1.390365 7.180293
v -3.237464 1.414110 7.196229
v -3.237464 1.432708 7.206259
v -3.237464 1.437591 7.225967
v -3.237464 1.410250 7.232225
v -3.237464 1.395336 7.253220
v -3.237464 1.390473 7.275856
v -3.237464 1.519615 7.275856
v -3.237464 1.519615 6.733998
v -3.237464 1.483016 7.821590
v -3.237464 1.333197 7.791410
v -3.237464 1.390365 7.821590
v -3.237464 1.355567 7.804191
v -3.237464 1.308341 7.765708
v -3.237464 1.291787 7.734594
v -3.237464 1.303370 7.704768
v -3.237464 1.333197 7.670322
v -3.237464 1.360891 7.657542
v -3.237464 1.380599 7.664999
v -3.237464 1.400307 7.688479
v -3.237464 1.423788 7.689854
v -3.237464 1.440076 7.650085
v -3.237464 1.456453 7.585460
v -3.237464 1.450195 7.540720
v -3.237464 1.420192 7.488522
v -3.237464 1.395336 7.453724
v -3.237464 1.381533 7.413955
v -3.237464 1.390365 7.375296
v -3.237464 1.414110 7.359360
v -3.237464 1.432708 7.349329
v -3.237464 1.437591 7.329621
v -3.237464 1.410250 7.323363
v -3.237464 1.395336 7.302368
v -3.237464 1.390473 7.279733
v -3.237464 1.519615 7.279733
v -3.237464 1.519615 7.821590
v -3.283979 1.483016 6.733998
v -3.283979 1.333197 6.764178
v -3.283979 1.390365 6.733998
v -3.283979 1.355567 6.751397
v -3.283979 1.308341 6.789879
v -3.283979 1.291787 6.820994
v -3.283979 1.303370 6.850821
v -3.283979 1.333197 6.885266
v -3.283979 1.360891 6.898046
v -3.283979 1.380599 6.890590
v -3.283979 1.400307 6.867109
v -3.283979 1.423788 6.865734
v -3.283979 1.440076 6.905503
v -3.283979 1.456453 6.970129
v -3.283979 1.450195 7.014869
v -3.283979 1.420192 7.067066
v -3.283979 1.395336 7.101864
v -3.283979 1.381533 7.141634
v -3.283979 1.390365 7.180293
v -3.283979 1.414110 7.196229
v -3.283979 1.432708 7.206259
v -3.283979 1.437591 7.225967
v -3.283979 1.410250 7.232225
v -3.283979 1.395336 7.253220
v -3.283979 1.390473 7.275856
v -3.283979 1.519615 7.275856
v -3.283979 1.519615 6.733998
v -3.283979 1.483016 7.821590
v -3.283979 1.333197 7.791410
v -3.283979 1.390365 7.821590
v -3.283979 1.355567 7.804191
v -3.283979 1.308341 7.765708
v -3.283979 1.291787 7.734594
v -3.283979 1.303370 7.704768
v -3.283979 1.333197 7.670322
v -3.283979 1.360891 7.657542
v -3.283979 1.380599 7.664999
v -3.283979 1.400307 7.688479
v -3.283979 1.423788 7.689854
v -3.283979 1.440076 7.650085
v -3.283979 1.456453 7.585460
v -3.283979 1.450195 7.540720
v -3.283979 1.420192 7.488522
v -3.283979 1.395336 7.453724
v -3.283979 1.381533 7.413955
v -3.283979 1.390365 7.375296
v -3.283979 1.414110 7.359360
v -3.283979 1.432708 7.349329
v -3.283979 1.437591 7.329621
v -3.283979 1.410250 7.323363
v -3.283979 1.395336 7.302368
v -3.283979 1.390473 7.279733
v -3.283979 1.519615 7.279733
v -3.283979 1.519615 7.821590
v -3.237464 1.568466 7.275856
v -3.237464 1.568466 6.686067
v -3.237464 1.568466 7.279733
v -3.237464 1.568466 7.869522
v -3.339434 1.568466 7.275856
v -3.339434 1.568466 6.686067
v -3.339434 1.568466 7.279733
v -3.339434 1.568466 7.869522
v -3.239114 3.236371 7.883665
v -3.239114 3.236371 6.689698
v -3.239114 3.526581 7.279867
v -3.239114 3.192875 7.825058
v -3.239114 3.192875 6.734676
v -3.239114 1.568388 7.825058
v -3.239114 1.568387 6.734676
v -3.239114 3.465471 7.279867
v -3.239114 1.568389 7.279867
v -3.239114 3.099465 7.743279
v -3.239114 3.099465 6.816454
v -3.239114 1.709229 7.743279
v -3.239114 1.704686 6.816454
v -3.239114 3.331172 7.279867
v -3.239114 2.397532 6.734676
v -3.239114 2.644198 6.816454
v -3.239114 2.397532 7.825058
v -3.239114 2.644198 7.743279
v -3.239114 2.558818 6.816454
v -3.239114 2.558818 7.743279
v -3.239114 2.558818 7.334386
v -3.239114 2.558818 7.225348
v -3.239114 1.704686 7.334386
v -3.239114 1.704686 7.225348
v -3.307263 3.465471 7.279867
v -3.307263 3.192875 6.734676
v -3.307263 3.192875 7.825058
v -3.306804 3.518708 7.279308
v -3.306804 3.228498 6.689139
v -3.306804 3.228498 7.883107
v -3.306804 3.457597 7.279308
v -3.306804 3.185002 6.734117
v -3.306804 2.389659 7.824499
v -3.306804 3.185002 7.824499
v -3.306804 1.568389 7.280006
v -3.306804 1.568388 7.825058
v -3.306804 2.389659 6.734117
v -3.306804 1.568389 6.734676
v -3.306804 1.701356 7.742721
v -3.374953 3.228498 6.689139
v -3.306804 3.323299 7.279308
v -3.306804 3.091592 6.815896
v -3.306804 2.636326 7.742721
v -3.306804 3.091592 7.742721
v -3.306804 1.696813 6.815896
v -3.306804 1.696813 7.224789
v -3.306804 1.696813 7.333827
v -3.306804 2.636326 6.815896
v -3.306804 2.550945 7.742721
v -3.306804 2.550945 6.815896
v -3.306804 2.550945 7.333827
v -3.306804 2.550945 7.224789
v -3.374953 3.518708 7.279308
v -3.374953 3.228498 7.883107
v -3.374953 3.457597 7.279308
v -3.374953 3.185002 6.734117
v -3.374953 3.185002 7.824499
v -3.239114 1.992425 7.743279
v -3.239114 2.304244 7.743279
v -3.239114 1.989397 7.334386
v -3.239114 2.302730 7.334386
v -3.239114 2.302730 7.225348
v -3.239114 1.989397 7.225348
v -3.239114 1.989397 6.816454
v -3.239114 2.302730 6.816454
v -3.239114 2.265627 7.743279
v -3.239114 2.264112 7.334386
v -3.239114 2.264870 7.225348
v -3.239114 2.264870 6.816454
v -3.239114 2.302730 7.225348
v -3.239114 2.302730 6.816454
v -3.239114 2.264870 7.225348
v -3.239114 2.264870 6.816454
v -3.306806 2.302730 7.225348
v -3.306806 2.302730 6.816454
v -3.306806 2.264870 7.225348
v -3.306806 2.264870 6.816454
v -3.306806 2.304244 7.743279
v -3.306806 2.302730 7.334386
v -3.306806 2.265627 7.743279
v -3.306806 2.264112 7.334386
v -3.236251 3.216566 7.916068
v -3.236251 3.173070 7.857460
v -3.303941 3.208693 7.915509
v -3.303941 3.165197 7.856901
v -3.372090 3.208693 7.915509
v -3.372090 3.165197 7.856901
v -3.236731 3.172205 6.696204
v -3.236731 3.215701 6.651225
v -3.304421 3.164331 6.695645
v -3.304421 3.207827 6.650667
v -3.372570 3.207827 6.650667
v -3.372570 3.164331 6.695645
v -3.498366 1.483016 -10.126942
v -3.498366 1.333197 -10.096762
v -3.498366 1.390365 -10.126942
v -3.498366 1.355567 -10.109543
v -3.498366 1.308341 -10.071060
v -3.498366 1.291787 -10.039947
v -3.498366 1.303370 -10.010119
v -3.498366 1.333197 -9.975674
v -3.498366 1.360891 -9.962893
v -3.498366 1.380599 -9.970350
v -3.498366 1.400307 -9.993831
v -3.498366 1.423788 -9.995206
v -3.498366 1.440076 -9.955437
v -3.498366 1.456453 -9.890812
v -3.498366 1.450195 -9.846071
v -3.498366 1.420192 -9.793874
v -3.498366 1.395336 -9.759075
v -3.498366 1.381533 -9.719306
v -3.498366 1.390365 -9.680647
v -3.498366 1.414110 -9.664712
v -3.498366 1.432708 -9.654681
v -3.498366 1.437591 -9.634974
v -3.498366 1.410250 -9.628715
v -3.498366 1.395336 -9.607719
v -3.498366 1.390473 -9.585085
v -3.498366 1.519615 -9.585085
v -3.498366 1.519615 -10.126942
v -3.498366 1.483016 -9.039350
v -3.498366 1.333197 -9.069530
v -3.498366 1.390365 -9.039350
v -3.498366 1.355567 -9.056749
v -3.498366 1.308341 -9.095231
v -3.498366 1.291787 -9.126346
v -3.498366 1.303370 -9.156172
v -3.498366 1.333197 -9.190618
v -3.498366 1.360891 -9.203398
v -3.498366 1.380599 -9.195942
v -3.498366 1.400307 -9.172461
v -3.498366 1.423788 -9.171086
v -3.498366 1.440076 -9.210855
v -3.498366 1.456453 -9.275480
v -3.498366 1.450195 -9.320221
v -3.498366 1.420192 -9.372418
v -3.498366 1.395336 -9.407216
v -3.498366 1.381533 -9.446985
v -3.498366 1.390365 -9.485643
v -3.498366 1.414110 -9.501580
v -3.498366 1.432708 -9.511611
v -3.498366 1.437591 -9.531319
v -3.498366 1.410250 -9.537577
v -3.498366 1.395336 -9.558572
v -3.498366 1.390473 -9.581206
v -3.498366 1.519615 -9.581206
v -3.498366 1.519615 -9.039350
v -3.544881 1.483016 -10.126942
v -3.544881 1.333197 -10.096762
v -3.544881 1.390365 -10.126942
v -3.544881 1.355567 -10.109543
v -3.544881 1.308341 -10.071060
v -3.544881 1.291787 -10.039947
v -3.544881 1.303370 -10.010119
v -3.544881 1.333197 -9.975674
v -3.544881 1.360891 -9.962893
v -3.544881 1.380599 -9.970350
v -3.544881 1.400307 -9.993831
v -3.544881 1.423788 -9.995206
v -3.544881 1.440076 -9.955437
v -3.544881 1.456453 -9.890812
v -3.544881 1.450195 -9.846071
v -3.544881 1.420192 -9.793874
v -3.544881 1.395336 -9.759075
v -3.544881 1.381533 -9.719306
v -3.544881 1.390365 -9.680647
v -3.544881 1.414110 -9.664712
v -3.544881 1.432708 -9.654681
v -3.544881 1.437591 -9.634974
v -3.544881 1.410250 -9.628715
v -3.544881 1.395336 -9.607719
v -3.544881 1.390473 -9.585085
v -3.544881 1.519615 -9.585085
v -3.544881 1.519615 -10.126942
v -3.544881 1.483016 -9.039350
v -3.544881 1.333197 -9.069530
v -3.544881 1.390365 -9.039350
v -3.544881 1.355567 -9.056749
v -3.544881 1.308341 -9.095231
v -3.544881 1.291787 -9.126346
v -3.544881 1.303370 -9.156172
v -3.544881 1.333197 -9.190618
v -3.544881 1.360891 -9.203398
v -3.544881 1.380599 -9.195942
v -3.544881 1.400307 -9.172461
v -3.544881 1.423788 -9.171086
v -3.544881 1.440076 -9.210855
v -3.544881 1.456453 -9.275480
v -3.544881 1.450195 -9.320221
v -3.544881 1.420192 -9.372418
v -3.544881 1.395336 -9.407216
v -3.544881 1.381533 -9.446985
v -3.544881 1.390365 -9.485643
v -3.544881 1.414110 -9.501580
v -3.544881 1.432708 -9.511611
v -3.544881 1.437591 -9.531319
v -3.544881 1.410250 -9.537577
v -3.544881 1.395336 -9.558572
v -3.544881 1.390473 -9.581206
v -3.544881 1.519615 -9.581206
v -3.544881 1.519615 -9.039350
v -3.498366 1.568466 -9.585085
v -3.498366 1.568466 -10.174873
v -3.498366 1.568466 -9.581206
v -3.498366 1.568466 -8.991419
v -3.600336 1.568466 -9.585085
v -3.600336 1.568466 -10.174873
v -3.600336 1.568466 -9.581206
v -3.600336 1.568466 -8.991419
v -3.500016 3.236371 -8.977274
v -3.500016 3.236371 -10.171242
v -3.500016 3.526581 -9.581073
v -3.500016 3.192875 -9.035882
v -3.500016 3.192875 -10.126265
v -3.500016 1.568388 -9.035882
v -3.500016 1.568387 -10.126265
v -3.500016 3.465471 -9.581073
v -3.500016 1.568389 -9.581073
v -3.538746 3.099465 -9.117661
v -3.538746 3.099465 -10.044485
v -3.540055 1.709229 -9.117661
v -3.493994 1.704686 -10.044485
v -3.538746 3.331172 -9.581073
v -3.500016 2.397532 -10.126265
v -3.538746 2.644198 -10.044485
v -3.500016 2.397532 -9.035882
v -3.538746 2.644198 -9.117661
v -3.509647 2.558818 -10.044485
v -3.540055 2.558818 -9.117661
v -3.540055 2.558818 -9.526554
v -3.509647 2.558818 -9.635592
v -3.540055 1.704686 -9.526554
v -3.493994 1.704686 -9.635592
v -3.568165 3.465471 -9.581073
v -3.568165 3.192875 -10.126265
v -3.568165 3.192875 -9.035882
v -3.567706 3.518708 -9.581632
v -3.567706 3.228498 -10.171801
v -3.567706 3.228498 -8.977833
v -3.567706 3.457597 -9.581632
v -3.567706 3.185002 -10.126822
v -3.567706 2.389659 -9.036441
v -3.567706 3.185002 -9.036441
v -3.567706 1.568389 -9.580934
v -3.567706 1.568388 -9.035882
v -3.567706 2.389659 -10.126822
v -3.567706 1.568389 -10.126265
v -3.567706 1.701356 -9.118220
v -3.635855 3.228498 -10.171801
v -3.567706 3.323299 -9.581632
v -3.567706 3.091592 -10.045044
v -3.567706 2.636326 -9.118220
v -3.567706 3.091592 -9.118220
v -3.567706 1.696813 -10.045044
v -3.567706 1.696813 -9.636150
v -3.567706 1.696813 -9.527113
v -3.567706 2.636326 -10.045044
v -3.567706 2.550945 -9.118220
v -3.567706 2.550945 -10.045044
v -3.567706 2.550945 -9.527113
v -3.567706 2.550945 -9.636150
v -3.635855 3.518708 -9.581632
v -3.635855 3.228498 -8.977833
v -3.635855 3.457597 -9.581632
v -3.635855 3.185002 -10.126822
v -3.635855 3.185002 -9.036441
v -3.540055 1.992425 -9.117661
v -3.540055 2.304244 -9.117661
v -3.540055 1.989397 -9.526554
v -3.540055 2.302730 -9.526554
v -3.500016 2.302730 -9.635592
v -3.500016 1.989397 -9.635592
v -3.493994 1.989397 -10.044485
v -3.500016 2.302730 -10.044485
v -3.540055 2.265627 -9.117661
v -3.540055 2.264112 -9.526554
v -3.500016 2.264870 -9.635592
v -3.500016 2.264870 -10.044485
v -3.509647 2.302730 -9.635592
v -3.509647 2.302730 -10.044485
v -3.493994 2.264870 -9.635592
v -3.493994 2.264870 -10.044485
v -3.567708 2.302730 -9.635592
v -3.567708 2.302730 -10.044485
v -3.567708 2.264870 -9.635592
v -3.567708 2.264870 -10.044485
v -3.567708 2.304244 -9.117661
v -3.567708 2.302730 -9.526554
v -3.567708 2.265627 -9.117661
v -3.567708 2.264112 -9.526554
v -3.497152 3.216566 -8.944872
v -3.497152 3.173070 -9.003480
v -3.564843 3.208693 -8.945431
v -3.564843 3.165197 -9.004039
v -3.632991 3.208693 -8.945431
v -3.632991 3.165197 -9.004039
v -3.497632 3.172205 -10.164736
v -3.497632 3.215701 -10.209715
v -3.565322 3.164331 -10.165295
v -3.565322 3.207827 -10.210273
v -3.633471 3.207827 -10.210273
v -3.633471 3.164331 -10.165295
v 1.866301 1.498656 -11.168727
v 1.842506 1.380533 -11.168727
v 1.866301 1.425607 -11.168727
v 1.852582 1.398170 -11.168727
v 1.822242 1.360936 -11.168727
v 1.797710 1.347885 -11.168727
v 1.774194 1.357016 -11.168727
v 1.747035 1.380533 -11.168727
v 1.736959 1.402368 -11.168727
v 1.742838 1.417907 -11.168727
v 1.761351 1.433445 -11.168727
v 1.762435 1.451959 -11.168727
v 1.731079 1.464801 -11.168727
v 1.680127 1.477713 -11.168727
v 1.644852 1.472779 -11.168727
v 1.603698 1.449124 -11.168727
v 1.576262 1.429526 -11.168727
v 1.544906 1.418643 -11.168727
v 1.514426 1.425607 -11.168727
v 1.501861 1.444328 -11.168727
v 1.493953 1.458992 -11.168727
v 1.478415 1.462842 -11.168727
v 1.473480 1.441284 -11.168727
v 1.456927 1.429526 -11.168727
v 1.439081 1.431486 -11.168727
v 1.439081 1.527513 -11.168727
v 1.866301 1.527513 -11.168727
v 1.008804 1.498656 -11.168727
v 1.032599 1.380533 -11.168727
v 1.008804 1.425607 -11.168727
v 1.022522 1.398170 -11.168727
v 1.052863 1.360936 -11.168727
v 1.077395 1.347885 -11.168727
v 1.100911 1.357016 -11.168727
v 1.128069 1.380533 -11.168727
v 1.138146 1.402368 -11.168727
v 1.132267 1.417907 -11.168727
v 1.113754 1.433445 -11.168727
v 1.112670 1.451959 -11.168727
v 1.144025 1.464801 -11.168727
v 1.194978 1.477713 -11.168727
v 1.230253 1.472779 -11.168727
v 1.271407 1.449124 -11.168727
v 1.298843 1.429526 -11.168727
v 1.330199 1.418643 -11.168727
v 1.360678 1.425607 -11.168727
v 1.373243 1.444328 -11.168727
v 1.381151 1.458992 -11.168727
v 1.396690 1.462842 -11.168727
v 1.401624 1.441284 -11.168727
v 1.418177 1.429526 -11.168727
v 1.436023 1.431486 -11.168727
v 1.436023 1.527513 -11.168727
v 1.008804 1.527513 -11.168727
v 1.866301 1.498656 -11.205401
v 1.842506 1.380533 -11.205401
v 1.866301 1.425607 -11.205401
v 1.852582 1.398170 -11.205401
v 1.822242 1.360936 -11.205401
v 1.797710 1.347885 -11.205401
v 1.774194 1.357016 -11.205401
v 1.747035 1.380533 -11.205401
v 1.736959 1.402368 -11.205401
v 1.742838 1.417907 -11.205401
v 1.761351 1.433445 -11.205401
v 1.762435 1.451959 -11.205401
v 1.731079 1.464801 -11.205401
v 1.680127 1.477713 -11.205401
v 1.644852 1.472779 -11.205401
v 1.603698 1.449124 -11.205401
v 1.576262 1.429526 -11.205401
v 1.544906 1.418643 -11.205401
v 1.514426 1.425607 -11.205401
v 1.501861 1.444328 -11.205401
v 1.493953 1.458992 -11.205401
v 1.478415 1.462842 -11.205401
v 1.473480 1.441284 -11.205401
v 1.456927 1.429526 -11.205401
v 1.439081 1.431486 -11.205401
v 1.439081 1.527513 -11.205401
v 1.866301 1.527513 -11.205401
v 1.008804 1.498656 -11.205400
v 1.032599 1.380533 -11.205400
v 1.008804 1.425607 -11.205400
v 1.022522 1.398170 -11.205400
v 1.052863 1.360936 -11.205400
v 1.077395 1.347885 -11.205400
v 1.100911 1.357016 -11.205400
v 1.128069 1.380533 -11.205400
v 1.138146 1.402368 -11.205400
v 1.132267 1.417907 -11.205400
v 1.113754 1.433445 -11.205400
v 1.112670 1.451959 -11.205400
v 1.144025 1.464801 -11.205400
v 1.194978 1.477713 -11.205400
v 1.230253 1.472779 -11.205400
v 1.271407 1.449124 -11.205400
v 1.298843 1.429526 -11.205400
v 1.330199 1.418643 -11.205400
v 1.360678 1.425607 -11.205400
v 1.373243 1.444328 -11.205400
v 1.381151 1.458992 -11.205400
v 1.396690 1.462842 -11.205401
v 1.401624 1.441284 -11.205401
v 1.418177 1.429526 -11.205401
v 1.436023 1.431486 -11.205401
v 1.436023 1.527513 -11.205401
v 1.008804 1.527513 -11.205400
v 1.439081 1.566028 -11.168727
v 1.904091 1.566028 -11.168727
v 1.436023 1.566028 -11.168727
v 0.971013 1.566028 -11.168727
v 1.439081 1.566028 -11.249124
v 1.904091 1.566028 -11.249124
v 1.436023 1.566028 -11.249124
v 0.971013 1.566028 -11.249124
v 0.954693 3.211924 -11.168283
v 1.900217 3.211924 -11.168283
v 1.432852 3.504112 -11.168283
v 1.001107 3.168131 -11.168283
v 1.864598 3.168131 -11.168283
v 1.001107 1.532574 -11.168283
v 1.864598 1.532573 -11.168283
v 1.432852 3.442585 -11.168283
v 1.432852 1.532575 -11.168283
v 1.065868 3.074086 -11.168283
v 1.799836 3.074086 -11.168283
v 1.065868 1.674375 -11.168283
v 1.799836 1.669801 -11.168283
v 1.432852 3.307371 -11.168283
v 1.864598 2.367369 -11.168283
v 1.799836 2.615716 -11.168283
v 1.001107 2.367369 -11.168283
v 1.065868 2.615716 -11.168283
v 1.799836 2.529754 -11.168283
v 1.065868 2.529754 -11.168283
v 1.389678 2.529754 -11.168283
v 1.476027 2.529754 -11.168283
v 1.389678 1.669801 -11.168283
v 1.476027 1.669801 -11.168283
v 1.432852 3.442585 -11.236897
v 1.864598 3.168131 -11.236897
v 1.001107 3.168131 -11.236897
v 1.433295 3.496185 -11.236435
v 1.900659 3.203997 -11.236435
v 0.955136 3.203997 -11.236434
v 1.433295 3.434658 -11.236435
v 1.865041 3.160205 -11.236435
v 1.001549 2.359442 -11.236435
v 1.001549 3.160205 -11.236434
v 1.432741 1.532575 -11.236435
v 1.001107 1.532574 -11.236435
v 1.865041 2.359442 -11.236435
v 1.864598 1.532575 -11.236435
v 1.066311 1.666448 -11.236435
v 1.900659 3.203997 -11.305048
v 1.433295 3.299444 -11.236435
v 1.800279 3.066159 -11.236435
v 1.066310 2.607790 -11.236435
v 1.066310 3.066159 -11.236434
v 1.800279 1.661874 -11.236435
v 1.476469 1.661874 -11.236435
v 1.390120 1.661874 -11.236435
v 1.800279 2.607790 -11.236435
v 1.066310 2.521827 -11.236435
v 1.800279 2.521827 -11.236435
v 1.390120 2.521827 -11.236435
v 1.476469 2.521827 -11.236435
v 1.433295 3.496185 -11.305048
v 0.955136 3.203997 -11.305048
v 1.433295 3.434658 -11.305048
v 1.865041 3.160205 -11.305048
v 1.001548 3.160205 -11.305048
v 1.065868 1.959501 -11.168283
v 1.065868 2.273445 -11.168283
v 1.389678 1.956451 -11.168283
v 1.389678 2.271920 -11.168283
v 1.476027 2.271920 -11.168283
v 1.476027 1.956451 -11.168283
v 1.799836 1.956451 -11.168283
v 1.799836 2.271920 -11.168283
v 1.065868 2.234564 -11.168283
v 1.389678 2.233039 -11.168283
v 1.476027 2.233802 -11.168283
v 1.799836 2.233802 -11.168283
v 1.476027 2.271920 -11.168283
v 1.799836 2.271920 -11.168283
v 1.476027 2.233802 -11.168283
v 1.799836 2.233802 -11.168283
v 1.476027 2.271920 -11.236437
v 1.799836 2.271920 -11.236437
v 1.476027 2.233802 -11.236437
v 1.799836 2.233802 -11.236437
v 1.065868 2.273445 -11.236437
v 1.389678 2.271920 -11.236437
v 1.065868 2.234564 -11.236437
v 1.389678 2.233039 -11.236437
v 0.929034 3.191984 -11.165401
v 0.975446 3.148192 -11.165401
v 0.929476 3.184057 -11.233552
v 0.975889 3.140265 -11.233552
v 0.929476 3.184057 -11.302165
v 0.975889 3.140265 -11.302165
v 1.895065 3.147321 -11.165884
v 1.930684 3.191113 -11.165884
v 1.895507 3.139394 -11.234035
v 1.931126 3.183186 -11.234035
v 1.931126 3.183186 -11.302649
v 1.895507 3.139394 -11.302649
v -2.171027 1.500082 -11.168727
v -2.194822 1.381960 -11.168727
v -2.171027 1.427033 -11.168727
v -2.184746 1.399597 -11.168727
v -2.215086 1.362363 -11.168727
v -2.239618 1.349311 -11.168727
v -2.263134 1.358443 -11.168727
v -2.290292 1.381960 -11.168727
v -2.300369 1.403795 -11.168727
v -2.294490 1.419333 -11.168727
v -2.275977 1.434872 -11.168727
v -2.274893 1.453385 -11.168727
v -2.306248 1.466228 -11.168727
v -2.357201 1.479140 -11.168727
v -2.392476 1.474205 -11.168727
v -2.433630 1.450550 -11.168727
v -2.461066 1.430953 -11.168727
v -2.492422 1.420070 -11.168727
v -2.522902 1.427033 -11.168727
v -2.535466 1.445755 -11.168727
v -2.543375 1.460418 -11.168727
v -2.558913 1.464268 -11.168727
v -2.563848 1.442711 -11.168727
v -2.580401 1.430953 -11.168727
v -2.598247 1.432912 -11.168727
v -2.598247 1.528939 -11.168727
v -2.171027 1.528939 -11.168727
v -3.028524 1.500082 -11.168727
v -3.004729 1.381960 -11.168727
v -3.028524 1.427033 -11.168727
v -3.014806 1.399597 -11.168727
v -2.984465 1.362363 -11.168727
v -2.959933 1.349311 -11.168727
v -2.936417 1.358443 -11.168727
v -2.909259 1.381960 -11.168727
v -2.899182 1.403795 -11.168727
v -2.905061 1.419333 -11.168727
v -2.923574 1.434872 -11.168727
v -2.924659 1.453385 -11.168727
v -2.893303 1.466228 -11.168727
v -2.842350 1.479140 -11.168727
v -2.807075 1.474205 -11.168727
v -2.765921 1.450550 -11.168727
v -2.738485 1.430953 -11.168727
v -2.707129 1.420070 -11.168727
v -2.676649 1.427033 -11.168727
v -2.664085 1.445755 -11.168727
v -2.656177 1.460418 -11.168727
v -2.640638 1.464268 -11.168727
v -2.635704 1.442711 -11.168727
v -2.619151 1.430953 -11.168727
v -2.601305 1.432912 -11.168727
v -2.601305 1.528939 -11.168727
v -3.028524 1.528939 -11.168727
v -2.171027 1.500082 -11.205401
v -2.194822 1.381960 -11.205401
v -2.171027 1.427033 -11.205401
v -2.184746 1.399597 -11.205401
v -2.215086 1.362363 -11.205401
v -2.239618 1.349311 -11.205401
v -2.263134 1.358443 -11.205401
v -2.290292 1.381960 -11.205401
v -2.300369 1.403795 -11.205401
v -2.294490 1.419333 -11.205401
v -2.275977 1.434872 -11.205401
v -2.274893 1.453385 -11.205401
v -2.306248 1.466228 -11.205401
v -2.357201 1.479140 -11.205401
v -2.392476 1.474205 -11.205401
v -2.433630 1.450550 -11.205401
v -2.461066 1.430953 -11.205401
v -2.492422 1.420070 -11.205401
v -2.522902 1.427033 -11.205401
v -2.535466 1.445755 -11.205401
v -2.543375 1.460418 -11.205401
v -2.558913 1.464268 -11.205401
v -2.563848 1.442711 -11.205401
v -2.580401 1.430953 -11.205401
v -2.598247 1.432912 -11.205401
v -2.598247 1.528939 -11.205401
v -2.171027 1.528939 -11.205401
v -3.028524 1.500082 -11.205400
v -3.004729 1.381960 -11.205400
v -3.028524 1.427033 -11.205400
v -3.014806 1.399597 -11.205400
v -2.984465 1.362363 -11.205400
v -2.959933 1.349311 -11.205400
v -2.936417 1.358443 -11.205400
v -2.909259 1.381960 -11.205400
v -2.899182 1.403795 -11.205400
v -2.905061 1.419333 -11.205400
v -2.923574 1.434872 -11.205400
v -2.924659 1.453385 -11.205400
v -2.893303 1.466228 -11.205400
v -2.842350 1.479140 -11.205400
v -2.807075 1.474205 -11.205400
v -2.765921 1.450550 -11.205400
v -2.738485 1.430953 -11.205400
v -2.707129 1.420070 -11.205400
v -2.676650 1.427033 -11.205400
v -2.664085 1.445755 -11.205400
v -2.656177 1.460418 -11.205400
v -2.640638 1.464268 -11.205401
v -2.635704 1.442711 -11.205401
v -2.619151 1.430953 -11.205401
v -2.601305 1.432912 -11.205401
v -2.601305 1.528939 -11.205401
v -3.028524 1.528939 -11.205400
v -2.598247 1.567454 -11.168727
v -2.133237 1.567454 -11.168727
v -2.601305 1.567454 -11.168727
v -3.066315 1.567454 -11.168727
v -2.598247 1.567454 -11.249124
v -2.133237 1.567454 -11.249124
v -2.601305 1.567454 -11.249124
v -3.066315 1.567454 -11.249124
v -3.082634 3.213350 -11.168283
v -2.137111 3.213350 -11.168283
v -2.604476 3.505538 -11.168283
v -3.036222 3.169558 -11.168283
v -2.172730 3.169558 -11.168283
v -3.036222 1.534001 -11.168283
v -2.172730 1.533999 -11.168283
v -2.604476 3.444012 -11.168283
v -2.604476 1.534002 -11.168283
v -2.971460 3.075512 -11.168283
v -2.237492 3.075512 -11.168283
v -2.971460 1.675801 -11.168283
v -2.237492 1.671227 -11.168283
v -2.604476 3.308797 -11.168283
v -2.172730 2.368795 -11.168283
v -2.237492 2.617142 -11.168283
v -3.036222 2.368795 -11.168283
v -2.971460 2.617142 -11.168283
v -2.237492 2.531180 -11.168283
v -2.971460 2.531180 -11.168283
v -2.647650 2.531180 -11.168283
v -2.561301 2.531180 -11.168283
v -2.647650 1.671227 -11.168283
v -2.561301 1.671227 -11.168283
v -2.604476 3.444012 -11.236897
v -2.172730 3.169558 -11.236897
v -3.036222 3.169558 -11.236897
v -2.604033 3.497612 -11.236435
v -2.136669 3.205423 -11.236435
v -3.082192 3.205423 -11.236434
v -2.604033 3.436085 -11.236435
v -2.172287 3.161632 -11.236435
v -3.035779 2.360868 -11.236435
v -3.035779 3.161632 -11.236434
v -2.604587 1.534002 -11.236435
v -3.036222 1.534001 -11.236435
v -2.172287 2.360868 -11.236435
v -2.172730 1.534002 -11.236435
v -2.971017 1.667875 -11.236435
v -2.136669 3.205423 -11.305048
v -2.604033 3.300870 -11.236435
v -2.237049 3.067585 -11.236435
v -2.971017 2.609216 -11.236435
v -2.971017 3.067585 -11.236434
v -2.237049 1.663301 -11.236435
v -2.560859 1.663301 -11.236435
v -2.647208 1.663301 -11.236435
v -2.237050 2.609216 -11.236435
v -2.971017 2.523253 -11.236435
v -2.237050 2.523253 -11.236435
v -2.647208 2.523253 -11.236435
v -2.560859 2.523253 -11.236435
v -2.604033 3.497612 -11.305048
v -3.082192 3.205423 -11.305048
v -2.604033 3.436085 -11.305048
v -2.172287 3.161632 -11.305048
v -3.035779 3.161632 -11.305048
v -2.971460 1.960927 -11.168283
v -2.971460 2.274871 -11.168283
v -2.647650 1.957878 -11.168283
v -2.647650 2.273346 -11.168283
v -2.561301 2.273346 -11.168283
v -2.561301 1.957878 -11.168283
v -2.237492 1.957878 -11.168283
v -2.237492 2.273346 -11.168283
v -2.971460 2.235991 -11.168283
v -2.647650 2.234466 -11.168283
v -2.561301 2.235229 -11.168283
v -2.237492 2.235229 -11.168283
v -2.561301 2.273346 -11.168283
v -2.237492 2.273346 -11.168283
v -2.561301 2.235229 -11.168283
v -2.237492 2.235229 -11.168283
v -2.561301 2.273346 -11.236437
v -2.237492 2.273346 -11.236437
v -2.561301 2.235229 -11.236437
v -2.237492 2.235229 -11.236437
v -2.971460 2.274871 -11.236437
v -2.647650 2.273346 -11.236437
v -2.971460 2.235991 -11.236437
v -2.647650 2.234466 -11.236437
v -3.108294 3.193410 -11.165401
v -3.061882 3.149619 -11.165401
v -3.107852 3.185483 -11.233552
v -3.061439 3.141692 -11.233552
v -3.107852 3.185483 -11.302165
v -3.061439 3.141692 -11.302165
v -2.142263 3.148747 -11.165884
v -2.106644 3.192539 -11.165884
v -2.141820 3.140821 -11.234035
v -2.106201 3.184612 -11.234035
v -2.106201 3.184612 -11.302649
v -2.141820 3.140821 -11.302649
v 2.500849 1.483015 -9.035205
v 2.500849 1.333196 -9.065385
v 2.500849 1.390365 -9.035205
v 2.500849 1.355567 -9.052604
v 2.500849 1.308340 -9.091086
v 2.500849 1.291787 -9.122200
v 2.500849 1.303370 -9.152026
v 2.500849 1.333196 -9.186472
v 2.500849 1.360890 -9.199253
v 2.500849 1.380599 -9.191796
v 2.500849 1.400307 -9.168315
v 2.500849 1.423788 -9.166941
v 2.500849 1.440076 -9.206710
v 2.500849 1.456453 -9.271335
v 2.500849 1.450195 -9.316075
v 2.500849 1.420191 -9.368273
v 2.500849 1.395336 -9.403070
v 2.500849 1.381532 -9.442841
v 2.500849 1.390365 -9.481499
v 2.500849 1.414110 -9.497435
v 2.500849 1.432708 -9.507465
v 2.500849 1.437591 -9.527173
v 2.500849 1.410249 -9.533432
v 2.500849 1.395335 -9.554426
v 2.500849 1.390473 -9.577062
v 2.500849 1.519615 -9.577062
v 2.500849 1.519615 -9.035205
v 2.500849 1.483015 -10.122797
v 2.500849 1.333196 -10.092617
v 2.500849 1.390365 -10.122797
v 2.500849 1.355567 -10.105397
v 2.500849 1.308340 -10.066916
v 2.500849 1.291787 -10.035801
v 2.500849 1.303370 -10.005974
v 2.500849 1.333196 -9.971529
v 2.500849 1.360890 -9.958749
v 2.500849 1.380599 -9.966205
v 2.500849 1.400307 -9.989686
v 2.500849 1.423788 -9.991060
v 2.500849 1.440076 -9.951291
v 2.500849 1.456453 -9.886666
v 2.500849 1.450195 -9.841926
v 2.500849 1.420191 -9.789728
v 2.500849 1.395336 -9.754930
v 2.500849 1.381532 -9.715160
v 2.500849 1.390365 -9.676503
v 2.500849 1.414110 -9.660566
v 2.500849 1.432708 -9.650536
v 2.500849 1.437591 -9.630828
v 2.500849 1.410249 -9.624570
v 2.500849 1.395335 -9.603574
v 2.500849 1.390473 -9.580939
v 2.500849 1.519615 -9.580939
v 2.500849 1.519615 -10.122797
v 2.547364 1.483015 -9.035205
v 2.547364 1.333196 -9.065385
v 2.547364 1.390365 -9.035205
v 2.547364 1.355567 -9.052604
v 2.547364 1.308340 -9.091086
v 2.547364 1.291787 -9.122200
v 2.547364 1.303370 -9.152026
v 2.547364 1.333196 -9.186472
v 2.547364 1.360890 -9.199253
v 2.547364 1.380599 -9.191796
v 2.547364 1.400307 -9.168315
v 2.547364 1.423788 -9.166941
v 2.547364 1.440076 -9.206710
v 2.547364 1.456453 -9.271335
v 2.547364 1.450195 -9.316075
v 2.547364 1.420191 -9.368273
v 2.547364 1.395336 -9.403070
v 2.547364 1.381532 -9.442841
v 2.547364 1.390365 -9.481499
v 2.547364 1.414110 -9.497435
v 2.547364 1.432708 -9.507465
v 2.547364 1.437591 -9.527173
v 2.547364 1.410249 -9.533432
v 2.547365 1.395335 -9.554426
v 2.547365 1.390473 -9.577062
v 2.547364 1.519615 -9.577062
v 2.547364 1.519615 -9.035205
v 2.547365 1.483015 -10.122797
v 2.547365 1.333196 -10.092617
v 2.547365 1.390365 -10.122797
v 2.547365 1.355567 -10.105397
v 2.547365 1.308340 -10.066916
v 2.547365 1.291787 -10.035801
v 2.547365 1.303370 -10.005974
v 2.547365 1.333196 -9.971529
v 2.547365 1.360890 -9.958749
v 2.547365 1.380599 -9.966205
v 2.547365 1.400307 -9.989686
v 2.547365 1.423788 -9.991060
v 2.547365 1.440076 -9.951291
v 2.547365 1.456453 -9.886666
v 2.547365 1.450195 -9.841926
v 2.547365 1.420191 -9.789728
v 2.547365 1.395336 -9.754930
v 2.547365 1.381532 -9.715160
v 2.547365 1.390365 -9.676503
v 2.547365 1.414110 -9.660566
v 2.547365 1.432708 -9.650536
v 2.547365 1.437591 -9.630828
v 2.547365 1.410249 -9.624570
v 2.547365 1.395335 -9.603574
v 2.547365 1.390473 -9.580939
v 2.547364 1.519615 -9.580939
v 2.547365 1.519615 -10.122797
v 2.500849 1.568466 -9.577062
v 2.500849 1.568466 -8.987273
v 2.500849 1.568466 -9.580939
v 2.500849 1.568466 -10.170728
v 2.602820 1.568466 -9.577062
v 2.602820 1.568466 -8.987273
v 2.602820 1.568466 -9.580939
v 2.602820 1.568466 -10.170728
v 2.502500 3.236371 -10.184873
v 2.502500 3.236371 -8.990905
v 2.502500 3.526581 -9.581073
v 2.502500 3.192874 -10.126265
v 2.502500 3.192874 -9.035882
v 2.502500 1.568388 -10.126265
v 2.502500 1.568387 -9.035882
v 2.502500 3.465470 -9.581073
v 2.502500 1.568389 -9.581073
v 2.502500 3.099465 -10.044485
v 2.502500 3.099465 -9.117661
v 2.502500 1.709229 -10.044485
v 2.502500 1.704686 -9.117661
v 2.502500 3.331171 -9.581073
v 2.502500 2.397532 -9.035882
v 2.502500 2.644198 -9.117661
v 2.502500 2.397532 -10.126265
v 2.502500 2.644198 -10.044485
v 2.502500 2.558817 -9.117661
v 2.502500 2.558817 -10.044485
v 2.502500 2.558817 -9.635592
v 2.502500 2.558817 -9.526554
v 2.502500 1.704686 -9.635592
v 2.502500 1.704686 -9.526554
v 2.570648 3.465470 -9.581073
v 2.570648 3.192874 -9.035882
v 2.570648 3.192874 -10.126265
v 2.570190 3.518707 -9.580515
v 2.570190 3.228497 -8.990346
v 2.570190 3.228497 -10.184314
v 2.570190 3.457597 -9.580515
v 2.570190 3.185001 -9.035324
v 2.570190 2.389659 -10.125706
v 2.570190 3.185001 -10.125706
v 2.570190 1.568389 -9.581213
v 2.570190 1.568388 -10.126265
v 2.570190 2.389659 -9.035324
v 2.570190 1.568389 -9.035882
v 2.570190 1.701355 -10.043926
v 2.638338 3.228497 -8.990346
v 2.570190 3.323298 -9.580515
v 2.570190 3.091592 -9.117103
v 2.570190 2.636325 -10.043926
v 2.570190 3.091592 -10.043926
v 2.570190 1.696812 -9.117103
v 2.570190 1.696812 -9.525996
v 2.570190 1.696812 -9.635034
v 2.570190 2.636325 -9.117103
v 2.570190 2.550944 -10.043926
v 2.570190 2.550944 -9.117103
v 2.570190 2.550944 -9.635034
v 2.570190 2.550944 -9.525996
v 2.638338 3.518707 -9.580515
v 2.638338 3.228497 -10.184314
v 2.638338 3.457597 -9.580515
v 2.638338 3.185001 -9.035324
v 2.638338 3.185001 -10.125706
v 2.502500 1.992425 -10.044485
v 2.502500 2.304244 -10.044485
v 2.502500 1.989396 -9.635592
v 2.502500 2.302730 -9.635592
v 2.502500 2.302730 -9.526554
v 2.502500 1.989396 -9.526554
v 2.502500 1.989396 -9.117661
v 2.502500 2.302730 -9.117661
v 2.502500 2.265626 -10.044485
v 2.502500 2.264112 -9.635592
v 2.502500 2.264869 -9.526554
v 2.502500 2.264869 -9.117661
v 2.502500 2.302730 -9.526554
v 2.502500 2.302730 -9.117661
v 2.502500 2.264869 -9.526554
v 2.502500 2.264869 -9.117661
v 2.570192 2.302730 -9.526554
v 2.570192 2.302730 -9.117661
v 2.570192 2.264869 -9.526554
v 2.570192 2.264869 -9.117661
v 2.570192 2.304244 -10.044485
v 2.570192 2.302730 -9.635592
v 2.570192 2.265626 -10.044485
v 2.570192 2.264112 -9.635592
v 2.499636 3.216566 -10.217274
v 2.499636 3.173070 -10.158667
v 2.567326 3.208692 -10.216716
v 2.567326 3.165196 -10.158108
v 2.635475 3.208692 -10.216716
v 2.635475 3.165196 -10.158108
v 2.500116 3.172204 -8.997410
v 2.500116 3.215700 -8.952432
v 2.567806 3.164331 -8.996852
v 2.567806 3.207827 -8.951874
v 2.635955 3.207827 -8.951874
v 2.635955 3.164331 -8.996852
v 2.503487 1.483015 -6.022813
v 2.503487 1.333196 -6.052992
v 2.503487 1.390365 -6.022813
v 2.503487 1.355567 -6.040212
v 2.503487 1.308340 -6.078694
v 2.503487 1.291787 -6.109808
v 2.503487 1.303370 -6.139635
v 2.503487 1.333196 -6.174080
v 2.503487 1.360890 -6.186861
v 2.503487 1.380599 -6.179404
v 2.503487 1.400307 -6.155924
v 2.503487 1.423788 -6.154549
v 2.503487 1.440076 -6.194318
v 2.503487 1.456453 -6.258943
v 2.503487 1.450195 -6.303684
v 2.503487 1.420191 -6.355881
v 2.503487 1.395336 -6.390679
v 2.503487 1.381532 -6.430449
v 2.503487 1.390365 -6.469107
v 2.503487 1.414110 -6.485043
v 2.503487 1.432708 -6.495073
v 2.503487 1.437591 -6.514782
v 2.503487 1.410249 -6.521039
v 2.503487 1.395335 -6.542035
v 2.503487 1.390473 -6.564670
v 2.503487 1.519615 -6.564670
v 2.503487 1.519615 -6.022813
v 2.503487 1.483015 -7.110405
v 2.503487 1.333196 -7.080225
v 2.503487 1.390365 -7.110405
v 2.503487 1.355567 -7.093006
v 2.503487 1.308340 -7.054523
v 2.503487 1.291787 -7.023409
v 2.503487 1.303370 -6.993582
v 2.503487 1.333196 -6.959137
v 2.503487 1.360890 -6.946357
v 2.503487 1.380599 -6.953813
v 2.503487 1.400307 -6.977294
v 2.503487 1.423788 -6.978669
v 2.503487 1.440076 -6.938900
v 2.503487 1.456453 -6.874274
v 2.503487 1.450195 -6.829534
v 2.503487 1.420191 -6.777337
v 2.503487 1.395336 -6.742539
v 2.503487 1.381532 -6.702769
v 2.503487 1.390365 -6.664110
v 2.503487 1.414110 -6.648175
v 2.503487 1.432708 -6.638144
v 2.503487 1.437591 -6.618436
v 2.503487 1.410249 -6.612178
v 2.503487 1.395335 -6.591183
v 2.503487 1.390473 -6.568548
v 2.503487 1.519615 -6.568548
v 2.503487 1.519615 -7.110405
v 2.550001 1.483015 -6.022813
v 2.550001 1.333196 -6.052992
v 2.550001 1.390365 -6.022813
v 2.550001 1.355567 -6.040212
v 2.550001 1.308340 -6.078694
v 2.550001 1.291787 -6.109808
v 2.550001 1.303370 -6.139635
v 2.550001 1.333196 -6.174080
v 2.550001 1.360890 -6.186861
v 2.550001 1.380599 -6.179404
v 2.550001 1.400307 -6.155924
v 2.550001 1.423788 -6.154549
v 2.550001 1.440076 -6.194318
v 2.550001 1.456453 -6.258943
v 2.550001 1.450195 -6.303684
v 2.550001 1.420191 -6.355881
v 2.550001 1.395336 -6.390679
v 2.550001 1.381532 -6.430449
v 2.550001 1.390365 -6.469107
v 2.550001 1.414110 -6.485043
v 2.550001 1.432708 -6.495073
v 2.550001 1.437591 -6.514782
v 2.550001 1.410249 -6.521039
v 2.550002 1.395335 -6.542035
v 2.550002 1.390473 -6.564670
v 2.550001 1.519615 -6.564670
v 2.550001 1.519615 -6.022813
v 2.550002 1.483015 -7.110405
v 2.550002 1.333196 -7.080225
v 2.550002 1.390365 -7.110405
v 2.550002 1.355567 -7.093006
v 2.550002 1.308340 -7.054523
v 2.550002 1.291787 -7.023409
v 2.550002 1.303370 -6.993582
v 2.550002 1.333196 -6.959137
v 2.550002 1.360890 -6.946357
v 2.550002 1.380599 -6.953813
v 2.550002 1.400307 -6.977294
v 2.550002 1.423788 -6.978669
v 2.550002 1.440076 -6.938900
v 2.550002 1.456453 -6.874274
v 2.550002 1.450195 -6.829534
v 2.550002 1.420191 -6.777337
v 2.550002 1.395336 -6.742539
v 2.550002 1.381532 -6.702769
v 2.550002 1.390365 -6.664110
v 2.550002 1.414110 -6.648175
v 2.550002 1.432708 -6.638144
v 2.550002 1.437591 -6.618436
v 2.550002 1.410249 -6.612178
v 2.550002 1.395335 -6.591183
v 2.550002 1.390473 -6.568548
v 2.550001 1.519615 -6.568548
v 2.550002 1.519615 -7.110405
v 2.503487 1.568466 -6.564670
v 2.503487 1.568466 -5.974881
v 2.503487 1.568466 -6.568548
v 2.503487 1.568466 -7.158337
v 2.605457 1.568466 -6.564670
v 2.605457 1.568466 -5.974881
v 2.605457 1.568466 -6.568548
v 2.605457 1.568466 -7.158337
v 2.505137 3.236371 -7.172480
v 2.505137 3.236371 -5.978513
v 2.505137 3.526581 -6.568681
v 2.505137 3.192874 -7.113873
v 2.505137 3.192874 -6.023490
v 2.505137 1.568388 -7.113873
v 2.505137 1.568387 -6.023490
v 2.505137 3.465470 -6.568681
v 2.505137 1.568389 -6.568681
v 2.505137 3.099465 -7.032094
v 2.505137 3.099465 -6.105269
v 2.505137 1.709229 -7.032094
v 2.505137 1.704686 -6.105269
v 2.505137 3.331171 -6.568681
v 2.505137 2.397532 -6.023490
v 2.505137 2.644198 -6.105269
v 2.505137 2.397532 -7.113873
v 2.505137 2.644198 -7.032094
v 2.505137 2.558817 -6.105269
v 2.505137 2.558817 -7.032094
v 2.505137 2.558817 -6.623200
v 2.505137 2.558817 -6.514162
v 2.505137 1.704686 -6.623200
v 2.505137 1.704686 -6.514162
v 2.573286 3.465470 -6.568681
v 2.573286 3.192874 -6.023490
v 2.573286 3.192874 -7.113873
v 2.572827 3.518707 -6.568123
v 2.572827 3.228497 -5.977954
v 2.572827 3.228497 -7.171921
v 2.572827 3.457597 -6.568123
v 2.572827 3.185001 -6.022932
v 2.572827 2.389659 -7.113314
v 2.572827 3.185001 -7.113314
v 2.572827 1.568389 -6.568821
v 2.572827 1.568388 -7.113873
v 2.572827 2.389659 -6.022932
v 2.572827 1.568389 -6.023490
v 2.572827 1.701355 -7.031535
v 2.640976 3.228497 -5.977954
v 2.572827 3.323298 -6.568123
v 2.572827 3.091592 -6.104711
v 2.572827 2.636325 -7.031535
v 2.572827 3.091592 -7.031535
v 2.572827 1.696812 -6.104711
v 2.572827 1.696812 -6.513604
v 2.572827 1.696812 -6.622642
v 2.572827 2.636325 -6.104711
v 2.572827 2.550944 -7.031535
v 2.572827 2.550944 -6.104711
v 2.572827 2.550944 -6.622642
v 2.572827 2.550944 -6.513604
v 2.640976 3.518707 -6.568123
v 2.640976 3.228497 -7.171921
v 2.640976 3.457597 -6.568123
v 2.640976 3.185001 -6.022932
v 2.640976 3.185001 -7.113314
v 2.505137 1.992425 -7.032094
v 2.505137 2.304244 -7.032094
v 2.505137 1.989396 -6.623200
v 2.505137 2.302730 -6.623200
v 2.505137 2.302730 -6.514162
v 2.505137 1.989396 -6.514162
v 2.505137 1.989396 -6.105269
v 2.505137 2.302730 -6.105269
v 2.505137 2.265626 -7.032094
v 2.505137 2.264112 -6.623200
v 2.505137 2.264869 -6.514162
v 2.505137 2.264869 -6.105269
v 2.505137 2.302730 -6.514162
v 2.505137 2.302730 -6.105269
v 2.505137 2.264869 -6.514162
v 2.505137 2.264869 -6.105269
v 2.572829 2.302730 -6.514162
v 2.572829 2.302730 -6.105269
v 2.572829 2.264869 -6.514162
v 2.572829 2.264869 -6.105269
v 2.572829 2.304244 -7.032094
v 2.572829 2.302730 -6.623200
v 2.572829 2.265626 -7.032094
v 2.572829 2.264112 -6.623200
v 2.502274 3.216566 -7.204882
v 2.502274 3.173070 -7.146274
v 2.569964 3.208692 -7.204324
v 2.569964 3.165196 -7.145716
v 2.638112 3.208692 -7.204324
v 2.638112 3.165196 -7.145716
v 2.502753 3.172204 -5.985018
v 2.502753 3.215700 -5.940040
v 2.570443 3.164331 -5.984460
v 2.570443 3.207827 -5.939481
v 2.638592 3.207827 -5.939481
v 2.638592 3.164331 -5.984460
v 2.497284 1.483015 -3.774625
v 2.497284 1.333196 -3.804804
v 2.497284 1.390365 -3.774625
v 2.497284 1.355567 -3.792024
v 2.497284 1.308340 -3.830506
v 2.497284 1.291787 -3.861620
v 2.497284 1.303370 -3.891447
v 2.497284 1.333196 -3.925892
v 2.497284 1.360890 -3.938673
v 2.497284 1.380599 -3.931216
v 2.497284 1.400307 -3.907736
v 2.497284 1.423788 -3.906360
v 2.497284 1.440076 -3.946130
v 2.497284 1.456453 -4.010755
v 2.497284 1.450195 -4.055496
v 2.497284 1.420191 -4.107693
v 2.497284 1.395336 -4.142491
v 2.497284 1.381532 -4.182261
v 2.497284 1.390365 -4.220920
v 2.497284 1.414110 -4.236855
v 2.497284 1.432708 -4.246885
v 2.497284 1.437591 -4.266594
v 2.497284 1.410249 -4.272852
v 2.497284 1.395335 -4.293847
v 2.497284 1.390473 -4.316482
v 2.497284 1.519615 -4.316482
v 2.497284 1.519615 -3.774625
v 2.497284 1.483015 -4.862217
v 2.497284 1.333196 -4.832037
v 2.497284 1.390365 -4.862217
v 2.497284 1.355567 -4.844818
v 2.497284 1.308340 -4.806336
v 2.497284 1.291787 -4.775221
v 2.497284 1.303370 -4.745395
v 2.497284 1.333196 -4.710949
v 2.497284 1.360890 -4.698169
v 2.497284 1.380599 -4.705625
v 2.497284 1.400307 -4.729106
v 2.497284 1.423788 -4.730481
v 2.497284 1.440076 -4.690711
v 2.497284 1.456453 -4.626086
v 2.497284 1.450195 -4.581346
v 2.497284 1.420191 -4.529149
v 2.497284 1.395336 -4.494351
v 2.497284 1.381532 -4.454581
v 2.497284 1.390365 -4.415923
v 2.497284 1.414110 -4.399987
v 2.497284 1.432708 -4.389956
v 2.497284 1.437591 -4.370248
v 2.497284 1.410249 -4.363990
v 2.497284 1.395335 -4.342995
v 2.497284 1.390473 -4.320360
v 2.497284 1.519615 -4.320360
v 2.497284 1.519615 -4.862217
v 2.543799 1.483015 -3.774625
v 2.543799 1.333196 -3.804804
v 2.543799 1.390365 -3.774625
v 2.543799 1.355567 -3.792024
v 2.543799 1.308340 -3.830506
v 2.543799 1.291787 -3.861620
v 2.543799 1.303370 -3.891447
v 2.543799 1.333196 -3.925892
v 2.543799 1.360890 -3.938673
v 2.543799 1.380599 -3.931216
v 2.543799 1.400307 -3.907736
v 2.543799 1.423788 -3.906360
v 2.543799 1.440076 -3.946130
v 2.543799 1.456453 -4.010755
v 2.543799 1.450195 -4.055496
v 2.543799 1.420191 -4.107693
v 2.543799 1.395336 -4.142491
v 2.543799 1.381532 -4.182261
v 2.543799 1.390365 -4.220920
v 2.543799 1.414110 -4.236855
v 2.543799 1.432708 -4.246885
v 2.543799 1.437591 -4.266594
v 2.543800 1.410249 -4.272852
v 2.543800 1.395335 -4.293847
v 2.543800 1.390473 -4.316482
v 2.543799 1.519615 -4.316482
v 2.543799 1.519615 -3.774625
v 2.543800 1.483015 -4.862217
v 2.543800 1.333196 -4.832037
v 2.543800 1.390365 -4.862217
v 2.543800 1.355567 -4.844818
v 2.543800 1.308340 -4.806336
v 2.543800 1.291787 -4.775221
v 2.543800 1.303370 -4.745395
v 2.543800 1.333196 -4.710949
v 2.543800 1.360890 -4.698169
v 2.543800 1.380599 -4.705625
v 2.543800 1.400307 -4.729106
v 2.543800 1.423788 -4.730481
v 2.543800 1.440076 -4.690711
v 2.543800 1.456453 -4.626086
v 2.543800 1.450195 -4.581346
v 2.543800 1.420191 -4.529149
v 2.543800 1.395336 -4.494351
v 2.543800 1.381532 -4.454581
v 2.543800 1.390365 -4.415923
v 2.543800 1.414110 -4.399987
v 2.543800 1.432708 -4.389956
v 2.543800 1.437591 -4.370248
v 2.543800 1.410249 -4.363990
v 2.543800 1.395335 -4.342995
v 2.543800 1.390473 -4.320360
v 2.543799 1.519615 -4.320360
v 2.543800 1.519615 -4.862217
v 2.497284 1.568466 -4.316482
v 2.497284 1.568466 -3.726693
v 2.497284 1.568466 -4.320360
v 2.497284 1.568466 -4.910148
v 2.599254 1.568466 -4.316482
v 2.599254 1.568466 -3.726693
v 2.599254 1.568466 -4.320360
v 2.599254 1.568466 -4.910148
v 2.498935 3.236371 -4.924293
v 2.498935 3.236371 -3.730324
v 2.498935 3.526581 -4.320493
v 2.498935 3.192874 -4.865685
v 2.498935 3.192874 -3.775302
v 2.498935 1.568388 -4.865685
v 2.498935 1.568387 -3.775302
v 2.498935 3.465470 -4.320493
v 2.498935 1.568389 -4.320493
v 2.498935 3.099465 -4.783906
v 2.498935 3.099465 -3.857081
v 2.498935 1.709229 -4.783906
v 2.498935 1.704686 -3.857081
v 2.498935 3.331171 -4.320493
v 2.498935 2.397532 -3.775302
v 2.498935 2.644198 -3.857081
v 2.498935 2.397532 -4.865685
v 2.498935 2.644198 -4.783906
v 2.498935 2.558817 -3.857081
v 2.498935 2.558817 -4.783906
v 2.498935 2.558817 -4.375012
v 2.498935 2.558817 -4.265974
v 2.498935 1.704686 -4.375012
v 2.498935 1.704686 -4.265974
v 2.567084 3.465470 -4.320493
v 2.567084 3.192874 -3.775302
v 2.567084 3.192874 -4.865685
v 2.566624 3.518707 -4.319935
v 2.566624 3.228497 -3.729765
v 2.566624 3.228497 -4.923734
v 2.566624 3.457597 -4.319935
v 2.566624 3.185001 -3.774744
v 2.566625 2.389659 -4.865126
v 2.566624 3.185001 -4.865126
v 2.566625 1.568389 -4.320633
v 2.566625 1.568388 -4.865685
v 2.566624 2.389659 -3.774744
v 2.566624 1.568389 -3.775302
v 2.566625 1.701355 -4.783347
v 2.634773 3.228497 -3.729765
v 2.566624 3.323298 -4.319935
v 2.566624 3.091592 -3.856522
v 2.566624 2.636325 -4.783347
v 2.566624 3.091592 -4.783347
v 2.566624 1.696812 -3.856522
v 2.566625 1.696812 -4.265416
v 2.566625 1.696812 -4.374454
v 2.566624 2.636325 -3.856522
v 2.566624 2.550944 -4.783347
v 2.566624 2.550944 -3.856522
v 2.566624 2.550944 -4.374454
v 2.566624 2.550944 -4.265416
v 2.634773 3.518707 -4.319935
v 2.634773 3.228497 -4.923734
v 2.634773 3.457597 -4.319935
v 2.634773 3.185001 -3.774744
v 2.634773 3.185001 -4.865126
v 2.498935 1.992425 -4.783906
v 2.498935 2.304244 -4.783906
v 2.498935 1.989396 -4.375012
v 2.498935 2.302730 -4.375012
v 2.498935 2.302730 -4.265974
v 2.498935 1.989396 -4.265974
v 2.498935 1.989396 -3.857081
v 2.498935 2.302730 -3.857081
v 2.498935 2.265626 -4.783906
v 2.498935 2.264112 -4.375012
v 2.498935 2.264869 -4.265974
v 2.498935 2.264869 -3.857081
v 2.498935 2.302730 -4.265974
v 2.498935 2.302730 -3.857081
v 2.498935 2.264869 -4.265974
v 2.498935 2.264869 -3.857081
v 2.566627 2.302730 -4.265974
v 2.566627 2.302730 -3.857081
v 2.566627 2.264869 -4.265974
v 2.566627 2.264869 -3.857081
v 2.566627 2.304244 -4.783906
v 2.566627 2.302730 -4.375012
v 2.566627 2.265626 -4.783906
v 2.566627 2.264112 -4.375012
v 2.496071 3.216566 -4.956695
v 2.496071 3.173070 -4.898087
v 2.563761 3.208692 -4.956136
v 2.563761 3.165196 -4.897528
v 2.631910 3.208692 -4.956136
v 2.631910 3.165196 -4.897528
v 2.496551 3.172204 -3.736830
v 2.496551 3.215700 -3.691852
v 2.564241 3.164331 -3.736272
v 2.564241 3.207827 -3.691293
v 2.632390 3.207827 -3.691293
v 2.632390 3.164331 -3.736272
v 2.731862 7.673183 0.370475
v 2.731862 7.673183 -0.137099
v 2.731862 8.180758 0.370475
v 2.731862 8.180758 -0.137099
v 2.731862 7.673183 0.116731
v 2.731862 8.308797 0.116731
v 2.731862 7.713892 0.332926
v 2.731862 7.713892 -0.099545
v 2.731862 8.146363 0.332926
v 2.731862 8.146363 -0.099545
v 2.731862 7.713892 0.116727
v 2.731862 8.255458 0.116727
v 2.731862 7.731736 0.316467
v 2.731862 7.731736 -0.083085
v 2.731862 8.131288 0.316467
v 2.731862 8.131288 -0.083085
v 2.731862 7.731736 0.116725
v 2.731862 8.232078 0.116725
v 2.802136 7.673183 0.370475
v 2.802136 7.673183 -0.137099
v 2.802136 8.180758 0.370475
v 2.802136 8.180758 -0.137099
v 2.802136 7.673183 0.116731
v 2.802136 8.308797 0.116731
v 2.802136 7.713892 0.332926
v 2.802136 7.713892 -0.099545
v 2.802136 8.146363 0.332926
v 2.802136 8.146363 -0.099545
v 2.802136 7.713892 0.116727
v 2.802136 8.255458 0.116727
v 2.777248 8.232078 0.116725
v 2.777248 8.131288 -0.083085
v 2.777248 7.731736 -0.083085
v 2.777248 7.731736 0.116725
v 2.777248 7.731736 0.316467
v 2.777248 8.131288 0.316467
v 2.789602 8.146363 0.332926
v 2.789602 7.713892 0.332926
v 2.789602 7.713892 0.116727
v 2.789602 7.713892 -0.099545
v 2.789602 8.146363 -0.099545
v 2.789602 8.255458 0.116727
v 2.789602 8.131288 0.316467
v 2.789602 7.731736 0.316467
v 2.789602 7.731736 0.116725
v 2.789602 7.731736 -0.083085
v 2.789602 8.131288 -0.083085
v 2.789602 8.232078 0.116725
v 2.719591 1.490147 2.536522
v 2.719591 1.340328 2.506342
v 2.719591 1.397496 2.536522
v 2.719591 1.362698 2.519123
v 2.719591 1.315472 2.480640
v 2.719591 1.298919 2.449527
v 2.719591 1.310501 2.419700
v 2.719591 1.340328 2.385254
v 2.719591 1.368022 2.372473
v 2.719591 1.387730 2.379930
v 2.719591 1.407438 2.403411
v 2.719591 1.430919 2.404786
v 2.719591 1.447208 2.365017
v 2.719591 1.463584 2.300391
v 2.719591 1.457326 2.255651
v 2.719591 1.427323 2.203454
v 2.719591 1.402467 2.168656
v 2.719591 1.388664 2.128886
v 2.719591 1.397496 2.090227
v 2.719591 1.421241 2.074292
v 2.719591 1.439839 2.064261
v 2.719591 1.444722 2.044553
v 2.719591 1.417381 2.038295
v 2.719591 1.402467 2.017300
v 2.719591 1.397604 1.994665
v 2.719591 1.526747 1.994665
v 2.719591 1.526747 2.536522
v 2.719591 1.490147 1.448930
v 2.719591 1.340328 1.479110
v 2.719591 1.397496 1.448930
v 2.719591 1.362698 1.466329
v 2.719591 1.315472 1.504811
v 2.719591 1.298919 1.535925
v 2.719591 1.310501 1.565752
v 2.719591 1.340328 1.600197
v 2.719591 1.368022 1.612978
v 2.719591 1.387730 1.605521
v 2.719591 1.407438 1.582041
v 2.719591 1.430919 1.580666
v 2.719591 1.447208 1.620435
v 2.719591 1.463584 1.685060
v 2.719591 1.457326 1.729801
v 2.719591 1.427323 1.781998
v 2.719591 1.402467 1.816796
v 2.719591 1.388664 1.856565
v 2.719591 1.397496 1.895224
v 2.719591 1.421241 1.911160
v 2.719591 1.439839 1.921190
v 2.719591 1.444722 1.940899
v 2.719591 1.417381 1.947157
v 2.719591 1.402467 1.968152
v 2.719591 1.397604 1.990787
v 2.719591 1.526747 1.990787
v 2.719591 1.526747 1.448930
v 2.766106 1.490147 2.536522
v 2.766106 1.340328 2.506342
v 2.766106 1.397496 2.536522
v 2.766106 1.362698 2.519123
v 2.766106 1.315472 2.480640
v 2.766106 1.298919 2.449527
v 2.766106 1.310501 2.419700
v 2.766106 1.340328 2.385254
v 2.766106 1.368022 2.372473
v 2.766106 1.387730 2.379930
v 2.766106 1.407438 2.403411
v 2.766106 1.430919 2.404786
v 2.766106 1.447208 2.365017
v 2.766106 1.463584 2.300391
v 2.766106 1.457326 2.255651
v 2.766106 1.427323 2.203454
v 2.766106 1.402467 2.168656
v 2.766106 1.388664 2.128886
v 2.766106 1.397496 2.090227
v 2.766106 1.421241 2.074292
v 2.766106 1.439839 2.064261
v 2.766106 1.444722 2.044553
v 2.766106 1.417381 2.038295
v 2.766106 1.402467 2.017300
v 2.766106 1.397604 1.994665
v 2.766106 1.526747 1.994665
v 2.766106 1.526747 2.536522
v 2.766106 1.490147 1.448930
v 2.766106 1.340328 1.479110
v 2.766106 1.397496 1.448930
v 2.766106 1.362698 1.466329
v 2.766106 1.315472 1.504811
v 2.766106 1.298919 1.535925
v 2.766106 1.310501 1.565752
v 2.766106 1.340328 1.600197
v 2.766106 1.368022 1.612978
v 2.766106 1.387730 1.605521
v 2.766106 1.407438 1.582041
v 2.766106 1.430919 1.580666
v 2.766106 1.447208 1.620435
v 2.766106 1.463584 1.685060
v 2.766106 1.457326 1.729801
v 2.766106 1.427323 1.781998
v 2.766106 1.402467 1.816796
v 2.766106 1.388664 1.856565
v 2.766106 1.397496 1.895224
v 2.766106 1.421241 1.911160
v 2.766106 1.439839 1.921190
v 2.766106 1.444722 1.940899
v 2.766106 1.417381 1.947157
v 2.766106 1.402467 1.968152
v 2.766106 1.397604 1.990787
v 2.766106 1.526747 1.990787
v 2.766106 1.526747 1.448930
v 2.719591 1.575597 1.994665
v 2.719591 1.575597 2.584453
v 2.719591 1.575597 1.990787
v 2.719591 1.575597 1.400998
v 2.821562 1.575597 1.994665
v 2.821562 1.575597 2.584453
v 2.821562 1.575597 1.990787
v 2.821562 1.575597 1.400998
v 2.721242 3.243502 1.386855
v 2.721242 3.243502 2.580822
v 2.721242 3.533712 1.990653
v 2.721242 3.200006 1.445462
v 2.721242 3.200006 2.535844
v 2.721242 1.575520 1.445462
v 2.721242 1.575518 2.535844
v 2.721242 3.472602 1.990653
v 2.721242 1.575521 1.990653
v 2.721242 3.106597 1.527241
v 2.721242 3.106597 2.454066
v 2.721242 1.716361 1.527241
v 2.721242 1.711817 2.454066
v 2.721242 3.338303 1.990653
v 2.721242 2.404664 2.535844
v 2.721242 2.651330 2.454066
v 2.721242 2.404664 1.445462
v 2.721242 2.651330 1.527241
v 2.721242 2.565949 2.454066
v 2.721242 2.565949 1.527241
v 2.721242 2.565949 1.936134
v 2.721242 2.565949 2.045172
v 2.721242 1.711817 1.936134
v 2.721242 1.711817 2.045172
v 2.789390 3.472602 1.990653
v 2.789390 3.200006 2.535844
v 2.789390 3.200006 1.445462
v 2.788932 3.525839 1.991212
v 2.788932 3.235629 2.581381
v 2.788932 3.235629 1.387413
v 2.788932 3.464728 1.991212
v 2.788932 3.192133 2.536403
v 2.788932 2.396791 1.446021
v 2.788932 3.192133 1.446021
v 2.788932 1.575521 1.990514
v 2.788932 1.575520 1.445462
v 2.788932 2.396791 2.536403
v 2.788932 1.575521 2.535844
v 2.788932 1.708488 1.527800
v 2.857080 3.235629 2.581381
v 2.788932 3.330430 1.991212
v 2.788932 3.098723 2.454624
v 2.788932 2.643456 1.527800
v 2.788932 3.098723 1.527800
v 2.788932 1.703944 2.454624
v 2.788932 1.703944 2.045731
v 2.788932 1.703944 1.936693
v 2.788932 2.643456 2.454624
v 2.788932 2.558076 1.527800
v 2.788932 2.558076 2.454624
v 2.788932 2.558076 1.936693
v 2.788932 2.558076 2.045731
v 2.857080 3.525839 1.991212
v 2.857080 3.235629 1.387413
v 2.857080 3.464728 1.991212
v 2.857080 3.192133 2.536403
v 2.857080 3.192133 1.446021
v 2.721242 1.999557 1.527241
v 2.721242 2.311375 1.527241
v 2.721242 1.996528 1.936134
v 2.721242 2.309861 1.936134
v 2.721242 2.309861 2.045172
v 2.721242 1.996528 2.045172
v 2.721242 1.996528 2.454066
v 2.721242 2.309861 2.454066
v 2.721242 2.272758 1.527241
v 2.721242 2.271244 1.936134
v 2.721242 2.272001 2.045172
v 2.721242 2.272001 2.454066
v 2.721242 2.309861 2.045172
v 2.721242 2.309861 2.454066
v 2.721242 2.272001 2.045172
v 2.721242 2.272001 2.454066
v 2.788934 2.309861 2.045172
v 2.788934 2.309861 2.454066
v 2.788934 2.272001 2.045172
v 2.788934 2.272001 2.454066
v 2.788934 2.311375 1.527241
v 2.788934 2.309861 1.936134
v 2.788934 2.272758 1.527241
v 2.788934 2.271244 1.936134
v 2.718378 3.223697 1.354452
v 2.718378 3.180202 1.413060
v 2.786068 3.215824 1.355011
v 2.786068 3.172328 1.413619
v 2.854217 3.215824 1.355011
v 2.854217 3.172328 1.413619
v 2.718858 3.179336 2.574317
v 2.718858 3.222832 2.619295
v 2.786548 3.171463 2.574875
v 2.786548 3.214958 2.619853
v 2.854697 3.214958 2.619853
v 2.854697 3.171463 2.574875
v 0.572550 1.498674 9.053939
v 0.596345 1.380551 9.053939
v 0.572550 1.425624 9.053939
v 0.586268 1.398189 9.053939
v 0.616609 1.360954 9.053939
v 0.641140 1.347903 9.053939
v 0.664656 1.357034 9.053939
v 0.691815 1.380551 9.053939
v 0.701892 1.402386 9.053939
v 0.696012 1.417925 9.053939
v 0.677499 1.433463 9.053939
v 0.676415 1.451977 9.053939
v 0.707771 1.464819 9.053939
v 0.758723 1.477731 9.053939
v 0.793998 1.472797 9.053939
v 0.835153 1.449142 9.053939
v 0.862589 1.429544 9.053939
v 0.893944 1.418661 9.053939
v 0.924424 1.425624 9.053939
v 0.936989 1.444346 9.053939
v 0.944897 1.459010 9.053939
v 0.960436 1.462859 9.053939
v 0.965369 1.441302 9.053939
v 0.981923 1.429544 9.053939
v 0.999769 1.431504 9.053939
v 0.999769 1.527530 9.053939
v 0.572550 1.527530 9.053939
v 1.430046 1.498674 9.053939
v 1.406252 1.380551 9.053939
v 1.430046 1.425624 9.053939
v 1.416328 1.398189 9.053939
v 1.385987 1.360954 9.053939
v 1.361456 1.347903 9.053939
v 1.337939 1.357034 9.053939
v 1.310781 1.380551 9.053939
v 1.300705 1.402386 9.053939
v 1.306584 1.417925 9.053939
v 1.325096 1.433463 9.053939
v 1.326181 1.451977 9.053939
v 1.294825 1.464819 9.053939
v 1.243872 1.477731 9.053939
v 1.208598 1.472797 9.053939
v 1.167444 1.449142 9.053939
v 1.140007 1.429544 9.053939
v 1.108652 1.418661 9.053939
v 1.078171 1.425624 9.053939
v 1.065607 1.444346 9.053939
v 1.057699 1.459010 9.053939
v 1.042160 1.462859 9.053939
v 1.037226 1.441302 9.053939
v 1.020673 1.429544 9.053939
v 1.002826 1.431504 9.053939
v 1.002826 1.527530 9.053939
v 1.430046 1.527530 9.053939
v 0.572550 1.498674 9.090613
v 0.596345 1.380551 9.090613
v 0.572550 1.425624 9.090613
v 0.586268 1.398189 9.090613
v 0.616609 1.360954 9.090613
v 0.641140 1.347903 9.090613
v 0.664656 1.357034 9.090613
v 0.691815 1.380551 9.090613
v 0.701892 1.402386 9.090613
v 0.696012 1.417925 9.090613
v 0.677499 1.433463 9.090613
v 0.676415 1.451977 9.090613
v 0.707771 1.464819 9.090613
v 0.758723 1.477731 9.090613
v 0.793998 1.472797 9.090613
v 0.835153 1.449142 9.090613
v 0.862589 1.429544 9.090613
v 0.893944 1.418661 9.090613
v 0.924424 1.425624 9.090613
v 0.936989 1.444346 9.090613
v 0.944897 1.459010 9.090613
v 0.960436 1.462859 9.090613
v 0.965369 1.441302 9.090613
v 0.981923 1.429544 9.090613
v 0.999769 1.431504 9.090613
v 0.999769 1.527530 9.090613
v 0.572550 1.527530 9.090613
v 1.430046 1.498674 9.090613
v 1.406252 1.380551 9.090613
v 1.430046 1.425624 9.090613
v 1.416328 1.398189 9.090613
v 1.385987 1.360954 9.090613
v 1.361456 1.347903 9.090613
v 1.337939 1.357034 9.090613
v 1.310781 1.380551 9.090613
v 1.300705 1.402386 9.090613
v 1.306584 1.417925 9.090613
v 1.325096 1.433463 9.090613
v 1.326181 1.451977 9.090613
v 1.294825 1.464819 9.090613
v 1.243872 1.477731 9.090613
v 1.208598 1.472797 9.090613
v 1.167444 1.449142 9.090613
v 1.140007 1.429544 9.090613
v 1.108652 1.418661 9.090613
v 1.078171 1.425624 9.090613
v 1.065607 1.444346 9.090613
v 1.057699 1.459010 9.090613
v 1.042160 1.462859 9.090613
v 1.037226 1.441302 9.090613
v 1.020673 1.429544 9.090613
v 1.002826 1.431504 9.090613
v 1.002826 1.527530 9.090613
v 1.430046 1.527530 9.090613
v 0.999769 1.566046 9.053939
v 0.534759 1.566046 9.053939
v 1.002826 1.566046 9.053939
v 1.467837 1.566046 9.053939
v 0.999769 1.566046 9.134336
v 0.534759 1.566046 9.134336
v 1.002826 1.566046 9.134336
v 1.467837 1.566046 9.134336
v 1.484156 3.211942 9.053495
v 0.538633 3.211942 9.053495
v 1.005999 3.504129 9.053495
v 1.437744 3.168149 9.053495
v 0.574252 3.168149 9.053495
v 1.437744 1.532592 9.053495
v 0.574252 1.532590 9.053495
v 1.005999 3.442603 9.053495
v 1.005998 1.532593 9.053495
v 1.372982 3.074104 9.053495
v 0.639014 3.074104 9.053495
v 1.372982 1.674393 9.053495
v 0.639014 1.669819 9.053495
v 1.005998 3.307389 9.053495
v 0.574252 2.367387 9.053495
v 0.639014 2.615734 9.053495
v 1.437744 2.367387 9.053495
v 1.372982 2.615734 9.053495
v 0.639014 2.529771 9.053495
v 1.372982 2.529771 9.053495
v 1.049173 2.529771 9.053495
v 0.962824 2.529771 9.053495
v 1.049173 1.669819 9.053495
v 0.962824 1.669819 9.053495
v 1.005999 3.442603 9.122108
v 0.574252 3.168149 9.122109
v 1.437744 3.168149 9.122109
v 1.005556 3.496203 9.121648
v 0.538191 3.204015 9.121648
v 1.483714 3.204015 9.121648
v 1.005556 3.434676 9.121648
v 0.573810 3.160223 9.121648
v 1.437301 2.359460 9.121648
v 1.437301 3.160223 9.121648
v 1.006109 1.532593 9.121648
v 1.437744 1.532592 9.121648
v 0.573810 2.359460 9.121648
v 0.574252 1.532593 9.121648
v 1.372540 1.666466 9.121648
v 0.538191 3.204015 9.190260
v 1.005556 3.299462 9.121648
v 0.638572 3.066177 9.121648
v 1.372540 2.607807 9.121648
v 1.372540 3.066177 9.121648
v 0.638572 1.661892 9.121648
v 0.962382 1.661892 9.121648
v 1.048731 1.661892 9.121648
v 0.638572 2.607807 9.121648
v 1.372540 2.521844 9.121648
v 0.638572 2.521844 9.121648
v 1.048731 2.521844 9.121648
v 0.962382 2.521844 9.121648
v 1.005556 3.496203 9.190260
v 1.483714 3.204015 9.190260
v 1.005556 3.434676 9.190260
v 0.573810 3.160223 9.190260
v 1.437301 3.160223 9.190260
v 1.372982 1.959519 9.053495
v 1.372982 2.273463 9.053495
v 1.049173 1.956470 9.053495
v 1.049173 2.271938 9.053495
v 0.962824 2.271938 9.053495
v 0.962824 1.956470 9.053495
v 0.639014 1.956470 9.053495
v 0.639014 2.271938 9.053495
v 1.372982 2.234582 9.053495
v 1.049173 2.233058 9.053495
v 0.962824 2.233819 9.053495
v 0.639014 2.233819 9.053495
v 0.962824 2.271938 9.053495
v 0.639014 2.271938 9.053495
v 0.962824 2.233819 9.053495
v 0.639014 2.233819 9.053495
v 0.962824 2.271938 9.121650
v 0.639014 2.271938 9.121650
v 0.962824 2.233819 9.121650
v 0.639014 2.233819 9.121650
v 1.372982 2.273463 9.121650
v 1.049173 2.271938 9.121650
v 1.372982 2.234582 9.121650
v 1.049173 2.233058 9.121650
v 1.509816 3.192002 9.050612
v 1.463404 3.148210 9.050612
v 1.509374 3.184075 9.118765
v 1.462961 3.140283 9.118765
v 1.509374 3.184075 9.187377
v 1.462961 3.140283 9.187377
v 0.543785 3.147339 9.051096
v 0.508166 3.191131 9.051096
v 0.543343 3.139411 9.119247
v 0.507724 3.183204 9.119247
v 0.507724 3.183204 9.187861
v 0.543343 3.139411 9.187861
v -0.907152 1.498674 9.058545
v -0.883357 1.380552 9.058545
v -0.907152 1.425625 9.058545
v -0.893434 1.398189 9.058545
v -0.863093 1.360955 9.058545
v -0.838562 1.347903 9.058545
v -0.815045 1.357034 9.058545
v -0.787887 1.380551 9.058545
v -0.777810 1.402386 9.058545
v -0.783689 1.417925 9.058545
v -0.802202 1.433463 9.058545
v -0.803287 1.451977 9.058545
v -0.771931 1.464819 9.058545
v -0.720978 1.477731 9.058545
v -0.685704 1.472797 9.058545
v -0.644549 1.449142 9.058545
v -0.617113 1.429544 9.058545
v -0.585758 1.418661 9.058545
v -0.555278 1.425624 9.058545
v -0.542713 1.444346 9.058545
v -0.534805 1.459010 9.058545
v -0.519266 1.462859 9.058545
v -0.514332 1.441302 9.058545
v -0.497779 1.429544 9.058545
v -0.479933 1.431504 9.058545
v -0.479933 1.527530 9.058545
v -0.907152 1.527531 9.058545
v -0.049656 1.498674 9.058545
v -0.073451 1.380551 9.058545
v -0.049656 1.425624 9.058545
v -0.063374 1.398189 9.058545
v -0.093715 1.360954 9.058545
v -0.118246 1.347903 9.058545
v -0.141763 1.357034 9.058545
v -0.168921 1.380551 9.058545
v -0.178997 1.402386 9.058545
v -0.173118 1.417925 9.058545
v -0.154605 1.433463 9.058545
v -0.153521 1.451977 9.058545
v -0.184877 1.464819 9.058545
v -0.235829 1.477731 9.058545
v -0.271104 1.472797 9.058545
v -0.312258 1.449142 9.058545
v -0.339694 1.429544 9.058545
v -0.371050 1.418661 9.058545
v -0.401530 1.425624 9.058545
v -0.414094 1.444346 9.058545
v -0.422003 1.459010 9.058545
v -0.437541 1.462859 9.058545
v -0.442476 1.441302 9.058545
v -0.459029 1.429544 9.058545
v -0.476875 1.431504 9.058545
v -0.476875 1.527530 9.058545
v -0.049656 1.527530 9.058545
v -0.907152 1.498674 9.095220
v -0.883357 1.380552 9.095220
v -0.907152 1.425625 9.095220
v -0.893434 1.398189 9.095220
v -0.863093 1.360955 9.095220
v -0.838562 1.347903 9.095220
v -0.815045 1.357034 9.095220
v -0.787887 1.380551 9.095220
v -0.777810 1.402386 9.095220
v -0.783689 1.417925 9.095220
v -0.802202 1.433463 9.095220
v -0.803287 1.451977 9.095220
v -0.771931 1.464819 9.095220
v -0.720978 1.477731 9.095220
v -0.685704 1.472797 9.095220
v -0.644549 1.449142 9.095220
v -0.617113 1.429544 9.095220
v -0.585758 1.418661 9.095220
v -0.555278 1.425624 9.095220
v -0.542713 1.444346 9.095220
v -0.534805 1.459010 9.095220
v -0.519266 1.462859 9.095220
v -0.514332 1.441302 9.095220
v -0.497779 1.429544 9.095220
v -0.479933 1.431504 9.095220
v -0.479933 1.527530 9.095220
v -0.907152 1.527531 9.095220
v -0.049656 1.498674 9.095220
v -0.073451 1.380551 9.095220
v -0.049656 1.425624 9.095220
v -0.063374 1.398189 9.095220
v -0.093715 1.360954 9.095220
v -0.118246 1.347903 9.095220
v -0.141763 1.357034 9.095220
v -0.168921 1.380551 9.095220
v -0.178997 1.402386 9.095220
v -0.173118 1.417925 9.095220
v -0.154605 1.433463 9.095220
v -0.153521 1.451977 9.095220
v -0.184877 1.464819 9.095220
v -0.235829 1.477731 9.095220
v -0.271104 1.472797 9.095220
v -0.312258 1.449142 9.095220
v -0.339694 1.429544 9.095220
v -0.371050 1.418661 9.095220
v -0.401530 1.425624 9.095220
v -0.414094 1.444346 9.095220
v -0.422003 1.459010 9.095220
v -0.437541 1.462859 9.095220
v -0.442476 1.441302 9.095220
v -0.459029 1.429544 9.095220
v -0.476875 1.431504 9.095220
v -0.476875 1.527530 9.095220
v -0.049656 1.527530 9.095220
v -0.479933 1.566046 9.058545
v -0.944943 1.566046 9.058545
v -0.476875 1.566046 9.058545
v -0.011865 1.566046 9.058545
v -0.479933 1.566046 9.138942
v -0.944943 1.566046 9.138942
v -0.476875 1.566046 9.138942
v -0.011865 1.566046 9.138942
v 0.004455 3.211942 9.058103
v -0.941068 3.211942 9.058103
v -0.473703 3.504129 9.058103
v -0.041958 3.168149 9.058103
v -0.905450 3.168150 9.058103
v -0.041958 1.532592 9.058103
v -0.905450 1.532591 9.058103
v -0.473703 3.442603 9.058103
v -0.473704 1.532593 9.058103
v -0.106719 3.074104 9.058103
v -0.840687 3.074104 9.058103
v -0.106720 1.674393 9.058103
v -0.840688 1.669819 9.058103
v -0.473703 3.307389 9.058103
v -0.905450 2.367387 9.058103
v -0.840687 2.615734 9.058103
v -0.041958 2.367387 9.058103
v -0.106719 2.615734 9.058103
v -0.840687 2.529772 9.058103
v -0.106719 2.529771 9.058103
v -0.430529 2.529771 9.058103
v -0.516878 2.529771 9.058103
v -0.430529 1.669819 9.058103
v -0.516878 1.669819 9.058103
v -0.473703 3.442603 9.126715
v -0.905450 3.168150 9.126716
v -0.041958 3.168149 9.126716
v -0.474146 3.496203 9.126254
v -0.941511 3.204016 9.126254
v 0.004012 3.204015 9.126254
v -0.474146 3.434676 9.126254
v -0.905892 3.160223 9.126254
v -0.042400 2.359460 9.126254
v -0.042400 3.160223 9.126254
v -0.473593 1.532593 9.126254
v -0.041958 1.532592 9.126254
v -0.905892 2.359461 9.126254
v -0.905450 1.532593 9.126254
v -0.107162 1.666466 9.126254
v -0.941511 3.204016 9.194866
v -0.474146 3.299462 9.126254
v -0.841130 3.066177 9.126254
v -0.107162 2.607807 9.126254
v -0.107162 3.066177 9.126254
v -0.841130 1.661892 9.126254
v -0.517321 1.661892 9.126254
v -0.430972 1.661892 9.126254
v -0.841130 2.607808 9.126254
v -0.107162 2.521844 9.126254
v -0.841130 2.521845 9.126254
v -0.430971 2.521844 9.126254
v -0.517320 2.521844 9.126254
v -0.474146 3.496203 9.194866
v 0.004012 3.204015 9.194866
v -0.474146 3.434676 9.194866
v -0.905892 3.160223 9.194866
v -0.042400 3.160223 9.194866
v -0.106719 1.959519 9.058103
v -0.106719 2.273463 9.058103
v -0.430529 1.956470 9.058103
v -0.430529 2.271938 9.058103
v -0.516878 2.271938 9.058103
v -0.516878 1.956470 9.058103
v -0.840687 1.956470 9.058103
v -0.840687 2.271938 9.058103
v -0.106719 2.234582 9.058103
v -0.430529 2.233058 9.058103
v -0.516878 2.233819 9.058103
v -0.840687 2.233820 9.058103
v -0.516878 2.271938 9.058103
v -0.840687 2.271938 9.058103
v -0.516878 2.233819 9.058103
v -0.840687 2.233820 9.058103
v -0.516878 2.271938 9.126256
v -0.840687 2.271938 9.126256
v -0.516878 2.233819 9.126256
v -0.840687 2.233820 9.126256
v -0.106719 2.273463 9.126256
v -0.430529 2.271938 9.126256
v -0.106719 2.234582 9.126256
v -0.430529 2.233058 9.126256
v 0.030115 3.192002 9.055219
v -0.016298 3.148210 9.055219
v 0.029672 3.184075 9.123371
v -0.016740 3.140283 9.123371
v 0.029672 3.184075 9.191983
v -0.016740 3.140283 9.191983
v -0.935916 3.147339 9.055702
v -0.971535 3.191131 9.055702
v -0.936359 3.139412 9.123854
v -0.971978 3.183204 9.123854
v -0.971978 3.183204 9.192468
v -0.936359 3.139412 9.192468
v 2.225965 1.483015 7.825735
v 2.225965 1.333196 7.795556
v 2.225965 1.390365 7.825735
v 2.225965 1.355567 7.808336
v 2.225965 1.308340 7.769854
v 2.225965 1.291787 7.738739
v 2.225965 1.303370 7.708913
v 2.225965 1.333196 7.674468
v 2.225965 1.360890 7.661687
v 2.225965 1.380599 7.669144
v 2.225965 1.400307 7.692624
v 2.225965 1.423788 7.693999
v 2.225965 1.440076 7.654230
v 2.225965 1.456453 7.589605
v 2.225965 1.450195 7.544864
v 2.225965 1.420191 7.492667
v 2.225965 1.395336 7.457869
v 2.225965 1.381532 7.418100
v 2.225965 1.390365 7.379441
v 2.225965 1.414110 7.363505
v 2.225965 1.432708 7.353475
v 2.225965 1.437591 7.333766
v 2.225965 1.410249 7.327508
v 2.225965 1.395335 7.306513
v 2.225965 1.390473 7.283878
v 2.225965 1.519615 7.283878
v 2.225965 1.519615 7.825735
v 2.225965 1.483015 6.738143
v 2.225965 1.333196 6.768323
v 2.225965 1.390365 6.738143
v 2.225965 1.355567 6.755542
v 2.225965 1.308340 6.794025
v 2.225965 1.291787 6.825139
v 2.225965 1.303370 6.854966
v 2.225965 1.333196 6.889411
v 2.225965 1.360890 6.902192
v 2.225965 1.380599 6.894735
v 2.225965 1.400307 6.871254
v 2.225965 1.423788 6.869879
v 2.225965 1.440076 6.909648
v 2.225965 1.456453 6.974274
v 2.225965 1.450195 7.019014
v 2.225965 1.420191 7.071211
v 2.225965 1.395336 7.106009
v 2.225965 1.381532 7.145779
v 2.225965 1.390365 7.184438
v 2.225965 1.414110 7.200374
v 2.225965 1.432708 7.210404
v 2.225965 1.437591 7.230112
v 2.225965 1.410249 7.236370
v 2.225965 1.395335 7.257365
v 2.225965 1.390473 7.280000
v 2.225965 1.519615 7.280000
v 2.225965 1.519615 6.738143
v 2.272480 1.483015 7.825735
v 2.272480 1.333196 7.795556
v 2.272480 1.390365 7.825735
v 2.272480 1.355567 7.808336
v 2.272480 1.308340 7.769854
v 2.272480 1.291787 7.738739
v 2.272480 1.303370 7.708913
v 2.272480 1.333196 7.674468
v 2.272480 1.360890 7.661687
v 2.272480 1.380599 7.669144
v 2.272480 1.400307 7.692624
v 2.272480 1.423788 7.693999
v 2.272480 1.440076 7.654230
v 2.272480 1.456453 7.589605
v 2.272480 1.450195 7.544864
v 2.272480 1.420191 7.492667
v 2.272480 1.395336 7.457869
v 2.272480 1.381532 7.418100
v 2.272480 1.390365 7.379441
v 2.272480 1.414110 7.363505
v 2.272480 1.432708 7.353475
v 2.272480 1.437591 7.333766
v 2.272480 1.410249 7.327508
v 2.272480 1.395335 7.306513
v 2.272480 1.390473 7.283878
v 2.272480 1.519615 7.283878
v 2.272480 1.519615 7.825735
v 2.272480 1.483015 6.738143
v 2.272480 1.333196 6.768323
v 2.272480 1.390365 6.738143
v 2.272480 1.355567 6.755542
v 2.272480 1.308340 6.794025
v 2.272480 1.291787 6.825139
v 2.272480 1.303370 6.854966
v 2.272480 1.333196 6.889411
v 2.272480 1.360890 6.902192
v 2.272480 1.380599 6.894735
v 2.272480 1.400307 6.871254
v 2.272480 1.423788 6.869879
v 2.272480 1.440076 6.909648
v 2.272480 1.456453 6.974274
v 2.272480 1.450195 7.019014
v 2.272480 1.420191 7.071211
v 2.272480 1.395336 7.106009
v 2.272480 1.381532 7.145779
v 2.272480 1.390365 7.184438
v 2.272480 1.414110 7.200374
v 2.272480 1.432708 7.210404
v 2.272480 1.437591 7.230112
v 2.272480 1.410249 7.236370
v 2.272480 1.395335 7.257365
v 2.272480 1.390473 7.280000
v 2.272480 1.519615 7.280000
v 2.272480 1.519615 6.738143
v 2.225965 1.568466 7.283878
v 2.225965 1.568466 7.873667
v 2.225965 1.568466 7.280000
v 2.225965 1.568466 6.690211
v 2.327935 1.568466 7.283878
v 2.327935 1.568466 7.873667
v 2.327935 1.568466 7.280000
v 2.327935 1.568466 6.690211
v 2.227615 3.236371 6.676068
v 2.227615 3.236371 7.870036
v 2.227615 3.526581 7.279867
v 2.227615 3.192874 6.734676
v 2.227615 3.192874 7.825058
v 2.227615 1.568388 6.734676
v 2.227615 1.568387 7.825058
v 2.227615 3.465470 7.279867
v 2.227615 1.568389 7.279867
v 2.253535 3.099465 6.816454
v 2.253535 3.099465 7.743279
v 2.245493 1.709229 6.816454
v 2.245493 1.704686 7.743279
v 2.253535 3.331171 7.279867
v 2.227615 2.397532 7.825058
v 2.253535 2.644198 7.743279
v 2.227615 2.397532 6.734676
v 2.253535 2.644198 6.816454
v 2.253701 2.558817 7.743279
v 2.240413 2.558817 6.816454
v 2.240413 2.558817 7.225348
v 2.253701 2.558817 7.334386
v 2.245493 1.704686 7.225348
v 2.245493 1.704686 7.334386
v 2.295764 3.465470 7.279867
v 2.295764 3.192874 7.825058
v 2.295764 3.192874 6.734676
v 2.295305 3.518707 7.280426
v 2.295305 3.228497 7.870594
v 2.295305 3.228497 6.676627
v 2.295305 3.457597 7.280426
v 2.295305 3.185001 7.825616
v 2.295305 2.389659 6.735234
v 2.295305 3.185001 6.735234
v 2.295305 1.568389 7.279727
v 2.295305 1.568388 6.734676
v 2.295305 2.389659 7.825616
v 2.295305 1.568389 7.825058
v 2.295305 1.701355 6.817013
v 2.363454 3.228497 7.870594
v 2.295305 3.323298 7.280426
v 2.295305 3.091592 7.743837
v 2.295305 2.636325 6.817013
v 2.295305 3.091592 6.817013
v 2.295305 1.696812 7.743837
v 2.295305 1.696812 7.334945
v 2.295305 1.696812 7.225906
v 2.295305 2.636325 7.743837
v 2.295305 2.550944 6.817013
v 2.295305 2.550944 7.743837
v 2.295305 2.550944 7.225906
v 2.295305 2.550944 7.334945
v 2.363454 3.518707 7.280426
v 2.363454 3.228497 6.676627
v 2.363454 3.457597 7.280426
v 2.363454 3.185001 7.825616
v 2.363454 3.185001 6.735234
v 2.245493 1.992425 6.816454
v 2.240413 2.304244 6.816454
v 2.245493 1.989396 7.225348
v 2.240413 2.302730 7.225348
v 2.227615 2.302730 7.334386
v 2.227615 1.989396 7.334386
v 2.245493 1.989396 7.743279
v 2.227615 2.302730 7.743279
v 2.245493 2.265626 6.816454
v 2.245493 2.264112 7.225348
v 2.227615 2.264869 7.334386
v 2.227615 2.264869 7.743279
v 2.253701 2.302730 7.334386
v 2.253701 2.302730 7.743279
v 2.245493 2.264869 7.334386
v 2.245493 2.264869 7.743279
v 2.295307 2.302730 7.334386
v 2.295307 2.302730 7.743279
v 2.295307 2.264869 7.334386
v 2.295307 2.264869 7.743279
v 2.295307 2.304244 6.816454
v 2.295307 2.302730 7.225348
v 2.295307 2.265626 6.816454
v 2.295307 2.264112 7.225348
v 2.224752 3.216566 6.643666
v 2.224752 3.173070 6.702274
v 2.292442 3.208692 6.644224
v 2.292442 3.165196 6.702832
v 2.360591 3.208692 6.644224
v 2.360591 3.165196 6.702832
v 2.225231 3.172204 7.863530
v 2.225231 3.215700 7.908508
v 2.292921 3.164331 7.864089
v 2.292921 3.207827 7.909067
v 2.361070 3.207827 7.909067
v 2.361070 3.164331 7.864089
v 2.724664 1.482875 -1.284131
v 2.724664 1.333056 -1.314311
v 2.724664 1.390224 -1.284131
v 2.724664 1.355426 -1.301531
v 2.724664 1.308200 -1.340013
v 2.724664 1.291647 -1.371127
v 2.724664 1.303229 -1.400954
v 2.724664 1.333056 -1.435399
v 2.724664 1.360750 -1.448180
v 2.724664 1.380459 -1.440723
v 2.724664 1.400167 -1.417243
v 2.724664 1.423647 -1.415867
v 2.724664 1.439936 -1.455637
v 2.724664 1.456313 -1.520262
v 2.724664 1.450055 -1.565002
v 2.724664 1.420052 -1.617200
v 2.724664 1.395195 -1.651998
v 2.724664 1.381392 -1.691767
v 2.724664 1.390224 -1.730426
v 2.724664 1.413970 -1.746362
v 2.724664 1.432568 -1.756392
v 2.724664 1.437450 -1.776100
v 2.724664 1.410110 -1.782359
v 2.724664 1.395195 -1.803354
v 2.724664 1.390333 -1.825989
v 2.724664 1.519475 -1.825989
v 2.724664 1.519475 -1.284131
v 2.724664 1.482875 -2.371724
v 2.724664 1.333056 -2.341544
v 2.724664 1.390224 -2.371724
v 2.724664 1.355426 -2.354325
v 2.724664 1.308200 -2.315842
v 2.724664 1.291647 -2.284728
v 2.724664 1.303229 -2.254901
v 2.724664 1.333056 -2.220456
v 2.724664 1.360750 -2.207675
v 2.724664 1.380459 -2.215132
v 2.724664 1.400167 -2.238612
v 2.724664 1.423647 -2.239987
v 2.724664 1.439936 -2.200218
v 2.724664 1.456313 -2.135593
v 2.724664 1.450055 -2.090853
v 2.724664 1.420052 -2.038656
v 2.724664 1.395195 -2.003857
v 2.724664 1.381392 -1.964088
v 2.724664 1.390224 -1.925429
v 2.724664 1.413970 -1.909493
v 2.724664 1.432568 -1.899463
v 2.724664 1.437450 -1.879755
v 2.724664 1.410110 -1.873497
v 2.724664 1.395195 -1.852502
v 2.724664 1.390333 -1.829867
v 2.724664 1.519475 -1.829867
v 2.724664 1.519475 -2.371724
v 2.771179 1.482875 -1.284131
v 2.771179 1.333056 -1.314311
v 2.771179 1.390224 -1.284131
v 2.771179 1.355426 -1.301531
v 2.771179 1.308200 -1.340013
v 2.771179 1.291647 -1.371127
v 2.771179 1.303229 -1.400954
v 2.771179 1.333056 -1.435399
v 2.771179 1.360750 -1.448180
v 2.771179 1.380459 -1.440723
v 2.771179 1.400167 -1.417243
v 2.771179 1.423647 -1.415867
v 2.771179 1.439936 -1.455637
v 2.771179 1.456313 -1.520262
v 2.771179 1.450055 -1.565002
v 2.771179 1.420052 -1.617200
v 2.771179 1.395195 -1.651998
v 2.771179 1.381392 -1.691767
v 2.771179 1.390224 -1.730426
v 2.771179 1.413970 -1.746362
v 2.771179 1.432568 -1.756392
v 2.771179 1.437450 -1.776100
v 2.771179 1.410110 -1.782359
v 2.771179 1.395195 -1.803354
v 2.771179 1.390333 -1.825989
v 2.771179 1.519475 -1.825989
v 2.771179 1.519475 -1.284131
v 2.771179 1.482875 -2.371724
v 2.771179 1.333056 -2.341544
v 2.771179 1.390224 -2.371724
v 2.771179 1.355426 -2.354325
v 2.771179 1.308200 -2.315842
v 2.771179 1.291647 -2.284728
v 2.771179 1.303229 -2.254901
v 2.771179 1.333056 -2.220456
v 2.771179 1.360750 -2.207675
v 2.771179 1.380459 -2.215132
v 2.771179 1.400167 -2.238612
v 2.771179 1.423647 -2.239987
v 2.771179 1.439936 -2.200218
v 2.771179 1.456313 -2.135593
v 2.771179 1.450055 -2.090853
v 2.771179 1.420052 -2.038656
v 2.771179 1.395195 -2.003857
v 2.771179 1.381392 -1.964088
v 2.771179 1.390224 -1.925429
v 2.771179 1.413970 -1.909493
v 2.771179 1.432568 -1.899463
v 2.771179 1.437450 -1.879755
v 2.771179 1.410110 -1.873497
v 2.771179 1.395195 -1.852502
v 2.771179 1.390333 -1.829867
v 2.771179 1.519475 -1.829867
v 2.771179 1.519475 -2.371724
v 2.724664 1.568326 -1.825989
v 2.724664 1.568326 -1.236200
v 2.724664 1.568326 -1.829867
v 2.724664 1.568326 -2.419655
v 2.826635 1.568326 -1.825989
v 2.826635 1.568326 -1.236200
v 2.826635 1.568326 -1.829867
v 2.826635 1.568326 -2.419655
v 2.726314 3.236230 -2.433799
v 2.726314 3.236230 -1.239831
v 2.726314 3.526441 -1.830000
v 2.726314 3.192735 -2.375191
v 2.726314 3.192735 -1.284809
v 2.726314 1.568248 -2.375191
v 2.726314 1.568246 -1.284809
v 2.726314 3.465330 -1.830000
v 2.726314 1.568249 -1.830000
v 2.726314 3.099325 -2.293412
v 2.726314 3.099325 -1.366588
v 2.726314 1.709089 -2.293412
v 2.726314 1.704545 -1.366588
v 2.726314 3.331032 -1.830000
v 2.726314 2.397392 -1.284809
v 2.726314 2.644058 -1.366588
v 2.726314 2.397392 -2.375191
v 2.726314 2.644058 -2.293412
v 2.726314 2.558678 -1.366588
v 2.726314 2.558678 -2.293412
v 2.726314 2.558678 -1.884519
v 2.726314 2.558678 -1.775481
v 2.726314 1.704545 -1.884519
v 2.726314 1.704545 -1.775481
v 2.794463 3.465330 -1.830000
v 2.794463 3.192735 -1.284809
v 2.794463 3.192735 -2.375191
v 2.794004 3.518568 -1.829442
v 2.794004 3.228357 -1.239272
v 2.794004 3.228357 -2.433240
v 2.794004 3.457457 -1.829442
v 2.794004 3.184862 -1.284251
v 2.794004 2.389519 -2.374632
v 2.794004 3.184862 -2.374632
v 2.794005 1.568249 -1.830140
v 2.794005 1.568248 -2.375191
v 2.794004 2.389519 -1.284251
v 2.794004 1.568249 -1.284809
v 2.794005 1.701216 -2.292854
v 2.862153 3.228357 -1.239272
v 2.794004 3.323158 -1.829442
v 2.794004 3.091452 -1.366029
v 2.794004 2.636185 -2.292854
v 2.794004 3.091452 -2.292854
v 2.794004 1.696672 -1.366029
v 2.794005 1.696672 -1.774922
v 2.794005 1.696672 -1.883960
v 2.794004 2.636185 -1.366029
v 2.794004 2.550805 -2.292854
v 2.794004 2.550805 -1.366029
v 2.794004 2.550805 -1.883960
v 2.794004 2.550805 -1.774922
v 2.862153 3.518568 -1.829442
v 2.862153 3.228357 -2.433240
v 2.862153 3.457457 -1.829442
v 2.862153 3.184862 -1.284251
v 2.862153 3.184862 -2.374632
v 2.726314 1.992285 -2.293412
v 2.726314 2.304104 -2.293412
v 2.726314 1.989256 -1.884519
v 2.726314 2.302589 -1.884519
v 2.726314 2.302589 -1.775481
v 2.726314 1.989256 -1.775481
v 2.726314 1.989256 -1.366588
v 2.726314 2.302589 -1.366588
v 2.726314 2.265486 -2.293412
v 2.726314 2.263972 -1.884519
v 2.726314 2.264729 -1.775481
v 2.726314 2.264729 -1.366588
v 2.726314 2.302589 -1.775481
v 2.726314 2.302589 -1.366588
v 2.726314 2.264729 -1.775481
v 2.726314 2.264729 -1.366588
v 2.794007 2.302589 -1.775481
v 2.794007 2.302589 -1.366588
v 2.794007 2.264729 -1.775481
v 2.794007 2.264729 -1.366588
v 2.794007 2.304104 -2.293412
v 2.794007 2.302589 -1.884519
v 2.794007 2.265486 -2.293412
v 2.794007 2.263972 -1.884519
v 2.723451 3.216425 -2.466201
v 2.723451 3.172930 -2.407593
v 2.791141 3.208552 -2.465642
v 2.791141 3.165057 -2.407035
v 2.859290 3.208552 -2.465642
v 2.859290 3.165057 -2.407035
v 2.723931 3.172064 -1.246337
v 2.723931 3.215560 -1.201359
v 2.791621 3.164191 -1.245778
v 2.791621 3.207687 -1.200800
v 2.859770 3.207687 -1.200800
v 2.859770 3.164191 -1.245778
v 2.228452 1.483015 5.477175
v 2.228452 1.333196 5.446995
v 2.228452 1.390365 5.477175
v 2.228452 1.355567 5.459776
v 2.228452 1.308340 5.421294
v 2.228452 1.291787 5.390179
v 2.228452 1.303370 5.360353
v 2.228452 1.333196 5.325907
v 2.228452 1.360890 5.313127
v 2.228452 1.380599 5.320584
v 2.228452 1.400307 5.344064
v 2.228452 1.423788 5.345439
v 2.228452 1.440076 5.305670
v 2.228452 1.456453 5.241045
v 2.228452 1.450195 5.196304
v 2.228452 1.420191 5.144107
v 2.228452 1.395336 5.109309
v 2.228452 1.381532 5.069540
v 2.228452 1.390365 5.030880
v 2.228452 1.414110 5.014945
v 2.228452 1.432708 5.004915
v 2.228452 1.437591 4.985206
v 2.228452 1.410249 4.978948
v 2.228452 1.395335 4.957953
v 2.228452 1.390473 4.935318
v 2.228452 1.519615 4.935318
v 2.228452 1.519615 5.477175
v 2.228452 1.483015 4.389583
v 2.228452 1.333196 4.419763
v 2.228452 1.390365 4.389583
v 2.228452 1.355567 4.406982
v 2.228452 1.308340 4.445465
v 2.228452 1.291787 4.476579
v 2.228452 1.303370 4.506405
v 2.228452 1.333196 4.540851
v 2.228452 1.360890 4.553631
v 2.228452 1.380599 4.546175
v 2.228452 1.400307 4.522694
v 2.228452 1.423788 4.521319
v 2.228452 1.440076 4.561088
v 2.228452 1.456453 4.625714
v 2.228452 1.450195 4.670454
v 2.228452 1.420191 4.722651
v 2.228452 1.395336 4.757449
v 2.228452 1.381532 4.797218
v 2.228452 1.390365 4.835877
v 2.228452 1.414110 4.851813
v 2.228452 1.432708 4.861844
v 2.228452 1.437591 4.881552
v 2.228452 1.410249 4.887810
v 2.228452 1.395335 4.908805
v 2.228452 1.390473 4.931440
v 2.228452 1.519615 4.931440
v 2.228452 1.519615 4.389583
v 2.274967 1.483015 5.477175
v 2.274967 1.333196 5.446995
v 2.274967 1.390365 5.477175
v 2.274967 1.355567 5.459776
v 2.274967 1.308340 5.421294
v 2.274967 1.291787 5.390179
v 2.274967 1.303370 5.360353
v 2.274967 1.333196 5.325907
v 2.274967 1.360890 5.313127
v 2.274967 1.380599 5.320584
v 2.274967 1.400307 5.344064
v 2.274967 1.423788 5.345439
v 2.274967 1.440076 5.305670
v 2.274967 1.456453 5.241045
v 2.274967 1.450195 5.196304
v 2.274967 1.420191 5.144107
v 2.274967 1.395336 5.109309
v 2.274967 1.381532 5.069540
v 2.274967 1.390365 5.030880
v 2.274967 1.414110 5.014945
v 2.274967 1.432708 5.004915
v 2.274967 1.437591 4.985206
v 2.274967 1.410249 4.978948
v 2.274968 1.395335 4.957953
v 2.274968 1.390473 4.935318
v 2.274967 1.519615 4.935318
v 2.274967 1.519615 5.477175
v 2.274968 1.483015 4.389583
v 2.274968 1.333196 4.419763
v 2.274968 1.390365 4.389583
v 2.274968 1.355567 4.406982
v 2.274968 1.308340 4.445465
v 2.274968 1.291787 4.476579
v 2.274968 1.303370 4.506405
v 2.274968 1.333196 4.540851
v 2.274968 1.360890 4.553631
v 2.274968 1.380599 4.546175
v 2.274968 1.400307 4.522694
v 2.274968 1.423788 4.521319
v 2.274968 1.440076 4.561088
v 2.274968 1.456453 4.625714
v 2.274968 1.450195 4.670454
v 2.274968 1.420191 4.722651
v 2.274968 1.395336 4.757449
v 2.274968 1.381532 4.797218
v 2.274968 1.390365 4.835877
v 2.274968 1.414110 4.851813
v 2.274968 1.432708 4.861844
v 2.274968 1.437591 4.881552
v 2.274968 1.410249 4.887810
v 2.274968 1.395335 4.908805
v 2.274968 1.390473 4.931440
v 2.274967 1.519615 4.931440
v 2.274968 1.519615 4.389583
v 2.228452 1.568466 4.935318
v 2.228452 1.568466 5.525107
v 2.228452 1.568466 4.931440
v 2.228452 1.568466 4.341651
v 2.330423 1.568466 4.935318
v 2.330423 1.568466 5.525107
v 2.330423 1.568466 4.931440
v 2.330423 1.568466 4.341651
v 2.230103 3.236371 4.327508
v 2.230103 3.236371 5.521475
v 2.230103 3.526581 4.931306
v 2.230103 3.192874 4.386116
v 2.230103 3.192874 5.476498
v 2.230103 1.568388 4.386116
v 2.230103 1.568387 5.476498
v 2.230103 3.465470 4.931306
v 2.230103 1.568389 4.931306
v 2.250664 3.099465 4.467894
v 2.250664 3.099465 5.394719
v 2.247981 1.709229 4.467894
v 2.247981 1.704686 5.394719
v 2.250664 3.331171 4.931306
v 2.230103 2.397532 5.476498
v 2.250664 2.644198 5.394719
v 2.230103 2.397532 4.386116
v 2.250664 2.644198 4.467894
v 2.247981 2.558817 5.394719
v 2.247981 2.558817 4.467894
v 2.247981 2.558817 4.876787
v 2.247981 2.558817 4.985826
v 2.247981 1.704686 4.876787
v 2.247981 1.704686 4.985826
v 2.298251 3.465470 4.931306
v 2.298251 3.192874 5.476498
v 2.298251 3.192874 4.386116
v 2.297793 3.518707 4.931865
v 2.297793 3.228497 5.522034
v 2.297793 3.228497 4.328067
v 2.297793 3.457597 4.931865
v 2.297793 3.185001 5.477056
v 2.297793 2.389659 4.386674
v 2.297793 3.185001 4.386674
v 2.297793 1.568389 4.931167
v 2.297793 1.568388 4.386116
v 2.297793 2.389659 5.477056
v 2.297793 1.568389 5.476498
v 2.297793 1.701355 4.468453
v 2.365941 3.228497 5.522034
v 2.297793 3.323298 4.931865
v 2.297793 3.091592 5.395277
v 2.297793 2.636325 4.468453
v 2.297793 3.091592 4.468453
v 2.297793 1.696812 5.395277
v 2.297793 1.696812 4.986384
v 2.297793 1.696812 4.877346
v 2.297793 2.636325 5.395277
v 2.297793 2.550944 4.468453
v 2.297793 2.550944 5.395277
v 2.297793 2.550944 4.877346
v 2.297793 2.550944 4.986384
v 2.365941 3.518707 4.931865
v 2.365941 3.228497 4.328067
v 2.365941 3.457597 4.931865
v 2.365941 3.185001 5.477056
v 2.365941 3.185001 4.386674
v 2.247981 1.992425 4.467894
v 2.247981 2.304244 4.467894
v 2.247981 1.989396 4.876787
v 2.247981 2.302730 4.876787
v 2.230103 2.302730 4.985826
v 2.230103 1.989396 4.985826
v 2.247981 1.989396 5.394719
v 2.230103 2.302730 5.394719
v 2.247981 2.265626 4.467894
v 2.247981 2.264112 4.876787
v 2.230103 2.264869 4.985826
v 2.230103 2.264869 5.394719
v 2.247981 2.302730 4.985826
v 2.247981 2.302730 5.394719
v 2.247981 2.264869 4.985826
v 2.247981 2.264869 5.394719
v 2.297795 2.302730 4.985826
v 2.297795 2.302730 5.394719
v 2.297795 2.264869 4.985826
v 2.297795 2.264869 5.394719
v 2.297795 2.304244 4.467894
v 2.297795 2.302730 4.876787
v 2.297795 2.265626 4.467894
v 2.297795 2.264112 4.876787
v 2.227239 3.216566 4.295105
v 2.227239 3.173070 4.353714
v 2.294929 3.208692 4.295664
v 2.294929 3.165196 4.354272
v 2.363078 3.208692 4.295664
v 2.363078 3.165196 4.354272
v 2.227719 3.172204 5.514969
v 2.227719 3.215700 5.559948
v 2.295409 3.164331 5.515528
v 2.295409 3.207827 5.560506
v 2.363558 3.207827 5.560506
v 2.363558 3.164331 5.515528
v -2.430457 1.498674 9.052496
v -2.406662 1.380552 9.052496
v -2.430457 1.425625 9.052496
v -2.416739 1.398189 9.052496
v -2.386397 1.360955 9.052496
v -2.361866 1.347903 9.052496
v -2.338349 1.357035 9.052496
v -2.311192 1.380552 9.052496
v -2.301115 1.402387 9.052496
v -2.306994 1.417925 9.052496
v -2.325507 1.433464 9.052496
v -2.326591 1.451977 9.052496
v -2.295236 1.464820 9.052496
v -2.244283 1.477732 9.052496
v -2.209008 1.472797 9.052496
v -2.167854 1.449142 9.052496
v -2.140418 1.429544 9.052496
v -2.109062 1.418662 9.052496
v -2.078582 1.425625 9.052496
v -2.066018 1.444347 9.052496
v -2.058109 1.459010 9.052496
v -2.042571 1.462860 9.052496
v -2.037637 1.441303 9.052496
v -2.021083 1.429544 9.052496
v -2.003237 1.431504 9.052496
v -2.003237 1.527531 9.052496
v -2.430457 1.527531 9.052496
v -1.572960 1.498674 9.052496
v -1.596755 1.380552 9.052496
v -1.572960 1.425625 9.052496
v -1.586678 1.398189 9.052496
v -1.617019 1.360955 9.052496
v -1.641551 1.347903 9.052496
v -1.665067 1.357035 9.052496
v -1.692225 1.380552 9.052496
v -1.702302 1.402387 9.052496
v -1.696423 1.417925 9.052496
v -1.677910 1.433464 9.052496
v -1.676826 1.451977 9.052496
v -1.708181 1.464820 9.052496
v -1.759134 1.477732 9.052496
v -1.794409 1.472797 9.052496
v -1.835563 1.449142 9.052496
v -1.862999 1.429544 9.052496
v -1.894355 1.418662 9.052496
v -1.924834 1.425625 9.052496
v -1.937399 1.444347 9.052496
v -1.945307 1.459010 9.052496
v -1.960846 1.462860 9.052496
v -1.965780 1.441303 9.052496
v -1.982333 1.429544 9.052496
v -2.000179 1.431504 9.052496
v -2.000179 1.527531 9.052496
v -1.572960 1.527531 9.052496
v -2.430457 1.498674 9.089170
v -2.406662 1.380552 9.089170
v -2.430457 1.425625 9.089170
v -2.416739 1.398189 9.089170
v -2.386397 1.360955 9.089170
v -2.361866 1.347903 9.089170
v -2.338349 1.357035 9.089170
v -2.311192 1.380552 9.089170
v -2.301115 1.402387 9.089170
v -2.306994 1.417925 9.089170
v -2.325507 1.433464 9.089170
v -2.326591 1.451977 9.089170
v -2.295236 1.464820 9.089170
v -2.244283 1.477732 9.089170
v -2.209008 1.472797 9.089170
v -2.167854 1.449142 9.089170
v -2.140418 1.429544 9.089170
v -2.109062 1.418662 9.089170
v -2.078582 1.425625 9.089170
v -2.066018 1.444347 9.089170
v -2.058109 1.459010 9.089170
v -2.042571 1.462860 9.089170
v -2.037637 1.441303 9.089170
v -2.021083 1.429544 9.089170
v -2.003237 1.431504 9.089170
v -2.003237 1.527531 9.089170
v -2.430457 1.527531 9.089170
v -1.572960 1.498674 9.089170
v -1.596755 1.380552 9.089170
v -1.572960 1.425625 9.089170
v -1.586678 1.398189 9.089170
v -1.617019 1.360955 9.089170
v -1.641551 1.347903 9.089170
v -1.665067 1.357035 9.089170
v -1.692225 1.380552 9.089170
v -1.702302 1.402387 9.089170
v -1.696423 1.417925 9.089170
v -1.677910 1.433464 9.089170
v -1.676826 1.451977 9.089170
v -1.708181 1.464820 9.089170
v -1.759134 1.477732 9.089170
v -1.794409 1.472797 9.089170
v -1.835563 1.449142 9.089170
v -1.862999 1.429544 9.089170
v -1.894355 1.418662 9.089170
v -1.924834 1.425625 9.089170
v -1.937399 1.444347 9.089170
v -1.945307 1.459010 9.089170
v -1.960846 1.462860 9.089170
v -1.965780 1.441303 9.089170
v -1.982333 1.429544 9.089170
v -2.000179 1.431504 9.089170
v -2.000179 1.527531 9.089170
v -1.572960 1.527531 9.089170
v -2.003237 1.566046 9.052496
v -2.468247 1.566046 9.052496
v -2.000179 1.566046 9.052496
v -1.535169 1.566046 9.052496
v -2.003237 1.566046 9.132893
v -2.468247 1.566046 9.132893
v -2.000179 1.566046 9.132893
v -1.535169 1.566046 9.132893
v -1.518849 3.211942 9.052052
v -2.464373 3.211942 9.052052
v -1.997008 3.504130 9.052052
v -1.565262 3.168150 9.052052
v -2.428754 3.168150 9.052052
v -1.565263 1.532592 9.052052
v -2.428754 1.532591 9.052052
v -1.997008 3.442603 9.052052
v -1.997008 1.532593 9.052052
v -1.630024 3.074104 9.052052
v -2.363992 3.074104 9.052052
v -1.630024 1.674393 9.052052
v -2.363992 1.669819 9.052052
v -1.997008 3.307389 9.052052
v -2.428754 2.367387 9.052052
v -2.363992 2.615734 9.052052
v -1.565262 2.367387 9.052052
v -1.630024 2.615734 9.052052
v -2.363992 2.529772 9.052052
v -1.630024 2.529772 9.052052
v -1.953833 2.529772 9.052052
v -2.040183 2.529772 9.052052
v -1.953834 1.669819 9.052052
v -2.040183 1.669819 9.052052
v -1.997008 3.442603 9.120665
v -2.428754 3.168150 9.120666
v -1.565262 3.168150 9.120666
v -1.997450 3.496203 9.120204
v -2.464815 3.204016 9.120204
v -1.519292 3.204016 9.120204
v -1.997450 3.434677 9.120204
v -2.429196 3.160223 9.120204
v -1.565704 2.359461 9.120204
v -1.565705 3.160223 9.120204
v -1.996897 1.532593 9.120204
v -1.565263 1.532592 9.120204
v -2.429197 2.359461 9.120204
v -2.428754 1.532593 9.120204
v -1.630466 1.666467 9.120204
v -2.464815 3.204016 9.188817
v -1.997450 3.299463 9.120204
v -2.364434 3.066177 9.120204
v -1.630466 2.607808 9.120204
v -1.630466 3.066177 9.120204
v -2.364435 1.661892 9.120204
v -2.040625 1.661892 9.120204
v -1.954276 1.661892 9.120204
v -2.364434 2.607808 9.120204
v -1.630466 2.521845 9.120204
v -2.364435 2.521845 9.120204
v -1.954276 2.521845 9.120204
v -2.040625 2.521845 9.120204
v -1.997450 3.496203 9.188817
v -1.519292 3.204016 9.188817
v -1.997450 3.434677 9.188817
v -2.429196 3.160223 9.188817
v -1.565705 3.160223 9.188817
v -1.630024 1.959519 9.052052
v -1.630024 2.273463 9.052052
v -1.953833 1.956470 9.052052
v -1.953833 2.271938 9.052052
v -2.040183 2.271938 9.052052
v -2.040183 1.956470 9.052052
v -2.363992 1.956470 9.052052
v -2.363992 2.271938 9.052052
v -1.630024 2.234582 9.052052
v -1.953833 2.233058 9.052052
v -2.040183 2.233820 9.052052
v -2.363992 2.233820 9.052052
v -2.040183 2.271938 9.052052
v -2.363992 2.271938 9.052052
v -2.040183 2.233820 9.052052
v -2.363992 2.233820 9.052052
v -2.040183 2.271938 9.120206
v -2.363992 2.271938 9.120206
v -2.040183 2.233820 9.120206
v -2.363992 2.233820 9.120206
v -1.630024 2.273463 9.120206
v -1.953833 2.271938 9.120206
v -1.630024 2.234582 9.120206
v -1.953833 2.233058 9.120206
v -1.493190 3.192002 9.049170
v -1.539603 3.148211 9.049170
v -1.493632 3.184075 9.117321
v -1.540045 3.140284 9.117321
v -1.493632 3.184075 9.185934
v -1.540045 3.140284 9.185934
v -2.459221 3.147339 9.049652
v -2.494840 3.191131 9.049652
v -2.459663 3.139412 9.117805
v -2.495282 3.183204 9.117805
v -2.495282 3.183204 9.186418
v -2.459663 3.139412 9.186418
v -3.996668 7.673184 -0.137099
v -3.996668 7.673184 0.370475
v -3.996668 8.180758 -0.137099
v -3.996668 8.180758 0.370475
v -3.996668 7.673184 0.116645
v -3.996668 8.308798 0.116645
v -3.996668 7.713893 -0.099550
v -3.996668 7.713893 0.332921
v -3.996668 8.146364 -0.099550
v -3.996668 8.146364 0.332921
v -3.996668 7.713893 0.116649
v -3.996668 8.255459 0.116649
v -3.996668 7.731737 -0.083091
v -3.996668 7.731737 0.316461
v -3.996668 8.131289 -0.083091
v -3.996668 8.131289 0.316461
v -3.996668 7.731737 0.116651
v -3.996668 8.232079 0.116651
v -4.066942 7.673184 -0.137099
v -4.066942 7.673184 0.370475
v -4.066942 8.180758 -0.137099
v -4.066942 8.180758 0.370475
v -4.066942 7.673184 0.116645
v -4.066942 8.308798 0.116645
v -4.066942 7.713893 -0.099550
v -4.066942 7.713893 0.332921
v -4.066942 8.146364 -0.099550
v -4.066942 8.146364 0.332921
v -4.066942 7.713893 0.116649
v -4.066942 8.255459 0.116649
v -4.042054 8.232079 0.116651
v -4.042054 8.131289 0.316461
v -4.042054 7.731737 0.316461
v -4.042054 7.731737 0.116651
v -4.042054 7.731737 -0.083091
v -4.042054 8.131289 -0.083091
v -4.054407 8.146364 -0.099550
v -4.054407 7.713893 -0.099550
v -4.054407 7.713893 0.116649
v -4.054407 7.713893 0.332921
v -4.054407 8.146364 0.332921
v -4.054407 8.255459 0.116649
v -4.054407 8.131289 -0.083091
v -4.054407 7.731737 -0.083091
v -4.054407 7.731737 0.116651
v -4.054407 7.731737 0.316461
v -4.054407 8.131289 0.316461
v -4.054407 8.232079 0.116651
v 2.716185 4.617847 2.487753
v 2.716185 4.617847 1.435351
v 2.716185 6.009306 2.487753
v 2.716185 6.009306 1.435351
v 2.716185 6.009306 2.530075
v 2.716185 6.009306 1.394312
v 2.716185 6.110536 2.487753
v 2.716185 6.110536 1.435351
v 2.716185 6.110536 2.568736
v 2.716185 6.110536 1.354367
v 2.785838 6.009306 2.487753
v 2.785838 4.617847 2.487753
v 2.785838 4.617847 1.435351
v 2.785838 6.009306 1.435351
v 2.785838 6.009306 2.530075
v 2.785838 6.009306 1.394312
v 2.785838 6.110536 1.435351
v 2.785838 6.110536 2.487753
v 2.785838 6.110536 2.568736
v 2.785838 6.110536 1.354367
v 2.855047 6.009306 1.435351
v 2.855047 6.009306 2.487753
v 2.855047 6.009306 2.530075
v 2.855047 6.009306 1.386572
v 2.855047 6.110536 1.435351
v 2.855047 6.110536 2.487753
v 2.855047 6.110536 2.568736
v 2.855047 6.110536 1.354367
v 2.785838 5.869625 2.382108
v 2.785838 4.723698 2.382108
v 2.785838 4.723698 1.540995
v 2.785838 5.869625 1.540995
v 2.716185 5.517609 2.487753
v 2.716185 5.517609 1.435351
v 2.785838 5.517609 2.487753
v 2.785838 5.517609 1.435351
v 2.785838 5.556030 2.382108
v 2.785838 5.556030 1.540995
v 2.716185 5.452656 2.487753
v 2.785838 5.452656 2.487753
v 2.785838 5.508019 2.382108
v 2.716185 5.452656 1.435351
v 2.785838 5.452656 1.435351
v 2.785838 5.508019 1.540995
v 2.716185 5.223996 2.487753
v 2.785838 5.223996 2.487753
v 2.785838 5.324940 2.382108
v 2.716185 5.223996 1.435351
v 2.785838 5.223996 1.435351
v 2.785838 5.324940 1.540995
v 2.716185 5.166530 2.487753
v 2.785838 5.166530 2.487753
v 2.785838 5.277613 2.382108
v 2.716185 5.166530 1.435351
v 2.785838 5.166530 1.435351
v 2.785838 5.277613 1.540995
v 2.716185 4.617847 2.008518
v 2.716185 6.009306 2.008518
v 2.716185 6.110536 2.008518
v 2.785838 4.617847 2.008518
v 2.785838 6.009306 2.008518
v 2.785838 6.110536 2.008518
v 2.855047 6.009306 2.008518
v 2.855047 6.110536 2.008518
v 2.785838 4.723698 1.993588
v 2.785838 5.869625 1.993588
v 2.785838 5.556030 1.993588
v 2.716185 5.517609 2.008518
v 2.716185 5.452656 2.008518
v 2.785838 5.508019 1.993588
v 2.785838 5.324940 1.993588
v 2.716185 5.223996 2.008518
v 2.716185 5.166530 2.008518
v 2.785838 5.277613 1.993588
v 2.716185 4.617847 1.949657
v 2.785838 4.617847 1.949657
v 2.785838 4.723698 1.956564
v 2.716185 5.517609 1.949657
v 2.716185 5.452656 1.949657
v 2.716185 5.223996 1.949657
v 2.716185 5.166530 1.949657
v 2.716185 6.009306 1.949657
v 2.716185 6.110536 1.949657
v 2.785838 6.009306 1.949657
v 2.785838 6.110536 1.949657
v 2.855047 6.009306 1.949657
v 2.855047 6.110536 1.949657
v 2.785838 5.869625 1.956564
v 2.785838 5.556030 1.956564
v 2.785838 5.508019 1.956564
v 2.785838 5.324940 1.956564
v 2.785838 5.277613 1.951064
v 2.750010 5.277613 2.382108
v 2.750010 4.723698 2.382108
v 2.750010 4.723698 1.956564
v 2.750010 4.723698 1.540995
v 2.750010 5.556030 1.540995
v 2.750010 5.869625 1.540995
v 2.750010 5.869625 1.993588
v 2.750010 5.869625 2.382108
v 2.750010 5.556030 2.382108
v 2.750010 5.556030 1.993588
v 2.750010 5.324940 1.540995
v 2.750010 5.508019 1.540995
v 2.750010 5.508019 1.993588
v 2.750010 5.508019 2.382108
v 2.750010 5.324940 2.382108
v 2.750010 5.324940 1.993588
v 2.750010 5.277613 1.540995
v 2.750010 5.277613 1.993588
v 2.750010 4.723698 1.993588
v 2.750010 5.869625 1.956564
v 2.750010 5.556030 1.956564
v 2.750010 5.508019 1.956564
v 2.750010 5.324940 1.956564
v 2.750010 5.277613 1.951064
v 2.717006 4.536036 2.490646
v 2.717006 4.391228 2.461475
v 2.717006 4.446484 2.490646
v 2.717006 4.412849 2.473829
v 2.717006 4.367203 2.436634
v 2.717006 4.351203 2.406560
v 2.717006 4.362398 2.377731
v 2.717006 4.391228 2.344437
v 2.717006 4.417995 2.332084
v 2.717006 4.437045 2.339292
v 2.717006 4.456094 2.361987
v 2.717006 4.478789 2.363316
v 2.717006 4.494533 2.324876
v 2.717006 4.510362 2.262413
v 2.717006 4.504313 2.219169
v 2.717006 4.475313 2.168717
v 2.717006 4.451289 2.135083
v 2.717006 4.437947 2.096643
v 2.717006 4.446484 2.059277
v 2.717006 4.469435 2.043875
v 2.717006 4.487411 2.034179
v 2.717006 4.492130 2.015130
v 2.717006 4.465703 2.009081
v 2.717006 4.451289 1.988788
v 2.717006 4.453691 1.966911
v 2.717006 4.571412 1.966911
v 2.717006 4.571412 2.490646
v 2.717006 4.536036 1.439427
v 2.717006 4.391228 1.468597
v 2.717006 4.446484 1.439427
v 2.717006 4.412849 1.456244
v 2.717006 4.367203 1.493440
v 2.717006 4.351203 1.523513
v 2.717006 4.362398 1.552342
v 2.717006 4.391228 1.585636
v 2.717006 4.417995 1.597989
v 2.717006 4.437045 1.590782
v 2.717006 4.456094 1.568086
v 2.717006 4.478789 1.566757
v 2.717006 4.494533 1.605196
v 2.717006 4.510362 1.667660
v 2.717006 4.504313 1.710904
v 2.717006 4.475313 1.761356
v 2.717006 4.451289 1.794990
v 2.717006 4.437947 1.833430
v 2.717006 4.446484 1.870796
v 2.717006 4.469435 1.886198
v 2.717006 4.487411 1.895893
v 2.717006 4.492130 1.914943
v 2.717006 4.465703 1.920991
v 2.717006 4.451289 1.941284
v 2.717006 4.453691 1.963162
v 2.717006 4.571412 1.963162
v 2.717006 4.571412 1.439427
v 2.761966 4.536036 2.490646
v 2.761965 4.391228 2.461475
v 2.761966 4.446484 2.490646
v 2.761966 4.412849 2.473829
v 2.761965 4.367203 2.436634
v 2.761965 4.351203 2.406560
v 2.761965 4.362398 2.377731
v 2.761965 4.391228 2.344437
v 2.761965 4.417995 2.332084
v 2.761966 4.437045 2.339292
v 2.761966 4.456094 2.361987
v 2.761966 4.478789 2.363316
v 2.761966 4.494533 2.324876
v 2.761966 4.510362 2.262413
v 2.761966 4.504313 2.219169
v 2.761966 4.475313 2.168717
v 2.761966 4.451289 2.135083
v 2.761966 4.437947 2.096643
v 2.761966 4.446484 2.059277
v 2.761966 4.469435 2.043875
v 2.761966 4.487411 2.034179
v 2.761966 4.492130 2.015130
v 2.761966 4.465703 2.009081
v 2.761966 4.451289 1.988788
v 2.761966 4.453691 1.966911
v 2.761966 4.571412 1.966911
v 2.761966 4.571412 2.490646
v 2.761966 4.536036 1.439427
v 2.761966 4.391228 1.468597
v 2.761966 4.446484 1.439427
v 2.761966 4.412849 1.456244
v 2.761966 4.367203 1.493440
v 2.761966 4.351203 1.523513
v 2.761966 4.362398 1.552342
v 2.761966 4.391228 1.585636
v 2.761966 4.417995 1.597989
v 2.761966 4.437045 1.590782
v 2.761966 4.456094 1.568086
v 2.761966 4.478789 1.566757
v 2.761966 4.494533 1.605196
v 2.761966 4.510362 1.667660
v 2.761966 4.504313 1.710904
v 2.761966 4.475313 1.761356
v 2.761966 4.451289 1.794990
v 2.761966 4.437947 1.833430
v 2.761966 4.446484 1.870796
v 2.761966 4.469435 1.886198
v 2.761966 4.487411 1.895893
v 2.761966 4.492130 1.914943
v 2.761966 4.465703 1.920991
v 2.761966 4.451289 1.941284
v 2.761966 4.453691 1.963162
v 2.761966 4.571412 1.963162
v 2.761966 4.571412 1.439427
v 2.717006 4.618629 1.966911
v 2.717006 4.618629 2.536974
v 2.717006 4.618629 1.963162
v 2.717006 4.618629 1.393099
v 2.815566 4.618629 1.966911
v 2.815566 4.618629 2.536974
v 2.815566 4.618629 1.963162
v 2.815566 4.618629 1.393099
vn -0.0000 -0.0000 1.0000
vn -0.0000 -0.0000 -1.0000
vn -0.4505 -0.8928 -0.0000
vn 0.4503 -0.8929 -0.0000
vn -1.0000 -0.0000 -0.0000
vn 1.0000 -0.0000 -0.0000
vn -0.0000 1.0000 -0.0000
vn -0.0000 -1.0000 -0.0000
vn -0.4504 0.8928 -0.0000
vn 0.4505 0.8928 -0.0000
vn -0.0000 -0.0001 -1.0000
vn -0.0000 0.0001 -1.0000
vn 0.4504 -0.8928 -0.0000
vn -0.9407 -0.3352 0.0526
vn 0.9342 -0.3568 -0.0000
vn -0.9302 -0.3671 -0.0000
vn -1.0000 -0.0099 -0.0000
vn -0.9933 0.1154 -0.0000
vn -0.0000 -0.0002 1.0000
vn -0.0000 0.0001 1.0000
vn -0.0000 0.0002 1.0000
vn -0.0000 -0.0001 1.0000
vn -0.0000 0.0003 -1.0000
vn 0.3620 -0.9322 -0.0000
vn -0.6546 -0.7560 -0.0000
vn 0.6546 -0.7560 -0.0000
vn -0.9080 -0.4190 -0.0000
vn 0.9080 -0.4190 -0.0000
vn -0.9353 0.3539 -0.0000
vn 0.9353 0.3539 -0.0000
vn -0.6429 0.7660 -0.0000
vn 0.6429 0.7660 -0.0000
vn -0.9983 0.0585 -0.0000
vn 0.9983 0.0585 -0.0000
vn -0.3790 -0.9254 -0.0000
vn 0.3790 -0.9254 -0.0000
vn -0.2457 -0.9694 -0.0000
vn 0.2457 -0.9694 -0.0000
vn 0.1385 -0.9904 -0.0000
vn -0.1385 -0.9904 -0.0000
vn 0.4984 -0.8670 -0.0000
vn -0.4984 -0.8670 -0.0000
vn 0.5812 -0.8137 -0.0000
vn -0.5812 -0.8137 -0.0000
vn 0.3279 -0.9447 -0.0000
vn -0.3279 -0.9447 -0.0000
vn -0.2227 -0.9749 -0.0000
vn 0.2227 -0.9749 -0.0000
vn -0.8303 -0.5573 -0.0000
vn 0.8303 -0.5573 -0.0000
vn -0.8801 -0.4747 -0.0000
vn 0.8801 -0.4747 -0.0000
vn -0.2405 -0.9707 -0.0000
vn 0.2405 -0.9707 -0.0000
vn 0.9748 -0.2231 -0.0000
vn -0.9748 -0.2231 -0.0000
vn 0.5791 -0.8152 -0.0000
vn -0.5791 -0.8153 -0.0000
vn -0.1092 -0.9940 -0.0000
vn 0.1092 -0.9940 -0.0000
vn 0.6952 -0.7188 -0.0000
vn 0.7138 -0.7004 -0.0000
vn -0.6952 -0.7188 -0.0000
vn 0.8683 -0.4961 -0.0000
vn -0.8683 -0.4961 -0.0000
vn 0.8944 -0.4472 -0.0000
vn -0.8944 -0.4472 -0.0000
vn 0.4697 -0.8828 -0.0000
vn -0.4697 -0.8828 -0.0000
vn -0.3620 -0.9322 -0.0000
vn -0.0000 -0.7504 -0.6610
vn -0.7138 -0.7004 -0.0000
vn 0.0526 -0.3352 0.9407
vn -0.0000 -0.3568 -0.9342
vn -0.0000 -0.3671 0.9302
vn -0.0000 -0.0099 1.0000
vn -0.0000 -0.9322 -0.3620
vn -0.0000 -0.7560 0.6546
vn -0.0000 -0.7560 -0.6546
vn -0.0000 -0.4190 0.9080
vn -0.0000 -0.4190 -0.9080
vn -0.0000 0.3539 0.9353
vn -0.0000 0.3539 -0.9353
vn -0.0000 0.7660 0.6429
vn -0.0000 0.7660 -0.6429
vn -0.0000 0.0585 0.9983
vn -0.0000 0.0585 -0.9983
vn -0.0000 -0.9254 0.3790
vn -0.0000 -0.9254 -0.3790
vn -0.0000 -0.9694 0.2457
vn -0.0000 -0.9694 -0.2456
vn -0.0000 -0.9904 -0.1385
vn -0.0000 -0.9904 0.1385
vn -0.0000 -0.8670 -0.4983
vn -0.0000 -0.8670 0.4983
vn -0.0000 -0.8137 -0.5812
vn -0.0000 -0.8137 0.5812
vn -0.0000 -0.9447 -0.3279
vn -0.0000 -0.9447 0.3279
vn -0.0000 -0.9749 0.2227
vn -0.0000 -0.9749 -0.2227
vn -0.0000 -0.5573 0.8303
vn -0.0000 -0.5573 -0.8303
vn -0.0000 -0.4747 0.8802
vn -0.0000 -0.4747 -0.8801
vn -0.0000 -0.9707 0.2405
vn -0.0000 -0.9707 -0.2405
vn -0.0000 -0.2231 -0.9748
vn -0.0000 -0.2231 0.9748
vn -0.0000 -0.8153 -0.5791
vn -0.0000 -0.8153 0.5791
vn -0.0000 -0.9940 0.1092
vn -0.0000 -0.9940 -0.1092
vn -0.0000 -0.7188 -0.6952
vn -0.0000 -0.7004 -0.7138
vn -0.0000 -0.7188 0.6952
vn -0.0000 -0.4961 -0.8683
vn -0.0000 -0.4961 0.8683
vn -0.0000 -0.4472 -0.8944
vn -0.0000 -0.4472 0.8944
vn -0.0000 -0.8828 -0.4697
vn -0.0000 -0.8828 0.4697
vn -0.0000 -0.9322 0.3620
vn -0.6610 -0.7504 -0.0000
vn -0.0000 -0.7004 0.7138
vn -0.0000 -0.5572 -0.8303
vn -0.0000 -0.4747 0.8801
vn 0.0613 -0.3909 0.9184
vn -0.0000 -0.4150 -0.9098
vn -0.0000 -0.4264 0.9046
vn -0.0000 -0.0119 0.9999
vn -0.0000 -0.9510 -0.3092
vn -0.0000 -0.8096 0.5869
vn -0.0000 -0.8096 -0.5869
vn -0.0000 -0.4828 0.8758
vn -0.0000 -0.4828 -0.8758
vn -0.0000 0.4118 0.9113
vn -0.0000 0.4118 -0.9113
vn -0.0000 0.8182 0.5749
vn -0.0000 0.8182 -0.5749
vn -0.0000 0.0698 0.9976
vn -0.0000 0.0698 -0.9976
vn -0.0000 -0.9459 0.3244
vn -0.0000 -0.9459 -0.3244
vn -0.0000 -0.9782 0.2075
vn -0.0000 -0.9782 -0.2075
vn -0.0000 -0.9932 -0.1163
vn -0.0000 -0.9932 0.1163
vn -0.0000 -0.9011 -0.4336
vn -0.0000 -0.9011 0.4336
vn -0.0000 -0.8583 -0.5132
vn -0.0000 -0.8583 0.5132
vn -0.0000 -0.9603 -0.2790
vn -0.0000 -0.9603 0.2790
vn -0.0000 -0.9822 0.1879
vn -0.0000 -0.9822 -0.1879
vn -0.0000 -0.6255 0.7802
vn -0.0000 -0.6255 -0.7802
vn -0.0000 -0.5416 0.8406
vn -0.0000 -0.5416 -0.8406
vn -0.0000 -0.9792 0.2031
vn -0.0000 -0.9792 -0.2031
vn -0.0000 -0.2637 -0.9646
vn -0.0000 -0.2637 0.9646
vn -0.0000 -0.8595 -0.5111
vn -0.0000 -0.8595 0.5111
vn -0.0000 -0.9958 0.0915
vn -0.0000 -0.9958 -0.0915
vn -0.0000 -0.7772 -0.6292
vn -0.0000 -0.7607 -0.6491
vn -0.0000 -0.7772 0.6292
vn -0.0000 -0.5637 -0.8260
vn -0.0000 -0.5637 0.8260
vn -0.0000 -0.5128 -0.8585
vn -0.0000 -0.5128 0.8585
vn -0.0000 -0.9135 -0.4069
vn -0.0000 -0.9135 0.4069
vn -0.0000 -0.9510 0.3092
vn -0.0000 -0.7607 0.6491
vn -0.0000 0.3538 0.9353
vn -0.0000 0.0584 0.9983
vn -0.0000 -0.5572 0.8303
vn -0.0000 -0.8152 -0.5791
vn -0.0000 -0.9694 -0.2457
vn -0.0526 -0.3352 -0.9407
vn -0.0000 -0.3568 0.9342
vn -0.0000 -0.3671 -0.9302
vn -0.0000 -0.0099 -1.0000
vn 1.0000 -0.0000 0.0001
vn 1.0000 -0.0000 -0.0001
vn -0.0000 0.3538 -0.9353
vn -0.0000 0.7659 0.6429
vn -0.0000 0.0584 -0.9983
vn -0.0000 -0.9694 0.2456
vn 0.6610 -0.7504 -0.0000
vn -0.0000 -0.8670 -0.4984
vn -0.0000 -0.7003 0.7138
vn -0.0613 -0.3909 -0.9184
vn -0.0000 -0.4150 0.9098
vn -0.0000 -0.4264 -0.9046
vn -0.0000 -0.0119 -0.9999
vn -0.0000 -0.5416 -0.8407
vn -0.0000 -0.8152 0.5791
vn -0.0000 -0.9777 -0.2100
vn -0.0000 -0.9777 0.2100
vn -0.0000 -0.8944 -0.4472
vn -0.0000 -0.8944 0.4472
vn -0.0000 -0.8809 0.4733
vn -0.0000 0.8974 -0.4413
vn -0.0000 0.9013 0.4332
vn -0.0000 -0.8532 -0.5215
vn 0.0041 -0.0003 -1.0000
vn 0.0083 -0.0000 -1.0000
vn -0.1155 0.9933 -0.0000
vn -0.0083 -0.0000 1.0000
vn -0.0082 -0.0000 1.0000
vn -0.1002 0.8929 -0.4391
vn 0.1071 -0.8893 -0.4446
vn -0.1078 0.8960 0.4307
vn -0.1154 0.9933 -0.0110
vn -0.0978 0.8741 -0.4757
vn -0.0041 0.0003 1.0000
vn 0.1155 -0.9933 -0.0000
vn 0.1026 -0.8447 -0.5254
vn 0.0998 -0.8900 0.4450
vn -0.0000 1.0000 -0.0037
vn -0.0000 -1.0000 0.0037
vn -0.0000 -0.8030 0.5960
vn 0.0881 -0.7999 0.5936
vn 0.9967 0.0651 -0.0483
vn -0.1026 0.8447 0.5253
vn -0.0000 0.8532 0.5215
vn -0.9967 -0.0651 0.0483
vn -0.0000 -0.7189 -0.6952
vn 0.0890 -0.7160 -0.6924
vn -0.9984 -0.0411 -0.0398
vn 0.9984 0.0411 0.0398
vn 0.0977 -0.8741 0.4757
vn -0.0000 0.8809 -0.4733
vn -0.0978 0.8742 -0.4757
vn 0.1026 -0.8447 -0.5253
vn -0.0000 -0.4747 -0.8802
vn -0.0977 0.8742 -0.4757
vn 0.0977 -0.8742 0.4757
vn 0.0999 -0.8900 0.4450
vn -0.1026 0.8447 0.5254
vn -0.0000 -0.2232 -0.9748
vn -0.6611 -0.7503 -0.0000
vn 0.9518 -0.2745 0.1372
vn 0.9922 0.1228 0.0218
vn 0.9038 -0.0000 -0.4280
vn 0.9518 -0.2745 -0.1372
vn 0.9038 -0.0000 0.4280
vn 0.9399 0.0086 0.3413
vn 0.9465 0.3226 -0.0000
vn 0.9999 -0.0153 -0.0000
vn 0.9866 0.1606 0.0290
vn 0.9977 0.0252 -0.0627
vn 0.8976 -0.0007 -0.4408
vn -0.0000 0.8944 0.4472
vn -0.0000 0.8944 -0.4472
vn 0.0193 -0.0000 -0.9998
vn -0.1062 0.9943 -0.0000
vn -0.0202 -0.0000 0.9998
vn -0.0193 -0.0000 0.9998
vn -0.0080 -0.0001 1.0000
vn 0.2442 -0.8674 -0.4337
vn 0.0083 0.0001 -1.0000
vn 0.0202 -0.0000 -0.9998
vn -0.2736 0.9618 -0.0107
vn 0.1344 -0.9909 -0.0000
vn 0.2739 -0.9618 -0.0000
vn -0.2623 0.9650 -0.0000
vn 0.2283 -0.8708 0.4354
vn -0.0000 0.0002 -1.0000
vn -0.0001 -0.0000 -1.0000
vn -0.9983 0.0584 -0.0000
vn -0.2456 -0.9694 -0.0000
vn 0.2456 -0.9694 -0.0000
vn 0.4983 -0.8670 -0.0000
vn -0.4983 -0.8670 -0.0000
vn -0.5813 -0.8137 -0.0000
vn 0.8303 -0.5572 -0.0000
vn -0.8802 -0.4747 -0.0000
vn 0.5791 -0.8153 -0.0000
vn 0.5365 -0.8439 -0.0000
vn -0.5365 -0.8439 -0.0000
vn -0.5640 -0.8258 -0.0000
vn 0.5301 0.8479 -0.0000
vn -0.5214 0.8533 -0.0000
vn 0.6136 -0.7896 -0.0000
vn 1.0000 -0.0003 0.0033
vn 1.0000 -0.0000 0.0065
vn -0.0000 0.9933 -0.1155
vn -1.0000 -0.0000 -0.0065
vn 0.5277 0.8441 -0.0948
vn 0.5337 -0.8396 0.1011
vn -0.5187 0.8488 -0.1021
vn 0.0140 0.9932 -0.1154
vn 0.5666 0.8189 -0.0916
vn -1.0000 0.0003 -0.0033
vn -0.0000 -0.9933 0.1155
vn 0.6175 -0.7809 0.0948
vn -0.5341 -0.8402 0.0943
vn 0.0047 1.0000 -0.0000
vn -0.0047 -1.0000 -0.0000
vn -0.6863 -0.7273 -0.0000
vn -0.6841 -0.7250 0.0799
vn 0.0614 0.0650 0.9960
vn -0.6174 0.7809 -0.0948
vn -0.6136 0.7896 -0.0000
vn -0.0614 -0.0651 -0.9960
vn 0.7758 -0.6310 -0.0000
vn 0.7734 -0.6291 0.0782
vn 0.0505 -0.0411 -0.9979
vn -0.0505 0.0411 0.9979
vn -0.5666 -0.8189 0.0916
vn 0.5640 0.8257 -0.0000
vn -0.0001 0.0001 -1.0000
vn -0.8303 -0.5572 -0.0000
vn -0.1091 -0.9940 -0.0000
vn 0.1091 -0.9940 -0.0000
vn -0.5640 -0.8257 -0.0000
vn 0.0614 0.0651 0.9960
vn -0.6175 0.7809 -0.0948
vn -1.0000 -0.0000 -0.0001
vn -1.0000 -0.0000 0.0001
vn -0.0000 -0.8670 0.4984
vn -0.0000 -0.2232 0.9748
vn -0.0000 -0.4960 -0.8683
vn 0.6611 -0.7503 -0.0000
vn -0.0000 -0.8809 -0.4733
vn -0.0000 0.8974 0.4413
vn -0.0000 0.9013 -0.4332
vn -0.0000 -0.8532 0.5215
vn -0.0041 -0.0003 1.0000
vn 0.1155 0.9933 -0.0000
vn 0.1002 0.8929 0.4391
vn -0.1071 -0.8893 0.4446
vn 0.1078 0.8960 -0.4307
vn 0.1154 0.9933 0.0110
vn 0.0978 0.8742 0.4757
vn 0.0041 0.0003 -1.0000
vn -0.1155 -0.9933 -0.0000
vn -0.1026 -0.8447 0.5253
vn -0.0998 -0.8900 -0.4450
vn -0.0000 1.0000 0.0037
vn -0.0000 -1.0000 -0.0037
vn -0.0000 -0.8030 -0.5960
vn -0.0881 -0.7999 -0.5936
vn -0.9967 0.0651 0.0483
vn 0.1026 0.8447 -0.5253
vn -0.0000 0.8532 -0.5215
vn 0.9967 -0.0651 -0.0483
vn -0.0000 -0.7189 0.6952
vn -0.0890 -0.7160 0.6924
vn 0.9984 -0.0411 0.0398
vn -0.9984 0.0411 -0.0398
vn -0.0977 -0.8741 -0.4757
vn -0.0000 0.8809 0.4733
vn 0.0082 -0.0000 -1.0000
vn -0.1026 -0.8447 0.5254
vn -0.0977 -0.8742 -0.4757
vn 0.0977 0.8741 0.4757
vn 0.1026 0.8447 -0.5254
vn -0.0978 -0.8741 -0.4757
vn -0.0000 -0.8928 -0.4505
vn -0.0000 -0.8928 0.4504
vn -0.0000 0.8928 -0.4504
vn -0.0000 0.8928 0.4505
vn 0.0977 0.8742 0.4757
vn -0.0000 -0.0002 -1.0000
vn 0.9983 0.0584 -0.0000
vn 0.8802 -0.4747 -0.0000
vn -0.0000 -0.7504 0.6610
vn -0.0000 -0.7503 0.6611
vn 0.5640 -0.8257 -0.0000
vn -0.5301 0.8479 -0.0000
vn 0.5214 0.8533 -0.0000
vn -0.6136 -0.7896 -0.0000
vn -1.0000 -0.0003 -0.0033
vn -0.0000 0.9933 0.1155
vn -0.5277 0.8441 0.0948
vn -0.5337 -0.8396 -0.1011
vn 0.5187 0.8488 0.1021
vn -0.0140 0.9932 0.1154
vn -0.5666 0.8189 0.0916
vn 1.0000 0.0003 0.0033
vn -0.0000 -0.9933 -0.1155
vn -0.6174 -0.7809 -0.0948
vn 0.5341 -0.8402 -0.0943
vn -0.0047 1.0000 -0.0000
vn 0.0047 -1.0000 -0.0000
vn 0.6863 -0.7273 -0.0000
vn 0.6841 -0.7250 -0.0799
vn -0.0614 0.0650 -0.9960
vn 0.6175 0.7809 0.0948
vn 0.6136 0.7896 -0.0000
vn 0.0614 -0.0650 0.9960
vn -0.7758 -0.6310 -0.0000
vn -0.7734 -0.6291 -0.0782
vn -0.0505 -0.0411 0.9979
vn 0.0505 0.0411 -0.9979
vn 0.5666 -0.8189 -0.0916
vn -0.5640 0.8257 -0.0000
vn -0.5277 0.8441 0.0947
vn -0.6175 -0.7809 -0.0948
vn -0.5641 0.8257 -0.0000
vn -0.9775 -0.1887 -0.0943
vn -0.9916 0.1290 0.0003
vn -0.9533 -0.0000 0.3021
vn -0.9775 -0.1887 0.0943
vn -0.9533 -0.0000 -0.3021
vn -0.9970 0.0018 -0.0780
vn -1.0000 -0.0020 -0.0000
vn -0.9884 0.1519 -0.0000
vn -0.9971 0.0756 0.0128
vn -0.9876 0.0045 -0.1567
vn -0.9846 0.0045 0.1750
vn -0.0134 -0.0000 0.9999
vn 0.1561 0.9877 -0.0000
vn 0.0107 -0.0000 -0.9999
vn 0.0134 -0.0000 -0.9999
vn 0.0102 -0.0000 -0.9999
vn -0.1720 -0.8811 0.4406
vn -0.0092 -0.0000 1.0000
vn -0.0107 -0.0000 0.9999
vn 0.1560 0.9877 0.0110
vn 0.0978 0.8741 0.4757
vn -0.1859 -0.9826 -0.0000
vn -0.1420 -0.9899 -0.0000
vn 0.1852 0.9827 -0.0000
vn -0.1605 -0.8828 -0.4414
vn -0.9915 -0.1304 -0.0005
vn 0.9984 -0.0411 0.0397
vn -0.9857 -0.1509 -0.0755
vn -0.9698 -0.0000 0.2438
vn -0.9857 -0.1509 0.0755
vn -0.9698 -0.0000 -0.2438
vn -0.9938 -0.0000 -0.1114
vn -0.9995 0.0314 -0.0000
vn -0.9896 0.0015 -0.1437
vn -0.9775 0.0015 0.2108
vn -0.0119 -0.0000 0.9999
vn 0.0112 -0.0000 -0.9999
vn 0.0118 -0.0000 -0.9999
vn 0.0100 -0.0000 -0.9999
vn -0.1529 -0.8839 0.4420
vn -0.0090 -0.0000 1.0000
vn -0.0112 -0.0000 0.9999
vn -0.1561 -0.9877 -0.0000
vn 0.1648 0.9863 -0.0000
vn -0.1426 -0.8853 -0.4426
vn -0.0000 -0.8928 0.4505
vn -0.0000 -0.8928 -0.4504
vn -0.0000 0.8928 0.4504
vn -0.0000 0.8928 -0.4505
vt 0.000000 0.000000
vt 1.000000 0.000000
vt 1.000000 1.000000
vt 0.000000 1.000000
s 0
usemtl окна
f 2062/15/274 2068/15/274 2072/15/274 2066/15/274
f 2063/15/274 2069/15/274 2071/15/274 2065/15/274
f 2064/15/274 2070/15/274 2068/15/274 2062/15/274
f 2065/15/274 2071/15/274 2073/15/274 2067/15/274
f 2067/15/274 2073/15/274 2070/15/274 2064/15/274
f 2066/15/274 2072/15/274 2069/15/274 2063/15/274
f 2069/15/274 2075/15/274 2077/15/274 2071/15/274
f 2070/15/274 2076/15/274 2074/15/274 2068/15/274
f 2071/15/274 2077/15/274 2079/15/274 2073/15/274
f 2073/15/274 2079/15/274 2076/15/274 2070/15/274
f 2072/15/274 2078/15/274 2075/15/274 2069/15/274
f 2068/15/274 2074/15/274 2078/15/274 2072/15/274
f 2076/15/274 2079/15/274 2077/15/274 2075/15/274 2078/15/274 2074/15/274
f 2080/15/275 2084/15/275 2090/15/275 2086/15/275
f 2081/15/275 2083/15/275 2089/15/275 2087/15/275
f 2082/15/275 2080/15/275 2086/15/275 2088/15/275
f 2083/15/275 2085/15/275 2091/15/275 2089/15/275
f 2085/15/275 2082/15/275 2088/15/275 2091/15/275
f 2084/15/275 2081/15/275 2087/15/275 2090/15/275
f 2097/15/275 2096/15/275 2095/15/275 2094/15/275 2093/15/275 2092/15/275
f 2091/15/276 2088/15/276 2098/15/276 2103/15/276
f 2089/15/277 2091/15/277 2103/15/277 2102/15/277
f 2088/15/278 2086/15/278 2099/15/278 2098/15/278
f 2087/15/279 2089/15/279 2102/15/279 2101/15/279
f 2086/15/280 2090/15/280 2100/15/280 2099/15/280
f 2090/15/280 2087/15/280 2101/15/280 2100/15/280
f 2062/15/281 2066/15/281 2084/15/281 2080/15/281
f 2063/15/278 2065/15/278 2083/15/278 2081/15/278
f 2064/15/279 2062/15/279 2080/15/279 2082/15/279
f 2065/15/282 2067/15/282 2085/15/282 2083/15/282
f 2067/15/283 2064/15/283 2082/15/283 2085/15/283
f 2066/15/281 2063/15/281 2081/15/281 2084/15/281
f 2101/15/275 2102/15/275 2108/15/275 2107/15/275
f 2098/15/275 2099/15/275 2105/15/275 2104/15/275
f 2102/15/275 2103/15/275 2109/15/275 2108/15/275
f 2103/15/275 2098/15/275 2104/15/275 2109/15/275
f 2100/15/284 2101/15/284 2107/15/284 2106/15/284
f 2099/15/285 2100/15/285 2106/15/285 2105/15/285
f 2108/15/286 2109/15/286 2092/15/286 2093/15/286
f 2109/15/276 2104/15/276 2097/15/276 2092/15/276
f 2106/15/280 2107/15/280 2094/15/280 2095/15/280
f 2105/15/280 2106/15/280 2095/15/280 2096/15/280
f 2107/15/279 2108/15/279 2093/15/279 2094/15/279
f 2104/15/278 2105/15/278 2096/15/278 2097/15/278
f 2187/15/274 2191/15/274 2113/15/274 2143/15/274
f 2113/15/274 2117/15/274 2119/15/274 2115/15/274
f 2112/15/274 2114/15/274 2118/15/274 2116/15/274
f 2191/15/274 2192/15/274 2117/15/274 2113/15/274
f 2145/15/275 2123/15/275 2141/15/275 2147/15/275
f 2127/15/280 2128/15/280 2136/15/280 2135/15/280
f 2125/15/287 2129/15/287 2137/15/287 2133/15/287
f 2128/15/288 2124/15/288 2132/15/288 2136/15/288
f 2113/15/281 2115/15/281 2125/15/281 2123/15/281
f 2143/15/278 2113/15/278 2123/15/278 2145/15/278
f 2115/15/289 2119/15/289 2129/15/289 2125/15/289
f 2168/15/280 2116/15/280 2127/15/280 2171/15/280
f 2160/15/279 2110/15/279 2121/15/279 2161/15/279
f 2116/15/280 2118/15/280 2128/15/280 2127/15/280
f 2114/15/281 2112/15/281 2120/15/281 2124/15/281
f 2118/15/288 2114/15/288 2124/15/288 2128/15/288
f 2184/15/281 2111/15/281 2122/15/281 2185/15/281
f 2119/15/280 2117/15/280 2126/15/280 2129/15/280
f 2130/15/275 2133/15/275 2137/15/275 2134/15/275
f 2131/15/275 2135/15/275 2136/15/275 2132/15/275
f 2195/15/275 2130/15/275 2134/15/275 2196/15/275
f 2123/15/281 2125/15/281 2133/15/281 2130/15/281
f 2193/15/281 2123/15/281 2130/15/281 2195/15/281
f 2129/15/280 2126/15/280 2134/15/280 2137/15/280
f 2171/15/280 2127/15/280 2135/15/280 2173/15/280
f 2124/15/281 2120/15/281 2131/15/281 2132/15/281
f 2161/15/275 2121/15/275 2139/15/275 2162/15/275
f 2170/15/275 2120/15/275 2138/15/275 2175/15/275
f 2185/15/275 2122/15/275 2140/15/275 2186/15/275
f 2120/15/275 2144/15/275 2146/15/275 2138/15/275
f 2199/15/275 2153/15/275 2147/15/275 2198/15/275
f 2112/15/279 2142/15/279 2144/15/279 2120/15/279
f 2151/15/278 2143/15/278 2145/15/278 2152/15/278
f 2152/15/275 2145/15/275 2147/15/275 2153/15/275
f 2188/15/274 2187/15/274 2143/15/274 2151/15/274
f 2189/15/274 2188/15/274 2151/15/274 2157/15/274
f 2158/15/275 2152/15/275 2153/15/275 2159/15/275
f 2157/15/278 2151/15/278 2152/15/278 2158/15/278
f 2197/15/281 2175/15/281 2208/15/281 2221/15/281
f 2144/15/275 2149/15/275 2150/15/275 2146/15/275
f 2142/15/279 2148/15/279 2149/15/279 2144/15/279
f 2162/15/278 2202/15/278 2216/15/278 2156/15/278
f 2163/15/278 2157/15/278 2158/15/278 2164/15/278
f 2164/15/275 2158/15/275 2159/15/275 2165/15/275
f 2190/15/274 2189/15/274 2157/15/274 2163/15/274
f 2149/15/275 2155/15/275 2156/15/275 2150/15/275
f 2148/15/279 2154/15/279 2155/15/279 2149/15/279
f 2184/15/274 2190/15/274 2163/15/274 2111/15/274
f 2122/15/275 2164/15/275 2165/15/275 2140/15/275
f 2111/15/278 2163/15/278 2164/15/278 2122/15/278
f 2199/15/278 2200/15/278 2224/15/278 2223/15/278
f 2155/15/275 2161/15/275 2162/15/275 2156/15/275
f 2154/15/279 2160/15/279 2161/15/279 2155/15/279
f 2139/15/280 2174/15/280 2220/15/280 2203/15/280
f 2110/15/274 2160/15/274 2182/15/274 2166/15/274
f 2160/15/274 2154/15/274 2181/15/274 2182/15/274
f 2216/15/275 2202/15/275 2219/15/275 2217/15/275
f 2140/15/279 2165/15/279 2218/15/279 2205/15/279
f 2154/15/274 2148/15/274 2178/15/274 2181/15/274
f 2148/15/274 2142/15/274 2177/15/274 2178/15/274
f 2150/15/275 2179/15/275 2176/15/275 2146/15/275
f 2121/15/275 2169/15/275 2174/15/275 2139/15/275
f 2193/15/275 2170/15/275 2175/15/275 2197/15/275
f 2194/15/280 2171/15/280 2173/15/280 2196/15/280
f 2120/15/281 2170/15/281 2172/15/281 2131/15/281
f 2131/15/275 2172/15/275 2173/15/275 2135/15/275
f 2110/15/281 2166/15/281 2169/15/281 2121/15/281
f 2192/15/280 2168/15/280 2171/15/280 2194/15/280
f 2112/15/274 2116/15/274 2168/15/274 2167/15/274
f 2142/15/274 2112/15/274 2167/15/274 2177/15/274
f 2117/15/280 2192/15/280 2194/15/280 2126/15/280
f 2126/15/280 2194/15/280 2196/15/280 2134/15/280
f 2123/15/275 2193/15/275 2197/15/275 2141/15/275
f 2174/15/275 2186/15/275 2201/15/275 2183/15/275
f 2166/15/274 2182/15/274 2190/15/274 2184/15/274
f 2182/15/274 2181/15/274 2189/15/274 2190/15/274
f 2165/15/279 2159/15/279 2212/15/279 2218/15/279
f 2180/15/275 2200/15/275 2199/15/275 2179/15/275
f 2181/15/274 2178/15/274 2188/15/274 2189/15/274
f 2178/15/274 2177/15/274 2187/15/274 2188/15/274
f 2179/15/275 2199/15/275 2198/15/275 2176/15/275
f 2169/15/275 2185/15/275 2186/15/275 2174/15/275
f 2170/15/281 2193/15/281 2195/15/281 2172/15/281
f 2172/15/275 2195/15/275 2196/15/275 2173/15/275
f 2166/15/281 2184/15/281 2185/15/281 2169/15/281
f 2167/15/274 2168/15/274 2192/15/274 2191/15/274
f 2177/15/274 2167/15/274 2191/15/274 2187/15/274
f 2138/15/278 2146/15/278 2210/15/278 2209/15/278
f 2176/15/280 2198/15/280 2222/15/280 2211/15/280
f 2179/15/281 2150/15/281 2215/15/281 2214/15/281
f 2174/15/279 2183/15/279 2219/15/279 2220/15/279
f 2162/15/278 2139/15/278 2203/15/278 2202/15/278
f 2146/15/280 2176/15/280 2211/15/280 2210/15/280
f 2141/15/281 2197/15/281 2221/15/281 2207/15/281
f 2201/15/290 2186/15/290 2204/15/290 2225/15/290
f 2225/15/275 2218/15/275 2212/15/275 2224/15/275
f 2186/15/280 2140/15/280 2205/15/280 2204/15/280
f 2225/15/291 2224/15/291 2200/15/291 2201/15/291
f 2198/15/280 2147/15/280 2206/15/280 2222/15/280
f 2147/15/279 2141/15/279 2207/15/279 2206/15/279
f 2153/15/281 2199/15/281 2223/15/281 2213/15/281
f 2159/15/279 2153/15/279 2213/15/279 2212/15/279
f 2175/15/281 2138/15/281 2209/15/281 2208/15/281
f 2180/15/279 2217/15/279 2219/15/279 2183/15/279
f 2180/15/279 2179/15/279 2214/15/279 2217/15/279
f 2200/15/275 2180/15/275 2183/15/275 2201/15/275
f 2150/15/278 2156/15/278 2216/15/278 2215/15/278
f 2250/15/274 2251/15/274 2278/15/274 2277/15/274
f 2231/15/292 2230/15/292 2232/15/292
f 2230/15/274 2227/15/274 2233/15/274 2232/15/274
f 2227/15/293 2229/15/293 2234/15/293 2233/15/293
f 2229/15/274 2228/15/274 2235/15/274 2234/15/274
f 2235/15/294 2228/15/294 2236/15/294
f 2228/15/274 2226/15/274 2237/15/274 2236/15/274
f 2238/15/274 2237/15/274 2226/15/274 2252/15/274
f 2238/15/274 2252/15/274 2239/15/274
f 2240/15/274 2239/15/274 2252/15/274 2251/15/274
f 2240/15/274 2251/15/274 2241/15/274
f 2241/15/274 2251/15/274 2242/15/274
f 2243/15/274 2242/15/274 2244/15/274
f 2244/15/274 2242/15/274 2245/15/274
f 2245/15/274 2242/15/274 2246/15/274
f 2242/15/274 2251/15/274 2246/15/274
f 2246/15/293 2251/15/293 2247/15/293
f 2247/15/274 2251/15/274 2248/15/274
f 2249/15/274 2248/15/274 2251/15/274 2250/15/274
f 2277/15/274 2278/15/274 2276/15/274
f 2275/15/274 2276/15/274 2278/15/274
f 2274/15/274 2275/15/274 2278/15/274
f 2273/15/293 2274/15/293 2278/15/293
f 2270/15/274 2271/15/274 2269/15/274
f 2271/15/274 2272/15/274 2269/15/274
f 2272/15/274 2273/15/274 2269/15/274
f 2278/15/274 2269/15/274 2273/15/274
f 2269/15/274 2278/15/274 2268/15/274
f 2267/15/274 2268/15/274 2278/15/274
f 2267/15/274 2278/15/274 2279/15/274 2266/15/274
f 2265/15/274 2266/15/274 2279/15/274
f 2265/15/274 2279/15/274 2253/15/274 2264/15/274
f 2255/15/274 2263/15/274 2264/15/274 2253/15/274
f 2263/15/294 2255/15/294 2262/15/294
f 2256/15/295 2261/15/295 2262/15/295 2255/15/295
f 2254/15/293 2260/15/293 2261/15/293 2256/15/293
f 2257/15/274 2259/15/274 2260/15/274 2254/15/274
f 2258/15/292 2259/15/292 2257/15/292
f 2304/15/275 2331/15/275 2332/15/275 2305/15/275
f 2285/15/275 2286/15/275 2284/15/275
f 2284/15/275 2286/15/275 2287/15/275 2281/15/275
f 2281/15/285 2287/15/285 2288/15/285 2283/15/285
f 2283/15/275 2288/15/275 2289/15/275 2282/15/275
f 2289/15/275 2290/15/275 2282/15/275
f 2282/15/275 2290/15/275 2291/15/275 2280/15/275
f 2292/15/284 2306/15/284 2280/15/284 2291/15/284
f 2292/15/285 2293/15/285 2306/15/285
f 2294/15/275 2305/15/275 2306/15/275 2293/15/275
f 2294/15/275 2295/15/275 2305/15/275
f 2295/15/285 2296/15/285 2305/15/285
f 2297/15/296 2298/15/296 2296/15/296
f 2298/15/275 2299/15/275 2296/15/275
f 2299/15/275 2300/15/275 2296/15/275
f 2296/15/275 2300/15/275 2305/15/275
f 2300/15/284 2301/15/284 2305/15/284
f 2301/15/275 2302/15/275 2305/15/275
f 2303/15/275 2304/15/275 2305/15/275 2302/15/275
f 2331/15/275 2330/15/275 2332/15/275
f 2329/15/275 2332/15/275 2330/15/275
f 2328/15/285 2332/15/285 2329/15/285
f 2327/15/275 2332/15/275 2328/15/275
f 2324/15/275 2323/15/275 2325/15/275
f 2325/15/285 2323/15/285 2326/15/285
f 2326/15/275 2323/15/275 2327/15/275
f 2332/15/275 2327/15/275 2323/15/275
f 2323/15/275 2322/15/275 2332/15/275
f 2321/15/275 2332/15/275 2322/15/275
f 2321/15/275 2320/15/275 2333/15/275 2332/15/275
f 2319/15/275 2333/15/275 2320/15/275
f 2319/15/284 2318/15/284 2307/15/284 2333/15/284
f 2309/15/275 2307/15/275 2318/15/275 2317/15/275
f 2317/15/275 2316/15/275 2309/15/275
f 2310/15/275 2309/15/275 2316/15/275 2315/15/275
f 2308/15/275 2310/15/275 2315/15/275 2314/15/275
f 2311/15/275 2308/15/275 2314/15/275 2313/15/275
f 2312/15/275 2311/15/275 2313/15/275
f 2259/15/297 2258/15/297 2312/15/297 2313/15/297
f 2232/15/298 2233/15/298 2287/15/298 2286/15/298
f 2260/15/299 2259/15/299 2313/15/299 2314/15/299
f 2233/15/300 2234/15/300 2288/15/300 2287/15/300
f 2261/15/301 2260/15/301 2314/15/301 2315/15/301
f 2234/15/302 2235/15/302 2289/15/302 2288/15/302
f 2262/15/303 2261/15/303 2315/15/303 2316/15/303
f 2235/15/304 2236/15/304 2290/15/304 2289/15/304
f 2263/15/305 2262/15/305 2316/15/305 2317/15/305
f 2236/15/306 2237/15/306 2291/15/306 2290/15/306
f 2264/15/307 2263/15/307 2317/15/307 2318/15/307
f 2237/15/308 2238/15/308 2292/15/308 2291/15/308
f 2265/15/309 2264/15/309 2318/15/309 2319/15/309
f 2238/15/310 2239/15/310 2293/15/310 2292/15/310
f 2266/15/311 2265/15/311 2319/15/311 2320/15/311
f 2239/15/312 2240/15/312 2294/15/312 2293/15/312
f 2267/15/313 2266/15/313 2320/15/313 2321/15/313
f 2240/15/314 2241/15/314 2295/15/314 2294/15/314
f 2268/15/315 2267/15/315 2321/15/315 2322/15/315
f 2241/15/316 2242/15/316 2296/15/316 2295/15/316
f 2269/15/317 2268/15/317 2322/15/317 2323/15/317
f 2242/15/318 2243/15/318 2297/15/318 2296/15/318
f 2270/15/319 2269/15/319 2323/15/319 2324/15/319
f 2243/15/320 2244/15/320 2298/15/320 2297/15/320
f 2271/15/321 2270/15/321 2324/15/321 2325/15/321
f 2244/15/322 2245/15/322 2299/15/322 2298/15/322
f 2272/15/323 2271/15/323 2325/15/323 2326/15/323
f 2245/15/324 2246/15/324 2300/15/324 2299/15/324
f 2273/15/325 2272/15/325 2326/15/325 2327/15/325
f 2246/15/326 2247/15/326 2301/15/326 2300/15/326
f 2274/15/327 2273/15/327 2327/15/327 2328/15/327
f 2247/15/328 2248/15/328 2302/15/328 2301/15/328
f 2275/15/329 2274/15/329 2328/15/329 2329/15/329
f 2248/15/330 2249/15/330 2303/15/330 2302/15/330
f 2276/15/331 2275/15/331 2329/15/331 2330/15/331
f 2249/15/332 2250/15/332 2304/15/332 2303/15/332
f 2277/15/333 2276/15/333 2330/15/333 2331/15/333
f 2279/15/274 2278/15/274 2336/15/274 2337/15/274
f 2278/15/274 2251/15/274 2334/15/274 2336/15/274
f 2252/15/279 2226/15/279 2280/15/279 2306/15/279
f 2226/15/279 2228/15/279 2282/15/279 2280/15/279
f 2253/15/278 2279/15/278 2333/15/278 2307/15/278
f 2255/15/278 2253/15/278 2307/15/278 2309/15/278
f 2227/15/334 2230/15/334 2284/15/334 2281/15/334
f 2252/15/335 2306/15/335 2339/15/335 2335/15/335
f 2257/15/336 2254/15/336 2308/15/336 2311/15/336
f 2229/15/337 2227/15/337 2281/15/337 2283/15/337
f 2250/15/281 2277/15/281 2331/15/281 2304/15/281
f 2254/15/338 2256/15/338 2310/15/338 2308/15/338
f 2228/15/339 2229/15/339 2283/15/339 2282/15/339
f 2256/15/340 2255/15/340 2309/15/340 2310/15/340
f 2230/15/341 2231/15/341 2285/15/341 2284/15/341
f 2258/15/342 2257/15/342 2311/15/342 2312/15/342
f 2231/15/343 2232/15/343 2286/15/343 2285/15/343
f 2334/15/280 2335/15/280 2339/15/280 2338/15/280
f 2337/15/280 2336/15/280 2340/15/280 2341/15/280
f 2336/15/280 2334/15/280 2338/15/280 2340/15/280
f 2306/15/344 2305/15/344 2338/15/344 2339/15/344
f 2333/15/345 2279/15/345 2337/15/345 2341/15/345
f 2305/15/344 2332/15/344 2340/15/344 2338/15/344
f 2332/15/344 2333/15/344 2341/15/344 2340/15/344
f 2251/15/274 2252/15/274 2335/15/274 2334/15/274
f 2419/15/279 2423/15/279 2345/15/279 2375/15/279
f 2345/15/279 2349/15/279 2351/15/279 2347/15/279
f 2344/15/279 2346/15/279 2350/15/279 2348/15/279
f 2423/15/279 2424/15/279 2349/15/279 2345/15/279
f 2377/15/278 2355/15/278 2373/15/278 2379/15/278
f 2359/15/280 2360/15/280 2368/15/280 2367/15/280
f 2357/15/346 2361/15/346 2369/15/346 2365/15/346
f 2360/15/347 2356/15/347 2364/15/347 2368/15/347
f 2345/15/281 2347/15/281 2357/15/281 2355/15/281
f 2375/15/274 2345/15/274 2355/15/274 2377/15/274
f 2347/15/348 2351/15/348 2361/15/348 2357/15/348
f 2400/15/280 2348/15/280 2359/15/280 2403/15/280
f 2392/15/275 2342/15/275 2353/15/275 2393/15/275
f 2348/15/280 2350/15/280 2360/15/280 2359/15/280
f 2346/15/281 2344/15/281 2352/15/281 2356/15/281
f 2350/15/347 2346/15/347 2356/15/347 2360/15/347
f 2416/15/281 2343/15/281 2354/15/281 2417/15/281
f 2351/15/280 2349/15/280 2358/15/280 2361/15/280
f 2362/15/278 2365/15/278 2369/15/278 2366/15/278
f 2363/15/278 2367/15/278 2368/15/278 2364/15/278
f 2427/15/278 2362/15/278 2366/15/278 2428/15/278
f 2355/15/281 2357/15/281 2365/15/281 2362/15/281
f 2425/15/281 2355/15/281 2362/15/281 2427/15/281
f 2361/15/280 2358/15/280 2366/15/280 2369/15/280
f 2403/15/280 2359/15/280 2367/15/280 2405/15/280
f 2356/15/281 2352/15/281 2363/15/281 2364/15/281
f 2393/15/278 2353/15/278 2371/15/278 2394/15/278
f 2402/15/278 2352/15/278 2370/15/278 2407/15/278
f 2417/15/278 2354/15/278 2372/15/278 2418/15/278
f 2352/15/278 2376/15/278 2378/15/278 2370/15/278
f 2431/15/278 2385/15/278 2379/15/278 2430/15/278
f 2344/15/275 2374/15/275 2376/15/275 2352/15/275
f 2383/15/274 2375/15/274 2377/15/274 2384/15/274
f 2384/15/278 2377/15/278 2379/15/278 2385/15/278
f 2420/15/279 2419/15/279 2375/15/279 2383/15/279
f 2421/15/279 2420/15/279 2383/15/279 2389/15/279
f 2390/15/278 2384/15/278 2385/15/278 2391/15/278
f 2389/15/274 2383/15/274 2384/15/274 2390/15/274
f 2429/15/281 2407/15/281 2440/15/281 2453/15/281
f 2376/15/278 2381/15/278 2382/15/278 2378/15/278
f 2374/15/275 2380/15/275 2381/15/275 2376/15/275
f 2433/15/278 2397/15/278 2391/15/278 2432/15/278
f 2395/15/274 2389/15/274 2390/15/274 2396/15/274
f 2396/15/278 2390/15/278 2391/15/278 2397/15/278
f 2422/15/279 2421/15/279 2389/15/279 2395/15/279
f 2381/15/278 2387/15/278 2388/15/278 2382/15/278
f 2380/15/275 2386/15/275 2387/15/275 2381/15/275
f 2416/15/279 2422/15/279 2395/15/279 2343/15/279
f 2354/15/278 2396/15/278 2397/15/278 2372/15/278
f 2343/15/274 2395/15/274 2396/15/274 2354/15/274
f 2431/15/274 2432/15/274 2456/15/274 2455/15/274
f 2387/15/278 2393/15/278 2394/15/278 2388/15/278
f 2386/15/275 2392/15/275 2393/15/275 2387/15/275
f 2371/15/280 2406/15/280 2452/15/280 2435/15/280
f 2342/15/279 2392/15/279 2414/15/279 2398/15/279
f 2392/15/279 2386/15/279 2413/15/279 2414/15/279
f 2394/15/278 2415/15/278 2412/15/278 2388/15/278
f 2372/15/275 2397/15/275 2450/15/275 2437/15/275
f 2386/15/279 2380/15/279 2410/15/279 2413/15/279
f 2380/15/279 2374/15/279 2409/15/279 2410/15/279
f 2382/15/278 2411/15/278 2408/15/278 2378/15/278
f 2353/15/278 2401/15/278 2406/15/278 2371/15/278
f 2425/15/278 2402/15/278 2407/15/278 2429/15/278
f 2426/15/280 2403/15/280 2405/15/280 2428/15/280
f 2352/15/281 2402/15/281 2404/15/281 2363/15/281
f 2363/15/278 2404/15/278 2405/15/278 2367/15/278
f 2342/15/281 2398/15/281 2401/15/281 2353/15/281
f 2424/15/280 2400/15/280 2403/15/280 2426/15/280
f 2344/15/279 2348/15/279 2400/15/279 2399/15/279
f 2374/15/279 2344/15/279 2399/15/279 2409/15/279
f 2349/15/280 2424/15/280 2426/15/280 2358/15/280
f 2358/15/280 2426/15/280 2428/15/280 2366/15/280
f 2355/15/278 2425/15/278 2429/15/278 2373/15/278
f 2406/15/278 2418/15/278 2433/15/278 2415/15/278
f 2398/15/279 2414/15/279 2422/15/279 2416/15/279
f 2414/15/279 2413/15/279 2421/15/279 2422/15/279
f 2415/15/278 2433/15/278 2432/15/278 2412/15/278
f 2412/15/278 2432/15/278 2431/15/278 2411/15/278
f 2413/15/279 2410/15/279 2420/15/279 2421/15/279
f 2410/15/279 2409/15/279 2419/15/279 2420/15/279
f 2411/15/278 2431/15/278 2430/15/278 2408/15/278
f 2401/15/278 2417/15/278 2418/15/278 2406/15/278
f 2402/15/281 2425/15/281 2427/15/281 2404/15/281
f 2404/15/278 2427/15/278 2428/15/278 2405/15/278
f 2398/15/281 2416/15/281 2417/15/281 2401/15/281
f 2399/15/279 2400/15/279 2424/15/279 2423/15/279
f 2409/15/279 2399/15/279 2423/15/279 2419/15/279
f 2370/15/274 2378/15/274 2442/15/274 2441/15/274
f 2408/15/280 2430/15/280 2454/15/280 2443/15/280
f 2411/15/281 2382/15/281 2447/15/281 2446/15/281
f 2406/15/275 2415/15/275 2451/15/275 2452/15/275
f 2394/15/274 2371/15/274 2435/15/274 2434/15/274
f 2378/15/280 2408/15/280 2443/15/280 2442/15/280
f 2373/15/281 2429/15/281 2453/15/281 2439/15/281
f 2433/15/349 2418/15/349 2436/15/349 2457/15/349
f 2388/15/280 2412/15/280 2449/15/280 2448/15/280
f 2418/15/280 2372/15/280 2437/15/280 2436/15/280
f 2415/15/281 2394/15/281 2434/15/281 2451/15/281
f 2430/15/280 2379/15/280 2438/15/280 2454/15/280
f 2379/15/275 2373/15/275 2439/15/275 2438/15/275
f 2385/15/281 2431/15/281 2455/15/281 2445/15/281
f 2391/15/275 2385/15/275 2445/15/275 2444/15/275
f 2407/15/281 2370/15/281 2441/15/281 2440/15/281
f 2432/15/280 2391/15/280 2444/15/280 2456/15/280
f 2412/15/275 2411/15/275 2446/15/275 2449/15/275
f 2397/15/281 2433/15/281 2457/15/281 2450/15/281
f 2382/15/274 2388/15/274 2448/15/274 2447/15/274
f 2482/15/279 2483/15/279 2510/15/279 2509/15/279
f 2463/15/279 2462/15/279 2464/15/279
f 2462/15/279 2459/15/279 2465/15/279 2464/15/279
f 2459/15/279 2461/15/279 2466/15/279 2465/15/279
f 2461/15/279 2460/15/279 2467/15/279 2466/15/279
f 2467/15/279 2460/15/279 2468/15/279
f 2460/15/279 2458/15/279 2469/15/279 2468/15/279
f 2470/15/279 2469/15/279 2458/15/279 2484/15/279
f 2470/15/279 2484/15/279 2471/15/279
f 2472/15/279 2471/15/279 2484/15/279 2483/15/279
f 2472/15/279 2483/15/279 2473/15/279
f 2473/15/279 2483/15/279 2474/15/279
f 2475/15/279 2474/15/279 2476/15/279
f 2476/15/279 2474/15/279 2477/15/279
f 2477/15/279 2474/15/279 2478/15/279
f 2474/15/279 2483/15/279 2478/15/279
f 2478/15/279 2483/15/279 2479/15/279
f 2479/15/279 2483/15/279 2480/15/279
f 2481/15/279 2480/15/279 2483/15/279 2482/15/279
f 2509/15/279 2510/15/279 2508/15/279
f 2507/15/279 2508/15/279 2510/15/279
f 2506/15/279 2507/15/279 2510/15/279
f 2505/15/279 2506/15/279 2510/15/279
f 2502/15/279 2503/15/279 2501/15/279
f 2503/15/279 2504/15/279 2501/15/279
f 2504/15/279 2505/15/279 2501/15/279
f 2510/15/279 2501/15/279 2505/15/279
f 2501/15/279 2510/15/279 2500/15/279
f 2499/15/279 2500/15/279 2510/15/279
f 2499/15/279 2510/15/279 2511/15/279 2498/15/279
f 2497/15/279 2498/15/279 2511/15/279
f 2497/15/279 2511/15/279 2485/15/279 2496/15/279
f 2487/15/279 2495/15/279 2496/15/279 2485/15/279
f 2495/15/279 2487/15/279 2494/15/279
f 2488/15/279 2493/15/279 2494/15/279 2487/15/279
f 2486/15/279 2492/15/279 2493/15/279 2488/15/279
f 2489/15/279 2491/15/279 2492/15/279 2486/15/279
f 2490/15/279 2491/15/279 2489/15/279
f 2536/15/278 2563/15/278 2564/15/278 2537/15/278
f 2517/15/278 2518/15/278 2516/15/278
f 2516/15/278 2518/15/278 2519/15/278 2513/15/278
f 2513/15/278 2519/15/278 2520/15/278 2515/15/278
f 2515/15/278 2520/15/278 2521/15/278 2514/15/278
f 2521/15/278 2522/15/278 2514/15/278
f 2514/15/278 2522/15/278 2523/15/278 2512/15/278
f 2524/15/278 2538/15/278 2512/15/278 2523/15/278
f 2524/15/278 2525/15/278 2538/15/278
f 2526/15/278 2537/15/278 2538/15/278 2525/15/278
f 2526/15/278 2527/15/278 2537/15/278
f 2527/15/278 2528/15/278 2537/15/278
f 2529/15/278 2530/15/278 2528/15/278
f 2530/15/278 2531/15/278 2528/15/278
f 2531/15/278 2532/15/278 2528/15/278
f 2528/15/278 2532/15/278 2537/15/278
f 2532/15/278 2533/15/278 2537/15/278
f 2533/15/278 2534/15/278 2537/15/278
f 2535/15/278 2536/15/278 2537/15/278 2534/15/278
f 2563/15/278 2562/15/278 2564/15/278
f 2561/15/278 2564/15/278 2562/15/278
f 2560/15/278 2564/15/278 2561/15/278
f 2559/15/278 2564/15/278 2560/15/278
f 2556/15/278 2555/15/278 2557/15/278
f 2557/15/278 2555/15/278 2558/15/278
f 2558/15/278 2555/15/278 2559/15/278
f 2564/15/278 2559/15/278 2555/15/278
f 2555/15/278 2554/15/278 2564/15/278
f 2553/15/278 2564/15/278 2554/15/278
f 2553/15/278 2552/15/278 2565/15/278 2564/15/278
f 2551/15/278 2565/15/278 2552/15/278
f 2551/15/278 2550/15/278 2539/15/278 2565/15/278
f 2541/15/278 2539/15/278 2550/15/278 2549/15/278
f 2549/15/278 2548/15/278 2541/15/278
f 2542/15/278 2541/15/278 2548/15/278 2547/15/278
f 2540/15/278 2542/15/278 2547/15/278 2546/15/278
f 2543/15/278 2540/15/278 2546/15/278 2545/15/278
f 2544/15/278 2543/15/278 2545/15/278
f 2491/15/350 2490/15/350 2544/15/350 2545/15/350
f 2464/15/351 2465/15/351 2519/15/351 2518/15/351
f 2492/15/352 2491/15/352 2545/15/352 2546/15/352
f 2465/15/353 2466/15/353 2520/15/353 2519/15/353
f 2493/15/354 2492/15/354 2546/15/354 2547/15/354
f 2466/15/355 2467/15/355 2521/15/355 2520/15/355
f 2494/15/356 2493/15/356 2547/15/356 2548/15/356
f 2467/15/357 2468/15/357 2522/15/357 2521/15/357
f 2495/15/358 2494/15/358 2548/15/358 2549/15/358
f 2468/15/359 2469/15/359 2523/15/359 2522/15/359
f 2496/15/360 2495/15/360 2549/15/360 2550/15/360
f 2469/15/361 2470/15/361 2524/15/361 2523/15/361
f 2497/15/362 2496/15/362 2550/15/362 2551/15/362
f 2470/15/363 2471/15/363 2525/15/363 2524/15/363
f 2498/15/364 2497/15/364 2551/15/364 2552/15/364
f 2471/15/365 2472/15/365 2526/15/365 2525/15/365
f 2499/15/366 2498/15/366 2552/15/366 2553/15/366
f 2472/15/367 2473/15/367 2527/15/367 2526/15/367
f 2500/15/368 2499/15/368 2553/15/368 2554/15/368
f 2473/15/369 2474/15/369 2528/15/369 2527/15/369
f 2501/15/370 2500/15/370 2554/15/370 2555/15/370
f 2474/15/371 2475/15/371 2529/15/371 2528/15/371
f 2502/15/372 2501/15/372 2555/15/372 2556/15/372
f 2475/15/373 2476/15/373 2530/15/373 2529/15/373
f 2503/15/374 2502/15/374 2556/15/374 2557/15/374
f 2476/15/375 2477/15/375 2531/15/375 2530/15/375
f 2504/15/376 2503/15/376 2557/15/376 2558/15/376
f 2477/15/377 2478/15/377 2532/15/377 2531/15/377
f 2505/15/378 2504/15/378 2558/15/378 2559/15/378
f 2478/15/379 2479/15/379 2533/15/379 2532/15/379
f 2506/15/380 2505/15/380 2559/15/380 2560/15/380
f 2479/15/381 2480/15/381 2534/15/381 2533/15/381
f 2507/15/382 2506/15/382 2560/15/382 2561/15/382
f 2480/15/383 2481/15/383 2535/15/383 2534/15/383
f 2508/15/384 2507/15/384 2561/15/384 2562/15/384
f 2481/15/385 2482/15/385 2536/15/385 2535/15/385
f 2509/15/386 2508/15/386 2562/15/386 2563/15/386
f 2511/15/279 2510/15/279 2568/15/279 2569/15/279
f 2510/15/279 2483/15/279 2566/15/279 2568/15/279
f 2484/15/275 2458/15/275 2512/15/275 2538/15/275
f 2458/15/275 2460/15/275 2514/15/275 2512/15/275
f 2485/15/274 2511/15/274 2565/15/274 2539/15/274
f 2487/15/274 2485/15/274 2539/15/274 2541/15/274
f 2459/15/387 2462/15/387 2516/15/387 2513/15/387
f 2484/15/388 2538/15/388 2571/15/388 2567/15/388
f 2489/15/389 2486/15/389 2540/15/389 2543/15/389
f 2461/15/390 2459/15/390 2513/15/390 2515/15/390
f 2482/15/281 2509/15/281 2563/15/281 2536/15/281
f 2486/15/391 2488/15/391 2542/15/391 2540/15/391
f 2460/15/392 2461/15/392 2515/15/392 2514/15/392
f 2488/15/393 2487/15/393 2541/15/393 2542/15/393
f 2462/15/394 2463/15/394 2517/15/394 2516/15/394
f 2490/15/395 2489/15/395 2543/15/395 2544/15/395
f 2463/15/396 2464/15/396 2518/15/396 2517/15/396
f 2566/15/280 2567/15/280 2571/15/280 2570/15/280
f 2569/15/280 2568/15/280 2572/15/280 2573/15/280
f 2568/15/280 2566/15/280 2570/15/280 2572/15/280
f 2538/15/397 2537/15/397 2570/15/397 2571/15/397
f 2565/15/398 2511/15/398 2569/15/398 2573/15/398
f 2537/15/397 2564/15/397 2572/15/397 2570/15/397
f 2564/15/397 2565/15/397 2573/15/397 2572/15/397
f 2483/15/279 2484/15/279 2567/15/279 2566/15/279
f 2651/15/279 2655/15/279 2577/15/279 2607/15/279
f 2577/15/279 2581/15/279 2583/15/279 2579/15/279
f 2576/15/279 2578/15/279 2582/15/279 2580/15/279
f 2655/15/279 2656/15/279 2581/15/279 2577/15/279
f 2609/15/278 2587/15/278 2605/15/278 2611/15/278
f 2591/15/280 2592/15/280 2600/15/280 2599/15/280
f 2589/15/346 2593/15/346 2601/15/346 2597/15/346
f 2592/15/347 2588/15/347 2596/15/347 2600/15/347
f 2577/15/281 2579/15/281 2589/15/281 2587/15/281
f 2607/15/274 2577/15/274 2587/15/274 2609/15/274
f 2579/15/348 2583/15/348 2593/15/348 2589/15/348
f 2632/15/280 2580/15/280 2591/15/280 2635/15/280
f 2624/15/275 2574/15/275 2585/15/275 2625/15/275
f 2580/15/280 2582/15/280 2592/15/280 2591/15/280
f 2578/15/281 2576/15/281 2584/15/281 2588/15/281
f 2582/15/347 2578/15/347 2588/15/347 2592/15/347
f 2648/15/281 2575/15/281 2586/15/281 2649/15/281
f 2583/15/280 2581/15/280 2590/15/280 2593/15/280
f 2594/15/278 2597/15/278 2601/15/278 2598/15/278
f 2595/15/278 2599/15/278 2600/15/278 2596/15/278
f 2659/15/278 2594/15/278 2598/15/278 2660/15/278
f 2587/15/281 2589/15/281 2597/15/281 2594/15/281
f 2657/15/281 2587/15/281 2594/15/281 2659/15/281
f 2593/15/280 2590/15/280 2598/15/280 2601/15/280
f 2635/15/280 2591/15/280 2599/15/280 2637/15/280
f 2588/15/281 2584/15/281 2595/15/281 2596/15/281
f 2625/15/278 2585/15/278 2603/15/278 2626/15/278
f 2634/15/278 2584/15/278 2602/15/278 2639/15/278
f 2649/15/278 2586/15/278 2604/15/278 2650/15/278
f 2584/15/278 2608/15/278 2610/15/278 2602/15/278
f 2663/15/278 2617/15/278 2611/15/278 2662/15/278
f 2576/15/275 2606/15/275 2608/15/275 2584/15/275
f 2615/15/274 2607/15/274 2609/15/274 2616/15/274
f 2616/15/278 2609/15/278 2611/15/278 2617/15/278
f 2652/15/279 2651/15/279 2607/15/279 2615/15/279
f 2653/15/279 2652/15/279 2615/15/279 2621/15/279
f 2622/15/278 2616/15/278 2617/15/278 2623/15/278
f 2621/15/274 2615/15/274 2616/15/274 2622/15/274
f 2661/15/281 2639/15/281 2672/15/281 2685/15/281
f 2608/15/278 2613/15/278 2614/15/278 2610/15/278
f 2606/15/275 2612/15/275 2613/15/275 2608/15/275
f 2665/15/278 2629/15/278 2623/15/278 2664/15/278
f 2627/15/274 2621/15/274 2622/15/274 2628/15/274
f 2628/15/278 2622/15/278 2623/15/278 2629/15/278
f 2654/15/279 2653/15/279 2621/15/279 2627/15/279
f 2613/15/278 2619/15/278 2620/15/278 2614/15/278
f 2612/15/275 2618/15/275 2619/15/275 2613/15/275
f 2648/15/279 2654/15/279 2627/15/279 2575/15/279
f 2586/15/278 2628/15/278 2629/15/278 2604/15/278
f 2575/15/274 2627/15/274 2628/15/274 2586/15/274
f 2663/15/274 2664/15/274 2688/15/274 2687/15/274
f 2619/15/278 2625/15/278 2626/15/278 2620/15/278
f 2618/15/275 2624/15/275 2625/15/275 2619/15/275
f 2603/15/280 2638/15/280 2684/15/280 2667/15/280
f 2574/15/279 2624/15/279 2646/15/279 2630/15/279
f 2624/15/279 2618/15/279 2645/15/279 2646/15/279
f 2626/15/278 2647/15/278 2644/15/278 2620/15/278
f 2604/15/275 2629/15/275 2682/15/275 2669/15/275
f 2618/15/279 2612/15/279 2642/15/279 2645/15/279
f 2612/15/279 2606/15/279 2641/15/279 2642/15/279
f 2614/15/278 2643/15/278 2640/15/278 2610/15/278
f 2585/15/278 2633/15/278 2638/15/278 2603/15/278
f 2657/15/278 2634/15/278 2639/15/278 2661/15/278
f 2658/15/280 2635/15/280 2637/15/280 2660/15/280
f 2584/15/281 2634/15/281 2636/15/281 2595/15/281
f 2595/15/278 2636/15/278 2637/15/278 2599/15/278
f 2574/15/281 2630/15/281 2633/15/281 2585/15/281
f 2656/15/280 2632/15/280 2635/15/280 2658/15/280
f 2576/15/279 2580/15/279 2632/15/279 2631/15/279
f 2606/15/279 2576/15/279 2631/15/279 2641/15/279
f 2581/15/280 2656/15/280 2658/15/280 2590/15/280
f 2590/15/280 2658/15/280 2660/15/280 2598/15/280
f 2587/15/278 2657/15/278 2661/15/278 2605/15/278
f 2638/15/278 2650/15/278 2665/15/278 2647/15/278
f 2630/15/279 2646/15/279 2654/15/279 2648/15/279
f 2646/15/279 2645/15/279 2653/15/279 2654/15/279
f 2647/15/278 2665/15/278 2664/15/278 2644/15/278
f 2644/15/278 2664/15/278 2663/15/278 2643/15/278
f 2645/15/279 2642/15/279 2652/15/279 2653/15/279
f 2642/15/279 2641/15/279 2651/15/279 2652/15/279
f 2643/15/278 2663/15/278 2662/15/278 2640/15/278
f 2633/15/278 2649/15/278 2650/15/278 2638/15/278
f 2634/15/281 2657/15/281 2659/15/281 2636/15/281
f 2636/15/278 2659/15/278 2660/15/278 2637/15/278
f 2630/15/281 2648/15/281 2649/15/281 2633/15/281
f 2631/15/279 2632/15/279 2656/15/279 2655/15/279
f 2641/15/279 2631/15/279 2655/15/279 2651/15/279
f 2602/15/274 2610/15/274 2674/15/274 2673/15/274
f 2640/15/280 2662/15/280 2686/15/280 2675/15/280
f 2643/15/281 2614/15/281 2679/15/281 2678/15/281
f 2638/15/275 2647/15/275 2683/15/275 2684/15/275
f 2626/15/274 2603/15/274 2667/15/274 2666/15/274
f 2610/15/280 2640/15/280 2675/15/280 2674/15/280
f 2605/15/281 2661/15/281 2685/15/281 2671/15/281
f 2665/15/349 2650/15/349 2668/15/349 2689/15/349
f 2620/15/280 2644/15/280 2681/15/280 2680/15/280
f 2650/15/280 2604/15/280 2669/15/280 2668/15/280
f 2647/15/281 2626/15/281 2666/15/281 2683/15/281
f 2662/15/280 2611/15/280 2670/15/280 2686/15/280
f 2611/15/275 2605/15/275 2671/15/275 2670/15/275
f 2617/15/281 2663/15/281 2687/15/281 2677/15/281
f 2623/15/275 2617/15/275 2677/15/275 2676/15/275
f 2639/15/281 2602/15/281 2673/15/281 2672/15/281
f 2664/15/280 2623/15/280 2676/15/280 2688/15/280
f 2644/15/275 2643/15/275 2678/15/275 2681/15/275
f 2629/15/281 2665/15/281 2689/15/281 2682/15/281
f 2614/15/274 2620/15/274 2680/15/274 2679/15/274
f 2714/15/279 2715/15/279 2742/15/279 2741/15/279
f 2695/15/279 2694/15/279 2696/15/279
f 2694/15/279 2691/15/279 2697/15/279 2696/15/279
f 2691/15/279 2693/15/279 2698/15/279 2697/15/279
f 2693/15/279 2692/15/279 2699/15/279 2698/15/279
f 2699/15/279 2692/15/279 2700/15/279
f 2692/15/279 2690/15/279 2701/15/279 2700/15/279
f 2702/15/279 2701/15/279 2690/15/279 2716/15/279
f 2702/15/279 2716/15/279 2703/15/279
f 2704/15/279 2703/15/279 2716/15/279 2715/15/279
f 2704/15/279 2715/15/279 2705/15/279
f 2705/15/279 2715/15/279 2706/15/279
f 2707/15/279 2706/15/279 2708/15/279
f 2708/15/279 2706/15/279 2709/15/279
f 2709/15/279 2706/15/279 2710/15/279
f 2706/15/279 2715/15/279 2710/15/279
f 2710/15/279 2715/15/279 2711/15/279
f 2711/15/279 2715/15/279 2712/15/279
f 2713/15/279 2712/15/279 2715/15/279 2714/15/279
f 2741/15/279 2742/15/279 2740/15/279
f 2739/15/279 2740/15/279 2742/15/279
f 2738/15/279 2739/15/279 2742/15/279
f 2737/15/279 2738/15/279 2742/15/279
f 2734/15/279 2735/15/279 2733/15/279
f 2735/15/279 2736/15/279 2733/15/279
f 2736/15/279 2737/15/279 2733/15/279
f 2742/15/279 2733/15/279 2737/15/279
f 2733/15/279 2742/15/279 2732/15/279
f 2731/15/279 2732/15/279 2742/15/279
f 2731/15/279 2742/15/279 2743/15/279 2730/15/279
f 2729/15/279 2730/15/279 2743/15/279
f 2729/15/279 2743/15/279 2717/15/279 2728/15/279
f 2719/15/279 2727/15/279 2728/15/279 2717/15/279
f 2727/15/279 2719/15/279 2726/15/279
f 2720/15/279 2725/15/279 2726/15/279 2719/15/279
f 2718/15/279 2724/15/279 2725/15/279 2720/15/279
f 2721/15/279 2723/15/279 2724/15/279 2718/15/279
f 2722/15/279 2723/15/279 2721/15/279
f 2768/15/278 2795/15/278 2796/15/278 2769/15/278
f 2749/15/278 2750/15/278 2748/15/278
f 2748/15/278 2750/15/278 2751/15/278 2745/15/278
f 2745/15/278 2751/15/278 2752/15/278 2747/15/278
f 2747/15/278 2752/15/278 2753/15/278 2746/15/278
f 2753/15/278 2754/15/278 2746/15/278
f 2746/15/278 2754/15/278 2755/15/278 2744/15/278
f 2756/15/278 2770/15/278 2744/15/278 2755/15/278
f 2756/15/278 2757/15/278 2770/15/278
f 2758/15/278 2769/15/278 2770/15/278 2757/15/278
f 2758/15/278 2759/15/278 2769/15/278
f 2759/15/278 2760/15/278 2769/15/278
f 2761/15/278 2762/15/278 2760/15/278
f 2762/15/278 2763/15/278 2760/15/278
f 2763/15/278 2764/15/278 2760/15/278
f 2760/15/278 2764/15/278 2769/15/278
f 2764/15/278 2765/15/278 2769/15/278
f 2765/15/278 2766/15/278 2769/15/278
f 2767/15/278 2768/15/278 2769/15/278 2766/15/278
f 2795/15/278 2794/15/278 2796/15/278
f 2793/15/278 2796/15/278 2794/15/278
f 2792/15/278 2796/15/278 2793/15/278
f 2791/15/278 2796/15/278 2792/15/278
f 2788/15/278 2787/15/278 2789/15/278
f 2789/15/278 2787/15/278 2790/15/278
f 2790/15/278 2787/15/278 2791/15/278
f 2796/15/278 2791/15/278 2787/15/278
f 2787/15/278 2786/15/278 2796/15/278
f 2785/15/278 2796/15/278 2786/15/278
f 2785/15/278 2784/15/278 2797/15/278 2796/15/278
f 2783/15/278 2797/15/278 2784/15/278
f 2783/15/278 2782/15/278 2771/15/278 2797/15/278
f 2773/15/278 2771/15/278 2782/15/278 2781/15/278
f 2781/15/278 2780/15/278 2773/15/278
f 2774/15/278 2773/15/278 2780/15/278 2779/15/278
f 2772/15/278 2774/15/278 2779/15/278 2778/15/278
f 2775/15/278 2772/15/278 2778/15/278 2777/15/278
f 2776/15/278 2775/15/278 2777/15/278
f 2723/15/350 2722/15/350 2776/15/350 2777/15/350
f 2696/15/351 2697/15/351 2751/15/351 2750/15/351
f 2724/15/352 2723/15/352 2777/15/352 2778/15/352
f 2697/15/353 2698/15/353 2752/15/353 2751/15/353
f 2725/15/354 2724/15/354 2778/15/354 2779/15/354
f 2698/15/355 2699/15/355 2753/15/355 2752/15/355
f 2726/15/356 2725/15/356 2779/15/356 2780/15/356
f 2699/15/357 2700/15/357 2754/15/357 2753/15/357
f 2727/15/358 2726/15/358 2780/15/358 2781/15/358
f 2700/15/359 2701/15/359 2755/15/359 2754/15/359
f 2728/15/360 2727/15/360 2781/15/360 2782/15/360
f 2701/15/361 2702/15/361 2756/15/361 2755/15/361
f 2729/15/362 2728/15/362 2782/15/362 2783/15/362
f 2702/15/363 2703/15/363 2757/15/363 2756/15/363
f 2730/15/364 2729/15/364 2783/15/364 2784/15/364
f 2703/15/365 2704/15/365 2758/15/365 2757/15/365
f 2731/15/366 2730/15/366 2784/15/366 2785/15/366
f 2704/15/367 2705/15/367 2759/15/367 2758/15/367
f 2732/15/368 2731/15/368 2785/15/368 2786/15/368
f 2705/15/369 2706/15/369 2760/15/369 2759/15/369
f 2733/15/370 2732/15/370 2786/15/370 2787/15/370
f 2706/15/371 2707/15/371 2761/15/371 2760/15/371
f 2734/15/372 2733/15/372 2787/15/372 2788/15/372
f 2707/15/373 2708/15/373 2762/15/373 2761/15/373
f 2735/15/374 2734/15/374 2788/15/374 2789/15/374
f 2708/15/375 2709/15/375 2763/15/375 2762/15/375
f 2736/15/399 2735/15/399 2789/15/399 2790/15/399
f 2709/15/400 2710/15/400 2764/15/400 2763/15/400
f 2737/15/378 2736/15/378 2790/15/378 2791/15/378
f 2710/15/379 2711/15/379 2765/15/379 2764/15/379
f 2738/15/380 2737/15/380 2791/15/380 2792/15/380
f 2711/15/381 2712/15/381 2766/15/381 2765/15/381
f 2739/15/382 2738/15/382 2792/15/382 2793/15/382
f 2712/15/383 2713/15/383 2767/15/383 2766/15/383
f 2740/15/384 2739/15/384 2793/15/384 2794/15/384
f 2713/15/385 2714/15/385 2768/15/385 2767/15/385
f 2741/15/386 2740/15/386 2794/15/386 2795/15/386
f 2743/15/279 2742/15/279 2800/15/279 2801/15/279
f 2742/15/279 2715/15/279 2798/15/279 2800/15/279
f 2716/15/275 2690/15/275 2744/15/275 2770/15/275
f 2690/15/275 2692/15/275 2746/15/275 2744/15/275
f 2717/15/274 2743/15/274 2797/15/274 2771/15/274
f 2719/15/274 2717/15/274 2771/15/274 2773/15/274
f 2691/15/387 2694/15/387 2748/15/387 2745/15/387
f 2716/15/388 2770/15/388 2803/15/388 2799/15/388
f 2721/15/389 2718/15/389 2772/15/389 2775/15/389
f 2693/15/390 2691/15/390 2745/15/390 2747/15/390
f 2714/15/281 2741/15/281 2795/15/281 2768/15/281
f 2718/15/391 2720/15/391 2774/15/391 2772/15/391
f 2692/15/392 2693/15/392 2747/15/392 2746/15/392
f 2720/15/393 2719/15/393 2773/15/393 2774/15/393
f 2694/15/394 2695/15/394 2749/15/394 2748/15/394
f 2722/15/395 2721/15/395 2775/15/395 2776/15/395
f 2695/15/396 2696/15/396 2750/15/396 2749/15/396
f 2798/15/280 2799/15/280 2803/15/280 2802/15/280
f 2801/15/280 2800/15/280 2804/15/280 2805/15/280
f 2800/15/280 2798/15/280 2802/15/280 2804/15/280
f 2770/15/397 2769/15/397 2802/15/397 2803/15/397
f 2797/15/398 2743/15/398 2801/15/398 2805/15/398
f 2769/15/397 2796/15/397 2804/15/397 2802/15/397
f 2796/15/397 2797/15/397 2805/15/397 2804/15/397
f 2715/15/279 2716/15/279 2799/15/279 2798/15/279
f 2883/15/279 2887/15/279 2809/15/279 2839/15/279
f 2809/15/279 2813/15/279 2815/15/279 2811/15/279
f 2808/15/279 2810/15/279 2814/15/279 2812/15/279
f 2887/15/279 2888/15/279 2813/15/279 2809/15/279
f 2841/15/278 2819/15/278 2837/15/278 2843/15/278
f 2823/15/280 2824/15/280 2832/15/280 2831/15/280
f 2821/15/401 2825/15/401 2833/15/401 2829/15/401
f 2824/15/402 2820/15/402 2828/15/402 2832/15/402
f 2809/15/281 2811/15/281 2821/15/281 2819/15/281
f 2839/15/274 2809/15/274 2819/15/274 2841/15/274
f 2811/15/403 2815/15/403 2825/15/403 2821/15/403
f 2864/15/280 2812/15/280 2823/15/280 2867/15/280
f 2856/15/275 2806/15/275 2817/15/275 2857/15/275
f 2812/15/280 2814/15/280 2824/15/280 2823/15/280
f 2810/15/281 2808/15/281 2816/15/281 2820/15/281
f 2814/15/402 2810/15/402 2820/15/402 2824/15/402
f 2880/15/281 2807/15/281 2818/15/281 2881/15/281
f 2815/15/280 2813/15/280 2822/15/280 2825/15/280
f 2826/15/278 2829/15/278 2833/15/278 2830/15/278
f 2827/15/278 2831/15/278 2832/15/278 2828/15/278
f 2891/15/278 2826/15/278 2830/15/278 2892/15/278
f 2819/15/281 2821/15/281 2829/15/281 2826/15/281
f 2889/15/281 2819/15/281 2826/15/281 2891/15/281
f 2825/15/280 2822/15/280 2830/15/280 2833/15/280
f 2867/15/280 2823/15/280 2831/15/280 2869/15/280
f 2820/15/281 2816/15/281 2827/15/281 2828/15/281
f 2857/15/278 2817/15/278 2835/15/278 2858/15/278
f 2866/15/278 2816/15/278 2834/15/278 2871/15/278
f 2881/15/278 2818/15/278 2836/15/278 2882/15/278
f 2816/15/278 2840/15/278 2842/15/278 2834/15/278
f 2895/15/278 2849/15/278 2843/15/278 2894/15/278
f 2808/15/275 2838/15/275 2840/15/275 2816/15/275
f 2847/15/274 2839/15/274 2841/15/274 2848/15/274
f 2848/15/278 2841/15/278 2843/15/278 2849/15/278
f 2884/15/279 2883/15/279 2839/15/279 2847/15/279
f 2885/15/279 2884/15/279 2847/15/279 2853/15/279
f 2854/15/278 2848/15/278 2849/15/278 2855/15/278
f 2853/15/274 2847/15/274 2848/15/274 2854/15/274
f 2893/15/281 2871/15/281 2904/15/281 2917/15/281
f 2840/15/278 2845/15/278 2846/15/278 2842/15/278
f 2838/15/275 2844/15/275 2845/15/275 2840/15/275
f 2897/15/278 2861/15/278 2855/15/278 2896/15/278
f 2859/15/274 2853/15/274 2854/15/274 2860/15/274
f 2860/15/278 2854/15/278 2855/15/278 2861/15/278
f 2886/15/279 2885/15/279 2853/15/279 2859/15/279
f 2845/15/278 2851/15/278 2852/15/278 2846/15/278
f 2844/15/275 2850/15/275 2851/15/275 2845/15/275
f 2880/15/279 2886/15/279 2859/15/279 2807/15/279
f 2818/15/278 2860/15/278 2861/15/278 2836/15/278
f 2807/15/274 2859/15/274 2860/15/274 2818/15/274
f 2895/15/274 2896/15/274 2920/15/274 2919/15/274
f 2851/15/278 2857/15/278 2858/15/278 2852/15/278
f 2850/15/275 2856/15/275 2857/15/275 2851/15/275
f 2835/15/280 2870/15/280 2916/15/280 2899/15/280
f 2806/15/279 2856/15/279 2878/15/279 2862/15/279
f 2856/15/279 2850/15/279 2877/15/279 2878/15/279
f 2858/15/278 2879/15/278 2876/15/278 2852/15/278
f 2836/15/275 2861/15/275 2914/15/275 2901/15/275
f 2850/15/279 2844/15/279 2874/15/279 2877/15/279
f 2844/15/279 2838/15/279 2873/15/279 2874/15/279
f 2846/15/278 2875/15/278 2872/15/278 2842/15/278
f 2817/15/278 2865/15/278 2870/15/278 2835/15/278
f 2889/15/278 2866/15/278 2871/15/278 2893/15/278
f 2890/15/280 2867/15/280 2869/15/280 2892/15/280
f 2816/15/281 2866/15/281 2868/15/281 2827/15/281
f 2827/15/278 2868/15/278 2869/15/278 2831/15/278
f 2806/15/281 2862/15/281 2865/15/281 2817/15/281
f 2888/15/280 2864/15/280 2867/15/280 2890/15/280
f 2808/15/279 2812/15/279 2864/15/279 2863/15/279
f 2838/15/279 2808/15/279 2863/15/279 2873/15/279
f 2813/15/280 2888/15/280 2890/15/280 2822/15/280
f 2822/15/280 2890/15/280 2892/15/280 2830/15/280
f 2819/15/278 2889/15/278 2893/15/278 2837/15/278
f 2870/15/278 2882/15/278 2897/15/278 2879/15/278
f 2862/15/279 2878/15/279 2886/15/279 2880/15/279
f 2878/15/279 2877/15/279 2885/15/279 2886/15/279
f 2879/15/278 2897/15/278 2896/15/278 2876/15/278
f 2876/15/278 2896/15/278 2895/15/278 2875/15/278
f 2877/15/279 2874/15/279 2884/15/279 2885/15/279
f 2874/15/279 2873/15/279 2883/15/279 2884/15/279
f 2875/15/278 2895/15/278 2894/15/278 2872/15/278
f 2865/15/278 2881/15/278 2882/15/278 2870/15/278
f 2866/15/281 2889/15/281 2891/15/281 2868/15/281
f 2868/15/278 2891/15/278 2892/15/278 2869/15/278
f 2862/15/281 2880/15/281 2881/15/281 2865/15/281
f 2863/15/279 2864/15/279 2888/15/279 2887/15/279
f 2873/15/279 2863/15/279 2887/15/279 2883/15/279
f 2834/15/274 2842/15/274 2906/15/274 2905/15/274
f 2872/15/280 2894/15/280 2918/15/280 2907/15/280
f 2875/15/281 2846/15/281 2911/15/281 2910/15/281
f 2870/15/275 2879/15/275 2915/15/275 2916/15/275
f 2858/15/274 2835/15/274 2899/15/274 2898/15/274
f 2842/15/280 2872/15/280 2907/15/280 2906/15/280
f 2837/15/281 2893/15/281 2917/15/281 2903/15/281
f 2897/15/404 2882/15/404 2900/15/404 2921/15/404
f 2852/15/280 2876/15/280 2913/15/280 2912/15/280
f 2882/15/280 2836/15/280 2901/15/280 2900/15/280
f 2879/15/281 2858/15/281 2898/15/281 2915/15/281
f 2894/15/280 2843/15/280 2902/15/280 2918/15/280
f 2843/15/275 2837/15/275 2903/15/275 2902/15/275
f 2849/15/281 2895/15/281 2919/15/281 2909/15/281
f 2855/15/275 2849/15/275 2909/15/275 2908/15/275
f 2871/15/281 2834/15/281 2905/15/281 2904/15/281
f 2896/15/280 2855/15/280 2908/15/280 2920/15/280
f 2876/15/275 2875/15/275 2910/15/275 2913/15/275
f 2861/15/281 2897/15/281 2921/15/281 2914/15/281
f 2846/15/274 2852/15/274 2912/15/274 2911/15/274
f 2946/15/279 2947/15/279 2974/15/279 2973/15/279
f 2927/15/279 2926/15/279 2928/15/279
f 2926/15/279 2923/15/279 2929/15/279 2928/15/279
f 2923/15/279 2925/15/279 2930/15/279 2929/15/279
f 2925/15/279 2924/15/279 2931/15/279 2930/15/279
f 2931/15/279 2924/15/279 2932/15/279
f 2924/15/279 2922/15/279 2933/15/279 2932/15/279
f 2934/15/279 2933/15/279 2922/15/279 2948/15/279
f 2934/15/279 2948/15/279 2935/15/279
f 2936/15/279 2935/15/279 2948/15/279 2947/15/279
f 2936/15/279 2947/15/279 2937/15/279
f 2937/15/279 2947/15/279 2938/15/279
f 2939/15/279 2938/15/279 2940/15/279
f 2940/15/279 2938/15/279 2941/15/279
f 2941/15/279 2938/15/279 2942/15/279
f 2938/15/279 2947/15/279 2942/15/279
f 2942/15/279 2947/15/279 2943/15/279
f 2943/15/279 2947/15/279 2944/15/279
f 2945/15/279 2944/15/279 2947/15/279 2946/15/279
f 2973/15/279 2974/15/279 2972/15/279
f 2971/15/279 2972/15/279 2974/15/279
f 2970/15/279 2971/15/279 2974/15/279
f 2969/15/279 2970/15/279 2974/15/279
f 2966/15/279 2967/15/279 2965/15/279
f 2967/15/279 2968/15/279 2965/15/279
f 2968/15/279 2969/15/279 2965/15/279
f 2974/15/279 2965/15/279 2969/15/279
f 2965/15/279 2974/15/279 2964/15/279
f 2963/15/279 2964/15/279 2974/15/279
f 2963/15/279 2974/15/279 2975/15/279 2962/15/279
f 2961/15/279 2962/15/279 2975/15/279
f 2961/15/279 2975/15/279 2949/15/279 2960/15/279
f 2951/15/279 2959/15/279 2960/15/279 2949/15/279
f 2959/15/279 2951/15/279 2958/15/279
f 2952/15/279 2957/15/279 2958/15/279 2951/15/279
f 2950/15/279 2956/15/279 2957/15/279 2952/15/279
f 2953/15/279 2955/15/279 2956/15/279 2950/15/279
f 2954/15/279 2955/15/279 2953/15/279
f 3000/15/278 3027/15/278 3028/15/278 3001/15/278
f 2981/15/278 2982/15/278 2980/15/278
f 2980/15/278 2982/15/278 2983/15/278 2977/15/278
f 2977/15/278 2983/15/278 2984/15/278 2979/15/278
f 2979/15/278 2984/15/278 2985/15/278 2978/15/278
f 2985/15/278 2986/15/278 2978/15/278
f 2978/15/278 2986/15/278 2987/15/278 2976/15/278
f 2988/15/278 3002/15/278 2976/15/278 2987/15/278
f 2988/15/278 2989/15/278 3002/15/278
f 2990/15/278 3001/15/278 3002/15/278 2989/15/278
f 2990/15/278 2991/15/278 3001/15/278
f 2991/15/278 2992/15/278 3001/15/278
f 2993/15/278 2994/15/278 2992/15/278
f 2994/15/278 2995/15/278 2992/15/278
f 2995/15/278 2996/15/278 2992/15/278
f 2992/15/278 2996/15/278 3001/15/278
f 2996/15/278 2997/15/278 3001/15/278
f 2997/15/278 2998/15/278 3001/15/278
f 2999/15/278 3000/15/278 3001/15/278 2998/15/278
f 3027/15/278 3026/15/278 3028/15/278
f 3025/15/278 3028/15/278 3026/15/278
f 3024/15/278 3028/15/278 3025/15/278
f 3023/15/278 3028/15/278 3024/15/278
f 3020/15/278 3019/15/278 3021/15/278
f 3021/15/278 3019/15/278 3022/15/278
f 3022/15/278 3019/15/278 3023/15/278
f 3028/15/278 3023/15/278 3019/15/278
f 3019/15/278 3018/15/278 3028/15/278
f 3017/15/278 3028/15/278 3018/15/278
f 3017/15/278 3016/15/278 3029/15/278 3028/15/278
f 3015/15/278 3029/15/278 3016/15/278
f 3015/15/278 3014/15/278 3003/15/278 3029/15/278
f 3005/15/278 3003/15/278 3014/15/278 3013/15/278
f 3013/15/278 3012/15/278 3005/15/278
f 3006/15/278 3005/15/278 3012/15/278 3011/15/278
f 3004/15/278 3006/15/278 3011/15/278 3010/15/278
f 3007/15/278 3004/15/278 3010/15/278 3009/15/278
f 3008/15/278 3007/15/278 3009/15/278
f 2955/15/405 2954/15/405 3008/15/405 3009/15/405
f 2928/15/406 2929/15/406 2983/15/406 2982/15/406
f 2956/15/407 2955/15/407 3009/15/407 3010/15/407
f 2929/15/408 2930/15/408 2984/15/408 2983/15/408
f 2957/15/409 2956/15/409 3010/15/409 3011/15/409
f 2930/15/410 2931/15/410 2985/15/410 2984/15/410
f 2958/15/411 2957/15/411 3011/15/411 3012/15/411
f 2931/15/412 2932/15/412 2986/15/412 2985/15/412
f 2959/15/413 2958/15/413 3012/15/413 3013/15/413
f 2932/15/414 2933/15/414 2987/15/414 2986/15/414
f 2960/15/415 2959/15/415 3013/15/415 3014/15/415
f 2933/15/416 2934/15/416 2988/15/416 2987/15/416
f 2961/15/417 2960/15/417 3014/15/417 3015/15/417
f 2934/15/418 2935/15/418 2989/15/418 2988/15/418
f 2962/15/419 2961/15/419 3015/15/419 3016/15/419
f 2935/15/420 2936/15/420 2990/15/420 2989/15/420
f 2963/15/421 2962/15/421 3016/15/421 3017/15/421
f 2936/15/422 2937/15/422 2991/15/422 2990/15/422
f 2964/15/423 2963/15/423 3017/15/423 3018/15/423
f 2937/15/424 2938/15/424 2992/15/424 2991/15/424
f 2965/15/425 2964/15/425 3018/15/425 3019/15/425
f 2938/15/426 2939/15/426 2993/15/426 2992/15/426
f 2966/15/427 2965/15/427 3019/15/427 3020/15/427
f 2939/15/428 2940/15/428 2994/15/428 2993/15/428
f 2967/15/429 2966/15/429 3020/15/429 3021/15/429
f 2940/15/430 2941/15/430 2995/15/430 2994/15/430
f 2968/15/431 2967/15/431 3021/15/431 3022/15/431
f 2941/15/432 2942/15/432 2996/15/432 2995/15/432
f 2969/15/433 2968/15/433 3022/15/433 3023/15/433
f 2942/15/434 2943/15/434 2997/15/434 2996/15/434
f 2970/15/435 2969/15/435 3023/15/435 3024/15/435
f 2943/15/436 2944/15/436 2998/15/436 2997/15/436
f 2971/15/437 2970/15/437 3024/15/437 3025/15/437
f 2944/15/438 2945/15/438 2999/15/438 2998/15/438
f 2972/15/439 2971/15/439 3025/15/439 3026/15/439
f 2945/15/440 2946/15/440 3000/15/440 2999/15/440
f 2973/15/441 2972/15/441 3026/15/441 3027/15/441
f 2975/15/279 2974/15/279 3032/15/279 3033/15/279
f 2974/15/279 2947/15/279 3030/15/279 3032/15/279
f 2948/15/275 2922/15/275 2976/15/275 3002/15/275
f 2922/15/275 2924/15/275 2978/15/275 2976/15/275
f 2949/15/274 2975/15/274 3029/15/274 3003/15/274
f 2951/15/274 2949/15/274 3003/15/274 3005/15/274
f 2923/15/442 2926/15/442 2980/15/442 2977/15/442
f 2948/15/443 3002/15/443 3035/15/443 3031/15/443
f 2953/15/444 2950/15/444 3004/15/444 3007/15/444
f 2925/15/445 2923/15/445 2977/15/445 2979/15/445
f 2946/15/281 2973/15/281 3027/15/281 3000/15/281
f 2950/15/446 2952/15/446 3006/15/446 3004/15/446
f 2924/15/447 2925/15/447 2979/15/447 2978/15/447
f 2952/15/448 2951/15/448 3005/15/448 3006/15/448
f 2926/15/449 2927/15/449 2981/15/449 2980/15/449
f 2954/15/450 2953/15/450 3007/15/450 3008/15/450
f 2927/15/451 2928/15/451 2982/15/451 2981/15/451
f 3030/15/280 3031/15/280 3035/15/280 3034/15/280
f 3033/15/280 3032/15/280 3036/15/280 3037/15/280
f 3032/15/280 3030/15/280 3034/15/280 3036/15/280
f 3002/15/397 3001/15/397 3034/15/397 3035/15/397
f 3029/15/452 2975/15/452 3033/15/452 3037/15/452
f 3001/15/397 3028/15/397 3036/15/397 3034/15/397
f 3028/15/397 3029/15/397 3037/15/397 3036/15/397
f 2947/15/279 2948/15/279 3031/15/279 3030/15/279
f 3115/15/279 3119/15/279 3041/15/279 3071/15/279
f 3041/15/279 3045/15/279 3047/15/279 3043/15/279
f 3040/15/279 3042/15/279 3046/15/279 3044/15/279
f 3119/15/279 3120/15/279 3045/15/279 3041/15/279
f 3073/15/278 3051/15/278 3069/15/278 3075/15/278
f 3055/15/280 3056/15/280 3064/15/280 3063/15/280
f 3053/15/346 3057/15/346 3065/15/346 3061/15/346
f 3056/15/347 3052/15/347 3060/15/347 3064/15/347
f 3041/15/281 3043/15/281 3053/15/281 3051/15/281
f 3071/15/274 3041/15/274 3051/15/274 3073/15/274
f 3043/15/348 3047/15/348 3057/15/348 3053/15/348
f 3096/15/280 3044/15/280 3055/15/280 3099/15/280
f 3088/15/275 3038/15/275 3049/15/275 3089/15/275
f 3044/15/280 3046/15/280 3056/15/280 3055/15/280
f 3042/15/281 3040/15/281 3048/15/281 3052/15/281
f 3046/15/347 3042/15/347 3052/15/347 3056/15/347
f 3112/15/281 3039/15/281 3050/15/281 3113/15/281
f 3047/15/280 3045/15/280 3054/15/280 3057/15/280
f 3058/15/278 3061/15/278 3065/15/278 3062/15/278
f 3059/15/278 3063/15/278 3064/15/278 3060/15/278
f 3123/15/278 3058/15/278 3062/15/278 3124/15/278
f 3051/15/281 3053/15/281 3061/15/281 3058/15/281
f 3121/15/281 3051/15/281 3058/15/281 3123/15/281
f 3057/15/280 3054/15/280 3062/15/280 3065/15/280
f 3099/15/280 3055/15/280 3063/15/280 3101/15/280
f 3052/15/281 3048/15/281 3059/15/281 3060/15/281
f 3089/15/278 3049/15/278 3067/15/278 3090/15/278
f 3098/15/278 3048/15/278 3066/15/278 3103/15/278
f 3113/15/278 3050/15/278 3068/15/278 3114/15/278
f 3048/15/278 3072/15/278 3074/15/278 3066/15/278
f 3127/15/278 3081/15/278 3075/15/278 3126/15/278
f 3040/15/275 3070/15/275 3072/15/275 3048/15/275
f 3079/15/274 3071/15/274 3073/15/274 3080/15/274
f 3080/15/278 3073/15/278 3075/15/278 3081/15/278
f 3116/15/279 3115/15/279 3071/15/279 3079/15/279
f 3117/15/279 3116/15/279 3079/15/279 3085/15/279
f 3086/15/278 3080/15/278 3081/15/278 3087/15/278
f 3085/15/274 3079/15/274 3080/15/274 3086/15/274
f 3125/15/281 3103/15/281 3136/15/281 3149/15/281
f 3072/15/278 3077/15/278 3078/15/278 3074/15/278
f 3070/15/275 3076/15/275 3077/15/275 3072/15/275
f 3129/15/278 3093/15/278 3087/15/278 3128/15/278
f 3091/15/274 3085/15/274 3086/15/274 3092/15/274
f 3092/15/278 3086/15/278 3087/15/278 3093/15/278
f 3118/15/279 3117/15/279 3085/15/279 3091/15/279
f 3077/15/278 3083/15/278 3084/15/278 3078/15/278
f 3076/15/275 3082/15/275 3083/15/275 3077/15/275
f 3112/15/279 3118/15/279 3091/15/279 3039/15/279
f 3050/15/278 3092/15/278 3093/15/278 3068/15/278
f 3039/15/274 3091/15/274 3092/15/274 3050/15/274
f 3127/15/274 3128/15/274 3152/15/274 3151/15/274
f 3083/15/278 3089/15/278 3090/15/278 3084/15/278
f 3082/15/275 3088/15/275 3089/15/275 3083/15/275
f 3067/15/280 3102/15/280 3148/15/280 3131/15/280
f 3038/15/279 3088/15/279 3110/15/279 3094/15/279
f 3088/15/279 3082/15/279 3109/15/279 3110/15/279
f 3090/15/278 3111/15/278 3108/15/278 3084/15/278
f 3068/15/275 3093/15/275 3146/15/275 3133/15/275
f 3082/15/279 3076/15/279 3106/15/279 3109/15/279
f 3076/15/279 3070/15/279 3105/15/279 3106/15/279
f 3078/15/278 3107/15/278 3104/15/278 3074/15/278
f 3049/15/278 3097/15/278 3102/15/278 3067/15/278
f 3121/15/278 3098/15/278 3103/15/278 3125/15/278
f 3122/15/280 3099/15/280 3101/15/280 3124/15/280
f 3048/15/281 3098/15/281 3100/15/281 3059/15/281
f 3059/15/278 3100/15/278 3101/15/278 3063/15/278
f 3038/15/281 3094/15/281 3097/15/281 3049/15/281
f 3120/15/280 3096/15/280 3099/15/280 3122/15/280
f 3040/15/279 3044/15/279 3096/15/279 3095/15/279
f 3070/15/279 3040/15/279 3095/15/279 3105/15/279
f 3045/15/280 3120/15/280 3122/15/280 3054/15/280
f 3054/15/280 3122/15/280 3124/15/280 3062/15/280
f 3051/15/278 3121/15/278 3125/15/278 3069/15/278
f 3102/15/278 3114/15/278 3129/15/278 3111/15/278
f 3094/15/279 3110/15/279 3118/15/279 3112/15/279
f 3110/15/279 3109/15/279 3117/15/279 3118/15/279
f 3111/15/278 3129/15/278 3128/15/278 3108/15/278
f 3108/15/278 3128/15/278 3127/15/278 3107/15/278
f 3109/15/279 3106/15/279 3116/15/279 3117/15/279
f 3106/15/279 3105/15/279 3115/15/279 3116/15/279
f 3107/15/278 3127/15/278 3126/15/278 3104/15/278
f 3097/15/278 3113/15/278 3114/15/278 3102/15/278
f 3098/15/281 3121/15/281 3123/15/281 3100/15/281
f 3100/15/278 3123/15/278 3124/15/278 3101/15/278
f 3094/15/281 3112/15/281 3113/15/281 3097/15/281
f 3095/15/279 3096/15/279 3120/15/279 3119/15/279
f 3105/15/279 3095/15/279 3119/15/279 3115/15/279
f 3066/15/274 3074/15/274 3138/15/274 3137/15/274
f 3104/15/280 3126/15/280 3150/15/280 3139/15/280
f 3107/15/281 3078/15/281 3143/15/281 3142/15/281
f 3102/15/275 3111/15/275 3147/15/275 3148/15/275
f 3090/15/274 3067/15/274 3131/15/274 3130/15/274
f 3074/15/280 3104/15/280 3139/15/280 3138/15/280
f 3069/15/281 3125/15/281 3149/15/281 3135/15/281
f 3129/15/349 3114/15/349 3132/15/349 3153/15/349
f 3084/15/280 3108/15/280 3145/15/280 3144/15/280
f 3114/15/280 3068/15/280 3133/15/280 3132/15/280
f 3111/15/281 3090/15/281 3130/15/281 3147/15/281
f 3126/15/280 3075/15/280 3134/15/280 3150/15/280
f 3075/15/275 3069/15/275 3135/15/275 3134/15/275
f 3081/15/281 3127/15/281 3151/15/281 3141/15/281
f 3087/15/275 3081/15/275 3141/15/275 3140/15/275
f 3103/15/281 3066/15/281 3137/15/281 3136/15/281
f 3128/15/280 3087/15/280 3140/15/280 3152/15/280
f 3108/15/275 3107/15/275 3142/15/275 3145/15/275
f 3093/15/281 3129/15/281 3153/15/281 3146/15/281
f 3078/15/274 3084/15/274 3144/15/274 3143/15/274
f 3178/15/279 3179/15/279 3206/15/279 3205/15/279
f 3159/15/279 3158/15/279 3160/15/279
f 3158/15/279 3155/15/279 3161/15/279 3160/15/279
f 3155/15/279 3157/15/279 3162/15/279 3161/15/279
f 3157/15/279 3156/15/279 3163/15/279 3162/15/279
f 3163/15/279 3156/15/279 3164/15/279
f 3156/15/279 3154/15/279 3165/15/279 3164/15/279
f 3166/15/279 3165/15/279 3154/15/279 3180/15/279
f 3166/15/279 3180/15/279 3167/15/279
f 3168/15/279 3167/15/279 3180/15/279 3179/15/279
f 3168/15/279 3179/15/279 3169/15/279
f 3169/15/279 3179/15/279 3170/15/279
f 3171/15/279 3170/15/279 3172/15/279
f 3172/15/279 3170/15/279 3173/15/279
f 3173/15/279 3170/15/279 3174/15/279
f 3170/15/279 3179/15/279 3174/15/279
f 3174/15/279 3179/15/279 3175/15/279
f 3175/15/279 3179/15/279 3176/15/279
f 3177/15/279 3176/15/279 3179/15/279 3178/15/279
f 3205/15/279 3206/15/279 3204/15/279
f 3203/15/279 3204/15/279 3206/15/279
f 3202/15/279 3203/15/279 3206/15/279
f 3201/15/279 3202/15/279 3206/15/279
f 3198/15/279 3199/15/279 3197/15/279
f 3199/15/279 3200/15/279 3197/15/279
f 3200/15/279 3201/15/279 3197/15/279
f 3206/15/279 3197/15/279 3201/15/279
f 3197/15/279 3206/15/279 3196/15/279
f 3195/15/279 3196/15/279 3206/15/279
f 3195/15/279 3206/15/279 3207/15/279 3194/15/279
f 3193/15/279 3194/15/279 3207/15/279
f 3193/15/279 3207/15/279 3181/15/279 3192/15/279
f 3183/15/279 3191/15/279 3192/15/279 3181/15/279
f 3191/15/279 3183/15/279 3190/15/279
f 3184/15/279 3189/15/279 3190/15/279 3183/15/279
f 3182/15/279 3188/15/279 3189/15/279 3184/15/279
f 3185/15/279 3187/15/279 3188/15/279 3182/15/279
f 3186/15/279 3187/15/279 3185/15/279
f 3232/15/278 3259/15/278 3260/15/278 3233/15/278
f 3213/15/278 3214/15/278 3212/15/278
f 3212/15/278 3214/15/278 3215/15/278 3209/15/278
f 3209/15/278 3215/15/278 3216/15/278 3211/15/278
f 3211/15/278 3216/15/278 3217/15/278 3210/15/278
f 3217/15/278 3218/15/278 3210/15/278
f 3210/15/278 3218/15/278 3219/15/278 3208/15/278
f 3220/15/278 3234/15/278 3208/15/278 3219/15/278
f 3220/15/278 3221/15/278 3234/15/278
f 3222/15/278 3233/15/278 3234/15/278 3221/15/278
f 3222/15/278 3223/15/278 3233/15/278
f 3223/15/278 3224/15/278 3233/15/278
f 3225/15/278 3226/15/278 3224/15/278
f 3226/15/278 3227/15/278 3224/15/278
f 3227/15/278 3228/15/278 3224/15/278
f 3224/15/278 3228/15/278 3233/15/278
f 3228/15/278 3229/15/278 3233/15/278
f 3229/15/278 3230/15/278 3233/15/278
f 3231/15/278 3232/15/278 3233/15/278 3230/15/278
f 3259/15/278 3258/15/278 3260/15/278
f 3257/15/278 3260/15/278 3258/15/278
f 3256/15/278 3260/15/278 3257/15/278
f 3255/15/278 3260/15/278 3256/15/278
f 3252/15/278 3251/15/278 3253/15/278
f 3253/15/278 3251/15/278 3254/15/278
f 3254/15/278 3251/15/278 3255/15/278
f 3260/15/278 3255/15/278 3251/15/278
f 3251/15/278 3250/15/278 3260/15/278
f 3249/15/278 3260/15/278 3250/15/278
f 3249/15/278 3248/15/278 3261/15/278 3260/15/278
f 3247/15/278 3261/15/278 3248/15/278
f 3247/15/278 3246/15/278 3235/15/278 3261/15/278
f 3237/15/278 3235/15/278 3246/15/278 3245/15/278
f 3245/15/278 3244/15/278 3237/15/278
f 3238/15/278 3237/15/278 3244/15/278 3243/15/278
f 3236/15/278 3238/15/278 3243/15/278 3242/15/278
f 3239/15/278 3236/15/278 3242/15/278 3241/15/278
f 3240/15/278 3239/15/278 3241/15/278
f 3187/15/350 3186/15/350 3240/15/350 3241/15/350
f 3160/15/351 3161/15/351 3215/15/351 3214/15/351
f 3188/15/352 3187/15/352 3241/15/352 3242/15/352
f 3161/15/353 3162/15/353 3216/15/353 3215/15/353
f 3189/15/354 3188/15/354 3242/15/354 3243/15/354
f 3162/15/453 3163/15/453 3217/15/453 3216/15/453
f 3190/15/356 3189/15/356 3243/15/356 3244/15/356
f 3163/15/357 3164/15/357 3218/15/357 3217/15/357
f 3191/15/358 3190/15/358 3244/15/358 3245/15/358
f 3164/15/454 3165/15/454 3219/15/454 3218/15/454
f 3192/15/360 3191/15/360 3245/15/360 3246/15/360
f 3165/15/361 3166/15/361 3220/15/361 3219/15/361
f 3193/15/362 3192/15/362 3246/15/362 3247/15/362
f 3166/15/363 3167/15/363 3221/15/363 3220/15/363
f 3194/15/364 3193/15/364 3247/15/364 3248/15/364
f 3167/15/365 3168/15/365 3222/15/365 3221/15/365
f 3195/15/366 3194/15/366 3248/15/366 3249/15/366
f 3168/15/367 3169/15/367 3223/15/367 3222/15/367
f 3196/15/368 3195/15/368 3249/15/368 3250/15/368
f 3169/15/369 3170/15/369 3224/15/369 3223/15/369
f 3197/15/370 3196/15/370 3250/15/370 3251/15/370
f 3170/15/371 3171/15/371 3225/15/371 3224/15/371
f 3198/15/372 3197/15/372 3251/15/372 3252/15/372
f 3171/15/373 3172/15/373 3226/15/373 3225/15/373
f 3199/15/374 3198/15/374 3252/15/374 3253/15/374
f 3172/15/455 3173/15/455 3227/15/455 3226/15/455
f 3200/15/399 3199/15/399 3253/15/399 3254/15/399
f 3173/15/400 3174/15/400 3228/15/400 3227/15/400
f 3201/15/378 3200/15/378 3254/15/378 3255/15/378
f 3174/15/379 3175/15/379 3229/15/379 3228/15/379
f 3202/15/380 3201/15/380 3255/15/380 3256/15/380
f 3175/15/381 3176/15/381 3230/15/381 3229/15/381
f 3203/15/382 3202/15/382 3256/15/382 3257/15/382
f 3176/15/456 3177/15/456 3231/15/456 3230/15/456
f 3204/15/384 3203/15/384 3257/15/384 3258/15/384
f 3177/15/385 3178/15/385 3232/15/385 3231/15/385
f 3205/15/386 3204/15/386 3258/15/386 3259/15/386
f 3207/15/279 3206/15/279 3264/15/279 3265/15/279
f 3206/15/279 3179/15/279 3262/15/279 3264/15/279
f 3180/15/275 3154/15/275 3208/15/275 3234/15/275
f 3154/15/275 3156/15/275 3210/15/275 3208/15/275
f 3181/15/274 3207/15/274 3261/15/274 3235/15/274
f 3183/15/274 3181/15/274 3235/15/274 3237/15/274
f 3155/15/387 3158/15/387 3212/15/387 3209/15/387
f 3180/15/388 3234/15/388 3267/15/388 3263/15/388
f 3185/15/389 3182/15/389 3236/15/389 3239/15/389
f 3157/15/390 3155/15/390 3209/15/390 3211/15/390
f 3178/15/281 3205/15/281 3259/15/281 3232/15/281
f 3182/15/391 3184/15/391 3238/15/391 3236/15/391
f 3156/15/392 3157/15/392 3211/15/392 3210/15/392
f 3184/15/393 3183/15/393 3237/15/393 3238/15/393
f 3158/15/394 3159/15/394 3213/15/394 3212/15/394
f 3186/15/395 3185/15/395 3239/15/395 3240/15/395
f 3159/15/396 3160/15/396 3214/15/396 3213/15/396
f 3262/15/280 3263/15/280 3267/15/280 3266/15/280
f 3265/15/280 3264/15/280 3268/15/280 3269/15/280
f 3264/15/280 3262/15/280 3266/15/280 3268/15/280
f 3234/15/397 3233/15/397 3266/15/397 3267/15/397
f 3261/15/398 3207/15/398 3265/15/398 3269/15/398
f 3233/15/397 3260/15/397 3268/15/397 3266/15/397
f 3260/15/397 3261/15/397 3269/15/397 3268/15/397
f 3179/15/279 3180/15/279 3263/15/279 3262/15/279
f 3347/15/279 3351/15/279 3273/15/279 3303/15/279
f 3273/15/279 3277/15/279 3279/15/279 3275/15/279
f 3272/15/279 3274/15/279 3278/15/279 3276/15/279
f 3351/15/279 3352/15/279 3277/15/279 3273/15/279
f 3305/15/278 3283/15/278 3301/15/278 3307/15/278
f 3287/15/280 3288/15/280 3296/15/280 3295/15/280
f 3285/15/346 3289/15/346 3297/15/346 3293/15/346
f 3288/15/347 3284/15/347 3292/15/347 3296/15/347
f 3273/15/281 3275/15/281 3285/15/281 3283/15/281
f 3303/15/274 3273/15/274 3283/15/274 3305/15/274
f 3275/15/348 3279/15/348 3289/15/348 3285/15/348
f 3328/15/280 3276/15/280 3287/15/280 3331/15/280
f 3320/15/275 3270/15/275 3281/15/275 3321/15/275
f 3276/15/280 3278/15/280 3288/15/280 3287/15/280
f 3274/15/281 3272/15/281 3280/15/281 3284/15/281
f 3278/15/347 3274/15/347 3284/15/347 3288/15/347
f 3344/15/281 3271/15/281 3282/15/281 3345/15/281
f 3279/15/280 3277/15/280 3286/15/280 3289/15/280
f 3290/15/278 3293/15/278 3297/15/278 3294/15/278
f 3291/15/278 3295/15/278 3296/15/278 3292/15/278
f 3355/15/278 3290/15/278 3294/15/278 3356/15/278
f 3283/15/281 3285/15/281 3293/15/281 3290/15/281
f 3353/15/281 3283/15/281 3290/15/281 3355/15/281
f 3289/15/280 3286/15/280 3294/15/280 3297/15/280
f 3331/15/280 3287/15/280 3295/15/280 3333/15/280
f 3284/15/281 3280/15/281 3291/15/281 3292/15/281
f 3321/15/278 3281/15/278 3299/15/278 3322/15/278
f 3330/15/278 3280/15/278 3298/15/278 3335/15/278
f 3345/15/278 3282/15/278 3300/15/278 3346/15/278
f 3280/15/278 3304/15/278 3306/15/278 3298/15/278
f 3359/15/278 3313/15/278 3307/15/278 3358/15/278
f 3272/15/275 3302/15/275 3304/15/275 3280/15/275
f 3311/15/274 3303/15/274 3305/15/274 3312/15/274
f 3312/15/278 3305/15/278 3307/15/278 3313/15/278
f 3348/15/279 3347/15/279 3303/15/279 3311/15/279
f 3349/15/279 3348/15/279 3311/15/279 3317/15/279
f 3318/15/278 3312/15/278 3313/15/278 3319/15/278
f 3317/15/274 3311/15/274 3312/15/274 3318/15/274
f 3357/15/281 3335/15/281 3368/15/281 3381/15/281
f 3304/15/278 3309/15/278 3310/15/278 3306/15/278
f 3302/15/275 3308/15/275 3309/15/275 3304/15/275
f 3361/15/278 3325/15/278 3319/15/278 3360/15/278
f 3323/15/274 3317/15/274 3318/15/274 3324/15/274
f 3324/15/278 3318/15/278 3319/15/278 3325/15/278
f 3350/15/279 3349/15/279 3317/15/279 3323/15/279
f 3309/15/278 3315/15/278 3316/15/278 3310/15/278
f 3308/15/275 3314/15/275 3315/15/275 3309/15/275
f 3344/15/279 3350/15/279 3323/15/279 3271/15/279
f 3282/15/278 3324/15/278 3325/15/278 3300/15/278
f 3271/15/274 3323/15/274 3324/15/274 3282/15/274
f 3359/15/274 3360/15/274 3384/15/274 3383/15/274
f 3315/15/278 3321/15/278 3322/15/278 3316/15/278
f 3314/15/275 3320/15/275 3321/15/275 3315/15/275
f 3299/15/280 3334/15/280 3380/15/280 3363/15/280
f 3270/15/279 3320/15/279 3342/15/279 3326/15/279
f 3320/15/279 3314/15/279 3341/15/279 3342/15/279
f 3322/15/278 3343/15/278 3340/15/278 3316/15/278
f 3300/15/275 3325/15/275 3378/15/275 3365/15/275
f 3314/15/279 3308/15/279 3338/15/279 3341/15/279
f 3308/15/279 3302/15/279 3337/15/279 3338/15/279
f 3310/15/278 3339/15/278 3336/15/278 3306/15/278
f 3281/15/278 3329/15/278 3334/15/278 3299/15/278
f 3353/15/278 3330/15/278 3335/15/278 3357/15/278
f 3354/15/280 3331/15/280 3333/15/280 3356/15/280
f 3280/15/281 3330/15/281 3332/15/281 3291/15/281
f 3291/15/278 3332/15/278 3333/15/278 3295/15/278
f 3270/15/281 3326/15/281 3329/15/281 3281/15/281
f 3352/15/280 3328/15/280 3331/15/280 3354/15/280
f 3272/15/279 3276/15/279 3328/15/279 3327/15/279
f 3302/15/279 3272/15/279 3327/15/279 3337/15/279
f 3277/15/280 3352/15/280 3354/15/280 3286/15/280
f 3286/15/280 3354/15/280 3356/15/280 3294/15/280
f 3283/15/278 3353/15/278 3357/15/278 3301/15/278
f 3334/15/278 3346/15/278 3361/15/278 3343/15/278
f 3326/15/279 3342/15/279 3350/15/279 3344/15/279
f 3342/15/279 3341/15/279 3349/15/279 3350/15/279
f 3343/15/278 3361/15/278 3360/15/278 3340/15/278
f 3340/15/278 3360/15/278 3359/15/278 3339/15/278
f 3341/15/279 3338/15/279 3348/15/279 3349/15/279
f 3338/15/279 3337/15/279 3347/15/279 3348/15/279
f 3339/15/278 3359/15/278 3358/15/278 3336/15/278
f 3329/15/278 3345/15/278 3346/15/278 3334/15/278
f 3330/15/281 3353/15/281 3355/15/281 3332/15/281
f 3332/15/278 3355/15/278 3356/15/278 3333/15/278
f 3326/15/281 3344/15/281 3345/15/281 3329/15/281
f 3327/15/279 3328/15/279 3352/15/279 3351/15/279
f 3337/15/279 3327/15/279 3351/15/279 3347/15/279
f 3298/15/274 3306/15/274 3370/15/274 3369/15/274
f 3336/15/280 3358/15/280 3382/15/280 3371/15/280
f 3339/15/281 3310/15/281 3375/15/281 3374/15/281
f 3334/15/275 3343/15/275 3379/15/275 3380/15/275
f 3322/15/274 3299/15/274 3363/15/274 3362/15/274
f 3306/15/280 3336/15/280 3371/15/280 3370/15/280
f 3301/15/281 3357/15/281 3381/15/281 3367/15/281
f 3361/15/349 3346/15/349 3364/15/349 3385/15/349
f 3316/15/280 3340/15/280 3377/15/280 3376/15/280
f 3346/15/280 3300/15/280 3365/15/280 3364/15/280
f 3343/15/281 3322/15/281 3362/15/281 3379/15/281
f 3358/15/280 3307/15/280 3366/15/280 3382/15/280
f 3307/15/275 3301/15/275 3367/15/275 3366/15/275
f 3313/15/281 3359/15/281 3383/15/281 3373/15/281
f 3319/15/275 3313/15/275 3373/15/275 3372/15/275
f 3335/15/281 3298/15/281 3369/15/281 3368/15/281
f 3360/15/280 3319/15/280 3372/15/280 3384/15/280
f 3340/15/275 3339/15/275 3374/15/275 3377/15/275
f 3325/15/281 3361/15/281 3385/15/281 3378/15/281
f 3310/15/274 3316/15/274 3376/15/274 3375/15/274
f 3410/15/279 3411/15/279 3438/15/279 3437/15/279
f 3391/15/279 3390/15/279 3392/15/279
f 3390/15/279 3387/15/279 3393/15/279 3392/15/279
f 3387/15/279 3389/15/279 3394/15/279 3393/15/279
f 3389/15/279 3388/15/279 3395/15/279 3394/15/279
f 3395/15/279 3388/15/279 3396/15/279
f 3388/15/279 3386/15/279 3397/15/279 3396/15/279
f 3398/15/279 3397/15/279 3386/15/279 3412/15/279
f 3398/15/279 3412/15/279 3399/15/279
f 3400/15/279 3399/15/279 3412/15/279 3411/15/279
f 3400/15/279 3411/15/279 3401/15/279
f 3401/15/279 3411/15/279 3402/15/279
f 3403/15/279 3402/15/279 3404/15/279
f 3404/15/279 3402/15/279 3405/15/279
f 3405/15/279 3402/15/279 3406/15/279
f 3402/15/279 3411/15/279 3406/15/279
f 3406/15/279 3411/15/279 3407/15/279
f 3407/15/279 3411/15/279 3408/15/279
f 3409/15/279 3408/15/279 3411/15/279 3410/15/279
f 3437/15/279 3438/15/279 3436/15/279
f 3435/15/279 3436/15/279 3438/15/279
f 3434/15/279 3435/15/279 3438/15/279
f 3433/15/279 3434/15/279 3438/15/279
f 3430/15/279 3431/15/279 3429/15/279
f 3431/15/279 3432/15/279 3429/15/279
f 3432/15/279 3433/15/279 3429/15/279
f 3438/15/279 3429/15/279 3433/15/279
f 3429/15/279 3438/15/279 3428/15/279
f 3427/15/279 3428/15/279 3438/15/279
f 3427/15/279 3438/15/279 3439/15/279 3426/15/279
f 3425/15/279 3426/15/279 3439/15/279
f 3425/15/279 3439/15/279 3413/15/279 3424/15/279
f 3415/15/279 3423/15/279 3424/15/279 3413/15/279
f 3423/15/279 3415/15/279 3422/15/279
f 3416/15/279 3421/15/279 3422/15/279 3415/15/279
f 3414/15/279 3420/15/279 3421/15/279 3416/15/279
f 3417/15/279 3419/15/279 3420/15/279 3414/15/279
f 3418/15/279 3419/15/279 3417/15/279
f 3464/15/278 3491/15/278 3492/15/278 3465/15/278
f 3445/15/278 3446/15/278 3444/15/278
f 3444/15/278 3446/15/278 3447/15/278 3441/15/278
f 3441/15/278 3447/15/278 3448/15/278 3443/15/278
f 3443/15/278 3448/15/278 3449/15/278 3442/15/278
f 3449/15/278 3450/15/278 3442/15/278
f 3442/15/278 3450/15/278 3451/15/278 3440/15/278
f 3452/15/278 3466/15/278 3440/15/278 3451/15/278
f 3452/15/278 3453/15/278 3466/15/278
f 3454/15/278 3465/15/278 3466/15/278 3453/15/278
f 3454/15/278 3455/15/278 3465/15/278
f 3455/15/278 3456/15/278 3465/15/278
f 3457/15/278 3458/15/278 3456/15/278
f 3458/15/278 3459/15/278 3456/15/278
f 3459/15/278 3460/15/278 3456/15/278
f 3456/15/278 3460/15/278 3465/15/278
f 3460/15/278 3461/15/278 3465/15/278
f 3461/15/278 3462/15/278 3465/15/278
f 3463/15/278 3464/15/278 3465/15/278 3462/15/278
f 3491/15/278 3490/15/278 3492/15/278
f 3489/15/278 3492/15/278 3490/15/278
f 3488/15/278 3492/15/278 3489/15/278
f 3487/15/278 3492/15/278 3488/15/278
f 3484/15/278 3483/15/278 3485/15/278
f 3485/15/278 3483/15/278 3486/15/278
f 3486/15/278 3483/15/278 3487/15/278
f 3492/15/278 3487/15/278 3483/15/278
f 3483/15/278 3482/15/278 3492/15/278
f 3481/15/278 3492/15/278 3482/15/278
f 3481/15/278 3480/15/278 3493/15/278 3492/15/278
f 3479/15/278 3493/15/278 3480/15/278
f 3479/15/278 3478/15/278 3467/15/278 3493/15/278
f 3469/15/278 3467/15/278 3478/15/278 3477/15/278
f 3477/15/278 3476/15/278 3469/15/278
f 3470/15/278 3469/15/278 3476/15/278 3475/15/278
f 3468/15/278 3470/15/278 3475/15/278 3474/15/278
f 3471/15/278 3468/15/278 3474/15/278 3473/15/278
f 3472/15/278 3471/15/278 3473/15/278
f 3419/15/350 3418/15/350 3472/15/350 3473/15/350
f 3392/15/351 3393/15/351 3447/15/351 3446/15/351
f 3420/15/352 3419/15/352 3473/15/352 3474/15/352
f 3393/15/353 3394/15/353 3448/15/353 3447/15/353
f 3421/15/354 3420/15/354 3474/15/354 3475/15/354
f 3394/15/355 3395/15/355 3449/15/355 3448/15/355
f 3422/15/356 3421/15/356 3475/15/356 3476/15/356
f 3395/15/357 3396/15/357 3450/15/357 3449/15/357
f 3423/15/358 3422/15/358 3476/15/358 3477/15/358
f 3396/15/454 3397/15/454 3451/15/454 3450/15/454
f 3424/15/360 3423/15/360 3477/15/360 3478/15/360
f 3397/15/361 3398/15/361 3452/15/361 3451/15/361
f 3425/15/362 3424/15/362 3478/15/362 3479/15/362
f 3398/15/363 3399/15/363 3453/15/363 3452/15/363
f 3426/15/457 3425/15/457 3479/15/457 3480/15/457
f 3399/15/365 3400/15/365 3454/15/365 3453/15/365
f 3427/15/366 3426/15/366 3480/15/366 3481/15/366
f 3400/15/367 3401/15/367 3455/15/367 3454/15/367
f 3428/15/368 3427/15/368 3481/15/368 3482/15/368
f 3401/15/369 3402/15/369 3456/15/369 3455/15/369
f 3429/15/370 3428/15/370 3482/15/370 3483/15/370
f 3402/15/371 3403/15/371 3457/15/371 3456/15/371
f 3430/15/372 3429/15/372 3483/15/372 3484/15/372
f 3403/15/373 3404/15/373 3458/15/373 3457/15/373
f 3431/15/374 3430/15/374 3484/15/374 3485/15/374
f 3404/15/455 3405/15/455 3459/15/455 3458/15/455
f 3432/15/399 3431/15/399 3485/15/399 3486/15/399
f 3405/15/400 3406/15/400 3460/15/400 3459/15/400
f 3433/15/378 3432/15/378 3486/15/378 3487/15/378
f 3406/15/379 3407/15/379 3461/15/379 3460/15/379
f 3434/15/380 3433/15/380 3487/15/380 3488/15/380
f 3407/15/381 3408/15/381 3462/15/381 3461/15/381
f 3435/15/382 3434/15/382 3488/15/382 3489/15/382
f 3408/15/383 3409/15/383 3463/15/383 3462/15/383
f 3436/15/384 3435/15/384 3489/15/384 3490/15/384
f 3409/15/385 3410/15/385 3464/15/385 3463/15/385
f 3437/15/386 3436/15/386 3490/15/386 3491/15/386
f 3439/15/279 3438/15/279 3496/15/279 3497/15/279
f 3438/15/279 3411/15/279 3494/15/279 3496/15/279
f 3412/15/275 3386/15/275 3440/15/275 3466/15/275
f 3386/15/275 3388/15/275 3442/15/275 3440/15/275
f 3413/15/274 3439/15/274 3493/15/274 3467/15/274
f 3415/15/274 3413/15/274 3467/15/274 3469/15/274
f 3387/15/387 3390/15/387 3444/15/387 3441/15/387
f 3412/15/388 3466/15/388 3499/15/388 3495/15/388
f 3417/15/389 3414/15/389 3468/15/389 3471/15/389
f 3389/15/390 3387/15/390 3441/15/390 3443/15/390
f 3410/15/281 3437/15/281 3491/15/281 3464/15/281
f 3414/15/391 3416/15/391 3470/15/391 3468/15/391
f 3388/15/392 3389/15/392 3443/15/392 3442/15/392
f 3416/15/393 3415/15/393 3469/15/393 3470/15/393
f 3390/15/394 3391/15/394 3445/15/394 3444/15/394
f 3418/15/395 3417/15/395 3471/15/395 3472/15/395
f 3391/15/396 3392/15/396 3446/15/396 3445/15/396
f 3494/15/280 3495/15/280 3499/15/280 3498/15/280
f 3497/15/280 3496/15/280 3500/15/280 3501/15/280
f 3496/15/280 3494/15/280 3498/15/280 3500/15/280
f 3466/15/397 3465/15/397 3498/15/397 3499/15/397
f 3493/15/398 3439/15/398 3497/15/398 3501/15/398
f 3465/15/397 3492/15/397 3500/15/397 3498/15/397
f 3492/15/397 3493/15/397 3501/15/397 3500/15/397
f 3411/15/279 3412/15/279 3495/15/279 3494/15/279
f 3579/15/278 3583/15/278 3505/15/278 3535/15/278
f 3505/15/278 3509/15/278 3511/15/278 3507/15/278
f 3504/15/278 3506/15/278 3510/15/278 3508/15/278
f 3583/15/278 3584/15/278 3509/15/278 3505/15/278
f 3537/15/279 3515/15/279 3533/15/279 3539/15/279
f 3519/15/280 3520/15/280 3528/15/280 3527/15/280
f 3517/15/458 3521/15/458 3529/15/458 3525/15/458
f 3520/15/459 3516/15/459 3524/15/459 3528/15/459
f 3505/15/281 3507/15/281 3517/15/281 3515/15/281
f 3535/15/275 3505/15/275 3515/15/275 3537/15/275
f 3507/15/460 3511/15/460 3521/15/460 3517/15/460
f 3560/15/280 3508/15/280 3519/15/280 3563/15/280
f 3552/15/274 3502/15/274 3513/15/274 3553/15/274
f 3508/15/280 3510/15/280 3520/15/280 3519/15/280
f 3506/15/281 3504/15/281 3512/15/281 3516/15/281
f 3510/15/459 3506/15/459 3516/15/459 3520/15/459
f 3576/15/281 3503/15/281 3514/15/281 3577/15/281
f 3511/15/280 3509/15/280 3518/15/280 3521/15/280
f 3522/15/279 3525/15/279 3529/15/279 3526/15/279
f 3523/15/279 3527/15/279 3528/15/279 3524/15/279
f 3587/15/279 3522/15/279 3526/15/279 3588/15/279
f 3515/15/281 3517/15/281 3525/15/281 3522/15/281
f 3585/15/281 3515/15/281 3522/15/281 3587/15/281
f 3521/15/280 3518/15/280 3526/15/280 3529/15/280
f 3563/15/280 3519/15/280 3527/15/280 3565/15/280
f 3516/15/281 3512/15/281 3523/15/281 3524/15/281
f 3553/15/279 3513/15/279 3531/15/279 3554/15/279
f 3562/15/279 3512/15/279 3530/15/279 3567/15/279
f 3577/15/279 3514/15/279 3532/15/279 3578/15/279
f 3512/15/279 3536/15/279 3538/15/279 3530/15/279
f 3591/15/279 3545/15/279 3539/15/279 3590/15/279
f 3504/15/274 3534/15/274 3536/15/274 3512/15/274
f 3543/15/275 3535/15/275 3537/15/275 3544/15/275
f 3544/15/279 3537/15/279 3539/15/279 3545/15/279
f 3580/15/278 3579/15/278 3535/15/278 3543/15/278
f 3581/15/278 3580/15/278 3543/15/278 3549/15/278
f 3550/15/279 3544/15/279 3545/15/279 3551/15/279
f 3549/15/275 3543/15/275 3544/15/275 3550/15/275
f 3589/15/281 3567/15/281 3600/15/281 3613/15/281
f 3536/15/279 3541/15/279 3542/15/279 3538/15/279
f 3534/15/274 3540/15/274 3541/15/274 3536/15/274
f 3593/15/279 3557/15/279 3551/15/279 3592/15/279
f 3555/15/275 3549/15/275 3550/15/275 3556/15/275
f 3556/15/279 3550/15/279 3551/15/279 3557/15/279
f 3582/15/278 3581/15/278 3549/15/278 3555/15/278
f 3541/15/279 3547/15/279 3548/15/279 3542/15/279
f 3540/15/274 3546/15/274 3547/15/274 3541/15/274
f 3576/15/278 3582/15/278 3555/15/278 3503/15/278
f 3514/15/279 3556/15/279 3557/15/279 3532/15/279
f 3503/15/275 3555/15/275 3556/15/275 3514/15/275
f 3591/15/275 3592/15/275 3616/15/275 3615/15/275
f 3547/15/279 3553/15/279 3554/15/279 3548/15/279
f 3546/15/274 3552/15/274 3553/15/274 3547/15/274
f 3531/15/280 3566/15/280 3612/15/280 3595/15/280
f 3502/15/278 3552/15/278 3574/15/278 3558/15/278
f 3552/15/278 3546/15/278 3573/15/278 3574/15/278
f 3554/15/279 3575/15/279 3572/15/279 3548/15/279
f 3532/15/274 3557/15/274 3610/15/274 3597/15/274
f 3546/15/278 3540/15/278 3570/15/278 3573/15/278
f 3540/15/278 3534/15/278 3569/15/278 3570/15/278
f 3542/15/279 3571/15/279 3568/15/279 3538/15/279
f 3513/15/279 3561/15/279 3566/15/279 3531/15/279
f 3585/15/279 3562/15/279 3567/15/279 3589/15/279
f 3586/15/280 3563/15/280 3565/15/280 3588/15/280
f 3512/15/281 3562/15/281 3564/15/281 3523/15/281
f 3523/15/279 3564/15/279 3565/15/279 3527/15/279
f 3502/15/281 3558/15/281 3561/15/281 3513/15/281
f 3584/15/280 3560/15/280 3563/15/280 3586/15/280
f 3504/15/278 3508/15/278 3560/15/278 3559/15/278
f 3534/15/278 3504/15/278 3559/15/278 3569/15/278
f 3509/15/280 3584/15/280 3586/15/280 3518/15/280
f 3518/15/280 3586/15/280 3588/15/280 3526/15/280
f 3515/15/279 3585/15/279 3589/15/279 3533/15/279
f 3566/15/279 3578/15/279 3593/15/279 3575/15/279
f 3558/15/278 3574/15/278 3582/15/278 3576/15/278
f 3574/15/278 3573/15/278 3581/15/278 3582/15/278
f 3575/15/279 3593/15/279 3592/15/279 3572/15/279
f 3572/15/279 3592/15/279 3591/15/279 3571/15/279
f 3573/15/278 3570/15/278 3580/15/278 3581/15/278
f 3570/15/278 3569/15/278 3579/15/278 3580/15/278
f 3571/15/279 3591/15/279 3590/15/279 3568/15/279
f 3561/15/279 3577/15/279 3578/15/279 3566/15/279
f 3562/15/281 3585/15/281 3587/15/281 3564/15/281
f 3564/15/279 3587/15/279 3588/15/279 3565/15/279
f 3558/15/281 3576/15/281 3577/15/281 3561/15/281
f 3559/15/278 3560/15/278 3584/15/278 3583/15/278
f 3569/15/278 3559/15/278 3583/15/278 3579/15/278
f 3530/15/275 3538/15/275 3602/15/275 3601/15/275
f 3568/15/280 3590/15/280 3614/15/280 3603/15/280
f 3571/15/281 3542/15/281 3607/15/281 3606/15/281
f 3566/15/274 3575/15/274 3611/15/274 3612/15/274
f 3554/15/275 3531/15/275 3595/15/275 3594/15/275
f 3538/15/280 3568/15/280 3603/15/280 3602/15/280
f 3533/15/281 3589/15/281 3613/15/281 3599/15/281
f 3593/15/461 3578/15/461 3596/15/461 3617/15/461
f 3548/15/280 3572/15/280 3609/15/280 3608/15/280
f 3578/15/280 3532/15/280 3597/15/280 3596/15/280
f 3575/15/281 3554/15/281 3594/15/281 3611/15/281
f 3590/15/280 3539/15/280 3598/15/280 3614/15/280
f 3539/15/274 3533/15/274 3599/15/274 3598/15/274
f 3545/15/281 3591/15/281 3615/15/281 3605/15/281
f 3551/15/274 3545/15/274 3605/15/274 3604/15/274
f 3567/15/281 3530/15/281 3601/15/281 3600/15/281
f 3592/15/280 3551/15/280 3604/15/280 3616/15/280
f 3572/15/274 3571/15/274 3606/15/274 3609/15/274
f 3557/15/281 3593/15/281 3617/15/281 3610/15/281
f 3542/15/275 3548/15/275 3608/15/275 3607/15/275
f 3642/15/278 3643/15/278 3670/15/278 3669/15/278
f 3623/15/278 3622/15/278 3624/15/278
f 3622/15/278 3619/15/278 3625/15/278 3624/15/278
f 3619/15/278 3621/15/278 3626/15/278 3625/15/278
f 3621/15/278 3620/15/278 3627/15/278 3626/15/278
f 3627/15/278 3620/15/278 3628/15/278
f 3620/15/278 3618/15/278 3629/15/278 3628/15/278
f 3630/15/278 3629/15/278 3618/15/278 3644/15/278
f 3630/15/278 3644/15/278 3631/15/278
f 3632/15/278 3631/15/278 3644/15/278 3643/15/278
f 3632/15/278 3643/15/278 3633/15/278
f 3633/15/278 3643/15/278 3634/15/278
f 3635/15/278 3634/15/278 3636/15/278
f 3636/15/278 3634/15/278 3637/15/278
f 3637/15/278 3634/15/278 3638/15/278
f 3634/15/278 3643/15/278 3638/15/278
f 3638/15/278 3643/15/278 3639/15/278
f 3639/15/278 3643/15/278 3640/15/278
f 3641/15/278 3640/15/278 3643/15/278 3642/15/278
f 3669/15/278 3670/15/278 3668/15/278
f 3667/15/278 3668/15/278 3670/15/278
f 3666/15/278 3667/15/278 3670/15/278
f 3665/15/278 3666/15/278 3670/15/278
f 3662/15/278 3663/15/278 3661/15/278
f 3663/15/278 3664/15/278 3661/15/278
f 3664/15/278 3665/15/278 3661/15/278
f 3670/15/278 3661/15/278 3665/15/278
f 3661/15/278 3670/15/278 3660/15/278
f 3659/15/278 3660/15/278 3670/15/278
f 3659/15/278 3670/15/278 3671/15/278 3658/15/278
f 3657/15/278 3658/15/278 3671/15/278
f 3657/15/278 3671/15/278 3645/15/278 3656/15/278
f 3647/15/278 3655/15/278 3656/15/278 3645/15/278
f 3655/15/278 3647/15/278 3654/15/278
f 3648/15/278 3653/15/278 3654/15/278 3647/15/278
f 3646/15/278 3652/15/278 3653/15/278 3648/15/278
f 3649/15/278 3651/15/278 3652/15/278 3646/15/278
f 3650/15/278 3651/15/278 3649/15/278
f 3696/15/279 3723/15/279 3724/15/279 3697/15/279
f 3677/15/279 3678/15/279 3676/15/279
f 3676/15/279 3678/15/279 3679/15/279 3673/15/279
f 3673/15/279 3679/15/279 3680/15/279 3675/15/279
f 3675/15/279 3680/15/279 3681/15/279 3674/15/279
f 3681/15/279 3682/15/279 3674/15/279
f 3674/15/279 3682/15/279 3683/15/279 3672/15/279
f 3684/15/279 3698/15/279 3672/15/279 3683/15/279
f 3684/15/279 3685/15/279 3698/15/279
f 3686/15/279 3697/15/279 3698/15/279 3685/15/279
f 3686/15/279 3687/15/279 3697/15/279
f 3687/15/279 3688/15/279 3697/15/279
f 3689/15/279 3690/15/279 3688/15/279
f 3690/15/279 3691/15/279 3688/15/279
f 3691/15/279 3692/15/279 3688/15/279
f 3688/15/279 3692/15/279 3697/15/279
f 3692/15/462 3693/15/462 3697/15/462
f 3693/15/279 3694/15/279 3697/15/279
f 3695/15/279 3696/15/279 3697/15/279 3694/15/279
f 3723/15/279 3722/15/279 3724/15/279
f 3721/15/279 3724/15/279 3722/15/279
f 3720/15/462 3724/15/462 3721/15/462
f 3719/15/463 3724/15/463 3720/15/463
f 3716/15/279 3715/15/279 3717/15/279
f 3717/15/279 3715/15/279 3718/15/279
f 3718/15/279 3715/15/279 3719/15/279
f 3724/15/279 3719/15/279 3715/15/279
f 3715/15/279 3714/15/279 3724/15/279
f 3713/15/279 3724/15/279 3714/15/279
f 3713/15/279 3712/15/279 3725/15/279 3724/15/279
f 3711/15/279 3725/15/279 3712/15/279
f 3711/15/279 3710/15/279 3699/15/279 3725/15/279
f 3701/15/279 3699/15/279 3710/15/279 3709/15/279
f 3709/15/279 3708/15/279 3701/15/279
f 3702/15/279 3701/15/279 3708/15/279 3707/15/279
f 3700/15/279 3702/15/279 3707/15/279 3706/15/279
f 3703/15/279 3700/15/279 3706/15/279 3705/15/279
f 3704/15/279 3703/15/279 3705/15/279
f 3651/15/396 3650/15/396 3704/15/396 3705/15/396
f 3624/15/352 3625/15/352 3679/15/352 3678/15/352
f 3652/15/351 3651/15/351 3705/15/351 3706/15/351
f 3625/15/354 3626/15/354 3680/15/354 3679/15/354
f 3653/15/353 3652/15/353 3706/15/353 3707/15/353
f 3626/15/464 3627/15/464 3681/15/464 3680/15/464
f 3654/15/355 3653/15/355 3707/15/355 3708/15/355
f 3627/15/358 3628/15/358 3682/15/358 3681/15/358
f 3655/15/465 3654/15/465 3708/15/465 3709/15/465
f 3628/15/466 3629/15/466 3683/15/466 3682/15/466
f 3656/15/359 3655/15/359 3709/15/359 3710/15/359
f 3629/15/362 3630/15/362 3684/15/362 3683/15/362
f 3657/15/361 3656/15/361 3710/15/361 3711/15/361
f 3630/15/457 3631/15/457 3685/15/457 3684/15/457
f 3658/15/467 3657/15/467 3711/15/467 3712/15/467
f 3631/15/366 3632/15/366 3686/15/366 3685/15/366
f 3659/15/365 3658/15/365 3712/15/365 3713/15/365
f 3632/15/368 3633/15/368 3687/15/368 3686/15/368
f 3660/15/367 3659/15/367 3713/15/367 3714/15/367
f 3633/15/370 3634/15/370 3688/15/370 3687/15/370
f 3661/15/369 3660/15/369 3714/15/369 3715/15/369
f 3634/15/372 3635/15/372 3689/15/372 3688/15/372
f 3662/15/371 3661/15/371 3715/15/371 3716/15/371
f 3635/15/374 3636/15/374 3690/15/374 3689/15/374
f 3663/15/373 3662/15/373 3716/15/373 3717/15/373
f 3636/15/376 3637/15/376 3691/15/376 3690/15/376
f 3664/15/455 3663/15/455 3717/15/455 3718/15/455
f 3637/15/378 3638/15/378 3692/15/378 3691/15/378
f 3665/15/400 3664/15/400 3718/15/400 3719/15/400
f 3638/15/380 3639/15/380 3693/15/380 3692/15/380
f 3666/15/379 3665/15/379 3719/15/379 3720/15/379
f 3639/15/382 3640/15/382 3694/15/382 3693/15/382
f 3667/15/381 3666/15/381 3720/15/381 3721/15/381
f 3640/15/384 3641/15/384 3695/15/384 3694/15/384
f 3668/15/383 3667/15/383 3721/15/383 3722/15/383
f 3641/15/386 3642/15/386 3696/15/386 3695/15/386
f 3669/15/385 3668/15/385 3722/15/385 3723/15/385
f 3671/15/278 3670/15/278 3728/15/278 3729/15/278
f 3670/15/278 3643/15/278 3726/15/278 3728/15/278
f 3644/15/274 3618/15/274 3672/15/274 3698/15/274
f 3618/15/274 3620/15/274 3674/15/274 3672/15/274
f 3645/15/275 3671/15/275 3725/15/275 3699/15/275
f 3647/15/275 3645/15/275 3699/15/275 3701/15/275
f 3619/15/389 3622/15/389 3676/15/389 3673/15/389
f 3644/15/398 3698/15/398 3731/15/398 3727/15/398
f 3649/15/387 3646/15/387 3700/15/387 3703/15/387
f 3621/15/391 3619/15/391 3673/15/391 3675/15/391
f 3642/15/281 3669/15/281 3723/15/281 3696/15/281
f 3646/15/390 3648/15/390 3702/15/390 3700/15/390
f 3620/15/393 3621/15/393 3675/15/393 3674/15/393
f 3648/15/392 3647/15/392 3701/15/392 3702/15/392
f 3622/15/395 3623/15/395 3677/15/395 3676/15/395
f 3650/15/394 3649/15/394 3703/15/394 3704/15/394
f 3623/15/350 3624/15/350 3678/15/350 3677/15/350
f 3726/15/280 3727/15/280 3731/15/280 3730/15/280
f 3729/15/280 3728/15/280 3732/15/280 3733/15/280
f 3728/15/280 3726/15/280 3730/15/280 3732/15/280
f 3698/15/468 3697/15/468 3730/15/468 3731/15/468
f 3725/15/388 3671/15/388 3729/15/388 3733/15/388
f 3697/15/468 3724/15/468 3732/15/468 3730/15/468
f 3724/15/468 3725/15/468 3733/15/468 3732/15/468
f 3643/15/278 3644/15/278 3727/15/278 3726/15/278
f 3811/15/278 3815/15/278 3737/15/278 3767/15/278
f 3737/15/278 3741/15/278 3743/15/278 3739/15/278
f 3736/15/278 3738/15/278 3742/15/278 3740/15/278
f 3815/15/278 3816/15/278 3741/15/278 3737/15/278
f 3769/15/279 3747/15/279 3765/15/279 3771/15/279
f 3751/15/280 3752/15/280 3760/15/280 3759/15/280
f 3749/15/458 3753/15/458 3761/15/458 3757/15/458
f 3752/15/459 3748/15/459 3756/15/459 3760/15/459
f 3737/15/281 3739/15/281 3749/15/281 3747/15/281
f 3767/15/275 3737/15/275 3747/15/275 3769/15/275
f 3739/15/460 3743/15/460 3753/15/460 3749/15/460
f 3792/15/280 3740/15/280 3751/15/280 3795/15/280
f 3784/15/274 3734/15/274 3745/15/274 3785/15/274
f 3740/15/280 3742/15/280 3752/15/280 3751/15/280
f 3738/15/281 3736/15/281 3744/15/281 3748/15/281
f 3742/15/459 3738/15/459 3748/15/459 3752/15/459
f 3808/15/281 3735/15/281 3746/15/281 3809/15/281
f 3743/15/280 3741/15/280 3750/15/280 3753/15/280
f 3754/15/279 3757/15/279 3761/15/279 3758/15/279
f 3755/15/279 3759/15/279 3760/15/279 3756/15/279
f 3819/15/279 3754/15/279 3758/15/279 3820/15/279
f 3747/15/281 3749/15/281 3757/15/281 3754/15/281
f 3817/15/281 3747/15/281 3754/15/281 3819/15/281
f 3753/15/280 3750/15/280 3758/15/280 3761/15/280
f 3795/15/280 3751/15/280 3759/15/280 3797/15/280
f 3748/15/281 3744/15/281 3755/15/281 3756/15/281
f 3785/15/279 3745/15/279 3763/15/279 3786/15/279
f 3794/15/279 3744/15/279 3762/15/279 3799/15/279
f 3809/15/279 3746/15/279 3764/15/279 3810/15/279
f 3744/15/279 3768/15/279 3770/15/279 3762/15/279
f 3823/15/279 3777/15/279 3771/15/279 3822/15/279
f 3736/15/274 3766/15/274 3768/15/274 3744/15/274
f 3775/15/275 3767/15/275 3769/15/275 3776/15/275
f 3776/15/279 3769/15/279 3771/15/279 3777/15/279
f 3812/15/278 3811/15/278 3767/15/278 3775/15/278
f 3813/15/278 3812/15/278 3775/15/278 3781/15/278
f 3782/15/279 3776/15/279 3777/15/279 3783/15/279
f 3781/15/275 3775/15/275 3776/15/275 3782/15/275
f 3821/15/281 3799/15/281 3832/15/281 3845/15/281
f 3768/15/279 3773/15/279 3774/15/279 3770/15/279
f 3766/15/274 3772/15/274 3773/15/274 3768/15/274
f 3825/15/279 3789/15/279 3783/15/279 3824/15/279
f 3787/15/275 3781/15/275 3782/15/275 3788/15/275
f 3788/15/279 3782/15/279 3783/15/279 3789/15/279
f 3814/15/278 3813/15/278 3781/15/278 3787/15/278
f 3773/15/279 3779/15/279 3780/15/279 3774/15/279
f 3772/15/274 3778/15/274 3779/15/274 3773/15/274
f 3808/15/278 3814/15/278 3787/15/278 3735/15/278
f 3746/15/279 3788/15/279 3789/15/279 3764/15/279
f 3735/15/275 3787/15/275 3788/15/275 3746/15/275
f 3823/15/275 3824/15/275 3848/15/275 3847/15/275
f 3779/15/279 3785/15/279 3786/15/279 3780/15/279
f 3778/15/274 3784/15/274 3785/15/274 3779/15/274
f 3763/15/280 3798/15/280 3844/15/280 3827/15/280
f 3734/15/278 3784/15/278 3806/15/278 3790/15/278
f 3784/15/278 3778/15/278 3805/15/278 3806/15/278
f 3786/15/279 3807/15/279 3804/15/279 3780/15/279
f 3764/15/274 3789/15/274 3842/15/274 3829/15/274
f 3778/15/278 3772/15/278 3802/15/278 3805/15/278
f 3772/15/278 3766/15/278 3801/15/278 3802/15/278
f 3774/15/279 3803/15/279 3800/15/279 3770/15/279
f 3745/15/279 3793/15/279 3798/15/279 3763/15/279
f 3817/15/279 3794/15/279 3799/15/279 3821/15/279
f 3818/15/280 3795/15/280 3797/15/280 3820/15/280
f 3744/15/281 3794/15/281 3796/15/281 3755/15/281
f 3755/15/279 3796/15/279 3797/15/279 3759/15/279
f 3734/15/281 3790/15/281 3793/15/281 3745/15/281
f 3816/15/280 3792/15/280 3795/15/280 3818/15/280
f 3736/15/278 3740/15/278 3792/15/278 3791/15/278
f 3766/15/278 3736/15/278 3791/15/278 3801/15/278
f 3741/15/280 3816/15/280 3818/15/280 3750/15/280
f 3750/15/280 3818/15/280 3820/15/280 3758/15/280
f 3747/15/279 3817/15/279 3821/15/279 3765/15/279
f 3798/15/279 3810/15/279 3825/15/279 3807/15/279
f 3790/15/278 3806/15/278 3814/15/278 3808/15/278
f 3806/15/278 3805/15/278 3813/15/278 3814/15/278
f 3807/15/279 3825/15/279 3824/15/279 3804/15/279
f 3804/15/279 3824/15/279 3823/15/279 3803/15/279
f 3805/15/278 3802/15/278 3812/15/278 3813/15/278
f 3802/15/278 3801/15/278 3811/15/278 3812/15/278
f 3803/15/279 3823/15/279 3822/15/279 3800/15/279
f 3793/15/279 3809/15/279 3810/15/279 3798/15/279
f 3794/15/281 3817/15/281 3819/15/281 3796/15/281
f 3796/15/279 3819/15/279 3820/15/279 3797/15/279
f 3790/15/281 3808/15/281 3809/15/281 3793/15/281
f 3791/15/278 3792/15/278 3816/15/278 3815/15/278
f 3801/15/278 3791/15/278 3815/15/278 3811/15/278
f 3762/15/275 3770/15/275 3834/15/275 3833/15/275
f 3800/15/280 3822/15/280 3846/15/280 3835/15/280
f 3803/15/281 3774/15/281 3839/15/281 3838/15/281
f 3798/15/274 3807/15/274 3843/15/274 3844/15/274
f 3786/15/275 3763/15/275 3827/15/275 3826/15/275
f 3770/15/280 3800/15/280 3835/15/280 3834/15/280
f 3765/15/281 3821/15/281 3845/15/281 3831/15/281
f 3825/15/461 3810/15/461 3828/15/461 3849/15/461
f 3780/15/280 3804/15/280 3841/15/280 3840/15/280
f 3810/15/280 3764/15/280 3829/15/280 3828/15/280
f 3807/15/281 3786/15/281 3826/15/281 3843/15/281
f 3822/15/280 3771/15/280 3830/15/280 3846/15/280
f 3771/15/274 3765/15/274 3831/15/274 3830/15/274
f 3777/15/281 3823/15/281 3847/15/281 3837/15/281
f 3783/15/274 3777/15/274 3837/15/274 3836/15/274
f 3799/15/281 3762/15/281 3833/15/281 3832/15/281
f 3824/15/280 3783/15/280 3836/15/280 3848/15/280
f 3804/15/274 3803/15/274 3838/15/274 3841/15/274
f 3789/15/281 3825/15/281 3849/15/281 3842/15/281
f 3774/15/275 3780/15/275 3840/15/275 3839/15/275
f 3874/15/278 3875/15/278 3902/15/278 3901/15/278
f 3855/15/278 3854/15/278 3856/15/278
f 3854/15/278 3851/15/278 3857/15/278 3856/15/278
f 3851/15/278 3853/15/278 3858/15/278 3857/15/278
f 3853/15/278 3852/15/278 3859/15/278 3858/15/278
f 3859/15/278 3852/15/278 3860/15/278
f 3852/15/278 3850/15/278 3861/15/278 3860/15/278
f 3862/15/278 3861/15/278 3850/15/278 3876/15/278
f 3862/15/278 3876/15/278 3863/15/278
f 3864/15/278 3863/15/278 3876/15/278 3875/15/278
f 3864/15/278 3875/15/278 3865/15/278
f 3865/15/278 3875/15/278 3866/15/278
f 3867/15/278 3866/15/278 3868/15/278
f 3868/15/278 3866/15/278 3869/15/278
f 3869/15/278 3866/15/278 3870/15/278
f 3866/15/278 3875/15/278 3870/15/278
f 3870/15/278 3875/15/278 3871/15/278
f 3871/15/278 3875/15/278 3872/15/278
f 3873/15/278 3872/15/278 3875/15/278 3874/15/278
f 3901/15/278 3902/15/278 3900/15/278
f 3899/15/278 3900/15/278 3902/15/278
f 3898/15/278 3899/15/278 3902/15/278
f 3897/15/278 3898/15/278 3902/15/278
f 3894/15/278 3895/15/278 3893/15/278
f 3895/15/278 3896/15/278 3893/15/278
f 3896/15/278 3897/15/278 3893/15/278
f 3902/15/278 3893/15/278 3897/15/278
f 3893/15/278 3902/15/278 3892/15/278
f 3891/15/278 3892/15/278 3902/15/278
f 3891/15/278 3902/15/278 3903/15/278 3890/15/278
f 3889/15/278 3890/15/278 3903/15/278
f 3889/15/278 3903/15/278 3877/15/278 3888/15/278
f 3879/15/278 3887/15/278 3888/15/278 3877/15/278
f 3887/15/278 3879/15/278 3886/15/278
f 3880/15/278 3885/15/278 3886/15/278 3879/15/278
f 3878/15/278 3884/15/278 3885/15/278 3880/15/278
f 3881/15/278 3883/15/278 3884/15/278 3878/15/278
f 3882/15/278 3883/15/278 3881/15/278
f 3928/15/279 3955/15/279 3956/15/279 3929/15/279
f 3909/15/279 3910/15/279 3908/15/279
f 3908/15/279 3910/15/279 3911/15/279 3905/15/279
f 3905/15/279 3911/15/279 3912/15/279 3907/15/279
f 3907/15/279 3912/15/279 3913/15/279 3906/15/279
f 3913/15/279 3914/15/279 3906/15/279
f 3906/15/279 3914/15/279 3915/15/279 3904/15/279
f 3916/15/279 3930/15/279 3904/15/279 3915/15/279
f 3916/15/279 3917/15/279 3930/15/279
f 3918/15/279 3929/15/279 3930/15/279 3917/15/279
f 3918/15/279 3919/15/279 3929/15/279
f 3919/15/279 3920/15/279 3929/15/279
f 3921/15/279 3922/15/279 3920/15/279
f 3922/15/279 3923/15/279 3920/15/279
f 3923/15/279 3924/15/279 3920/15/279
f 3920/15/279 3924/15/279 3929/15/279
f 3924/15/279 3925/15/279 3929/15/279
f 3925/15/279 3926/15/279 3929/15/279
f 3927/15/279 3928/15/279 3929/15/279 3926/15/279
f 3955/15/279 3954/15/279 3956/15/279
f 3953/15/279 3956/15/279 3954/15/279
f 3952/15/279 3956/15/279 3953/15/279
f 3951/15/279 3956/15/279 3952/15/279
f 3948/15/279 3947/15/279 3949/15/279
f 3949/15/279 3947/15/279 3950/15/279
f 3950/15/279 3947/15/279 3951/15/279
f 3956/15/279 3951/15/279 3947/15/279
f 3947/15/279 3946/15/279 3956/15/279
f 3945/15/279 3956/15/279 3946/15/279
f 3945/15/279 3944/15/279 3957/15/279 3956/15/279
f 3943/15/279 3957/15/279 3944/15/279
f 3943/15/279 3942/15/279 3931/15/279 3957/15/279
f 3933/15/279 3931/15/279 3942/15/279 3941/15/279
f 3941/15/279 3940/15/279 3933/15/279
f 3934/15/279 3933/15/279 3940/15/279 3939/15/279
f 3932/15/279 3934/15/279 3939/15/279 3938/15/279
f 3935/15/279 3932/15/279 3938/15/279 3937/15/279
f 3936/15/279 3935/15/279 3937/15/279
f 3883/15/396 3882/15/396 3936/15/396 3937/15/396
f 3856/15/352 3857/15/352 3911/15/352 3910/15/352
f 3884/15/351 3883/15/351 3937/15/351 3938/15/351
f 3857/15/354 3858/15/354 3912/15/354 3911/15/354
f 3885/15/353 3884/15/353 3938/15/353 3939/15/353
f 3858/15/356 3859/15/356 3913/15/356 3912/15/356
f 3886/15/355 3885/15/355 3939/15/355 3940/15/355
f 3859/15/358 3860/15/358 3914/15/358 3913/15/358
f 3887/15/357 3886/15/357 3940/15/357 3941/15/357
f 3860/15/360 3861/15/360 3915/15/360 3914/15/360
f 3888/15/359 3887/15/359 3941/15/359 3942/15/359
f 3861/15/362 3862/15/362 3916/15/362 3915/15/362
f 3889/15/361 3888/15/361 3942/15/361 3943/15/361
f 3862/15/364 3863/15/364 3917/15/364 3916/15/364
f 3890/15/363 3889/15/363 3943/15/363 3944/15/363
f 3863/15/366 3864/15/366 3918/15/366 3917/15/366
f 3891/15/365 3890/15/365 3944/15/365 3945/15/365
f 3864/15/368 3865/15/368 3919/15/368 3918/15/368
f 3892/15/469 3891/15/469 3945/15/469 3946/15/469
f 3865/15/370 3866/15/370 3920/15/370 3919/15/370
f 3893/15/369 3892/15/369 3946/15/369 3947/15/369
f 3866/15/372 3867/15/372 3921/15/372 3920/15/372
f 3894/15/371 3893/15/371 3947/15/371 3948/15/371
f 3867/15/374 3868/15/374 3922/15/374 3921/15/374
f 3895/15/373 3894/15/373 3948/15/373 3949/15/373
f 3868/15/376 3869/15/376 3923/15/376 3922/15/376
f 3896/15/375 3895/15/375 3949/15/375 3950/15/375
f 3869/15/378 3870/15/378 3924/15/378 3923/15/378
f 3897/15/377 3896/15/377 3950/15/377 3951/15/377
f 3870/15/380 3871/15/380 3925/15/380 3924/15/380
f 3898/15/379 3897/15/379 3951/15/379 3952/15/379
f 3871/15/382 3872/15/382 3926/15/382 3925/15/382
f 3899/15/381 3898/15/381 3952/15/381 3953/15/381
f 3872/15/384 3873/15/384 3927/15/384 3926/15/384
f 3900/15/383 3899/15/383 3953/15/383 3954/15/383
f 3873/15/386 3874/15/386 3928/15/386 3927/15/386
f 3901/15/385 3900/15/385 3954/15/385 3955/15/385
f 3903/15/278 3902/15/278 3960/15/278 3961/15/278
f 3902/15/278 3875/15/278 3958/15/278 3960/15/278
f 3876/15/274 3850/15/274 3904/15/274 3930/15/274
f 3850/15/274 3852/15/274 3906/15/274 3904/15/274
f 3877/15/275 3903/15/275 3957/15/275 3931/15/275
f 3879/15/275 3877/15/275 3931/15/275 3933/15/275
f 3851/15/389 3854/15/389 3908/15/389 3905/15/389
f 3876/15/470 3930/15/470 3963/15/470 3959/15/470
f 3881/15/387 3878/15/387 3932/15/387 3935/15/387
f 3853/15/391 3851/15/391 3905/15/391 3907/15/391
f 3874/15/281 3901/15/281 3955/15/281 3928/15/281
f 3878/15/390 3880/15/390 3934/15/390 3932/15/390
f 3852/15/393 3853/15/393 3907/15/393 3906/15/393
f 3880/15/392 3879/15/392 3933/15/392 3934/15/392
f 3854/15/395 3855/15/395 3909/15/395 3908/15/395
f 3882/15/394 3881/15/394 3935/15/394 3936/15/394
f 3855/15/350 3856/15/350 3910/15/350 3909/15/350
f 3958/15/280 3959/15/280 3963/15/280 3962/15/280
f 3961/15/280 3960/15/280 3964/15/280 3965/15/280
f 3960/15/280 3958/15/280 3962/15/280 3964/15/280
f 3930/15/468 3929/15/468 3962/15/468 3963/15/468
f 3957/15/388 3903/15/388 3961/15/388 3965/15/388
f 3929/15/468 3956/15/468 3964/15/468 3962/15/468
f 3956/15/468 3957/15/468 3965/15/468 3964/15/468
f 3875/15/278 3876/15/278 3959/15/278 3958/15/278
f 4043/15/278 4047/15/278 3969/15/278 3999/15/278
f 3969/15/278 3973/15/278 3975/15/278 3971/15/278
f 3968/15/278 3970/15/278 3974/15/278 3972/15/278
f 4047/15/278 4048/15/278 3973/15/278 3969/15/278
f 4001/15/279 3979/15/279 3997/15/279 4003/15/279
f 3983/15/280 3984/15/280 3992/15/280 3991/15/280
f 3981/15/471 3985/15/471 3993/15/471 3989/15/471
f 3984/15/472 3980/15/472 3988/15/472 3992/15/472
f 3969/15/281 3971/15/281 3981/15/281 3979/15/281
f 3999/15/275 3969/15/275 3979/15/275 4001/15/275
f 3971/15/473 3975/15/473 3985/15/473 3981/15/473
f 4024/15/280 3972/15/280 3983/15/280 4027/15/280
f 4016/15/274 3966/15/274 3977/15/274 4017/15/274
f 3972/15/280 3974/15/280 3984/15/280 3983/15/280
f 3970/15/281 3968/15/281 3976/15/281 3980/15/281
f 3974/15/472 3970/15/472 3980/15/472 3984/15/472
f 4040/15/281 3967/15/281 3978/15/281 4041/15/281
f 3975/15/280 3973/15/280 3982/15/280 3985/15/280
f 3986/15/279 3989/15/279 3993/15/279 3990/15/279
f 3987/15/279 3991/15/279 3992/15/279 3988/15/279
f 4051/15/279 3986/15/279 3990/15/279 4052/15/279
f 3979/15/281 3981/15/281 3989/15/281 3986/15/281
f 4049/15/281 3979/15/281 3986/15/281 4051/15/281
f 3985/15/280 3982/15/280 3990/15/280 3993/15/280
f 4027/15/280 3983/15/280 3991/15/280 4029/15/280
f 3980/15/281 3976/15/281 3987/15/281 3988/15/281
f 4017/15/279 3977/15/279 3995/15/279 4018/15/279
f 4026/15/279 3976/15/279 3994/15/279 4031/15/279
f 4041/15/279 3978/15/279 3996/15/279 4042/15/279
f 3976/15/279 4000/15/279 4002/15/279 3994/15/279
f 4055/15/279 4009/15/279 4003/15/279 4054/15/279
f 3968/15/274 3998/15/274 4000/15/274 3976/15/274
f 4007/15/275 3999/15/275 4001/15/275 4008/15/275
f 4008/15/279 4001/15/279 4003/15/279 4009/15/279
f 4044/15/278 4043/15/278 3999/15/278 4007/15/278
f 4045/15/278 4044/15/278 4007/15/278 4013/15/278
f 4014/15/279 4008/15/279 4009/15/279 4015/15/279
f 4013/15/275 4007/15/275 4008/15/275 4014/15/275
f 4053/15/281 4031/15/281 4064/15/281 4077/15/281
f 4000/15/279 4005/15/279 4006/15/279 4002/15/279
f 3998/15/274 4004/15/274 4005/15/274 4000/15/274
f 4057/15/279 4021/15/279 4015/15/279 4056/15/279
f 4019/15/275 4013/15/275 4014/15/275 4020/15/275
f 4020/15/279 4014/15/279 4015/15/279 4021/15/279
f 4046/15/278 4045/15/278 4013/15/278 4019/15/278
f 4005/15/279 4011/15/279 4012/15/279 4006/15/279
f 4004/15/274 4010/15/274 4011/15/274 4005/15/274
f 4040/15/278 4046/15/278 4019/15/278 3967/15/278
f 3978/15/279 4020/15/279 4021/15/279 3996/15/279
f 3967/15/275 4019/15/275 4020/15/275 3978/15/275
f 4055/15/275 4056/15/275 4080/15/275 4079/15/275
f 4011/15/279 4017/15/279 4018/15/279 4012/15/279
f 4010/15/274 4016/15/274 4017/15/274 4011/15/274
f 3995/15/280 4030/15/280 4076/15/280 4059/15/280
f 3966/15/278 4016/15/278 4038/15/278 4022/15/278
f 4016/15/278 4010/15/278 4037/15/278 4038/15/278
f 4018/15/279 4039/15/279 4036/15/279 4012/15/279
f 3996/15/274 4021/15/274 4074/15/274 4061/15/274
f 4010/15/278 4004/15/278 4034/15/278 4037/15/278
f 4004/15/278 3998/15/278 4033/15/278 4034/15/278
f 4006/15/279 4035/15/279 4032/15/279 4002/15/279
f 3977/15/279 4025/15/279 4030/15/279 3995/15/279
f 4049/15/279 4026/15/279 4031/15/279 4053/15/279
f 4050/15/280 4027/15/280 4029/15/280 4052/15/280
f 3976/15/281 4026/15/281 4028/15/281 3987/15/281
f 3987/15/279 4028/15/279 4029/15/279 3991/15/279
f 3966/15/281 4022/15/281 4025/15/281 3977/15/281
f 4048/15/280 4024/15/280 4027/15/280 4050/15/280
f 3968/15/278 3972/15/278 4024/15/278 4023/15/278
f 3998/15/278 3968/15/278 4023/15/278 4033/15/278
f 3973/15/280 4048/15/280 4050/15/280 3982/15/280
f 3982/15/280 4050/15/280 4052/15/280 3990/15/280
f 3979/15/279 4049/15/279 4053/15/279 3997/15/279
f 4030/15/279 4042/15/279 4057/15/279 4039/15/279
f 4022/15/278 4038/15/278 4046/15/278 4040/15/278
f 4038/15/278 4037/15/278 4045/15/278 4046/15/278
f 4039/15/279 4057/15/279 4056/15/279 4036/15/279
f 4036/15/279 4056/15/279 4055/15/279 4035/15/279
f 4037/15/278 4034/15/278 4044/15/278 4045/15/278
f 4034/15/278 4033/15/278 4043/15/278 4044/15/278
f 4035/15/279 4055/15/279 4054/15/279 4032/15/279
f 4025/15/279 4041/15/279 4042/15/279 4030/15/279
f 4026/15/281 4049/15/281 4051/15/281 4028/15/281
f 4028/15/279 4051/15/279 4052/15/279 4029/15/279
f 4022/15/281 4040/15/281 4041/15/281 4025/15/281
f 4023/15/278 4024/15/278 4048/15/278 4047/15/278
f 4033/15/278 4023/15/278 4047/15/278 4043/15/278
f 3994/15/275 4002/15/275 4066/15/275 4065/15/275
f 4032/15/280 4054/15/280 4078/15/280 4067/15/280
f 4035/15/281 4006/15/281 4071/15/281 4070/15/281
f 4030/15/274 4039/15/274 4075/15/274 4076/15/274
f 4018/15/275 3995/15/275 4059/15/275 4058/15/275
f 4002/15/280 4032/15/280 4067/15/280 4066/15/280
f 3997/15/281 4053/15/281 4077/15/281 4063/15/281
f 4057/15/474 4042/15/474 4060/15/474 4081/15/474
f 4012/15/280 4036/15/280 4073/15/280 4072/15/280
f 4042/15/280 3996/15/280 4061/15/280 4060/15/280
f 4039/15/281 4018/15/281 4058/15/281 4075/15/281
f 4054/15/280 4003/15/280 4062/15/280 4078/15/280
f 4003/15/274 3997/15/274 4063/15/274 4062/15/274
f 4009/15/281 4055/15/281 4079/15/281 4069/15/281
f 4015/15/274 4009/15/274 4069/15/274 4068/15/274
f 4031/15/281 3994/15/281 4065/15/281 4064/15/281
f 4056/15/280 4015/15/280 4068/15/280 4080/15/280
f 4036/15/274 4035/15/274 4070/15/274 4073/15/274
f 4021/15/281 4057/15/281 4081/15/281 4074/15/281
f 4006/15/275 4012/15/275 4072/15/275 4071/15/275
f 4106/15/278 4107/15/278 4134/15/278 4133/15/278
f 4087/15/278 4086/15/278 4088/15/278
f 4086/15/278 4083/15/278 4089/15/278 4088/15/278
f 4083/15/278 4085/15/278 4090/15/278 4089/15/278
f 4085/15/278 4084/15/278 4091/15/278 4090/15/278
f 4091/15/278 4084/15/278 4092/15/278
f 4084/15/278 4082/15/278 4093/15/278 4092/15/278
f 4094/15/278 4093/15/278 4082/15/278 4108/15/278
f 4094/15/278 4108/15/278 4095/15/278
f 4096/15/278 4095/15/278 4108/15/278 4107/15/278
f 4096/15/278 4107/15/278 4097/15/278
f 4097/15/278 4107/15/278 4098/15/278
f 4099/15/278 4098/15/278 4100/15/278
f 4100/15/278 4098/15/278 4101/15/278
f 4101/15/278 4098/15/278 4102/15/278
f 4098/15/278 4107/15/278 4102/15/278
f 4102/15/278 4107/15/278 4103/15/278
f 4103/15/278 4107/15/278 4104/15/278
f 4105/15/278 4104/15/278 4107/15/278 4106/15/278
f 4133/15/278 4134/15/278 4132/15/278
f 4131/15/278 4132/15/278 4134/15/278
f 4130/15/278 4131/15/278 4134/15/278
f 4129/15/278 4130/15/278 4134/15/278
f 4126/15/278 4127/15/278 4125/15/278
f 4127/15/278 4128/15/278 4125/15/278
f 4128/15/278 4129/15/278 4125/15/278
f 4134/15/278 4125/15/278 4129/15/278
f 4125/15/278 4134/15/278 4124/15/278
f 4123/15/278 4124/15/278 4134/15/278
f 4123/15/278 4134/15/278 4135/15/278 4122/15/278
f 4121/15/278 4122/15/278 4135/15/278
f 4121/15/278 4135/15/278 4109/15/278 4120/15/278
f 4111/15/278 4119/15/278 4120/15/278 4109/15/278
f 4119/15/278 4111/15/278 4118/15/278
f 4112/15/278 4117/15/278 4118/15/278 4111/15/278
f 4110/15/278 4116/15/278 4117/15/278 4112/15/278
f 4113/15/278 4115/15/278 4116/15/278 4110/15/278
f 4114/15/278 4115/15/278 4113/15/278
f 4160/15/279 4187/15/279 4188/15/279 4161/15/279
f 4141/15/279 4142/15/279 4140/15/279
f 4140/15/279 4142/15/279 4143/15/279 4137/15/279
f 4137/15/279 4143/15/279 4144/15/279 4139/15/279
f 4139/15/279 4144/15/279 4145/15/279 4138/15/279
f 4145/15/279 4146/15/279 4138/15/279
f 4138/15/279 4146/15/279 4147/15/279 4136/15/279
f 4148/15/279 4162/15/279 4136/15/279 4147/15/279
f 4148/15/279 4149/15/279 4162/15/279
f 4150/15/279 4161/15/279 4162/15/279 4149/15/279
f 4150/15/279 4151/15/279 4161/15/279
f 4151/15/279 4152/15/279 4161/15/279
f 4153/15/279 4154/15/279 4152/15/279
f 4154/15/279 4155/15/279 4152/15/279
f 4155/15/279 4156/15/279 4152/15/279
f 4152/15/279 4156/15/279 4161/15/279
f 4156/15/279 4157/15/279 4161/15/279
f 4157/15/462 4158/15/462 4161/15/462
f 4159/15/279 4160/15/279 4161/15/279 4158/15/279
f 4187/15/279 4186/15/279 4188/15/279
f 4185/15/279 4188/15/279 4186/15/279
f 4184/15/463 4188/15/463 4185/15/463
f 4183/15/462 4188/15/462 4184/15/462
f 4180/15/279 4179/15/279 4181/15/279
f 4181/15/279 4179/15/279 4182/15/279
f 4182/15/279 4179/15/279 4183/15/279
f 4188/15/279 4183/15/279 4179/15/279
f 4179/15/279 4178/15/279 4188/15/279
f 4177/15/279 4188/15/279 4178/15/279
f 4177/15/279 4176/15/279 4189/15/279 4188/15/279
f 4175/15/279 4189/15/279 4176/15/279
f 4175/15/279 4174/15/279 4163/15/279 4189/15/279
f 4165/15/279 4163/15/279 4174/15/279 4173/15/279
f 4173/15/279 4172/15/279 4165/15/279
f 4166/15/279 4165/15/279 4172/15/279 4171/15/279
f 4164/15/279 4166/15/279 4171/15/279 4170/15/279
f 4167/15/279 4164/15/279 4170/15/279 4169/15/279
f 4168/15/279 4167/15/279 4169/15/279
f 4115/15/451 4114/15/451 4168/15/451 4169/15/451
f 4088/15/407 4089/15/407 4143/15/407 4142/15/407
f 4116/15/406 4115/15/406 4169/15/406 4170/15/406
f 4089/15/409 4090/15/409 4144/15/409 4143/15/409
f 4117/15/408 4116/15/408 4170/15/408 4171/15/408
f 4090/15/411 4091/15/411 4145/15/411 4144/15/411
f 4118/15/410 4117/15/410 4171/15/410 4172/15/410
f 4091/15/413 4092/15/413 4146/15/413 4145/15/413
f 4119/15/412 4118/15/412 4172/15/412 4173/15/412
f 4092/15/415 4093/15/415 4147/15/415 4146/15/415
f 4120/15/414 4119/15/414 4173/15/414 4174/15/414
f 4093/15/417 4094/15/417 4148/15/417 4147/15/417
f 4121/15/416 4120/15/416 4174/15/416 4175/15/416
f 4094/15/419 4095/15/419 4149/15/419 4148/15/419
f 4122/15/418 4121/15/418 4175/15/418 4176/15/418
f 4095/15/421 4096/15/421 4150/15/421 4149/15/421
f 4123/15/420 4122/15/420 4176/15/420 4177/15/420
f 4096/15/423 4097/15/423 4151/15/423 4150/15/423
f 4124/15/422 4123/15/422 4177/15/422 4178/15/422
f 4097/15/425 4098/15/425 4152/15/425 4151/15/425
f 4125/15/424 4124/15/424 4178/15/424 4179/15/424
f 4098/15/427 4099/15/427 4153/15/427 4152/15/427
f 4126/15/426 4125/15/426 4179/15/426 4180/15/426
f 4099/15/429 4100/15/429 4154/15/429 4153/15/429
f 4127/15/428 4126/15/428 4180/15/428 4181/15/428
f 4100/15/431 4101/15/431 4155/15/431 4154/15/431
f 4128/15/430 4127/15/430 4181/15/430 4182/15/430
f 4101/15/475 4102/15/475 4156/15/475 4155/15/475
f 4129/15/432 4128/15/432 4182/15/432 4183/15/432
f 4102/15/435 4103/15/435 4157/15/435 4156/15/435
f 4130/15/434 4129/15/434 4183/15/434 4184/15/434
f 4103/15/437 4104/15/437 4158/15/437 4157/15/437
f 4131/15/436 4130/15/436 4184/15/436 4185/15/436
f 4104/15/439 4105/15/439 4159/15/439 4158/15/439
f 4132/15/438 4131/15/438 4185/15/438 4186/15/438
f 4105/15/441 4106/15/441 4160/15/441 4159/15/441
f 4133/15/440 4132/15/440 4186/15/440 4187/15/440
f 4135/15/278 4134/15/278 4192/15/278 4193/15/278
f 4134/15/278 4107/15/278 4190/15/278 4192/15/278
f 4108/15/274 4082/15/274 4136/15/274 4162/15/274
f 4082/15/274 4084/15/274 4138/15/274 4136/15/274
f 4109/15/275 4135/15/275 4189/15/275 4163/15/275
f 4111/15/275 4109/15/275 4163/15/275 4165/15/275
f 4083/15/444 4086/15/444 4140/15/444 4137/15/444
f 4108/15/452 4162/15/452 4195/15/452 4191/15/452
f 4113/15/442 4110/15/442 4164/15/442 4167/15/442
f 4085/15/446 4083/15/446 4137/15/446 4139/15/446
f 4106/15/281 4133/15/281 4187/15/281 4160/15/281
f 4110/15/445 4112/15/445 4166/15/445 4164/15/445
f 4084/15/448 4085/15/448 4139/15/448 4138/15/448
f 4112/15/447 4111/15/447 4165/15/447 4166/15/447
f 4086/15/450 4087/15/450 4141/15/450 4140/15/450
f 4114/15/449 4113/15/449 4167/15/449 4168/15/449
f 4087/15/405 4088/15/405 4142/15/405 4141/15/405
f 4190/15/280 4191/15/280 4195/15/280 4194/15/280
f 4193/15/280 4192/15/280 4196/15/280 4197/15/280
f 4192/15/280 4190/15/280 4194/15/280 4196/15/280
f 4162/15/468 4161/15/468 4194/15/468 4195/15/468
f 4189/15/443 4135/15/443 4193/15/443 4197/15/443
f 4161/15/468 4188/15/468 4196/15/468 4194/15/468
f 4188/15/468 4189/15/468 4197/15/468 4196/15/468
f 4107/15/278 4108/15/278 4191/15/278 4190/15/278
f 4275/15/278 4279/15/278 4201/15/278 4231/15/278
f 4201/15/278 4205/15/278 4207/15/278 4203/15/278
f 4200/15/278 4202/15/278 4206/15/278 4204/15/278
f 4279/15/278 4280/15/278 4205/15/278 4201/15/278
f 4233/15/279 4211/15/279 4229/15/279 4235/15/279
f 4215/15/280 4216/15/280 4224/15/280 4223/15/280
f 4213/15/458 4217/15/458 4225/15/458 4221/15/458
f 4216/15/459 4212/15/459 4220/15/459 4224/15/459
f 4201/15/281 4203/15/281 4213/15/281 4211/15/281
f 4231/15/275 4201/15/275 4211/15/275 4233/15/275
f 4203/15/460 4207/15/460 4217/15/460 4213/15/460
f 4256/15/280 4204/15/280 4215/15/280 4259/15/280
f 4248/15/274 4198/15/274 4209/15/274 4249/15/274
f 4204/15/280 4206/15/280 4216/15/280 4215/15/280
f 4202/15/281 4200/15/281 4208/15/281 4212/15/281
f 4206/15/459 4202/15/459 4212/15/459 4216/15/459
f 4272/15/281 4199/15/281 4210/15/281 4273/15/281
f 4207/15/280 4205/15/280 4214/15/280 4217/15/280
f 4218/15/279 4221/15/279 4225/15/279 4222/15/279
f 4219/15/279 4223/15/279 4224/15/279 4220/15/279
f 4283/15/279 4218/15/279 4222/15/279 4284/15/279
f 4211/15/281 4213/15/281 4221/15/281 4218/15/281
f 4281/15/281 4211/15/281 4218/15/281 4283/15/281
f 4217/15/280 4214/15/280 4222/15/280 4225/15/280
f 4259/15/280 4215/15/280 4223/15/280 4261/15/280
f 4212/15/281 4208/15/281 4219/15/281 4220/15/281
f 4249/15/279 4209/15/279 4227/15/279 4250/15/279
f 4258/15/279 4208/15/279 4226/15/279 4263/15/279
f 4273/15/279 4210/15/279 4228/15/279 4274/15/279
f 4208/15/279 4232/15/279 4234/15/279 4226/15/279
f 4287/15/279 4241/15/279 4235/15/279 4286/15/279
f 4200/15/274 4230/15/274 4232/15/274 4208/15/274
f 4239/15/275 4231/15/275 4233/15/275 4240/15/275
f 4240/15/279 4233/15/279 4235/15/279 4241/15/279
f 4276/15/278 4275/15/278 4231/15/278 4239/15/278
f 4277/15/278 4276/15/278 4239/15/278 4245/15/278
f 4246/15/279 4240/15/279 4241/15/279 4247/15/279
f 4245/15/275 4239/15/275 4240/15/275 4246/15/275
f 4285/15/281 4263/15/281 4296/15/281 4309/15/281
f 4232/15/279 4237/15/279 4238/15/279 4234/15/279
f 4230/15/274 4236/15/274 4237/15/274 4232/15/274
f 4289/15/279 4253/15/279 4247/15/279 4288/15/279
f 4251/15/275 4245/15/275 4246/15/275 4252/15/275
f 4252/15/279 4246/15/279 4247/15/279 4253/15/279
f 4278/15/278 4277/15/278 4245/15/278 4251/15/278
f 4237/15/279 4243/15/279 4244/15/279 4238/15/279
f 4236/15/274 4242/15/274 4243/15/274 4237/15/274
f 4272/15/278 4278/15/278 4251/15/278 4199/15/278
f 4210/15/279 4252/15/279 4253/15/279 4228/15/279
f 4199/15/275 4251/15/275 4252/15/275 4210/15/275
f 4287/15/275 4288/15/275 4312/15/275 4311/15/275
f 4243/15/279 4249/15/279 4250/15/279 4244/15/279
f 4242/15/274 4248/15/274 4249/15/274 4243/15/274
f 4227/15/280 4262/15/280 4308/15/280 4291/15/280
f 4198/15/278 4248/15/278 4270/15/278 4254/15/278
f 4248/15/278 4242/15/278 4269/15/278 4270/15/278
f 4250/15/279 4271/15/279 4268/15/279 4244/15/279
f 4228/15/274 4253/15/274 4306/15/274 4293/15/274
f 4242/15/278 4236/15/278 4266/15/278 4269/15/278
f 4236/15/278 4230/15/278 4265/15/278 4266/15/278
f 4238/15/279 4267/15/279 4264/15/279 4234/15/279
f 4209/15/279 4257/15/279 4262/15/279 4227/15/279
f 4281/15/279 4258/15/279 4263/15/279 4285/15/279
f 4282/15/280 4259/15/280 4261/15/280 4284/15/280
f 4208/15/281 4258/15/281 4260/15/281 4219/15/281
f 4219/15/279 4260/15/279 4261/15/279 4223/15/279
f 4198/15/281 4254/15/281 4257/15/281 4209/15/281
f 4280/15/280 4256/15/280 4259/15/280 4282/15/280
f 4200/15/278 4204/15/278 4256/15/278 4255/15/278
f 4230/15/278 4200/15/278 4255/15/278 4265/15/278
f 4205/15/280 4280/15/280 4282/15/280 4214/15/280
f 4214/15/280 4282/15/280 4284/15/280 4222/15/280
f 4211/15/279 4281/15/279 4285/15/279 4229/15/279
f 4262/15/279 4274/15/279 4289/15/279 4271/15/279
f 4254/15/278 4270/15/278 4278/15/278 4272/15/278
f 4270/15/278 4269/15/278 4277/15/278 4278/15/278
f 4271/15/279 4289/15/279 4288/15/279 4268/15/279
f 4268/15/279 4288/15/279 4287/15/279 4267/15/279
f 4269/15/278 4266/15/278 4276/15/278 4277/15/278
f 4266/15/278 4265/15/278 4275/15/278 4276/15/278
f 4267/15/279 4287/15/279 4286/15/279 4264/15/279
f 4257/15/279 4273/15/279 4274/15/279 4262/15/279
f 4258/15/281 4281/15/281 4283/15/281 4260/15/281
f 4260/15/279 4283/15/279 4284/15/279 4261/15/279
f 4254/15/281 4272/15/281 4273/15/281 4257/15/281
f 4255/15/278 4256/15/278 4280/15/278 4279/15/278
f 4265/15/278 4255/15/278 4279/15/278 4275/15/278
f 4226/15/275 4234/15/275 4298/15/275 4297/15/275
f 4264/15/280 4286/15/280 4310/15/280 4299/15/280
f 4267/15/281 4238/15/281 4303/15/281 4302/15/281
f 4262/15/274 4271/15/274 4307/15/274 4308/15/274
f 4250/15/275 4227/15/275 4291/15/275 4290/15/275
f 4234/15/280 4264/15/280 4299/15/280 4298/15/280
f 4229/15/281 4285/15/281 4309/15/281 4295/15/281
f 4289/15/461 4274/15/461 4292/15/461 4313/15/461
f 4244/15/280 4268/15/280 4305/15/280 4304/15/280
f 4274/15/280 4228/15/280 4293/15/280 4292/15/280
f 4271/15/281 4250/15/281 4290/15/281 4307/15/281
f 4286/15/280 4235/15/280 4294/15/280 4310/15/280
f 4235/15/274 4229/15/274 4295/15/274 4294/15/274
f 4241/15/281 4287/15/281 4311/15/281 4301/15/281
f 4247/15/274 4241/15/274 4301/15/274 4300/15/274
f 4263/15/281 4226/15/281 4297/15/281 4296/15/281
f 4288/15/280 4247/15/280 4300/15/280 4312/15/280
f 4268/15/274 4267/15/274 4302/15/274 4305/15/274
f 4253/15/281 4289/15/281 4313/15/281 4306/15/281
f 4238/15/275 4244/15/275 4304/15/275 4303/15/275
f 4338/15/278 4339/15/278 4366/15/278 4365/15/278
f 4319/15/278 4318/15/278 4320/15/278
f 4318/15/278 4315/15/278 4321/15/278 4320/15/278
f 4315/15/278 4317/15/278 4322/15/278 4321/15/278
f 4317/15/278 4316/15/278 4323/15/278 4322/15/278
f 4323/15/278 4316/15/278 4324/15/278
f 4316/15/278 4314/15/278 4325/15/278 4324/15/278
f 4326/15/278 4325/15/278 4314/15/278 4340/15/278
f 4326/15/278 4340/15/278 4327/15/278
f 4328/15/278 4327/15/278 4340/15/278 4339/15/278
f 4328/15/278 4339/15/278 4329/15/278
f 4329/15/278 4339/15/278 4330/15/278
f 4331/15/278 4330/15/278 4332/15/278
f 4332/15/278 4330/15/278 4333/15/278
f 4333/15/278 4330/15/278 4334/15/278
f 4330/15/278 4339/15/278 4334/15/278
f 4334/15/278 4339/15/278 4335/15/278
f 4335/15/278 4339/15/278 4336/15/278
f 4337/15/278 4336/15/278 4339/15/278 4338/15/278
f 4365/15/278 4366/15/278 4364/15/278
f 4363/15/278 4364/15/278 4366/15/278
f 4362/15/278 4363/15/278 4366/15/278
f 4361/15/278 4362/15/278 4366/15/278
f 4358/15/278 4359/15/278 4357/15/278
f 4359/15/278 4360/15/278 4357/15/278
f 4360/15/278 4361/15/278 4357/15/278
f 4366/15/278 4357/15/278 4361/15/278
f 4357/15/278 4366/15/278 4356/15/278
f 4355/15/278 4356/15/278 4366/15/278
f 4355/15/278 4366/15/278 4367/15/278 4354/15/278
f 4353/15/278 4354/15/278 4367/15/278
f 4353/15/278 4367/15/278 4341/15/278 4352/15/278
f 4343/15/278 4351/15/278 4352/15/278 4341/15/278
f 4351/15/278 4343/15/278 4350/15/278
f 4344/15/278 4349/15/278 4350/15/278 4343/15/278
f 4342/15/278 4348/15/278 4349/15/278 4344/15/278
f 4345/15/278 4347/15/278 4348/15/278 4342/15/278
f 4346/15/278 4347/15/278 4345/15/278
f 4392/15/279 4419/15/279 4420/15/279 4393/15/279
f 4373/15/279 4374/15/279 4372/15/279
f 4372/15/279 4374/15/279 4375/15/279 4369/15/279
f 4369/15/279 4375/15/279 4376/15/279 4371/15/279
f 4371/15/279 4376/15/279 4377/15/279 4370/15/279
f 4377/15/279 4378/15/279 4370/15/279
f 4370/15/279 4378/15/279 4379/15/279 4368/15/279
f 4380/15/279 4394/15/279 4368/15/279 4379/15/279
f 4380/15/279 4381/15/279 4394/15/279
f 4382/15/279 4393/15/279 4394/15/279 4381/15/279
f 4382/15/279 4383/15/279 4393/15/279
f 4383/15/279 4384/15/279 4393/15/279
f 4385/15/279 4386/15/279 4384/15/279
f 4386/15/279 4387/15/279 4384/15/279
f 4387/15/279 4388/15/279 4384/15/279
f 4384/15/279 4388/15/279 4393/15/279
f 4388/15/463 4389/15/463 4393/15/463
f 4389/15/462 4390/15/462 4393/15/462
f 4391/15/279 4392/15/279 4393/15/279 4390/15/279
f 4419/15/279 4418/15/279 4420/15/279
f 4417/15/279 4420/15/279 4418/15/279
f 4416/15/463 4420/15/463 4417/15/463
f 4415/15/462 4420/15/462 4416/15/462
f 4412/15/279 4411/15/279 4413/15/279
f 4413/15/279 4411/15/279 4414/15/279
f 4414/15/279 4411/15/279 4415/15/279
f 4420/15/279 4415/15/279 4411/15/279
f 4411/15/279 4410/15/279 4420/15/279
f 4409/15/279 4420/15/279 4410/15/279
f 4409/15/279 4408/15/279 4421/15/279 4420/15/279
f 4407/15/279 4421/15/279 4408/15/279
f 4407/15/279 4406/15/279 4395/15/279 4421/15/279
f 4397/15/279 4395/15/279 4406/15/279 4405/15/279
f 4405/15/279 4404/15/279 4397/15/279
f 4398/15/279 4397/15/279 4404/15/279 4403/15/279
f 4396/15/279 4398/15/279 4403/15/279 4402/15/279
f 4399/15/279 4396/15/279 4402/15/279 4401/15/279
f 4400/15/279 4399/15/279 4401/15/279
f 4347/15/396 4346/15/396 4400/15/396 4401/15/396
f 4320/15/352 4321/15/352 4375/15/352 4374/15/352
f 4348/15/351 4347/15/351 4401/15/351 4402/15/351
f 4321/15/354 4322/15/354 4376/15/354 4375/15/354
f 4349/15/353 4348/15/353 4402/15/353 4403/15/353
f 4322/15/356 4323/15/356 4377/15/356 4376/15/356
f 4350/15/355 4349/15/355 4403/15/355 4404/15/355
f 4323/15/358 4324/15/358 4378/15/358 4377/15/358
f 4351/15/357 4350/15/357 4404/15/357 4405/15/357
f 4324/15/360 4325/15/360 4379/15/360 4378/15/360
f 4352/15/359 4351/15/359 4405/15/359 4406/15/359
f 4325/15/362 4326/15/362 4380/15/362 4379/15/362
f 4353/15/361 4352/15/361 4406/15/361 4407/15/361
f 4326/15/364 4327/15/364 4381/15/364 4380/15/364
f 4354/15/363 4353/15/363 4407/15/363 4408/15/363
f 4327/15/366 4328/15/366 4382/15/366 4381/15/366
f 4355/15/365 4354/15/365 4408/15/365 4409/15/365
f 4328/15/368 4329/15/368 4383/15/368 4382/15/368
f 4356/15/367 4355/15/367 4409/15/367 4410/15/367
f 4329/15/370 4330/15/370 4384/15/370 4383/15/370
f 4357/15/369 4356/15/369 4410/15/369 4411/15/369
f 4330/15/372 4331/15/372 4385/15/372 4384/15/372
f 4358/15/371 4357/15/371 4411/15/371 4412/15/371
f 4331/15/374 4332/15/374 4386/15/374 4385/15/374
f 4359/15/373 4358/15/373 4412/15/373 4413/15/373
f 4332/15/376 4333/15/376 4387/15/376 4386/15/376
f 4360/15/375 4359/15/375 4413/15/375 4414/15/375
f 4333/15/378 4334/15/378 4388/15/378 4387/15/378
f 4361/15/400 4360/15/400 4414/15/400 4415/15/400
f 4334/15/380 4335/15/380 4389/15/380 4388/15/380
f 4362/15/379 4361/15/379 4415/15/379 4416/15/379
f 4335/15/382 4336/15/382 4390/15/382 4389/15/382
f 4363/15/381 4362/15/381 4416/15/381 4417/15/381
f 4336/15/384 4337/15/384 4391/15/384 4390/15/384
f 4364/15/383 4363/15/383 4417/15/383 4418/15/383
f 4337/15/386 4338/15/386 4392/15/386 4391/15/386
f 4365/15/385 4364/15/385 4418/15/385 4419/15/385
f 4367/15/278 4366/15/278 4424/15/278 4425/15/278
f 4366/15/278 4339/15/278 4422/15/278 4424/15/278
f 4340/15/274 4314/15/274 4368/15/274 4394/15/274
f 4314/15/274 4316/15/274 4370/15/274 4368/15/274
f 4341/15/275 4367/15/275 4421/15/275 4395/15/275
f 4343/15/275 4341/15/275 4395/15/275 4397/15/275
f 4315/15/389 4318/15/389 4372/15/389 4369/15/389
f 4340/15/398 4394/15/398 4427/15/398 4423/15/398
f 4345/15/387 4342/15/387 4396/15/387 4399/15/387
f 4317/15/391 4315/15/391 4369/15/391 4371/15/391
f 4338/15/281 4365/15/281 4419/15/281 4392/15/281
f 4342/15/390 4344/15/390 4398/15/390 4396/15/390
f 4316/15/393 4317/15/393 4371/15/393 4370/15/393
f 4344/15/392 4343/15/392 4397/15/392 4398/15/392
f 4318/15/395 4319/15/395 4373/15/395 4372/15/395
f 4346/15/394 4345/15/394 4399/15/394 4400/15/394
f 4319/15/350 4320/15/350 4374/15/350 4373/15/350
f 4422/15/280 4423/15/280 4427/15/280 4426/15/280
f 4425/15/280 4424/15/280 4428/15/280 4429/15/280
f 4424/15/280 4422/15/280 4426/15/280 4428/15/280
f 4394/15/468 4393/15/468 4426/15/468 4427/15/468
f 4421/15/388 4367/15/388 4425/15/388 4429/15/388
f 4393/15/468 4420/15/468 4428/15/468 4426/15/468
f 4420/15/468 4421/15/468 4429/15/468 4428/15/468
f 4339/15/278 4340/15/278 4423/15/278 4422/15/278
f 4454/15/279 4455/15/279 4482/15/279 4481/15/279
f 4435/15/279 4434/15/279 4436/15/279
f 4434/15/279 4431/15/279 4437/15/279 4436/15/279
f 4431/15/279 4433/15/279 4438/15/279 4437/15/279
f 4433/15/279 4432/15/279 4439/15/279 4438/15/279
f 4439/15/279 4432/15/279 4440/15/279
f 4432/15/279 4430/15/279 4441/15/279 4440/15/279
f 4442/15/279 4441/15/279 4430/15/279 4456/15/279
f 4442/15/279 4456/15/279 4443/15/279
f 4444/15/279 4443/15/279 4456/15/279 4455/15/279
f 4444/15/279 4455/15/279 4445/15/279
f 4445/15/279 4455/15/279 4446/15/279
f 4447/15/279 4446/15/279 4448/15/279
f 4448/15/279 4446/15/279 4449/15/279
f 4449/15/279 4446/15/279 4450/15/279
f 4446/15/279 4455/15/279 4450/15/279
f 4450/15/279 4455/15/279 4451/15/279
f 4451/15/279 4455/15/279 4452/15/279
f 4453/15/279 4452/15/279 4455/15/279 4454/15/279
f 4481/15/279 4482/15/279 4480/15/279
f 4479/15/279 4480/15/279 4482/15/279
f 4478/15/279 4479/15/279 4482/15/279
f 4477/15/279 4478/15/279 4482/15/279
f 4474/15/279 4475/15/279 4473/15/279
f 4475/15/279 4476/15/279 4473/15/279
f 4476/15/279 4477/15/279 4473/15/279
f 4482/15/279 4473/15/279 4477/15/279
f 4473/15/279 4482/15/279 4472/15/279
f 4471/15/279 4472/15/279 4482/15/279
f 4471/15/279 4482/15/279 4483/15/279 4470/15/279
f 4469/15/279 4470/15/279 4483/15/279
f 4469/15/279 4483/15/279 4457/15/279 4468/15/279
f 4459/15/279 4467/15/279 4468/15/279 4457/15/279
f 4467/15/279 4459/15/279 4466/15/279
f 4460/15/279 4465/15/279 4466/15/279 4459/15/279
f 4458/15/279 4464/15/279 4465/15/279 4460/15/279
f 4461/15/279 4463/15/279 4464/15/279 4458/15/279
f 4462/15/279 4463/15/279 4461/15/279
f 4508/15/278 4535/15/278 4536/15/278 4509/15/278
f 4489/15/278 4490/15/278 4488/15/278
f 4488/15/278 4490/15/278 4491/15/278 4485/15/278
f 4485/15/278 4491/15/278 4492/15/278 4487/15/278
f 4487/15/278 4492/15/278 4493/15/278 4486/15/278
f 4493/15/278 4494/15/278 4486/15/278
f 4486/15/278 4494/15/278 4495/15/278 4484/15/278
f 4496/15/278 4510/15/278 4484/15/278 4495/15/278
f 4496/15/278 4497/15/278 4510/15/278
f 4498/15/278 4509/15/278 4510/15/278 4497/15/278
f 4498/15/278 4499/15/278 4509/15/278
f 4499/15/278 4500/15/278 4509/15/278
f 4501/15/278 4502/15/278 4500/15/278
f 4502/15/278 4503/15/278 4500/15/278
f 4503/15/278 4504/15/278 4500/15/278
f 4500/15/278 4504/15/278 4509/15/278
f 4504/15/278 4505/15/278 4509/15/278
f 4505/15/278 4506/15/278 4509/15/278
f 4507/15/278 4508/15/278 4509/15/278 4506/15/278
f 4535/15/278 4534/15/278 4536/15/278
f 4533/15/278 4536/15/278 4534/15/278
f 4532/15/278 4536/15/278 4533/15/278
f 4531/15/278 4536/15/278 4532/15/278
f 4528/15/278 4527/15/278 4529/15/278
f 4529/15/278 4527/15/278 4530/15/278
f 4530/15/278 4527/15/278 4531/15/278
f 4536/15/278 4531/15/278 4527/15/278
f 4527/15/278 4526/15/278 4536/15/278
f 4525/15/278 4536/15/278 4526/15/278
f 4525/15/278 4524/15/278 4537/15/278 4536/15/278
f 4523/15/278 4537/15/278 4524/15/278
f 4523/15/278 4522/15/278 4511/15/278 4537/15/278
f 4513/15/278 4511/15/278 4522/15/278 4521/15/278
f 4521/15/278 4520/15/278 4513/15/278
f 4514/15/278 4513/15/278 4520/15/278 4519/15/278
f 4512/15/278 4514/15/278 4519/15/278 4518/15/278
f 4515/15/278 4512/15/278 4518/15/278 4517/15/278
f 4516/15/278 4515/15/278 4517/15/278
f 4463/15/350 4462/15/350 4516/15/350 4517/15/350
f 4436/15/351 4437/15/351 4491/15/351 4490/15/351
f 4464/15/352 4463/15/352 4517/15/352 4518/15/352
f 4437/15/353 4438/15/353 4492/15/353 4491/15/353
f 4465/15/354 4464/15/354 4518/15/354 4519/15/354
f 4438/15/355 4439/15/355 4493/15/355 4492/15/355
f 4466/15/356 4465/15/356 4519/15/356 4520/15/356
f 4439/15/357 4440/15/357 4494/15/357 4493/15/357
f 4467/15/358 4466/15/358 4520/15/358 4521/15/358
f 4440/15/359 4441/15/359 4495/15/359 4494/15/359
f 4468/15/360 4467/15/360 4521/15/360 4522/15/360
f 4441/15/361 4442/15/361 4496/15/361 4495/15/361
f 4469/15/362 4468/15/362 4522/15/362 4523/15/362
f 4442/15/467 4443/15/467 4497/15/467 4496/15/467
f 4470/15/364 4469/15/364 4523/15/364 4524/15/364
f 4443/15/365 4444/15/365 4498/15/365 4497/15/365
f 4471/15/366 4470/15/366 4524/15/366 4525/15/366
f 4444/15/367 4445/15/367 4499/15/367 4498/15/367
f 4472/15/368 4471/15/368 4525/15/368 4526/15/368
f 4445/15/369 4446/15/369 4500/15/369 4499/15/369
f 4473/15/370 4472/15/370 4526/15/370 4527/15/370
f 4446/15/371 4447/15/371 4501/15/371 4500/15/371
f 4474/15/372 4473/15/372 4527/15/372 4528/15/372
f 4447/15/373 4448/15/373 4502/15/373 4501/15/373
f 4475/15/374 4474/15/374 4528/15/374 4529/15/374
f 4448/15/375 4449/15/375 4503/15/375 4502/15/375
f 4476/15/376 4475/15/376 4529/15/376 4530/15/376
f 4449/15/377 4450/15/377 4504/15/377 4503/15/377
f 4477/15/378 4476/15/378 4530/15/378 4531/15/378
f 4450/15/379 4451/15/379 4505/15/379 4504/15/379
f 4478/15/380 4477/15/380 4531/15/380 4532/15/380
f 4451/15/381 4452/15/381 4506/15/381 4505/15/381
f 4479/15/382 4478/15/382 4532/15/382 4533/15/382
f 4452/15/456 4453/15/456 4507/15/456 4506/15/456
f 4480/15/476 4479/15/476 4533/15/476 4534/15/476
f 4453/15/477 4454/15/477 4508/15/477 4507/15/477
f 4481/15/478 4480/15/478 4534/15/478 4535/15/478
f 4483/15/279 4482/15/279 4540/15/279 4541/15/279
f 4482/15/279 4455/15/279 4538/15/279 4540/15/279
f 4456/15/275 4430/15/275 4484/15/275 4510/15/275
f 4430/15/275 4432/15/275 4486/15/275 4484/15/275
f 4457/15/274 4483/15/274 4537/15/274 4511/15/274
f 4459/15/274 4457/15/274 4511/15/274 4513/15/274
f 4431/15/387 4434/15/387 4488/15/387 4485/15/387
f 4456/15/388 4510/15/388 4543/15/388 4539/15/388
f 4461/15/389 4458/15/389 4512/15/389 4515/15/389
f 4433/15/390 4431/15/390 4485/15/390 4487/15/390
f 4454/15/281 4481/15/281 4535/15/281 4508/15/281
f 4458/15/391 4460/15/391 4514/15/391 4512/15/391
f 4432/15/392 4433/15/392 4487/15/392 4486/15/392
f 4460/15/393 4459/15/393 4513/15/393 4514/15/393
f 4434/15/394 4435/15/394 4489/15/394 4488/15/394
f 4462/15/395 4461/15/395 4515/15/395 4516/15/395
f 4435/15/396 4436/15/396 4490/15/396 4489/15/396
f 4538/15/280 4539/15/280 4543/15/280 4542/15/280
f 4541/15/280 4540/15/280 4544/15/280 4545/15/280
f 4540/15/280 4538/15/280 4542/15/280 4544/15/280
f 4510/15/397 4509/15/397 4542/15/397 4543/15/397
f 4537/15/398 4483/15/398 4541/15/398 4545/15/398
f 4509/15/397 4536/15/397 4544/15/397 4542/15/397
f 4536/15/397 4537/15/397 4545/15/397 4544/15/397
f 4455/15/279 4456/15/279 4539/15/279 4538/15/279
f 4553/15/279 4559/15/279 4556/15/279 4550/15/279
f 4551/15/279 4554/15/279 4552/15/279 4558/15/279 4569/15/279 4568/15/279 4557/15/279
f 4562/15/279 4563/15/279 4555/15/279 4549/15/279
f 4549/15/279 4555/15/279 4559/15/279 4553/15/279
f 4550/15/279 4556/15/279 4561/15/279 4560/15/279
f 4567/15/279 4566/15/279 4606/15/279 4605/15/279 4568/15/279 4569/15/279 4608/15/279 4607/15/279
f 4564/15/279 4561/15/279 4567/15/279
f 4563/15/279 4565/15/279 4566/15/279
f 4566/15/279 4567/15/279 4561/15/279 4563/15/279
f 4560/15/279 4561/15/279 4564/15/279 4610/15/279 4609/15/279 4558/15/279 4552/15/279
f 4551/15/279 4557/15/279 4603/15/279 4604/15/279 4565/15/279 4563/15/279 4562/15/279
f 4553/15/479 4549/15/479 4572/15/479 4570/15/479
f 4550/15/480 4553/15/480 4570/15/480 4571/15/480
f 4576/15/278 4577/15/278 4587/15/278 4586/15/278
f 4581/15/278 4584/15/278 4592/15/278 4591/15/278 4590/15/278 4583/15/278 4580/15/278
f 4577/15/481 4601/15/481 4638/15/481 4635/15/481
f 4573/15/482 4574/15/482 4585/15/482 4598/15/482
f 4578/15/278 4579/15/278 4589/15/278 4588/15/278
f 4579/15/278 4576/15/278 4586/15/278 4589/15/278
f 4577/15/278 4582/15/278 4593/15/278 4587/15/278
f 4597/15/278 4591/15/278 4592/15/278 4596/15/278
f 4595/15/278 4597/15/278 4593/15/278
f 4588/15/278 4596/15/278 4594/15/278
f 4596/15/278 4588/15/278 4593/15/278 4597/15/278
f 4582/15/278 4583/15/278 4590/15/278 4595/15/278 4593/15/278
f 4581/15/278 4578/15/278 4588/15/278 4594/15/278 4584/15/278
f 4599/15/278 4598/15/278 4600/15/278 4602/15/278
f 4598/15/278 4585/15/278 4601/15/278 4600/15/278
f 4575/15/483 4573/15/483 4598/15/483 4599/15/483
f 4602/15/484 4579/15/484 4630/15/484 4632/15/484
f 4576/15/479 4579/15/479 4602/15/479 4600/15/479
f 4577/15/480 4576/15/480 4600/15/480 4601/15/480
f 4560/15/485 4552/15/485 4583/15/485 4582/15/485
f 4555/15/486 4563/15/486 4588/15/486 4589/15/486
f 4550/15/486 4560/15/486 4582/15/486 4577/15/486
f 4569/15/487 4558/15/487 4590/15/487 4591/15/487
f 4568/15/488 4605/15/488 4606/15/488 4566/15/488 4596/15/488 4592/15/488
f 4561/15/489 4556/15/489 4587/15/489 4593/15/489
f 4558/15/489 4609/15/489 4610/15/489 4564/15/489 4595/15/489 4590/15/489
f 4548/15/490 4547/15/490 4574/15/490 4573/15/490
f 4559/15/491 4555/15/491 4589/15/491 4586/15/491
f 4567/15/486 4607/15/486 4608/15/486 4569/15/486 4591/15/486 4597/15/486
f 4565/15/486 4604/15/486 4603/15/486 4557/15/486 4584/15/486 4594/15/486
f 4546/15/492 4548/15/492 4573/15/492 4575/15/492
f 4557/15/493 4568/15/493 4592/15/493 4584/15/493
f 4574/15/494 4547/15/494 4634/15/494 4636/15/494
f 4551/15/495 4562/15/495 4578/15/495 4581/15/495
f 4564/15/496 4567/15/496 4597/15/496 4595/15/496
f 4579/15/497 4549/15/497 4628/15/497 4630/15/497
f 4562/15/488 4549/15/488 4579/15/488 4578/15/488
f 4566/15/496 4565/15/496 4594/15/496 4596/15/496
f 4563/15/487 4561/16/487 4593/17/487 4588/18/487
f 4556/15/498 4559/15/498 4586/15/498 4587/15/498
f 4604/15/279 4611/15/279 4612/15/279 4606/15/279
f 4610/15/279 4607/15/279 4613/15/279 4614/15/279
f 4616/15/275 4618/15/275 4622/15/275 4620/15/275
f 4610/15/278 4614/15/278 4618/15/278 4616/15/278
f 4607/15/278 4610/15/278 4616/15/278 4615/15/278
f 4613/15/278 4607/15/278 4615/15/278 4617/15/278
f 4614/15/278 4613/15/278 4617/15/278 4618/15/278
f 4620/15/278 4622/15/278 4621/15/278 4619/15/278
f 4615/15/280 4616/15/280 4620/15/280 4619/15/280
f 4617/15/274 4615/15/274 4619/15/274 4621/15/274
f 4618/15/281 4617/15/281 4621/15/281 4622/15/281
f 4623/15/278 4624/15/278 4626/15/278 4625/15/278
f 4604/15/499 4606/15/499 4624/15/499 4623/15/499
f 4611/15/274 4604/15/274 4623/15/274 4625/15/274
f 4612/15/500 4611/15/500 4625/15/500 4626/15/500
f 4606/15/275 4612/15/275 4626/15/275 4624/15/275
f 4630/15/501 4629/15/501 4631/15/501 4632/15/501
f 4628/15/502 4627/15/502 4629/15/502 4630/15/502
f 4549/15/503 4546/15/503 4627/15/503 4628/15/503
f 4546/15/504 4575/15/504 4629/15/504 4627/15/504
f 4575/15/505 4599/15/505 4631/15/505 4629/15/505
f 4599/15/506 4602/15/506 4632/15/506 4631/15/506
f 4636/15/507 4635/15/507 4638/15/507 4637/15/507
f 4634/15/508 4633/15/508 4635/15/508 4636/15/508
f 4601/15/509 4585/15/509 4637/15/509 4638/15/509
f 4547/15/510 4550/15/510 4633/15/510 4634/15/510
f 4550/15/511 4577/15/511 4635/15/511 4633/15/511
f 4585/15/512 4574/15/512 4636/15/512 4637/15/512
f 4548/15/279 4553/15/279 4550/15/279 4547/15/279
f 4546/15/279 4549/15/279 4553/15/279 4548/15/279
f 4663/15/279 4664/15/279 4691/15/279 4690/15/279
f 4644/15/279 4643/15/279 4645/15/279
f 4643/15/279 4640/15/279 4646/15/279 4645/15/279
f 4640/15/279 4642/15/279 4647/15/279 4646/15/279
f 4642/15/279 4641/15/279 4648/15/279 4647/15/279
f 4648/15/279 4641/15/279 4649/15/279
f 4641/15/279 4639/15/279 4650/15/279 4649/15/279
f 4651/15/279 4650/15/279 4639/15/279 4665/15/279
f 4651/15/279 4665/15/279 4652/15/279
f 4653/15/279 4652/15/279 4665/15/279 4664/15/279
f 4653/15/279 4664/15/279 4654/15/279
f 4654/15/279 4664/15/279 4655/15/279
f 4656/15/279 4655/15/279 4657/15/279
f 4657/15/279 4655/15/279 4658/15/279
f 4658/15/279 4655/15/279 4659/15/279
f 4655/15/279 4664/15/279 4659/15/279
f 4659/15/279 4664/15/279 4660/15/279
f 4660/15/279 4664/15/279 4661/15/279
f 4662/15/279 4661/15/279 4664/15/279 4663/15/279
f 4690/15/279 4691/15/279 4689/15/279
f 4688/15/279 4689/15/279 4691/15/279
f 4687/15/279 4688/15/279 4691/15/279
f 4686/15/279 4687/15/279 4691/15/279
f 4683/15/279 4684/15/279 4682/15/279
f 4684/15/279 4685/15/279 4682/15/279
f 4685/15/279 4686/15/279 4682/15/279
f 4691/15/279 4682/15/279 4686/15/279
f 4682/15/279 4691/15/279 4681/15/279
f 4680/15/279 4681/15/279 4691/15/279
f 4680/15/279 4691/15/279 4692/15/279 4679/15/279
f 4678/15/279 4679/15/279 4692/15/279
f 4678/15/279 4692/15/279 4666/15/279 4677/15/279
f 4668/15/279 4676/15/279 4677/15/279 4666/15/279
f 4676/15/279 4668/15/279 4675/15/279
f 4669/15/279 4674/15/279 4675/15/279 4668/15/279
f 4667/15/279 4673/15/279 4674/15/279 4669/15/279
f 4670/15/279 4672/15/279 4673/15/279 4667/15/279
f 4671/15/279 4672/15/279 4670/15/279
f 4717/15/278 4744/15/278 4745/15/278 4718/15/278
f 4698/15/278 4699/15/278 4697/15/278
f 4697/15/278 4699/15/278 4700/15/278 4694/15/278
f 4694/15/278 4700/15/278 4701/15/278 4696/15/278
f 4696/15/278 4701/15/278 4702/15/278 4695/15/278
f 4702/15/278 4703/15/278 4695/15/278
f 4695/15/278 4703/15/278 4704/15/278 4693/15/278
f 4705/15/278 4719/15/278 4693/15/278 4704/15/278
f 4705/15/278 4706/15/278 4719/15/278
f 4707/15/278 4718/15/278 4719/15/278 4706/15/278
f 4707/15/278 4708/15/278 4718/15/278
f 4708/15/278 4709/15/278 4718/15/278
f 4710/15/278 4711/15/278 4709/15/278
f 4711/15/278 4712/15/278 4709/15/278
f 4712/15/278 4713/15/278 4709/15/278
f 4709/15/278 4713/15/278 4718/15/278
f 4713/15/278 4714/15/278 4718/15/278
f 4714/15/278 4715/15/278 4718/15/278
f 4716/15/278 4717/15/278 4718/15/278 4715/15/278
f 4744/15/278 4743/15/278 4745/15/278
f 4742/15/278 4745/15/278 4743/15/278
f 4741/15/278 4745/15/278 4742/15/278
f 4740/15/278 4745/15/278 4741/15/278
f 4737/15/278 4736/15/278 4738/15/278
f 4738/15/278 4736/15/278 4739/15/278
f 4739/15/278 4736/15/278 4740/15/278
f 4745/15/278 4740/15/278 4736/15/278
f 4736/15/278 4735/15/278 4745/15/278
f 4734/15/278 4745/15/278 4735/15/278
f 4734/15/278 4733/15/278 4746/15/278 4745/15/278
f 4732/15/278 4746/15/278 4733/15/278
f 4732/15/278 4731/15/278 4720/15/278 4746/15/278
f 4722/15/278 4720/15/278 4731/15/278 4730/15/278
f 4730/15/278 4729/15/278 4722/15/278
f 4723/15/278 4722/15/278 4729/15/278 4728/15/278
f 4721/15/278 4723/15/278 4728/15/278 4727/15/278
f 4724/15/278 4721/15/278 4727/15/278 4726/15/278
f 4725/15/278 4724/15/278 4726/15/278
f 4672/15/350 4671/15/350 4725/15/350 4726/15/350
f 4645/15/351 4646/15/351 4700/15/351 4699/15/351
f 4673/15/352 4672/15/352 4726/15/352 4727/15/352
f 4646/15/353 4647/15/353 4701/15/353 4700/15/353
f 4674/15/354 4673/15/354 4727/15/354 4728/15/354
f 4647/15/355 4648/15/355 4702/15/355 4701/15/355
f 4675/15/356 4674/15/356 4728/15/356 4729/15/356
f 4648/15/357 4649/15/357 4703/15/357 4702/15/357
f 4676/15/358 4675/15/358 4729/15/358 4730/15/358
f 4649/15/359 4650/15/359 4704/15/359 4703/15/359
f 4677/15/360 4676/15/360 4730/15/360 4731/15/360
f 4650/15/361 4651/15/361 4705/15/361 4704/15/361
f 4678/15/362 4677/15/362 4731/15/362 4732/15/362
f 4651/15/467 4652/15/467 4706/15/467 4705/15/467
f 4679/15/364 4678/15/364 4732/15/364 4733/15/364
f 4652/15/365 4653/15/365 4707/15/365 4706/15/365
f 4680/15/366 4679/15/366 4733/15/366 4734/15/366
f 4653/15/367 4654/15/367 4708/15/367 4707/15/367
f 4681/15/368 4680/15/368 4734/15/368 4735/15/368
f 4654/15/369 4655/15/369 4709/15/369 4708/15/369
f 4682/15/370 4681/15/370 4735/15/370 4736/15/370
f 4655/15/371 4656/15/371 4710/15/371 4709/15/371
f 4683/15/372 4682/15/372 4736/15/372 4737/15/372
f 4656/15/373 4657/15/373 4711/15/373 4710/15/373
f 4684/15/374 4683/15/374 4737/15/374 4738/15/374
f 4657/15/375 4658/15/375 4712/15/375 4711/15/375
f 4685/15/399 4684/15/399 4738/15/399 4739/15/399
f 4658/15/377 4659/15/377 4713/15/377 4712/15/377
f 4686/15/378 4685/15/378 4739/15/378 4740/15/378
f 4659/15/379 4660/15/379 4714/15/379 4713/15/379
f 4687/15/380 4686/15/380 4740/15/380 4741/15/380
f 4660/15/381 4661/15/381 4715/15/381 4714/15/381
f 4688/15/382 4687/15/382 4741/15/382 4742/15/382
f 4661/15/456 4662/15/456 4716/15/456 4715/15/456
f 4689/15/384 4688/15/384 4742/15/384 4743/15/384
f 4662/15/477 4663/15/477 4717/15/477 4716/15/477
f 4690/15/478 4689/15/478 4743/15/478 4744/15/478
f 4692/15/279 4691/15/279 4749/15/279 4750/15/279
f 4691/15/279 4664/15/279 4747/15/279 4749/15/279
f 4665/15/275 4639/15/275 4693/15/275 4719/15/275
f 4639/15/275 4641/15/275 4695/15/275 4693/15/275
f 4666/15/274 4692/15/274 4746/15/274 4720/15/274
f 4668/15/274 4666/15/274 4720/15/274 4722/15/274
f 4640/15/387 4643/15/387 4697/15/387 4694/15/387
f 4665/15/388 4719/15/388 4752/15/388 4748/15/388
f 4670/15/389 4667/15/389 4721/15/389 4724/15/389
f 4642/15/390 4640/15/390 4694/15/390 4696/15/390
f 4663/15/281 4690/15/281 4744/15/281 4717/15/281
f 4667/15/391 4669/15/391 4723/15/391 4721/15/391
f 4641/15/392 4642/15/392 4696/15/392 4695/15/392
f 4669/15/393 4668/15/393 4722/15/393 4723/15/393
f 4643/15/394 4644/15/394 4698/15/394 4697/15/394
f 4671/15/395 4670/15/395 4724/15/395 4725/15/395
f 4644/15/396 4645/15/396 4699/15/396 4698/15/396
f 4747/15/280 4748/15/280 4752/15/280 4751/15/280
f 4750/15/280 4749/15/280 4753/15/280 4754/15/280
f 4749/15/280 4747/15/280 4751/15/280 4753/15/280
f 4719/15/397 4718/15/397 4751/15/397 4752/15/397
f 4746/15/398 4692/15/398 4750/15/398 4754/15/398
f 4718/15/397 4745/15/397 4753/15/397 4751/15/397
f 4745/15/397 4746/15/397 4754/15/397 4753/15/397
f 4664/15/279 4665/15/279 4748/15/279 4747/15/279
f 4762/15/279 4768/15/279 4765/15/279 4759/15/279
f 4760/15/279 4763/15/279 4761/15/279 4767/15/279 4778/15/279 4777/15/279 4766/15/279
f 4771/15/279 4772/15/279 4764/15/279 4758/15/279
f 4758/15/279 4764/15/279 4768/15/279 4762/15/279
f 4759/15/279 4765/15/279 4770/15/279 4769/15/279
f 4776/15/279 4775/15/279 4815/15/279 4814/15/279 4777/15/279 4778/15/279 4817/15/279 4816/15/279
f 4773/15/279 4770/15/279 4776/15/279
f 4772/15/279 4774/15/279 4775/15/279
f 4775/15/279 4776/15/279 4770/15/279 4772/15/279
f 4769/15/279 4770/15/279 4773/15/279 4819/15/279 4818/15/279 4767/15/279 4761/15/279
f 4760/15/279 4766/15/279 4812/15/279 4813/15/279 4774/15/279 4772/15/279 4771/15/279
f 4762/15/479 4758/15/479 4781/15/479 4779/15/479
f 4759/15/480 4762/15/480 4779/15/480 4780/15/480
f 4785/15/278 4786/15/278 4796/15/278 4795/15/278
f 4790/15/278 4793/15/278 4801/15/278 4800/15/278 4799/15/278 4792/15/278 4789/15/278
f 4786/15/481 4810/15/481 4847/15/481 4844/15/481
f 4782/15/482 4783/15/482 4794/15/482 4807/15/482
f 4787/15/278 4788/15/278 4798/15/278 4797/15/278
f 4788/15/278 4785/15/278 4795/15/278 4798/15/278
f 4786/15/278 4791/15/278 4802/15/278 4796/15/278
f 4806/15/278 4800/15/278 4801/15/278 4805/15/278
f 4804/15/278 4806/15/278 4802/15/278
f 4797/15/278 4805/15/278 4803/15/278
f 4805/15/278 4797/15/278 4802/15/278 4806/15/278
f 4791/15/278 4792/15/278 4799/15/278 4804/15/278 4802/15/278
f 4790/15/278 4787/15/278 4797/15/278 4803/15/278 4793/15/278
f 4808/15/278 4807/15/278 4809/15/278 4811/15/278
f 4807/15/278 4794/15/278 4810/15/278 4809/15/278
f 4784/15/483 4782/15/483 4807/15/483 4808/15/483
f 4811/15/484 4788/15/484 4839/15/484 4841/15/484
f 4785/15/479 4788/15/479 4811/15/479 4809/15/479
f 4786/15/480 4785/15/480 4809/15/480 4810/15/480
f 4769/15/485 4761/15/485 4792/15/485 4791/15/485
f 4764/15/486 4772/15/486 4797/15/486 4798/15/486
f 4759/15/486 4769/15/486 4791/15/486 4786/15/486
f 4778/15/487 4767/15/487 4799/15/487 4800/15/487
f 4777/15/488 4814/15/488 4815/15/488 4775/15/488 4805/15/488 4801/15/488
f 4770/15/488 4765/15/488 4796/15/488 4802/15/488
f 4767/15/488 4818/15/488 4819/15/488 4773/15/488 4804/15/488 4799/15/488
f 4757/15/490 4756/15/490 4783/15/490 4782/15/490
f 4768/15/491 4764/15/491 4798/15/491 4795/15/491
f 4776/15/486 4816/15/486 4817/15/486 4778/15/486 4800/15/486 4806/15/486
f 4774/15/486 4813/15/486 4812/15/486 4766/15/486 4793/15/486 4803/15/486
f 4755/15/492 4757/15/492 4782/15/492 4784/15/492
f 4766/15/493 4777/15/493 4801/15/493 4793/15/493
f 4783/15/513 4756/15/513 4843/15/513 4845/15/513
f 4760/15/495 4771/15/495 4787/15/495 4790/15/495
f 4773/15/496 4776/15/496 4806/15/496 4804/15/496
f 4788/15/514 4758/15/514 4837/15/514 4839/15/514
f 4771/15/488 4758/15/488 4788/15/488 4787/15/488
f 4775/15/496 4774/15/496 4803/15/496 4805/15/496
f 4772/15/487 4770/16/487 4802/17/487 4797/18/487
f 4765/15/498 4768/15/498 4795/15/498 4796/15/498
f 4813/15/279 4820/15/279 4821/15/279 4815/15/279
f 4819/15/279 4816/15/279 4822/15/279 4823/15/279
f 4825/15/275 4827/15/275 4831/15/275 4829/15/275
f 4819/15/278 4823/15/278 4827/15/278 4825/15/278
f 4816/15/278 4819/15/278 4825/15/278 4824/15/278
f 4822/15/278 4816/15/278 4824/15/278 4826/15/278
f 4823/15/278 4822/15/278 4826/15/278 4827/15/278
f 4829/15/278 4831/15/278 4830/15/278 4828/15/278
f 4824/15/280 4825/15/280 4829/15/280 4828/15/280
f 4826/15/274 4824/15/274 4828/15/274 4830/15/274
f 4827/15/281 4826/15/281 4830/15/281 4831/15/281
f 4832/15/278 4833/15/278 4835/15/278 4834/15/278
f 4813/15/499 4815/15/499 4833/15/499 4832/15/499
f 4820/15/274 4813/15/274 4832/15/274 4834/15/274
f 4821/15/500 4820/15/500 4834/15/500 4835/15/500
f 4815/15/275 4821/15/275 4835/15/275 4833/15/275
f 4839/15/501 4838/15/501 4840/15/501 4841/15/501
f 4837/15/502 4836/15/502 4838/15/502 4839/15/502
f 4758/15/503 4755/15/503 4836/15/503 4837/15/503
f 4755/15/504 4784/15/504 4838/15/504 4836/15/504
f 4784/15/505 4808/15/505 4840/15/505 4838/15/505
f 4808/15/506 4811/15/506 4841/15/506 4840/15/506
f 4845/15/507 4844/15/507 4847/15/507 4846/15/507
f 4843/15/508 4842/15/508 4844/15/508 4845/15/508
f 4810/15/509 4794/15/509 4846/15/509 4847/15/509
f 4756/15/510 4759/15/510 4842/15/510 4843/15/510
f 4759/15/511 4786/15/511 4844/15/511 4842/15/511
f 4794/15/512 4783/15/512 4845/15/512 4846/15/512
f 4757/15/279 4762/15/279 4759/15/279 4756/15/279
f 4755/15/279 4758/15/279 4762/15/279 4757/15/279
f 4872/15/279 4873/15/279 4900/15/279 4899/15/279
f 4853/15/279 4852/15/279 4854/15/279
f 4852/15/279 4849/15/279 4855/15/279 4854/15/279
f 4849/15/279 4851/15/279 4856/15/279 4855/15/279
f 4851/15/279 4850/15/279 4857/15/279 4856/15/279
f 4857/15/279 4850/15/279 4858/15/279
f 4850/15/279 4848/15/279 4859/15/279 4858/15/279
f 4860/15/279 4859/15/279 4848/15/279 4874/15/279
f 4860/15/279 4874/15/279 4861/15/279
f 4862/15/279 4861/15/279 4874/15/279 4873/15/279
f 4862/15/279 4873/15/279 4863/15/279
f 4863/15/279 4873/15/279 4864/15/279
f 4865/15/279 4864/15/279 4866/15/279
f 4866/15/279 4864/15/279 4867/15/279
f 4867/15/279 4864/15/279 4868/15/279
f 4864/15/279 4873/15/279 4868/15/279
f 4868/15/279 4873/15/279 4869/15/279
f 4869/15/279 4873/15/279 4870/15/279
f 4871/15/279 4870/15/279 4873/15/279 4872/15/279
f 4899/15/279 4900/15/279 4898/15/279
f 4897/15/279 4898/15/279 4900/15/279
f 4896/15/279 4897/15/279 4900/15/279
f 4895/15/279 4896/15/279 4900/15/279
f 4892/15/279 4893/15/279 4891/15/279
f 4893/15/279 4894/15/279 4891/15/279
f 4894/15/279 4895/15/279 4891/15/279
f 4900/15/279 4891/15/279 4895/15/279
f 4891/15/279 4900/15/279 4890/15/279
f 4889/15/279 4890/15/279 4900/15/279
f 4889/15/279 4900/15/279 4901/15/279 4888/15/279
f 4887/15/279 4888/15/279 4901/15/279
f 4887/15/279 4901/15/279 4875/15/279 4886/15/279
f 4877/15/279 4885/15/279 4886/15/279 4875/15/279
f 4885/15/279 4877/15/279 4884/15/279
f 4878/15/279 4883/15/279 4884/15/279 4877/15/279
f 4876/15/279 4882/15/279 4883/15/279 4878/15/279
f 4879/15/279 4881/15/279 4882/15/279 4876/15/279
f 4880/15/279 4881/15/279 4879/15/279
f 4926/15/278 4953/15/278 4954/15/278 4927/15/278
f 4907/15/278 4908/15/278 4906/15/278
f 4906/15/278 4908/15/278 4909/15/278 4903/15/278
f 4903/15/278 4909/15/278 4910/15/278 4905/15/278
f 4905/15/278 4910/15/278 4911/15/278 4904/15/278
f 4911/15/278 4912/15/278 4904/15/278
f 4904/15/278 4912/15/278 4913/15/278 4902/15/278
f 4914/15/278 4928/15/278 4902/15/278 4913/15/278
f 4914/15/278 4915/15/278 4928/15/278
f 4916/15/278 4927/15/278 4928/15/278 4915/15/278
f 4916/15/278 4917/15/278 4927/15/278
f 4917/15/278 4918/15/278 4927/15/278
f 4919/15/278 4920/15/278 4918/15/278
f 4920/15/278 4921/15/278 4918/15/278
f 4921/15/278 4922/15/278 4918/15/278
f 4918/15/278 4922/15/278 4927/15/278
f 4922/15/278 4923/15/278 4927/15/278
f 4923/15/278 4924/15/278 4927/15/278
f 4925/15/278 4926/15/278 4927/15/278 4924/15/278
f 4953/15/278 4952/15/278 4954/15/278
f 4951/15/278 4954/15/278 4952/15/278
f 4950/15/278 4954/15/278 4951/15/278
f 4949/15/278 4954/15/278 4950/15/278
f 4946/15/278 4945/15/278 4947/15/278
f 4947/15/278 4945/15/278 4948/15/278
f 4948/15/278 4945/15/278 4949/15/278
f 4954/15/278 4949/15/278 4945/15/278
f 4945/15/278 4944/15/278 4954/15/278
f 4943/15/278 4954/15/278 4944/15/278
f 4943/15/278 4942/15/278 4955/15/278 4954/15/278
f 4941/15/278 4955/15/278 4942/15/278
f 4941/15/278 4940/15/278 4929/15/278 4955/15/278
f 4931/15/278 4929/15/278 4940/15/278 4939/15/278
f 4939/15/278 4938/15/278 4931/15/278
f 4932/15/278 4931/15/278 4938/15/278 4937/15/278
f 4930/15/278 4932/15/278 4937/15/278 4936/15/278
f 4933/15/278 4930/15/278 4936/15/278 4935/15/278
f 4934/15/278 4933/15/278 4935/15/278
f 4881/15/350 4880/15/350 4934/15/350 4935/15/350
f 4854/15/351 4855/15/351 4909/15/351 4908/15/351
f 4882/15/352 4881/15/352 4935/15/352 4936/15/352
f 4855/15/353 4856/15/353 4910/15/353 4909/15/353
f 4883/15/354 4882/15/354 4936/15/354 4937/15/354
f 4856/15/355 4857/15/355 4911/15/355 4910/15/355
f 4884/15/356 4883/15/356 4937/15/356 4938/15/356
f 4857/15/357 4858/15/357 4912/15/357 4911/15/357
f 4885/15/358 4884/15/358 4938/15/358 4939/15/358
f 4858/15/359 4859/15/359 4913/15/359 4912/15/359
f 4886/15/360 4885/15/360 4939/15/360 4940/15/360
f 4859/15/361 4860/15/361 4914/15/361 4913/15/361
f 4887/15/362 4886/15/362 4940/15/362 4941/15/362
f 4860/15/467 4861/15/467 4915/15/467 4914/15/467
f 4888/15/364 4887/15/364 4941/15/364 4942/15/364
f 4861/15/365 4862/15/365 4916/15/365 4915/15/365
f 4889/15/366 4888/15/366 4942/15/366 4943/15/366
f 4862/15/367 4863/15/367 4917/15/367 4916/15/367
f 4890/15/368 4889/15/368 4943/15/368 4944/15/368
f 4863/15/369 4864/15/369 4918/15/369 4917/15/369
f 4891/15/370 4890/15/370 4944/15/370 4945/15/370
f 4864/15/371 4865/15/371 4919/15/371 4918/15/371
f 4892/15/372 4891/15/372 4945/15/372 4946/15/372
f 4865/15/373 4866/15/373 4920/15/373 4919/15/373
f 4893/15/374 4892/15/374 4946/15/374 4947/15/374
f 4866/15/375 4867/15/375 4921/15/375 4920/15/375
f 4894/15/376 4893/15/376 4947/15/376 4948/15/376
f 4867/15/377 4868/15/377 4922/15/377 4921/15/377
f 4895/15/515 4894/15/515 4948/15/515 4949/15/515
f 4868/15/379 4869/15/379 4923/15/379 4922/15/379
f 4896/15/380 4895/15/380 4949/15/380 4950/15/380
f 4869/15/381 4870/15/381 4924/15/381 4923/15/381
f 4897/15/382 4896/15/382 4950/15/382 4951/15/382
f 4870/15/456 4871/15/456 4925/15/456 4924/15/456
f 4898/15/476 4897/15/476 4951/15/476 4952/15/476
f 4871/15/477 4872/15/477 4926/15/477 4925/15/477
f 4899/15/478 4898/15/478 4952/15/478 4953/15/478
f 4901/15/279 4900/15/279 4958/15/279 4959/15/279
f 4900/15/279 4873/15/279 4956/15/279 4958/15/279
f 4874/15/275 4848/15/275 4902/15/275 4928/15/275
f 4848/15/275 4850/15/275 4904/15/275 4902/15/275
f 4875/15/274 4901/15/274 4955/15/274 4929/15/274
f 4877/15/274 4875/15/274 4929/15/274 4931/15/274
f 4849/15/387 4852/15/387 4906/15/387 4903/15/387
f 4874/15/388 4928/15/388 4961/15/388 4957/15/388
f 4879/15/389 4876/15/389 4930/15/389 4933/15/389
f 4851/15/390 4849/15/390 4903/15/390 4905/15/390
f 4872/15/281 4899/15/281 4953/15/281 4926/15/281
f 4876/15/391 4878/15/391 4932/15/391 4930/15/391
f 4850/15/392 4851/15/392 4905/15/392 4904/15/392
f 4878/15/393 4877/15/393 4931/15/393 4932/15/393
f 4852/15/394 4853/15/394 4907/15/394 4906/15/394
f 4880/15/395 4879/15/395 4933/15/395 4934/15/395
f 4853/15/396 4854/15/396 4908/15/396 4907/15/396
f 4956/15/280 4957/15/280 4961/15/280 4960/15/280
f 4959/15/280 4958/15/280 4962/15/280 4963/15/280
f 4958/15/280 4956/15/280 4960/15/280 4962/15/280
f 4928/15/397 4927/15/397 4960/15/397 4961/15/397
f 4955/15/398 4901/15/398 4959/15/398 4963/15/398
f 4927/15/397 4954/15/397 4962/15/397 4960/15/397
f 4954/15/397 4955/15/397 4963/15/397 4962/15/397
f 4873/15/279 4874/15/279 4957/15/279 4956/15/279
f 4971/15/279 4977/15/279 4974/15/279 4968/15/279
f 4969/15/279 4972/15/279 4970/15/279 4976/15/279 4987/15/279 4986/15/279 4975/15/279
f 4980/15/279 4981/15/279 4973/15/279 4967/15/279
f 4967/15/279 4973/15/279 4977/15/279 4971/15/279
f 4968/15/279 4974/15/279 4979/15/279 4978/15/279
f 4985/15/279 4984/15/279 5024/15/279 5023/15/279 4986/15/279 4987/15/279 5026/15/279 5025/15/279
f 4982/15/279 4979/15/279 4985/15/279
f 4981/15/279 4983/15/279 4984/15/279
f 4984/15/279 4985/15/279 4979/15/279 4981/15/279
f 4978/15/279 4979/15/279 4982/15/279 5028/15/279 5027/15/279 4976/15/279 4970/15/279
f 4969/15/279 4975/15/279 5021/15/279 5022/15/279 4983/15/279 4981/15/279 4980/15/279
f 4971/15/479 4967/15/479 4990/15/479 4988/15/479
f 4968/15/480 4971/15/480 4988/15/480 4989/15/480
f 4994/15/278 4995/15/278 5005/15/278 5004/15/278
f 4999/15/278 5002/15/278 5010/15/278 5009/15/278 5008/15/278 5001/15/278 4998/15/278
f 4995/15/481 5019/15/481 5056/15/481 5053/15/481
f 4991/15/482 4992/15/482 5003/15/482 5016/15/482
f 4996/15/278 4997/15/278 5007/15/278 5006/15/278
f 4997/15/278 4994/15/278 5004/15/278 5007/15/278
f 4995/15/278 5000/15/278 5011/15/278 5005/15/278
f 5015/15/278 5009/15/278 5010/15/278 5014/15/278
f 5013/15/278 5015/15/278 5011/15/278
f 5006/15/278 5014/15/278 5012/15/278
f 5014/15/278 5006/15/278 5011/15/278 5015/15/278
f 5000/15/278 5001/15/278 5008/15/278 5013/15/278 5011/15/278
f 4999/15/278 4996/15/278 5006/15/278 5012/15/278 5002/15/278
f 5017/15/278 5016/15/278 5018/15/278 5020/15/278
f 5016/15/278 5003/15/278 5019/15/278 5018/15/278
f 4993/15/483 4991/15/483 5016/15/483 5017/15/483
f 5020/15/484 4997/15/484 5048/15/484 5050/15/484
f 4994/15/479 4997/15/479 5020/15/479 5018/15/479
f 4995/15/480 4994/15/480 5018/15/480 5019/15/480
f 4978/15/485 4970/15/485 5001/15/485 5000/15/485
f 4973/15/486 4981/15/486 5006/15/486 5007/15/486
f 4968/15/486 4978/15/486 5000/15/486 4995/15/486
f 4987/15/487 4976/15/487 5008/15/487 5009/15/487
f 4986/15/488 5023/15/488 5024/15/488 4984/15/488 5014/15/488 5010/15/488
f 4979/15/488 4974/15/488 5005/15/488 5011/15/488
f 4976/15/488 5027/15/488 5028/15/488 4982/15/488 5013/15/488 5008/15/488
f 4966/15/490 4965/15/490 4992/15/490 4991/15/490
f 4977/15/491 4973/15/491 5007/15/491 5004/15/491
f 4985/15/486 5025/15/486 5026/15/486 4987/15/486 5009/15/486 5015/15/486
f 4983/15/486 5022/15/486 5021/15/486 4975/15/486 5002/15/486 5012/15/486
f 4964/15/492 4966/15/492 4991/15/492 4993/15/492
f 4975/15/493 4986/15/493 5010/15/493 5002/15/493
f 4992/15/516 4965/15/516 5052/15/516 5054/15/516
f 4969/15/495 4980/15/495 4996/15/495 4999/15/495
f 4982/15/496 4985/15/496 5015/15/496 5013/15/496
f 4997/15/514 4967/15/514 5046/15/514 5048/15/514
f 4980/15/488 4967/15/488 4997/15/488 4996/15/488
f 4984/15/496 4983/15/496 5012/15/496 5014/15/496
f 4981/15/487 4979/16/487 5011/17/487 5006/18/487
f 4974/15/498 4977/15/498 5004/15/498 5005/15/498
f 5022/15/279 5029/15/279 5030/15/279 5024/15/279
f 5028/15/279 5025/15/279 5031/15/279 5032/15/279
f 5034/15/275 5036/15/275 5040/15/275 5038/15/275
f 5028/15/278 5032/15/278 5036/15/278 5034/15/278
f 5025/15/278 5028/15/278 5034/15/278 5033/15/278
f 5031/15/278 5025/15/278 5033/15/278 5035/15/278
f 5032/15/278 5031/15/278 5035/15/278 5036/15/278
f 5038/15/278 5040/15/278 5039/15/278 5037/15/278
f 5033/15/280 5034/15/280 5038/15/280 5037/15/280
f 5035/15/274 5033/15/274 5037/15/274 5039/15/274
f 5036/15/281 5035/15/281 5039/15/281 5040/15/281
f 5041/15/278 5042/15/278 5044/15/278 5043/15/278
f 5022/15/499 5024/15/499 5042/15/499 5041/15/499
f 5029/15/274 5022/15/274 5041/15/274 5043/15/274
f 5030/15/500 5029/15/500 5043/15/500 5044/15/500
f 5024/15/275 5030/15/275 5044/15/275 5042/15/275
f 5048/15/501 5047/15/501 5049/15/501 5050/15/501
f 5046/15/502 5045/15/502 5047/15/502 5048/15/502
f 4967/15/503 4964/15/503 5045/15/503 5046/15/503
f 4964/15/504 4993/15/504 5047/15/504 5045/15/504
f 4993/15/505 5017/15/505 5049/15/505 5047/15/505
f 5017/15/506 5020/15/506 5050/15/506 5049/15/506
f 5054/15/507 5053/15/507 5056/15/507 5055/15/507
f 5052/15/508 5051/15/508 5053/15/508 5054/15/508
f 5019/15/509 5003/15/509 5055/15/509 5056/15/509
f 4965/15/510 4968/15/510 5051/15/510 5052/15/510
f 4968/15/517 4995/15/517 5053/15/517 5051/15/517
f 5003/15/512 4992/15/512 5054/15/512 5055/15/512
f 4966/15/279 4971/15/279 4968/15/279 4965/15/279
f 4964/15/279 4967/15/279 4971/15/279 4966/15/279
f 5081/15/279 5082/15/279 5109/15/279 5108/15/279
f 5062/15/279 5061/15/279 5063/15/279
f 5061/15/279 5058/15/279 5064/15/279 5063/15/279
f 5058/15/279 5060/15/279 5065/15/279 5064/15/279
f 5060/15/279 5059/15/279 5066/15/279 5065/15/279
f 5066/15/279 5059/15/279 5067/15/279
f 5059/15/279 5057/15/279 5068/15/279 5067/15/279
f 5069/15/279 5068/15/279 5057/15/279 5083/15/279
f 5069/15/279 5083/15/279 5070/15/279
f 5071/15/279 5070/15/279 5083/15/279 5082/15/279
f 5071/15/279 5082/15/279 5072/15/279
f 5072/15/279 5082/15/279 5073/15/279
f 5074/15/279 5073/15/279 5075/15/279
f 5075/15/279 5073/15/279 5076/15/279
f 5076/15/279 5073/15/279 5077/15/279
f 5073/15/279 5082/15/279 5077/15/279
f 5077/15/279 5082/15/279 5078/15/279
f 5078/15/279 5082/15/279 5079/15/279
f 5080/15/279 5079/15/279 5082/15/279 5081/15/279
f 5108/15/279 5109/15/279 5107/15/279
f 5106/15/279 5107/15/279 5109/15/279
f 5105/15/279 5106/15/279 5109/15/279
f 5104/15/279 5105/15/279 5109/15/279
f 5101/15/279 5102/15/279 5100/15/279
f 5102/15/279 5103/15/279 5100/15/279
f 5103/15/279 5104/15/279 5100/15/279
f 5109/15/279 5100/15/279 5104/15/279
f 5100/15/279 5109/15/279 5099/15/279
f 5098/15/279 5099/15/279 5109/15/279
f 5098/15/279 5109/15/279 5110/15/279 5097/15/279
f 5096/15/279 5097/15/279 5110/15/279
f 5096/15/279 5110/15/279 5084/15/279 5095/15/279
f 5086/15/279 5094/15/279 5095/15/279 5084/15/279
f 5094/15/279 5086/15/279 5093/15/279
f 5087/15/279 5092/15/279 5093/15/279 5086/15/279
f 5085/15/279 5091/15/279 5092/15/279 5087/15/279
f 5088/15/279 5090/15/279 5091/15/279 5085/15/279
f 5089/15/279 5090/15/279 5088/15/279
f 5135/15/278 5162/15/278 5163/15/278 5136/15/278
f 5116/15/278 5117/15/278 5115/15/278
f 5115/15/278 5117/15/278 5118/15/278 5112/15/278
f 5112/15/278 5118/15/278 5119/15/278 5114/15/278
f 5114/15/278 5119/15/278 5120/15/278 5113/15/278
f 5120/15/278 5121/15/278 5113/15/278
f 5113/15/278 5121/15/278 5122/15/278 5111/15/278
f 5123/15/278 5137/15/278 5111/15/278 5122/15/278
f 5123/15/278 5124/15/278 5137/15/278
f 5125/15/278 5136/15/278 5137/15/278 5124/15/278
f 5125/15/278 5126/15/278 5136/15/278
f 5126/15/278 5127/15/278 5136/15/278
f 5128/15/278 5129/15/278 5127/15/278
f 5129/15/278 5130/15/278 5127/15/278
f 5130/15/278 5131/15/278 5127/15/278
f 5127/15/278 5131/15/278 5136/15/278
f 5131/15/278 5132/15/278 5136/15/278
f 5132/15/278 5133/15/278 5136/15/278
f 5134/15/278 5135/15/278 5136/15/278 5133/15/278
f 5162/15/278 5161/15/278 5163/15/278
f 5160/15/278 5163/15/278 5161/15/278
f 5159/15/278 5163/15/278 5160/15/278
f 5158/15/278 5163/15/278 5159/15/278
f 5155/15/278 5154/15/278 5156/15/278
f 5156/15/278 5154/15/278 5157/15/278
f 5157/15/278 5154/15/278 5158/15/278
f 5163/15/278 5158/15/278 5154/15/278
f 5154/15/278 5153/15/278 5163/15/278
f 5152/15/278 5163/15/278 5153/15/278
f 5152/15/278 5151/15/278 5164/15/278 5163/15/278
f 5150/15/278 5164/15/278 5151/15/278
f 5150/15/278 5149/15/278 5138/15/278 5164/15/278
f 5140/15/278 5138/15/278 5149/15/278 5148/15/278
f 5148/15/278 5147/15/278 5140/15/278
f 5141/15/278 5140/15/278 5147/15/278 5146/15/278
f 5139/15/278 5141/15/278 5146/15/278 5145/15/278
f 5142/15/278 5139/15/278 5145/15/278 5144/15/278
f 5143/15/278 5142/15/278 5144/15/278
f 5090/15/350 5089/15/350 5143/15/350 5144/15/350
f 5063/15/351 5064/15/351 5118/15/351 5117/15/351
f 5091/15/352 5090/15/352 5144/15/352 5145/15/352
f 5064/15/353 5065/15/353 5119/15/353 5118/15/353
f 5092/15/354 5091/15/354 5145/15/354 5146/15/354
f 5065/15/355 5066/15/355 5120/15/355 5119/15/355
f 5093/15/356 5092/15/356 5146/15/356 5147/15/356
f 5066/15/357 5067/15/357 5121/15/357 5120/15/357
f 5094/15/358 5093/15/358 5147/15/358 5148/15/358
f 5067/15/359 5068/15/359 5122/15/359 5121/15/359
f 5095/15/360 5094/15/360 5148/15/360 5149/15/360
f 5068/15/361 5069/15/361 5123/15/361 5122/15/361
f 5096/15/362 5095/15/362 5149/15/362 5150/15/362
f 5069/15/467 5070/15/467 5124/15/467 5123/15/467
f 5097/15/364 5096/15/364 5150/15/364 5151/15/364
f 5070/15/365 5071/15/365 5125/15/365 5124/15/365
f 5098/15/366 5097/15/366 5151/15/366 5152/15/366
f 5071/15/367 5072/15/367 5126/15/367 5125/15/367
f 5099/15/368 5098/15/368 5152/15/368 5153/15/368
f 5072/15/369 5073/15/369 5127/15/369 5126/15/369
f 5100/15/370 5099/15/370 5153/15/370 5154/15/370
f 5073/15/371 5074/15/371 5128/15/371 5127/15/371
f 5101/15/372 5100/15/372 5154/15/372 5155/15/372
f 5074/15/373 5075/15/373 5129/15/373 5128/15/373
f 5102/15/374 5101/15/374 5155/15/374 5156/15/374
f 5075/15/375 5076/15/375 5130/15/375 5129/15/375
f 5103/15/376 5102/15/376 5156/15/376 5157/15/376
f 5076/15/400 5077/15/400 5131/15/400 5130/15/400
f 5104/15/515 5103/15/515 5157/15/515 5158/15/515
f 5077/15/379 5078/15/379 5132/15/379 5131/15/379
f 5105/15/380 5104/15/380 5158/15/380 5159/15/380
f 5078/15/381 5079/15/381 5133/15/381 5132/15/381
f 5106/15/382 5105/15/382 5159/15/382 5160/15/382
f 5079/15/456 5080/15/456 5134/15/456 5133/15/456
f 5107/15/476 5106/15/476 5160/15/476 5161/15/476
f 5080/15/477 5081/15/477 5135/15/477 5134/15/477
f 5108/15/478 5107/15/478 5161/15/478 5162/15/478
f 5110/15/279 5109/15/279 5167/15/279 5168/15/279
f 5109/15/279 5082/15/279 5165/15/279 5167/15/279
f 5083/15/275 5057/15/275 5111/15/275 5137/15/275
f 5057/15/275 5059/15/275 5113/15/275 5111/15/275
f 5084/15/274 5110/15/274 5164/15/274 5138/15/274
f 5086/15/274 5084/15/274 5138/15/274 5140/15/274
f 5058/15/387 5061/15/387 5115/15/387 5112/15/387
f 5083/15/388 5137/15/388 5170/15/388 5166/15/388
f 5088/15/389 5085/15/389 5139/15/389 5142/15/389
f 5060/15/390 5058/15/390 5112/15/390 5114/15/390
f 5081/15/281 5108/15/281 5162/15/281 5135/15/281
f 5085/15/391 5087/15/391 5141/15/391 5139/15/391
f 5059/15/392 5060/15/392 5114/15/392 5113/15/392
f 5087/15/393 5086/15/393 5140/15/393 5141/15/393
f 5061/15/394 5062/15/394 5116/15/394 5115/15/394
f 5089/15/395 5088/15/395 5142/15/395 5143/15/395
f 5062/15/396 5063/15/396 5117/15/396 5116/15/396
f 5165/15/280 5166/15/280 5170/15/280 5169/15/280
f 5168/15/280 5167/15/280 5171/15/280 5172/15/280
f 5167/15/280 5165/15/280 5169/15/280 5171/15/280
f 5137/15/397 5136/15/397 5169/15/397 5170/15/397
f 5164/15/398 5110/15/398 5168/15/398 5172/15/398
f 5136/15/397 5163/15/397 5171/15/397 5169/15/397
f 5163/15/397 5164/15/397 5172/15/397 5171/15/397
f 5082/15/279 5083/15/279 5166/15/279 5165/15/279
f 5180/15/279 5186/15/279 5183/15/279 5177/15/279
f 5178/15/279 5181/15/279 5179/15/279 5185/15/279 5196/15/279 5195/15/279 5184/15/279
f 5189/15/279 5190/15/279 5182/15/279 5176/15/279
f 5176/15/279 5182/15/279 5186/15/279 5180/15/279
f 5177/15/279 5183/15/279 5188/15/279 5187/15/279
f 5194/15/279 5193/15/279 5233/15/279 5232/15/279 5195/15/279 5196/15/279 5235/15/279 5234/15/279
f 5191/15/279 5188/15/279 5194/15/279
f 5190/15/279 5192/15/279 5193/15/279
f 5193/15/279 5194/15/279 5188/15/279 5190/15/279
f 5187/15/279 5188/15/279 5191/15/279 5237/15/279 5236/15/279 5185/15/279 5179/15/279
f 5178/15/279 5184/15/279 5230/15/279 5231/15/279 5192/15/279 5190/15/279 5189/15/279
f 5180/15/479 5176/15/479 5199/15/479 5197/15/479
f 5177/15/480 5180/15/480 5197/15/480 5198/15/480
f 5203/15/278 5204/15/278 5214/15/278 5213/15/278
f 5208/15/278 5211/15/278 5219/15/278 5218/15/278 5217/15/278 5210/15/278 5207/15/278
f 5204/15/481 5228/15/481 5265/15/481 5262/15/481
f 5200/15/482 5201/15/482 5212/15/482 5225/15/482
f 5205/15/278 5206/15/278 5216/15/278 5215/15/278
f 5206/15/278 5203/15/278 5213/15/278 5216/15/278
f 5204/15/278 5209/15/278 5220/15/278 5214/15/278
f 5224/15/278 5218/15/278 5219/15/278 5223/15/278
f 5222/15/278 5224/15/278 5220/15/278
f 5215/15/278 5223/15/278 5221/15/278
f 5223/15/278 5215/15/278 5220/15/278 5224/15/278
f 5209/15/278 5210/15/278 5217/15/278 5222/15/278 5220/15/278
f 5208/15/278 5205/15/278 5215/15/278 5221/15/278 5211/15/278
f 5226/15/278 5225/15/278 5227/15/278 5229/15/278
f 5225/15/278 5212/15/278 5228/15/278 5227/15/278
f 5202/15/483 5200/15/483 5225/15/483 5226/15/483
f 5229/15/484 5206/15/484 5257/15/484 5259/15/484
f 5203/15/479 5206/15/479 5229/15/479 5227/15/479
f 5204/15/480 5203/15/480 5227/15/480 5228/15/480
f 5187/15/485 5179/15/485 5210/15/485 5209/15/485
f 5182/15/486 5190/15/486 5215/15/486 5216/15/486
f 5177/15/486 5187/15/486 5209/15/486 5204/15/486
f 5196/15/487 5185/15/487 5217/15/487 5218/15/487
f 5195/15/488 5232/15/488 5233/15/488 5193/15/488 5223/15/488 5219/15/488
f 5188/15/488 5183/15/488 5214/15/488 5220/15/488
f 5185/15/488 5236/15/488 5237/15/488 5191/15/488 5222/15/488 5217/15/488
f 5175/15/490 5174/15/490 5201/15/490 5200/15/490
f 5186/15/491 5182/15/491 5216/15/491 5213/15/491
f 5194/15/486 5234/15/486 5235/15/486 5196/15/486 5218/15/486 5224/15/486
f 5192/15/486 5231/15/486 5230/15/486 5184/15/486 5211/15/486 5221/15/486
f 5173/15/492 5175/15/492 5200/15/492 5202/15/492
f 5184/15/493 5195/15/493 5219/15/493 5211/15/493
f 5201/15/516 5174/15/516 5261/15/516 5263/15/516
f 5178/15/495 5189/15/495 5205/15/495 5208/15/495
f 5191/15/496 5194/15/496 5224/15/496 5222/15/496
f 5206/15/514 5176/15/514 5255/15/514 5257/15/514
f 5189/15/488 5176/15/488 5206/15/488 5205/15/488
f 5193/15/496 5192/15/496 5221/15/496 5223/15/496
f 5190/15/487 5188/16/487 5220/17/487 5215/18/487
f 5183/15/498 5186/15/498 5213/15/498 5214/15/498
f 5231/15/279 5238/15/279 5239/15/279 5233/15/279
f 5237/15/279 5234/15/279 5240/15/279 5241/15/279
f 5243/15/275 5245/15/275 5249/15/275 5247/15/275
f 5237/15/278 5241/15/278 5245/15/278 5243/15/278
f 5234/15/278 5237/15/278 5243/15/278 5242/15/278
f 5240/15/278 5234/15/278 5242/15/278 5244/15/278
f 5241/15/278 5240/15/278 5244/15/278 5245/15/278
f 5247/15/278 5249/15/278 5248/15/278 5246/15/278
f 5242/15/280 5243/15/280 5247/15/280 5246/15/280
f 5244/15/274 5242/15/274 5246/15/274 5248/15/274
f 5245/15/281 5244/15/281 5248/15/281 5249/15/281
f 5250/15/278 5251/15/278 5253/15/278 5252/15/278
f 5231/15/499 5233/15/499 5251/15/499 5250/15/499
f 5238/15/274 5231/15/274 5250/15/274 5252/15/274
f 5239/15/500 5238/15/500 5252/15/500 5253/15/500
f 5233/15/275 5239/15/275 5253/15/275 5251/15/275
f 5257/15/501 5256/15/501 5258/15/501 5259/15/501
f 5255/15/502 5254/15/502 5256/15/502 5257/15/502
f 5176/15/503 5173/15/503 5254/15/503 5255/15/503
f 5173/15/504 5202/15/504 5256/15/504 5254/15/504
f 5202/15/505 5226/15/505 5258/15/505 5256/15/505
f 5226/15/506 5229/15/506 5259/15/506 5258/15/506
f 5263/15/507 5262/15/507 5265/15/507 5264/15/507
f 5261/15/508 5260/15/508 5262/15/508 5263/15/508
f 5228/15/509 5212/15/509 5264/15/509 5265/15/509
f 5174/15/510 5177/15/510 5260/15/510 5261/15/510
f 5177/15/517 5204/15/517 5262/15/517 5260/15/517
f 5212/15/512 5201/15/512 5263/15/512 5264/15/512
f 5175/15/279 5180/15/279 5177/15/279 5174/15/279
f 5173/15/279 5176/15/279 5180/15/279 5175/15/279
f 5290/15/279 5291/15/279 5318/15/279 5317/15/279
f 5271/15/279 5270/15/279 5272/15/279
f 5270/15/279 5267/15/279 5273/15/279 5272/15/279
f 5267/15/279 5269/15/279 5274/15/279 5273/15/279
f 5269/15/279 5268/15/279 5275/15/279 5274/15/279
f 5275/15/279 5268/15/279 5276/15/279
f 5268/15/279 5266/15/279 5277/15/279 5276/15/279
f 5278/15/279 5277/15/279 5266/15/279 5292/15/279
f 5278/15/279 5292/15/279 5279/15/279
f 5280/15/279 5279/15/279 5292/15/279 5291/15/279
f 5280/15/279 5291/15/279 5281/15/279
f 5281/15/279 5291/15/279 5282/15/279
f 5283/15/279 5282/15/279 5284/15/279
f 5284/15/279 5282/15/279 5285/15/279
f 5285/15/279 5282/15/279 5286/15/279
f 5282/15/279 5291/15/279 5286/15/279
f 5286/15/279 5291/15/279 5287/15/279
f 5287/15/279 5291/15/279 5288/15/279
f 5289/15/279 5288/15/279 5291/15/279 5290/15/279
f 5317/15/279 5318/15/279 5316/15/279
f 5315/15/279 5316/15/279 5318/15/279
f 5314/15/279 5315/15/279 5318/15/279
f 5313/15/279 5314/15/279 5318/15/279
f 5310/15/279 5311/15/279 5309/15/279
f 5311/15/279 5312/15/279 5309/15/279
f 5312/15/279 5313/15/279 5309/15/279
f 5318/15/279 5309/15/279 5313/15/279
f 5309/15/279 5318/15/279 5308/15/279
f 5307/15/279 5308/15/279 5318/15/279
f 5307/15/279 5318/15/279 5319/15/279 5306/15/279
f 5305/15/279 5306/15/279 5319/15/279
f 5305/15/279 5319/15/279 5293/15/279 5304/15/279
f 5295/15/279 5303/15/279 5304/15/279 5293/15/279
f 5303/15/279 5295/15/279 5302/15/279
f 5296/15/279 5301/15/279 5302/15/279 5295/15/279
f 5294/15/279 5300/15/279 5301/15/279 5296/15/279
f 5297/15/279 5299/15/279 5300/15/279 5294/15/279
f 5298/15/279 5299/15/279 5297/15/279
f 5344/15/278 5371/15/278 5372/15/278 5345/15/278
f 5325/15/278 5326/15/278 5324/15/278
f 5324/15/278 5326/15/278 5327/15/278 5321/15/278
f 5321/15/278 5327/15/278 5328/15/278 5323/15/278
f 5323/15/278 5328/15/278 5329/15/278 5322/15/278
f 5329/15/278 5330/15/278 5322/15/278
f 5322/15/278 5330/15/278 5331/15/278 5320/15/278
f 5332/15/278 5346/15/278 5320/15/278 5331/15/278
f 5332/15/278 5333/15/278 5346/15/278
f 5334/15/278 5345/15/278 5346/15/278 5333/15/278
f 5334/15/278 5335/15/278 5345/15/278
f 5335/15/278 5336/15/278 5345/15/278
f 5337/15/278 5338/15/278 5336/15/278
f 5338/15/278 5339/15/278 5336/15/278
f 5339/15/278 5340/15/278 5336/15/278
f 5336/15/278 5340/15/278 5345/15/278
f 5340/15/278 5341/15/278 5345/15/278
f 5341/15/278 5342/15/278 5345/15/278
f 5343/15/278 5344/15/278 5345/15/278 5342/15/278
f 5371/15/278 5370/15/278 5372/15/278
f 5369/15/278 5372/15/278 5370/15/278
f 5368/15/278 5372/15/278 5369/15/278
f 5367/15/278 5372/15/278 5368/15/278
f 5364/15/278 5363/15/278 5365/15/278
f 5365/15/278 5363/15/278 5366/15/278
f 5366/15/278 5363/15/278 5367/15/278
f 5372/15/278 5367/15/278 5363/15/278
f 5363/15/278 5362/15/278 5372/15/278
f 5361/15/278 5372/15/278 5362/15/278
f 5361/15/278 5360/15/278 5373/15/278 5372/15/278
f 5359/15/278 5373/15/278 5360/15/278
f 5359/15/278 5358/15/278 5347/15/278 5373/15/278
f 5349/15/278 5347/15/278 5358/15/278 5357/15/278
f 5357/15/278 5356/15/278 5349/15/278
f 5350/15/278 5349/15/278 5356/15/278 5355/15/278
f 5348/15/278 5350/15/278 5355/15/278 5354/15/278
f 5351/15/278 5348/15/278 5354/15/278 5353/15/278
f 5352/15/278 5351/15/278 5353/15/278
f 5299/15/350 5298/15/350 5352/15/350 5353/15/350
f 5272/15/351 5273/15/351 5327/15/351 5326/15/351
f 5300/15/352 5299/15/352 5353/15/352 5354/15/352
f 5273/15/353 5274/15/353 5328/15/353 5327/15/353
f 5301/15/354 5300/15/354 5354/15/354 5355/15/354
f 5274/15/355 5275/15/355 5329/15/355 5328/15/355
f 5302/15/356 5301/15/356 5355/15/356 5356/15/356
f 5275/15/357 5276/15/357 5330/15/357 5329/15/357
f 5303/15/358 5302/15/358 5356/15/358 5357/15/358
f 5276/15/359 5277/15/359 5331/15/359 5330/15/359
f 5304/15/360 5303/15/360 5357/15/360 5358/15/360
f 5277/15/361 5278/15/361 5332/15/361 5331/15/361
f 5305/15/362 5304/15/362 5358/15/362 5359/15/362
f 5278/15/467 5279/15/467 5333/15/467 5332/15/467
f 5306/15/364 5305/15/364 5359/15/364 5360/15/364
f 5279/15/365 5280/15/365 5334/15/365 5333/15/365
f 5307/15/366 5306/15/366 5360/15/366 5361/15/366
f 5280/15/367 5281/15/367 5335/15/367 5334/15/367
f 5308/15/368 5307/15/368 5361/15/368 5362/15/368
f 5281/15/369 5282/15/369 5336/15/369 5335/15/369
f 5309/15/370 5308/15/370 5362/15/370 5363/15/370
f 5282/15/371 5283/15/371 5337/15/371 5336/15/371
f 5310/15/372 5309/15/372 5363/15/372 5364/15/372
f 5283/15/373 5284/15/373 5338/15/373 5337/15/373
f 5311/15/374 5310/15/374 5364/15/374 5365/15/374
f 5284/15/375 5285/15/375 5339/15/375 5338/15/375
f 5312/15/376 5311/15/376 5365/15/376 5366/15/376
f 5285/15/377 5286/15/377 5340/15/377 5339/15/377
f 5313/15/515 5312/15/515 5366/15/515 5367/15/515
f 5286/15/379 5287/15/379 5341/15/379 5340/15/379
f 5314/15/380 5313/15/380 5367/15/380 5368/15/380
f 5287/15/381 5288/15/381 5342/15/381 5341/15/381
f 5315/15/382 5314/15/382 5368/15/382 5369/15/382
f 5288/15/456 5289/15/456 5343/15/456 5342/15/456
f 5316/15/476 5315/15/476 5369/15/476 5370/15/476
f 5289/15/477 5290/15/477 5344/15/477 5343/15/477
f 5317/15/478 5316/15/478 5370/15/478 5371/15/478
f 5319/15/279 5318/15/279 5376/15/279 5377/15/279
f 5318/15/279 5291/15/279 5374/15/279 5376/15/279
f 5292/15/275 5266/15/275 5320/15/275 5346/15/275
f 5266/15/275 5268/15/275 5322/15/275 5320/15/275
f 5293/15/274 5319/15/274 5373/15/274 5347/15/274
f 5295/15/274 5293/15/274 5347/15/274 5349/15/274
f 5267/15/387 5270/15/387 5324/15/387 5321/15/387
f 5292/15/388 5346/15/388 5379/15/388 5375/15/388
f 5297/15/389 5294/15/389 5348/15/389 5351/15/389
f 5269/15/390 5267/15/390 5321/15/390 5323/15/390
f 5290/15/281 5317/15/281 5371/15/281 5344/15/281
f 5294/15/391 5296/15/391 5350/15/391 5348/15/391
f 5268/15/392 5269/15/392 5323/15/392 5322/15/392
f 5296/15/393 5295/15/393 5349/15/393 5350/15/393
f 5270/15/394 5271/15/394 5325/15/394 5324/15/394
f 5298/15/395 5297/15/395 5351/15/395 5352/15/395
f 5271/15/396 5272/15/396 5326/15/396 5325/15/396
f 5374/15/280 5375/15/280 5379/15/280 5378/15/280
f 5377/15/280 5376/15/280 5380/15/280 5381/15/280
f 5376/15/280 5374/15/280 5378/15/280 5380/15/280
f 5346/15/397 5345/15/397 5378/15/397 5379/15/397
f 5373/15/398 5319/15/398 5377/15/398 5381/15/398
f 5345/15/397 5372/15/397 5380/15/397 5378/15/397
f 5372/15/397 5373/15/397 5381/15/397 5380/15/397
f 5291/15/279 5292/15/279 5375/15/279 5374/15/279
f 5389/15/279 5395/15/279 5392/15/279 5386/15/279
f 5387/15/279 5390/15/279 5388/15/279 5394/15/279 5405/15/279 5404/15/279 5393/15/279
f 5398/15/279 5399/15/279 5391/15/279 5385/15/279
f 5385/15/279 5391/15/279 5395/15/279 5389/15/279
f 5386/15/279 5392/15/279 5397/15/279 5396/15/279
f 5403/15/279 5402/15/279 5442/15/279 5441/15/279 5404/15/279 5405/15/279 5444/15/279 5443/15/279
f 5400/15/279 5397/15/279 5403/15/279
f 5399/15/279 5401/15/279 5402/15/279
f 5402/15/279 5403/15/279 5397/15/279 5399/15/279
f 5396/15/279 5397/15/279 5400/15/279 5446/15/279 5445/15/279 5394/15/279 5388/15/279
f 5387/15/279 5393/15/279 5439/15/279 5440/15/279 5401/15/279 5399/15/279 5398/15/279
f 5389/15/479 5385/15/479 5408/15/479 5406/15/479
f 5386/15/480 5389/15/480 5406/15/480 5407/15/480
f 5412/15/278 5413/15/278 5423/15/278 5422/15/278
f 5417/15/278 5420/15/278 5428/15/278 5427/15/278 5426/15/278 5419/15/278 5416/15/278
f 5413/15/481 5437/15/481 5474/15/481 5471/15/481
f 5409/15/482 5410/15/482 5421/15/482 5434/15/482
f 5414/15/278 5415/15/278 5425/15/278 5424/15/278
f 5415/15/278 5412/15/278 5422/15/278 5425/15/278
f 5413/15/278 5418/15/278 5429/15/278 5423/15/278
f 5433/15/278 5427/15/278 5428/15/278 5432/15/278
f 5431/15/278 5433/15/278 5429/15/278
f 5424/15/278 5432/15/278 5430/15/278
f 5432/15/278 5424/15/278 5429/15/278 5433/15/278
f 5418/15/278 5419/15/278 5426/15/278 5431/15/278 5429/15/278
f 5417/15/278 5414/15/278 5424/15/278 5430/15/278 5420/15/278
f 5435/15/278 5434/15/278 5436/15/278 5438/15/278
f 5434/15/278 5421/15/278 5437/15/278 5436/15/278
f 5411/15/483 5409/15/483 5434/15/483 5435/15/483
f 5438/15/484 5415/15/484 5466/15/484 5468/15/484
f 5412/15/479 5415/15/479 5438/15/479 5436/15/479
f 5413/15/480 5412/15/480 5436/15/480 5437/15/480
f 5396/15/485 5388/15/485 5419/15/485 5418/15/485
f 5391/15/486 5399/15/486 5424/15/486 5425/15/486
f 5386/15/486 5396/15/486 5418/15/486 5413/15/486
f 5405/15/487 5394/15/487 5426/15/487 5427/15/487
f 5404/15/488 5441/15/488 5442/15/488 5402/15/488 5432/15/488 5428/15/488
f 5397/15/488 5392/15/488 5423/15/488 5429/15/488
f 5394/15/488 5445/15/488 5446/15/488 5400/15/488 5431/15/488 5426/15/488
f 5384/15/490 5383/15/490 5410/15/490 5409/15/490
f 5395/15/491 5391/15/491 5425/15/491 5422/15/491
f 5403/15/486 5443/15/486 5444/15/486 5405/15/486 5427/15/486 5433/15/486
f 5401/15/486 5440/15/486 5439/15/486 5393/15/486 5420/15/486 5430/15/486
f 5382/15/492 5384/15/492 5409/15/492 5411/15/492
f 5393/15/493 5404/15/493 5428/15/493 5420/15/493
f 5410/15/516 5383/15/516 5470/15/516 5472/15/516
f 5387/15/495 5398/15/495 5414/15/495 5417/15/495
f 5400/15/496 5403/15/496 5433/15/496 5431/15/496
f 5415/15/514 5385/15/514 5464/15/514 5466/15/514
f 5398/15/488 5385/15/488 5415/15/488 5414/15/488
f 5402/15/496 5401/15/496 5430/15/496 5432/15/496
f 5399/15/487 5397/16/487 5429/17/487 5424/18/487
f 5392/15/518 5395/15/518 5422/15/518 5423/15/518
f 5440/15/279 5447/15/279 5448/15/279 5442/15/279
f 5446/15/279 5443/15/279 5449/15/279 5450/15/279
f 5452/15/275 5454/15/275 5458/15/275 5456/15/275
f 5446/15/278 5450/15/278 5454/15/278 5452/15/278
f 5443/15/278 5446/15/278 5452/15/278 5451/15/278
f 5449/15/278 5443/15/278 5451/15/278 5453/15/278
f 5450/15/278 5449/15/278 5453/15/278 5454/15/278
f 5456/15/278 5458/15/278 5457/15/278 5455/15/278
f 5451/15/280 5452/15/280 5456/15/280 5455/15/280
f 5453/15/274 5451/15/274 5455/15/274 5457/15/274
f 5454/15/281 5453/15/281 5457/15/281 5458/15/281
f 5459/15/278 5460/15/278 5462/15/278 5461/15/278
f 5440/15/499 5442/15/499 5460/15/499 5459/15/499
f 5447/15/274 5440/15/274 5459/15/274 5461/15/274
f 5448/15/500 5447/15/500 5461/15/500 5462/15/500
f 5442/15/275 5448/15/275 5462/15/275 5460/15/275
f 5466/15/501 5465/15/501 5467/15/501 5468/15/501
f 5464/15/502 5463/15/502 5465/15/502 5466/15/502
f 5385/15/503 5382/15/503 5463/15/503 5464/15/503
f 5382/15/504 5411/15/504 5465/15/504 5463/15/504
f 5411/15/505 5435/15/505 5467/15/505 5465/15/505
f 5435/15/506 5438/15/506 5468/15/506 5467/15/506
f 5472/15/507 5471/15/507 5474/15/507 5473/15/507
f 5470/15/508 5469/15/508 5471/15/508 5472/15/508
f 5437/15/509 5421/15/509 5473/15/509 5474/15/509
f 5383/15/510 5386/15/510 5469/15/510 5470/15/510
f 5386/15/517 5413/15/517 5471/15/517 5469/15/517
f 5421/15/512 5410/15/512 5472/15/512 5473/15/512
f 5384/15/279 5389/15/279 5386/15/279 5383/15/279
f 5382/15/279 5385/15/279 5389/15/279 5384/15/279
f 5499/15/279 5500/15/279 5527/15/279 5526/15/279
f 5480/15/279 5479/15/279 5481/15/279
f 5479/15/279 5476/15/279 5482/15/279 5481/15/279
f 5476/15/279 5478/15/279 5483/15/279 5482/15/279
f 5478/15/279 5477/15/279 5484/15/279 5483/15/279
f 5484/15/279 5477/15/279 5485/15/279
f 5477/15/279 5475/15/279 5486/15/279 5485/15/279
f 5487/15/279 5486/15/279 5475/15/279 5501/15/279
f 5487/15/279 5501/15/279 5488/15/279
f 5489/15/279 5488/15/279 5501/15/279 5500/15/279
f 5489/15/279 5500/15/279 5490/15/279
f 5490/15/279 5500/15/279 5491/15/279
f 5492/15/279 5491/15/279 5493/15/279
f 5493/15/279 5491/15/279 5494/15/279
f 5494/15/279 5491/15/279 5495/15/279
f 5491/15/279 5500/15/279 5495/15/279
f 5495/15/279 5500/15/279 5496/15/279
f 5496/15/279 5500/15/279 5497/15/279
f 5498/15/279 5497/15/279 5500/15/279 5499/15/279
f 5526/15/279 5527/15/279 5525/15/279
f 5524/15/279 5525/15/279 5527/15/279
f 5523/15/279 5524/15/279 5527/15/279
f 5522/15/279 5523/15/279 5527/15/279
f 5519/15/279 5520/15/279 5518/15/279
f 5520/15/279 5521/15/279 5518/15/279
f 5521/15/279 5522/15/279 5518/15/279
f 5527/15/279 5518/15/279 5522/15/279
f 5518/15/279 5527/15/279 5517/15/279
f 5516/15/279 5517/15/279 5527/15/279
f 5516/15/279 5527/15/279 5528/15/279 5515/15/279
f 5514/15/279 5515/15/279 5528/15/279
f 5514/15/279 5528/15/279 5502/15/279 5513/15/279
f 5504/15/279 5512/15/279 5513/15/279 5502/15/279
f 5512/15/279 5504/15/279 5511/15/279
f 5505/15/279 5510/15/279 5511/15/279 5504/15/279
f 5503/15/279 5509/15/279 5510/15/279 5505/15/279
f 5506/15/279 5508/15/279 5509/15/279 5503/15/279
f 5507/15/279 5508/15/279 5506/15/279
f 5553/15/278 5580/15/278 5581/15/278 5554/15/278
f 5534/15/278 5535/15/278 5533/15/278
f 5533/15/278 5535/15/278 5536/15/278 5530/15/278
f 5530/15/278 5536/15/278 5537/15/278 5532/15/278
f 5532/15/278 5537/15/278 5538/15/278 5531/15/278
f 5538/15/278 5539/15/278 5531/15/278
f 5531/15/278 5539/15/278 5540/15/278 5529/15/278
f 5541/15/278 5555/15/278 5529/15/278 5540/15/278
f 5541/15/278 5542/15/278 5555/15/278
f 5543/15/278 5554/15/278 5555/15/278 5542/15/278
f 5543/15/278 5544/15/278 5554/15/278
f 5544/15/278 5545/15/278 5554/15/278
f 5546/15/278 5547/15/278 5545/15/278
f 5547/15/278 5548/15/278 5545/15/278
f 5548/15/278 5549/15/278 5545/15/278
f 5545/15/278 5549/15/278 5554/15/278
f 5549/15/278 5550/15/278 5554/15/278
f 5550/15/278 5551/15/278 5554/15/278
f 5552/15/278 5553/15/278 5554/15/278 5551/15/278
f 5580/15/278 5579/15/278 5581/15/278
f 5578/15/278 5581/15/278 5579/15/278
f 5577/15/278 5581/15/278 5578/15/278
f 5576/15/278 5581/15/278 5577/15/278
f 5573/15/278 5572/15/278 5574/15/278
f 5574/15/278 5572/15/278 5575/15/278
f 5575/15/278 5572/15/278 5576/15/278
f 5581/15/278 5576/15/278 5572/15/278
f 5572/15/278 5571/15/278 5581/15/278
f 5570/15/278 5581/15/278 5571/15/278
f 5570/15/278 5569/15/278 5582/15/278 5581/15/278
f 5568/15/278 5582/15/278 5569/15/278
f 5568/15/278 5567/15/278 5556/15/278 5582/15/278
f 5558/15/278 5556/15/278 5567/15/278 5566/15/278
f 5566/15/278 5565/15/278 5558/15/278
f 5559/15/278 5558/15/278 5565/15/278 5564/15/278
f 5557/15/278 5559/15/278 5564/15/278 5563/15/278
f 5560/15/278 5557/15/278 5563/15/278 5562/15/278
f 5561/15/278 5560/15/278 5562/15/278
f 5508/15/350 5507/15/350 5561/15/350 5562/15/350
f 5481/15/351 5482/15/351 5536/15/351 5535/15/351
f 5509/15/352 5508/15/352 5562/15/352 5563/15/352
f 5482/15/353 5483/15/353 5537/15/353 5536/15/353
f 5510/15/354 5509/15/354 5563/15/354 5564/15/354
f 5483/15/355 5484/15/355 5538/15/355 5537/15/355
f 5511/15/356 5510/15/356 5564/15/356 5565/15/356
f 5484/15/357 5485/15/357 5539/15/357 5538/15/357
f 5512/15/358 5511/15/358 5565/15/358 5566/15/358
f 5485/15/359 5486/15/359 5540/15/359 5539/15/359
f 5513/15/360 5512/15/360 5566/15/360 5567/15/360
f 5486/15/361 5487/15/361 5541/15/361 5540/15/361
f 5514/15/362 5513/15/362 5567/15/362 5568/15/362
f 5487/15/467 5488/15/467 5542/15/467 5541/15/467
f 5515/15/364 5514/15/364 5568/15/364 5569/15/364
f 5488/15/365 5489/15/365 5543/15/365 5542/15/365
f 5516/15/366 5515/15/366 5569/15/366 5570/15/366
f 5489/15/367 5490/15/367 5544/15/367 5543/15/367
f 5517/15/368 5516/15/368 5570/15/368 5571/15/368
f 5490/15/369 5491/15/369 5545/15/369 5544/15/369
f 5518/15/370 5517/15/370 5571/15/370 5572/15/370
f 5491/15/371 5492/15/371 5546/15/371 5545/15/371
f 5519/15/372 5518/15/372 5572/15/372 5573/15/372
f 5492/15/373 5493/15/373 5547/15/373 5546/15/373
f 5520/15/374 5519/15/374 5573/15/374 5574/15/374
f 5493/15/375 5494/15/375 5548/15/375 5547/15/375
f 5521/15/376 5520/15/376 5574/15/376 5575/15/376
f 5494/15/377 5495/15/377 5549/15/377 5548/15/377
f 5522/15/378 5521/15/378 5575/15/378 5576/15/378
f 5495/15/379 5496/15/379 5550/15/379 5549/15/379
f 5523/15/380 5522/15/380 5576/15/380 5577/15/380
f 5496/15/381 5497/15/381 5551/15/381 5550/15/381
f 5524/15/382 5523/15/382 5577/15/382 5578/15/382
f 5497/15/456 5498/15/456 5552/15/456 5551/15/456
f 5525/15/476 5524/15/476 5578/15/476 5579/15/476
f 5498/15/477 5499/15/477 5553/15/477 5552/15/477
f 5526/15/478 5525/15/478 5579/15/478 5580/15/478
f 5528/15/279 5527/15/279 5585/15/279 5586/15/279
f 5527/15/279 5500/15/279 5583/15/279 5585/15/279
f 5501/15/275 5475/15/275 5529/15/275 5555/15/275
f 5475/15/275 5477/15/275 5531/15/275 5529/15/275
f 5502/15/274 5528/15/274 5582/15/274 5556/15/274
f 5504/15/274 5502/15/274 5556/15/274 5558/15/274
f 5476/15/387 5479/15/387 5533/15/387 5530/15/387
f 5501/15/388 5555/15/388 5588/15/388 5584/15/388
f 5506/15/389 5503/15/389 5557/15/389 5560/15/389
f 5478/15/390 5476/15/390 5530/15/390 5532/15/390
f 5499/15/281 5526/15/281 5580/15/281 5553/15/281
f 5503/15/391 5505/15/391 5559/15/391 5557/15/391
f 5477/15/392 5478/15/392 5532/15/392 5531/15/392
f 5505/15/393 5504/15/393 5558/15/393 5559/15/393
f 5479/15/394 5480/15/394 5534/15/394 5533/15/394
f 5507/15/395 5506/15/395 5560/15/395 5561/15/395
f 5480/15/396 5481/15/396 5535/15/396 5534/15/396
f 5583/15/280 5584/15/280 5588/15/280 5587/15/280
f 5586/15/280 5585/15/280 5589/15/280 5590/15/280
f 5585/15/280 5583/15/280 5587/15/280 5589/15/280
f 5555/15/397 5554/15/397 5587/15/397 5588/15/397
f 5582/15/398 5528/15/398 5586/15/398 5590/15/398
f 5554/15/397 5581/15/397 5589/15/397 5587/15/397
f 5581/15/397 5582/15/397 5590/15/397 5589/15/397
f 5500/15/279 5501/15/279 5584/15/279 5583/15/279
f 5598/15/279 5604/15/279 5601/15/279 5595/15/279
f 5596/15/279 5599/15/279 5597/15/279 5603/15/279 5614/15/279 5613/15/279 5602/15/279
f 5607/15/279 5608/15/279 5600/15/279 5594/15/279
f 5594/15/279 5600/15/279 5604/15/279 5598/15/279
f 5595/15/279 5601/15/279 5606/15/279 5605/15/279
f 5612/15/279 5611/15/279 5651/15/279 5650/15/279 5613/15/279 5614/15/279 5653/15/279 5652/15/279
f 5609/15/279 5606/15/279 5612/15/279
f 5608/15/279 5610/15/279 5611/15/279
f 5611/15/279 5612/15/279 5606/15/279 5608/15/279
f 5605/15/279 5606/15/279 5609/15/279 5655/15/279 5654/15/279 5603/15/279 5597/15/279
f 5596/15/279 5602/15/279 5648/15/279 5649/15/279 5610/15/279 5608/15/279 5607/15/279
f 5598/15/479 5594/15/479 5617/15/479 5615/15/479
f 5595/15/480 5598/15/480 5615/15/480 5616/15/480
f 5621/15/278 5622/15/278 5632/15/278 5631/15/278
f 5626/15/278 5629/15/278 5637/15/278 5636/15/278 5635/15/278 5628/15/278 5625/15/278
f 5622/15/481 5646/15/481 5683/15/481 5680/15/481
f 5618/15/482 5619/15/482 5630/15/482 5643/15/482
f 5623/15/278 5624/15/278 5634/15/278 5633/15/278
f 5624/15/278 5621/15/278 5631/15/278 5634/15/278
f 5622/15/278 5627/15/278 5638/15/278 5632/15/278
f 5642/15/278 5636/15/278 5637/15/278 5641/15/278
f 5640/15/278 5642/15/278 5638/15/278
f 5633/15/278 5641/15/278 5639/15/278
f 5641/15/278 5633/15/278 5638/15/278 5642/15/278
f 5627/15/278 5628/15/278 5635/15/278 5640/15/278 5638/15/278
f 5626/15/278 5623/15/278 5633/15/278 5639/15/278 5629/15/278
f 5644/15/278 5643/15/278 5645/15/278 5647/15/278
f 5643/15/278 5630/15/278 5646/15/278 5645/15/278
f 5620/15/483 5618/15/483 5643/15/483 5644/15/483
f 5647/15/484 5624/15/484 5675/15/484 5677/15/484
f 5621/15/479 5624/15/479 5647/15/479 5645/15/479
f 5622/15/480 5621/15/480 5645/15/480 5646/15/480
f 5605/15/485 5597/15/485 5628/15/485 5627/15/485
f 5600/15/486 5608/15/486 5633/15/486 5634/15/486
f 5595/15/486 5605/15/486 5627/15/486 5622/15/486
f 5614/15/487 5603/15/487 5635/15/487 5636/15/487
f 5613/15/488 5650/15/488 5651/15/488 5611/15/488 5641/15/488 5637/15/488
f 5606/15/489 5601/15/489 5632/15/489 5638/15/489
f 5603/15/489 5654/15/489 5655/15/489 5609/15/489 5640/15/489 5635/15/489
f 5593/15/490 5592/15/490 5619/15/490 5618/15/490
f 5604/15/491 5600/15/491 5634/15/491 5631/15/491
f 5612/15/486 5652/15/486 5653/15/486 5614/15/486 5636/15/486 5642/15/486
f 5610/15/486 5649/15/486 5648/15/486 5602/15/486 5629/15/486 5639/15/486
f 5591/15/492 5593/15/492 5618/15/492 5620/15/492
f 5602/15/493 5613/15/493 5637/15/493 5629/15/493
f 5619/15/513 5592/15/513 5679/15/513 5681/15/513
f 5596/15/495 5607/15/495 5623/15/495 5626/15/495
f 5609/15/496 5612/15/496 5642/15/496 5640/15/496
f 5624/15/497 5594/15/497 5673/15/497 5675/15/497
f 5607/15/488 5594/15/488 5624/15/488 5623/15/488
f 5611/15/496 5610/15/496 5639/15/496 5641/15/496
f 5608/15/487 5606/16/487 5638/17/487 5633/18/487
f 5601/15/498 5604/15/498 5631/15/498 5632/15/498
f 5649/15/279 5656/15/279 5657/15/279 5651/15/279
f 5655/15/279 5652/15/279 5658/15/279 5659/15/279
f 5661/15/275 5663/15/275 5667/15/275 5665/15/275
f 5655/15/278 5659/15/278 5663/15/278 5661/15/278
f 5652/15/278 5655/15/278 5661/15/278 5660/15/278
f 5658/15/278 5652/15/278 5660/15/278 5662/15/278
f 5659/15/278 5658/15/278 5662/15/278 5663/15/278
f 5665/15/278 5667/15/278 5666/15/278 5664/15/278
f 5660/15/280 5661/15/280 5665/15/280 5664/15/280
f 5662/15/274 5660/15/274 5664/15/274 5666/15/274
f 5663/15/281 5662/15/281 5666/15/281 5667/15/281
f 5668/15/278 5669/15/278 5671/15/278 5670/15/278
f 5649/15/499 5651/15/499 5669/15/499 5668/15/499
f 5656/15/274 5649/15/274 5668/15/274 5670/15/274
f 5657/15/500 5656/15/500 5670/15/500 5671/15/500
f 5651/15/275 5657/15/275 5671/15/275 5669/15/275
f 5675/15/501 5674/15/501 5676/15/501 5677/15/501
f 5673/15/502 5672/15/502 5674/15/502 5675/15/502
f 5594/15/503 5591/15/503 5672/15/503 5673/15/503
f 5591/15/504 5620/15/504 5674/15/504 5672/15/504
f 5620/15/505 5644/15/505 5676/15/505 5674/15/505
f 5644/15/506 5647/15/506 5677/15/506 5676/15/506
f 5681/15/507 5680/15/507 5683/15/507 5682/15/507
f 5679/15/508 5678/15/508 5680/15/508 5681/15/508
f 5646/15/509 5630/15/509 5682/15/509 5683/15/509
f 5592/15/510 5595/15/510 5678/15/510 5679/15/510
f 5595/15/511 5622/15/511 5680/15/511 5678/15/511
f 5630/15/512 5619/15/512 5681/15/512 5682/15/512
f 5593/15/279 5598/15/279 5595/15/279 5592/15/279
f 5591/15/279 5594/15/279 5598/15/279 5593/15/279
f 5708/15/279 5709/15/279 5736/15/279 5735/15/279
f 5689/15/279 5688/15/279 5690/15/279
f 5688/15/279 5685/15/279 5691/15/279 5690/15/279
f 5685/15/279 5687/15/279 5692/15/279 5691/15/279
f 5687/15/279 5686/15/279 5693/15/279 5692/15/279
f 5693/15/279 5686/15/279 5694/15/279
f 5686/15/279 5684/15/279 5695/15/279 5694/15/279
f 5696/15/279 5695/15/279 5684/15/279 5710/15/279
f 5696/15/279 5710/15/279 5697/15/279
f 5698/15/279 5697/15/279 5710/15/279 5709/15/279
f 5698/15/279 5709/15/279 5699/15/279
f 5699/15/279 5709/15/279 5700/15/279
f 5701/15/279 5700/15/279 5702/15/279
f 5702/15/279 5700/15/279 5703/15/279
f 5703/15/279 5700/15/279 5704/15/279
f 5700/15/279 5709/15/279 5704/15/279
f 5704/15/279 5709/15/279 5705/15/279
f 5705/15/279 5709/15/279 5706/15/279
f 5707/15/279 5706/15/279 5709/15/279 5708/15/279
f 5735/15/279 5736/15/279 5734/15/279
f 5733/15/279 5734/15/279 5736/15/279
f 5732/15/279 5733/15/279 5736/15/279
f 5731/15/279 5732/15/279 5736/15/279
f 5728/15/279 5729/15/279 5727/15/279
f 5729/15/279 5730/15/279 5727/15/279
f 5730/15/279 5731/15/279 5727/15/279
f 5736/15/279 5727/15/279 5731/15/279
f 5727/15/279 5736/15/279 5726/15/279
f 5725/15/279 5726/15/279 5736/15/279
f 5725/15/279 5736/15/279 5737/15/279 5724/15/279
f 5723/15/279 5724/15/279 5737/15/279
f 5723/15/279 5737/15/279 5711/15/279 5722/15/279
f 5713/15/279 5721/15/279 5722/15/279 5711/15/279
f 5721/15/279 5713/15/279 5720/15/279
f 5714/15/279 5719/15/279 5720/15/279 5713/15/279
f 5712/15/279 5718/15/279 5719/15/279 5714/15/279
f 5715/15/279 5717/15/279 5718/15/279 5712/15/279
f 5716/15/279 5717/15/279 5715/15/279
f 5762/15/278 5789/15/278 5790/15/278 5763/15/278
f 5743/15/278 5744/15/278 5742/15/278
f 5742/15/278 5744/15/278 5745/15/278 5739/15/278
f 5739/15/278 5745/15/278 5746/15/278 5741/15/278
f 5741/15/278 5746/15/278 5747/15/278 5740/15/278
f 5747/15/278 5748/15/278 5740/15/278
f 5740/15/278 5748/15/278 5749/15/278 5738/15/278
f 5750/15/278 5764/15/278 5738/15/278 5749/15/278
f 5750/15/278 5751/15/278 5764/15/278
f 5752/15/278 5763/15/278 5764/15/278 5751/15/278
f 5752/15/278 5753/15/278 5763/15/278
f 5753/15/278 5754/15/278 5763/15/278
f 5755/15/278 5756/15/278 5754/15/278
f 5756/15/278 5757/15/278 5754/15/278
f 5757/15/278 5758/15/278 5754/15/278
f 5754/15/278 5758/15/278 5763/15/278
f 5758/15/278 5759/15/278 5763/15/278
f 5759/15/278 5760/15/278 5763/15/278
f 5761/15/278 5762/15/278 5763/15/278 5760/15/278
f 5789/15/278 5788/15/278 5790/15/278
f 5787/15/278 5790/15/278 5788/15/278
f 5786/15/278 5790/15/278 5787/15/278
f 5785/15/278 5790/15/278 5786/15/278
f 5782/15/278 5781/15/278 5783/15/278
f 5783/15/278 5781/15/278 5784/15/278
f 5784/15/278 5781/15/278 5785/15/278
f 5790/15/278 5785/15/278 5781/15/278
f 5781/15/278 5780/15/278 5790/15/278
f 5779/15/278 5790/15/278 5780/15/278
f 5779/15/278 5778/15/278 5791/15/278 5790/15/278
f 5777/15/278 5791/15/278 5778/15/278
f 5777/15/278 5776/15/278 5765/15/278 5791/15/278
f 5767/15/278 5765/15/278 5776/15/278 5775/15/278
f 5775/15/278 5774/15/278 5767/15/278
f 5768/15/278 5767/15/278 5774/15/278 5773/15/278
f 5766/15/278 5768/15/278 5773/15/278 5772/15/278
f 5769/15/278 5766/15/278 5772/15/278 5771/15/278
f 5770/15/278 5769/15/278 5771/15/278
f 5717/15/350 5716/15/350 5770/15/350 5771/15/350
f 5690/15/351 5691/15/351 5745/15/351 5744/15/351
f 5718/15/352 5717/15/352 5771/15/352 5772/15/352
f 5691/15/353 5692/15/353 5746/15/353 5745/15/353
f 5719/15/354 5718/15/354 5772/15/354 5773/15/354
f 5692/15/355 5693/15/355 5747/15/355 5746/15/355
f 5720/15/356 5719/15/356 5773/15/356 5774/15/356
f 5693/15/357 5694/15/357 5748/15/357 5747/15/357
f 5721/15/358 5720/15/358 5774/15/358 5775/15/358
f 5694/15/359 5695/15/359 5749/15/359 5748/15/359
f 5722/15/360 5721/15/360 5775/15/360 5776/15/360
f 5695/15/361 5696/15/361 5750/15/361 5749/15/361
f 5723/15/362 5722/15/362 5776/15/362 5777/15/362
f 5696/15/467 5697/15/467 5751/15/467 5750/15/467
f 5724/15/364 5723/15/364 5777/15/364 5778/15/364
f 5697/15/365 5698/15/365 5752/15/365 5751/15/365
f 5725/15/366 5724/15/366 5778/15/366 5779/15/366
f 5698/15/367 5699/15/367 5753/15/367 5752/15/367
f 5726/15/368 5725/15/368 5779/15/368 5780/15/368
f 5699/15/369 5700/15/369 5754/15/369 5753/15/369
f 5727/15/370 5726/15/370 5780/15/370 5781/15/370
f 5700/15/371 5701/15/371 5755/15/371 5754/15/371
f 5728/15/372 5727/15/372 5781/15/372 5782/15/372
f 5701/15/373 5702/15/373 5756/15/373 5755/15/373
f 5729/15/374 5728/15/374 5782/15/374 5783/15/374
f 5702/15/375 5703/15/375 5757/15/375 5756/15/375
f 5730/15/399 5729/15/399 5783/15/399 5784/15/399
f 5703/15/377 5704/15/377 5758/15/377 5757/15/377
f 5731/15/378 5730/15/378 5784/15/378 5785/15/378
f 5704/15/379 5705/15/379 5759/15/379 5758/15/379
f 5732/15/380 5731/15/380 5785/15/380 5786/15/380
f 5705/15/381 5706/15/381 5760/15/381 5759/15/381
f 5733/15/382 5732/15/382 5786/15/382 5787/15/382
f 5706/15/456 5707/15/456 5761/15/456 5760/15/456
f 5734/15/476 5733/15/476 5787/15/476 5788/15/476
f 5707/15/477 5708/15/477 5762/15/477 5761/15/477
f 5735/15/478 5734/15/478 5788/15/478 5789/15/478
f 5737/15/279 5736/15/279 5794/15/279 5795/15/279
f 5736/15/279 5709/15/279 5792/15/279 5794/15/279
f 5710/15/275 5684/15/275 5738/15/275 5764/15/275
f 5684/15/275 5686/15/275 5740/15/275 5738/15/275
f 5711/15/274 5737/15/274 5791/15/274 5765/15/274
f 5713/15/274 5711/15/274 5765/15/274 5767/15/274
f 5685/15/387 5688/15/387 5742/15/387 5739/15/387
f 5710/15/388 5764/15/388 5797/15/388 5793/15/388
f 5715/15/389 5712/15/389 5766/15/389 5769/15/389
f 5687/15/390 5685/15/390 5739/15/390 5741/15/390
f 5708/15/281 5735/15/281 5789/15/281 5762/15/281
f 5712/15/391 5714/15/391 5768/15/391 5766/15/391
f 5686/15/392 5687/15/392 5741/15/392 5740/15/392
f 5714/15/393 5713/15/393 5767/15/393 5768/15/393
f 5688/15/394 5689/15/394 5743/15/394 5742/15/394
f 5716/15/395 5715/15/395 5769/15/395 5770/15/395
f 5689/15/396 5690/15/396 5744/15/396 5743/15/396
f 5792/15/280 5793/15/280 5797/15/280 5796/15/280
f 5795/15/280 5794/15/280 5798/15/280 5799/15/280
f 5794/15/280 5792/15/280 5796/15/280 5798/15/280
f 5764/15/397 5763/15/397 5796/15/397 5797/15/397
f 5791/15/398 5737/15/398 5795/15/398 5799/15/398
f 5763/15/397 5790/15/397 5798/15/397 5796/15/397
f 5790/15/397 5791/15/397 5799/15/397 5798/15/397
f 5709/15/279 5710/15/279 5793/15/279 5792/15/279
f 5807/15/279 5813/15/279 5810/15/279 5804/15/279
f 5805/15/279 5808/15/279 5806/15/279 5812/15/279 5823/15/279 5822/15/279 5811/15/279
f 5816/15/279 5817/15/279 5809/15/279 5803/15/279
f 5803/15/279 5809/15/279 5813/15/279 5807/15/279
f 5804/15/279 5810/15/279 5815/15/279 5814/15/279
f 5821/15/279 5820/15/279 5860/15/279 5859/15/279 5822/15/279 5823/15/279 5862/15/279 5861/15/279
f 5818/15/279 5815/15/279 5821/15/279
f 5817/15/279 5819/15/279 5820/15/279
f 5820/15/279 5821/15/279 5815/15/279 5817/15/279
f 5814/15/279 5815/15/279 5818/15/279 5864/15/279 5863/15/279 5812/15/279 5806/15/279
f 5805/15/279 5811/15/279 5857/15/279 5858/15/279 5819/15/279 5817/15/279 5816/15/279
f 5807/15/479 5803/15/479 5826/15/479 5824/15/479
f 5804/15/480 5807/15/480 5824/15/480 5825/15/480
f 5830/15/278 5831/15/278 5841/15/278 5840/15/278
f 5835/15/278 5838/15/278 5846/15/278 5845/15/278 5844/15/278 5837/15/278 5834/15/278
f 5831/15/481 5855/15/481 5892/15/481 5889/15/481
f 5827/15/482 5828/15/482 5839/15/482 5852/15/482
f 5832/15/278 5833/15/278 5843/15/278 5842/15/278
f 5833/15/278 5830/15/278 5840/15/278 5843/15/278
f 5831/15/278 5836/15/278 5847/15/278 5841/15/278
f 5851/15/278 5845/15/278 5846/15/278 5850/15/278
f 5849/15/278 5851/15/278 5847/15/278
f 5842/15/278 5850/15/278 5848/15/278
f 5850/15/278 5842/15/278 5847/15/278 5851/15/278
f 5836/15/278 5837/15/278 5844/15/278 5849/15/278 5847/15/278
f 5835/15/278 5832/15/278 5842/15/278 5848/15/278 5838/15/278
f 5853/15/278 5852/15/278 5854/15/278 5856/15/278
f 5852/15/278 5839/15/278 5855/15/278 5854/15/278
f 5829/15/483 5827/15/483 5852/15/483 5853/15/483
f 5856/15/484 5833/15/484 5884/15/484 5886/15/484
f 5830/15/479 5833/15/479 5856/15/479 5854/15/479
f 5831/15/480 5830/15/480 5854/15/480 5855/15/480
f 5814/15/485 5806/15/485 5837/15/485 5836/15/485
f 5809/15/486 5817/15/486 5842/15/486 5843/15/486
f 5804/15/486 5814/15/486 5836/15/486 5831/15/486
f 5823/15/487 5812/15/487 5844/15/487 5845/15/487
f 5822/15/488 5859/15/488 5860/15/488 5820/15/488 5850/15/488 5846/15/488
f 5815/15/489 5810/15/489 5841/15/489 5847/15/489
f 5812/15/489 5863/15/489 5864/15/489 5818/15/489 5849/15/489 5844/15/489
f 5802/15/490 5801/15/490 5828/15/490 5827/15/490
f 5813/15/491 5809/15/491 5843/15/491 5840/15/491
f 5821/15/486 5861/15/486 5862/15/486 5823/15/486 5845/15/486 5851/15/486
f 5819/15/486 5858/15/486 5857/15/486 5811/15/486 5838/15/486 5848/15/486
f 5800/15/492 5802/15/492 5827/15/492 5829/15/492
f 5811/15/493 5822/15/493 5846/15/493 5838/15/493
f 5828/15/513 5801/15/513 5888/15/513 5890/15/513
f 5805/15/495 5816/15/495 5832/15/495 5835/15/495
f 5818/15/496 5821/15/496 5851/15/496 5849/15/496
f 5833/15/497 5803/15/497 5882/15/497 5884/15/497
f 5816/15/488 5803/15/488 5833/15/488 5832/15/488
f 5820/15/496 5819/15/496 5848/15/496 5850/15/496
f 5817/15/487 5815/16/487 5847/17/487 5842/18/487
f 5810/15/498 5813/15/498 5840/15/498 5841/15/498
f 5858/15/279 5865/15/279 5866/15/279 5860/15/279
f 5864/15/279 5861/15/279 5867/15/279 5868/15/279
f 5870/15/275 5872/15/275 5876/15/275 5874/15/275
f 5864/15/278 5868/15/278 5872/15/278 5870/15/278
f 5861/15/278 5864/15/278 5870/15/278 5869/15/278
f 5867/15/278 5861/15/278 5869/15/278 5871/15/278
f 5868/15/278 5867/15/278 5871/15/278 5872/15/278
f 5874/15/278 5876/15/278 5875/15/278 5873/15/278
f 5869/15/280 5870/15/280 5874/15/280 5873/15/280
f 5871/15/274 5869/15/274 5873/15/274 5875/15/274
f 5872/15/281 5871/15/281 5875/15/281 5876/15/281
f 5877/15/278 5878/15/278 5880/15/278 5879/15/278
f 5858/15/499 5860/15/499 5878/15/499 5877/15/499
f 5865/15/274 5858/15/274 5877/15/274 5879/15/274
f 5866/15/500 5865/15/500 5879/15/500 5880/15/500
f 5860/15/275 5866/15/275 5880/15/275 5878/15/275
f 5884/15/501 5883/15/501 5885/15/501 5886/15/501
f 5882/15/502 5881/15/502 5883/15/502 5884/15/502
f 5803/15/503 5800/15/503 5881/15/503 5882/15/503
f 5800/15/519 5829/15/519 5883/15/519 5881/15/519
f 5829/15/505 5853/15/505 5885/15/505 5883/15/505
f 5853/15/506 5856/15/506 5886/15/506 5885/15/506
f 5890/15/507 5889/15/507 5892/15/507 5891/15/507
f 5888/15/508 5887/15/508 5889/15/508 5890/15/508
f 5855/15/509 5839/15/509 5891/15/509 5892/15/509
f 5801/15/510 5804/15/510 5887/15/510 5888/15/510
f 5804/15/517 5831/15/517 5889/15/517 5887/15/517
f 5839/15/512 5828/15/512 5890/15/512 5891/15/512
f 5802/15/279 5807/15/279 5804/15/279 5801/15/279
f 5800/15/279 5803/15/279 5807/15/279 5802/15/279
f 5917/15/279 5918/15/279 5945/15/279 5944/15/279
f 5898/15/279 5897/15/279 5899/15/279
f 5897/15/279 5894/15/279 5900/15/279 5899/15/279
f 5894/15/279 5896/15/279 5901/15/279 5900/15/279
f 5896/15/279 5895/15/279 5902/15/279 5901/15/279
f 5902/15/279 5895/15/279 5903/15/279
f 5895/15/279 5893/15/279 5904/15/279 5903/15/279
f 5905/15/279 5904/15/279 5893/15/279 5919/15/279
f 5905/15/279 5919/15/279 5906/15/279
f 5907/15/279 5906/15/279 5919/15/279 5918/15/279
f 5907/15/279 5918/15/279 5908/15/279
f 5908/15/279 5918/15/279 5909/15/279
f 5910/15/279 5909/15/279 5911/15/279
f 5911/15/279 5909/15/279 5912/15/279
f 5912/15/279 5909/15/279 5913/15/279
f 5909/15/279 5918/15/279 5913/15/279
f 5913/15/279 5918/15/279 5914/15/279
f 5914/15/279 5918/15/279 5915/15/279
f 5916/15/279 5915/15/279 5918/15/279 5917/15/279
f 5944/15/279 5945/15/279 5943/15/279
f 5942/15/279 5943/15/279 5945/15/279
f 5941/15/279 5942/15/279 5945/15/279
f 5940/15/279 5941/15/279 5945/15/279
f 5937/15/279 5938/15/279 5936/15/279
f 5938/15/279 5939/15/279 5936/15/279
f 5939/15/279 5940/15/279 5936/15/279
f 5945/15/279 5936/15/279 5940/15/279
f 5936/15/279 5945/15/279 5935/15/279
f 5934/15/279 5935/15/279 5945/15/279
f 5934/15/279 5945/15/279 5946/15/279 5933/15/279
f 5932/15/279 5933/15/279 5946/15/279
f 5932/15/279 5946/15/279 5920/15/279 5931/15/279
f 5922/15/279 5930/15/279 5931/15/279 5920/15/279
f 5930/15/279 5922/15/279 5929/15/279
f 5923/15/279 5928/15/279 5929/15/279 5922/15/279
f 5921/15/279 5927/15/279 5928/15/279 5923/15/279
f 5924/15/279 5926/15/279 5927/15/279 5921/15/279
f 5925/15/279 5926/15/279 5924/15/279
f 5971/15/278 5998/15/278 5999/15/278 5972/15/278
f 5952/15/278 5953/15/278 5951/15/278
f 5951/15/278 5953/15/278 5954/15/278 5948/15/278
f 5948/15/278 5954/15/278 5955/15/278 5950/15/278
f 5950/15/278 5955/15/278 5956/15/278 5949/15/278
f 5956/15/278 5957/15/278 5949/15/278
f 5949/15/278 5957/15/278 5958/15/278 5947/15/278
f 5959/15/278 5973/15/278 5947/15/278 5958/15/278
f 5959/15/278 5960/15/278 5973/15/278
f 5961/15/278 5972/15/278 5973/15/278 5960/15/278
f 5961/15/278 5962/15/278 5972/15/278
f 5962/15/278 5963/15/278 5972/15/278
f 5964/15/278 5965/15/278 5963/15/278
f 5965/15/278 5966/15/278 5963/15/278
f 5966/15/278 5967/15/278 5963/15/278
f 5963/15/278 5967/15/278 5972/15/278
f 5967/15/278 5968/15/278 5972/15/278
f 5968/15/278 5969/15/278 5972/15/278
f 5970/15/278 5971/15/278 5972/15/278 5969/15/278
f 5998/15/278 5997/15/278 5999/15/278
f 5996/15/278 5999/15/278 5997/15/278
f 5995/15/278 5999/15/278 5996/15/278
f 5994/15/278 5999/15/278 5995/15/278
f 5991/15/278 5990/15/278 5992/15/278
f 5992/15/278 5990/15/278 5993/15/278
f 5993/15/278 5990/15/278 5994/15/278
f 5999/15/278 5994/15/278 5990/15/278
f 5990/15/278 5989/15/278 5999/15/278
f 5988/15/278 5999/15/278 5989/15/278
f 5988/15/278 5987/15/278 6000/15/278 5999/15/278
f 5986/15/278 6000/15/278 5987/15/278
f 5986/15/278 5985/15/278 5974/15/278 6000/15/278
f 5976/15/278 5974/15/278 5985/15/278 5984/15/278
f 5984/15/278 5983/15/278 5976/15/278
f 5977/15/278 5976/15/278 5983/15/278 5982/15/278
f 5975/15/278 5977/15/278 5982/15/278 5981/15/278
f 5978/15/278 5975/15/278 5981/15/278 5980/15/278
f 5979/15/278 5978/15/278 5980/15/278
f 5926/15/350 5925/15/350 5979/15/350 5980/15/350
f 5899/15/351 5900/15/351 5954/15/351 5953/15/351
f 5927/15/352 5926/15/352 5980/15/352 5981/15/352
f 5900/15/353 5901/15/353 5955/15/353 5954/15/353
f 5928/15/354 5927/15/354 5981/15/354 5982/15/354
f 5901/15/355 5902/15/355 5956/15/355 5955/15/355
f 5929/15/356 5928/15/356 5982/15/356 5983/15/356
f 5902/15/357 5903/15/357 5957/15/357 5956/15/357
f 5930/15/358 5929/15/358 5983/15/358 5984/15/358
f 5903/15/454 5904/15/454 5958/15/454 5957/15/454
f 5931/15/466 5930/15/466 5984/15/466 5985/15/466
f 5904/15/361 5905/15/361 5959/15/361 5958/15/361
f 5932/15/362 5931/15/362 5985/15/362 5986/15/362
f 5905/15/467 5906/15/467 5960/15/467 5959/15/467
f 5933/15/364 5932/15/364 5986/15/364 5987/15/364
f 5906/15/365 5907/15/365 5961/15/365 5960/15/365
f 5934/15/366 5933/15/366 5987/15/366 5988/15/366
f 5907/15/367 5908/15/367 5962/15/367 5961/15/367
f 5935/15/368 5934/15/368 5988/15/368 5989/15/368
f 5908/15/369 5909/15/369 5963/15/369 5962/15/369
f 5936/15/370 5935/15/370 5989/15/370 5990/15/370
f 5909/15/371 5910/15/371 5964/15/371 5963/15/371
f 5937/15/372 5936/15/372 5990/15/372 5991/15/372
f 5910/15/373 5911/15/373 5965/15/373 5964/15/373
f 5938/15/374 5937/15/374 5991/15/374 5992/15/374
f 5911/15/455 5912/15/455 5966/15/455 5965/15/455
f 5939/15/376 5938/15/376 5992/15/376 5993/15/376
f 5912/15/400 5913/15/400 5967/15/400 5966/15/400
f 5940/15/378 5939/15/378 5993/15/378 5994/15/378
f 5913/15/379 5914/15/379 5968/15/379 5967/15/379
f 5941/15/380 5940/15/380 5994/15/380 5995/15/380
f 5914/15/520 5915/15/520 5969/15/520 5968/15/520
f 5942/15/382 5941/15/382 5995/15/382 5996/15/382
f 5915/15/456 5916/15/456 5970/15/456 5969/15/456
f 5943/15/384 5942/15/384 5996/15/384 5997/15/384
f 5916/15/477 5917/15/477 5971/15/477 5970/15/477
f 5944/15/478 5943/15/478 5997/15/478 5998/15/478
f 5946/15/279 5945/15/279 6003/15/279 6004/15/279
f 5945/15/279 5918/15/279 6001/15/279 6003/15/279
f 5919/15/275 5893/15/275 5947/15/275 5973/15/275
f 5893/15/275 5895/15/275 5949/15/275 5947/15/275
f 5920/15/274 5946/15/274 6000/15/274 5974/15/274
f 5922/15/274 5920/15/274 5974/15/274 5976/15/274
f 5894/15/387 5897/15/387 5951/15/387 5948/15/387
f 5919/15/388 5973/15/388 6006/15/388 6002/15/388
f 5924/15/389 5921/15/389 5975/15/389 5978/15/389
f 5896/15/390 5894/15/390 5948/15/390 5950/15/390
f 5917/15/281 5944/15/281 5998/15/281 5971/15/281
f 5921/15/391 5923/15/391 5977/15/391 5975/15/391
f 5895/15/392 5896/15/392 5950/15/392 5949/15/392
f 5923/15/393 5922/15/393 5976/15/393 5977/15/393
f 5897/15/394 5898/15/394 5952/15/394 5951/15/394
f 5925/15/395 5924/15/395 5978/15/395 5979/15/395
f 5898/15/396 5899/15/396 5953/15/396 5952/15/396
f 6001/15/280 6002/15/280 6006/15/280 6005/15/280
f 6004/15/280 6003/15/280 6007/15/280 6008/15/280
f 6003/15/280 6001/15/280 6005/15/280 6007/15/280
f 5973/15/397 5972/15/397 6005/15/397 6006/15/397
f 6000/15/398 5946/15/398 6004/15/398 6008/15/398
f 5972/15/521 5999/15/521 6007/15/521 6005/15/521
f 5999/15/397 6000/15/397 6008/15/397 6007/15/397
f 5918/15/279 5919/15/279 6002/15/279 6001/15/279
f 6016/15/522 6022/15/522 6019/15/522 6013/15/522
f 6014/15/523 6017/15/523 6015/15/523 6021/15/523 6032/15/523 6031/15/523 6020/15/523
f 6025/15/524 6026/15/524 6018/15/524 6012/15/524
f 6012/15/525 6018/15/525 6022/15/525 6016/15/525
f 6013/15/526 6019/15/526 6024/15/526 6023/15/526
f 6030/15/527 6029/15/527 6069/15/527 6068/15/527 6031/15/527 6032/15/527 6071/15/527 6070/15/527
f 6027/15/528 6024/15/528 6030/15/528
f 6026/15/529 6028/15/529 6029/15/529
f 6029/15/530 6030/15/530 6024/15/530 6026/15/530
f 6023/15/531 6024/15/531 6027/15/531 6073/15/531 6072/15/531 6021/15/531 6015/15/531
f 6014/15/532 6020/15/532 6066/15/532 6067/15/532 6028/15/532 6026/15/532 6025/15/532
f 6016/15/533 6033/15/533 6035/15/533 6012/15/533
f 6013/15/534 6034/15/534 6033/15/534 6016/15/534
f 6039/15/278 6040/15/278 6050/15/278 6049/15/278
f 6044/15/278 6047/15/278 6055/15/278 6054/15/278 6053/15/278 6046/15/278 6043/15/278
f 6040/15/481 6064/15/481 6101/15/481 6098/15/481
f 6036/15/482 6037/15/482 6048/15/482 6061/15/482
f 6041/15/278 6042/15/278 6052/15/278 6051/15/278
f 6042/15/278 6039/15/278 6049/15/278 6052/15/278
f 6040/15/278 6045/15/278 6056/15/278 6050/15/278
f 6060/15/278 6054/15/278 6055/15/278 6059/15/278
f 6058/15/278 6060/15/278 6056/15/278
f 6051/15/278 6059/15/278 6057/15/278
f 6059/15/278 6051/15/278 6056/15/278 6060/15/278
f 6045/15/278 6046/15/278 6053/15/278 6058/15/278 6056/15/278
f 6044/15/278 6041/15/278 6051/15/278 6057/15/278 6047/15/278
f 6062/15/278 6061/15/278 6063/15/278 6065/15/278
f 6061/15/278 6048/15/278 6064/15/278 6063/15/278
f 6038/15/483 6036/15/483 6061/15/483 6062/15/483
f 6065/15/484 6042/15/484 6093/15/484 6095/15/484
f 6039/15/479 6042/15/479 6065/15/479 6063/15/479
f 6040/15/480 6039/15/480 6063/15/480 6064/15/480
f 6023/15/485 6015/15/485 6046/15/485 6045/15/485
f 6018/15/535 6026/15/535 6051/15/535 6052/15/535
f 6013/15/486 6023/15/486 6045/15/486 6040/15/486
f 6032/15/536 6021/15/536 6053/15/536 6054/15/536
f 6031/15/537 6068/15/537 6069/15/537 6029/15/537 6059/15/537 6055/15/537
f 6024/15/538 6019/15/538 6050/15/538 6056/15/538
f 6021/15/539 6072/15/539 6073/15/539 6027/15/539 6058/15/539 6053/15/539
f 6011/15/490 6010/15/490 6037/15/490 6036/15/490
f 6022/15/540 6018/15/540 6052/15/540 6049/15/540
f 6030/15/541 6070/15/541 6071/15/541 6032/15/541 6054/15/541 6060/15/541
f 6028/15/542 6067/15/542 6066/15/542 6020/15/542 6047/15/542 6057/15/542
f 6009/15/492 6011/15/492 6036/15/492 6038/15/492
f 6020/15/543 6031/15/543 6055/15/543 6047/15/543
f 6037/15/513 6010/15/513 6097/15/513 6099/15/513
f 6014/15/495 6025/15/495 6041/15/495 6044/15/495
f 6027/15/544 6030/15/544 6060/15/544 6058/15/544
f 6042/15/514 6012/15/514 6091/15/514 6093/15/514
f 6025/15/488 6012/15/488 6042/15/488 6041/15/488
f 6029/15/545 6028/15/545 6057/15/545 6059/15/545
f 6026/15/546 6024/16/546 6056/17/546 6051/18/546
f 6019/15/547 6022/15/547 6049/15/547 6050/15/547
f 6067/15/279 6074/15/279 6075/15/279 6069/15/279
f 6073/15/279 6070/15/279 6076/15/279 6077/15/279
f 6079/15/275 6081/15/275 6085/15/275 6083/15/275
f 6073/15/275 6077/15/275 6081/15/275 6079/15/275
f 6070/15/280 6073/15/280 6079/15/280 6078/15/280
f 6076/15/274 6070/15/274 6078/15/274 6080/15/274
f 6077/15/280 6076/15/280 6080/15/280 6081/15/280
f 6083/15/278 6085/15/278 6084/15/278 6082/15/278
f 6078/15/280 6079/15/280 6083/15/280 6082/15/280
f 6080/15/274 6078/15/274 6082/15/274 6084/15/274
f 6081/15/281 6080/15/281 6084/15/281 6085/15/281
f 6086/15/278 6087/15/278 6089/15/278 6088/15/278
f 6067/15/499 6069/15/499 6087/15/499 6086/15/499
f 6074/15/274 6067/15/274 6086/15/274 6088/15/274
f 6075/15/500 6074/15/500 6088/15/500 6089/15/500
f 6069/15/275 6075/15/275 6089/15/275 6087/15/275
f 6093/15/501 6092/15/501 6094/15/501 6095/15/501
f 6091/15/502 6090/15/502 6092/15/502 6093/15/502
f 6012/15/503 6009/15/503 6090/15/503 6091/15/503
f 6009/15/504 6038/15/504 6092/15/504 6090/15/504
f 6038/15/505 6062/15/505 6094/15/505 6092/15/505
f 6062/15/506 6065/15/506 6095/15/506 6094/15/506
f 6099/15/507 6098/15/507 6101/15/507 6100/15/507
f 6097/15/508 6096/15/508 6098/15/508 6099/15/508
f 6064/15/509 6048/15/509 6100/15/509 6101/15/509
f 6010/15/510 6013/15/510 6096/15/510 6097/15/510
f 6013/15/511 6040/15/511 6098/15/511 6096/15/511
f 6048/15/512 6037/15/512 6099/15/512 6100/15/512
f 6011/15/279 6016/15/279 6013/15/279 6010/15/279
f 6009/15/279 6012/15/279 6016/15/279 6011/15/279
f 6126/15/274 6127/15/274 6154/15/274 6153/15/274
f 6107/15/274 6106/15/274 6108/15/274
f 6106/15/274 6103/15/274 6109/15/274 6108/15/274
f 6103/15/274 6105/15/274 6110/15/274 6109/15/274
f 6105/15/274 6104/15/274 6111/15/274 6110/15/274
f 6111/15/274 6104/15/274 6112/15/274
f 6104/15/274 6102/15/274 6113/15/274 6112/15/274
f 6114/15/274 6113/15/274 6102/15/274 6128/15/274
f 6114/15/274 6128/15/274 6115/15/274
f 6116/15/274 6115/15/274 6128/15/274 6127/15/274
f 6116/15/274 6127/15/274 6117/15/274
f 6117/15/274 6127/15/274 6118/15/274
f 6119/15/292 6118/15/292 6120/15/292
f 6120/15/293 6118/15/293 6121/15/293
f 6121/15/274 6118/15/274 6122/15/274
f 6118/15/274 6127/15/274 6122/15/274
f 6122/15/293 6127/15/293 6123/15/293
f 6123/15/274 6127/15/274 6124/15/274
f 6125/15/274 6124/15/274 6127/15/274 6126/15/274
f 6153/15/274 6154/15/274 6152/15/274
f 6151/15/274 6152/15/274 6154/15/274
f 6150/15/274 6151/15/274 6154/15/274
f 6149/15/293 6150/15/293 6154/15/293
f 6146/15/274 6147/15/274 6145/15/274
f 6147/15/293 6148/15/293 6145/15/293
f 6148/15/274 6149/15/274 6145/15/274
f 6154/15/274 6145/15/274 6149/15/274
f 6145/15/274 6154/15/274 6144/15/274
f 6143/15/274 6144/15/274 6154/15/274
f 6143/15/274 6154/15/274 6155/15/274 6142/15/274
f 6141/15/274 6142/15/274 6155/15/274
f 6141/15/274 6155/15/274 6129/15/274 6140/15/274
f 6131/15/274 6139/15/274 6140/15/274 6129/15/274
f 6139/15/274 6131/15/274 6138/15/274
f 6132/15/274 6137/15/274 6138/15/274 6131/15/274
f 6130/15/274 6136/15/274 6137/15/274 6132/15/274
f 6133/15/274 6135/15/274 6136/15/274 6130/15/274
f 6134/15/292 6135/15/292 6133/15/292
f 6180/15/275 6207/15/275 6208/15/275 6181/15/275
f 6161/15/275 6162/15/275 6160/15/275
f 6160/15/284 6162/15/284 6163/15/284 6157/15/284
f 6157/15/284 6163/15/284 6164/15/284 6159/15/284
f 6159/15/275 6164/15/275 6165/15/275 6158/15/275
f 6165/15/275 6166/15/275 6158/15/275
f 6158/15/275 6166/15/275 6167/15/275 6156/15/275
f 6168/15/275 6182/15/275 6156/15/275 6167/15/275
f 6168/15/275 6169/15/275 6182/15/275
f 6170/15/275 6181/15/275 6182/15/275 6169/15/275
f 6170/15/275 6171/15/275 6181/15/275
f 6171/15/275 6172/15/275 6181/15/275
f 6173/15/548 6174/15/548 6172/15/548
f 6174/15/284 6175/15/284 6172/15/284
f 6175/15/285 6176/15/285 6172/15/285
f 6172/15/275 6176/15/275 6181/15/275
f 6176/15/285 6177/15/285 6181/15/285
f 6177/15/275 6178/15/275 6181/15/275
f 6179/15/275 6180/15/275 6181/15/275 6178/15/275
f 6207/15/275 6206/15/275 6208/15/275
f 6205/15/275 6208/15/275 6206/15/275
f 6204/15/275 6208/15/275 6205/15/275
f 6203/15/549 6208/15/549 6204/15/549
f 6200/15/275 6199/15/275 6201/15/275
f 6201/15/285 6199/15/285 6202/15/285
f 6202/15/275 6199/15/275 6203/15/275
f 6208/15/284 6203/15/284 6199/15/284
f 6199/15/275 6198/15/275 6208/15/275
f 6197/15/275 6208/15/275 6198/15/275
f 6197/15/275 6196/15/275 6209/15/275 6208/15/275
f 6195/15/275 6209/15/275 6196/15/275
f 6195/15/275 6194/15/275 6183/15/275 6209/15/275
f 6185/15/275 6183/15/275 6194/15/275 6193/15/275
f 6193/15/275 6192/15/275 6185/15/275
f 6186/15/275 6185/15/275 6192/15/275 6191/15/275
f 6184/15/275 6186/15/275 6191/15/275 6190/15/275
f 6187/15/275 6184/15/275 6190/15/275 6189/15/275
f 6188/15/275 6187/15/275 6189/15/275
f 6135/15/297 6134/15/297 6188/15/297 6189/15/297
f 6108/15/298 6109/15/298 6163/15/298 6162/15/298
f 6136/15/299 6135/15/299 6189/15/299 6190/15/299
f 6109/15/300 6110/15/300 6164/15/300 6163/15/300
f 6137/15/301 6136/15/301 6190/15/301 6191/15/301
f 6110/15/302 6111/15/302 6165/15/302 6164/15/302
f 6138/15/303 6137/15/303 6191/15/303 6192/15/303
f 6111/15/304 6112/15/304 6166/15/304 6165/15/304
f 6139/15/305 6138/15/305 6192/15/305 6193/15/305
f 6112/15/550 6113/15/550 6167/15/550 6166/15/550
f 6140/15/307 6139/15/307 6193/15/307 6194/15/307
f 6113/15/308 6114/15/308 6168/15/308 6167/15/308
f 6141/15/309 6140/15/309 6194/15/309 6195/15/309
f 6114/15/551 6115/15/551 6169/15/551 6168/15/551
f 6142/15/552 6141/15/552 6195/15/552 6196/15/552
f 6115/15/312 6116/15/312 6170/15/312 6169/15/312
f 6143/15/313 6142/15/313 6196/15/313 6197/15/313
f 6116/15/553 6117/15/553 6171/15/553 6170/15/553
f 6144/15/554 6143/15/554 6197/15/554 6198/15/554
f 6117/15/316 6118/15/316 6172/15/316 6171/15/316
f 6145/15/555 6144/15/555 6198/15/555 6199/15/555
f 6118/15/318 6119/15/318 6173/15/318 6172/15/318
f 6146/15/319 6145/15/319 6199/15/319 6200/15/319
f 6119/15/320 6120/15/320 6174/15/320 6173/15/320
f 6147/15/321 6146/15/321 6200/15/321 6201/15/321
f 6120/15/322 6121/15/322 6175/15/322 6174/15/322
f 6148/15/556 6147/15/556 6201/15/556 6202/15/556
f 6121/15/557 6122/15/557 6176/15/557 6175/15/557
f 6149/15/325 6148/15/325 6202/15/325 6203/15/325
f 6122/15/326 6123/15/326 6177/15/326 6176/15/326
f 6150/15/327 6149/15/327 6203/15/327 6204/15/327
f 6123/15/328 6124/15/328 6178/15/328 6177/15/328
f 6151/15/329 6150/15/329 6204/15/329 6205/15/329
f 6124/15/558 6125/15/558 6179/15/558 6178/15/558
f 6152/15/331 6151/15/331 6205/15/331 6206/15/331
f 6125/15/332 6126/15/332 6180/15/332 6179/15/332
f 6153/15/333 6152/15/333 6206/15/333 6207/15/333
f 6155/15/274 6154/15/274 6212/15/274 6213/15/274
f 6154/15/274 6127/15/274 6210/15/274 6212/15/274
f 6128/15/279 6102/15/279 6156/15/279 6182/15/279
f 6102/15/279 6104/15/279 6158/15/279 6156/15/279
f 6129/15/278 6155/15/278 6209/15/278 6183/15/278
f 6131/15/278 6129/15/278 6183/15/278 6185/15/278
f 6103/15/334 6106/15/334 6160/15/334 6157/15/334
f 6128/15/335 6182/15/335 6215/15/335 6211/15/335
f 6133/15/336 6130/15/336 6184/15/336 6187/15/336
f 6105/15/337 6103/15/337 6157/15/337 6159/15/337
f 6126/15/281 6153/15/281 6207/15/281 6180/15/281
f 6130/15/338 6132/15/338 6186/15/338 6184/15/338
f 6104/15/339 6105/15/339 6159/15/339 6158/15/339
f 6132/15/340 6131/15/340 6185/15/340 6186/15/340
f 6106/15/341 6107/15/341 6161/15/341 6160/15/341
f 6134/15/342 6133/15/342 6187/15/342 6188/15/342
f 6107/15/343 6108/15/343 6162/15/343 6161/15/343
f 6210/15/280 6211/15/280 6215/15/280 6214/15/280
f 6213/15/280 6212/15/280 6216/15/280 6217/15/280
f 6212/15/280 6210/15/280 6214/15/280 6216/15/280
f 6182/15/344 6181/15/344 6214/15/344 6215/15/344
f 6209/15/345 6155/15/345 6213/15/345 6217/15/345
f 6181/15/344 6208/15/344 6216/15/344 6214/15/344
f 6208/15/344 6209/15/344 6217/15/344 6216/15/344
f 6127/15/274 6128/15/274 6211/15/274 6210/15/274
f 6225/15/274 6231/15/274 6228/15/274 6222/15/274
f 6223/15/274 6226/15/274 6224/15/274 6230/15/274 6241/15/274 6240/15/274 6229/15/274
f 6234/15/274 6235/15/274 6227/15/274 6221/15/274
f 6221/15/274 6227/15/274 6231/15/274 6225/15/274
f 6222/15/274 6228/15/274 6233/15/274 6232/15/274
f 6239/15/274 6238/15/274 6278/15/274 6277/15/274 6240/15/274 6241/15/274 6280/15/274 6279/15/274
f 6236/15/274 6233/15/274 6239/15/274
f 6235/15/274 6237/15/274 6238/15/274
f 6238/15/274 6239/15/274 6233/15/274 6235/15/274
f 6232/15/274 6233/15/274 6236/15/274 6282/15/274 6281/15/274 6230/15/274 6224/15/274
f 6223/15/274 6229/15/274 6275/15/274 6276/15/274 6237/15/274 6235/15/274 6234/15/274
f 6225/15/559 6221/15/559 6244/15/559 6242/15/559
f 6222/15/560 6225/15/560 6242/15/560 6243/15/560
f 6248/15/275 6249/15/275 6259/15/275 6258/15/275
f 6253/15/275 6256/15/275 6264/15/275 6263/15/275 6262/15/275 6255/15/275 6252/15/275
f 6249/15/561 6273/15/561 6310/15/561 6307/15/561
f 6245/15/562 6246/15/562 6257/15/562 6270/15/562
f 6250/15/275 6251/15/275 6261/15/275 6260/15/275
f 6251/15/275 6248/15/275 6258/15/275 6261/15/275
f 6249/15/275 6254/15/275 6265/15/275 6259/15/275
f 6269/15/275 6263/15/275 6264/15/275 6268/15/275
f 6267/15/275 6269/15/275 6265/15/275
f 6260/15/275 6268/15/275 6266/15/275
f 6268/15/275 6260/15/275 6265/15/275 6269/15/275
f 6254/15/275 6255/15/275 6262/15/275 6267/15/275 6265/15/275
f 6253/15/275 6250/15/275 6260/15/275 6266/15/275 6256/15/275
f 6271/15/275 6270/15/275 6272/15/275 6274/15/275
f 6270/15/275 6257/15/275 6273/15/275 6272/15/275
f 6247/15/563 6245/15/563 6270/15/563 6271/15/563
f 6274/15/564 6251/15/564 6302/15/564 6304/15/564
f 6248/15/559 6251/15/559 6274/15/559 6272/15/559
f 6249/15/560 6248/15/560 6272/15/560 6273/15/560
f 6232/15/565 6224/15/565 6255/15/565 6254/15/565
f 6227/15/566 6235/15/566 6260/15/566 6261/15/566
f 6222/15/566 6232/15/566 6254/15/566 6249/15/566
f 6241/15/567 6230/15/567 6262/15/567 6263/15/567
f 6240/15/568 6277/15/568 6278/15/568 6238/15/568 6268/15/568 6264/15/568
f 6233/15/568 6228/15/568 6259/15/568 6265/15/568
f 6230/15/568 6281/15/568 6282/15/568 6236/15/568 6267/15/568 6262/15/568
f 6220/15/569 6219/15/569 6246/15/569 6245/15/569
f 6231/15/570 6227/15/570 6261/15/570 6258/15/570
f 6239/15/566 6279/15/566 6280/15/566 6241/15/566 6263/15/566 6269/15/566
f 6237/15/566 6276/15/566 6275/15/566 6229/15/566 6256/15/566 6266/15/566
f 6218/15/571 6220/15/571 6245/15/571 6247/15/571
f 6229/15/572 6240/15/572 6264/15/572 6256/15/572
f 6246/15/573 6219/15/573 6306/15/573 6308/15/573
f 6223/15/574 6234/15/574 6250/15/574 6253/15/574
f 6236/15/575 6239/15/575 6269/15/575 6267/15/575
f 6251/15/576 6221/15/576 6300/15/576 6302/15/576
f 6234/15/568 6221/15/568 6251/15/568 6250/15/568
f 6238/15/575 6237/15/575 6266/15/575 6268/15/575
f 6235/15/567 6233/16/567 6265/17/567 6260/18/567
f 6228/15/577 6231/15/577 6258/15/577 6259/15/577
f 6276/15/274 6283/15/274 6284/15/274 6278/15/274
f 6282/15/274 6279/15/274 6285/15/274 6286/15/274
f 6288/15/279 6290/15/279 6294/15/279 6292/15/279
f 6282/15/278 6286/15/278 6290/15/278 6288/15/278
f 6279/15/278 6282/15/278 6288/15/278 6287/15/278
f 6285/15/278 6279/15/278 6287/15/278 6289/15/278
f 6286/15/278 6285/15/278 6289/15/278 6290/15/278
f 6292/15/275 6294/15/275 6293/15/275 6291/15/275
f 6287/15/280 6288/15/280 6292/15/280 6291/15/280
f 6289/15/278 6287/15/278 6291/15/278 6293/15/278
f 6290/15/281 6289/15/281 6293/15/281 6294/15/281
f 6295/15/275 6296/15/275 6298/15/275 6297/15/275
f 6276/15/578 6278/15/578 6296/15/578 6295/15/578
f 6283/15/278 6276/15/278 6295/15/278 6297/15/278
f 6284/15/579 6283/15/579 6297/15/579 6298/15/579
f 6278/15/279 6284/15/279 6298/15/279 6296/15/279
f 6302/15/580 6301/15/580 6303/15/580 6304/15/580
f 6300/15/581 6299/15/581 6301/15/581 6302/15/581
f 6221/15/582 6218/15/582 6299/15/582 6300/15/582
f 6218/15/583 6247/15/583 6301/15/583 6299/15/583
f 6247/15/584 6271/15/584 6303/15/584 6301/15/584
f 6271/15/585 6274/15/585 6304/15/585 6303/15/585
f 6308/15/586 6307/15/586 6310/15/586 6309/15/586
f 6306/15/587 6305/15/587 6307/15/587 6308/15/587
f 6273/15/588 6257/15/588 6309/15/588 6310/15/588
f 6219/15/589 6222/15/589 6305/15/589 6306/15/589
f 6222/15/590 6249/15/590 6307/15/590 6305/15/590
f 6257/15/591 6246/15/591 6308/15/591 6309/15/591
f 6220/15/274 6225/15/274 6222/15/274 6219/15/274
f 6218/15/274 6221/15/274 6225/15/274 6220/15/274
f 6223/15/281 6253/15/281 6252/15/281 6255/15/281 6224/15/281 6226/15/281
f 6335/15/274 6336/15/274 6363/15/274 6362/15/274
f 6316/15/274 6315/15/274 6317/15/274
f 6315/15/274 6312/15/274 6318/15/274 6317/15/274
f 6312/15/274 6314/15/274 6319/15/274 6318/15/274
f 6314/15/274 6313/15/274 6320/15/274 6319/15/274
f 6320/15/274 6313/15/274 6321/15/274
f 6313/15/274 6311/15/274 6322/15/274 6321/15/274
f 6323/15/274 6322/15/274 6311/15/274 6337/15/274
f 6323/15/274 6337/15/274 6324/15/274
f 6325/15/274 6324/15/274 6337/15/274 6336/15/274
f 6325/15/274 6336/15/274 6326/15/274
f 6326/15/274 6336/15/274 6327/15/274
f 6328/15/274 6327/15/274 6329/15/274
f 6329/15/274 6327/15/274 6330/15/274
f 6330/15/274 6327/15/274 6331/15/274
f 6327/15/274 6336/15/274 6331/15/274
f 6331/15/295 6336/15/295 6332/15/295
f 6332/15/293 6336/15/293 6333/15/293
f 6334/15/274 6333/15/274 6336/15/274 6335/15/274
f 6362/15/274 6363/15/274 6361/15/274
f 6360/15/274 6361/15/274 6363/15/274
f 6359/15/293 6360/15/293 6363/15/293
f 6358/15/295 6359/15/295 6363/15/295
f 6355/15/274 6356/15/274 6354/15/274
f 6356/15/274 6357/15/274 6354/15/274
f 6357/15/274 6358/15/274 6354/15/274
f 6363/15/274 6354/15/274 6358/15/274
f 6354/15/274 6363/15/274 6353/15/274
f 6352/15/274 6353/15/274 6363/15/274
f 6352/15/274 6363/15/274 6364/15/274 6351/15/274
f 6350/15/274 6351/15/274 6364/15/274
f 6350/15/274 6364/15/274 6338/15/274 6349/15/274
f 6340/15/274 6348/15/274 6349/15/274 6338/15/274
f 6348/15/274 6340/15/274 6347/15/274
f 6341/15/274 6346/15/274 6347/15/274 6340/15/274
f 6339/15/274 6345/15/274 6346/15/274 6341/15/274
f 6342/15/274 6344/15/274 6345/15/274 6339/15/274
f 6343/15/274 6344/15/274 6342/15/274
f 6389/15/275 6416/15/275 6417/15/275 6390/15/275
f 6370/15/275 6371/15/275 6369/15/275
f 6369/15/275 6371/15/275 6372/15/275 6366/15/275
f 6366/15/275 6372/15/275 6373/15/275 6368/15/275
f 6368/15/275 6373/15/275 6374/15/275 6367/15/275
f 6374/15/275 6375/15/275 6367/15/275
f 6367/15/275 6375/15/275 6376/15/275 6365/15/275
f 6377/15/275 6391/15/275 6365/15/275 6376/15/275
f 6377/15/275 6378/15/275 6391/15/275
f 6379/15/275 6390/15/275 6391/15/275 6378/15/275
f 6379/15/275 6380/15/275 6390/15/275
f 6380/15/275 6381/15/275 6390/15/275
f 6382/15/275 6383/15/275 6381/15/275
f 6383/15/275 6384/15/275 6381/15/275
f 6384/15/275 6385/15/275 6381/15/275
f 6381/15/275 6385/15/275 6390/15/275
f 6385/15/284 6386/15/284 6390/15/284
f 6386/15/275 6387/15/275 6390/15/275
f 6388/15/275 6389/15/275 6390/15/275 6387/15/275
f 6416/15/275 6415/15/275 6417/15/275
f 6414/15/275 6417/15/275 6415/15/275
f 6413/15/284 6417/15/284 6414/15/284
f 6412/15/592 6417/15/592 6413/15/592
f 6409/15/275 6408/15/275 6410/15/275
f 6410/15/275 6408/15/275 6411/15/275
f 6411/15/275 6408/15/275 6412/15/275
f 6417/15/284 6412/15/284 6408/15/284
f 6408/15/275 6407/15/275 6417/15/275
f 6406/15/275 6417/15/275 6407/15/275
f 6406/15/275 6405/15/275 6418/15/275 6417/15/275
f 6404/15/275 6418/15/275 6405/15/275
f 6404/15/275 6403/15/275 6392/15/275 6418/15/275
f 6394/15/275 6392/15/275 6403/15/275 6402/15/275
f 6402/15/285 6401/15/285 6394/15/285
f 6395/15/275 6394/15/275 6401/15/275 6400/15/275
f 6393/15/275 6395/15/275 6400/15/275 6399/15/275
f 6396/15/275 6393/15/275 6399/15/275 6398/15/275
f 6397/15/275 6396/15/275 6398/15/275
f 6344/15/297 6343/15/297 6397/15/297 6398/15/297
f 6317/15/298 6318/15/298 6372/15/298 6371/15/298
f 6345/15/299 6344/15/299 6398/15/299 6399/15/299
f 6318/15/300 6319/15/300 6373/15/300 6372/15/300
f 6346/15/301 6345/15/301 6399/15/301 6400/15/301
f 6319/15/302 6320/15/302 6374/15/302 6373/15/302
f 6347/15/303 6346/15/303 6400/15/303 6401/15/303
f 6320/15/304 6321/15/304 6375/15/304 6374/15/304
f 6348/15/305 6347/15/305 6401/15/305 6402/15/305
f 6321/15/306 6322/15/306 6376/15/306 6375/15/306
f 6349/15/307 6348/15/307 6402/15/307 6403/15/307
f 6322/15/308 6323/15/308 6377/15/308 6376/15/308
f 6350/15/309 6349/15/309 6403/15/309 6404/15/309
f 6323/15/551 6324/15/551 6378/15/551 6377/15/551
f 6351/15/552 6350/15/552 6404/15/552 6405/15/552
f 6324/15/312 6325/15/312 6379/15/312 6378/15/312
f 6352/15/313 6351/15/313 6405/15/313 6406/15/313
f 6325/15/553 6326/15/553 6380/15/553 6379/15/553
f 6353/15/554 6352/15/554 6406/15/554 6407/15/554
f 6326/15/316 6327/15/316 6381/15/316 6380/15/316
f 6354/15/555 6353/15/555 6407/15/555 6408/15/555
f 6327/15/318 6328/15/318 6382/15/318 6381/15/318
f 6355/15/319 6354/15/319 6408/15/319 6409/15/319
f 6328/15/320 6329/15/320 6383/15/320 6382/15/320
f 6356/15/321 6355/15/321 6409/15/321 6410/15/321
f 6329/15/593 6330/15/593 6384/15/593 6383/15/593
f 6357/15/556 6356/15/556 6410/15/556 6411/15/556
f 6330/15/557 6331/15/557 6385/15/557 6384/15/557
f 6358/15/325 6357/15/325 6411/15/325 6412/15/325
f 6331/15/326 6332/15/326 6386/15/326 6385/15/326
f 6359/15/327 6358/15/327 6412/15/327 6413/15/327
f 6332/15/328 6333/15/328 6387/15/328 6386/15/328
f 6360/15/329 6359/15/329 6413/15/329 6414/15/329
f 6333/15/558 6334/15/558 6388/15/558 6387/15/558
f 6361/15/331 6360/15/331 6414/15/331 6415/15/331
f 6334/15/594 6335/15/594 6389/15/594 6388/15/594
f 6362/15/595 6361/15/595 6415/15/595 6416/15/595
f 6364/15/274 6363/15/274 6421/15/274 6422/15/274
f 6363/15/274 6336/15/274 6419/15/274 6421/15/274
f 6337/15/279 6311/15/279 6365/15/279 6391/15/279
f 6311/15/279 6313/15/279 6367/15/279 6365/15/279
f 6338/15/278 6364/15/278 6418/15/278 6392/15/278
f 6340/15/278 6338/15/278 6392/15/278 6394/15/278
f 6312/15/334 6315/15/334 6369/15/334 6366/15/334
f 6337/15/335 6391/15/335 6424/15/335 6420/15/335
f 6342/15/336 6339/15/336 6393/15/336 6396/15/336
f 6314/15/337 6312/15/337 6366/15/337 6368/15/337
f 6335/15/281 6362/15/281 6416/15/281 6389/15/281
f 6339/15/338 6341/15/338 6395/15/338 6393/15/338
f 6313/15/339 6314/15/339 6368/15/339 6367/15/339
f 6341/15/340 6340/15/340 6394/15/340 6395/15/340
f 6315/15/341 6316/15/341 6370/15/341 6369/15/341
f 6343/15/342 6342/15/342 6396/15/342 6397/15/342
f 6316/15/343 6317/15/343 6371/15/343 6370/15/343
f 6419/15/280 6420/15/280 6424/15/280 6423/15/280
f 6422/15/280 6421/15/280 6425/15/280 6426/15/280
f 6421/15/280 6419/15/280 6423/15/280 6425/15/280
f 6391/15/344 6390/15/344 6423/15/344 6424/15/344
f 6418/15/345 6364/15/345 6422/15/345 6426/15/345
f 6390/15/344 6417/15/344 6425/15/344 6423/15/344
f 6417/15/344 6418/15/344 6426/15/344 6425/15/344
f 6336/15/274 6337/15/274 6420/15/274 6419/15/274
f 6434/15/274 6440/15/274 6437/15/274 6431/15/274
f 6432/15/274 6435/15/274 6433/15/274 6439/15/274 6450/15/274 6449/15/274 6438/15/274
f 6443/15/274 6444/15/274 6436/15/274 6430/15/274
f 6430/15/274 6436/15/274 6440/15/274 6434/15/274
f 6431/15/274 6437/15/274 6442/15/274 6441/15/274
f 6448/15/274 6447/15/274 6487/15/274 6486/15/274 6449/15/274 6450/15/274 6489/15/274 6488/15/274
f 6445/15/274 6442/15/274 6448/15/274
f 6444/15/274 6446/15/274 6447/15/274
f 6447/15/274 6448/15/274 6442/15/274 6444/15/274
f 6441/15/274 6442/15/274 6445/15/274 6491/15/274 6490/15/274 6439/15/274 6433/15/274
f 6432/15/274 6438/15/274 6484/15/274 6485/15/274 6446/15/274 6444/15/274 6443/15/274
f 6434/15/559 6430/15/559 6453/15/559 6451/15/559
f 6431/15/560 6434/15/560 6451/15/560 6452/15/560
f 6457/15/275 6458/15/275 6468/15/275 6467/15/275
f 6462/15/275 6465/15/275 6473/15/275 6472/15/275 6471/15/275 6464/15/275 6461/15/275
f 6458/15/596 6482/15/596 6519/15/596 6516/15/596
f 6454/15/562 6455/15/562 6466/15/562 6479/15/562
f 6459/15/275 6460/15/275 6470/15/275 6469/15/275
f 6460/15/275 6457/15/275 6467/15/275 6470/15/275
f 6458/15/275 6463/15/275 6474/15/275 6468/15/275
f 6478/15/275 6472/15/275 6473/15/275 6477/15/275
f 6476/15/275 6478/15/275 6474/15/275
f 6469/15/275 6477/15/275 6475/15/275
f 6477/15/275 6469/15/275 6474/15/275 6478/15/275
f 6463/15/275 6464/15/275 6471/15/275 6476/15/275 6474/15/275
f 6462/15/275 6459/15/275 6469/15/275 6475/15/275 6465/15/275
f 6480/15/275 6479/15/275 6481/15/275 6483/15/275
f 6479/15/275 6466/15/275 6482/15/275 6481/15/275
f 6456/15/563 6454/15/563 6479/15/563 6480/15/563
f 6483/15/564 6460/15/564 6511/15/564 6513/15/564
f 6457/15/559 6460/15/559 6483/15/559 6481/15/559
f 6458/15/560 6457/15/560 6481/15/560 6482/15/560
f 6441/15/565 6433/15/565 6464/15/565 6463/15/565
f 6436/15/566 6444/15/566 6469/15/566 6470/15/566
f 6431/15/566 6441/15/566 6463/15/566 6458/15/566
f 6450/15/567 6439/15/567 6471/15/567 6472/15/567
f 6449/15/568 6486/15/568 6487/15/568 6447/15/568 6477/15/568 6473/15/568
f 6442/15/568 6437/15/568 6468/15/568 6474/15/568
f 6439/15/568 6490/15/568 6491/15/568 6445/15/568 6476/15/568 6471/15/568
f 6429/15/569 6428/15/569 6455/15/569 6454/15/569
f 6440/15/570 6436/15/570 6470/15/570 6467/15/570
f 6448/15/566 6488/15/566 6489/15/566 6450/15/566 6472/15/566 6478/15/566
f 6446/15/566 6485/15/566 6484/15/566 6438/15/566 6465/15/566 6475/15/566
f 6427/15/571 6429/15/571 6454/15/571 6456/15/571
f 6438/15/572 6449/15/572 6473/15/572 6465/15/572
f 6455/15/573 6428/15/573 6515/15/573 6517/15/573
f 6432/15/574 6443/15/574 6459/15/574 6462/15/574
f 6445/15/575 6448/15/575 6478/15/575 6476/15/575
f 6460/15/576 6430/15/576 6509/15/576 6511/15/576
f 6443/15/568 6430/15/568 6460/15/568 6459/15/568
f 6447/15/575 6446/15/575 6475/15/575 6477/15/575
f 6444/15/567 6442/16/567 6474/17/567 6469/18/567
f 6437/15/577 6440/15/577 6467/15/577 6468/15/577
f 6485/15/274 6492/15/274 6493/15/274 6487/15/274
f 6491/15/274 6488/15/274 6494/15/274 6495/15/274
f 6497/15/279 6499/15/279 6503/15/279 6501/15/279
f 6491/15/278 6495/15/278 6499/15/278 6497/15/278
f 6488/15/278 6491/15/278 6497/15/278 6496/15/278
f 6494/15/278 6488/15/278 6496/15/278 6498/15/278
f 6495/15/278 6494/15/278 6498/15/278 6499/15/278
f 6501/15/275 6503/15/275 6502/15/275 6500/15/275
f 6496/15/280 6497/15/280 6501/15/280 6500/15/280
f 6498/15/278 6496/15/278 6500/15/278 6502/15/278
f 6499/15/281 6498/15/281 6502/15/281 6503/15/281
f 6504/15/275 6505/15/275 6507/15/275 6506/15/275
f 6485/15/578 6487/15/578 6505/15/578 6504/15/578
f 6492/15/278 6485/15/278 6504/15/278 6506/15/278
f 6493/15/579 6492/15/579 6506/15/579 6507/15/579
f 6487/15/279 6493/15/279 6507/15/279 6505/15/279
f 6511/15/580 6510/15/580 6512/15/580 6513/15/580
f 6509/15/581 6508/15/581 6510/15/581 6511/15/581
f 6430/15/597 6427/15/597 6508/15/597 6509/15/597
f 6427/15/598 6456/15/598 6510/15/598 6508/15/598
f 6456/15/584 6480/15/584 6512/15/584 6510/15/584
f 6480/15/585 6483/15/585 6513/15/585 6512/15/585
f 6517/15/586 6516/15/586 6519/15/586 6518/15/586
f 6515/15/587 6514/15/587 6516/15/587 6517/15/587
f 6482/15/588 6466/15/588 6518/15/588 6519/15/588
f 6428/15/589 6431/15/589 6514/15/589 6515/15/589
f 6431/15/590 6458/15/590 6516/15/590 6514/15/590
f 6466/15/591 6455/15/591 6517/15/591 6518/15/591
f 6429/15/274 6434/15/274 6431/15/274 6428/15/274
f 6427/15/274 6430/15/274 6434/15/274 6429/15/274
f 6432/15/281 6462/15/281 6461/15/281 6464/15/281 6433/15/281 6435/15/281
f 6544/15/278 6545/15/278 6572/15/278 6571/15/278
f 6525/15/278 6524/15/278 6526/15/278
f 6524/15/278 6521/15/278 6527/15/278 6526/15/278
f 6521/15/278 6523/15/278 6528/15/278 6527/15/278
f 6523/15/278 6522/15/278 6529/15/278 6528/15/278
f 6529/15/278 6522/15/278 6530/15/278
f 6522/15/278 6520/15/278 6531/15/278 6530/15/278
f 6532/15/278 6531/15/278 6520/15/278 6546/15/278
f 6532/15/278 6546/15/278 6533/15/278
f 6534/15/278 6533/15/278 6546/15/278 6545/15/278
f 6534/15/278 6545/15/278 6535/15/278
f 6535/15/278 6545/15/278 6536/15/278
f 6537/15/278 6536/15/278 6538/15/278
f 6538/15/278 6536/15/278 6539/15/278
f 6539/15/278 6536/15/278 6540/15/278
f 6536/15/278 6545/15/278 6540/15/278
f 6540/15/278 6545/15/278 6541/15/278
f 6541/15/599 6545/15/599 6542/15/599
f 6543/15/278 6542/15/278 6545/15/278 6544/15/278
f 6571/15/278 6572/15/278 6570/15/278
f 6569/15/278 6570/15/278 6572/15/278
f 6568/15/600 6569/15/600 6572/15/600
f 6567/15/278 6568/15/278 6572/15/278
f 6564/15/278 6565/15/278 6563/15/278
f 6565/15/278 6566/15/278 6563/15/278
f 6566/15/278 6567/15/278 6563/15/278
f 6572/15/278 6563/15/278 6567/15/278
f 6563/15/278 6572/15/278 6562/15/278
f 6561/15/278 6562/15/278 6572/15/278
f 6561/15/278 6572/15/278 6573/15/278 6560/15/278
f 6559/15/278 6560/15/278 6573/15/278
f 6559/15/278 6573/15/278 6547/15/278 6558/15/278
f 6549/15/278 6557/15/278 6558/15/278 6547/15/278
f 6557/15/278 6549/15/278 6556/15/278
f 6550/15/278 6555/15/278 6556/15/278 6549/15/278
f 6548/15/278 6554/15/278 6555/15/278 6550/15/278
f 6551/15/278 6553/15/278 6554/15/278 6548/15/278
f 6552/15/278 6553/15/278 6551/15/278
f 6598/15/279 6625/15/279 6626/15/279 6599/15/279
f 6579/15/279 6580/15/279 6578/15/279
f 6578/15/279 6580/15/279 6581/15/279 6575/15/279
f 6575/15/279 6581/15/279 6582/15/279 6577/15/279
f 6577/15/279 6582/15/279 6583/15/279 6576/15/279
f 6583/15/279 6584/15/279 6576/15/279
f 6576/15/279 6584/15/279 6585/15/279 6574/15/279
f 6586/15/279 6600/15/279 6574/15/279 6585/15/279
f 6586/15/279 6587/15/279 6600/15/279
f 6588/15/279 6599/15/279 6600/15/279 6587/15/279
f 6588/15/279 6589/15/279 6599/15/279
f 6589/15/279 6590/15/279 6599/15/279
f 6591/15/279 6592/15/279 6590/15/279
f 6592/15/279 6593/15/279 6590/15/279
f 6593/15/279 6594/15/279 6590/15/279
f 6590/15/279 6594/15/279 6599/15/279
f 6594/15/279 6595/15/279 6599/15/279
f 6595/15/462 6596/15/462 6599/15/462
f 6597/15/279 6598/15/279 6599/15/279 6596/15/279
f 6625/15/279 6624/15/279 6626/15/279
f 6623/15/279 6626/15/279 6624/15/279
f 6622/15/463 6626/15/463 6623/15/463
f 6621/15/279 6626/15/279 6622/15/279
f 6618/15/279 6617/15/279 6619/15/279
f 6619/15/279 6617/15/279 6620/15/279
f 6620/15/279 6617/15/279 6621/15/279
f 6626/15/279 6621/15/279 6617/15/279
f 6617/15/279 6616/15/279 6626/15/279
f 6615/15/279 6626/15/279 6616/15/279
f 6615/15/279 6614/15/279 6627/15/279 6626/15/279
f 6613/15/279 6627/15/279 6614/15/279
f 6613/15/279 6612/15/279 6601/15/279 6627/15/279
f 6603/15/279 6601/15/279 6612/15/279 6611/15/279
f 6611/15/279 6610/15/279 6603/15/279
f 6604/15/279 6603/15/279 6610/15/279 6609/15/279
f 6602/15/279 6604/15/279 6609/15/279 6608/15/279
f 6605/15/279 6602/15/279 6608/15/279 6607/15/279
f 6606/15/279 6605/15/279 6607/15/279
f 6553/15/396 6552/15/396 6606/15/396 6607/15/396
f 6526/15/352 6527/15/352 6581/15/352 6580/15/352
f 6554/15/351 6553/15/351 6607/15/351 6608/15/351
f 6527/15/354 6528/15/354 6582/15/354 6581/15/354
f 6555/15/353 6554/15/353 6608/15/353 6609/15/353
f 6528/15/356 6529/15/356 6583/15/356 6582/15/356
f 6556/15/453 6555/15/453 6609/15/453 6610/15/453
f 6529/15/358 6530/15/358 6584/15/358 6583/15/358
f 6557/15/357 6556/15/357 6610/15/357 6611/15/357
f 6530/15/466 6531/15/466 6585/15/466 6584/15/466
f 6558/15/359 6557/15/359 6611/15/359 6612/15/359
f 6531/15/362 6532/15/362 6586/15/362 6585/15/362
f 6559/15/361 6558/15/361 6612/15/361 6613/15/361
f 6532/15/364 6533/15/364 6587/15/364 6586/15/364
f 6560/15/467 6559/15/467 6613/15/467 6614/15/467
f 6533/15/366 6534/15/366 6588/15/366 6587/15/366
f 6561/15/365 6560/15/365 6614/15/365 6615/15/365
f 6534/15/601 6535/15/601 6589/15/601 6588/15/601
f 6562/15/367 6561/15/367 6615/15/367 6616/15/367
f 6535/15/370 6536/15/370 6590/15/370 6589/15/370
f 6563/15/369 6562/15/369 6616/15/369 6617/15/369
f 6536/15/372 6537/15/372 6591/15/372 6590/15/372
f 6564/15/371 6563/15/371 6617/15/371 6618/15/371
f 6537/15/374 6538/15/374 6592/15/374 6591/15/374
f 6565/15/373 6564/15/373 6618/15/373 6619/15/373
f 6538/15/399 6539/15/399 6593/15/399 6592/15/399
f 6566/15/375 6565/15/375 6619/15/375 6620/15/375
f 6539/15/378 6540/15/378 6594/15/378 6593/15/378
f 6567/15/400 6566/15/400 6620/15/400 6621/15/400
f 6540/15/380 6541/15/380 6595/15/380 6594/15/380
f 6568/15/379 6567/15/379 6621/15/379 6622/15/379
f 6541/15/602 6542/15/602 6596/15/602 6595/15/602
f 6569/15/381 6568/15/381 6622/15/381 6623/15/381
f 6542/15/476 6543/15/476 6597/15/476 6596/15/476
f 6570/15/383 6569/15/383 6623/15/383 6624/15/383
f 6543/15/478 6544/15/478 6598/15/478 6597/15/478
f 6571/15/477 6570/15/477 6624/15/477 6625/15/477
f 6573/15/278 6572/15/278 6630/15/278 6631/15/278
f 6572/15/278 6545/15/278 6628/15/278 6630/15/278
f 6546/15/274 6520/15/274 6574/15/274 6600/15/274
f 6520/15/274 6522/15/274 6576/15/274 6574/15/274
f 6547/15/275 6573/15/275 6627/15/275 6601/15/275
f 6549/15/275 6547/15/275 6601/15/275 6603/15/275
f 6521/15/389 6524/15/389 6578/15/389 6575/15/389
f 6546/15/398 6600/15/398 6633/15/398 6629/15/398
f 6551/15/387 6548/15/387 6602/15/387 6605/15/387
f 6523/15/391 6521/15/391 6575/15/391 6577/15/391
f 6544/15/281 6571/15/281 6625/15/281 6598/15/281
f 6548/15/603 6550/15/603 6604/15/603 6602/15/603
f 6522/15/393 6523/15/393 6577/15/393 6576/15/393
f 6550/15/392 6549/15/392 6603/15/392 6604/15/392
f 6524/15/395 6525/15/395 6579/15/395 6578/15/395
f 6552/15/394 6551/15/394 6605/15/394 6606/15/394
f 6525/15/350 6526/15/350 6580/15/350 6579/15/350
f 6628/15/280 6629/15/280 6633/15/280 6632/15/280
f 6631/15/280 6630/15/280 6634/15/280 6635/15/280
f 6630/15/280 6628/15/280 6632/15/280 6634/15/280
f 6600/15/468 6599/15/468 6632/15/468 6633/15/468
f 6627/15/388 6573/15/388 6631/15/388 6635/15/388
f 6599/15/604 6626/15/604 6634/15/604 6632/15/604
f 6626/15/468 6627/15/468 6635/15/468 6634/15/468
f 6545/15/278 6546/15/278 6629/15/278 6628/15/278
f 6643/15/278 6649/15/278 6646/15/278 6640/15/278
f 6641/15/278 6644/15/278 6642/15/278 6648/15/278 6659/15/278 6658/15/278 6647/15/278
f 6652/15/278 6653/15/278 6645/15/278 6639/15/278
f 6639/15/278 6645/15/278 6649/15/278 6643/15/278
f 6640/15/278 6646/15/278 6651/15/278 6650/15/278
f 6657/15/278 6656/15/278 6696/15/278 6695/15/278 6658/15/278 6659/15/278 6698/15/278 6697/15/278
f 6654/15/278 6651/15/278 6657/15/278
f 6653/15/278 6655/15/278 6656/15/278
f 6656/15/278 6657/15/278 6651/15/278 6653/15/278
f 6650/15/278 6651/15/278 6654/15/278 6700/15/278 6699/15/278 6648/15/278 6642/15/278
f 6641/15/278 6647/15/278 6693/15/278 6694/15/278 6655/15/278 6653/15/278 6652/15/278
f 6643/15/534 6660/15/534 6662/15/534 6639/15/534
f 6640/15/533 6661/15/533 6660/15/533 6643/15/533
f 6666/15/279 6667/15/279 6677/15/279 6676/15/279
f 6671/15/279 6674/15/279 6682/15/279 6681/15/279 6680/15/279 6673/15/279 6670/15/279
f 6667/15/605 6691/15/605 6728/15/605 6725/15/605
f 6663/15/606 6664/15/606 6675/15/606 6688/15/606
f 6668/15/279 6669/15/279 6679/15/279 6678/15/279
f 6669/15/279 6666/15/279 6676/15/279 6679/15/279
f 6667/15/279 6672/15/279 6683/15/279 6677/15/279
f 6687/15/279 6681/15/279 6682/15/279 6686/15/279
f 6685/15/279 6687/15/279 6683/15/279
f 6678/15/279 6686/15/279 6684/15/279
f 6686/15/279 6678/15/279 6683/15/279 6687/15/279
f 6672/15/279 6673/15/279 6680/15/279 6685/15/279 6683/15/279
f 6671/15/279 6668/15/279 6678/15/279 6684/15/279 6674/15/279
f 6689/15/279 6688/15/279 6690/15/279 6692/15/279
f 6688/15/279 6675/15/279 6691/15/279 6690/15/279
f 6665/15/607 6663/15/607 6688/15/607 6689/15/607
f 6692/15/608 6669/15/608 6720/15/608 6722/15/608
f 6666/15/480 6669/15/480 6692/15/480 6690/15/480
f 6667/15/479 6666/15/479 6690/15/479 6691/15/479
f 6650/15/609 6642/15/609 6673/15/609 6672/15/609
f 6645/15/488 6653/15/488 6678/15/488 6679/15/488
f 6640/15/488 6650/15/488 6672/15/488 6667/15/488
f 6659/15/610 6648/15/610 6680/15/610 6681/15/610
f 6658/15/486 6695/15/486 6696/15/486 6656/15/486 6686/15/486 6682/15/486
f 6651/15/486 6646/15/486 6677/15/486 6683/15/486
f 6648/15/486 6699/15/486 6700/15/486 6654/15/486 6685/15/486 6680/15/486
f 6638/15/611 6637/15/611 6664/15/611 6663/15/611
f 6649/15/612 6645/15/612 6679/15/612 6676/15/612
f 6657/15/488 6697/15/488 6698/15/488 6659/15/488 6681/15/488 6687/15/488
f 6655/15/488 6694/15/488 6693/15/488 6647/15/488 6674/15/488 6684/15/488
f 6636/15/613 6638/15/613 6663/15/613 6665/15/613
f 6647/15/614 6658/15/614 6682/15/614 6674/15/614
f 6664/15/615 6637/15/615 6724/15/615 6726/15/615
f 6641/15/616 6652/15/616 6668/15/616 6671/15/616
f 6654/15/617 6657/15/617 6687/15/617 6685/15/617
f 6669/15/618 6639/15/618 6718/15/618 6720/15/618
f 6652/15/486 6639/15/486 6669/15/486 6668/15/486
f 6656/15/617 6655/15/617 6684/15/617 6686/15/617
f 6653/15/610 6651/16/610 6683/17/610 6678/18/610
f 6646/15/619 6649/15/619 6676/15/619 6677/15/619
f 6694/15/278 6701/15/278 6702/15/278 6696/15/278
f 6700/15/278 6697/15/278 6703/15/278 6704/15/278
f 6706/15/274 6708/15/274 6712/15/274 6710/15/274
f 6700/15/278 6704/15/278 6708/15/278 6706/15/278
f 6697/15/278 6700/15/278 6706/15/278 6705/15/278
f 6703/15/278 6697/15/278 6705/15/278 6707/15/278
f 6704/15/278 6703/15/278 6707/15/278 6708/15/278
f 6710/15/279 6712/15/279 6711/15/279 6709/15/279
f 6705/15/280 6706/15/280 6710/15/280 6709/15/280
f 6707/15/275 6705/15/275 6709/15/275 6711/15/275
f 6708/15/281 6707/15/281 6711/15/281 6712/15/281
f 6713/15/279 6714/15/279 6716/15/279 6715/15/279
f 6694/15/620 6696/15/620 6714/15/620 6713/15/620
f 6701/15/275 6694/15/275 6713/15/275 6715/15/275
f 6702/15/621 6701/15/621 6715/15/621 6716/15/621
f 6696/15/274 6702/15/274 6716/15/274 6714/15/274
f 6720/15/622 6719/15/622 6721/15/622 6722/15/622
f 6718/15/623 6717/15/623 6719/15/623 6720/15/623
f 6639/15/624 6636/15/624 6717/15/624 6718/15/624
f 6636/15/625 6665/15/625 6719/15/625 6717/15/625
f 6665/15/626 6689/15/626 6721/15/626 6719/15/626
f 6689/15/627 6692/15/627 6722/15/627 6721/15/627
f 6726/15/628 6725/15/628 6728/15/628 6727/15/628
f 6724/15/629 6723/15/629 6725/15/629 6726/15/629
f 6691/15/630 6675/15/630 6727/15/630 6728/15/630
f 6637/15/631 6640/15/631 6723/15/631 6724/15/631
f 6640/15/632 6667/15/632 6725/15/632 6723/15/632
f 6675/15/633 6664/15/633 6726/15/633 6727/15/633
f 6638/15/278 6643/15/278 6640/15/278 6637/15/278
f 6636/15/278 6639/15/278 6643/15/278 6638/15/278
f 6753/15/278 6754/15/278 6781/15/278 6780/15/278
f 6734/15/278 6733/15/278 6735/15/278
f 6733/15/278 6730/15/278 6736/15/278 6735/15/278
f 6730/15/278 6732/15/278 6737/15/278 6736/15/278
f 6732/15/278 6731/15/278 6738/15/278 6737/15/278
f 6738/15/278 6731/15/278 6739/15/278
f 6731/15/278 6729/15/278 6740/15/278 6739/15/278
f 6741/15/278 6740/15/278 6729/15/278 6755/15/278
f 6741/15/278 6755/15/278 6742/15/278
f 6743/15/278 6742/15/278 6755/15/278 6754/15/278
f 6743/15/278 6754/15/278 6744/15/278
f 6744/15/278 6754/15/278 6745/15/278
f 6746/15/278 6745/15/278 6747/15/278
f 6747/15/278 6745/15/278 6748/15/278
f 6748/15/278 6745/15/278 6749/15/278
f 6745/15/278 6754/15/278 6749/15/278
f 6749/15/278 6754/15/278 6750/15/278
f 6750/15/278 6754/15/278 6751/15/278
f 6752/15/278 6751/15/278 6754/15/278 6753/15/278
f 6780/15/278 6781/15/278 6779/15/278
f 6778/15/278 6779/15/278 6781/15/278
f 6777/15/278 6778/15/278 6781/15/278
f 6776/15/278 6777/15/278 6781/15/278
f 6773/15/278 6774/15/278 6772/15/278
f 6774/15/278 6775/15/278 6772/15/278
f 6775/15/278 6776/15/278 6772/15/278
f 6781/15/278 6772/15/278 6776/15/278
f 6772/15/278 6781/15/278 6771/15/278
f 6770/15/278 6771/15/278 6781/15/278
f 6770/15/278 6781/15/278 6782/15/278 6769/15/278
f 6768/15/278 6769/15/278 6782/15/278
f 6768/15/278 6782/15/278 6756/15/278 6767/15/278
f 6758/15/278 6766/15/278 6767/15/278 6756/15/278
f 6766/15/278 6758/15/278 6765/15/278
f 6759/15/278 6764/15/278 6765/15/278 6758/15/278
f 6757/15/278 6763/15/278 6764/15/278 6759/15/278
f 6760/15/278 6762/15/278 6763/15/278 6757/15/278
f 6761/15/278 6762/15/278 6760/15/278
f 6807/15/279 6834/15/279 6835/15/279 6808/15/279
f 6788/15/279 6789/15/279 6787/15/279
f 6787/15/279 6789/15/279 6790/15/279 6784/15/279
f 6784/15/279 6790/15/279 6791/15/279 6786/15/279
f 6786/15/279 6791/15/279 6792/15/279 6785/15/279
f 6792/15/279 6793/15/279 6785/15/279
f 6785/15/279 6793/15/279 6794/15/279 6783/15/279
f 6795/15/279 6809/15/279 6783/15/279 6794/15/279
f 6795/15/279 6796/15/279 6809/15/279
f 6797/15/279 6808/15/279 6809/15/279 6796/15/279
f 6797/15/279 6798/15/279 6808/15/279
f 6798/15/279 6799/15/279 6808/15/279
f 6800/15/279 6801/15/279 6799/15/279
f 6801/15/279 6802/15/279 6799/15/279
f 6802/15/279 6803/15/279 6799/15/279
f 6799/15/279 6803/15/279 6808/15/279
f 6803/15/279 6804/15/279 6808/15/279
f 6804/15/279 6805/15/279 6808/15/279
f 6806/15/279 6807/15/279 6808/15/279 6805/15/279
f 6834/15/279 6833/15/279 6835/15/279
f 6832/15/279 6835/15/279 6833/15/279
f 6831/15/279 6835/15/279 6832/15/279
f 6830/15/279 6835/15/279 6831/15/279
f 6827/15/279 6826/15/279 6828/15/279
f 6828/15/279 6826/15/279 6829/15/279
f 6829/15/279 6826/15/279 6830/15/279
f 6835/15/279 6830/15/279 6826/15/279
f 6826/15/279 6825/15/279 6835/15/279
f 6824/15/279 6835/15/279 6825/15/279
f 6824/15/279 6823/15/279 6836/15/279 6835/15/279
f 6822/15/279 6836/15/279 6823/15/279
f 6822/15/279 6821/15/279 6810/15/279 6836/15/279
f 6812/15/279 6810/15/279 6821/15/279 6820/15/279
f 6820/15/279 6819/15/279 6812/15/279
f 6813/15/279 6812/15/279 6819/15/279 6818/15/279
f 6811/15/279 6813/15/279 6818/15/279 6817/15/279
f 6814/15/279 6811/15/279 6817/15/279 6816/15/279
f 6815/15/279 6814/15/279 6816/15/279
f 6762/15/396 6761/15/396 6815/15/396 6816/15/396
f 6735/15/352 6736/15/352 6790/15/352 6789/15/352
f 6763/15/351 6762/15/351 6816/15/351 6817/15/351
f 6736/15/354 6737/15/354 6791/15/354 6790/15/354
f 6764/15/353 6763/15/353 6817/15/353 6818/15/353
f 6737/15/356 6738/15/356 6792/15/356 6791/15/356
f 6765/15/355 6764/15/355 6818/15/355 6819/15/355
f 6738/15/358 6739/15/358 6793/15/358 6792/15/358
f 6766/15/357 6765/15/357 6819/15/357 6820/15/357
f 6739/15/360 6740/15/360 6794/15/360 6793/15/360
f 6767/15/359 6766/15/359 6820/15/359 6821/15/359
f 6740/15/362 6741/15/362 6795/15/362 6794/15/362
f 6768/15/361 6767/15/361 6821/15/361 6822/15/361
f 6741/15/364 6742/15/364 6796/15/364 6795/15/364
f 6769/15/467 6768/15/467 6822/15/467 6823/15/467
f 6742/15/366 6743/15/366 6797/15/366 6796/15/366
f 6770/15/365 6769/15/365 6823/15/365 6824/15/365
f 6743/15/368 6744/15/368 6798/15/368 6797/15/368
f 6771/15/367 6770/15/367 6824/15/367 6825/15/367
f 6744/15/370 6745/15/370 6799/15/370 6798/15/370
f 6772/15/369 6771/15/369 6825/15/369 6826/15/369
f 6745/15/372 6746/15/372 6800/15/372 6799/15/372
f 6773/15/371 6772/15/371 6826/15/371 6827/15/371
f 6746/15/374 6747/15/374 6801/15/374 6800/15/374
f 6774/15/373 6773/15/373 6827/15/373 6828/15/373
f 6747/15/399 6748/15/399 6802/15/399 6801/15/399
f 6775/15/375 6774/15/375 6828/15/375 6829/15/375
f 6748/15/378 6749/15/378 6803/15/378 6802/15/378
f 6776/15/400 6775/15/400 6829/15/400 6830/15/400
f 6749/15/380 6750/15/380 6804/15/380 6803/15/380
f 6777/15/379 6776/15/379 6830/15/379 6831/15/379
f 6750/15/382 6751/15/382 6805/15/382 6804/15/382
f 6778/15/381 6777/15/381 6831/15/381 6832/15/381
f 6751/15/476 6752/15/476 6806/15/476 6805/15/476
f 6779/15/456 6778/15/456 6832/15/456 6833/15/456
f 6752/15/478 6753/15/478 6807/15/478 6806/15/478
f 6780/15/477 6779/15/477 6833/15/477 6834/15/477
f 6782/15/278 6781/15/278 6839/15/278 6840/15/278
f 6781/15/278 6754/15/278 6837/15/278 6839/15/278
f 6755/15/274 6729/15/274 6783/15/274 6809/15/274
f 6729/15/274 6731/15/274 6785/15/274 6783/15/274
f 6756/15/275 6782/15/275 6836/15/275 6810/15/275
f 6758/15/275 6756/15/275 6810/15/275 6812/15/275
f 6730/15/389 6733/15/389 6787/15/389 6784/15/389
f 6755/15/398 6809/15/398 6842/15/398 6838/15/398
f 6760/15/387 6757/15/387 6811/15/387 6814/15/387
f 6732/15/391 6730/15/391 6784/15/391 6786/15/391
f 6753/15/281 6780/15/281 6834/15/281 6807/15/281
f 6757/15/390 6759/15/390 6813/15/390 6811/15/390
f 6731/15/393 6732/15/393 6786/15/393 6785/15/393
f 6759/15/392 6758/15/392 6812/15/392 6813/15/392
f 6733/15/395 6734/15/395 6788/15/395 6787/15/395
f 6761/15/394 6760/15/394 6814/15/394 6815/15/394
f 6734/15/350 6735/15/350 6789/15/350 6788/15/350
f 6837/15/280 6838/15/280 6842/15/280 6841/15/280
f 6840/15/280 6839/15/280 6843/15/280 6844/15/280
f 6839/15/280 6837/15/280 6841/15/280 6843/15/280
f 6809/15/468 6808/15/468 6841/15/468 6842/15/468
f 6836/15/388 6782/15/388 6840/15/388 6844/15/388
f 6808/15/468 6835/15/468 6843/15/468 6841/15/468
f 6835/15/468 6836/15/468 6844/15/468 6843/15/468
f 6754/15/278 6755/15/278 6838/15/278 6837/15/278
f 6852/15/278 6858/15/278 6855/15/278 6849/15/278
f 6850/15/278 6853/15/278 6851/15/278 6857/15/278 6868/15/278 6867/15/278 6856/15/278
f 6861/15/278 6862/15/278 6854/15/278 6848/15/278
f 6848/15/278 6854/15/278 6858/15/278 6852/15/278
f 6849/15/278 6855/15/278 6860/15/278 6859/15/278
f 6866/15/278 6865/15/278 6905/15/278 6904/15/278 6867/15/278 6868/15/278 6907/15/278 6906/15/278
f 6863/15/278 6860/15/278 6866/15/278
f 6862/15/278 6864/15/278 6865/15/278
f 6865/15/278 6866/15/278 6860/15/278 6862/15/278
f 6859/15/278 6860/15/278 6863/15/278 6909/15/278 6908/15/278 6857/15/278 6851/15/278
f 6850/15/278 6856/15/278 6902/15/278 6903/15/278 6864/15/278 6862/15/278 6861/15/278
f 6852/15/480 6848/15/480 6871/15/480 6869/15/480
f 6849/15/479 6852/15/479 6869/15/479 6870/15/479
f 6875/15/279 6876/15/279 6886/15/279 6885/15/279
f 6880/15/279 6883/15/279 6891/15/279 6890/15/279 6889/15/279 6882/15/279 6879/15/279
f 6876/15/605 6900/15/605 6937/15/605 6934/15/605
f 6872/15/606 6873/15/606 6884/15/606 6897/15/606
f 6877/15/279 6878/15/279 6888/15/279 6887/15/279
f 6878/15/279 6875/15/279 6885/15/279 6888/15/279
f 6876/15/279 6881/15/279 6892/15/279 6886/15/279
f 6896/15/279 6890/15/279 6891/15/279 6895/15/279
f 6894/15/279 6896/15/279 6892/15/279
f 6887/15/279 6895/15/279 6893/15/279
f 6895/15/279 6887/15/279 6892/15/279 6896/15/279
f 6881/15/279 6882/15/279 6889/15/279 6894/15/279 6892/15/279
f 6880/15/279 6877/15/279 6887/15/279 6893/15/279 6883/15/279
f 6898/15/279 6897/15/279 6899/15/279 6901/15/279
f 6897/15/279 6884/15/279 6900/15/279 6899/15/279
f 6874/15/607 6872/15/607 6897/15/607 6898/15/607
f 6901/15/608 6878/15/608 6929/15/608 6931/15/608
f 6875/15/480 6878/15/480 6901/15/480 6899/15/480
f 6876/15/479 6875/15/479 6899/15/479 6900/15/479
f 6859/15/609 6851/15/609 6882/15/609 6881/15/609
f 6854/15/488 6862/15/488 6887/15/488 6888/15/488
f 6849/15/488 6859/15/488 6881/15/488 6876/15/488
f 6868/15/610 6857/15/610 6889/15/610 6890/15/610
f 6867/15/486 6904/15/486 6905/15/486 6865/15/486 6895/15/486 6891/15/486
f 6860/15/634 6855/15/634 6886/15/634 6892/15/634
f 6857/15/634 6908/15/634 6909/15/634 6863/15/634 6894/15/634 6889/15/634
f 6847/15/611 6846/15/611 6873/15/611 6872/15/611
f 6858/15/612 6854/15/612 6888/15/612 6885/15/612
f 6866/15/488 6906/15/488 6907/15/488 6868/15/488 6890/15/488 6896/15/488
f 6864/15/488 6903/15/488 6902/15/488 6856/15/488 6883/15/488 6893/15/488
f 6845/15/613 6847/15/613 6872/15/613 6874/15/613
f 6856/15/614 6867/15/614 6891/15/614 6883/15/614
f 6873/15/615 6846/15/615 6933/15/615 6935/15/615
f 6850/15/616 6861/15/616 6877/15/616 6880/15/616
f 6863/15/617 6866/15/617 6896/15/617 6894/15/617
f 6878/15/635 6848/15/635 6927/15/635 6929/15/635
f 6861/15/486 6848/15/486 6878/15/486 6877/15/486
f 6865/15/617 6864/15/617 6893/15/617 6895/15/617
f 6862/15/610 6860/16/610 6892/17/610 6887/18/610
f 6855/15/619 6858/15/619 6885/15/619 6886/15/619
f 6903/15/278 6910/15/278 6911/15/278 6905/15/278
f 6909/15/278 6906/15/278 6912/15/278 6913/15/278
f 6915/15/274 6917/15/274 6921/15/274 6919/15/274
f 6909/15/278 6913/15/278 6917/15/278 6915/15/278
f 6906/15/278 6909/15/278 6915/15/278 6914/15/278
f 6912/15/278 6906/15/278 6914/15/278 6916/15/278
f 6913/15/278 6912/15/278 6916/15/278 6917/15/278
f 6919/15/279 6921/15/279 6920/15/279 6918/15/279
f 6914/15/280 6915/15/280 6919/15/280 6918/15/280
f 6916/15/275 6914/15/275 6918/15/275 6920/15/275
f 6917/15/281 6916/15/281 6920/15/281 6921/15/281
f 6922/15/279 6923/15/279 6925/15/279 6924/15/279
f 6903/15/620 6905/15/620 6923/15/620 6922/15/620
f 6910/15/275 6903/15/275 6922/15/275 6924/15/275
f 6911/15/621 6910/15/621 6924/15/621 6925/15/621
f 6905/15/274 6911/15/274 6925/15/274 6923/15/274
f 6929/15/622 6928/15/622 6930/15/622 6931/15/622
f 6927/15/623 6926/15/623 6928/15/623 6929/15/623
f 6848/15/624 6845/15/624 6926/15/624 6927/15/624
f 6845/15/625 6874/15/625 6928/15/625 6926/15/625
f 6874/15/626 6898/15/626 6930/15/626 6928/15/626
f 6898/15/627 6901/15/627 6931/15/627 6930/15/627
f 6935/15/628 6934/15/628 6937/15/628 6936/15/628
f 6933/15/629 6932/15/629 6934/15/629 6935/15/629
f 6900/15/630 6884/15/630 6936/15/630 6937/15/630
f 6846/15/631 6849/15/631 6932/15/631 6933/15/631
f 6849/15/636 6876/15/636 6934/15/636 6932/15/636
f 6884/15/633 6873/15/633 6935/15/633 6936/15/633
f 6847/15/278 6852/15/278 6849/15/278 6846/15/278
f 6845/15/278 6848/15/278 6852/15/278 6847/15/278
f 6962/15/278 6963/15/278 6990/15/278 6989/15/278
f 6943/15/278 6942/15/278 6944/15/278
f 6942/15/278 6939/15/278 6945/15/278 6944/15/278
f 6939/15/278 6941/15/278 6946/15/278 6945/15/278
f 6941/15/278 6940/15/278 6947/15/278 6946/15/278
f 6947/15/278 6940/15/278 6948/15/278
f 6940/15/278 6938/15/278 6949/15/278 6948/15/278
f 6950/15/278 6949/15/278 6938/15/278 6964/15/278
f 6950/15/278 6964/15/278 6951/15/278
f 6952/15/278 6951/15/278 6964/15/278 6963/15/278
f 6952/15/278 6963/15/278 6953/15/278
f 6953/15/278 6963/15/278 6954/15/278
f 6955/15/278 6954/15/278 6956/15/278
f 6956/15/278 6954/15/278 6957/15/278
f 6957/15/278 6954/15/278 6958/15/278
f 6954/15/278 6963/15/278 6958/15/278
f 6958/15/278 6963/15/278 6959/15/278
f 6959/15/278 6963/15/278 6960/15/278
f 6961/15/278 6960/15/278 6963/15/278 6962/15/278
f 6989/15/278 6990/15/278 6988/15/278
f 6987/15/278 6988/15/278 6990/15/278
f 6986/15/278 6987/15/278 6990/15/278
f 6985/15/278 6986/15/278 6990/15/278
f 6982/15/278 6983/15/278 6981/15/278
f 6983/15/278 6984/15/278 6981/15/278
f 6984/15/278 6985/15/278 6981/15/278
f 6990/15/278 6981/15/278 6985/15/278
f 6981/15/278 6990/15/278 6980/15/278
f 6979/15/278 6980/15/278 6990/15/278
f 6979/15/278 6990/15/278 6991/15/278 6978/15/278
f 6977/15/278 6978/15/278 6991/15/278
f 6977/15/278 6991/15/278 6965/15/278 6976/15/278
f 6967/15/278 6975/15/278 6976/15/278 6965/15/278
f 6975/15/278 6967/15/278 6974/15/278
f 6968/15/278 6973/15/278 6974/15/278 6967/15/278
f 6966/15/278 6972/15/278 6973/15/278 6968/15/278
f 6969/15/278 6971/15/278 6972/15/278 6966/15/278
f 6970/15/278 6971/15/278 6969/15/278
f 7016/15/279 7043/15/279 7044/15/279 7017/15/279
f 6997/15/279 6998/15/279 6996/15/279
f 6996/15/279 6998/15/279 6999/15/279 6993/15/279
f 6993/15/279 6999/15/279 7000/15/279 6995/15/279
f 6995/15/279 7000/15/279 7001/15/279 6994/15/279
f 7001/15/279 7002/15/279 6994/15/279
f 6994/15/279 7002/15/279 7003/15/279 6992/15/279
f 7004/15/279 7018/15/279 6992/15/279 7003/15/279
f 7004/15/279 7005/15/279 7018/15/279
f 7006/15/279 7017/15/279 7018/15/279 7005/15/279
f 7006/15/279 7007/15/279 7017/15/279
f 7007/15/279 7008/15/279 7017/15/279
f 7009/15/279 7010/15/279 7008/15/279
f 7010/15/279 7011/15/279 7008/15/279
f 7011/15/279 7012/15/279 7008/15/279
f 7008/15/279 7012/15/279 7017/15/279
f 7012/15/463 7013/15/463 7017/15/463
f 7013/15/462 7014/15/462 7017/15/462
f 7015/15/279 7016/15/279 7017/15/279 7014/15/279
f 7043/15/279 7042/15/279 7044/15/279
f 7041/15/279 7044/15/279 7042/15/279
f 7040/15/279 7044/15/279 7041/15/279
f 7039/15/279 7044/15/279 7040/15/279
f 7036/15/279 7035/15/279 7037/15/279
f 7037/15/279 7035/15/279 7038/15/279
f 7038/15/279 7035/15/279 7039/15/279
f 7044/15/279 7039/15/279 7035/15/279
f 7035/15/279 7034/15/279 7044/15/279
f 7033/15/279 7044/15/279 7034/15/279
f 7033/15/279 7032/15/279 7045/15/279 7044/15/279
f 7031/15/279 7045/15/279 7032/15/279
f 7031/15/279 7030/15/279 7019/15/279 7045/15/279
f 7021/15/279 7019/15/279 7030/15/279 7029/15/279
f 7029/15/279 7028/15/279 7021/15/279
f 7022/15/279 7021/15/279 7028/15/279 7027/15/279
f 7020/15/279 7022/15/279 7027/15/279 7026/15/279
f 7023/15/279 7020/15/279 7026/15/279 7025/15/279
f 7024/15/279 7023/15/279 7025/15/279
f 6971/15/396 6970/15/396 7024/15/396 7025/15/396
f 6944/15/352 6945/15/352 6999/15/352 6998/15/352
f 6972/15/351 6971/15/351 7025/15/351 7026/15/351
f 6945/15/354 6946/15/354 7000/15/354 6999/15/354
f 6973/15/353 6972/15/353 7026/15/353 7027/15/353
f 6946/15/356 6947/15/356 7001/15/356 7000/15/356
f 6974/15/355 6973/15/355 7027/15/355 7028/15/355
f 6947/15/358 6948/15/358 7002/15/358 7001/15/358
f 6975/15/357 6974/15/357 7028/15/357 7029/15/357
f 6948/15/360 6949/15/360 7003/15/360 7002/15/360
f 6976/15/359 6975/15/359 7029/15/359 7030/15/359
f 6949/15/362 6950/15/362 7004/15/362 7003/15/362
f 6977/15/361 6976/15/361 7030/15/361 7031/15/361
f 6950/15/364 6951/15/364 7005/15/364 7004/15/364
f 6978/15/467 6977/15/467 7031/15/467 7032/15/467
f 6951/15/366 6952/15/366 7006/15/366 7005/15/366
f 6979/15/365 6978/15/365 7032/15/365 7033/15/365
f 6952/15/601 6953/15/601 7007/15/601 7006/15/601
f 6980/15/367 6979/15/367 7033/15/367 7034/15/367
f 6953/15/370 6954/15/370 7008/15/370 7007/15/370
f 6981/15/369 6980/15/369 7034/15/369 7035/15/369
f 6954/15/372 6955/15/372 7009/15/372 7008/15/372
f 6982/15/371 6981/15/371 7035/15/371 7036/15/371
f 6955/15/374 6956/15/374 7010/15/374 7009/15/374
f 6983/15/373 6982/15/373 7036/15/373 7037/15/373
f 6956/15/376 6957/15/376 7011/15/376 7010/15/376
f 6984/15/375 6983/15/375 7037/15/375 7038/15/375
f 6957/15/515 6958/15/515 7012/15/515 7011/15/515
f 6985/15/400 6984/15/400 7038/15/400 7039/15/400
f 6958/15/380 6959/15/380 7013/15/380 7012/15/380
f 6986/15/379 6985/15/379 7039/15/379 7040/15/379
f 6959/15/382 6960/15/382 7014/15/382 7013/15/382
f 6987/15/381 6986/15/381 7040/15/381 7041/15/381
f 6960/15/476 6961/15/476 7015/15/476 7014/15/476
f 6988/15/456 6987/15/456 7041/15/456 7042/15/456
f 6961/15/478 6962/15/478 7016/15/478 7015/15/478
f 6989/15/477 6988/15/477 7042/15/477 7043/15/477
f 6991/15/278 6990/15/278 7048/15/278 7049/15/278
f 6990/15/278 6963/15/278 7046/15/278 7048/15/278
f 6964/15/274 6938/15/274 6992/15/274 7018/15/274
f 6938/15/274 6940/15/274 6994/15/274 6992/15/274
f 6965/15/275 6991/15/275 7045/15/275 7019/15/275
f 6967/15/275 6965/15/275 7019/15/275 7021/15/275
f 6939/15/389 6942/15/389 6996/15/389 6993/15/389
f 6964/15/398 7018/15/398 7051/15/398 7047/15/398
f 6969/15/387 6966/15/387 7020/15/387 7023/15/387
f 6941/15/391 6939/15/391 6993/15/391 6995/15/391
f 6962/15/281 6989/15/281 7043/15/281 7016/15/281
f 6966/15/390 6968/15/390 7022/15/390 7020/15/390
f 6940/15/393 6941/15/393 6995/15/393 6994/15/393
f 6968/15/392 6967/15/392 7021/15/392 7022/15/392
f 6942/15/395 6943/15/395 6997/15/395 6996/15/395
f 6970/15/394 6969/15/394 7023/15/394 7024/15/394
f 6943/15/350 6944/15/350 6998/15/350 6997/15/350
f 7046/15/280 7047/15/280 7051/15/280 7050/15/280
f 7049/15/280 7048/15/280 7052/15/280 7053/15/280
f 7048/15/280 7046/15/280 7050/15/280 7052/15/280
f 7018/15/468 7017/15/468 7050/15/468 7051/15/468
f 7045/15/388 6991/15/388 7049/15/388 7053/15/388
f 7017/15/468 7044/15/468 7052/15/468 7050/15/468
f 7044/15/468 7045/15/468 7053/15/468 7052/15/468
f 6963/15/278 6964/15/278 7047/15/278 7046/15/278
f 7061/15/278 7067/15/278 7064/15/278 7058/15/278
f 7059/15/278 7062/15/278 7060/15/278 7066/15/278 7077/15/278 7076/15/278 7065/15/278
f 7070/15/278 7071/15/278 7063/15/278 7057/15/278
f 7057/15/278 7063/15/278 7067/15/278 7061/15/278
f 7058/15/278 7064/15/278 7069/15/278 7068/15/278
f 7075/15/278 7074/15/278 7114/15/278 7113/15/278 7076/15/278 7077/15/278 7116/15/278 7115/15/278
f 7072/15/278 7069/15/278 7075/15/278
f 7071/15/278 7073/15/278 7074/15/278
f 7074/15/278 7075/15/278 7069/15/278 7071/15/278
f 7068/15/278 7069/15/278 7072/15/278 7118/15/278 7117/15/278 7066/15/278 7060/15/278
f 7059/15/278 7065/15/278 7111/15/278 7112/15/278 7073/15/278 7071/15/278 7070/15/278
f 7061/15/480 7057/15/480 7080/15/480 7078/15/480
f 7058/15/479 7061/15/479 7078/15/479 7079/15/479
f 7084/15/279 7085/15/279 7095/15/279 7094/15/279
f 7089/15/279 7092/15/279 7100/15/279 7099/15/279 7098/15/279 7091/15/279 7088/15/279
f 7085/15/605 7109/15/605 7146/15/605 7143/15/605
f 7081/15/606 7082/15/606 7093/15/606 7106/15/606
f 7086/15/279 7087/15/279 7097/15/279 7096/15/279
f 7087/15/279 7084/15/279 7094/15/279 7097/15/279
f 7085/15/279 7090/15/279 7101/15/279 7095/15/279
f 7105/15/279 7099/15/279 7100/15/279 7104/15/279
f 7103/15/279 7105/15/279 7101/15/279
f 7096/15/279 7104/15/279 7102/15/279
f 7104/15/279 7096/15/279 7101/15/279 7105/15/279
f 7090/15/279 7091/15/279 7098/15/279 7103/15/279 7101/15/279
f 7089/15/279 7086/15/279 7096/15/279 7102/15/279 7092/15/279
f 7107/15/279 7106/15/279 7108/15/279 7110/15/279
f 7106/15/279 7093/15/279 7109/15/279 7108/15/279
f 7083/15/607 7081/15/607 7106/15/607 7107/15/607
f 7110/15/608 7087/15/608 7138/15/608 7140/15/608
f 7084/15/480 7087/15/480 7110/15/480 7108/15/480
f 7085/15/479 7084/15/479 7108/15/479 7109/15/479
f 7068/15/609 7060/15/609 7091/15/609 7090/15/609
f 7063/15/488 7071/15/488 7096/15/488 7097/15/488
f 7058/15/488 7068/15/488 7090/15/488 7085/15/488
f 7077/15/610 7066/15/610 7098/15/610 7099/15/610
f 7076/15/486 7113/15/486 7114/15/486 7074/15/486 7104/15/486 7100/15/486
f 7069/15/486 7064/15/486 7095/15/486 7101/15/486
f 7066/15/486 7117/15/486 7118/15/486 7072/15/486 7103/15/486 7098/15/486
f 7056/15/611 7055/15/611 7082/15/611 7081/15/611
f 7067/15/612 7063/15/612 7097/15/612 7094/15/612
f 7075/15/488 7115/15/488 7116/15/488 7077/15/488 7099/15/488 7105/15/488
f 7073/15/488 7112/15/488 7111/15/488 7065/15/488 7092/15/488 7102/15/488
f 7054/15/613 7056/15/613 7081/15/613 7083/15/613
f 7065/15/614 7076/15/614 7100/15/614 7092/15/614
f 7082/15/637 7055/15/637 7142/15/637 7144/15/637
f 7059/15/616 7070/15/616 7086/15/616 7089/15/616
f 7072/15/617 7075/15/617 7105/15/617 7103/15/617
f 7087/15/635 7057/15/635 7136/15/635 7138/15/635
f 7070/15/486 7057/15/486 7087/15/486 7086/15/486
f 7074/15/617 7073/15/617 7102/15/617 7104/15/617
f 7071/15/610 7069/16/610 7101/17/610 7096/18/610
f 7064/15/619 7067/15/619 7094/15/619 7095/15/619
f 7112/15/278 7119/15/278 7120/15/278 7114/15/278
f 7118/15/278 7115/15/278 7121/15/278 7122/15/278
f 7124/15/274 7126/15/274 7130/15/274 7128/15/274
f 7118/15/278 7122/15/278 7126/15/278 7124/15/278
f 7115/15/278 7118/15/278 7124/15/278 7123/15/278
f 7121/15/278 7115/15/278 7123/15/278 7125/15/278
f 7122/15/278 7121/15/278 7125/15/278 7126/15/278
f 7128/15/279 7130/15/279 7129/15/279 7127/15/279
f 7123/15/280 7124/15/280 7128/15/280 7127/15/280
f 7125/15/275 7123/15/275 7127/15/275 7129/15/275
f 7126/15/281 7125/15/281 7129/15/281 7130/15/281
f 7131/15/279 7132/15/279 7134/15/279 7133/15/279
f 7112/15/620 7114/15/620 7132/15/620 7131/15/620
f 7119/15/275 7112/15/275 7131/15/275 7133/15/275
f 7120/15/621 7119/15/621 7133/15/621 7134/15/621
f 7114/15/274 7120/15/274 7134/15/274 7132/15/274
f 7138/15/622 7137/15/622 7139/15/622 7140/15/622
f 7136/15/623 7135/15/623 7137/15/623 7138/15/623
f 7057/15/624 7054/15/624 7135/15/624 7136/15/624
f 7054/15/638 7083/15/638 7137/15/638 7135/15/638
f 7083/15/626 7107/15/626 7139/15/626 7137/15/626
f 7107/15/627 7110/15/627 7140/15/627 7139/15/627
f 7144/15/628 7143/15/628 7146/15/628 7145/15/628
f 7142/15/629 7141/15/629 7143/15/629 7144/15/629
f 7109/15/630 7093/15/630 7145/15/630 7146/15/630
f 7055/15/631 7058/15/631 7141/15/631 7142/15/631
f 7058/15/639 7085/15/639 7143/15/639 7141/15/639
f 7093/15/633 7082/15/633 7144/15/633 7145/15/633
f 7056/15/278 7061/15/278 7058/15/278 7055/15/278
f 7054/15/278 7057/15/278 7061/15/278 7056/15/278
f 7147/15/278 7153/15/278 7157/15/278 7151/15/278
f 7148/15/278 7154/15/278 7156/15/278 7150/15/278
f 7149/15/278 7155/15/278 7153/15/278 7147/15/278
f 7150/15/278 7156/15/278 7158/15/278 7152/15/278
f 7152/15/278 7158/15/278 7155/15/278 7149/15/278
f 7151/15/278 7157/15/278 7154/15/278 7148/15/278
f 7154/15/278 7160/15/278 7162/15/278 7156/15/278
f 7155/15/278 7161/15/278 7159/15/278 7153/15/278
f 7156/15/278 7162/15/278 7164/15/278 7158/15/278
f 7158/15/278 7164/15/278 7161/15/278 7155/15/278
f 7157/15/278 7163/15/278 7160/15/278 7154/15/278
f 7153/15/278 7159/15/278 7163/15/278 7157/15/278
f 7161/15/278 7164/15/278 7162/15/278 7160/15/278 7163/15/278 7159/15/278
f 7165/15/279 7169/15/279 7175/15/279 7171/15/279
f 7166/15/279 7168/15/279 7174/15/279 7172/15/279
f 7167/15/279 7165/15/279 7171/15/279 7173/15/279
f 7168/15/279 7170/15/279 7176/15/279 7174/15/279
f 7170/15/279 7167/15/279 7173/15/279 7176/15/279
f 7169/15/279 7166/15/279 7172/15/279 7175/15/279
f 7182/15/279 7181/15/279 7180/15/279 7179/15/279 7178/15/279 7177/15/279
f 7176/15/640 7173/15/640 7183/15/640 7188/15/640
f 7174/15/641 7176/15/641 7188/15/641 7187/15/641
f 7173/15/275 7171/15/275 7184/15/275 7183/15/275
f 7172/15/274 7174/15/274 7187/15/274 7186/15/274
f 7171/15/280 7175/15/280 7185/15/280 7184/15/280
f 7175/15/280 7172/15/280 7186/15/280 7185/15/280
f 7147/15/281 7151/15/281 7169/15/281 7165/15/281
f 7148/15/275 7150/15/275 7168/15/275 7166/15/275
f 7149/15/274 7147/15/274 7165/15/274 7167/15/274
f 7150/15/642 7152/15/642 7170/15/642 7168/15/642
f 7152/15/643 7149/15/643 7167/15/643 7170/15/643
f 7151/15/281 7148/15/281 7166/15/281 7169/15/281
f 7186/15/279 7187/15/279 7193/15/279 7192/15/279
f 7183/15/279 7184/15/279 7190/15/279 7189/15/279
f 7187/15/279 7188/15/279 7194/15/279 7193/15/279
f 7188/15/279 7183/15/279 7189/15/279 7194/15/279
f 7185/15/279 7186/15/279 7192/15/279 7191/15/279
f 7184/15/279 7185/15/279 7191/15/279 7190/15/279
f 7193/15/641 7194/15/641 7177/15/641 7178/15/641
f 7194/15/640 7189/15/640 7182/15/640 7177/15/640
f 7191/15/280 7192/15/280 7179/15/280 7180/15/280
f 7190/15/280 7191/15/280 7180/15/280 7181/15/280
f 7192/15/274 7193/15/274 7178/15/274 7179/15/274
f 7189/15/275 7190/15/275 7181/15/275 7182/15/275
f 7219/15/278 7220/15/278 7247/15/278 7246/15/278
f 7200/15/278 7199/15/278 7201/15/278
f 7199/15/278 7196/15/278 7202/15/278 7201/15/278
f 7196/15/278 7198/15/278 7203/15/278 7202/15/278
f 7198/15/278 7197/15/278 7204/15/278 7203/15/278
f 7204/15/278 7197/15/278 7205/15/278
f 7197/15/278 7195/15/278 7206/15/278 7205/15/278
f 7207/15/278 7206/15/278 7195/15/278 7221/15/278
f 7207/15/278 7221/15/278 7208/15/278
f 7209/15/278 7208/15/278 7221/15/278 7220/15/278
f 7209/15/278 7220/15/278 7210/15/278
f 7210/15/278 7220/15/278 7211/15/278
f 7212/15/278 7211/15/278 7213/15/278
f 7213/15/278 7211/15/278 7214/15/278
f 7214/15/278 7211/15/278 7215/15/278
f 7211/15/278 7220/15/278 7215/15/278
f 7215/15/278 7220/15/278 7216/15/278
f 7216/15/278 7220/15/278 7217/15/278
f 7218/15/278 7217/15/278 7220/15/278 7219/15/278
f 7246/15/278 7247/15/278 7245/15/278
f 7244/15/278 7245/15/278 7247/15/278
f 7243/15/278 7244/15/278 7247/15/278
f 7242/15/278 7243/15/278 7247/15/278
f 7239/15/278 7240/15/278 7238/15/278
f 7240/15/278 7241/15/278 7238/15/278
f 7241/15/278 7242/15/278 7238/15/278
f 7247/15/278 7238/15/278 7242/15/278
f 7238/15/278 7247/15/278 7237/15/278
f 7236/15/278 7237/15/278 7247/15/278
f 7236/15/278 7247/15/278 7248/15/278 7235/15/278
f 7234/15/278 7235/15/278 7248/15/278
f 7234/15/278 7248/15/278 7222/15/278 7233/15/278
f 7224/15/278 7232/15/278 7233/15/278 7222/15/278
f 7232/15/278 7224/15/278 7231/15/278
f 7225/15/278 7230/15/278 7231/15/278 7224/15/278
f 7223/15/278 7229/15/278 7230/15/278 7225/15/278
f 7226/15/278 7228/15/278 7229/15/278 7223/15/278
f 7227/15/278 7228/15/278 7226/15/278
f 7273/15/279 7300/15/279 7301/15/279 7274/15/279
f 7254/15/279 7255/15/279 7253/15/279
f 7253/15/279 7255/15/279 7256/15/279 7250/15/279
f 7250/15/279 7256/15/279 7257/15/279 7252/15/279
f 7252/15/279 7257/15/279 7258/15/279 7251/15/279
f 7258/15/279 7259/15/279 7251/15/279
f 7251/15/279 7259/15/279 7260/15/279 7249/15/279
f 7261/15/279 7275/15/279 7249/15/279 7260/15/279
f 7261/15/279 7262/15/279 7275/15/279
f 7263/15/279 7274/15/279 7275/15/279 7262/15/279
f 7263/15/279 7264/15/279 7274/15/279
f 7264/15/279 7265/15/279 7274/15/279
f 7266/15/279 7267/15/279 7265/15/279
f 7267/15/279 7268/15/279 7265/15/279
f 7268/15/279 7269/15/279 7265/15/279
f 7265/15/279 7269/15/279 7274/15/279
f 7269/15/279 7270/15/279 7274/15/279
f 7270/15/279 7271/15/279 7274/15/279
f 7272/15/279 7273/15/279 7274/15/279 7271/15/279
f 7300/15/279 7299/15/279 7301/15/279
f 7298/15/279 7301/15/279 7299/15/279
f 7297/15/279 7301/15/279 7298/15/279
f 7296/15/279 7301/15/279 7297/15/279
f 7293/15/279 7292/15/279 7294/15/279
f 7294/15/279 7292/15/279 7295/15/279
f 7295/15/279 7292/15/279 7296/15/279
f 7301/15/279 7296/15/279 7292/15/279
f 7292/15/279 7291/15/279 7301/15/279
f 7290/15/279 7301/15/279 7291/15/279
f 7290/15/279 7289/15/279 7302/15/279 7301/15/279
f 7288/15/279 7302/15/279 7289/15/279
f 7288/15/279 7287/15/279 7276/15/279 7302/15/279
f 7278/15/279 7276/15/279 7287/15/279 7286/15/279
f 7286/15/279 7285/15/279 7278/15/279
f 7279/15/279 7278/15/279 7285/15/279 7284/15/279
f 7277/15/279 7279/15/279 7284/15/279 7283/15/279
f 7280/15/279 7277/15/279 7283/15/279 7282/15/279
f 7281/15/279 7280/15/279 7282/15/279
f 7228/15/396 7227/15/396 7281/15/396 7282/15/396
f 7201/15/352 7202/15/352 7256/15/352 7255/15/352
f 7229/15/351 7228/15/351 7282/15/351 7283/15/351
f 7202/15/354 7203/15/354 7257/15/354 7256/15/354
f 7230/15/353 7229/15/353 7283/15/353 7284/15/353
f 7203/15/356 7204/15/356 7258/15/356 7257/15/356
f 7231/15/355 7230/15/355 7284/15/355 7285/15/355
f 7204/15/358 7205/15/358 7259/15/358 7258/15/358
f 7232/15/357 7231/15/357 7285/15/357 7286/15/357
f 7205/15/360 7206/15/360 7260/15/360 7259/15/360
f 7233/15/359 7232/15/359 7286/15/359 7287/15/359
f 7206/15/362 7207/15/362 7261/15/362 7260/15/362
f 7234/15/361 7233/15/361 7287/15/361 7288/15/361
f 7207/15/364 7208/15/364 7262/15/364 7261/15/364
f 7235/15/467 7234/15/467 7288/15/467 7289/15/467
f 7208/15/366 7209/15/366 7263/15/366 7262/15/366
f 7236/15/365 7235/15/365 7289/15/365 7290/15/365
f 7209/15/368 7210/15/368 7264/15/368 7263/15/368
f 7237/15/367 7236/15/367 7290/15/367 7291/15/367
f 7210/15/370 7211/15/370 7265/15/370 7264/15/370
f 7238/15/369 7237/15/369 7291/15/369 7292/15/369
f 7211/15/372 7212/15/372 7266/15/372 7265/15/372
f 7239/15/371 7238/15/371 7292/15/371 7293/15/371
f 7212/15/374 7213/15/374 7267/15/374 7266/15/374
f 7240/15/373 7239/15/373 7293/15/373 7294/15/373
f 7213/15/376 7214/15/376 7268/15/376 7267/15/376
f 7241/15/375 7240/15/375 7294/15/375 7295/15/375
f 7214/15/378 7215/15/378 7269/15/378 7268/15/378
f 7242/15/400 7241/15/400 7295/15/400 7296/15/400
f 7215/15/380 7216/15/380 7270/15/380 7269/15/380
f 7243/15/379 7242/15/379 7296/15/379 7297/15/379
f 7216/15/382 7217/15/382 7271/15/382 7270/15/382
f 7244/15/381 7243/15/381 7297/15/381 7298/15/381
f 7217/15/384 7218/15/384 7272/15/384 7271/15/384
f 7245/15/456 7244/15/456 7298/15/456 7299/15/456
f 7218/15/478 7219/15/478 7273/15/478 7272/15/478
f 7246/15/477 7245/15/477 7299/15/477 7300/15/477
f 7248/15/278 7247/15/278 7305/15/278 7306/15/278
f 7247/15/278 7220/15/278 7303/15/278 7305/15/278
f 7221/15/274 7195/15/274 7249/15/274 7275/15/274
f 7195/15/274 7197/15/274 7251/15/274 7249/15/274
f 7222/15/275 7248/15/275 7302/15/275 7276/15/275
f 7224/15/275 7222/15/275 7276/15/275 7278/15/275
f 7196/15/389 7199/15/389 7253/15/389 7250/15/389
f 7221/15/398 7275/15/398 7308/15/398 7304/15/398
f 7226/15/387 7223/15/387 7277/15/387 7280/15/387
f 7198/15/391 7196/15/391 7250/15/391 7252/15/391
f 7219/15/281 7246/15/281 7300/15/281 7273/15/281
f 7223/15/390 7225/15/390 7279/15/390 7277/15/390
f 7197/15/393 7198/15/393 7252/15/393 7251/15/393
f 7225/15/392 7224/15/392 7278/15/392 7279/15/392
f 7199/15/395 7200/15/395 7254/15/395 7253/15/395
f 7227/15/394 7226/15/394 7280/15/394 7281/15/394
f 7200/15/350 7201/15/350 7255/15/350 7254/15/350
f 7303/15/280 7304/15/280 7308/15/280 7307/15/280
f 7306/15/280 7305/15/280 7309/15/280 7310/15/280
f 7305/15/280 7303/15/280 7307/15/280 7309/15/280
f 7275/15/468 7274/15/468 7307/15/468 7308/15/468
f 7302/15/388 7248/15/388 7306/15/388 7310/15/388
f 7274/15/468 7301/15/468 7309/15/468 7307/15/468
f 7301/15/468 7302/15/468 7310/15/468 7309/15/468
f 7220/15/278 7221/15/278 7304/15/278 7303/15/278
f 7318/15/278 7324/15/278 7321/15/278 7315/15/278
f 7316/15/278 7319/15/278 7317/15/278 7323/15/278 7334/15/278 7333/15/278 7322/15/278
f 7327/15/278 7328/15/278 7320/15/278 7314/15/278
f 7314/15/278 7320/15/278 7324/15/278 7318/15/278
f 7315/15/278 7321/15/278 7326/15/278 7325/15/278
f 7332/15/278 7331/15/278 7371/15/278 7370/15/278 7333/15/278 7334/15/278 7373/15/278 7372/15/278
f 7329/15/278 7326/15/278 7332/15/278
f 7328/15/278 7330/15/278 7331/15/278
f 7331/15/278 7332/15/278 7326/15/278 7328/15/278
f 7325/15/278 7326/15/278 7329/15/278 7375/15/278 7374/15/278 7323/15/278 7317/15/278
f 7316/15/278 7322/15/278 7368/15/278 7369/15/278 7330/15/278 7328/15/278 7327/15/278
f 7318/15/480 7314/15/480 7337/15/480 7335/15/480
f 7315/15/479 7318/15/479 7335/15/479 7336/15/479
f 7341/15/279 7342/15/279 7352/15/279 7351/15/279
f 7346/15/279 7349/15/279 7357/15/279 7356/15/279 7355/15/279 7348/15/279 7345/15/279
f 7342/15/605 7366/15/605 7403/15/605 7400/15/605
f 7338/15/606 7339/15/606 7350/15/606 7363/15/606
f 7343/15/279 7344/15/279 7354/15/279 7353/15/279
f 7344/15/279 7341/15/279 7351/15/279 7354/15/279
f 7342/15/279 7347/15/279 7358/15/279 7352/15/279
f 7362/15/279 7356/15/279 7357/15/279 7361/15/279
f 7360/15/279 7362/15/279 7358/15/279
f 7353/15/279 7361/15/279 7359/15/279
f 7361/15/279 7353/15/279 7358/15/279 7362/15/279
f 7347/15/279 7348/15/279 7355/15/279 7360/15/279 7358/15/279
f 7346/15/279 7343/15/279 7353/15/279 7359/15/279 7349/15/279
f 7364/15/279 7363/15/279 7365/15/279 7367/15/279
f 7363/15/279 7350/15/279 7366/15/279 7365/15/279
f 7340/15/607 7338/15/607 7363/15/607 7364/15/607
f 7367/15/608 7344/15/608 7395/15/608 7397/15/608
f 7341/15/480 7344/15/480 7367/15/480 7365/15/480
f 7342/15/479 7341/15/479 7365/15/479 7366/15/479
f 7325/15/609 7317/15/609 7348/15/609 7347/15/609
f 7320/15/488 7328/15/488 7353/15/488 7354/15/488
f 7315/15/488 7325/15/488 7347/15/488 7342/15/488
f 7334/15/610 7323/15/610 7355/15/610 7356/15/610
f 7333/15/486 7370/15/486 7371/15/486 7331/15/486 7361/15/486 7357/15/486
f 7326/15/486 7321/15/486 7352/15/486 7358/15/486
f 7323/15/486 7374/15/486 7375/15/486 7329/15/486 7360/15/486 7355/15/486
f 7313/15/611 7312/15/611 7339/15/611 7338/15/611
f 7324/15/612 7320/15/612 7354/15/612 7351/15/612
f 7332/15/488 7372/15/488 7373/15/488 7334/15/488 7356/15/488 7362/15/488
f 7330/15/488 7369/15/488 7368/15/488 7322/15/488 7349/15/488 7359/15/488
f 7311/15/613 7313/15/613 7338/15/613 7340/15/613
f 7322/15/614 7333/15/614 7357/15/614 7349/15/614
f 7339/15/644 7312/15/644 7399/15/644 7401/15/644
f 7316/15/616 7327/15/616 7343/15/616 7346/15/616
f 7329/15/617 7332/15/617 7362/15/617 7360/15/617
f 7344/15/618 7314/15/618 7393/15/618 7395/15/618
f 7327/15/486 7314/15/486 7344/15/486 7343/15/486
f 7331/15/617 7330/15/617 7359/15/617 7361/15/617
f 7328/15/610 7326/16/610 7358/17/610 7353/18/610
f 7321/15/619 7324/15/619 7351/15/619 7352/15/619
f 7369/15/278 7376/15/278 7377/15/278 7371/15/278
f 7375/15/278 7372/15/278 7378/15/278 7379/15/278
f 7381/15/274 7383/15/274 7387/15/274 7385/15/274
f 7375/15/278 7379/15/278 7383/15/278 7381/15/278
f 7372/15/278 7375/15/278 7381/15/278 7380/15/278
f 7378/15/278 7372/15/278 7380/15/278 7382/15/278
f 7379/15/278 7378/15/278 7382/15/278 7383/15/278
f 7385/15/279 7387/15/279 7386/15/279 7384/15/279
f 7380/15/280 7381/15/280 7385/15/280 7384/15/280
f 7382/15/275 7380/15/275 7384/15/275 7386/15/275
f 7383/15/281 7382/15/281 7386/15/281 7387/15/281
f 7388/15/279 7389/15/279 7391/15/279 7390/15/279
f 7369/15/620 7371/15/620 7389/15/620 7388/15/620
f 7376/15/275 7369/15/275 7388/15/275 7390/15/275
f 7377/15/621 7376/15/621 7390/15/621 7391/15/621
f 7371/15/274 7377/15/274 7391/15/274 7389/15/274
f 7395/15/622 7394/15/622 7396/15/622 7397/15/622
f 7393/15/623 7392/15/623 7394/15/623 7395/15/623
f 7314/15/624 7311/15/624 7392/15/624 7393/15/624
f 7311/15/625 7340/15/625 7394/15/625 7392/15/625
f 7340/15/626 7364/15/626 7396/15/626 7394/15/626
f 7364/15/627 7367/15/627 7397/15/627 7396/15/627
f 7401/15/628 7400/15/628 7403/15/628 7402/15/628
f 7399/15/629 7398/15/629 7400/15/629 7401/15/629
f 7366/15/630 7350/15/630 7402/15/630 7403/15/630
f 7312/15/631 7315/15/631 7398/15/631 7399/15/631
f 7315/15/636 7342/15/636 7400/15/636 7398/15/636
f 7350/15/633 7339/15/633 7401/15/633 7402/15/633
f 7313/15/278 7318/15/278 7315/15/278 7312/15/278
f 7311/15/278 7314/15/278 7318/15/278 7313/15/278
f 7428/15/275 7429/15/275 7456/15/275 7455/15/275
f 7409/15/284 7408/15/284 7410/15/284
f 7408/15/275 7405/15/275 7411/15/275 7410/15/275
f 7405/15/275 7407/15/275 7412/15/275 7411/15/275
f 7407/15/275 7406/15/275 7413/15/275 7412/15/275
f 7413/15/275 7406/15/275 7414/15/275
f 7406/15/275 7404/15/275 7415/15/275 7414/15/275
f 7416/15/275 7415/15/275 7404/15/275 7430/15/275
f 7416/15/275 7430/15/275 7417/15/275
f 7418/15/275 7417/15/275 7430/15/275 7429/15/275
f 7418/15/275 7429/15/275 7419/15/275
f 7419/15/275 7429/15/275 7420/15/275
f 7421/15/275 7420/15/275 7422/15/275
f 7422/15/284 7420/15/284 7423/15/284
f 7423/15/275 7420/15/275 7424/15/275
f 7420/15/275 7429/15/275 7424/15/275
f 7424/15/284 7429/15/284 7425/15/284
f 7425/15/275 7429/15/275 7426/15/275
f 7427/15/275 7426/15/275 7429/15/275 7428/15/275
f 7455/15/275 7456/15/275 7454/15/275
f 7453/15/275 7454/15/275 7456/15/275
f 7452/15/275 7453/15/275 7456/15/275
f 7451/15/275 7452/15/275 7456/15/275
f 7448/15/645 7449/15/645 7447/15/645
f 7449/15/275 7450/15/275 7447/15/275
f 7450/15/285 7451/15/285 7447/15/285
f 7456/15/275 7447/15/275 7451/15/275
f 7447/15/275 7456/15/275 7446/15/275
f 7445/15/275 7446/15/275 7456/15/275
f 7445/15/275 7456/15/275 7457/15/275 7444/15/275
f 7443/15/275 7444/15/275 7457/15/275
f 7443/15/275 7457/15/275 7431/15/275 7442/15/275
f 7433/15/275 7441/15/275 7442/15/275 7431/15/275
f 7441/15/275 7433/15/275 7440/15/275
f 7434/15/275 7439/15/275 7440/15/275 7433/15/275
f 7432/15/275 7438/15/275 7439/15/275 7434/15/275
f 7435/15/275 7437/15/275 7438/15/275 7432/15/275
f 7436/15/275 7437/15/275 7435/15/275
f 7482/15/274 7509/15/274 7510/15/274 7483/15/274
f 7463/15/274 7464/15/274 7462/15/274
f 7462/15/274 7464/15/274 7465/15/274 7459/15/274
f 7459/15/293 7465/15/293 7466/15/293 7461/15/293
f 7461/15/274 7466/15/274 7467/15/274 7460/15/274
f 7467/15/274 7468/15/274 7460/15/274
f 7460/15/274 7468/15/274 7469/15/274 7458/15/274
f 7470/15/274 7484/15/274 7458/15/274 7469/15/274
f 7470/15/274 7471/15/274 7484/15/274
f 7472/15/274 7483/15/274 7484/15/274 7471/15/274
f 7472/15/274 7473/15/274 7483/15/274
f 7473/15/274 7474/15/274 7483/15/274
f 7475/15/292 7476/15/292 7474/15/292
f 7476/15/293 7477/15/293 7474/15/293
f 7477/15/274 7478/15/274 7474/15/274
f 7474/15/274 7478/15/274 7483/15/274
f 7478/15/295 7479/15/295 7483/15/295
f 7479/15/293 7480/15/293 7483/15/293
f 7481/15/274 7482/15/274 7483/15/274 7480/15/274
f 7509/15/274 7508/15/274 7510/15/274
f 7507/15/274 7510/15/274 7508/15/274
f 7506/15/293 7510/15/293 7507/15/293
f 7505/15/274 7510/15/274 7506/15/274
f 7502/15/274 7501/15/274 7503/15/274
f 7503/15/274 7501/15/274 7504/15/274
f 7504/15/295 7501/15/295 7505/15/295
f 7510/15/274 7505/15/274 7501/15/274
f 7501/15/274 7500/15/274 7510/15/274
f 7499/15/274 7510/15/274 7500/15/274
f 7499/15/274 7498/15/274 7511/15/274 7510/15/274
f 7497/15/274 7511/15/274 7498/15/274
f 7497/15/274 7496/15/274 7485/15/274 7511/15/274
f 7487/15/274 7485/15/274 7496/15/274 7495/15/274
f 7495/15/274 7494/15/274 7487/15/274
f 7488/15/274 7487/15/274 7494/15/274 7493/15/274
f 7486/15/274 7488/15/274 7493/15/274 7492/15/274
f 7489/15/274 7486/15/274 7492/15/274 7491/15/274
f 7490/15/274 7489/15/274 7491/15/274
f 7437/15/343 7436/15/343 7490/15/343 7491/15/343
f 7410/15/299 7411/15/299 7465/15/299 7464/15/299
f 7438/15/298 7437/15/298 7491/15/298 7492/15/298
f 7411/15/301 7412/15/301 7466/15/301 7465/15/301
f 7439/15/300 7438/15/300 7492/15/300 7493/15/300
f 7412/15/303 7413/15/303 7467/15/303 7466/15/303
f 7440/15/302 7439/15/302 7493/15/302 7494/15/302
f 7413/15/305 7414/15/305 7468/15/305 7467/15/305
f 7441/15/304 7440/15/304 7494/15/304 7495/15/304
f 7414/15/646 7415/15/646 7469/15/646 7468/15/646
f 7442/15/306 7441/15/306 7495/15/306 7496/15/306
f 7415/15/309 7416/15/309 7470/15/309 7469/15/309
f 7443/15/308 7442/15/308 7496/15/308 7497/15/308
f 7416/15/552 7417/15/552 7471/15/552 7470/15/552
f 7444/15/551 7443/15/551 7497/15/551 7498/15/551
f 7417/15/313 7418/15/313 7472/15/313 7471/15/313
f 7445/15/312 7444/15/312 7498/15/312 7499/15/312
f 7418/15/554 7419/15/554 7473/15/554 7472/15/554
f 7446/15/553 7445/15/553 7499/15/553 7500/15/553
f 7419/15/317 7420/15/317 7474/15/317 7473/15/317
f 7447/15/316 7446/15/316 7500/15/316 7501/15/316
f 7420/15/319 7421/15/319 7475/15/319 7474/15/319
f 7448/15/318 7447/15/318 7501/15/318 7502/15/318
f 7421/15/321 7422/15/321 7476/15/321 7475/15/321
f 7449/15/320 7448/15/320 7502/15/320 7503/15/320
f 7422/15/323 7423/15/323 7477/15/323 7476/15/323
f 7450/15/593 7449/15/593 7503/15/593 7504/15/593
f 7423/15/647 7424/15/647 7478/15/647 7477/15/647
f 7451/15/324 7450/15/324 7504/15/324 7505/15/324
f 7424/15/327 7425/15/327 7479/15/327 7478/15/327
f 7452/15/326 7451/15/326 7505/15/326 7506/15/326
f 7425/15/329 7426/15/329 7480/15/329 7479/15/329
f 7453/15/328 7452/15/328 7506/15/328 7507/15/328
f 7426/15/331 7427/15/331 7481/15/331 7480/15/331
f 7454/15/558 7453/15/558 7507/15/558 7508/15/558
f 7427/15/595 7428/15/595 7482/15/595 7481/15/595
f 7455/15/594 7454/15/594 7508/15/594 7509/15/594
f 7457/15/275 7456/15/275 7514/15/275 7515/15/275
f 7456/15/275 7429/15/275 7512/15/275 7514/15/275
f 7430/15/278 7404/15/278 7458/15/278 7484/15/278
f 7404/15/278 7406/15/278 7460/15/278 7458/15/278
f 7431/15/279 7457/15/279 7511/15/279 7485/15/279
f 7433/15/279 7431/15/279 7485/15/279 7487/15/279
f 7405/15/336 7408/15/336 7462/15/336 7459/15/336
f 7430/15/345 7484/15/345 7517/15/345 7513/15/345
f 7435/15/334 7432/15/334 7486/15/334 7489/15/334
f 7407/15/338 7405/15/338 7459/15/338 7461/15/338
f 7428/15/281 7455/15/281 7509/15/281 7482/15/281
f 7432/15/337 7434/15/337 7488/15/337 7486/15/337
f 7406/15/340 7407/15/340 7461/15/340 7460/15/340
f 7434/15/339 7433/15/339 7487/15/339 7488/15/339
f 7408/15/342 7409/15/342 7463/15/342 7462/15/342
f 7436/15/341 7435/15/341 7489/15/341 7490/15/341
f 7409/15/297 7410/15/297 7464/15/297 7463/15/297
f 7512/15/280 7513/15/280 7517/15/280 7516/15/280
f 7515/15/280 7514/15/280 7518/15/280 7519/15/280
f 7514/15/280 7512/15/280 7516/15/280 7518/15/280
f 7484/15/648 7483/15/648 7516/15/648 7517/15/648
f 7511/15/335 7457/15/335 7515/15/335 7519/15/335
f 7483/15/649 7510/15/649 7518/15/649 7516/15/649
f 7510/15/648 7511/15/648 7519/15/648 7518/15/648
f 7429/15/275 7430/15/275 7513/15/275 7512/15/275
f 7527/15/275 7533/15/275 7530/15/275 7524/15/275
f 7525/15/275 7528/15/275 7526/15/275 7532/15/275 7543/15/275 7542/15/275 7531/15/275
f 7536/15/275 7537/15/275 7529/15/275 7523/15/275
f 7523/15/275 7529/15/275 7533/15/275 7527/15/275
f 7524/15/275 7530/15/275 7535/15/275 7534/15/275
f 7541/15/275 7540/15/275 7580/15/275 7579/15/275 7542/15/275 7543/15/275 7582/15/275 7581/15/275
f 7538/15/275 7535/15/275 7541/15/275
f 7537/15/275 7539/15/275 7540/15/275
f 7540/15/275 7541/15/275 7535/15/275 7537/15/275
f 7534/15/275 7535/15/275 7538/15/275 7584/15/275 7583/15/275 7532/15/275 7526/15/275
f 7525/15/275 7531/15/275 7577/15/275 7578/15/275 7539/15/275 7537/15/275 7536/15/275
f 7527/15/560 7523/15/560 7546/15/560 7544/15/560
f 7524/15/559 7527/15/559 7544/15/559 7545/15/559
f 7550/15/274 7551/15/274 7561/15/274 7560/15/274
f 7555/15/274 7558/15/274 7566/15/274 7565/15/274 7564/15/274 7557/15/274 7554/15/274
f 7551/15/650 7575/15/650 7612/15/650 7609/15/650
f 7547/15/651 7548/15/651 7559/15/651 7572/15/651
f 7552/15/274 7553/15/274 7563/15/274 7562/15/274
f 7553/15/274 7550/15/274 7560/15/274 7563/15/274
f 7551/15/274 7556/15/274 7567/15/274 7561/15/274
f 7571/15/274 7565/15/274 7566/15/274 7570/15/274
f 7569/15/274 7571/15/274 7567/15/274
f 7562/15/274 7570/15/274 7568/15/274
f 7570/15/274 7562/15/274 7567/15/274 7571/15/274
f 7556/15/274 7557/15/274 7564/15/274 7569/15/274 7567/15/274
f 7555/15/274 7552/15/274 7562/15/274 7568/15/274 7558/15/274
f 7573/15/274 7572/15/274 7574/15/274 7576/15/274
f 7572/15/274 7559/15/274 7575/15/274 7574/15/274
f 7549/15/652 7547/15/652 7572/15/652 7573/15/652
f 7576/15/653 7553/15/653 7604/15/653 7606/15/653
f 7550/15/560 7553/15/560 7576/15/560 7574/15/560
f 7551/15/559 7550/15/559 7574/15/559 7575/15/559
f 7534/15/654 7526/15/654 7557/15/654 7556/15/654
f 7529/15/568 7537/15/568 7562/15/568 7563/15/568
f 7524/15/568 7534/15/568 7556/15/568 7551/15/568
f 7543/15/655 7532/15/655 7564/15/655 7565/15/655
f 7542/15/566 7579/15/566 7580/15/566 7540/15/566 7570/15/566 7566/15/566
f 7535/15/566 7530/15/566 7561/15/566 7567/15/566
f 7532/15/566 7583/15/566 7584/15/566 7538/15/566 7569/15/566 7564/15/566
f 7522/15/656 7521/15/656 7548/15/656 7547/15/656
f 7533/15/657 7529/15/657 7563/15/657 7560/15/657
f 7541/15/568 7581/15/568 7582/15/568 7543/15/568 7565/15/568 7571/15/568
f 7539/15/568 7578/15/568 7577/15/568 7531/15/568 7558/15/568 7568/15/568
f 7520/15/658 7522/15/658 7547/15/658 7549/15/658
f 7531/15/659 7542/15/659 7566/15/659 7558/15/659
f 7548/15/660 7521/15/660 7608/15/660 7610/15/660
f 7525/15/661 7536/15/661 7552/15/661 7555/15/661
f 7538/15/662 7541/15/662 7571/15/662 7569/15/662
f 7553/15/663 7523/15/663 7602/15/663 7604/15/663
f 7536/15/566 7523/15/566 7553/15/566 7552/15/566
f 7540/15/662 7539/15/662 7568/15/662 7570/15/662
f 7537/15/655 7535/16/655 7567/17/655 7562/18/655
f 7530/15/664 7533/15/664 7560/15/664 7561/15/664
f 7578/15/275 7585/15/275 7586/15/275 7580/15/275
f 7584/15/275 7581/15/275 7587/15/275 7588/15/275
f 7590/15/278 7592/15/278 7596/15/278 7594/15/278
f 7584/15/278 7588/15/278 7592/15/278 7590/15/278
f 7581/15/278 7584/15/278 7590/15/278 7589/15/278
f 7587/15/278 7581/15/278 7589/15/278 7591/15/278
f 7588/15/278 7587/15/278 7591/15/278 7592/15/278
f 7594/15/274 7596/15/274 7595/15/274 7593/15/274
f 7589/15/280 7590/15/280 7594/15/280 7593/15/280
f 7591/15/279 7589/15/279 7593/15/279 7595/15/279
f 7592/15/281 7591/15/281 7595/15/281 7596/15/281
f 7597/15/274 7598/15/274 7600/15/274 7599/15/274
f 7578/15/665 7580/15/665 7598/15/665 7597/15/665
f 7585/15/279 7578/15/279 7597/15/279 7599/15/279
f 7586/15/666 7585/15/666 7599/15/666 7600/15/666
f 7580/15/278 7586/15/278 7600/15/278 7598/15/278
f 7604/15/667 7603/15/667 7605/15/667 7606/15/667
f 7602/15/668 7601/15/668 7603/15/668 7604/15/668
f 7523/15/669 7520/15/669 7601/15/669 7602/15/669
f 7520/15/670 7549/15/670 7603/15/670 7601/15/670
f 7549/15/671 7573/15/671 7605/15/671 7603/15/671
f 7573/15/672 7576/15/672 7606/15/672 7605/15/672
f 7610/15/673 7609/15/673 7612/15/673 7611/15/673
f 7608/15/674 7607/15/674 7609/15/674 7610/15/674
f 7575/15/675 7559/15/675 7611/15/675 7612/15/675
f 7521/15/676 7524/15/676 7607/15/676 7608/15/676
f 7524/15/677 7551/15/677 7609/15/677 7607/15/677
f 7559/15/678 7548/15/678 7610/15/678 7611/15/678
f 7522/15/275 7527/15/275 7524/15/275 7521/15/275
f 7520/15/275 7523/15/275 7527/15/275 7522/15/275
f 7525/15/281 7555/15/281 7554/15/281 7557/15/281 7526/15/281 7528/15/281
f 7637/15/275 7638/15/275 7665/15/275 7664/15/275
f 7618/15/275 7617/15/275 7619/15/275
f 7617/15/275 7614/15/275 7620/15/275 7619/15/275
f 7614/15/275 7616/15/275 7621/15/275 7620/15/275
f 7616/15/275 7615/15/275 7622/15/275 7621/15/275
f 7622/15/275 7615/15/275 7623/15/275
f 7615/15/275 7613/15/275 7624/15/275 7623/15/275
f 7625/15/275 7624/15/275 7613/15/275 7639/15/275
f 7625/15/275 7639/15/275 7626/15/275
f 7627/15/275 7626/15/275 7639/15/275 7638/15/275
f 7627/15/275 7638/15/275 7628/15/275
f 7628/15/275 7638/15/275 7629/15/275
f 7630/15/275 7629/15/275 7631/15/275
f 7631/15/275 7629/15/275 7632/15/275
f 7632/15/275 7629/15/275 7633/15/275
f 7629/15/275 7638/15/275 7633/15/275
f 7633/15/275 7638/15/275 7634/15/275
f 7634/15/275 7638/15/275 7635/15/275
f 7636/15/275 7635/15/275 7638/15/275 7637/15/275
f 7664/15/275 7665/15/275 7663/15/275
f 7662/15/275 7663/15/275 7665/15/275
f 7661/15/275 7662/15/275 7665/15/275
f 7660/15/275 7661/15/275 7665/15/275
f 7657/15/275 7658/15/275 7656/15/275
f 7658/15/275 7659/15/275 7656/15/275
f 7659/15/275 7660/15/275 7656/15/275
f 7665/15/275 7656/15/275 7660/15/275
f 7656/15/275 7665/15/275 7655/15/275
f 7654/15/275 7655/15/275 7665/15/275
f 7654/15/275 7665/15/275 7666/15/275 7653/15/275
f 7652/15/275 7653/15/275 7666/15/275
f 7652/15/275 7666/15/275 7640/15/275 7651/15/275
f 7642/15/275 7650/15/275 7651/15/275 7640/15/275
f 7650/15/275 7642/15/275 7649/15/275
f 7643/15/275 7648/15/275 7649/15/275 7642/15/275
f 7641/15/284 7647/15/284 7648/15/284 7643/15/284
f 7644/15/275 7646/15/275 7647/15/275 7641/15/275
f 7645/15/275 7646/15/275 7644/15/275
f 7691/15/274 7718/15/274 7719/15/274 7692/15/274
f 7672/15/274 7673/15/274 7671/15/274
f 7671/15/274 7673/15/274 7674/15/274 7668/15/274
f 7668/15/274 7674/15/274 7675/15/274 7670/15/274
f 7670/15/274 7675/15/274 7676/15/274 7669/15/274
f 7676/15/274 7677/15/274 7669/15/274
f 7669/15/274 7677/15/274 7678/15/274 7667/15/274
f 7679/15/274 7693/15/274 7667/15/274 7678/15/274
f 7679/15/274 7680/15/274 7693/15/274
f 7681/15/274 7692/15/274 7693/15/274 7680/15/274
f 7681/15/274 7682/15/274 7692/15/274
f 7682/15/274 7683/15/274 7692/15/274
f 7684/15/274 7685/15/274 7683/15/274
f 7685/15/274 7686/15/274 7683/15/274
f 7686/15/274 7687/15/274 7683/15/274
f 7683/15/274 7687/15/274 7692/15/274
f 7687/15/274 7688/15/274 7692/15/274
f 7688/15/274 7689/15/274 7692/15/274
f 7690/15/274 7691/15/274 7692/15/274 7689/15/274
f 7718/15/274 7717/15/274 7719/15/274
f 7716/15/274 7719/15/274 7717/15/274
f 7715/15/274 7719/15/274 7716/15/274
f 7714/15/274 7719/15/274 7715/15/274
f 7711/15/274 7710/15/274 7712/15/274
f 7712/15/274 7710/15/274 7713/15/274
f 7713/15/274 7710/15/274 7714/15/274
f 7719/15/274 7714/15/274 7710/15/274
f 7710/15/274 7709/15/274 7719/15/274
f 7708/15/274 7719/15/274 7709/15/274
f 7708/15/274 7707/15/274 7720/15/274 7719/15/274
f 7706/15/274 7720/15/274 7707/15/274
f 7706/15/274 7705/15/274 7694/15/274 7720/15/274
f 7696/15/274 7694/15/274 7705/15/274 7704/15/274
f 7704/15/274 7703/15/274 7696/15/274
f 7697/15/274 7696/15/274 7703/15/274 7702/15/274
f 7695/15/274 7697/15/274 7702/15/274 7701/15/274
f 7698/15/274 7695/15/274 7701/15/274 7700/15/274
f 7699/15/293 7698/15/293 7700/15/293
f 7646/15/343 7645/15/343 7699/15/343 7700/15/343
f 7619/15/299 7620/15/299 7674/15/299 7673/15/299
f 7647/15/298 7646/15/298 7700/15/298 7701/15/298
f 7620/15/301 7621/15/301 7675/15/301 7674/15/301
f 7648/15/300 7647/15/300 7701/15/300 7702/15/300
f 7621/15/303 7622/15/303 7676/15/303 7675/15/303
f 7649/15/302 7648/15/302 7702/15/302 7703/15/302
f 7622/15/305 7623/15/305 7677/15/305 7676/15/305
f 7650/15/304 7649/15/304 7703/15/304 7704/15/304
f 7623/15/307 7624/15/307 7678/15/307 7677/15/307
f 7651/15/306 7650/15/306 7704/15/306 7705/15/306
f 7624/15/309 7625/15/309 7679/15/309 7678/15/309
f 7652/15/308 7651/15/308 7705/15/308 7706/15/308
f 7625/15/552 7626/15/552 7680/15/552 7679/15/552
f 7653/15/551 7652/15/551 7706/15/551 7707/15/551
f 7626/15/313 7627/15/313 7681/15/313 7680/15/313
f 7654/15/312 7653/15/312 7707/15/312 7708/15/312
f 7627/15/554 7628/15/554 7682/15/554 7681/15/554
f 7655/15/553 7654/15/553 7708/15/553 7709/15/553
f 7628/15/317 7629/15/317 7683/15/317 7682/15/317
f 7656/15/316 7655/15/316 7709/15/316 7710/15/316
f 7629/15/319 7630/15/319 7684/15/319 7683/15/319
f 7657/15/318 7656/15/318 7710/15/318 7711/15/318
f 7630/15/321 7631/15/321 7685/15/321 7684/15/321
f 7658/15/320 7657/15/320 7711/15/320 7712/15/320
f 7631/15/556 7632/15/556 7686/15/556 7685/15/556
f 7659/15/593 7658/15/593 7712/15/593 7713/15/593
f 7632/15/325 7633/15/325 7687/15/325 7686/15/325
f 7660/15/324 7659/15/324 7713/15/324 7714/15/324
f 7633/15/327 7634/15/327 7688/15/327 7687/15/327
f 7661/15/326 7660/15/326 7714/15/326 7715/15/326
f 7634/15/329 7635/15/329 7689/15/329 7688/15/329
f 7662/15/328 7661/15/328 7715/15/328 7716/15/328
f 7635/15/331 7636/15/331 7690/15/331 7689/15/331
f 7663/15/558 7662/15/558 7716/15/558 7717/15/558
f 7636/15/595 7637/15/595 7691/15/595 7690/15/595
f 7664/15/594 7663/15/594 7717/15/594 7718/15/594
f 7666/15/275 7665/15/275 7723/15/275 7724/15/275
f 7665/15/275 7638/15/275 7721/15/275 7723/15/275
f 7639/15/278 7613/15/278 7667/15/278 7693/15/278
f 7613/15/278 7615/15/278 7669/15/278 7667/15/278
f 7640/15/279 7666/15/279 7720/15/279 7694/15/279
f 7642/15/279 7640/15/279 7694/15/279 7696/15/279
f 7614/15/336 7617/15/336 7671/15/336 7668/15/336
f 7639/15/345 7693/15/345 7726/15/345 7722/15/345
f 7644/15/334 7641/15/334 7695/15/334 7698/15/334
f 7616/15/338 7614/15/338 7668/15/338 7670/15/338
f 7637/15/281 7664/15/281 7718/15/281 7691/15/281
f 7641/15/337 7643/15/337 7697/15/337 7695/15/337
f 7615/15/340 7616/15/340 7670/15/340 7669/15/340
f 7643/15/339 7642/15/339 7696/15/339 7697/15/339
f 7617/15/342 7618/15/342 7672/15/342 7671/15/342
f 7645/15/341 7644/15/341 7698/15/341 7699/15/341
f 7618/15/297 7619/15/297 7673/15/297 7672/15/297
f 7721/15/280 7722/15/280 7726/15/280 7725/15/280
f 7724/15/280 7723/15/280 7727/15/280 7728/15/280
f 7723/15/280 7721/15/280 7725/15/280 7727/15/280
f 7693/15/648 7692/15/648 7725/15/648 7726/15/648
f 7720/15/335 7666/15/335 7724/15/335 7728/15/335
f 7692/15/648 7719/15/648 7727/15/648 7725/15/648
f 7719/15/648 7720/15/648 7728/15/648 7727/15/648
f 7638/15/275 7639/15/275 7722/15/275 7721/15/275
f 7736/15/275 7742/15/275 7739/15/275 7733/15/275
f 7734/15/275 7737/15/275 7735/15/275 7741/15/275 7752/15/275 7751/15/275 7740/15/275
f 7745/15/275 7746/15/275 7738/15/275 7732/15/275
f 7732/15/275 7738/15/275 7742/15/275 7736/15/275
f 7733/15/275 7739/15/275 7744/15/275 7743/15/275
f 7750/15/275 7749/15/275 7789/15/275 7788/15/275 7751/15/275 7752/15/275 7791/15/275 7790/15/275
f 7747/15/275 7744/15/275 7750/15/275
f 7746/15/275 7748/15/275 7749/15/275
f 7749/15/275 7750/15/275 7744/15/275 7746/15/275
f 7743/15/275 7744/15/275 7747/15/275 7793/15/275 7792/15/275 7741/15/275 7735/15/275
f 7734/15/275 7740/15/275 7786/15/275 7787/15/275 7748/15/275 7746/15/275 7745/15/275
f 7736/15/560 7732/15/560 7755/15/560 7753/15/560
f 7733/15/559 7736/15/559 7753/15/559 7754/15/559
f 7759/15/274 7760/15/274 7770/15/274 7769/15/274
f 7764/15/274 7767/15/274 7775/15/274 7774/15/274 7773/15/274 7766/15/274 7763/15/274
f 7760/15/650 7784/15/650 7821/15/650 7818/15/650
f 7756/15/651 7757/15/651 7768/15/651 7781/15/651
f 7761/15/274 7762/15/274 7772/15/274 7771/15/274
f 7762/15/274 7759/15/274 7769/15/274 7772/15/274
f 7760/15/274 7765/15/274 7776/15/274 7770/15/274
f 7780/15/274 7774/15/274 7775/15/274 7779/15/274
f 7778/15/274 7780/15/274 7776/15/274
f 7771/15/274 7779/15/274 7777/15/274
f 7779/15/274 7771/15/274 7776/15/274 7780/15/274
f 7765/15/274 7766/15/274 7773/15/274 7778/15/274 7776/15/274
f 7764/15/274 7761/15/274 7771/15/274 7777/15/274 7767/15/274
f 7782/15/274 7781/15/274 7783/15/274 7785/15/274
f 7781/15/274 7768/15/274 7784/15/274 7783/15/274
f 7758/15/652 7756/15/652 7781/15/652 7782/15/652
f 7785/15/653 7762/15/653 7813/15/653 7815/15/653
f 7759/15/560 7762/15/560 7785/15/560 7783/15/560
f 7760/15/559 7759/15/559 7783/15/559 7784/15/559
f 7743/15/654 7735/15/654 7766/15/654 7765/15/654
f 7738/15/568 7746/15/568 7771/15/568 7772/15/568
f 7733/15/568 7743/15/568 7765/15/568 7760/15/568
f 7752/15/655 7741/15/655 7773/15/655 7774/15/655
f 7751/15/566 7788/15/566 7789/15/566 7749/15/566 7779/15/566 7775/15/566
f 7744/15/566 7739/15/566 7770/15/566 7776/15/566
f 7741/15/566 7792/15/566 7793/15/566 7747/15/566 7778/15/566 7773/15/566
f 7731/15/679 7730/15/679 7757/15/679 7756/15/679
f 7742/15/657 7738/15/657 7772/15/657 7769/15/657
f 7750/15/568 7790/15/568 7791/15/568 7752/15/568 7774/15/568 7780/15/568
f 7748/15/568 7787/15/568 7786/15/568 7740/15/568 7767/15/568 7777/15/568
f 7729/15/658 7731/15/658 7756/15/658 7758/15/658
f 7740/15/659 7751/15/659 7775/15/659 7767/15/659
f 7757/15/660 7730/15/660 7817/15/660 7819/15/660
f 7734/15/661 7745/15/661 7761/15/661 7764/15/661
f 7747/15/662 7750/15/662 7780/15/662 7778/15/662
f 7762/15/680 7732/15/680 7811/15/680 7813/15/680
f 7745/15/566 7732/15/566 7762/15/566 7761/15/566
f 7749/15/662 7748/15/662 7777/15/662 7779/15/662
f 7746/15/655 7744/16/655 7776/17/655 7771/18/655
f 7739/15/664 7742/15/664 7769/15/664 7770/15/664
f 7787/15/275 7794/15/275 7795/15/275 7789/15/275
f 7793/15/275 7790/15/275 7796/15/275 7797/15/275
f 7799/15/278 7801/15/278 7805/15/278 7803/15/278
f 7793/15/278 7797/15/278 7801/15/278 7799/15/278
f 7790/15/278 7793/15/278 7799/15/278 7798/15/278
f 7796/15/278 7790/15/278 7798/15/278 7800/15/278
f 7797/15/278 7796/15/278 7800/15/278 7801/15/278
f 7803/15/274 7805/15/274 7804/15/274 7802/15/274
f 7798/15/280 7799/15/280 7803/15/280 7802/15/280
f 7800/15/279 7798/15/279 7802/15/279 7804/15/279
f 7801/15/281 7800/15/281 7804/15/281 7805/15/281
f 7806/15/274 7807/15/274 7809/15/274 7808/15/274
f 7787/15/665 7789/15/665 7807/15/665 7806/15/665
f 7794/15/279 7787/15/279 7806/15/279 7808/15/279
f 7795/15/666 7794/15/666 7808/15/666 7809/15/666
f 7789/15/278 7795/15/278 7809/15/278 7807/15/278
f 7813/15/667 7812/15/667 7814/15/667 7815/15/667
f 7811/15/668 7810/15/668 7812/15/668 7813/15/668
f 7732/15/669 7729/15/669 7810/15/669 7811/15/669
f 7729/15/670 7758/15/670 7812/15/670 7810/15/670
f 7758/15/671 7782/15/671 7814/15/671 7812/15/671
f 7782/15/672 7785/15/672 7815/15/672 7814/15/672
f 7819/15/673 7818/15/673 7821/15/673 7820/15/673
f 7817/15/674 7816/15/674 7818/15/674 7819/15/674
f 7784/15/675 7768/15/675 7820/15/675 7821/15/675
f 7730/15/676 7733/15/676 7816/15/676 7817/15/676
f 7733/15/677 7760/15/677 7818/15/677 7816/15/677
f 7768/15/681 7757/15/681 7819/15/681 7820/15/681
f 7731/15/275 7736/15/275 7733/15/275 7730/15/275
f 7729/15/275 7732/15/275 7736/15/275 7731/15/275
f 7734/15/281 7764/15/281 7763/15/281 7766/15/281 7735/15/281 7737/15/281
f 7846/15/278 7847/15/278 7874/15/278 7873/15/278
f 7827/15/278 7826/15/278 7828/15/278
f 7826/15/278 7823/15/278 7829/15/278 7828/15/278
f 7823/15/278 7825/15/278 7830/15/278 7829/15/278
f 7825/15/278 7824/15/278 7831/15/278 7830/15/278
f 7831/15/278 7824/15/278 7832/15/278
f 7824/15/278 7822/15/278 7833/15/278 7832/15/278
f 7834/15/278 7833/15/278 7822/15/278 7848/15/278
f 7834/15/278 7848/15/278 7835/15/278
f 7836/15/278 7835/15/278 7848/15/278 7847/15/278
f 7836/15/278 7847/15/278 7837/15/278
f 7837/15/278 7847/15/278 7838/15/278
f 7839/15/278 7838/15/278 7840/15/278
f 7840/15/278 7838/15/278 7841/15/278
f 7841/15/278 7838/15/278 7842/15/278
f 7838/15/278 7847/15/278 7842/15/278
f 7842/15/278 7847/15/278 7843/15/278
f 7843/15/278 7847/15/278 7844/15/278
f 7845/15/278 7844/15/278 7847/15/278 7846/15/278
f 7873/15/278 7874/15/278 7872/15/278
f 7871/15/278 7872/15/278 7874/15/278
f 7870/15/278 7871/15/278 7874/15/278
f 7869/15/278 7870/15/278 7874/15/278
f 7866/15/278 7867/15/278 7865/15/278
f 7867/15/278 7868/15/278 7865/15/278
f 7868/15/278 7869/15/278 7865/15/278
f 7874/15/278 7865/15/278 7869/15/278
f 7865/15/278 7874/15/278 7864/15/278
f 7863/15/278 7864/15/278 7874/15/278
f 7863/15/278 7874/15/278 7875/15/278 7862/15/278
f 7861/15/278 7862/15/278 7875/15/278
f 7861/15/278 7875/15/278 7849/15/278 7860/15/278
f 7851/15/278 7859/15/278 7860/15/278 7849/15/278
f 7859/15/278 7851/15/278 7858/15/278
f 7852/15/278 7857/15/278 7858/15/278 7851/15/278
f 7850/15/278 7856/15/278 7857/15/278 7852/15/278
f 7853/15/278 7855/15/278 7856/15/278 7850/15/278
f 7854/15/278 7855/15/278 7853/15/278
f 7900/15/279 7927/15/279 7928/15/279 7901/15/279
f 7881/15/279 7882/15/279 7880/15/279
f 7880/15/279 7882/15/279 7883/15/279 7877/15/279
f 7877/15/279 7883/15/279 7884/15/279 7879/15/279
f 7879/15/279 7884/15/279 7885/15/279 7878/15/279
f 7885/15/279 7886/15/279 7878/15/279
f 7878/15/279 7886/15/279 7887/15/279 7876/15/279
f 7888/15/279 7902/15/279 7876/15/279 7887/15/279
f 7888/15/279 7889/15/279 7902/15/279
f 7890/15/279 7901/15/279 7902/15/279 7889/15/279
f 7890/15/279 7891/15/279 7901/15/279
f 7891/15/279 7892/15/279 7901/15/279
f 7893/15/279 7894/15/279 7892/15/279
f 7894/15/279 7895/15/279 7892/15/279
f 7895/15/279 7896/15/279 7892/15/279
f 7892/15/279 7896/15/279 7901/15/279
f 7896/15/279 7897/15/279 7901/15/279
f 7897/15/462 7898/15/462 7901/15/462
f 7899/15/279 7900/15/279 7901/15/279 7898/15/279
f 7927/15/279 7926/15/279 7928/15/279
f 7925/15/279 7928/15/279 7926/15/279
f 7924/15/279 7928/15/279 7925/15/279
f 7923/15/279 7928/15/279 7924/15/279
f 7920/15/279 7919/15/279 7921/15/279
f 7921/15/279 7919/15/279 7922/15/279
f 7922/15/279 7919/15/279 7923/15/279
f 7928/15/279 7923/15/279 7919/15/279
f 7919/15/279 7918/15/279 7928/15/279
f 7917/15/279 7928/15/279 7918/15/279
f 7917/15/279 7916/15/279 7929/15/279 7928/15/279
f 7915/15/279 7929/15/279 7916/15/279
f 7915/15/279 7914/15/279 7903/15/279 7929/15/279
f 7905/15/279 7903/15/279 7914/15/279 7913/15/279
f 7913/15/279 7912/15/279 7905/15/279
f 7906/15/279 7905/15/279 7912/15/279 7911/15/279
f 7904/15/279 7906/15/279 7911/15/279 7910/15/279
f 7907/15/279 7904/15/279 7910/15/279 7909/15/279
f 7908/15/279 7907/15/279 7909/15/279
f 7855/15/396 7854/15/396 7908/15/396 7909/15/396
f 7828/15/352 7829/15/352 7883/15/352 7882/15/352
f 7856/15/351 7855/15/351 7909/15/351 7910/15/351
f 7829/15/354 7830/15/354 7884/15/354 7883/15/354
f 7857/15/353 7856/15/353 7910/15/353 7911/15/353
f 7830/15/356 7831/15/356 7885/15/356 7884/15/356
f 7858/15/355 7857/15/355 7911/15/355 7912/15/355
f 7831/15/358 7832/15/358 7886/15/358 7885/15/358
f 7859/15/357 7858/15/357 7912/15/357 7913/15/357
f 7832/15/360 7833/15/360 7887/15/360 7886/15/360
f 7860/15/359 7859/15/359 7913/15/359 7914/15/359
f 7833/15/362 7834/15/362 7888/15/362 7887/15/362
f 7861/15/361 7860/15/361 7914/15/361 7915/15/361
f 7834/15/364 7835/15/364 7889/15/364 7888/15/364
f 7862/15/467 7861/15/467 7915/15/467 7916/15/467
f 7835/15/366 7836/15/366 7890/15/366 7889/15/366
f 7863/15/365 7862/15/365 7916/15/365 7917/15/365
f 7836/15/368 7837/15/368 7891/15/368 7890/15/368
f 7864/15/367 7863/15/367 7917/15/367 7918/15/367
f 7837/15/370 7838/15/370 7892/15/370 7891/15/370
f 7865/15/369 7864/15/369 7918/15/369 7919/15/369
f 7838/15/372 7839/15/372 7893/15/372 7892/15/372
f 7866/15/371 7865/15/371 7919/15/371 7920/15/371
f 7839/15/374 7840/15/374 7894/15/374 7893/15/374
f 7867/15/373 7866/15/373 7920/15/373 7921/15/373
f 7840/15/399 7841/15/399 7895/15/399 7894/15/399
f 7868/15/375 7867/15/375 7921/15/375 7922/15/375
f 7841/15/515 7842/15/515 7896/15/515 7895/15/515
f 7869/15/400 7868/15/400 7922/15/400 7923/15/400
f 7842/15/380 7843/15/380 7897/15/380 7896/15/380
f 7870/15/379 7869/15/379 7923/15/379 7924/15/379
f 7843/15/382 7844/15/382 7898/15/382 7897/15/382
f 7871/15/381 7870/15/381 7924/15/381 7925/15/381
f 7844/15/384 7845/15/384 7899/15/384 7898/15/384
f 7872/15/383 7871/15/383 7925/15/383 7926/15/383
f 7845/15/478 7846/15/478 7900/15/478 7899/15/478
f 7873/15/477 7872/15/477 7926/15/477 7927/15/477
f 7875/15/278 7874/15/278 7932/15/278 7933/15/278
f 7874/15/278 7847/15/278 7930/15/278 7932/15/278
f 7848/15/274 7822/15/274 7876/15/274 7902/15/274
f 7822/15/274 7824/15/274 7878/15/274 7876/15/274
f 7849/15/275 7875/15/275 7929/15/275 7903/15/275
f 7851/15/275 7849/15/275 7903/15/275 7905/15/275
f 7823/15/389 7826/15/389 7880/15/389 7877/15/389
f 7848/15/398 7902/15/398 7935/15/398 7931/15/398
f 7853/15/387 7850/15/387 7904/15/387 7907/15/387
f 7825/15/391 7823/15/391 7877/15/391 7879/15/391
f 7846/15/281 7873/15/281 7927/15/281 7900/15/281
f 7850/15/390 7852/15/390 7906/15/390 7904/15/390
f 7824/15/393 7825/15/393 7879/15/393 7878/15/393
f 7852/15/392 7851/15/392 7905/15/392 7906/15/392
f 7826/15/395 7827/15/395 7881/15/395 7880/15/395
f 7854/15/394 7853/15/394 7907/15/394 7908/15/394
f 7827/15/350 7828/15/350 7882/15/350 7881/15/350
f 7930/15/280 7931/15/280 7935/15/280 7934/15/280
f 7933/15/280 7932/15/280 7936/15/280 7937/15/280
f 7932/15/280 7930/15/280 7934/15/280 7936/15/280
f 7902/15/468 7901/15/468 7934/15/468 7935/15/468
f 7929/15/388 7875/15/388 7933/15/388 7937/15/388
f 7901/15/468 7928/15/468 7936/15/468 7934/15/468
f 7928/15/468 7929/15/468 7937/15/468 7936/15/468
f 7847/15/278 7848/15/278 7931/15/278 7930/15/278
f 7945/15/682 7951/15/682 7948/15/682 7942/15/682
f 7943/15/683 7946/15/683 7944/15/683 7950/15/683 7961/15/683 7960/15/683 7949/15/683
f 7954/15/684 7955/15/684 7947/15/684 7941/15/684
f 7941/15/685 7947/15/685 7951/15/685 7945/15/685
f 7942/15/686 7948/15/686 7953/15/686 7952/15/686
f 7959/15/687 7958/15/687 7998/15/687 7997/15/687 7960/15/687 7961/15/687 8000/15/687 7999/15/687
f 7956/15/688 7953/15/688 7959/15/688
f 7955/15/689 7957/15/689 7958/15/689
f 7958/15/690 7959/15/690 7953/15/690 7955/15/690
f 7952/15/691 7953/15/691 7956/15/691 8002/15/691 8001/15/691 7950/15/691 7944/15/691
f 7943/15/692 7949/15/692 7995/15/692 7996/15/692 7957/15/692 7955/15/692 7954/15/692
f 7945/15/480 7941/15/480 7964/15/480 7962/15/480
f 7942/15/479 7945/15/479 7962/15/479 7963/15/479
f 7968/15/279 7969/15/279 7979/15/279 7978/15/279
f 7973/15/279 7976/15/279 7984/15/279 7983/15/279 7982/15/279 7975/15/279 7972/15/279
f 7969/15/605 7993/15/605 8030/15/605 8027/15/605
f 7965/15/606 7966/15/606 7977/15/606 7990/15/606
f 7970/15/279 7971/15/279 7981/15/279 7980/15/279
f 7971/15/279 7968/15/279 7978/15/279 7981/15/279
f 7969/15/279 7974/15/279 7985/15/279 7979/15/279
f 7989/15/279 7983/15/279 7984/15/279 7988/15/279
f 7987/15/279 7989/15/279 7985/15/279
f 7980/15/279 7988/15/279 7986/15/279
f 7988/15/279 7980/15/279 7985/15/279 7989/15/279
f 7974/15/279 7975/15/279 7982/15/279 7987/15/279 7985/15/279
f 7973/15/279 7970/15/279 7980/15/279 7986/15/279 7976/15/279
f 7991/15/279 7990/15/279 7992/15/279 7994/15/279
f 7990/15/279 7977/15/279 7993/15/279 7992/15/279
f 7967/15/607 7965/15/607 7990/15/607 7991/15/607
f 7994/15/608 7971/15/608 8022/15/608 8024/15/608
f 7968/15/480 7971/15/480 7994/15/480 7992/15/480
f 7969/15/479 7968/15/479 7992/15/479 7993/15/479
f 7952/15/609 7944/15/609 7975/15/609 7974/15/609
f 7947/15/693 7955/15/693 7980/15/693 7981/15/693
f 7942/15/488 7952/15/488 7974/15/488 7969/15/488
f 7961/15/694 7950/15/694 7982/15/694 7983/15/694
f 7960/15/695 7997/15/695 7998/15/695 7958/15/695 7988/15/695 7984/15/695
f 7953/15/696 7948/15/696 7979/15/696 7985/15/696
f 7950/15/697 8001/15/697 8002/15/697 7956/15/697 7987/15/697 7982/15/697
f 7940/15/611 7939/15/611 7966/15/611 7965/15/611
f 7951/15/698 7947/15/698 7981/15/698 7978/15/698
f 7959/15/699 7999/15/699 8000/15/699 7961/15/699 7983/15/699 7989/15/699
f 7957/15/700 7996/15/700 7995/15/700 7949/15/700 7976/15/700 7986/15/700
f 7938/15/613 7940/15/613 7965/15/613 7967/15/613
f 7949/15/701 7960/15/701 7984/15/701 7976/15/701
f 7966/15/702 7939/15/702 8026/15/702 8028/15/702
f 7943/15/616 7954/15/616 7970/15/616 7973/15/616
f 7956/15/703 7959/15/703 7989/15/703 7987/15/703
f 7971/15/618 7941/15/618 8020/15/618 8022/15/618
f 7954/15/486 7941/15/486 7971/15/486 7970/15/486
f 7958/15/704 7957/15/704 7986/15/704 7988/15/704
f 7955/15/705 7953/16/705 7985/17/705 7980/18/705
f 7948/15/706 7951/15/706 7978/15/706 7979/15/706
f 7996/15/707 8003/15/707 8004/15/707 7998/15/707
f 8002/15/278 7999/15/278 8005/15/278 8006/15/278
f 8008/15/274 8010/15/274 8014/15/274 8012/15/274
f 8002/15/274 8006/15/274 8010/15/274 8008/15/274
f 7999/15/280 8002/15/280 8008/15/280 8007/15/280
f 8005/15/275 7999/15/275 8007/15/275 8009/15/275
f 8006/15/281 8005/15/281 8009/15/281 8010/15/281
f 8012/15/279 8014/15/279 8013/15/279 8011/15/279
f 8007/15/280 8008/15/280 8012/15/280 8011/15/280
f 8009/15/275 8007/15/275 8011/15/275 8013/15/275
f 8010/15/281 8009/15/281 8013/15/281 8014/15/281
f 8015/15/279 8016/15/279 8018/15/279 8017/15/279
f 7996/15/620 7998/15/620 8016/15/620 8015/15/620
f 8003/15/275 7996/15/275 8015/15/275 8017/15/275
f 8004/15/621 8003/15/621 8017/15/621 8018/15/621
f 7998/15/274 8004/15/274 8018/15/274 8016/15/274
f 8022/15/622 8021/15/622 8023/15/622 8024/15/622
f 8020/15/623 8019/15/623 8021/15/623 8022/15/623
f 7941/15/624 7938/15/624 8019/15/624 8020/15/624
f 7938/15/625 7967/15/625 8021/15/625 8019/15/625
f 7967/15/626 7991/15/626 8023/15/626 8021/15/626
f 7991/15/627 7994/15/627 8024/15/627 8023/15/627
f 8028/15/628 8027/15/628 8030/15/628 8029/15/628
f 8026/15/629 8025/15/629 8027/15/629 8028/15/629
f 7993/15/708 7977/15/708 8029/15/708 8030/15/708
f 7939/15/631 7942/15/631 8025/15/631 8026/15/631
f 7942/15/632 7969/15/632 8027/15/632 8025/15/632
f 7977/15/633 7966/15/633 8028/15/633 8029/15/633
f 7940/15/278 7945/15/278 7942/15/278 7939/15/278
f 7938/15/278 7941/15/278 7945/15/278 7940/15/278
f 8055/15/278 8056/15/278 8083/15/278 8082/15/278
f 8036/15/278 8035/15/278 8037/15/278
f 8035/15/278 8032/15/278 8038/15/278 8037/15/278
f 8032/15/278 8034/15/278 8039/15/278 8038/15/278
f 8034/15/278 8033/15/278 8040/15/278 8039/15/278
f 8040/15/278 8033/15/278 8041/15/278
f 8033/15/278 8031/15/278 8042/15/278 8041/15/278
f 8043/15/278 8042/15/278 8031/15/278 8057/15/278
f 8043/15/278 8057/15/278 8044/15/278
f 8045/15/278 8044/15/278 8057/15/278 8056/15/278
f 8045/15/278 8056/15/278 8046/15/278
f 8046/15/278 8056/15/278 8047/15/278
f 8048/15/278 8047/15/278 8049/15/278
f 8049/15/278 8047/15/278 8050/15/278
f 8050/15/278 8047/15/278 8051/15/278
f 8047/15/278 8056/15/278 8051/15/278
f 8051/15/278 8056/15/278 8052/15/278
f 8052/15/278 8056/15/278 8053/15/278
f 8054/15/278 8053/15/278 8056/15/278 8055/15/278
f 8082/15/278 8083/15/278 8081/15/278
f 8080/15/278 8081/15/278 8083/15/278
f 8079/15/278 8080/15/278 8083/15/278
f 8078/15/278 8079/15/278 8083/15/278
f 8075/15/278 8076/15/278 8074/15/278
f 8076/15/278 8077/15/278 8074/15/278
f 8077/15/278 8078/15/278 8074/15/278
f 8083/15/278 8074/15/278 8078/15/278
f 8074/15/278 8083/15/278 8073/15/278
f 8072/15/278 8073/15/278 8083/15/278
f 8072/15/278 8083/15/278 8084/15/278 8071/15/278
f 8070/15/278 8071/15/278 8084/15/278
f 8070/15/278 8084/15/278 8058/15/278 8069/15/278
f 8060/15/278 8068/15/278 8069/15/278 8058/15/278
f 8068/15/278 8060/15/278 8067/15/278
f 8061/15/278 8066/15/278 8067/15/278 8060/15/278
f 8059/15/278 8065/15/278 8066/15/278 8061/15/278
f 8062/15/278 8064/15/278 8065/15/278 8059/15/278
f 8063/15/278 8064/15/278 8062/15/278
f 8109/15/279 8136/15/279 8137/15/279 8110/15/279
f 8090/15/279 8091/15/279 8089/15/279
f 8089/15/279 8091/15/279 8092/15/279 8086/15/279
f 8086/15/279 8092/15/279 8093/15/279 8088/15/279
f 8088/15/279 8093/15/279 8094/15/279 8087/15/279
f 8094/15/279 8095/15/279 8087/15/279
f 8087/15/279 8095/15/279 8096/15/279 8085/15/279
f 8097/15/279 8111/15/279 8085/15/279 8096/15/279
f 8097/15/279 8098/15/279 8111/15/279
f 8099/15/279 8110/15/279 8111/15/279 8098/15/279
f 8099/15/279 8100/15/279 8110/15/279
f 8100/15/279 8101/15/279 8110/15/279
f 8102/15/279 8103/15/279 8101/15/279
f 8103/15/279 8104/15/279 8101/15/279
f 8104/15/279 8105/15/279 8101/15/279
f 8101/15/279 8105/15/279 8110/15/279
f 8105/15/279 8106/15/279 8110/15/279
f 8106/15/279 8107/15/279 8110/15/279
f 8108/15/279 8109/15/279 8110/15/279 8107/15/279
f 8136/15/279 8135/15/279 8137/15/279
f 8134/15/279 8137/15/279 8135/15/279
f 8133/15/279 8137/15/279 8134/15/279
f 8132/15/279 8137/15/279 8133/15/279
f 8129/15/279 8128/15/279 8130/15/279
f 8130/15/279 8128/15/279 8131/15/279
f 8131/15/279 8128/15/279 8132/15/279
f 8137/15/279 8132/15/279 8128/15/279
f 8128/15/279 8127/15/279 8137/15/279
f 8126/15/279 8137/15/279 8127/15/279
f 8126/15/279 8125/15/279 8138/15/279 8137/15/279
f 8124/15/279 8138/15/279 8125/15/279
f 8124/15/279 8123/15/279 8112/15/279 8138/15/279
f 8114/15/279 8112/15/279 8123/15/279 8122/15/279
f 8122/15/279 8121/15/279 8114/15/279
f 8115/15/279 8114/15/279 8121/15/279 8120/15/279
f 8113/15/279 8115/15/279 8120/15/279 8119/15/279
f 8116/15/279 8113/15/279 8119/15/279 8118/15/279
f 8117/15/279 8116/15/279 8118/15/279
f 8064/15/396 8063/15/396 8117/15/396 8118/15/396
f 8037/15/352 8038/15/352 8092/15/352 8091/15/352
f 8065/15/351 8064/15/351 8118/15/351 8119/15/351
f 8038/15/354 8039/15/354 8093/15/354 8092/15/354
f 8066/15/353 8065/15/353 8119/15/353 8120/15/353
f 8039/15/356 8040/15/356 8094/15/356 8093/15/356
f 8067/15/355 8066/15/355 8120/15/355 8121/15/355
f 8040/15/358 8041/15/358 8095/15/358 8094/15/358
f 8068/15/357 8067/15/357 8121/15/357 8122/15/357
f 8041/15/360 8042/15/360 8096/15/360 8095/15/360
f 8069/15/359 8068/15/359 8122/15/359 8123/15/359
f 8042/15/362 8043/15/362 8097/15/362 8096/15/362
f 8070/15/361 8069/15/361 8123/15/361 8124/15/361
f 8043/15/364 8044/15/364 8098/15/364 8097/15/364
f 8071/15/467 8070/15/467 8124/15/467 8125/15/467
f 8044/15/366 8045/15/366 8099/15/366 8098/15/366
f 8072/15/365 8071/15/365 8125/15/365 8126/15/365
f 8045/15/368 8046/15/368 8100/15/368 8099/15/368
f 8073/15/367 8072/15/367 8126/15/367 8127/15/367
f 8046/15/370 8047/15/370 8101/15/370 8100/15/370
f 8074/15/369 8073/15/369 8127/15/369 8128/15/369
f 8047/15/372 8048/15/372 8102/15/372 8101/15/372
f 8075/15/371 8074/15/371 8128/15/371 8129/15/371
f 8048/15/374 8049/15/374 8103/15/374 8102/15/374
f 8076/15/373 8075/15/373 8129/15/373 8130/15/373
f 8049/15/376 8050/15/376 8104/15/376 8103/15/376
f 8077/15/375 8076/15/375 8130/15/375 8131/15/375
f 8050/15/515 8051/15/515 8105/15/515 8104/15/515
f 8078/15/377 8077/15/377 8131/15/377 8132/15/377
f 8051/15/380 8052/15/380 8106/15/380 8105/15/380
f 8079/15/379 8078/15/379 8132/15/379 8133/15/379
f 8052/15/382 8053/15/382 8107/15/382 8106/15/382
f 8080/15/381 8079/15/381 8133/15/381 8134/15/381
f 8053/15/476 8054/15/476 8108/15/476 8107/15/476
f 8081/15/456 8080/15/456 8134/15/456 8135/15/456
f 8054/15/478 8055/15/478 8109/15/478 8108/15/478
f 8082/15/477 8081/15/477 8135/15/477 8136/15/477
f 8084/15/278 8083/15/278 8141/15/278 8142/15/278
f 8083/15/278 8056/15/278 8139/15/278 8141/15/278
f 8057/15/274 8031/15/274 8085/15/274 8111/15/274
f 8031/15/274 8033/15/274 8087/15/274 8085/15/274
f 8058/15/275 8084/15/275 8138/15/275 8112/15/275
f 8060/15/275 8058/15/275 8112/15/275 8114/15/275
f 8032/15/389 8035/15/389 8089/15/389 8086/15/389
f 8057/15/398 8111/15/398 8144/15/398 8140/15/398
f 8062/15/387 8059/15/387 8113/15/387 8116/15/387
f 8034/15/391 8032/15/391 8086/15/391 8088/15/391
f 8055/15/281 8082/15/281 8136/15/281 8109/15/281
f 8059/15/390 8061/15/390 8115/15/390 8113/15/390
f 8033/15/393 8034/15/393 8088/15/393 8087/15/393
f 8061/15/392 8060/15/392 8114/15/392 8115/15/392
f 8035/15/395 8036/15/395 8090/15/395 8089/15/395
f 8063/15/394 8062/15/394 8116/15/394 8117/15/394
f 8036/15/350 8037/15/350 8091/15/350 8090/15/350
f 8139/15/280 8140/15/280 8144/15/280 8143/15/280
f 8142/15/280 8141/15/280 8145/15/280 8146/15/280
f 8141/15/280 8139/15/280 8143/15/280 8145/15/280
f 8111/15/468 8110/15/468 8143/15/468 8144/15/468
f 8138/15/388 8084/15/388 8142/15/388 8146/15/388
f 8110/15/468 8137/15/468 8145/15/468 8143/15/468
f 8137/15/468 8138/15/468 8146/15/468 8145/15/468
f 8056/15/278 8057/15/278 8140/15/278 8139/15/278
f 8154/15/278 8160/15/278 8157/15/278 8151/15/278
f 8152/15/278 8155/15/278 8153/15/278 8159/15/278 8170/15/278 8169/15/278 8158/15/278
f 8163/15/278 8164/15/278 8156/15/278 8150/15/278
f 8150/15/278 8156/15/278 8160/15/278 8154/15/278
f 8151/15/278 8157/15/278 8162/15/278 8161/15/278
f 8168/15/278 8167/15/278 8207/15/278 8206/15/278 8169/15/278 8170/15/278 8209/15/278 8208/15/278
f 8165/15/278 8162/15/278 8168/15/278
f 8164/15/278 8166/15/278 8167/15/278
f 8167/15/278 8168/15/278 8162/15/278 8164/15/278
f 8161/15/278 8162/15/278 8165/15/278 8211/15/278 8210/15/278 8159/15/278 8153/15/278
f 8152/15/278 8158/15/278 8204/15/278 8205/15/278 8166/15/278 8164/15/278 8163/15/278
f 8154/15/480 8150/15/480 8173/15/480 8171/15/480
f 8151/15/479 8154/15/479 8171/15/479 8172/15/479
f 8177/15/279 8178/15/279 8188/15/279 8187/15/279
f 8182/15/279 8185/15/279 8193/15/279 8192/15/279 8191/15/279 8184/15/279 8181/15/279
f 8178/15/605 8202/15/605 8239/15/605 8236/15/605
f 8174/15/606 8175/15/606 8186/15/606 8199/15/606
f 8179/15/279 8180/15/279 8190/15/279 8189/15/279
f 8180/15/279 8177/15/279 8187/15/279 8190/15/279
f 8178/15/279 8183/15/279 8194/15/279 8188/15/279
f 8198/15/279 8192/15/279 8193/15/279 8197/15/279
f 8196/15/279 8198/15/279 8194/15/279
f 8189/15/279 8197/15/279 8195/15/279
f 8197/15/279 8189/15/279 8194/15/279 8198/15/279
f 8183/15/279 8184/15/279 8191/15/279 8196/15/279 8194/15/279
f 8182/15/279 8179/15/279 8189/15/279 8195/15/279 8185/15/279
f 8200/15/279 8199/15/279 8201/15/279 8203/15/279
f 8199/15/279 8186/15/279 8202/15/279 8201/15/279
f 8176/15/607 8174/15/607 8199/15/607 8200/15/607
f 8203/15/608 8180/15/608 8231/15/608 8233/15/608
f 8177/15/480 8180/15/480 8203/15/480 8201/15/480
f 8178/15/479 8177/15/479 8201/15/479 8202/15/479
f 8161/15/609 8153/15/609 8184/15/609 8183/15/609
f 8156/15/488 8164/15/488 8189/15/488 8190/15/488
f 8151/15/488 8161/15/488 8183/15/488 8178/15/488
f 8170/15/610 8159/15/610 8191/15/610 8192/15/610
f 8169/15/486 8206/15/486 8207/15/486 8167/15/486 8197/15/486 8193/15/486
f 8162/15/486 8157/15/486 8188/15/486 8194/15/486
f 8159/15/486 8210/15/486 8211/15/486 8165/15/486 8196/15/486 8191/15/486
f 8149/15/611 8148/15/611 8175/15/611 8174/15/611
f 8160/15/612 8156/15/612 8190/15/612 8187/15/612
f 8168/15/488 8208/15/488 8209/15/488 8170/15/488 8192/15/488 8198/15/488
f 8166/15/488 8205/15/488 8204/15/488 8158/15/488 8185/15/488 8195/15/488
f 8147/15/613 8149/15/613 8174/15/613 8176/15/613
f 8158/15/614 8169/15/614 8193/15/614 8185/15/614
f 8175/15/702 8148/15/702 8235/15/702 8237/15/702
f 8152/15/616 8163/15/616 8179/15/616 8182/15/616
f 8165/15/617 8168/15/617 8198/15/617 8196/15/617
f 8180/15/618 8150/15/618 8229/15/618 8231/15/618
f 8163/15/486 8150/15/486 8180/15/486 8179/15/486
f 8167/15/617 8166/15/617 8195/15/617 8197/15/617
f 8164/15/610 8162/16/610 8194/17/610 8189/18/610
f 8157/15/619 8160/15/619 8187/15/619 8188/15/619
f 8205/15/278 8212/15/278 8213/15/278 8207/15/278
f 8211/15/278 8208/15/278 8214/15/278 8215/15/278
f 8217/15/274 8219/15/274 8223/15/274 8221/15/274
f 8211/15/278 8215/15/278 8219/15/278 8217/15/278
f 8208/15/278 8211/15/278 8217/15/278 8216/15/278
f 8214/15/278 8208/15/278 8216/15/278 8218/15/278
f 8215/15/278 8214/15/278 8218/15/278 8219/15/278
f 8221/15/279 8223/15/279 8222/15/279 8220/15/279
f 8216/15/280 8217/15/280 8221/15/280 8220/15/280
f 8218/15/275 8216/15/275 8220/15/275 8222/15/275
f 8219/15/281 8218/15/281 8222/15/281 8223/15/281
f 8224/15/279 8225/15/279 8227/15/279 8226/15/279
f 8205/15/620 8207/15/620 8225/15/620 8224/15/620
f 8212/15/275 8205/15/275 8224/15/275 8226/15/275
f 8213/15/621 8212/15/621 8226/15/621 8227/15/621
f 8207/15/274 8213/15/274 8227/15/274 8225/15/274
f 8231/15/622 8230/15/622 8232/15/622 8233/15/622
f 8229/15/623 8228/15/623 8230/15/623 8231/15/623
f 8150/15/624 8147/15/624 8228/15/624 8229/15/624
f 8147/15/638 8176/15/638 8230/15/638 8228/15/638
f 8176/15/626 8200/15/626 8232/15/626 8230/15/626
f 8200/15/627 8203/15/627 8233/15/627 8232/15/627
f 8237/15/628 8236/15/628 8239/15/628 8238/15/628
f 8235/15/629 8234/15/629 8236/15/629 8237/15/629
f 8202/15/630 8186/15/630 8238/15/630 8239/15/630
f 8148/15/631 8151/15/631 8234/15/631 8235/15/631
f 8151/15/639 8178/15/639 8236/15/639 8234/15/639
f 8186/15/633 8175/15/633 8237/15/633 8238/15/633
f 8149/15/278 8154/15/278 8151/15/278 8148/15/278
f 8147/15/278 8150/15/278 8154/15/278 8149/15/278
f 8264/15/278 8265/15/278 8292/15/278 8291/15/278
f 8245/15/278 8244/15/278 8246/15/278
f 8244/15/278 8241/15/278 8247/15/278 8246/15/278
f 8241/15/278 8243/15/278 8248/15/278 8247/15/278
f 8243/15/278 8242/15/278 8249/15/278 8248/15/278
f 8249/15/278 8242/15/278 8250/15/278
f 8242/15/278 8240/15/278 8251/15/278 8250/15/278
f 8252/15/278 8251/15/278 8240/15/278 8266/15/278
f 8252/15/278 8266/15/278 8253/15/278
f 8254/15/278 8253/15/278 8266/15/278 8265/15/278
f 8254/15/278 8265/15/278 8255/15/278
f 8255/15/278 8265/15/278 8256/15/278
f 8257/15/278 8256/15/278 8258/15/278
f 8258/15/278 8256/15/278 8259/15/278
f 8259/15/278 8256/15/278 8260/15/278
f 8256/15/278 8265/15/278 8260/15/278
f 8260/15/278 8265/15/278 8261/15/278
f 8261/15/278 8265/15/278 8262/15/278
f 8263/15/278 8262/15/278 8265/15/278 8264/15/278
f 8291/15/278 8292/15/278 8290/15/278
f 8289/15/278 8290/15/278 8292/15/278
f 8288/15/278 8289/15/278 8292/15/278
f 8287/15/278 8288/15/278 8292/15/278
f 8284/15/278 8285/15/278 8283/15/278
f 8285/15/278 8286/15/278 8283/15/278
f 8286/15/278 8287/15/278 8283/15/278
f 8292/15/278 8283/15/278 8287/15/278
f 8283/15/278 8292/15/278 8282/15/278
f 8281/15/278 8282/15/278 8292/15/278
f 8281/15/278 8292/15/278 8293/15/278 8280/15/278
f 8279/15/278 8280/15/278 8293/15/278
f 8279/15/278 8293/15/278 8267/15/278 8278/15/278
f 8269/15/278 8277/15/278 8278/15/278 8267/15/278
f 8277/15/278 8269/15/278 8276/15/278
f 8270/15/278 8275/15/278 8276/15/278 8269/15/278
f 8268/15/278 8274/15/278 8275/15/278 8270/15/278
f 8271/15/278 8273/15/278 8274/15/278 8268/15/278
f 8272/15/278 8273/15/278 8271/15/278
f 8318/15/279 8345/15/279 8346/15/279 8319/15/279
f 8299/15/279 8300/15/279 8298/15/279
f 8298/15/279 8300/15/279 8301/15/279 8295/15/279
f 8295/15/279 8301/15/279 8302/15/279 8297/15/279
f 8297/15/279 8302/15/279 8303/15/279 8296/15/279
f 8303/15/279 8304/15/279 8296/15/279
f 8296/15/279 8304/15/279 8305/15/279 8294/15/279
f 8306/15/279 8320/15/279 8294/15/279 8305/15/279
f 8306/15/279 8307/15/279 8320/15/279
f 8308/15/279 8319/15/279 8320/15/279 8307/15/279
f 8308/15/279 8309/15/279 8319/15/279
f 8309/15/279 8310/15/279 8319/15/279
f 8311/15/279 8312/15/279 8310/15/279
f 8312/15/279 8313/15/279 8310/15/279
f 8313/15/279 8314/15/279 8310/15/279
f 8310/15/279 8314/15/279 8319/15/279
f 8314/15/279 8315/15/279 8319/15/279
f 8315/15/279 8316/15/279 8319/15/279
f 8317/15/279 8318/15/279 8319/15/279 8316/15/279
f 8345/15/279 8344/15/279 8346/15/279
f 8343/15/279 8346/15/279 8344/15/279
f 8342/15/279 8346/15/279 8343/15/279
f 8341/15/279 8346/15/279 8342/15/279
f 8338/15/279 8337/15/279 8339/15/279
f 8339/15/279 8337/15/279 8340/15/279
f 8340/15/279 8337/15/279 8341/15/279
f 8346/15/279 8341/15/279 8337/15/279
f 8337/15/279 8336/15/279 8346/15/279
f 8335/15/279 8346/15/279 8336/15/279
f 8335/15/279 8334/15/279 8347/15/279 8346/15/279
f 8333/15/279 8347/15/279 8334/15/279
f 8333/15/279 8332/15/279 8321/15/279 8347/15/279
f 8323/15/279 8321/15/279 8332/15/279 8331/15/279
f 8331/15/279 8330/15/279 8323/15/279
f 8324/15/279 8323/15/279 8330/15/279 8329/15/279
f 8322/15/279 8324/15/279 8329/15/279 8328/15/279
f 8325/15/279 8322/15/279 8328/15/279 8327/15/279
f 8326/15/279 8325/15/279 8327/15/279
f 8273/15/396 8272/15/396 8326/15/396 8327/15/396
f 8246/15/352 8247/15/352 8301/15/352 8300/15/352
f 8274/15/351 8273/15/351 8327/15/351 8328/15/351
f 8247/15/354 8248/15/354 8302/15/354 8301/15/354
f 8275/15/353 8274/15/353 8328/15/353 8329/15/353
f 8248/15/356 8249/15/356 8303/15/356 8302/15/356
f 8276/15/355 8275/15/355 8329/15/355 8330/15/355
f 8249/15/358 8250/15/358 8304/15/358 8303/15/358
f 8277/15/357 8276/15/357 8330/15/357 8331/15/357
f 8250/15/360 8251/15/360 8305/15/360 8304/15/360
f 8278/15/359 8277/15/359 8331/15/359 8332/15/359
f 8251/15/362 8252/15/362 8306/15/362 8305/15/362
f 8279/15/361 8278/15/361 8332/15/361 8333/15/361
f 8252/15/364 8253/15/364 8307/15/364 8306/15/364
f 8280/15/467 8279/15/467 8333/15/467 8334/15/467
f 8253/15/366 8254/15/366 8308/15/366 8307/15/366
f 8281/15/365 8280/15/365 8334/15/365 8335/15/365
f 8254/15/368 8255/15/368 8309/15/368 8308/15/368
f 8282/15/367 8281/15/367 8335/15/367 8336/15/367
f 8255/15/370 8256/15/370 8310/15/370 8309/15/370
f 8283/15/369 8282/15/369 8336/15/369 8337/15/369
f 8256/15/372 8257/15/372 8311/15/372 8310/15/372
f 8284/15/371 8283/15/371 8337/15/371 8338/15/371
f 8257/15/374 8258/15/374 8312/15/374 8311/15/374
f 8285/15/373 8284/15/373 8338/15/373 8339/15/373
f 8258/15/376 8259/15/376 8313/15/376 8312/15/376
f 8286/15/375 8285/15/375 8339/15/375 8340/15/375
f 8259/15/515 8260/15/515 8314/15/515 8313/15/515
f 8287/15/400 8286/15/400 8340/15/400 8341/15/400
f 8260/15/380 8261/15/380 8315/15/380 8314/15/380
f 8288/15/379 8287/15/379 8341/15/379 8342/15/379
f 8261/15/382 8262/15/382 8316/15/382 8315/15/382
f 8289/15/381 8288/15/381 8342/15/381 8343/15/381
f 8262/15/476 8263/15/476 8317/15/476 8316/15/476
f 8290/15/456 8289/15/456 8343/15/456 8344/15/456
f 8263/15/478 8264/15/478 8318/15/478 8317/15/478
f 8291/15/477 8290/15/477 8344/15/477 8345/15/477
f 8293/15/278 8292/15/278 8350/15/278 8351/15/278
f 8292/15/278 8265/15/278 8348/15/278 8350/15/278
f 8266/15/274 8240/15/274 8294/15/274 8320/15/274
f 8240/15/274 8242/15/274 8296/15/274 8294/15/274
f 8267/15/275 8293/15/275 8347/15/275 8321/15/275
f 8269/15/275 8267/15/275 8321/15/275 8323/15/275
f 8241/15/389 8244/15/389 8298/15/389 8295/15/389
f 8266/15/398 8320/15/398 8353/15/398 8349/15/398
f 8271/15/387 8268/15/387 8322/15/387 8325/15/387
f 8243/15/391 8241/15/391 8295/15/391 8297/15/391
f 8264/15/281 8291/15/281 8345/15/281 8318/15/281
f 8268/15/390 8270/15/390 8324/15/390 8322/15/390
f 8242/15/393 8243/15/393 8297/15/393 8296/15/393
f 8270/15/392 8269/15/392 8323/15/392 8324/15/392
f 8244/15/395 8245/15/395 8299/15/395 8298/15/395
f 8272/15/394 8271/15/394 8325/15/394 8326/15/394
f 8245/15/350 8246/15/350 8300/15/350 8299/15/350
f 8348/15/280 8349/15/280 8353/15/280 8352/15/280
f 8351/15/280 8350/15/280 8354/15/280 8355/15/280
f 8350/15/280 8348/15/280 8352/15/280 8354/15/280
f 8320/15/468 8319/15/468 8352/15/468 8353/15/468
f 8347/15/388 8293/15/388 8351/15/388 8355/15/388
f 8319/15/468 8346/15/468 8354/15/468 8352/15/468
f 8346/15/468 8347/15/468 8355/15/468 8354/15/468
f 8265/15/278 8266/15/278 8349/15/278 8348/15/278
f 8363/15/709 8369/15/709 8366/15/709 8360/15/709
f 8361/15/683 8364/15/683 8362/15/683 8368/15/683 8379/15/683 8378/15/683 8367/15/683
f 8372/15/710 8373/15/710 8365/15/710 8359/15/710
f 8359/15/711 8365/15/711 8369/15/711 8363/15/711
f 8360/15/712 8366/15/712 8371/15/712 8370/15/712
f 8377/15/713 8376/15/713 8416/15/713 8415/15/713 8378/15/713 8379/15/713 8418/15/713 8417/15/713
f 8374/15/714 8371/15/714 8377/15/714
f 8373/15/714 8375/15/714 8376/15/714
f 8376/15/714 8377/15/714 8371/15/714 8373/15/714
f 8370/15/715 8371/15/715 8374/15/715 8420/15/715 8419/15/715 8368/15/715 8362/15/715
f 8361/15/716 8367/15/716 8413/15/716 8414/15/716 8375/15/716 8373/15/716 8372/15/716
f 8363/15/480 8359/15/480 8382/15/480 8380/15/480
f 8360/15/479 8363/15/479 8380/15/479 8381/15/479
f 8386/15/279 8387/15/279 8397/15/279 8396/15/279
f 8391/15/279 8394/15/279 8402/15/279 8401/15/279 8400/15/279 8393/15/279 8390/15/279
f 8387/15/605 8411/15/605 8448/15/605 8445/15/605
f 8383/15/606 8384/15/606 8395/15/606 8408/15/606
f 8388/15/279 8389/15/279 8399/15/279 8398/15/279
f 8389/15/279 8386/15/279 8396/15/279 8399/15/279
f 8387/15/279 8392/15/279 8403/15/279 8397/15/279
f 8407/15/279 8401/15/279 8402/15/279 8406/15/279
f 8405/15/279 8407/15/279 8403/15/279
f 8398/15/279 8406/15/279 8404/15/279
f 8406/15/279 8398/15/279 8403/15/279 8407/15/279
f 8392/15/279 8393/15/279 8400/15/279 8405/15/279 8403/15/279
f 8391/15/279 8388/15/279 8398/15/279 8404/15/279 8394/15/279
f 8409/15/279 8408/15/279 8410/15/279 8412/15/279
f 8408/15/279 8395/15/279 8411/15/279 8410/15/279
f 8385/15/607 8383/15/607 8408/15/607 8409/15/607
f 8412/15/608 8389/15/608 8440/15/608 8442/15/608
f 8386/15/480 8389/15/480 8412/15/480 8410/15/480
f 8387/15/479 8386/15/479 8410/15/479 8411/15/479
f 8370/15/609 8362/15/609 8393/15/609 8392/15/609
f 8365/15/717 8373/15/717 8398/15/717 8399/15/717
f 8360/15/488 8370/15/488 8392/15/488 8387/15/488
f 8379/15/694 8368/15/694 8400/15/694 8401/15/694
f 8378/15/718 8415/15/718 8416/15/718 8376/15/718 8406/15/718 8402/15/718
f 8371/15/719 8366/15/719 8397/15/719 8403/15/719
f 8368/15/720 8419/15/720 8420/15/720 8374/15/720 8405/15/720 8400/15/720
f 8358/15/611 8357/15/611 8384/15/611 8383/15/611
f 8369/15/721 8365/15/721 8399/15/721 8396/15/721
f 8377/15/722 8417/15/722 8418/15/722 8379/15/722 8401/15/722 8407/15/722
f 8375/15/723 8414/15/723 8413/15/723 8367/15/723 8394/15/723 8404/15/723
f 8356/15/613 8358/15/613 8383/15/613 8385/15/613
f 8367/15/701 8378/15/701 8402/15/701 8394/15/701
f 8384/15/615 8357/15/615 8444/15/615 8446/15/615
f 8361/15/616 8372/15/616 8388/15/616 8391/15/616
f 8374/15/724 8377/15/724 8407/15/724 8405/15/724
f 8389/15/635 8359/15/635 8438/15/635 8440/15/635
f 8372/15/486 8359/15/486 8389/15/486 8388/15/486
f 8376/15/724 8375/15/724 8404/15/724 8406/15/724
f 8373/15/725 8371/16/725 8403/17/725 8398/18/725
f 8366/15/726 8369/15/726 8396/15/726 8397/15/726
f 8414/15/278 8421/15/278 8422/15/278 8416/15/278
f 8420/15/278 8417/15/278 8423/15/278 8424/15/278
f 8426/15/274 8428/15/274 8432/15/274 8430/15/274
f 8420/15/274 8424/15/274 8428/15/274 8426/15/274
f 8417/15/280 8420/15/280 8426/15/280 8425/15/280
f 8423/15/275 8417/15/275 8425/15/275 8427/15/275
f 8424/15/281 8423/15/281 8427/15/281 8428/15/281
f 8430/15/279 8432/15/279 8431/15/279 8429/15/279
f 8425/15/280 8426/15/280 8430/15/280 8429/15/280
f 8427/15/275 8425/15/275 8429/15/275 8431/15/275
f 8428/15/281 8427/15/281 8431/15/281 8432/15/281
f 8433/15/279 8434/15/279 8436/15/279 8435/15/279
f 8414/15/620 8416/15/620 8434/15/620 8433/15/620
f 8421/15/275 8414/15/275 8433/15/275 8435/15/275
f 8422/15/621 8421/15/621 8435/15/621 8436/15/621
f 8416/15/274 8422/15/274 8436/15/274 8434/15/274
f 8440/15/622 8439/15/622 8441/15/622 8442/15/622
f 8438/15/623 8437/15/623 8439/15/623 8440/15/623
f 8359/15/624 8356/15/624 8437/15/624 8438/15/624
f 8356/15/625 8385/15/625 8439/15/625 8437/15/625
f 8385/15/626 8409/15/626 8441/15/626 8439/15/626
f 8409/15/627 8412/15/627 8442/15/627 8441/15/627
f 8446/15/628 8445/15/628 8448/15/628 8447/15/628
f 8444/15/629 8443/15/629 8445/15/629 8446/15/629
f 8411/15/630 8395/15/630 8447/15/630 8448/15/630
f 8357/15/631 8360/15/631 8443/15/631 8444/15/631
f 8360/15/632 8387/15/632 8445/15/632 8443/15/632
f 8395/15/633 8384/15/633 8446/15/633 8447/15/633
f 8358/15/278 8363/15/278 8360/15/278 8357/15/278
f 8356/15/278 8359/15/278 8363/15/278 8358/15/278
f 8473/15/275 8474/15/275 8501/15/275 8500/15/275
f 8454/15/275 8453/15/275 8455/15/275
f 8453/15/275 8450/15/275 8456/15/275 8455/15/275
f 8450/15/275 8452/15/275 8457/15/275 8456/15/275
f 8452/15/275 8451/15/275 8458/15/275 8457/15/275
f 8458/15/275 8451/15/275 8459/15/275
f 8451/15/275 8449/15/275 8460/15/275 8459/15/275
f 8461/15/275 8460/15/275 8449/15/275 8475/15/275
f 8461/15/275 8475/15/275 8462/15/275
f 8463/15/275 8462/15/275 8475/15/275 8474/15/275
f 8463/15/275 8474/15/275 8464/15/275
f 8464/15/275 8474/15/275 8465/15/275
f 8466/15/275 8465/15/275 8467/15/275
f 8467/15/275 8465/15/275 8468/15/275
f 8468/15/275 8465/15/275 8469/15/275
f 8465/15/275 8474/15/275 8469/15/275
f 8469/15/275 8474/15/275 8470/15/275
f 8470/15/275 8474/15/275 8471/15/275
f 8472/15/275 8471/15/275 8474/15/275 8473/15/275
f 8500/15/275 8501/15/275 8499/15/275
f 8498/15/275 8499/15/275 8501/15/275
f 8497/15/285 8498/15/285 8501/15/285
f 8496/15/275 8497/15/275 8501/15/275
f 8493/15/548 8494/15/548 8492/15/548
f 8494/15/275 8495/15/275 8492/15/275
f 8495/15/284 8496/15/284 8492/15/284
f 8501/15/275 8492/15/275 8496/15/275
f 8492/15/275 8501/15/275 8491/15/275
f 8490/15/275 8491/15/275 8501/15/275
f 8490/15/275 8501/15/275 8502/15/275 8489/15/275
f 8488/15/275 8489/15/275 8502/15/275
f 8488/15/275 8502/15/275 8476/15/275 8487/15/275
f 8478/15/275 8486/15/275 8487/15/275 8476/15/275
f 8486/15/285 8478/15/285 8485/15/285
f 8479/15/275 8484/15/275 8485/15/275 8478/15/275
f 8477/15/275 8483/15/275 8484/15/275 8479/15/275
f 8480/15/275 8482/15/275 8483/15/275 8477/15/275
f 8481/15/275 8482/15/275 8480/15/275
f 8527/15/274 8554/15/274 8555/15/274 8528/15/274
f 8508/15/274 8509/15/274 8507/15/274
f 8507/15/274 8509/15/274 8510/15/274 8504/15/274
f 8504/15/274 8510/15/274 8511/15/274 8506/15/274
f 8506/15/274 8511/15/274 8512/15/274 8505/15/274
f 8512/15/293 8513/15/293 8505/15/293
f 8505/15/274 8513/15/274 8514/15/274 8503/15/274
f 8515/15/274 8529/15/274 8503/15/274 8514/15/274
f 8515/15/274 8516/15/274 8529/15/274
f 8517/15/274 8528/15/274 8529/15/274 8516/15/274
f 8517/15/274 8518/15/274 8528/15/274
f 8518/15/274 8519/15/274 8528/15/274
f 8520/15/274 8521/15/274 8519/15/274
f 8521/15/274 8522/15/274 8519/15/274
f 8522/15/274 8523/15/274 8519/15/274
f 8519/15/274 8523/15/274 8528/15/274
f 8523/15/295 8524/15/295 8528/15/295
f 8524/15/274 8525/15/274 8528/15/274
f 8526/15/274 8527/15/274 8528/15/274 8525/15/274
f 8554/15/274 8553/15/274 8555/15/274
f 8552/15/274 8555/15/274 8553/15/274
f 8551/15/293 8555/15/293 8552/15/293
f 8550/15/295 8555/15/295 8551/15/295
f 8547/15/292 8546/15/292 8548/15/292
f 8548/15/274 8546/15/274 8549/15/274
f 8549/15/293 8546/15/293 8550/15/293
f 8555/15/274 8550/15/274 8546/15/274
f 8546/15/274 8545/15/274 8555/15/274
f 8544/15/274 8555/15/274 8545/15/274
f 8544/15/274 8543/15/274 8556/15/274 8555/15/274
f 8542/15/274 8556/15/274 8543/15/274
f 8542/15/274 8541/15/274 8530/15/274 8556/15/274
f 8532/15/274 8530/15/274 8541/15/274 8540/15/274
f 8540/15/274 8539/15/274 8532/15/274
f 8533/15/274 8532/15/274 8539/15/274 8538/15/274
f 8531/15/274 8533/15/274 8538/15/274 8537/15/274
f 8534/15/274 8531/15/274 8537/15/274 8536/15/274
f 8535/15/274 8534/15/274 8536/15/274
f 8482/15/343 8481/15/343 8535/15/343 8536/15/343
f 8455/15/299 8456/15/299 8510/15/299 8509/15/299
f 8483/15/298 8482/15/298 8536/15/298 8537/15/298
f 8456/15/301 8457/15/301 8511/15/301 8510/15/301
f 8484/15/300 8483/15/300 8537/15/300 8538/15/300
f 8457/15/303 8458/15/303 8512/15/303 8511/15/303
f 8485/15/302 8484/15/302 8538/15/302 8539/15/302
f 8458/15/305 8459/15/305 8513/15/305 8512/15/305
f 8486/15/304 8485/15/304 8539/15/304 8540/15/304
f 8459/15/307 8460/15/307 8514/15/307 8513/15/307
f 8487/15/306 8486/15/306 8540/15/306 8541/15/306
f 8460/15/309 8461/15/309 8515/15/309 8514/15/309
f 8488/15/308 8487/15/308 8541/15/308 8542/15/308
f 8461/15/552 8462/15/552 8516/15/552 8515/15/552
f 8489/15/551 8488/15/551 8542/15/551 8543/15/551
f 8462/15/313 8463/15/313 8517/15/313 8516/15/313
f 8490/15/312 8489/15/312 8543/15/312 8544/15/312
f 8463/15/554 8464/15/554 8518/15/554 8517/15/554
f 8491/15/553 8490/15/553 8544/15/553 8545/15/553
f 8464/15/317 8465/15/317 8519/15/317 8518/15/317
f 8492/15/316 8491/15/316 8545/15/316 8546/15/316
f 8465/15/319 8466/15/319 8520/15/319 8519/15/319
f 8493/15/318 8492/15/318 8546/15/318 8547/15/318
f 8466/15/321 8467/15/321 8521/15/321 8520/15/321
f 8494/15/320 8493/15/320 8547/15/320 8548/15/320
f 8467/15/556 8468/15/556 8522/15/556 8521/15/556
f 8495/15/593 8494/15/593 8548/15/593 8549/15/593
f 8468/15/647 8469/15/647 8523/15/647 8522/15/647
f 8496/15/557 8495/15/557 8549/15/557 8550/15/557
f 8469/15/327 8470/15/327 8524/15/327 8523/15/327
f 8497/15/326 8496/15/326 8550/15/326 8551/15/326
f 8470/15/329 8471/15/329 8525/15/329 8524/15/329
f 8498/15/328 8497/15/328 8551/15/328 8552/15/328
f 8471/15/331 8472/15/331 8526/15/331 8525/15/331
f 8499/15/558 8498/15/558 8552/15/558 8553/15/558
f 8472/15/595 8473/15/595 8527/15/595 8526/15/595
f 8500/15/594 8499/15/594 8553/15/594 8554/15/594
f 8502/15/275 8501/15/275 8559/15/275 8560/15/275
f 8501/15/275 8474/15/275 8557/15/275 8559/15/275
f 8475/15/278 8449/15/278 8503/15/278 8529/15/278
f 8449/15/278 8451/15/278 8505/15/278 8503/15/278
f 8476/15/279 8502/15/279 8556/15/279 8530/15/279
f 8478/15/279 8476/15/279 8530/15/279 8532/15/279
f 8450/15/336 8453/15/336 8507/15/336 8504/15/336
f 8475/15/345 8529/15/345 8562/15/345 8558/15/345
f 8480/15/334 8477/15/334 8531/15/334 8534/15/334
f 8452/15/338 8450/15/338 8504/15/338 8506/15/338
f 8473/15/281 8500/15/281 8554/15/281 8527/15/281
f 8477/15/337 8479/15/337 8533/15/337 8531/15/337
f 8451/15/340 8452/15/340 8506/15/340 8505/15/340
f 8479/15/339 8478/15/339 8532/15/339 8533/15/339
f 8453/15/342 8454/15/342 8508/15/342 8507/15/342
f 8481/15/341 8480/15/341 8534/15/341 8535/15/341
f 8454/15/297 8455/15/297 8509/15/297 8508/15/297
f 8557/15/280 8558/15/280 8562/15/280 8561/15/280
f 8560/15/280 8559/15/280 8563/15/280 8564/15/280
f 8559/15/280 8557/15/280 8561/15/280 8563/15/280
f 8529/15/648 8528/15/648 8561/15/648 8562/15/648
f 8556/15/335 8502/15/335 8560/15/335 8564/15/335
f 8528/15/648 8555/15/648 8563/15/648 8561/15/648
f 8555/15/648 8556/15/648 8564/15/648 8563/15/648
f 8474/15/275 8475/15/275 8558/15/275 8557/15/275
f 8572/15/275 8578/15/275 8575/15/275 8569/15/275
f 8570/15/275 8573/15/275 8571/15/275 8577/15/275 8588/15/275 8587/15/275 8576/15/275
f 8581/15/275 8582/15/275 8574/15/275 8568/15/275
f 8568/15/275 8574/15/275 8578/15/275 8572/15/275
f 8569/15/275 8575/15/275 8580/15/275 8579/15/275
f 8586/15/275 8585/15/275 8625/15/275 8624/15/275 8587/15/275 8588/15/275 8627/15/275 8626/15/275
f 8583/15/275 8580/15/275 8586/15/275
f 8582/15/275 8584/15/275 8585/15/275
f 8585/15/275 8586/15/275 8580/15/275 8582/15/275
f 8579/15/275 8580/15/275 8583/15/275 8629/15/275 8628/15/275 8577/15/275 8571/15/275
f 8570/15/275 8576/15/275 8622/15/275 8623/15/275 8584/15/275 8582/15/275 8581/15/275
f 8572/15/560 8568/15/560 8591/15/560 8589/15/560
f 8569/15/559 8572/15/559 8589/15/559 8590/15/559
f 8595/15/274 8596/15/274 8606/15/274 8605/15/274
f 8600/15/274 8603/15/274 8611/15/274 8610/15/274 8609/15/274 8602/15/274 8599/15/274
f 8596/15/650 8620/15/650 8657/15/650 8654/15/650
f 8592/15/651 8593/15/651 8604/15/651 8617/15/651
f 8597/15/274 8598/15/274 8608/15/274 8607/15/274
f 8598/15/274 8595/15/274 8605/15/274 8608/15/274
f 8596/15/274 8601/15/274 8612/15/274 8606/15/274
f 8616/15/274 8610/15/274 8611/15/274 8615/15/274
f 8614/15/274 8616/15/274 8612/15/274
f 8607/15/274 8615/15/274 8613/15/274
f 8615/15/274 8607/15/274 8612/15/274 8616/15/274
f 8601/15/274 8602/15/274 8609/15/274 8614/15/274 8612/15/274
f 8600/15/274 8597/15/274 8607/15/274 8613/15/274 8603/15/274
f 8618/15/274 8617/15/274 8619/15/274 8621/15/274
f 8617/15/274 8604/15/274 8620/15/274 8619/15/274
f 8594/15/652 8592/15/652 8617/15/652 8618/15/652
f 8621/15/653 8598/15/653 8649/15/653 8651/15/653
f 8595/15/560 8598/15/560 8621/15/560 8619/15/560
f 8596/15/559 8595/15/559 8619/15/559 8620/15/559
f 8579/15/654 8571/15/654 8602/15/654 8601/15/654
f 8574/15/568 8582/15/568 8607/15/568 8608/15/568
f 8569/15/568 8579/15/568 8601/15/568 8596/15/568
f 8588/15/655 8577/15/655 8609/15/655 8610/15/655
f 8587/15/566 8624/15/566 8625/15/566 8585/15/566 8615/15/566 8611/15/566
f 8580/15/566 8575/15/566 8606/15/566 8612/15/566
f 8577/15/566 8628/15/566 8629/15/566 8583/15/566 8614/15/566 8609/15/566
f 8567/15/679 8566/15/679 8593/15/679 8592/15/679
f 8578/15/657 8574/15/657 8608/15/657 8605/15/657
f 8586/15/568 8626/15/568 8627/15/568 8588/15/568 8610/15/568 8616/15/568
f 8584/15/568 8623/15/568 8622/15/568 8576/15/568 8603/15/568 8613/15/568
f 8565/15/658 8567/15/658 8592/15/658 8594/15/658
f 8576/15/659 8587/15/659 8611/15/659 8603/15/659
f 8593/15/660 8566/15/660 8653/15/660 8655/15/660
f 8570/15/661 8581/15/661 8597/15/661 8600/15/661
f 8583/15/662 8586/15/662 8616/15/662 8614/15/662
f 8598/15/663 8568/15/663 8647/15/663 8649/15/663
f 8581/15/566 8568/15/566 8598/15/566 8597/15/566
f 8585/15/662 8584/15/662 8613/15/662 8615/15/662
f 8582/15/655 8580/16/655 8612/17/655 8607/18/655
f 8575/15/664 8578/15/664 8605/15/664 8606/15/664
f 8623/15/275 8630/15/275 8631/15/275 8625/15/275
f 8629/15/275 8626/15/275 8632/15/275 8633/15/275
f 8635/15/278 8637/15/278 8641/15/278 8639/15/278
f 8629/15/278 8633/15/278 8637/15/278 8635/15/278
f 8626/15/278 8629/15/278 8635/15/278 8634/15/278
f 8632/15/278 8626/15/278 8634/15/278 8636/15/278
f 8633/15/278 8632/15/278 8636/15/278 8637/15/278
f 8639/15/274 8641/15/274 8640/15/274 8638/15/274
f 8634/15/280 8635/15/280 8639/15/280 8638/15/280
f 8636/15/279 8634/15/279 8638/15/279 8640/15/279
f 8637/15/281 8636/15/281 8640/15/281 8641/15/281
f 8642/15/274 8643/15/274 8645/15/274 8644/15/274
f 8623/15/665 8625/15/665 8643/15/665 8642/15/665
f 8630/15/279 8623/15/279 8642/15/279 8644/15/279
f 8631/15/666 8630/15/666 8644/15/666 8645/15/666
f 8625/15/278 8631/15/278 8645/15/278 8643/15/278
f 8649/15/667 8648/15/667 8650/15/667 8651/15/667
f 8647/15/668 8646/15/668 8648/15/668 8649/15/668
f 8568/15/669 8565/15/669 8646/15/669 8647/15/669
f 8565/15/670 8594/15/670 8648/15/670 8646/15/670
f 8594/15/671 8618/15/671 8650/15/671 8648/15/671
f 8618/15/672 8621/15/672 8651/15/672 8650/15/672
f 8655/15/673 8654/15/673 8657/15/673 8656/15/673
f 8653/15/674 8652/15/674 8654/15/674 8655/15/674
f 8620/15/675 8604/15/675 8656/15/675 8657/15/675
f 8566/15/676 8569/15/676 8652/15/676 8653/15/676
f 8569/15/677 8596/15/677 8654/15/677 8652/15/677
f 8604/15/681 8593/15/681 8655/15/681 8656/15/681
f 8567/15/275 8572/15/275 8569/15/275 8566/15/275
f 8565/15/275 8568/15/275 8572/15/275 8567/15/275
f 8570/15/281 8600/15/281 8599/15/281 8602/15/281 8571/15/281 8573/15/281
f 8658/15/279 8664/15/279 8668/15/279 8662/15/279
f 8659/15/279 8665/15/279 8667/15/279 8661/15/279
f 8660/15/279 8666/15/279 8664/15/279 8658/15/279
f 8661/15/279 8667/15/279 8669/15/279 8663/15/279
f 8663/15/279 8669/15/279 8666/15/279 8660/15/279
f 8662/15/279 8668/15/279 8665/15/279 8659/15/279
f 8665/15/279 8671/15/279 8673/15/279 8667/15/279
f 8666/15/279 8672/15/279 8670/15/279 8664/15/279
f 8667/15/279 8673/15/279 8675/15/279 8669/15/279
f 8669/15/279 8675/15/279 8672/15/279 8666/15/279
f 8668/15/279 8674/15/279 8671/15/279 8665/15/279
f 8664/15/279 8670/15/279 8674/15/279 8668/15/279
f 8672/15/279 8675/15/279 8673/15/279 8671/15/279 8674/15/279 8670/15/279
f 8676/15/278 8680/15/278 8686/15/278 8682/15/278
f 8677/15/278 8679/15/278 8685/15/278 8683/15/278
f 8678/15/278 8676/15/278 8682/15/278 8684/15/278
f 8679/15/278 8681/15/278 8687/15/278 8685/15/278
f 8681/15/278 8678/15/278 8684/15/278 8687/15/278
f 8680/15/278 8677/15/278 8683/15/278 8686/15/278
f 8693/15/278 8692/15/278 8691/15/278 8690/15/278 8689/15/278 8688/15/278
f 8687/15/727 8684/15/727 8694/15/727 8699/15/727
f 8685/15/728 8687/15/728 8699/15/728 8698/15/728
f 8684/15/274 8682/15/274 8695/15/274 8694/15/274
f 8683/15/275 8685/15/275 8698/15/275 8697/15/275
f 8682/15/280 8686/15/280 8696/15/280 8695/15/280
f 8686/15/280 8683/15/280 8697/15/280 8696/15/280
f 8658/15/281 8662/15/281 8680/15/281 8676/15/281
f 8659/15/274 8661/15/274 8679/15/274 8677/15/274
f 8660/15/275 8658/15/275 8676/15/275 8678/15/275
f 8661/15/729 8663/15/729 8681/15/729 8679/15/729
f 8663/15/730 8660/15/730 8678/15/730 8681/15/730
f 8662/15/281 8659/15/281 8677/15/281 8680/15/281
f 8697/15/278 8698/15/278 8704/15/278 8703/15/278
f 8694/15/278 8695/15/278 8701/15/278 8700/15/278
f 8698/15/278 8699/15/278 8705/15/278 8704/15/278
f 8699/15/278 8694/15/278 8700/15/278 8705/15/278
f 8696/15/278 8697/15/278 8703/15/278 8702/15/278
f 8695/15/278 8696/15/278 8702/15/278 8701/15/278
f 8704/15/728 8705/15/728 8688/15/728 8689/15/728
f 8705/15/727 8700/15/727 8693/15/727 8688/15/727
f 8702/15/280 8703/15/280 8690/15/280 8691/15/280
f 8701/15/280 8702/15/280 8691/15/280 8692/15/280
f 8703/15/275 8704/15/275 8689/15/275 8690/15/275
f 8700/15/274 8701/15/274 8692/15/274 8693/15/274
f 8783/15/278 8787/15/278 8709/15/278 8739/15/278
f 8709/15/278 8713/15/278 8715/15/278 8711/15/278
f 8708/15/278 8710/15/278 8714/15/278 8712/15/278
f 8787/15/278 8788/15/278 8713/15/278 8709/15/278
f 8741/15/279 8719/15/279 8737/15/279 8743/15/279
f 8723/15/280 8724/15/280 8732/15/280 8731/15/280
f 8721/15/458 8725/15/458 8733/15/458 8729/15/458
f 8724/15/459 8720/15/459 8728/15/459 8732/15/459
f 8709/15/281 8711/15/281 8721/15/281 8719/15/281
f 8739/15/275 8709/15/275 8719/15/275 8741/15/275
f 8711/15/460 8715/15/460 8725/15/460 8721/15/460
f 8764/15/280 8712/15/280 8723/15/280 8767/15/280
f 8756/15/274 8706/15/274 8717/15/274 8757/15/274
f 8712/15/280 8714/15/280 8724/15/280 8723/15/280
f 8710/15/281 8708/15/281 8716/15/281 8720/15/281
f 8714/15/459 8710/15/459 8720/15/459 8724/15/459
f 8780/15/281 8707/15/281 8718/15/281 8781/15/281
f 8715/15/280 8713/15/280 8722/15/280 8725/15/280
f 8726/15/279 8729/15/279 8733/15/279 8730/15/279
f 8727/15/279 8731/15/279 8732/15/279 8728/15/279
f 8791/15/279 8726/15/279 8730/15/279 8792/15/279
f 8719/15/281 8721/15/281 8729/15/281 8726/15/281
f 8789/15/281 8719/15/281 8726/15/281 8791/15/281
f 8725/15/280 8722/15/280 8730/15/280 8733/15/280
f 8767/15/280 8723/15/280 8731/15/280 8769/15/280
f 8720/15/281 8716/15/281 8727/15/281 8728/15/281
f 8757/15/279 8717/15/279 8735/15/279 8758/15/279
f 8766/15/279 8716/15/279 8734/15/279 8771/15/279
f 8781/15/279 8718/15/279 8736/15/279 8782/15/279
f 8716/15/279 8740/15/279 8742/15/279 8734/15/279
f 8795/15/279 8749/15/279 8743/15/279 8794/15/279
f 8708/15/274 8738/15/274 8740/15/274 8716/15/274
f 8747/15/275 8739/15/275 8741/15/275 8748/15/275
f 8748/15/279 8741/15/279 8743/15/279 8749/15/279
f 8784/15/278 8783/15/278 8739/15/278 8747/15/278
f 8785/15/278 8784/15/278 8747/15/278 8753/15/278
f 8754/15/279 8748/15/279 8749/15/279 8755/15/279
f 8753/15/275 8747/15/275 8748/15/275 8754/15/275
f 8793/15/281 8771/15/281 8804/15/281 8817/15/281
f 8740/15/279 8745/15/279 8746/15/279 8742/15/279
f 8738/15/274 8744/15/274 8745/15/274 8740/15/274
f 8797/15/279 8761/15/279 8755/15/279 8796/15/279
f 8759/15/275 8753/15/275 8754/15/275 8760/15/275
f 8760/15/279 8754/15/279 8755/15/279 8761/15/279
f 8786/15/278 8785/15/278 8753/15/278 8759/15/278
f 8745/15/279 8751/15/279 8752/15/279 8746/15/279
f 8744/15/274 8750/15/274 8751/15/274 8745/15/274
f 8780/15/278 8786/15/278 8759/15/278 8707/15/278
f 8718/15/279 8760/15/279 8761/15/279 8736/15/279
f 8707/15/275 8759/15/275 8760/15/275 8718/15/275
f 8795/15/275 8796/15/275 8820/15/275 8819/15/275
f 8751/15/279 8757/15/279 8758/15/279 8752/15/279
f 8750/15/274 8756/15/274 8757/15/274 8751/15/274
f 8735/15/280 8770/15/280 8816/15/280 8799/15/280
f 8706/15/278 8756/15/278 8778/15/278 8762/15/278
f 8756/15/278 8750/15/278 8777/15/278 8778/15/278
f 8758/15/279 8779/15/279 8776/15/279 8752/15/279
f 8736/15/274 8761/15/274 8814/15/274 8801/15/274
f 8750/15/278 8744/15/278 8774/15/278 8777/15/278
f 8744/15/278 8738/15/278 8773/15/278 8774/15/278
f 8746/15/279 8775/15/279 8772/15/279 8742/15/279
f 8717/15/279 8765/15/279 8770/15/279 8735/15/279
f 8789/15/279 8766/15/279 8771/15/279 8793/15/279
f 8790/15/280 8767/15/280 8769/15/280 8792/15/280
f 8716/15/281 8766/15/281 8768/15/281 8727/15/281
f 8727/15/279 8768/15/279 8769/15/279 8731/15/279
f 8706/15/281 8762/15/281 8765/15/281 8717/15/281
f 8788/15/280 8764/15/280 8767/15/280 8790/15/280
f 8708/15/278 8712/15/278 8764/15/278 8763/15/278
f 8738/15/278 8708/15/278 8763/15/278 8773/15/278
f 8713/15/280 8788/15/280 8790/15/280 8722/15/280
f 8722/15/280 8790/15/280 8792/15/280 8730/15/280
f 8719/15/279 8789/15/279 8793/15/279 8737/15/279
f 8770/15/279 8782/15/279 8797/15/279 8779/15/279
f 8762/15/278 8778/15/278 8786/15/278 8780/15/278
f 8778/15/278 8777/15/278 8785/15/278 8786/15/278
f 8779/15/279 8797/15/279 8796/15/279 8776/15/279
f 8776/15/279 8796/15/279 8795/15/279 8775/15/279
f 8777/15/278 8774/15/278 8784/15/278 8785/15/278
f 8774/15/278 8773/15/278 8783/15/278 8784/15/278
f 8775/15/279 8795/15/279 8794/15/279 8772/15/279
f 8765/15/279 8781/15/279 8782/15/279 8770/15/279
f 8766/15/281 8789/15/281 8791/15/281 8768/15/281
f 8768/15/279 8791/15/279 8792/15/279 8769/15/279
f 8762/15/281 8780/15/281 8781/15/281 8765/15/281
f 8763/15/278 8764/15/278 8788/15/278 8787/15/278
f 8773/15/278 8763/15/278 8787/15/278 8783/15/278
f 8734/15/275 8742/15/275 8806/15/275 8805/15/275
f 8772/15/280 8794/15/280 8818/15/280 8807/15/280
f 8775/15/281 8746/15/281 8811/15/281 8810/15/281
f 8770/15/274 8779/15/274 8815/15/274 8816/15/274
f 8758/15/275 8735/15/275 8799/15/275 8798/15/275
f 8742/15/280 8772/15/280 8807/15/280 8806/15/280
f 8737/15/281 8793/15/281 8817/15/281 8803/15/281
f 8797/15/461 8782/15/461 8800/15/461 8821/15/461
f 8752/15/280 8776/15/280 8813/15/280 8812/15/280
f 8782/15/280 8736/15/280 8801/15/280 8800/15/280
f 8779/15/281 8758/15/281 8798/15/281 8815/15/281
f 8794/15/280 8743/15/280 8802/15/280 8818/15/280
f 8743/15/274 8737/15/274 8803/15/274 8802/15/274
f 8749/15/281 8795/15/281 8819/15/281 8809/15/281
f 8755/15/274 8749/15/274 8809/15/274 8808/15/274
f 8771/15/281 8734/15/281 8805/15/281 8804/15/281
f 8796/15/280 8755/15/280 8808/15/280 8820/15/280
f 8776/15/274 8775/15/274 8810/15/274 8813/15/274
f 8761/15/281 8797/15/281 8821/15/281 8814/15/281
f 8746/15/275 8752/15/275 8812/15/275 8811/15/275
f 8846/15/278 8847/15/278 8874/15/278 8873/15/278
f 8827/15/278 8826/15/278 8828/15/278
f 8826/15/278 8823/15/278 8829/15/278 8828/15/278
f 8823/15/278 8825/15/278 8830/15/278 8829/15/278
f 8825/15/278 8824/15/278 8831/15/278 8830/15/278
f 8831/15/278 8824/15/278 8832/15/278
f 8824/15/278 8822/15/278 8833/15/278 8832/15/278
f 8834/15/278 8833/15/278 8822/15/278 8848/15/278
f 8834/15/278 8848/15/278 8835/15/278
f 8836/15/278 8835/15/278 8848/15/278 8847/15/278
f 8836/15/278 8847/15/278 8837/15/278
f 8837/15/278 8847/15/278 8838/15/278
f 8839/15/278 8838/15/278 8840/15/278
f 8840/15/278 8838/15/278 8841/15/278
f 8841/15/278 8838/15/278 8842/15/278
f 8838/15/278 8847/15/278 8842/15/278
f 8842/15/278 8847/15/278 8843/15/278
f 8843/15/278 8847/15/278 8844/15/278
f 8845/15/278 8844/15/278 8847/15/278 8846/15/278
f 8873/15/278 8874/15/278 8872/15/278
f 8871/15/278 8872/15/278 8874/15/278
f 8870/15/278 8871/15/278 8874/15/278
f 8869/15/278 8870/15/278 8874/15/278
f 8866/15/278 8867/15/278 8865/15/278
f 8867/15/278 8868/15/278 8865/15/278
f 8868/15/278 8869/15/278 8865/15/278
f 8874/15/278 8865/15/278 8869/15/278
f 8865/15/278 8874/15/278 8864/15/278
f 8863/15/278 8864/15/278 8874/15/278
f 8863/15/278 8874/15/278 8875/15/278 8862/15/278
f 8861/15/278 8862/15/278 8875/15/278
f 8861/15/278 8875/15/278 8849/15/278 8860/15/278
f 8851/15/278 8859/15/278 8860/15/278 8849/15/278
f 8859/15/278 8851/15/278 8858/15/278
f 8852/15/278 8857/15/278 8858/15/278 8851/15/278
f 8850/15/278 8856/15/278 8857/15/278 8852/15/278
f 8853/15/278 8855/15/278 8856/15/278 8850/15/278
f 8854/15/278 8855/15/278 8853/15/278
f 8900/15/279 8927/15/279 8928/15/279 8901/15/279
f 8881/15/279 8882/15/279 8880/15/279
f 8880/15/279 8882/15/279 8883/15/279 8877/15/279
f 8877/15/279 8883/15/279 8884/15/279 8879/15/279
f 8879/15/279 8884/15/279 8885/15/279 8878/15/279
f 8885/15/279 8886/15/279 8878/15/279
f 8878/15/279 8886/15/279 8887/15/279 8876/15/279
f 8888/15/279 8902/15/279 8876/15/279 8887/15/279
f 8888/15/279 8889/15/279 8902/15/279
f 8890/15/279 8901/15/279 8902/15/279 8889/15/279
f 8890/15/279 8891/15/279 8901/15/279
f 8891/15/279 8892/15/279 8901/15/279
f 8893/15/279 8894/15/279 8892/15/279
f 8894/15/279 8895/15/279 8892/15/279
f 8895/15/279 8896/15/279 8892/15/279
f 8892/15/279 8896/15/279 8901/15/279
f 8896/15/463 8897/15/463 8901/15/463
f 8897/15/462 8898/15/462 8901/15/462
f 8899/15/279 8900/15/279 8901/15/279 8898/15/279
f 8927/15/279 8926/15/279 8928/15/279
f 8925/15/279 8928/15/279 8926/15/279
f 8924/15/463 8928/15/463 8925/15/463
f 8923/15/462 8928/15/462 8924/15/462
f 8920/15/279 8919/15/279 8921/15/279
f 8921/15/279 8919/15/279 8922/15/279
f 8922/15/279 8919/15/279 8923/15/279
f 8928/15/279 8923/15/279 8919/15/279
f 8919/15/279 8918/15/279 8928/15/279
f 8917/15/279 8928/15/279 8918/15/279
f 8917/15/279 8916/15/279 8929/15/279 8928/15/279
f 8915/15/279 8929/15/279 8916/15/279
f 8915/15/279 8914/15/279 8903/15/279 8929/15/279
f 8905/15/279 8903/15/279 8914/15/279 8913/15/279
f 8913/15/279 8912/15/279 8905/15/279
f 8906/15/279 8905/15/279 8912/15/279 8911/15/279
f 8904/15/279 8906/15/279 8911/15/279 8910/15/279
f 8907/15/279 8904/15/279 8910/15/279 8909/15/279
f 8908/15/279 8907/15/279 8909/15/279
f 8855/15/396 8854/15/396 8908/15/396 8909/15/396
f 8828/15/352 8829/15/352 8883/15/352 8882/15/352
f 8856/15/351 8855/15/351 8909/15/351 8910/15/351
f 8829/15/354 8830/15/354 8884/15/354 8883/15/354
f 8857/15/353 8856/15/353 8910/15/353 8911/15/353
f 8830/15/356 8831/15/356 8885/15/356 8884/15/356
f 8858/15/355 8857/15/355 8911/15/355 8912/15/355
f 8831/15/358 8832/15/358 8886/15/358 8885/15/358
f 8859/15/357 8858/15/357 8912/15/357 8913/15/357
f 8832/15/360 8833/15/360 8887/15/360 8886/15/360
f 8860/15/359 8859/15/359 8913/15/359 8914/15/359
f 8833/15/362 8834/15/362 8888/15/362 8887/15/362
f 8861/15/361 8860/15/361 8914/15/361 8915/15/361
f 8834/15/364 8835/15/364 8889/15/364 8888/15/364
f 8862/15/467 8861/15/467 8915/15/467 8916/15/467
f 8835/15/366 8836/15/366 8890/15/366 8889/15/366
f 8863/15/365 8862/15/365 8916/15/365 8917/15/365
f 8836/15/368 8837/15/368 8891/15/368 8890/15/368
f 8864/15/367 8863/15/367 8917/15/367 8918/15/367
f 8837/15/370 8838/15/370 8892/15/370 8891/15/370
f 8865/15/369 8864/15/369 8918/15/369 8919/15/369
f 8838/15/372 8839/15/372 8893/15/372 8892/15/372
f 8866/15/371 8865/15/371 8919/15/371 8920/15/371
f 8839/15/374 8840/15/374 8894/15/374 8893/15/374
f 8867/15/373 8866/15/373 8920/15/373 8921/15/373
f 8840/15/376 8841/15/376 8895/15/376 8894/15/376
f 8868/15/375 8867/15/375 8921/15/375 8922/15/375
f 8841/15/378 8842/15/378 8896/15/378 8895/15/378
f 8869/15/400 8868/15/400 8922/15/400 8923/15/400
f 8842/15/380 8843/15/380 8897/15/380 8896/15/380
f 8870/15/379 8869/15/379 8923/15/379 8924/15/379
f 8843/15/382 8844/15/382 8898/15/382 8897/15/382
f 8871/15/381 8870/15/381 8924/15/381 8925/15/381
f 8844/15/384 8845/15/384 8899/15/384 8898/15/384
f 8872/15/383 8871/15/383 8925/15/383 8926/15/383
f 8845/15/386 8846/15/386 8900/15/386 8899/15/386
f 8873/15/385 8872/15/385 8926/15/385 8927/15/385
f 8875/15/278 8874/15/278 8932/15/278 8933/15/278
f 8874/15/278 8847/15/278 8930/15/278 8932/15/278
f 8848/15/274 8822/15/274 8876/15/274 8902/15/274
f 8822/15/274 8824/15/274 8878/15/274 8876/15/274
f 8849/15/275 8875/15/275 8929/15/275 8903/15/275
f 8851/15/275 8849/15/275 8903/15/275 8905/15/275
f 8823/15/389 8826/15/389 8880/15/389 8877/15/389
f 8848/15/398 8902/15/398 8935/15/398 8931/15/398
f 8853/15/387 8850/15/387 8904/15/387 8907/15/387
f 8825/15/391 8823/15/391 8877/15/391 8879/15/391
f 8846/15/281 8873/15/281 8927/15/281 8900/15/281
f 8850/15/390 8852/15/390 8906/15/390 8904/15/390
f 8824/15/393 8825/15/393 8879/15/393 8878/15/393
f 8852/15/392 8851/15/392 8905/15/392 8906/15/392
f 8826/15/395 8827/15/395 8881/15/395 8880/15/395
f 8854/15/394 8853/15/394 8907/15/394 8908/15/394
f 8827/15/350 8828/15/350 8882/15/350 8881/15/350
f 8930/15/280 8931/15/280 8935/15/280 8934/15/280
f 8933/15/280 8932/15/280 8936/15/280 8937/15/280
f 8932/15/280 8930/15/280 8934/15/280 8936/15/280
f 8902/15/468 8901/15/468 8934/15/468 8935/15/468
f 8929/15/388 8875/15/388 8933/15/388 8937/15/388
f 8901/15/468 8928/15/468 8936/15/468 8934/15/468
f 8928/15/468 8929/15/468 8937/15/468 8936/15/468
f 8847/15/278 8848/15/278 8931/15/278 8930/15/278
usemtl стекло
f 2224/15/275 2212/15/275 2213/15/275 2223/15/275
f 2204/15/275 2205/15/275 2218/15/275 2225/15/275
f 2203/15/275 2220/15/275 2219/15/275 2202/15/275
f 2216/15/275 2217/15/275 2214/15/275 2215/15/275
f 2222/15/275 2206/15/275 2207/15/275 2221/15/275 2208/15/275 2209/15/275 2210/15/275 2211/15/275
f 2456/15/278 2444/15/278 2445/15/278 2455/15/278
f 2436/15/278 2437/15/278 2450/15/278 2457/15/278
f 2435/15/278 2452/15/278 2451/15/278 2434/15/278
f 2448/15/278 2449/15/278 2446/15/278 2447/15/278
f 2454/15/278 2438/15/278 2439/15/278 2453/15/278 2440/15/278 2441/15/278 2442/15/278 2443/15/278
f 2688/15/278 2676/15/278 2677/15/278 2687/15/278
f 2668/15/278 2669/15/278 2682/15/278 2689/15/278
f 2667/15/278 2684/15/278 2683/15/278 2666/15/278
f 2680/15/278 2681/15/278 2678/15/278 2679/15/278
f 2686/15/278 2670/15/278 2671/15/278 2685/15/278 2672/15/278 2673/15/278 2674/15/278 2675/15/278
f 2920/15/278 2908/15/278 2909/15/278 2919/15/278
f 2900/15/278 2901/15/278 2914/15/278 2921/15/278
f 2899/15/278 2916/15/278 2915/15/278 2898/15/278
f 2912/15/278 2913/15/278 2910/15/278 2911/15/278
f 2918/15/278 2902/15/278 2903/15/278 2917/15/278 2904/15/278 2905/15/278 2906/15/278 2907/15/278
f 3152/15/278 3140/15/278 3141/15/278 3151/15/278
f 3132/15/278 3133/15/278 3146/15/278 3153/15/278
f 3131/15/278 3148/15/278 3147/15/278 3130/15/278
f 3144/15/278 3145/15/278 3142/15/278 3143/15/278
f 3150/15/278 3134/15/278 3135/15/278 3149/15/278 3136/15/278 3137/15/278 3138/15/278 3139/15/278
f 3384/15/278 3372/15/278 3373/15/278 3383/15/278
f 3364/15/278 3365/15/278 3378/15/278 3385/15/278
f 3363/15/278 3380/15/278 3379/15/278 3362/15/278
f 3376/15/278 3377/15/278 3374/15/278 3375/15/278
f 3382/15/278 3366/15/278 3367/15/278 3381/15/278 3368/15/278 3369/15/278 3370/15/278 3371/15/278
f 3616/15/279 3604/15/279 3605/15/279 3615/15/279
f 3596/15/279 3597/15/279 3610/15/279 3617/15/279
f 3595/15/279 3612/15/279 3611/15/279 3594/15/279
f 3608/15/279 3609/15/279 3606/15/279 3607/15/279
f 3614/15/279 3598/15/279 3599/15/279 3613/15/279 3600/15/279 3601/15/279 3602/15/279 3603/15/279
f 3848/15/279 3836/15/279 3837/15/279 3847/15/279
f 3828/15/279 3829/15/279 3842/15/279 3849/15/279
f 3827/15/279 3844/15/279 3843/15/279 3826/15/279
f 3840/15/279 3841/15/279 3838/15/279 3839/15/279
f 3846/15/279 3830/15/279 3831/15/279 3845/15/279 3832/15/279 3833/15/279 3834/15/279 3835/15/279
f 4080/15/279 4068/15/279 4069/15/279 4079/15/279
f 4060/15/279 4061/15/279 4074/15/279 4081/15/279
f 4059/15/279 4076/15/279 4075/15/279 4058/15/279
f 4072/15/279 4073/15/279 4070/15/279 4071/15/279
f 4078/15/279 4062/15/279 4063/15/279 4077/15/279 4064/15/279 4065/15/279 4066/15/279 4067/15/279
f 4312/15/279 4300/15/279 4301/15/279 4311/15/279
f 4292/15/279 4293/15/279 4306/15/279 4313/15/279
f 4291/15/279 4308/15/279 4307/15/279 4290/15/279
f 4304/15/279 4305/15/279 4302/15/279 4303/15/279
f 4310/15/279 4294/15/279 4295/15/279 4309/15/279 4296/15/279 4297/15/279 4298/15/279 4299/15/279
f 4559/15/278 4556/15/278 4561/15/278 4563/15/278 4555/15/278
f 4609/15/278 4558/15/278 4569/15/278 4617/15/278 4618/15/278
f 4567/15/279 4615/15/279 4616/15/279 4564/15/279
f 4606/15/279 4566/15/279 4565/15/279 4604/15/279
f 4557/15/279 4568/15/279 4605/15/279 4612/15/279 4611/15/279 4603/15/279
f 4768/15/279 4764/15/279 4772/15/279 4770/15/279 4765/15/279
f 4818/15/279 4827/15/279 4826/15/279 4778/15/279 4767/15/279
f 4776/15/278 4773/15/278 4825/15/278 4824/15/278
f 4815/15/279 4775/15/279 4774/15/279 4813/15/279
f 4766/15/279 4777/15/279 4814/15/279 4821/15/279 4820/15/279 4812/15/279
f 4977/15/278 4974/15/278 4979/15/278 4981/15/278 4973/15/278
f 5027/15/279 5036/15/279 5035/15/279 4987/15/279 4976/15/279
f 4985/15/279 5033/15/279 5034/15/279 4982/15/279
f 5024/15/279 4984/15/279 4983/15/279 5022/15/279
f 4975/15/279 4986/15/279 5023/15/279 5030/15/279 5029/15/279 5021/15/279
f 5186/15/278 5183/15/278 5188/15/278 5190/15/278 5182/15/278
f 5236/15/279 5245/15/279 5244/15/279 5196/15/279 5185/15/279
f 5194/15/279 5242/15/279 5243/15/279 5191/15/279
f 5233/15/278 5231/15/278 5192/15/278 5193/15/278
f 5184/15/279 5195/15/279 5232/15/279 5239/15/279 5238/15/279 5230/15/279
f 5395/15/279 5391/15/279 5399/15/279 5397/15/279 5392/15/279
f 5445/15/279 5454/15/279 5453/15/279 5405/15/279 5394/15/279
f 5403/15/279 5451/15/279 5452/15/279 5400/15/279
f 5442/15/279 5402/15/279 5401/15/279 5440/15/279
f 5393/15/279 5404/15/279 5441/15/279 5448/15/279 5447/15/279 5439/15/279
f 5604/15/278 5601/15/278 5606/15/278 5608/15/278 5600/15/278
f 5654/15/278 5603/15/278 5614/15/278 5662/15/278 5663/15/278
f 5612/15/278 5609/15/278 5661/15/278 5660/15/278
f 5651/15/279 5611/15/279 5610/15/279 5649/15/279
f 5602/15/279 5613/15/279 5650/15/279 5657/15/279 5656/15/279 5648/15/279
f 5813/15/278 5810/15/278 5815/15/278 5817/15/278 5809/15/278
f 5863/15/278 5812/15/278 5823/15/278 5871/15/278 5872/15/278
f 5821/15/279 5869/15/279 5870/15/279 5818/15/279
f 5860/15/279 5820/15/279 5819/15/279 5858/15/279
f 5811/15/279 5822/15/279 5859/15/279 5866/15/279 5865/15/279 5857/15/279
f 6022/15/278 6019/15/278 6024/15/278 6026/15/278 6018/15/278
f 6072/15/278 6021/15/278 6032/15/278 6080/15/278 6081/15/278
f 6030/15/278 6027/15/278 6079/15/278 6078/15/278
f 6069/15/278 6067/15/278 6028/15/278 6029/15/278
f 6020/15/279 6031/15/279 6068/15/279 6075/15/279 6074/15/279 6066/15/279
f 6231/15/275 6228/15/275 6233/15/275 6235/15/275 6227/15/275
f 6281/15/274 6290/15/274 6289/15/274 6241/15/274 6230/15/274
f 6239/15/274 6287/15/274 6288/15/274 6236/15/274
f 6278/15/275 6276/15/275 6237/15/275 6238/15/275
f 6229/15/274 6240/15/274 6277/15/274 6284/15/274 6283/15/274 6275/15/274
f 6440/15/274 6436/15/274 6444/15/274 6442/15/274 6437/15/274
f 6490/15/274 6499/15/274 6498/15/274 6450/15/274 6439/15/274
f 6448/15/274 6496/15/274 6497/15/274 6445/15/274
f 6487/15/275 6485/15/275 6446/15/275 6447/15/275
f 6438/15/274 6449/15/274 6486/15/274 6493/15/274 6492/15/274 6484/15/274
f 6649/15/278 6645/15/278 6653/15/278 6651/15/278 6646/15/278
f 6699/15/278 6708/15/278 6707/15/278 6659/15/278 6648/15/278
f 6657/15/278 6705/15/278 6706/15/278 6654/15/278
f 6696/15/278 6656/15/278 6655/15/278 6694/15/278
f 6647/15/278 6658/15/278 6695/15/278 6702/15/278 6701/15/278 6693/15/278
f 6858/15/278 6854/15/278 6862/15/278 6860/15/278 6855/15/278
f 6908/15/278 6917/15/278 6916/15/278 6868/15/278 6857/15/278
f 6866/15/278 6914/15/278 6915/15/278 6863/15/278
f 6905/15/279 6903/15/279 6864/15/279 6865/15/279
f 6856/15/278 6867/15/278 6904/15/278 6911/15/278 6910/15/278 6902/15/278
f 7067/15/279 7064/15/279 7069/15/279 7071/15/279 7063/15/279
f 7117/15/278 7126/15/278 7125/15/278 7077/15/278 7066/15/278
f 7075/15/278 7123/15/278 7124/15/278 7072/15/278
f 7114/15/279 7112/15/279 7073/15/279 7074/15/279
f 7065/15/279 7111/15/279 7119/15/279 7120/15/279 7113/15/279 7076/15/279
f 7324/15/278 7320/15/278 7328/15/278 7326/15/278 7321/15/278
f 7374/15/278 7383/15/278 7382/15/278 7334/15/278 7323/15/278
f 7332/15/278 7380/15/278 7381/15/278 7329/15/278
f 7371/15/278 7331/15/278 7330/15/278 7369/15/278
f 7322/15/278 7333/15/278 7370/15/278 7377/15/278 7376/15/278 7368/15/278
f 7533/15/275 7529/15/275 7537/15/275 7535/15/275 7530/15/275
f 7583/15/275 7592/15/275 7591/15/275 7543/15/275 7532/15/275
f 7541/15/275 7589/15/275 7590/15/275 7538/15/275
f 7580/15/274 7578/15/274 7539/15/274 7540/15/274
f 7531/15/275 7542/15/275 7579/15/275 7586/15/275 7585/15/275 7577/15/275
f 7742/15/275 7738/15/275 7746/15/275 7744/15/275 7739/15/275
f 7792/15/275 7801/15/275 7800/15/275 7752/15/275 7741/15/275
f 7750/15/274 7747/15/274 7799/15/274 7798/15/274
f 7789/15/275 7749/15/275 7748/15/275 7787/15/275
f 7740/15/275 7751/15/275 7788/15/275 7795/15/275 7794/15/275 7786/15/275
f 7951/15/278 7947/15/278 7955/15/278 7953/15/278 7948/15/278
f 8001/15/278 8010/15/278 8009/15/278 7961/15/278 7950/15/278
f 7959/15/279 7956/15/279 8008/15/279 8007/15/279
f 7998/15/279 7996/15/279 7957/15/279 7958/15/279
f 7949/15/278 7960/15/278 7997/15/278 8004/15/278 8003/15/278 7995/15/278
f 8160/15/278 8156/15/278 8164/15/278 8162/15/278 8157/15/278
f 8210/15/278 8219/15/278 8218/15/278 8170/15/278 8159/15/278
f 8168/15/278 8216/15/278 8217/15/278 8165/15/278
f 8207/15/278 8167/15/278 8166/15/278 8205/15/278
f 8158/15/278 8169/15/278 8206/15/278 8213/15/278 8212/15/278 8204/15/278
f 8369/15/278 8365/15/278 8373/15/278 8371/15/278 8366/15/278
f 8419/15/278 8428/15/278 8427/15/278 8379/15/278 8368/15/278
f 8377/15/278 8425/15/278 8426/15/278 8374/15/278
f 8416/15/278 8376/15/278 8375/15/278 8414/15/278
f 8367/15/278 8378/15/278 8415/15/278 8422/15/278 8421/15/278 8413/15/278
f 8578/15/275 8574/15/275 8582/15/275 8580/15/275 8575/15/275
f 8628/15/275 8637/15/275 8636/15/275 8588/15/275 8577/15/275
f 8586/15/274 8583/15/274 8635/15/274 8634/15/274
f 8625/15/275 8585/15/275 8584/15/275 8623/15/275
f 8576/15/275 8587/15/275 8624/15/275 8631/15/275 8630/15/275 8622/15/275
f 8820/15/279 8808/15/279 8809/15/279 8819/15/279
f 8800/15/279 8801/15/279 8814/15/279 8821/15/279
f 8799/15/279 8816/15/279 8815/15/279 8798/15/279
f 8812/15/279 8813/15/279 8810/15/279 8811/15/279
f 8818/15/279 8802/15/279 8803/15/279 8817/15/279 8804/15/279 8805/15/279 8806/15/279 8807/15/279
