# Blender v2.75 (sub 0) OBJ File: 'гумрак.blend'
# www.blender.org
mtllib гумрак.mtl
o Плоскость.009_Плоскость.010
v -0.323722 6.466271 -7.831790
v -0.683448 6.466271 -7.831790
v -0.323722 6.825997 -7.831790
v -0.683448 6.825997 -7.831790
v -0.503555 6.466271 -7.831790
v -0.503555 6.916741 -7.831790
v -0.350333 6.495122 -7.831790
v -0.656833 6.495122 -7.831790
v -0.350333 6.801622 -7.831790
v -0.656833 6.801622 -7.831790
v -0.503557 6.495122 -7.831790
v -0.503557 6.878939 -7.831790
v -0.361998 6.507769 -7.831790
v -0.645167 6.507769 -7.831790
v -0.361998 6.790938 -7.831790
v -0.645167 6.790938 -7.831790
v -0.503559 6.507769 -7.831790
v -0.503559 6.862370 -7.831790
v -0.323722 6.466271 -7.881594
v -0.683448 6.466271 -7.881594
v -0.323722 6.825997 -7.881594
v -0.683448 6.825997 -7.881594
v -0.503555 6.466271 -7.881594
v -0.503555 6.916741 -7.881594
v -0.350333 6.495122 -7.881594
v -0.656833 6.495122 -7.881594
v -0.350333 6.801622 -7.881594
v -0.656833 6.801622 -7.881594
v -0.503557 6.495122 -7.881594
v -0.503557 6.878939 -7.881594
v -0.503559 6.862370 -7.863956
v -0.645167 6.790938 -7.863956
v -0.645167 6.507769 -7.863956
v -0.503559 6.507769 -7.863956
v -0.361998 6.507769 -7.863956
v -0.361998 6.790938 -7.863956
v -0.350333 6.801622 -7.872711
v -0.350333 6.495122 -7.872711
v -0.503557 6.495122 -7.872711
v -0.656833 6.495122 -7.872711
v -0.656833 6.801622 -7.872711
v -0.503557 6.878939 -7.872711
v -0.361998 6.790938 -7.872711
v -0.361998 6.507769 -7.872711
v -0.503559 6.507769 -7.872711
v -0.645167 6.507769 -7.872711
v -0.645167 6.790938 -7.872711
v -0.503559 6.862370 -7.872711
v -0.129381 4.242785 -11.835765
v -0.850076 4.242785 -11.835765
v -0.129380 5.195670 -11.835765
v -0.850076 5.195670 -11.835765
v -0.100398 5.195670 -11.835765
v -0.878180 5.195670 -11.835765
v -0.129380 5.264993 -11.835765
v -0.850076 5.264993 -11.835765
v -0.073922 5.264993 -11.835765
v -0.905535 5.264993 -11.835765
v -0.129380 5.195670 -11.883464
v -0.129381 4.242785 -11.883464
v -0.850076 4.242785 -11.883464
v -0.850076 5.195670 -11.883464
v -0.100398 5.195670 -11.883464
v -0.878180 5.195670 -11.883464
v -0.850076 5.264993 -11.883464
v -0.129380 5.264993 -11.883464
v -0.073922 5.264993 -11.883464
v -0.905535 5.264993 -11.883464
v -0.850076 5.195670 -11.930858
v -0.129380 5.195670 -11.930858
v -0.100398 5.195670 -11.930858
v -0.883481 5.195670 -11.930858
v -0.850076 5.264993 -11.930858
v -0.129380 5.264993 -11.930858
v -0.073922 5.264993 -11.930858
v -0.905535 5.264993 -11.930858
v -0.201727 5.100016 -11.883464
v -0.201727 4.315272 -11.883464
v -0.777730 4.315272 -11.883464
v -0.777729 5.100016 -11.883464
v -0.129381 4.858951 -11.835765
v -0.850076 4.858951 -11.835765
v -0.129381 4.858951 -11.883464
v -0.850076 4.858951 -11.883464
v -0.201727 4.885262 -11.883464
v -0.777730 4.885262 -11.883464
v -0.129381 4.814471 -11.835765
v -0.129381 4.814471 -11.883464
v -0.201727 4.852384 -11.883464
v -0.850076 4.814471 -11.835765
v -0.850076 4.814471 -11.883464
v -0.777730 4.852384 -11.883464
v -0.129381 4.657883 -11.835765
v -0.129381 4.657883 -11.883464
v -0.201727 4.727009 -11.883464
v -0.850076 4.657882 -11.835765
v -0.850076 4.657882 -11.883464
v -0.777730 4.727009 -11.883464
v -0.129381 4.618528 -11.835765
v -0.129381 4.618528 -11.883464
v -0.201727 4.694600 -11.883464
v -0.850076 4.618528 -11.835765
v -0.850076 4.618528 -11.883464
v -0.777730 4.694600 -11.883464
v -0.457565 4.242785 -11.835765
v -0.457565 5.195670 -11.835765
v -0.457565 5.264993 -11.835765
v -0.457565 4.242785 -11.883464
v -0.457565 5.195670 -11.883464
v -0.457565 5.264993 -11.883464
v -0.457565 5.195670 -11.930858
v -0.457565 5.264993 -11.930858
v -0.467789 4.315272 -11.883464
v -0.467789 5.100016 -11.883464
v -0.467789 4.885262 -11.883464
v -0.457565 4.858951 -11.835765
v -0.457565 4.814471 -11.835765
v -0.467789 4.852384 -11.883464
v -0.467789 4.727009 -11.883464
v -0.457565 4.657882 -11.835765
v -0.457565 4.618528 -11.835765
v -0.467789 4.694600 -11.883464
v -0.497874 4.242785 -11.835765
v -0.497874 4.242785 -11.883464
v -0.493144 4.315272 -11.883464
v -0.497874 4.858951 -11.835765
v -0.497874 4.814471 -11.835765
v -0.497874 4.657882 -11.835765
v -0.497874 4.618528 -11.835765
v -0.497874 5.195670 -11.835765
v -0.497874 5.264993 -11.835765
v -0.497874 5.195670 -11.883464
v -0.497874 5.264993 -11.883464
v -0.497874 5.195670 -11.930858
v -0.497874 5.264993 -11.930858
v -0.493144 5.100016 -11.883464
v -0.493144 4.885262 -11.883464
v -0.493144 4.852384 -11.883464
v -0.493144 4.727009 -11.883464
v -0.496911 4.694600 -11.883464
v -0.201727 4.694600 -11.858928
v -0.201727 4.315272 -11.858928
v -0.493144 4.315272 -11.858928
v -0.777730 4.315272 -11.858928
v -0.777730 4.885262 -11.858928
v -0.777729 5.100016 -11.858928
v -0.467789 5.100016 -11.858928
v -0.201727 5.100016 -11.858928
v -0.201727 4.885262 -11.858928
v -0.467789 4.885262 -11.858928
v -0.777730 4.727009 -11.858928
v -0.777730 4.852384 -11.858928
v -0.467789 4.852384 -11.858928
v -0.201727 4.852384 -11.858928
v -0.201727 4.727009 -11.858928
v -0.467789 4.727009 -11.858928
v -0.777730 4.694600 -11.858928
v -0.467789 4.694600 -11.858928
v -0.467789 4.315272 -11.858928
v -0.493144 5.100016 -11.858928
v -0.493144 4.885262 -11.858928
v -0.493144 4.852384 -11.858928
v -0.493144 4.727009 -11.858928
v -0.496911 4.694600 -11.858928
v -0.127399 4.186760 -11.836327
v -0.147375 4.087593 -11.836327
v -0.127399 4.125434 -11.836327
v -0.138916 4.102400 -11.836327
v -0.164388 4.071141 -11.836327
v -0.184982 4.060184 -11.836327
v -0.204725 4.067851 -11.836327
v -0.227524 4.087593 -11.836327
v -0.235984 4.105925 -11.836327
v -0.231049 4.118970 -11.836327
v -0.215507 4.132014 -11.836327
v -0.214596 4.147556 -11.836327
v -0.240920 4.158338 -11.836327
v -0.283695 4.169178 -11.836327
v -0.313310 4.165036 -11.836327
v -0.347859 4.145176 -11.836327
v -0.370893 4.128724 -11.836327
v -0.397216 4.119588 -11.836327
v -0.422805 4.125434 -11.836327
v -0.433353 4.141150 -11.836327
v -0.439992 4.153461 -11.836327
v -0.453037 4.156693 -11.836327
v -0.457180 4.138596 -11.836327
v -0.471076 4.128724 -11.836327
v -0.486058 4.130369 -11.836327
v -0.486058 4.210985 -11.836327
v -0.127399 4.210985 -11.836327
v -0.847285 4.186760 -11.836327
v -0.827308 4.087593 -11.836327
v -0.847285 4.125434 -11.836327
v -0.835768 4.102400 -11.836327
v -0.810296 4.071141 -11.836327
v -0.789702 4.060184 -11.836327
v -0.769959 4.067851 -11.836327
v -0.747159 4.087593 -11.836327
v -0.738700 4.105925 -11.836327
v -0.743636 4.118970 -11.836327
v -0.759177 4.132014 -11.836327
v -0.760088 4.147556 -11.836327
v -0.733764 4.158338 -11.836327
v -0.690988 4.169178 -11.836327
v -0.661374 4.165036 -11.836327
v -0.626824 4.145176 -11.836327
v -0.603791 4.128724 -11.836327
v -0.577468 4.119588 -11.836327
v -0.551879 4.125434 -11.836327
v -0.541331 4.141150 -11.836327
v -0.534692 4.153461 -11.836327
v -0.521646 4.156693 -11.836327
v -0.517504 4.138596 -11.836327
v -0.503608 4.128724 -11.836327
v -0.488625 4.130369 -11.836327
v -0.488625 4.210985 -11.836327
v -0.847285 4.210985 -11.836327
v -0.127399 4.186760 -11.867115
v -0.147375 4.087593 -11.867115
v -0.127399 4.125434 -11.867115
v -0.138916 4.102400 -11.867115
v -0.164388 4.071141 -11.867115
v -0.184982 4.060184 -11.867115
v -0.204725 4.067851 -11.867115
v -0.227524 4.087593 -11.867115
v -0.235984 4.105925 -11.867115
v -0.231049 4.118970 -11.867115
v -0.215507 4.132014 -11.867115
v -0.214596 4.147556 -11.867115
v -0.240920 4.158338 -11.867115
v -0.283695 4.169178 -11.867115
v -0.313310 4.165036 -11.867115
v -0.347859 4.145176 -11.867115
v -0.370893 4.128724 -11.867115
v -0.397216 4.119588 -11.867115
v -0.422805 4.125434 -11.867115
v -0.433353 4.141150 -11.867115
v -0.439992 4.153461 -11.867115
v -0.453037 4.156693 -11.867115
v -0.457180 4.138596 -11.867115
v -0.471076 4.128724 -11.867115
v -0.486058 4.130369 -11.867115
v -0.486058 4.210985 -11.867115
v -0.127399 4.210985 -11.867115
v -0.847285 4.186760 -11.867115
v -0.827308 4.087593 -11.867115
v -0.847285 4.125434 -11.867115
v -0.835768 4.102400 -11.867115
v -0.810296 4.071141 -11.867115
v -0.789702 4.060184 -11.867115
v -0.769959 4.067851 -11.867115
v -0.747159 4.087593 -11.867115
v -0.738700 4.105925 -11.867115
v -0.743636 4.118970 -11.867115
v -0.759177 4.132014 -11.867115
v -0.760088 4.147556 -11.867115
v -0.733764 4.158338 -11.867115
v -0.690988 4.169178 -11.867115
v -0.661374 4.165036 -11.867115
v -0.626824 4.145176 -11.867115
v -0.603791 4.128724 -11.867115
v -0.577468 4.119588 -11.867115
v -0.551879 4.125434 -11.867115
v -0.541331 4.141150 -11.867115
v -0.534692 4.153461 -11.867115
v -0.521646 4.156693 -11.867115
v -0.517504 4.138596 -11.867115
v -0.503608 4.128724 -11.867115
v -0.488625 4.130369 -11.867115
v -0.488625 4.210985 -11.867115
v -0.847285 4.210985 -11.867115
v -0.486058 4.243320 -11.836327
v -0.095673 4.243320 -11.836327
v -0.488625 4.243320 -11.836327
v -0.879011 4.243320 -11.836327
v -0.486058 4.243320 -11.903821
v -0.095673 4.243320 -11.903821
v -0.488625 4.243320 -11.903821
v -0.879011 4.243320 -11.903821
v -0.997912 2.726914 -11.845244
v 0.082057 2.726913 -11.845244
v -0.997912 0.943220 -11.845244
v 0.082057 0.943220 -11.845244
v 0.190053 2.726913 -11.845244
v -1.105909 2.726914 -11.845244
v 0.190053 2.834911 -11.845244
v -1.105909 2.834911 -11.845244
v -0.997912 2.726914 -11.932704
v 0.082057 2.726913 -11.932704
v -0.997912 0.943220 -11.932704
v 0.082057 0.943220 -11.932704
v 0.190053 2.726913 -11.932704
v -1.105909 2.726914 -11.932704
v 0.190053 2.834911 -11.932704
v -1.105909 2.834911 -11.932704
v -0.997912 2.726914 -11.997760
v 0.082057 2.726913 -11.997760
v 0.190053 2.726913 -11.997760
v -1.105909 2.726914 -11.997760
v 0.190053 2.834911 -11.997760
v -1.105909 2.834911 -11.997760
v -0.919358 1.029116 -11.932704
v -0.919358 2.648566 -11.932704
v 0.003502 2.648565 -11.932704
v 0.003502 1.029116 -11.932704
v -0.919358 1.029116 -11.890742
v -0.919358 2.648566 -11.890742
v 0.003502 2.648565 -11.890742
v 0.003502 1.029116 -11.890742
v -0.997912 2.215588 -11.845244
v 0.082057 2.215588 -11.845244
v -0.997912 2.215588 -11.932704
v 0.082057 2.215588 -11.932704
v -0.919358 2.184323 -11.932704
v 0.003502 2.184323 -11.932704
v -0.919358 2.184323 -11.890742
v 0.003502 2.184323 -11.890742
v -0.457928 2.726913 -11.845244
v -0.457928 0.943220 -11.845244
v -0.457928 2.726913 -11.932704
v -0.457928 0.943220 -11.932704
v -0.457928 2.726913 -11.997760
v -0.457928 2.648565 -11.932704
v -0.457928 1.029116 -11.932704
v -0.457928 2.648565 -11.890742
v -0.457928 1.029116 -11.890742
v -0.457928 2.184323 -11.890742
v -0.457928 2.215588 -11.845244
v -0.997912 2.267552 -11.845244
v -0.997912 2.267552 -11.932704
v -0.919358 2.231503 -11.932704
v -0.919358 2.231503 -11.890742
v 0.082057 2.267552 -11.845244
v 0.082057 2.267552 -11.932704
v 0.003502 2.231502 -11.932704
v 0.003502 2.231502 -11.890742
v -0.457928 2.267552 -11.845244
v -0.457928 2.231502 -11.890742
v 0.003502 2.231502 -11.931350
v 0.003502 2.184323 -11.931350
v -0.457928 2.184323 -11.931350
v -0.919358 2.184323 -11.931350
v -0.457928 2.231502 -11.931350
v -0.919358 2.231503 -11.931350
v -0.421111 2.726913 -11.845244
v -0.421111 2.726913 -11.932704
v -0.421111 2.726913 -11.997760
v -0.426467 2.648565 -11.932704
v -0.426467 2.648565 -11.890742
v -0.421111 2.215588 -11.845244
v -0.421111 0.943220 -11.845244
v -0.421111 0.943220 -11.932704
v -0.426467 1.029116 -11.932704
v -0.426467 1.029116 -11.890742
v -0.426467 2.184323 -11.890742
v -0.421111 2.267552 -11.845244
v -0.426467 2.231502 -11.890742
v -0.426467 2.184323 -11.931350
v -0.426467 2.231502 -11.931350
v -0.426467 1.029116 -11.884048
v -0.457928 1.029116 -11.884048
v -0.426467 2.184323 -11.884048
v -0.457928 2.184323 -11.884048
v -0.528834 1.029116 -12.138533
v -0.528834 1.029116 -12.096570
v -0.528834 2.184323 -12.138533
v -0.528834 2.184323 -12.096570
v -0.992010 0.003503 -11.844911
v -0.992010 0.003503 -13.208128
v 0.076403 0.003502 -11.844911
v 0.076403 0.003502 -13.208128
v -0.992010 0.154006 -11.844911
v -0.992010 0.154006 -13.208128
v 0.076403 0.154005 -11.844911
v 0.076403 0.154005 -13.208128
v -0.992010 0.003503 -13.020054
v 0.076403 0.003502 -13.020054
v -0.992010 0.154006 -13.067306
v 0.076403 0.154005 -13.067306
v -0.992010 0.379558 -13.067306
v -0.992010 0.322407 -11.844911
v 0.076403 0.322406 -11.844911
v 0.076403 0.379557 -13.067306
v -0.992010 0.003503 -12.943262
v -0.992010 0.154006 -12.943262
v 0.076403 0.003502 -12.943262
v 0.076403 0.154005 -12.943262
v -0.992010 0.379558 -12.895575
v 0.076403 0.379557 -12.895575
v -0.992010 0.552023 -12.895575
v -0.992010 0.552023 -11.844911
v 0.076403 0.552022 -11.844911
v 0.076403 0.552022 -12.895575
v -0.992010 0.003503 -12.866013
v -0.992010 0.154006 -12.866013
v -0.992010 0.322407 -12.866013
v 0.076403 0.003502 -12.866013
v 0.076403 0.154005 -12.866013
v -0.992010 0.552023 -12.722557
v 0.076403 0.552022 -12.722557
v -0.992010 0.763415 -12.722557
v -0.992010 0.763415 -11.844911
v 0.076403 0.763415 -11.844911
v 0.076403 0.763415 -12.722557
v -0.992010 0.003503 -12.799232
v -0.992010 0.154006 -12.799232
v -0.992010 0.322407 -12.799232
v 0.076403 0.003502 -12.799232
v 0.076403 0.154005 -12.799232
v 0.076403 0.322406 -12.799232
v -0.992010 0.763415 -12.547943
v 0.076403 0.763415 -12.547943
v -0.992010 0.949227 -12.547943
v -0.992010 0.949227 -11.844911
v 0.076403 0.949226 -11.844911
v 0.076403 0.949226 -12.547943
v -0.992010 1.408681 -12.547943
v -0.992010 1.408681 -11.844911
v 0.076403 1.408680 -11.844911
v 0.076403 1.408680 -12.547943
v 0.049425 0.949226 -12.547943
v 0.049425 1.408680 -11.844911
v 0.049425 1.408680 -12.547943
v -0.963662 0.949227 -12.547943
v -0.963662 0.949227 -11.844911
v -0.963665 1.408681 -12.547943
v -0.963662 1.408681 -11.844911
v 0.076403 1.018144 -11.999297
v 0.076403 1.018144 -12.491421
v 0.076403 1.339762 -11.999297
v 0.076403 1.339762 -12.491421
v -0.992010 1.018145 -12.491421
v -0.992010 1.018145 -11.999297
v -0.992010 1.339763 -12.491421
v -0.992010 1.339763 -11.999297
v 0.056403 1.018144 -11.999297
v 0.056403 1.018144 -12.491421
v 0.056403 1.339762 -11.999297
v 0.056403 1.339762 -12.491421
v -0.973662 0.949227 -12.547943
v -0.973662 0.949227 -11.844911
v -0.973662 1.408681 -12.547943
v -0.973662 1.408681 -11.844911
v -0.972010 1.018145 -12.491421
v -0.972010 1.018145 -11.999297
v -0.972010 1.339763 -12.491421
v -0.972010 1.339763 -11.999297
v 0.076403 0.688291 -13.208128
v -0.992010 0.688292 -13.208128
v 0.049429 0.688291 -13.208128
v 0.049428 0.154005 -13.208128
v 0.076403 0.154005 -13.176909
v 0.076403 0.688291 -13.176909
v 0.049429 0.688291 -13.176909
v 0.049428 0.154005 -13.176909
v 0.076403 1.386823 -12.524092
v 0.049425 1.386823 -12.524092
v 0.076403 0.666433 -13.184278
v 0.049429 0.666433 -13.184278
v -0.963665 0.688292 -13.208128
v -0.963665 0.154006 -13.208128
v -0.992010 1.387850 -12.525212
v -0.963665 1.387850 -12.525212
v -0.973662 1.387850 -12.525212
v -0.992010 0.667461 -13.185397
v -0.963665 0.667461 -13.185397
v -0.992010 0.154006 -13.177382
v -0.992010 0.688292 -13.177382
v -0.963665 0.688292 -13.177382
v -0.963665 0.154006 -13.177382
v 1.866301 1.498656 -11.168727
v 1.842506 1.380533 -11.168727
v 1.866301 1.425607 -11.168727
v 1.852582 1.398170 -11.168727
v 1.822242 1.360936 -11.168727
v 1.797710 1.347885 -11.168727
v 1.774194 1.357016 -11.168727
v 1.747035 1.380533 -11.168727
v 1.736959 1.402368 -11.168727
v 1.742838 1.417907 -11.168727
v 1.761351 1.433445 -11.168727
v 1.762435 1.451959 -11.168727
v 1.731079 1.464801 -11.168727
v 1.680127 1.477713 -11.168727
v 1.644852 1.472779 -11.168727
v 1.603698 1.449124 -11.168727
v 1.576262 1.429526 -11.168727
v 1.544906 1.418643 -11.168727
v 1.514426 1.425607 -11.168727
v 1.501861 1.444328 -11.168727
v 1.493953 1.458992 -11.168727
v 1.478415 1.462842 -11.168727
v 1.473480 1.441284 -11.168727
v 1.456927 1.429526 -11.168727
v 1.439081 1.431486 -11.168727
v 1.439081 1.527513 -11.168727
v 1.866301 1.527513 -11.168727
v 1.008804 1.498656 -11.168727
v 1.032599 1.380533 -11.168727
v 1.008804 1.425607 -11.168727
v 1.022522 1.398170 -11.168727
v 1.052863 1.360936 -11.168727
v 1.077395 1.347885 -11.168727
v 1.100911 1.357016 -11.168727
v 1.128069 1.380533 -11.168727
v 1.138146 1.402368 -11.168727
v 1.132267 1.417907 -11.168727
v 1.113754 1.433445 -11.168727
v 1.112670 1.451959 -11.168727
v 1.144025 1.464801 -11.168727
v 1.194978 1.477713 -11.168727
v 1.230253 1.472779 -11.168727
v 1.271407 1.449124 -11.168727
v 1.298843 1.429526 -11.168727
v 1.330199 1.418643 -11.168727
v 1.360678 1.425607 -11.168727
v 1.373243 1.444328 -11.168727
v 1.381151 1.458992 -11.168727
v 1.396690 1.462842 -11.168727
v 1.401624 1.441284 -11.168727
v 1.418177 1.429526 -11.168727
v 1.436023 1.431486 -11.168727
v 1.436023 1.527513 -11.168727
v 1.008804 1.527513 -11.168727
v 1.866301 1.498656 -11.205401
v 1.842506 1.380533 -11.205401
v 1.866301 1.425607 -11.205401
v 1.852582 1.398170 -11.205401
v 1.822242 1.360936 -11.205401
v 1.797710 1.347885 -11.205401
v 1.774194 1.357016 -11.205401
v 1.747035 1.380533 -11.205401
v 1.736959 1.402368 -11.205401
v 1.742838 1.417907 -11.205401
v 1.761351 1.433445 -11.205401
v 1.762435 1.451959 -11.205401
v 1.731079 1.464801 -11.205401
v 1.680127 1.477713 -11.205401
v 1.644852 1.472779 -11.205401
v 1.603698 1.449124 -11.205401
v 1.576262 1.429526 -11.205401
v 1.544906 1.418643 -11.205401
v 1.514426 1.425607 -11.205401
v 1.501861 1.444328 -11.205401
v 1.493953 1.458992 -11.205401
v 1.478415 1.462842 -11.205401
v 1.473480 1.441284 -11.205401
v 1.456927 1.429526 -11.205401
v 1.439081 1.431486 -11.205401
v 1.439081 1.527513 -11.205401
v 1.866301 1.527513 -11.205401
v 1.008804 1.498656 -11.205400
v 1.032599 1.380533 -11.205400
v 1.008804 1.425607 -11.205400
v 1.022522 1.398170 -11.205400
v 1.052863 1.360936 -11.205400
v 1.077395 1.347885 -11.205400
v 1.100911 1.357016 -11.205400
v 1.128069 1.380533 -11.205400
v 1.138146 1.402368 -11.205400
v 1.132267 1.417907 -11.205400
v 1.113754 1.433445 -11.205400
v 1.112670 1.451959 -11.205400
v 1.144025 1.464801 -11.205400
v 1.194978 1.477713 -11.205400
v 1.230253 1.472779 -11.205400
v 1.271407 1.449124 -11.205400
v 1.298843 1.429526 -11.205400
v 1.330199 1.418643 -11.205400
v 1.360678 1.425607 -11.205400
v 1.373243 1.444328 -11.205400
v 1.381151 1.458992 -11.205400
v 1.396690 1.462842 -11.205401
v 1.401624 1.441284 -11.205401
v 1.418177 1.429526 -11.205401
v 1.436023 1.431486 -11.205401
v 1.436023 1.527513 -11.205401
v 1.008804 1.527513 -11.205400
v 1.439081 1.566028 -11.168727
v 1.904091 1.566028 -11.168727
v 1.436023 1.566028 -11.168727
v 0.971013 1.566028 -11.168727
v 1.439081 1.566028 -11.249124
v 1.904091 1.566028 -11.249124
v 1.436023 1.566028 -11.249124
v 0.971013 1.566028 -11.249124
v 0.954693 3.211924 -11.168283
v 1.900217 3.211924 -11.168283
v 1.432852 3.504112 -11.168283
v 1.001107 3.168131 -11.168283
v 1.864598 3.168131 -11.168283
v 1.001107 1.532574 -11.168283
v 1.864598 1.532573 -11.168283
v 1.432852 3.442585 -11.168283
v 1.432852 1.532575 -11.168283
v 1.065868 3.074086 -11.168283
v 1.799836 3.074086 -11.168283
v 1.065868 1.674375 -11.168283
v 1.799836 1.669801 -11.168283
v 1.432852 3.307371 -11.168283
v 1.864598 2.367369 -11.168283
v 1.799836 2.615716 -11.168283
v 1.001107 2.367369 -11.168283
v 1.065868 2.615716 -11.168283
v 1.799836 2.529754 -11.168283
v 1.065868 2.529754 -11.168283
v 1.389678 2.529754 -11.168283
v 1.476027 2.529754 -11.168283
v 1.389678 1.669801 -11.168283
v 1.476027 1.669801 -11.168283
v 1.432852 3.442585 -11.236897
v 1.864598 3.168131 -11.236897
v 1.001107 3.168131 -11.236897
v 1.433295 3.496185 -11.236435
v 1.900659 3.203997 -11.236435
v 0.955136 3.203997 -11.236434
v 1.433295 3.434658 -11.236435
v 1.865041 3.160205 -11.236435
v 1.001549 2.359442 -11.236435
v 1.001549 3.160205 -11.236434
v 1.432741 1.532575 -11.236435
v 1.001107 1.532574 -11.236435
v 1.865041 2.359442 -11.236435
v 1.864598 1.532575 -11.236435
v 1.066311 1.666448 -11.236435
v 1.900659 3.203997 -11.305048
v 1.433295 3.299444 -11.236435
v 1.800279 3.066159 -11.236435
v 1.066310 2.607790 -11.236435
v 1.066310 3.066159 -11.236434
v 1.800279 1.661874 -11.236435
v 1.476469 1.661874 -11.236435
v 1.390120 1.661874 -11.236435
v 1.800279 2.607790 -11.236435
v 1.066310 2.521827 -11.236435
v 1.800279 2.521827 -11.236435
v 1.390120 2.521827 -11.236435
v 1.476469 2.521827 -11.236435
v 1.433295 3.496185 -11.305048
v 0.955136 3.203997 -11.305048
v 1.433295 3.434658 -11.305048
v 1.865041 3.160205 -11.305048
v 1.001548 3.160205 -11.305048
v 1.065868 1.959501 -11.168283
v 1.065868 2.273445 -11.168283
v 1.389678 1.956451 -11.168283
v 1.389678 2.271920 -11.168283
v 1.476027 2.271920 -11.168283
v 1.476027 1.956451 -11.168283
v 1.799836 1.956451 -11.168283
v 1.799836 2.271920 -11.168283
v 1.065868 2.234564 -11.168283
v 1.389678 2.233039 -11.168283
v 1.476027 2.233802 -11.168283
v 1.799836 2.233802 -11.168283
v 1.476027 2.271920 -11.168283
v 1.799836 2.271920 -11.168283
v 1.476027 2.233802 -11.168283
v 1.799836 2.233802 -11.168283
v 1.476027 2.271920 -11.236437
v 1.799836 2.271920 -11.236437
v 1.476027 2.233802 -11.236437
v 1.799836 2.233802 -11.236437
v 1.065868 2.273445 -11.236437
v 1.389678 2.271920 -11.236437
v 1.065868 2.234564 -11.236437
v 1.389678 2.233039 -11.236437
v 0.929034 3.191984 -11.165401
v 0.975446 3.148192 -11.165401
v 0.929476 3.184057 -11.233552
v 0.975889 3.140265 -11.233552
v 0.929476 3.184057 -11.302165
v 0.975889 3.140265 -11.302165
v 1.895065 3.147321 -11.165884
v 1.930684 3.191113 -11.165884
v 1.895507 3.139394 -11.234035
v 1.931126 3.183186 -11.234035
v 1.931126 3.183186 -11.302649
v 1.895507 3.139394 -11.302649
v -2.171027 1.500082 -11.168727
v -2.194822 1.381960 -11.168727
v -2.171027 1.427033 -11.168727
v -2.184746 1.399597 -11.168727
v -2.215086 1.362363 -11.168727
v -2.239618 1.349311 -11.168727
v -2.263134 1.358443 -11.168727
v -2.290292 1.381960 -11.168727
v -2.300369 1.403795 -11.168727
v -2.294490 1.419333 -11.168727
v -2.275977 1.434872 -11.168727
v -2.274893 1.453385 -11.168727
v -2.306248 1.466228 -11.168727
v -2.357201 1.479140 -11.168727
v -2.392476 1.474205 -11.168727
v -2.433630 1.450550 -11.168727
v -2.461066 1.430953 -11.168727
v -2.492422 1.420070 -11.168727
v -2.522902 1.427033 -11.168727
v -2.535466 1.445755 -11.168727
v -2.543375 1.460418 -11.168727
v -2.558913 1.464268 -11.168727
v -2.563848 1.442711 -11.168727
v -2.580401 1.430953 -11.168727
v -2.598247 1.432912 -11.168727
v -2.598247 1.528939 -11.168727
v -2.171027 1.528939 -11.168727
v -3.028524 1.500082 -11.168727
v -3.004729 1.381960 -11.168727
v -3.028524 1.427033 -11.168727
v -3.014806 1.399597 -11.168727
v -2.984465 1.362363 -11.168727
v -2.959933 1.349311 -11.168727
v -2.936417 1.358443 -11.168727
v -2.909259 1.381960 -11.168727
v -2.899182 1.403795 -11.168727
v -2.905061 1.419333 -11.168727
v -2.923574 1.434872 -11.168727
v -2.924659 1.453385 -11.168727
v -2.893303 1.466228 -11.168727
v -2.842350 1.479140 -11.168727
v -2.807075 1.474205 -11.168727
v -2.765921 1.450550 -11.168727
v -2.738485 1.430953 -11.168727
v -2.707129 1.420070 -11.168727
v -2.676649 1.427033 -11.168727
v -2.664085 1.445755 -11.168727
v -2.656177 1.460418 -11.168727
v -2.640638 1.464268 -11.168727
v -2.635704 1.442711 -11.168727
v -2.619151 1.430953 -11.168727
v -2.601305 1.432912 -11.168727
v -2.601305 1.528939 -11.168727
v -3.028524 1.528939 -11.168727
v -2.171027 1.500082 -11.205401
v -2.194822 1.381960 -11.205401
v -2.171027 1.427033 -11.205401
v -2.184746 1.399597 -11.205401
v -2.215086 1.362363 -11.205401
v -2.239618 1.349311 -11.205401
v -2.263134 1.358443 -11.205401
v -2.290292 1.381960 -11.205401
v -2.300369 1.403795 -11.205401
v -2.294490 1.419333 -11.205401
v -2.275977 1.434872 -11.205401
v -2.274893 1.453385 -11.205401
v -2.306248 1.466228 -11.205401
v -2.357201 1.479140 -11.205401
v -2.392476 1.474205 -11.205401
v -2.433630 1.450550 -11.205401
v -2.461066 1.430953 -11.205401
v -2.492422 1.420070 -11.205401
v -2.522902 1.427033 -11.205401
v -2.535466 1.445755 -11.205401
v -2.543375 1.460418 -11.205401
v -2.558913 1.464268 -11.205401
v -2.563848 1.442711 -11.205401
v -2.580401 1.430953 -11.205401
v -2.598247 1.432912 -11.205401
v -2.598247 1.528939 -11.205401
v -2.171027 1.528939 -11.205401
v -3.028524 1.500082 -11.205400
v -3.004729 1.381960 -11.205400
v -3.028524 1.427033 -11.205400
v -3.014806 1.399597 -11.205400
v -2.984465 1.362363 -11.205400
v -2.959933 1.349311 -11.205400
v -2.936417 1.358443 -11.205400
v -2.909259 1.381960 -11.205400
v -2.899182 1.403795 -11.205400
v -2.905061 1.419333 -11.205400
v -2.923574 1.434872 -11.205400
v -2.924659 1.453385 -11.205400
v -2.893303 1.466228 -11.205400
v -2.842350 1.479140 -11.205400
v -2.807075 1.474205 -11.205400
v -2.765921 1.450550 -11.205400
v -2.738485 1.430953 -11.205400
v -2.707129 1.420070 -11.205400
v -2.676650 1.427033 -11.205400
v -2.664085 1.445755 -11.205400
v -2.656177 1.460418 -11.205400
v -2.640638 1.464268 -11.205401
v -2.635704 1.442711 -11.205401
v -2.619151 1.430953 -11.205401
v -2.601305 1.432912 -11.205401
v -2.601305 1.528939 -11.205401
v -3.028524 1.528939 -11.205400
v -2.598247 1.567454 -11.168727
v -2.133237 1.567454 -11.168727
v -2.601305 1.567454 -11.168727
v -3.066315 1.567454 -11.168727
v -2.598247 1.567454 -11.249124
v -2.133237 1.567454 -11.249124
v -2.601305 1.567454 -11.249124
v -3.066315 1.567454 -11.249124
v -3.082634 3.213350 -11.168283
v -2.137111 3.213350 -11.168283
v -2.604476 3.505538 -11.168283
v -3.036222 3.169558 -11.168283
v -2.172730 3.169558 -11.168283
v -3.036222 1.534001 -11.168283
v -2.172730 1.533999 -11.168283
v -2.604476 3.444012 -11.168283
v -2.604476 1.534002 -11.168283
v -2.971460 3.075512 -11.168283
v -2.237492 3.075512 -11.168283
v -2.971460 1.675801 -11.168283
v -2.237492 1.671227 -11.168283
v -2.604476 3.308797 -11.168283
v -2.172730 2.368795 -11.168283
v -2.237492 2.617142 -11.168283
v -3.036222 2.368795 -11.168283
v -2.971460 2.617142 -11.168283
v -2.237492 2.531180 -11.168283
v -2.971460 2.531180 -11.168283
v -2.647650 2.531180 -11.168283
v -2.561301 2.531180 -11.168283
v -2.647650 1.671227 -11.168283
v -2.561301 1.671227 -11.168283
v -2.604476 3.444012 -11.236897
v -2.172730 3.169558 -11.236897
v -3.036222 3.169558 -11.236897
v -2.604033 3.497612 -11.236435
v -2.136669 3.205423 -11.236435
v -3.082192 3.205423 -11.236434
v -2.604033 3.436085 -11.236435
v -2.172287 3.161632 -11.236435
v -3.035779 2.360868 -11.236435
v -3.035779 3.161632 -11.236434
v -2.604587 1.534002 -11.236435
v -3.036222 1.534001 -11.236435
v -2.172287 2.360868 -11.236435
v -2.172730 1.534002 -11.236435
v -2.971017 1.667875 -11.236435
v -2.136669 3.205423 -11.305048
v -2.604033 3.300870 -11.236435
v -2.237049 3.067585 -11.236435
v -2.971017 2.609216 -11.236435
v -2.971017 3.067585 -11.236434
v -2.237049 1.663301 -11.236435
v -2.560859 1.663301 -11.236435
v -2.647208 1.663301 -11.236435
v -2.237050 2.609216 -11.236435
v -2.971017 2.523253 -11.236435
v -2.237050 2.523253 -11.236435
v -2.647208 2.523253 -11.236435
v -2.560859 2.523253 -11.236435
v -2.604033 3.497612 -11.305048
v -3.082192 3.205423 -11.305048
v -2.604033 3.436085 -11.305048
v -2.172287 3.161632 -11.305048
v -3.035779 3.161632 -11.305048
v -2.971460 1.960927 -11.168283
v -2.971460 2.274871 -11.168283
v -2.647650 1.957878 -11.168283
v -2.647650 2.273346 -11.168283
v -2.561301 2.273346 -11.168283
v -2.561301 1.957878 -11.168283
v -2.237492 1.957878 -11.168283
v -2.237492 2.273346 -11.168283
v -2.971460 2.235991 -11.168283
v -2.647650 2.234466 -11.168283
v -2.561301 2.235229 -11.168283
v -2.237492 2.235229 -11.168283
v -2.561301 2.273346 -11.168283
v -2.237492 2.273346 -11.168283
v -2.561301 2.235229 -11.168283
v -2.237492 2.235229 -11.168283
v -2.561301 2.273346 -11.236437
v -2.237492 2.273346 -11.236437
v -2.561301 2.235229 -11.236437
v -2.237492 2.235229 -11.236437
v -2.971460 2.274871 -11.236437
v -2.647650 2.273346 -11.236437
v -2.971460 2.235991 -11.236437
v -2.647650 2.234466 -11.236437
v -3.108294 3.193410 -11.165401
v -3.061882 3.149619 -11.165401
v -3.107852 3.185483 -11.233552
v -3.061439 3.141692 -11.233552
v -3.107852 3.185483 -11.302165
v -3.061439 3.141692 -11.302165
v -2.142263 3.148747 -11.165884
v -2.106644 3.192539 -11.165884
v -2.141820 3.140821 -11.234035
v -2.106201 3.184612 -11.234035
v -2.106201 3.184612 -11.302649
v -2.141820 3.140821 -11.302649
v -3.998050 4.617848 -2.397516
v -3.998050 4.617848 -1.345113
v -3.998050 6.009306 -2.397516
v -3.998050 6.009306 -1.345113
v -3.998050 6.009306 -2.439838
v -3.998050 6.009306 -1.304075
v -3.998050 6.110536 -2.397516
v -3.998050 6.110536 -1.345113
v -3.998050 6.110536 -2.478499
v -3.998050 6.110536 -1.264130
v -4.067703 6.009306 -2.397516
v -4.067703 4.617848 -2.397516
v -4.067703 4.617848 -1.345113
v -4.067703 6.009306 -1.345113
v -4.067703 6.009306 -2.439838
v -4.067703 6.009306 -1.304075
v -4.067703 6.110536 -1.345113
v -4.067703 6.110536 -2.397516
v -4.067703 6.110536 -2.478499
v -4.067703 6.110536 -1.264130
v -4.136911 6.009306 -1.345113
v -4.136911 6.009306 -2.397516
v -4.136911 6.009306 -2.439838
v -4.136911 6.009306 -1.296335
v -4.136911 6.110536 -1.345113
v -4.136911 6.110536 -2.397516
v -4.136911 6.110536 -2.478499
v -4.136911 6.110536 -1.264130
v -4.067703 5.869626 -2.291872
v -4.067703 4.723698 -2.291872
v -4.067703 4.723698 -1.450758
v -4.067703 5.869626 -1.450758
v -3.998050 5.517609 -2.397516
v -3.998050 5.517609 -1.345113
v -4.067703 5.517609 -2.397516
v -4.067703 5.517609 -1.345113
v -4.067703 5.556030 -2.291872
v -4.067703 5.556030 -1.450758
v -3.998050 5.452657 -2.397516
v -4.067703 5.452657 -2.397516
v -4.067703 5.508019 -2.291872
v -3.998050 5.452657 -1.345113
v -4.067703 5.452657 -1.345113
v -4.067703 5.508019 -1.450758
v -3.998050 5.223997 -2.397516
v -4.067703 5.223997 -2.397516
v -4.067703 5.324940 -2.291872
v -3.998050 5.223997 -1.345113
v -4.067703 5.223997 -1.345113
v -4.067703 5.324940 -1.450758
v -3.998050 5.166530 -2.397516
v -4.067703 5.166530 -2.397516
v -4.067703 5.277614 -2.291872
v -3.998050 5.166530 -1.345113
v -4.067703 5.166530 -1.345113
v -4.067703 5.277614 -1.450758
v -3.998050 4.617848 -1.918282
v -3.998050 6.009306 -1.918282
v -3.998050 6.110536 -1.918282
v -4.067703 4.617848 -1.918282
v -4.067703 6.009306 -1.918282
v -4.067703 6.110536 -1.918282
v -4.136911 6.009306 -1.918282
v -4.136911 6.110536 -1.918282
v -4.067703 4.723699 -1.903351
v -4.067703 5.869626 -1.903351
v -4.067703 5.556030 -1.903351
v -3.998050 5.517609 -1.918282
v -3.998050 5.452657 -1.918282
v -4.067703 5.508019 -1.903351
v -4.067703 5.324940 -1.903351
v -3.998050 5.223997 -1.918282
v -3.998050 5.166530 -1.918282
v -4.067703 5.277614 -1.903351
v -3.998050 4.617848 -1.859420
v -4.067703 4.617848 -1.859420
v -4.067703 4.723699 -1.866328
v -3.998050 5.517609 -1.859420
v -3.998050 5.452657 -1.859420
v -3.998050 5.223997 -1.859420
v -3.998050 5.166530 -1.859420
v -3.998050 6.009306 -1.859420
v -3.998050 6.110536 -1.859420
v -4.067703 6.009306 -1.859420
v -4.067703 6.110536 -1.859420
v -4.136911 6.009306 -1.859420
v -4.136911 6.110536 -1.859420
v -4.067703 5.869626 -1.866328
v -4.067703 5.556030 -1.866328
v -4.067703 5.508019 -1.866328
v -4.067703 5.324940 -1.866328
v -4.067703 5.277614 -1.860827
v -4.031875 5.277614 -2.291872
v -4.031875 4.723698 -2.291872
v -4.031875 4.723699 -1.866328
v -4.031875 4.723698 -1.450758
v -4.031875 5.556030 -1.450758
v -4.031875 5.869626 -1.450758
v -4.031875 5.869626 -1.903351
v -4.031875 5.869626 -2.291872
v -4.031875 5.556030 -2.291872
v -4.031875 5.556030 -1.903351
v -4.031875 5.324940 -1.450758
v -4.031875 5.508019 -1.450758
v -4.031875 5.508019 -1.903351
v -4.031875 5.508019 -2.291872
v -4.031875 5.324940 -2.291872
v -4.031875 5.324940 -1.903351
v -4.031875 5.277614 -1.450758
v -4.031875 5.277614 -1.903351
v -4.031875 4.723699 -1.903351
v -4.031875 5.869626 -1.866328
v -4.031875 5.556030 -1.866328
v -4.031875 5.508019 -1.866328
v -4.031875 5.324940 -1.866328
v -4.031875 5.277614 -1.860827
v -3.998872 4.536036 -2.400409
v -3.998872 4.391228 -2.371239
v -3.998872 4.446485 -2.400409
v -3.998872 4.412850 -2.383592
v -3.998872 4.367203 -2.346397
v -3.998872 4.351203 -2.316323
v -3.998872 4.362398 -2.287494
v -3.998872 4.391228 -2.254201
v -3.998872 4.417995 -2.241847
v -3.998872 4.437045 -2.249054
v -3.998872 4.456094 -2.271750
v -3.998872 4.478789 -2.273079
v -3.998872 4.494534 -2.234640
v -3.998872 4.510363 -2.172176
v -3.998872 4.504314 -2.128932
v -3.998872 4.475314 -2.078479
v -3.998872 4.451289 -2.044846
v -3.998872 4.437948 -2.006407
v -3.998872 4.446485 -1.969041
v -3.998872 4.469436 -1.953637
v -3.998872 4.487411 -1.943943
v -3.998872 4.492131 -1.924894
v -3.998872 4.465704 -1.918845
v -3.998872 4.451289 -1.898551
v -3.998872 4.453691 -1.876674
v -3.998872 4.571412 -1.876674
v -3.998872 4.571412 -2.400409
v -3.998872 4.536036 -1.349191
v -3.998872 4.391228 -1.378361
v -3.998872 4.446485 -1.349191
v -3.998872 4.412850 -1.366007
v -3.998872 4.367204 -1.403203
v -3.998872 4.351203 -1.433276
v -3.998872 4.362398 -1.462106
v -3.998872 4.391228 -1.495399
v -3.998872 4.417996 -1.507752
v -3.998872 4.437045 -1.500545
v -3.998872 4.456094 -1.477849
v -3.998872 4.478789 -1.476521
v -3.998872 4.494534 -1.514960
v -3.998872 4.510363 -1.577423
v -3.998872 4.504314 -1.620668
v -3.998872 4.475314 -1.671119
v -3.998872 4.451289 -1.704754
v -3.998872 4.437948 -1.743193
v -3.998872 4.446485 -1.780559
v -3.998872 4.469436 -1.795962
v -3.998872 4.487411 -1.805656
v -3.998872 4.492131 -1.824706
v -3.998872 4.465704 -1.830755
v -3.998872 4.451289 -1.851048
v -3.998872 4.453691 -1.872925
v -3.998872 4.571412 -1.872925
v -3.998872 4.571412 -1.349191
v -4.043831 4.536036 -2.400409
v -4.043831 4.391228 -2.371239
v -4.043831 4.446485 -2.400409
v -4.043831 4.412850 -2.383592
v -4.043831 4.367203 -2.346397
v -4.043831 4.351203 -2.316323
v -4.043831 4.362398 -2.287494
v -4.043831 4.391228 -2.254201
v -4.043831 4.417995 -2.241847
v -4.043831 4.437045 -2.249054
v -4.043831 4.456094 -2.271750
v -4.043831 4.478789 -2.273079
v -4.043831 4.494534 -2.234640
v -4.043831 4.510363 -2.172176
v -4.043831 4.504314 -2.128932
v -4.043831 4.475314 -2.078479
v -4.043831 4.451289 -2.044846
v -4.043831 4.437948 -2.006407
v -4.043831 4.446485 -1.969041
v -4.043831 4.469436 -1.953637
v -4.043831 4.487411 -1.943943
v -4.043831 4.492131 -1.924894
v -4.043831 4.465704 -1.918845
v -4.043831 4.451289 -1.898551
v -4.043831 4.453691 -1.876674
v -4.043830 4.571412 -1.876674
v -4.043831 4.571412 -2.400409
v -4.043830 4.536036 -1.349191
v -4.043831 4.391228 -1.378361
v -4.043830 4.446485 -1.349191
v -4.043831 4.412850 -1.366007
v -4.043831 4.367204 -1.403203
v -4.043831 4.351203 -1.433276
v -4.043831 4.362398 -1.462106
v -4.043831 4.391228 -1.495399
v -4.043831 4.417996 -1.507752
v -4.043830 4.437045 -1.500545
v -4.043830 4.456094 -1.477849
v -4.043830 4.478789 -1.476521
v -4.043830 4.494534 -1.514960
v -4.043830 4.510363 -1.577423
v -4.043830 4.504314 -1.620668
v -4.043830 4.475314 -1.671119
v -4.043831 4.451289 -1.704754
v -4.043831 4.437948 -1.743193
v -4.043831 4.446485 -1.780559
v -4.043831 4.469436 -1.795962
v -4.043830 4.487411 -1.805656
v -4.043830 4.492131 -1.824706
v -4.043831 4.465704 -1.830755
v -4.043831 4.451289 -1.851048
v -4.043831 4.453691 -1.872925
v -4.043830 4.571412 -1.872925
v -4.043830 4.571412 -1.349191
v -3.998872 4.618629 -1.876674
v -3.998872 4.618629 -2.446738
v -3.998872 4.618629 -1.872925
v -3.998872 4.618629 -1.302861
v -4.097431 4.618629 -1.876674
v -4.097431 4.618629 -2.446738
v -4.097431 4.618629 -1.872925
v -4.097431 4.618629 -1.302861
v -3.998050 4.617848 1.381977
v -3.998050 4.617848 2.434380
v -3.998050 6.009306 1.381978
v -3.998050 6.009306 2.434380
v -3.998050 6.009306 1.339655
v -3.998050 6.009306 2.475418
v -3.998050 6.110536 1.381978
v -3.998050 6.110536 2.434380
v -3.998050 6.110536 1.300994
v -3.998050 6.110536 2.515363
v -4.067703 6.009306 1.381978
v -4.067703 4.617848 1.381977
v -4.067703 4.617848 2.434380
v -4.067703 6.009306 2.434380
v -4.067703 6.009306 1.339655
v -4.067703 6.009306 2.475418
v -4.067703 6.110536 2.434380
v -4.067703 6.110536 1.381978
v -4.067703 6.110536 1.300994
v -4.067703 6.110536 2.515363
v -4.136911 6.009306 2.434380
v -4.136911 6.009306 1.381978
v -4.136911 6.009306 1.339655
v -4.136911 6.009306 2.483158
v -4.136911 6.110536 2.434380
v -4.136911 6.110536 1.381978
v -4.136911 6.110536 1.300994
v -4.136911 6.110536 2.515363
v -4.067703 5.869626 1.487622
v -4.067703 4.723699 1.487622
v -4.067703 4.723699 2.328735
v -4.067703 5.869626 2.328735
v -3.998050 5.517610 1.381978
v -3.998050 5.517609 2.434380
v -4.067703 5.517610 1.381978
v -4.067703 5.517609 2.434380
v -4.067703 5.556031 1.487622
v -4.067703 5.556031 2.328735
v -3.998050 5.452657 1.381977
v -4.067703 5.452657 1.381977
v -4.067703 5.508019 1.487622
v -3.998050 5.452657 2.434380
v -4.067703 5.452657 2.434380
v -4.067703 5.508019 2.328735
v -3.998050 5.223997 1.381977
v -4.067703 5.223997 1.381977
v -4.067703 5.324940 1.487622
v -3.998050 5.223997 2.434380
v -4.067703 5.223997 2.434380
v -4.067703 5.324940 2.328735
v -3.998050 5.166531 1.381977
v -4.067703 5.166531 1.381977
v -4.067703 5.277614 1.487622
v -3.998050 5.166531 2.434380
v -4.067703 5.166531 2.434380
v -4.067703 5.277614 2.328735
v -3.998050 4.617848 1.861212
v -3.998050 6.009306 1.861212
v -3.998050 6.110536 1.861212
v -4.067703 4.617848 1.861212
v -4.067703 6.009306 1.861212
v -4.067703 6.110536 1.861212
v -4.136911 6.009306 1.861212
v -4.136911 6.110536 1.861212
v -4.067703 4.723699 1.876142
v -4.067703 5.869626 1.876142
v -4.067703 5.556031 1.876142
v -3.998050 5.517610 1.861212
v -3.998050 5.452657 1.861212
v -4.067703 5.508019 1.876142
v -4.067703 5.324940 1.876142
v -3.998050 5.223997 1.861212
v -3.998050 5.166531 1.861212
v -4.067703 5.277614 1.876142
v -3.998050 4.617848 1.920074
v -4.067703 4.617848 1.920074
v -4.067703 4.723699 1.913166
v -3.998050 5.517610 1.920074
v -3.998050 5.452657 1.920074
v -3.998050 5.223997 1.920074
v -3.998050 5.166531 1.920074
v -3.998050 6.009306 1.920074
v -3.998050 6.110536 1.920074
v -4.067703 6.009306 1.920074
v -4.067703 6.110536 1.920074
v -4.136911 6.009306 1.920074
v -4.136911 6.110536 1.920074
v -4.067703 5.869626 1.913166
v -4.067703 5.556031 1.913166
v -4.067703 5.508019 1.913166
v -4.067703 5.324940 1.913166
v -4.067703 5.277614 1.918667
v -4.031875 5.277614 1.487622
v -4.031875 4.723699 1.487622
v -4.031875 4.723699 1.913166
v -4.031875 4.723699 2.328735
v -4.031876 5.556031 2.328735
v -4.031875 5.869626 2.328735
v -4.031875 5.869626 1.876142
v -4.031876 5.869626 1.487622
v -4.031876 5.556031 1.487622
v -4.031876 5.556031 1.876142
v -4.031875 5.324940 2.328735
v -4.031876 5.508019 2.328735
v -4.031876 5.508019 1.876142
v -4.031876 5.508019 1.487622
v -4.031875 5.324940 1.487622
v -4.031875 5.324940 1.876142
v -4.031875 5.277614 2.328735
v -4.031875 5.277614 1.876142
v -4.031875 4.723699 1.876142
v -4.031875 5.869626 1.913166
v -4.031876 5.556031 1.913166
v -4.031876 5.508019 1.913166
v -4.031875 5.324940 1.913166
v -4.031875 5.277614 1.918667
v -3.998872 4.536036 1.379084
v -3.998872 4.391228 1.408255
v -3.998872 4.446485 1.379084
v -3.998872 4.412850 1.395901
v -3.998872 4.367204 1.433097
v -3.998872 4.351204 1.463171
v -3.998872 4.362399 1.492000
v -3.998872 4.391228 1.525293
v -3.998872 4.417996 1.537647
v -3.998872 4.437046 1.530439
v -3.998872 4.456095 1.507743
v -3.998872 4.478790 1.506415
v -3.998872 4.494534 1.544854
v -3.998872 4.510363 1.607318
v -3.998872 4.504314 1.650562
v -3.998872 4.475314 1.701013
v -3.998872 4.451290 1.734648
v -3.998872 4.437948 1.773087
v -3.998872 4.446485 1.810453
v -3.998872 4.469436 1.825856
v -3.998872 4.487411 1.835551
v -3.998872 4.492131 1.854600
v -3.998872 4.465704 1.860649
v -3.998872 4.451290 1.880942
v -3.998872 4.453692 1.902819
v -3.998872 4.571412 1.902819
v -3.998872 4.571412 1.379084
v -3.998872 4.536036 2.430303
v -3.998872 4.391228 2.401133
v -3.998872 4.446485 2.430303
v -3.998872 4.412850 2.413486
v -3.998872 4.367204 2.376291
v -3.998872 4.351204 2.346217
v -3.998872 4.362399 2.317388
v -3.998872 4.391228 2.284095
v -3.998872 4.417996 2.271741
v -3.998872 4.437046 2.278949
v -3.998872 4.456095 2.301644
v -3.998872 4.478790 2.302973
v -3.998872 4.494534 2.264534
v -3.998872 4.510363 2.202070
v -3.998872 4.504314 2.158826
v -3.998872 4.475314 2.108374
v -3.998872 4.451290 2.074739
v -3.998872 4.437948 2.036300
v -3.998872 4.446485 1.998935
v -3.998872 4.469436 1.983532
v -3.998872 4.487411 1.973837
v -3.998872 4.492131 1.954788
v -3.998872 4.465704 1.948739
v -3.998872 4.451290 1.928446
v -3.998872 4.453692 1.906568
v -3.998872 4.571412 1.906568
v -3.998872 4.571412 2.430303
v -4.043831 4.536036 1.379084
v -4.043831 4.391228 1.408255
v -4.043831 4.446485 1.379084
v -4.043831 4.412850 1.395901
v -4.043831 4.367204 1.433097
v -4.043831 4.351204 1.463171
v -4.043831 4.362399 1.492000
v -4.043831 4.391228 1.525293
v -4.043831 4.417996 1.537647
v -4.043831 4.437046 1.530439
v -4.043831 4.456095 1.507743
v -4.043831 4.478790 1.506415
v -4.043831 4.494534 1.544854
v -4.043831 4.510363 1.607318
v -4.043831 4.504314 1.650562
v -4.043831 4.475314 1.701013
v -4.043831 4.451290 1.734648
v -4.043831 4.437948 1.773087
v -4.043831 4.446485 1.810453
v -4.043831 4.469436 1.825856
v -4.043831 4.487411 1.835551
v -4.043831 4.492131 1.854600
v -4.043831 4.465704 1.860649
v -4.043831 4.451290 1.880942
v -4.043831 4.453692 1.902819
v -4.043831 4.571412 1.902819
v -4.043831 4.571412 1.379084
v -4.043831 4.536036 2.430303
v -4.043831 4.391228 2.401133
v -4.043831 4.446485 2.430303
v -4.043831 4.412850 2.413486
v -4.043831 4.367204 2.376291
v -4.043831 4.351204 2.346217
v -4.043831 4.362399 2.317388
v -4.043831 4.391228 2.284095
v -4.043831 4.417996 2.271741
v -4.043831 4.437046 2.278949
v -4.043831 4.456095 2.301644
v -4.043831 4.478790 2.302973
v -4.043831 4.494534 2.264534
v -4.043831 4.510363 2.202070
v -4.043831 4.504314 2.158826
v -4.043831 4.475314 2.108374
v -4.043831 4.451290 2.074739
v -4.043831 4.437948 2.036300
v -4.043831 4.446485 1.998935
v -4.043831 4.469436 1.983532
v -4.043831 4.487411 1.973837
v -4.043831 4.492131 1.954788
v -4.043831 4.465704 1.948739
v -4.043831 4.451290 1.928446
v -4.043831 4.453692 1.906568
v -4.043831 4.571412 1.906568
v -4.043831 4.571412 2.430303
v -3.998872 4.618629 1.902819
v -3.998872 4.618629 1.332757
v -3.998872 4.618629 1.906568
v -3.998872 4.618629 2.476631
v -4.097432 4.618629 1.902819
v -4.097432 4.618629 1.332757
v -4.097432 4.618629 1.906568
v -4.097432 4.618629 2.476631
v -3.998050 4.617848 -0.530047
v -3.998050 4.617848 0.727034
v -3.998050 6.009306 -0.530047
v -3.998050 6.009306 0.727034
v -3.998050 6.009306 -0.580600
v -3.998050 6.009306 0.776054
v -3.998050 6.110536 -0.530047
v -3.998050 6.110536 0.727034
v -3.998050 6.110536 -0.626782
v -3.998050 6.110536 0.823769
v -4.067703 6.009306 -0.530047
v -4.067703 4.617848 -0.530047
v -4.067703 4.617848 0.727034
v -4.067703 6.009306 0.727034
v -4.067703 6.009306 -0.580600
v -4.067703 6.009306 0.776054
v -4.067703 6.110536 0.727034
v -4.067703 6.110536 -0.530047
v -4.067703 6.110536 -0.626782
v -4.067703 6.110536 0.823769
v -4.136911 6.009306 0.727034
v -4.136911 6.009306 -0.530047
v -4.136911 6.009306 -0.580600
v -4.136911 6.009306 0.785301
v -4.136911 6.110536 0.727034
v -4.136911 6.110536 -0.530047
v -4.136911 6.110536 -0.626782
v -4.136911 6.110536 0.823769
v -4.067703 5.869626 -0.403856
v -4.067703 4.723699 -0.403856
v -4.067703 4.723698 0.600843
v -4.067703 5.869626 0.600843
v -3.998050 5.517609 -0.530047
v -3.998050 5.517609 0.727034
v -4.067703 5.517609 -0.530047
v -4.067703 5.517609 0.727034
v -4.067703 5.556031 -0.403856
v -4.067703 5.556031 0.600843
v -3.998050 5.452657 -0.530047
v -4.067703 5.452657 -0.530047
v -4.067703 5.508019 -0.403856
v -3.998050 5.452657 0.727034
v -4.067703 5.452657 0.727034
v -4.067703 5.508019 0.600843
v -3.998050 5.223997 -0.530047
v -4.067703 5.223997 -0.530047
v -4.067703 5.324940 -0.403856
v -3.998050 5.223997 0.727034
v -4.067703 5.223997 0.727034
v -4.067703 5.324940 0.600843
v -3.998050 5.166530 -0.530047
v -4.067703 5.166530 -0.530047
v -4.067703 5.277614 -0.403856
v -3.998050 5.166530 0.727034
v -4.067703 5.166530 0.727034
v -4.067703 5.277614 0.600843
v -3.998050 4.617848 0.042393
v -3.998050 6.009306 0.042393
v -3.998050 6.110536 0.042393
v -4.067703 4.617848 0.042393
v -4.067703 6.009306 0.042393
v -4.067703 6.110536 0.042393
v -4.136911 6.009306 0.042393
v -4.136911 6.110536 0.042393
v -4.067703 4.723699 0.060225
v -4.067703 5.869626 0.060226
v -4.067703 5.556031 0.060226
v -3.998050 5.517609 0.042393
v -3.998050 5.452657 0.042393
v -4.067703 5.508019 0.060226
v -4.067703 5.324940 0.060226
v -3.998050 5.223997 0.042393
v -3.998050 5.166530 0.042393
v -4.067703 5.277614 0.060226
v -3.998050 4.617848 0.112702
v -4.067703 4.617848 0.112702
v -4.067703 4.723699 0.104451
v -3.998050 5.517609 0.112702
v -3.998050 5.452657 0.112702
v -3.998050 5.223997 0.112702
v -3.998050 5.166530 0.112702
v -3.998050 6.009306 0.112702
v -3.998050 6.110536 0.112702
v -4.067703 6.009306 0.112702
v -4.067703 6.110536 0.112702
v -4.136911 6.009306 0.112702
v -4.136911 6.110536 0.112702
v -4.067703 5.869626 0.104451
v -4.067703 5.556031 0.104451
v -4.067703 5.508019 0.104451
v -4.067703 5.324940 0.104451
v -4.067703 5.277614 0.111021
v -4.031875 5.277614 -0.403856
v -4.031875 4.723699 -0.403856
v -4.031875 4.723699 0.104451
v -4.031875 4.723698 0.600843
v -4.031876 5.556031 0.600843
v -4.031876 5.869626 0.600843
v -4.031876 5.869626 0.060226
v -4.031876 5.869626 -0.403856
v -4.031876 5.556031 -0.403856
v -4.031876 5.556031 0.060226
v -4.031875 5.324940 0.600843
v -4.031876 5.508019 0.600843
v -4.031876 5.508019 0.060226
v -4.031876 5.508019 -0.403856
v -4.031875 5.324940 -0.403856
v -4.031875 5.324940 0.060226
v -4.031875 5.277614 0.600843
v -4.031875 5.277614 0.060226
v -4.031875 4.723699 0.060225
v -4.031876 5.869626 0.104451
v -4.031876 5.556031 0.104451
v -4.031876 5.508019 0.104451
v -4.031875 5.324940 0.104451
v -4.031875 5.277614 0.111021
v -3.998872 4.536036 -0.533504
v -3.998872 4.391228 -0.498660
v -3.998872 4.446485 -0.533504
v -3.998872 4.412850 -0.513416
v -3.998872 4.367204 -0.468987
v -3.998872 4.351204 -0.433064
v -3.998872 4.362399 -0.398628
v -3.998872 4.391228 -0.358859
v -3.998872 4.417996 -0.344103
v -3.998872 4.437045 -0.352713
v -3.998872 4.456095 -0.379822
v -3.998872 4.478789 -0.381409
v -3.998872 4.494534 -0.335494
v -3.998872 4.510363 -0.260882
v -3.998872 4.504314 -0.209228
v -3.998872 4.475314 -0.148963
v -3.998872 4.451289 -0.108787
v -3.998872 4.437948 -0.062872
v -3.998872 4.446485 -0.018239
v -3.998872 4.469436 0.000160
v -3.998872 4.487411 0.011740
v -3.998872 4.492131 0.034495
v -3.998872 4.465704 0.041720
v -3.998872 4.451289 0.065958
v -3.998872 4.453691 0.092092
v -3.998872 4.571412 0.092092
v -3.998872 4.571412 -0.533504
v -3.998872 4.536036 0.722165
v -3.998872 4.391228 0.687322
v -3.998872 4.446485 0.722165
v -3.998872 4.412850 0.702077
v -3.998872 4.367204 0.657647
v -3.998872 4.351203 0.621725
v -3.998872 4.362398 0.587288
v -3.998872 4.391228 0.547521
v -3.998872 4.417996 0.532765
v -3.998872 4.437045 0.541374
v -3.998872 4.456094 0.568482
v -3.998872 4.478789 0.570071
v -3.998872 4.494534 0.524155
v -3.998872 4.510363 0.449543
v -3.998872 4.504314 0.397888
v -3.998872 4.475314 0.337625
v -3.998872 4.451289 0.297450
v -3.998872 4.437948 0.251534
v -3.998872 4.446485 0.206900
v -3.998872 4.469436 0.188502
v -3.998872 4.487411 0.176921
v -3.998872 4.492131 0.154168
v -3.998872 4.465704 0.146942
v -3.998872 4.451289 0.122702
v -3.998872 4.453691 0.096569
v -3.998872 4.571412 0.096569
v -3.998872 4.571412 0.722165
v -4.043831 4.536036 -0.533504
v -4.043831 4.391228 -0.498660
v -4.043831 4.446485 -0.533504
v -4.043831 4.412850 -0.513416
v -4.043831 4.367204 -0.468987
v -4.043831 4.351204 -0.433064
v -4.043831 4.362399 -0.398628
v -4.043831 4.391228 -0.358859
v -4.043831 4.417996 -0.344103
v -4.043831 4.437045 -0.352713
v -4.043831 4.456095 -0.379822
v -4.043831 4.478789 -0.381409
v -4.043831 4.494534 -0.335494
v -4.043831 4.510363 -0.260882
v -4.043831 4.504314 -0.209228
v -4.043831 4.475314 -0.148963
v -4.043831 4.451289 -0.108787
v -4.043831 4.437948 -0.062872
v -4.043831 4.446485 -0.018239
v -4.043831 4.469436 0.000160
v -4.043831 4.487411 0.011740
v -4.043831 4.492131 0.034495
v -4.043831 4.465704 0.041720
v -4.043831 4.451289 0.065958
v -4.043831 4.453691 0.092092
v -4.043831 4.571412 0.092092
v -4.043831 4.571412 -0.533504
v -4.043831 4.536036 0.722165
v -4.043831 4.391228 0.687322
v -4.043831 4.446485 0.722165
v -4.043831 4.412850 0.702077
v -4.043831 4.367204 0.657647
v -4.043831 4.351203 0.621725
v -4.043831 4.362398 0.587288
v -4.043831 4.391228 0.547521
v -4.043831 4.417996 0.532765
v -4.043831 4.437045 0.541374
v -4.043831 4.456094 0.568482
v -4.043831 4.478789 0.570071
v -4.043831 4.494534 0.524155
v -4.043831 4.510363 0.449543
v -4.043831 4.504314 0.397888
v -4.043831 4.475314 0.337625
v -4.043831 4.451289 0.297450
v -4.043831 4.437948 0.251534
v -4.043831 4.446485 0.206900
v -4.043831 4.469436 0.188502
v -4.043831 4.487411 0.176921
v -4.043831 4.492131 0.154168
v -4.043831 4.465704 0.146942
v -4.043831 4.451289 0.122702
v -4.043831 4.453691 0.096569
v -4.043831 4.571412 0.096569
v -4.043831 4.571412 0.722165
v -3.998872 4.618629 0.092092
v -3.998872 4.618629 -0.588842
v -3.998872 4.618629 0.096569
v -3.998872 4.618629 0.777504
v -4.097432 4.618629 0.092092
v -4.097432 4.618629 -0.588842
v -4.097432 4.618629 0.096569
v -4.097432 4.618629 0.777504
v -3.496805 4.617848 -7.000327
v -3.496805 4.617848 -5.947926
v -3.496805 6.009306 -7.000327
v -3.496805 6.009306 -5.947926
v -3.496805 6.009306 -7.042650
v -3.496805 6.009306 -5.906888
v -3.496805 6.110536 -7.000327
v -3.496805 6.110537 -5.947926
v -3.496805 6.110536 -7.081312
v -3.496805 6.110537 -5.866941
v -3.566458 6.009306 -7.000327
v -3.566458 4.617848 -7.000327
v -3.566458 4.617848 -5.947926
v -3.566458 6.009306 -5.947926
v -3.566458 6.009306 -7.042650
v -3.566458 6.009306 -5.906888
v -3.566458 6.110537 -5.947926
v -3.566458 6.110536 -7.000327
v -3.566458 6.110536 -7.081312
v -3.566458 6.110537 -5.866941
v -3.635667 6.009306 -5.947926
v -3.635667 6.009306 -7.000327
v -3.635667 6.009306 -7.042650
v -3.635667 6.009306 -5.899146
v -3.635667 6.110537 -5.947926
v -3.635667 6.110536 -7.000327
v -3.635667 6.110536 -7.081312
v -3.635667 6.110537 -5.866941
v -3.566458 5.869626 -6.894682
v -3.566458 4.723699 -6.894682
v -3.566458 4.723698 -6.053570
v -3.566458 5.869626 -6.053570
v -3.496805 5.517609 -7.000327
v -3.496805 5.517609 -5.947926
v -3.566458 5.517609 -7.000327
v -3.566458 5.517609 -5.947926
v -3.566458 5.556031 -6.894682
v -3.566458 5.556030 -6.053570
v -3.496805 5.452657 -7.000327
v -3.566458 5.452657 -7.000327
v -3.566458 5.508019 -6.894682
v -3.496805 5.452657 -5.947926
v -3.566458 5.452657 -5.947926
v -3.566458 5.508019 -6.053570
v -3.496805 5.223997 -7.000327
v -3.566458 5.223997 -7.000327
v -3.566458 5.324940 -6.894682
v -3.496805 5.223997 -5.947926
v -3.566458 5.223997 -5.947926
v -3.566458 5.324940 -6.053570
v -3.496805 5.166530 -7.000327
v -3.566458 5.166530 -7.000327
v -3.566458 5.277614 -6.894682
v -3.496805 5.166530 -5.947926
v -3.566458 5.166530 -5.947926
v -3.566458 5.277614 -6.053570
v -3.496805 4.617848 -6.521093
v -3.496805 6.009306 -6.521093
v -3.496805 6.110537 -6.521093
v -3.566458 4.617848 -6.521093
v -3.566458 6.009306 -6.521093
v -3.566458 6.110537 -6.521093
v -3.635667 6.009306 -6.521093
v -3.635667 6.110537 -6.521093
v -3.566458 4.723699 -6.506163
v -3.566458 5.869626 -6.506163
v -3.566458 5.556031 -6.506163
v -3.496805 5.517609 -6.521093
v -3.496805 5.452657 -6.521093
v -3.566458 5.508019 -6.506163
v -3.566458 5.324940 -6.506163
v -3.496805 5.223997 -6.521093
v -3.496805 5.166530 -6.521093
v -3.566458 5.277614 -6.506163
v -3.496805 4.617848 -6.462231
v -3.566458 4.617848 -6.462231
v -3.566458 4.723699 -6.469139
v -3.496805 5.517609 -6.462231
v -3.496805 5.452657 -6.462231
v -3.496805 5.223997 -6.462231
v -3.496805 5.166530 -6.462231
v -3.496805 6.009306 -6.462231
v -3.496805 6.110537 -6.462231
v -3.566458 6.009306 -6.462231
v -3.566458 6.110537 -6.462231
v -3.635667 6.009306 -6.462231
v -3.635667 6.110537 -6.462231
v -3.566458 5.869626 -6.469139
v -3.566458 5.556031 -6.469139
v -3.566458 5.508019 -6.469139
v -3.566458 5.324940 -6.469139
v -3.566458 5.277614 -6.463639
v -3.530630 5.277614 -6.894682
v -3.530630 4.723699 -6.894682
v -3.530630 4.723699 -6.469139
v -3.530630 4.723698 -6.053570
v -3.530630 5.556030 -6.053570
v -3.530630 5.869626 -6.053570
v -3.530630 5.869626 -6.506163
v -3.530630 5.869626 -6.894682
v -3.530630 5.556031 -6.894682
v -3.530630 5.556031 -6.506163
v -3.530630 5.324940 -6.053570
v -3.530630 5.508019 -6.053570
v -3.530630 5.508019 -6.506163
v -3.530630 5.508019 -6.894682
v -3.530630 5.324940 -6.894682
v -3.530630 5.324940 -6.506163
v -3.530630 5.277614 -6.053570
v -3.530630 5.277614 -6.506163
v -3.530630 4.723699 -6.506163
v -3.530630 5.869626 -6.469139
v -3.530630 5.556031 -6.469139
v -3.530630 5.508019 -6.469139
v -3.530630 5.324940 -6.469139
v -3.530630 5.277614 -6.463639
v -3.497627 4.536036 -7.003222
v -3.497627 4.391228 -6.974050
v -3.497627 4.446485 -7.003222
v -3.497627 4.412850 -6.986403
v -3.497627 4.367204 -6.949207
v -3.497627 4.351204 -6.919136
v -3.497627 4.362399 -6.890306
v -3.497627 4.391228 -6.857012
v -3.497627 4.417996 -6.844659
v -3.497627 4.437045 -6.851866
v -3.497627 4.456094 -6.874561
v -3.497627 4.478789 -6.875890
v -3.497627 4.494534 -6.837451
v -3.497627 4.510363 -6.774987
v -3.497627 4.504314 -6.731743
v -3.497627 4.475314 -6.681293
v -3.497627 4.451289 -6.647657
v -3.497627 4.437948 -6.609217
v -3.497627 4.446484 -6.571851
v -3.497627 4.469436 -6.556448
v -3.497627 4.487411 -6.546755
v -3.497627 4.492131 -6.527705
v -3.497627 4.465704 -6.521657
v -3.497627 4.451289 -6.501364
v -3.497627 4.453691 -6.479485
v -3.497627 4.571412 -6.479485
v -3.497627 4.571412 -7.003222
v -3.497627 4.536036 -5.952001
v -3.497627 4.391228 -5.981173
v -3.497627 4.446484 -5.952001
v -3.497627 4.412850 -5.968819
v -3.497627 4.367204 -6.006013
v -3.497627 4.351203 -6.036088
v -3.497627 4.362398 -6.064918
v -3.497627 4.391228 -6.098210
v -3.497627 4.417995 -6.110564
v -3.497627 4.437045 -6.103357
v -3.497627 4.456094 -6.080661
v -3.497627 4.478789 -6.079333
v -3.497627 4.494534 -6.117771
v -3.497627 4.510363 -6.180235
v -3.497627 4.504314 -6.223479
v -3.497627 4.475314 -6.273931
v -3.497627 4.451289 -6.307565
v -3.497627 4.437948 -6.346004
v -3.497627 4.446484 -6.383371
v -3.497627 4.469436 -6.398774
v -3.497627 4.487411 -6.408469
v -3.497627 4.492131 -6.427517
v -3.497627 4.465704 -6.433567
v -3.497627 4.451289 -6.453859
v -3.497627 4.453691 -6.475738
v -3.497627 4.571412 -6.475738
v -3.497627 4.571412 -5.952001
v -3.542586 4.536036 -7.003222
v -3.542586 4.391228 -6.974050
v -3.542586 4.446485 -7.003222
v -3.542586 4.412850 -6.986403
v -3.542586 4.367204 -6.949207
v -3.542586 4.351204 -6.919136
v -3.542586 4.362399 -6.890306
v -3.542586 4.391228 -6.857012
v -3.542586 4.417996 -6.844659
v -3.542586 4.437045 -6.851866
v -3.542586 4.456094 -6.874561
v -3.542586 4.478789 -6.875890
v -3.542586 4.494534 -6.837451
v -3.542586 4.510363 -6.774987
v -3.542586 4.504314 -6.731743
v -3.542586 4.475314 -6.681293
v -3.542586 4.451289 -6.647657
v -3.542586 4.437948 -6.609217
v -3.542586 4.446484 -6.571851
v -3.542586 4.469436 -6.556448
v -3.542586 4.487411 -6.546755
v -3.542586 4.492131 -6.527705
v -3.542586 4.465704 -6.521657
v -3.542586 4.451289 -6.501364
v -3.542586 4.453691 -6.479485
v -3.542586 4.571412 -6.479485
v -3.542586 4.571412 -7.003222
v -3.542586 4.536036 -5.952001
v -3.542586 4.391228 -5.981173
v -3.542586 4.446484 -5.952001
v -3.542586 4.412850 -5.968819
v -3.542586 4.367204 -6.006013
v -3.542586 4.351203 -6.036088
v -3.542586 4.362398 -6.064918
v -3.542586 4.391228 -6.098210
v -3.542586 4.417995 -6.110564
v -3.542586 4.437045 -6.103357
v -3.542586 4.456094 -6.080661
v -3.542586 4.478789 -6.079333
v -3.542586 4.494534 -6.117771
v -3.542586 4.510363 -6.180235
v -3.542586 4.504314 -6.223479
v -3.542586 4.475314 -6.273931
v -3.542586 4.451289 -6.307565
v -3.542586 4.437948 -6.346004
v -3.542586 4.446484 -6.383371
v -3.542586 4.469436 -6.398774
v -3.542586 4.487411 -6.408469
v -3.542586 4.492131 -6.427517
v -3.542586 4.465704 -6.433567
v -3.542586 4.451289 -6.453859
v -3.542586 4.453691 -6.475738
v -3.542586 4.571412 -6.475738
v -3.542586 4.571412 -5.952001
v -3.497627 4.618629 -6.479485
v -3.497627 4.618629 -7.049549
v -3.497627 4.618629 -6.475738
v -3.497627 4.618629 -5.905674
v -3.596186 4.618629 -6.479485
v -3.596186 4.618629 -7.049549
v -3.596186 4.618629 -6.475738
v -3.596186 4.618629 -5.905674
v -3.497322 4.617848 -4.829742
v -3.497322 4.617848 -3.777341
v -3.497322 6.009306 -4.829742
v -3.497322 6.009306 -3.777340
v -3.497322 6.009306 -4.872065
v -3.497322 6.009306 -3.736301
v -3.497322 6.110537 -4.829742
v -3.497322 6.110537 -3.777340
v -3.497322 6.110537 -4.910727
v -3.497322 6.110537 -3.696356
v -3.566975 6.009306 -4.829742
v -3.566974 4.617848 -4.829742
v -3.566974 4.617848 -3.777341
v -3.566975 6.009306 -3.777340
v -3.566975 6.009306 -4.872065
v -3.566975 6.009306 -3.736301
v -3.566975 6.110537 -3.777340
v -3.566975 6.110537 -4.829742
v -3.566975 6.110537 -4.910727
v -3.566975 6.110537 -3.696356
v -3.636183 6.009306 -3.777340
v -3.636183 6.009306 -4.829742
v -3.636183 6.009306 -4.872065
v -3.636183 6.009306 -3.728561
v -3.636183 6.110537 -3.777340
v -3.636183 6.110537 -4.829742
v -3.636183 6.110537 -4.910727
v -3.636183 6.110537 -3.696356
v -3.566975 5.869626 -4.724097
v -3.566974 4.723699 -4.724097
v -3.566974 4.723699 -3.882985
v -3.566975 5.869626 -3.882985
v -3.497322 5.517610 -4.829742
v -3.497322 5.517609 -3.777340
v -3.566975 5.517610 -4.829742
v -3.566975 5.517609 -3.777340
v -3.566975 5.556031 -4.724097
v -3.566975 5.556030 -3.882985
v -3.497322 5.452657 -4.829742
v -3.566974 5.452657 -4.829742
v -3.566975 5.508019 -4.724097
v -3.497322 5.452657 -3.777340
v -3.566974 5.452657 -3.777340
v -3.566975 5.508019 -3.882985
v -3.497322 5.223997 -4.829742
v -3.566974 5.223997 -4.829742
v -3.566974 5.324940 -4.724097
v -3.497322 5.223997 -3.777340
v -3.566974 5.223997 -3.777340
v -3.566974 5.324940 -3.882985
v -3.497322 5.166530 -4.829742
v -3.566974 5.166530 -4.829742
v -3.566974 5.277614 -4.724097
v -3.497322 5.166530 -3.777340
v -3.566974 5.166530 -3.777340
v -3.566974 5.277614 -3.882985
v -3.497322 4.617848 -4.350508
v -3.497322 6.009306 -4.350508
v -3.497322 6.110537 -4.350508
v -3.566974 4.617848 -4.350508
v -3.566975 6.009306 -4.350508
v -3.566975 6.110537 -4.350508
v -3.636183 6.009306 -4.350508
v -3.636183 6.110537 -4.350508
v -3.566974 4.723699 -4.335577
v -3.566975 5.869626 -4.335577
v -3.566975 5.556031 -4.335577
v -3.497322 5.517610 -4.350508
v -3.497322 5.452657 -4.350508
v -3.566975 5.508019 -4.335577
v -3.566974 5.324940 -4.335577
v -3.497322 5.223997 -4.350508
v -3.497322 5.166530 -4.350508
v -3.566974 5.277614 -4.335577
v -3.497322 4.617848 -4.291646
v -3.566974 4.617848 -4.291646
v -3.566974 4.723699 -4.298555
v -3.497322 5.517610 -4.291646
v -3.497322 5.452657 -4.291646
v -3.497322 5.223997 -4.291646
v -3.497322 5.166530 -4.291646
v -3.497322 6.009306 -4.291646
v -3.497322 6.110537 -4.291646
v -3.566975 6.009306 -4.291646
v -3.566975 6.110537 -4.291646
v -3.636183 6.009306 -4.291646
v -3.636183 6.110537 -4.291646
v -3.566975 5.869626 -4.298555
v -3.566975 5.556031 -4.298555
v -3.566975 5.508019 -4.298555
v -3.566974 5.324940 -4.298555
v -3.566974 5.277614 -4.293053
v -3.531147 5.277614 -4.724097
v -3.531147 4.723699 -4.724097
v -3.531147 4.723699 -4.298555
v -3.531147 4.723699 -3.882985
v -3.531147 5.556030 -3.882985
v -3.531147 5.869626 -3.882985
v -3.531147 5.869626 -4.335577
v -3.531147 5.869626 -4.724097
v -3.531147 5.556031 -4.724097
v -3.531147 5.556031 -4.335577
v -3.531147 5.324940 -3.882985
v -3.531147 5.508019 -3.882985
v -3.531147 5.508019 -4.335577
v -3.531147 5.508019 -4.724097
v -3.531147 5.324940 -4.724097
v -3.531147 5.324940 -4.335577
v -3.531147 5.277614 -3.882985
v -3.531147 5.277614 -4.335577
v -3.531147 4.723699 -4.335577
v -3.531147 5.869626 -4.298555
v -3.531147 5.556031 -4.298555
v -3.531147 5.508019 -4.298555
v -3.531147 5.324940 -4.298555
v -3.531147 5.277614 -4.293053
v -3.498143 4.536036 -4.832637
v -3.498143 4.391228 -4.803465
v -3.498143 4.446485 -4.832637
v -3.498143 4.412850 -4.815818
v -3.498143 4.367204 -4.778624
v -3.498143 4.351204 -4.748550
v -3.498143 4.362399 -4.719721
v -3.498143 4.391228 -4.686427
v -3.498143 4.417996 -4.674075
v -3.498143 4.437046 -4.681281
v -3.498143 4.456095 -4.703977
v -3.498143 4.478790 -4.705306
v -3.498143 4.494534 -4.666866
v -3.498143 4.510363 -4.604403
v -3.498143 4.504314 -4.561158
v -3.498143 4.475314 -4.510708
v -3.498143 4.451289 -4.477072
v -3.498143 4.437948 -4.438633
v -3.498143 4.446485 -4.401268
v -3.498143 4.469436 -4.385865
v -3.498143 4.487411 -4.376170
v -3.498143 4.492131 -4.357121
v -3.498143 4.465704 -4.351071
v -3.498143 4.451289 -4.330779
v -3.498143 4.453691 -4.308901
v -3.498143 4.571412 -4.308901
v -3.498143 4.571412 -4.832637
v -3.498143 4.536036 -3.781416
v -3.498143 4.391228 -3.810587
v -3.498143 4.446485 -3.781416
v -3.498143 4.412850 -3.798234
v -3.498143 4.367204 -3.835429
v -3.498143 4.351204 -3.865503
v -3.498143 4.362399 -3.894333
v -3.498143 4.391228 -3.927625
v -3.498143 4.417996 -3.939979
v -3.498143 4.437046 -3.932772
v -3.498143 4.456094 -3.910076
v -3.498143 4.478790 -3.908747
v -3.498143 4.494534 -3.947186
v -3.498143 4.510363 -4.009650
v -3.498143 4.504314 -4.052895
v -3.498143 4.475314 -4.103346
v -3.498143 4.451289 -4.136981
v -3.498143 4.437948 -4.175420
v -3.498143 4.446485 -4.212785
v -3.498143 4.469436 -4.228188
v -3.498143 4.487411 -4.237884
v -3.498143 4.492131 -4.256932
v -3.498143 4.465704 -4.262981
v -3.498143 4.451289 -4.283275
v -3.498143 4.453691 -4.305152
v -3.498143 4.571412 -4.305152
v -3.498143 4.571412 -3.781416
v -3.543102 4.536036 -4.832637
v -3.543102 4.391228 -4.803465
v -3.543102 4.446485 -4.832637
v -3.543102 4.412850 -4.815818
v -3.543102 4.367204 -4.778624
v -3.543102 4.351204 -4.748550
v -3.543102 4.362399 -4.719721
v -3.543102 4.391228 -4.686427
v -3.543102 4.417996 -4.674075
v -3.543102 4.437046 -4.681281
v -3.543102 4.456095 -4.703977
v -3.543102 4.478790 -4.705306
v -3.543102 4.494534 -4.666866
v -3.543102 4.510363 -4.604403
v -3.543102 4.504314 -4.561158
v -3.543102 4.475314 -4.510708
v -3.543102 4.451289 -4.477072
v -3.543102 4.437948 -4.438633
v -3.543102 4.446485 -4.401268
v -3.543102 4.469436 -4.385865
v -3.543102 4.487411 -4.376170
v -3.543102 4.492131 -4.357121
v -3.543102 4.465704 -4.351071
v -3.543102 4.451289 -4.330779
v -3.543102 4.453691 -4.308901
v -3.543102 4.571412 -4.308901
v -3.543102 4.571412 -4.832637
v -3.543102 4.536036 -3.781416
v -3.543102 4.391228 -3.810587
v -3.543102 4.446485 -3.781416
v -3.543102 4.412850 -3.798234
v -3.543102 4.367204 -3.835429
v -3.543102 4.351204 -3.865503
v -3.543102 4.362399 -3.894333
v -3.543102 4.391228 -3.927625
v -3.543102 4.417996 -3.939979
v -3.543102 4.437046 -3.932772
v -3.543102 4.456094 -3.910076
v -3.543102 4.478790 -3.908747
v -3.543102 4.494534 -3.947186
v -3.543102 4.510363 -4.009650
v -3.543102 4.504314 -4.052895
v -3.543102 4.475314 -4.103346
v -3.543102 4.451289 -4.136981
v -3.543102 4.437948 -4.175420
v -3.543102 4.446485 -4.212785
v -3.543102 4.469436 -4.228188
v -3.543102 4.487411 -4.237884
v -3.543102 4.492131 -4.256932
v -3.543102 4.465704 -4.262981
v -3.543102 4.451289 -4.283275
v -3.543102 4.453691 -4.305152
v -3.543102 4.571412 -4.305152
v -3.543102 4.571412 -3.781416
v -3.498143 4.618629 -4.308901
v -3.498143 4.618629 -4.878964
v -3.498143 4.618629 -4.305152
v -3.498143 4.618629 -3.735089
v -3.596703 4.618629 -4.308901
v -3.596703 4.618629 -4.878964
v -3.596703 4.618629 -4.305152
v -3.596703 4.618629 -3.735089
v -3.496465 1.483016 -7.114551
v -3.496465 1.333197 -7.084369
v -3.496465 1.390365 -7.114551
v -3.496465 1.355567 -7.097149
v -3.496465 1.308341 -7.058668
v -3.496465 1.291787 -7.027553
v -3.496465 1.303370 -6.997727
v -3.496465 1.333197 -6.963282
v -3.496465 1.360891 -6.950500
v -3.496465 1.380599 -6.957957
v -3.496465 1.400307 -6.981438
v -3.496465 1.423788 -6.982813
v -3.496465 1.440076 -6.943043
v -3.496465 1.456453 -6.878419
v -3.496465 1.450195 -6.833679
v -3.496465 1.420192 -6.781481
v -3.496465 1.395336 -6.746683
v -3.496465 1.381533 -6.706914
v -3.496465 1.390365 -6.668255
v -3.496465 1.414110 -6.652318
v -3.496465 1.432708 -6.642289
v -3.496465 1.437591 -6.622580
v -3.496465 1.410249 -6.616322
v -3.496465 1.395336 -6.595327
v -3.496465 1.390473 -6.572693
v -3.496465 1.519615 -6.572692
v -3.496465 1.519615 -7.114551
v -3.496465 1.483016 -6.026958
v -3.496465 1.333197 -6.057137
v -3.496465 1.390365 -6.026958
v -3.496465 1.355567 -6.044357
v -3.496465 1.308341 -6.082839
v -3.496465 1.291787 -6.113953
v -3.496465 1.303370 -6.143779
v -3.496465 1.333197 -6.178225
v -3.496465 1.360891 -6.191006
v -3.496465 1.380599 -6.183549
v -3.496465 1.400307 -6.160069
v -3.496465 1.423788 -6.158693
v -3.496465 1.440076 -6.198463
v -3.496465 1.456453 -6.263087
v -3.496465 1.450195 -6.307828
v -3.496465 1.420192 -6.360025
v -3.496465 1.395336 -6.394823
v -3.496465 1.381533 -6.434592
v -3.496465 1.390365 -6.473251
v -3.496465 1.414110 -6.489188
v -3.496465 1.432708 -6.499218
v -3.496465 1.437591 -6.518926
v -3.496465 1.410249 -6.525184
v -3.496465 1.395336 -6.546179
v -3.496465 1.390473 -6.568814
v -3.496465 1.519615 -6.568814
v -3.496465 1.519615 -6.026958
v -3.542980 1.483016 -7.114551
v -3.542980 1.333197 -7.084369
v -3.542980 1.390365 -7.114551
v -3.542980 1.355567 -7.097149
v -3.542980 1.308341 -7.058668
v -3.542980 1.291787 -7.027553
v -3.542980 1.303370 -6.997727
v -3.542980 1.333197 -6.963282
v -3.542980 1.360891 -6.950500
v -3.542980 1.380599 -6.957957
v -3.542980 1.400307 -6.981438
v -3.542980 1.423788 -6.982813
v -3.542980 1.440076 -6.943043
v -3.542980 1.456453 -6.878419
v -3.542980 1.450195 -6.833679
v -3.542980 1.420192 -6.781481
v -3.542980 1.395336 -6.746683
v -3.542980 1.381533 -6.706914
v -3.542980 1.390365 -6.668255
v -3.542980 1.414110 -6.652318
v -3.542980 1.432708 -6.642289
v -3.542980 1.437591 -6.622580
v -3.542980 1.410249 -6.616322
v -3.542980 1.395336 -6.595327
v -3.542980 1.390473 -6.572693
v -3.542980 1.519615 -6.572692
v -3.542980 1.519615 -7.114551
v -3.542980 1.483016 -6.026958
v -3.542980 1.333197 -6.057137
v -3.542980 1.390365 -6.026958
v -3.542980 1.355567 -6.044357
v -3.542980 1.308341 -6.082839
v -3.542980 1.291787 -6.113953
v -3.542980 1.303370 -6.143779
v -3.542980 1.333197 -6.178225
v -3.542980 1.360891 -6.191006
v -3.542980 1.380599 -6.183549
v -3.542980 1.400307 -6.160069
v -3.542980 1.423788 -6.158693
v -3.542980 1.440076 -6.198463
v -3.542980 1.456453 -6.263087
v -3.542980 1.450195 -6.307828
v -3.542980 1.420192 -6.360025
v -3.542980 1.395336 -6.394823
v -3.542980 1.381533 -6.434592
v -3.542980 1.390365 -6.473251
v -3.542980 1.414110 -6.489188
v -3.542980 1.432708 -6.499218
v -3.542980 1.437591 -6.518926
v -3.542980 1.410249 -6.525184
v -3.542980 1.395336 -6.546179
v -3.542980 1.390473 -6.568814
v -3.542980 1.519615 -6.568814
v -3.542980 1.519615 -6.026958
v -3.496465 1.568466 -6.572692
v -3.496465 1.568466 -7.162481
v -3.496465 1.568466 -6.568814
v -3.496465 1.568466 -5.979025
v -3.598435 1.568466 -6.572692
v -3.598435 1.568466 -7.162481
v -3.598435 1.568466 -6.568814
v -3.598435 1.568466 -5.979025
v -3.498115 3.236371 -5.964882
v -3.498115 3.236371 -7.158850
v -3.498115 3.526581 -6.568681
v -3.498115 3.192874 -6.023489
v -3.498115 3.192874 -7.113871
v -3.498115 1.568388 -6.023491
v -3.498115 1.568387 -7.113872
v -3.498115 3.465470 -6.568681
v -3.498115 1.568389 -6.568681
v -3.498115 3.099465 -6.105268
v -3.498115 3.099465 -7.032093
v -3.498115 1.709229 -6.105268
v -3.498115 1.704686 -7.032093
v -3.498115 3.331172 -6.568681
v -3.498115 2.397532 -7.113871
v -3.498115 2.644198 -7.032093
v -3.498115 2.397532 -6.023489
v -3.498115 2.644198 -6.105268
v -3.498115 2.558817 -7.032093
v -3.498115 2.558818 -6.105268
v -3.498115 2.558817 -6.514162
v -3.498115 2.558817 -6.623199
v -3.498115 1.704686 -6.514162
v -3.498115 1.704686 -6.623199
v -3.566264 3.465470 -6.568681
v -3.566264 3.192874 -7.113871
v -3.566264 3.192874 -6.023489
v -3.565805 3.518708 -6.569239
v -3.565805 3.228498 -7.159408
v -3.565805 3.228498 -5.965439
v -3.565805 3.457597 -6.569239
v -3.565805 3.185001 -7.114430
v -3.565805 2.389659 -6.024048
v -3.565805 3.185002 -6.024048
v -3.565805 1.568389 -6.568542
v -3.565805 1.568388 -6.023491
v -3.565805 2.389659 -7.114430
v -3.565805 1.568389 -7.113872
v -3.565805 1.701356 -6.105828
v -3.633954 3.228498 -7.159408
v -3.565805 3.323298 -6.569239
v -3.565805 3.091592 -7.032651
v -3.565805 2.636325 -6.105828
v -3.565805 3.091592 -6.105827
v -3.565805 1.696813 -7.032651
v -3.565805 1.696813 -6.623757
v -3.565805 1.696813 -6.514720
v -3.565805 2.636325 -7.032651
v -3.565805 2.550944 -6.105828
v -3.565805 2.550944 -7.032651
v -3.565805 2.550944 -6.514720
v -3.565805 2.550944 -6.623757
v -3.633954 3.518708 -6.569239
v -3.633954 3.228498 -5.965439
v -3.633954 3.457597 -6.569239
v -3.633954 3.185001 -7.114430
v -3.633954 3.185002 -6.024048
v -3.498115 1.992425 -6.105268
v -3.498115 2.304244 -6.105268
v -3.498115 1.989397 -6.514162
v -3.498115 2.302730 -6.514162
v -3.498115 2.302730 -6.623199
v -3.498115 1.989397 -6.623199
v -3.498115 1.989397 -7.032093
v -3.498115 2.302730 -7.032093
v -3.498115 2.265627 -6.105268
v -3.498115 2.264112 -6.514162
v -3.498115 2.264870 -6.623199
v -3.498115 2.264870 -7.032093
v -3.498115 2.302730 -6.623199
v -3.498115 2.302730 -7.032093
v -3.498115 2.264870 -6.623199
v -3.498115 2.264870 -7.032093
v -3.565807 2.302730 -6.623199
v -3.565807 2.302730 -7.032093
v -3.565807 2.264870 -6.623199
v -3.565807 2.264870 -7.032093
v -3.565807 2.304244 -6.105268
v -3.565807 2.302730 -6.514162
v -3.565807 2.265627 -6.105268
v -3.565807 2.264112 -6.514162
v -3.495251 3.216566 -5.932480
v -3.495251 3.173070 -5.991087
v -3.562942 3.208693 -5.933038
v -3.562942 3.165197 -5.991647
v -3.631090 3.208693 -5.933038
v -3.631090 3.165197 -5.991647
v -3.495731 3.172204 -7.152343
v -3.495731 3.215700 -7.197322
v -3.563421 3.164331 -7.152903
v -3.563421 3.207827 -7.197881
v -3.631570 3.207827 -7.197881
v -3.631570 3.164331 -7.152903
v -3.502475 1.483016 -4.866362
v -3.502475 1.333197 -4.836182
v -3.502475 1.390365 -4.866362
v -3.502475 1.355567 -4.848961
v -3.502475 1.308341 -4.810479
v -3.502475 1.291788 -4.779365
v -3.502475 1.303370 -4.749539
v -3.502475 1.333197 -4.715093
v -3.502475 1.360891 -4.702312
v -3.502475 1.380599 -4.709769
v -3.502475 1.400307 -4.733249
v -3.502475 1.423788 -4.734625
v -3.502475 1.440076 -4.694855
v -3.502475 1.456453 -4.630231
v -3.502475 1.450195 -4.585490
v -3.502475 1.420192 -4.533294
v -3.502475 1.395336 -4.498496
v -3.502475 1.381533 -4.458725
v -3.502475 1.390365 -4.420067
v -3.502475 1.414110 -4.404131
v -3.502475 1.432708 -4.394101
v -3.502475 1.437591 -4.374393
v -3.502475 1.410250 -4.368134
v -3.502475 1.395336 -4.347139
v -3.502475 1.390473 -4.324504
v -3.502475 1.519615 -4.324504
v -3.502475 1.519615 -4.866362
v -3.502475 1.483016 -3.778769
v -3.502475 1.333197 -3.808948
v -3.502475 1.390365 -3.778769
v -3.502475 1.355567 -3.796168
v -3.502475 1.308341 -3.834651
v -3.502475 1.291787 -3.865764
v -3.502475 1.303370 -3.895591
v -3.502475 1.333197 -3.930036
v -3.502475 1.360891 -3.942817
v -3.502475 1.380599 -3.935361
v -3.502475 1.400307 -3.911880
v -3.502475 1.423788 -3.910505
v -3.502475 1.440076 -3.950274
v -3.502475 1.456453 -4.014900
v -3.502475 1.450195 -4.059639
v -3.502475 1.420192 -4.111837
v -3.502475 1.395336 -4.146636
v -3.502475 1.381533 -4.186405
v -3.502475 1.390365 -4.225063
v -3.502475 1.414110 -4.240999
v -3.502475 1.432708 -4.251030
v -3.502475 1.437591 -4.270738
v -3.502475 1.410250 -4.276996
v -3.502475 1.395336 -4.297991
v -3.502475 1.390473 -4.320626
v -3.502475 1.519615 -4.320626
v -3.502475 1.519615 -3.778769
v -3.548990 1.483016 -4.866362
v -3.548990 1.333197 -4.836182
v -3.548990 1.390365 -4.866362
v -3.548990 1.355567 -4.848961
v -3.548990 1.308341 -4.810479
v -3.548990 1.291788 -4.779365
v -3.548990 1.303370 -4.749539
v -3.548990 1.333197 -4.715093
v -3.548990 1.360891 -4.702312
v -3.548990 1.380599 -4.709769
v -3.548990 1.400307 -4.733249
v -3.548990 1.423788 -4.734625
v -3.548990 1.440076 -4.694855
v -3.548990 1.456453 -4.630231
v -3.548990 1.450195 -4.585490
v -3.548990 1.420192 -4.533294
v -3.548990 1.395336 -4.498496
v -3.548990 1.381533 -4.458725
v -3.548990 1.390365 -4.420067
v -3.548990 1.414110 -4.404131
v -3.548990 1.432708 -4.394101
v -3.548990 1.437591 -4.374393
v -3.548990 1.410250 -4.368134
v -3.548990 1.395336 -4.347139
v -3.548990 1.390473 -4.324504
v -3.548990 1.519615 -4.324504
v -3.548990 1.519615 -4.866362
v -3.548990 1.483016 -3.778769
v -3.548990 1.333197 -3.808948
v -3.548990 1.390365 -3.778769
v -3.548990 1.355567 -3.796168
v -3.548990 1.308341 -3.834651
v -3.548990 1.291787 -3.865764
v -3.548990 1.303370 -3.895591
v -3.548990 1.333197 -3.930036
v -3.548990 1.360891 -3.942817
v -3.548990 1.380599 -3.935361
v -3.548990 1.400307 -3.911880
v -3.548990 1.423788 -3.910505
v -3.548990 1.440076 -3.950274
v -3.548990 1.456453 -4.014900
v -3.548990 1.450195 -4.059639
v -3.548990 1.420192 -4.111837
v -3.548990 1.395336 -4.146636
v -3.548990 1.381533 -4.186405
v -3.548990 1.390365 -4.225063
v -3.548990 1.414110 -4.240999
v -3.548990 1.432708 -4.251030
v -3.548990 1.437591 -4.270738
v -3.548990 1.410250 -4.276996
v -3.548990 1.395336 -4.297991
v -3.548990 1.390473 -4.320626
v -3.548990 1.519615 -4.320626
v -3.548990 1.519615 -3.778769
v -3.502475 1.568466 -4.324504
v -3.502475 1.568466 -4.914293
v -3.502475 1.568466 -4.320626
v -3.502475 1.568466 -3.730838
v -3.604445 1.568466 -4.324504
v -3.604445 1.568466 -4.914293
v -3.604445 1.568466 -4.320626
v -3.604445 1.568466 -3.730838
v -3.504125 3.236371 -3.716693
v -3.504125 3.236371 -4.910662
v -3.504125 3.526581 -4.320492
v -3.504125 3.192875 -3.775301
v -3.504125 3.192874 -4.865683
v -3.504125 1.568389 -3.775301
v -3.504125 1.568387 -4.865685
v -3.504125 3.465471 -4.320492
v -3.504125 1.568389 -4.320492
v -3.504125 3.099465 -3.857079
v -3.504125 3.099465 -4.783906
v -3.504125 1.709229 -3.857080
v -3.504125 1.704686 -4.783906
v -3.504125 3.331172 -4.320492
v -3.504125 2.397532 -4.865683
v -3.504125 2.644198 -4.783906
v -3.504125 2.397532 -3.775301
v -3.504125 2.644198 -3.857079
v -3.504125 2.558818 -4.783906
v -3.504125 2.558818 -3.857079
v -3.504125 2.558818 -4.265974
v -3.504125 2.558818 -4.375011
v -3.504125 1.704686 -4.265974
v -3.504125 1.704686 -4.375011
v -3.572274 3.465471 -4.320492
v -3.572274 3.192874 -4.865683
v -3.572274 3.192875 -3.775301
v -3.571815 3.518708 -4.321051
v -3.571815 3.228498 -4.911220
v -3.571815 3.228498 -3.717253
v -3.571815 3.457597 -4.321051
v -3.571815 3.185002 -4.866242
v -3.571815 2.389659 -3.775861
v -3.571815 3.185002 -3.775861
v -3.571815 1.568389 -4.320352
v -3.571815 1.568389 -3.775301
v -3.571815 2.389659 -4.866242
v -3.571815 1.568389 -4.865685
v -3.571815 1.701356 -3.857639
v -3.639964 3.228498 -4.911220
v -3.571815 3.323299 -4.321051
v -3.571815 3.091592 -4.784463
v -3.571815 2.636326 -3.857639
v -3.571815 3.091593 -3.857639
v -3.571815 1.696813 -4.784463
v -3.571815 1.696813 -4.375571
v -3.571815 1.696813 -4.266531
v -3.571815 2.636326 -4.784463
v -3.571815 2.550945 -3.857639
v -3.571815 2.550944 -4.784463
v -3.571815 2.550945 -4.266531
v -3.571815 2.550945 -4.375571
v -3.639964 3.518708 -4.321051
v -3.639964 3.228498 -3.717253
v -3.639964 3.457597 -4.321051
v -3.639964 3.185002 -4.866242
v -3.639964 3.185002 -3.775861
v -3.504125 1.992425 -3.857079
v -3.504125 2.304244 -3.857079
v -3.504125 1.989397 -4.265974
v -3.504125 2.302730 -4.265974
v -3.504125 2.302730 -4.375011
v -3.504125 1.989397 -4.375011
v -3.504125 1.989397 -4.783906
v -3.504125 2.302730 -4.783906
v -3.504125 2.265627 -3.857079
v -3.504125 2.264112 -4.265974
v -3.504125 2.264870 -4.375011
v -3.504125 2.264870 -4.783906
v -3.504125 2.302730 -4.375011
v -3.504125 2.302730 -4.783906
v -3.504125 2.264870 -4.375011
v -3.504125 2.264870 -4.783906
v -3.571817 2.302730 -4.375011
v -3.571817 2.302730 -4.783906
v -3.571817 2.264870 -4.375011
v -3.571817 2.264870 -4.783906
v -3.571817 2.304244 -3.857079
v -3.571817 2.302730 -4.265974
v -3.571817 2.265627 -3.857079
v -3.571817 2.264112 -4.265974
v -3.501262 3.216566 -3.684291
v -3.501262 3.173070 -3.742898
v -3.568952 3.208693 -3.684850
v -3.568952 3.165197 -3.743458
v -3.637100 3.208693 -3.684850
v -3.637100 3.165197 -3.743458
v -3.501741 3.172204 -4.904154
v -3.501741 3.215700 -4.949134
v -3.569432 3.164331 -4.904715
v -3.569432 3.207827 -4.949693
v -3.637580 3.207827 -4.949693
v -3.637580 3.164331 -4.904715
v -3.995032 1.490147 -0.395203
v -3.995032 1.340328 -0.365022
v -3.995032 1.397497 -0.395203
v -3.995032 1.362699 -0.377803
v -3.995032 1.315472 -0.339322
v -3.995032 1.298919 -0.308207
v -3.995032 1.310502 -0.278380
v -3.995032 1.340328 -0.243935
v -3.995032 1.368023 -0.231154
v -3.995032 1.387731 -0.238611
v -3.995032 1.407439 -0.262091
v -3.995032 1.430920 -0.263467
v -3.995032 1.447208 -0.223697
v -3.995032 1.463585 -0.159072
v -3.995032 1.457327 -0.114332
v -3.995032 1.427323 -0.062134
v -3.995032 1.402468 -0.027336
v -3.995032 1.388665 0.012433
v -3.995032 1.397497 0.051092
v -3.995032 1.421242 0.067027
v -3.995032 1.439840 0.077059
v -3.995032 1.444723 0.096766
v -3.995032 1.417381 0.103024
v -3.995032 1.402468 0.124021
v -3.995032 1.397605 0.146654
v -3.995031 1.526747 0.146654
v -3.995032 1.526747 -0.395203
v -3.995031 1.490147 0.692390
v -3.995032 1.340328 0.662210
v -3.995031 1.397497 0.692390
v -3.995032 1.362699 0.674991
v -3.995032 1.315472 0.636508
v -3.995032 1.298919 0.605394
v -3.995032 1.310502 0.575567
v -3.995032 1.340328 0.541122
v -3.995032 1.368022 0.528341
v -3.995032 1.387731 0.535799
v -3.995031 1.407439 0.559279
v -3.995031 1.430920 0.560653
v -3.995031 1.447208 0.520885
v -3.995031 1.463585 0.456259
v -3.995031 1.457327 0.411518
v -3.995032 1.427323 0.359321
v -3.995032 1.402468 0.324523
v -3.995032 1.388665 0.284755
v -3.995032 1.397497 0.246096
v -3.995032 1.421242 0.230159
v -3.995032 1.439840 0.220129
v -3.995032 1.444723 0.200422
v -3.995032 1.417381 0.194163
v -3.995032 1.402468 0.173167
v -3.995032 1.397605 0.150532
v -3.995031 1.526747 0.150532
v -3.995031 1.526747 0.692390
v -4.041546 1.490147 -0.395203
v -4.041546 1.340328 -0.365022
v -4.041546 1.397497 -0.395203
v -4.041546 1.362699 -0.377803
v -4.041546 1.315472 -0.339322
v -4.041546 1.298919 -0.308207
v -4.041546 1.310502 -0.278380
v -4.041546 1.340328 -0.243935
v -4.041546 1.368023 -0.231154
v -4.041546 1.387731 -0.238611
v -4.041546 1.407439 -0.262091
v -4.041546 1.430920 -0.263467
v -4.041546 1.447208 -0.223697
v -4.041546 1.463585 -0.159072
v -4.041546 1.457327 -0.114332
v -4.041546 1.427323 -0.062134
v -4.041546 1.402468 -0.027336
v -4.041546 1.388665 0.012433
v -4.041546 1.397497 0.051092
v -4.041546 1.421242 0.067027
v -4.041546 1.439840 0.077059
v -4.041546 1.444723 0.096766
v -4.041546 1.417381 0.103024
v -4.041546 1.402468 0.124021
v -4.041546 1.397605 0.146654
v -4.041546 1.526747 0.146654
v -4.041546 1.526747 -0.395203
v -4.041546 1.490147 0.692390
v -4.041546 1.340328 0.662210
v -4.041546 1.397497 0.692390
v -4.041546 1.362699 0.674991
v -4.041546 1.315472 0.636508
v -4.041546 1.298919 0.605394
v -4.041546 1.310502 0.575567
v -4.041546 1.340328 0.541122
v -4.041546 1.368022 0.528341
v -4.041546 1.387731 0.535799
v -4.041546 1.407439 0.559279
v -4.041546 1.430920 0.560653
v -4.041546 1.447208 0.520885
v -4.041546 1.463585 0.456259
v -4.041546 1.457327 0.411518
v -4.041546 1.427323 0.359321
v -4.041546 1.402468 0.324523
v -4.041546 1.388665 0.284755
v -4.041546 1.397497 0.246096
v -4.041546 1.421242 0.230159
v -4.041546 1.439840 0.220129
v -4.041546 1.444723 0.200422
v -4.041546 1.417381 0.194163
v -4.041546 1.402468 0.173167
v -4.041546 1.397605 0.150532
v -4.041546 1.526747 0.150532
v -4.041546 1.526747 0.692390
v -3.995031 1.575598 0.146654
v -3.995031 1.575598 -0.443134
v -3.995031 1.575598 0.150532
v -3.995031 1.575598 0.740322
v -4.097002 1.575598 0.146654
v -4.097002 1.575598 -0.443134
v -4.097002 1.575598 0.150532
v -4.097002 1.575598 0.740322
v -3.996681 3.243503 0.754465
v -3.996681 3.243503 -0.439503
v -3.996681 3.533713 0.150666
v -3.996681 3.200007 0.695857
v -3.996681 3.200007 -0.394525
v -3.996681 1.575521 0.695857
v -3.996681 1.575519 -0.394525
v -3.996681 3.472602 0.150666
v -3.996681 1.575521 0.150666
v -3.996681 3.106598 0.614079
v -3.996681 3.106597 -0.312746
v -3.996681 1.716361 0.614078
v -3.996681 1.711818 -0.312746
v -3.996681 3.338304 0.150666
v -3.996681 2.404665 -0.394525
v -3.996681 2.651330 -0.312746
v -3.996681 2.404665 0.695857
v -3.996681 2.651330 0.614079
v -3.996681 2.565949 -0.312746
v -3.996681 2.565950 0.614079
v -3.996681 2.565949 0.205185
v -3.996681 2.565949 0.096147
v -3.996681 1.711818 0.205185
v -3.996681 1.711818 0.096147
v -4.064830 3.472602 0.150666
v -4.064830 3.200007 -0.394525
v -4.064830 3.200007 0.695857
v -4.064372 3.525840 0.150108
v -4.064372 3.235629 -0.440061
v -4.064372 3.235629 0.753906
v -4.064372 3.464728 0.150108
v -4.064372 3.192133 -0.395083
v -4.064372 2.396791 0.695298
v -4.064372 3.192133 0.695298
v -4.064372 1.575521 0.150806
v -4.064372 1.575521 0.695857
v -4.064372 2.396791 -0.395083
v -4.064372 1.575521 -0.394525
v -4.064372 1.708488 0.613519
v -4.132520 3.235629 -0.440061
v -4.064372 3.330430 0.150108
v -4.064372 3.098724 -0.313304
v -4.064372 2.643457 0.613519
v -4.064372 3.098724 0.613519
v -4.064372 1.703945 -0.313304
v -4.064372 1.703945 0.095589
v -4.064372 1.703945 0.204627
v -4.064372 2.643457 -0.313304
v -4.064372 2.558076 0.613519
v -4.064372 2.558076 -0.313304
v -4.064372 2.558076 0.204627
v -4.064372 2.558076 0.095589
v -4.132520 3.525840 0.150108
v -4.132520 3.235629 0.753906
v -4.132520 3.464728 0.150108
v -4.132520 3.192133 -0.395083
v -4.132520 3.192133 0.695298
v -3.996681 1.999557 0.614078
v -3.996681 2.311376 0.614078
v -3.996681 1.996528 0.205185
v -3.996681 2.309862 0.205185
v -3.996681 2.309862 0.096147
v -3.996681 1.996528 0.096147
v -3.996681 1.996528 -0.312746
v -3.996681 2.309862 -0.312746
v -3.996681 2.272758 0.614078
v -3.996681 2.271245 0.205185
v -3.996681 2.272001 0.096147
v -3.996681 2.272001 -0.312746
v -3.996681 2.309862 0.096147
v -3.996681 2.309862 -0.312746
v -3.996681 2.272001 0.096147
v -3.996681 2.272001 -0.312746
v -4.064373 2.309862 0.096147
v -4.064373 2.309862 -0.312746
v -4.064373 2.272001 0.096147
v -4.064373 2.272001 -0.312746
v -4.064373 2.311376 0.614078
v -4.064373 2.309862 0.205185
v -4.064373 2.272758 0.614078
v -4.064373 2.271245 0.205185
v -3.993818 3.223698 0.786867
v -3.993818 3.180202 0.728259
v -4.061508 3.215825 0.786309
v -4.061508 3.172329 0.727700
v -4.129657 3.215825 0.786309
v -4.129657 3.172329 0.727700
v -3.994298 3.179337 -0.432997
v -3.994298 3.222832 -0.477975
v -4.061988 3.171463 -0.433555
v -4.061988 3.214959 -0.478533
v -4.130137 3.214959 -0.478533
v -4.130137 3.171463 -0.433555
v -3.999805 1.482876 1.444786
v -3.999805 1.333057 1.474966
v -3.999805 1.390225 1.444786
v -3.999805 1.355427 1.462185
v -3.999805 1.308201 1.500667
v -3.999805 1.291647 1.531781
v -3.999805 1.303229 1.561608
v -3.999805 1.333057 1.596054
v -3.999805 1.360751 1.608834
v -3.999805 1.380459 1.601377
v -3.999805 1.400167 1.577898
v -3.999805 1.423648 1.576522
v -3.999805 1.439937 1.616291
v -3.999805 1.456314 1.680917
v -3.999805 1.450056 1.725657
v -3.999805 1.420052 1.777854
v -3.999805 1.395196 1.812652
v -3.999805 1.381393 1.852422
v -3.999805 1.390225 1.891080
v -3.999805 1.413970 1.907016
v -3.999805 1.432568 1.917047
v -3.999805 1.437451 1.936755
v -3.999805 1.410110 1.943013
v -3.999805 1.395196 1.964008
v -3.999805 1.390334 1.986643
v -3.999804 1.519475 1.986643
v -3.999805 1.519475 1.444786
v -3.999804 1.482876 2.532378
v -3.999805 1.333057 2.502198
v -3.999804 1.390225 2.532378
v -3.999805 1.355427 2.514979
v -3.999805 1.308201 2.476497
v -3.999805 1.291647 2.445383
v -3.999805 1.303229 2.415556
v -3.999805 1.333057 2.381110
v -3.999805 1.360751 2.368330
v -3.999805 1.380459 2.375787
v -3.999804 1.400167 2.399267
v -3.999804 1.423648 2.400642
v -3.999804 1.439937 2.360873
v -3.999804 1.456314 2.296248
v -3.999804 1.450056 2.251507
v -3.999805 1.420052 2.199310
v -3.999805 1.395196 2.164512
v -3.999805 1.381393 2.124743
v -3.999805 1.390225 2.086084
v -3.999805 1.413970 2.070148
v -3.999805 1.432568 2.060117
v -3.999805 1.437451 2.040410
v -3.999805 1.410110 2.034152
v -3.999805 1.395196 2.013156
v -3.999805 1.390334 1.990521
v -3.999804 1.519475 1.990521
v -3.999804 1.519475 2.532378
v -4.046319 1.482876 1.444786
v -4.046319 1.333057 1.474966
v -4.046319 1.390225 1.444786
v -4.046319 1.355427 1.462185
v -4.046319 1.308201 1.500667
v -4.046319 1.291647 1.531781
v -4.046319 1.303229 1.561608
v -4.046319 1.333057 1.596054
v -4.046319 1.360751 1.608834
v -4.046319 1.380459 1.601377
v -4.046319 1.400167 1.577898
v -4.046319 1.423648 1.576522
v -4.046319 1.439937 1.616291
v -4.046319 1.456314 1.680917
v -4.046319 1.450056 1.725657
v -4.046319 1.420052 1.777854
v -4.046319 1.395196 1.812652
v -4.046319 1.381393 1.852422
v -4.046319 1.390225 1.891080
v -4.046319 1.413970 1.907016
v -4.046319 1.432568 1.917047
v -4.046319 1.437451 1.936755
v -4.046319 1.410110 1.943013
v -4.046319 1.395196 1.964008
v -4.046319 1.390334 1.986643
v -4.046319 1.519475 1.986643
v -4.046319 1.519475 1.444786
v -4.046319 1.482876 2.532378
v -4.046319 1.333057 2.502198
v -4.046319 1.390225 2.532378
v -4.046319 1.355427 2.514979
v -4.046319 1.308201 2.476497
v -4.046319 1.291647 2.445383
v -4.046319 1.303229 2.415556
v -4.046319 1.333057 2.381110
v -4.046319 1.360751 2.368330
v -4.046319 1.380459 2.375787
v -4.046319 1.400167 2.399267
v -4.046319 1.423648 2.400642
v -4.046319 1.439937 2.360873
v -4.046319 1.456314 2.296248
v -4.046319 1.450056 2.251507
v -4.046319 1.420052 2.199310
v -4.046319 1.395196 2.164512
v -4.046319 1.381393 2.124743
v -4.046319 1.390225 2.086084
v -4.046319 1.413970 2.070148
v -4.046319 1.432568 2.060117
v -4.046319 1.437451 2.040410
v -4.046319 1.410110 2.034152
v -4.046319 1.395196 2.013156
v -4.046319 1.390334 1.990521
v -4.046319 1.519475 1.990521
v -4.046319 1.519475 2.532378
v -3.999804 1.568326 1.986643
v -3.999804 1.568326 1.396855
v -3.999804 1.568326 1.990521
v -3.999804 1.568326 2.580310
v -4.101775 1.568326 1.986643
v -4.101775 1.568326 1.396855
v -4.101775 1.568326 1.990521
v -4.101775 1.568326 2.580310
v -4.001454 3.236230 2.594454
v -4.001454 3.236230 1.400486
v -4.001454 3.526441 1.990655
v -4.001454 3.192735 2.535846
v -4.001454 3.192735 1.445464
v -4.001455 1.568248 2.535846
v -4.001455 1.568247 1.445464
v -4.001454 3.465330 1.990655
v -4.001455 1.568249 1.990655
v -4.001454 3.099326 2.454067
v -4.001454 3.099326 1.527243
v -4.001455 1.709089 2.454067
v -4.001455 1.704546 1.527242
v -4.001454 3.331032 1.990655
v -4.001455 2.397393 1.445464
v -4.001455 2.644059 1.527243
v -4.001455 2.397393 2.535846
v -4.001455 2.644059 2.454067
v -4.001455 2.558678 1.527243
v -4.001455 2.558678 2.454067
v -4.001455 2.558678 2.045174
v -4.001455 2.558678 1.936136
v -4.001455 1.704546 2.045174
v -4.001455 1.704546 1.936136
v -4.069603 3.465330 1.990655
v -4.069603 3.192735 1.445464
v -4.069603 3.192735 2.535846
v -4.069145 3.518568 1.990096
v -4.069145 3.228357 1.399927
v -4.069145 3.228357 2.593895
v -4.069145 3.457457 1.990096
v -4.069145 3.184862 1.444906
v -4.069145 2.389520 2.535287
v -4.069145 3.184862 2.535287
v -4.069145 1.568249 1.990795
v -4.069145 1.568248 2.535846
v -4.069145 2.389520 1.444906
v -4.069145 1.568249 1.445464
v -4.069145 1.701216 2.453508
v -4.137293 3.228357 1.399927
v -4.069145 3.323158 1.990096
v -4.069145 3.091453 1.526684
v -4.069145 2.636185 2.453508
v -4.069145 3.091453 2.453508
v -4.069145 1.696673 1.526684
v -4.069145 1.696673 1.935577
v -4.069145 1.696673 2.044616
v -4.069145 2.636185 1.526684
v -4.069145 2.550805 2.453508
v -4.069145 2.550805 1.526684
v -4.069145 2.550805 2.044616
v -4.069145 2.550805 1.935577
v -4.137293 3.518568 1.990096
v -4.137293 3.228357 2.593895
v -4.137293 3.457457 1.990096
v -4.137293 3.184862 1.444906
v -4.137293 3.184862 2.535287
v -4.001455 1.992285 2.454067
v -4.001455 2.304104 2.454067
v -4.001455 1.989257 2.045174
v -4.001455 2.302589 2.045174
v -4.001455 2.302589 1.936136
v -4.001455 1.989257 1.936136
v -4.001455 1.989257 1.527243
v -4.001455 2.302589 1.527243
v -4.001455 2.265487 2.454067
v -4.001455 2.263972 2.045174
v -4.001455 2.264729 1.936136
v -4.001455 2.264730 1.527243
v -4.001455 2.302589 1.936136
v -4.001455 2.302589 1.527243
v -4.001455 2.264729 1.936136
v -4.001455 2.264730 1.527243
v -4.069147 2.302589 1.936136
v -4.069147 2.302589 1.527243
v -4.069147 2.264729 1.936136
v -4.069147 2.264730 1.527243
v -4.069147 2.304104 2.454067
v -4.069147 2.302589 2.045174
v -4.069147 2.265487 2.454067
v -4.069147 2.263972 2.045174
v -3.998591 3.216425 2.626856
v -3.998591 3.172930 2.568248
v -4.066281 3.208552 2.626297
v -4.066281 3.165057 2.567689
v -4.134430 3.208552 2.626297
v -4.134430 3.165057 2.567689
v -3.999071 3.172064 1.406991
v -3.999071 3.215560 1.362014
v -4.066761 3.164191 1.406433
v -4.066761 3.207687 1.361454
v -4.134910 3.207687 1.361454
v -4.134910 3.164191 1.406433
v -3.994093 1.490147 -2.375867
v -3.994093 1.340328 -2.345688
v -3.994093 1.397497 -2.375867
v -3.994093 1.362699 -2.358468
v -3.994093 1.315472 -2.319986
v -3.994093 1.298919 -2.288872
v -3.994093 1.310502 -2.259045
v -3.994093 1.340328 -2.224600
v -3.994093 1.368023 -2.211820
v -3.994093 1.387731 -2.219276
v -3.994093 1.407439 -2.242756
v -3.994093 1.430920 -2.244132
v -3.994093 1.447208 -2.204362
v -3.994093 1.463585 -2.139737
v -3.994093 1.457327 -2.094997
v -3.994093 1.427323 -2.042800
v -3.994093 1.402468 -2.008002
v -3.994093 1.388665 -1.968232
v -3.994093 1.397497 -1.929574
v -3.994093 1.421242 -1.913638
v -3.994093 1.439840 -1.903607
v -3.994093 1.444723 -1.883899
v -3.994093 1.417381 -1.877641
v -3.994093 1.402468 -1.856645
v -3.994093 1.397605 -1.834011
v -3.994093 1.526747 -1.834011
v -3.994093 1.526747 -2.375867
v -3.994093 1.490147 -1.288276
v -3.994093 1.340328 -1.318455
v -3.994093 1.397497 -1.288276
v -3.994093 1.362699 -1.305675
v -3.994093 1.315472 -1.344158
v -3.994093 1.298919 -1.375271
v -3.994093 1.310502 -1.405098
v -3.994093 1.340328 -1.439543
v -3.994093 1.368023 -1.452324
v -3.994093 1.387731 -1.444867
v -3.994093 1.407439 -1.421386
v -3.994093 1.430920 -1.420012
v -3.994093 1.447208 -1.459781
v -3.994093 1.463585 -1.524406
v -3.994093 1.457327 -1.569146
v -3.994093 1.427324 -1.621344
v -3.994093 1.402468 -1.656142
v -3.994093 1.388665 -1.695911
v -3.994093 1.397497 -1.734569
v -3.994093 1.421242 -1.750506
v -3.994093 1.439840 -1.760536
v -3.994093 1.444723 -1.780244
v -3.994093 1.417381 -1.786502
v -3.994093 1.402468 -1.807498
v -3.994093 1.397605 -1.830132
v -3.994093 1.526747 -1.830132
v -3.994093 1.526747 -1.288276
v -4.040608 1.490147 -2.375867
v -4.040608 1.340328 -2.345688
v -4.040608 1.397497 -2.375867
v -4.040608 1.362699 -2.358468
v -4.040608 1.315472 -2.319986
v -4.040608 1.298919 -2.288872
v -4.040608 1.310502 -2.259045
v -4.040608 1.340328 -2.224600
v -4.040608 1.368023 -2.211820
v -4.040608 1.387731 -2.219276
v -4.040608 1.407439 -2.242756
v -4.040608 1.430920 -2.244132
v -4.040608 1.447208 -2.204362
v -4.040608 1.463585 -2.139737
v -4.040608 1.457327 -2.094997
v -4.040608 1.427323 -2.042800
v -4.040608 1.402468 -2.008002
v -4.040608 1.388665 -1.968232
v -4.040608 1.397497 -1.929574
v -4.040608 1.421242 -1.913638
v -4.040608 1.439840 -1.903607
v -4.040608 1.444723 -1.883899
v -4.040608 1.417381 -1.877641
v -4.040608 1.402468 -1.856645
v -4.040608 1.397605 -1.834011
v -4.040608 1.526747 -1.834011
v -4.040608 1.526747 -2.375867
v -4.040608 1.490147 -1.288276
v -4.040608 1.340328 -1.318455
v -4.040608 1.397497 -1.288276
v -4.040608 1.362699 -1.305675
v -4.040608 1.315472 -1.344158
v -4.040608 1.298919 -1.375271
v -4.040608 1.310502 -1.405098
v -4.040608 1.340328 -1.439543
v -4.040608 1.368023 -1.452324
v -4.040608 1.387731 -1.444867
v -4.040608 1.407439 -1.421386
v -4.040608 1.430920 -1.420012
v -4.040608 1.447208 -1.459781
v -4.040608 1.463585 -1.524406
v -4.040608 1.457327 -1.569146
v -4.040608 1.427324 -1.621344
v -4.040608 1.402468 -1.656142
v -4.040608 1.388665 -1.695911
v -4.040608 1.397497 -1.734569
v -4.040608 1.421242 -1.750506
v -4.040608 1.439840 -1.760536
v -4.040608 1.444723 -1.780244
v -4.040608 1.417381 -1.786502
v -4.040608 1.402468 -1.807498
v -4.040608 1.397605 -1.830132
v -4.040608 1.526747 -1.830132
v -4.040608 1.526747 -1.288276
v -3.994093 1.575598 -1.834011
v -3.994093 1.575598 -2.423799
v -3.994093 1.575598 -1.830132
v -3.994093 1.575598 -1.240344
v -4.096063 1.575598 -1.834011
v -4.096063 1.575598 -2.423799
v -4.096063 1.575598 -1.830132
v -4.096063 1.575598 -1.240344
v -3.995743 3.243503 -1.226200
v -3.995743 3.243503 -2.420168
v -3.995743 3.533713 -1.829999
v -3.995743 3.200007 -1.284808
v -3.995743 3.200007 -2.375190
v -3.995743 1.575521 -1.284808
v -3.995743 1.575519 -2.375190
v -3.995743 3.472602 -1.829999
v -3.995743 1.575521 -1.829999
v -3.995743 3.106598 -1.366586
v -3.995743 3.106598 -2.293411
v -3.995743 1.716361 -1.366587
v -3.995743 1.711818 -2.293412
v -3.995743 3.338304 -1.829999
v -3.995743 2.404665 -2.375190
v -3.995743 2.651330 -2.293411
v -3.995743 2.404665 -1.284808
v -3.995743 2.651330 -1.366586
v -3.995743 2.565950 -2.293411
v -3.995743 2.565950 -1.366586
v -3.995743 2.565950 -1.775480
v -3.995743 2.565950 -1.884517
v -3.995743 1.711818 -1.775480
v -3.995743 1.711818 -1.884517
v -4.063891 3.472602 -1.829999
v -4.063892 3.200007 -2.375190
v -4.063891 3.200007 -1.284808
v -4.063433 3.525840 -1.830557
v -4.063434 3.235629 -2.420726
v -4.063434 3.235629 -1.226759
v -4.063433 3.464729 -1.830557
v -4.063434 3.192133 -2.375748
v -4.063434 2.396791 -1.285367
v -4.063434 3.192133 -1.285367
v -4.063434 1.575521 -1.829859
v -4.063434 1.575521 -1.284808
v -4.063434 2.396791 -2.375748
v -4.063434 1.575521 -2.375190
v -4.063434 1.708488 -1.367146
v -4.131582 3.235629 -2.420726
v -4.063434 3.330431 -1.830557
v -4.063434 3.098724 -2.293969
v -4.063434 2.643457 -1.367146
v -4.063434 3.098724 -1.367146
v -4.063434 1.703945 -2.293969
v -4.063434 1.703945 -1.885077
v -4.063434 1.703945 -1.776039
v -4.063434 2.643457 -2.293969
v -4.063434 2.558076 -1.367146
v -4.063434 2.558076 -2.293969
v -4.063434 2.558076 -1.776039
v -4.063434 2.558076 -1.885077
v -4.131582 3.525840 -1.830557
v -4.131582 3.235629 -1.226759
v -4.131582 3.464729 -1.830557
v -4.131582 3.192133 -2.375748
v -4.131582 3.192133 -1.285367
v -3.995743 1.999557 -1.366586
v -3.995743 2.311376 -1.366586
v -3.995743 1.996529 -1.775480
v -3.995743 2.309862 -1.775480
v -3.995743 2.309862 -1.884517
v -3.995743 1.996529 -1.884517
v -3.995743 1.996529 -2.293412
v -3.995743 2.309862 -2.293412
v -3.995743 2.272758 -1.366586
v -3.995743 2.271245 -1.775480
v -3.995743 2.272001 -1.884517
v -3.995743 2.272001 -2.293412
v -3.995743 2.309862 -1.884517
v -3.995743 2.309862 -2.293412
v -3.995743 2.272001 -1.884517
v -3.995743 2.272001 -2.293412
v -4.063436 2.309862 -1.884517
v -4.063436 2.309862 -2.293412
v -4.063436 2.272001 -1.884517
v -4.063436 2.272001 -2.293412
v -4.063436 2.311376 -1.366586
v -4.063436 2.309862 -1.775480
v -4.063436 2.272758 -1.366586
v -4.063436 2.271245 -1.775480
v -3.992880 3.223698 -1.193798
v -3.992880 3.180202 -1.252405
v -4.060570 3.215825 -1.194356
v -4.060570 3.172329 -1.252964
v -4.128718 3.215825 -1.194356
v -4.128718 3.172329 -1.252964
v -3.993360 3.179337 -2.413662
v -3.993360 3.222832 -2.458640
v -4.061049 3.171463 -2.414221
v -4.061049 3.214959 -2.459199
v -4.129199 3.214959 -2.459199
v -4.129199 3.171463 -2.414221
v -3.218288 1.483016 4.385439
v -3.218288 1.333197 4.415618
v -3.218288 1.390365 4.385439
v -3.218288 1.355567 4.402838
v -3.218288 1.308341 4.441321
v -3.218288 1.291787 4.472435
v -3.218288 1.303370 4.502261
v -3.218288 1.333197 4.536706
v -3.218288 1.360891 4.549487
v -3.218288 1.380599 4.542031
v -3.218288 1.400307 4.518550
v -3.218288 1.423788 4.517175
v -3.218288 1.440076 4.556944
v -3.218288 1.456453 4.621570
v -3.218288 1.450195 4.666310
v -3.218288 1.420192 4.718507
v -3.218288 1.395336 4.753305
v -3.218288 1.381533 4.793075
v -3.218288 1.390365 4.831733
v -3.218288 1.414110 4.847669
v -3.218288 1.432708 4.857700
v -3.218288 1.437591 4.877408
v -3.218288 1.410249 4.883667
v -3.218288 1.395336 4.904661
v -3.218288 1.390473 4.927296
v -3.218288 1.519615 4.927296
v -3.218288 1.519615 4.385439
v -3.218288 1.483016 5.473031
v -3.218288 1.333197 5.442852
v -3.218288 1.390365 5.473031
v -3.218288 1.355567 5.455632
v -3.218288 1.308341 5.417150
v -3.218288 1.291787 5.386036
v -3.218288 1.303370 5.356208
v -3.218288 1.333197 5.321764
v -3.218288 1.360891 5.308982
v -3.218288 1.380599 5.316440
v -3.218288 1.400307 5.339920
v -3.218288 1.423788 5.341295
v -3.218288 1.440076 5.301526
v -3.218288 1.456453 5.236901
v -3.218288 1.450195 5.192160
v -3.218288 1.420192 5.139963
v -3.218288 1.395336 5.105165
v -3.218288 1.381533 5.065395
v -3.218288 1.390365 5.026737
v -3.218288 1.414110 5.010801
v -3.218288 1.432708 5.000771
v -3.218288 1.437591 4.981062
v -3.218288 1.410249 4.974804
v -3.218288 1.395336 4.953809
v -3.218288 1.390473 4.931174
v -3.218288 1.519615 4.931174
v -3.218288 1.519615 5.473031
v -3.264803 1.483016 4.385439
v -3.264803 1.333197 4.415618
v -3.264803 1.390365 4.385439
v -3.264803 1.355567 4.402838
v -3.264803 1.308341 4.441321
v -3.264803 1.291787 4.472435
v -3.264803 1.303370 4.502261
v -3.264803 1.333197 4.536706
v -3.264803 1.360891 4.549487
v -3.264803 1.380599 4.542031
v -3.264803 1.400307 4.518550
v -3.264803 1.423788 4.517175
v -3.264803 1.440076 4.556944
v -3.264803 1.456453 4.621570
v -3.264803 1.450195 4.666310
v -3.264803 1.420192 4.718507
v -3.264803 1.395336 4.753305
v -3.264803 1.381533 4.793075
v -3.264803 1.390365 4.831733
v -3.264803 1.414110 4.847669
v -3.264803 1.432708 4.857700
v -3.264803 1.437591 4.877408
v -3.264803 1.410249 4.883667
v -3.264803 1.395336 4.904661
v -3.264803 1.390473 4.927296
v -3.264803 1.519615 4.927296
v -3.264803 1.519615 4.385439
v -3.264803 1.483016 5.473031
v -3.264803 1.333197 5.442852
v -3.264803 1.390365 5.473031
v -3.264803 1.355567 5.455632
v -3.264803 1.308341 5.417150
v -3.264803 1.291787 5.386036
v -3.264803 1.303370 5.356208
v -3.264803 1.333197 5.321764
v -3.264803 1.360891 5.308982
v -3.264803 1.380599 5.316440
v -3.264803 1.400307 5.339920
v -3.264803 1.423788 5.341295
v -3.264803 1.440076 5.301526
v -3.264803 1.456453 5.236901
v -3.264803 1.450195 5.192160
v -3.264803 1.420192 5.139963
v -3.264803 1.395336 5.105165
v -3.264803 1.381533 5.065395
v -3.264803 1.390365 5.026737
v -3.264803 1.414110 5.010801
v -3.264803 1.432708 5.000771
v -3.264803 1.437591 4.981062
v -3.264803 1.410249 4.974804
v -3.264803 1.395336 4.953809
v -3.264803 1.390473 4.931174
v -3.264803 1.519615 4.931174
v -3.264803 1.519615 5.473031
v -3.218288 1.568466 4.927296
v -3.218288 1.568466 4.337507
v -3.218288 1.568466 4.931174
v -3.218288 1.568466 5.520963
v -3.320259 1.568466 4.927296
v -3.320259 1.568466 4.337507
v -3.320259 1.568466 4.931174
v -3.320259 1.568466 5.520963
v -3.219939 3.236371 5.535106
v -3.219939 3.236371 4.341139
v -3.219938 3.526581 4.931307
v -3.219939 3.192874 5.476498
v -3.219939 3.192874 4.386117
v -3.219939 1.568388 5.476499
v -3.219939 1.568387 4.386117
v -3.219938 3.465470 4.931307
v -3.219939 1.568389 4.931307
v -3.219939 3.099465 5.394720
v -3.219939 3.099465 4.467896
v -3.219939 1.709229 5.394720
v -3.219939 1.704686 4.467896
v -3.219939 3.331172 4.931307
v -3.219939 2.397532 4.386117
v -3.219939 2.644198 4.467896
v -3.219939 2.397532 5.476499
v -3.219939 2.644198 5.394720
v -3.219939 2.558817 4.467896
v -3.219939 2.558818 5.394720
v -3.219939 2.558817 4.985826
v -3.219939 2.558817 4.876789
v -3.219939 1.704686 4.985826
v -3.219939 1.704686 4.876788
v -3.288087 3.465470 4.931307
v -3.288087 3.192874 4.386117
v -3.288087 3.192874 5.476498
v -3.287628 3.518708 4.930749
v -3.287628 3.228498 4.340580
v -3.287628 3.228498 5.534548
v -3.287628 3.457597 4.930749
v -3.287628 3.185002 4.385559
v -3.287629 2.389659 5.475940
v -3.287628 3.185002 5.475939
v -3.287629 1.568389 4.931448
v -3.287629 1.568388 5.476499
v -3.287629 2.389659 4.385559
v -3.287629 1.568389 4.386117
v -3.287629 1.701356 5.394161
v -3.355778 3.228498 4.340580
v -3.287628 3.323298 4.930749
v -3.287628 3.091592 4.467337
v -3.287629 2.636325 5.394161
v -3.287628 3.091592 5.394161
v -3.287629 1.696813 4.467337
v -3.287629 1.696813 4.876230
v -3.287629 1.696813 4.985268
v -3.287629 2.636325 4.467337
v -3.287629 2.550944 5.394161
v -3.287629 2.550944 4.467337
v -3.287629 2.550944 4.985269
v -3.287629 2.550944 4.876230
v -3.355778 3.518708 4.930749
v -3.355778 3.228498 5.534548
v -3.355778 3.457597 4.930749
v -3.355778 3.185002 4.385559
v -3.355778 3.185002 5.475939
v -3.219939 1.992425 5.394720
v -3.219939 2.304244 5.394720
v -3.219939 1.989397 4.985826
v -3.219939 2.302730 4.985826
v -3.219939 2.302730 4.876788
v -3.219939 1.989397 4.876788
v -3.219939 1.989397 4.467896
v -3.219939 2.302730 4.467896
v -3.219939 2.265627 5.394720
v -3.219939 2.264112 4.985826
v -3.219939 2.264870 4.876788
v -3.219939 2.264870 4.467896
v -3.219939 2.302730 4.876788
v -3.219939 2.302730 4.467896
v -3.219939 2.264870 4.876788
v -3.219939 2.264870 4.467896
v -3.287631 2.302730 4.876788
v -3.287631 2.302730 4.467896
v -3.287631 2.264870 4.876788
v -3.287631 2.264870 4.467896
v -3.287631 2.304244 5.394720
v -3.287631 2.302730 4.985826
v -3.287631 2.265627 5.394720
v -3.287631 2.264112 4.985826
v -3.217075 3.216566 5.567509
v -3.217075 3.173070 5.508901
v -3.284765 3.208693 5.566949
v -3.284765 3.165197 5.508342
v -3.352914 3.208693 5.566949
v -3.352914 3.165197 5.508342
v -3.217555 3.172204 4.347644
v -3.217555 3.215700 4.302667
v -3.285245 3.164331 4.347086
v -3.285245 3.207827 4.302108
v -3.353394 3.207827 4.302108
v -3.353394 3.164331 4.347086
v -3.223960 1.483016 6.733999
v -3.223960 1.333197 6.764179
v -3.223960 1.390365 6.733999
v -3.223960 1.355567 6.751398
v -3.223960 1.308341 6.789880
v -3.223960 1.291787 6.820994
v -3.223960 1.303370 6.850821
v -3.223960 1.333197 6.885266
v -3.223960 1.360891 6.898047
v -3.223960 1.380599 6.890590
v -3.223960 1.400307 6.867110
v -3.223960 1.423788 6.865735
v -3.223960 1.440076 6.905504
v -3.223960 1.456453 6.970129
v -3.223960 1.450195 7.014870
v -3.223960 1.420192 7.067067
v -3.223960 1.395336 7.101865
v -3.223960 1.381533 7.141634
v -3.223960 1.390365 7.180293
v -3.223960 1.414110 7.196229
v -3.223960 1.432708 7.206260
v -3.223960 1.437591 7.225967
v -3.223960 1.410249 7.232226
v -3.223960 1.395336 7.253221
v -3.223960 1.390473 7.275856
v -3.223960 1.519615 7.275856
v -3.223960 1.519615 6.733999
v -3.223960 1.483016 7.821591
v -3.223960 1.333197 7.791411
v -3.223960 1.390365 7.821591
v -3.223960 1.355567 7.804192
v -3.223960 1.308341 7.765709
v -3.223960 1.291787 7.734595
v -3.223960 1.303370 7.704768
v -3.223960 1.333197 7.670323
v -3.223960 1.360891 7.657542
v -3.223960 1.380599 7.664999
v -3.223960 1.400307 7.688479
v -3.223960 1.423788 7.689855
v -3.223960 1.440076 7.650085
v -3.223960 1.456453 7.585461
v -3.223960 1.450195 7.540720
v -3.223960 1.420192 7.488523
v -3.223960 1.395336 7.453724
v -3.223960 1.381533 7.413955
v -3.223960 1.390365 7.375297
v -3.223960 1.414110 7.359361
v -3.223960 1.432708 7.349330
v -3.223960 1.437591 7.329622
v -3.223960 1.410249 7.323364
v -3.223960 1.395336 7.302369
v -3.223960 1.390473 7.279734
v -3.223960 1.519615 7.279734
v -3.223960 1.519615 7.821591
v -3.270475 1.483016 6.733999
v -3.270475 1.333197 6.764179
v -3.270475 1.390365 6.733999
v -3.270475 1.355567 6.751398
v -3.270475 1.308341 6.789880
v -3.270475 1.291787 6.820994
v -3.270475 1.303370 6.850821
v -3.270475 1.333197 6.885266
v -3.270475 1.360891 6.898047
v -3.270475 1.380599 6.890590
v -3.270475 1.400307 6.867110
v -3.270475 1.423788 6.865735
v -3.270475 1.440076 6.905504
v -3.270475 1.456453 6.970129
v -3.270475 1.450195 7.014870
v -3.270475 1.420192 7.067067
v -3.270475 1.395336 7.101865
v -3.270475 1.381533 7.141634
v -3.270475 1.390365 7.180293
v -3.270475 1.414110 7.196229
v -3.270475 1.432708 7.206260
v -3.270475 1.437591 7.225967
v -3.270475 1.410249 7.232226
v -3.270475 1.395336 7.253221
v -3.270475 1.390473 7.275856
v -3.270475 1.519615 7.275856
v -3.270475 1.519615 6.733999
v -3.270475 1.483016 7.821591
v -3.270475 1.333197 7.791411
v -3.270475 1.390365 7.821591
v -3.270475 1.355567 7.804192
v -3.270475 1.308341 7.765709
v -3.270475 1.291787 7.734595
v -3.270475 1.303370 7.704768
v -3.270475 1.333197 7.670323
v -3.270475 1.360891 7.657542
v -3.270475 1.380599 7.664999
v -3.270475 1.400307 7.688479
v -3.270475 1.423788 7.689855
v -3.270475 1.440076 7.650085
v -3.270475 1.456453 7.585461
v -3.270475 1.450195 7.540720
v -3.270475 1.420192 7.488523
v -3.270475 1.395336 7.453724
v -3.270475 1.381533 7.413955
v -3.270475 1.390365 7.375297
v -3.270475 1.414110 7.359361
v -3.270475 1.432708 7.349330
v -3.270475 1.437591 7.329622
v -3.270475 1.410249 7.323364
v -3.270475 1.395336 7.302369
v -3.270475 1.390473 7.279734
v -3.270475 1.519615 7.279734
v -3.270475 1.519615 7.821591
v -3.223960 1.568466 7.275856
v -3.223960 1.568466 6.686068
v -3.223960 1.568466 7.279734
v -3.223960 1.568466 7.869523
v -3.325930 1.568466 7.275856
v -3.325930 1.568466 6.686068
v -3.325930 1.568466 7.279734
v -3.325930 1.568466 7.869523
v -3.225610 3.236371 7.883666
v -3.225610 3.236371 6.689698
v -3.225610 3.526581 7.279867
v -3.225610 3.192874 7.825058
v -3.225610 3.192874 6.734676
v -3.225610 1.568388 7.825058
v -3.225610 1.568387 6.734677
v -3.225610 3.465470 7.279867
v -3.225610 1.568389 7.279867
v -3.225610 3.099465 7.743279
v -3.225610 3.099465 6.816455
v -3.225610 1.709229 7.743279
v -3.225610 1.704686 6.816455
v -3.225610 3.331172 7.279867
v -3.225610 2.397532 6.734677
v -3.225610 2.644198 6.816455
v -3.225610 2.397532 7.825058
v -3.225610 2.644198 7.743279
v -3.225610 2.558818 6.816455
v -3.225610 2.558818 7.743279
v -3.225610 2.558818 7.334386
v -3.225610 2.558818 7.225348
v -3.225610 1.704686 7.334386
v -3.225610 1.704686 7.225348
v -3.293759 3.465470 7.279867
v -3.293759 3.192874 6.734676
v -3.293759 3.192874 7.825058
v -3.293300 3.518707 7.279309
v -3.293300 3.228497 6.689140
v -3.293300 3.228497 7.883108
v -3.293300 3.457597 7.279309
v -3.293300 3.185002 6.734118
v -3.293300 2.389659 7.824500
v -3.293300 3.185002 7.824500
v -3.293301 1.568389 7.280007
v -3.293301 1.568388 7.825058
v -3.293301 2.389659 6.734118
v -3.293301 1.568389 6.734677
v -3.293301 1.701356 7.742721
v -3.361449 3.228497 6.689140
v -3.293300 3.323298 7.279309
v -3.293300 3.091592 6.815897
v -3.293300 2.636325 7.742721
v -3.293300 3.091592 7.742721
v -3.293301 1.696813 6.815897
v -3.293301 1.696813 7.224790
v -3.293301 1.696813 7.333828
v -3.293300 2.636325 6.815897
v -3.293300 2.550944 7.742721
v -3.293300 2.550944 6.815897
v -3.293300 2.550944 7.333828
v -3.293300 2.550944 7.224790
v -3.361449 3.518707 7.279309
v -3.361449 3.228497 7.883108
v -3.361449 3.457597 7.279309
v -3.361449 3.185002 6.734118
v -3.361449 3.185002 7.824500
v -3.225610 1.992425 7.743279
v -3.225610 2.304244 7.743279
v -3.225610 1.989397 7.334386
v -3.225610 2.302730 7.334386
v -3.225610 2.302730 7.225348
v -3.225610 1.989397 7.225348
v -3.225610 1.989397 6.816455
v -3.225610 2.302730 6.816455
v -3.225610 2.265627 7.743279
v -3.225610 2.264112 7.334386
v -3.225610 2.264870 7.225348
v -3.225610 2.264870 6.816455
v -3.225610 2.302730 7.225348
v -3.225610 2.302730 6.816455
v -3.225610 2.264870 7.225348
v -3.225610 2.264870 6.816455
v -3.293303 2.302730 7.225348
v -3.293303 2.302730 6.816455
v -3.293303 2.264870 7.225348
v -3.293303 2.264870 6.816455
v -3.293303 2.304244 7.743279
v -3.293303 2.302730 7.334386
v -3.293303 2.265627 7.743279
v -3.293303 2.264112 7.334386
v -3.222747 3.216566 7.916068
v -3.222747 3.173070 7.857460
v -3.290437 3.208692 7.915510
v -3.290437 3.165197 7.856902
v -3.358586 3.208692 7.915510
v -3.358586 3.165197 7.856902
v -3.223227 3.172204 6.696204
v -3.223227 3.215700 6.651226
v -3.290917 3.164331 6.695645
v -3.290917 3.207827 6.650668
v -3.359066 3.207827 6.650668
v -3.359066 3.164331 6.695645
v -3.498366 1.483016 -10.126942
v -3.498366 1.333197 -10.096762
v -3.498366 1.390365 -10.126942
v -3.498366 1.355567 -10.109543
v -3.498366 1.308341 -10.071060
v -3.498366 1.291788 -10.039945
v -3.498366 1.303370 -10.010118
v -3.498366 1.333197 -9.975673
v -3.498366 1.360891 -9.962892
v -3.498366 1.380599 -9.970348
v -3.498366 1.400307 -9.993829
v -3.498366 1.423788 -9.995204
v -3.498366 1.440076 -9.955436
v -3.498366 1.456453 -9.890812
v -3.498366 1.450195 -9.846071
v -3.498366 1.420192 -9.793874
v -3.498366 1.395336 -9.759075
v -3.498366 1.381533 -9.719305
v -3.498366 1.390365 -9.680646
v -3.498366 1.414110 -9.664711
v -3.498366 1.432708 -9.654681
v -3.498366 1.437591 -9.634973
v -3.498366 1.410250 -9.628715
v -3.498366 1.395336 -9.607719
v -3.498366 1.390473 -9.585085
v -3.498366 1.519615 -9.585083
v -3.498366 1.519615 -10.126942
v -3.498366 1.483016 -9.039351
v -3.498366 1.333197 -9.069529
v -3.498366 1.390365 -9.039351
v -3.498366 1.355567 -9.056749
v -3.498366 1.308341 -9.095230
v -3.498366 1.291787 -9.126346
v -3.498366 1.303370 -9.156171
v -3.498366 1.333197 -9.190617
v -3.498366 1.360891 -9.203398
v -3.498366 1.380599 -9.195942
v -3.498366 1.400307 -9.172461
v -3.498366 1.423788 -9.171084
v -3.498366 1.440076 -9.210855
v -3.498366 1.456453 -9.275478
v -3.498366 1.450195 -9.320219
v -3.498366 1.420192 -9.372416
v -3.498366 1.395336 -9.407214
v -3.498366 1.381533 -9.446984
v -3.498366 1.390365 -9.485643
v -3.498366 1.414110 -9.501579
v -3.498366 1.432708 -9.511609
v -3.498366 1.437591 -9.531318
v -3.498366 1.410250 -9.537576
v -3.498366 1.395336 -9.558570
v -3.498366 1.390473 -9.581206
v -3.498366 1.519615 -9.581206
v -3.498366 1.519615 -9.039351
v -3.544880 1.483016 -10.126942
v -3.544881 1.333197 -10.096762
v -3.544881 1.390365 -10.126942
v -3.544881 1.355567 -10.109543
v -3.544881 1.308341 -10.071060
v -3.544881 1.291788 -10.039945
v -3.544881 1.303370 -10.010118
v -3.544881 1.333197 -9.975673
v -3.544881 1.360891 -9.962892
v -3.544881 1.380599 -9.970348
v -3.544881 1.400307 -9.993829
v -3.544881 1.423788 -9.995204
v -3.544880 1.440076 -9.955436
v -3.544880 1.456453 -9.890812
v -3.544880 1.450195 -9.846071
v -3.544880 1.420192 -9.793874
v -3.544880 1.395336 -9.759075
v -3.544881 1.381533 -9.719305
v -3.544880 1.390365 -9.680646
v -3.544880 1.414110 -9.664711
v -3.544880 1.432708 -9.654681
v -3.544880 1.437591 -9.634973
v -3.544880 1.410250 -9.628715
v -3.544880 1.395336 -9.607719
v -3.544880 1.390473 -9.585085
v -3.544880 1.519615 -9.585083
v -3.544880 1.519615 -10.126942
v -3.544880 1.483016 -9.039351
v -3.544880 1.333197 -9.069529
v -3.544880 1.390365 -9.039351
v -3.544880 1.355567 -9.056749
v -3.544880 1.308341 -9.095230
v -3.544881 1.291787 -9.126346
v -3.544880 1.303370 -9.156171
v -3.544880 1.333197 -9.190617
v -3.544880 1.360891 -9.203398
v -3.544880 1.380599 -9.195942
v -3.544880 1.400307 -9.172461
v -3.544880 1.423788 -9.171084
v -3.544880 1.440076 -9.210855
v -3.544880 1.456453 -9.275478
v -3.544880 1.450195 -9.320219
v -3.544880 1.420192 -9.372416
v -3.544880 1.395336 -9.407214
v -3.544880 1.381533 -9.446984
v -3.544880 1.390365 -9.485643
v -3.544880 1.414110 -9.501579
v -3.544880 1.432708 -9.511609
v -3.544880 1.437591 -9.531318
v -3.544880 1.410250 -9.537576
v -3.544880 1.395336 -9.558570
v -3.544880 1.390473 -9.581206
v -3.544880 1.519615 -9.581206
v -3.544880 1.519615 -9.039351
v -3.498366 1.568466 -9.585083
v -3.498366 1.568466 -10.174873
v -3.498366 1.568466 -9.581206
v -3.498366 1.568466 -8.991417
v -3.600336 1.568466 -9.585083
v -3.600336 1.568466 -10.174873
v -3.600336 1.568466 -9.581206
v -3.600336 1.568466 -8.991417
v -3.500015 3.236371 -8.977274
v -3.500015 3.236371 -10.171241
v -3.500015 3.526581 -9.581073
v -3.500015 3.192875 -9.035880
v -3.500015 3.192874 -10.126263
v -3.500016 1.568389 -9.035882
v -3.500016 1.568387 -10.126263
v -3.500015 3.465471 -9.581073
v -3.500016 1.568389 -9.581073
v -3.500015 3.099465 -9.117660
v -3.500015 3.099465 -10.044485
v -3.500016 1.709229 -9.117660
v -3.500016 1.704686 -10.044485
v -3.500015 3.331172 -9.581073
v -3.500016 2.397532 -10.126263
v -3.500015 2.644198 -10.044485
v -3.500016 2.397532 -9.035882
v -3.500015 2.644198 -9.117660
v -3.500016 2.558818 -10.044485
v -3.500015 2.558818 -9.117660
v -3.500015 2.558818 -9.526554
v -3.500016 2.558818 -9.635592
v -3.500016 1.704686 -9.526554
v -3.500016 1.704686 -9.635592
v -3.568164 3.465471 -9.581073
v -3.568164 3.192874 -10.126263
v -3.568164 3.192875 -9.035880
v -3.567706 3.518708 -9.581631
v -3.567706 3.228498 -10.171801
v -3.567706 3.228498 -8.977832
v -3.567706 3.457597 -9.581631
v -3.567706 3.185002 -10.126822
v -3.567706 2.389659 -9.036440
v -3.567706 3.185002 -9.036440
v -3.567706 1.568389 -9.580934
v -3.567706 1.568389 -9.035882
v -3.567706 2.389659 -10.126822
v -3.567706 1.568389 -10.126263
v -3.567706 1.701356 -9.118219
v -3.635855 3.228498 -10.171801
v -3.567706 3.323299 -9.581631
v -3.567706 3.091592 -10.045043
v -3.567706 2.636326 -9.118219
v -3.567706 3.091593 -9.118219
v -3.567706 1.696813 -10.045043
v -3.567706 1.696813 -9.636149
v -3.567706 1.696813 -9.527112
v -3.567706 2.636326 -10.045043
v -3.567706 2.550945 -9.118219
v -3.567706 2.550945 -10.045043
v -3.567706 2.550945 -9.527112
v -3.567706 2.550945 -9.636149
v -3.635855 3.518708 -9.581631
v -3.635855 3.228498 -8.977832
v -3.635855 3.457597 -9.581631
v -3.635855 3.185002 -10.126822
v -3.635855 3.185002 -9.036440
v -3.500016 1.992425 -9.117660
v -3.500016 2.304244 -9.117660
v -3.500016 1.989397 -9.526554
v -3.500016 2.302730 -9.526554
v -3.500016 2.302730 -9.635592
v -3.500016 1.989397 -9.635592
v -3.500016 1.989397 -10.044485
v -3.500016 2.302730 -10.044485
v -3.500016 2.265627 -9.117660
v -3.500016 2.264112 -9.526554
v -3.500016 2.264870 -9.635592
v -3.500016 2.264870 -10.044485
v -3.500016 2.302730 -9.635592
v -3.500016 2.302730 -10.044485
v -3.500016 2.264870 -9.635592
v -3.500016 2.264870 -10.044485
v -3.567708 2.302730 -9.635592
v -3.567708 2.302730 -10.044485
v -3.567708 2.264870 -9.635592
v -3.567708 2.264870 -10.044485
v -3.567708 2.304244 -9.117660
v -3.567708 2.302730 -9.526554
v -3.567708 2.265627 -9.117660
v -3.567708 2.264112 -9.526554
v -3.497152 3.216566 -8.944871
v -3.497152 3.173070 -9.003479
v -3.564842 3.208693 -8.945429
v -3.564842 3.165197 -9.004039
v -3.632991 3.208693 -8.945429
v -3.632991 3.165197 -9.004039
v -3.497632 3.172205 -10.164735
v -3.497632 3.215700 -10.209714
v -3.565322 3.164331 -10.165295
v -3.565322 3.207827 -10.210272
v -3.633471 3.207827 -10.210272
v -3.633471 3.164331 -10.165295
v -1.962384 4.900132 8.757725
v -1.962384 5.446769 8.757725
v -1.962384 5.166771 7.992434
v -1.962384 5.339159 7.555529
v -1.197093 4.900132 8.757725
v -1.197093 5.446769 8.757725
v -1.197093 5.166771 7.992434
v -1.197093 5.339159 7.555529
v -2.029617 5.447815 8.863340
v -2.029617 5.338112 7.449913
v -1.129860 5.338112 7.449913
v -1.129860 5.447815 8.863340
v -2.029617 5.506818 8.863340
v -2.029617 5.427917 7.449913
v -1.129860 5.427917 7.449913
v -1.129860 5.506818 8.863340
v -1.885248 4.977269 8.757725
v -1.885248 5.369633 8.757725
v -1.274230 5.369633 8.757725
v -1.274230 4.977269 8.757725
v -1.885248 4.977269 8.672520
v -1.885248 5.369633 8.672520
v -1.274230 5.369633 8.672520
v -1.274230 4.977269 8.672520
v 0.572550 1.498673 9.045306
v 0.596345 1.380551 9.045306
v 0.572550 1.425624 9.045306
v 0.586268 1.398189 9.045306
v 0.616609 1.360954 9.045306
v 0.641141 1.347902 9.045306
v 0.664657 1.357034 9.045306
v 0.691815 1.380551 9.045306
v 0.701892 1.402386 9.045306
v 0.696013 1.417925 9.045306
v 0.677500 1.433463 9.045306
v 0.676415 1.451977 9.045306
v 0.707771 1.464819 9.045306
v 0.758723 1.477731 9.045306
v 0.793998 1.472797 9.045306
v 0.835153 1.449141 9.045306
v 0.862589 1.429544 9.045306
v 0.893944 1.418661 9.045306
v 0.924424 1.425624 9.045306
v 0.936989 1.444346 9.045306
v 0.944897 1.459009 9.045306
v 0.960436 1.462859 9.045306
v 0.965369 1.441302 9.045306
v 0.981923 1.429544 9.045306
v 0.999769 1.431504 9.045306
v 0.999769 1.527530 9.045306
v 0.572550 1.527530 9.045306
v 1.430046 1.498673 9.045306
v 1.406252 1.380551 9.045306
v 1.430046 1.425624 9.045306
v 1.416328 1.398189 9.045306
v 1.385987 1.360954 9.045306
v 1.361456 1.347902 9.045306
v 1.337940 1.357034 9.045306
v 1.310781 1.380551 9.045306
v 1.300705 1.402386 9.045306
v 1.306584 1.417925 9.045306
v 1.325097 1.433463 9.045306
v 1.326181 1.451977 9.045306
v 1.294825 1.464819 9.045306
v 1.243872 1.477731 9.045306
v 1.208598 1.472797 9.045306
v 1.167444 1.449141 9.045306
v 1.140007 1.429544 9.045306
v 1.108652 1.418661 9.045306
v 1.078171 1.425624 9.045306
v 1.065607 1.444346 9.045306
v 1.057699 1.459009 9.045306
v 1.042160 1.462859 9.045306
v 1.037226 1.441302 9.045306
v 1.020673 1.429544 9.045306
v 1.002826 1.431504 9.045306
v 1.002826 1.527530 9.045306
v 1.430046 1.527530 9.045306
v 0.572550 1.498673 9.081981
v 0.596345 1.380551 9.081981
v 0.572550 1.425624 9.081981
v 0.586268 1.398189 9.081981
v 0.616609 1.360954 9.081981
v 0.641141 1.347902 9.081981
v 0.664657 1.357034 9.081981
v 0.691815 1.380551 9.081981
v 0.701892 1.402386 9.081981
v 0.696013 1.417925 9.081981
v 0.677500 1.433463 9.081981
v 0.676415 1.451977 9.081981
v 0.707771 1.464819 9.081981
v 0.758723 1.477731 9.081981
v 0.793998 1.472797 9.081981
v 0.835153 1.449141 9.081981
v 0.862589 1.429544 9.081981
v 0.893944 1.418661 9.081981
v 0.924424 1.425624 9.081981
v 0.936989 1.444346 9.081981
v 0.944897 1.459009 9.081981
v 0.960436 1.462859 9.081981
v 0.965369 1.441302 9.081981
v 0.981923 1.429544 9.081981
v 0.999769 1.431504 9.081981
v 0.999769 1.527530 9.081981
v 0.572550 1.527530 9.081981
v 1.430046 1.498673 9.081981
v 1.406252 1.380551 9.081981
v 1.430046 1.425624 9.081981
v 1.416328 1.398189 9.081981
v 1.385987 1.360954 9.081981
v 1.361456 1.347902 9.081981
v 1.337940 1.357034 9.081981
v 1.310781 1.380551 9.081981
v 1.300705 1.402386 9.081981
v 1.306584 1.417925 9.081981
v 1.325097 1.433463 9.081981
v 1.326181 1.451977 9.081981
v 1.294825 1.464819 9.081981
v 1.243872 1.477731 9.081981
v 1.208598 1.472797 9.081981
v 1.167444 1.449141 9.081981
v 1.140007 1.429544 9.081981
v 1.108652 1.418661 9.081981
v 1.078171 1.425624 9.081981
v 1.065607 1.444346 9.081981
v 1.057699 1.459009 9.081981
v 1.042160 1.462859 9.081981
v 1.037226 1.441302 9.081981
v 1.020673 1.429544 9.081981
v 1.002826 1.431504 9.081981
v 1.002826 1.527530 9.081981
v 1.430046 1.527530 9.081981
v 0.999769 1.566046 9.045306
v 0.534759 1.566046 9.045306
v 1.002826 1.566046 9.045306
v 1.467837 1.566046 9.045306
v 0.999769 1.566046 9.125703
v 0.534759 1.566046 9.125703
v 1.002826 1.566046 9.125703
v 1.467837 1.566046 9.125703
v 1.484156 3.211941 9.044863
v 0.538634 3.211941 9.044863
v 1.005999 3.504129 9.044863
v 1.437744 3.168149 9.044863
v 0.574252 3.168149 9.044863
v 1.437744 1.532592 9.044863
v 0.574252 1.532590 9.044863
v 1.005999 3.442603 9.044863
v 1.005998 1.532592 9.044863
v 1.372982 3.074103 9.044863
v 0.639014 3.074103 9.044863
v 1.372982 1.674393 9.044863
v 0.639014 1.669819 9.044863
v 1.005998 3.307388 9.044863
v 0.574252 2.367387 9.044863
v 0.639014 2.615734 9.044863
v 1.437744 2.367387 9.044863
v 1.372982 2.615734 9.044863
v 0.639014 2.529771 9.044863
v 1.372982 2.529771 9.044863
v 1.049173 2.529771 9.044863
v 0.962824 2.529771 9.044863
v 1.049173 1.669819 9.044863
v 0.962824 1.669819 9.044863
v 1.005999 3.442603 9.113477
v 0.574252 3.168149 9.113477
v 1.437744 3.168149 9.113477
v 1.005556 3.496203 9.113015
v 0.538191 3.204014 9.113015
v 1.483714 3.204014 9.113015
v 1.005556 3.434676 9.113015
v 0.573810 3.160223 9.113015
v 1.437301 2.359460 9.113015
v 1.437301 3.160223 9.113015
v 1.006109 1.532592 9.113015
v 1.437744 1.532592 9.113015
v 0.573810 2.359460 9.113015
v 0.574252 1.532592 9.113015
v 1.372540 1.666466 9.113015
v 0.538191 3.204014 9.181627
v 1.005556 3.299462 9.113015
v 0.638572 3.066177 9.113015
v 1.372540 2.607807 9.113015
v 1.372540 3.066177 9.113015
v 0.638572 1.661892 9.113015
v 0.962382 1.661892 9.113015
v 1.048731 1.661892 9.113015
v 0.638572 2.607807 9.113015
v 1.372540 2.521844 9.113015
v 0.638572 2.521844 9.113015
v 1.048731 2.521844 9.113015
v 0.962382 2.521844 9.113015
v 1.005556 3.496203 9.181627
v 1.483714 3.204014 9.181627
v 1.005556 3.434676 9.181627
v 0.573810 3.160223 9.181627
v 1.437301 3.160223 9.181627
v 1.372982 1.959519 9.044863
v 1.372982 2.273463 9.044863
v 1.049173 1.956470 9.044863
v 1.049173 2.271938 9.044863
v 0.962824 2.271938 9.044863
v 0.962824 1.956470 9.044863
v 0.639014 1.956470 9.044863
v 0.639014 2.271938 9.044863
v 1.372982 2.234582 9.044863
v 1.049173 2.233057 9.044863
v 0.962824 2.233819 9.044863
v 0.639014 2.233819 9.044863
v 0.962824 2.271938 9.044863
v 0.639014 2.271938 9.044863
v 0.962824 2.233819 9.044863
v 0.639014 2.233819 9.044863
v 0.962824 2.271938 9.113017
v 0.639014 2.271938 9.113017
v 0.962824 2.233819 9.113017
v 0.639014 2.233819 9.113017
v 1.372982 2.273463 9.113017
v 1.049173 2.271938 9.113017
v 1.372982 2.234582 9.113017
v 1.049173 2.233057 9.113017
v 1.509816 3.192002 9.041980
v 1.463404 3.148210 9.041980
v 1.509374 3.184075 9.110132
v 1.462961 3.140283 9.110132
v 1.509374 3.184075 9.178744
v 1.462961 3.140283 9.178744
v 0.543785 3.147338 9.042463
v 0.508166 3.191131 9.042463
v 0.543343 3.139411 9.110615
v 0.507724 3.183204 9.110615
v 0.507724 3.183204 9.179229
v 0.543343 3.139411 9.179229
v 2.493067 4.617847 -5.947926
v 2.493067 4.617847 -7.000327
v 2.493067 6.009306 -5.947926
v 2.493067 6.009305 -7.000327
v 2.493067 6.009306 -5.905603
v 2.493067 6.009305 -7.041366
v 2.493067 6.110536 -5.947926
v 2.493067 6.110536 -7.000327
v 2.493067 6.110536 -5.866941
v 2.493067 6.110536 -7.081312
v 2.562720 6.009306 -5.947926
v 2.562720 4.617847 -5.947926
v 2.562720 4.617847 -7.000327
v 2.562720 6.009305 -7.000327
v 2.562720 6.009306 -5.905603
v 2.562720 6.009305 -7.041366
v 2.562720 6.110536 -7.000327
v 2.562720 6.110536 -5.947926
v 2.562720 6.110536 -5.866941
v 2.562720 6.110536 -7.081312
v 2.631929 6.009305 -7.000327
v 2.631929 6.009306 -5.947926
v 2.631929 6.009306 -5.905603
v 2.631929 6.009305 -7.049108
v 2.631929 6.110536 -7.000327
v 2.631929 6.110536 -5.947926
v 2.631929 6.110536 -5.866941
v 2.631929 6.110536 -7.081312
v 2.562720 5.869625 -6.053570
v 2.562720 4.723698 -6.053570
v 2.562720 4.723698 -6.894682
v 2.562720 5.869625 -6.894682
v 2.493067 5.517608 -5.947926
v 2.493067 5.517609 -7.000327
v 2.562720 5.517608 -5.947926
v 2.562720 5.517609 -7.000327
v 2.562720 5.556030 -6.053570
v 2.562720 5.556030 -6.894682
v 2.493067 5.452656 -5.947926
v 2.562720 5.452656 -5.947926
v 2.562720 5.508019 -6.053570
v 2.493067 5.452656 -7.000327
v 2.562720 5.452656 -7.000327
v 2.562720 5.508019 -6.894682
v 2.493067 5.223996 -5.947926
v 2.562720 5.223996 -5.947926
v 2.562720 5.324940 -6.053570
v 2.493067 5.223996 -7.000327
v 2.562720 5.223996 -7.000327
v 2.562720 5.324940 -6.894682
v 2.493067 5.166530 -5.947926
v 2.562720 5.166530 -5.947926
v 2.562720 5.277613 -6.053570
v 2.493067 5.166530 -7.000327
v 2.562720 5.166530 -7.000327
v 2.562720 5.277613 -6.894682
v 2.493067 4.617847 -6.427160
v 2.493067 6.009306 -6.427160
v 2.493067 6.110536 -6.427160
v 2.562720 4.617847 -6.427160
v 2.562720 6.009306 -6.427160
v 2.562720 6.110536 -6.427160
v 2.631929 6.009306 -6.427160
v 2.631929 6.110536 -6.427160
v 2.562720 4.723698 -6.442091
v 2.562720 5.869625 -6.442091
v 2.562720 5.556030 -6.442091
v 2.493067 5.517609 -6.427160
v 2.493067 5.452656 -6.427160
v 2.562720 5.508019 -6.442091
v 2.562720 5.324940 -6.442091
v 2.493067 5.223996 -6.427160
v 2.493067 5.166530 -6.427160
v 2.562720 5.277613 -6.442091
v 2.493067 4.617847 -6.486022
v 2.562720 4.617847 -6.486022
v 2.562720 4.723698 -6.479115
v 2.493067 5.517609 -6.486022
v 2.493067 5.452656 -6.486022
v 2.493067 5.223996 -6.486022
v 2.493067 5.166530 -6.486022
v 2.493067 6.009306 -6.486022
v 2.493067 6.110536 -6.486022
v 2.562720 6.009306 -6.486022
v 2.562720 6.110536 -6.486022
v 2.631929 6.009306 -6.486022
v 2.631929 6.110536 -6.486022
v 2.562720 5.869625 -6.479115
v 2.562720 5.556030 -6.479115
v 2.562720 5.508019 -6.479115
v 2.562720 5.324940 -6.479115
v 2.562720 5.277613 -6.484614
v 2.526892 5.277613 -6.053570
v 2.526892 4.723698 -6.053570
v 2.526892 4.723698 -6.479115
v 2.526892 4.723698 -6.894682
v 2.526891 5.556030 -6.894682
v 2.526891 5.869625 -6.894682
v 2.526892 5.869625 -6.442091
v 2.526892 5.869625 -6.053570
v 2.526891 5.556030 -6.053570
v 2.526891 5.556030 -6.442091
v 2.526892 5.324940 -6.894682
v 2.526891 5.508019 -6.894682
v 2.526891 5.508019 -6.442091
v 2.526891 5.508019 -6.053570
v 2.526892 5.324940 -6.053570
v 2.526892 5.324940 -6.442091
v 2.526892 5.277613 -6.894682
v 2.526892 5.277613 -6.442091
v 2.526892 4.723698 -6.442091
v 2.526892 5.869625 -6.479115
v 2.526891 5.556030 -6.479115
v 2.526891 5.508019 -6.479115
v 2.526892 5.324940 -6.479115
v 2.526892 5.277613 -6.484614
v 2.493888 4.536036 -5.945032
v 2.493888 4.391228 -5.974202
v 2.493888 4.446484 -5.945032
v 2.493888 4.412849 -5.961850
v 2.493888 4.367203 -5.999046
v 2.493889 4.351203 -6.029118
v 2.493889 4.362398 -6.057947
v 2.493889 4.391228 -6.091241
v 2.493889 4.417995 -6.103593
v 2.493888 4.437045 -6.096387
v 2.493888 4.456094 -6.073691
v 2.493888 4.478789 -6.072362
v 2.493888 4.494533 -6.110802
v 2.493888 4.510362 -6.173266
v 2.493889 4.504313 -6.216509
v 2.493889 4.475313 -6.266961
v 2.493889 4.451289 -6.300596
v 2.493889 4.437947 -6.339035
v 2.493889 4.446484 -6.376401
v 2.493889 4.469435 -6.391803
v 2.493889 4.487411 -6.401498
v 2.493889 4.492130 -6.420548
v 2.493889 4.465703 -6.426597
v 2.493889 4.451289 -6.446888
v 2.493889 4.453691 -6.468768
v 2.493889 4.571412 -6.468768
v 2.493888 4.571411 -5.945032
v 2.493889 4.536036 -6.996251
v 2.493889 4.391228 -6.967081
v 2.493889 4.446484 -6.996251
v 2.493889 4.412849 -6.979433
v 2.493889 4.367203 -6.942239
v 2.493889 4.351203 -6.912165
v 2.493889 4.362398 -6.883336
v 2.493889 4.391228 -6.850043
v 2.493889 4.417995 -6.837689
v 2.493889 4.437045 -6.844895
v 2.493889 4.456094 -6.867592
v 2.493889 4.478789 -6.868920
v 2.493889 4.494533 -6.830482
v 2.493889 4.510362 -6.768017
v 2.493889 4.504313 -6.724774
v 2.493889 4.475313 -6.674322
v 2.493889 4.451289 -6.640688
v 2.493889 4.437947 -6.602250
v 2.493889 4.446484 -6.564882
v 2.493889 4.469435 -6.549479
v 2.493889 4.487411 -6.539784
v 2.493889 4.492130 -6.520736
v 2.493889 4.465703 -6.514686
v 2.493889 4.451289 -6.494394
v 2.493889 4.453691 -6.472515
v 2.493889 4.571412 -6.472515
v 2.493889 4.571412 -6.996251
v 2.538848 4.536036 -5.945032
v 2.538848 4.391228 -5.974202
v 2.538848 4.446484 -5.945032
v 2.538848 4.412849 -5.961850
v 2.538848 4.367203 -5.999046
v 2.538848 4.351203 -6.029118
v 2.538848 4.362398 -6.057947
v 2.538848 4.391228 -6.091241
v 2.538848 4.417995 -6.103593
v 2.538848 4.437045 -6.096387
v 2.538848 4.456094 -6.073691
v 2.538848 4.478789 -6.072362
v 2.538848 4.494533 -6.110802
v 2.538848 4.510362 -6.173266
v 2.538848 4.504313 -6.216509
v 2.538848 4.475313 -6.266961
v 2.538848 4.451289 -6.300596
v 2.538848 4.437947 -6.339035
v 2.538848 4.446484 -6.376401
v 2.538848 4.469435 -6.391803
v 2.538848 4.487411 -6.401498
v 2.538848 4.492130 -6.420548
v 2.538848 4.465703 -6.426597
v 2.538848 4.451289 -6.446888
v 2.538848 4.453691 -6.468768
v 2.538848 4.571412 -6.468768
v 2.538848 4.571411 -5.945032
v 2.538848 4.536036 -6.996251
v 2.538848 4.391228 -6.967081
v 2.538848 4.446484 -6.996251
v 2.538848 4.412849 -6.979433
v 2.538848 4.367203 -6.942239
v 2.538848 4.351203 -6.912165
v 2.538848 4.362398 -6.883336
v 2.538848 4.391228 -6.850043
v 2.538848 4.417995 -6.837689
v 2.538848 4.437045 -6.844895
v 2.538848 4.456094 -6.867592
v 2.538848 4.478789 -6.868920
v 2.538848 4.494533 -6.830482
v 2.538848 4.510362 -6.768017
v 2.538848 4.504313 -6.724774
v 2.538848 4.475313 -6.674322
v 2.538848 4.451289 -6.640688
v 2.538848 4.437947 -6.602250
v 2.538848 4.446484 -6.564882
v 2.538848 4.469435 -6.549479
v 2.538848 4.487411 -6.539784
v 2.538848 4.492130 -6.520736
v 2.538848 4.465703 -6.514686
v 2.538848 4.451289 -6.494394
v 2.538848 4.453691 -6.472515
v 2.538848 4.571412 -6.472515
v 2.538848 4.571412 -6.996251
v 2.493889 4.618629 -6.468768
v 2.493888 4.618629 -5.898704
v 2.493889 4.618629 -6.472515
v 2.493889 4.618629 -7.042579
v 2.592448 4.618629 -6.468768
v 2.592448 4.618629 -5.898704
v 2.592448 4.618629 -6.472515
v 2.592448 4.618629 -7.042579
v 2.492550 4.617848 -3.777341
v 2.492550 4.617848 -4.829742
v 2.492550 6.009306 -3.777340
v 2.492551 6.009306 -4.829742
v 2.492550 6.009306 -3.735018
v 2.492551 6.009306 -4.870780
v 2.492550 6.110536 -3.777340
v 2.492551 6.110536 -4.829742
v 2.492550 6.110536 -3.696356
v 2.492551 6.110536 -4.910727
v 2.562203 6.009306 -3.777340
v 2.562203 4.617848 -3.777341
v 2.562203 4.617848 -4.829742
v 2.562203 6.009306 -4.829742
v 2.562203 6.009306 -3.735018
v 2.562203 6.009306 -4.870780
v 2.562203 6.110536 -4.829742
v 2.562203 6.110536 -3.777340
v 2.562203 6.110536 -3.696356
v 2.562203 6.110536 -4.910727
v 2.631412 6.009306 -4.829742
v 2.631412 6.009306 -3.777340
v 2.631412 6.009306 -3.735018
v 2.631412 6.009306 -4.878522
v 2.631412 6.110536 -4.829742
v 2.631412 6.110536 -3.777340
v 2.631412 6.110536 -3.696356
v 2.631412 6.110536 -4.910727
v 2.562203 5.869625 -3.882985
v 2.562203 4.723698 -3.882985
v 2.562203 4.723698 -4.724097
v 2.562203 5.869625 -4.724097
v 2.492551 5.517609 -3.777340
v 2.492550 5.517609 -4.829742
v 2.562203 5.517609 -3.777340
v 2.562203 5.517609 -4.829742
v 2.562203 5.556030 -3.882985
v 2.562203 5.556030 -4.724097
v 2.492551 5.452657 -3.777340
v 2.562203 5.452657 -3.777340
v 2.562203 5.508019 -3.882985
v 2.492550 5.452657 -4.829742
v 2.562203 5.452657 -4.829742
v 2.562203 5.508019 -4.724097
v 2.492550 5.223997 -3.777340
v 2.562203 5.223997 -3.777340
v 2.562203 5.324940 -3.882985
v 2.492550 5.223997 -4.829742
v 2.562203 5.223997 -4.829742
v 2.562203 5.324940 -4.724097
v 2.492550 5.166530 -3.777340
v 2.562203 5.166530 -3.777340
v 2.562203 5.277613 -3.882985
v 2.492550 5.166530 -4.829742
v 2.562203 5.166530 -4.829742
v 2.562203 5.277613 -4.724097
v 2.492550 4.617848 -4.256575
v 2.492551 6.009306 -4.256575
v 2.492551 6.110536 -4.256575
v 2.562203 4.617848 -4.256575
v 2.562203 6.009306 -4.256575
v 2.562203 6.110536 -4.256575
v 2.631412 6.009306 -4.256575
v 2.631412 6.110536 -4.256575
v 2.562203 4.723698 -4.271505
v 2.562203 5.869625 -4.271505
v 2.562203 5.556030 -4.271505
v 2.492551 5.517609 -4.256575
v 2.492550 5.452657 -4.256575
v 2.562203 5.508019 -4.271505
v 2.562203 5.324940 -4.271505
v 2.492550 5.223997 -4.256575
v 2.492550 5.166530 -4.256575
v 2.562203 5.277613 -4.271505
v 2.492550 4.617848 -4.315437
v 2.562203 4.617848 -4.315437
v 2.562203 4.723698 -4.308528
v 2.492551 5.517609 -4.315437
v 2.492550 5.452657 -4.315437
v 2.492550 5.223997 -4.315437
v 2.492550 5.166530 -4.315437
v 2.492551 6.009306 -4.315437
v 2.492551 6.110536 -4.315437
v 2.562203 6.009306 -4.315437
v 2.562203 6.110536 -4.315437
v 2.631412 6.009306 -4.315437
v 2.631412 6.110536 -4.315437
v 2.562203 5.869625 -4.308528
v 2.562203 5.556030 -4.308528
v 2.562203 5.508019 -4.308528
v 2.562203 5.324940 -4.308528
v 2.562203 5.277613 -4.314029
v 2.526376 5.277613 -3.882985
v 2.526376 4.723698 -3.882985
v 2.526376 4.723698 -4.308528
v 2.526376 4.723698 -4.724097
v 2.526376 5.556030 -4.724097
v 2.526376 5.869625 -4.724097
v 2.526376 5.869625 -4.271505
v 2.526376 5.869625 -3.882985
v 2.526376 5.556030 -3.882985
v 2.526376 5.556030 -4.271505
v 2.526376 5.324940 -4.724097
v 2.526375 5.508019 -4.724097
v 2.526376 5.508019 -4.271505
v 2.526376 5.508019 -3.882985
v 2.526376 5.324940 -3.882985
v 2.526376 5.324940 -4.271505
v 2.526376 5.277613 -4.724097
v 2.526376 5.277613 -4.271505
v 2.526376 4.723698 -4.271505
v 2.526376 5.869625 -4.308528
v 2.526376 5.556030 -4.308528
v 2.526376 5.508019 -4.308528
v 2.526376 5.324940 -4.308528
v 2.526376 5.277613 -4.314029
v 2.493371 4.536036 -3.774447
v 2.493371 4.391228 -3.803618
v 2.493371 4.446484 -3.774447
v 2.493371 4.412849 -3.791265
v 2.493371 4.367203 -3.828460
v 2.493372 4.351203 -3.858533
v 2.493372 4.362398 -3.887362
v 2.493372 4.391228 -3.920656
v 2.493372 4.417995 -3.933009
v 2.493371 4.437045 -3.925802
v 2.493371 4.456094 -3.903105
v 2.493371 4.478789 -3.901778
v 2.493371 4.494533 -3.940217
v 2.493371 4.510363 -4.002681
v 2.493372 4.504314 -4.045925
v 2.493372 4.475314 -4.096376
v 2.493372 4.451289 -4.130011
v 2.493372 4.437948 -4.168450
v 2.493372 4.446484 -4.205816
v 2.493372 4.469436 -4.221219
v 2.493372 4.487411 -4.230913
v 2.493372 4.492130 -4.249963
v 2.493372 4.465703 -4.256012
v 2.493372 4.451289 -4.276305
v 2.493372 4.453691 -4.298182
v 2.493372 4.571412 -4.298182
v 2.493371 4.571412 -3.774447
v 2.493372 4.536036 -4.825666
v 2.493372 4.391228 -4.796496
v 2.493372 4.446484 -4.825666
v 2.493372 4.412849 -4.808848
v 2.493372 4.367203 -4.771654
v 2.493372 4.351203 -4.741580
v 2.493372 4.362398 -4.712750
v 2.493372 4.391228 -4.679458
v 2.493372 4.417996 -4.667105
v 2.493372 4.437045 -4.674311
v 2.493372 4.456094 -4.697007
v 2.493372 4.478789 -4.698335
v 2.493372 4.494534 -4.659897
v 2.493372 4.510363 -4.597433
v 2.493372 4.504314 -4.554189
v 2.493372 4.475314 -4.503737
v 2.493372 4.451289 -4.470103
v 2.493372 4.437948 -4.431664
v 2.493372 4.446484 -4.394298
v 2.493372 4.469436 -4.378895
v 2.493372 4.487411 -4.369200
v 2.493372 4.492130 -4.350151
v 2.493372 4.465703 -4.344102
v 2.493372 4.451289 -4.323809
v 2.493372 4.453691 -4.301931
v 2.493372 4.571412 -4.301931
v 2.493372 4.571412 -4.825666
v 2.538331 4.536036 -3.774447
v 2.538331 4.391228 -3.803618
v 2.538331 4.446484 -3.774447
v 2.538331 4.412849 -3.791265
v 2.538331 4.367203 -3.828460
v 2.538331 4.351203 -3.858533
v 2.538331 4.362398 -3.887362
v 2.538331 4.391228 -3.920656
v 2.538331 4.417995 -3.933009
v 2.538331 4.437045 -3.925802
v 2.538331 4.456094 -3.903105
v 2.538331 4.478789 -3.901778
v 2.538331 4.494533 -3.940217
v 2.538331 4.510363 -4.002681
v 2.538331 4.504314 -4.045925
v 2.538331 4.475314 -4.096376
v 2.538331 4.451289 -4.130011
v 2.538331 4.437948 -4.168450
v 2.538331 4.446484 -4.205816
v 2.538331 4.469436 -4.221219
v 2.538331 4.487411 -4.230913
v 2.538331 4.492130 -4.249963
v 2.538331 4.465703 -4.256012
v 2.538331 4.451289 -4.276305
v 2.538331 4.453691 -4.298182
v 2.538331 4.571412 -4.298182
v 2.538331 4.571412 -3.774447
v 2.538331 4.536036 -4.825666
v 2.538331 4.391228 -4.796496
v 2.538331 4.446484 -4.825666
v 2.538331 4.412849 -4.808848
v 2.538331 4.367203 -4.771654
v 2.538331 4.351203 -4.741580
v 2.538331 4.362398 -4.712750
v 2.538331 4.391228 -4.679458
v 2.538331 4.417996 -4.667105
v 2.538331 4.437045 -4.674311
v 2.538331 4.456094 -4.697007
v 2.538331 4.478789 -4.698335
v 2.538331 4.494534 -4.659897
v 2.538331 4.510363 -4.597433
v 2.538331 4.504314 -4.554189
v 2.538331 4.475314 -4.503737
v 2.538331 4.451289 -4.470103
v 2.538331 4.437948 -4.431664
v 2.538331 4.446484 -4.394298
v 2.538331 4.469436 -4.378895
v 2.538331 4.487411 -4.369200
v 2.538331 4.492130 -4.350151
v 2.538331 4.465703 -4.344102
v 2.538331 4.451289 -4.323809
v 2.538331 4.453691 -4.301931
v 2.538331 4.571412 -4.301931
v 2.538331 4.571412 -4.825666
v 2.493372 4.618629 -4.298182
v 2.493371 4.618629 -3.728119
v 2.493372 4.618629 -4.301931
v 2.493372 4.618629 -4.871994
v 2.591932 4.618629 -4.298182
v 2.591931 4.618629 -3.728119
v 2.591932 4.618629 -4.301931
v 2.591932 4.618629 -4.871994
v 2.716184 4.617848 0.620286
v 2.716184 4.617848 -0.636796
v 2.716184 6.009306 0.620286
v 2.716184 6.009305 -0.636796
v 2.716184 6.009306 0.670840
v 2.716184 6.009305 -0.685816
v 2.716184 6.110536 0.620286
v 2.716184 6.110535 -0.636796
v 2.716184 6.110536 0.717020
v 2.716184 6.110536 -0.733531
v 2.785837 6.009306 0.620286
v 2.785837 4.617848 0.620286
v 2.785837 4.617848 -0.636796
v 2.785837 6.009305 -0.636796
v 2.785837 6.009306 0.670840
v 2.785837 6.009305 -0.685816
v 2.785837 6.110535 -0.636796
v 2.785837 6.110536 0.620286
v 2.785837 6.110536 0.717020
v 2.785837 6.110536 -0.733531
v 2.855046 6.009305 -0.636796
v 2.855046 6.009306 0.620286
v 2.855046 6.009306 0.670840
v 2.855046 6.009305 -0.695061
v 2.855046 6.110535 -0.636796
v 2.855046 6.110536 0.620286
v 2.855046 6.110536 0.717020
v 2.855046 6.110536 -0.733531
v 2.785837 5.869626 0.494094
v 2.785838 4.723698 0.494094
v 2.785837 4.723698 -0.510604
v 2.785837 5.869626 -0.510604
v 2.716184 5.517609 0.620286
v 2.716184 5.517609 -0.636796
v 2.785837 5.517609 0.620286
v 2.785837 5.517609 -0.636796
v 2.785837 5.556030 0.494094
v 2.785837 5.556030 -0.510604
v 2.716185 5.452656 0.620286
v 2.785838 5.452656 0.620286
v 2.785837 5.508019 0.494094
v 2.716185 5.452656 -0.636796
v 2.785838 5.452656 -0.636796
v 2.785837 5.508019 -0.510604
v 2.716185 5.223996 0.620286
v 2.785838 5.223996 0.620286
v 2.785838 5.324940 0.494094
v 2.716185 5.223996 -0.636796
v 2.785838 5.223996 -0.636796
v 2.785838 5.324940 -0.510604
v 2.716185 5.166530 0.620286
v 2.785838 5.166530 0.620286
v 2.785838 5.277613 0.494094
v 2.716185 5.166530 -0.636796
v 2.785838 5.166530 -0.636796
v 2.785838 5.277613 -0.510604
v 2.716184 4.617848 0.047846
v 2.716184 6.009306 0.047846
v 2.716184 6.110536 0.047846
v 2.785837 4.617848 0.047846
v 2.785837 6.009306 0.047846
v 2.785837 6.110536 0.047846
v 2.855046 6.009306 0.047846
v 2.855046 6.110536 0.047846
v 2.785837 4.723698 0.030012
v 2.785837 5.869626 0.030013
v 2.785837 5.556030 0.030013
v 2.716184 5.517609 0.047846
v 2.716185 5.452656 0.047846
v 2.785837 5.508019 0.030013
v 2.785838 5.324940 0.030013
v 2.716185 5.223996 0.047846
v 2.716185 5.166530 0.047846
v 2.785838 5.277613 0.030012
v 2.716184 4.617848 -0.022464
v 2.785837 4.617848 -0.022464
v 2.785837 4.723698 -0.014213
v 2.716184 5.517609 -0.022464
v 2.716185 5.452656 -0.022464
v 2.716185 5.223996 -0.022464
v 2.716185 5.166530 -0.022464
v 2.716184 6.009306 -0.022464
v 2.716184 6.110536 -0.022464
v 2.785837 6.009306 -0.022464
v 2.785837 6.110536 -0.022464
v 2.855046 6.009306 -0.022464
v 2.855046 6.110536 -0.022464
v 2.785837 5.869626 -0.014213
v 2.785837 5.556030 -0.014213
v 2.785837 5.508019 -0.014213
v 2.785838 5.324940 -0.014213
v 2.785838 5.277613 -0.020782
v 2.750010 5.277613 0.494094
v 2.750010 4.723698 0.494094
v 2.750009 4.723698 -0.014213
v 2.750009 4.723698 -0.510604
v 2.750010 5.556030 -0.510604
v 2.750010 5.869626 -0.510604
v 2.750010 5.869626 0.030013
v 2.750010 5.869626 0.494094
v 2.750010 5.556030 0.494094
v 2.750010 5.556030 0.030013
v 2.750010 5.324940 -0.510604
v 2.750010 5.508019 -0.510604
v 2.750010 5.508019 0.030013
v 2.750010 5.508019 0.494094
v 2.750010 5.324940 0.494094
v 2.750010 5.324940 0.030012
v 2.750010 5.277613 -0.510604
v 2.750010 5.277613 0.030012
v 2.750009 4.723698 0.030012
v 2.750010 5.869626 -0.014213
v 2.750010 5.556030 -0.014213
v 2.750010 5.508019 -0.014213
v 2.750010 5.324940 -0.014213
v 2.750010 5.277613 -0.020782
v 2.717006 4.536036 0.623743
v 2.717006 4.391228 0.588898
v 2.717006 4.446484 0.623743
v 2.717006 4.412849 0.603654
v 2.717006 4.367203 0.559225
v 2.717006 4.351203 0.523302
v 2.717006 4.362398 0.488866
v 2.717006 4.391228 0.449098
v 2.717006 4.417995 0.434342
v 2.717006 4.437045 0.442950
v 2.717006 4.456094 0.470060
v 2.717006 4.478789 0.471647
v 2.717006 4.494533 0.425732
v 2.717006 4.510362 0.351120
v 2.717006 4.504313 0.299466
v 2.717006 4.475314 0.239202
v 2.717006 4.451289 0.199026
v 2.717006 4.437947 0.153111
v 2.717006 4.446484 0.108477
v 2.717006 4.469435 0.090078
v 2.717006 4.487411 0.078498
v 2.717006 4.492130 0.055744
v 2.717006 4.465703 0.048520
v 2.717006 4.451289 0.024279
v 2.717006 4.453691 -0.001854
v 2.717006 4.571412 -0.001854
v 2.717006 4.571412 0.623743
v 2.717006 4.536036 -0.631926
v 2.717006 4.391228 -0.597084
v 2.717006 4.446484 -0.631926
v 2.717006 4.412849 -0.611839
v 2.717006 4.367203 -0.567409
v 2.717006 4.351203 -0.531487
v 2.717006 4.362398 -0.497051
v 2.717006 4.391228 -0.457281
v 2.717006 4.417995 -0.442526
v 2.717006 4.437045 -0.451136
v 2.717006 4.456094 -0.478244
v 2.717006 4.478789 -0.479833
v 2.717006 4.494534 -0.433917
v 2.717006 4.510362 -0.359305
v 2.717006 4.504313 -0.307650
v 2.717006 4.475314 -0.247387
v 2.717006 4.451289 -0.207210
v 2.717006 4.437947 -0.161295
v 2.717006 4.446484 -0.116662
v 2.717006 4.469435 -0.098264
v 2.717006 4.487411 -0.086682
v 2.717006 4.492130 -0.063929
v 2.717006 4.465703 -0.056703
v 2.717006 4.451289 -0.032464
v 2.717006 4.453691 -0.006331
v 2.717006 4.571412 -0.006331
v 2.717006 4.571412 -0.631926
v 2.761966 4.536036 0.623743
v 2.761966 4.391228 0.588898
v 2.761966 4.446484 0.623743
v 2.761966 4.412849 0.603654
v 2.761966 4.367203 0.559225
v 2.761966 4.351203 0.523302
v 2.761966 4.362398 0.488866
v 2.761966 4.391228 0.449098
v 2.761966 4.417995 0.434342
v 2.761966 4.437045 0.442950
v 2.761966 4.456094 0.470060
v 2.761966 4.478789 0.471647
v 2.761966 4.494533 0.425732
v 2.761966 4.510362 0.351120
v 2.761966 4.504313 0.299466
v 2.761966 4.475314 0.239202
v 2.761966 4.451289 0.199026
v 2.761966 4.437947 0.153111
v 2.761966 4.446484 0.108477
v 2.761966 4.469435 0.090078
v 2.761966 4.487411 0.078498
v 2.761966 4.492130 0.055744
v 2.761966 4.465703 0.048520
v 2.761966 4.451289 0.024279
v 2.761966 4.453691 -0.001854
v 2.761966 4.571412 -0.001854
v 2.761966 4.571412 0.623743
v 2.761966 4.536036 -0.631926
v 2.761966 4.391228 -0.597084
v 2.761966 4.446484 -0.631926
v 2.761966 4.412849 -0.611839
v 2.761966 4.367203 -0.567409
v 2.761966 4.351203 -0.531487
v 2.761966 4.362398 -0.497051
v 2.761966 4.391228 -0.457281
v 2.761966 4.417995 -0.442526
v 2.761966 4.437045 -0.451136
v 2.761966 4.456094 -0.478244
v 2.761966 4.478789 -0.479833
v 2.761966 4.494534 -0.433917
v 2.761966 4.510362 -0.359305
v 2.761966 4.504313 -0.307650
v 2.761966 4.475314 -0.247387
v 2.761966 4.451289 -0.207210
v 2.761966 4.437947 -0.161295
v 2.761966 4.446484 -0.116662
v 2.761966 4.469435 -0.098264
v 2.761966 4.487411 -0.086682
v 2.761966 4.492130 -0.063929
v 2.761966 4.465703 -0.056703
v 2.761966 4.451289 -0.032464
v 2.761966 4.453691 -0.006331
v 2.761966 4.571412 -0.006331
v 2.761966 4.571412 -0.631926
v 2.717006 4.618629 -0.001854
v 2.717006 4.618629 0.679080
v 2.717006 4.618629 -0.006331
v 2.717006 4.618629 -0.687266
v 2.815565 4.618629 -0.001854
v 2.815565 4.618629 0.679080
v 2.815565 4.618629 -0.006331
v 2.815565 4.618629 -0.687266
v 2.716185 4.617848 -1.291740
v 2.716185 4.617847 -2.344142
v 2.716184 6.009305 -1.291740
v 2.716185 6.009305 -2.344141
v 2.716184 6.009305 -1.249417
v 2.716185 6.009305 -2.385180
v 2.716184 6.110535 -1.291740
v 2.716185 6.110535 -2.344141
v 2.716184 6.110535 -1.210756
v 2.716185 6.110535 -2.425125
v 2.785838 6.009305 -1.291740
v 2.785837 4.617848 -1.291740
v 2.785837 4.617847 -2.344142
v 2.785838 6.009305 -2.344141
v 2.785838 6.009305 -1.249417
v 2.785838 6.009305 -2.385180
v 2.785838 6.110535 -2.344141
v 2.785838 6.110535 -1.291740
v 2.785838 6.110535 -1.210756
v 2.785838 6.110535 -2.425125
v 2.855046 6.009305 -2.344141
v 2.855046 6.009305 -1.291740
v 2.855046 6.009305 -1.249417
v 2.855046 6.009305 -2.392921
v 2.855046 6.110535 -2.344141
v 2.855046 6.110535 -1.291740
v 2.855046 6.110535 -1.210756
v 2.855046 6.110535 -2.425125
v 2.785838 5.869625 -1.397384
v 2.785837 4.723698 -1.397384
v 2.785837 4.723698 -2.238497
v 2.785838 5.869625 -2.238497
v 2.716185 5.517609 -1.291740
v 2.716185 5.517609 -2.344141
v 2.785838 5.517609 -1.291740
v 2.785838 5.517609 -2.344141
v 2.785838 5.556030 -1.397384
v 2.785838 5.556030 -2.238497
v 2.716185 5.452656 -1.291740
v 2.785838 5.452656 -1.291740
v 2.785838 5.508019 -1.397384
v 2.716185 5.452656 -2.344142
v 2.785838 5.452656 -2.344142
v 2.785838 5.508018 -2.238497
v 2.716185 5.223996 -1.291740
v 2.785838 5.223996 -1.291740
v 2.785838 5.324940 -1.397384
v 2.716185 5.223996 -2.344142
v 2.785838 5.223996 -2.344142
v 2.785838 5.324939 -2.238497
v 2.716185 5.166530 -1.291740
v 2.785838 5.166530 -1.291740
v 2.785838 5.277613 -1.397384
v 2.716185 5.166530 -2.344142
v 2.785838 5.166530 -2.344142
v 2.785838 5.277613 -2.238497
v 2.716185 4.617848 -1.770975
v 2.716185 6.009305 -1.770975
v 2.716185 6.110535 -1.770975
v 2.785837 4.617848 -1.770975
v 2.785838 6.009305 -1.770975
v 2.785838 6.110535 -1.770975
v 2.855046 6.009305 -1.770975
v 2.855046 6.110535 -1.770975
v 2.785837 4.723698 -1.785904
v 2.785838 5.869625 -1.785904
v 2.785838 5.556030 -1.785904
v 2.716185 5.517609 -1.770975
v 2.716185 5.452656 -1.770975
v 2.785838 5.508019 -1.785904
v 2.785838 5.324940 -1.785904
v 2.716185 5.223996 -1.770975
v 2.716185 5.166530 -1.770975
v 2.785838 5.277613 -1.785904
v 2.716185 4.617848 -1.829835
v 2.785837 4.617848 -1.829835
v 2.785837 4.723698 -1.822928
v 2.716185 5.517609 -1.829835
v 2.716185 5.452656 -1.829835
v 2.716185 5.223996 -1.829835
v 2.716185 5.166530 -1.829835
v 2.716185 6.009305 -1.829835
v 2.716185 6.110535 -1.829835
v 2.785838 6.009305 -1.829835
v 2.785838 6.110535 -1.829835
v 2.855046 6.009305 -1.829835
v 2.855046 6.110535 -1.829835
v 2.785838 5.869625 -1.822928
v 2.785838 5.556030 -1.822928
v 2.785838 5.508019 -1.822928
v 2.785838 5.324940 -1.822928
v 2.785838 5.277613 -1.828429
v 2.750010 5.277613 -1.397384
v 2.750010 4.723698 -1.397384
v 2.750010 4.723698 -1.822928
v 2.750010 4.723698 -2.238497
v 2.750010 5.556030 -2.238497
v 2.750010 5.869625 -2.238497
v 2.750010 5.869625 -1.785904
v 2.750010 5.869625 -1.397384
v 2.750010 5.556030 -1.397384
v 2.750010 5.556030 -1.785904
v 2.750010 5.324939 -2.238497
v 2.750010 5.508018 -2.238497
v 2.750010 5.508019 -1.785904
v 2.750010 5.508019 -1.397384
v 2.750010 5.324940 -1.397384
v 2.750010 5.324940 -1.785904
v 2.750010 5.277613 -2.238497
v 2.750010 5.277613 -1.785904
v 2.750010 4.723698 -1.785904
v 2.750010 5.869625 -1.822928
v 2.750010 5.556030 -1.822928
v 2.750010 5.508019 -1.822928
v 2.750010 5.324940 -1.822928
v 2.750010 5.277613 -1.828429
v 2.717006 4.536036 -1.288847
v 2.717006 4.391228 -1.318017
v 2.717006 4.446484 -1.288847
v 2.717006 4.412849 -1.305664
v 2.717006 4.367203 -1.342859
v 2.717006 4.351203 -1.372933
v 2.717006 4.362398 -1.401762
v 2.717006 4.391228 -1.435055
v 2.717006 4.417995 -1.447409
v 2.717006 4.437045 -1.440201
v 2.717006 4.456094 -1.417505
v 2.717006 4.478789 -1.416176
v 2.717006 4.494533 -1.454616
v 2.717006 4.510362 -1.517080
v 2.717006 4.504313 -1.560323
v 2.717006 4.475314 -1.610776
v 2.717006 4.451289 -1.644409
v 2.717006 4.437947 -1.682849
v 2.717006 4.446484 -1.720215
v 2.717006 4.469435 -1.735618
v 2.717006 4.487411 -1.745313
v 2.717006 4.492130 -1.764362
v 2.717006 4.465703 -1.770410
v 2.717006 4.451289 -1.790704
v 2.717006 4.453691 -1.812582
v 2.717006 4.571412 -1.812582
v 2.717006 4.571412 -1.288847
v 2.717006 4.536036 -2.340065
v 2.717006 4.391227 -2.310895
v 2.717006 4.446484 -2.340065
v 2.717006 4.412849 -2.323248
v 2.717006 4.367203 -2.286052
v 2.717006 4.351203 -2.255979
v 2.717006 4.362398 -2.227150
v 2.717006 4.391227 -2.193856
v 2.717006 4.417995 -2.181504
v 2.717006 4.437045 -2.188710
v 2.717006 4.456094 -2.211406
v 2.717006 4.478789 -2.212735
v 2.717006 4.494533 -2.174296
v 2.717006 4.510362 -2.111832
v 2.717006 4.504313 -2.068588
v 2.717006 4.475314 -2.018137
v 2.717006 4.451289 -1.984502
v 2.717006 4.437947 -1.946063
v 2.717006 4.446484 -1.908696
v 2.717006 4.469435 -1.893295
v 2.717006 4.487411 -1.883599
v 2.717006 4.492130 -1.864549
v 2.717006 4.465703 -1.858501
v 2.717006 4.451289 -1.838209
v 2.717006 4.453691 -1.816330
v 2.717006 4.571412 -1.816330
v 2.717006 4.571411 -2.340065
v 2.761966 4.536036 -1.288847
v 2.761966 4.391228 -1.318017
v 2.761966 4.446484 -1.288847
v 2.761966 4.412849 -1.305664
v 2.761966 4.367203 -1.342859
v 2.761966 4.351203 -1.372933
v 2.761966 4.362398 -1.401762
v 2.761966 4.391228 -1.435055
v 2.761966 4.417995 -1.447409
v 2.761966 4.437045 -1.440201
v 2.761966 4.456094 -1.417505
v 2.761966 4.478789 -1.416176
v 2.761966 4.494533 -1.454616
v 2.761966 4.510362 -1.517080
v 2.761966 4.504313 -1.560323
v 2.761966 4.475314 -1.610776
v 2.761966 4.451289 -1.644409
v 2.761966 4.437947 -1.682849
v 2.761966 4.446484 -1.720215
v 2.761966 4.469435 -1.735618
v 2.761966 4.487411 -1.745313
v 2.761966 4.492130 -1.764362
v 2.761966 4.465703 -1.770410
v 2.761966 4.451289 -1.790704
v 2.761966 4.453691 -1.812582
v 2.761966 4.571412 -1.812582
v 2.761966 4.571412 -1.288847
v 2.761966 4.536036 -2.340065
v 2.761966 4.391227 -2.310895
v 2.761966 4.446484 -2.340065
v 2.761966 4.412849 -2.323248
v 2.761966 4.367203 -2.286052
v 2.761966 4.351203 -2.255979
v 2.761966 4.362398 -2.227150
v 2.761966 4.391227 -2.193856
v 2.761966 4.417995 -2.181504
v 2.761966 4.437045 -2.188710
v 2.761966 4.456094 -2.211406
v 2.761966 4.478789 -2.212735
v 2.761966 4.494533 -2.174296
v 2.761966 4.510362 -2.111832
v 2.761966 4.504313 -2.068588
v 2.761966 4.475314 -2.018137
v 2.761966 4.451289 -1.984502
v 2.761966 4.437947 -1.946063
v 2.761966 4.446484 -1.908696
v 2.761966 4.469435 -1.893295
v 2.761966 4.487411 -1.883599
v 2.761966 4.492130 -1.864549
v 2.761966 4.465703 -1.858501
v 2.761966 4.451289 -1.838209
v 2.761966 4.453691 -1.816330
v 2.761966 4.571412 -1.816330
v 2.761966 4.571411 -2.340065
v 2.717006 4.618629 -1.812582
v 2.717006 4.618629 -1.242519
v 2.717006 4.618629 -1.816330
v 2.717006 4.618629 -2.386394
v 2.815566 4.618629 -1.812582
v 2.815565 4.618629 -1.242519
v 2.815566 4.618629 -1.816330
v 2.815566 4.618629 -2.386394
v 2.491077 1.483015 -9.035205
v 2.491077 1.333196 -9.065383
v 2.491077 1.390365 -9.035205
v 2.491077 1.355567 -9.052604
v 2.491077 1.308340 -9.091086
v 2.491077 1.291787 -9.122200
v 2.491077 1.303370 -9.152025
v 2.491077 1.333196 -9.186471
v 2.491077 1.360890 -9.199252
v 2.491077 1.380599 -9.191796
v 2.491077 1.400307 -9.168315
v 2.491077 1.423788 -9.166941
v 2.491077 1.440076 -9.206709
v 2.491077 1.456453 -9.271335
v 2.491077 1.450195 -9.316073
v 2.491077 1.420191 -9.368271
v 2.491077 1.395336 -9.403069
v 2.491077 1.381533 -9.442840
v 2.491077 1.390365 -9.481498
v 2.491077 1.414110 -9.497434
v 2.491077 1.432708 -9.507463
v 2.491077 1.437591 -9.527174
v 2.491077 1.410249 -9.533432
v 2.491077 1.395336 -9.554424
v 2.491077 1.390473 -9.577062
v 2.491077 1.519615 -9.577062
v 2.491077 1.519615 -9.035205
v 2.491077 1.483015 -10.122796
v 2.491077 1.333196 -10.092616
v 2.491077 1.390365 -10.122796
v 2.491077 1.355567 -10.105395
v 2.491077 1.308340 -10.066915
v 2.491077 1.291787 -10.035799
v 2.491077 1.303370 -10.005973
v 2.491077 1.333196 -9.971528
v 2.491077 1.360890 -9.958747
v 2.491077 1.380599 -9.966203
v 2.491077 1.400307 -9.989684
v 2.491077 1.423788 -9.991060
v 2.491077 1.440076 -9.951290
v 2.491077 1.456453 -9.886666
v 2.491077 1.450195 -9.841926
v 2.491077 1.420191 -9.789728
v 2.491077 1.395336 -9.754930
v 2.491077 1.381532 -9.715159
v 2.491077 1.390365 -9.676503
v 2.491077 1.414110 -9.660565
v 2.491077 1.432708 -9.650536
v 2.491077 1.437591 -9.630827
v 2.491077 1.410249 -9.624569
v 2.491077 1.395336 -9.603574
v 2.491077 1.390473 -9.580937
v 2.491077 1.519615 -9.580937
v 2.491077 1.519615 -10.122796
v 2.537592 1.483015 -9.035205
v 2.537592 1.333196 -9.065383
v 2.537592 1.390365 -9.035205
v 2.537592 1.355567 -9.052604
v 2.537592 1.308340 -9.091086
v 2.537592 1.291787 -9.122200
v 2.537592 1.303370 -9.152025
v 2.537592 1.333196 -9.186471
v 2.537592 1.360890 -9.199252
v 2.537592 1.380599 -9.191796
v 2.537592 1.400307 -9.168315
v 2.537592 1.423788 -9.166941
v 2.537592 1.440076 -9.206709
v 2.537592 1.456453 -9.271335
v 2.537592 1.450195 -9.316073
v 2.537592 1.420191 -9.368271
v 2.537592 1.395336 -9.403069
v 2.537592 1.381533 -9.442840
v 2.537592 1.390365 -9.481498
v 2.537592 1.414110 -9.497434
v 2.537592 1.432708 -9.507463
v 2.537592 1.437591 -9.527174
v 2.537592 1.410249 -9.533432
v 2.537592 1.395336 -9.554424
v 2.537592 1.390473 -9.577062
v 2.537592 1.519615 -9.577062
v 2.537592 1.519615 -9.035205
v 2.537592 1.483015 -10.122796
v 2.537592 1.333196 -10.092616
v 2.537592 1.390365 -10.122796
v 2.537592 1.355567 -10.105395
v 2.537592 1.308340 -10.066915
v 2.537592 1.291787 -10.035799
v 2.537592 1.303370 -10.005973
v 2.537592 1.333196 -9.971528
v 2.537592 1.360890 -9.958747
v 2.537592 1.380599 -9.966203
v 2.537592 1.400307 -9.989684
v 2.537592 1.423788 -9.991060
v 2.537592 1.440076 -9.951290
v 2.537592 1.456453 -9.886666
v 2.537592 1.450195 -9.841926
v 2.537592 1.420191 -9.789728
v 2.537592 1.395336 -9.754930
v 2.537592 1.381532 -9.715159
v 2.537592 1.390365 -9.676503
v 2.537592 1.414110 -9.660565
v 2.537592 1.432708 -9.650536
v 2.537592 1.437591 -9.630827
v 2.537592 1.410249 -9.624569
v 2.537592 1.395336 -9.603574
v 2.537592 1.390473 -9.580937
v 2.537592 1.519615 -9.580937
v 2.537592 1.519615 -10.122796
v 2.491077 1.568466 -9.577062
v 2.491077 1.568466 -8.987273
v 2.491077 1.568466 -9.580937
v 2.491077 1.568466 -10.170728
v 2.593047 1.568466 -9.577062
v 2.593047 1.568466 -8.987273
v 2.593047 1.568466 -9.580937
v 2.593047 1.568466 -10.170728
v 2.492727 3.236371 -10.184873
v 2.492727 3.236371 -8.990904
v 2.492727 3.526580 -9.581073
v 2.492727 3.192874 -10.126263
v 2.492727 3.192874 -9.035880
v 2.492727 1.568388 -10.126263
v 2.492727 1.568387 -9.035882
v 2.492727 3.465470 -9.581073
v 2.492727 1.568389 -9.581073
v 2.492727 3.099465 -10.044485
v 2.492727 3.099465 -9.117660
v 2.492727 1.709229 -10.044485
v 2.492727 1.704686 -9.117660
v 2.492727 3.331171 -9.581073
v 2.492727 2.397532 -9.035882
v 2.492727 2.644198 -9.117660
v 2.492727 2.397532 -10.126263
v 2.492727 2.644198 -10.044485
v 2.492727 2.558817 -9.117660
v 2.492727 2.558817 -10.044485
v 2.492727 2.558817 -9.635592
v 2.492727 2.558817 -9.526554
v 2.492727 1.704686 -9.635592
v 2.492727 1.704686 -9.526554
v 2.560875 3.465470 -9.581073
v 2.560875 3.192874 -9.035880
v 2.560875 3.192874 -10.126263
v 2.560417 3.518707 -9.580514
v 2.560417 3.228497 -8.990344
v 2.560417 3.228497 -10.184313
v 2.560417 3.457597 -9.580514
v 2.560417 3.185001 -9.035323
v 2.560417 2.389659 -10.125705
v 2.560417 3.185001 -10.125705
v 2.560417 1.568389 -9.581211
v 2.560417 1.568388 -10.126263
v 2.560417 2.389659 -9.035323
v 2.560417 1.568389 -9.035882
v 2.560417 1.701355 -10.043927
v 2.628566 3.228497 -8.990344
v 2.560417 3.323298 -9.580514
v 2.560417 3.091592 -9.117102
v 2.560417 2.636325 -10.043925
v 2.560417 3.091592 -10.043925
v 2.560417 1.696812 -9.117102
v 2.560417 1.696812 -9.525995
v 2.560417 1.696812 -9.635033
v 2.560417 2.636325 -9.117102
v 2.560417 2.550944 -10.043925
v 2.560417 2.550944 -9.117102
v 2.560417 2.550944 -9.635033
v 2.560417 2.550944 -9.525995
v 2.628567 3.518707 -9.580514
v 2.628567 3.228497 -10.184313
v 2.628567 3.457597 -9.580514
v 2.628567 3.185001 -9.035323
v 2.628567 3.185001 -10.125705
v 2.492727 1.992425 -10.044485
v 2.492727 2.304244 -10.044485
v 2.492727 1.989397 -9.635592
v 2.492727 2.302730 -9.635592
v 2.492727 2.302730 -9.526554
v 2.492727 1.989396 -9.526554
v 2.492727 1.989397 -9.117660
v 2.492727 2.302730 -9.117660
v 2.492727 2.265626 -10.044485
v 2.492727 2.264112 -9.635592
v 2.492727 2.264869 -9.526554
v 2.492727 2.264869 -9.117660
v 2.492727 2.302730 -9.526554
v 2.492727 2.302730 -9.117660
v 2.492727 2.264869 -9.526554
v 2.492727 2.264869 -9.117660
v 2.560419 2.302730 -9.526554
v 2.560419 2.302730 -9.117660
v 2.560419 2.264869 -9.526554
v 2.560419 2.264869 -9.117660
v 2.560419 2.304244 -10.044485
v 2.560419 2.302730 -9.635592
v 2.560419 2.265626 -10.044485
v 2.560419 2.264112 -9.635592
v 2.489864 3.216566 -10.217273
v 2.489864 3.173069 -10.158665
v 2.557554 3.208692 -10.216716
v 2.557554 3.165196 -10.158106
v 2.625703 3.208692 -10.216716
v 2.625703 3.165196 -10.158106
v 2.490343 3.172204 -8.997409
v 2.490343 3.215700 -8.952431
v 2.558034 3.164331 -8.996850
v 2.558034 3.207827 -8.951873
v 2.626182 3.207827 -8.951873
v 2.626182 3.164331 -8.996850
v 2.495093 1.483015 -6.022812
v 2.495093 1.333196 -6.052991
v 2.495093 1.390365 -6.022812
v 2.495093 1.355566 -6.040211
v 2.495093 1.308340 -6.078694
v 2.495093 1.291787 -6.109807
v 2.495093 1.303369 -6.139634
v 2.495093 1.333196 -6.174079
v 2.495093 1.360890 -6.186861
v 2.495093 1.380599 -6.179404
v 2.495093 1.400307 -6.155923
v 2.495093 1.423788 -6.154548
v 2.495093 1.440076 -6.194318
v 2.495093 1.456453 -6.258943
v 2.495093 1.450195 -6.303682
v 2.495093 1.420191 -6.355879
v 2.495093 1.395335 -6.390677
v 2.495093 1.381532 -6.430448
v 2.495093 1.390365 -6.469106
v 2.495093 1.414110 -6.485042
v 2.495093 1.432707 -6.495072
v 2.495093 1.437591 -6.514782
v 2.495093 1.410249 -6.521039
v 2.495093 1.395335 -6.542033
v 2.495093 1.390473 -6.564670
v 2.495093 1.519614 -6.564670
v 2.495093 1.519614 -6.022812
v 2.495093 1.483015 -7.110403
v 2.495093 1.333196 -7.080225
v 2.495093 1.390365 -7.110403
v 2.495093 1.355566 -7.093004
v 2.495093 1.308340 -7.054522
v 2.495093 1.291787 -7.023408
v 2.495093 1.303369 -6.993582
v 2.495093 1.333196 -6.959136
v 2.495093 1.360890 -6.946355
v 2.495093 1.380599 -6.953812
v 2.495093 1.400307 -6.977293
v 2.495093 1.423788 -6.978668
v 2.495093 1.440076 -6.938898
v 2.495093 1.456453 -6.874274
v 2.495093 1.450195 -6.829534
v 2.495093 1.420191 -6.777337
v 2.495093 1.395335 -6.742539
v 2.495093 1.381532 -6.702768
v 2.495093 1.390365 -6.664110
v 2.495093 1.414110 -6.648173
v 2.495093 1.432707 -6.638144
v 2.495093 1.437591 -6.618434
v 2.495093 1.410249 -6.612176
v 2.495093 1.395335 -6.591183
v 2.495093 1.390473 -6.568546
v 2.495093 1.519614 -6.568546
v 2.495093 1.519614 -7.110403
v 2.541608 1.483015 -6.022812
v 2.541608 1.333196 -6.052991
v 2.541608 1.390365 -6.022812
v 2.541608 1.355566 -6.040211
v 2.541608 1.308340 -6.078694
v 2.541608 1.291787 -6.109807
v 2.541608 1.303369 -6.139634
v 2.541608 1.333196 -6.174079
v 2.541608 1.360890 -6.186861
v 2.541608 1.380599 -6.179404
v 2.541608 1.400307 -6.155923
v 2.541608 1.423788 -6.154548
v 2.541608 1.440076 -6.194318
v 2.541608 1.456453 -6.258943
v 2.541608 1.450195 -6.303682
v 2.541608 1.420191 -6.355879
v 2.541608 1.395335 -6.390677
v 2.541608 1.381532 -6.430448
v 2.541608 1.390365 -6.469106
v 2.541608 1.414110 -6.485042
v 2.541608 1.432707 -6.495072
v 2.541608 1.437591 -6.514782
v 2.541608 1.410249 -6.521039
v 2.541608 1.395335 -6.542033
v 2.541608 1.390473 -6.564670
v 2.541608 1.519614 -6.564670
v 2.541608 1.519614 -6.022812
v 2.541608 1.483015 -7.110403
v 2.541608 1.333196 -7.080225
v 2.541608 1.390365 -7.110403
v 2.541608 1.355566 -7.093004
v 2.541608 1.308340 -7.054522
v 2.541608 1.291787 -7.023408
v 2.541608 1.303369 -6.993582
v 2.541608 1.333196 -6.959136
v 2.541608 1.360890 -6.946355
v 2.541608 1.380599 -6.953812
v 2.541608 1.400307 -6.977293
v 2.541608 1.423788 -6.978668
v 2.541608 1.440076 -6.938898
v 2.541608 1.456453 -6.874274
v 2.541608 1.450195 -6.829534
v 2.541608 1.420191 -6.777337
v 2.541608 1.395335 -6.742539
v 2.541608 1.381532 -6.702768
v 2.541608 1.390365 -6.664110
v 2.541608 1.414110 -6.648173
v 2.541608 1.432707 -6.638144
v 2.541608 1.437591 -6.618434
v 2.541608 1.410249 -6.612176
v 2.541608 1.395335 -6.591183
v 2.541608 1.390473 -6.568546
v 2.541608 1.519614 -6.568546
v 2.541608 1.519614 -7.110403
v 2.495093 1.568466 -6.564670
v 2.495093 1.568466 -5.974881
v 2.495093 1.568466 -6.568546
v 2.495093 1.568466 -7.158336
v 2.597063 1.568466 -6.564670
v 2.597063 1.568466 -5.974881
v 2.597063 1.568466 -6.568546
v 2.597063 1.568466 -7.158336
v 2.496742 3.236370 -7.172480
v 2.496742 3.236371 -5.978511
v 2.496742 3.526580 -6.568681
v 2.496742 3.192874 -7.113871
v 2.496742 3.192874 -6.023489
v 2.496742 1.568388 -7.113872
v 2.496742 1.568387 -6.023491
v 2.496742 3.465470 -6.568681
v 2.496742 1.568388 -6.568681
v 2.496742 3.099465 -7.032093
v 2.496742 3.099465 -6.105268
v 2.496742 1.709229 -7.032093
v 2.496742 1.704686 -6.105268
v 2.496742 3.331171 -6.568681
v 2.496742 2.397532 -6.023489
v 2.496742 2.644198 -6.105268
v 2.496742 2.397532 -7.113871
v 2.496742 2.644198 -7.032093
v 2.496742 2.558817 -6.105268
v 2.496742 2.558817 -7.032093
v 2.496742 2.558817 -6.623199
v 2.496742 2.558817 -6.514162
v 2.496742 1.704686 -6.623199
v 2.496742 1.704686 -6.514162
v 2.564892 3.465470 -6.568681
v 2.564892 3.192874 -6.023489
v 2.564892 3.192874 -7.113871
v 2.564433 3.518707 -6.568122
v 2.564433 3.228497 -5.977952
v 2.564433 3.228497 -7.171921
v 2.564433 3.457596 -6.568122
v 2.564433 3.185001 -6.022931
v 2.564433 2.389659 -7.113312
v 2.564433 3.185001 -7.113312
v 2.564433 1.568388 -6.568820
v 2.564433 1.568388 -7.113872
v 2.564433 2.389659 -6.022931
v 2.564433 1.568388 -6.023491
v 2.564433 1.701355 -7.031533
v 2.632581 3.228497 -5.977952
v 2.564433 3.323298 -6.568122
v 2.564433 3.091592 -6.104710
v 2.564433 2.636325 -7.031533
v 2.564433 3.091592 -7.031533
v 2.564433 1.696812 -6.104710
v 2.564433 1.696812 -6.513604
v 2.564433 1.696812 -6.622641
v 2.564433 2.636325 -6.104710
v 2.564433 2.550944 -7.031533
v 2.564433 2.550944 -6.104710
v 2.564433 2.550944 -6.622641
v 2.564433 2.550944 -6.513604
v 2.632582 3.518707 -6.568122
v 2.632582 3.228497 -7.171921
v 2.632582 3.457596 -6.568122
v 2.632581 3.185001 -6.022931
v 2.632582 3.185001 -7.113312
v 2.496742 1.992425 -7.032093
v 2.496742 2.304244 -7.032093
v 2.496742 1.989396 -6.623199
v 2.496742 2.302730 -6.623199
v 2.496742 2.302730 -6.514162
v 2.496742 1.989396 -6.514162
v 2.496742 1.989396 -6.105268
v 2.496742 2.302730 -6.105268
v 2.496742 2.265626 -7.032093
v 2.496742 2.264112 -6.623199
v 2.496742 2.264869 -6.514162
v 2.496742 2.264869 -6.105268
v 2.496742 2.302730 -6.514162
v 2.496742 2.302730 -6.105268
v 2.496742 2.264869 -6.514162
v 2.496742 2.264869 -6.105268
v 2.564435 2.302730 -6.514162
v 2.564435 2.302730 -6.105268
v 2.564435 2.264869 -6.514162
v 2.564435 2.264869 -6.105268
v 2.564435 2.304244 -7.032093
v 2.564435 2.302730 -6.623199
v 2.564435 2.265626 -7.032093
v 2.564435 2.264112 -6.623199
v 2.493880 3.216565 -7.204881
v 2.493880 3.173069 -7.146274
v 2.561569 3.208692 -7.204323
v 2.561569 3.165196 -7.145714
v 2.629719 3.208692 -7.204323
v 2.629719 3.165196 -7.145714
v 2.494359 3.172204 -5.985017
v 2.494359 3.215700 -5.940039
v 2.562050 3.164331 -5.984458
v 2.562050 3.207827 -5.939480
v 2.630199 3.207827 -5.939480
v 2.630199 3.164331 -5.984458
v 2.497284 1.483015 -3.774624
v 2.497284 1.333196 -3.804804
v 2.497284 1.390365 -3.774624
v 2.497284 1.355567 -3.792023
v 2.497284 1.308340 -3.830505
v 2.497284 1.291787 -3.861620
v 2.497284 1.303370 -3.891446
v 2.497284 1.333196 -3.925891
v 2.497284 1.360890 -3.938671
v 2.497284 1.380599 -3.931215
v 2.497284 1.400307 -3.907735
v 2.497284 1.423788 -3.906359
v 2.497284 1.440076 -3.946129
v 2.497284 1.456453 -4.010754
v 2.497284 1.450195 -4.055495
v 2.497284 1.420191 -4.107692
v 2.497284 1.395336 -4.142490
v 2.497284 1.381532 -4.182260
v 2.497284 1.390365 -4.220918
v 2.497284 1.414110 -4.236854
v 2.497284 1.432708 -4.246884
v 2.497284 1.437591 -4.266593
v 2.497284 1.410249 -4.272851
v 2.497284 1.395336 -4.293846
v 2.497284 1.390473 -4.316481
v 2.497284 1.519615 -4.316481
v 2.497284 1.519615 -3.774624
v 2.497284 1.483015 -4.862216
v 2.497284 1.333196 -4.832036
v 2.497284 1.390365 -4.862216
v 2.497284 1.355567 -4.844817
v 2.497284 1.308340 -4.806334
v 2.497284 1.291787 -4.775220
v 2.497284 1.303370 -4.745393
v 2.497284 1.333196 -4.710949
v 2.497284 1.360890 -4.698167
v 2.497284 1.380599 -4.705624
v 2.497284 1.400307 -4.729105
v 2.497284 1.423788 -4.730480
v 2.497284 1.440076 -4.690710
v 2.497284 1.456453 -4.626085
v 2.497284 1.450195 -4.581346
v 2.497284 1.420191 -4.529149
v 2.497284 1.395336 -4.494349
v 2.497284 1.381532 -4.454580
v 2.497284 1.390365 -4.415922
v 2.497284 1.414110 -4.399987
v 2.497284 1.432708 -4.389955
v 2.497284 1.437591 -4.370247
v 2.497284 1.410249 -4.363989
v 2.497284 1.395335 -4.342993
v 2.497284 1.390473 -4.320359
v 2.497284 1.519615 -4.320359
v 2.497284 1.519615 -4.862216
v 2.543799 1.483015 -3.774624
v 2.543799 1.333196 -3.804804
v 2.543799 1.390365 -3.774624
v 2.543799 1.355567 -3.792023
v 2.543799 1.308340 -3.830505
v 2.543799 1.291787 -3.861620
v 2.543799 1.303370 -3.891446
v 2.543799 1.333196 -3.925891
v 2.543799 1.360890 -3.938671
v 2.543799 1.380599 -3.931215
v 2.543799 1.400307 -3.907735
v 2.543799 1.423788 -3.906359
v 2.543799 1.440076 -3.946129
v 2.543799 1.456453 -4.010754
v 2.543799 1.450195 -4.055495
v 2.543799 1.420191 -4.107692
v 2.543799 1.395336 -4.142490
v 2.543799 1.381532 -4.182260
v 2.543799 1.390365 -4.220918
v 2.543799 1.414110 -4.236854
v 2.543799 1.432708 -4.246884
v 2.543799 1.437591 -4.266593
v 2.543799 1.410249 -4.272851
v 2.543799 1.395336 -4.293846
v 2.543799 1.390473 -4.316481
v 2.543799 1.519615 -4.316481
v 2.543799 1.519615 -3.774624
v 2.543800 1.483015 -4.862216
v 2.543800 1.333196 -4.832036
v 2.543800 1.390365 -4.862216
v 2.543800 1.355567 -4.844817
v 2.543800 1.308340 -4.806334
v 2.543800 1.291787 -4.775220
v 2.543800 1.303370 -4.745393
v 2.543800 1.333196 -4.710949
v 2.543800 1.360890 -4.698167
v 2.543800 1.380599 -4.705624
v 2.543800 1.400307 -4.729105
v 2.543800 1.423788 -4.730480
v 2.543800 1.440076 -4.690710
v 2.543800 1.456453 -4.626085
v 2.543800 1.450195 -4.581346
v 2.543800 1.420191 -4.529149
v 2.543800 1.395336 -4.494349
v 2.543800 1.381532 -4.454580
v 2.543800 1.390365 -4.415922
v 2.543800 1.414110 -4.399987
v 2.543799 1.432708 -4.389955
v 2.543799 1.437591 -4.370247
v 2.543799 1.410249 -4.363989
v 2.543799 1.395335 -4.342993
v 2.543799 1.390473 -4.320359
v 2.543799 1.519615 -4.320359
v 2.543800 1.519615 -4.862216
v 2.497284 1.568466 -4.316481
v 2.497284 1.568466 -3.726692
v 2.497284 1.568466 -4.320359
v 2.497284 1.568466 -4.910147
v 2.599254 1.568466 -4.316481
v 2.599254 1.568466 -3.726692
v 2.599254 1.568466 -4.320359
v 2.599254 1.568466 -4.910147
v 2.498935 3.236371 -4.924292
v 2.498934 3.236371 -3.730323
v 2.498934 3.526581 -4.320492
v 2.498935 3.192874 -4.865683
v 2.498934 3.192874 -3.775301
v 2.498935 1.568388 -4.865685
v 2.498935 1.568387 -3.775301
v 2.498934 3.465470 -4.320492
v 2.498935 1.568389 -4.320492
v 2.498935 3.099465 -4.783906
v 2.498934 3.099465 -3.857079
v 2.498935 1.709229 -4.783906
v 2.498935 1.704686 -3.857080
v 2.498935 3.331171 -4.320492
v 2.498935 2.397532 -3.775301
v 2.498935 2.644198 -3.857079
v 2.498935 2.397532 -4.865683
v 2.498935 2.644198 -4.783906
v 2.498935 2.558817 -3.857079
v 2.498935 2.558817 -4.783906
v 2.498935 2.558817 -4.375011
v 2.498935 2.558817 -4.265974
v 2.498935 1.704686 -4.375011
v 2.498935 1.704686 -4.265974
v 2.567083 3.465470 -4.320492
v 2.567083 3.192874 -3.775301
v 2.567083 3.192874 -4.865683
v 2.566624 3.518707 -4.319934
v 2.566624 3.228497 -3.729765
v 2.566624 3.228497 -4.923733
v 2.566624 3.457597 -4.319934
v 2.566624 3.185001 -3.774743
v 2.566625 2.389659 -4.865125
v 2.566624 3.185001 -4.865125
v 2.566625 1.568389 -4.320633
v 2.566625 1.568388 -4.865685
v 2.566624 2.389659 -3.774743
v 2.566625 1.568389 -3.775301
v 2.566625 1.701355 -4.783345
v 2.634773 3.228497 -3.729765
v 2.566624 3.323298 -4.319934
v 2.566624 3.091592 -3.856522
v 2.566625 2.636325 -4.783345
v 2.566624 3.091592 -4.783345
v 2.566625 1.696812 -3.856522
v 2.566625 1.696812 -4.265415
v 2.566625 1.696812 -4.374454
v 2.566624 2.636325 -3.856522
v 2.566625 2.550944 -4.783345
v 2.566624 2.550944 -3.856522
v 2.566625 2.550944 -4.374454
v 2.566624 2.550944 -4.265415
v 2.634773 3.518707 -4.319934
v 2.634773 3.228497 -4.923733
v 2.634773 3.457597 -4.319934
v 2.634773 3.185001 -3.774743
v 2.634773 3.185001 -4.865125
v 2.498935 1.992425 -4.783906
v 2.498935 2.304244 -4.783906
v 2.498935 1.989396 -4.375011
v 2.498935 2.302730 -4.375011
v 2.498935 2.302730 -4.265974
v 2.498935 1.989396 -4.265974
v 2.498935 1.989397 -3.857079
v 2.498935 2.302730 -3.857079
v 2.498935 2.265626 -4.783906
v 2.498935 2.264112 -4.375011
v 2.498935 2.264869 -4.265974
v 2.498935 2.264869 -3.857079
v 2.498935 2.302730 -4.265974
v 2.498935 2.302730 -3.857079
v 2.498935 2.264869 -4.265974
v 2.498935 2.264869 -3.857079
v 2.566627 2.302730 -4.265974
v 2.566626 2.302730 -3.857079
v 2.566627 2.264869 -4.265974
v 2.566626 2.264869 -3.857079
v 2.566627 2.304244 -4.783906
v 2.566627 2.302730 -4.375011
v 2.566627 2.265626 -4.783906
v 2.566627 2.264112 -4.375011
v 2.496071 3.216565 -4.956694
v 2.496071 3.173069 -4.898087
v 2.563761 3.208692 -4.956135
v 2.563761 3.165196 -4.897526
v 2.631910 3.208692 -4.956135
v 2.631910 3.165196 -4.897526
v 2.496550 3.172204 -3.736829
v 2.496550 3.215700 -3.691851
v 2.564242 3.164331 -3.736271
v 2.564242 3.207827 -3.691292
v 2.632390 3.207827 -3.691292
v 2.632390 3.164331 -3.736271
v 2.731862 7.673183 0.370477
v 2.731862 7.673183 -0.137097
v 2.731862 8.180757 0.370477
v 2.731862 8.180757 -0.137097
v 2.731862 7.673183 0.116732
v 2.731862 8.308796 0.116732
v 2.731862 7.713892 0.332927
v 2.731862 7.713892 -0.099544
v 2.731862 8.146363 0.332927
v 2.731862 8.146363 -0.099544
v 2.731862 7.713892 0.116729
v 2.731862 8.255457 0.116729
v 2.731862 7.731736 0.316469
v 2.731862 7.731736 -0.083083
v 2.731862 8.131288 0.316469
v 2.731862 8.131288 -0.083083
v 2.731862 7.731736 0.116727
v 2.731862 8.232078 0.116727
v 2.802135 7.673183 0.370477
v 2.802135 7.673183 -0.137097
v 2.802135 8.180757 0.370477
v 2.802135 8.180757 -0.137097
v 2.802135 7.673183 0.116732
v 2.802135 8.308796 0.116732
v 2.802135 7.713892 0.332927
v 2.802135 7.713892 -0.099544
v 2.802135 8.146363 0.332927
v 2.802135 8.146363 -0.099544
v 2.802135 7.713892 0.116729
v 2.802135 8.255457 0.116729
v 2.777248 8.232078 0.116727
v 2.777248 8.131288 -0.083083
v 2.777248 7.731736 -0.083083
v 2.777248 7.731736 0.116727
v 2.777248 7.731736 0.316469
v 2.777248 8.131288 0.316469
v 2.789601 8.146363 0.332927
v 2.789601 7.713892 0.332927
v 2.789601 7.713892 0.116729
v 2.789601 7.713892 -0.099544
v 2.789601 8.146363 -0.099544
v 2.789601 8.255457 0.116729
v 2.789601 8.131288 0.316469
v 2.789601 7.731736 0.316469
v 2.789601 7.731736 0.116727
v 2.789601 7.731736 -0.083083
v 2.789601 8.131288 -0.083083
v 2.789601 8.232078 0.116727
v 2.706991 1.490147 2.536524
v 2.706991 1.340328 2.506344
v 2.706991 1.397496 2.536524
v 2.706991 1.362698 2.519125
v 2.706991 1.315472 2.480642
v 2.706991 1.298918 2.449528
v 2.706991 1.310501 2.419701
v 2.706991 1.340328 2.385256
v 2.706991 1.368022 2.372475
v 2.706991 1.387730 2.379932
v 2.706991 1.407438 2.403412
v 2.706991 1.430919 2.404787
v 2.706991 1.447208 2.365018
v 2.706991 1.463584 2.300393
v 2.706991 1.457326 2.255653
v 2.706991 1.427323 2.203455
v 2.706991 1.402468 2.168657
v 2.706991 1.388664 2.128888
v 2.706991 1.397496 2.090229
v 2.706991 1.421241 2.074294
v 2.706991 1.439839 2.064262
v 2.706991 1.444722 2.044554
v 2.706991 1.417381 2.038296
v 2.706991 1.402467 2.017301
v 2.706991 1.397604 1.994666
v 2.706991 1.526747 1.994666
v 2.706991 1.526747 2.536524
v 2.706991 1.490147 1.448931
v 2.706991 1.340328 1.479111
v 2.706991 1.397496 1.448931
v 2.706991 1.362698 1.466330
v 2.706991 1.315472 1.504813
v 2.706991 1.298919 1.535926
v 2.706991 1.310501 1.565753
v 2.706991 1.340328 1.600199
v 2.706991 1.368022 1.612979
v 2.706991 1.387730 1.605522
v 2.706991 1.407438 1.582042
v 2.706991 1.430919 1.580667
v 2.706991 1.447208 1.620436
v 2.706991 1.463584 1.685062
v 2.706991 1.457326 1.729802
v 2.706991 1.427323 1.781999
v 2.706991 1.402468 1.816797
v 2.706991 1.388664 1.856567
v 2.706991 1.397496 1.895225
v 2.706991 1.421241 1.911161
v 2.706991 1.439839 1.921192
v 2.706991 1.444722 1.940900
v 2.706991 1.417381 1.947158
v 2.706991 1.402467 1.968153
v 2.706991 1.397604 1.990788
v 2.706991 1.526747 1.990788
v 2.706991 1.526747 1.448931
v 2.753505 1.490147 2.536524
v 2.753505 1.340328 2.506344
v 2.753505 1.397496 2.536524
v 2.753505 1.362698 2.519125
v 2.753505 1.315472 2.480642
v 2.753505 1.298918 2.449528
v 2.753505 1.310501 2.419701
v 2.753505 1.340328 2.385256
v 2.753505 1.368022 2.372475
v 2.753505 1.387730 2.379932
v 2.753505 1.407438 2.403412
v 2.753505 1.430919 2.404787
v 2.753505 1.447208 2.365018
v 2.753505 1.463584 2.300393
v 2.753505 1.457326 2.255653
v 2.753505 1.427323 2.203455
v 2.753505 1.402468 2.168657
v 2.753505 1.388664 2.128888
v 2.753505 1.397496 2.090229
v 2.753505 1.421241 2.074294
v 2.753505 1.439839 2.064262
v 2.753505 1.444722 2.044554
v 2.753505 1.417381 2.038296
v 2.753505 1.402467 2.017301
v 2.753505 1.397604 1.994666
v 2.753505 1.526747 1.994666
v 2.753505 1.526747 2.536524
v 2.753505 1.490147 1.448931
v 2.753505 1.340328 1.479111
v 2.753505 1.397496 1.448931
v 2.753505 1.362698 1.466330
v 2.753505 1.315472 1.504813
v 2.753505 1.298919 1.535926
v 2.753505 1.310501 1.565753
v 2.753505 1.340328 1.600199
v 2.753505 1.368022 1.612979
v 2.753505 1.387730 1.605522
v 2.753505 1.407438 1.582042
v 2.753505 1.430919 1.580667
v 2.753505 1.447208 1.620436
v 2.753505 1.463584 1.685062
v 2.753505 1.457326 1.729802
v 2.753505 1.427323 1.781999
v 2.753505 1.402468 1.816797
v 2.753505 1.388664 1.856567
v 2.753505 1.397496 1.895225
v 2.753505 1.421241 1.911161
v 2.753505 1.439839 1.921192
v 2.753505 1.444722 1.940900
v 2.753505 1.417381 1.947158
v 2.753505 1.402467 1.968153
v 2.753505 1.397604 1.990788
v 2.753505 1.526747 1.990788
v 2.753505 1.526747 1.448931
v 2.706991 1.575597 1.994666
v 2.706991 1.575597 2.584455
v 2.706991 1.575597 1.990788
v 2.706991 1.575597 1.401000
v 2.808960 1.575597 1.994666
v 2.808960 1.575597 2.584455
v 2.808960 1.575597 1.990788
v 2.808960 1.575597 1.401000
v 2.708640 3.243502 1.386856
v 2.708640 3.243502 2.580824
v 2.708640 3.533712 1.990654
v 2.708640 3.200006 1.445464
v 2.708640 3.200006 2.535846
v 2.708640 1.575520 1.445464
v 2.708640 1.575518 2.535846
v 2.708640 3.472602 1.990654
v 2.708640 1.575521 1.990654
v 2.708640 3.106597 1.527243
v 2.708640 3.106597 2.454067
v 2.708640 1.716361 1.527242
v 2.708640 1.711817 2.454067
v 2.708640 3.338303 1.990654
v 2.708640 2.404664 2.535846
v 2.708640 2.651330 2.454067
v 2.708640 2.404664 1.445464
v 2.708640 2.651330 1.527243
v 2.708640 2.565949 2.454067
v 2.708640 2.565949 1.527243
v 2.708640 2.565949 1.936136
v 2.708640 2.565949 2.045174
v 2.708640 1.711817 1.936136
v 2.708640 1.711817 2.045174
v 2.776789 3.472602 1.990654
v 2.776789 3.200006 2.535846
v 2.776789 3.200006 1.445464
v 2.776330 3.525839 1.991214
v 2.776330 3.235628 2.581383
v 2.776330 3.235628 1.387415
v 2.776330 3.464728 1.991214
v 2.776330 3.192133 2.536404
v 2.776330 2.396791 1.446023
v 2.776330 3.192132 1.446023
v 2.776330 1.575521 1.990515
v 2.776330 1.575520 1.445464
v 2.776330 2.396791 2.536404
v 2.776330 1.575521 2.535846
v 2.776330 1.708488 1.527801
v 2.844479 3.235628 2.581383
v 2.776330 3.330430 1.991214
v 2.776330 3.098723 2.454626
v 2.776330 2.643456 1.527801
v 2.776330 3.098723 1.527801
v 2.776330 1.703944 2.454626
v 2.776330 1.703944 2.045733
v 2.776330 1.703944 1.936694
v 2.776330 2.643456 2.454626
v 2.776330 2.558076 1.527801
v 2.776330 2.558076 2.454626
v 2.776330 2.558076 1.936694
v 2.776330 2.558076 2.045733
v 2.844479 3.525839 1.991214
v 2.844479 3.235628 1.387415
v 2.844479 3.464728 1.991214
v 2.844479 3.192133 2.536404
v 2.844479 3.192132 1.446023
v 2.708640 1.999557 1.527243
v 2.708640 2.311375 1.527243
v 2.708640 1.996528 1.936136
v 2.708640 2.309861 1.936136
v 2.708640 2.309861 2.045174
v 2.708640 1.996528 2.045174
v 2.708640 1.996528 2.454067
v 2.708640 2.309861 2.454067
v 2.708640 2.272758 1.527243
v 2.708640 2.271244 1.936136
v 2.708640 2.272001 2.045174
v 2.708640 2.272001 2.454067
v 2.708640 2.309861 2.045174
v 2.708640 2.309861 2.454067
v 2.708640 2.272001 2.045174
v 2.708640 2.272001 2.454067
v 2.776333 2.309861 2.045174
v 2.776332 2.309861 2.454067
v 2.776333 2.272001 2.045174
v 2.776332 2.272001 2.454067
v 2.776333 2.311375 1.527243
v 2.776333 2.309861 1.936136
v 2.776333 2.272758 1.527243
v 2.776333 2.271244 1.936136
v 2.705777 3.223697 1.354454
v 2.705777 3.180201 1.413062
v 2.773467 3.215824 1.355013
v 2.773467 3.172328 1.413620
v 2.841616 3.215824 1.355013
v 2.841616 3.172328 1.413620
v 2.706257 3.179336 2.574318
v 2.706257 3.222832 2.619297
v 2.773947 3.171463 2.574877
v 2.773947 3.214958 2.619855
v 2.842096 3.214958 2.619855
v 2.842096 3.171463 2.574877
v 2.705755 0.863741 0.786062
v 2.705755 0.863741 -0.628741
v 2.705755 3.258041 0.786063
v 2.705755 3.240386 -0.629146
v 2.705755 0.863741 0.078661
v 2.705755 3.559270 0.078662
v 2.705755 0.933714 0.701038
v 2.705755 0.933714 -0.543716
v 2.705755 3.105180 0.701038
v 2.705755 3.105178 -0.543716
v 2.705755 0.933714 0.078661
v 2.705755 3.370203 0.078662
v 2.787735 0.847043 0.785861
v 2.787735 0.847043 0.078460
v 2.787735 0.847043 -0.628943
v 2.787735 3.088480 -0.543917
v 2.861135 3.241341 -0.628943
v 2.787735 3.088482 0.700837
v 2.787735 0.917017 0.700836
v 2.787735 0.917017 0.078460
v 2.787735 0.917017 -0.543917
v 2.787735 3.353504 0.078460
v 2.861135 3.542571 0.078460
v 2.861135 3.241343 0.785861
v 2.861135 3.656733 0.078460
v 2.861135 3.225059 1.011223
v 2.861135 3.225059 -0.791146
v 2.723288 3.088482 0.700837
v 2.723288 0.917017 0.700836
v 2.723288 0.917017 0.078460
v 2.723288 0.917017 -0.543917
v 2.723288 3.088480 -0.543917
v 2.723288 3.353504 0.078460
v 2.705755 2.936163 0.786062
v 2.705755 2.936162 -0.628740
v 2.705755 2.838171 0.701038
v 2.705755 2.838169 -0.543716
v 2.705755 3.037937 0.078662
v 2.787735 2.919464 -0.628943
v 2.787735 2.821472 0.700837
v 2.787735 2.821470 -0.543917
v 2.723288 3.021240 0.700837
v 2.723288 3.021240 -0.543917
v 2.723288 3.021239 0.078460
v 2.723288 0.948795 0.045260
v 2.723288 0.948795 -0.510719
v 2.723288 2.991208 -0.510719
v 2.723288 2.991207 0.045260
v 2.723288 2.997786 0.673455
v 2.723288 0.951690 0.673455
v 2.723288 0.951690 0.105841
v 2.723288 2.997784 0.105841
v 2.767584 0.847505 0.785862
v 2.767584 0.847505 0.078461
v 2.767584 0.847505 -0.628942
v 2.767584 2.919925 -0.628942
v 2.767584 3.088942 -0.543917
v 2.767584 2.821934 0.700838
v 2.767584 0.917478 0.700838
v 2.767584 0.917478 0.078461
v 2.767584 0.917478 -0.543917
v 2.767584 2.821932 -0.543917
v 2.767584 3.353966 0.078461
v 2.767584 3.088943 0.700838
v 2.767584 3.021700 0.078461
v 2.849563 2.903229 0.785660
v 2.849563 0.830807 0.785660
v 2.849563 0.830807 0.078258
v 2.849563 0.830807 -0.629144
v 2.849563 2.903227 -0.629144
v 2.849563 3.225105 -0.629144
v 2.849563 3.526335 0.078258
v 2.849563 3.225107 0.785660
v 2.849563 3.137110 -0.544120
v 2.849563 3.656779 0.078258
v 2.849563 3.225105 1.011022
v 2.849563 3.225105 -0.791348
v 2.922963 3.225105 -0.629144
v 2.849563 2.805235 0.700636
v 2.849563 0.900780 0.700636
v 2.849563 0.900780 0.078258
v 2.849563 0.900780 -0.544120
v 2.849563 2.805234 -0.544120
v 2.849563 3.367573 0.078258
v 2.849563 3.137113 0.700636
v 2.809642 0.900780 0.078258
v 2.922962 3.526335 0.078258
v 2.922962 3.225107 0.785660
v 2.922962 3.656779 0.078258
v 2.922962 3.225105 1.011022
v 2.922963 3.225105 -0.791348
v 2.809642 3.005004 0.700636
v 2.809642 0.900780 0.700636
v 2.809642 0.900780 -0.544120
v 2.809642 3.005004 -0.544120
v 2.809642 3.137110 -0.544119
v 2.809642 3.367573 0.078258
v 2.809642 3.137113 0.700636
v 2.809642 3.005002 0.078258
v 2.809642 0.932559 -0.463088
v 2.809642 0.932559 -0.510920
v 2.809642 2.974972 -0.510920
v 2.809642 2.974971 -0.463088
v 2.809642 2.981549 0.673254
v 2.809642 0.935453 0.673254
v 2.809642 0.935453 0.105640
v 2.809642 2.981548 0.105640
v 2.830392 0.900780 0.078258
v 2.830392 3.005002 0.078258
v 2.830392 3.005004 0.700636
v 2.830392 3.005004 -0.544120
v 2.811541 0.932559 0.045059
v 2.830392 2.974970 0.045059
v 2.830392 2.974972 -0.510920
v 2.830392 0.935453 0.105640
v 2.830392 2.981548 0.105640
v 2.830392 2.981549 0.673254
v 3.392847 0.932559 -0.095545
v 3.392847 0.932559 -0.127593
v 3.392847 2.974972 -0.127593
v 3.392847 2.974971 -0.095545
v 2.830392 0.932559 0.045059
v 2.809642 2.974970 0.045059
v 2.705756 3.225105 1.011022
v 2.705755 3.627631 0.078258
v 2.705756 3.225106 -0.791348
v -0.907152 1.498674 9.045306
v -0.883357 1.380552 9.045306
v -0.907152 1.425625 9.045306
v -0.893434 1.398189 9.045306
v -0.863093 1.360955 9.045306
v -0.838562 1.347903 9.045306
v -0.815045 1.357034 9.045306
v -0.787887 1.380551 9.045306
v -0.777810 1.402386 9.045306
v -0.783689 1.417925 9.045306
v -0.802202 1.433463 9.045306
v -0.803287 1.451977 9.045306
v -0.771931 1.464819 9.045306
v -0.720978 1.477731 9.045306
v -0.685704 1.472797 9.045306
v -0.644549 1.449142 9.045306
v -0.617113 1.429544 9.045306
v -0.585758 1.418661 9.045306
v -0.555278 1.425624 9.045306
v -0.542713 1.444346 9.045306
v -0.534805 1.459010 9.045306
v -0.519266 1.462859 9.045306
v -0.514332 1.441302 9.045306
v -0.497779 1.429544 9.045306
v -0.479933 1.431504 9.045306
v -0.479933 1.527530 9.045306
v -0.907152 1.527531 9.045306
v -0.049656 1.498674 9.045306
v -0.073451 1.380551 9.045306
v -0.049656 1.425624 9.045306
v -0.063374 1.398189 9.045306
v -0.093715 1.360954 9.045306
v -0.118246 1.347903 9.045306
v -0.141763 1.357034 9.045306
v -0.168921 1.380551 9.045306
v -0.178997 1.402386 9.045306
v -0.173118 1.417925 9.045306
v -0.154605 1.433463 9.045306
v -0.153521 1.451977 9.045306
v -0.184877 1.464819 9.045306
v -0.235829 1.477731 9.045306
v -0.271104 1.472797 9.045306
v -0.312258 1.449142 9.045306
v -0.339694 1.429544 9.045306
v -0.371050 1.418661 9.045306
v -0.401530 1.425624 9.045306
v -0.414094 1.444346 9.045306
v -0.422003 1.459010 9.045306
v -0.437541 1.462859 9.045306
v -0.442476 1.441302 9.045306
v -0.459029 1.429544 9.045306
v -0.476875 1.431504 9.045306
v -0.476875 1.527530 9.045306
v -0.049656 1.527530 9.045306
v -0.907152 1.498674 9.081981
v -0.883357 1.380552 9.081981
v -0.907152 1.425625 9.081981
v -0.893434 1.398189 9.081981
v -0.863093 1.360955 9.081981
v -0.838562 1.347903 9.081981
v -0.815045 1.357034 9.081981
v -0.787887 1.380551 9.081981
v -0.777810 1.402386 9.081981
v -0.783689 1.417925 9.081981
v -0.802202 1.433463 9.081981
v -0.803287 1.451977 9.081981
v -0.771931 1.464819 9.081981
v -0.720978 1.477731 9.081981
v -0.685704 1.472797 9.081981
v -0.644549 1.449142 9.081981
v -0.617113 1.429544 9.081981
v -0.585758 1.418661 9.081981
v -0.555278 1.425624 9.081981
v -0.542713 1.444346 9.081981
v -0.534805 1.459010 9.081981
v -0.519266 1.462859 9.081981
v -0.514332 1.441302 9.081981
v -0.497779 1.429544 9.081981
v -0.479933 1.431504 9.081981
v -0.479933 1.527530 9.081981
v -0.907152 1.527531 9.081981
v -0.049656 1.498674 9.081981
v -0.073451 1.380551 9.081981
v -0.049656 1.425624 9.081981
v -0.063374 1.398189 9.081981
v -0.093715 1.360954 9.081981
v -0.118246 1.347903 9.081981
v -0.141763 1.357034 9.081981
v -0.168921 1.380551 9.081981
v -0.178997 1.402386 9.081981
v -0.173118 1.417925 9.081981
v -0.154605 1.433463 9.081981
v -0.153521 1.451977 9.081981
v -0.184877 1.464819 9.081981
v -0.235829 1.477731 9.081981
v -0.271104 1.472797 9.081981
v -0.312258 1.449142 9.081981
v -0.339694 1.429544 9.081981
v -0.371050 1.418661 9.081981
v -0.401530 1.425624 9.081981
v -0.414094 1.444346 9.081981
v -0.422003 1.459010 9.081981
v -0.437541 1.462859 9.081981
v -0.442476 1.441302 9.081981
v -0.459029 1.429544 9.081981
v -0.476875 1.431504 9.081981
v -0.476875 1.527530 9.081981
v -0.049656 1.527530 9.081981
v -0.479933 1.566046 9.045306
v -0.944943 1.566046 9.045306
v -0.476875 1.566046 9.045306
v -0.011865 1.566046 9.045306
v -0.479933 1.566046 9.125703
v -0.944943 1.566046 9.125703
v -0.476875 1.566046 9.125703
v -0.011865 1.566046 9.125703
v 0.004455 3.211942 9.044863
v -0.941068 3.211942 9.044863
v -0.473703 3.504129 9.044863
v -0.041958 3.168149 9.044863
v -0.905450 3.168150 9.044863
v -0.041958 1.532592 9.044863
v -0.905450 1.532591 9.044863
v -0.473703 3.442603 9.044863
v -0.473704 1.532593 9.044863
v -0.106719 3.074104 9.044863
v -0.840687 3.074104 9.044863
v -0.106720 1.674393 9.044863
v -0.840688 1.669819 9.044863
v -0.473703 3.307389 9.044863
v -0.905450 2.367387 9.044863
v -0.840687 2.615734 9.044863
v -0.041958 2.367387 9.044863
v -0.106719 2.615734 9.044863
v -0.840687 2.529772 9.044863
v -0.106719 2.529771 9.044863
v -0.430529 2.529771 9.044863
v -0.516878 2.529771 9.044863
v -0.430529 1.669819 9.044863
v -0.516878 1.669819 9.044863
v -0.473703 3.442603 9.113476
v -0.905450 3.168150 9.113477
v -0.041958 3.168149 9.113477
v -0.474146 3.496203 9.113015
v -0.941511 3.204016 9.113015
v 0.004012 3.204015 9.113015
v -0.474146 3.434676 9.113015
v -0.905892 3.160223 9.113015
v -0.042400 2.359460 9.113015
v -0.042400 3.160223 9.113015
v -0.473593 1.532593 9.113015
v -0.041958 1.532592 9.113015
v -0.905892 2.359461 9.113015
v -0.905450 1.532593 9.113015
v -0.107162 1.666466 9.113015
v -0.941511 3.204016 9.181627
v -0.474146 3.299462 9.113015
v -0.841130 3.066177 9.113015
v -0.107162 2.607807 9.113015
v -0.107162 3.066177 9.113015
v -0.841130 1.661892 9.113015
v -0.517321 1.661892 9.113015
v -0.430972 1.661892 9.113015
v -0.841130 2.607808 9.113015
v -0.107162 2.521844 9.113015
v -0.841130 2.521845 9.113015
v -0.430971 2.521844 9.113015
v -0.517320 2.521844 9.113015
v -0.474146 3.496203 9.181627
v 0.004012 3.204015 9.181627
v -0.474146 3.434676 9.181627
v -0.905892 3.160223 9.181627
v -0.042400 3.160223 9.181627
v -0.106719 1.959519 9.044863
v -0.106719 2.273463 9.044863
v -0.430529 1.956470 9.044863
v -0.430529 2.271938 9.044863
v -0.516878 2.271938 9.044863
v -0.516878 1.956470 9.044863
v -0.840687 1.956470 9.044863
v -0.840687 2.271938 9.044863
v -0.106719 2.234582 9.044863
v -0.430529 2.233058 9.044863
v -0.516878 2.233819 9.044863
v -0.840687 2.233820 9.044863
v -0.516878 2.271938 9.044863
v -0.840687 2.271938 9.044863
v -0.516878 2.233819 9.044863
v -0.840687 2.233820 9.044863
v -0.516878 2.271938 9.113017
v -0.840687 2.271938 9.113017
v -0.516878 2.233819 9.113017
v -0.840687 2.233820 9.113017
v -0.106719 2.273463 9.113017
v -0.430529 2.271938 9.113017
v -0.106719 2.234582 9.113017
v -0.430529 2.233058 9.113017
v 0.030115 3.192002 9.041980
v -0.016298 3.148210 9.041980
v 0.029672 3.184075 9.110132
v -0.016740 3.140283 9.110132
v 0.029672 3.184075 9.178744
v -0.016740 3.140283 9.178744
v -0.935916 3.147339 9.042463
v -0.971535 3.191131 9.042463
v -0.936359 3.139412 9.110615
v -0.971978 3.183204 9.110615
v -0.971978 3.183204 9.179229
v -0.936359 3.139412 9.179229
v 2.225965 1.483015 7.825737
v 2.225965 1.333196 7.795556
v 2.225965 1.390365 7.825737
v 2.225965 1.355566 7.808337
v 2.225965 1.308340 7.769855
v 2.225965 1.291787 7.738740
v 2.225965 1.303369 7.708914
v 2.225965 1.333196 7.674468
v 2.225965 1.360890 7.661688
v 2.225965 1.380599 7.669144
v 2.225965 1.400307 7.692625
v 2.225965 1.423788 7.694000
v 2.225965 1.440076 7.654231
v 2.225965 1.456453 7.589605
v 2.225965 1.450195 7.544865
v 2.225965 1.420191 7.492668
v 2.225965 1.395335 7.457870
v 2.225965 1.381532 7.418100
v 2.225965 1.390365 7.379442
v 2.225965 1.414110 7.363506
v 2.225965 1.432707 7.353475
v 2.225965 1.437591 7.333767
v 2.225965 1.410249 7.327509
v 2.225965 1.395335 7.306514
v 2.225965 1.390473 7.283879
v 2.225965 1.519614 7.283879
v 2.225965 1.519614 7.825737
v 2.225965 1.483015 6.738144
v 2.225965 1.333196 6.768323
v 2.225965 1.390365 6.738144
v 2.225965 1.355566 6.755543
v 2.225965 1.308340 6.794025
v 2.225965 1.291787 6.825140
v 2.225965 1.303369 6.854966
v 2.225965 1.333196 6.889412
v 2.225965 1.360890 6.902193
v 2.225965 1.380599 6.894735
v 2.225965 1.400307 6.871255
v 2.225965 1.423788 6.869880
v 2.225965 1.440076 6.909649
v 2.225965 1.456453 6.974274
v 2.225965 1.450195 7.019015
v 2.225965 1.420191 7.071212
v 2.225965 1.395335 7.106010
v 2.225965 1.381532 7.145780
v 2.225965 1.390365 7.184438
v 2.225965 1.414110 7.200374
v 2.225965 1.432707 7.210404
v 2.225965 1.437591 7.230113
v 2.225965 1.410249 7.236371
v 2.225965 1.395335 7.257366
v 2.225965 1.390473 7.280001
v 2.225965 1.519614 7.280001
v 2.225965 1.519614 6.738144
v 2.272479 1.483015 7.825737
v 2.272479 1.333196 7.795556
v 2.272479 1.390365 7.825737
v 2.272479 1.355566 7.808337
v 2.272479 1.308340 7.769855
v 2.272479 1.291787 7.738740
v 2.272479 1.303369 7.708914
v 2.272479 1.333196 7.674468
v 2.272479 1.360890 7.661688
v 2.272479 1.380599 7.669144
v 2.272479 1.400307 7.692625
v 2.272479 1.423788 7.694000
v 2.272479 1.440076 7.654231
v 2.272479 1.456453 7.589605
v 2.272479 1.450195 7.544865
v 2.272479 1.420191 7.492668
v 2.272479 1.395335 7.457870
v 2.272479 1.381532 7.418100
v 2.272479 1.390365 7.379442
v 2.272479 1.414110 7.363506
v 2.272479 1.432707 7.353475
v 2.272479 1.437591 7.333767
v 2.272479 1.410249 7.327509
v 2.272479 1.395335 7.306514
v 2.272479 1.390473 7.283879
v 2.272479 1.519614 7.283879
v 2.272479 1.519614 7.825737
v 2.272480 1.483015 6.738144
v 2.272480 1.333196 6.768323
v 2.272480 1.390365 6.738144
v 2.272480 1.355566 6.755543
v 2.272480 1.308340 6.794025
v 2.272480 1.291787 6.825140
v 2.272480 1.303369 6.854966
v 2.272480 1.333196 6.889412
v 2.272480 1.360890 6.902193
v 2.272480 1.380599 6.894735
v 2.272480 1.400307 6.871255
v 2.272480 1.423788 6.869880
v 2.272480 1.440076 6.909649
v 2.272480 1.456453 6.974274
v 2.272480 1.450195 7.019015
v 2.272480 1.420191 7.071212
v 2.272480 1.395335 7.106010
v 2.272480 1.381532 7.145780
v 2.272480 1.390365 7.184438
v 2.272479 1.414110 7.200374
v 2.272479 1.432707 7.210404
v 2.272479 1.437591 7.230113
v 2.272479 1.410249 7.236371
v 2.272479 1.395335 7.257366
v 2.272479 1.390473 7.280001
v 2.272479 1.519614 7.280001
v 2.272480 1.519614 6.738144
v 2.225965 1.568466 7.283879
v 2.225965 1.568466 7.873667
v 2.225965 1.568466 7.280001
v 2.225965 1.568466 6.690212
v 2.327935 1.568466 7.283879
v 2.327935 1.568466 7.873667
v 2.327935 1.568466 7.280001
v 2.327935 1.568466 6.690212
v 2.227615 3.236370 6.676069
v 2.227615 3.236370 7.870037
v 2.227615 3.526580 7.279868
v 2.227615 3.192874 6.734677
v 2.227615 3.192874 7.825058
v 2.227615 1.568388 6.734677
v 2.227615 1.568387 7.825058
v 2.227615 3.465470 7.279868
v 2.227615 1.568389 7.279867
v 2.227615 3.099465 6.816455
v 2.227615 3.099465 7.743279
v 2.227615 1.709229 6.816455
v 2.227615 1.704686 7.743279
v 2.227615 3.331171 7.279867
v 2.227615 2.397532 7.825058
v 2.227615 2.644198 7.743279
v 2.227615 2.397532 6.734677
v 2.227615 2.644198 6.816455
v 2.227615 2.558817 7.743279
v 2.227615 2.558817 6.816455
v 2.227615 2.558817 7.225348
v 2.227615 2.558817 7.334386
v 2.227615 1.704686 7.225348
v 2.227615 1.704686 7.334386
v 2.295763 3.465470 7.279868
v 2.295763 3.192874 7.825058
v 2.295763 3.192874 6.734677
v 2.295305 3.518707 7.280427
v 2.295305 3.228497 7.870595
v 2.295305 3.228497 6.676628
v 2.295305 3.457596 7.280427
v 2.295305 3.185001 7.825617
v 2.295305 2.389659 6.735235
v 2.295305 3.185001 6.735235
v 2.295305 1.568389 7.279728
v 2.295305 1.568388 6.734677
v 2.295305 2.389659 7.825617
v 2.295305 1.568389 7.825058
v 2.295305 1.701355 6.817014
v 2.363454 3.228497 7.870595
v 2.295305 3.323298 7.280427
v 2.295305 3.091592 7.743838
v 2.295305 2.636325 6.817014
v 2.295305 3.091592 6.817014
v 2.295305 1.696812 7.743838
v 2.295305 1.696812 7.334945
v 2.295305 1.696812 7.225907
v 2.295305 2.636325 7.743838
v 2.295305 2.550944 6.817014
v 2.295305 2.550944 7.743838
v 2.295305 2.550944 7.225907
v 2.295305 2.550944 7.334945
v 2.363454 3.518707 7.280427
v 2.363454 3.228497 6.676628
v 2.363454 3.457596 7.280427
v 2.363454 3.185001 7.825617
v 2.363454 3.185001 6.735235
v 2.227615 1.992425 6.816455
v 2.227615 2.304244 6.816455
v 2.227615 1.989396 7.225348
v 2.227615 2.302730 7.225348
v 2.227615 2.302730 7.334386
v 2.227615 1.989396 7.334386
v 2.227615 1.989396 7.743279
v 2.227615 2.302730 7.743279
v 2.227615 2.265626 6.816455
v 2.227615 2.264112 7.225348
v 2.227615 2.264869 7.334386
v 2.227615 2.264869 7.743279
v 2.227615 2.302730 7.334386
v 2.227615 2.302730 7.743279
v 2.227615 2.264869 7.334386
v 2.227615 2.264869 7.743279
v 2.295307 2.302730 7.334386
v 2.295307 2.302730 7.743279
v 2.295307 2.264869 7.334386
v 2.295307 2.264869 7.743279
v 2.295307 2.304244 6.816455
v 2.295307 2.302730 7.225348
v 2.295307 2.265626 6.816455
v 2.295307 2.264112 7.225348
v 2.224751 3.216565 6.643667
v 2.224751 3.173069 6.702274
v 2.292442 3.208692 6.644225
v 2.292442 3.165196 6.702833
v 2.360591 3.208692 6.644225
v 2.360591 3.165196 6.702833
v 2.225231 3.172204 7.863531
v 2.225231 3.215700 7.908509
v 2.292921 3.164331 7.864089
v 2.292921 3.207827 7.909067
v 2.361070 3.207827 7.909067
v 2.361070 3.164331 7.864089
v 2.712702 1.482875 -1.284129
v 2.712702 1.333056 -1.314310
v 2.712702 1.390224 -1.284129
v 2.712702 1.355426 -1.301528
v 2.712702 1.308200 -1.340011
v 2.712702 1.291647 -1.371126
v 2.712702 1.303229 -1.400951
v 2.712702 1.333056 -1.435397
v 2.712702 1.360750 -1.448178
v 2.712702 1.380459 -1.440721
v 2.712702 1.400167 -1.417241
v 2.712702 1.423647 -1.415865
v 2.712702 1.439936 -1.455635
v 2.712702 1.456313 -1.520260
v 2.712702 1.450055 -1.565000
v 2.712702 1.420052 -1.617198
v 2.712702 1.395195 -1.651997
v 2.712702 1.381392 -1.691765
v 2.712702 1.390224 -1.730424
v 2.712702 1.413970 -1.746359
v 2.712702 1.432568 -1.756391
v 2.712702 1.437450 -1.776098
v 2.712702 1.410109 -1.782357
v 2.712702 1.395195 -1.803352
v 2.712702 1.390333 -1.825987
v 2.712702 1.519475 -1.825987
v 2.712702 1.519475 -1.284129
v 2.712702 1.482875 -2.371722
v 2.712702 1.333056 -2.341542
v 2.712702 1.390224 -2.371722
v 2.712702 1.355427 -2.354323
v 2.712702 1.308200 -2.315840
v 2.712702 1.291647 -2.284727
v 2.712702 1.303229 -2.254900
v 2.712702 1.333056 -2.220454
v 2.712702 1.360750 -2.207673
v 2.712702 1.380459 -2.215131
v 2.712702 1.400167 -2.238610
v 2.712702 1.423647 -2.239986
v 2.712702 1.439936 -2.200217
v 2.712702 1.456313 -2.135592
v 2.712702 1.450055 -2.090851
v 2.712702 1.420052 -2.038653
v 2.712702 1.395195 -2.003855
v 2.712702 1.381392 -1.964086
v 2.712702 1.390224 -1.925427
v 2.712702 1.413970 -1.909492
v 2.712702 1.432568 -1.899461
v 2.712702 1.437450 -1.879754
v 2.712702 1.410109 -1.873495
v 2.712702 1.395195 -1.852499
v 2.712702 1.390333 -1.829864
v 2.712702 1.519475 -1.829864
v 2.712702 1.519475 -2.371722
v 2.759216 1.482875 -1.284129
v 2.759216 1.333056 -1.314310
v 2.759216 1.390224 -1.284129
v 2.759216 1.355426 -1.301528
v 2.759216 1.308200 -1.340011
v 2.759216 1.291647 -1.371126
v 2.759216 1.303229 -1.400951
v 2.759216 1.333056 -1.435397
v 2.759216 1.360750 -1.448178
v 2.759216 1.380459 -1.440721
v 2.759216 1.400167 -1.417241
v 2.759216 1.423647 -1.415865
v 2.759216 1.439936 -1.455635
v 2.759216 1.456313 -1.520260
v 2.759216 1.450055 -1.565000
v 2.759216 1.420052 -1.617198
v 2.759216 1.395195 -1.651997
v 2.759216 1.381392 -1.691765
v 2.759216 1.390224 -1.730424
v 2.759216 1.413970 -1.746359
v 2.759216 1.432568 -1.756391
v 2.759216 1.437450 -1.776098
v 2.759216 1.410109 -1.782357
v 2.759216 1.395195 -1.803352
v 2.759216 1.390333 -1.825987
v 2.759216 1.519475 -1.825987
v 2.759216 1.519475 -1.284129
v 2.759217 1.482875 -2.371722
v 2.759217 1.333056 -2.341542
v 2.759217 1.390224 -2.371722
v 2.759217 1.355427 -2.354323
v 2.759217 1.308200 -2.315840
v 2.759217 1.291647 -2.284727
v 2.759217 1.303229 -2.254900
v 2.759217 1.333056 -2.220454
v 2.759217 1.360750 -2.207673
v 2.759217 1.380459 -2.215131
v 2.759217 1.400167 -2.238610
v 2.759217 1.423647 -2.239986
v 2.759217 1.439936 -2.200217
v 2.759217 1.456313 -2.135592
v 2.759217 1.450055 -2.090851
v 2.759217 1.420052 -2.038653
v 2.759217 1.395195 -2.003855
v 2.759217 1.381392 -1.964086
v 2.759217 1.390224 -1.925427
v 2.759217 1.413970 -1.909492
v 2.759216 1.432568 -1.899461
v 2.759216 1.437450 -1.879754
v 2.759216 1.410109 -1.873495
v 2.759216 1.395195 -1.852499
v 2.759216 1.390333 -1.829864
v 2.759216 1.519475 -1.829864
v 2.759217 1.519475 -2.371722
v 2.712702 1.568326 -1.825987
v 2.712702 1.568326 -1.236198
v 2.712702 1.568326 -1.829864
v 2.712702 1.568326 -2.419654
v 2.814672 1.568326 -1.825987
v 2.814671 1.568326 -1.236198
v 2.814672 1.568326 -1.829864
v 2.814672 1.568326 -2.419654
v 2.714351 3.236230 -2.433797
v 2.714351 3.236230 -1.239829
v 2.714351 3.526441 -1.829998
v 2.714351 3.192735 -2.375189
v 2.714351 3.192735 -1.284807
v 2.714351 1.568248 -2.375189
v 2.714351 1.568246 -1.284807
v 2.714351 3.465330 -1.829998
v 2.714351 1.568249 -1.829998
v 2.714351 3.099325 -2.293410
v 2.714351 3.099325 -1.366586
v 2.714351 1.709089 -2.293411
v 2.714351 1.704545 -1.366586
v 2.714351 3.331031 -1.829998
v 2.714351 2.397392 -1.284807
v 2.714351 2.644058 -1.366586
v 2.714351 2.397392 -2.375189
v 2.714351 2.644058 -2.293410
v 2.714351 2.558677 -1.366586
v 2.714351 2.558677 -2.293410
v 2.714351 2.558677 -1.884516
v 2.714351 2.558677 -1.775479
v 2.714351 1.704545 -1.884516
v 2.714351 1.704545 -1.775479
v 2.782500 3.465330 -1.829998
v 2.782500 3.192735 -1.284807
v 2.782500 3.192735 -2.375189
v 2.782041 3.518567 -1.829439
v 2.782041 3.228357 -1.239271
v 2.782041 3.228357 -2.433238
v 2.782041 3.457457 -1.829439
v 2.782041 3.184862 -1.284248
v 2.782042 2.389519 -2.374630
v 2.782041 3.184861 -2.374630
v 2.782042 1.568249 -1.830138
v 2.782042 1.568248 -2.375189
v 2.782041 2.389519 -1.284249
v 2.782042 1.568249 -1.284807
v 2.782042 1.701216 -2.292852
v 2.850190 3.228357 -1.239271
v 2.782041 3.323158 -1.829439
v 2.782041 3.091452 -1.366027
v 2.782042 2.636185 -2.292852
v 2.782041 3.091452 -2.292852
v 2.782042 1.696672 -1.366027
v 2.782042 1.696672 -1.774921
v 2.782042 1.696672 -1.883959
v 2.782041 2.636185 -1.366027
v 2.782042 2.550805 -2.292852
v 2.782041 2.550804 -1.366027
v 2.782042 2.550805 -1.883959
v 2.782041 2.550805 -1.774921
v 2.850190 3.518567 -1.829439
v 2.850190 3.228357 -2.433238
v 2.850190 3.457457 -1.829439
v 2.850190 3.184862 -1.284248
v 2.850190 3.184861 -2.374630
v 2.714351 1.992285 -2.293410
v 2.714351 2.304104 -2.293410
v 2.714351 1.989256 -1.884516
v 2.714351 2.302589 -1.884516
v 2.714351 2.302589 -1.775479
v 2.714351 1.989256 -1.775479
v 2.714351 1.989256 -1.366586
v 2.714351 2.302589 -1.366586
v 2.714351 2.265486 -2.293410
v 2.714351 2.263972 -1.884516
v 2.714351 2.264729 -1.775479
v 2.714351 2.264729 -1.366586
v 2.714351 2.302589 -1.775479
v 2.714351 2.302589 -1.366586
v 2.714351 2.264729 -1.775479
v 2.714351 2.264729 -1.366586
v 2.782044 2.302589 -1.775479
v 2.782043 2.302589 -1.366586
v 2.782044 2.264729 -1.775479
v 2.782043 2.264729 -1.366586
v 2.782044 2.304104 -2.293410
v 2.782044 2.302589 -1.884516
v 2.782044 2.265486 -2.293410
v 2.782044 2.263972 -1.884516
v 2.711488 3.216425 -2.466199
v 2.711488 3.172929 -2.407591
v 2.779179 3.208552 -2.465640
v 2.779179 3.165056 -2.407033
v 2.847327 3.208552 -2.465640
v 2.847327 3.165056 -2.407033
v 2.711968 3.172064 -1.246335
v 2.711968 3.215560 -1.201357
v 2.779659 3.164191 -1.245776
v 2.779659 3.207687 -1.200798
v 2.847807 3.207687 -1.200798
v 2.847807 3.164191 -1.245776
v -3.500000 0.000000 9.367610
v -3.500000 4.671273 9.367610
v -3.500000 4.671273 3.127276
v 2.499999 -0.000000 9.367610
v 2.499999 4.671272 9.367610
v 2.612231 -0.000000 3.322433
v 2.499999 4.671273 3.127276
v -3.500000 4.000000 -2.872723
v -3.500000 6.416741 -2.872723
v -3.491424 4.000000 -7.839913
v -3.500000 6.416741 -7.839913
v 2.491423 3.999999 -2.872723
v 2.499999 6.416741 -2.872723
v 2.491423 3.999999 -7.839913
v 2.499999 6.416741 -7.839913
v -3.670447 0.000000 -11.156648
v -3.500000 4.000000 -11.156648
v 2.499999 -0.000000 -2.872723
v 2.499999 -0.000000 -11.156648
v 2.499999 3.999999 -11.156648
v -4.222696 0.000000 3.127276
v 2.999999 -0.000000 3.322436
v -4.222696 0.000000 -2.872723
v -4.000000 7.296373 -2.872724
v -4.000000 7.296373 3.127277
v 2.732666 7.296372 3.127277
v 2.732667 7.296373 -2.872723
v -3.500000 0.818089 9.367610
v -3.500000 0.962830 3.127276
v 2.612231 0.818088 3.322433
v 2.499999 0.818088 9.367610
v -4.222696 0.818090 -2.872723
v -4.222696 0.818090 3.127276
v 2.999999 0.818089 3.322436
v 2.999999 -0.000000 -2.872723
v -1.944784 6.134037 4.042245
v -1.944783 6.134038 3.108817
v 0.400527 6.134037 3.108817
v 0.400527 6.134037 4.042245
v -3.227070 0.962828 9.049191
v -3.227070 4.526534 9.049191
v -3.227070 4.526534 3.127276
v 2.227070 4.526529 3.127276
v 2.227070 4.526533 9.049191
v -3.227070 0.962828 3.127276
v 2.227070 0.962828 3.127276
v 2.227070 0.962828 9.049191
v -4.222696 0.000000 0.127277
v -4.000000 8.773748 0.127276
v 2.732666 8.773748 0.127276
v -4.222696 0.818090 0.127277
v 2.907666 7.259439 -2.947723
v -4.174999 7.259439 -2.947724
v 2.907666 8.810682 0.202276
v -4.174999 7.259439 3.202276
v 2.907666 7.259438 3.202276
v 2.907666 8.810682 0.052276
v -4.174999 8.990106 0.140635
v -4.174999 7.438862 3.290635
v 2.907666 7.438861 3.290635
v 2.907666 8.990105 0.140635
v 2.907666 7.438862 -3.036082
v -4.174999 7.438862 -3.036083
v 2.907666 8.990105 0.113917
v -4.174999 8.990106 0.113917
v -4.174999 7.167897 3.388164
v 2.907666 7.167897 3.388164
v -4.174999 7.347322 3.476522
v 2.907666 7.347321 3.476522
v 2.907666 7.176239 -3.116671
v -4.174999 7.176239 -3.116672
v 2.907666 7.355662 -3.205029
v -4.174999 7.355662 -3.205030
v 2.999999 0.802261 -2.872723
v 0.500000 4.671273 9.367610
v -1.500000 4.671273 9.367610
v -1.500000 0.000000 9.367610
v 0.500000 -0.000000 9.367610
v 0.500000 4.000000 -7.839913
v -1.499286 4.000000 -7.839913
v -1.500715 3.999999 -11.156648
v 0.500000 3.999999 -11.156648
v -1.500000 0.000000 -11.156648
v 0.499999 -0.000000 -11.156648
v -1.666666 7.296373 3.127277
v 0.666667 7.296372 3.127277
v 0.666666 7.296373 -2.872723
v -1.666667 7.296373 -2.872723
v 0.500000 4.671273 3.127276
v -1.500000 4.671273 3.127276
v -1.500000 0.818089 9.367610
v 0.500000 0.818088 9.367610
v -0.323757 6.134037 4.042245
v -0.676243 6.134037 4.042245
v -0.323757 6.134038 3.108817
v -0.676243 6.134038 3.108817
v 0.409023 4.526533 9.049191
v -1.409024 4.526533 9.049191
v -1.409024 0.962828 9.049191
v 0.409023 0.962828 9.049191
v 0.725000 7.259439 -2.947723
v -1.725000 7.259439 -2.947723
v -1.725000 7.259439 3.202276
v 0.725000 7.259439 3.202276
v -1.725000 7.438862 3.290635
v 0.457667 7.438861 3.290635
v 0.457667 8.990105 0.140635
v -1.725000 8.990106 0.140635
v 0.457667 7.438862 -3.036082
v -1.725000 7.438862 -3.036082
v 0.457667 8.990105 0.113917
v -1.725000 8.990106 0.113917
v -1.725000 7.167897 3.388164
v 0.725000 7.167897 3.388164
v -1.725000 7.347321 3.476522
v 0.725000 7.347321 3.476522
v 0.725000 7.176239 -3.116671
v -1.725000 7.176239 -3.116671
v 0.725000 7.355662 -3.205029
v -1.725000 7.355662 -3.205029
v -0.166667 4.671273 9.367610
v -0.833333 4.671273 9.367610
v -0.833334 -0.000000 9.367610
v -0.166667 -0.000000 9.367610
v 0.381050 4.000000 -7.839913
v -1.346380 4.000000 -7.839913
v -1.346378 3.999999 -11.156648
v 0.381047 3.999999 -11.156648
v -1.346378 0.000000 -11.156648
v 0.381047 -0.000000 -11.156648
v -0.888889 7.296373 3.127277
v -0.111111 7.296372 3.127277
v -0.111111 7.296373 -2.872723
v -0.888889 7.296373 -2.872723
v -0.166667 4.671273 3.127276
v -0.833333 4.671273 3.127276
v -0.833334 0.818088 9.367610
v -0.166667 0.818088 9.367610
v -0.441252 6.134037 4.042245
v -0.558748 6.134037 4.042245
v -0.441252 6.134038 3.108817
v -0.558748 6.134038 3.108817
v 0.305450 4.526533 9.049191
v -1.299716 4.526533 9.049191
v -1.299716 0.962828 9.049191
v 0.305450 0.962828 9.049191
v -0.091667 7.259439 -2.947723
v -0.908333 7.259439 -2.947723
v -0.908333 7.259439 3.202276
v -0.091667 7.259439 3.202276
v -0.908333 7.438861 3.290635
v -0.091667 7.438861 3.290635
v -0.091667 8.990106 0.140635
v -0.908333 8.990106 0.140635
v -0.091667 7.438862 -3.036082
v -0.908333 7.438862 -3.036082
v -0.091667 8.990106 0.113917
v -0.908333 8.990106 0.113917
v -0.908333 7.167897 3.388164
v -0.091667 7.167897 3.388164
v -0.908333 7.347321 3.476522
v -0.091667 7.347321 3.476522
v -0.091667 7.176239 -3.116671
v -0.908333 7.176239 -3.116671
v -0.091667 7.355662 -3.205029
v -0.908333 7.355662 -3.205029
v 2.390908 -0.000000 9.367610
v 2.390908 4.084479 -11.156648
v 2.390908 -0.000000 -11.156648
v 2.605394 7.296372 3.127277
v 2.390908 0.818088 9.367610
v 2.127903 0.962828 9.049191
v 2.774029 7.259438 3.202276
v 2.774029 7.438861 3.290635
v 2.774029 7.167897 3.388164
v 2.774029 7.347321 3.476522
v 2.390909 4.671272 9.367610
v 2.382644 3.999999 -7.839913
v 2.605394 7.296373 -2.872723
v 2.390909 4.671273 3.127276
v 0.009503 6.134037 4.042245
v 0.009503 6.134037 3.108817
v 2.127904 4.526533 9.049191
v 2.774029 7.259439 -2.947723
v 2.774029 8.990105 0.140635
v 2.774029 7.438862 -3.036082
v 2.774029 8.990105 0.113917
v 2.774029 7.176239 -3.116671
v 2.774029 7.355662 -3.205029
v -3.376969 4.671273 9.367610
v -3.368744 4.000000 -7.839913
v -3.856463 7.296373 -2.872724
v -3.376969 4.671273 3.127276
v -1.007046 6.134037 4.042245
v -1.007046 6.134038 3.108817
v -3.115232 4.526534 9.049191
v -4.024286 7.259439 -2.947724
v -4.024286 8.990106 0.140635
v -4.024286 7.438862 -3.036083
v -4.024286 8.990106 0.113917
v -4.024286 7.176239 -3.116671
v -4.024286 7.355662 -3.205030
v -3.376969 0.000000 9.367610
v -3.376969 4.000000 -11.156648
v -3.376969 0.000000 -11.156648
v -3.856463 7.296373 3.127277
v -3.376969 0.818089 9.367610
v -3.115232 0.962828 9.049191
v -4.024286 7.259439 3.202276
v -4.024286 7.438862 3.290635
v -4.024286 7.167897 3.388164
v -4.024286 7.347322 3.476522
v -3.500000 1.450560 3.127276
v 2.499999 1.450559 3.127276
v -4.000000 1.450560 3.127276
v -3.227070 1.450562 3.127276
v 2.227070 1.450562 3.127276
v 0.409023 1.450562 9.049191
v -1.409024 1.450562 9.049191
v 0.305450 1.450562 9.049191
v -1.299716 1.450562 9.049191
v 2.127903 1.450562 9.049191
v -3.115232 1.450562 9.049191
v -3.227070 4.023077 9.049191
v -3.500000 4.023080 3.127276
v 2.499999 4.023079 3.127276
v -4.000000 4.023080 3.127276
v -3.227070 4.023077 3.127276
v 2.227070 4.023077 3.127276
v 2.227070 4.023077 9.049191
v 0.409023 4.023077 9.049191
v -1.409024 4.023077 9.049191
v 0.305450 4.023077 9.049191
v -1.299716 4.023077 9.049191
v 2.127904 4.023077 9.049191
v -3.115232 4.023077 9.049191
v 0.305450 0.962829 9.127275
v 0.409023 0.962829 9.127275
v 0.409023 1.450562 9.127275
v -1.409024 1.450563 9.127275
v -1.409024 0.962829 9.127275
v -1.299716 0.962829 9.127275
v 0.305450 1.450562 9.127275
v -1.299716 1.450563 9.127275
v 0.409023 4.023077 9.127275
v -1.409024 4.023077 9.127275
v 0.305450 4.023077 9.127275
v -1.299716 4.023077 9.127275
v -3.500000 4.671273 9.266120
v -3.500000 0.000000 9.266120
v 2.499999 4.671272 9.266120
v 2.499999 -0.000000 9.266120
v 2.499999 0.818088 9.266120
v -3.500000 0.818089 9.266120
v -1.944784 6.134037 4.027065
v 0.400527 6.134037 4.027065
v -3.227070 4.526534 8.952880
v 2.227070 4.526533 8.958059
v 2.227070 0.962828 8.958059
v -3.227070 0.962828 8.952881
v -0.676243 6.134037 4.027065
v -0.323757 6.134037 4.027065
v -0.558748 6.134037 4.027065
v -0.441252 6.134037 4.027065
v 0.009503 6.134037 4.027065
v -1.007046 6.134037 4.027065
v -3.227070 1.450562 8.952881
v 2.227070 1.450562 8.958059
v 2.227070 4.023077 8.958059
v -3.227070 4.023077 8.952880
v 2.273715 1.450562 9.095837
v 2.273715 0.962828 9.127275
v 2.127899 0.962828 9.127275
v 2.127899 1.450562 9.095837
v 2.273715 4.023077 9.127275
v 2.127900 4.023077 9.127275
v 2.273720 0.962830 8.958055
v 2.273715 1.450562 8.958055
v 2.273715 4.023077 8.958055
v -3.500000 1.017880 3.127276
v 2.499999 0.962829 3.127276
v -4.000000 1.017880 3.127276
v -3.227070 1.017876 3.127276
v 2.227070 1.017875 3.127276
v 0.409023 1.017875 9.049191
v -1.409024 1.017876 9.049191
v 0.305450 1.017875 9.049191
v -1.299716 1.017876 9.049191
v 2.127903 1.017875 9.049191
v -3.115232 1.017876 9.049191
v 0.409023 1.017876 9.127275
v -1.409024 1.017877 9.127275
v 0.305450 1.017876 9.127275
v -1.299716 1.017877 9.127275
v -3.227070 1.017876 8.952881
v 2.227070 1.017875 8.958059
v 2.273715 1.017875 9.123728
v 2.127899 1.017875 9.123728
v 2.273719 1.017877 8.958055
v 2.719306 7.296373 -2.872723
v 2.719306 3.999999 -2.872723
v 2.719306 3.999999 0.127277
v 2.719306 3.999999 3.127276
v 2.719306 7.296372 3.127277
v 2.719306 0.962829 3.127276
v 2.719309 0.962830 -2.872723
v 2.719306 3.548244 3.127276
v 2.719306 1.450559 3.127276
v -3.227070 4.132265 9.049191
v -3.500000 4.129189 3.127276
v 2.499999 4.132269 3.127276
v -4.000000 4.885582 3.127276
v -3.227070 4.132265 3.127276
v 2.227070 4.132265 3.127276
v 2.227070 4.132265 9.049191
v 0.409023 4.132265 9.049191
v -1.409024 4.132265 9.049191
v 0.305450 4.132265 9.049191
v -1.299716 4.132265 9.049191
v 2.127904 4.132265 9.049191
v -3.115232 4.132265 9.049191
v -3.227070 4.132265 8.952880
v 2.227070 4.132265 8.958059
v 2.227070 4.132265 9.127274
v 2.227070 4.023077 9.127274
v 0.409023 4.132265 9.127274
v 0.409023 4.023077 9.127274
v -1.409024 4.132265 9.127274
v -1.409024 4.023077 9.127274
v 0.305450 4.132265 9.127274
v 0.305450 4.023077 9.127274
v -1.299716 4.132265 9.127274
v -1.299716 4.023077 9.127274
v 2.127904 4.132265 9.127274
v 2.127904 4.023077 9.127274
v -3.115232 4.132265 9.127274
v -3.115232 4.023077 9.127274
v -3.227070 4.023077 9.127274
v -3.227070 4.132265 9.127274
v 2.273720 4.132265 3.127276
v 2.273720 4.023077 3.127276
v 2.273720 4.132265 9.049191
v 2.273720 4.023077 9.049191
v 2.273720 4.023077 8.958059
v 2.273720 4.132265 8.958059
v 2.273720 4.132265 9.127274
v 2.273720 4.023077 9.127274
v -3.500000 1.522963 3.127276
v 2.499999 1.522969 3.127276
v -4.000000 1.522963 3.127276
v -3.227070 1.522965 3.127276
v 2.227070 1.531767 3.127276
v 0.409023 1.522964 9.049191
v -1.409024 1.522965 9.049191
v 0.305450 1.522964 9.049191
v -1.299716 1.522965 9.049191
v 2.127903 1.522964 9.049191
v -3.115232 1.522965 9.049191
v -3.227070 1.522965 9.049191
v 0.409023 1.522965 9.127275
v -1.409024 1.522966 9.127275
v 0.305450 1.522965 9.127275
v -1.299716 1.522966 9.127275
v 2.227070 1.522964 8.958059
v -3.227070 1.522965 8.952881
v 2.273715 1.522964 9.096722
v 2.127899 1.522964 9.096722
v 2.273715 1.522964 8.958055
v 2.247602 1.522964 3.127276
v 2.247602 1.450562 3.127276
v 2.247602 1.450562 8.958059
v 2.247602 1.522964 8.958059
v 2.719309 -0.000000 -2.872723
v 2.273720 4.526533 8.958059
v 2.273720 4.526533 9.049191
v 2.273720 4.132265 9.049191
v 2.273720 4.132265 8.958059
v 2.227070 4.526533 9.127275
v 2.127904 4.526533 9.127275
v 2.227070 4.132265 9.127275
v 2.127904 4.132265 9.127275
v 2.273720 4.526533 9.127275
v 2.273720 4.132265 9.127275
v -3.227070 4.132265 9.127275
v -3.227070 4.526534 9.127275
v -3.115232 4.526534 9.127275
v -3.115232 4.132265 9.127275
v -3.320528 4.132265 9.049191
v -3.320528 4.526534 9.049191
v -3.320528 4.023077 8.952880
v -3.320528 4.023077 9.049191
v -3.320528 4.526534 8.952880
v -3.320528 4.132265 8.952880
v -3.320528 4.023077 9.127274
v -3.320528 4.132265 9.127274
v -3.320528 4.132265 9.127275
v -3.320528 4.526534 9.127275
v -3.320530 1.522965 9.049191
v -3.320530 4.023077 9.049191
v -3.320530 4.023077 8.952880
v -3.320530 1.522965 8.952881
v -3.227070 1.522965 9.127275
v -3.227070 4.023077 9.127275
v -3.115232 4.023077 9.127275
v -3.115232 1.522965 9.127275
v -3.320530 1.522965 9.127275
v -3.320530 4.023077 9.127275
v -3.227070 0.962828 9.127275
v -3.115232 0.962828 9.127275
v -3.115232 1.017876 9.127275
v -3.227070 1.017876 9.127275
v -3.227070 1.450562 9.127275
v -3.115232 1.522965 9.127275
v -3.115232 1.450562 9.127275
v -3.227070 1.522965 9.127275
v -3.320530 0.962828 8.952881
v -3.320530 0.962828 9.049191
v -3.320530 1.017876 9.049191
v -3.320530 1.450562 9.049191
v -3.320530 1.450562 8.952881
v -3.320530 1.522965 8.952881
v -3.320530 1.017876 8.952881
v -3.320530 1.522965 9.049191
v -3.320530 1.522965 9.127275
v -3.320530 1.017876 9.127275
v -3.320530 1.450562 9.127275
v -3.320530 0.962828 9.127275
v -3.227070 0.905777 8.952881
v -3.227070 0.905777 9.049191
v -3.115232 0.905777 9.049191
v -3.320530 0.905777 8.952881
v -3.320530 0.905777 9.049191
v -3.320530 0.905777 9.127275
v -3.227070 0.905777 9.127275
v -3.115232 0.905777 9.127275
v 2.273715 0.916529 9.127275
v 2.227070 0.916529 9.049191
v 2.127904 0.916529 9.049191
v 2.227070 0.916529 8.958059
v 2.273720 0.916530 8.958055
v 2.127899 0.916529 9.127275
v 0.305450 0.901797 9.049191
v 0.409023 0.901797 9.049191
v -1.409024 0.901797 9.049191
v -1.299716 0.901797 9.049191
v 0.305450 0.901797 9.127275
v 0.409023 0.901797 9.127275
v -1.409024 0.901798 9.127275
v -1.299716 0.901798 9.127275
v 2.999999 -0.000000 1.127277
v 2.999999 -0.000000 -0.872723
v 2.999999 0.812813 1.127277
v 2.999999 0.807537 -0.872723
v 2.719307 0.962830 1.127277
v 2.719308 0.962829 -0.872723
v 4.039493 -0.000000 1.127277
v 4.039493 -0.000000 -0.872723
v 4.039493 0.812813 1.127277
v 4.039493 0.807537 -0.872723
v 2.499999 1.522969 3.170526
v 2.499999 1.450559 3.170526
v 2.227070 1.531767 3.170525
v 2.227070 1.450562 3.170525
v 2.719309 1.522969 3.127276
v 2.719306 1.450559 3.170527
v 2.719309 1.522969 3.170527
v 2.719306 3.999999 1.627277
v 2.499999 4.023079 3.183399
v 2.499999 4.132269 3.183399
v 2.273720 4.132265 3.183397
v 2.273720 4.023077 3.183397
v 2.719306 4.132269 3.127276
v 2.499999 4.132269 3.183396
v 2.499999 4.023079 3.183396
v 2.719306 3.999999 3.183396
v 2.719306 4.132269 3.183396
v 2.719306 4.132269 -2.872723
v 2.783519 3.999999 -2.872723
v 2.783519 3.999999 0.127277
v 2.783519 3.999999 3.127276
v 2.783519 3.999999 1.627277
v 2.783519 4.132269 3.127276
v 2.783519 4.132269 -2.872723
v 2.783519 3.999999 3.127276
v 2.783519 4.132269 3.127276
v 2.783519 3.999999 3.183396
v 2.783519 4.132269 3.183396
v 2.491420 4.132269 -2.872723
v 2.491423 3.999999 -2.923587
v 2.719306 3.999999 -2.923587
v 2.719306 4.132269 -2.923587
v 2.491420 4.132269 -2.923587
v 2.783520 3.999999 -2.872723
v 2.783520 4.132269 -2.872723
v 2.783520 3.999999 -2.923587
v 2.783520 4.132269 -2.923587
v 2.491423 4.132269 -2.872723
v 2.491423 4.132269 -7.839913
v 2.573655 3.999999 -2.872723
v 2.573655 3.999999 -7.839913
v 2.573655 4.132269 -2.872723
v 2.573659 4.132269 -7.839913
v 2.719306 7.193777 3.127277
v 2.719306 7.193777 -2.872723
v 2.841025 7.296372 3.127277
v 2.841025 7.296373 -2.872723
v 2.841025 7.193777 3.127277
v 2.841025 7.193777 -2.872723
v 2.732666 8.035060 1.627276
v -4.174999 8.214484 1.715636
v 2.907666 8.214483 1.715636
v 2.907666 8.035060 1.702277
v -1.725000 8.214484 1.715636
v 0.457667 8.214484 1.715636
v -0.908333 8.214484 1.715636
v -0.091667 8.214484 1.715636
v 2.774029 8.214483 1.715636
v -4.024286 8.214484 1.715636
v 2.732666 8.402636 0.880865
v 2.732666 7.296373 0.141630
v 2.907666 8.600439 0.931902
v -1.725000 8.600439 0.931902
v 0.457667 8.600439 0.931902
v -0.908333 8.600439 0.931902
v -0.091667 8.600439 0.931902
v 2.774029 8.600439 0.931902
v -4.024286 8.600439 0.931902
v 2.719306 7.296373 0.141630
v 2.719306 4.132269 0.141630
v 2.783519 4.132269 0.141630
v 2.719306 7.193778 0.141630
v 2.841025 7.296373 0.141630
v 2.841025 7.193778 0.141630
v -4.174999 8.600439 0.931902
v 2.907666 8.421016 0.955865
v 2.732667 8.035060 -1.372723
v -4.174999 7.826673 2.503135
v 2.907666 8.214483 -1.461081
v -4.174999 8.214484 -1.461082
v 2.907666 7.647249 2.452276
v 2.907666 8.035060 -1.447723
v -1.725000 8.214484 -1.461082
v 0.457667 8.214484 -1.461082
v -0.908333 8.214484 -1.461082
v -0.091667 8.214484 -1.461082
v 2.774029 8.214483 -1.461081
v -4.024286 8.214484 -1.461082
v 2.732666 7.665717 2.377276
v 2.907666 7.826672 2.503135
v -1.725000 7.826673 2.503135
v 0.457667 7.826673 2.503135
v -0.908333 7.826673 2.503135
v -0.091667 7.826673 2.503135
v 2.774029 7.826672 2.503135
v -4.024286 7.826673 2.503135
v -4.174999 8.602295 -0.673582
v 2.907666 8.422871 -0.697724
v 2.732666 8.404404 -0.622724
v 2.907666 8.602294 -0.673582
v -1.725000 8.602295 -0.673582
v 0.457667 8.602294 -0.673582
v -0.908333 8.602294 -0.673582
v -0.091667 8.602294 -0.673582
v 2.774029 8.602294 -0.673582
v -4.024286 8.602295 -0.673582
v 2.732667 7.665717 -2.122723
v 2.907666 7.826672 -2.248581
v -1.725000 7.826673 -2.248582
v 0.457667 7.826673 -2.248581
v -0.908333 7.826673 -2.248582
v -0.091667 7.826673 -2.248581
v 2.774029 7.826672 -2.248581
v -4.024286 7.826673 -2.248582
v -4.174999 7.826673 -2.248582
v 2.907666 7.647249 -2.197723
v 2.732666 7.296372 2.132061
v 2.732666 7.296372 1.136845
v 2.719306 7.296372 2.132061
v 2.719306 7.296372 1.136845
v 2.719306 4.132269 2.132061
v 2.719306 4.132269 1.136845
v 2.783519 4.132269 2.132061
v 2.783519 4.132269 1.136845
v 2.719306 7.193777 2.132061
v 2.719306 7.193777 1.136845
v 2.841025 7.296372 2.132061
v 2.841025 7.296372 1.136845
v 2.841025 7.193777 2.132061
v 2.841025 7.193777 1.136845
v 2.732666 7.296373 -0.863155
v 2.732667 7.296373 -1.867940
v 2.719306 7.296373 -0.863155
v 2.719306 7.296373 -1.867940
v 2.719306 4.132269 -0.863155
v 2.719306 4.132269 -1.867940
v 2.783519 4.132269 -0.863155
v 2.783519 4.132269 -1.867940
v 2.719306 7.193777 -0.863155
v 2.719306 7.193777 -1.867940
v 2.841025 7.296373 -0.863155
v 2.841025 7.296373 -1.867940
v 2.841025 7.193777 -0.863155
v 2.841025 7.193777 -1.867940
v 2.499999 0.962830 -2.872723
v 2.499999 -0.000001 -11.156648
v 2.719309 0.802260 -11.156648
v 2.719309 -0.000001 -11.156648
v 2.499999 0.962830 -11.156648
v 2.999999 0.802261 -2.994174
v 2.719309 0.802261 -2.994174
v 2.999999 -0.000000 -2.994174
v 2.719309 -0.000000 -2.994174
v -4.175000 8.773748 0.127276
v -4.000000 7.193772 -2.872724
v -4.000000 7.193772 3.127277
v -4.125287 7.296373 -2.872724
v -4.125288 7.296373 3.127277
v -4.125287 7.193772 -2.872724
v -4.125288 7.193772 3.127277
v 0.409023 1.522964 9.076488
v 0.409023 1.450562 9.076488
v -1.409024 1.522965 9.076488
v -1.409024 1.450562 9.076488
v 0.305450 1.522964 9.076488
v 0.305450 1.450562 9.076488
v -1.299716 1.522965 9.076488
v -1.299716 1.450562 9.076488
v 2.127903 1.522964 9.076488
v 2.127903 1.450562 9.076488
v -3.115232 1.522965 9.076488
v -3.115232 1.450562 9.076488
v -3.500000 0.818089 3.276530
v -3.500000 0.000000 3.276530
v -4.222696 0.818090 3.276530
v -4.222696 0.000000 3.276530
v -4.000000 0.962828 3.127276
v -4.000000 0.962828 -2.872723
v -3.500000 0.962828 -2.872723
v -3.966115 0.000000 3.276530
v -3.966115 0.818089 3.276530
v -3.670447 0.000000 -3.090741
v -4.222696 0.000000 -3.090741
v -4.222696 0.818090 -3.090741
v -3.500000 0.962828 -3.090741
v -3.500000 0.962828 -11.156653
v -3.670447 0.818090 -3.090741
v -3.670447 0.818090 -11.156648
v 0.381047 3.999999 -11.848537
v 0.500000 3.999999 -11.848537
v 0.381047 -0.000000 -11.848537
v 0.499999 -0.000000 -11.848537
v -1.500000 0.000000 -11.848537
v -1.346378 3.999999 -11.848537
v -1.346378 0.000000 -11.848537
v 0.499999 -0.000000 -11.711167
v 0.381047 -0.000000 -11.711167
v -1.500000 0.000000 -11.711167
v -1.346378 0.000000 -11.711167
v 0.500000 3.999999 -11.711167
v 0.381047 3.999999 -11.711167
v -1.346378 3.999999 -11.711167
v -1.500715 3.999999 -11.711167
v 0.381050 5.130983 -7.839913
v -1.346380 5.130983 -7.839913
v -1.346378 5.130983 -11.156648
v 0.381047 5.130983 -11.156648
v -1.346378 5.616880 -11.848537
v 0.381047 5.616880 -11.848537
v 0.381047 5.600322 -11.711167
v -1.346378 5.130983 -11.711167
v -0.500000 4.671273 9.367610
v -0.500000 -0.000000 9.367610
v -0.482665 6.835355 -7.839913
v -0.482665 6.835356 -2.872723
v -0.482666 -0.000000 -11.156648
v -0.500000 7.296373 3.127277
v -0.500000 7.296373 -2.872723
v -0.500000 4.671273 3.127276
v -0.500000 0.818088 9.367610
v -0.500000 6.134037 4.042245
v -0.500000 6.134038 3.108817
v -0.497133 4.526533 9.049191
v -0.497133 0.962828 9.049191
v -0.500000 7.259439 -2.947723
v -0.500000 7.259439 3.202276
v -0.500000 7.438861 3.290635
v -0.500000 8.990106 0.140635
v -0.500000 7.438862 -3.036082
v -0.500000 8.990106 0.113917
v -0.500000 7.167897 3.388164
v -0.500000 7.347321 3.476522
v -0.500000 7.176239 -3.116671
v -0.500000 7.355662 -3.205029
v -0.497133 1.450562 9.049191
v -0.497133 4.023077 9.049191
v -0.500000 6.134037 4.027065
v -0.497133 1.017875 9.049191
v -0.497133 4.132265 9.049191
v -0.497133 4.023077 9.127274
v -0.497133 4.132265 9.127274
v -0.497133 1.522964 9.049191
v -0.500000 8.214484 1.715636
v -0.500000 8.600439 0.931902
v -0.500000 7.826673 2.503135
v -0.500000 8.214484 -1.461082
v -0.500000 8.602294 -0.673582
v -0.500000 7.826673 -2.248582
v -0.497133 1.450562 9.076488
v -0.497133 1.522964 9.076488
v -0.482666 3.999999 -11.848537
v -0.482666 -0.000000 -11.848537
v -0.482666 -0.000000 -11.711167
v -0.482665 6.026714 -11.848537
v -1.500715 5.537215 -11.848537
v 0.632446 5.503660 -11.848537
v 0.632446 5.503661 -7.839913
v -1.500715 5.537215 -7.839913
v 0.382422 5.716041 -11.156648
v 0.382425 5.716041 -7.839913
v -1.345002 5.716041 -11.156648
v -1.345005 5.716041 -7.839913
v -0.481290 6.125875 -11.848537
v 0.382422 5.716041 -11.848537
v 0.382422 5.716041 -11.711167
v -1.345002 5.716041 -11.711167
v -1.345002 5.716041 -11.848537
v -0.481290 5.686491 -7.839913
v 0.633821 5.602821 -11.848537
v 0.633821 5.602821 -7.839913
v -1.499340 5.636375 -11.848537
v -1.499340 5.636375 -7.839913
v 0.500000 3.999999 -11.848537
v 0.500000 3.999999 -11.711167
v 0.500000 5.600322 -11.848537
v 0.500000 5.600322 -11.711167
v -0.482665 6.026714 -12.038822
v 0.381047 5.616880 -12.038822
v -1.346378 5.616880 -12.038822
v 0.632446 5.503660 -12.038822
v 0.633821 5.602821 -12.038822
v -1.500715 5.537215 -12.038822
v -0.481290 6.125875 -12.038822
v 0.382422 5.716041 -12.038822
v -1.345002 5.716041 -12.038822
v -1.499340 5.636375 -12.038822
v 2.907666 7.134767 -3.653587
v 2.907666 6.955342 -3.565229
v 2.774029 6.955342 -3.565229
v 0.725000 6.955343 -3.565229
v -0.908333 6.955343 -3.565229
v -1.725000 6.955343 -3.565229
v 2.774029 7.134767 -3.653587
v 0.725000 7.134767 -3.653587
v -0.908333 7.134768 -3.653587
v -1.725000 7.134768 -3.653587
v -0.091667 6.955343 -3.565229
v -0.500000 6.955343 -3.565229
v -0.091667 7.134768 -3.653587
v -0.500000 7.134768 -3.653587
v -4.024286 6.955343 -3.565229
v -4.024286 7.134768 -3.653587
v 2.774029 6.947001 3.836723
v 2.907666 6.947001 3.836723
v 2.774029 7.126425 3.925080
v 2.907666 7.126425 3.925080
v -4.174999 7.126425 3.925080
v -4.174999 6.947001 3.836723
v -4.024286 6.947001 3.836723
v -1.725000 6.947001 3.836723
v -0.091667 6.947001 3.836723
v 0.725000 6.947001 3.836723
v -4.024286 7.126425 3.925080
v -1.725000 7.126425 3.925080
v -0.091667 7.126425 3.925080
v 0.725000 7.126425 3.925080
v -0.908333 6.947001 3.836723
v -0.500000 6.947001 3.836723
v -0.908333 7.126425 3.925080
v -0.500000 7.126425 3.925080
v -1.500715 5.620244 -11.848537
v -1.346378 5.620244 -11.848537
v -1.346378 5.554214 -11.711167
v -1.500715 5.554214 -11.711167
v -1.536070 3.999996 -11.883892
v -1.535356 -0.000003 -11.883892
v -1.381733 3.999996 -11.883892
v -1.381733 -0.000003 -11.883892
v -1.535356 -0.000003 -11.746521
v -1.536070 3.999996 -11.746521
v -1.536070 5.620240 -11.883892
v -1.381733 5.620240 -11.883892
v -1.536070 5.554211 -11.746521
v 0.416402 3.999999 -11.883892
v 0.535355 3.999999 -11.883892
v 0.416402 -0.000000 -11.883892
v 0.535354 -0.000000 -11.883892
v 0.535355 3.999999 -11.746521
v 0.535354 -0.000000 -11.746521
v 0.416402 5.600322 -11.883892
v 0.535355 3.999999 -11.883892
v 0.535355 3.999999 -11.746521
v 0.535355 5.600322 -11.883892
v 0.535355 5.600322 -11.746521
v 1.141602 4.335537 -7.837392
v 0.351581 4.335537 -7.837392
v 0.351581 4.335537 -8.638800
v 2.394345 4.526529 -11.160472
v 2.503436 4.526529 -11.160472
v 0.503436 4.526529 -11.160472
v 1.148507 5.162752 -8.642622
v 1.145039 5.162749 -7.841217
v 0.355017 5.162752 -7.841217
v 0.355017 5.162752 -8.642622
v 2.386081 4.084476 -7.843740
v 2.500193 4.084475 -11.160472
v 2.491929 4.526529 -7.843740
v -3.368744 4.526529 -7.839913
v -3.491424 4.526529 -7.839913
v -3.500000 4.526529 -11.156648
v -1.346380 4.085648 -7.839913
v -1.499286 4.085648 -7.839913
v -3.376969 4.526529 -11.156648
v -1.500715 4.526529 -11.156648
v -1.346378 4.085648 -11.156648
v -1.381754 5.162749 -8.603150
v -1.381293 5.162749 -7.841019
v -1.984476 5.162749 -7.841019
v -1.346411 3.997405 -11.156706
v 0.499967 3.997405 -11.154737
v 0.503403 4.081881 -11.158565
v -4.175000 6.955343 -3.565229
v -4.175000 7.134768 -3.653587
v 0.382425 5.581341 -7.839913
v 0.381047 5.600318 -11.848537
v -1.649403 5.458648 -11.848537
v -1.649403 5.458648 -7.839913
v -1.648027 5.557808 -11.848537
v -1.648027 5.557808 -7.839913
v -1.649403 5.458648 -12.038822
v -1.648027 5.557808 -12.038822
v 2.577899 3.999999 -11.156648
v 2.578093 4.084475 -11.160472
v 2.394556 4.675814 -11.170297
v 2.503647 4.652801 -11.170297
v 0.503647 4.675814 -11.170297
v 1.148718 5.312037 -8.652447
v 1.145250 5.312033 -7.851041
v 0.355228 5.312037 -7.851041
v 0.355228 5.312037 -8.652447
v -3.376758 4.675814 -11.166472
v -1.500504 4.675814 -11.166472
v -1.986919 5.312033 -8.612972
v -1.381543 5.312033 -8.612972
v -1.381082 5.312034 -7.850842
v -1.984265 5.312034 -7.850842
v 2.492140 4.652801 -7.853562
v 2.739754 4.526529 -11.160472
v 2.728247 4.526529 -7.843740
v -3.500000 4.675809 -11.156648
v -3.491424 4.675810 -7.839913
v -3.714281 4.526529 -7.839913
v -3.722857 4.526529 -11.156648
v 2.394345 4.526529 -11.408400
v 0.503436 4.526529 -11.408400
v -3.376969 4.526529 -11.404575
v -1.500715 4.526529 -11.404575
v 2.394345 4.526529 -11.408403
v 2.503436 4.526529 -11.408403
v -3.500000 4.526529 -11.408403
v -3.376969 4.526529 -11.408403
v 2.394134 4.084479 -11.165082
v 2.394134 3.999999 -11.165082
v 2.578186 4.082855 -11.255501
v 2.577993 3.998379 -11.251677
v 0.502733 3.998379 -11.251677
v 0.506137 4.081880 -11.253590
v 2.396868 4.082859 -11.260109
v 2.396868 3.998379 -11.260109
v 0.381047 4.081880 -11.156648
v 0.500000 4.081880 -11.711167
v 0.381047 4.081880 -11.711167
v 0.429742 3.999999 -11.156648
v 0.429741 -0.000000 -11.156648
v 0.429741 -0.000000 -11.711167
v 0.429742 3.999999 -11.711167
v 0.535355 4.081880 -11.746521
v 0.535355 4.081880 -11.883892
v 0.499461 3.999999 -11.677804
v 0.561774 3.999999 -11.872950
v 0.561774 3.999999 -11.735578
v 0.499461 4.081880 -11.677804
v 0.561774 4.081880 -11.735578
v 0.561774 4.081880 -11.872950
v 0.416402 4.081880 -11.883892
v 0.422334 3.999999 -11.908731
v 0.541287 3.999999 -11.904914
v 0.541287 4.081880 -11.904914
v 0.558389 3.999999 -11.897788
v 0.558389 4.081880 -11.897788
v 0.422334 4.081880 -11.908731
v -1.536070 4.081880 -11.883892
v -1.381733 4.081880 -11.883892
v -1.536070 4.081880 -11.746521
v -1.536070 3.999996 -11.897935
v -1.381733 3.999996 -11.897935
v -1.536070 4.081880 -11.897935
v -1.381733 4.081880 -11.897935
v -1.551258 3.999996 -11.883892
v -1.551258 3.999996 -11.746521
v -1.551258 4.081880 -11.883892
v -1.551258 4.081880 -11.746521
v -1.551258 3.999996 -11.897935
v -1.551258 4.081880 -11.897935
v -1.500715 4.081880 -11.711167
v -1.543550 3.999996 -11.739043
v -1.508194 3.999999 -11.703690
v -1.543550 4.081880 -11.739043
v -1.508194 4.081880 -11.703690
v -1.346378 4.081880 -11.711167
v -1.346378 3.999999 -11.156644
v -1.500715 3.999999 -11.156644
v -1.500715 4.081880 -11.156644
v -1.346378 4.081880 -11.156644
v -1.449378 4.000009 -11.156648
v -1.448663 0.000009 -11.156648
v -1.449378 4.000009 -11.711167
v -1.448663 0.000009 -11.711167
v -3.376969 4.081880 -11.156648
v -3.376969 4.000002 -11.218443
v -3.376969 4.081882 -11.218443
v -1.500715 4.081881 -11.218439
v -1.500715 4.000001 -11.218443
v -3.500000 4.081880 -11.156648
v -3.610110 4.000000 -11.218445
v -3.376969 4.000000 -11.218445
v -3.376969 4.081880 -11.218445
v -3.610110 4.081880 -11.218445
v -3.491424 4.081880 -7.839913
v -3.605624 4.000000 -7.839913
v -3.614201 4.000000 -11.156648
v -3.614988 4.081880 -11.156648
v -3.605628 4.081880 -7.839913
v -3.500000 4.081880 -2.872723
v -3.614399 4.000000 -2.872825
v -3.605823 4.000000 -7.840016
v -3.605823 4.081880 -7.840016
v -3.614399 4.081880 -2.872825
v -4.000000 4.000000 -2.872723
v -4.000000 4.081880 -2.872723
v -3.550389 4.000000 -2.970749
v -3.550389 4.081880 -2.970749
v -4.000021 4.000000 -2.970646
v -4.000021 4.081880 -2.970646
v -4.000000 3.999913 -2.872723
v -4.000000 4.106311 3.127276
v -4.086918 4.023080 3.220526
v -4.086918 3.999913 -2.965107
v -4.086918 4.081880 -2.965107
v -4.086918 4.106311 3.220526
v -3.500000 4.129189 3.220526
v -3.500000 4.023080 3.220526
v -4.000000 4.023080 3.220526
v -4.000000 4.106311 3.220526
v -3.500000 4.129189 3.220524
v -3.500000 4.023080 3.220525
v -3.227070 4.132265 3.220525
v -3.227070 4.023077 3.220525
v -3.320530 4.132265 3.127276
v -3.320530 4.023077 3.127276
v -3.320530 4.023077 8.952880
v -3.320530 4.132265 8.952880
v 0.381047 5.381367 -11.848537
v -1.346378 5.381370 -11.848537
v 0.381047 5.322097 -11.848537
v -1.346378 5.322099 -11.848537
v 0.381047 5.381367 -11.896566
v -1.346378 5.381370 -11.896566
v 0.381047 5.322097 -11.896568
v -1.346378 5.322099 -11.896568
v -3.500000 6.348055 -7.839913
v 2.499999 6.348055 -7.839913
v -3.500000 6.416739 -7.897050
v 2.499999 6.416741 -7.897050
v -3.500000 6.348055 -7.897050
v 2.499999 6.348055 -7.897050
v 2.499999 6.348055 -2.872723
v 2.574244 6.416741 -7.897052
v 2.574244 6.416741 -2.872723
v 2.574244 6.348055 -7.897052
v 2.574244 6.348055 -2.872723
v -3.499906 6.535762 -2.872723
v -3.499906 6.535762 -7.839913
v 2.500094 6.535761 -2.872723
v 2.500094 6.535761 -7.839913
v -0.482571 6.954375 -7.839913
v -0.482571 6.954376 -2.872723
v 2.818441 6.535761 -2.872723
v 2.818441 6.535761 -7.839913
v -3.757686 6.535762 -2.872723
v -3.757686 6.535762 -7.839913
v -3.511512 6.677953 -2.872723
v -3.511512 6.677953 -7.839913
v 2.488487 6.677952 -7.839913
v 2.488487 6.677953 -2.872723
v -0.494178 7.096565 -7.839913
v -0.494177 7.096566 -2.872723
v 2.491965 6.677952 -7.839913
v 2.491965 6.677953 -2.872723
v -3.538276 6.671642 -2.872723
v -3.538276 6.671642 -7.839913
v 2.723635 6.348055 -2.872723
v 2.719310 6.416741 -2.872723
v 2.574244 6.416741 -2.922110
v 2.574244 6.348055 -2.922110
v 2.723635 6.348055 -2.922110
v 2.719310 6.416741 -2.922110
v 2.723634 6.348055 3.127277
v 2.719310 6.416741 3.127277
v 2.800465 6.358860 -2.872723
v 2.796139 6.427546 -2.872723
v 2.800465 6.358860 3.127277
v 2.796139 6.427546 3.127277
v -4.000000 6.348056 3.127277
v -4.000000 6.416742 3.127277
v 2.802632 6.348055 3.239249
v 2.798307 6.416741 3.239249
v -4.000000 6.348056 3.239249
v -4.000000 6.416742 3.239249
v -4.000000 6.416741 -2.872723
v -4.000000 6.348056 -2.872723
v -4.112067 6.348056 3.239247
v -4.112067 6.416742 3.239247
v -4.112067 6.416741 -2.872723
v -4.112067 6.348056 -2.872723
v -3.500000 6.348056 -2.872723
v -3.500000 6.416741 -2.968539
v -4.112070 6.416741 -2.968539
v -4.112070 6.348056 -2.968539
v -3.500000 6.348056 -2.968539
v -3.567871 6.416741 -7.897052
v -3.567871 6.348055 -7.897052
v -3.567871 6.416741 -2.968539
v -3.567871 6.348056 -2.968539
v -0.482571 6.954375 -8.084887
v -3.499906 6.535762 -8.084887
v 2.500094 6.535761 -8.084887
v 2.818441 6.535761 -8.084887
v -3.757686 6.535762 -8.084887
v -0.494178 7.096565 -8.084887
v -3.511512 6.677953 -8.084887
v 2.488487 6.677952 -8.084887
v 2.491965 6.677952 -8.084887
v -3.538276 6.671642 -8.084887
v -4.222696 0.818090 -1.372723
v -4.222696 0.000000 -1.372723
v -4.222696 0.000000 1.627276
v -4.222696 0.818090 1.627276
v -3.254054 1.522965 3.127276
v -3.254054 1.450562 3.127276
v -3.254054 1.450562 8.952881
v -3.254054 1.522965 8.952881
v -3.500000 1.522963 3.151728
v -3.500000 1.450560 3.151728
v -4.000000 1.522963 3.151728
v -4.000000 1.450560 3.151728
v -3.227070 1.522965 3.151728
v -3.227070 1.450562 3.151728
v -4.000000 1.450560 -2.872723
v -4.000000 1.522963 -2.872723
v -4.039317 1.450560 3.151723
v -4.039317 1.522963 3.151723
v -4.039317 1.450560 -2.872723
v -4.039317 1.522963 -2.872723
v -3.500000 1.450560 -2.872723
v -3.500000 1.522963 -2.872723
v -4.046394 1.450560 -2.954040
v -4.046394 1.522963 -2.954040
v -3.500000 1.450560 -2.954040
v -3.500000 1.522963 -2.954040
v -3.500000 1.450560 -11.156653
v -3.500000 1.522963 -11.156653
v -3.531655 1.450560 -2.954040
v -3.531655 1.522963 -2.954040
v -3.531655 1.450560 -11.156653
v -3.531655 1.522963 -11.156653
v -1.448660 1.450560 -11.156653
v -1.448660 1.522963 -11.156653
v -3.531650 1.450560 -11.187474
v -3.531650 1.522963 -11.187474
v -1.448660 1.450560 -11.187474
v -1.448660 1.522963 -11.187474
v -1.448660 1.450560 -11.735969
v -1.448660 1.522963 -11.735969
v -1.505141 1.450560 -11.735969
v -1.505141 1.522963 -11.735969
v 2.499999 1.450559 -11.156653
v 2.499999 1.522963 -11.156653
v -1.448660 1.450560 -11.195835
v -1.448660 1.522963 -11.195835
v 2.499999 1.450559 -11.195835
v 2.499999 1.522963 -11.195835
v 2.499999 1.450559 -2.872723
v 2.499999 1.522963 -2.872723
v 2.536339 1.450559 -11.215223
v 2.536339 1.522963 -11.215223
v 2.536339 1.450559 -2.872723
v 2.536339 1.522963 -2.872723
v 2.719309 1.450559 -2.872723
v 2.719309 1.522963 -2.872723
v 2.553201 1.450559 -2.903663
v 2.553201 1.522963 -2.903663
v 2.719309 1.450559 -2.903663
v 2.719309 1.522963 -2.903663
v 2.753885 1.450558 3.170527
v 2.753887 1.522968 3.170527
v 2.753887 1.450558 -2.903663
v 2.753887 1.522962 -2.903663
v -3.670447 0.000000 -11.364139
v -1.500000 0.000000 -11.364139
v 0.499999 -0.000000 -11.364139
v 2.390908 -0.000000 -11.364139
v -3.376969 0.000000 -11.364139
v 2.499999 -0.000001 -11.364139
v 2.719309 0.802260 -11.364139
v 2.719309 -0.000001 -11.364139
v -3.670447 0.818090 -11.364139
v -3.060809 0.000000 -11.364139
v -2.193489 0.000000 -11.156648
v -2.193489 0.000000 -11.364139
v -2.935408 0.000000 -11.156648
v -2.935408 0.000000 -11.364139
v 2.228452 1.483015 5.477177
v 2.228452 1.333196 5.446996
v 2.228452 1.390365 5.477177
v 2.228452 1.355566 5.459777
v 2.228452 1.308340 5.421295
v 2.228452 1.291787 5.390181
v 2.228452 1.303369 5.360353
v 2.228452 1.333196 5.325908
v 2.228452 1.360890 5.313128
v 2.228452 1.380599 5.320585
v 2.228452 1.400307 5.344065
v 2.228452 1.423788 5.345440
v 2.228452 1.440076 5.305671
v 2.228452 1.456453 5.241046
v 2.228452 1.450195 5.196306
v 2.228452 1.420191 5.144108
v 2.228452 1.395335 5.109310
v 2.228452 1.381532 5.069541
v 2.228452 1.390365 5.030882
v 2.228452 1.414110 5.014946
v 2.228452 1.432707 5.004915
v 2.228452 1.437591 4.985207
v 2.228452 1.410249 4.978949
v 2.228452 1.395335 4.957954
v 2.228452 1.390473 4.935319
v 2.228452 1.519614 4.935319
v 2.228452 1.519614 5.477177
v 2.228452 1.483015 4.389584
v 2.228452 1.333196 4.419764
v 2.228452 1.390365 4.389584
v 2.228452 1.355566 4.406983
v 2.228452 1.308340 4.445466
v 2.228452 1.291787 4.476580
v 2.228452 1.303369 4.506407
v 2.228452 1.333196 4.540852
v 2.228452 1.360890 4.553632
v 2.228452 1.380599 4.546176
v 2.228452 1.400307 4.522695
v 2.228452 1.423788 4.521320
v 2.228452 1.440076 4.561089
v 2.228452 1.456453 4.625715
v 2.228452 1.450195 4.670455
v 2.228452 1.420191 4.722652
v 2.228452 1.395335 4.757450
v 2.228452 1.381532 4.797220
v 2.228452 1.390365 4.835878
v 2.228452 1.414110 4.851814
v 2.228452 1.432707 4.861845
v 2.228452 1.437591 4.881553
v 2.228452 1.410249 4.887811
v 2.228452 1.395335 4.908806
v 2.228452 1.390473 4.931441
v 2.228452 1.519614 4.931441
v 2.228452 1.519615 4.389584
v 2.274967 1.483015 5.477177
v 2.274967 1.333196 5.446996
v 2.274967 1.390365 5.477177
v 2.274967 1.355566 5.459777
v 2.274967 1.308340 5.421295
v 2.274967 1.291787 5.390181
v 2.274967 1.303369 5.360353
v 2.274967 1.333196 5.325908
v 2.274967 1.360890 5.313128
v 2.274967 1.380599 5.320585
v 2.274967 1.400307 5.344065
v 2.274967 1.423788 5.345440
v 2.274967 1.440076 5.305671
v 2.274967 1.456453 5.241046
v 2.274967 1.450195 5.196306
v 2.274967 1.420191 5.144108
v 2.274967 1.395335 5.109310
v 2.274967 1.381532 5.069541
v 2.274967 1.390365 5.030882
v 2.274967 1.414110 5.014946
v 2.274967 1.432707 5.004915
v 2.274967 1.437591 4.985207
v 2.274967 1.410249 4.978949
v 2.274967 1.395335 4.957954
v 2.274967 1.390473 4.935319
v 2.274967 1.519614 4.935319
v 2.274967 1.519614 5.477177
v 2.274967 1.483015 4.389584
v 2.274967 1.333196 4.419764
v 2.274967 1.390365 4.389584
v 2.274967 1.355566 4.406983
v 2.274967 1.308340 4.445466
v 2.274967 1.291787 4.476580
v 2.274967 1.303369 4.506407
v 2.274967 1.333196 4.540852
v 2.274967 1.360890 4.553632
v 2.274967 1.380599 4.546176
v 2.274967 1.400307 4.522695
v 2.274967 1.423788 4.521320
v 2.274967 1.440076 4.561089
v 2.274967 1.456453 4.625715
v 2.274967 1.450195 4.670455
v 2.274967 1.420191 4.722652
v 2.274967 1.395335 4.757450
v 2.274967 1.381532 4.797220
v 2.274967 1.390365 4.835878
v 2.274967 1.414110 4.851814
v 2.274967 1.432707 4.861845
v 2.274967 1.437591 4.881553
v 2.274967 1.410249 4.887811
v 2.274967 1.395335 4.908806
v 2.274967 1.390473 4.931441
v 2.274967 1.519614 4.931441
v 2.274967 1.519615 4.389584
v 2.228452 1.568466 4.935319
v 2.228452 1.568466 5.525107
v 2.228452 1.568466 4.931441
v 2.228452 1.568466 4.341653
v 2.330422 1.568466 4.935319
v 2.330422 1.568466 5.525107
v 2.330422 1.568466 4.931441
v 2.330422 1.568466 4.341653
v 2.230102 3.236370 4.327509
v 2.230102 3.236371 5.521477
v 2.230102 3.526580 4.931307
v 2.230102 3.192874 4.386117
v 2.230102 3.192874 5.476499
v 2.230102 1.568388 4.386117
v 2.230102 1.568387 5.476499
v 2.230102 3.465470 4.931307
v 2.230102 1.568389 4.931307
v 2.230102 3.099465 4.467896
v 2.230102 3.099465 5.394720
v 2.230102 1.709229 4.467896
v 2.230102 1.704686 5.394720
v 2.230102 3.331171 4.931307
v 2.230102 2.397532 5.476499
v 2.230102 2.644198 5.394720
v 2.230102 2.397532 4.386117
v 2.230102 2.644198 4.467896
v 2.230102 2.558817 5.394720
v 2.230102 2.558817 4.467896
v 2.230102 2.558817 4.876789
v 2.230102 2.558817 4.985826
v 2.230102 1.704686 4.876788
v 2.230102 1.704686 4.985826
v 2.298250 3.465470 4.931307
v 2.298250 3.192874 5.476499
v 2.298250 3.192874 4.386117
v 2.297792 3.518707 4.931866
v 2.297792 3.228497 5.522036
v 2.297792 3.228497 4.328068
v 2.297792 3.457596 4.931866
v 2.297792 3.185001 5.477057
v 2.297793 2.389659 4.386676
v 2.297792 3.185001 4.386676
v 2.297793 1.568389 4.931168
v 2.297793 1.568388 4.386117
v 2.297792 2.389659 5.477057
v 2.297793 1.568389 5.476499
v 2.297793 1.701355 4.468454
v 2.365941 3.228497 5.522036
v 2.297792 3.323298 4.931866
v 2.297792 3.091592 5.395278
v 2.297793 2.636325 4.468454
v 2.297792 3.091592 4.468454
v 2.297793 1.696812 5.395278
v 2.297793 1.696812 4.986385
v 2.297793 1.696812 4.877347
v 2.297792 2.636325 5.395278
v 2.297793 2.550944 4.468454
v 2.297792 2.550944 5.395278
v 2.297793 2.550944 4.877347
v 2.297792 2.550944 4.986385
v 2.365941 3.518707 4.931866
v 2.365941 3.228497 4.328068
v 2.365941 3.457596 4.931866
v 2.365941 3.185001 5.477057
v 2.365941 3.185001 4.386676
v 2.230102 1.992425 4.467896
v 2.230102 2.304244 4.467896
v 2.230102 1.989396 4.876788
v 2.230102 2.302730 4.876788
v 2.230102 2.302730 4.985826
v 2.230102 1.989396 4.985826
v 2.230102 1.989396 5.394720
v 2.230102 2.302730 5.394720
v 2.230102 2.265626 4.467896
v 2.230102 2.264112 4.876788
v 2.230102 2.264869 4.985826
v 2.230102 2.264869 5.394720
v 2.230102 2.302730 4.985826
v 2.230102 2.302730 5.394720
v 2.230102 2.264869 4.985826
v 2.230102 2.264869 5.394720
v 2.297795 2.302730 4.985826
v 2.297795 2.302730 5.394720
v 2.297795 2.264869 4.985826
v 2.297795 2.264869 5.394720
v 2.297795 2.304244 4.467896
v 2.297795 2.302730 4.876788
v 2.297795 2.265626 4.467896
v 2.297795 2.264112 4.876788
v 2.227239 3.216565 4.295107
v 2.227239 3.173069 4.353714
v 2.294929 3.208692 4.295666
v 2.294929 3.165196 4.354274
v 2.363078 3.208692 4.295666
v 2.363078 3.165196 4.354274
v 2.227719 3.172204 5.514971
v 2.227719 3.215700 5.559949
v 2.295409 3.164331 5.515530
v 2.295409 3.207827 5.560507
v 2.363558 3.207827 5.560507
v 2.363558 3.164331 5.515530
v -2.430457 1.498674 9.045306
v -2.406662 1.380551 9.045306
v -2.430457 1.425625 9.045306
v -2.416739 1.398189 9.045306
v -2.386398 1.360954 9.045306
v -2.361866 1.347903 9.045306
v -2.338350 1.357035 9.045306
v -2.311192 1.380551 9.045306
v -2.301115 1.402387 9.045306
v -2.306994 1.417925 9.045306
v -2.325507 1.433464 9.045306
v -2.326591 1.451977 9.045306
v -2.295236 1.464819 9.045306
v -2.244283 1.477732 9.045306
v -2.209008 1.472797 9.045306
v -2.167854 1.449142 9.045306
v -2.140418 1.429544 9.045306
v -2.109062 1.418662 9.045306
v -2.078582 1.425625 9.045306
v -2.066018 1.444347 9.045306
v -2.058109 1.459010 9.045306
v -2.042571 1.462860 9.045306
v -2.037637 1.441303 9.045306
v -2.021083 1.429544 9.045306
v -2.003237 1.431504 9.045306
v -2.003237 1.527531 9.045306
v -2.430457 1.527531 9.045306
v -1.572960 1.498674 9.045306
v -1.596755 1.380551 9.045306
v -1.572960 1.425625 9.045306
v -1.586679 1.398189 9.045306
v -1.617019 1.360954 9.045306
v -1.641551 1.347903 9.045306
v -1.665067 1.357035 9.045306
v -1.692225 1.380551 9.045306
v -1.702302 1.402387 9.045306
v -1.696423 1.417925 9.045306
v -1.677910 1.433464 9.045306
v -1.676826 1.451977 9.045306
v -1.708181 1.464819 9.045306
v -1.759134 1.477732 9.045306
v -1.794409 1.472797 9.045306
v -1.835563 1.449142 9.045306
v -1.862999 1.429544 9.045306
v -1.894355 1.418662 9.045306
v -1.924835 1.425625 9.045306
v -1.937399 1.444347 9.045306
v -1.945308 1.459010 9.045306
v -1.960846 1.462860 9.045306
v -1.965780 1.441303 9.045306
v -1.982333 1.429544 9.045306
v -2.000180 1.431504 9.045306
v -2.000180 1.527531 9.045306
v -1.572960 1.527531 9.045306
v -2.430457 1.498674 9.081980
v -2.406662 1.380551 9.081980
v -2.430457 1.425625 9.081980
v -2.416739 1.398189 9.081980
v -2.386398 1.360954 9.081980
v -2.361866 1.347903 9.081980
v -2.338350 1.357035 9.081980
v -2.311192 1.380551 9.081980
v -2.301115 1.402387 9.081980
v -2.306994 1.417925 9.081980
v -2.325507 1.433464 9.081980
v -2.326591 1.451977 9.081980
v -2.295236 1.464819 9.081980
v -2.244283 1.477732 9.081980
v -2.209008 1.472797 9.081980
v -2.167854 1.449142 9.081980
v -2.140418 1.429544 9.081980
v -2.109062 1.418662 9.081980
v -2.078582 1.425625 9.081980
v -2.066018 1.444347 9.081980
v -2.058109 1.459010 9.081980
v -2.042571 1.462860 9.081980
v -2.037637 1.441303 9.081980
v -2.021083 1.429544 9.081980
v -2.003237 1.431504 9.081980
v -2.003237 1.527531 9.081980
v -2.430457 1.527531 9.081980
v -1.572960 1.498674 9.081980
v -1.596755 1.380551 9.081981
v -1.572960 1.425625 9.081980
v -1.586679 1.398189 9.081981
v -1.617019 1.360954 9.081981
v -1.641551 1.347903 9.081981
v -1.665067 1.357035 9.081981
v -1.692225 1.380551 9.081981
v -1.702302 1.402387 9.081980
v -1.696423 1.417925 9.081980
v -1.677910 1.433464 9.081980
v -1.676826 1.451977 9.081980
v -1.708181 1.464819 9.081980
v -1.759134 1.477732 9.081980
v -1.794409 1.472797 9.081980
v -1.835563 1.449142 9.081980
v -1.862999 1.429544 9.081980
v -1.894355 1.418662 9.081980
v -1.924835 1.425625 9.081980
v -1.937399 1.444347 9.081980
v -1.945308 1.459010 9.081980
v -1.960846 1.462860 9.081980
v -1.965780 1.441303 9.081980
v -1.982333 1.429544 9.081980
v -2.000180 1.431504 9.081980
v -2.000180 1.527531 9.081980
v -1.572960 1.527531 9.081980
v -2.003237 1.566046 9.045306
v -2.468247 1.566046 9.045306
v -2.000180 1.566046 9.045306
v -1.535169 1.566046 9.045306
v -2.003237 1.566046 9.125703
v -2.468247 1.566046 9.125703
v -2.000180 1.566046 9.125703
v -1.535169 1.566046 9.125703
v -1.518849 3.211942 9.044863
v -2.464373 3.211942 9.044863
v -1.997008 3.504130 9.044863
v -1.565262 3.168150 9.044863
v -2.428754 3.168150 9.044863
v -1.565263 1.532592 9.044863
v -2.428754 1.532590 9.044863
v -1.997008 3.442603 9.044863
v -1.997008 1.532593 9.044863
v -1.630024 3.074104 9.044863
v -2.363992 3.074104 9.044863
v -1.630024 1.674393 9.044863
v -2.363992 1.669819 9.044863
v -1.997008 3.307389 9.044863
v -2.428754 2.367387 9.044863
v -2.363992 2.615734 9.044863
v -1.565262 2.367387 9.044863
v -1.630024 2.615734 9.044863
v -2.363992 2.529771 9.044863
v -1.630024 2.529771 9.044863
v -1.953834 2.529771 9.044863
v -2.040183 2.529771 9.044863
v -1.953834 1.669819 9.044863
v -2.040183 1.669819 9.044863
v -1.997008 3.442603 9.113476
v -2.428754 3.168150 9.113476
v -1.565262 3.168150 9.113476
v -1.997451 3.496203 9.113015
v -2.464815 3.204015 9.113015
v -1.519292 3.204015 9.113015
v -1.997450 3.434676 9.113015
v -2.429197 3.160223 9.113015
v -1.565705 2.359460 9.113015
v -1.565705 3.160223 9.113015
v -1.996897 1.532593 9.113015
v -1.565263 1.532592 9.113015
v -2.429197 2.359460 9.113015
v -2.428754 1.532593 9.113015
v -1.630467 1.666467 9.113015
v -2.464815 3.204015 9.181627
v -1.997450 3.299462 9.113015
v -2.364434 3.066177 9.113015
v -1.630466 2.607807 9.113015
v -1.630466 3.066177 9.113015
v -2.364435 1.661892 9.113015
v -2.040625 1.661892 9.113015
v -1.954276 1.661892 9.113015
v -2.364434 2.607807 9.113015
v -1.630466 2.521844 9.113015
v -2.364435 2.521844 9.113015
v -1.954276 2.521844 9.113015
v -2.040625 2.521844 9.113015
v -1.997451 3.496203 9.181627
v -1.519292 3.204015 9.181627
v -1.997450 3.434676 9.181627
v -2.429197 3.160223 9.181627
v -1.565705 3.160223 9.181627
v -1.630024 1.959519 9.044863
v -1.630024 2.273463 9.044863
v -1.953834 1.956470 9.044863
v -1.953834 2.271938 9.044863
v -2.040183 2.271938 9.044863
v -2.040183 1.956470 9.044863
v -2.363992 1.956470 9.044863
v -2.363992 2.271938 9.044863
v -1.630024 2.234582 9.044863
v -1.953834 2.233058 9.044863
v -2.040183 2.233820 9.044863
v -2.363992 2.233820 9.044863
v -2.040183 2.271938 9.044863
v -2.363992 2.271938 9.044863
v -2.040183 2.233820 9.044863
v -2.363992 2.233820 9.044863
v -2.040183 2.271938 9.113017
v -2.363992 2.271938 9.113017
v -2.040183 2.233820 9.113017
v -2.363992 2.233820 9.113017
v -1.630024 2.273463 9.113017
v -1.953834 2.271938 9.113017
v -1.630024 2.234582 9.113017
v -1.953834 2.233058 9.113017
v -1.493190 3.192002 9.041980
v -1.539602 3.148210 9.041980
v -1.493632 3.184075 9.110132
v -1.540045 3.140284 9.110132
v -1.493632 3.184075 9.178744
v -1.540045 3.140284 9.178744
v -2.459221 3.147339 9.042463
v -2.494840 3.191131 9.042463
v -2.459663 3.139412 9.110615
v -2.495282 3.183204 9.110615
v -2.495282 3.183204 9.179228
v -2.459663 3.139412 9.179229
v 2.716185 4.617848 2.487754
v 2.716185 4.617848 1.435352
v 2.716184 6.009306 2.487754
v 2.716184 6.009306 1.435351
v 2.716184 6.009306 2.530077
v 2.716184 6.009306 1.394313
v 2.716184 6.110536 2.487754
v 2.716184 6.110536 1.435351
v 2.716184 6.110536 2.568738
v 2.716184 6.110536 1.354368
v 2.785837 6.009306 2.487754
v 2.785838 4.617848 2.487754
v 2.785838 4.617848 1.435352
v 2.785837 6.009306 1.435351
v 2.785837 6.009306 2.530077
v 2.785837 6.009306 1.394313
v 2.785837 6.110536 1.435351
v 2.785837 6.110536 2.487754
v 2.785837 6.110536 2.568738
v 2.785837 6.110536 1.354368
v 2.855046 6.009306 1.435351
v 2.855046 6.009306 2.487754
v 2.855046 6.009306 2.530077
v 2.855046 6.009306 1.386573
v 2.855046 6.110536 1.435351
v 2.855046 6.110536 2.487754
v 2.855046 6.110536 2.568738
v 2.855046 6.110536 1.354368
v 2.785837 5.869626 2.382109
v 2.785838 4.723698 2.382109
v 2.785838 4.723698 1.540997
v 2.785837 5.869626 1.540996
v 2.716184 5.517609 2.487754
v 2.716184 5.517609 1.435351
v 2.785837 5.517609 2.487754
v 2.785837 5.517609 1.435351
v 2.785837 5.556030 2.382109
v 2.785837 5.556030 1.540996
v 2.716185 5.452657 2.487754
v 2.785838 5.452657 2.487754
v 2.785837 5.508019 2.382109
v 2.716185 5.452657 1.435351
v 2.785838 5.452657 1.435351
v 2.785837 5.508019 1.540996
v 2.716185 5.223997 2.487754
v 2.785838 5.223997 2.487754
v 2.785838 5.324940 2.382109
v 2.716185 5.223997 1.435351
v 2.785838 5.223997 1.435351
v 2.785838 5.324940 1.540996
v 2.716185 5.166530 2.487754
v 2.785838 5.166530 2.487754
v 2.785838 5.277614 2.382109
v 2.716185 5.166530 1.435352
v 2.785838 5.166530 1.435352
v 2.785838 5.277614 1.540996
v 2.716185 4.617848 2.008520
v 2.716184 6.009306 2.008519
v 2.716184 6.110536 2.008519
v 2.785838 4.617848 2.008520
v 2.785837 6.009306 2.008519
v 2.785837 6.110536 2.008519
v 2.855046 6.009306 2.008519
v 2.855046 6.110536 2.008519
v 2.785838 4.723698 1.993590
v 2.785837 5.869626 1.993589
v 2.785837 5.556030 1.993589
v 2.716184 5.517609 2.008519
v 2.716185 5.452657 2.008519
v 2.785837 5.508019 1.993589
v 2.785838 5.324940 1.993589
v 2.716185 5.223997 2.008519
v 2.716185 5.166530 2.008520
v 2.785838 5.277614 1.993589
v 2.716185 4.617848 1.949658
v 2.785838 4.617848 1.949658
v 2.785838 4.723698 1.956566
v 2.716184 5.517609 1.949658
v 2.716185 5.452657 1.949658
v 2.716185 5.223997 1.949658
v 2.716185 5.166530 1.949658
v 2.716184 6.009306 1.949658
v 2.716184 6.110536 1.949658
v 2.785837 6.009306 1.949658
v 2.785837 6.110536 1.949658
v 2.855046 6.009306 1.949658
v 2.855046 6.110536 1.949658
v 2.785837 5.869626 1.956565
v 2.785837 5.556030 1.956565
v 2.785837 5.508019 1.956565
v 2.785838 5.324940 1.956565
v 2.785838 5.277614 1.951065
v 2.750010 5.277614 2.382109
v 2.750010 4.723698 2.382109
v 2.750010 4.723698 1.956566
v 2.750010 4.723698 1.540997
v 2.750010 5.556030 1.540996
v 2.750010 5.869626 1.540996
v 2.750010 5.869626 1.993589
v 2.750010 5.869626 2.382109
v 2.750010 5.556030 2.382109
v 2.750010 5.556030 1.993589
v 2.750010 5.324940 1.540996
v 2.750010 5.508019 1.540996
v 2.750010 5.508019 1.993589
v 2.750010 5.508019 2.382109
v 2.750010 5.324940 2.382109
v 2.750010 5.324940 1.993589
v 2.750010 5.277614 1.540996
v 2.750010 5.277614 1.993589
v 2.750010 4.723698 1.993590
v 2.750010 5.869626 1.956565
v 2.750010 5.556030 1.956565
v 2.750010 5.508019 1.956565
v 2.750010 5.324940 1.956565
v 2.750010 5.277614 1.951065
v 2.717006 4.536036 2.490647
v 2.717006 4.391228 2.461477
v 2.717006 4.446484 2.490647
v 2.717006 4.412849 2.473831
v 2.717006 4.367203 2.436635
v 2.717006 4.351203 2.406562
v 2.717006 4.362398 2.377732
v 2.717006 4.391228 2.344439
v 2.717006 4.417996 2.332086
v 2.717006 4.437045 2.339293
v 2.717006 4.456094 2.361988
v 2.717006 4.478789 2.363317
v 2.717006 4.494534 2.324878
v 2.717006 4.510363 2.262414
v 2.717006 4.504314 2.219171
v 2.717006 4.475314 2.168718
v 2.717006 4.451289 2.135084
v 2.717006 4.437948 2.096645
v 2.717006 4.446484 2.059279
v 2.717006 4.469436 2.043876
v 2.717006 4.487411 2.034182
v 2.717006 4.492131 2.015132
v 2.717006 4.465704 2.009084
v 2.717006 4.451289 1.988790
v 2.717006 4.453691 1.966913
v 2.717006 4.571412 1.966913
v 2.717006 4.571412 2.490647
v 2.717006 4.536036 1.439428
v 2.717006 4.391228 1.468599
v 2.717006 4.446485 1.439428
v 2.717006 4.412850 1.456245
v 2.717006 4.367203 1.493442
v 2.717006 4.351203 1.523514
v 2.717006 4.362398 1.552344
v 2.717006 4.391228 1.585638
v 2.717006 4.417996 1.597991
v 2.717006 4.437045 1.590783
v 2.717006 4.456094 1.568088
v 2.717006 4.478789 1.566759
v 2.717006 4.494534 1.605198
v 2.717006 4.510363 1.667662
v 2.717006 4.504314 1.710906
v 2.717006 4.475314 1.761358
v 2.717006 4.451289 1.794992
v 2.717006 4.437948 1.833431
v 2.717006 4.446484 1.870797
v 2.717006 4.469436 1.886200
v 2.717006 4.487411 1.895895
v 2.717006 4.492131 1.914945
v 2.717006 4.465704 1.920993
v 2.717006 4.451289 1.941286
v 2.717006 4.453691 1.963164
v 2.717006 4.571412 1.963164
v 2.717006 4.571412 1.439428
v 2.761966 4.536036 2.490647
v 2.761966 4.391228 2.461477
v 2.761966 4.446484 2.490647
v 2.761966 4.412849 2.473831
v 2.761966 4.367203 2.436635
v 2.761966 4.351203 2.406562
v 2.761966 4.362398 2.377732
v 2.761966 4.391228 2.344439
v 2.761966 4.417996 2.332086
v 2.761966 4.437045 2.339293
v 2.761966 4.456094 2.361988
v 2.761966 4.478789 2.363317
v 2.761966 4.494534 2.324878
v 2.761966 4.510363 2.262414
v 2.761966 4.504314 2.219171
v 2.761966 4.475314 2.168718
v 2.761966 4.451289 2.135084
v 2.761966 4.437948 2.096645
v 2.761966 4.446484 2.059279
v 2.761966 4.469436 2.043876
v 2.761966 4.487411 2.034182
v 2.761966 4.492131 2.015132
v 2.761966 4.465704 2.009084
v 2.761966 4.451289 1.988790
v 2.761966 4.453691 1.966913
v 2.761966 4.571412 1.966913
v 2.761966 4.571412 2.490647
v 2.761966 4.536036 1.439428
v 2.761966 4.391228 1.468599
v 2.761966 4.446485 1.439428
v 2.761966 4.412850 1.456245
v 2.761966 4.367203 1.493442
v 2.761966 4.351203 1.523514
v 2.761966 4.362398 1.552344
v 2.761966 4.391228 1.585638
v 2.761966 4.417996 1.597991
v 2.761966 4.437045 1.590783
v 2.761966 4.456094 1.568088
v 2.761966 4.478789 1.566759
v 2.761966 4.494534 1.605198
v 2.761966 4.510363 1.667662
v 2.761966 4.504314 1.710906
v 2.761966 4.475314 1.761358
v 2.761966 4.451289 1.794992
v 2.761966 4.437948 1.833431
v 2.761966 4.446484 1.870797
v 2.761966 4.469436 1.886200
v 2.761966 4.487411 1.895895
v 2.761966 4.492131 1.914945
v 2.761966 4.465704 1.920993
v 2.761966 4.451289 1.941286
v 2.761966 4.453691 1.963164
v 2.761966 4.571412 1.963164
v 2.761966 4.571412 1.439428
v 2.717006 4.618629 1.966913
v 2.717006 4.618629 2.536976
v 2.717006 4.618629 1.963164
v 2.717006 4.618629 1.393100
v 2.815566 4.618629 1.966913
v 2.815566 4.618629 2.536976
v 2.815566 4.618629 1.963164
v 2.815566 4.618629 1.393100
v -3.996668 7.673184 -0.137099
v -3.996668 7.673184 0.370475
v -3.996668 8.180758 -0.137099
v -3.996668 8.180758 0.370475
v -3.996668 7.673184 0.116645
v -3.996668 8.308798 0.116645
v -3.996668 7.713893 -0.099550
v -3.996668 7.713893 0.332921
v -3.996668 8.146364 -0.099550
v -3.996668 8.146364 0.332921
v -3.996668 7.713893 0.116649
v -3.996668 8.255459 0.116649
v -3.996668 7.731737 -0.083091
v -3.996668 7.731737 0.316461
v -3.996668 8.131289 -0.083091
v -3.996668 8.131289 0.316461
v -3.996668 7.731737 0.116651
v -3.996668 8.232079 0.116651
v -4.066942 7.673184 -0.137099
v -4.066942 7.673184 0.370475
v -4.066942 8.180758 -0.137099
v -4.066942 8.180758 0.370475
v -4.066942 7.673184 0.116645
v -4.066942 8.308798 0.116645
v -4.066942 7.713893 -0.099550
v -4.066942 7.713893 0.332921
v -4.066942 8.146364 -0.099550
v -4.066942 8.146364 0.332921
v -4.066942 7.713893 0.116649
v -4.066942 8.255459 0.116649
v -4.042054 8.232079 0.116651
v -4.042054 8.131289 0.316461
v -4.042054 7.731737 0.316461
v -4.042054 7.731737 0.116651
v -4.042054 7.731737 -0.083091
v -4.042054 8.131289 -0.083091
v -4.054407 8.146364 -0.099550
v -4.054407 7.713893 -0.099550
v -4.054407 7.713893 0.116649
v -4.054407 7.713893 0.332921
v -4.054407 8.146364 0.332921
v -4.054407 8.255459 0.116649
v -4.054407 8.131289 -0.083091
v -4.054407 7.731737 -0.083091
v -4.054407 7.731737 0.116651
v -4.054407 7.731737 0.316461
v -4.054407 8.131289 0.316461
v -4.054407 8.232079 0.116651
vt 0.000000 0.000000
vt 1.000000 0.000000
vt 1.000000 1.000000
vt 0.000000 1.000000
vt -3.362260 0.585637
vt 2.074772 0.585585
vt 2.074794 2.916864
vt -3.362238 2.908707
vt 1.688998 -1.338726
vt 2.873355 -1.338727
vt 2.873355 1.594962
vt 2.873355 1.680728
vt 2.861590 2.328957
vt 1.282449 2.328951
vt -0.296695 2.328951
vt -1.875838 2.328949
vt -1.864074 -1.338726
vt 0.504641 -1.338726
vt -3.362260 -2.248132
vt -0.269494 -2.248142
vt 4.362260 -2.248143
vt 4.362260 0.583937
vt -3.362249 0.583938
vn 1.000000 0.000000 0.000000
vn -0.115500 0.993300 -0.000000
vn 0.115500 0.993300 0.000000
vn 0.000000 0.993300 -0.115500
vn 0.000000 0.993300 0.115500
vn 1.000000 0.002300 0.000500
vn -1.000000 0.000000 0.000000
vn 0.000000 -0.803000 0.595900
vn 0.088100 -0.799900 0.593600
vn 0.000000 -0.718900 -0.695200
vn 0.089000 -0.716000 -0.692400
vn 0.000000 -0.803000 0.596000
vn 0.000000 -0.718800 -0.695200
vn 0.000000 -0.803000 -0.595900
vn -0.088100 -0.799900 -0.593600
vn 0.000000 -0.718800 0.695200
vn -0.089000 -0.716000 0.692400
vn 0.000000 -0.803000 -0.596000
vn 0.000000 -0.718900 0.695200
vn -0.088200 -0.799900 -0.593600
vn 0.000000 0.000000 -1.000000
vn -0.686300 -0.727300 0.000000
vn -0.684100 -0.725000 0.079900
vn 0.775800 -0.631000 0.000000
vn 0.773400 -0.629100 0.078200
vn 0.000000 0.000000 1.000000
vn 0.686300 -0.727300 0.000000
vn 0.684100 -0.725000 -0.079900
vn -0.775800 -0.631000 0.000000
vn -0.773400 -0.629100 -0.078200
vn 0.000000 1.000000 0.000000
vn 0.441400 0.792600 -0.420700
vn -0.450500 -0.892800 0.000000
vn 0.450400 -0.892800 0.000000
vn 0.000000 -1.000000 0.000000
vn -0.450400 0.892800 0.000000
vn 0.450500 0.892800 0.000000
vn -0.940700 -0.335200 0.052600
vn 0.934200 -0.356800 0.000000
vn -0.930200 -0.367100 0.000000
vn -1.000000 -0.009900 0.000000
vn -0.993300 0.115400 0.000000
vn 0.000100 0.000000 1.000000
vn 0.000100 0.000000 -1.000000
vn -0.000100 0.000000 -1.000000
vn 0.362000 -0.932200 0.000000
vn -0.654600 -0.756000 0.000000
vn 0.654600 -0.756000 0.000000
vn -0.908000 -0.419000 0.000000
vn 0.908000 -0.419000 0.000000
vn -0.935300 0.353800 0.000000
vn 0.935300 0.353900 0.000000
vn -0.642900 0.766000 0.000000
vn 0.642900 0.766000 0.000000
vn -0.998300 0.058500 0.000000
vn 0.998300 0.058500 0.000000
vn -0.379000 -0.925400 0.000000
vn 0.379000 -0.925400 0.000000
vn -0.245600 -0.969400 0.000000
vn 0.245600 -0.969400 0.000000
vn 0.138500 -0.990400 0.000000
vn -0.138500 -0.990400 0.000000
vn 0.498400 -0.867000 0.000000
vn -0.498400 -0.867000 0.000000
vn 0.581200 -0.813700 0.000000
vn -0.581200 -0.813700 0.000000
vn 0.327900 -0.944700 0.000000
vn -0.327900 -0.944700 0.000000
vn -0.222700 -0.974900 0.000000
vn 0.222700 -0.974900 0.000000
vn -0.830300 -0.557300 0.000000
vn 0.830300 -0.557300 0.000000
vn -0.880200 -0.474700 0.000000
vn 0.880200 -0.474700 0.000000
vn -0.240500 -0.970700 0.000000
vn 0.240500 -0.970700 0.000000
vn 0.974800 -0.223100 0.000000
vn -0.974800 -0.223100 0.000000
vn 0.579100 -0.815300 0.000000
vn -0.579100 -0.815300 0.000000
vn -0.109100 -0.994000 0.000000
vn 0.109100 -0.994000 0.000000
vn 0.695200 -0.718900 0.000000
vn 0.713800 -0.700400 0.000000
vn -0.695200 -0.718800 0.000000
vn 0.868300 -0.496100 0.000000
vn -0.868300 -0.496100 0.000000
vn 0.894400 -0.447200 0.000000
vn -0.894400 -0.447200 0.000000
vn 0.469700 -0.882800 0.000000
vn -0.469700 -0.882800 0.000000
vn -0.362000 -0.932200 0.000000
vn 0.000000 -0.750400 -0.661000
vn -0.713800 -0.700400 0.000000
vn 0.466300 -0.000000 0.884600
vn -0.466300 0.000000 -0.884600
vn -0.996700 0.078200 0.022500
vn -0.992500 0.000000 0.122500
vn 0.998500 -0.054400 0.008400
vn 0.999700 0.012800 -0.021700
vn -0.996700 -0.078200 0.022500
vn -0.991700 0.000000 0.128500
vn 0.992700 0.120200 0.000000
vn 0.989300 0.000000 0.146100
vn 0.000000 -0.675600 0.737200
vn 0.000000 0.737200 0.675600
vn 0.000000 -0.737200 -0.675600
vn 0.000000 0.675600 -0.737200
vn 0.000000 0.737300 0.675600
vn -0.999900 -0.007500 -0.006900
vn -0.935300 0.353900 0.000000
vn -0.998300 0.058400 0.000000
vn 0.498300 -0.867000 0.000000
vn -0.498300 -0.867000 0.000000
vn 0.581300 -0.813700 0.000000
vn -0.581300 -0.813700 0.000000
vn 0.240500 -0.970600 0.000000
vn -0.109200 -0.994000 0.000000
vn 0.109200 -0.994000 0.000000
vn 0.695200 -0.718800 0.000000
vn -0.361900 -0.932200 0.000000
vn -0.536500 0.843900 0.000000
vn 0.536500 0.843900 0.000000
vn -0.564000 -0.825700 0.000000
vn 0.530100 0.847900 0.000000
vn -0.521400 0.853300 0.000000
vn 0.613600 -0.789600 -0.000000
vn 0.536500 -0.843900 0.000000
vn -0.536500 -0.843900 0.000000
vn 1.000000 -0.000300 0.003300
vn 1.000000 -0.000000 0.006500
vn -1.000000 0.000000 -0.006500
vn 0.527700 0.844100 -0.094800
vn 0.533700 -0.839600 0.101100
vn -0.518700 0.848800 -0.102100
vn 0.014000 0.993200 -0.115400
vn 0.566600 0.818900 -0.091600
vn -1.000000 0.000300 -0.003300
vn 0.000000 -0.993300 0.115500
vn 0.617400 -0.780900 0.094800
vn -0.534100 -0.840200 0.094300
vn 0.004700 1.000000 0.000000
vn -0.004700 -1.000000 0.000000
vn 0.061400 0.065000 0.996000
vn -0.617400 0.780900 -0.094800
vn -0.613600 0.789600 0.000000
vn -0.061300 -0.065000 -0.996000
vn 0.050500 -0.041100 -0.997900
vn -0.050500 0.041100 0.997900
vn -0.566600 -0.818900 0.091600
vn 0.564000 0.825700 0.000000
vn -0.000100 0.000000 1.000000
vn -0.000300 0.000000 -1.000000
vn -0.830400 -0.557200 0.000000
vn 0.579100 -0.815200 0.000000
vn -0.579100 -0.815200 0.000000
vn -0.617500 0.780900 -0.094800
vn -0.061400 -0.065000 -0.996000
vn 0.052600 -0.335200 0.940700
vn 0.000000 -0.356800 -0.934200
vn 0.000000 -0.367100 0.930200
vn 0.000000 -0.009900 1.000000
vn 0.000000 -0.932200 -0.362000
vn 0.000000 -0.756000 0.654600
vn 0.000000 -0.756000 -0.654600
vn 0.000000 -0.419100 0.908000
vn 0.000000 -0.419000 -0.908000
vn 0.000000 0.353900 0.935300
vn 0.000000 0.353900 -0.935300
vn 0.000000 0.766000 0.642900
vn 0.000000 0.766000 -0.642900
vn 0.000000 0.058500 0.998300
vn 0.000000 0.058400 -0.998300
vn 0.000000 -0.925400 0.379000
vn 0.000000 -0.925400 -0.379000
vn 0.000000 -0.969400 0.245600
vn 0.000000 -0.969400 -0.245600
vn 0.000000 -0.990400 -0.138500
vn 0.000000 -0.990400 0.138500
vn 0.000000 -0.867000 -0.498300
vn 0.000000 -0.867000 0.498400
vn 0.000000 -0.813700 -0.581300
vn 0.000000 -0.813700 0.581200
vn 0.000000 -0.944700 -0.327900
vn 0.000000 -0.944700 0.327900
vn 0.000000 -0.974900 0.222700
vn 0.000000 -0.974900 -0.222700
vn 0.000000 -0.557300 0.830300
vn 0.000000 -0.557300 -0.830300
vn 0.000000 -0.474700 0.880200
vn 0.000000 -0.474700 -0.880200
vn 0.000000 -0.970600 0.240500
vn 0.000000 -0.970700 -0.240500
vn 0.000000 -0.223100 -0.974800
vn 0.000000 -0.223100 0.974800
vn 0.000000 -0.815300 -0.579100
vn 0.000000 -0.815200 0.579100
vn 0.000000 -0.994000 0.109100
vn 0.000000 -0.994000 -0.109100
vn 0.000000 -0.700400 -0.713800
vn 0.000000 -0.496100 -0.868300
vn 0.000000 -0.496100 0.868300
vn 0.000000 -0.447200 -0.894400
vn 0.000000 -0.447200 0.894400
vn 0.000000 -0.882800 -0.469700
vn 0.000000 -0.882800 0.469700
vn 0.000000 -0.932200 0.362000
vn -0.661000 -0.750400 0.000000
vn 0.000000 -0.700400 0.713800
vn -1.000000 -0.000100 0.000000
vn -1.000000 0.000100 0.000000
vn 0.000000 -0.419000 0.908000
vn 0.000000 0.058400 0.998300
vn 0.000000 0.058500 -0.998300
vn 0.000000 -0.867000 -0.498400
vn 0.000000 -0.813700 -0.581200
vn 0.000000 -0.474700 -0.880100
vn 0.000000 -0.970700 0.240500
vn 0.000000 -0.815300 0.579100
vn 0.000000 -0.994000 0.109200
vn 0.000000 -0.994000 -0.109200
vn 0.061300 -0.390900 0.918400
vn 0.000000 -0.415100 -0.909800
vn 0.000000 -0.426400 0.904600
vn 0.000000 -0.011900 0.999900
vn 0.000000 -0.951000 -0.309200
vn 0.000000 -0.809600 0.586900
vn 0.000000 -0.809600 -0.586900
vn 0.000000 -0.482800 0.875800
vn 0.000000 -0.482800 -0.875800
vn 0.000000 0.411900 0.911300
vn 0.000000 0.411900 -0.911300
vn 0.000000 0.818200 0.574900
vn 0.000000 0.818200 -0.575000
vn 0.000000 0.069700 0.997600
vn 0.000000 0.069800 -0.997600
vn 0.000000 -0.945900 0.324400
vn 0.000000 -0.945900 -0.324400
vn 0.000000 -0.978200 0.207500
vn 0.000000 -0.978200 -0.207500
vn 0.000000 -0.993200 -0.116300
vn 0.000000 -0.993200 0.116300
vn 0.000000 -0.901100 -0.433600
vn 0.000000 -0.901100 0.433600
vn 0.000000 -0.858300 -0.513200
vn 0.000000 -0.858200 0.513200
vn 0.000000 -0.960300 -0.279000
vn 0.000000 -0.960300 0.279000
vn 0.000000 -0.982200 0.187900
vn 0.000000 -0.982200 -0.187900
vn 0.000000 -0.625500 0.780200
vn 0.000000 -0.625500 -0.780300
vn 0.000000 -0.541500 0.840700
vn 0.000000 -0.541600 -0.840600
vn 0.000000 -0.979200 0.203100
vn 0.000000 -0.979200 -0.203100
vn 0.000000 -0.263700 -0.964600
vn 0.000000 -0.263700 0.964600
vn 0.000000 -0.859500 -0.511100
vn 0.000000 -0.859500 0.511100
vn 0.000000 -0.995800 0.091500
vn 0.000000 -0.995800 -0.091600
vn 0.000000 -0.777200 -0.629200
vn 0.000000 -0.760700 -0.649100
vn 0.000000 -0.777200 0.629200
vn 0.000000 -0.563700 -0.826000
vn 0.000000 -0.563700 0.826000
vn 0.000000 -0.512800 -0.858500
vn 0.000000 -0.512700 0.858500
vn 0.000000 -0.913500 -0.406900
vn 0.000000 -0.913500 0.406900
vn 0.000000 -0.951000 0.309200
vn 0.000000 -0.760700 0.649100
vn 1.000000 0.000100 0.000000
vn 0.000000 -0.867000 0.498300
vn 0.000000 -0.813700 0.581300
vn 0.000000 -0.557200 0.830300
vn 0.000000 -0.557200 -0.830400
vn 0.000000 -0.474600 0.880200
vn 0.000000 -0.815200 -0.579100
vn 0.000000 -0.700300 -0.713800
vn 0.000000 -0.700300 0.713800
vn 0.000000 0.353800 0.935300
vn 0.000000 -0.970600 -0.240500
vn 0.000000 -0.969400 0.245700
vn 0.000000 -0.969400 -0.245700
vn 0.000000 -0.977700 -0.210000
vn 0.000000 -0.977700 0.210000
vn 0.000000 -0.447300 -0.894400
vn 0.000000 0.894400 0.447200
vn 0.000000 0.894400 -0.447200
vn 0.000000 -0.880900 0.473300
vn 0.000000 0.897400 -0.441300
vn 0.000000 0.901300 0.433200
vn 0.000000 -0.853200 -0.521500
vn 0.000000 -0.894400 -0.447200
vn 0.000000 -0.894400 0.447200
vn 0.004100 -0.000300 -1.000000
vn 0.008300 0.000000 -1.000000
vn -0.008200 0.000000 1.000000
vn -0.008300 0.000000 1.000000
vn -0.100200 0.892900 -0.439100
vn 0.107100 -0.889300 -0.444600
vn 0.008200 0.000000 -1.000000
vn -0.107800 0.896000 0.430700
vn -0.115400 0.993300 -0.011000
vn -0.097700 0.874100 -0.475700
vn -0.004100 0.000300 1.000000
vn 0.115500 -0.993300 0.000000
vn 0.102600 -0.844700 -0.525400
vn 0.099800 -0.890000 0.445000
vn 0.000000 1.000000 -0.003700
vn 0.000000 -1.000000 0.003700
vn 0.996700 0.065100 -0.048300
vn -0.102600 0.844700 0.525400
vn 0.000000 0.853200 0.521500
vn -0.996700 -0.065100 0.048300
vn -0.998400 -0.041100 -0.039800
vn 0.998400 0.041100 0.039800
vn 0.097700 -0.874200 0.475700
vn 0.000000 0.880900 -0.473300
vn 1.000000 -0.000100 0.000000
vn 0.000000 0.765900 0.642900
vn 0.000000 -0.474700 0.880100
vn 0.000000 -0.496000 -0.868300
vn -0.097800 0.874100 -0.475700
vn 0.102600 -0.844700 -0.525300
vn -0.102600 0.844700 0.525300
vn 0.000000 0.765900 -0.642900
vn 0.000000 -0.977700 -0.210100
vn 0.000000 -0.977700 0.210100
vn 0.000000 0.853300 0.521500
vn 0.097800 -0.874100 0.475700
vn -0.097700 0.874200 -0.475700
vn 0.000000 -0.853300 -0.521500
vn -0.004200 0.000300 1.000000
vn -0.998400 -0.041100 -0.039700
vn 0.097800 -0.874200 0.475700
vn 0.000000 -0.557200 -0.830300
vn 0.097700 -0.874100 0.475700
vn 0.000000 0.353800 -0.935300
vn 0.000000 -0.557200 0.830400
vn 0.000000 -0.496000 0.868300
vn 0.000000 -0.930200 -0.367000
vn 0.000000 -0.944300 -0.329000
vn 0.000000 -0.996600 0.082800
vn 0.000000 -1.000000 0.009900
vn 0.000000 0.998400 -0.055700
vn 0.245700 -0.969400 0.000000
vn -0.245700 -0.969400 0.000000
vn 0.830400 -0.557200 0.000000
vn 0.880100 -0.474700 0.000000
vn 0.000000 -0.750400 0.661000
vn 0.564000 -0.825700 0.000000
vn -0.530100 0.847900 0.000000
vn 0.521400 0.853300 0.000000
vn -0.613600 -0.789600 0.000000
vn -1.000000 -0.000300 -0.003300
vn -0.527700 0.844100 0.094800
vn -0.533700 -0.839600 -0.101100
vn 0.518700 0.848800 0.102100
vn -0.014000 0.993200 0.115400
vn -0.566600 0.818900 0.091600
vn 1.000000 0.000300 0.003300
vn 0.000000 -0.993300 -0.115500
vn -0.617500 -0.780900 -0.094800
vn 0.534100 -0.840200 -0.094200
vn -0.004700 1.000000 0.000000
vn 0.004700 -1.000000 0.000000
vn -0.061400 0.065000 -0.996000
vn 0.617500 0.780900 0.094800
vn 0.613600 0.789600 0.000000
vn 0.061400 -0.065000 0.996000
vn -0.050500 -0.041100 0.997900
vn 0.050500 0.041100 -0.997900
vn 0.566600 -0.818900 -0.091600
vn -0.564000 0.825800 0.000000
vn -0.052600 -0.335200 -0.940700
vn 0.000000 -0.356800 0.934200
vn 0.000000 -0.367100 -0.930200
vn 0.000000 -0.009900 -1.000000
vn 0.661000 -0.750400 -0.000000
vn -0.061300 -0.390900 -0.918400
vn 0.000000 -0.415000 0.909800
vn 0.000000 -0.426400 -0.904600
vn 0.000000 -0.011900 -0.999900
vn 0.000000 -0.482800 -0.875700
vn 0.000000 -0.482700 0.875800
vn 0.000000 0.411800 -0.911300
vn 0.000000 0.411800 0.911300
vn 0.000000 0.818200 -0.574900
vn 0.000000 0.069700 -0.997600
vn 0.000000 0.069800 0.997600
vn 0.000000 -0.945900 -0.324300
vn 0.000000 -0.858300 0.513200
vn 0.000000 -0.982200 -0.187800
vn 0.000000 -0.982200 0.187800
vn 0.000000 -0.625500 -0.780200
vn 0.000000 -0.625500 0.780300
vn 0.000000 -0.541600 -0.840700
vn 0.000000 -0.541600 0.840600
vn 0.000000 -0.263800 -0.964600
vn 0.000000 -0.995800 0.091600
vn 0.000000 -0.777200 0.629300
vn 0.000000 -0.512800 0.858500
vn 0.000000 -0.512700 -0.858500
vn 0.000000 -0.815200 0.579200
vn 0.000000 -0.880900 -0.473300
vn 0.000000 0.897400 0.441300
vn 0.000000 0.901300 -0.433200
vn 0.000000 -0.853200 0.521500
vn -0.004100 -0.000300 1.000000
vn 0.100200 0.892900 0.439100
vn -0.107100 -0.889300 0.444600
vn 0.107800 0.896000 -0.430700
vn 0.115400 0.993300 0.011000
vn 0.097700 0.874100 0.475700
vn 0.004100 0.000300 -1.000000
vn -0.115500 -0.993300 0.000000
vn -0.102600 -0.844700 0.525400
vn -0.099800 -0.890000 -0.445000
vn 0.000000 1.000000 0.003700
vn 0.000000 -1.000000 -0.003700
vn -0.996700 0.065100 0.048300
vn 0.102600 0.844700 -0.525400
vn 0.000000 0.853200 -0.521500
vn 0.996700 -0.065100 -0.048300
vn 0.998400 -0.041100 0.039800
vn -0.998400 0.041100 -0.039800
vn -0.097800 -0.874100 -0.475700
vn 0.000000 0.880900 0.473300
vn 0.000000 -0.419100 -0.908000
vn -0.102600 -0.844700 0.525300
vn 0.998400 -0.041100 0.039700
vn -0.097700 -0.874200 -0.475700
vn 0.097700 0.874200 0.475700
vn -0.097800 -0.874200 -0.475700
vn 0.000000 -0.892800 -0.450500
vn 0.000000 -0.892800 0.450400
vn 0.000000 0.892800 -0.450400
vn 0.000000 0.892800 0.450500
vn 0.097800 0.874200 0.475700
vn -0.199600 -0.979900 0.000000
vn -0.002800 0.000000 -1.000000
vn 0.000000 -0.920100 0.391800
vn 0.000000 -0.920100 -0.391800
vn 0.000000 0.907500 0.420000
vn 0.000000 0.895700 -0.444600
vn 0.000000 -0.937800 0.347300
vn 0.000000 -0.937800 -0.347200
vn 0.000000 -0.619800 0.784800
vn 0.000000 -0.741600 -0.670800
vn 0.000000 -0.759500 0.650500
vn 0.549300 0.000000 -0.835700
vn 0.533200 0.000000 -0.846000
vn 0.000000 -0.722400 -0.691500
vn 1.000000 0.000500 -0.001900
vn 0.999600 -0.027500 -0.001600
vn -0.113600 -0.990900 -0.072500
vn -0.092100 0.909000 0.406500
vn -0.053000 -0.997500 0.047000
vn -0.091000 0.897900 -0.430700
vn -0.001500 -0.000600 -1.000000
vn 0.002800 -0.000000 1.000000
vn -0.880100 -0.474700 0.000000
vn 0.564100 -0.825700 0.000000
vn -0.527700 0.844100 0.094700
vn 0.534100 -0.840200 -0.094300
vn -0.061300 0.065000 -0.996000
vn -0.564000 0.825700 0.000000
vn 0.102600 0.844700 -0.525300
vn -0.097700 -0.874100 -0.475700
vn -0.685100 0.728400 0.000000
vn -0.000000 0.717900 0.696200
vn 0.400200 0.916400 0.003800
vn 0.468500 -0.883500 0.000000
vn 0.000000 0.964300 0.264900
vn 0.000000 -0.012600 -0.999900
vn 0.571700 0.820500 0.000000
vn -0.468500 -0.883500 0.000000
vn 0.000000 -0.910400 0.413800
vn -0.468500 0.883500 0.000000
vn 0.000000 0.910400 0.413800
vn 0.000000 -0.897100 -0.441800
vn 1.000000 -0.003400 0.000600
vn 0.000000 -0.897100 0.441800
vn 0.051700 -0.891500 -0.450000
vn 0.000000 0.897100 0.441800
vn 0.000000 0.897100 -0.441800
vn 0.206500 -0.978400 0.000000
vn 0.051700 -0.891500 0.450000
vn 0.000000 -0.441800 -0.897100
vn 0.000000 -0.007500 1.000000
vn -1.000000 -0.000000 -0.000100
vn -0.000000 0.803200 0.595700
vn 0.468500 0.883500 0.000000
vn 0.999800 0.000000 0.018900
vn 0.000000 0.064300 0.997900
vn 0.000000 -0.012200 0.999900
vn -0.004700 -0.003300 1.000000
vn 0.209600 0.977800 0.000700
vn 0.490400 0.871500 -0.001100
vn 0.477800 0.878500 -0.001200
vn -0.000000 1.000000 -0.002600
vn 0.032200 0.999500 0.000000
vn -0.104700 -0.994500 0.000000
vn 0.233400 -0.868100 -0.438200
vn 0.317000 -0.846700 -0.427400
vn 0.233600 -0.868000 0.438200
vn 0.144500 -0.883300 -0.445900
vn 0.317200 -0.846600 0.427400
vn 0.144500 -0.883400 0.445900
vn 0.590700 0.806900 -0.000000
vn 0.465200 0.885200 -0.001100
vn 0.155100 0.753900 -0.638400
vn -0.258900 0.857300 0.445100
vn -0.544900 0.838500 0.000000
vn -1.000000 0.001400 -0.000000
vn -0.647300 0.762300 0.000000
vn 0.000000 0.833100 -0.553100
vn -0.707100 0.000000 0.707100
vn 0.000000 -1.000000 0.000100
vn -0.697700 0.000000 0.716400
vn 0.428700 -0.903500 0.000000
vn 0.999900 -0.013900 0.000000
vn 0.214700 0.975200 0.053400
vn -0.214700 0.975200 0.053400
vn 0.410600 0.911800 -0.000000
vn -0.458700 0.888600 -0.000000
vn 0.458700 -0.888600 0.000000
vn 0.428700 0.903500 0.000000
vn -0.467200 0.884200 0.000000
vn 0.707100 -0.000000 0.707100
vn -0.410600 -0.911800 0.000000
vn -0.428700 -0.903500 0.000000
vn -0.428700 0.903500 0.000000
vn 0.000000 -0.441800 0.897100
vn 0.707100 -0.000000 -0.707100
vn 0.000100 -1.000000 0.000000
vn -1.000000 -0.000200 0.000000
vn -0.707100 -0.000100 0.707100
vn -0.397600 0.827000 0.397500
vn 0.000000 1.000000 -0.000100
vn -0.707100 0.000000 -0.707100
vn -1.000000 0.004200 0.000000
vn -0.914500 -0.404500 0.000000
vn 0.006800 0.008300 0.999900
vn 0.000000 0.004600 1.000000
vn 1.000000 -0.001400 0.003500
vn 0.000000 0.065700 0.997800
vn 0.879900 -0.006500 0.475100
vn -0.998200 0.004700 -0.059800
vn 0.819800 0.571300 0.037800
vn 0.000000 -0.065700 -0.997800
vn -0.998300 -0.002400 -0.058200
vn 0.000200 0.001100 1.000000
vn 1.000000 -0.001500 -0.000600
vn 0.993000 -0.117700 -0.013200
vn -1.000000 0.000000 0.002600
vn -0.337800 -0.008000 -0.941200
vn -0.007500 -0.071100 -0.997400
vn 0.036300 0.000000 -0.999300
vn -1.000000 0.002500 0.000200
vn 1.000000 -0.002500 -0.000200
vn -0.355800 -0.934600 -0.004100
vn -0.000100 1.000000 -0.000000
vn 0.999900 -0.011900 0.000000
vn -0.999900 0.013900 0.000000
vn 0.467200 -0.884200 0.000000
vn 0.000100 -0.000800 -1.000000
vn 0.000000 -0.045200 -0.999000
vn 0.000000 -0.999900 0.014400
vn 0.000000 0.969500 -0.245000
vn 0.204300 0.968300 -0.143600
vn 0.000000 0.970300 -0.241800
vn 0.439800 0.898100 0.001600
vn 0.036000 0.071000 0.996800
vn -0.389000 0.921200 0.001100
vn 0.999000 -0.004400 -0.045400
vn 0.471500 0.881800 0.001600
vn 0.000000 0.077600 0.997000
vn 1.000000 -0.000900 0.001300
vn 1.000000 -0.004500 0.003100
vn 0.000000 -0.077600 -0.997000
vn 1.000000 -0.003600 -0.000000
vn -0.018500 0.972500 -0.232200
vn -0.039800 -0.032800 -0.998700
vn -0.556500 0.830800 0.001400
vn -1.000000 -0.001800 -0.001100
vn 0.000000 0.847200 -0.531200
vn 0.090900 0.861900 -0.498800
vn -0.020600 0.855500 -0.517400
vn -0.499200 0.745300 -0.441900
vn -0.001000 1.000000 -0.008600
vn 0.772900 0.026900 0.633900
vn 0.043400 0.010400 -0.999000
vn 0.039200 -0.001100 -0.999200
vn 0.035900 -0.022700 -0.999100
vn -0.003900 -0.011300 -0.999900
vn 0.000600 0.999900 -0.016800
vn -0.998800 0.040400 -0.029100
vn 0.000100 -0.999900 0.017000
vn -0.001000 -0.999900 0.016600
vn 0.000000 -0.999900 0.017000
vn 0.000000 -0.999900 0.017100
vn 1.000000 -0.002200 0.001000
vn -0.000300 -0.023000 -0.999700
vn 0.998800 -0.040100 0.028700
vn 0.999700 -0.020700 -0.009700
vn -0.000200 -1.000000 0.000000
vn -0.510000 -0.860200 0.000000
vn -0.012300 -0.999900 -0.001600
vn 0.679900 0.000000 0.733300
vn -0.999900 0.000000 -0.016100
vn 0.384600 0.000000 -0.923100
vn 0.032100 0.000000 -0.999500
vn 0.990800 0.000000 -0.135000
vn -0.972600 0.000000 -0.232300
vn -0.707000 0.000000 -0.707200
vn 0.707100 0.000000 0.707200
vn 0.000000 -1.000000 -0.000100
vn -0.696300 0.000000 0.717800
vn 0.000200 -1.000000 0.000000
vn -0.489400 0.000000 0.872000
vn -1.000000 -0.004800 0.002700
vn -0.997400 -0.004800 -0.072400
vn -1.000000 0.000000 -0.001700
vn -0.000900 0.000000 1.000000
vn 0.000900 0.000000 -1.000000
vn -0.000200 0.000000 -1.000000
vn 0.837000 0.000000 0.547100
vn -1.000000 0.000000 0.000200
vn -0.728300 0.000000 0.685200
vn 0.000000 -1.000000 0.003800
vn 0.731500 0.000000 0.681800
vn -0.000000 1.000000 -0.004000
vn 0.001000 -1.000000 0.000000
vn -0.063600 0.000000 -0.998000
vn -0.045700 0.999000 0.000000
vn -0.011300 0.999900 0.000000
vn -0.609900 0.000000 -0.792500
vn -0.526500 0.850200 0.000000
vn 1.000000 -0.000800 0.000000
vn -1.000000 0.000800 0.000000
vn -0.137400 0.990500 0.000000
vn 0.139000 0.990300 -0.000000
vn -0.229500 0.973300 0.000000
vn 0.399300 0.916800 -0.000000
vn -0.139000 -0.990300 0.000000
vn 0.998000 0.062900 0.000000
vn -0.139300 0.990300 0.000000
vn 0.139300 -0.990300 0.000000
vn 0.816000 0.051400 -0.575700
vn -0.138600 0.985500 0.097800
vn 0.138600 -0.985500 -0.097800
vn 0.997900 0.062800 -0.013200
vn 0.706800 0.000000 0.707400
vn -0.649800 0.000000 0.760100
vn 0.644000 0.000000 -0.765000
vn 0.137400 -0.990500 0.000000
vn 0.528000 0.000000 0.849200
vn -0.868600 0.000000 0.495600
vn -0.996200 0.000000 0.086700
vn -1.000000 0.000000 -0.000200
vn -0.849700 0.000000 -0.527200
vn -0.470700 0.000000 -0.882300
vn 0.878100 0.000000 0.478600
vn -0.781100 0.000000 0.624500
vn -0.666800 0.000000 -0.745200
vn -0.002500 -1.000000 0.000000
vn 0.001000 0.805500 -0.592500
vn 0.097800 0.874100 0.475700
vn -0.830300 -0.557200 0.000000
vn -0.240500 -0.970600 0.000000
vn 0.000000 -0.892800 0.450500
vn 0.000000 -0.892800 -0.450400
vn 0.000000 0.892800 0.450400
vn -0.000000 0.892800 -0.450500
usemtl Материал
s off
f 6975/1/1 6976/1/1 6978/1/1 6977/1/1
usemtl Материал_73c413ba0f700e61f9d036b1808d04cb.jpg
f 2183/1/2 2181/2/2 2213/3/2 2208/4/2
f 2392/1/2 2390/2/2 2422/3/2 2417/4/2
f 2601/1/2 2599/2/2 2631/3/2 2626/4/2
f 2810/1/2 2808/2/2 2840/3/2 2835/4/2
f 3019/1/2 3017/2/2 3049/3/2 3044/4/2
f 3228/1/2 3226/2/2 3258/3/2 3253/4/2
f 3437/1/2 3435/2/2 3467/3/2 3462/4/2
f 3646/1/2 3644/2/2 3676/3/2 3671/4/2
f 5016/1/3 5014/2/3 5046/3/3 5041/4/3
f 5225/1/3 5223/2/3 5255/3/3 5250/4/3
f 5434/1/3 5432/2/3 5464/3/3 5459/4/3
f 5691/1/3 5689/2/3 5721/3/3 5716/4/3
f 6235/1/3 6233/2/3 6265/3/3 6260/4/3
f 6444/1/3 6442/2/3 6474/3/3 6469/4/3
f 7784/1/3 7782/2/3 7814/3/3 7809/4/3
usemtl Материал_73c413ba0f700e61f9d036b1808d04cb.jpg.001
f 605/1/4 603/2/4 635/3/4 630/4/4
f 814/1/4 812/2/4 844/3/4 839/4/4
f 3879/1/5 3877/2/5 3909/3/5 3904/4/5
f 6026/1/5 6024/2/5 6056/3/5 6051/4/5
f 7993/1/5 7991/2/5 8023/3/5 8018/4/5
usemtl Материал_depositphotos_50257539-old-blue-boards.jpg
f 6748/5/1 6788/6/1 6883/7/1 6871/8/1
f 6986/9/1 6822/10/1 6983/11/1 6827/12/1 6824/13/1 6973/14/1 6974/15/1 6825/16/1 6820/17/1 6821/18/1
f 6539/19/6 6533/20/6 6531/21/6 7123/22/6 7127/23/6
usemtl Материал_dfg5MUjtI9M.jpg.001
f 2217/1/7 2211/1/7 2212/1/7 2216/1/7
f 2250/1/8 2249/1/8 2251/1/8 2252/1/8
f 2248/1/9 2247/1/9 2249/1/9 2250/1/9
f 2256/1/10 2255/1/10 2258/1/10 2257/1/10
f 2254/1/11 2253/1/11 2255/1/11 2256/1/11
f 2426/1/7 2420/1/7 2421/1/7 2425/1/7
f 2459/1/12 2458/1/12 2460/1/12 2461/1/12
f 2457/1/9 2456/1/9 2458/1/9 2459/1/9
f 2465/1/10 2464/1/10 2467/1/10 2466/1/10
f 2463/1/11 2462/1/11 2464/1/11 2465/1/11
f 2635/1/7 2629/1/7 2630/1/7 2634/1/7
f 2668/1/8 2667/1/8 2669/1/8 2670/1/8
f 2666/1/9 2665/1/9 2667/1/9 2668/1/9
f 2674/1/10 2673/1/10 2676/1/10 2675/1/10
f 2672/1/11 2671/1/11 2673/1/11 2674/1/11
f 2844/1/7 2838/1/7 2839/1/7 2843/1/7
f 2877/1/12 2876/1/12 2878/1/12 2879/1/12
f 2875/1/9 2874/1/9 2876/1/9 2877/1/9
f 2883/1/10 2882/1/10 2885/1/10 2884/1/10
f 2881/1/11 2880/1/11 2882/1/11 2883/1/11
f 3053/1/7 3047/1/7 3048/1/7 3052/1/7
f 3086/1/12 3085/1/12 3087/1/12 3088/1/12
f 3084/1/9 3083/1/9 3085/1/9 3086/1/9
f 3092/1/10 3091/1/10 3094/1/10 3093/1/10
f 3090/1/11 3089/1/11 3091/1/11 3092/1/11
f 3262/1/7 3256/1/7 3257/1/7 3261/1/7
f 3295/1/12 3294/1/12 3296/1/12 3297/1/12
f 3293/1/9 3292/1/9 3294/1/9 3295/1/9
f 3301/1/10 3300/1/10 3303/1/10 3302/1/10
f 3299/1/11 3298/1/11 3300/1/11 3301/1/11
f 3471/1/7 3465/1/7 3466/1/7 3470/1/7
f 3504/1/12 3503/1/12 3505/1/12 3506/1/12
f 3502/1/9 3501/1/9 3503/1/9 3504/1/9
f 3510/1/13 3509/1/13 3512/1/13 3511/1/13
f 3508/1/11 3507/1/11 3509/1/11 3510/1/11
f 3680/1/7 3674/1/7 3675/1/7 3679/1/7
f 3713/1/8 3712/1/8 3714/1/8 3715/1/8
f 3711/1/9 3710/1/9 3712/1/9 3713/1/9
f 3719/1/13 3718/1/13 3721/1/13 3720/1/13
f 3717/1/11 3716/1/11 3718/1/11 3719/1/11
f 5050/1/1 5044/1/1 5045/1/1 5049/1/1
f 5083/1/14 5082/1/14 5084/1/14 5085/1/14
f 5081/1/15 5080/1/15 5082/1/15 5083/1/15
f 5089/1/16 5088/1/16 5091/1/16 5090/1/16
f 5087/1/17 5086/1/17 5088/1/17 5089/1/17
f 5259/1/1 5253/1/1 5254/1/1 5258/1/1
f 5292/1/18 5291/1/18 5293/1/18 5294/1/18
f 5290/1/15 5289/1/15 5291/1/15 5292/1/15
f 5298/1/19 5297/1/19 5300/1/19 5299/1/19
f 5296/1/17 5295/1/17 5297/1/17 5298/1/17
f 5468/1/1 5462/1/1 5463/1/1 5467/1/1
f 5501/1/14 5500/1/14 5502/1/14 5503/1/14
f 5499/1/15 5498/1/15 5500/1/15 5501/1/15
f 5507/1/19 5506/1/19 5509/1/19 5508/1/19
f 5505/1/17 5504/1/17 5506/1/17 5507/1/17
f 5725/1/1 5719/1/1 5720/1/1 5724/1/1
f 5758/1/18 5757/1/18 5759/1/18 5760/1/18
f 5756/1/15 5755/1/15 5757/1/15 5758/1/15
f 5764/1/19 5763/1/19 5766/1/19 5765/1/19
f 5762/1/17 5761/1/17 5763/1/17 5764/1/17
f 6269/1/1 6263/1/1 6264/1/1 6268/1/1
f 6302/1/18 6301/1/18 6303/1/18 6304/1/18
f 6300/1/20 6299/1/20 6301/1/20 6302/1/20
f 6308/1/19 6307/1/19 6310/1/19 6309/1/19
f 6306/1/17 6305/1/17 6307/1/17 6308/1/17
f 6478/1/1 6472/1/1 6473/1/1 6477/1/1
f 6511/1/18 6510/1/18 6512/1/18 6513/1/18
f 6509/1/15 6508/1/15 6510/1/15 6511/1/15
f 6517/1/19 6516/1/19 6519/1/19 6518/1/19
f 6515/1/17 6514/1/17 6516/1/17 6517/1/17
f 7818/1/1 7812/1/1 7813/1/1 7817/1/1
f 7851/1/18 7850/1/18 7852/1/18 7853/1/18
f 7849/1/15 7848/1/15 7850/1/15 7851/1/15
f 7857/1/19 7856/1/19 7859/1/19 7858/1/19
f 7855/1/17 7854/1/17 7856/1/17 7857/1/17
usemtl Материал_dfg5MUjtI9M.jpg.002
f 639/1/21 633/1/21 634/1/21 638/1/21
f 672/1/22 671/1/22 673/1/22 674/1/22
f 670/1/23 669/1/23 671/1/23 672/1/23
f 678/1/24 677/1/24 680/1/24 679/1/24
f 676/1/25 675/1/25 677/1/25 678/1/25
f 848/1/21 842/1/21 843/1/21 847/1/21
f 881/1/22 880/1/22 882/1/22 883/1/22
f 879/1/23 878/1/23 880/1/23 881/1/23
f 887/1/24 886/1/24 889/1/24 888/1/24
f 885/1/25 884/1/25 886/1/25 887/1/25
f 3913/1/26 3907/1/26 3908/1/26 3912/1/26
f 3946/1/27 3945/1/27 3947/1/27 3948/1/27
f 3944/1/28 3943/1/28 3945/1/28 3946/1/28
f 3952/1/29 3951/1/29 3954/1/29 3953/1/29
f 3950/1/30 3949/1/30 3951/1/30 3952/1/30
f 6060/1/26 6054/1/26 6055/1/26 6059/1/26
f 6093/1/27 6092/1/27 6094/1/27 6095/1/27
f 6091/1/28 6090/1/28 6092/1/28 6093/1/28
f 6099/1/29 6098/1/29 6101/1/29 6100/1/29
f 6097/1/30 6096/1/30 6098/1/30 6099/1/30
f 8027/1/26 8021/1/26 8022/1/26 8026/1/26
f 8060/1/27 8059/1/27 8061/1/27 8062/1/27
f 8058/1/28 8057/1/28 8059/1/28 8060/1/28
f 8066/1/29 8065/1/29 8068/1/29 8067/1/29
f 8064/1/30 8063/1/30 8065/1/30 8066/1/30
usemtl Материал_ec8AXMov4Fo.jpg
f 7366/1/31 7365/1/31 7368/1/31 7367/1/31
f 7635/1/1 7636/1/1 7634/1/1 7633/1/1
usemtl Материал_MpmrKjtc4hg.jpg
f 7373/1/31 7372/1/31 7371/1/31 7374/1/31
f 7387/1/32 7363/1/32 7376/1/32
usemtl Материал_NONE
f 1/1/26 7/1/26 11/1/26 5/1/26
f 2/1/26 8/1/26 10/1/26 4/1/26
f 3/1/26 9/1/26 7/1/26 1/1/26
f 4/1/26 10/1/26 12/1/26 6/1/26
f 6/1/26 12/1/26 9/1/26 3/1/26
f 5/1/26 11/1/26 8/1/26 2/1/26
f 8/1/26 14/1/26 16/1/26 10/1/26
f 9/1/26 15/1/26 13/1/26 7/1/26
f 10/1/26 16/1/26 18/1/26 12/1/26
f 12/1/26 18/1/26 15/1/26 9/1/26
f 11/1/26 17/1/26 14/1/26 8/1/26
f 7/1/26 13/1/26 17/1/26 11/1/26
f 15/1/26 18/1/26 16/1/26 14/1/26 17/1/26 13/1/26
f 19/1/21 23/1/21 29/1/21 25/1/21
f 20/1/21 22/1/21 28/1/21 26/1/21
f 21/1/21 19/1/21 25/1/21 27/1/21
f 22/1/21 24/1/21 30/1/21 28/1/21
f 24/1/21 21/1/21 27/1/21 30/1/21
f 23/1/21 20/1/21 26/1/21 29/1/21
f 36/1/21 35/1/21 34/1/21 33/1/21 32/1/21 31/1/21
f 30/1/33 27/1/33 37/1/33 42/1/33
f 28/1/34 30/1/34 42/1/34 41/1/34
f 27/1/7 25/1/7 38/1/7 37/1/7
f 26/1/1 28/1/1 41/1/1 40/1/1
f 25/1/31 29/1/31 39/1/31 38/1/31
f 29/1/31 26/1/31 40/1/31 39/1/31
f 1/1/35 5/1/35 23/1/35 19/1/35
f 2/1/7 4/1/7 22/1/7 20/1/7
f 3/1/1 1/1/1 19/1/1 21/1/1
f 4/1/36 6/1/36 24/1/36 22/1/36
f 6/1/37 3/1/37 21/1/37 24/1/37
f 5/1/35 2/1/35 20/1/35 23/1/35
f 40/1/21 41/1/21 47/1/21 46/1/21
f 37/1/21 38/1/21 44/1/21 43/1/21
f 41/1/21 42/1/21 48/1/21 47/1/21
f 42/1/21 37/1/21 43/1/21 48/1/21
f 39/1/21 40/1/21 46/1/21 45/1/21
f 38/1/21 39/1/21 45/1/21 44/1/21
f 47/1/34 48/1/34 31/1/34 32/1/34
f 48/1/33 43/1/33 36/1/33 31/1/33
f 45/1/31 46/1/31 33/1/31 34/1/31
f 44/1/31 45/1/31 34/1/31 35/1/31
f 46/1/1 47/1/1 32/1/1 33/1/1
f 43/1/7 44/1/7 35/1/7 36/1/7
f 126/1/26 130/1/26 52/1/26 82/1/26
f 52/1/26 56/1/26 58/1/26 54/1/26
f 51/1/26 53/1/26 57/1/26 55/1/26
f 130/1/26 131/1/26 56/1/26 52/1/26
f 84/1/21 62/1/21 80/1/21 86/1/21
f 66/1/31 67/1/31 75/1/31 74/1/31
f 64/1/38 68/1/38 76/1/38 72/1/38
f 67/1/39 63/1/39 71/1/39 75/1/39
f 52/1/35 54/1/35 64/1/35 62/1/35
f 82/1/7 52/1/7 62/1/7 84/1/7
f 54/1/40 58/1/40 68/1/40 64/1/40
f 107/1/31 55/1/31 66/1/31 110/1/31
f 99/1/1 49/1/1 60/1/1 100/1/1
f 55/1/31 57/1/31 67/1/31 66/1/31
f 53/1/35 51/1/35 59/1/35 63/1/35
f 57/1/39 53/1/39 63/1/39 67/1/39
f 123/1/35 50/1/35 61/1/35 124/1/35
f 58/1/31 56/1/31 65/1/31 68/1/31
f 69/1/21 72/1/21 76/1/21 73/1/21
f 70/1/21 74/1/21 75/1/21 71/1/21
f 134/1/21 69/1/21 73/1/21 135/1/21
f 62/1/35 64/1/35 72/1/35 69/1/35
f 132/1/35 62/1/35 69/1/35 134/1/35
f 68/1/31 65/1/31 73/1/31 76/1/31
f 110/1/31 66/1/31 74/1/31 112/1/31
f 63/1/35 59/1/35 70/1/35 71/1/35
f 100/1/21 60/1/21 78/1/21 101/1/21
f 109/1/21 59/1/21 77/1/21 114/1/21
f 124/1/21 61/1/21 79/1/21 125/1/21
f 59/1/21 83/1/21 85/1/21 77/1/21
f 138/1/21 92/1/21 86/1/21 137/1/21
f 51/1/1 81/1/1 83/1/1 59/1/1
f 90/1/7 82/1/7 84/1/7 91/1/7
f 91/1/21 84/1/21 86/1/21 92/1/21
f 127/1/26 126/1/26 82/1/26 90/1/26
f 128/1/26 127/1/26 90/1/26 96/1/26
f 97/1/21 91/1/21 92/1/21 98/1/21
f 96/1/7 90/1/7 91/1/7 97/1/7
f 136/1/35 114/1/35 147/1/35 160/1/35
f 83/1/21 88/1/21 89/1/21 85/1/21
f 81/1/1 87/1/1 88/1/1 83/1/1
f 101/1/7 141/1/7 155/1/7 95/1/7
f 102/1/7 96/1/7 97/1/7 103/1/7
f 103/1/21 97/1/21 98/1/21 104/1/21
f 129/1/26 128/1/26 96/1/26 102/1/26
f 88/1/21 94/1/21 95/1/21 89/1/21
f 87/1/1 93/1/1 94/1/1 88/1/1
f 123/1/26 129/1/26 102/1/26 50/1/26
f 61/1/21 103/1/21 104/1/21 79/1/21
f 50/1/7 102/1/7 103/1/7 61/1/7
f 138/1/7 139/1/7 163/1/7 162/1/7
f 94/1/21 100/1/21 101/1/21 95/1/21
f 93/1/1 99/1/1 100/1/1 94/1/1
f 78/1/31 113/1/31 159/1/31 142/1/31
f 49/1/26 99/1/26 121/1/26 105/1/26
f 99/1/26 93/1/26 120/1/26 121/1/26
f 155/1/21 141/1/21 158/1/21 156/1/21
f 79/1/1 104/1/1 157/1/1 144/1/1
f 93/1/26 87/1/26 117/1/26 120/1/26
f 87/1/26 81/1/26 116/1/26 117/1/26
f 89/1/21 118/1/21 115/1/21 85/1/21
f 60/1/21 108/1/21 113/1/21 78/1/21
f 132/1/21 109/1/21 114/1/21 136/1/21
f 133/1/31 110/1/31 112/1/31 135/1/31
f 59/1/35 109/1/35 111/1/35 70/1/35
f 70/1/21 111/1/21 112/1/21 74/1/21
f 49/1/35 105/1/35 108/1/35 60/1/35
f 131/1/31 107/1/31 110/1/31 133/1/31
f 51/1/26 55/1/26 107/1/26 106/1/26
f 81/1/26 51/1/26 106/1/26 116/1/26
f 56/1/31 131/1/31 133/1/31 65/1/31
f 65/1/31 133/1/31 135/1/31 73/1/31
f 62/1/21 132/1/21 136/1/21 80/1/21
f 113/1/21 125/1/21 140/1/21 122/1/21
f 105/1/26 121/1/26 129/1/26 123/1/26
f 121/1/26 120/1/26 128/1/26 129/1/26
f 104/1/1 98/1/1 151/1/1 157/1/1
f 119/1/21 139/1/21 138/1/21 118/1/21
f 120/1/26 117/1/26 127/1/26 128/1/26
f 117/1/26 116/1/26 126/1/26 127/1/26
f 118/1/21 138/1/21 137/1/21 115/1/21
f 108/1/21 124/1/21 125/1/21 113/1/21
f 109/1/35 132/1/35 134/1/35 111/1/35
f 111/1/21 134/1/21 135/1/21 112/1/21
f 105/1/35 123/1/35 124/1/35 108/1/35
f 106/1/26 107/1/26 131/1/26 130/1/26
f 116/1/26 106/1/26 130/1/26 126/1/26
f 77/1/7 85/1/7 149/1/7 148/1/7
f 163/1/21 151/1/21 152/1/21 162/1/21
f 143/1/21 144/1/21 157/1/21 164/1/21
f 142/1/21 159/1/21 158/1/21 141/1/21
f 155/1/21 156/1/21 153/1/21 154/1/21
f 161/1/21 145/1/21 146/1/21 160/1/21 147/1/21 148/1/21 149/1/21 150/1/21
f 115/1/31 137/1/31 161/1/31 150/1/31
f 118/1/35 89/1/35 154/1/35 153/1/35
f 113/1/1 122/1/1 158/1/1 159/1/1
f 101/1/7 78/1/7 142/1/7 141/1/7
f 85/1/31 115/1/31 150/1/31 149/1/31
f 80/1/35 136/1/35 160/1/35 146/1/35
f 140/1/41 125/1/41 143/1/41 164/1/41
f 164/1/21 157/1/21 151/1/21 163/1/21
f 125/1/31 79/1/31 144/1/31 143/1/31
f 164/1/42 163/1/42 139/1/42 140/1/42
f 137/1/31 86/1/31 145/1/31 161/1/31
f 86/1/1 80/1/1 146/1/1 145/1/1
f 92/1/35 138/1/35 162/1/35 152/1/35
f 98/1/1 92/1/1 152/1/1 151/1/1
f 114/1/35 77/1/35 148/1/35 147/1/35
f 119/1/1 156/1/1 158/1/1 122/1/1
f 119/1/1 118/1/1 153/1/1 156/1/1
f 139/1/21 119/1/21 122/1/21 140/1/21
f 89/1/7 95/1/7 155/1/7 154/1/7
f 189/1/26 190/1/26 217/1/26 216/1/26
f 170/1/26 169/1/26 171/1/26
f 169/1/26 166/1/26 172/1/26 171/1/26
f 166/1/26 168/1/26 173/1/26 172/1/26
f 168/1/26 167/1/26 174/1/26 173/1/26
f 174/1/26 167/1/26 175/1/26
f 167/1/26 165/1/26 176/1/26 175/1/26
f 177/1/26 176/1/26 165/1/26 191/1/26
f 177/1/26 191/1/26 178/1/26
f 179/1/26 178/1/26 191/1/26 190/1/26
f 179/1/26 190/1/26 180/1/26
f 180/1/26 190/1/26 181/1/26
f 182/1/26 181/1/26 183/1/26
f 183/1/26 181/1/26 184/1/26
f 184/1/26 181/1/26 185/1/26
f 181/1/26 190/1/26 185/1/26
f 185/1/26 190/1/26 186/1/26
f 186/1/26 190/1/26 187/1/26
f 188/1/26 187/1/26 190/1/26 189/1/26
f 216/1/43 217/1/43 215/1/43
f 214/1/26 215/1/26 217/1/26
f 213/1/26 214/1/26 217/1/26
f 212/1/26 213/1/26 217/1/26
f 209/1/26 210/1/26 208/1/26
f 210/1/26 211/1/26 208/1/26
f 211/1/26 212/1/26 208/1/26
f 217/1/26 208/1/26 212/1/26
f 208/1/26 217/1/26 207/1/26
f 206/1/26 207/1/26 217/1/26
f 206/1/26 217/1/26 218/1/26 205/1/26
f 204/1/26 205/1/26 218/1/26
f 204/1/26 218/1/26 192/1/26 203/1/26
f 194/1/26 202/1/26 203/1/26 192/1/26
f 202/1/26 194/1/26 201/1/26
f 195/1/26 200/1/26 201/1/26 194/1/26
f 193/1/26 199/1/26 200/1/26 195/1/26
f 196/1/26 198/1/26 199/1/26 193/1/26
f 197/1/26 198/1/26 196/1/26
f 243/1/21 270/1/21 271/1/21 244/1/21
f 224/1/21 225/1/21 223/1/21
f 223/1/21 225/1/21 226/1/21 220/1/21
f 220/1/21 226/1/21 227/1/21 222/1/21
f 222/1/21 227/1/21 228/1/21 221/1/21
f 228/1/21 229/1/21 221/1/21
f 221/1/21 229/1/21 230/1/21 219/1/21
f 231/1/21 245/1/21 219/1/21 230/1/21
f 231/1/21 232/1/21 245/1/21
f 233/1/21 244/1/21 245/1/21 232/1/21
f 233/1/21 234/1/21 244/1/21
f 234/1/21 235/1/21 244/1/21
f 236/1/21 237/1/21 235/1/21
f 237/1/21 238/1/21 235/1/21
f 238/1/44 239/1/44 235/1/44
f 235/1/21 239/1/21 244/1/21
f 239/1/21 240/1/21 244/1/21
f 240/1/21 241/1/21 244/1/21
f 242/1/21 243/1/21 244/1/21 241/1/21
f 270/1/44 269/1/44 271/1/44
f 268/1/21 271/1/21 269/1/21
f 267/1/21 271/1/21 268/1/21
f 266/1/21 271/1/21 267/1/21
f 263/1/21 262/1/21 264/1/21
f 264/1/21 262/1/21 265/1/21
f 265/1/45 262/1/45 266/1/45
f 271/1/21 266/1/21 262/1/21
f 262/1/21 261/1/21 271/1/21
f 260/1/21 271/1/21 261/1/21
f 260/1/21 259/1/21 272/1/21 271/1/21
f 258/1/21 272/1/21 259/1/21
f 258/1/21 257/1/21 246/1/21 272/1/21
f 248/1/21 246/1/21 257/1/21 256/1/21
f 256/1/21 255/1/21 248/1/21
f 249/1/21 248/1/21 255/1/21 254/1/21
f 247/1/21 249/1/21 254/1/21 253/1/21
f 250/1/21 247/1/21 253/1/21 252/1/21
f 251/1/21 250/1/21 252/1/21
f 198/1/46 197/1/46 251/1/46 252/1/46
f 171/1/47 172/1/47 226/1/47 225/1/47
f 199/1/48 198/1/48 252/1/48 253/1/48
f 172/1/49 173/1/49 227/1/49 226/1/49
f 200/1/50 199/1/50 253/1/50 254/1/50
f 173/1/51 174/1/51 228/1/51 227/1/51
f 201/1/52 200/1/52 254/1/52 255/1/52
f 174/1/53 175/1/53 229/1/53 228/1/53
f 202/1/54 201/1/54 255/1/54 256/1/54
f 175/1/55 176/1/55 230/1/55 229/1/55
f 203/1/56 202/1/56 256/1/56 257/1/56
f 176/1/57 177/1/57 231/1/57 230/1/57
f 204/1/58 203/1/58 257/1/58 258/1/58
f 177/1/59 178/1/59 232/1/59 231/1/59
f 205/1/60 204/1/60 258/1/60 259/1/60
f 178/1/61 179/1/61 233/1/61 232/1/61
f 206/1/62 205/1/62 259/1/62 260/1/62
f 179/1/63 180/1/63 234/1/63 233/1/63
f 207/1/64 206/1/64 260/1/64 261/1/64
f 180/1/65 181/1/65 235/1/65 234/1/65
f 208/1/66 207/1/66 261/1/66 262/1/66
f 181/1/67 182/1/67 236/1/67 235/1/67
f 209/1/68 208/1/68 262/1/68 263/1/68
f 182/1/69 183/1/69 237/1/69 236/1/69
f 210/1/70 209/1/70 263/1/70 264/1/70
f 183/1/71 184/1/71 238/1/71 237/1/71
f 211/1/72 210/1/72 264/1/72 265/1/72
f 184/1/73 185/1/73 239/1/73 238/1/73
f 212/1/74 211/1/74 265/1/74 266/1/74
f 185/1/75 186/1/75 240/1/75 239/1/75
f 213/1/76 212/1/76 266/1/76 267/1/76
f 186/1/77 187/1/77 241/1/77 240/1/77
f 214/1/78 213/1/78 267/1/78 268/1/78
f 187/1/79 188/1/79 242/1/79 241/1/79
f 215/1/80 214/1/80 268/1/80 269/1/80
f 188/1/81 189/1/81 243/1/81 242/1/81
f 216/1/82 215/1/82 269/1/82 270/1/82
f 218/1/26 217/1/26 275/1/26 276/1/26
f 217/1/26 190/1/26 273/1/26 275/1/26
f 191/1/1 165/1/1 219/1/1 245/1/1
f 165/1/1 167/1/1 221/1/1 219/1/1
f 192/1/7 218/1/7 272/1/7 246/1/7
f 194/1/7 192/1/7 246/1/7 248/1/7
f 166/1/83 169/1/83 223/1/83 220/1/83
f 191/1/84 245/1/84 278/1/84 274/1/84
f 196/1/85 193/1/85 247/1/85 250/1/85
f 168/1/86 166/1/86 220/1/86 222/1/86
f 189/1/35 216/1/35 270/1/35 243/1/35
f 193/1/87 195/1/87 249/1/87 247/1/87
f 167/1/88 168/1/88 222/1/88 221/1/88
f 195/1/89 194/1/89 248/1/89 249/1/89
f 169/1/90 170/1/90 224/1/90 223/1/90
f 197/1/91 196/1/91 250/1/91 251/1/91
f 170/1/92 171/1/92 225/1/92 224/1/92
f 273/1/31 274/1/31 278/1/31 277/1/31
f 276/1/31 275/1/31 279/1/31 280/1/31
f 275/1/31 273/1/31 277/1/31 279/1/31
f 245/1/93 244/1/93 277/1/93 278/1/93
f 272/1/94 218/1/94 276/1/94 280/1/94
f 244/1/93 271/1/93 279/1/93 277/1/93
f 271/1/93 272/1/93 280/1/93 279/1/93
f 190/1/26 191/1/26 274/1/26 273/1/26
f 351/1/26 352/1/26 284/1/26 312/1/26
f 286/1/26 281/1/26 319/1/26 346/1/26 282/1/26 285/1/26 287/1/26 288/1/26
f 322/1/21 291/1/21 303/1/21 325/1/21
f 294/1/7 296/1/7 302/1/7 300/1/7
f 286/1/7 288/1/7 296/1/7 294/1/7
f 281/1/35 286/1/35 294/1/35 289/1/35
f 320/1/35 283/1/35 291/1/35 322/1/35
f 288/1/31 287/1/31 295/1/31 296/1/31
f 287/1/1 285/1/1 293/1/1 295/1/1
f 285/1/35 282/1/35 290/1/35 293/1/35
f 312/1/1 284/1/1 292/1/1 314/1/1
f 330/1/7 281/1/7 289/1/7 331/1/7
f 300/1/21 302/1/21 301/1/21 299/1/21 298/1/21 348/1/21 323/1/21 297/1/21
f 289/1/35 294/1/35 300/1/35 297/1/35
f 321/1/35 289/1/35 297/1/35 323/1/35
f 296/1/31 295/1/31 301/1/31 302/1/31
f 295/1/1 293/1/1 299/1/1 301/1/1
f 293/1/35 290/1/35 298/1/35 299/1/35
f 316/1/7 306/1/7 310/1/7 318/1/7
f 347/1/21 290/1/21 305/1/21 349/1/21
f 314/1/21 292/1/21 306/1/21 316/1/21
f 331/1/21 289/1/21 304/1/21 332/1/21
f 356/1/21 318/1/21 310/1/21 355/1/21
f 332/1/1 304/1/1 308/1/1 333/1/1
f 325/1/31 303/1/31 307/1/31 327/1/31
f 349/1/35 305/1/35 309/1/35 350/1/35
f 307/1/35 303/1/35 365/1/35 366/1/35
f 328/1/35 317/1/35 343/1/35 342/1/35
f 291/1/21 313/1/21 315/1/21 303/1/21
f 335/1/21 314/1/21 316/1/21 336/1/21
f 336/1/7 316/1/7 318/1/7 337/1/7
f 283/1/7 311/1/7 313/1/7 291/1/7
f 334/1/1 312/1/1 314/1/1 335/1/1
f 357/1/26 351/1/26 312/1/26 334/1/26
f 330/1/26 311/1/26 329/1/26 338/1/26
f 358/1/31 337/1/31 340/1/31 360/1/31
f 304/1/35 324/1/35 326/1/35 308/1/35
f 354/1/31 325/1/31 327/1/31 355/1/31
f 317/1/21 328/1/21 327/1/21 307/1/21
f 289/1/21 321/1/21 324/1/21 304/1/21
f 347/1/35 321/1/35 323/1/35 348/1/35
f 352/1/35 320/1/35 322/1/35 353/1/35
f 353/1/21 322/1/21 325/1/21 354/1/21
f 311/1/26 283/1/26 320/1/26 329/1/26
f 308/1/21 326/1/21 339/1/21 333/1/21
f 281/1/26 330/1/26 338/1/26 319/1/26
f 346/1/26 357/1/26 334/1/26 282/1/26
f 282/1/1 334/1/1 335/1/1 290/1/1
f 305/1/7 336/1/7 337/1/7 309/1/7
f 290/1/21 335/1/21 336/1/21 305/1/21
f 350/1/21 309/1/21 337/1/21 358/1/21
f 315/1/1 332/1/1 333/1/1 317/1/1
f 313/1/21 331/1/21 332/1/21 315/1/21
f 311/1/7 330/1/7 331/1/7 313/1/7
f 360/1/21 340/1/21 341/1/21 359/1/21
f 345/1/21 344/1/21 342/1/21 343/1/21
f 337/1/1 318/1/1 341/1/1 340/1/1
f 317/1/7 333/1/7 345/1/7 343/1/7
f 333/1/31 339/1/31 344/1/31 345/1/31
f 356/1/35 328/1/35 342/1/35 359/1/35
f 318/1/35 356/1/35 359/1/35 341/1/35
f 344/1/21 360/1/21 359/1/21 342/1/21
f 326/1/21 350/1/21 358/1/21 339/1/21
f 319/1/26 338/1/26 357/1/26 346/1/26
f 292/1/21 353/1/21 354/1/21 306/1/21
f 284/1/35 352/1/35 353/1/35 292/1/35
f 290/1/35 347/1/35 348/1/35 298/1/35
f 306/1/31 354/1/31 355/1/31 310/1/31
f 339/1/31 358/1/31 360/1/31 344/1/31
f 338/1/26 329/1/26 351/1/26 357/1/26
f 324/1/35 349/1/35 350/1/35 326/1/35
f 355/1/31 327/1/31 362/1/31 361/1/31
f 321/1/21 347/1/21 349/1/21 324/1/21
f 329/1/26 320/1/26 352/1/26 351/1/26
f 364/1/21 363/1/21 361/1/21 362/1/21
f 327/1/1 328/1/1 364/1/1 362/1/1
f 356/1/7 355/1/7 361/1/7 363/1/7
f 328/1/35 356/1/35 363/1/35 364/1/35
f 365/1/1 367/1/1 368/1/1 366/1/1
f 315/1/31 317/1/31 368/1/31 367/1/31
f 317/1/95 307/1/95 366/1/95 368/1/95
f 303/1/96 315/1/96 367/1/96 365/1/96
f 409/1/1 410/1/1 375/1/1 371/1/1
f 379/1/31 380/1/31 376/1/31 374/1/31
f 370/1/21 374/1/21 376/1/21 372/1/21
f 377/1/7 379/1/7 374/1/7 370/1/7
f 371/1/26 375/1/26 373/1/26 369/1/26
f 385/1/7 386/1/7 379/1/7 377/1/7
f 379/1/21 381/1/21 384/1/21 380/1/21
f 372/1/1 376/1/1 380/1/1 378/1/1
f 389/1/31 390/1/31 384/1/31 381/1/31
f 386/1/7 389/1/7 381/1/7 379/1/7
f 410/1/1 411/1/1 383/1/1 375/1/1
f 375/1/26 383/1/26 382/1/26 373/1/26
f 396/1/7 397/1/7 389/1/7 386/1/7
f 395/1/7 396/1/7 386/1/7 385/1/7
f 378/1/1 380/1/1 388/1/1 387/1/1
f 400/1/31 401/1/31 394/1/31 391/1/31
f 397/1/7 400/1/7 391/1/7 389/1/7
f 389/1/21 391/1/21 394/1/21 390/1/21
f 383/1/26 393/1/26 392/1/26 382/1/26
f 408/1/7 382/1/7 392/1/7 400/1/7 397/1/7
f 393/1/26 404/1/26 403/1/26 392/1/26
f 406/1/7 407/1/7 396/1/7 395/1/7
f 407/1/7 408/1/7 397/1/7 396/1/7
f 387/1/1 388/1/1 399/1/1 398/1/1
f 412/1/31 413/1/31 405/1/31 402/1/31
f 400/1/21 402/1/21 405/1/21 401/1/21
f 413/1/1 417/1/1 416/1/1 404/1/1
f 373/1/7 382/1/7 408/1/7 407/1/7
f 369/1/7 373/1/7 407/1/7 406/1/7
f 412/1/7 402/1/7 400/1/7 392/1/7 403/1/7
f 398/1/1 399/1/1 410/1/1 409/1/1
f 415/1/31 416/1/31 417/1/31 414/1/31
f 403/1/7 415/1/7 414/1/7 412/1/7
f 412/1/21 414/1/21 417/1/21 413/1/21
f 404/1/26 416/1/26 415/1/26 403/1/26
f 406/1/35 370/1/35 372/1/35 409/1/35 371/1/35 369/1/35
f 394/1/1 401/1/1 393/1/1 383/1/1 411/1/1 390/1/1
f 413/1/1 404/1/1 393/1/1 401/1/1 405/1/1
f 410/1/1 399/1/1 390/1/1 411/1/1
f 380/1/1 384/1/1 390/1/1 399/1/1 388/1/1
f 420/1/1 416/1/1 429/1/1 431/1/1
f 415/1/7 419/1/7 436/1/7 434/1/7
f 424/1/97 440/1/97 439/1/97 420/1/97
f 426/1/26 428/1/26 444/1/26 442/1/26
f 421/1/31 424/1/31 423/1/31 420/1/31
f 417/1/21 422/1/21 424/1/21 421/1/21
f 419/1/31 428/1/31 427/1/31 418/1/31
f 414/1/21 418/1/21 427/1/21 425/1/21
f 430/1/26 432/1/26 440/1/26 438/1/26
f 421/1/1 420/1/1 431/1/1 432/1/1
f 417/1/1 421/1/1 432/1/1 430/1/1
f 416/1/1 417/1/1 430/1/1 429/1/1
f 418/1/7 414/1/7 433/1/7 435/1/7
f 419/1/7 418/1/7 435/1/7 436/1/7
f 414/1/7 415/1/7 434/1/7 433/1/7
f 422/1/98 438/1/98 440/1/98 424/1/98
f 429/1/31 430/1/31 438/1/31 437/1/31
f 431/1/21 429/1/21 437/1/21 439/1/21
f 432/1/35 431/1/35 439/1/35 440/1/35
f 447/1/99 427/1/99 444/1/99 448/1/99
f 428/1/31 427/1/31 443/1/31 444/1/31
f 427/1/21 425/1/21 441/1/21 443/1/21
f 425/1/35 426/1/35 442/1/35 441/1/35
f 435/1/26 433/1/26 445/1/26 447/1/26
f 448/1/100 444/1/100 426/1/100 446/1/100
f 433/1/31 434/1/31 446/1/31 445/1/31
f 434/1/21 436/1/21 448/1/21 446/1/21
f 436/1/35 435/1/35 447/1/35 448/1/35
f 438/1/101 422/1/101 416/1/101 437/1/101
f 420/1/102 439/1/102 437/1/102 416/1/102
f 426/1/103 425/1/103 445/1/103 446/1/103
f 427/1/104 447/1/104 445/1/104 425/1/104
f 424/1/7 451/1/7 460/1/7 458/1/7
f 452/1/7 456/1/7 455/1/7 451/1/7
f 456/1/21 455/1/21 454/1/21 453/1/21
f 449/1/1 454/1/1 453/1/1 376/1/1
f 376/1/31 452/1/31 456/1/31 453/1/31
f 451/1/35 449/1/35 454/1/35 455/1/35
f 459/1/105 457/1/105 458/1/105 460/1/105
f 449/1/1 421/1/1 457/1/1 459/1/1
f 421/1/106 424/1/106 458/1/106 457/1/106
f 451/1/107 449/1/107 459/1/107 460/1/107
f 421/1/108 449/1/108 451/1/108 424/1/108
f 461/1/7 462/1/7 471/1/7 470/1/7
f 461/1/109 450/1/109 466/1/109 467/1/109
f 466/1/108 463/1/108 464/1/108 465/1/108 467/1/108
f 450/1/7 466/1/7 463/1/7 418/1/7
f 418/1/107 427/1/107 464/1/107 463/1/107
f 427/1/106 443/1/106 465/1/106 464/1/106
f 443/1/110 461/1/110 467/1/110 465/1/110
f 469/1/21 470/1/21 471/1/21 468/1/21
f 374/1/7 468/1/7 469/1/7 450/1/7
f 450/1/35 461/1/35 470/1/35 469/1/35
f 462/1/31 374/1/31 468/1/31 471/1/31
f 376/1/21 452/1/21 451/1/21 449/1/21
f 374/1/21 450/1/21 461/1/21 462/1/21
f 418/1/108 427/1/108 443/1/108 461/1/108 450/1/108
f 443/1/108 427/1/108 461/1/108
f 464/1/1 467/1/1 461/1/1 427/1/1
f 496/1/26 497/1/26 524/1/26 523/1/26
f 477/1/26 476/1/26 478/1/26
f 476/1/26 473/1/26 479/1/26 478/1/26
f 473/1/26 475/1/26 480/1/26 479/1/26
f 475/1/26 474/1/26 481/1/26 480/1/26
f 481/1/26 474/1/26 482/1/26
f 474/1/26 472/1/26 483/1/26 482/1/26
f 484/1/26 483/1/26 472/1/26 498/1/26
f 484/1/26 498/1/26 485/1/26
f 486/1/26 485/1/26 498/1/26 497/1/26
f 486/1/26 497/1/26 487/1/26
f 487/1/26 497/1/26 488/1/26
f 489/1/26 488/1/26 490/1/26
f 490/1/26 488/1/26 491/1/26
f 491/1/26 488/1/26 492/1/26
f 488/1/26 497/1/26 492/1/26
f 492/1/26 497/1/26 493/1/26
f 493/1/26 497/1/26 494/1/26
f 495/1/26 494/1/26 497/1/26 496/1/26
f 523/1/26 524/1/26 522/1/26
f 521/1/26 522/1/26 524/1/26
f 520/1/26 521/1/26 524/1/26
f 519/1/26 520/1/26 524/1/26
f 516/1/26 517/1/26 515/1/26
f 517/1/26 518/1/26 515/1/26
f 518/1/26 519/1/26 515/1/26
f 524/1/26 515/1/26 519/1/26
f 515/1/26 524/1/26 514/1/26
f 513/1/26 514/1/26 524/1/26
f 513/1/26 524/1/26 525/1/26 512/1/26
f 511/1/26 512/1/26 525/1/26
f 511/1/26 525/1/26 499/1/26 510/1/26
f 501/1/26 509/1/26 510/1/26 499/1/26
f 509/1/26 501/1/26 508/1/26
f 502/1/26 507/1/26 508/1/26 501/1/26
f 500/1/26 506/1/26 507/1/26 502/1/26
f 503/1/26 505/1/26 506/1/26 500/1/26
f 504/1/26 505/1/26 503/1/26
f 550/1/21 577/1/21 578/1/21 551/1/21
f 531/1/21 532/1/21 530/1/21
f 530/1/21 532/1/21 533/1/21 527/1/21
f 527/1/21 533/1/21 534/1/21 529/1/21
f 529/1/21 534/1/21 535/1/21 528/1/21
f 535/1/21 536/1/21 528/1/21
f 528/1/21 536/1/21 537/1/21 526/1/21
f 538/1/21 552/1/21 526/1/21 537/1/21
f 538/1/21 539/1/21 552/1/21
f 540/1/21 551/1/21 552/1/21 539/1/21
f 540/1/21 541/1/21 551/1/21
f 541/1/21 542/1/21 551/1/21
f 543/1/21 544/1/21 542/1/21
f 544/1/21 545/1/21 542/1/21
f 545/1/44 546/1/44 542/1/44
f 542/1/21 546/1/21 551/1/21
f 546/1/21 547/1/21 551/1/21
f 547/1/45 548/1/45 551/1/45
f 549/1/21 550/1/21 551/1/21 548/1/21
f 577/1/45 576/1/45 578/1/45
f 575/1/21 578/1/21 576/1/21
f 574/1/44 578/1/44 575/1/44
f 573/1/45 578/1/45 574/1/45
f 570/1/21 569/1/21 571/1/21
f 571/1/21 569/1/21 572/1/21
f 572/1/21 569/1/21 573/1/21
f 578/1/21 573/1/21 569/1/21
f 569/1/21 568/1/21 578/1/21
f 567/1/21 578/1/21 568/1/21
f 567/1/21 566/1/21 579/1/21 578/1/21
f 565/1/21 579/1/21 566/1/21
f 565/1/21 564/1/21 553/1/21 579/1/21
f 555/1/21 553/1/21 564/1/21 563/1/21
f 563/1/21 562/1/21 555/1/21
f 556/1/21 555/1/21 562/1/21 561/1/21
f 554/1/21 556/1/21 561/1/21 560/1/21
f 557/1/21 554/1/21 560/1/21 559/1/21
f 558/1/21 557/1/21 559/1/21
f 505/1/46 504/1/46 558/1/46 559/1/46
f 478/1/47 479/1/47 533/1/47 532/1/47
f 506/1/48 505/1/48 559/1/48 560/1/48
f 479/1/49 480/1/49 534/1/49 533/1/49
f 507/1/50 506/1/50 560/1/50 561/1/50
f 480/1/111 481/1/111 535/1/111 534/1/111
f 508/1/52 507/1/52 561/1/52 562/1/52
f 481/1/53 482/1/53 536/1/53 535/1/53
f 509/1/54 508/1/54 562/1/54 563/1/54
f 482/1/112 483/1/112 537/1/112 536/1/112
f 510/1/56 509/1/56 563/1/56 564/1/56
f 483/1/57 484/1/57 538/1/57 537/1/57
f 511/1/58 510/1/58 564/1/58 565/1/58
f 484/1/59 485/1/59 539/1/59 538/1/59
f 512/1/60 511/1/60 565/1/60 566/1/60
f 485/1/61 486/1/61 540/1/61 539/1/61
f 513/1/62 512/1/62 566/1/62 567/1/62
f 486/1/113 487/1/113 541/1/113 540/1/113
f 514/1/114 513/1/114 567/1/114 568/1/114
f 487/1/115 488/1/115 542/1/115 541/1/115
f 515/1/116 514/1/116 568/1/116 569/1/116
f 488/1/67 489/1/67 543/1/67 542/1/67
f 516/1/68 515/1/68 569/1/68 570/1/68
f 489/1/69 490/1/69 544/1/69 543/1/69
f 517/1/70 516/1/70 570/1/70 571/1/70
f 490/1/71 491/1/71 545/1/71 544/1/71
f 518/1/72 517/1/72 571/1/72 572/1/72
f 491/1/73 492/1/73 546/1/73 545/1/73
f 519/1/74 518/1/74 572/1/74 573/1/74
f 492/1/75 493/1/75 547/1/75 546/1/75
f 520/1/117 519/1/117 573/1/117 574/1/117
f 493/1/77 494/1/77 548/1/77 547/1/77
f 521/1/78 520/1/78 574/1/78 575/1/78
f 494/1/79 495/1/79 549/1/79 548/1/79
f 522/1/80 521/1/80 575/1/80 576/1/80
f 495/1/118 496/1/118 550/1/118 549/1/118
f 523/1/119 522/1/119 576/1/119 577/1/119
f 525/1/26 524/1/26 582/1/26 583/1/26
f 524/1/26 497/1/26 580/1/26 582/1/26
f 498/1/1 472/1/1 526/1/1 552/1/1
f 472/1/1 474/1/1 528/1/1 526/1/1
f 499/1/7 525/1/7 579/1/7 553/1/7
f 501/1/7 499/1/7 553/1/7 555/1/7
f 473/1/120 476/1/120 530/1/120 527/1/120
f 498/1/84 552/1/84 585/1/84 581/1/84
f 503/1/85 500/1/85 554/1/85 557/1/85
f 475/1/86 473/1/86 527/1/86 529/1/86
f 496/1/35 523/1/35 577/1/35 550/1/35
f 500/1/87 502/1/87 556/1/87 554/1/87
f 474/1/88 475/1/88 529/1/88 528/1/88
f 502/1/89 501/1/89 555/1/89 556/1/89
f 476/1/90 477/1/90 531/1/90 530/1/90
f 504/1/91 503/1/91 557/1/91 558/1/91
f 477/1/121 478/1/121 532/1/121 531/1/121
f 580/1/31 581/1/31 585/1/31 584/1/31
f 583/1/31 582/1/31 586/1/31 587/1/31
f 582/1/31 580/1/31 584/1/31 586/1/31
f 552/1/93 551/1/93 584/1/93 585/1/93
f 579/1/94 525/1/94 583/1/94 587/1/94
f 551/1/93 578/1/93 586/1/93 584/1/93
f 578/1/93 579/1/93 587/1/93 586/1/93
f 497/1/26 498/1/26 581/1/26 580/1/26
f 595/1/26 601/1/26 598/1/26 592/1/26
f 593/1/26 596/1/26 594/1/26 600/1/26 611/1/26 610/1/26 599/1/26
f 604/1/26 605/1/26 597/1/26 591/1/26
f 591/1/26 597/1/26 601/1/26 595/1/26
f 592/1/26 598/1/26 603/1/26 602/1/26
f 609/1/26 608/1/26 648/1/26 647/1/26 610/1/26 611/1/26 650/1/26 649/1/26
f 606/1/26 603/1/26 609/1/26
f 605/1/26 607/1/26 608/1/26
f 608/1/26 609/1/26 603/1/26 605/1/26
f 602/1/26 603/1/26 606/1/26 652/1/26 651/1/26 600/1/26 594/1/26
f 593/1/26 599/1/26 645/1/26 646/1/26 607/1/26 605/1/26 604/1/26
f 595/1/122 612/1/122 614/1/122 591/1/122
f 592/1/123 613/1/123 612/1/123 595/1/123
f 618/1/21 619/1/21 629/1/21 628/1/21
f 623/1/21 626/1/21 634/1/21 633/1/21 632/1/21 625/1/21 622/1/21
f 619/1/124 643/1/124 680/1/124 677/1/124
f 615/1/125 616/1/125 627/1/125 640/1/125
f 620/1/21 621/1/21 631/1/21 630/1/21
f 621/1/21 618/1/21 628/1/21 631/1/21
f 619/1/21 624/1/21 635/1/21 629/1/21
f 637/1/21 639/1/21 635/1/21
f 630/1/21 638/1/21 636/1/21
f 638/1/21 630/1/21 635/1/21 639/1/21
f 624/1/21 625/1/21 632/1/21 637/1/21 635/1/21
f 623/1/21 620/1/21 630/1/21 636/1/21 626/1/21
f 641/1/21 640/1/21 642/1/21 644/1/21
f 640/1/21 627/1/21 643/1/21 642/1/21
f 617/1/126 615/1/126 640/1/126 641/1/126
f 644/1/127 621/1/127 672/1/127 674/1/127
f 618/1/128 621/1/128 644/1/128 642/1/128
f 619/1/129 618/1/129 642/1/129 643/1/129
f 602/1/130 594/1/130 625/1/130 624/1/130
f 597/1/131 605/1/131 630/1/131 631/1/131
f 592/1/131 602/1/131 624/1/131 619/1/131
f 611/1/4 600/1/4 632/1/4 633/1/4
f 610/1/132 647/1/132 648/1/132 608/1/132 638/1/132 634/1/132
f 603/1/132 598/1/132 629/1/132 635/1/132
f 600/1/132 651/1/132 652/1/132 606/1/132 637/1/132 632/1/132
f 590/1/133 589/1/133 616/1/133 615/1/133
f 601/1/134 597/1/134 631/1/134 628/1/134
f 609/1/131 649/1/131 650/1/131 611/1/131 633/1/131 639/1/131
f 607/1/131 646/1/131 645/1/131 599/1/131 626/1/131 636/1/131
f 588/1/135 590/1/135 615/1/135 617/1/135
f 599/1/136 610/1/136 634/1/136 626/1/136
f 616/1/137 589/1/137 676/1/137 678/1/137
f 593/1/138 604/1/138 620/1/138 623/1/138
f 606/1/139 609/1/139 639/1/139 637/1/139
f 621/1/140 591/1/140 670/1/140 672/1/140
f 604/1/132 591/1/132 621/1/132 620/1/132
f 608/1/139 607/1/139 636/1/139 638/1/139
f 598/1/141 601/1/141 628/1/141 629/1/141
f 601/1/21 598/1/21 603/1/21 605/1/21 597/1/21
f 646/1/26 653/1/26 654/1/26 648/1/26
f 652/1/26 649/1/26 655/1/26 656/1/26
f 658/1/1 660/1/1 664/1/1 662/1/1
f 652/1/26 656/1/26 660/1/26 658/1/26
f 649/1/26 652/1/26 658/1/26 657/1/26
f 655/1/26 649/1/26 657/1/26 659/1/26
f 656/1/26 655/1/26 659/1/26 660/1/26
f 662/1/21 664/1/21 663/1/21 661/1/21
f 657/1/31 658/1/31 662/1/31 661/1/31
f 659/1/7 657/1/7 661/1/7 663/1/7
f 660/1/35 659/1/35 663/1/35 664/1/35
f 665/1/21 666/1/21 668/1/21 667/1/21
f 646/1/142 648/1/142 666/1/142 665/1/142
f 653/1/7 646/1/7 665/1/7 667/1/7
f 654/1/143 653/1/143 667/1/143 668/1/143
f 648/1/1 654/1/1 668/1/1 666/1/1
f 651/1/21 600/1/21 611/1/21 659/1/21 660/1/21
f 609/1/21 606/1/21 658/1/21 657/1/21
f 648/1/21 646/1/21 607/1/21 608/1/21
f 599/1/21 645/1/21 653/1/21 654/1/21 647/1/21 610/1/21
f 591/1/144 588/1/144 669/1/144 670/1/144
f 588/1/145 617/1/145 671/1/145 669/1/145
f 617/1/146 641/1/146 673/1/146 671/1/146
f 641/1/147 644/1/147 674/1/147 673/1/147
f 643/1/148 627/1/148 679/1/148 680/1/148
f 589/1/149 592/1/149 675/1/149 676/1/149
f 592/1/150 619/1/150 677/1/150 675/1/150
f 627/1/151 616/1/151 678/1/151 679/1/151
f 590/1/26 595/1/26 592/1/26 589/1/26
f 588/1/26 591/1/26 595/1/26 590/1/26
f 593/1/35 623/1/35 622/1/35 625/1/35 594/1/35 596/1/35
f 705/1/26 706/1/26 733/1/26 732/1/26
f 686/1/26 685/1/26 687/1/26
f 685/1/26 682/1/26 688/1/26 687/1/26
f 682/1/26 684/1/26 689/1/26 688/1/26
f 684/1/26 683/1/26 690/1/26 689/1/26
f 690/1/26 683/1/26 691/1/26
f 683/1/26 681/1/26 692/1/26 691/1/26
f 693/1/26 692/1/26 681/1/26 707/1/26
f 693/1/26 707/1/26 694/1/26
f 695/1/26 694/1/26 707/1/26 706/1/26
f 695/1/26 706/1/26 696/1/26
f 696/1/26 706/1/26 697/1/26
f 698/1/26 697/1/26 699/1/26
f 699/1/26 697/1/26 700/1/26
f 700/1/26 697/1/26 701/1/26
f 697/1/26 706/1/26 701/1/26
f 701/1/26 706/1/26 702/1/26
f 702/1/43 706/1/43 703/1/43
f 704/1/26 703/1/26 706/1/26 705/1/26
f 732/1/26 733/1/26 731/1/26
f 730/1/26 731/1/26 733/1/26
f 729/1/152 730/1/152 733/1/152
f 728/1/26 729/1/26 733/1/26
f 725/1/26 726/1/26 724/1/26
f 726/1/26 727/1/26 724/1/26
f 727/1/26 728/1/26 724/1/26
f 733/1/26 724/1/26 728/1/26
f 724/1/26 733/1/26 723/1/26
f 722/1/26 723/1/26 733/1/26
f 722/1/26 733/1/26 734/1/26 721/1/26
f 720/1/26 721/1/26 734/1/26
f 720/1/26 734/1/26 708/1/26 719/1/26
f 710/1/26 718/1/26 719/1/26 708/1/26
f 718/1/26 710/1/26 717/1/26
f 711/1/26 716/1/26 717/1/26 710/1/26
f 709/1/26 715/1/26 716/1/26 711/1/26
f 712/1/26 714/1/26 715/1/26 709/1/26
f 713/1/26 714/1/26 712/1/26
f 759/1/21 786/1/21 787/1/21 760/1/21
f 740/1/21 741/1/21 739/1/21
f 739/1/21 741/1/21 742/1/21 736/1/21
f 736/1/21 742/1/21 743/1/21 738/1/21
f 738/1/21 743/1/21 744/1/21 737/1/21
f 744/1/21 745/1/21 737/1/21
f 737/1/21 745/1/21 746/1/21 735/1/21
f 747/1/21 761/1/21 735/1/21 746/1/21
f 747/1/21 748/1/21 761/1/21
f 749/1/21 760/1/21 761/1/21 748/1/21
f 749/1/21 750/1/21 760/1/21
f 750/1/21 751/1/21 760/1/21
f 752/1/21 753/1/21 751/1/21
f 753/1/21 754/1/21 751/1/21
f 754/1/44 755/1/44 751/1/44
f 751/1/21 755/1/21 760/1/21
f 755/1/44 756/1/44 760/1/44
f 756/1/21 757/1/21 760/1/21
f 758/1/21 759/1/21 760/1/21 757/1/21
f 786/1/45 785/1/45 787/1/45
f 784/1/44 787/1/44 785/1/44
f 783/1/21 787/1/21 784/1/21
f 782/1/153 787/1/153 783/1/153
f 779/1/21 778/1/21 780/1/21
f 780/1/21 778/1/21 781/1/21
f 781/1/21 778/1/21 782/1/21
f 787/1/21 782/1/21 778/1/21
f 778/1/21 777/1/21 787/1/21
f 776/1/21 787/1/21 777/1/21
f 776/1/21 775/1/21 788/1/21 787/1/21
f 774/1/21 788/1/21 775/1/21
f 774/1/21 773/1/21 762/1/21 788/1/21
f 764/1/21 762/1/21 773/1/21 772/1/21
f 772/1/21 771/1/21 764/1/21
f 765/1/21 764/1/21 771/1/21 770/1/21
f 763/1/21 765/1/21 770/1/21 769/1/21
f 766/1/21 763/1/21 769/1/21 768/1/21
f 767/1/21 766/1/21 768/1/21
f 714/1/46 713/1/46 767/1/46 768/1/46
f 687/1/47 688/1/47 742/1/47 741/1/47
f 715/1/48 714/1/48 768/1/48 769/1/48
f 688/1/49 689/1/49 743/1/49 742/1/49
f 716/1/50 715/1/50 769/1/50 770/1/50
f 689/1/111 690/1/111 744/1/111 743/1/111
f 717/1/52 716/1/52 770/1/52 771/1/52
f 690/1/53 691/1/53 745/1/53 744/1/53
f 718/1/54 717/1/54 771/1/54 772/1/54
f 691/1/55 692/1/55 746/1/55 745/1/55
f 719/1/56 718/1/56 772/1/56 773/1/56
f 692/1/57 693/1/57 747/1/57 746/1/57
f 720/1/58 719/1/58 773/1/58 774/1/58
f 693/1/59 694/1/59 748/1/59 747/1/59
f 721/1/60 720/1/60 774/1/60 775/1/60
f 694/1/61 695/1/61 749/1/61 748/1/61
f 722/1/62 721/1/62 775/1/62 776/1/62
f 695/1/113 696/1/113 750/1/113 749/1/113
f 723/1/114 722/1/114 776/1/114 777/1/114
f 696/1/65 697/1/65 751/1/65 750/1/65
f 724/1/66 723/1/66 777/1/66 778/1/66
f 697/1/67 698/1/67 752/1/67 751/1/67
f 725/1/68 724/1/68 778/1/68 779/1/68
f 698/1/69 699/1/69 753/1/69 752/1/69
f 726/1/70 725/1/70 779/1/70 780/1/70
f 699/1/154 700/1/154 754/1/154 753/1/154
f 727/1/72 726/1/72 780/1/72 781/1/72
f 700/1/73 701/1/73 755/1/73 754/1/73
f 728/1/74 727/1/74 781/1/74 782/1/74
f 701/1/75 702/1/75 756/1/75 755/1/75
f 729/1/76 728/1/76 782/1/76 783/1/76
f 702/1/77 703/1/77 757/1/77 756/1/77
f 730/1/78 729/1/78 783/1/78 784/1/78
f 703/1/155 704/1/155 758/1/155 757/1/155
f 731/1/156 730/1/156 784/1/156 785/1/156
f 704/1/118 705/1/118 759/1/118 758/1/118
f 732/1/119 731/1/119 785/1/119 786/1/119
f 734/1/26 733/1/26 791/1/26 792/1/26
f 733/1/26 706/1/26 789/1/26 791/1/26
f 707/1/1 681/1/1 735/1/1 761/1/1
f 681/1/1 683/1/1 737/1/1 735/1/1
f 708/1/7 734/1/7 788/1/7 762/1/7
f 710/1/7 708/1/7 762/1/7 764/1/7
f 682/1/120 685/1/120 739/1/120 736/1/120
f 707/1/84 761/1/84 794/1/84 790/1/84
f 712/1/85 709/1/85 763/1/85 766/1/85
f 684/1/86 682/1/86 736/1/86 738/1/86
f 705/1/35 732/1/35 786/1/35 759/1/35
f 709/1/87 711/1/87 765/1/87 763/1/87
f 683/1/88 684/1/88 738/1/88 737/1/88
f 711/1/89 710/1/89 764/1/89 765/1/89
f 685/1/90 686/1/90 740/1/90 739/1/90
f 713/1/91 712/1/91 766/1/91 767/1/91
f 686/1/92 687/1/92 741/1/92 740/1/92
f 789/1/31 790/1/31 794/1/31 793/1/31
f 792/1/31 791/1/31 795/1/31 796/1/31
f 791/1/31 789/1/31 793/1/31 795/1/31
f 761/1/93 760/1/93 793/1/93 794/1/93
f 788/1/94 734/1/94 792/1/94 796/1/94
f 760/1/93 787/1/93 795/1/93 793/1/93
f 787/1/93 788/1/93 796/1/93 795/1/93
f 706/1/26 707/1/26 790/1/26 789/1/26
f 804/1/26 810/1/26 807/1/26 801/1/26
f 802/1/26 805/1/26 803/1/26 809/1/26 820/1/26 819/1/26 808/1/26
f 813/1/26 814/1/26 806/1/26 800/1/26
f 800/1/26 806/1/26 810/1/26 804/1/26
f 801/1/26 807/1/26 812/1/26 811/1/26
f 818/1/26 817/1/26 857/1/26 856/1/26 819/1/26 820/1/26 859/1/26 858/1/26
f 815/1/26 812/1/26 818/1/26
f 814/1/26 816/1/26 817/1/26
f 817/1/26 818/1/26 812/1/26 814/1/26
f 811/1/26 812/1/26 815/1/26 861/1/26 860/1/26 809/1/26 803/1/26
f 802/1/26 808/1/26 854/1/26 855/1/26 816/1/26 814/1/26 813/1/26
f 804/1/122 821/1/122 823/1/122 800/1/122
f 801/1/123 822/1/123 821/1/123 804/1/123
f 827/1/21 828/1/21 838/1/21 837/1/21
f 832/1/21 835/1/21 843/1/21 842/1/21 841/1/21 834/1/21 831/1/21
f 828/1/124 852/1/124 889/1/124 886/1/124
f 824/1/125 825/1/125 836/1/125 849/1/125
f 829/1/21 830/1/21 840/1/21 839/1/21
f 830/1/21 827/1/21 837/1/21 840/1/21
f 828/1/21 833/1/21 844/1/21 838/1/21
f 846/1/21 848/1/21 844/1/21
f 839/1/21 847/1/21 845/1/21
f 847/1/21 839/1/21 844/1/21 848/1/21
f 833/1/21 834/1/21 841/1/21 846/1/21 844/1/21
f 832/1/21 829/1/21 839/1/21 845/1/21 835/1/21
f 850/1/21 849/1/21 851/1/21 853/1/21
f 849/1/21 836/1/21 852/1/21 851/1/21
f 826/1/126 824/1/126 849/1/126 850/1/126
f 853/1/127 830/1/127 881/1/127 883/1/127
f 827/1/128 830/1/128 853/1/128 851/1/128
f 828/1/129 827/1/129 851/1/129 852/1/129
f 811/1/130 803/1/130 834/1/130 833/1/130
f 806/1/131 814/1/131 839/1/131 840/1/131
f 801/1/131 811/1/131 833/1/131 828/1/131
f 820/1/4 809/1/4 841/1/4 842/1/4
f 819/1/132 856/1/132 857/1/132 817/1/132 847/1/132 843/1/132
f 812/1/132 807/1/132 838/1/132 844/1/132
f 809/1/132 860/1/132 861/1/132 815/1/132 846/1/132 841/1/132
f 799/1/133 798/1/133 825/1/133 824/1/133
f 810/1/134 806/1/134 840/1/134 837/1/134
f 818/1/131 858/1/131 859/1/131 820/1/131 842/1/131 848/1/131
f 816/1/131 855/1/131 854/1/131 808/1/131 835/1/131 845/1/131
f 797/1/135 799/1/135 824/1/135 826/1/135
f 808/1/136 819/1/136 843/1/136 835/1/136
f 825/1/137 798/1/137 885/1/137 887/1/137
f 802/1/138 813/1/138 829/1/138 832/1/138
f 815/1/139 818/1/139 848/1/139 846/1/139
f 830/1/140 800/1/140 879/1/140 881/1/140
f 813/1/132 800/1/132 830/1/132 829/1/132
f 817/1/139 816/1/139 845/1/139 847/1/139
f 807/1/141 810/1/141 837/1/141 838/1/141
f 810/1/21 807/1/21 812/1/21 814/1/21 806/1/21
f 855/1/26 862/1/26 863/1/26 857/1/26
f 861/1/26 858/1/26 864/1/26 865/1/26
f 867/1/1 869/1/1 873/1/1 871/1/1
f 861/1/26 865/1/26 869/1/26 867/1/26
f 858/1/26 861/1/26 867/1/26 866/1/26
f 864/1/26 858/1/26 866/1/26 868/1/26
f 865/1/26 864/1/26 868/1/26 869/1/26
f 871/1/21 873/1/21 872/1/21 870/1/21
f 866/1/31 867/1/31 871/1/31 870/1/31
f 868/1/7 866/1/7 870/1/7 872/1/7
f 869/1/35 868/1/35 872/1/35 873/1/35
f 874/1/21 875/1/21 877/1/21 876/1/21
f 855/1/142 857/1/142 875/1/142 874/1/142
f 862/1/7 855/1/7 874/1/7 876/1/7
f 863/1/143 862/1/143 876/1/143 877/1/143
f 857/1/1 863/1/1 877/1/1 875/1/1
f 860/1/21 809/1/21 820/1/21 868/1/21 869/1/21
f 818/1/21 815/1/21 867/1/21 866/1/21
f 857/1/21 855/1/21 816/1/21 817/1/21
f 808/1/21 854/1/21 862/1/21 863/1/21 856/1/21 819/1/21
f 800/1/144 797/1/144 878/1/144 879/1/144
f 797/1/157 826/1/157 880/1/157 878/1/157
f 826/1/146 850/1/146 882/1/146 880/1/146
f 850/1/158 853/1/158 883/1/158 882/1/158
f 852/1/148 836/1/148 888/1/148 889/1/148
f 798/1/149 801/1/149 884/1/149 885/1/149
f 801/1/150 828/1/150 886/1/150 884/1/150
f 836/1/151 825/1/151 887/1/151 888/1/151
f 799/1/26 804/1/26 801/1/26 798/1/26
f 797/1/26 800/1/26 804/1/26 799/1/26
f 802/1/35 832/1/35 831/1/35 834/1/35 803/1/35 805/1/35
f 967/1/1 971/1/1 893/1/1 923/1/1
f 893/1/1 897/1/1 899/1/1 895/1/1
f 892/1/1 894/1/1 898/1/1 896/1/1
f 971/1/1 972/1/1 897/1/1 893/1/1
f 925/1/7 903/1/7 921/1/7 927/1/7
f 907/1/31 908/1/31 916/1/31 915/1/31
f 905/1/159 909/1/159 917/1/159 913/1/159
f 908/1/160 904/1/160 912/1/160 916/1/160
f 893/1/35 895/1/35 905/1/35 903/1/35
f 923/1/26 893/1/26 903/1/26 925/1/26
f 895/1/161 899/1/161 909/1/161 905/1/161
f 948/1/31 896/1/31 907/1/31 951/1/31
f 940/1/21 890/1/21 901/1/21 941/1/21
f 896/1/31 898/1/31 908/1/31 907/1/31
f 894/1/35 892/1/35 900/1/35 904/1/35
f 898/1/160 894/1/160 904/1/160 908/1/160
f 964/1/35 891/1/35 902/1/35 965/1/35
f 899/1/31 897/1/31 906/1/31 909/1/31
f 910/1/7 913/1/7 917/1/7 914/1/7
f 911/1/7 915/1/7 916/1/7 912/1/7
f 975/1/7 910/1/7 914/1/7 976/1/7
f 903/1/35 905/1/35 913/1/35 910/1/35
f 973/1/35 903/1/35 910/1/35 975/1/35
f 909/1/31 906/1/31 914/1/31 917/1/31
f 951/1/31 907/1/31 915/1/31 953/1/31
f 904/1/35 900/1/35 911/1/35 912/1/35
f 941/1/7 901/1/7 919/1/7 942/1/7
f 950/1/7 900/1/7 918/1/7 955/1/7
f 965/1/7 902/1/7 920/1/7 966/1/7
f 900/1/7 924/1/7 926/1/7 918/1/7
f 979/1/7 933/1/7 927/1/7 978/1/7
f 892/1/21 922/1/21 924/1/21 900/1/21
f 931/1/26 923/1/26 925/1/26 932/1/26
f 932/1/7 925/1/7 927/1/7 933/1/7
f 968/1/1 967/1/1 923/1/1 931/1/1
f 969/1/1 968/1/1 931/1/1 937/1/1
f 938/1/7 932/1/7 933/1/7 939/1/7
f 937/1/26 931/1/26 932/1/26 938/1/26
f 977/1/35 955/1/35 988/1/35 1001/1/35
f 924/1/7 929/1/7 930/1/7 926/1/7
f 922/1/21 928/1/21 929/1/21 924/1/21
f 981/1/7 945/1/7 939/1/7 980/1/7
f 943/1/26 937/1/26 938/1/26 944/1/26
f 944/1/7 938/1/7 939/1/7 945/1/7
f 970/1/1 969/1/1 937/1/1 943/1/1
f 929/1/7 935/1/7 936/1/7 930/1/7
f 928/1/21 934/1/21 935/1/21 929/1/21
f 964/1/1 970/1/1 943/1/1 891/1/1
f 902/1/7 944/1/7 945/1/7 920/1/7
f 891/1/26 943/1/26 944/1/26 902/1/26
f 979/1/26 980/1/26 1004/1/26 1003/1/26
f 935/1/7 941/1/7 942/1/7 936/1/7
f 934/1/21 940/1/21 941/1/21 935/1/21
f 919/1/31 954/1/31 1000/1/31 983/1/31
f 890/1/1 940/1/1 962/1/1 946/1/1
f 940/1/1 934/1/1 961/1/1 962/1/1
f 942/1/7 963/1/7 960/1/7 936/1/7
f 920/1/21 945/1/21 998/1/21 985/1/21
f 934/1/1 928/1/1 958/1/1 961/1/1
f 928/1/1 922/1/1 957/1/1 958/1/1
f 930/1/7 959/1/7 956/1/7 926/1/7
f 901/1/7 949/1/7 954/1/7 919/1/7
f 973/1/7 950/1/7 955/1/7 977/1/7
f 974/1/31 951/1/31 953/1/31 976/1/31
f 900/1/35 950/1/35 952/1/35 911/1/35
f 911/1/7 952/1/7 953/1/7 915/1/7
f 890/1/35 946/1/35 949/1/35 901/1/35
f 972/1/31 948/1/31 951/1/31 974/1/31
f 892/1/1 896/1/1 948/1/1 947/1/1
f 922/1/1 892/1/1 947/1/1 957/1/1
f 897/1/31 972/1/31 974/1/31 906/1/31
f 906/1/31 974/1/31 976/1/31 914/1/31
f 903/1/7 973/1/7 977/1/7 921/1/7
f 954/1/7 966/1/7 981/1/7 963/1/7
f 946/1/1 962/1/1 970/1/1 964/1/1
f 962/1/1 961/1/1 969/1/1 970/1/1
f 963/1/7 981/1/7 980/1/7 960/1/7
f 960/1/7 980/1/7 979/1/7 959/1/7
f 961/1/1 958/1/1 968/1/1 969/1/1
f 958/1/1 957/1/1 967/1/1 968/1/1
f 959/1/7 979/1/7 978/1/7 956/1/7
f 949/1/7 965/1/7 966/1/7 954/1/7
f 950/1/35 973/1/35 975/1/35 952/1/35
f 952/1/7 975/1/7 976/1/7 953/1/7
f 946/1/35 964/1/35 965/1/35 949/1/35
f 947/1/1 948/1/1 972/1/1 971/1/1
f 957/1/1 947/1/1 971/1/1 967/1/1
f 918/1/26 926/1/26 990/1/26 989/1/26
f 1004/1/7 992/1/7 993/1/7 1003/1/7
f 984/1/7 985/1/7 998/1/7 1005/1/7
f 983/1/7 1000/1/7 999/1/7 982/1/7
f 996/1/7 997/1/7 994/1/7 995/1/7
f 1002/1/7 986/1/7 987/1/7 1001/1/7 988/1/7 989/1/7 990/1/7 991/1/7
f 956/1/31 978/1/31 1002/1/31 991/1/31
f 959/1/35 930/1/35 995/1/35 994/1/35
f 954/1/21 963/1/21 999/1/21 1000/1/21
f 942/1/26 919/1/26 983/1/26 982/1/26
f 926/1/31 956/1/31 991/1/31 990/1/31
f 921/1/35 977/1/35 1001/1/35 987/1/35
f 981/1/162 966/1/162 984/1/162 1005/1/162
f 936/1/31 960/1/31 997/1/31 996/1/31
f 966/1/31 920/1/31 985/1/31 984/1/31
f 963/1/35 942/1/35 982/1/35 999/1/35
f 978/1/31 927/1/31 986/1/31 1002/1/31
f 927/1/21 921/1/21 987/1/21 986/1/21
f 933/1/35 979/1/35 1003/1/35 993/1/35
f 939/1/21 933/1/21 993/1/21 992/1/21
f 955/1/35 918/1/35 989/1/35 988/1/35
f 980/1/31 939/1/31 992/1/31 1004/1/31
f 960/1/21 959/1/21 994/1/21 997/1/21
f 945/1/35 981/1/35 1005/1/35 998/1/35
f 930/1/26 936/1/26 996/1/26 995/1/26
f 1030/1/1 1031/1/1 1058/1/1 1057/1/1
f 1011/1/1 1010/1/1 1012/1/1
f 1010/1/1 1007/1/1 1013/1/1 1012/1/1
f 1007/1/1 1009/1/1 1014/1/1 1013/1/1
f 1009/1/1 1008/1/1 1015/1/1 1014/1/1
f 1015/1/1 1008/1/1 1016/1/1
f 1008/1/1 1006/1/1 1017/1/1 1016/1/1
f 1018/1/1 1017/1/1 1006/1/1 1032/1/1
f 1018/1/1 1032/1/1 1019/1/1
f 1020/1/1 1019/1/1 1032/1/1 1031/1/1
f 1020/1/1 1031/1/1 1021/1/1
f 1021/1/1 1031/1/1 1022/1/1
f 1023/1/1 1022/1/1 1024/1/1
f 1024/1/1 1022/1/1 1025/1/1
f 1025/1/1 1022/1/1 1026/1/1
f 1022/1/1 1031/1/1 1026/1/1
f 1026/1/1 1031/1/1 1027/1/1
f 1027/1/1 1031/1/1 1028/1/1
f 1029/1/1 1028/1/1 1031/1/1 1030/1/1
f 1057/1/1 1058/1/1 1056/1/1
f 1055/1/1 1056/1/1 1058/1/1
f 1054/1/1 1055/1/1 1058/1/1
f 1053/1/1 1054/1/1 1058/1/1
f 1050/1/1 1051/1/1 1049/1/1
f 1051/1/1 1052/1/1 1049/1/1
f 1052/1/1 1053/1/1 1049/1/1
f 1058/1/1 1049/1/1 1053/1/1
f 1049/1/1 1058/1/1 1048/1/1
f 1047/1/1 1048/1/1 1058/1/1
f 1047/1/1 1058/1/1 1059/1/1 1046/1/1
f 1045/1/1 1046/1/1 1059/1/1
f 1045/1/1 1059/1/1 1033/1/1 1044/1/1
f 1035/1/1 1043/1/1 1044/1/1 1033/1/1
f 1043/1/1 1035/1/1 1042/1/1
f 1036/1/1 1041/1/1 1042/1/1 1035/1/1
f 1034/1/1 1040/1/1 1041/1/1 1036/1/1
f 1037/1/1 1039/1/1 1040/1/1 1034/1/1
f 1038/1/1 1039/1/1 1037/1/1
f 1084/1/7 1111/1/7 1112/1/7 1085/1/7
f 1065/1/7 1066/1/7 1064/1/7
f 1064/1/7 1066/1/7 1067/1/7 1061/1/7
f 1061/1/7 1067/1/7 1068/1/7 1063/1/7
f 1063/1/7 1068/1/7 1069/1/7 1062/1/7
f 1069/1/7 1070/1/7 1062/1/7
f 1062/1/7 1070/1/7 1071/1/7 1060/1/7
f 1072/1/7 1086/1/7 1060/1/7 1071/1/7
f 1072/1/7 1073/1/7 1086/1/7
f 1074/1/7 1085/1/7 1086/1/7 1073/1/7
f 1074/1/7 1075/1/7 1085/1/7
f 1075/1/7 1076/1/7 1085/1/7
f 1077/1/7 1078/1/7 1076/1/7
f 1078/1/7 1079/1/7 1076/1/7
f 1079/1/7 1080/1/7 1076/1/7
f 1076/1/7 1080/1/7 1085/1/7
f 1080/1/7 1081/1/7 1085/1/7
f 1081/1/7 1082/1/7 1085/1/7
f 1083/1/7 1084/1/7 1085/1/7 1082/1/7
f 1111/1/7 1110/1/7 1112/1/7
f 1109/1/7 1112/1/7 1110/1/7
f 1108/1/7 1112/1/7 1109/1/7
f 1107/1/7 1112/1/7 1108/1/7
f 1104/1/7 1103/1/7 1105/1/7
f 1105/1/7 1103/1/7 1106/1/7
f 1106/1/7 1103/1/7 1107/1/7
f 1112/1/7 1107/1/7 1103/1/7
f 1103/1/7 1102/1/7 1112/1/7
f 1101/1/7 1112/1/7 1102/1/7
f 1101/1/7 1100/1/7 1113/1/7 1112/1/7
f 1099/1/7 1113/1/7 1100/1/7
f 1099/1/7 1098/1/7 1087/1/7 1113/1/7
f 1089/1/7 1087/1/7 1098/1/7 1097/1/7
f 1097/1/7 1096/1/7 1089/1/7
f 1090/1/7 1089/1/7 1096/1/7 1095/1/7
f 1088/1/7 1090/1/7 1095/1/7 1094/1/7
f 1091/1/7 1088/1/7 1094/1/7 1093/1/7
f 1092/1/7 1091/1/7 1093/1/7
f 1039/1/163 1038/1/163 1092/1/163 1093/1/163
f 1012/1/164 1013/1/164 1067/1/164 1066/1/164
f 1040/1/165 1039/1/165 1093/1/165 1094/1/165
f 1013/1/166 1014/1/166 1068/1/166 1067/1/166
f 1041/1/167 1040/1/167 1094/1/167 1095/1/167
f 1014/1/168 1015/1/168 1069/1/168 1068/1/168
f 1042/1/169 1041/1/169 1095/1/169 1096/1/169
f 1015/1/170 1016/1/170 1070/1/170 1069/1/170
f 1043/1/171 1042/1/171 1096/1/171 1097/1/171
f 1016/1/172 1017/1/172 1071/1/172 1070/1/172
f 1044/1/173 1043/1/173 1097/1/173 1098/1/173
f 1017/1/174 1018/1/174 1072/1/174 1071/1/174
f 1045/1/175 1044/1/175 1098/1/175 1099/1/175
f 1018/1/176 1019/1/176 1073/1/176 1072/1/176
f 1046/1/177 1045/1/177 1099/1/177 1100/1/177
f 1019/1/178 1020/1/178 1074/1/178 1073/1/178
f 1047/1/179 1046/1/179 1100/1/179 1101/1/179
f 1020/1/180 1021/1/180 1075/1/180 1074/1/180
f 1048/1/181 1047/1/181 1101/1/181 1102/1/181
f 1021/1/182 1022/1/182 1076/1/182 1075/1/182
f 1049/1/183 1048/1/183 1102/1/183 1103/1/183
f 1022/1/184 1023/1/184 1077/1/184 1076/1/184
f 1050/1/185 1049/1/185 1103/1/185 1104/1/185
f 1023/1/186 1024/1/186 1078/1/186 1077/1/186
f 1051/1/187 1050/1/187 1104/1/187 1105/1/187
f 1024/1/188 1025/1/188 1079/1/188 1078/1/188
f 1052/1/189 1051/1/189 1105/1/189 1106/1/189
f 1025/1/190 1026/1/190 1080/1/190 1079/1/190
f 1053/1/191 1052/1/191 1106/1/191 1107/1/191
f 1026/1/192 1027/1/192 1081/1/192 1080/1/192
f 1054/1/193 1053/1/193 1107/1/193 1108/1/193
f 1027/1/194 1028/1/194 1082/1/194 1081/1/194
f 1055/1/195 1054/1/195 1108/1/195 1109/1/195
f 1028/1/196 1029/1/196 1083/1/196 1082/1/196
f 1056/1/197 1055/1/197 1109/1/197 1110/1/197
f 1029/1/198 1030/1/198 1084/1/198 1083/1/198
f 1057/1/199 1056/1/199 1110/1/199 1111/1/199
f 1059/1/1 1058/1/1 1116/1/1 1117/1/1
f 1058/1/1 1031/1/1 1114/1/1 1116/1/1
f 1032/1/21 1006/1/21 1060/1/21 1086/1/21
f 1006/1/21 1008/1/21 1062/1/21 1060/1/21
f 1033/1/26 1059/1/26 1113/1/26 1087/1/26
f 1035/1/26 1033/1/26 1087/1/26 1089/1/26
f 1007/1/13 1010/1/13 1064/1/13 1061/1/13
f 1032/1/200 1086/1/200 1119/1/200 1115/1/200
f 1037/1/16 1034/1/16 1088/1/16 1091/1/16
f 1009/1/201 1007/1/201 1061/1/201 1063/1/201
f 1030/1/35 1057/1/35 1111/1/35 1084/1/35
f 1034/1/202 1036/1/202 1090/1/202 1088/1/202
f 1008/1/203 1009/1/203 1063/1/203 1062/1/203
f 1036/1/204 1035/1/204 1089/1/204 1090/1/204
f 1010/1/205 1011/1/205 1065/1/205 1064/1/205
f 1038/1/206 1037/1/206 1091/1/206 1092/1/206
f 1011/1/207 1012/1/207 1066/1/207 1065/1/207
f 1114/1/31 1115/1/31 1119/1/31 1118/1/31
f 1117/1/31 1116/1/31 1120/1/31 1121/1/31
f 1116/1/31 1114/1/31 1118/1/31 1120/1/31
f 1086/1/208 1085/1/208 1118/1/208 1119/1/208
f 1113/1/209 1059/1/209 1117/1/209 1121/1/209
f 1085/1/208 1112/1/208 1120/1/208 1118/1/208
f 1112/1/208 1113/1/208 1121/1/208 1120/1/208
f 1031/1/1 1032/1/1 1115/1/1 1114/1/1
f 1199/1/1 1203/1/1 1125/1/1 1155/1/1
f 1125/1/1 1129/1/1 1131/1/1 1127/1/1
f 1124/1/1 1126/1/1 1130/1/1 1128/1/1
f 1203/1/1 1204/1/1 1129/1/1 1125/1/1
f 1157/1/7 1135/1/7 1153/1/7 1159/1/7
f 1139/1/31 1140/1/31 1148/1/31 1147/1/31
f 1137/1/159 1141/1/159 1149/1/159 1145/1/159
f 1140/1/160 1136/1/160 1144/1/160 1148/1/160
f 1125/1/35 1127/1/35 1137/1/35 1135/1/35
f 1155/1/26 1125/1/26 1135/1/26 1157/1/26
f 1127/1/161 1131/1/161 1141/1/161 1137/1/161
f 1180/1/31 1128/1/31 1139/1/31 1183/1/31
f 1172/1/21 1122/1/21 1133/1/21 1173/1/21
f 1128/1/31 1130/1/31 1140/1/31 1139/1/31
f 1126/1/35 1124/1/35 1132/1/35 1136/1/35
f 1130/1/160 1126/1/160 1136/1/160 1140/1/160
f 1196/1/35 1123/1/35 1134/1/35 1197/1/35
f 1131/1/31 1129/1/31 1138/1/31 1141/1/31
f 1142/1/7 1145/1/7 1149/1/7 1146/1/7
f 1143/1/7 1147/1/7 1148/1/7 1144/1/7
f 1207/1/7 1142/1/7 1146/1/7 1208/1/7
f 1135/1/35 1137/1/35 1145/1/35 1142/1/35
f 1205/1/35 1135/1/35 1142/1/35 1207/1/35
f 1141/1/31 1138/1/31 1146/1/31 1149/1/31
f 1183/1/31 1139/1/31 1147/1/31 1185/1/31
f 1136/1/35 1132/1/35 1143/1/35 1144/1/35
f 1173/1/7 1133/1/7 1151/1/7 1174/1/7
f 1182/1/7 1132/1/7 1150/1/7 1187/1/7
f 1197/1/7 1134/1/7 1152/1/7 1198/1/7
f 1132/1/7 1156/1/7 1158/1/7 1150/1/7
f 1211/1/7 1165/1/7 1159/1/7 1210/1/7
f 1124/1/21 1154/1/21 1156/1/21 1132/1/21
f 1163/1/26 1155/1/26 1157/1/26 1164/1/26
f 1164/1/7 1157/1/7 1159/1/7 1165/1/7
f 1200/1/1 1199/1/1 1155/1/1 1163/1/1
f 1201/1/1 1200/1/1 1163/1/1 1169/1/1
f 1170/1/7 1164/1/7 1165/1/7 1171/1/7
f 1169/1/26 1163/1/26 1164/1/26 1170/1/26
f 1209/1/35 1187/1/35 1220/1/35 1233/1/35
f 1156/1/7 1161/1/7 1162/1/7 1158/1/7
f 1154/1/21 1160/1/21 1161/1/21 1156/1/21
f 1213/1/7 1177/1/7 1171/1/7 1212/1/7
f 1175/1/26 1169/1/26 1170/1/26 1176/1/26
f 1176/1/7 1170/1/7 1171/1/7 1177/1/7
f 1202/1/1 1201/1/1 1169/1/1 1175/1/1
f 1161/1/7 1167/1/7 1168/1/7 1162/1/7
f 1160/1/21 1166/1/21 1167/1/21 1161/1/21
f 1196/1/1 1202/1/1 1175/1/1 1123/1/1
f 1134/1/7 1176/1/7 1177/1/7 1152/1/7
f 1123/1/26 1175/1/26 1176/1/26 1134/1/26
f 1211/1/26 1212/1/26 1236/1/26 1235/1/26
f 1167/1/7 1173/1/7 1174/1/7 1168/1/7
f 1166/1/21 1172/1/21 1173/1/21 1167/1/21
f 1151/1/31 1186/1/31 1232/1/31 1215/1/31
f 1122/1/1 1172/1/1 1194/1/1 1178/1/1
f 1172/1/1 1166/1/1 1193/1/1 1194/1/1
f 1174/1/7 1195/1/7 1192/1/7 1168/1/7
f 1152/1/21 1177/1/21 1230/1/21 1217/1/21
f 1166/1/1 1160/1/1 1190/1/1 1193/1/1
f 1160/1/1 1154/1/1 1189/1/1 1190/1/1
f 1162/1/7 1191/1/7 1188/1/7 1158/1/7
f 1133/1/7 1181/1/7 1186/1/7 1151/1/7
f 1205/1/7 1182/1/7 1187/1/7 1209/1/7
f 1206/1/31 1183/1/31 1185/1/31 1208/1/31
f 1132/1/35 1182/1/35 1184/1/35 1143/1/35
f 1143/1/7 1184/1/7 1185/1/7 1147/1/7
f 1122/1/35 1178/1/35 1181/1/35 1133/1/35
f 1204/1/31 1180/1/31 1183/1/31 1206/1/31
f 1124/1/1 1128/1/1 1180/1/1 1179/1/1
f 1154/1/1 1124/1/1 1179/1/1 1189/1/1
f 1129/1/31 1204/1/31 1206/1/31 1138/1/31
f 1138/1/31 1206/1/31 1208/1/31 1146/1/31
f 1135/1/7 1205/1/7 1209/1/7 1153/1/7
f 1186/1/7 1198/1/7 1213/1/7 1195/1/7
f 1178/1/1 1194/1/1 1202/1/1 1196/1/1
f 1194/1/1 1193/1/1 1201/1/1 1202/1/1
f 1195/1/7 1213/1/7 1212/1/7 1192/1/7
f 1192/1/7 1212/1/7 1211/1/7 1191/1/7
f 1193/1/1 1190/1/1 1200/1/1 1201/1/1
f 1190/1/1 1189/1/1 1199/1/1 1200/1/1
f 1191/1/7 1211/1/7 1210/1/7 1188/1/7
f 1181/1/7 1197/1/7 1198/1/7 1186/1/7
f 1182/1/35 1205/1/35 1207/1/35 1184/1/35
f 1184/1/7 1207/1/7 1208/1/7 1185/1/7
f 1178/1/35 1196/1/35 1197/1/35 1181/1/35
f 1179/1/1 1180/1/1 1204/1/1 1203/1/1
f 1189/1/1 1179/1/1 1203/1/1 1199/1/1
f 1150/1/26 1158/1/26 1222/1/26 1221/1/26
f 1236/1/7 1224/1/7 1225/1/7 1235/1/7
f 1216/1/7 1217/1/7 1230/1/7 1237/1/7
f 1215/1/7 1232/1/7 1231/1/7 1214/1/7
f 1228/1/7 1229/1/7 1226/1/7 1227/1/7
f 1234/1/7 1218/1/7 1219/1/7 1233/1/7 1220/1/7 1221/1/7 1222/1/7 1223/1/7
f 1188/1/31 1210/1/31 1234/1/31 1223/1/31
f 1191/1/35 1162/1/35 1227/1/35 1226/1/35
f 1186/1/21 1195/1/21 1231/1/21 1232/1/21
f 1174/1/26 1151/1/26 1215/1/26 1214/1/26
f 1158/1/31 1188/1/31 1223/1/31 1222/1/31
f 1153/1/35 1209/1/35 1233/1/35 1219/1/35
f 1213/1/162 1198/1/162 1216/1/162 1237/1/162
f 1168/1/31 1192/1/31 1229/1/31 1228/1/31
f 1198/1/31 1152/1/31 1217/1/31 1216/1/31
f 1195/1/35 1174/1/35 1214/1/35 1231/1/35
f 1210/1/31 1159/1/31 1218/1/31 1234/1/31
f 1159/1/21 1153/1/21 1219/1/21 1218/1/21
f 1165/1/35 1211/1/35 1235/1/35 1225/1/35
f 1171/1/21 1165/1/21 1225/1/21 1224/1/21
f 1187/1/35 1150/1/35 1221/1/35 1220/1/35
f 1212/1/31 1171/1/31 1224/1/31 1236/1/31
f 1192/1/21 1191/1/21 1226/1/21 1229/1/21
f 1177/1/35 1213/1/35 1237/1/35 1230/1/35
f 1162/1/26 1168/1/26 1228/1/26 1227/1/26
f 1262/1/1 1263/1/1 1290/1/1 1289/1/1
f 1243/1/1 1242/1/1 1244/1/1
f 1242/1/1 1239/1/1 1245/1/1 1244/1/1
f 1239/1/1 1241/1/1 1246/1/1 1245/1/1
f 1241/1/1 1240/1/1 1247/1/1 1246/1/1
f 1247/1/1 1240/1/1 1248/1/1
f 1240/1/1 1238/1/1 1249/1/1 1248/1/1
f 1250/1/1 1249/1/1 1238/1/1 1264/1/1
f 1250/1/1 1264/1/1 1251/1/1
f 1252/1/1 1251/1/1 1264/1/1 1263/1/1
f 1252/1/1 1263/1/1 1253/1/1
f 1253/1/1 1263/1/1 1254/1/1
f 1255/1/1 1254/1/1 1256/1/1
f 1256/1/1 1254/1/1 1257/1/1
f 1257/1/1 1254/1/1 1258/1/1
f 1254/1/1 1263/1/1 1258/1/1
f 1258/1/1 1263/1/1 1259/1/1
f 1259/1/1 1263/1/1 1260/1/1
f 1261/1/1 1260/1/1 1263/1/1 1262/1/1
f 1289/1/1 1290/1/1 1288/1/1
f 1287/1/1 1288/1/1 1290/1/1
f 1286/1/1 1287/1/1 1290/1/1
f 1285/1/1 1286/1/1 1290/1/1
f 1282/1/1 1283/1/1 1281/1/1
f 1283/1/1 1284/1/1 1281/1/1
f 1284/1/1 1285/1/1 1281/1/1
f 1290/1/1 1281/1/1 1285/1/1
f 1281/1/1 1290/1/1 1280/1/1
f 1279/1/1 1280/1/1 1290/1/1
f 1279/1/1 1290/1/1 1291/1/1 1278/1/1
f 1277/1/1 1278/1/1 1291/1/1
f 1277/1/1 1291/1/1 1265/1/1 1276/1/1
f 1267/1/1 1275/1/1 1276/1/1 1265/1/1
f 1275/1/1 1267/1/1 1274/1/1
f 1268/1/1 1273/1/1 1274/1/1 1267/1/1
f 1266/1/1 1272/1/1 1273/1/1 1268/1/1
f 1269/1/1 1271/1/1 1272/1/1 1266/1/1
f 1270/1/1 1271/1/1 1269/1/1
f 1316/1/7 1343/1/7 1344/1/7 1317/1/7
f 1297/1/7 1298/1/7 1296/1/7
f 1296/1/7 1298/1/7 1299/1/7 1293/1/7
f 1293/1/7 1299/1/7 1300/1/7 1295/1/7
f 1295/1/7 1300/1/7 1301/1/7 1294/1/7
f 1301/1/7 1302/1/7 1294/1/7
f 1294/1/7 1302/1/7 1303/1/7 1292/1/7
f 1304/1/7 1318/1/7 1292/1/7 1303/1/7
f 1304/1/7 1305/1/7 1318/1/7
f 1306/1/7 1317/1/7 1318/1/7 1305/1/7
f 1306/1/7 1307/1/7 1317/1/7
f 1307/1/7 1308/1/7 1317/1/7
f 1309/1/7 1310/1/7 1308/1/7
f 1310/1/7 1311/1/7 1308/1/7
f 1311/1/7 1312/1/7 1308/1/7
f 1308/1/7 1312/1/7 1317/1/7
f 1312/1/7 1313/1/7 1317/1/7
f 1313/1/7 1314/1/7 1317/1/7
f 1315/1/7 1316/1/7 1317/1/7 1314/1/7
f 1343/1/7 1342/1/7 1344/1/7
f 1341/1/7 1344/1/7 1342/1/7
f 1340/1/7 1344/1/7 1341/1/7
f 1339/1/7 1344/1/7 1340/1/7
f 1336/1/210 1335/1/210 1337/1/210
f 1337/1/7 1335/1/7 1338/1/7
f 1338/1/211 1335/1/211 1339/1/211
f 1344/1/7 1339/1/7 1335/1/7
f 1335/1/7 1334/1/7 1344/1/7
f 1333/1/7 1344/1/7 1334/1/7
f 1333/1/7 1332/1/7 1345/1/7 1344/1/7
f 1331/1/7 1345/1/7 1332/1/7
f 1331/1/7 1330/1/7 1319/1/7 1345/1/7
f 1321/1/7 1319/1/7 1330/1/7 1329/1/7
f 1329/1/7 1328/1/7 1321/1/7
f 1322/1/7 1321/1/7 1328/1/7 1327/1/7
f 1320/1/7 1322/1/7 1327/1/7 1326/1/7
f 1323/1/7 1320/1/7 1326/1/7 1325/1/7
f 1324/1/7 1323/1/7 1325/1/7
f 1271/1/163 1270/1/163 1324/1/163 1325/1/163
f 1244/1/164 1245/1/164 1299/1/164 1298/1/164
f 1272/1/165 1271/1/165 1325/1/165 1326/1/165
f 1245/1/212 1246/1/212 1300/1/212 1299/1/212
f 1273/1/167 1272/1/167 1326/1/167 1327/1/167
f 1246/1/168 1247/1/168 1301/1/168 1300/1/168
f 1274/1/169 1273/1/169 1327/1/169 1328/1/169
f 1247/1/170 1248/1/170 1302/1/170 1301/1/170
f 1275/1/171 1274/1/171 1328/1/171 1329/1/171
f 1248/1/213 1249/1/213 1303/1/213 1302/1/213
f 1276/1/214 1275/1/214 1329/1/214 1330/1/214
f 1249/1/174 1250/1/174 1304/1/174 1303/1/174
f 1277/1/175 1276/1/175 1330/1/175 1331/1/175
f 1250/1/176 1251/1/176 1305/1/176 1304/1/176
f 1278/1/177 1277/1/177 1331/1/177 1332/1/177
f 1251/1/178 1252/1/178 1306/1/178 1305/1/178
f 1279/1/179 1278/1/179 1332/1/179 1333/1/179
f 1252/1/215 1253/1/215 1307/1/215 1306/1/215
f 1280/1/181 1279/1/181 1333/1/181 1334/1/181
f 1253/1/216 1254/1/216 1308/1/216 1307/1/216
f 1281/1/183 1280/1/183 1334/1/183 1335/1/183
f 1254/1/184 1255/1/184 1309/1/184 1308/1/184
f 1282/1/185 1281/1/185 1335/1/185 1336/1/185
f 1255/1/186 1256/1/186 1310/1/186 1309/1/186
f 1283/1/187 1282/1/187 1336/1/187 1337/1/187
f 1256/1/188 1257/1/188 1311/1/188 1310/1/188
f 1284/1/189 1283/1/189 1337/1/189 1338/1/189
f 1257/1/190 1258/1/190 1312/1/190 1311/1/190
f 1285/1/217 1284/1/217 1338/1/217 1339/1/217
f 1258/1/218 1259/1/218 1313/1/218 1312/1/218
f 1286/1/193 1285/1/193 1339/1/193 1340/1/193
f 1259/1/194 1260/1/194 1314/1/194 1313/1/194
f 1287/1/195 1286/1/195 1340/1/195 1341/1/195
f 1260/1/196 1261/1/196 1315/1/196 1314/1/196
f 1288/1/219 1287/1/219 1341/1/219 1342/1/219
f 1261/1/220 1262/1/220 1316/1/220 1315/1/220
f 1289/1/221 1288/1/221 1342/1/221 1343/1/221
f 1291/1/1 1290/1/1 1348/1/1 1349/1/1
f 1290/1/1 1263/1/1 1346/1/1 1348/1/1
f 1264/1/21 1238/1/21 1292/1/21 1318/1/21
f 1238/1/21 1240/1/21 1294/1/21 1292/1/21
f 1265/1/26 1291/1/26 1345/1/26 1319/1/26
f 1267/1/26 1265/1/26 1319/1/26 1321/1/26
f 1239/1/13 1242/1/13 1296/1/13 1293/1/13
f 1264/1/200 1318/1/200 1351/1/200 1347/1/200
f 1269/1/16 1266/1/16 1320/1/16 1323/1/16
f 1241/1/201 1239/1/201 1293/1/201 1295/1/201
f 1262/1/35 1289/1/35 1343/1/35 1316/1/35
f 1266/1/202 1268/1/202 1322/1/202 1320/1/202
f 1240/1/203 1241/1/203 1295/1/203 1294/1/203
f 1268/1/204 1267/1/204 1321/1/204 1322/1/204
f 1242/1/205 1243/1/205 1297/1/205 1296/1/205
f 1270/1/206 1269/1/206 1323/1/206 1324/1/206
f 1243/1/207 1244/1/207 1298/1/207 1297/1/207
f 1346/1/31 1347/1/31 1351/1/31 1350/1/31
f 1349/1/31 1348/1/31 1352/1/31 1353/1/31
f 1348/1/31 1346/1/31 1350/1/31 1352/1/31
f 1318/1/208 1317/1/208 1350/1/208 1351/1/208
f 1345/1/209 1291/1/209 1349/1/209 1353/1/209
f 1317/1/208 1344/1/208 1352/1/208 1350/1/208
f 1344/1/208 1345/1/208 1353/1/208 1352/1/208
f 1263/1/1 1264/1/1 1347/1/1 1346/1/1
f 1431/1/1 1435/1/1 1357/1/1 1387/1/1
f 1357/1/1 1361/1/1 1363/1/1 1359/1/1
f 1356/1/1 1358/1/1 1362/1/1 1360/1/1
f 1435/1/1 1436/1/1 1361/1/1 1357/1/1
f 1389/1/7 1367/1/7 1385/1/7 1391/1/7
f 1371/1/31 1372/1/31 1380/1/31 1379/1/31
f 1369/1/222 1373/1/222 1381/1/222 1377/1/222
f 1372/1/223 1368/1/223 1376/1/223 1380/1/223
f 1357/1/35 1359/1/35 1369/1/35 1367/1/35
f 1387/1/26 1357/1/26 1367/1/26 1389/1/26
f 1359/1/224 1363/1/224 1373/1/224 1369/1/224
f 1412/1/31 1360/1/31 1371/1/31 1415/1/31
f 1404/1/21 1354/1/21 1365/1/21 1405/1/21
f 1360/1/31 1362/1/31 1372/1/31 1371/1/31
f 1358/1/35 1356/1/35 1364/1/35 1368/1/35
f 1362/1/223 1358/1/223 1368/1/223 1372/1/223
f 1428/1/35 1355/1/35 1366/1/35 1429/1/35
f 1363/1/31 1361/1/31 1370/1/31 1373/1/31
f 1374/1/7 1377/1/7 1381/1/7 1378/1/7
f 1375/1/7 1379/1/7 1380/1/7 1376/1/7
f 1439/1/7 1374/1/7 1378/1/7 1440/1/7
f 1367/1/35 1369/1/35 1377/1/35 1374/1/35
f 1437/1/35 1367/1/35 1374/1/35 1439/1/35
f 1373/1/31 1370/1/31 1378/1/31 1381/1/31
f 1415/1/31 1371/1/31 1379/1/31 1417/1/31
f 1368/1/35 1364/1/35 1375/1/35 1376/1/35
f 1405/1/7 1365/1/7 1383/1/7 1406/1/7
f 1414/1/7 1364/1/7 1382/1/7 1419/1/7
f 1429/1/7 1366/1/7 1384/1/7 1430/1/7
f 1364/1/7 1388/1/7 1390/1/7 1382/1/7
f 1443/1/7 1397/1/7 1391/1/7 1442/1/7
f 1356/1/21 1386/1/21 1388/1/21 1364/1/21
f 1395/1/26 1387/1/26 1389/1/26 1396/1/26
f 1396/1/7 1389/1/7 1391/1/7 1397/1/7
f 1432/1/1 1431/1/1 1387/1/1 1395/1/1
f 1433/1/1 1432/1/1 1395/1/1 1401/1/1
f 1402/1/7 1396/1/7 1397/1/7 1403/1/7
f 1401/1/26 1395/1/26 1396/1/26 1402/1/26
f 1441/1/35 1419/1/35 1452/1/35 1465/1/35
f 1388/1/7 1393/1/7 1394/1/7 1390/1/7
f 1386/1/21 1392/1/21 1393/1/21 1388/1/21
f 1445/1/7 1409/1/7 1403/1/7 1444/1/7
f 1407/1/26 1401/1/26 1402/1/26 1408/1/26
f 1408/1/7 1402/1/7 1403/1/7 1409/1/7
f 1434/1/1 1433/1/1 1401/1/1 1407/1/1
f 1393/1/7 1399/1/7 1400/1/7 1394/1/7
f 1392/1/21 1398/1/21 1399/1/21 1393/1/21
f 1428/1/1 1434/1/1 1407/1/1 1355/1/1
f 1366/1/7 1408/1/7 1409/1/7 1384/1/7
f 1355/1/26 1407/1/26 1408/1/26 1366/1/26
f 1443/1/26 1444/1/26 1468/1/26 1467/1/26
f 1399/1/7 1405/1/7 1406/1/7 1400/1/7
f 1398/1/21 1404/1/21 1405/1/21 1399/1/21
f 1383/1/31 1418/1/31 1464/1/31 1447/1/31
f 1354/1/1 1404/1/1 1426/1/1 1410/1/1
f 1404/1/1 1398/1/1 1425/1/1 1426/1/1
f 1406/1/7 1427/1/7 1424/1/7 1400/1/7
f 1384/1/21 1409/1/21 1462/1/21 1449/1/21
f 1398/1/1 1392/1/1 1422/1/1 1425/1/1
f 1392/1/1 1386/1/1 1421/1/1 1422/1/1
f 1394/1/7 1423/1/7 1420/1/7 1390/1/7
f 1365/1/7 1413/1/7 1418/1/7 1383/1/7
f 1437/1/7 1414/1/7 1419/1/7 1441/1/7
f 1438/1/31 1415/1/31 1417/1/31 1440/1/31
f 1364/1/35 1414/1/35 1416/1/35 1375/1/35
f 1375/1/7 1416/1/7 1417/1/7 1379/1/7
f 1354/1/35 1410/1/35 1413/1/35 1365/1/35
f 1436/1/31 1412/1/31 1415/1/31 1438/1/31
f 1356/1/1 1360/1/1 1412/1/1 1411/1/1
f 1386/1/1 1356/1/1 1411/1/1 1421/1/1
f 1361/1/31 1436/1/31 1438/1/31 1370/1/31
f 1370/1/31 1438/1/31 1440/1/31 1378/1/31
f 1367/1/7 1437/1/7 1441/1/7 1385/1/7
f 1418/1/7 1430/1/7 1445/1/7 1427/1/7
f 1410/1/1 1426/1/1 1434/1/1 1428/1/1
f 1426/1/1 1425/1/1 1433/1/1 1434/1/1
f 1427/1/7 1445/1/7 1444/1/7 1424/1/7
f 1424/1/7 1444/1/7 1443/1/7 1423/1/7
f 1425/1/1 1422/1/1 1432/1/1 1433/1/1
f 1422/1/1 1421/1/1 1431/1/1 1432/1/1
f 1423/1/7 1443/1/7 1442/1/7 1420/1/7
f 1413/1/7 1429/1/7 1430/1/7 1418/1/7
f 1414/1/35 1437/1/35 1439/1/35 1416/1/35
f 1416/1/7 1439/1/7 1440/1/7 1417/1/7
f 1410/1/35 1428/1/35 1429/1/35 1413/1/35
f 1411/1/1 1412/1/1 1436/1/1 1435/1/1
f 1421/1/1 1411/1/1 1435/1/1 1431/1/1
f 1382/1/26 1390/1/26 1454/1/26 1453/1/26
f 1468/1/7 1456/1/7 1457/1/7 1467/1/7
f 1448/1/7 1449/1/7 1462/1/7 1469/1/7
f 1447/1/7 1464/1/7 1463/1/7 1446/1/7
f 1460/1/7 1461/1/7 1458/1/7 1459/1/7
f 1466/1/7 1450/1/7 1451/1/7 1465/1/7 1452/1/7 1453/1/7 1454/1/7 1455/1/7
f 1420/1/31 1442/1/31 1466/1/31 1455/1/31
f 1423/1/35 1394/1/35 1459/1/35 1458/1/35
f 1418/1/21 1427/1/21 1463/1/21 1464/1/21
f 1406/1/26 1383/1/26 1447/1/26 1446/1/26
f 1390/1/31 1420/1/31 1455/1/31 1454/1/31
f 1385/1/35 1441/1/35 1465/1/35 1451/1/35
f 1445/1/225 1430/1/225 1448/1/225 1469/1/225
f 1400/1/31 1424/1/31 1461/1/31 1460/1/31
f 1430/1/31 1384/1/31 1449/1/31 1448/1/31
f 1427/1/35 1406/1/35 1446/1/35 1463/1/35
f 1442/1/31 1391/1/31 1450/1/31 1466/1/31
f 1391/1/21 1385/1/21 1451/1/21 1450/1/21
f 1397/1/35 1443/1/35 1467/1/35 1457/1/35
f 1403/1/21 1397/1/21 1457/1/21 1456/1/21
f 1419/1/35 1382/1/35 1453/1/35 1452/1/35
f 1444/1/31 1403/1/31 1456/1/31 1468/1/31
f 1424/1/21 1423/1/21 1458/1/21 1461/1/21
f 1409/1/35 1445/1/35 1469/1/35 1462/1/35
f 1394/1/26 1400/1/26 1460/1/26 1459/1/26
f 1494/1/1 1495/1/1 1522/1/1 1521/1/1
f 1475/1/1 1474/1/1 1476/1/1
f 1474/1/1 1471/1/1 1477/1/1 1476/1/1
f 1471/1/1 1473/1/1 1478/1/1 1477/1/1
f 1473/1/1 1472/1/1 1479/1/1 1478/1/1
f 1479/1/1 1472/1/1 1480/1/1
f 1472/1/1 1470/1/1 1481/1/1 1480/1/1
f 1482/1/1 1481/1/1 1470/1/1 1496/1/1
f 1482/1/1 1496/1/1 1483/1/1
f 1484/1/1 1483/1/1 1496/1/1 1495/1/1
f 1484/1/1 1495/1/1 1485/1/1
f 1485/1/1 1495/1/1 1486/1/1
f 1487/1/1 1486/1/1 1488/1/1
f 1488/1/1 1486/1/1 1489/1/1
f 1489/1/1 1486/1/1 1490/1/1
f 1486/1/1 1495/1/1 1490/1/1
f 1490/1/1 1495/1/1 1491/1/1
f 1491/1/1 1495/1/1 1492/1/1
f 1493/1/1 1492/1/1 1495/1/1 1494/1/1
f 1521/1/1 1522/1/1 1520/1/1
f 1519/1/1 1520/1/1 1522/1/1
f 1518/1/1 1519/1/1 1522/1/1
f 1517/1/1 1518/1/1 1522/1/1
f 1514/1/1 1515/1/1 1513/1/1
f 1515/1/1 1516/1/1 1513/1/1
f 1516/1/1 1517/1/1 1513/1/1
f 1522/1/1 1513/1/1 1517/1/1
f 1513/1/1 1522/1/1 1512/1/1
f 1511/1/1 1512/1/1 1522/1/1
f 1511/1/1 1522/1/1 1523/1/1 1510/1/1
f 1509/1/1 1510/1/1 1523/1/1
f 1509/1/1 1523/1/1 1497/1/1 1508/1/1
f 1499/1/1 1507/1/1 1508/1/1 1497/1/1
f 1507/1/1 1499/1/1 1506/1/1
f 1500/1/1 1505/1/1 1506/1/1 1499/1/1
f 1498/1/1 1504/1/1 1505/1/1 1500/1/1
f 1501/1/1 1503/1/1 1504/1/1 1498/1/1
f 1502/1/1 1503/1/1 1501/1/1
f 1548/1/7 1575/1/7 1576/1/7 1549/1/7
f 1529/1/7 1530/1/7 1528/1/7
f 1528/1/7 1530/1/7 1531/1/7 1525/1/7
f 1525/1/7 1531/1/7 1532/1/7 1527/1/7
f 1527/1/7 1532/1/7 1533/1/7 1526/1/7
f 1533/1/7 1534/1/7 1526/1/7
f 1526/1/7 1534/1/7 1535/1/7 1524/1/7
f 1536/1/7 1550/1/7 1524/1/7 1535/1/7
f 1536/1/7 1537/1/7 1550/1/7
f 1538/1/7 1549/1/7 1550/1/7 1537/1/7
f 1538/1/7 1539/1/7 1549/1/7
f 1539/1/7 1540/1/7 1549/1/7
f 1541/1/210 1542/1/210 1540/1/210
f 1542/1/7 1543/1/7 1540/1/7
f 1543/1/7 1544/1/7 1540/1/7
f 1540/1/7 1544/1/7 1549/1/7
f 1544/1/7 1545/1/7 1549/1/7
f 1545/1/7 1546/1/7 1549/1/7
f 1547/1/7 1548/1/7 1549/1/7 1546/1/7
f 1575/1/7 1574/1/7 1576/1/7
f 1573/1/7 1576/1/7 1574/1/7
f 1572/1/7 1576/1/7 1573/1/7
f 1571/1/7 1576/1/7 1572/1/7
f 1568/1/7 1567/1/7 1569/1/7
f 1569/1/7 1567/1/7 1570/1/7
f 1570/1/211 1567/1/211 1571/1/211
f 1576/1/7 1571/1/7 1567/1/7
f 1567/1/7 1566/1/7 1576/1/7
f 1565/1/7 1576/1/7 1566/1/7
f 1565/1/7 1564/1/7 1577/1/7 1576/1/7
f 1563/1/7 1577/1/7 1564/1/7
f 1563/1/7 1562/1/7 1551/1/7 1577/1/7
f 1553/1/7 1551/1/7 1562/1/7 1561/1/7
f 1561/1/7 1560/1/7 1553/1/7
f 1554/1/7 1553/1/7 1560/1/7 1559/1/7
f 1552/1/7 1554/1/7 1559/1/7 1558/1/7
f 1555/1/7 1552/1/7 1558/1/7 1557/1/7
f 1556/1/7 1555/1/7 1557/1/7
f 1503/1/226 1502/1/226 1556/1/226 1557/1/226
f 1476/1/227 1477/1/227 1531/1/227 1530/1/227
f 1504/1/228 1503/1/228 1557/1/228 1558/1/228
f 1477/1/229 1478/1/229 1532/1/229 1531/1/229
f 1505/1/230 1504/1/230 1558/1/230 1559/1/230
f 1478/1/231 1479/1/231 1533/1/231 1532/1/231
f 1506/1/232 1505/1/232 1559/1/232 1560/1/232
f 1479/1/233 1480/1/233 1534/1/233 1533/1/233
f 1507/1/234 1506/1/234 1560/1/234 1561/1/234
f 1480/1/235 1481/1/235 1535/1/235 1534/1/235
f 1508/1/236 1507/1/236 1561/1/236 1562/1/236
f 1481/1/237 1482/1/237 1536/1/237 1535/1/237
f 1509/1/238 1508/1/238 1562/1/238 1563/1/238
f 1482/1/239 1483/1/239 1537/1/239 1536/1/239
f 1510/1/240 1509/1/240 1563/1/240 1564/1/240
f 1483/1/241 1484/1/241 1538/1/241 1537/1/241
f 1511/1/242 1510/1/242 1564/1/242 1565/1/242
f 1484/1/243 1485/1/243 1539/1/243 1538/1/243
f 1512/1/244 1511/1/244 1565/1/244 1566/1/244
f 1485/1/245 1486/1/245 1540/1/245 1539/1/245
f 1513/1/246 1512/1/246 1566/1/246 1567/1/246
f 1486/1/247 1487/1/247 1541/1/247 1540/1/247
f 1514/1/248 1513/1/248 1567/1/248 1568/1/248
f 1487/1/249 1488/1/249 1542/1/249 1541/1/249
f 1515/1/250 1514/1/250 1568/1/250 1569/1/250
f 1488/1/251 1489/1/251 1543/1/251 1542/1/251
f 1516/1/252 1515/1/252 1569/1/252 1570/1/252
f 1489/1/253 1490/1/253 1544/1/253 1543/1/253
f 1517/1/254 1516/1/254 1570/1/254 1571/1/254
f 1490/1/255 1491/1/255 1545/1/255 1544/1/255
f 1518/1/256 1517/1/256 1571/1/256 1572/1/256
f 1491/1/257 1492/1/257 1546/1/257 1545/1/257
f 1519/1/258 1518/1/258 1572/1/258 1573/1/258
f 1492/1/259 1493/1/259 1547/1/259 1546/1/259
f 1520/1/260 1519/1/260 1573/1/260 1574/1/260
f 1493/1/261 1494/1/261 1548/1/261 1547/1/261
f 1521/1/262 1520/1/262 1574/1/262 1575/1/262
f 1523/1/1 1522/1/1 1580/1/1 1581/1/1
f 1522/1/1 1495/1/1 1578/1/1 1580/1/1
f 1496/1/21 1470/1/21 1524/1/21 1550/1/21
f 1470/1/21 1472/1/21 1526/1/21 1524/1/21
f 1497/1/26 1523/1/26 1577/1/26 1551/1/26
f 1499/1/26 1497/1/26 1551/1/26 1553/1/26
f 1471/1/263 1474/1/263 1528/1/263 1525/1/263
f 1496/1/264 1550/1/264 1583/1/264 1579/1/264
f 1501/1/265 1498/1/265 1552/1/265 1555/1/265
f 1473/1/266 1471/1/266 1525/1/266 1527/1/266
f 1494/1/35 1521/1/35 1575/1/35 1548/1/35
f 1498/1/267 1500/1/267 1554/1/267 1552/1/267
f 1472/1/268 1473/1/268 1527/1/268 1526/1/268
f 1500/1/269 1499/1/269 1553/1/269 1554/1/269
f 1474/1/270 1475/1/270 1529/1/270 1528/1/270
f 1502/1/271 1501/1/271 1555/1/271 1556/1/271
f 1475/1/272 1476/1/272 1530/1/272 1529/1/272
f 1578/1/31 1579/1/31 1583/1/31 1582/1/31
f 1581/1/31 1580/1/31 1584/1/31 1585/1/31
f 1580/1/31 1578/1/31 1582/1/31 1584/1/31
f 1550/1/208 1549/1/208 1582/1/208 1583/1/208
f 1577/1/273 1523/1/273 1581/1/273 1585/1/273
f 1549/1/208 1576/1/208 1584/1/208 1582/1/208
f 1576/1/208 1577/1/208 1585/1/208 1584/1/208
f 1495/1/1 1496/1/1 1579/1/1 1578/1/1
f 1663/1/1 1667/1/1 1589/1/1 1619/1/1
f 1589/1/1 1593/1/1 1595/1/1 1591/1/1
f 1588/1/1 1590/1/1 1594/1/1 1592/1/1
f 1667/1/1 1668/1/1 1593/1/1 1589/1/1
f 1621/1/7 1599/1/7 1617/1/7 1623/1/7
f 1603/1/31 1604/1/31 1612/1/31 1611/1/31
f 1601/1/159 1605/1/159 1613/1/159 1609/1/159
f 1604/1/160 1600/1/160 1608/1/160 1612/1/160
f 1589/1/35 1591/1/35 1601/1/35 1599/1/35
f 1619/1/26 1589/1/26 1599/1/26 1621/1/26
f 1591/1/161 1595/1/161 1605/1/161 1601/1/161
f 1644/1/31 1592/1/31 1603/1/31 1647/1/31
f 1636/1/21 1586/1/21 1597/1/21 1637/1/21
f 1592/1/31 1594/1/31 1604/1/31 1603/1/31
f 1590/1/35 1588/1/35 1596/1/35 1600/1/35
f 1594/1/160 1590/1/160 1600/1/160 1604/1/160
f 1660/1/35 1587/1/35 1598/1/35 1661/1/35
f 1595/1/31 1593/1/31 1602/1/31 1605/1/31
f 1606/1/7 1609/1/7 1613/1/7 1610/1/7
f 1607/1/7 1611/1/7 1612/1/7 1608/1/7
f 1671/1/7 1606/1/7 1610/1/7 1672/1/7
f 1599/1/35 1601/1/35 1609/1/35 1606/1/35
f 1669/1/35 1599/1/35 1606/1/35 1671/1/35
f 1605/1/31 1602/1/31 1610/1/31 1613/1/31
f 1647/1/31 1603/1/31 1611/1/31 1649/1/31
f 1600/1/35 1596/1/35 1607/1/35 1608/1/35
f 1637/1/7 1597/1/7 1615/1/7 1638/1/7
f 1646/1/7 1596/1/7 1614/1/7 1651/1/7
f 1661/1/7 1598/1/7 1616/1/7 1662/1/7
f 1596/1/7 1620/1/7 1622/1/7 1614/1/7
f 1675/1/7 1629/1/7 1623/1/7 1674/1/7
f 1588/1/21 1618/1/21 1620/1/21 1596/1/21
f 1627/1/26 1619/1/26 1621/1/26 1628/1/26
f 1628/1/7 1621/1/7 1623/1/7 1629/1/7
f 1664/1/1 1663/1/1 1619/1/1 1627/1/1
f 1665/1/1 1664/1/1 1627/1/1 1633/1/1
f 1634/1/7 1628/1/7 1629/1/7 1635/1/7
f 1633/1/26 1627/1/26 1628/1/26 1634/1/26
f 1673/1/35 1651/1/35 1684/1/35 1697/1/35
f 1620/1/7 1625/1/7 1626/1/7 1622/1/7
f 1618/1/21 1624/1/21 1625/1/21 1620/1/21
f 1677/1/7 1641/1/7 1635/1/7 1676/1/7
f 1639/1/26 1633/1/26 1634/1/26 1640/1/26
f 1640/1/7 1634/1/7 1635/1/7 1641/1/7
f 1666/1/1 1665/1/1 1633/1/1 1639/1/1
f 1625/1/7 1631/1/7 1632/1/7 1626/1/7
f 1624/1/21 1630/1/21 1631/1/21 1625/1/21
f 1660/1/1 1666/1/1 1639/1/1 1587/1/1
f 1598/1/7 1640/1/7 1641/1/7 1616/1/7
f 1587/1/26 1639/1/26 1640/1/26 1598/1/26
f 1675/1/26 1676/1/26 1700/1/26 1699/1/26
f 1631/1/7 1637/1/7 1638/1/7 1632/1/7
f 1630/1/21 1636/1/21 1637/1/21 1631/1/21
f 1615/1/31 1650/1/31 1696/1/31 1679/1/31
f 1586/1/1 1636/1/1 1658/1/1 1642/1/1
f 1636/1/1 1630/1/1 1657/1/1 1658/1/1
f 1638/1/7 1659/1/7 1656/1/7 1632/1/7
f 1616/1/21 1641/1/21 1694/1/21 1681/1/21
f 1630/1/1 1624/1/1 1654/1/1 1657/1/1
f 1624/1/1 1618/1/1 1653/1/1 1654/1/1
f 1626/1/7 1655/1/7 1652/1/7 1622/1/7
f 1597/1/7 1645/1/7 1650/1/7 1615/1/7
f 1669/1/7 1646/1/7 1651/1/7 1673/1/7
f 1670/1/31 1647/1/31 1649/1/31 1672/1/31
f 1596/1/35 1646/1/35 1648/1/35 1607/1/35
f 1607/1/7 1648/1/7 1649/1/7 1611/1/7
f 1586/1/35 1642/1/35 1645/1/35 1597/1/35
f 1668/1/31 1644/1/31 1647/1/31 1670/1/31
f 1588/1/1 1592/1/1 1644/1/1 1643/1/1
f 1618/1/1 1588/1/1 1643/1/1 1653/1/1
f 1593/1/31 1668/1/31 1670/1/31 1602/1/31
f 1602/1/31 1670/1/31 1672/1/31 1610/1/31
f 1599/1/7 1669/1/7 1673/1/7 1617/1/7
f 1650/1/7 1662/1/7 1677/1/7 1659/1/7
f 1642/1/1 1658/1/1 1666/1/1 1660/1/1
f 1658/1/1 1657/1/1 1665/1/1 1666/1/1
f 1659/1/7 1677/1/7 1676/1/7 1656/1/7
f 1656/1/7 1676/1/7 1675/1/7 1655/1/7
f 1657/1/1 1654/1/1 1664/1/1 1665/1/1
f 1654/1/1 1653/1/1 1663/1/1 1664/1/1
f 1655/1/7 1675/1/7 1674/1/7 1652/1/7
f 1645/1/7 1661/1/7 1662/1/7 1650/1/7
f 1646/1/35 1669/1/35 1671/1/35 1648/1/35
f 1648/1/7 1671/1/7 1672/1/7 1649/1/7
f 1642/1/35 1660/1/35 1661/1/35 1645/1/35
f 1643/1/1 1644/1/1 1668/1/1 1667/1/1
f 1653/1/1 1643/1/1 1667/1/1 1663/1/1
f 1614/1/26 1622/1/26 1686/1/26 1685/1/26
f 1700/1/7 1688/1/7 1689/1/7 1699/1/7
f 1680/1/7 1681/1/7 1694/1/7 1701/1/7
f 1679/1/7 1696/1/7 1695/1/7 1678/1/7
f 1692/1/7 1693/1/7 1690/1/7 1691/1/7
f 1698/1/7 1682/1/7 1683/1/7 1697/1/7 1684/1/7 1685/1/7 1686/1/7 1687/1/7
f 1652/1/31 1674/1/31 1698/1/31 1687/1/31
f 1655/1/35 1626/1/35 1691/1/35 1690/1/35
f 1650/1/21 1659/1/21 1695/1/21 1696/1/21
f 1638/1/26 1615/1/26 1679/1/26 1678/1/26
f 1622/1/31 1652/1/31 1687/1/31 1686/1/31
f 1617/1/35 1673/1/35 1697/1/35 1683/1/35
f 1677/1/162 1662/1/162 1680/1/162 1701/1/162
f 1632/1/31 1656/1/31 1693/1/31 1692/1/31
f 1662/1/31 1616/1/31 1681/1/31 1680/1/31
f 1659/1/35 1638/1/35 1678/1/35 1695/1/35
f 1674/1/31 1623/1/31 1682/1/31 1698/1/31
f 1623/1/21 1617/1/21 1683/1/21 1682/1/21
f 1629/1/35 1675/1/35 1699/1/35 1689/1/35
f 1635/1/21 1629/1/21 1689/1/21 1688/1/21
f 1651/1/35 1614/1/35 1685/1/35 1684/1/35
f 1676/1/31 1635/1/31 1688/1/31 1700/1/31
f 1656/1/21 1655/1/21 1690/1/21 1693/1/21
f 1641/1/35 1677/1/35 1701/1/35 1694/1/35
f 1626/1/26 1632/1/26 1692/1/26 1691/1/26
f 1726/1/1 1727/1/1 1754/1/1 1753/1/1
f 1707/1/1 1706/1/1 1708/1/1
f 1706/1/1 1703/1/1 1709/1/1 1708/1/1
f 1703/1/1 1705/1/1 1710/1/1 1709/1/1
f 1705/1/1 1704/1/1 1711/1/1 1710/1/1
f 1711/1/1 1704/1/1 1712/1/1
f 1704/1/1 1702/1/1 1713/1/1 1712/1/1
f 1714/1/1 1713/1/1 1702/1/1 1728/1/1
f 1714/1/1 1728/1/1 1715/1/1
f 1716/1/1 1715/1/1 1728/1/1 1727/1/1
f 1716/1/1 1727/1/1 1717/1/1
f 1717/1/1 1727/1/1 1718/1/1
f 1719/1/274 1718/1/274 1720/1/274
f 1720/1/1 1718/1/1 1721/1/1
f 1721/1/1 1718/1/1 1722/1/1
f 1718/1/1 1727/1/1 1722/1/1
f 1722/1/1 1727/1/1 1723/1/1
f 1723/1/1 1727/1/1 1724/1/1
f 1725/1/1 1724/1/1 1727/1/1 1726/1/1
f 1753/1/1 1754/1/1 1752/1/1
f 1751/1/1 1752/1/1 1754/1/1
f 1750/1/1 1751/1/1 1754/1/1
f 1749/1/1 1750/1/1 1754/1/1
f 1746/1/1 1747/1/1 1745/1/1
f 1747/1/1 1748/1/1 1745/1/1
f 1748/1/1 1749/1/1 1745/1/1
f 1754/1/1 1745/1/1 1749/1/1
f 1745/1/1 1754/1/1 1744/1/1
f 1743/1/1 1744/1/1 1754/1/1
f 1743/1/1 1754/1/1 1755/1/1 1742/1/1
f 1741/1/1 1742/1/1 1755/1/1
f 1741/1/1 1755/1/1 1729/1/1 1740/1/1
f 1731/1/1 1739/1/1 1740/1/1 1729/1/1
f 1739/1/1 1731/1/1 1738/1/1
f 1732/1/1 1737/1/1 1738/1/1 1731/1/1
f 1730/1/1 1736/1/1 1737/1/1 1732/1/1
f 1733/1/1 1735/1/1 1736/1/1 1730/1/1
f 1734/1/1 1735/1/1 1733/1/1
f 1780/1/7 1807/1/7 1808/1/7 1781/1/7
f 1761/1/7 1762/1/7 1760/1/7
f 1760/1/7 1762/1/7 1763/1/7 1757/1/7
f 1757/1/7 1763/1/7 1764/1/7 1759/1/7
f 1759/1/7 1764/1/7 1765/1/7 1758/1/7
f 1765/1/7 1766/1/7 1758/1/7
f 1758/1/7 1766/1/7 1767/1/7 1756/1/7
f 1768/1/7 1782/1/7 1756/1/7 1767/1/7
f 1768/1/7 1769/1/7 1782/1/7
f 1770/1/7 1781/1/7 1782/1/7 1769/1/7
f 1770/1/7 1771/1/7 1781/1/7
f 1771/1/7 1772/1/7 1781/1/7
f 1773/1/7 1774/1/7 1772/1/7
f 1774/1/7 1775/1/7 1772/1/7
f 1775/1/7 1776/1/7 1772/1/7
f 1772/1/7 1776/1/7 1781/1/7
f 1776/1/7 1777/1/7 1781/1/7
f 1777/1/7 1778/1/7 1781/1/7
f 1779/1/7 1780/1/7 1781/1/7 1778/1/7
f 1807/1/7 1806/1/7 1808/1/7
f 1805/1/7 1808/1/7 1806/1/7
f 1804/1/7 1808/1/7 1805/1/7
f 1803/1/7 1808/1/7 1804/1/7
f 1800/1/210 1799/1/210 1801/1/210
f 1801/1/7 1799/1/7 1802/1/7
f 1802/1/7 1799/1/7 1803/1/7
f 1808/1/7 1803/1/7 1799/1/7
f 1799/1/7 1798/1/7 1808/1/7
f 1797/1/7 1808/1/7 1798/1/7
f 1797/1/7 1796/1/7 1809/1/7 1808/1/7
f 1795/1/7 1809/1/7 1796/1/7
f 1795/1/7 1794/1/7 1783/1/7 1809/1/7
f 1785/1/7 1783/1/7 1794/1/7 1793/1/7
f 1793/1/7 1792/1/7 1785/1/7
f 1786/1/7 1785/1/7 1792/1/7 1791/1/7
f 1784/1/7 1786/1/7 1791/1/7 1790/1/7
f 1787/1/7 1784/1/7 1790/1/7 1789/1/7
f 1788/1/7 1787/1/7 1789/1/7
f 1735/1/163 1734/1/163 1788/1/163 1789/1/163
f 1708/1/164 1709/1/164 1763/1/164 1762/1/164
f 1736/1/165 1735/1/165 1789/1/165 1790/1/165
f 1709/1/212 1710/1/212 1764/1/212 1763/1/212
f 1737/1/167 1736/1/167 1790/1/167 1791/1/167
f 1710/1/168 1711/1/168 1765/1/168 1764/1/168
f 1738/1/169 1737/1/169 1791/1/169 1792/1/169
f 1711/1/170 1712/1/170 1766/1/170 1765/1/170
f 1739/1/171 1738/1/171 1792/1/171 1793/1/171
f 1712/1/213 1713/1/213 1767/1/213 1766/1/213
f 1740/1/173 1739/1/173 1793/1/173 1794/1/173
f 1713/1/174 1714/1/174 1768/1/174 1767/1/174
f 1741/1/175 1740/1/175 1794/1/175 1795/1/175
f 1714/1/176 1715/1/176 1769/1/176 1768/1/176
f 1742/1/177 1741/1/177 1795/1/177 1796/1/177
f 1715/1/178 1716/1/178 1770/1/178 1769/1/178
f 1743/1/179 1742/1/179 1796/1/179 1797/1/179
f 1716/1/215 1717/1/215 1771/1/215 1770/1/215
f 1744/1/275 1743/1/275 1797/1/275 1798/1/275
f 1717/1/216 1718/1/216 1772/1/216 1771/1/216
f 1745/1/276 1744/1/276 1798/1/276 1799/1/276
f 1718/1/184 1719/1/184 1773/1/184 1772/1/184
f 1746/1/185 1745/1/185 1799/1/185 1800/1/185
f 1719/1/186 1720/1/186 1774/1/186 1773/1/186
f 1747/1/187 1746/1/187 1800/1/187 1801/1/187
f 1720/1/277 1721/1/277 1775/1/277 1774/1/277
f 1748/1/278 1747/1/278 1801/1/278 1802/1/278
f 1721/1/279 1722/1/279 1776/1/279 1775/1/279
f 1749/1/217 1748/1/217 1802/1/217 1803/1/217
f 1722/1/218 1723/1/218 1777/1/218 1776/1/218
f 1750/1/193 1749/1/193 1803/1/193 1804/1/193
f 1723/1/194 1724/1/194 1778/1/194 1777/1/194
f 1751/1/195 1750/1/195 1804/1/195 1805/1/195
f 1724/1/280 1725/1/280 1779/1/280 1778/1/280
f 1752/1/197 1751/1/197 1805/1/197 1806/1/197
f 1725/1/198 1726/1/198 1780/1/198 1779/1/198
f 1753/1/199 1752/1/199 1806/1/199 1807/1/199
f 1755/1/1 1754/1/1 1812/1/1 1813/1/1
f 1754/1/1 1727/1/1 1810/1/1 1812/1/1
f 1728/1/21 1702/1/21 1756/1/21 1782/1/21
f 1702/1/21 1704/1/21 1758/1/21 1756/1/21
f 1729/1/26 1755/1/26 1809/1/26 1783/1/26
f 1731/1/26 1729/1/26 1783/1/26 1785/1/26
f 1703/1/10 1706/1/10 1760/1/10 1757/1/10
f 1728/1/281 1782/1/281 1815/1/281 1811/1/281
f 1733/1/16 1730/1/16 1784/1/16 1787/1/16
f 1705/1/201 1703/1/201 1757/1/201 1759/1/201
f 1726/1/35 1753/1/35 1807/1/35 1780/1/35
f 1730/1/202 1732/1/202 1786/1/202 1784/1/202
f 1704/1/203 1705/1/203 1759/1/203 1758/1/203
f 1732/1/204 1731/1/204 1785/1/204 1786/1/204
f 1706/1/205 1707/1/205 1761/1/205 1760/1/205
f 1734/1/206 1733/1/206 1787/1/206 1788/1/206
f 1707/1/207 1708/1/207 1762/1/207 1761/1/207
f 1810/1/31 1811/1/31 1815/1/31 1814/1/31
f 1813/1/31 1812/1/31 1816/1/31 1817/1/31
f 1812/1/31 1810/1/31 1814/1/31 1816/1/31
f 1782/1/208 1781/1/208 1814/1/208 1815/1/208
f 1809/1/282 1755/1/282 1813/1/282 1817/1/282
f 1781/1/208 1808/1/208 1816/1/208 1814/1/208
f 1808/1/208 1809/1/208 1817/1/208 1816/1/208
f 1727/1/1 1728/1/1 1811/1/1 1810/1/1
f 1895/1/1 1899/1/1 1821/1/1 1851/1/1
f 1821/1/1 1825/1/1 1827/1/1 1823/1/1
f 1820/1/1 1822/1/1 1826/1/1 1824/1/1
f 1899/1/1 1900/1/1 1825/1/1 1821/1/1
f 1853/1/7 1831/1/7 1849/1/7 1855/1/7
f 1835/1/31 1836/1/31 1844/1/31 1843/1/31
f 1833/1/159 1837/1/159 1845/1/159 1841/1/159
f 1836/1/160 1832/1/160 1840/1/160 1844/1/160
f 1821/1/35 1823/1/35 1833/1/35 1831/1/35
f 1851/1/26 1821/1/26 1831/1/26 1853/1/26
f 1823/1/161 1827/1/161 1837/1/161 1833/1/161
f 1876/1/31 1824/1/31 1835/1/31 1879/1/31
f 1868/1/21 1818/1/21 1829/1/21 1869/1/21
f 1824/1/31 1826/1/31 1836/1/31 1835/1/31
f 1822/1/35 1820/1/35 1828/1/35 1832/1/35
f 1826/1/160 1822/1/160 1832/1/160 1836/1/160
f 1892/1/35 1819/1/35 1830/1/35 1893/1/35
f 1827/1/31 1825/1/31 1834/1/31 1837/1/31
f 1838/1/7 1841/1/7 1845/1/7 1842/1/7
f 1839/1/7 1843/1/7 1844/1/7 1840/1/7
f 1903/1/7 1838/1/7 1842/1/7 1904/1/7
f 1831/1/35 1833/1/35 1841/1/35 1838/1/35
f 1901/1/35 1831/1/35 1838/1/35 1903/1/35
f 1837/1/31 1834/1/31 1842/1/31 1845/1/31
f 1879/1/31 1835/1/31 1843/1/31 1881/1/31
f 1832/1/35 1828/1/35 1839/1/35 1840/1/35
f 1869/1/7 1829/1/7 1847/1/7 1870/1/7
f 1878/1/7 1828/1/7 1846/1/7 1883/1/7
f 1893/1/7 1830/1/7 1848/1/7 1894/1/7
f 1828/1/7 1852/1/7 1854/1/7 1846/1/7
f 1907/1/7 1861/1/7 1855/1/7 1906/1/7
f 1820/1/21 1850/1/21 1852/1/21 1828/1/21
f 1859/1/26 1851/1/26 1853/1/26 1860/1/26
f 1860/1/7 1853/1/7 1855/1/7 1861/1/7
f 1896/1/1 1895/1/1 1851/1/1 1859/1/1
f 1897/1/1 1896/1/1 1859/1/1 1865/1/1
f 1866/1/7 1860/1/7 1861/1/7 1867/1/7
f 1865/1/26 1859/1/26 1860/1/26 1866/1/26
f 1905/1/35 1883/1/35 1916/1/35 1929/1/35
f 1852/1/7 1857/1/7 1858/1/7 1854/1/7
f 1850/1/21 1856/1/21 1857/1/21 1852/1/21
f 1909/1/7 1873/1/7 1867/1/7 1908/1/7
f 1871/1/26 1865/1/26 1866/1/26 1872/1/26
f 1872/1/7 1866/1/7 1867/1/7 1873/1/7
f 1898/1/1 1897/1/1 1865/1/1 1871/1/1
f 1857/1/7 1863/1/7 1864/1/7 1858/1/7
f 1856/1/21 1862/1/21 1863/1/21 1857/1/21
f 1892/1/1 1898/1/1 1871/1/1 1819/1/1
f 1830/1/7 1872/1/7 1873/1/7 1848/1/7
f 1819/1/26 1871/1/26 1872/1/26 1830/1/26
f 1907/1/26 1908/1/26 1932/1/26 1931/1/26
f 1863/1/7 1869/1/7 1870/1/7 1864/1/7
f 1862/1/21 1868/1/21 1869/1/21 1863/1/21
f 1847/1/31 1882/1/31 1928/1/31 1911/1/31
f 1818/1/1 1868/1/1 1890/1/1 1874/1/1
f 1868/1/1 1862/1/1 1889/1/1 1890/1/1
f 1870/1/7 1891/1/7 1888/1/7 1864/1/7
f 1848/1/21 1873/1/21 1926/1/21 1913/1/21
f 1862/1/1 1856/1/1 1886/1/1 1889/1/1
f 1856/1/1 1850/1/1 1885/1/1 1886/1/1
f 1858/1/7 1887/1/7 1884/1/7 1854/1/7
f 1829/1/7 1877/1/7 1882/1/7 1847/1/7
f 1901/1/7 1878/1/7 1883/1/7 1905/1/7
f 1902/1/31 1879/1/31 1881/1/31 1904/1/31
f 1828/1/35 1878/1/35 1880/1/35 1839/1/35
f 1839/1/7 1880/1/7 1881/1/7 1843/1/7
f 1818/1/35 1874/1/35 1877/1/35 1829/1/35
f 1900/1/31 1876/1/31 1879/1/31 1902/1/31
f 1820/1/1 1824/1/1 1876/1/1 1875/1/1
f 1850/1/1 1820/1/1 1875/1/1 1885/1/1
f 1825/1/31 1900/1/31 1902/1/31 1834/1/31
f 1834/1/31 1902/1/31 1904/1/31 1842/1/31
f 1831/1/7 1901/1/7 1905/1/7 1849/1/7
f 1882/1/7 1894/1/7 1909/1/7 1891/1/7
f 1874/1/1 1890/1/1 1898/1/1 1892/1/1
f 1890/1/1 1889/1/1 1897/1/1 1898/1/1
f 1891/1/7 1909/1/7 1908/1/7 1888/1/7
f 1888/1/7 1908/1/7 1907/1/7 1887/1/7
f 1889/1/1 1886/1/1 1896/1/1 1897/1/1
f 1886/1/1 1885/1/1 1895/1/1 1896/1/1
f 1887/1/7 1907/1/7 1906/1/7 1884/1/7
f 1877/1/7 1893/1/7 1894/1/7 1882/1/7
f 1878/1/35 1901/1/35 1903/1/35 1880/1/35
f 1880/1/7 1903/1/7 1904/1/7 1881/1/7
f 1874/1/35 1892/1/35 1893/1/35 1877/1/35
f 1875/1/1 1876/1/1 1900/1/1 1899/1/1
f 1885/1/1 1875/1/1 1899/1/1 1895/1/1
f 1846/1/26 1854/1/26 1918/1/26 1917/1/26
f 1932/1/7 1920/1/7 1921/1/7 1931/1/7
f 1912/1/7 1913/1/7 1926/1/7 1933/1/7
f 1911/1/7 1928/1/7 1927/1/7 1910/1/7
f 1924/1/7 1925/1/7 1922/1/7 1923/1/7
f 1930/1/7 1914/1/7 1915/1/7 1929/1/7 1916/1/7 1917/1/7 1918/1/7 1919/1/7
f 1884/1/31 1906/1/31 1930/1/31 1919/1/31
f 1887/1/35 1858/1/35 1923/1/35 1922/1/35
f 1882/1/21 1891/1/21 1927/1/21 1928/1/21
f 1870/1/26 1847/1/26 1911/1/26 1910/1/26
f 1854/1/31 1884/1/31 1919/1/31 1918/1/31
f 1849/1/35 1905/1/35 1929/1/35 1915/1/35
f 1909/1/162 1894/1/162 1912/1/162 1933/1/162
f 1864/1/31 1888/1/31 1925/1/31 1924/1/31
f 1894/1/31 1848/1/31 1913/1/31 1912/1/31
f 1891/1/35 1870/1/35 1910/1/35 1927/1/35
f 1906/1/31 1855/1/31 1914/1/31 1930/1/31
f 1855/1/21 1849/1/21 1915/1/21 1914/1/21
f 1861/1/35 1907/1/35 1931/1/35 1921/1/35
f 1867/1/21 1861/1/21 1921/1/21 1920/1/21
f 1883/1/35 1846/1/35 1917/1/35 1916/1/35
f 1908/1/31 1867/1/31 1920/1/31 1932/1/31
f 1888/1/21 1887/1/21 1922/1/21 1925/1/21
f 1873/1/35 1909/1/35 1933/1/35 1926/1/35
f 1858/1/26 1864/1/26 1924/1/26 1923/1/26
f 1958/1/1 1959/1/1 1986/1/1 1985/1/1
f 1939/1/1 1938/1/1 1940/1/1
f 1938/1/1 1935/1/1 1941/1/1 1940/1/1
f 1935/1/1 1937/1/1 1942/1/1 1941/1/1
f 1937/1/1 1936/1/1 1943/1/1 1942/1/1
f 1943/1/1 1936/1/1 1944/1/1
f 1936/1/1 1934/1/1 1945/1/1 1944/1/1
f 1946/1/1 1945/1/1 1934/1/1 1960/1/1
f 1946/1/1 1960/1/1 1947/1/1
f 1948/1/1 1947/1/1 1960/1/1 1959/1/1
f 1948/1/1 1959/1/1 1949/1/1
f 1949/1/1 1959/1/1 1950/1/1
f 1951/1/1 1950/1/1 1952/1/1
f 1952/1/1 1950/1/1 1953/1/1
f 1953/1/1 1950/1/1 1954/1/1
f 1950/1/1 1959/1/1 1954/1/1
f 1954/1/1 1959/1/1 1955/1/1
f 1955/1/1 1959/1/1 1956/1/1
f 1957/1/1 1956/1/1 1959/1/1 1958/1/1
f 1985/1/1 1986/1/1 1984/1/1
f 1983/1/1 1984/1/1 1986/1/1
f 1982/1/1 1983/1/1 1986/1/1
f 1981/1/1 1982/1/1 1986/1/1
f 1978/1/1 1979/1/1 1977/1/1
f 1979/1/1 1980/1/1 1977/1/1
f 1980/1/1 1981/1/1 1977/1/1
f 1986/1/1 1977/1/1 1981/1/1
f 1977/1/1 1986/1/1 1976/1/1
f 1975/1/1 1976/1/1 1986/1/1
f 1975/1/1 1986/1/1 1987/1/1 1974/1/1
f 1973/1/1 1974/1/1 1987/1/1
f 1973/1/1 1987/1/1 1961/1/1 1972/1/1
f 1963/1/1 1971/1/1 1972/1/1 1961/1/1
f 1971/1/1 1963/1/1 1970/1/1
f 1964/1/1 1969/1/1 1970/1/1 1963/1/1
f 1962/1/1 1968/1/1 1969/1/1 1964/1/1
f 1965/1/1 1967/1/1 1968/1/1 1962/1/1
f 1966/1/1 1967/1/1 1965/1/1
f 2012/1/7 2039/1/7 2040/1/7 2013/1/7
f 1993/1/7 1994/1/7 1992/1/7
f 1992/1/7 1994/1/7 1995/1/7 1989/1/7
f 1989/1/7 1995/1/7 1996/1/7 1991/1/7
f 1991/1/7 1996/1/7 1997/1/7 1990/1/7
f 1997/1/7 1998/1/7 1990/1/7
f 1990/1/7 1998/1/7 1999/1/7 1988/1/7
f 2000/1/7 2014/1/7 1988/1/7 1999/1/7
f 2000/1/7 2001/1/7 2014/1/7
f 2002/1/7 2013/1/7 2014/1/7 2001/1/7
f 2002/1/7 2003/1/7 2013/1/7
f 2003/1/7 2004/1/7 2013/1/7
f 2005/1/7 2006/1/7 2004/1/7
f 2006/1/7 2007/1/7 2004/1/7
f 2007/1/7 2008/1/7 2004/1/7
f 2004/1/7 2008/1/7 2013/1/7
f 2008/1/7 2009/1/7 2013/1/7
f 2009/1/7 2010/1/7 2013/1/7
f 2011/1/7 2012/1/7 2013/1/7 2010/1/7
f 2039/1/7 2038/1/7 2040/1/7
f 2037/1/7 2040/1/7 2038/1/7
f 2036/1/7 2040/1/7 2037/1/7
f 2035/1/7 2040/1/7 2036/1/7
f 2032/1/7 2031/1/7 2033/1/7
f 2033/1/7 2031/1/7 2034/1/7
f 2034/1/7 2031/1/7 2035/1/7
f 2040/1/7 2035/1/7 2031/1/7
f 2031/1/7 2030/1/7 2040/1/7
f 2029/1/7 2040/1/7 2030/1/7
f 2029/1/7 2028/1/7 2041/1/7 2040/1/7
f 2027/1/7 2041/1/7 2028/1/7
f 2027/1/7 2026/1/7 2015/1/7 2041/1/7
f 2017/1/7 2015/1/7 2026/1/7 2025/1/7
f 2025/1/7 2024/1/7 2017/1/7
f 2018/1/7 2017/1/7 2024/1/7 2023/1/7
f 2016/1/7 2018/1/7 2023/1/7 2022/1/7
f 2019/1/7 2016/1/7 2022/1/7 2021/1/7
f 2020/1/7 2019/1/7 2021/1/7
f 1967/1/163 1966/1/163 2020/1/163 2021/1/163
f 1940/1/164 1941/1/164 1995/1/164 1994/1/164
f 1968/1/165 1967/1/165 2021/1/165 2022/1/165
f 1941/1/212 1942/1/212 1996/1/212 1995/1/212
f 1969/1/167 1968/1/167 2022/1/167 2023/1/167
f 1942/1/283 1943/1/283 1997/1/283 1996/1/283
f 1970/1/169 1969/1/169 2023/1/169 2024/1/169
f 1943/1/170 1944/1/170 1998/1/170 1997/1/170
f 1971/1/171 1970/1/171 2024/1/171 2025/1/171
f 1944/1/213 1945/1/213 1999/1/213 1998/1/213
f 1972/1/214 1971/1/214 2025/1/214 2026/1/214
f 1945/1/174 1946/1/174 2000/1/174 1999/1/174
f 1973/1/175 1972/1/175 2026/1/175 2027/1/175
f 1946/1/176 1947/1/176 2001/1/176 2000/1/176
f 1974/1/177 1973/1/177 2027/1/177 2028/1/177
f 1947/1/178 1948/1/178 2002/1/178 2001/1/178
f 1975/1/179 1974/1/179 2028/1/179 2029/1/179
f 1948/1/215 1949/1/215 2003/1/215 2002/1/215
f 1976/1/275 1975/1/275 2029/1/275 2030/1/275
f 1949/1/216 1950/1/216 2004/1/216 2003/1/216
f 1977/1/183 1976/1/183 2030/1/183 2031/1/183
f 1950/1/184 1951/1/184 2005/1/184 2004/1/184
f 1978/1/185 1977/1/185 2031/1/185 2032/1/185
f 1951/1/186 1952/1/186 2006/1/186 2005/1/186
f 1979/1/187 1978/1/187 2032/1/187 2033/1/187
f 1952/1/188 1953/1/188 2007/1/188 2006/1/188
f 1980/1/189 1979/1/189 2033/1/189 2034/1/189
f 1953/1/190 1954/1/190 2008/1/190 2007/1/190
f 1981/1/217 1980/1/217 2034/1/217 2035/1/217
f 1954/1/218 1955/1/218 2009/1/218 2008/1/218
f 1982/1/284 1981/1/284 2035/1/284 2036/1/284
f 1955/1/194 1956/1/194 2010/1/194 2009/1/194
f 1983/1/195 1982/1/195 2036/1/195 2037/1/195
f 1956/1/280 1957/1/280 2011/1/280 2010/1/280
f 1984/1/219 1983/1/219 2037/1/219 2038/1/219
f 1957/1/220 1958/1/220 2012/1/220 2011/1/220
f 1985/1/221 1984/1/221 2038/1/221 2039/1/221
f 1987/1/1 1986/1/1 2044/1/1 2045/1/1
f 1986/1/1 1959/1/1 2042/1/1 2044/1/1
f 1960/1/21 1934/1/21 1988/1/21 2014/1/21
f 1934/1/21 1936/1/21 1990/1/21 1988/1/21
f 1961/1/26 1987/1/26 2041/1/26 2015/1/26
f 1963/1/26 1961/1/26 2015/1/26 2017/1/26
f 1935/1/13 1938/1/13 1992/1/13 1989/1/13
f 1960/1/281 2014/1/281 2047/1/281 2043/1/281
f 1965/1/16 1962/1/16 2016/1/16 2019/1/16
f 1937/1/201 1935/1/201 1989/1/201 1991/1/201
f 1958/1/35 1985/1/35 2039/1/35 2012/1/35
f 1962/1/202 1964/1/202 2018/1/202 2016/1/202
f 1936/1/203 1937/1/203 1991/1/203 1990/1/203
f 1964/1/204 1963/1/204 2017/1/204 2018/1/204
f 1938/1/205 1939/1/205 1993/1/205 1992/1/205
f 1966/1/206 1965/1/206 2019/1/206 2020/1/206
f 1939/1/207 1940/1/207 1994/1/207 1993/1/207
f 2042/1/31 2043/1/31 2047/1/31 2046/1/31
f 2045/1/31 2044/1/31 2048/1/31 2049/1/31
f 2044/1/31 2042/1/31 2046/1/31 2048/1/31
f 2014/1/208 2013/1/208 2046/1/208 2047/1/208
f 2041/1/282 1987/1/282 2045/1/282 2049/1/282
f 2013/1/208 2040/1/208 2048/1/208 2046/1/208
f 2040/1/208 2041/1/208 2049/1/208 2048/1/208
f 1959/1/1 1960/1/1 2043/1/1 2042/1/1
f 2074/1/1 2075/1/1 2102/1/1 2101/1/1
f 2055/1/1 2054/1/1 2056/1/1
f 2054/1/1 2051/1/1 2057/1/1 2056/1/1
f 2051/1/1 2053/1/1 2058/1/1 2057/1/1
f 2053/1/1 2052/1/1 2059/1/1 2058/1/1
f 2059/1/1 2052/1/1 2060/1/1
f 2052/1/1 2050/1/1 2061/1/1 2060/1/1
f 2062/1/1 2061/1/1 2050/1/1 2076/1/1
f 2062/1/1 2076/1/1 2063/1/1
f 2064/1/1 2063/1/1 2076/1/1 2075/1/1
f 2064/1/1 2075/1/1 2065/1/1
f 2065/1/1 2075/1/1 2066/1/1
f 2067/1/1 2066/1/1 2068/1/1
f 2068/1/1 2066/1/1 2069/1/1
f 2069/1/1 2066/1/1 2070/1/1
f 2066/1/1 2075/1/1 2070/1/1
f 2070/1/1 2075/1/1 2071/1/1
f 2071/1/1 2075/1/1 2072/1/1
f 2073/1/1 2072/1/1 2075/1/1 2074/1/1
f 2101/1/1 2102/1/1 2100/1/1
f 2099/1/1 2100/1/1 2102/1/1
f 2098/1/1 2099/1/1 2102/1/1
f 2097/1/1 2098/1/1 2102/1/1
f 2094/1/1 2095/1/1 2093/1/1
f 2095/1/1 2096/1/1 2093/1/1
f 2096/1/1 2097/1/1 2093/1/1
f 2102/1/1 2093/1/1 2097/1/1
f 2093/1/1 2102/1/1 2092/1/1
f 2091/1/1 2092/1/1 2102/1/1
f 2091/1/1 2102/1/1 2103/1/1 2090/1/1
f 2089/1/1 2090/1/1 2103/1/1
f 2089/1/1 2103/1/1 2077/1/1 2088/1/1
f 2079/1/1 2087/1/1 2088/1/1 2077/1/1
f 2087/1/1 2079/1/1 2086/1/1
f 2080/1/1 2085/1/1 2086/1/1 2079/1/1
f 2078/1/1 2084/1/1 2085/1/1 2080/1/1
f 2081/1/1 2083/1/1 2084/1/1 2078/1/1
f 2082/1/1 2083/1/1 2081/1/1
f 2128/1/7 2155/1/7 2156/1/7 2129/1/7
f 2109/1/7 2110/1/7 2108/1/7
f 2108/1/7 2110/1/7 2111/1/7 2105/1/7
f 2105/1/7 2111/1/7 2112/1/7 2107/1/7
f 2107/1/7 2112/1/7 2113/1/7 2106/1/7
f 2113/1/7 2114/1/7 2106/1/7
f 2106/1/7 2114/1/7 2115/1/7 2104/1/7
f 2116/1/7 2130/1/7 2104/1/7 2115/1/7
f 2116/1/7 2117/1/7 2130/1/7
f 2118/1/7 2129/1/7 2130/1/7 2117/1/7
f 2118/1/7 2119/1/7 2129/1/7
f 2119/1/7 2120/1/7 2129/1/7
f 2121/1/7 2122/1/7 2120/1/7
f 2122/1/7 2123/1/7 2120/1/7
f 2123/1/7 2124/1/7 2120/1/7
f 2120/1/7 2124/1/7 2129/1/7
f 2124/1/7 2125/1/7 2129/1/7
f 2125/1/7 2126/1/7 2129/1/7
f 2127/1/7 2128/1/7 2129/1/7 2126/1/7
f 2155/1/7 2154/1/7 2156/1/7
f 2153/1/7 2156/1/7 2154/1/7
f 2152/1/7 2156/1/7 2153/1/7
f 2151/1/7 2156/1/7 2152/1/7
f 2148/1/7 2147/1/7 2149/1/7
f 2149/1/7 2147/1/7 2150/1/7
f 2150/1/7 2147/1/7 2151/1/7
f 2156/1/7 2151/1/7 2147/1/7
f 2147/1/7 2146/1/7 2156/1/7
f 2145/1/7 2156/1/7 2146/1/7
f 2145/1/7 2144/1/7 2157/1/7 2156/1/7
f 2143/1/7 2157/1/7 2144/1/7
f 2143/1/7 2142/1/7 2131/1/7 2157/1/7
f 2133/1/7 2131/1/7 2142/1/7 2141/1/7
f 2141/1/7 2140/1/7 2133/1/7
f 2134/1/7 2133/1/7 2140/1/7 2139/1/7
f 2132/1/7 2134/1/7 2139/1/7 2138/1/7
f 2135/1/7 2132/1/7 2138/1/7 2137/1/7
f 2136/1/7 2135/1/7 2137/1/7
f 2083/1/163 2082/1/163 2136/1/163 2137/1/163
f 2056/1/164 2057/1/164 2111/1/164 2110/1/164
f 2084/1/165 2083/1/165 2137/1/165 2138/1/165
f 2057/1/166 2058/1/166 2112/1/166 2111/1/166
f 2085/1/167 2084/1/167 2138/1/167 2139/1/167
f 2058/1/168 2059/1/168 2113/1/168 2112/1/168
f 2086/1/169 2085/1/169 2139/1/169 2140/1/169
f 2059/1/170 2060/1/170 2114/1/170 2113/1/170
f 2087/1/171 2086/1/171 2140/1/171 2141/1/171
f 2060/1/172 2061/1/172 2115/1/172 2114/1/172
f 2088/1/214 2087/1/214 2141/1/214 2142/1/214
f 2061/1/174 2062/1/174 2116/1/174 2115/1/174
f 2089/1/175 2088/1/175 2142/1/175 2143/1/175
f 2062/1/285 2063/1/285 2117/1/285 2116/1/285
f 2090/1/286 2089/1/286 2143/1/286 2144/1/286
f 2063/1/178 2064/1/178 2118/1/178 2117/1/178
f 2091/1/179 2090/1/179 2144/1/179 2145/1/179
f 2064/1/180 2065/1/180 2119/1/180 2118/1/180
f 2092/1/181 2091/1/181 2145/1/181 2146/1/181
f 2065/1/216 2066/1/216 2120/1/216 2119/1/216
f 2093/1/183 2092/1/183 2146/1/183 2147/1/183
f 2066/1/184 2067/1/184 2121/1/184 2120/1/184
f 2094/1/185 2093/1/185 2147/1/185 2148/1/185
f 2067/1/186 2068/1/186 2122/1/186 2121/1/186
f 2095/1/187 2094/1/187 2148/1/187 2149/1/187
f 2068/1/188 2069/1/188 2123/1/188 2122/1/188
f 2096/1/189 2095/1/189 2149/1/189 2150/1/189
f 2069/1/190 2070/1/190 2124/1/190 2123/1/190
f 2097/1/191 2096/1/191 2150/1/191 2151/1/191
f 2070/1/192 2071/1/192 2125/1/192 2124/1/192
f 2098/1/284 2097/1/284 2151/1/284 2152/1/284
f 2071/1/194 2072/1/194 2126/1/194 2125/1/194
f 2099/1/195 2098/1/195 2152/1/195 2153/1/195
f 2072/1/280 2073/1/280 2127/1/280 2126/1/280
f 2100/1/197 2099/1/197 2153/1/197 2154/1/197
f 2073/1/287 2074/1/287 2128/1/287 2127/1/287
f 2101/1/288 2100/1/288 2154/1/288 2155/1/288
f 2103/1/1 2102/1/1 2160/1/1 2161/1/1
f 2102/1/1 2075/1/1 2158/1/1 2160/1/1
f 2076/1/21 2050/1/21 2104/1/21 2130/1/21
f 2050/1/21 2052/1/21 2106/1/21 2104/1/21
f 2077/1/26 2103/1/26 2157/1/26 2131/1/26
f 2079/1/26 2077/1/26 2131/1/26 2133/1/26
f 2051/1/13 2054/1/13 2108/1/13 2105/1/13
f 2076/1/281 2130/1/281 2163/1/281 2159/1/281
f 2081/1/16 2078/1/16 2132/1/16 2135/1/16
f 2053/1/201 2051/1/201 2105/1/201 2107/1/201
f 2074/1/35 2101/1/35 2155/1/35 2128/1/35
f 2078/1/202 2080/1/202 2134/1/202 2132/1/202
f 2052/1/289 2053/1/289 2107/1/289 2106/1/289
f 2080/1/204 2079/1/204 2133/1/204 2134/1/204
f 2054/1/205 2055/1/205 2109/1/205 2108/1/205
f 2082/1/206 2081/1/206 2135/1/206 2136/1/206
f 2055/1/207 2056/1/207 2110/1/207 2109/1/207
f 2158/1/31 2159/1/31 2163/1/31 2162/1/31
f 2161/1/31 2160/1/31 2164/1/31 2165/1/31
f 2160/1/31 2158/1/31 2162/1/31 2164/1/31
f 2130/1/208 2129/1/208 2162/1/208 2163/1/208
f 2157/1/209 2103/1/209 2161/1/209 2165/1/209
f 2129/1/208 2156/1/208 2164/1/208 2162/1/208
f 2156/1/208 2157/1/208 2165/1/208 2164/1/208
f 2075/1/1 2076/1/1 2159/1/1 2158/1/1
f 2173/1/1 2179/1/1 2176/1/1 2170/1/1
f 2171/1/1 2174/1/1 2172/1/1 2178/1/1 2189/1/1 2188/1/1 2177/1/1
f 2182/1/1 2183/1/1 2175/1/1 2169/1/1
f 2169/1/1 2175/1/1 2179/1/1 2173/1/1
f 2170/1/1 2176/1/1 2181/1/1 2180/1/1
f 2187/1/1 2186/1/1 2226/1/1 2225/1/1 2188/1/1 2189/1/1 2228/1/1 2227/1/1
f 2184/1/1 2181/1/1 2187/1/1
f 2183/1/1 2185/1/1 2186/1/1
f 2186/1/1 2187/1/1 2181/1/1 2183/1/1
f 2180/1/1 2181/1/1 2184/1/1 2230/1/1 2229/1/1 2178/1/1 2172/1/1
f 2171/1/1 2177/1/1 2223/1/1 2224/1/1 2185/1/1 2183/1/1 2182/1/1
f 2173/1/290 2190/1/290 2192/1/290 2169/1/290
f 2170/1/291 2191/1/291 2190/1/291 2173/1/291
f 2196/1/7 2197/1/7 2207/1/7 2206/1/7
f 2201/1/7 2204/1/7 2212/1/7 2211/1/7 2210/1/7 2203/1/7 2200/1/7
f 2197/1/292 2221/1/292 2258/1/292 2255/1/292
f 2193/1/293 2194/1/293 2205/1/293 2218/1/293
f 2198/1/7 2199/1/7 2209/1/7 2208/1/7
f 2199/1/7 2196/1/7 2206/1/7 2209/1/7
f 2197/1/7 2202/1/7 2213/1/7 2207/1/7
f 2215/1/7 2217/1/7 2213/1/7
f 2208/1/7 2216/1/7 2214/1/7
f 2216/1/7 2208/1/7 2213/1/7 2217/1/7
f 2202/1/7 2203/1/7 2210/1/7 2215/1/7 2213/1/7
f 2201/1/7 2198/1/7 2208/1/7 2214/1/7 2204/1/7
f 2219/1/7 2218/1/7 2220/1/7 2222/1/7
f 2218/1/7 2205/1/7 2221/1/7 2220/1/7
f 2195/1/294 2193/1/294 2218/1/294 2219/1/294
f 2222/1/295 2199/1/295 2250/1/295 2252/1/295
f 2196/1/296 2199/1/296 2222/1/296 2220/1/296
f 2197/1/297 2196/1/297 2220/1/297 2221/1/297
f 2180/1/298 2172/1/298 2203/1/298 2202/1/298
f 2175/1/299 2183/1/299 2208/1/299 2209/1/299
f 2170/1/299 2180/1/299 2202/1/299 2197/1/299
f 2189/1/2 2178/1/2 2210/1/2 2211/1/2
f 2188/1/300 2225/1/300 2226/1/300 2186/1/300 2216/1/300 2212/1/300
f 2181/1/301 2176/1/301 2207/1/301 2213/1/301
f 2178/1/300 2229/1/300 2230/1/300 2184/1/300 2215/1/300 2210/1/300
f 2168/1/302 2167/1/302 2194/1/302 2193/1/302
f 2179/1/303 2175/1/303 2209/1/303 2206/1/303
f 2187/1/304 2227/1/304 2228/1/304 2189/1/304 2211/1/304 2217/1/304
f 2185/1/299 2224/1/299 2223/1/299 2177/1/299 2204/1/299 2214/1/299
f 2166/1/305 2168/1/305 2193/1/305 2195/1/305
f 2177/1/306 2188/1/306 2212/1/306 2204/1/306
f 2194/1/307 2167/1/307 2254/1/307 2256/1/307
f 2171/1/308 2182/1/308 2198/1/308 2201/1/308
f 2184/1/309 2187/1/309 2217/1/309 2215/1/309
f 2199/1/310 2169/1/310 2248/1/310 2250/1/310
f 2182/1/301 2169/1/301 2199/1/301 2198/1/301
f 2186/1/309 2185/1/309 2214/1/309 2216/1/309
f 2176/1/311 2179/1/311 2206/1/311 2207/1/311
f 2179/1/7 2176/1/7 2181/1/7 2183/1/7 2175/1/7
f 2224/1/1 2231/1/1 2232/1/1 2226/1/1
f 2230/1/1 2227/1/1 2233/1/1 2234/1/1
f 2236/1/21 2238/1/21 2242/1/21 2240/1/21
f 2230/1/26 2234/1/26 2238/1/26 2236/1/26
f 2227/1/26 2230/1/26 2236/1/26 2235/1/26
f 2233/1/26 2227/1/26 2235/1/26 2237/1/26
f 2234/1/26 2233/1/26 2237/1/26 2238/1/26
f 2240/1/7 2242/1/7 2241/1/7 2239/1/7
f 2235/1/31 2236/1/31 2240/1/31 2239/1/31
f 2237/1/26 2235/1/26 2239/1/26 2241/1/26
f 2238/1/35 2237/1/35 2241/1/35 2242/1/35
f 2243/1/7 2244/1/7 2246/1/7 2245/1/7
f 2224/1/312 2226/1/312 2244/1/312 2243/1/312
f 2231/1/26 2224/1/26 2243/1/26 2245/1/26
f 2232/1/313 2231/1/313 2245/1/313 2246/1/313
f 2226/1/21 2232/1/21 2246/1/21 2244/1/21
f 2229/1/7 2178/1/7 2189/1/7 2237/1/7 2238/1/7
f 2187/1/7 2184/1/7 2236/1/7 2235/1/7
f 2226/1/7 2224/1/7 2185/1/7 2186/1/7
f 2177/1/7 2223/1/7 2231/1/7 2232/1/7 2225/1/7 2188/1/7
f 2169/1/314 2166/1/314 2247/1/314 2248/1/314
f 2166/1/315 2195/1/315 2249/1/315 2247/1/315
f 2195/1/316 2219/1/316 2251/1/316 2249/1/316
f 2219/1/317 2222/1/317 2252/1/317 2251/1/317
f 2221/1/318 2205/1/318 2257/1/318 2258/1/318
f 2167/1/319 2170/1/319 2253/1/319 2254/1/319
f 2170/1/320 2197/1/320 2255/1/320 2253/1/320
f 2205/1/321 2194/1/321 2256/1/321 2257/1/321
f 2168/1/1 2173/1/1 2170/1/1 2167/1/1
f 2166/1/1 2169/1/1 2173/1/1 2168/1/1
f 2283/1/1 2284/1/1 2311/1/1 2310/1/1
f 2264/1/1 2263/1/1 2265/1/1
f 2263/1/1 2260/1/1 2266/1/1 2265/1/1
f 2260/1/1 2262/1/1 2267/1/1 2266/1/1
f 2262/1/1 2261/1/1 2268/1/1 2267/1/1
f 2268/1/1 2261/1/1 2269/1/1
f 2261/1/1 2259/1/1 2270/1/1 2269/1/1
f 2271/1/1 2270/1/1 2259/1/1 2285/1/1
f 2271/1/1 2285/1/1 2272/1/1
f 2273/1/1 2272/1/1 2285/1/1 2284/1/1
f 2273/1/1 2284/1/1 2274/1/1
f 2274/1/1 2284/1/1 2275/1/1
f 2276/1/322 2275/1/322 2277/1/322
f 2277/1/1 2275/1/1 2278/1/1
f 2278/1/1 2275/1/1 2279/1/1
f 2275/1/1 2284/1/1 2279/1/1
f 2279/1/1 2284/1/1 2280/1/1
f 2280/1/1 2284/1/1 2281/1/1
f 2282/1/1 2281/1/1 2284/1/1 2283/1/1
f 2310/1/1 2311/1/1 2309/1/1
f 2308/1/1 2309/1/1 2311/1/1
f 2307/1/1 2308/1/1 2311/1/1
f 2306/1/1 2307/1/1 2311/1/1
f 2303/1/322 2304/1/322 2302/1/322
f 2304/1/1 2305/1/1 2302/1/1
f 2305/1/1 2306/1/1 2302/1/1
f 2311/1/1 2302/1/1 2306/1/1
f 2302/1/1 2311/1/1 2301/1/1
f 2300/1/1 2301/1/1 2311/1/1
f 2300/1/1 2311/1/1 2312/1/1 2299/1/1
f 2298/1/1 2299/1/1 2312/1/1
f 2298/1/1 2312/1/1 2286/1/1 2297/1/1
f 2288/1/1 2296/1/1 2297/1/1 2286/1/1
f 2296/1/1 2288/1/1 2295/1/1
f 2289/1/1 2294/1/1 2295/1/1 2288/1/1
f 2287/1/1 2293/1/1 2294/1/1 2289/1/1
f 2290/1/1 2292/1/1 2293/1/1 2287/1/1
f 2291/1/1 2292/1/1 2290/1/1
f 2337/1/7 2364/1/7 2365/1/7 2338/1/7
f 2318/1/7 2319/1/7 2317/1/7
f 2317/1/7 2319/1/7 2320/1/7 2314/1/7
f 2314/1/7 2320/1/7 2321/1/7 2316/1/7
f 2316/1/7 2321/1/7 2322/1/7 2315/1/7
f 2322/1/7 2323/1/7 2315/1/7
f 2315/1/7 2323/1/7 2324/1/7 2313/1/7
f 2325/1/7 2339/1/7 2313/1/7 2324/1/7
f 2325/1/7 2326/1/7 2339/1/7
f 2327/1/7 2338/1/7 2339/1/7 2326/1/7
f 2327/1/7 2328/1/7 2338/1/7
f 2328/1/7 2329/1/7 2338/1/7
f 2330/1/7 2331/1/7 2329/1/7
f 2331/1/7 2332/1/7 2329/1/7
f 2332/1/7 2333/1/7 2329/1/7
f 2329/1/7 2333/1/7 2338/1/7
f 2333/1/7 2334/1/7 2338/1/7
f 2334/1/7 2335/1/7 2338/1/7
f 2336/1/7 2337/1/7 2338/1/7 2335/1/7
f 2364/1/7 2363/1/7 2365/1/7
f 2362/1/7 2365/1/7 2363/1/7
f 2361/1/7 2365/1/7 2362/1/7
f 2360/1/7 2365/1/7 2361/1/7
f 2357/1/210 2356/1/210 2358/1/210
f 2358/1/7 2356/1/7 2359/1/7
f 2359/1/7 2356/1/7 2360/1/7
f 2365/1/7 2360/1/7 2356/1/7
f 2356/1/7 2355/1/7 2365/1/7
f 2354/1/7 2365/1/7 2355/1/7
f 2354/1/7 2353/1/7 2366/1/7 2365/1/7
f 2352/1/7 2366/1/7 2353/1/7
f 2352/1/7 2351/1/7 2340/1/7 2366/1/7
f 2342/1/7 2340/1/7 2351/1/7 2350/1/7
f 2350/1/7 2349/1/7 2342/1/7
f 2343/1/7 2342/1/7 2349/1/7 2348/1/7
f 2341/1/7 2343/1/7 2348/1/7 2347/1/7
f 2344/1/7 2341/1/7 2347/1/7 2346/1/7
f 2345/1/7 2344/1/7 2346/1/7
f 2292/1/163 2291/1/163 2345/1/163 2346/1/163
f 2265/1/164 2266/1/164 2320/1/164 2319/1/164
f 2293/1/165 2292/1/165 2346/1/165 2347/1/165
f 2266/1/212 2267/1/212 2321/1/212 2320/1/212
f 2294/1/167 2293/1/167 2347/1/167 2348/1/167
f 2267/1/168 2268/1/168 2322/1/168 2321/1/168
f 2295/1/169 2294/1/169 2348/1/169 2349/1/169
f 2268/1/323 2269/1/323 2323/1/323 2322/1/323
f 2296/1/171 2295/1/171 2349/1/171 2350/1/171
f 2269/1/172 2270/1/172 2324/1/172 2323/1/172
f 2297/1/173 2296/1/173 2350/1/173 2351/1/173
f 2270/1/174 2271/1/174 2325/1/174 2324/1/174
f 2298/1/175 2297/1/175 2351/1/175 2352/1/175
f 2271/1/285 2272/1/285 2326/1/285 2325/1/285
f 2299/1/286 2298/1/286 2352/1/286 2353/1/286
f 2272/1/178 2273/1/178 2327/1/178 2326/1/178
f 2300/1/179 2299/1/179 2353/1/179 2354/1/179
f 2273/1/215 2274/1/215 2328/1/215 2327/1/215
f 2301/1/275 2300/1/275 2354/1/275 2355/1/275
f 2274/1/216 2275/1/216 2329/1/216 2328/1/216
f 2302/1/183 2301/1/183 2355/1/183 2356/1/183
f 2275/1/184 2276/1/184 2330/1/184 2329/1/184
f 2303/1/185 2302/1/185 2356/1/185 2357/1/185
f 2276/1/186 2277/1/186 2331/1/186 2330/1/186
f 2304/1/187 2303/1/187 2357/1/187 2358/1/187
f 2277/1/188 2278/1/188 2332/1/188 2331/1/188
f 2305/1/189 2304/1/189 2358/1/189 2359/1/189
f 2278/1/324 2279/1/324 2333/1/324 2332/1/324
f 2306/1/217 2305/1/217 2359/1/217 2360/1/217
f 2279/1/218 2280/1/218 2334/1/218 2333/1/218
f 2307/1/193 2306/1/193 2360/1/193 2361/1/193
f 2280/1/194 2281/1/194 2335/1/194 2334/1/194
f 2308/1/195 2307/1/195 2361/1/195 2362/1/195
f 2281/1/280 2282/1/280 2336/1/280 2335/1/280
f 2309/1/219 2308/1/219 2362/1/219 2363/1/219
f 2282/1/287 2283/1/287 2337/1/287 2336/1/287
f 2310/1/288 2309/1/288 2363/1/288 2364/1/288
f 2312/1/1 2311/1/1 2369/1/1 2370/1/1
f 2311/1/1 2284/1/1 2367/1/1 2369/1/1
f 2285/1/21 2259/1/21 2313/1/21 2339/1/21
f 2259/1/21 2261/1/21 2315/1/21 2313/1/21
f 2286/1/26 2312/1/26 2366/1/26 2340/1/26
f 2288/1/26 2286/1/26 2340/1/26 2342/1/26
f 2260/1/13 2263/1/13 2317/1/13 2314/1/13
f 2285/1/200 2339/1/200 2372/1/200 2368/1/200
f 2290/1/16 2287/1/16 2341/1/16 2344/1/16
f 2262/1/325 2260/1/325 2314/1/325 2316/1/325
f 2283/1/35 2310/1/35 2364/1/35 2337/1/35
f 2287/1/202 2289/1/202 2343/1/202 2341/1/202
f 2261/1/289 2262/1/289 2316/1/289 2315/1/289
f 2289/1/204 2288/1/204 2342/1/204 2343/1/204
f 2263/1/205 2264/1/205 2318/1/205 2317/1/205
f 2291/1/206 2290/1/206 2344/1/206 2345/1/206
f 2264/1/207 2265/1/207 2319/1/207 2318/1/207
f 2367/1/31 2368/1/31 2372/1/31 2371/1/31
f 2370/1/31 2369/1/31 2373/1/31 2374/1/31
f 2369/1/31 2367/1/31 2371/1/31 2373/1/31
f 2339/1/208 2338/1/208 2371/1/208 2372/1/208
f 2366/1/209 2312/1/209 2370/1/209 2374/1/209
f 2338/1/208 2365/1/208 2373/1/208 2371/1/208
f 2365/1/208 2366/1/208 2374/1/208 2373/1/208
f 2284/1/1 2285/1/1 2368/1/1 2367/1/1
f 2382/1/1 2388/1/1 2385/1/1 2379/1/1
f 2380/1/1 2383/1/1 2381/1/1 2387/1/1 2398/1/1 2397/1/1 2386/1/1
f 2391/1/1 2392/1/1 2384/1/1 2378/1/1
f 2378/1/1 2384/1/1 2388/1/1 2382/1/1
f 2379/1/1 2385/1/1 2390/1/1 2389/1/1
f 2396/1/1 2395/1/1 2435/1/1 2434/1/1 2397/1/1 2398/1/1 2437/1/1 2436/1/1
f 2393/1/1 2390/1/1 2396/1/1
f 2392/1/1 2394/1/1 2395/1/1
f 2395/1/1 2396/1/1 2390/1/1 2392/1/1
f 2389/1/1 2390/1/1 2393/1/1 2439/1/1 2438/1/1 2387/1/1 2381/1/1
f 2380/1/1 2386/1/1 2432/1/1 2433/1/1 2394/1/1 2392/1/1 2391/1/1
f 2382/1/290 2399/1/290 2401/1/290 2378/1/290
f 2379/1/291 2400/1/291 2399/1/291 2382/1/291
f 2405/1/7 2406/1/7 2416/1/7 2415/1/7
f 2410/1/7 2413/1/7 2421/1/7 2420/1/7 2419/1/7 2412/1/7 2409/1/7
f 2406/1/292 2430/1/292 2467/1/292 2464/1/292
f 2402/1/293 2403/1/293 2414/1/293 2427/1/293
f 2407/1/7 2408/1/7 2418/1/7 2417/1/7
f 2408/1/7 2405/1/7 2415/1/7 2418/1/7
f 2406/1/7 2411/1/7 2422/1/7 2416/1/7
f 2424/1/7 2426/1/7 2422/1/7
f 2417/1/7 2425/1/7 2423/1/7
f 2425/1/7 2417/1/7 2422/1/7 2426/1/7
f 2411/1/7 2412/1/7 2419/1/7 2424/1/7 2422/1/7
f 2410/1/7 2407/1/7 2417/1/7 2423/1/7 2413/1/7
f 2428/1/7 2427/1/7 2429/1/7 2431/1/7
f 2427/1/7 2414/1/7 2430/1/7 2429/1/7
f 2404/1/294 2402/1/294 2427/1/294 2428/1/294
f 2431/1/295 2408/1/295 2459/1/295 2461/1/295
f 2405/1/296 2408/1/296 2431/1/296 2429/1/296
f 2406/1/297 2405/1/297 2429/1/297 2430/1/297
f 2389/1/298 2381/1/298 2412/1/298 2411/1/298
f 2384/1/299 2392/1/299 2417/1/299 2418/1/299
f 2379/1/299 2389/1/299 2411/1/299 2406/1/299
f 2398/1/2 2387/1/2 2419/1/2 2420/1/2
f 2397/1/300 2434/1/300 2435/1/300 2395/1/300 2425/1/300 2421/1/300
f 2390/1/300 2385/1/300 2416/1/300 2422/1/300
f 2387/1/300 2438/1/300 2439/1/300 2393/1/300 2424/1/300 2419/1/300
f 2377/1/302 2376/1/302 2403/1/302 2402/1/302
f 2388/1/303 2384/1/303 2418/1/303 2415/1/303
f 2396/1/299 2436/1/299 2437/1/299 2398/1/299 2420/1/299 2426/1/299
f 2394/1/299 2433/1/299 2432/1/299 2386/1/299 2413/1/299 2423/1/299
f 2375/1/305 2377/1/305 2402/1/305 2404/1/305
f 2386/1/306 2397/1/306 2421/1/306 2413/1/306
f 2403/1/326 2376/1/326 2463/1/326 2465/1/326
f 2380/1/308 2391/1/308 2407/1/308 2410/1/308
f 2393/1/309 2396/1/309 2426/1/309 2424/1/309
f 2408/1/327 2378/1/327 2457/1/327 2459/1/327
f 2391/1/301 2378/1/301 2408/1/301 2407/1/301
f 2395/1/309 2394/1/309 2423/1/309 2425/1/309
f 2385/1/311 2388/1/311 2415/1/311 2416/1/311
f 2388/1/7 2385/1/7 2390/1/7 2392/1/7 2384/1/7
f 2433/1/1 2440/1/1 2441/1/1 2435/1/1
f 2439/1/1 2436/1/1 2442/1/1 2443/1/1
f 2445/1/21 2447/1/21 2451/1/21 2449/1/21
f 2439/1/26 2443/1/26 2447/1/26 2445/1/26
f 2436/1/26 2439/1/26 2445/1/26 2444/1/26
f 2442/1/26 2436/1/26 2444/1/26 2446/1/26
f 2443/1/26 2442/1/26 2446/1/26 2447/1/26
f 2449/1/7 2451/1/7 2450/1/7 2448/1/7
f 2444/1/31 2445/1/31 2449/1/31 2448/1/31
f 2446/1/26 2444/1/26 2448/1/26 2450/1/26
f 2447/1/35 2446/1/35 2450/1/35 2451/1/35
f 2452/1/7 2453/1/7 2455/1/7 2454/1/7
f 2433/1/312 2435/1/312 2453/1/312 2452/1/312
f 2440/1/26 2433/1/26 2452/1/26 2454/1/26
f 2441/1/313 2440/1/313 2454/1/313 2455/1/313
f 2435/1/21 2441/1/21 2455/1/21 2453/1/21
f 2438/1/7 2387/1/7 2398/1/7 2446/1/7 2447/1/7
f 2396/1/7 2393/1/7 2445/1/7 2444/1/7
f 2435/1/7 2433/1/7 2394/1/7 2395/1/7
f 2386/1/7 2432/1/7 2440/1/7 2441/1/7 2434/1/7 2397/1/7
f 2378/1/314 2375/1/314 2456/1/314 2457/1/314
f 2375/1/328 2404/1/328 2458/1/328 2456/1/328
f 2404/1/316 2428/1/316 2460/1/316 2458/1/316
f 2428/1/317 2431/1/317 2461/1/317 2460/1/317
f 2430/1/318 2414/1/318 2466/1/318 2467/1/318
f 2376/1/319 2379/1/319 2462/1/319 2463/1/319
f 2379/1/320 2406/1/320 2464/1/320 2462/1/320
f 2414/1/321 2403/1/321 2465/1/321 2466/1/321
f 2377/1/1 2382/1/1 2379/1/1 2376/1/1
f 2375/1/1 2378/1/1 2382/1/1 2377/1/1
f 2492/1/1 2493/1/1 2520/1/1 2519/1/1
f 2473/1/1 2472/1/1 2474/1/1
f 2472/1/1 2469/1/1 2475/1/1 2474/1/1
f 2469/1/1 2471/1/1 2476/1/1 2475/1/1
f 2471/1/1 2470/1/1 2477/1/1 2476/1/1
f 2477/1/1 2470/1/1 2478/1/1
f 2470/1/1 2468/1/1 2479/1/1 2478/1/1
f 2480/1/1 2479/1/1 2468/1/1 2494/1/1
f 2480/1/1 2494/1/1 2481/1/1
f 2482/1/1 2481/1/1 2494/1/1 2493/1/1
f 2482/1/1 2493/1/1 2483/1/1
f 2483/1/1 2493/1/1 2484/1/1
f 2485/1/1 2484/1/1 2486/1/1
f 2486/1/1 2484/1/1 2487/1/1
f 2487/1/1 2484/1/1 2488/1/1
f 2484/1/1 2493/1/1 2488/1/1
f 2488/1/1 2493/1/1 2489/1/1
f 2489/1/1 2493/1/1 2490/1/1
f 2491/1/1 2490/1/1 2493/1/1 2492/1/1
f 2519/1/1 2520/1/1 2518/1/1
f 2517/1/1 2518/1/1 2520/1/1
f 2516/1/1 2517/1/1 2520/1/1
f 2515/1/1 2516/1/1 2520/1/1
f 2512/1/1 2513/1/1 2511/1/1
f 2513/1/1 2514/1/1 2511/1/1
f 2514/1/1 2515/1/1 2511/1/1
f 2520/1/1 2511/1/1 2515/1/1
f 2511/1/1 2520/1/1 2510/1/1
f 2509/1/1 2510/1/1 2520/1/1
f 2509/1/1 2520/1/1 2521/1/1 2508/1/1
f 2507/1/1 2508/1/1 2521/1/1
f 2507/1/1 2521/1/1 2495/1/1 2506/1/1
f 2497/1/1 2505/1/1 2506/1/1 2495/1/1
f 2505/1/1 2497/1/1 2504/1/1
f 2498/1/1 2503/1/1 2504/1/1 2497/1/1
f 2496/1/1 2502/1/1 2503/1/1 2498/1/1
f 2499/1/1 2501/1/1 2502/1/1 2496/1/1
f 2500/1/1 2501/1/1 2499/1/1
f 2546/1/7 2573/1/7 2574/1/7 2547/1/7
f 2527/1/7 2528/1/7 2526/1/7
f 2526/1/7 2528/1/7 2529/1/7 2523/1/7
f 2523/1/7 2529/1/7 2530/1/7 2525/1/7
f 2525/1/7 2530/1/7 2531/1/7 2524/1/7
f 2531/1/7 2532/1/7 2524/1/7
f 2524/1/7 2532/1/7 2533/1/7 2522/1/7
f 2534/1/7 2548/1/7 2522/1/7 2533/1/7
f 2534/1/7 2535/1/7 2548/1/7
f 2536/1/7 2547/1/7 2548/1/7 2535/1/7
f 2536/1/7 2537/1/7 2547/1/7
f 2537/1/7 2538/1/7 2547/1/7
f 2539/1/7 2540/1/7 2538/1/7
f 2540/1/7 2541/1/7 2538/1/7
f 2541/1/7 2542/1/7 2538/1/7
f 2538/1/7 2542/1/7 2547/1/7
f 2542/1/7 2543/1/7 2547/1/7
f 2543/1/7 2544/1/7 2547/1/7
f 2545/1/7 2546/1/7 2547/1/7 2544/1/7
f 2573/1/7 2572/1/7 2574/1/7
f 2571/1/7 2574/1/7 2572/1/7
f 2570/1/7 2574/1/7 2571/1/7
f 2569/1/7 2574/1/7 2570/1/7
f 2566/1/7 2565/1/7 2567/1/7
f 2567/1/7 2565/1/7 2568/1/7
f 2568/1/7 2565/1/7 2569/1/7
f 2574/1/7 2569/1/7 2565/1/7
f 2565/1/7 2564/1/7 2574/1/7
f 2563/1/7 2574/1/7 2564/1/7
f 2563/1/7 2562/1/7 2575/1/7 2574/1/7
f 2561/1/7 2575/1/7 2562/1/7
f 2561/1/7 2560/1/7 2549/1/7 2575/1/7
f 2551/1/7 2549/1/7 2560/1/7 2559/1/7
f 2559/1/7 2558/1/7 2551/1/7
f 2552/1/7 2551/1/7 2558/1/7 2557/1/7
f 2550/1/7 2552/1/7 2557/1/7 2556/1/7
f 2553/1/7 2550/1/7 2556/1/7 2555/1/7
f 2554/1/7 2553/1/7 2555/1/7
f 2501/1/163 2500/1/163 2554/1/163 2555/1/163
f 2474/1/164 2475/1/164 2529/1/164 2528/1/164
f 2502/1/165 2501/1/165 2555/1/165 2556/1/165
f 2475/1/212 2476/1/212 2530/1/212 2529/1/212
f 2503/1/167 2502/1/167 2556/1/167 2557/1/167
f 2476/1/168 2477/1/168 2531/1/168 2530/1/168
f 2504/1/169 2503/1/169 2557/1/169 2558/1/169
f 2477/1/323 2478/1/323 2532/1/323 2531/1/323
f 2505/1/329 2504/1/329 2558/1/329 2559/1/329
f 2478/1/172 2479/1/172 2533/1/172 2532/1/172
f 2506/1/173 2505/1/173 2559/1/173 2560/1/173
f 2479/1/174 2480/1/174 2534/1/174 2533/1/174
f 2507/1/175 2506/1/175 2560/1/175 2561/1/175
f 2480/1/176 2481/1/176 2535/1/176 2534/1/176
f 2508/1/177 2507/1/177 2561/1/177 2562/1/177
f 2481/1/178 2482/1/178 2536/1/178 2535/1/178
f 2509/1/179 2508/1/179 2562/1/179 2563/1/179
f 2482/1/180 2483/1/180 2537/1/180 2536/1/180
f 2510/1/275 2509/1/275 2563/1/275 2564/1/275
f 2483/1/216 2484/1/216 2538/1/216 2537/1/216
f 2511/1/183 2510/1/183 2564/1/183 2565/1/183
f 2484/1/184 2485/1/184 2539/1/184 2538/1/184
f 2512/1/185 2511/1/185 2565/1/185 2566/1/185
f 2485/1/186 2486/1/186 2540/1/186 2539/1/186
f 2513/1/187 2512/1/187 2566/1/187 2567/1/187
f 2486/1/277 2487/1/277 2541/1/277 2540/1/277
f 2514/1/189 2513/1/189 2567/1/189 2568/1/189
f 2487/1/324 2488/1/324 2542/1/324 2541/1/324
f 2515/1/217 2514/1/217 2568/1/217 2569/1/217
f 2488/1/218 2489/1/218 2543/1/218 2542/1/218
f 2516/1/193 2515/1/193 2569/1/193 2570/1/193
f 2489/1/194 2490/1/194 2544/1/194 2543/1/194
f 2517/1/195 2516/1/195 2570/1/195 2571/1/195
f 2490/1/196 2491/1/196 2545/1/196 2544/1/196
f 2518/1/219 2517/1/219 2571/1/219 2572/1/219
f 2491/1/330 2492/1/330 2546/1/330 2545/1/330
f 2519/1/331 2518/1/331 2572/1/331 2573/1/331
f 2521/1/1 2520/1/1 2578/1/1 2579/1/1
f 2520/1/1 2493/1/1 2576/1/1 2578/1/1
f 2494/1/21 2468/1/21 2522/1/21 2548/1/21
f 2468/1/21 2470/1/21 2524/1/21 2522/1/21
f 2495/1/26 2521/1/26 2575/1/26 2549/1/26
f 2497/1/26 2495/1/26 2549/1/26 2551/1/26
f 2469/1/13 2472/1/13 2526/1/13 2523/1/13
f 2494/1/200 2548/1/200 2581/1/200 2577/1/200
f 2499/1/16 2496/1/16 2550/1/16 2553/1/16
f 2471/1/201 2469/1/201 2523/1/201 2525/1/201
f 2492/1/35 2519/1/35 2573/1/35 2546/1/35
f 2496/1/202 2498/1/202 2552/1/202 2550/1/202
f 2470/1/203 2471/1/203 2525/1/203 2524/1/203
f 2498/1/204 2497/1/204 2551/1/204 2552/1/204
f 2472/1/205 2473/1/205 2527/1/205 2526/1/205
f 2500/1/206 2499/1/206 2553/1/206 2554/1/206
f 2473/1/207 2474/1/207 2528/1/207 2527/1/207
f 2576/1/31 2577/1/31 2581/1/31 2580/1/31
f 2579/1/31 2578/1/31 2582/1/31 2583/1/31
f 2578/1/31 2576/1/31 2580/1/31 2582/1/31
f 2548/1/208 2547/1/208 2580/1/208 2581/1/208
f 2575/1/209 2521/1/209 2579/1/209 2583/1/209
f 2547/1/208 2574/1/208 2582/1/208 2580/1/208
f 2574/1/208 2575/1/208 2583/1/208 2582/1/208
f 2493/1/1 2494/1/1 2577/1/1 2576/1/1
f 2591/1/1 2597/1/1 2594/1/1 2588/1/1
f 2589/1/1 2592/1/1 2590/1/1 2596/1/1 2607/1/1 2606/1/1 2595/1/1
f 2600/1/1 2601/1/1 2593/1/1 2587/1/1
f 2587/1/1 2593/1/1 2597/1/1 2591/1/1
f 2588/1/1 2594/1/1 2599/1/1 2598/1/1
f 2605/1/1 2604/1/1 2644/1/1 2643/1/1 2606/1/1 2607/1/1 2646/1/1 2645/1/1
f 2602/1/1 2599/1/1 2605/1/1
f 2601/1/1 2603/1/1 2604/1/1
f 2604/1/1 2605/1/1 2599/1/1 2601/1/1
f 2598/1/1 2599/1/1 2602/1/1 2648/1/1 2647/1/1 2596/1/1 2590/1/1
f 2589/1/1 2595/1/1 2641/1/1 2642/1/1 2603/1/1 2601/1/1 2600/1/1
f 2591/1/290 2608/1/290 2610/1/290 2587/1/290
f 2588/1/291 2609/1/291 2608/1/291 2591/1/291
f 2614/1/7 2615/1/7 2625/1/7 2624/1/7
f 2619/1/7 2622/1/7 2630/1/7 2629/1/7 2628/1/7 2621/1/7 2618/1/7
f 2615/1/292 2639/1/292 2676/1/292 2673/1/292
f 2611/1/293 2612/1/293 2623/1/293 2636/1/293
f 2616/1/7 2617/1/7 2627/1/7 2626/1/7
f 2617/1/7 2614/1/7 2624/1/7 2627/1/7
f 2615/1/7 2620/1/7 2631/1/7 2625/1/7
f 2633/1/7 2635/1/7 2631/1/7
f 2626/1/7 2634/1/7 2632/1/7
f 2634/1/7 2626/1/7 2631/1/7 2635/1/7
f 2620/1/7 2621/1/7 2628/1/7 2633/1/7 2631/1/7
f 2619/1/7 2616/1/7 2626/1/7 2632/1/7 2622/1/7
f 2637/1/7 2636/1/7 2638/1/7 2640/1/7
f 2636/1/7 2623/1/7 2639/1/7 2638/1/7
f 2613/1/294 2611/1/294 2636/1/294 2637/1/294
f 2640/1/295 2617/1/295 2668/1/295 2670/1/295
f 2614/1/296 2617/1/296 2640/1/296 2638/1/296
f 2615/1/297 2614/1/297 2638/1/297 2639/1/297
f 2598/1/298 2590/1/298 2621/1/298 2620/1/298
f 2593/1/299 2601/1/299 2626/1/299 2627/1/299
f 2588/1/304 2598/1/304 2620/1/304 2615/1/304
f 2607/1/2 2596/1/2 2628/1/2 2629/1/2
f 2606/1/300 2643/1/300 2644/1/300 2604/1/300 2634/1/300 2630/1/300
f 2599/1/301 2594/1/301 2625/1/301 2631/1/301
f 2596/1/301 2647/1/301 2648/1/301 2602/1/301 2633/1/301 2628/1/301
f 2586/1/302 2585/1/302 2612/1/302 2611/1/302
f 2597/1/303 2593/1/303 2627/1/303 2624/1/303
f 2605/1/299 2645/1/299 2646/1/299 2607/1/299 2629/1/299 2635/1/299
f 2603/1/299 2642/1/299 2641/1/299 2595/1/299 2622/1/299 2632/1/299
f 2584/1/305 2586/1/305 2611/1/305 2613/1/305
f 2595/1/306 2606/1/306 2630/1/306 2622/1/306
f 2612/1/326 2585/1/326 2672/1/326 2674/1/326
f 2589/1/308 2600/1/308 2616/1/308 2619/1/308
f 2602/1/309 2605/1/309 2635/1/309 2633/1/309
f 2617/1/310 2587/1/310 2666/1/310 2668/1/310
f 2600/1/301 2587/1/301 2617/1/301 2616/1/301
f 2604/1/309 2603/1/309 2632/1/309 2634/1/309
f 2594/1/311 2597/1/311 2624/1/311 2625/1/311
f 2597/1/7 2594/1/7 2599/1/7 2601/1/7 2593/1/7
f 2642/1/1 2649/1/1 2650/1/1 2644/1/1
f 2648/1/1 2645/1/1 2651/1/1 2652/1/1
f 2654/1/21 2656/1/21 2660/1/21 2658/1/21
f 2648/1/26 2652/1/26 2656/1/26 2654/1/26
f 2645/1/26 2648/1/26 2654/1/26 2653/1/26
f 2651/1/26 2645/1/26 2653/1/26 2655/1/26
f 2652/1/26 2651/1/26 2655/1/26 2656/1/26
f 2658/1/7 2660/1/7 2659/1/7 2657/1/7
f 2653/1/31 2654/1/31 2658/1/31 2657/1/31
f 2655/1/26 2653/1/26 2657/1/26 2659/1/26
f 2656/1/35 2655/1/35 2659/1/35 2660/1/35
f 2661/1/7 2662/1/7 2664/1/7 2663/1/7
f 2642/1/312 2644/1/312 2662/1/312 2661/1/312
f 2649/1/26 2642/1/26 2661/1/26 2663/1/26
f 2650/1/313 2649/1/313 2663/1/313 2664/1/313
f 2644/1/21 2650/1/21 2664/1/21 2662/1/21
f 2647/1/7 2596/1/7 2607/1/7 2655/1/7 2656/1/7
f 2605/1/7 2602/1/7 2654/1/7 2653/1/7
f 2644/1/7 2642/1/7 2603/1/7 2604/1/7
f 2595/1/7 2641/1/7 2649/1/7 2650/1/7 2643/1/7 2606/1/7
f 2587/1/314 2584/1/314 2665/1/314 2666/1/314
f 2584/1/328 2613/1/328 2667/1/328 2665/1/328
f 2613/1/332 2637/1/332 2669/1/332 2667/1/332
f 2637/1/317 2640/1/317 2670/1/317 2669/1/317
f 2639/1/318 2623/1/318 2675/1/318 2676/1/318
f 2585/1/319 2588/1/319 2671/1/319 2672/1/319
f 2588/1/333 2615/1/333 2673/1/333 2671/1/333
f 2623/1/321 2612/1/321 2674/1/321 2675/1/321
f 2586/1/1 2591/1/1 2588/1/1 2585/1/1
f 2584/1/1 2587/1/1 2591/1/1 2586/1/1
f 2701/1/1 2702/1/1 2729/1/1 2728/1/1
f 2682/1/1 2681/1/1 2683/1/1
f 2681/1/1 2678/1/1 2684/1/1 2683/1/1
f 2678/1/1 2680/1/1 2685/1/1 2684/1/1
f 2680/1/1 2679/1/1 2686/1/1 2685/1/1
f 2686/1/1 2679/1/1 2687/1/1
f 2679/1/1 2677/1/1 2688/1/1 2687/1/1
f 2689/1/1 2688/1/1 2677/1/1 2703/1/1
f 2689/1/1 2703/1/1 2690/1/1
f 2691/1/1 2690/1/1 2703/1/1 2702/1/1
f 2691/1/1 2702/1/1 2692/1/1
f 2692/1/1 2702/1/1 2693/1/1
f 2694/1/1 2693/1/1 2695/1/1
f 2695/1/1 2693/1/1 2696/1/1
f 2696/1/1 2693/1/1 2697/1/1
f 2693/1/1 2702/1/1 2697/1/1
f 2697/1/1 2702/1/1 2698/1/1
f 2698/1/1 2702/1/1 2699/1/1
f 2700/1/1 2699/1/1 2702/1/1 2701/1/1
f 2728/1/1 2729/1/1 2727/1/1
f 2726/1/1 2727/1/1 2729/1/1
f 2725/1/1 2726/1/1 2729/1/1
f 2724/1/1 2725/1/1 2729/1/1
f 2721/1/1 2722/1/1 2720/1/1
f 2722/1/1 2723/1/1 2720/1/1
f 2723/1/1 2724/1/1 2720/1/1
f 2729/1/1 2720/1/1 2724/1/1
f 2720/1/1 2729/1/1 2719/1/1
f 2718/1/1 2719/1/1 2729/1/1
f 2718/1/1 2729/1/1 2730/1/1 2717/1/1
f 2716/1/1 2717/1/1 2730/1/1
f 2716/1/1 2730/1/1 2704/1/1 2715/1/1
f 2706/1/1 2714/1/1 2715/1/1 2704/1/1
f 2714/1/1 2706/1/1 2713/1/1
f 2707/1/1 2712/1/1 2713/1/1 2706/1/1
f 2705/1/1 2711/1/1 2712/1/1 2707/1/1
f 2708/1/1 2710/1/1 2711/1/1 2705/1/1
f 2709/1/1 2710/1/1 2708/1/1
f 2755/1/7 2782/1/7 2783/1/7 2756/1/7
f 2736/1/7 2737/1/7 2735/1/7
f 2735/1/7 2737/1/7 2738/1/7 2732/1/7
f 2732/1/7 2738/1/7 2739/1/7 2734/1/7
f 2734/1/7 2739/1/7 2740/1/7 2733/1/7
f 2740/1/7 2741/1/7 2733/1/7
f 2733/1/7 2741/1/7 2742/1/7 2731/1/7
f 2743/1/7 2757/1/7 2731/1/7 2742/1/7
f 2743/1/7 2744/1/7 2757/1/7
f 2745/1/7 2756/1/7 2757/1/7 2744/1/7
f 2745/1/7 2746/1/7 2756/1/7
f 2746/1/7 2747/1/7 2756/1/7
f 2748/1/211 2749/1/211 2747/1/211
f 2749/1/7 2750/1/7 2747/1/7
f 2750/1/7 2751/1/7 2747/1/7
f 2747/1/7 2751/1/7 2756/1/7
f 2751/1/7 2752/1/7 2756/1/7
f 2752/1/7 2753/1/7 2756/1/7
f 2754/1/7 2755/1/7 2756/1/7 2753/1/7
f 2782/1/7 2781/1/7 2783/1/7
f 2780/1/7 2783/1/7 2781/1/7
f 2779/1/7 2783/1/7 2780/1/7
f 2778/1/7 2783/1/7 2779/1/7
f 2775/1/210 2774/1/210 2776/1/210
f 2776/1/7 2774/1/7 2777/1/7
f 2777/1/7 2774/1/7 2778/1/7
f 2783/1/7 2778/1/7 2774/1/7
f 2774/1/7 2773/1/7 2783/1/7
f 2772/1/7 2783/1/7 2773/1/7
f 2772/1/7 2771/1/7 2784/1/7 2783/1/7
f 2770/1/7 2784/1/7 2771/1/7
f 2770/1/7 2769/1/7 2758/1/7 2784/1/7
f 2760/1/7 2758/1/7 2769/1/7 2768/1/7
f 2768/1/7 2767/1/7 2760/1/7
f 2761/1/7 2760/1/7 2767/1/7 2766/1/7
f 2759/1/7 2761/1/7 2766/1/7 2765/1/7
f 2762/1/7 2759/1/7 2765/1/7 2764/1/7
f 2763/1/7 2762/1/7 2764/1/7
f 2710/1/163 2709/1/163 2763/1/163 2764/1/163
f 2683/1/164 2684/1/164 2738/1/164 2737/1/164
f 2711/1/165 2710/1/165 2764/1/165 2765/1/165
f 2684/1/212 2685/1/212 2739/1/212 2738/1/212
f 2712/1/167 2711/1/167 2765/1/167 2766/1/167
f 2685/1/168 2686/1/168 2740/1/168 2739/1/168
f 2713/1/169 2712/1/169 2766/1/169 2767/1/169
f 2686/1/323 2687/1/323 2741/1/323 2740/1/323
f 2714/1/329 2713/1/329 2767/1/329 2768/1/329
f 2687/1/172 2688/1/172 2742/1/172 2741/1/172
f 2715/1/214 2714/1/214 2768/1/214 2769/1/214
f 2688/1/174 2689/1/174 2743/1/174 2742/1/174
f 2716/1/175 2715/1/175 2769/1/175 2770/1/175
f 2689/1/285 2690/1/285 2744/1/285 2743/1/285
f 2717/1/286 2716/1/286 2770/1/286 2771/1/286
f 2690/1/178 2691/1/178 2745/1/178 2744/1/178
f 2718/1/179 2717/1/179 2771/1/179 2772/1/179
f 2691/1/180 2692/1/180 2746/1/180 2745/1/180
f 2719/1/275 2718/1/275 2772/1/275 2773/1/275
f 2692/1/216 2693/1/216 2747/1/216 2746/1/216
f 2720/1/183 2719/1/183 2773/1/183 2774/1/183
f 2693/1/184 2694/1/184 2748/1/184 2747/1/184
f 2721/1/185 2720/1/185 2774/1/185 2775/1/185
f 2694/1/186 2695/1/186 2749/1/186 2748/1/186
f 2722/1/187 2721/1/187 2775/1/187 2776/1/187
f 2695/1/277 2696/1/277 2750/1/277 2749/1/277
f 2723/1/189 2722/1/189 2776/1/189 2777/1/189
f 2696/1/324 2697/1/324 2751/1/324 2750/1/324
f 2724/1/191 2723/1/191 2777/1/191 2778/1/191
f 2697/1/192 2698/1/192 2752/1/192 2751/1/192
f 2725/1/284 2724/1/284 2778/1/284 2779/1/284
f 2698/1/194 2699/1/194 2753/1/194 2752/1/194
f 2726/1/195 2725/1/195 2779/1/195 2780/1/195
f 2699/1/196 2700/1/196 2754/1/196 2753/1/196
f 2727/1/219 2726/1/219 2780/1/219 2781/1/219
f 2700/1/287 2701/1/287 2755/1/287 2754/1/287
f 2728/1/288 2727/1/288 2781/1/288 2782/1/288
f 2730/1/1 2729/1/1 2787/1/1 2788/1/1
f 2729/1/1 2702/1/1 2785/1/1 2787/1/1
f 2703/1/21 2677/1/21 2731/1/21 2757/1/21
f 2677/1/21 2679/1/21 2733/1/21 2731/1/21
f 2704/1/26 2730/1/26 2784/1/26 2758/1/26
f 2706/1/26 2704/1/26 2758/1/26 2760/1/26
f 2678/1/13 2681/1/13 2735/1/13 2732/1/13
f 2703/1/200 2757/1/200 2790/1/200 2786/1/200
f 2708/1/16 2705/1/16 2759/1/16 2762/1/16
f 2680/1/201 2678/1/201 2732/1/201 2734/1/201
f 2701/1/35 2728/1/35 2782/1/35 2755/1/35
f 2705/1/202 2707/1/202 2761/1/202 2759/1/202
f 2679/1/203 2680/1/203 2734/1/203 2733/1/203
f 2707/1/204 2706/1/204 2760/1/204 2761/1/204
f 2681/1/205 2682/1/205 2736/1/205 2735/1/205
f 2709/1/206 2708/1/206 2762/1/206 2763/1/206
f 2682/1/207 2683/1/207 2737/1/207 2736/1/207
f 2785/1/31 2786/1/31 2790/1/31 2789/1/31
f 2788/1/31 2787/1/31 2791/1/31 2792/1/31
f 2787/1/31 2785/1/31 2789/1/31 2791/1/31
f 2757/1/208 2756/1/208 2789/1/208 2790/1/208
f 2784/1/209 2730/1/209 2788/1/209 2792/1/209
f 2756/1/208 2783/1/208 2791/1/208 2789/1/208
f 2783/1/208 2784/1/208 2792/1/208 2791/1/208
f 2702/1/1 2703/1/1 2786/1/1 2785/1/1
f 2800/1/1 2806/1/1 2803/1/1 2797/1/1
f 2798/1/1 2801/1/1 2799/1/1 2805/1/1 2816/1/1 2815/1/1 2804/1/1
f 2809/1/1 2810/1/1 2802/1/1 2796/1/1
f 2796/1/1 2802/1/1 2806/1/1 2800/1/1
f 2797/1/1 2803/1/1 2808/1/1 2807/1/1
f 2814/1/1 2813/1/1 2853/1/1 2852/1/1 2815/1/1 2816/1/1 2855/1/1 2854/1/1
f 2811/1/1 2808/1/1 2814/1/1
f 2810/1/1 2812/1/1 2813/1/1
f 2813/1/1 2814/1/1 2808/1/1 2810/1/1
f 2807/1/1 2808/1/1 2811/1/1 2857/1/1 2856/1/1 2805/1/1 2799/1/1
f 2798/1/1 2804/1/1 2850/1/1 2851/1/1 2812/1/1 2810/1/1 2809/1/1
f 2800/1/290 2817/1/290 2819/1/290 2796/1/290
f 2797/1/291 2818/1/291 2817/1/291 2800/1/291
f 2823/1/7 2824/1/7 2834/1/7 2833/1/7
f 2828/1/7 2831/1/7 2839/1/7 2838/1/7 2837/1/7 2830/1/7 2827/1/7
f 2824/1/292 2848/1/292 2885/1/292 2882/1/292
f 2820/1/293 2821/1/293 2832/1/293 2845/1/293
f 2825/1/7 2826/1/7 2836/1/7 2835/1/7
f 2826/1/7 2823/1/7 2833/1/7 2836/1/7
f 2824/1/7 2829/1/7 2840/1/7 2834/1/7
f 2842/1/7 2844/1/7 2840/1/7
f 2835/1/7 2843/1/7 2841/1/7
f 2843/1/7 2835/1/7 2840/1/7 2844/1/7
f 2829/1/7 2830/1/7 2837/1/7 2842/1/7 2840/1/7
f 2828/1/7 2825/1/7 2835/1/7 2841/1/7 2831/1/7
f 2846/1/7 2845/1/7 2847/1/7 2849/1/7
f 2845/1/7 2832/1/7 2848/1/7 2847/1/7
f 2822/1/294 2820/1/294 2845/1/294 2846/1/294
f 2849/1/295 2826/1/295 2877/1/295 2879/1/295
f 2823/1/296 2826/1/296 2849/1/296 2847/1/296
f 2824/1/297 2823/1/297 2847/1/297 2848/1/297
f 2807/1/298 2799/1/298 2830/1/298 2829/1/298
f 2802/1/299 2810/1/299 2835/1/299 2836/1/299
f 2797/1/304 2807/1/304 2829/1/304 2824/1/304
f 2816/1/2 2805/1/2 2837/1/2 2838/1/2
f 2815/1/300 2852/1/300 2853/1/300 2813/1/300 2843/1/300 2839/1/300
f 2808/1/301 2803/1/301 2834/1/301 2840/1/301
f 2805/1/301 2856/1/301 2857/1/301 2811/1/301 2842/1/301 2837/1/301
f 2795/1/302 2794/1/302 2821/1/302 2820/1/302
f 2806/1/303 2802/1/303 2836/1/303 2833/1/303
f 2814/1/299 2854/1/299 2855/1/299 2816/1/299 2838/1/299 2844/1/299
f 2812/1/299 2851/1/299 2850/1/299 2804/1/299 2831/1/299 2841/1/299
f 2793/1/305 2795/1/305 2820/1/305 2822/1/305
f 2804/1/306 2815/1/306 2839/1/306 2831/1/306
f 2821/1/334 2794/1/334 2881/1/334 2883/1/334
f 2798/1/308 2809/1/308 2825/1/308 2828/1/308
f 2811/1/309 2814/1/309 2844/1/309 2842/1/309
f 2826/1/327 2796/1/327 2875/1/327 2877/1/327
f 2809/1/301 2796/1/301 2826/1/301 2825/1/301
f 2813/1/309 2812/1/309 2841/1/309 2843/1/309
f 2803/1/311 2806/1/311 2833/1/311 2834/1/311
f 2806/1/7 2803/1/7 2808/1/7 2810/1/7 2802/1/7
f 2851/1/1 2858/1/1 2859/1/1 2853/1/1
f 2857/1/1 2854/1/1 2860/1/1 2861/1/1
f 2863/1/21 2865/1/21 2869/1/21 2867/1/21
f 2857/1/26 2861/1/26 2865/1/26 2863/1/26
f 2854/1/26 2857/1/26 2863/1/26 2862/1/26
f 2860/1/26 2854/1/26 2862/1/26 2864/1/26
f 2861/1/26 2860/1/26 2864/1/26 2865/1/26
f 2867/1/7 2869/1/7 2868/1/7 2866/1/7
f 2862/1/31 2863/1/31 2867/1/31 2866/1/31
f 2864/1/26 2862/1/26 2866/1/26 2868/1/26
f 2865/1/35 2864/1/35 2868/1/35 2869/1/35
f 2870/1/7 2871/1/7 2873/1/7 2872/1/7
f 2851/1/312 2853/1/312 2871/1/312 2870/1/312
f 2858/1/26 2851/1/26 2870/1/26 2872/1/26
f 2859/1/313 2858/1/313 2872/1/313 2873/1/313
f 2853/1/21 2859/1/21 2873/1/21 2871/1/21
f 2856/1/7 2805/1/7 2816/1/7 2864/1/7 2865/1/7
f 2814/1/7 2811/1/7 2863/1/7 2862/1/7
f 2853/1/7 2851/1/7 2812/1/7 2813/1/7
f 2804/1/7 2850/1/7 2858/1/7 2859/1/7 2852/1/7 2815/1/7
f 2796/1/314 2793/1/314 2874/1/314 2875/1/314
f 2793/1/315 2822/1/315 2876/1/315 2874/1/315
f 2822/1/316 2846/1/316 2878/1/316 2876/1/316
f 2846/1/317 2849/1/317 2879/1/317 2878/1/317
f 2848/1/318 2832/1/318 2884/1/318 2885/1/318
f 2794/1/319 2797/1/319 2880/1/319 2881/1/319
f 2797/1/320 2824/1/320 2882/1/320 2880/1/320
f 2832/1/321 2821/1/321 2883/1/321 2884/1/321
f 2795/1/1 2800/1/1 2797/1/1 2794/1/1
f 2793/1/1 2796/1/1 2800/1/1 2795/1/1
f 2910/1/1 2911/1/1 2938/1/1 2937/1/1
f 2891/1/1 2890/1/1 2892/1/1
f 2890/1/1 2887/1/1 2893/1/1 2892/1/1
f 2887/1/1 2889/1/1 2894/1/1 2893/1/1
f 2889/1/1 2888/1/1 2895/1/1 2894/1/1
f 2895/1/1 2888/1/1 2896/1/1
f 2888/1/1 2886/1/1 2897/1/1 2896/1/1
f 2898/1/1 2897/1/1 2886/1/1 2912/1/1
f 2898/1/1 2912/1/1 2899/1/1
f 2900/1/1 2899/1/1 2912/1/1 2911/1/1
f 2900/1/1 2911/1/1 2901/1/1
f 2901/1/1 2911/1/1 2902/1/1
f 2903/1/1 2902/1/1 2904/1/1
f 2904/1/1 2902/1/1 2905/1/1
f 2905/1/1 2902/1/1 2906/1/1
f 2902/1/1 2911/1/1 2906/1/1
f 2906/1/1 2911/1/1 2907/1/1
f 2907/1/1 2911/1/1 2908/1/1
f 2909/1/1 2908/1/1 2911/1/1 2910/1/1
f 2937/1/1 2938/1/1 2936/1/1
f 2935/1/1 2936/1/1 2938/1/1
f 2934/1/1 2935/1/1 2938/1/1
f 2933/1/1 2934/1/1 2938/1/1
f 2930/1/1 2931/1/1 2929/1/1
f 2931/1/1 2932/1/1 2929/1/1
f 2932/1/1 2933/1/1 2929/1/1
f 2938/1/1 2929/1/1 2933/1/1
f 2929/1/1 2938/1/1 2928/1/1
f 2927/1/1 2928/1/1 2938/1/1
f 2927/1/1 2938/1/1 2939/1/1 2926/1/1
f 2925/1/1 2926/1/1 2939/1/1
f 2925/1/1 2939/1/1 2913/1/1 2924/1/1
f 2915/1/1 2923/1/1 2924/1/1 2913/1/1
f 2923/1/1 2915/1/1 2922/1/1
f 2916/1/1 2921/1/1 2922/1/1 2915/1/1
f 2914/1/1 2920/1/1 2921/1/1 2916/1/1
f 2917/1/1 2919/1/1 2920/1/1 2914/1/1
f 2918/1/1 2919/1/1 2917/1/1
f 2964/1/7 2991/1/7 2992/1/7 2965/1/7
f 2945/1/7 2946/1/7 2944/1/7
f 2944/1/7 2946/1/7 2947/1/7 2941/1/7
f 2941/1/7 2947/1/7 2948/1/7 2943/1/7
f 2943/1/7 2948/1/7 2949/1/7 2942/1/7
f 2949/1/7 2950/1/7 2942/1/7
f 2942/1/7 2950/1/7 2951/1/7 2940/1/7
f 2952/1/7 2966/1/7 2940/1/7 2951/1/7
f 2952/1/7 2953/1/7 2966/1/7
f 2954/1/7 2965/1/7 2966/1/7 2953/1/7
f 2954/1/7 2955/1/7 2965/1/7
f 2955/1/7 2956/1/7 2965/1/7
f 2957/1/210 2958/1/210 2956/1/210
f 2958/1/7 2959/1/7 2956/1/7
f 2959/1/7 2960/1/7 2956/1/7
f 2956/1/7 2960/1/7 2965/1/7
f 2960/1/7 2961/1/7 2965/1/7
f 2961/1/7 2962/1/7 2965/1/7
f 2963/1/7 2964/1/7 2965/1/7 2962/1/7
f 2991/1/7 2990/1/7 2992/1/7
f 2989/1/7 2992/1/7 2990/1/7
f 2988/1/7 2992/1/7 2989/1/7
f 2987/1/7 2992/1/7 2988/1/7
f 2984/1/211 2983/1/211 2985/1/211
f 2985/1/7 2983/1/7 2986/1/7
f 2986/1/7 2983/1/7 2987/1/7
f 2992/1/7 2987/1/7 2983/1/7
f 2983/1/7 2982/1/7 2992/1/7
f 2981/1/7 2992/1/7 2982/1/7
f 2981/1/7 2980/1/7 2993/1/7 2992/1/7
f 2979/1/7 2993/1/7 2980/1/7
f 2979/1/7 2978/1/7 2967/1/7 2993/1/7
f 2969/1/7 2967/1/7 2978/1/7 2977/1/7
f 2977/1/7 2976/1/7 2969/1/7
f 2970/1/7 2969/1/7 2976/1/7 2975/1/7
f 2968/1/7 2970/1/7 2975/1/7 2974/1/7
f 2971/1/7 2968/1/7 2974/1/7 2973/1/7
f 2972/1/7 2971/1/7 2973/1/7
f 2919/1/163 2918/1/163 2972/1/163 2973/1/163
f 2892/1/164 2893/1/164 2947/1/164 2946/1/164
f 2920/1/165 2919/1/165 2973/1/165 2974/1/165
f 2893/1/212 2894/1/212 2948/1/212 2947/1/212
f 2921/1/167 2920/1/167 2974/1/167 2975/1/167
f 2894/1/168 2895/1/168 2949/1/168 2948/1/168
f 2922/1/169 2921/1/169 2975/1/169 2976/1/169
f 2895/1/323 2896/1/323 2950/1/323 2949/1/323
f 2923/1/171 2922/1/171 2976/1/171 2977/1/171
f 2896/1/172 2897/1/172 2951/1/172 2950/1/172
f 2924/1/173 2923/1/173 2977/1/173 2978/1/173
f 2897/1/174 2898/1/174 2952/1/174 2951/1/174
f 2925/1/175 2924/1/175 2978/1/175 2979/1/175
f 2898/1/176 2899/1/176 2953/1/176 2952/1/176
f 2926/1/286 2925/1/286 2979/1/286 2980/1/286
f 2899/1/178 2900/1/178 2954/1/178 2953/1/178
f 2927/1/179 2926/1/179 2980/1/179 2981/1/179
f 2900/1/215 2901/1/215 2955/1/215 2954/1/215
f 2928/1/275 2927/1/275 2981/1/275 2982/1/275
f 2901/1/216 2902/1/216 2956/1/216 2955/1/216
f 2929/1/183 2928/1/183 2982/1/183 2983/1/183
f 2902/1/184 2903/1/184 2957/1/184 2956/1/184
f 2930/1/185 2929/1/185 2983/1/185 2984/1/185
f 2903/1/186 2904/1/186 2958/1/186 2957/1/186
f 2931/1/187 2930/1/187 2984/1/187 2985/1/187
f 2904/1/188 2905/1/188 2959/1/188 2958/1/188
f 2932/1/189 2931/1/189 2985/1/189 2986/1/189
f 2905/1/324 2906/1/324 2960/1/324 2959/1/324
f 2933/1/217 2932/1/217 2986/1/217 2987/1/217
f 2906/1/218 2907/1/218 2961/1/218 2960/1/218
f 2934/1/193 2933/1/193 2987/1/193 2988/1/193
f 2907/1/194 2908/1/194 2962/1/194 2961/1/194
f 2935/1/195 2934/1/195 2988/1/195 2989/1/195
f 2908/1/196 2909/1/196 2963/1/196 2962/1/196
f 2936/1/219 2935/1/219 2989/1/219 2990/1/219
f 2909/1/287 2910/1/287 2964/1/287 2963/1/287
f 2937/1/288 2936/1/288 2990/1/288 2991/1/288
f 2939/1/1 2938/1/1 2996/1/1 2997/1/1
f 2938/1/1 2911/1/1 2994/1/1 2996/1/1
f 2912/1/21 2886/1/21 2940/1/21 2966/1/21
f 2886/1/21 2888/1/21 2942/1/21 2940/1/21
f 2913/1/26 2939/1/26 2993/1/26 2967/1/26
f 2915/1/26 2913/1/26 2967/1/26 2969/1/26
f 2887/1/13 2890/1/13 2944/1/13 2941/1/13
f 2912/1/200 2966/1/200 2999/1/200 2995/1/200
f 2917/1/16 2914/1/16 2968/1/16 2971/1/16
f 2889/1/325 2887/1/325 2941/1/325 2943/1/325
f 2910/1/35 2937/1/35 2991/1/35 2964/1/35
f 2914/1/202 2916/1/202 2970/1/202 2968/1/202
f 2888/1/203 2889/1/203 2943/1/203 2942/1/203
f 2916/1/204 2915/1/204 2969/1/204 2970/1/204
f 2890/1/205 2891/1/205 2945/1/205 2944/1/205
f 2918/1/206 2917/1/206 2971/1/206 2972/1/206
f 2891/1/207 2892/1/207 2946/1/207 2945/1/207
f 2994/1/31 2995/1/31 2999/1/31 2998/1/31
f 2997/1/31 2996/1/31 3000/1/31 3001/1/31
f 2996/1/31 2994/1/31 2998/1/31 3000/1/31
f 2966/1/208 2965/1/208 2998/1/208 2999/1/208
f 2993/1/209 2939/1/209 2997/1/209 3001/1/209
f 2965/1/208 2992/1/208 3000/1/208 2998/1/208
f 2992/1/208 2993/1/208 3001/1/208 3000/1/208
f 2911/1/1 2912/1/1 2995/1/1 2994/1/1
f 3009/1/1 3015/1/1 3012/1/1 3006/1/1
f 3007/1/1 3010/1/1 3008/1/1 3014/1/1 3025/1/1 3024/1/1 3013/1/1
f 3018/1/1 3019/1/1 3011/1/1 3005/1/1
f 3005/1/1 3011/1/1 3015/1/1 3009/1/1
f 3006/1/1 3012/1/1 3017/1/1 3016/1/1
f 3023/1/1 3022/1/1 3062/1/1 3061/1/1 3024/1/1 3025/1/1 3064/1/1 3063/1/1
f 3020/1/1 3017/1/1 3023/1/1
f 3019/1/1 3021/1/1 3022/1/1
f 3022/1/1 3023/1/1 3017/1/1 3019/1/1
f 3016/1/1 3017/1/1 3020/1/1 3066/1/1 3065/1/1 3014/1/1 3008/1/1
f 3007/1/1 3013/1/1 3059/1/1 3060/1/1 3021/1/1 3019/1/1 3018/1/1
f 3009/1/290 3026/1/290 3028/1/290 3005/1/290
f 3006/1/291 3027/1/291 3026/1/291 3009/1/291
f 3032/1/7 3033/1/7 3043/1/7 3042/1/7
f 3037/1/7 3040/1/7 3048/1/7 3047/1/7 3046/1/7 3039/1/7 3036/1/7
f 3033/1/292 3057/1/292 3094/1/292 3091/1/292
f 3029/1/293 3030/1/293 3041/1/293 3054/1/293
f 3034/1/7 3035/1/7 3045/1/7 3044/1/7
f 3035/1/7 3032/1/7 3042/1/7 3045/1/7
f 3033/1/7 3038/1/7 3049/1/7 3043/1/7
f 3051/1/7 3053/1/7 3049/1/7
f 3044/1/7 3052/1/7 3050/1/7
f 3052/1/7 3044/1/7 3049/1/7 3053/1/7
f 3038/1/7 3039/1/7 3046/1/7 3051/1/7 3049/1/7
f 3037/1/7 3034/1/7 3044/1/7 3050/1/7 3040/1/7
f 3055/1/7 3054/1/7 3056/1/7 3058/1/7
f 3054/1/7 3041/1/7 3057/1/7 3056/1/7
f 3031/1/294 3029/1/294 3054/1/294 3055/1/294
f 3058/1/335 3035/1/335 3086/1/335 3088/1/335
f 3032/1/296 3035/1/296 3058/1/296 3056/1/296
f 3033/1/297 3032/1/297 3056/1/297 3057/1/297
f 3016/1/298 3008/1/298 3039/1/298 3038/1/298
f 3011/1/299 3019/1/299 3044/1/299 3045/1/299
f 3006/1/299 3016/1/299 3038/1/299 3033/1/299
f 3025/1/2 3014/1/2 3046/1/2 3047/1/2
f 3024/1/301 3061/1/301 3062/1/301 3022/1/301 3052/1/301 3048/1/301
f 3017/1/301 3012/1/301 3043/1/301 3049/1/301
f 3014/1/300 3065/1/300 3066/1/300 3020/1/300 3051/1/300 3046/1/300
f 3004/1/302 3003/1/302 3030/1/302 3029/1/302
f 3015/1/303 3011/1/303 3045/1/303 3042/1/303
f 3023/1/299 3063/1/299 3064/1/299 3025/1/299 3047/1/299 3053/1/299
f 3021/1/299 3060/1/299 3059/1/299 3013/1/299 3040/1/299 3050/1/299
f 3002/1/305 3004/1/305 3029/1/305 3031/1/305
f 3013/1/306 3024/1/306 3048/1/306 3040/1/306
f 3030/1/334 3003/1/334 3090/1/334 3092/1/334
f 3007/1/336 3018/1/336 3034/1/336 3037/1/336
f 3020/1/309 3023/1/309 3053/1/309 3051/1/309
f 3035/1/327 3005/1/327 3084/1/327 3086/1/327
f 3018/1/301 3005/1/301 3035/1/301 3034/1/301
f 3022/1/309 3021/1/309 3050/1/309 3052/1/309
f 3012/1/311 3015/1/311 3042/1/311 3043/1/311
f 3015/1/7 3012/1/7 3017/1/7 3019/1/7 3011/1/7
f 3060/1/1 3067/1/1 3068/1/1 3062/1/1
f 3066/1/1 3063/1/1 3069/1/1 3070/1/1
f 3072/1/21 3074/1/21 3078/1/21 3076/1/21
f 3066/1/26 3070/1/26 3074/1/26 3072/1/26
f 3063/1/26 3066/1/26 3072/1/26 3071/1/26
f 3069/1/26 3063/1/26 3071/1/26 3073/1/26
f 3070/1/26 3069/1/26 3073/1/26 3074/1/26
f 3076/1/7 3078/1/7 3077/1/7 3075/1/7
f 3071/1/31 3072/1/31 3076/1/31 3075/1/31
f 3073/1/26 3071/1/26 3075/1/26 3077/1/26
f 3074/1/35 3073/1/35 3077/1/35 3078/1/35
f 3079/1/7 3080/1/7 3082/1/7 3081/1/7
f 3060/1/312 3062/1/312 3080/1/312 3079/1/312
f 3067/1/26 3060/1/26 3079/1/26 3081/1/26
f 3068/1/313 3067/1/313 3081/1/313 3082/1/313
f 3062/1/21 3068/1/21 3082/1/21 3080/1/21
f 3065/1/7 3014/1/7 3025/1/7 3073/1/7 3074/1/7
f 3023/1/7 3020/1/7 3072/1/7 3071/1/7
f 3062/1/7 3060/1/7 3021/1/7 3022/1/7
f 3013/1/7 3059/1/7 3067/1/7 3068/1/7 3061/1/7 3024/1/7
f 3005/1/314 3002/1/314 3083/1/314 3084/1/314
f 3002/1/328 3031/1/328 3085/1/328 3083/1/328
f 3031/1/316 3055/1/316 3087/1/316 3085/1/316
f 3055/1/317 3058/1/317 3088/1/317 3087/1/317
f 3057/1/337 3041/1/337 3093/1/337 3094/1/337
f 3003/1/319 3006/1/319 3089/1/319 3090/1/319
f 3006/1/338 3033/1/338 3091/1/338 3089/1/338
f 3041/1/321 3030/1/321 3092/1/321 3093/1/321
f 3004/1/1 3009/1/1 3006/1/1 3003/1/1
f 3002/1/1 3005/1/1 3009/1/1 3004/1/1
f 3119/1/1 3120/1/1 3147/1/1 3146/1/1
f 3100/1/1 3099/1/1 3101/1/1
f 3099/1/1 3096/1/1 3102/1/1 3101/1/1
f 3096/1/1 3098/1/1 3103/1/1 3102/1/1
f 3098/1/1 3097/1/1 3104/1/1 3103/1/1
f 3104/1/1 3097/1/1 3105/1/1
f 3097/1/1 3095/1/1 3106/1/1 3105/1/1
f 3107/1/1 3106/1/1 3095/1/1 3121/1/1
f 3107/1/1 3121/1/1 3108/1/1
f 3109/1/1 3108/1/1 3121/1/1 3120/1/1
f 3109/1/1 3120/1/1 3110/1/1
f 3110/1/1 3120/1/1 3111/1/1
f 3112/1/1 3111/1/1 3113/1/1
f 3113/1/1 3111/1/1 3114/1/1
f 3114/1/1 3111/1/1 3115/1/1
f 3111/1/1 3120/1/1 3115/1/1
f 3115/1/1 3120/1/1 3116/1/1
f 3116/1/1 3120/1/1 3117/1/1
f 3118/1/1 3117/1/1 3120/1/1 3119/1/1
f 3146/1/1 3147/1/1 3145/1/1
f 3144/1/1 3145/1/1 3147/1/1
f 3143/1/1 3144/1/1 3147/1/1
f 3142/1/1 3143/1/1 3147/1/1
f 3139/1/1 3140/1/1 3138/1/1
f 3140/1/1 3141/1/1 3138/1/1
f 3141/1/1 3142/1/1 3138/1/1
f 3147/1/1 3138/1/1 3142/1/1
f 3138/1/1 3147/1/1 3137/1/1
f 3136/1/1 3137/1/1 3147/1/1
f 3136/1/1 3147/1/1 3148/1/1 3135/1/1
f 3134/1/1 3135/1/1 3148/1/1
f 3134/1/1 3148/1/1 3122/1/1 3133/1/1
f 3124/1/1 3132/1/1 3133/1/1 3122/1/1
f 3132/1/1 3124/1/1 3131/1/1
f 3125/1/1 3130/1/1 3131/1/1 3124/1/1
f 3123/1/1 3129/1/1 3130/1/1 3125/1/1
f 3126/1/1 3128/1/1 3129/1/1 3123/1/1
f 3127/1/1 3128/1/1 3126/1/1
f 3173/1/7 3200/1/7 3201/1/7 3174/1/7
f 3154/1/7 3155/1/7 3153/1/7
f 3153/1/7 3155/1/7 3156/1/7 3150/1/7
f 3150/1/7 3156/1/7 3157/1/7 3152/1/7
f 3152/1/7 3157/1/7 3158/1/7 3151/1/7
f 3158/1/7 3159/1/7 3151/1/7
f 3151/1/7 3159/1/7 3160/1/7 3149/1/7
f 3161/1/7 3175/1/7 3149/1/7 3160/1/7
f 3161/1/7 3162/1/7 3175/1/7
f 3163/1/7 3174/1/7 3175/1/7 3162/1/7
f 3163/1/7 3164/1/7 3174/1/7
f 3164/1/7 3165/1/7 3174/1/7
f 3166/1/210 3167/1/210 3165/1/210
f 3167/1/7 3168/1/7 3165/1/7
f 3168/1/7 3169/1/7 3165/1/7
f 3165/1/7 3169/1/7 3174/1/7
f 3169/1/7 3170/1/7 3174/1/7
f 3170/1/7 3171/1/7 3174/1/7
f 3172/1/7 3173/1/7 3174/1/7 3171/1/7
f 3200/1/7 3199/1/7 3201/1/7
f 3198/1/7 3201/1/7 3199/1/7
f 3197/1/7 3201/1/7 3198/1/7
f 3196/1/7 3201/1/7 3197/1/7
f 3193/1/7 3192/1/7 3194/1/7
f 3194/1/7 3192/1/7 3195/1/7
f 3195/1/7 3192/1/7 3196/1/7
f 3201/1/7 3196/1/7 3192/1/7
f 3192/1/7 3191/1/7 3201/1/7
f 3190/1/7 3201/1/7 3191/1/7
f 3190/1/7 3189/1/7 3202/1/7 3201/1/7
f 3188/1/7 3202/1/7 3189/1/7
f 3188/1/7 3187/1/7 3176/1/7 3202/1/7
f 3178/1/7 3176/1/7 3187/1/7 3186/1/7
f 3186/1/7 3185/1/7 3178/1/7
f 3179/1/7 3178/1/7 3185/1/7 3184/1/7
f 3177/1/7 3179/1/7 3184/1/7 3183/1/7
f 3180/1/7 3177/1/7 3183/1/7 3182/1/7
f 3181/1/7 3180/1/7 3182/1/7
f 3128/1/163 3127/1/163 3181/1/163 3182/1/163
f 3101/1/164 3102/1/164 3156/1/164 3155/1/164
f 3129/1/165 3128/1/165 3182/1/165 3183/1/165
f 3102/1/212 3103/1/212 3157/1/212 3156/1/212
f 3130/1/167 3129/1/167 3183/1/167 3184/1/167
f 3103/1/168 3104/1/168 3158/1/168 3157/1/168
f 3131/1/169 3130/1/169 3184/1/169 3185/1/169
f 3104/1/170 3105/1/170 3159/1/170 3158/1/170
f 3132/1/171 3131/1/171 3185/1/171 3186/1/171
f 3105/1/172 3106/1/172 3160/1/172 3159/1/172
f 3133/1/214 3132/1/214 3186/1/214 3187/1/214
f 3106/1/174 3107/1/174 3161/1/174 3160/1/174
f 3134/1/175 3133/1/175 3187/1/175 3188/1/175
f 3107/1/176 3108/1/176 3162/1/176 3161/1/176
f 3135/1/177 3134/1/177 3188/1/177 3189/1/177
f 3108/1/178 3109/1/178 3163/1/178 3162/1/178
f 3136/1/179 3135/1/179 3189/1/179 3190/1/179
f 3109/1/215 3110/1/215 3164/1/215 3163/1/215
f 3137/1/181 3136/1/181 3190/1/181 3191/1/181
f 3110/1/216 3111/1/216 3165/1/216 3164/1/216
f 3138/1/183 3137/1/183 3191/1/183 3192/1/183
f 3111/1/184 3112/1/184 3166/1/184 3165/1/184
f 3139/1/185 3138/1/185 3192/1/185 3193/1/185
f 3112/1/186 3113/1/186 3167/1/186 3166/1/186
f 3140/1/187 3139/1/187 3193/1/187 3194/1/187
f 3113/1/188 3114/1/188 3168/1/188 3167/1/188
f 3141/1/189 3140/1/189 3194/1/189 3195/1/189
f 3114/1/324 3115/1/324 3169/1/324 3168/1/324
f 3142/1/217 3141/1/217 3195/1/217 3196/1/217
f 3115/1/192 3116/1/192 3170/1/192 3169/1/192
f 3143/1/284 3142/1/284 3196/1/284 3197/1/284
f 3116/1/194 3117/1/194 3171/1/194 3170/1/194
f 3144/1/195 3143/1/195 3197/1/195 3198/1/195
f 3117/1/280 3118/1/280 3172/1/280 3171/1/280
f 3145/1/219 3144/1/219 3198/1/219 3199/1/219
f 3118/1/287 3119/1/287 3173/1/287 3172/1/287
f 3146/1/288 3145/1/288 3199/1/288 3200/1/288
f 3148/1/1 3147/1/1 3205/1/1 3206/1/1
f 3147/1/1 3120/1/1 3203/1/1 3205/1/1
f 3121/1/21 3095/1/21 3149/1/21 3175/1/21
f 3095/1/21 3097/1/21 3151/1/21 3149/1/21
f 3122/1/26 3148/1/26 3202/1/26 3176/1/26
f 3124/1/26 3122/1/26 3176/1/26 3178/1/26
f 3096/1/13 3099/1/13 3153/1/13 3150/1/13
f 3121/1/200 3175/1/200 3208/1/200 3204/1/200
f 3126/1/16 3123/1/16 3177/1/16 3180/1/16
f 3098/1/201 3096/1/201 3150/1/201 3152/1/201
f 3119/1/35 3146/1/35 3200/1/35 3173/1/35
f 3123/1/202 3125/1/202 3179/1/202 3177/1/202
f 3097/1/203 3098/1/203 3152/1/203 3151/1/203
f 3125/1/204 3124/1/204 3178/1/204 3179/1/204
f 3099/1/205 3100/1/205 3154/1/205 3153/1/205
f 3127/1/206 3126/1/206 3180/1/206 3181/1/206
f 3100/1/207 3101/1/207 3155/1/207 3154/1/207
f 3203/1/31 3204/1/31 3208/1/31 3207/1/31
f 3206/1/31 3205/1/31 3209/1/31 3210/1/31
f 3205/1/31 3203/1/31 3207/1/31 3209/1/31
f 3175/1/208 3174/1/208 3207/1/208 3208/1/208
f 3202/1/209 3148/1/209 3206/1/209 3210/1/209
f 3174/1/208 3201/1/208 3209/1/208 3207/1/208
f 3201/1/208 3202/1/208 3210/1/208 3209/1/208
f 3120/1/1 3121/1/1 3204/1/1 3203/1/1
f 3218/1/1 3224/1/1 3221/1/1 3215/1/1
f 3216/1/1 3219/1/1 3217/1/1 3223/1/1 3234/1/1 3233/1/1 3222/1/1
f 3227/1/1 3228/1/1 3220/1/1 3214/1/1
f 3214/1/1 3220/1/1 3224/1/1 3218/1/1
f 3215/1/1 3221/1/1 3226/1/1 3225/1/1
f 3232/1/1 3231/1/1 3271/1/1 3270/1/1 3233/1/1 3234/1/1 3273/1/1 3272/1/1
f 3229/1/1 3226/1/1 3232/1/1
f 3228/1/1 3230/1/1 3231/1/1
f 3231/1/1 3232/1/1 3226/1/1 3228/1/1
f 3225/1/1 3226/1/1 3229/1/1 3275/1/1 3274/1/1 3223/1/1 3217/1/1
f 3216/1/1 3222/1/1 3268/1/1 3269/1/1 3230/1/1 3228/1/1 3227/1/1
f 3218/1/290 3235/1/290 3237/1/290 3214/1/290
f 3215/1/291 3236/1/291 3235/1/291 3218/1/291
f 3241/1/7 3242/1/7 3252/1/7 3251/1/7
f 3246/1/7 3249/1/7 3257/1/7 3256/1/7 3255/1/7 3248/1/7 3245/1/7
f 3242/1/292 3266/1/292 3303/1/292 3300/1/292
f 3238/1/293 3239/1/293 3250/1/293 3263/1/293
f 3243/1/7 3244/1/7 3254/1/7 3253/1/7
f 3244/1/7 3241/1/7 3251/1/7 3254/1/7
f 3242/1/7 3247/1/7 3258/1/7 3252/1/7
f 3260/1/7 3262/1/7 3258/1/7
f 3253/1/7 3261/1/7 3259/1/7
f 3261/1/7 3253/1/7 3258/1/7 3262/1/7
f 3247/1/7 3248/1/7 3255/1/7 3260/1/7 3258/1/7
f 3246/1/7 3243/1/7 3253/1/7 3259/1/7 3249/1/7
f 3264/1/7 3263/1/7 3265/1/7 3267/1/7
f 3263/1/7 3250/1/7 3266/1/7 3265/1/7
f 3240/1/294 3238/1/294 3263/1/294 3264/1/294
f 3267/1/295 3244/1/295 3295/1/295 3297/1/295
f 3241/1/296 3244/1/296 3267/1/296 3265/1/296
f 3242/1/297 3241/1/297 3265/1/297 3266/1/297
f 3225/1/298 3217/1/298 3248/1/298 3247/1/298
f 3220/1/299 3228/1/299 3253/1/299 3254/1/299
f 3215/1/299 3225/1/299 3247/1/299 3242/1/299
f 3234/1/2 3223/1/2 3255/1/2 3256/1/2
f 3233/1/300 3270/1/300 3271/1/300 3231/1/300 3261/1/300 3257/1/300
f 3226/1/301 3221/1/301 3252/1/301 3258/1/301
f 3223/1/300 3274/1/300 3275/1/300 3229/1/300 3260/1/300 3255/1/300
f 3213/1/302 3212/1/302 3239/1/302 3238/1/302
f 3224/1/303 3220/1/303 3254/1/303 3251/1/303
f 3232/1/304 3272/1/304 3273/1/304 3234/1/304 3256/1/304 3262/1/304
f 3230/1/299 3269/1/299 3268/1/299 3222/1/299 3249/1/299 3259/1/299
f 3211/1/305 3213/1/305 3238/1/305 3240/1/305
f 3222/1/306 3233/1/306 3257/1/306 3249/1/306
f 3239/1/307 3212/1/307 3299/1/307 3301/1/307
f 3216/1/308 3227/1/308 3243/1/308 3246/1/308
f 3229/1/309 3232/1/309 3262/1/309 3260/1/309
f 3244/1/327 3214/1/327 3293/1/327 3295/1/327
f 3227/1/301 3214/1/301 3244/1/301 3243/1/301
f 3231/1/309 3230/1/309 3259/1/309 3261/1/309
f 3221/1/311 3224/1/311 3251/1/311 3252/1/311
f 3224/1/7 3221/1/7 3226/1/7 3228/1/7 3220/1/7
f 3269/1/1 3276/1/1 3277/1/1 3271/1/1
f 3275/1/1 3272/1/1 3278/1/1 3279/1/1
f 3281/1/21 3283/1/21 3287/1/21 3285/1/21
f 3275/1/26 3279/1/26 3283/1/26 3281/1/26
f 3272/1/26 3275/1/26 3281/1/26 3280/1/26
f 3278/1/26 3272/1/26 3280/1/26 3282/1/26
f 3279/1/26 3278/1/26 3282/1/26 3283/1/26
f 3285/1/7 3287/1/7 3286/1/7 3284/1/7
f 3280/1/31 3281/1/31 3285/1/31 3284/1/31
f 3282/1/26 3280/1/26 3284/1/26 3286/1/26
f 3283/1/35 3282/1/35 3286/1/35 3287/1/35
f 3288/1/7 3289/1/7 3291/1/7 3290/1/7
f 3269/1/312 3271/1/312 3289/1/312 3288/1/312
f 3276/1/26 3269/1/26 3288/1/26 3290/1/26
f 3277/1/313 3276/1/313 3290/1/313 3291/1/313
f 3271/1/21 3277/1/21 3291/1/21 3289/1/21
f 3274/1/7 3223/1/7 3234/1/7 3282/1/7 3283/1/7
f 3232/1/7 3229/1/7 3281/1/7 3280/1/7
f 3271/1/7 3269/1/7 3230/1/7 3231/1/7
f 3222/1/7 3268/1/7 3276/1/7 3277/1/7 3270/1/7 3233/1/7
f 3214/1/314 3211/1/314 3292/1/314 3293/1/314
f 3211/1/315 3240/1/315 3294/1/315 3292/1/315
f 3240/1/316 3264/1/316 3296/1/316 3294/1/316
f 3264/1/317 3267/1/317 3297/1/317 3296/1/317
f 3266/1/318 3250/1/318 3302/1/318 3303/1/318
f 3212/1/319 3215/1/319 3298/1/319 3299/1/319
f 3215/1/320 3242/1/320 3300/1/320 3298/1/320
f 3250/1/321 3239/1/321 3301/1/321 3302/1/321
f 3213/1/1 3218/1/1 3215/1/1 3212/1/1
f 3211/1/1 3214/1/1 3218/1/1 3213/1/1
f 3328/1/1 3329/1/1 3356/1/1 3355/1/1
f 3309/1/1 3308/1/1 3310/1/1
f 3308/1/1 3305/1/1 3311/1/1 3310/1/1
f 3305/1/1 3307/1/1 3312/1/1 3311/1/1
f 3307/1/1 3306/1/1 3313/1/1 3312/1/1
f 3313/1/1 3306/1/1 3314/1/1
f 3306/1/1 3304/1/1 3315/1/1 3314/1/1
f 3316/1/1 3315/1/1 3304/1/1 3330/1/1
f 3316/1/1 3330/1/1 3317/1/1
f 3318/1/1 3317/1/1 3330/1/1 3329/1/1
f 3318/1/1 3329/1/1 3319/1/1
f 3319/1/1 3329/1/1 3320/1/1
f 3321/1/1 3320/1/1 3322/1/1
f 3322/1/1 3320/1/1 3323/1/1
f 3323/1/1 3320/1/1 3324/1/1
f 3320/1/1 3329/1/1 3324/1/1
f 3324/1/1 3329/1/1 3325/1/1
f 3325/1/1 3329/1/1 3326/1/1
f 3327/1/1 3326/1/1 3329/1/1 3328/1/1
f 3355/1/1 3356/1/1 3354/1/1
f 3353/1/1 3354/1/1 3356/1/1
f 3352/1/1 3353/1/1 3356/1/1
f 3351/1/1 3352/1/1 3356/1/1
f 3348/1/1 3349/1/1 3347/1/1
f 3349/1/1 3350/1/1 3347/1/1
f 3350/1/1 3351/1/1 3347/1/1
f 3356/1/1 3347/1/1 3351/1/1
f 3347/1/1 3356/1/1 3346/1/1
f 3345/1/1 3346/1/1 3356/1/1
f 3345/1/1 3356/1/1 3357/1/1 3344/1/1
f 3343/1/1 3344/1/1 3357/1/1
f 3343/1/1 3357/1/1 3331/1/1 3342/1/1
f 3333/1/1 3341/1/1 3342/1/1 3331/1/1
f 3341/1/1 3333/1/1 3340/1/1
f 3334/1/1 3339/1/1 3340/1/1 3333/1/1
f 3332/1/1 3338/1/1 3339/1/1 3334/1/1
f 3335/1/1 3337/1/1 3338/1/1 3332/1/1
f 3336/1/1 3337/1/1 3335/1/1
f 3382/1/7 3409/1/7 3410/1/7 3383/1/7
f 3363/1/7 3364/1/7 3362/1/7
f 3362/1/7 3364/1/7 3365/1/7 3359/1/7
f 3359/1/7 3365/1/7 3366/1/7 3361/1/7
f 3361/1/7 3366/1/7 3367/1/7 3360/1/7
f 3367/1/7 3368/1/7 3360/1/7
f 3360/1/7 3368/1/7 3369/1/7 3358/1/7
f 3370/1/7 3384/1/7 3358/1/7 3369/1/7
f 3370/1/7 3371/1/7 3384/1/7
f 3372/1/7 3383/1/7 3384/1/7 3371/1/7
f 3372/1/7 3373/1/7 3383/1/7
f 3373/1/7 3374/1/7 3383/1/7
f 3375/1/210 3376/1/210 3374/1/210
f 3376/1/7 3377/1/7 3374/1/7
f 3377/1/7 3378/1/7 3374/1/7
f 3374/1/7 3378/1/7 3383/1/7
f 3378/1/7 3379/1/7 3383/1/7
f 3379/1/7 3380/1/7 3383/1/7
f 3381/1/7 3382/1/7 3383/1/7 3380/1/7
f 3409/1/7 3408/1/7 3410/1/7
f 3407/1/7 3410/1/7 3408/1/7
f 3406/1/7 3410/1/7 3407/1/7
f 3405/1/7 3410/1/7 3406/1/7
f 3402/1/7 3401/1/7 3403/1/7
f 3403/1/7 3401/1/7 3404/1/7
f 3404/1/7 3401/1/7 3405/1/7
f 3410/1/7 3405/1/7 3401/1/7
f 3401/1/7 3400/1/7 3410/1/7
f 3399/1/7 3410/1/7 3400/1/7
f 3399/1/7 3398/1/7 3411/1/7 3410/1/7
f 3397/1/7 3411/1/7 3398/1/7
f 3397/1/7 3396/1/7 3385/1/7 3411/1/7
f 3387/1/7 3385/1/7 3396/1/7 3395/1/7
f 3395/1/7 3394/1/7 3387/1/7
f 3388/1/7 3387/1/7 3394/1/7 3393/1/7
f 3386/1/7 3388/1/7 3393/1/7 3392/1/7
f 3389/1/7 3386/1/7 3392/1/7 3391/1/7
f 3390/1/7 3389/1/7 3391/1/7
f 3337/1/163 3336/1/163 3390/1/163 3391/1/163
f 3310/1/164 3311/1/164 3365/1/164 3364/1/164
f 3338/1/165 3337/1/165 3391/1/165 3392/1/165
f 3311/1/212 3312/1/212 3366/1/212 3365/1/212
f 3339/1/167 3338/1/167 3392/1/167 3393/1/167
f 3312/1/168 3313/1/168 3367/1/168 3366/1/168
f 3340/1/169 3339/1/169 3393/1/169 3394/1/169
f 3313/1/323 3314/1/323 3368/1/323 3367/1/323
f 3341/1/329 3340/1/329 3394/1/329 3395/1/329
f 3314/1/172 3315/1/172 3369/1/172 3368/1/172
f 3342/1/214 3341/1/214 3395/1/214 3396/1/214
f 3315/1/174 3316/1/174 3370/1/174 3369/1/174
f 3343/1/175 3342/1/175 3396/1/175 3397/1/175
f 3316/1/176 3317/1/176 3371/1/176 3370/1/176
f 3344/1/286 3343/1/286 3397/1/286 3398/1/286
f 3317/1/178 3318/1/178 3372/1/178 3371/1/178
f 3345/1/179 3344/1/179 3398/1/179 3399/1/179
f 3318/1/180 3319/1/180 3373/1/180 3372/1/180
f 3346/1/275 3345/1/275 3399/1/275 3400/1/275
f 3319/1/216 3320/1/216 3374/1/216 3373/1/216
f 3347/1/183 3346/1/183 3400/1/183 3401/1/183
f 3320/1/184 3321/1/184 3375/1/184 3374/1/184
f 3348/1/185 3347/1/185 3401/1/185 3402/1/185
f 3321/1/186 3322/1/186 3376/1/186 3375/1/186
f 3349/1/187 3348/1/187 3402/1/187 3403/1/187
f 3322/1/188 3323/1/188 3377/1/188 3376/1/188
f 3350/1/339 3349/1/339 3403/1/339 3404/1/339
f 3323/1/324 3324/1/324 3378/1/324 3377/1/324
f 3351/1/217 3350/1/217 3404/1/217 3405/1/217
f 3324/1/192 3325/1/192 3379/1/192 3378/1/192
f 3352/1/284 3351/1/284 3405/1/284 3406/1/284
f 3325/1/194 3326/1/194 3380/1/194 3379/1/194
f 3353/1/195 3352/1/195 3406/1/195 3407/1/195
f 3326/1/280 3327/1/280 3381/1/280 3380/1/280
f 3354/1/219 3353/1/219 3407/1/219 3408/1/219
f 3327/1/287 3328/1/287 3382/1/287 3381/1/287
f 3355/1/288 3354/1/288 3408/1/288 3409/1/288
f 3357/1/1 3356/1/1 3414/1/1 3415/1/1
f 3356/1/1 3329/1/1 3412/1/1 3414/1/1
f 3330/1/21 3304/1/21 3358/1/21 3384/1/21
f 3304/1/21 3306/1/21 3360/1/21 3358/1/21
f 3331/1/26 3357/1/26 3411/1/26 3385/1/26
f 3333/1/26 3331/1/26 3385/1/26 3387/1/26
f 3305/1/13 3308/1/13 3362/1/13 3359/1/13
f 3330/1/200 3384/1/200 3417/1/200 3413/1/200
f 3335/1/16 3332/1/16 3386/1/16 3389/1/16
f 3307/1/201 3305/1/201 3359/1/201 3361/1/201
f 3328/1/35 3355/1/35 3409/1/35 3382/1/35
f 3332/1/202 3334/1/202 3388/1/202 3386/1/202
f 3306/1/203 3307/1/203 3361/1/203 3360/1/203
f 3334/1/204 3333/1/204 3387/1/204 3388/1/204
f 3308/1/205 3309/1/205 3363/1/205 3362/1/205
f 3336/1/206 3335/1/206 3389/1/206 3390/1/206
f 3309/1/207 3310/1/207 3364/1/207 3363/1/207
f 3412/1/31 3413/1/31 3417/1/31 3416/1/31
f 3415/1/31 3414/1/31 3418/1/31 3419/1/31
f 3414/1/31 3412/1/31 3416/1/31 3418/1/31
f 3384/1/208 3383/1/208 3416/1/208 3417/1/208
f 3411/1/209 3357/1/209 3415/1/209 3419/1/209
f 3383/1/208 3410/1/208 3418/1/208 3416/1/208
f 3410/1/208 3411/1/208 3419/1/208 3418/1/208
f 3329/1/1 3330/1/1 3413/1/1 3412/1/1
f 3427/1/1 3433/1/1 3430/1/1 3424/1/1
f 3425/1/1 3428/1/1 3426/1/1 3432/1/1 3443/1/1 3442/1/1 3431/1/1
f 3436/1/1 3437/1/1 3429/1/1 3423/1/1
f 3423/1/1 3429/1/1 3433/1/1 3427/1/1
f 3424/1/1 3430/1/1 3435/1/1 3434/1/1
f 3441/1/1 3440/1/1 3480/1/1 3479/1/1 3442/1/1 3443/1/1 3482/1/1 3481/1/1
f 3438/1/1 3435/1/1 3441/1/1
f 3437/1/1 3439/1/1 3440/1/1
f 3440/1/1 3441/1/1 3435/1/1 3437/1/1
f 3434/1/1 3435/1/1 3438/1/1 3484/1/1 3483/1/1 3432/1/1 3426/1/1
f 3425/1/1 3431/1/1 3477/1/1 3478/1/1 3439/1/1 3437/1/1 3436/1/1
f 3427/1/290 3444/1/290 3446/1/290 3423/1/290
f 3424/1/291 3445/1/291 3444/1/291 3427/1/291
f 3450/1/7 3451/1/7 3461/1/7 3460/1/7
f 3455/1/7 3458/1/7 3466/1/7 3465/1/7 3464/1/7 3457/1/7 3454/1/7
f 3451/1/292 3475/1/292 3512/1/292 3509/1/292
f 3447/1/293 3448/1/293 3459/1/293 3472/1/293
f 3452/1/7 3453/1/7 3463/1/7 3462/1/7
f 3453/1/7 3450/1/7 3460/1/7 3463/1/7
f 3451/1/7 3456/1/7 3467/1/7 3461/1/7
f 3469/1/7 3471/1/7 3467/1/7
f 3462/1/7 3470/1/7 3468/1/7
f 3470/1/7 3462/1/7 3467/1/7 3471/1/7
f 3456/1/7 3457/1/7 3464/1/7 3469/1/7 3467/1/7
f 3455/1/7 3452/1/7 3462/1/7 3468/1/7 3458/1/7
f 3473/1/7 3472/1/7 3474/1/7 3476/1/7
f 3472/1/7 3459/1/7 3475/1/7 3474/1/7
f 3449/1/294 3447/1/294 3472/1/294 3473/1/294
f 3476/1/295 3453/1/295 3504/1/295 3506/1/295
f 3450/1/296 3453/1/296 3476/1/296 3474/1/296
f 3451/1/297 3450/1/297 3474/1/297 3475/1/297
f 3434/1/298 3426/1/298 3457/1/298 3456/1/298
f 3429/1/304 3437/1/304 3462/1/304 3463/1/304
f 3424/1/299 3434/1/299 3456/1/299 3451/1/299
f 3443/1/2 3432/1/2 3464/1/2 3465/1/2
f 3442/1/301 3479/1/301 3480/1/301 3440/1/301 3470/1/301 3466/1/301
f 3435/1/301 3430/1/301 3461/1/301 3467/1/301
f 3432/1/301 3483/1/301 3484/1/301 3438/1/301 3469/1/301 3464/1/301
f 3422/1/302 3421/1/302 3448/1/302 3447/1/302
f 3433/1/303 3429/1/303 3463/1/303 3460/1/303
f 3441/1/304 3481/1/304 3482/1/304 3443/1/304 3465/1/304 3471/1/304
f 3439/1/304 3478/1/304 3477/1/304 3431/1/304 3458/1/304 3468/1/304
f 3420/1/305 3422/1/305 3447/1/305 3449/1/305
f 3431/1/306 3442/1/306 3466/1/306 3458/1/306
f 3448/1/326 3421/1/326 3508/1/326 3510/1/326
f 3425/1/308 3436/1/308 3452/1/308 3455/1/308
f 3438/1/309 3441/1/309 3471/1/309 3469/1/309
f 3453/1/327 3423/1/327 3502/1/327 3504/1/327
f 3436/1/301 3423/1/301 3453/1/301 3452/1/301
f 3440/1/309 3439/1/309 3468/1/309 3470/1/309
f 3430/1/311 3433/1/311 3460/1/311 3461/1/311
f 3433/1/7 3430/1/7 3435/1/7 3437/1/7 3429/1/7
f 3478/1/1 3485/1/1 3486/1/1 3480/1/1
f 3484/1/1 3481/1/1 3487/1/1 3488/1/1
f 3490/1/21 3492/1/21 3496/1/21 3494/1/21
f 3484/1/26 3488/1/26 3492/1/26 3490/1/26
f 3481/1/26 3484/1/26 3490/1/26 3489/1/26
f 3487/1/26 3481/1/26 3489/1/26 3491/1/26
f 3488/1/26 3487/1/26 3491/1/26 3492/1/26
f 3494/1/7 3496/1/7 3495/1/7 3493/1/7
f 3489/1/31 3490/1/31 3494/1/31 3493/1/31
f 3491/1/26 3489/1/26 3493/1/26 3495/1/26
f 3492/1/35 3491/1/35 3495/1/35 3496/1/35
f 3497/1/7 3498/1/7 3500/1/7 3499/1/7
f 3478/1/312 3480/1/312 3498/1/312 3497/1/312
f 3485/1/26 3478/1/26 3497/1/26 3499/1/26
f 3486/1/313 3485/1/313 3499/1/313 3500/1/313
f 3480/1/21 3486/1/21 3500/1/21 3498/1/21
f 3483/1/7 3432/1/7 3443/1/7 3491/1/7 3492/1/7
f 3441/1/7 3438/1/7 3490/1/7 3489/1/7
f 3480/1/7 3478/1/7 3439/1/7 3440/1/7
f 3431/1/7 3477/1/7 3485/1/7 3486/1/7 3479/1/7 3442/1/7
f 3423/1/314 3420/1/314 3501/1/314 3502/1/314
f 3420/1/315 3449/1/315 3503/1/315 3501/1/315
f 3449/1/316 3473/1/316 3505/1/316 3503/1/316
f 3473/1/317 3476/1/317 3506/1/317 3505/1/317
f 3475/1/318 3459/1/318 3511/1/318 3512/1/318
f 3421/1/319 3424/1/319 3507/1/319 3508/1/319
f 3424/1/340 3451/1/340 3509/1/340 3507/1/340
f 3459/1/321 3448/1/321 3510/1/321 3511/1/321
f 3422/1/1 3427/1/1 3424/1/1 3421/1/1
f 3420/1/1 3423/1/1 3427/1/1 3422/1/1
f 3537/1/1 3538/1/1 3565/1/1 3564/1/1
f 3518/1/1 3517/1/1 3519/1/1
f 3517/1/1 3514/1/1 3520/1/1 3519/1/1
f 3514/1/1 3516/1/1 3521/1/1 3520/1/1
f 3516/1/1 3515/1/1 3522/1/1 3521/1/1
f 3522/1/1 3515/1/1 3523/1/1
f 3515/1/1 3513/1/1 3524/1/1 3523/1/1
f 3525/1/1 3524/1/1 3513/1/1 3539/1/1
f 3525/1/1 3539/1/1 3526/1/1
f 3527/1/1 3526/1/1 3539/1/1 3538/1/1
f 3527/1/1 3538/1/1 3528/1/1
f 3528/1/1 3538/1/1 3529/1/1
f 3530/1/1 3529/1/1 3531/1/1
f 3531/1/1 3529/1/1 3532/1/1
f 3532/1/1 3529/1/1 3533/1/1
f 3529/1/1 3538/1/1 3533/1/1
f 3533/1/1 3538/1/1 3534/1/1
f 3534/1/1 3538/1/1 3535/1/1
f 3536/1/1 3535/1/1 3538/1/1 3537/1/1
f 3564/1/1 3565/1/1 3563/1/1
f 3562/1/1 3563/1/1 3565/1/1
f 3561/1/1 3562/1/1 3565/1/1
f 3560/1/1 3561/1/1 3565/1/1
f 3557/1/1 3558/1/1 3556/1/1
f 3558/1/1 3559/1/1 3556/1/1
f 3559/1/1 3560/1/1 3556/1/1
f 3565/1/1 3556/1/1 3560/1/1
f 3556/1/1 3565/1/1 3555/1/1
f 3554/1/1 3555/1/1 3565/1/1
f 3554/1/1 3565/1/1 3566/1/1 3553/1/1
f 3552/1/1 3553/1/1 3566/1/1
f 3552/1/1 3566/1/1 3540/1/1 3551/1/1
f 3542/1/1 3550/1/1 3551/1/1 3540/1/1
f 3550/1/1 3542/1/1 3549/1/1
f 3543/1/1 3548/1/1 3549/1/1 3542/1/1
f 3541/1/1 3547/1/1 3548/1/1 3543/1/1
f 3544/1/1 3546/1/1 3547/1/1 3541/1/1
f 3545/1/1 3546/1/1 3544/1/1
f 3591/1/7 3618/1/7 3619/1/7 3592/1/7
f 3572/1/7 3573/1/7 3571/1/7
f 3571/1/7 3573/1/7 3574/1/7 3568/1/7
f 3568/1/7 3574/1/7 3575/1/7 3570/1/7
f 3570/1/7 3575/1/7 3576/1/7 3569/1/7
f 3576/1/7 3577/1/7 3569/1/7
f 3569/1/7 3577/1/7 3578/1/7 3567/1/7
f 3579/1/7 3593/1/7 3567/1/7 3578/1/7
f 3579/1/7 3580/1/7 3593/1/7
f 3581/1/7 3592/1/7 3593/1/7 3580/1/7
f 3581/1/7 3582/1/7 3592/1/7
f 3582/1/7 3583/1/7 3592/1/7
f 3584/1/211 3585/1/211 3583/1/211
f 3585/1/7 3586/1/7 3583/1/7
f 3586/1/7 3587/1/7 3583/1/7
f 3583/1/7 3587/1/7 3592/1/7
f 3587/1/7 3588/1/7 3592/1/7
f 3588/1/7 3589/1/7 3592/1/7
f 3590/1/7 3591/1/7 3592/1/7 3589/1/7
f 3618/1/7 3617/1/7 3619/1/7
f 3616/1/7 3619/1/7 3617/1/7
f 3615/1/7 3619/1/7 3616/1/7
f 3614/1/7 3619/1/7 3615/1/7
f 3611/1/211 3610/1/211 3612/1/211
f 3612/1/7 3610/1/7 3613/1/7
f 3613/1/7 3610/1/7 3614/1/7
f 3619/1/7 3614/1/7 3610/1/7
f 3610/1/7 3609/1/7 3619/1/7
f 3608/1/7 3619/1/7 3609/1/7
f 3608/1/7 3607/1/7 3620/1/7 3619/1/7
f 3606/1/7 3620/1/7 3607/1/7
f 3606/1/7 3605/1/7 3594/1/7 3620/1/7
f 3596/1/7 3594/1/7 3605/1/7 3604/1/7
f 3604/1/7 3603/1/7 3596/1/7
f 3597/1/7 3596/1/7 3603/1/7 3602/1/7
f 3595/1/7 3597/1/7 3602/1/7 3601/1/7
f 3598/1/7 3595/1/7 3601/1/7 3600/1/7
f 3599/1/7 3598/1/7 3600/1/7
f 3546/1/163 3545/1/163 3599/1/163 3600/1/163
f 3519/1/164 3520/1/164 3574/1/164 3573/1/164
f 3547/1/165 3546/1/165 3600/1/165 3601/1/165
f 3520/1/212 3521/1/212 3575/1/212 3574/1/212
f 3548/1/167 3547/1/167 3601/1/167 3602/1/167
f 3521/1/168 3522/1/168 3576/1/168 3575/1/168
f 3549/1/341 3548/1/341 3602/1/341 3603/1/341
f 3522/1/170 3523/1/170 3577/1/170 3576/1/170
f 3550/1/171 3549/1/171 3603/1/171 3604/1/171
f 3523/1/172 3524/1/172 3578/1/172 3577/1/172
f 3551/1/214 3550/1/214 3604/1/214 3605/1/214
f 3524/1/174 3525/1/174 3579/1/174 3578/1/174
f 3552/1/175 3551/1/175 3605/1/175 3606/1/175
f 3525/1/285 3526/1/285 3580/1/285 3579/1/285
f 3553/1/286 3552/1/286 3606/1/286 3607/1/286
f 3526/1/178 3527/1/178 3581/1/178 3580/1/178
f 3554/1/179 3553/1/179 3607/1/179 3608/1/179
f 3527/1/180 3528/1/180 3582/1/180 3581/1/180
f 3555/1/275 3554/1/275 3608/1/275 3609/1/275
f 3528/1/216 3529/1/216 3583/1/216 3582/1/216
f 3556/1/183 3555/1/183 3609/1/183 3610/1/183
f 3529/1/184 3530/1/184 3584/1/184 3583/1/184
f 3557/1/185 3556/1/185 3610/1/185 3611/1/185
f 3530/1/186 3531/1/186 3585/1/186 3584/1/186
f 3558/1/187 3557/1/187 3611/1/187 3612/1/187
f 3531/1/342 3532/1/342 3586/1/342 3585/1/342
f 3559/1/189 3558/1/189 3612/1/189 3613/1/189
f 3532/1/190 3533/1/190 3587/1/190 3586/1/190
f 3560/1/191 3559/1/191 3613/1/191 3614/1/191
f 3533/1/218 3534/1/218 3588/1/218 3587/1/218
f 3561/1/193 3560/1/193 3614/1/193 3615/1/193
f 3534/1/194 3535/1/194 3589/1/194 3588/1/194
f 3562/1/195 3561/1/195 3615/1/195 3616/1/195
f 3535/1/196 3536/1/196 3590/1/196 3589/1/196
f 3563/1/197 3562/1/197 3616/1/197 3617/1/197
f 3536/1/287 3537/1/287 3591/1/287 3590/1/287
f 3564/1/288 3563/1/288 3617/1/288 3618/1/288
f 3566/1/1 3565/1/1 3623/1/1 3624/1/1
f 3565/1/1 3538/1/1 3621/1/1 3623/1/1
f 3539/1/21 3513/1/21 3567/1/21 3593/1/21
f 3513/1/21 3515/1/21 3569/1/21 3567/1/21
f 3540/1/26 3566/1/26 3620/1/26 3594/1/26
f 3542/1/26 3540/1/26 3594/1/26 3596/1/26
f 3514/1/13 3517/1/13 3571/1/13 3568/1/13
f 3539/1/200 3593/1/200 3626/1/200 3622/1/200
f 3544/1/16 3541/1/16 3595/1/16 3598/1/16
f 3516/1/201 3514/1/201 3568/1/201 3570/1/201
f 3537/1/35 3564/1/35 3618/1/35 3591/1/35
f 3541/1/343 3543/1/343 3597/1/343 3595/1/343
f 3515/1/203 3516/1/203 3570/1/203 3569/1/203
f 3543/1/204 3542/1/204 3596/1/204 3597/1/204
f 3517/1/205 3518/1/205 3572/1/205 3571/1/205
f 3545/1/206 3544/1/206 3598/1/206 3599/1/206
f 3518/1/207 3519/1/207 3573/1/207 3572/1/207
f 3621/1/31 3622/1/31 3626/1/31 3625/1/31
f 3624/1/31 3623/1/31 3627/1/31 3628/1/31
f 3623/1/31 3621/1/31 3625/1/31 3627/1/31
f 3593/1/208 3592/1/208 3625/1/208 3626/1/208
f 3620/1/209 3566/1/209 3624/1/209 3628/1/209
f 3592/1/208 3619/1/208 3627/1/208 3625/1/208
f 3619/1/208 3620/1/208 3628/1/208 3627/1/208
f 3538/1/1 3539/1/1 3622/1/1 3621/1/1
f 3636/1/1 3642/1/1 3639/1/1 3633/1/1
f 3634/1/1 3637/1/1 3635/1/1 3641/1/1 3652/1/1 3651/1/1 3640/1/1
f 3645/1/1 3646/1/1 3638/1/1 3632/1/1
f 3632/1/1 3638/1/1 3642/1/1 3636/1/1
f 3633/1/1 3639/1/1 3644/1/1 3643/1/1
f 3650/1/1 3649/1/1 3689/1/1 3688/1/1 3651/1/1 3652/1/1 3691/1/1 3690/1/1
f 3647/1/1 3644/1/1 3650/1/1
f 3646/1/1 3648/1/1 3649/1/1
f 3649/1/1 3650/1/1 3644/1/1 3646/1/1
f 3643/1/1 3644/1/1 3647/1/1 3693/1/1 3692/1/1 3641/1/1 3635/1/1
f 3634/1/1 3640/1/1 3686/1/1 3687/1/1 3648/1/1 3646/1/1 3645/1/1
f 3636/1/290 3653/1/290 3655/1/290 3632/1/290
f 3633/1/291 3654/1/291 3653/1/291 3636/1/291
f 3659/1/7 3660/1/7 3670/1/7 3669/1/7
f 3664/1/7 3667/1/7 3675/1/7 3674/1/7 3673/1/7 3666/1/7 3663/1/7
f 3660/1/292 3684/1/292 3721/1/292 3718/1/292
f 3656/1/293 3657/1/293 3668/1/293 3681/1/293
f 3661/1/7 3662/1/7 3672/1/7 3671/1/7
f 3662/1/7 3659/1/7 3669/1/7 3672/1/7
f 3660/1/7 3665/1/7 3676/1/7 3670/1/7
f 3678/1/7 3680/1/7 3676/1/7
f 3671/1/7 3679/1/7 3677/1/7
f 3679/1/7 3671/1/7 3676/1/7 3680/1/7
f 3665/1/7 3666/1/7 3673/1/7 3678/1/7 3676/1/7
f 3664/1/7 3661/1/7 3671/1/7 3677/1/7 3667/1/7
f 3682/1/7 3681/1/7 3683/1/7 3685/1/7
f 3681/1/7 3668/1/7 3684/1/7 3683/1/7
f 3658/1/294 3656/1/294 3681/1/294 3682/1/294
f 3685/1/295 3662/1/295 3713/1/295 3715/1/295
f 3659/1/296 3662/1/296 3685/1/296 3683/1/296
f 3660/1/297 3659/1/297 3683/1/297 3684/1/297
f 3643/1/298 3635/1/298 3666/1/298 3665/1/298
f 3638/1/299 3646/1/299 3671/1/299 3672/1/299
f 3633/1/299 3643/1/299 3665/1/299 3660/1/299
f 3652/1/2 3641/1/2 3673/1/2 3674/1/2
f 3651/1/300 3688/1/300 3689/1/300 3649/1/300 3679/1/300 3675/1/300
f 3644/1/300 3639/1/300 3670/1/300 3676/1/300
f 3641/1/300 3692/1/300 3693/1/300 3647/1/300 3678/1/300 3673/1/300
f 3631/1/302 3630/1/302 3657/1/302 3656/1/302
f 3642/1/303 3638/1/303 3672/1/303 3669/1/303
f 3650/1/304 3690/1/304 3691/1/304 3652/1/304 3674/1/304 3680/1/304
f 3648/1/299 3687/1/299 3686/1/299 3640/1/299 3667/1/299 3677/1/299
f 3629/1/305 3631/1/305 3656/1/305 3658/1/305
f 3640/1/306 3651/1/306 3675/1/306 3667/1/306
f 3657/1/307 3630/1/307 3717/1/307 3719/1/307
f 3634/1/308 3645/1/308 3661/1/308 3664/1/308
f 3647/1/309 3650/1/309 3680/1/309 3678/1/309
f 3662/1/310 3632/1/310 3711/1/310 3713/1/310
f 3645/1/301 3632/1/301 3662/1/301 3661/1/301
f 3649/1/309 3648/1/309 3677/1/309 3679/1/309
f 3639/1/311 3642/1/311 3669/1/311 3670/1/311
f 3642/1/7 3639/1/7 3644/1/7 3646/1/7 3638/1/7
f 3687/1/1 3694/1/1 3695/1/1 3689/1/1
f 3693/1/1 3690/1/1 3696/1/1 3697/1/1
f 3699/1/21 3701/1/21 3705/1/21 3703/1/21
f 3693/1/26 3697/1/26 3701/1/26 3699/1/26
f 3690/1/26 3693/1/26 3699/1/26 3698/1/26
f 3696/1/26 3690/1/26 3698/1/26 3700/1/26
f 3697/1/26 3696/1/26 3700/1/26 3701/1/26
f 3703/1/7 3705/1/7 3704/1/7 3702/1/7
f 3698/1/31 3699/1/31 3703/1/31 3702/1/31
f 3700/1/26 3698/1/26 3702/1/26 3704/1/26
f 3701/1/35 3700/1/35 3704/1/35 3705/1/35
f 3706/1/7 3707/1/7 3709/1/7 3708/1/7
f 3687/1/312 3689/1/312 3707/1/312 3706/1/312
f 3694/1/26 3687/1/26 3706/1/26 3708/1/26
f 3695/1/313 3694/1/313 3708/1/313 3709/1/313
f 3689/1/21 3695/1/21 3709/1/21 3707/1/21
f 3692/1/7 3641/1/7 3652/1/7 3700/1/7 3701/1/7
f 3650/1/7 3647/1/7 3699/1/7 3698/1/7
f 3689/1/7 3687/1/7 3648/1/7 3649/1/7
f 3640/1/7 3686/1/7 3694/1/7 3695/1/7 3688/1/7 3651/1/7
f 3632/1/314 3629/1/314 3710/1/314 3711/1/314
f 3629/1/328 3658/1/328 3712/1/328 3710/1/328
f 3658/1/316 3682/1/316 3714/1/316 3712/1/316
f 3682/1/317 3685/1/317 3715/1/317 3714/1/317
f 3684/1/318 3668/1/318 3720/1/318 3721/1/318
f 3630/1/319 3633/1/319 3716/1/319 3717/1/319
f 3633/1/320 3660/1/320 3718/1/320 3716/1/320
f 3668/1/321 3657/1/321 3719/1/321 3720/1/321
f 3631/1/1 3636/1/1 3633/1/1 3630/1/1
f 3629/1/1 3632/1/1 3636/1/1 3631/1/1
f 3723/1/7 3725/1/7 3724/1/7 3722/1/7
f 3725/1/344 3729/1/344 3728/1/344 3724/1/344
f 3729/1/1 3727/1/1 3726/1/1 3728/1/1
f 3727/1/26 3723/1/26 3739/1/26 3740/1/26
f 3722/1/345 3724/1/345 3728/1/345 3726/1/345
f 3725/1/346 3723/1/346 3730/1/346 3731/1/346
f 3733/1/1 3732/1/1 3736/1/1 3737/1/1
f 3723/1/347 3727/1/347 3733/1/347 3730/1/347
f 3729/1/347 3725/1/347 3731/1/347 3732/1/347
f 3727/1/346 3729/1/346 3732/1/346 3733/1/346
f 3737/1/348 3736/1/348 3735/1/348 3734/1/348
f 3731/1/7 3730/1/7 3734/1/7 3735/1/7
f 3730/1/26 3733/1/26 3737/1/26 3734/1/26
f 3732/1/21 3731/1/21 3735/1/21 3736/1/21
f 3740/1/35 3739/1/35 3743/1/35 3744/1/35
f 3726/1/26 3727/1/26 3740/1/26 3741/1/26
f 3723/1/26 3722/1/26 3738/1/26 3739/1/26
f 3722/1/26 3726/1/26 3741/1/26 3738/1/26
f 3744/1/26 3743/1/26 3742/1/26 3745/1/26
f 3739/1/1 3738/1/1 3742/1/1 3743/1/1
f 3738/1/31 3741/1/31 3745/1/31 3742/1/31
f 3741/1/7 3740/1/7 3744/1/7 3745/1/7
f 3770/1/21 3771/1/21 3798/1/21 3797/1/21
f 3751/1/21 3750/1/21 3752/1/21
f 3750/1/21 3747/1/21 3753/1/21 3752/1/21
f 3747/1/21 3749/1/21 3754/1/21 3753/1/21
f 3749/1/21 3748/1/21 3755/1/21 3754/1/21
f 3755/1/21 3748/1/21 3756/1/21
f 3748/1/21 3746/1/21 3757/1/21 3756/1/21
f 3758/1/21 3757/1/21 3746/1/21 3772/1/21
f 3758/1/21 3772/1/21 3759/1/21
f 3760/1/21 3759/1/21 3772/1/21 3771/1/21
f 3760/1/21 3771/1/21 3761/1/21
f 3761/1/21 3771/1/21 3762/1/21
f 3763/1/21 3762/1/21 3764/1/21
f 3764/1/21 3762/1/21 3765/1/21
f 3765/1/21 3762/1/21 3766/1/21
f 3762/1/21 3771/1/21 3766/1/21
f 3766/1/45 3771/1/45 3767/1/45
f 3767/1/44 3771/1/44 3768/1/44
f 3769/1/21 3768/1/21 3771/1/21 3770/1/21
f 3797/1/21 3798/1/21 3796/1/21
f 3795/1/21 3796/1/21 3798/1/21
f 3794/1/45 3795/1/45 3798/1/45
f 3793/1/44 3794/1/44 3798/1/44
f 3790/1/21 3791/1/21 3789/1/21
f 3791/1/21 3792/1/21 3789/1/21
f 3792/1/21 3793/1/21 3789/1/21
f 3798/1/21 3789/1/21 3793/1/21
f 3789/1/21 3798/1/21 3788/1/21
f 3787/1/21 3788/1/21 3798/1/21
f 3787/1/21 3798/1/21 3799/1/21 3786/1/21
f 3785/1/21 3786/1/21 3799/1/21
f 3785/1/21 3799/1/21 3773/1/21 3784/1/21
f 3775/1/21 3783/1/21 3784/1/21 3773/1/21
f 3783/1/21 3775/1/21 3782/1/21
f 3776/1/21 3781/1/21 3782/1/21 3775/1/21
f 3774/1/21 3780/1/21 3781/1/21 3776/1/21
f 3777/1/21 3779/1/21 3780/1/21 3774/1/21
f 3778/1/21 3779/1/21 3777/1/21
f 3824/1/26 3851/1/26 3852/1/26 3825/1/26
f 3805/1/26 3806/1/26 3804/1/26
f 3804/1/26 3806/1/26 3807/1/26 3801/1/26
f 3801/1/26 3807/1/26 3808/1/26 3803/1/26
f 3803/1/26 3808/1/26 3809/1/26 3802/1/26
f 3809/1/26 3810/1/26 3802/1/26
f 3802/1/26 3810/1/26 3811/1/26 3800/1/26
f 3812/1/26 3826/1/26 3800/1/26 3811/1/26
f 3812/1/26 3813/1/26 3826/1/26
f 3814/1/26 3825/1/26 3826/1/26 3813/1/26
f 3814/1/26 3815/1/26 3825/1/26
f 3815/1/26 3816/1/26 3825/1/26
f 3817/1/26 3818/1/26 3816/1/26
f 3818/1/26 3819/1/26 3816/1/26
f 3819/1/152 3820/1/152 3816/1/152
f 3816/1/26 3820/1/26 3825/1/26
f 3820/1/26 3821/1/26 3825/1/26
f 3821/1/152 3822/1/152 3825/1/152
f 3823/1/26 3824/1/26 3825/1/26 3822/1/26
f 3851/1/43 3850/1/43 3852/1/43
f 3849/1/152 3852/1/152 3850/1/152
f 3848/1/43 3852/1/43 3849/1/43
f 3847/1/26 3852/1/26 3848/1/26
f 3844/1/26 3843/1/26 3845/1/26
f 3845/1/26 3843/1/26 3846/1/26
f 3846/1/43 3843/1/43 3847/1/43
f 3852/1/26 3847/1/26 3843/1/26
f 3843/1/26 3842/1/26 3852/1/26
f 3841/1/26 3852/1/26 3842/1/26
f 3841/1/26 3840/1/26 3853/1/26 3852/1/26
f 3839/1/26 3853/1/26 3840/1/26
f 3839/1/26 3838/1/26 3827/1/26 3853/1/26
f 3829/1/26 3827/1/26 3838/1/26 3837/1/26
f 3837/1/26 3836/1/26 3829/1/26
f 3830/1/26 3829/1/26 3836/1/26 3835/1/26
f 3828/1/26 3830/1/26 3835/1/26 3834/1/26
f 3831/1/26 3828/1/26 3834/1/26 3833/1/26
f 3832/1/26 3831/1/26 3833/1/26
f 3779/1/92 3778/1/92 3832/1/92 3833/1/92
f 3752/1/48 3753/1/48 3807/1/48 3806/1/48
f 3780/1/47 3779/1/47 3833/1/47 3834/1/47
f 3753/1/50 3754/1/50 3808/1/50 3807/1/50
f 3781/1/49 3780/1/49 3834/1/49 3835/1/49
f 3754/1/52 3755/1/52 3809/1/52 3808/1/52
f 3782/1/111 3781/1/111 3835/1/111 3836/1/111
f 3755/1/54 3756/1/54 3810/1/54 3809/1/54
f 3783/1/53 3782/1/53 3836/1/53 3837/1/53
f 3756/1/56 3757/1/56 3811/1/56 3810/1/56
f 3784/1/112 3783/1/112 3837/1/112 3838/1/112
f 3757/1/58 3758/1/58 3812/1/58 3811/1/58
f 3785/1/57 3784/1/57 3838/1/57 3839/1/57
f 3758/1/349 3759/1/349 3813/1/349 3812/1/349
f 3786/1/350 3785/1/350 3839/1/350 3840/1/350
f 3759/1/62 3760/1/62 3814/1/62 3813/1/62
f 3787/1/61 3786/1/61 3840/1/61 3841/1/61
f 3760/1/114 3761/1/114 3815/1/114 3814/1/114
f 3788/1/113 3787/1/113 3841/1/113 3842/1/113
f 3761/1/66 3762/1/66 3816/1/66 3815/1/66
f 3789/1/65 3788/1/65 3842/1/65 3843/1/65
f 3762/1/68 3763/1/68 3817/1/68 3816/1/68
f 3790/1/67 3789/1/67 3843/1/67 3844/1/67
f 3763/1/70 3764/1/70 3818/1/70 3817/1/70
f 3791/1/69 3790/1/69 3844/1/69 3845/1/69
f 3764/1/351 3765/1/351 3819/1/351 3818/1/351
f 3792/1/154 3791/1/154 3845/1/154 3846/1/154
f 3765/1/352 3766/1/352 3820/1/352 3819/1/352
f 3793/1/73 3792/1/73 3846/1/73 3847/1/73
f 3766/1/117 3767/1/117 3821/1/117 3820/1/117
f 3794/1/75 3793/1/75 3847/1/75 3848/1/75
f 3767/1/78 3768/1/78 3822/1/78 3821/1/78
f 3795/1/77 3794/1/77 3848/1/77 3849/1/77
f 3768/1/80 3769/1/80 3823/1/80 3822/1/80
f 3796/1/79 3795/1/79 3849/1/79 3850/1/79
f 3769/1/119 3770/1/119 3824/1/119 3823/1/119
f 3797/1/118 3796/1/118 3850/1/118 3851/1/118
f 3799/1/21 3798/1/21 3856/1/21 3857/1/21
f 3798/1/21 3771/1/21 3854/1/21 3856/1/21
f 3772/1/7 3746/1/7 3800/1/7 3826/1/7
f 3746/1/7 3748/1/7 3802/1/7 3800/1/7
f 3773/1/1 3799/1/1 3853/1/1 3827/1/1
f 3775/1/1 3773/1/1 3827/1/1 3829/1/1
f 3747/1/85 3750/1/85 3804/1/85 3801/1/85
f 3772/1/94 3826/1/94 3859/1/94 3855/1/94
f 3777/1/120 3774/1/120 3828/1/120 3831/1/120
f 3749/1/87 3747/1/87 3801/1/87 3803/1/87
f 3770/1/35 3797/1/35 3851/1/35 3824/1/35
f 3774/1/86 3776/1/86 3830/1/86 3828/1/86
f 3748/1/89 3749/1/89 3803/1/89 3802/1/89
f 3776/1/88 3775/1/88 3829/1/88 3830/1/88
f 3750/1/91 3751/1/91 3805/1/91 3804/1/91
f 3778/1/90 3777/1/90 3831/1/90 3832/1/90
f 3751/1/46 3752/1/46 3806/1/46 3805/1/46
f 3854/1/31 3855/1/31 3859/1/31 3858/1/31
f 3857/1/31 3856/1/31 3860/1/31 3861/1/31
f 3856/1/31 3854/1/31 3858/1/31 3860/1/31
f 3826/1/353 3825/1/353 3858/1/353 3859/1/353
f 3853/1/84 3799/1/84 3857/1/84 3861/1/84
f 3825/1/353 3852/1/353 3860/1/353 3858/1/353
f 3852/1/353 3853/1/353 3861/1/353 3860/1/353
f 3771/1/21 3772/1/21 3855/1/21 3854/1/21
f 3869/1/21 3875/1/21 3872/1/21 3866/1/21
f 3867/1/21 3870/1/21 3868/1/21 3874/1/21 3885/1/21 3884/1/21 3873/1/21
f 3878/1/21 3879/1/21 3871/1/21 3865/1/21
f 3865/1/21 3871/1/21 3875/1/21 3869/1/21
f 3866/1/21 3872/1/21 3877/1/21 3876/1/21
f 3883/1/21 3882/1/21 3922/1/21 3921/1/21 3884/1/21 3885/1/21 3924/1/21 3923/1/21
f 3880/1/21 3877/1/21 3883/1/21
f 3879/1/21 3881/1/21 3882/1/21
f 3882/1/21 3883/1/21 3877/1/21 3879/1/21
f 3876/1/21 3877/1/21 3880/1/21 3926/1/21 3925/1/21 3874/1/21 3868/1/21
f 3867/1/21 3873/1/21 3919/1/21 3920/1/21 3881/1/21 3879/1/21 3878/1/21
f 3869/1/123 3886/1/123 3888/1/123 3865/1/123
f 3866/1/122 3887/1/122 3886/1/122 3869/1/122
f 3892/1/26 3893/1/26 3903/1/26 3902/1/26
f 3897/1/26 3900/1/26 3908/1/26 3907/1/26 3906/1/26 3899/1/26 3896/1/26
f 3893/1/354 3917/1/354 3954/1/354 3951/1/354
f 3889/1/355 3890/1/355 3901/1/355 3914/1/355
f 3894/1/26 3895/1/26 3905/1/26 3904/1/26
f 3895/1/26 3892/1/26 3902/1/26 3905/1/26
f 3893/1/26 3898/1/26 3909/1/26 3903/1/26
f 3911/1/26 3913/1/26 3909/1/26
f 3904/1/26 3912/1/26 3910/1/26
f 3912/1/26 3904/1/26 3909/1/26 3913/1/26
f 3898/1/26 3899/1/26 3906/1/26 3911/1/26 3909/1/26
f 3897/1/26 3894/1/26 3904/1/26 3910/1/26 3900/1/26
f 3915/1/26 3914/1/26 3916/1/26 3918/1/26
f 3914/1/26 3901/1/26 3917/1/26 3916/1/26
f 3891/1/356 3889/1/356 3914/1/356 3915/1/356
f 3918/1/357 3895/1/357 3946/1/357 3948/1/357
f 3892/1/129 3895/1/129 3918/1/129 3916/1/129
f 3893/1/128 3892/1/128 3916/1/128 3917/1/128
f 3876/1/358 3868/1/358 3899/1/358 3898/1/358
f 3871/1/132 3879/1/132 3904/1/132 3905/1/132
f 3866/1/132 3876/1/132 3898/1/132 3893/1/132
f 3885/1/5 3874/1/5 3906/1/5 3907/1/5
f 3884/1/131 3921/1/131 3922/1/131 3882/1/131 3912/1/131 3908/1/131
f 3877/1/131 3872/1/131 3903/1/131 3909/1/131
f 3874/1/131 3925/1/131 3926/1/131 3880/1/131 3911/1/131 3906/1/131
f 3864/1/359 3863/1/359 3890/1/359 3889/1/359
f 3875/1/360 3871/1/360 3905/1/360 3902/1/360
f 3883/1/132 3923/1/132 3924/1/132 3885/1/132 3907/1/132 3913/1/132
f 3881/1/132 3920/1/132 3919/1/132 3873/1/132 3900/1/132 3910/1/132
f 3862/1/361 3864/1/361 3889/1/361 3891/1/361
f 3873/1/362 3884/1/362 3908/1/362 3900/1/362
f 3890/1/363 3863/1/363 3950/1/363 3952/1/363
f 3867/1/364 3878/1/364 3894/1/364 3897/1/364
f 3880/1/365 3883/1/365 3913/1/365 3911/1/365
f 3895/1/366 3865/1/366 3944/1/366 3946/1/366
f 3878/1/131 3865/1/131 3895/1/131 3894/1/131
f 3882/1/365 3881/1/365 3910/1/365 3912/1/365
f 3872/1/367 3875/1/367 3902/1/367 3903/1/367
f 3875/1/26 3872/1/26 3877/1/26 3879/1/26 3871/1/26
f 3920/1/21 3927/1/21 3928/1/21 3922/1/21
f 3926/1/21 3923/1/21 3929/1/21 3930/1/21
f 3932/1/7 3934/1/7 3938/1/7 3936/1/7
f 3926/1/26 3930/1/26 3934/1/26 3932/1/26
f 3923/1/26 3926/1/26 3932/1/26 3931/1/26
f 3929/1/26 3923/1/26 3931/1/26 3933/1/26
f 3930/1/26 3929/1/26 3933/1/26 3934/1/26
f 3936/1/26 3938/1/26 3937/1/26 3935/1/26
f 3931/1/31 3932/1/31 3936/1/31 3935/1/31
f 3933/1/1 3931/1/1 3935/1/1 3937/1/1
f 3934/1/35 3933/1/35 3937/1/35 3938/1/35
f 3939/1/26 3940/1/26 3942/1/26 3941/1/26
f 3920/1/368 3922/1/368 3940/1/368 3939/1/368
f 3927/1/1 3920/1/1 3939/1/1 3941/1/1
f 3928/1/369 3927/1/369 3941/1/369 3942/1/369
f 3922/1/7 3928/1/7 3942/1/7 3940/1/7
f 3925/1/26 3874/1/26 3885/1/26 3933/1/26 3934/1/26
f 3883/1/26 3880/1/26 3932/1/26 3931/1/26
f 3922/1/26 3920/1/26 3881/1/26 3882/1/26
f 3873/1/26 3919/1/26 3927/1/26 3928/1/26 3921/1/26 3884/1/26
f 3865/1/370 3862/1/370 3943/1/370 3944/1/370
f 3862/1/371 3891/1/371 3945/1/371 3943/1/371
f 3891/1/372 3915/1/372 3947/1/372 3945/1/372
f 3915/1/373 3918/1/373 3948/1/373 3947/1/373
f 3917/1/374 3901/1/374 3953/1/374 3954/1/374
f 3863/1/375 3866/1/375 3949/1/375 3950/1/375
f 3866/1/376 3893/1/376 3951/1/376 3949/1/376
f 3901/1/377 3890/1/377 3952/1/377 3953/1/377
f 3864/1/21 3869/1/21 3866/1/21 3863/1/21
f 3862/1/21 3865/1/21 3869/1/21 3864/1/21
f 3867/1/35 3897/1/35 3896/1/35 3899/1/35 3868/1/35 3870/1/35
f 4032/1/7 4036/1/7 3958/1/7 3988/1/7
f 3958/1/7 3962/1/7 3964/1/7 3960/1/7
f 3957/1/7 3959/1/7 3963/1/7 3961/1/7
f 4036/1/7 4037/1/7 3962/1/7 3958/1/7
f 3990/1/1 3968/1/1 3986/1/1 3992/1/1
f 3972/1/31 3973/1/31 3981/1/31 3980/1/31
f 3970/1/378 3974/1/378 3982/1/378 3978/1/378
f 3973/1/379 3969/1/379 3977/1/379 3981/1/379
f 3958/1/35 3960/1/35 3970/1/35 3968/1/35
f 3988/1/21 3958/1/21 3968/1/21 3990/1/21
f 3960/1/380 3964/1/380 3974/1/380 3970/1/380
f 4013/1/31 3961/1/31 3972/1/31 4016/1/31
f 4005/1/26 3955/1/26 3966/1/26 4006/1/26
f 3961/1/31 3963/1/31 3973/1/31 3972/1/31
f 3959/1/35 3957/1/35 3965/1/35 3969/1/35
f 3963/1/379 3959/1/379 3969/1/379 3973/1/379
f 4029/1/35 3956/1/35 3967/1/35 4030/1/35
f 3964/1/31 3962/1/31 3971/1/31 3974/1/31
f 3975/1/1 3978/1/1 3982/1/1 3979/1/1
f 3976/1/1 3980/1/1 3981/1/1 3977/1/1
f 4040/1/1 3975/1/1 3979/1/1 4041/1/1
f 3968/1/35 3970/1/35 3978/1/35 3975/1/35
f 4038/1/35 3968/1/35 3975/1/35 4040/1/35
f 3974/1/31 3971/1/31 3979/1/31 3982/1/31
f 4016/1/31 3972/1/31 3980/1/31 4018/1/31
f 3969/1/35 3965/1/35 3976/1/35 3977/1/35
f 4006/1/1 3966/1/1 3984/1/1 4007/1/1
f 4015/1/1 3965/1/1 3983/1/1 4020/1/1
f 4030/1/1 3967/1/1 3985/1/1 4031/1/1
f 3965/1/1 3989/1/1 3991/1/1 3983/1/1
f 4044/1/1 3998/1/1 3992/1/1 4043/1/1
f 3957/1/26 3987/1/26 3989/1/26 3965/1/26
f 3996/1/21 3988/1/21 3990/1/21 3997/1/21
f 3997/1/1 3990/1/1 3992/1/1 3998/1/1
f 4033/1/7 4032/1/7 3988/1/7 3996/1/7
f 4034/1/7 4033/1/7 3996/1/7 4002/1/7
f 4003/1/1 3997/1/1 3998/1/1 4004/1/1
f 4002/1/21 3996/1/21 3997/1/21 4003/1/21
f 4042/1/35 4020/1/35 4053/1/35 4066/1/35
f 3989/1/1 3994/1/1 3995/1/1 3991/1/1
f 3987/1/26 3993/1/26 3994/1/26 3989/1/26
f 4046/1/1 4010/1/1 4004/1/1 4045/1/1
f 4008/1/21 4002/1/21 4003/1/21 4009/1/21
f 4009/1/1 4003/1/1 4004/1/1 4010/1/1
f 4035/1/7 4034/1/7 4002/1/7 4008/1/7
f 3994/1/1 4000/1/1 4001/1/1 3995/1/1
f 3993/1/26 3999/1/26 4000/1/26 3994/1/26
f 4029/1/7 4035/1/7 4008/1/7 3956/1/7
f 3967/1/1 4009/1/1 4010/1/1 3985/1/1
f 3956/1/21 4008/1/21 4009/1/21 3967/1/21
f 4044/1/21 4045/1/21 4069/1/21 4068/1/21
f 4000/1/1 4006/1/1 4007/1/1 4001/1/1
f 3999/1/26 4005/1/26 4006/1/26 4000/1/26
f 3984/1/31 4019/1/31 4065/1/31 4048/1/31
f 3955/1/7 4005/1/7 4027/1/7 4011/1/7
f 4005/1/7 3999/1/7 4026/1/7 4027/1/7
f 4007/1/1 4028/1/1 4025/1/1 4001/1/1
f 3985/1/26 4010/1/26 4063/1/26 4050/1/26
f 3999/1/7 3993/1/7 4023/1/7 4026/1/7
f 3993/1/7 3987/1/7 4022/1/7 4023/1/7
f 3995/1/1 4024/1/1 4021/1/1 3991/1/1
f 3966/1/1 4014/1/1 4019/1/1 3984/1/1
f 4038/1/1 4015/1/1 4020/1/1 4042/1/1
f 4039/1/31 4016/1/31 4018/1/31 4041/1/31
f 3965/1/35 4015/1/35 4017/1/35 3976/1/35
f 3976/1/1 4017/1/1 4018/1/1 3980/1/1
f 3955/1/35 4011/1/35 4014/1/35 3966/1/35
f 4037/1/31 4013/1/31 4016/1/31 4039/1/31
f 3957/1/7 3961/1/7 4013/1/7 4012/1/7
f 3987/1/7 3957/1/7 4012/1/7 4022/1/7
f 3962/1/31 4037/1/31 4039/1/31 3971/1/31
f 3971/1/31 4039/1/31 4041/1/31 3979/1/31
f 3968/1/1 4038/1/1 4042/1/1 3986/1/1
f 4019/1/1 4031/1/1 4046/1/1 4028/1/1
f 4011/1/7 4027/1/7 4035/1/7 4029/1/7
f 4027/1/7 4026/1/7 4034/1/7 4035/1/7
f 4028/1/1 4046/1/1 4045/1/1 4025/1/1
f 4025/1/1 4045/1/1 4044/1/1 4024/1/1
f 4026/1/7 4023/1/7 4033/1/7 4034/1/7
f 4023/1/7 4022/1/7 4032/1/7 4033/1/7
f 4024/1/1 4044/1/1 4043/1/1 4021/1/1
f 4014/1/1 4030/1/1 4031/1/1 4019/1/1
f 4015/1/35 4038/1/35 4040/1/35 4017/1/35
f 4017/1/1 4040/1/1 4041/1/1 4018/1/1
f 4011/1/35 4029/1/35 4030/1/35 4014/1/35
f 4012/1/7 4013/1/7 4037/1/7 4036/1/7
f 4022/1/7 4012/1/7 4036/1/7 4032/1/7
f 3983/1/21 3991/1/21 4055/1/21 4054/1/21
f 4069/1/1 4057/1/1 4058/1/1 4068/1/1
f 4049/1/1 4050/1/1 4063/1/1 4070/1/1
f 4048/1/1 4065/1/1 4064/1/1 4047/1/1
f 4061/1/1 4062/1/1 4059/1/1 4060/1/1
f 4067/1/1 4051/1/1 4052/1/1 4066/1/1 4053/1/1 4054/1/1 4055/1/1 4056/1/1
f 4021/1/31 4043/1/31 4067/1/31 4056/1/31
f 4024/1/35 3995/1/35 4060/1/35 4059/1/35
f 4019/1/26 4028/1/26 4064/1/26 4065/1/26
f 4007/1/21 3984/1/21 4048/1/21 4047/1/21
f 3991/1/31 4021/1/31 4056/1/31 4055/1/31
f 3986/1/35 4042/1/35 4066/1/35 4052/1/35
f 4046/1/381 4031/1/381 4049/1/381 4070/1/381
f 4001/1/31 4025/1/31 4062/1/31 4061/1/31
f 4031/1/31 3985/1/31 4050/1/31 4049/1/31
f 4028/1/35 4007/1/35 4047/1/35 4064/1/35
f 4043/1/31 3992/1/31 4051/1/31 4067/1/31
f 3992/1/26 3986/1/26 4052/1/26 4051/1/26
f 3998/1/35 4044/1/35 4068/1/35 4058/1/35
f 4004/1/26 3998/1/26 4058/1/26 4057/1/26
f 4020/1/35 3983/1/35 4054/1/35 4053/1/35
f 4045/1/31 4004/1/31 4057/1/31 4069/1/31
f 4025/1/26 4024/1/26 4059/1/26 4062/1/26
f 4010/1/35 4046/1/35 4070/1/35 4063/1/35
f 3995/1/21 4001/1/21 4061/1/21 4060/1/21
f 4095/1/7 4096/1/7 4123/1/7 4122/1/7
f 4076/1/7 4075/1/7 4077/1/7
f 4075/1/7 4072/1/7 4078/1/7 4077/1/7
f 4072/1/7 4074/1/7 4079/1/7 4078/1/7
f 4074/1/7 4073/1/7 4080/1/7 4079/1/7
f 4080/1/7 4073/1/7 4081/1/7
f 4073/1/7 4071/1/7 4082/1/7 4081/1/7
f 4083/1/7 4082/1/7 4071/1/7 4097/1/7
f 4083/1/7 4097/1/7 4084/1/7
f 4085/1/7 4084/1/7 4097/1/7 4096/1/7
f 4085/1/7 4096/1/7 4086/1/7
f 4086/1/7 4096/1/7 4087/1/7
f 4088/1/7 4087/1/7 4089/1/7
f 4089/1/7 4087/1/7 4090/1/7
f 4090/1/7 4087/1/7 4091/1/7
f 4087/1/7 4096/1/7 4091/1/7
f 4091/1/7 4096/1/7 4092/1/7
f 4092/1/7 4096/1/7 4093/1/7
f 4094/1/7 4093/1/7 4096/1/7 4095/1/7
f 4122/1/7 4123/1/7 4121/1/7
f 4120/1/7 4121/1/7 4123/1/7
f 4119/1/7 4120/1/7 4123/1/7
f 4118/1/7 4119/1/7 4123/1/7
f 4115/1/7 4116/1/7 4114/1/7
f 4116/1/7 4117/1/7 4114/1/7
f 4117/1/7 4118/1/7 4114/1/7
f 4123/1/7 4114/1/7 4118/1/7
f 4114/1/7 4123/1/7 4113/1/7
f 4112/1/7 4113/1/7 4123/1/7
f 4112/1/7 4123/1/7 4124/1/7 4111/1/7
f 4110/1/7 4111/1/7 4124/1/7
f 4110/1/7 4124/1/7 4098/1/7 4109/1/7
f 4100/1/7 4108/1/7 4109/1/7 4098/1/7
f 4108/1/7 4100/1/7 4107/1/7
f 4101/1/7 4106/1/7 4107/1/7 4100/1/7
f 4099/1/7 4105/1/7 4106/1/7 4101/1/7
f 4102/1/7 4104/1/7 4105/1/7 4099/1/7
f 4103/1/7 4104/1/7 4102/1/7
f 4149/1/1 4176/1/1 4177/1/1 4150/1/1
f 4130/1/1 4131/1/1 4129/1/1
f 4129/1/1 4131/1/1 4132/1/1 4126/1/1
f 4126/1/1 4132/1/1 4133/1/1 4128/1/1
f 4128/1/1 4133/1/1 4134/1/1 4127/1/1
f 4134/1/1 4135/1/1 4127/1/1
f 4127/1/1 4135/1/1 4136/1/1 4125/1/1
f 4137/1/1 4151/1/1 4125/1/1 4136/1/1
f 4137/1/1 4138/1/1 4151/1/1
f 4139/1/1 4150/1/1 4151/1/1 4138/1/1
f 4139/1/1 4140/1/1 4150/1/1
f 4140/1/1 4141/1/1 4150/1/1
f 4142/1/1 4143/1/1 4141/1/1
f 4143/1/1 4144/1/1 4141/1/1
f 4144/1/1 4145/1/1 4141/1/1
f 4141/1/1 4145/1/1 4150/1/1
f 4145/1/1 4146/1/1 4150/1/1
f 4146/1/1 4147/1/1 4150/1/1
f 4148/1/1 4149/1/1 4150/1/1 4147/1/1
f 4176/1/1 4175/1/1 4177/1/1
f 4174/1/1 4177/1/1 4175/1/1
f 4173/1/1 4177/1/1 4174/1/1
f 4172/1/1 4177/1/1 4173/1/1
f 4169/1/1 4168/1/1 4170/1/1
f 4170/1/1 4168/1/1 4171/1/1
f 4171/1/1 4168/1/1 4172/1/1
f 4177/1/1 4172/1/1 4168/1/1
f 4168/1/1 4167/1/1 4177/1/1
f 4166/1/1 4177/1/1 4167/1/1
f 4166/1/1 4165/1/1 4178/1/1 4177/1/1
f 4164/1/1 4178/1/1 4165/1/1
f 4164/1/1 4163/1/1 4152/1/1 4178/1/1
f 4154/1/1 4152/1/1 4163/1/1 4162/1/1
f 4162/1/1 4161/1/1 4154/1/1
f 4155/1/1 4154/1/1 4161/1/1 4160/1/1
f 4153/1/1 4155/1/1 4160/1/1 4159/1/1
f 4156/1/1 4153/1/1 4159/1/1 4158/1/1
f 4157/1/1 4156/1/1 4158/1/1
f 4104/1/207 4103/1/207 4157/1/207 4158/1/207
f 4077/1/165 4078/1/165 4132/1/165 4131/1/165
f 4105/1/164 4104/1/164 4158/1/164 4159/1/164
f 4078/1/167 4079/1/167 4133/1/167 4132/1/167
f 4106/1/212 4105/1/212 4159/1/212 4160/1/212
f 4079/1/341 4080/1/341 4134/1/341 4133/1/341
f 4107/1/283 4106/1/283 4160/1/283 4161/1/283
f 4080/1/171 4081/1/171 4135/1/171 4134/1/171
f 4108/1/170 4107/1/170 4161/1/170 4162/1/170
f 4081/1/173 4082/1/173 4136/1/173 4135/1/173
f 4109/1/213 4108/1/213 4162/1/213 4163/1/213
f 4082/1/175 4083/1/175 4137/1/175 4136/1/175
f 4110/1/174 4109/1/174 4163/1/174 4164/1/174
f 4083/1/286 4084/1/286 4138/1/286 4137/1/286
f 4111/1/176 4110/1/176 4164/1/176 4165/1/176
f 4084/1/179 4085/1/179 4139/1/179 4138/1/179
f 4112/1/178 4111/1/178 4165/1/178 4166/1/178
f 4085/1/275 4086/1/275 4140/1/275 4139/1/275
f 4113/1/180 4112/1/180 4166/1/180 4167/1/180
f 4086/1/183 4087/1/183 4141/1/183 4140/1/183
f 4114/1/216 4113/1/216 4167/1/216 4168/1/216
f 4087/1/185 4088/1/185 4142/1/185 4141/1/185
f 4115/1/184 4114/1/184 4168/1/184 4169/1/184
f 4088/1/187 4089/1/187 4143/1/187 4142/1/187
f 4116/1/186 4115/1/186 4169/1/186 4170/1/186
f 4089/1/278 4090/1/278 4144/1/278 4143/1/278
f 4117/1/277 4116/1/277 4170/1/277 4171/1/277
f 4090/1/217 4091/1/217 4145/1/217 4144/1/217
f 4118/1/190 4117/1/190 4171/1/190 4172/1/190
f 4091/1/193 4092/1/193 4146/1/193 4145/1/193
f 4119/1/218 4118/1/218 4172/1/218 4173/1/218
f 4092/1/195 4093/1/195 4147/1/195 4146/1/195
f 4120/1/194 4119/1/194 4173/1/194 4174/1/194
f 4093/1/197 4094/1/197 4148/1/197 4147/1/197
f 4121/1/280 4120/1/280 4174/1/280 4175/1/280
f 4094/1/199 4095/1/199 4149/1/199 4148/1/199
f 4122/1/198 4121/1/198 4175/1/198 4176/1/198
f 4124/1/7 4123/1/7 4181/1/7 4182/1/7
f 4123/1/7 4096/1/7 4179/1/7 4181/1/7
f 4097/1/26 4071/1/26 4125/1/26 4151/1/26
f 4071/1/26 4073/1/26 4127/1/26 4125/1/26
f 4098/1/21 4124/1/21 4178/1/21 4152/1/21
f 4100/1/21 4098/1/21 4152/1/21 4154/1/21
f 4072/1/19 4075/1/19 4129/1/19 4126/1/19
f 4097/1/282 4151/1/282 4184/1/282 4180/1/282
f 4102/1/13 4099/1/13 4153/1/13 4156/1/13
f 4074/1/202 4072/1/202 4126/1/202 4128/1/202
f 4095/1/35 4122/1/35 4176/1/35 4149/1/35
f 4099/1/201 4101/1/201 4155/1/201 4153/1/201
f 4073/1/204 4074/1/204 4128/1/204 4127/1/204
f 4101/1/203 4100/1/203 4154/1/203 4155/1/203
f 4075/1/206 4076/1/206 4130/1/206 4129/1/206
f 4103/1/205 4102/1/205 4156/1/205 4157/1/205
f 4076/1/163 4077/1/163 4131/1/163 4130/1/163
f 4179/1/31 4180/1/31 4184/1/31 4183/1/31
f 4182/1/31 4181/1/31 4185/1/31 4186/1/31
f 4181/1/31 4179/1/31 4183/1/31 4185/1/31
f 4151/1/382 4150/1/382 4183/1/382 4184/1/382
f 4178/1/200 4124/1/200 4182/1/200 4186/1/200
f 4150/1/382 4177/1/382 4185/1/382 4183/1/382
f 4177/1/382 4178/1/382 4186/1/382 4185/1/382
f 4096/1/7 4097/1/7 4180/1/7 4179/1/7
f 4264/1/7 4268/1/7 4190/1/7 4220/1/7
f 4190/1/7 4194/1/7 4196/1/7 4192/1/7
f 4189/1/7 4191/1/7 4195/1/7 4193/1/7
f 4268/1/7 4269/1/7 4194/1/7 4190/1/7
f 4222/1/1 4200/1/1 4218/1/1 4224/1/1
f 4204/1/31 4205/1/31 4213/1/31 4212/1/31
f 4202/1/378 4206/1/378 4214/1/378 4210/1/378
f 4205/1/379 4201/1/379 4209/1/379 4213/1/379
f 4190/1/35 4192/1/35 4202/1/35 4200/1/35
f 4220/1/21 4190/1/21 4200/1/21 4222/1/21
f 4192/1/380 4196/1/380 4206/1/380 4202/1/380
f 4245/1/31 4193/1/31 4204/1/31 4248/1/31
f 4237/1/26 4187/1/26 4198/1/26 4238/1/26
f 4193/1/31 4195/1/31 4205/1/31 4204/1/31
f 4191/1/35 4189/1/35 4197/1/35 4201/1/35
f 4195/1/379 4191/1/379 4201/1/379 4205/1/379
f 4261/1/35 4188/1/35 4199/1/35 4262/1/35
f 4196/1/31 4194/1/31 4203/1/31 4206/1/31
f 4207/1/1 4210/1/1 4214/1/1 4211/1/1
f 4208/1/1 4212/1/1 4213/1/1 4209/1/1
f 4272/1/1 4207/1/1 4211/1/1 4273/1/1
f 4200/1/35 4202/1/35 4210/1/35 4207/1/35
f 4270/1/35 4200/1/35 4207/1/35 4272/1/35
f 4206/1/31 4203/1/31 4211/1/31 4214/1/31
f 4248/1/31 4204/1/31 4212/1/31 4250/1/31
f 4201/1/35 4197/1/35 4208/1/35 4209/1/35
f 4238/1/1 4198/1/1 4216/1/1 4239/1/1
f 4247/1/1 4197/1/1 4215/1/1 4252/1/1
f 4262/1/1 4199/1/1 4217/1/1 4263/1/1
f 4197/1/1 4221/1/1 4223/1/1 4215/1/1
f 4276/1/1 4230/1/1 4224/1/1 4275/1/1
f 4189/1/26 4219/1/26 4221/1/26 4197/1/26
f 4228/1/21 4220/1/21 4222/1/21 4229/1/21
f 4229/1/1 4222/1/1 4224/1/1 4230/1/1
f 4265/1/7 4264/1/7 4220/1/7 4228/1/7
f 4266/1/7 4265/1/7 4228/1/7 4234/1/7
f 4235/1/1 4229/1/1 4230/1/1 4236/1/1
f 4234/1/21 4228/1/21 4229/1/21 4235/1/21
f 4274/1/35 4252/1/35 4285/1/35 4298/1/35
f 4221/1/1 4226/1/1 4227/1/1 4223/1/1
f 4219/1/26 4225/1/26 4226/1/26 4221/1/26
f 4278/1/1 4242/1/1 4236/1/1 4277/1/1
f 4240/1/21 4234/1/21 4235/1/21 4241/1/21
f 4241/1/1 4235/1/1 4236/1/1 4242/1/1
f 4267/1/7 4266/1/7 4234/1/7 4240/1/7
f 4226/1/1 4232/1/1 4233/1/1 4227/1/1
f 4225/1/26 4231/1/26 4232/1/26 4226/1/26
f 4261/1/7 4267/1/7 4240/1/7 4188/1/7
f 4199/1/1 4241/1/1 4242/1/1 4217/1/1
f 4188/1/21 4240/1/21 4241/1/21 4199/1/21
f 4276/1/21 4277/1/21 4301/1/21 4300/1/21
f 4232/1/1 4238/1/1 4239/1/1 4233/1/1
f 4231/1/26 4237/1/26 4238/1/26 4232/1/26
f 4216/1/31 4251/1/31 4297/1/31 4280/1/31
f 4187/1/7 4237/1/7 4259/1/7 4243/1/7
f 4237/1/7 4231/1/7 4258/1/7 4259/1/7
f 4239/1/1 4260/1/1 4257/1/1 4233/1/1
f 4217/1/26 4242/1/26 4295/1/26 4282/1/26
f 4231/1/7 4225/1/7 4255/1/7 4258/1/7
f 4225/1/7 4219/1/7 4254/1/7 4255/1/7
f 4227/1/1 4256/1/1 4253/1/1 4223/1/1
f 4198/1/1 4246/1/1 4251/1/1 4216/1/1
f 4270/1/1 4247/1/1 4252/1/1 4274/1/1
f 4271/1/31 4248/1/31 4250/1/31 4273/1/31
f 4197/1/35 4247/1/35 4249/1/35 4208/1/35
f 4208/1/1 4249/1/1 4250/1/1 4212/1/1
f 4187/1/35 4243/1/35 4246/1/35 4198/1/35
f 4269/1/31 4245/1/31 4248/1/31 4271/1/31
f 4189/1/7 4193/1/7 4245/1/7 4244/1/7
f 4219/1/7 4189/1/7 4244/1/7 4254/1/7
f 4194/1/31 4269/1/31 4271/1/31 4203/1/31
f 4203/1/31 4271/1/31 4273/1/31 4211/1/31
f 4200/1/1 4270/1/1 4274/1/1 4218/1/1
f 4251/1/1 4263/1/1 4278/1/1 4260/1/1
f 4243/1/7 4259/1/7 4267/1/7 4261/1/7
f 4259/1/7 4258/1/7 4266/1/7 4267/1/7
f 4260/1/1 4278/1/1 4277/1/1 4257/1/1
f 4257/1/1 4277/1/1 4276/1/1 4256/1/1
f 4258/1/7 4255/1/7 4265/1/7 4266/1/7
f 4255/1/7 4254/1/7 4264/1/7 4265/1/7
f 4256/1/1 4276/1/1 4275/1/1 4253/1/1
f 4246/1/1 4262/1/1 4263/1/1 4251/1/1
f 4247/1/35 4270/1/35 4272/1/35 4249/1/35
f 4249/1/1 4272/1/1 4273/1/1 4250/1/1
f 4243/1/35 4261/1/35 4262/1/35 4246/1/35
f 4244/1/7 4245/1/7 4269/1/7 4268/1/7
f 4254/1/7 4244/1/7 4268/1/7 4264/1/7
f 4215/1/21 4223/1/21 4287/1/21 4286/1/21
f 4301/1/1 4289/1/1 4290/1/1 4300/1/1
f 4281/1/1 4282/1/1 4295/1/1 4302/1/1
f 4280/1/1 4297/1/1 4296/1/1 4279/1/1
f 4293/1/1 4294/1/1 4291/1/1 4292/1/1
f 4299/1/1 4283/1/1 4284/1/1 4298/1/1 4285/1/1 4286/1/1 4287/1/1 4288/1/1
f 4253/1/31 4275/1/31 4299/1/31 4288/1/31
f 4256/1/35 4227/1/35 4292/1/35 4291/1/35
f 4251/1/26 4260/1/26 4296/1/26 4297/1/26
f 4239/1/21 4216/1/21 4280/1/21 4279/1/21
f 4223/1/31 4253/1/31 4288/1/31 4287/1/31
f 4218/1/35 4274/1/35 4298/1/35 4284/1/35
f 4278/1/381 4263/1/381 4281/1/381 4302/1/381
f 4233/1/31 4257/1/31 4294/1/31 4293/1/31
f 4263/1/31 4217/1/31 4282/1/31 4281/1/31
f 4260/1/35 4239/1/35 4279/1/35 4296/1/35
f 4275/1/31 4224/1/31 4283/1/31 4299/1/31
f 4224/1/26 4218/1/26 4284/1/26 4283/1/26
f 4230/1/35 4276/1/35 4300/1/35 4290/1/35
f 4236/1/26 4230/1/26 4290/1/26 4289/1/26
f 4252/1/35 4215/1/35 4286/1/35 4285/1/35
f 4277/1/31 4236/1/31 4289/1/31 4301/1/31
f 4257/1/26 4256/1/26 4291/1/26 4294/1/26
f 4242/1/35 4278/1/35 4302/1/35 4295/1/35
f 4227/1/21 4233/1/21 4293/1/21 4292/1/21
f 4327/1/7 4328/1/7 4355/1/7 4354/1/7
f 4308/1/7 4307/1/7 4309/1/7
f 4307/1/7 4304/1/7 4310/1/7 4309/1/7
f 4304/1/7 4306/1/7 4311/1/7 4310/1/7
f 4306/1/7 4305/1/7 4312/1/7 4311/1/7
f 4312/1/7 4305/1/7 4313/1/7
f 4305/1/7 4303/1/7 4314/1/7 4313/1/7
f 4315/1/7 4314/1/7 4303/1/7 4329/1/7
f 4315/1/7 4329/1/7 4316/1/7
f 4317/1/7 4316/1/7 4329/1/7 4328/1/7
f 4317/1/7 4328/1/7 4318/1/7
f 4318/1/7 4328/1/7 4319/1/7
f 4320/1/7 4319/1/7 4321/1/7
f 4321/1/7 4319/1/7 4322/1/7
f 4322/1/7 4319/1/7 4323/1/7
f 4319/1/7 4328/1/7 4323/1/7
f 4323/1/7 4328/1/7 4324/1/7
f 4324/1/7 4328/1/7 4325/1/7
f 4326/1/7 4325/1/7 4328/1/7 4327/1/7
f 4354/1/7 4355/1/7 4353/1/7
f 4352/1/7 4353/1/7 4355/1/7
f 4351/1/7 4352/1/7 4355/1/7
f 4350/1/7 4351/1/7 4355/1/7
f 4347/1/7 4348/1/7 4346/1/7
f 4348/1/7 4349/1/7 4346/1/7
f 4349/1/7 4350/1/7 4346/1/7
f 4355/1/7 4346/1/7 4350/1/7
f 4346/1/7 4355/1/7 4345/1/7
f 4344/1/7 4345/1/7 4355/1/7
f 4344/1/7 4355/1/7 4356/1/7 4343/1/7
f 4342/1/7 4343/1/7 4356/1/7
f 4342/1/7 4356/1/7 4330/1/7 4341/1/7
f 4332/1/7 4340/1/7 4341/1/7 4330/1/7
f 4340/1/7 4332/1/7 4339/1/7
f 4333/1/7 4338/1/7 4339/1/7 4332/1/7
f 4331/1/7 4337/1/7 4338/1/7 4333/1/7
f 4334/1/7 4336/1/7 4337/1/7 4331/1/7
f 4335/1/7 4336/1/7 4334/1/7
f 4381/1/1 4408/1/1 4409/1/1 4382/1/1
f 4362/1/1 4363/1/1 4361/1/1
f 4361/1/1 4363/1/1 4364/1/1 4358/1/1
f 4358/1/1 4364/1/1 4365/1/1 4360/1/1
f 4360/1/1 4365/1/1 4366/1/1 4359/1/1
f 4366/1/1 4367/1/1 4359/1/1
f 4359/1/1 4367/1/1 4368/1/1 4357/1/1
f 4369/1/1 4383/1/1 4357/1/1 4368/1/1
f 4369/1/1 4370/1/1 4383/1/1
f 4371/1/1 4382/1/1 4383/1/1 4370/1/1
f 4371/1/1 4372/1/1 4382/1/1
f 4372/1/1 4373/1/1 4382/1/1
f 4374/1/1 4375/1/1 4373/1/1
f 4375/1/1 4376/1/1 4373/1/1
f 4376/1/1 4377/1/1 4373/1/1
f 4373/1/1 4377/1/1 4382/1/1
f 4377/1/1 4378/1/1 4382/1/1
f 4378/1/1 4379/1/1 4382/1/1
f 4380/1/1 4381/1/1 4382/1/1 4379/1/1
f 4408/1/1 4407/1/1 4409/1/1
f 4406/1/1 4409/1/1 4407/1/1
f 4405/1/1 4409/1/1 4406/1/1
f 4404/1/1 4409/1/1 4405/1/1
f 4401/1/1 4400/1/1 4402/1/1
f 4402/1/1 4400/1/1 4403/1/1
f 4403/1/1 4400/1/1 4404/1/1
f 4409/1/1 4404/1/1 4400/1/1
f 4400/1/1 4399/1/1 4409/1/1
f 4398/1/1 4409/1/1 4399/1/1
f 4398/1/1 4397/1/1 4410/1/1 4409/1/1
f 4396/1/1 4410/1/1 4397/1/1
f 4396/1/1 4395/1/1 4384/1/1 4410/1/1
f 4386/1/1 4384/1/1 4395/1/1 4394/1/1
f 4394/1/1 4393/1/1 4386/1/1
f 4387/1/1 4386/1/1 4393/1/1 4392/1/1
f 4385/1/1 4387/1/1 4392/1/1 4391/1/1
f 4388/1/1 4385/1/1 4391/1/1 4390/1/1
f 4389/1/1 4388/1/1 4390/1/1
f 4336/1/207 4335/1/207 4389/1/207 4390/1/207
f 4309/1/165 4310/1/165 4364/1/165 4363/1/165
f 4337/1/164 4336/1/164 4390/1/164 4391/1/164
f 4310/1/167 4311/1/167 4365/1/167 4364/1/167
f 4338/1/212 4337/1/212 4391/1/212 4392/1/212
f 4311/1/169 4312/1/169 4366/1/169 4365/1/169
f 4339/1/283 4338/1/283 4392/1/283 4393/1/283
f 4312/1/171 4313/1/171 4367/1/171 4366/1/171
f 4340/1/170 4339/1/170 4393/1/170 4394/1/170
f 4313/1/173 4314/1/173 4368/1/173 4367/1/173
f 4341/1/213 4340/1/213 4394/1/213 4395/1/213
f 4314/1/175 4315/1/175 4369/1/175 4368/1/175
f 4342/1/174 4341/1/174 4395/1/174 4396/1/174
f 4315/1/286 4316/1/286 4370/1/286 4369/1/286
f 4343/1/176 4342/1/176 4396/1/176 4397/1/176
f 4316/1/179 4317/1/179 4371/1/179 4370/1/179
f 4344/1/178 4343/1/178 4397/1/178 4398/1/178
f 4317/1/275 4318/1/275 4372/1/275 4371/1/275
f 4345/1/180 4344/1/180 4398/1/180 4399/1/180
f 4318/1/183 4319/1/183 4373/1/183 4372/1/183
f 4346/1/216 4345/1/216 4399/1/216 4400/1/216
f 4319/1/185 4320/1/185 4374/1/185 4373/1/185
f 4347/1/184 4346/1/184 4400/1/184 4401/1/184
f 4320/1/187 4321/1/187 4375/1/187 4374/1/187
f 4348/1/186 4347/1/186 4401/1/186 4402/1/186
f 4321/1/278 4322/1/278 4376/1/278 4375/1/278
f 4349/1/342 4348/1/342 4402/1/342 4403/1/342
f 4322/1/191 4323/1/191 4377/1/191 4376/1/191
f 4350/1/324 4349/1/324 4403/1/324 4404/1/324
f 4323/1/193 4324/1/193 4378/1/193 4377/1/193
f 4351/1/218 4350/1/218 4404/1/218 4405/1/218
f 4324/1/195 4325/1/195 4379/1/195 4378/1/195
f 4352/1/194 4351/1/194 4405/1/194 4406/1/194
f 4325/1/219 4326/1/219 4380/1/219 4379/1/219
f 4353/1/196 4352/1/196 4406/1/196 4407/1/196
f 4326/1/221 4327/1/221 4381/1/221 4380/1/221
f 4354/1/198 4353/1/198 4407/1/198 4408/1/198
f 4356/1/7 4355/1/7 4413/1/7 4414/1/7
f 4355/1/7 4328/1/7 4411/1/7 4413/1/7
f 4329/1/26 4303/1/26 4357/1/26 4383/1/26
f 4303/1/26 4305/1/26 4359/1/26 4357/1/26
f 4330/1/21 4356/1/21 4410/1/21 4384/1/21
f 4332/1/21 4330/1/21 4384/1/21 4386/1/21
f 4304/1/16 4307/1/16 4361/1/16 4358/1/16
f 4329/1/209 4383/1/209 4416/1/209 4412/1/209
f 4334/1/13 4331/1/13 4385/1/13 4388/1/13
f 4306/1/202 4304/1/202 4358/1/202 4360/1/202
f 4327/1/35 4354/1/35 4408/1/35 4381/1/35
f 4331/1/325 4333/1/325 4387/1/325 4385/1/325
f 4305/1/204 4306/1/204 4360/1/204 4359/1/204
f 4333/1/203 4332/1/203 4386/1/203 4387/1/203
f 4307/1/206 4308/1/206 4362/1/206 4361/1/206
f 4335/1/205 4334/1/205 4388/1/205 4389/1/205
f 4308/1/163 4309/1/163 4363/1/163 4362/1/163
f 4411/1/31 4412/1/31 4416/1/31 4415/1/31
f 4414/1/31 4413/1/31 4417/1/31 4418/1/31
f 4413/1/31 4411/1/31 4415/1/31 4417/1/31
f 4383/1/382 4382/1/382 4415/1/382 4416/1/382
f 4410/1/200 4356/1/200 4414/1/200 4418/1/200
f 4382/1/382 4409/1/382 4417/1/382 4415/1/382
f 4409/1/382 4410/1/382 4418/1/382 4417/1/382
f 4328/1/7 4329/1/7 4412/1/7 4411/1/7
f 4496/1/7 4500/1/7 4422/1/7 4452/1/7
f 4422/1/7 4426/1/7 4428/1/7 4424/1/7
f 4421/1/7 4423/1/7 4427/1/7 4425/1/7
f 4500/1/7 4501/1/7 4426/1/7 4422/1/7
f 4454/1/1 4432/1/1 4450/1/1 4456/1/1
f 4436/1/31 4437/1/31 4445/1/31 4444/1/31
f 4434/1/383 4438/1/383 4446/1/383 4442/1/383
f 4437/1/384 4433/1/384 4441/1/384 4445/1/384
f 4422/1/35 4424/1/35 4434/1/35 4432/1/35
f 4452/1/21 4422/1/21 4432/1/21 4454/1/21
f 4424/1/385 4428/1/385 4438/1/385 4434/1/385
f 4477/1/31 4425/1/31 4436/1/31 4480/1/31
f 4469/1/26 4419/1/26 4430/1/26 4470/1/26
f 4425/1/31 4427/1/31 4437/1/31 4436/1/31
f 4423/1/35 4421/1/35 4429/1/35 4433/1/35
f 4427/1/384 4423/1/384 4433/1/384 4437/1/384
f 4493/1/35 4420/1/35 4431/1/35 4494/1/35
f 4428/1/31 4426/1/31 4435/1/31 4438/1/31
f 4439/1/1 4442/1/1 4446/1/1 4443/1/1
f 4440/1/1 4444/1/1 4445/1/1 4441/1/1
f 4504/1/1 4439/1/1 4443/1/1 4505/1/1
f 4432/1/35 4434/1/35 4442/1/35 4439/1/35
f 4502/1/35 4432/1/35 4439/1/35 4504/1/35
f 4438/1/31 4435/1/31 4443/1/31 4446/1/31
f 4480/1/31 4436/1/31 4444/1/31 4482/1/31
f 4433/1/35 4429/1/35 4440/1/35 4441/1/35
f 4470/1/1 4430/1/1 4448/1/1 4471/1/1
f 4479/1/1 4429/1/1 4447/1/1 4484/1/1
f 4494/1/1 4431/1/1 4449/1/1 4495/1/1
f 4429/1/1 4453/1/1 4455/1/1 4447/1/1
f 4508/1/1 4462/1/1 4456/1/1 4507/1/1
f 4421/1/26 4451/1/26 4453/1/26 4429/1/26
f 4460/1/21 4452/1/21 4454/1/21 4461/1/21
f 4461/1/1 4454/1/1 4456/1/1 4462/1/1
f 4497/1/7 4496/1/7 4452/1/7 4460/1/7
f 4498/1/7 4497/1/7 4460/1/7 4466/1/7
f 4467/1/1 4461/1/1 4462/1/1 4468/1/1
f 4466/1/21 4460/1/21 4461/1/21 4467/1/21
f 4506/1/35 4484/1/35 4517/1/35 4530/1/35
f 4453/1/1 4458/1/1 4459/1/1 4455/1/1
f 4451/1/26 4457/1/26 4458/1/26 4453/1/26
f 4510/1/1 4474/1/1 4468/1/1 4509/1/1
f 4472/1/21 4466/1/21 4467/1/21 4473/1/21
f 4473/1/1 4467/1/1 4468/1/1 4474/1/1
f 4499/1/7 4498/1/7 4466/1/7 4472/1/7
f 4458/1/1 4464/1/1 4465/1/1 4459/1/1
f 4457/1/26 4463/1/26 4464/1/26 4458/1/26
f 4493/1/7 4499/1/7 4472/1/7 4420/1/7
f 4431/1/1 4473/1/1 4474/1/1 4449/1/1
f 4420/1/21 4472/1/21 4473/1/21 4431/1/21
f 4508/1/21 4509/1/21 4533/1/21 4532/1/21
f 4464/1/1 4470/1/1 4471/1/1 4465/1/1
f 4463/1/26 4469/1/26 4470/1/26 4464/1/26
f 4448/1/31 4483/1/31 4529/1/31 4512/1/31
f 4419/1/7 4469/1/7 4491/1/7 4475/1/7
f 4469/1/7 4463/1/7 4490/1/7 4491/1/7
f 4471/1/1 4492/1/1 4489/1/1 4465/1/1
f 4449/1/26 4474/1/26 4527/1/26 4514/1/26
f 4463/1/7 4457/1/7 4487/1/7 4490/1/7
f 4457/1/7 4451/1/7 4486/1/7 4487/1/7
f 4459/1/1 4488/1/1 4485/1/1 4455/1/1
f 4430/1/1 4478/1/1 4483/1/1 4448/1/1
f 4502/1/1 4479/1/1 4484/1/1 4506/1/1
f 4503/1/31 4480/1/31 4482/1/31 4505/1/31
f 4429/1/35 4479/1/35 4481/1/35 4440/1/35
f 4440/1/1 4481/1/1 4482/1/1 4444/1/1
f 4419/1/35 4475/1/35 4478/1/35 4430/1/35
f 4501/1/31 4477/1/31 4480/1/31 4503/1/31
f 4421/1/7 4425/1/7 4477/1/7 4476/1/7
f 4451/1/7 4421/1/7 4476/1/7 4486/1/7
f 4426/1/31 4501/1/31 4503/1/31 4435/1/31
f 4435/1/31 4503/1/31 4505/1/31 4443/1/31
f 4432/1/1 4502/1/1 4506/1/1 4450/1/1
f 4483/1/1 4495/1/1 4510/1/1 4492/1/1
f 4475/1/7 4491/1/7 4499/1/7 4493/1/7
f 4491/1/7 4490/1/7 4498/1/7 4499/1/7
f 4492/1/1 4510/1/1 4509/1/1 4489/1/1
f 4489/1/1 4509/1/1 4508/1/1 4488/1/1
f 4490/1/7 4487/1/7 4497/1/7 4498/1/7
f 4487/1/7 4486/1/7 4496/1/7 4497/1/7
f 4488/1/1 4508/1/1 4507/1/1 4485/1/1
f 4478/1/1 4494/1/1 4495/1/1 4483/1/1
f 4479/1/35 4502/1/35 4504/1/35 4481/1/35
f 4481/1/1 4504/1/1 4505/1/1 4482/1/1
f 4475/1/35 4493/1/35 4494/1/35 4478/1/35
f 4476/1/7 4477/1/7 4501/1/7 4500/1/7
f 4486/1/7 4476/1/7 4500/1/7 4496/1/7
f 4447/1/21 4455/1/21 4519/1/21 4518/1/21
f 4533/1/1 4521/1/1 4522/1/1 4532/1/1
f 4513/1/1 4514/1/1 4527/1/1 4534/1/1
f 4512/1/1 4529/1/1 4528/1/1 4511/1/1
f 4525/1/1 4526/1/1 4523/1/1 4524/1/1
f 4531/1/1 4515/1/1 4516/1/1 4530/1/1 4517/1/1 4518/1/1 4519/1/1 4520/1/1
f 4485/1/31 4507/1/31 4531/1/31 4520/1/31
f 4488/1/35 4459/1/35 4524/1/35 4523/1/35
f 4483/1/26 4492/1/26 4528/1/26 4529/1/26
f 4471/1/21 4448/1/21 4512/1/21 4511/1/21
f 4455/1/31 4485/1/31 4520/1/31 4519/1/31
f 4450/1/35 4506/1/35 4530/1/35 4516/1/35
f 4510/1/386 4495/1/386 4513/1/386 4534/1/386
f 4465/1/31 4489/1/31 4526/1/31 4525/1/31
f 4495/1/31 4449/1/31 4514/1/31 4513/1/31
f 4492/1/35 4471/1/35 4511/1/35 4528/1/35
f 4507/1/31 4456/1/31 4515/1/31 4531/1/31
f 4456/1/26 4450/1/26 4516/1/26 4515/1/26
f 4462/1/35 4508/1/35 4532/1/35 4522/1/35
f 4468/1/26 4462/1/26 4522/1/26 4521/1/26
f 4484/1/35 4447/1/35 4518/1/35 4517/1/35
f 4509/1/31 4468/1/31 4521/1/31 4533/1/31
f 4489/1/26 4488/1/26 4523/1/26 4526/1/26
f 4474/1/35 4510/1/35 4534/1/35 4527/1/35
f 4459/1/21 4465/1/21 4525/1/21 4524/1/21
f 4559/1/7 4560/1/7 4587/1/7 4586/1/7
f 4540/1/7 4539/1/7 4541/1/7
f 4539/1/7 4536/1/7 4542/1/7 4541/1/7
f 4536/1/7 4538/1/7 4543/1/7 4542/1/7
f 4538/1/7 4537/1/7 4544/1/7 4543/1/7
f 4544/1/7 4537/1/7 4545/1/7
f 4537/1/7 4535/1/7 4546/1/7 4545/1/7
f 4547/1/7 4546/1/7 4535/1/7 4561/1/7
f 4547/1/7 4561/1/7 4548/1/7
f 4549/1/7 4548/1/7 4561/1/7 4560/1/7
f 4549/1/7 4560/1/7 4550/1/7
f 4550/1/7 4560/1/7 4551/1/7
f 4552/1/7 4551/1/7 4553/1/7
f 4553/1/7 4551/1/7 4554/1/7
f 4554/1/7 4551/1/7 4555/1/7
f 4551/1/7 4560/1/7 4555/1/7
f 4555/1/7 4560/1/7 4556/1/7
f 4556/1/7 4560/1/7 4557/1/7
f 4558/1/7 4557/1/7 4560/1/7 4559/1/7
f 4586/1/7 4587/1/7 4585/1/7
f 4584/1/7 4585/1/7 4587/1/7
f 4583/1/7 4584/1/7 4587/1/7
f 4582/1/7 4583/1/7 4587/1/7
f 4579/1/7 4580/1/7 4578/1/7
f 4580/1/7 4581/1/7 4578/1/7
f 4581/1/7 4582/1/7 4578/1/7
f 4587/1/7 4578/1/7 4582/1/7
f 4578/1/7 4587/1/7 4577/1/7
f 4576/1/7 4577/1/7 4587/1/7
f 4576/1/7 4587/1/7 4588/1/7 4575/1/7
f 4574/1/7 4575/1/7 4588/1/7
f 4574/1/7 4588/1/7 4562/1/7 4573/1/7
f 4564/1/7 4572/1/7 4573/1/7 4562/1/7
f 4572/1/7 4564/1/7 4571/1/7
f 4565/1/7 4570/1/7 4571/1/7 4564/1/7
f 4563/1/7 4569/1/7 4570/1/7 4565/1/7
f 4566/1/7 4568/1/7 4569/1/7 4563/1/7
f 4567/1/7 4568/1/7 4566/1/7
f 4613/1/1 4640/1/1 4641/1/1 4614/1/1
f 4594/1/1 4595/1/1 4593/1/1
f 4593/1/1 4595/1/1 4596/1/1 4590/1/1
f 4590/1/1 4596/1/1 4597/1/1 4592/1/1
f 4592/1/1 4597/1/1 4598/1/1 4591/1/1
f 4598/1/1 4599/1/1 4591/1/1
f 4591/1/1 4599/1/1 4600/1/1 4589/1/1
f 4601/1/1 4615/1/1 4589/1/1 4600/1/1
f 4601/1/1 4602/1/1 4615/1/1
f 4603/1/1 4614/1/1 4615/1/1 4602/1/1
f 4603/1/1 4604/1/1 4614/1/1
f 4604/1/1 4605/1/1 4614/1/1
f 4606/1/1 4607/1/1 4605/1/1
f 4607/1/1 4608/1/1 4605/1/1
f 4608/1/1 4609/1/1 4605/1/1
f 4605/1/1 4609/1/1 4614/1/1
f 4609/1/1 4610/1/1 4614/1/1
f 4610/1/1 4611/1/1 4614/1/1
f 4612/1/1 4613/1/1 4614/1/1 4611/1/1
f 4640/1/1 4639/1/1 4641/1/1
f 4638/1/1 4641/1/1 4639/1/1
f 4637/1/1 4641/1/1 4638/1/1
f 4636/1/1 4641/1/1 4637/1/1
f 4633/1/1 4632/1/1 4634/1/1
f 4634/1/1 4632/1/1 4635/1/1
f 4635/1/1 4632/1/1 4636/1/1
f 4641/1/1 4636/1/1 4632/1/1
f 4632/1/1 4631/1/1 4641/1/1
f 4630/1/1 4641/1/1 4631/1/1
f 4630/1/1 4629/1/1 4642/1/1 4641/1/1
f 4628/1/1 4642/1/1 4629/1/1
f 4628/1/1 4627/1/1 4616/1/1 4642/1/1
f 4618/1/1 4616/1/1 4627/1/1 4626/1/1
f 4626/1/1 4625/1/1 4618/1/1
f 4619/1/1 4618/1/1 4625/1/1 4624/1/1
f 4617/1/1 4619/1/1 4624/1/1 4623/1/1
f 4620/1/1 4617/1/1 4623/1/1 4622/1/1
f 4621/1/1 4620/1/1 4622/1/1
f 4568/1/272 4567/1/272 4621/1/272 4622/1/272
f 4541/1/228 4542/1/228 4596/1/228 4595/1/228
f 4569/1/227 4568/1/227 4622/1/227 4623/1/227
f 4542/1/387 4543/1/387 4597/1/387 4596/1/387
f 4570/1/388 4569/1/388 4623/1/388 4624/1/388
f 4543/1/389 4544/1/389 4598/1/389 4597/1/389
f 4571/1/390 4570/1/390 4624/1/390 4625/1/390
f 4544/1/391 4545/1/391 4599/1/391 4598/1/391
f 4572/1/233 4571/1/233 4625/1/233 4626/1/233
f 4545/1/392 4546/1/392 4600/1/392 4599/1/392
f 4573/1/393 4572/1/393 4626/1/393 4627/1/393
f 4546/1/394 4547/1/394 4601/1/394 4600/1/394
f 4574/1/237 4573/1/237 4627/1/237 4628/1/237
f 4547/1/240 4548/1/240 4602/1/240 4601/1/240
f 4575/1/239 4574/1/239 4628/1/239 4629/1/239
f 4548/1/242 4549/1/242 4603/1/242 4602/1/242
f 4576/1/241 4575/1/241 4629/1/241 4630/1/241
f 4549/1/244 4550/1/244 4604/1/244 4603/1/244
f 4577/1/243 4576/1/243 4630/1/243 4631/1/243
f 4550/1/395 4551/1/395 4605/1/395 4604/1/395
f 4578/1/245 4577/1/245 4631/1/245 4632/1/245
f 4551/1/248 4552/1/248 4606/1/248 4605/1/248
f 4579/1/247 4578/1/247 4632/1/247 4633/1/247
f 4552/1/396 4553/1/396 4607/1/396 4606/1/396
f 4580/1/397 4579/1/397 4633/1/397 4634/1/397
f 4553/1/398 4554/1/398 4608/1/398 4607/1/398
f 4581/1/399 4580/1/399 4634/1/399 4635/1/399
f 4554/1/400 4555/1/400 4609/1/400 4608/1/400
f 4582/1/401 4581/1/401 4635/1/401 4636/1/401
f 4555/1/256 4556/1/256 4610/1/256 4609/1/256
f 4583/1/255 4582/1/255 4636/1/255 4637/1/255
f 4556/1/258 4557/1/258 4611/1/258 4610/1/258
f 4584/1/402 4583/1/402 4637/1/402 4638/1/402
f 4557/1/260 4558/1/260 4612/1/260 4611/1/260
f 4585/1/259 4584/1/259 4638/1/259 4639/1/259
f 4558/1/262 4559/1/262 4613/1/262 4612/1/262
f 4586/1/403 4585/1/403 4639/1/403 4640/1/403
f 4588/1/7 4587/1/7 4645/1/7 4646/1/7
f 4587/1/7 4560/1/7 4643/1/7 4645/1/7
f 4561/1/26 4535/1/26 4589/1/26 4615/1/26
f 4535/1/26 4537/1/26 4591/1/26 4589/1/26
f 4562/1/21 4588/1/21 4642/1/21 4616/1/21
f 4564/1/21 4562/1/21 4616/1/21 4618/1/21
f 4536/1/404 4539/1/404 4593/1/404 4590/1/404
f 4561/1/273 4615/1/273 4648/1/273 4644/1/273
f 4566/1/263 4563/1/263 4617/1/263 4620/1/263
f 4538/1/267 4536/1/267 4590/1/267 4592/1/267
f 4559/1/35 4586/1/35 4640/1/35 4613/1/35
f 4563/1/266 4565/1/266 4619/1/266 4617/1/266
f 4537/1/405 4538/1/405 4592/1/405 4591/1/405
f 4565/1/406 4564/1/406 4618/1/406 4619/1/406
f 4539/1/271 4540/1/271 4594/1/271 4593/1/271
f 4567/1/270 4566/1/270 4620/1/270 4621/1/270
f 4540/1/226 4541/1/226 4595/1/226 4594/1/226
f 4643/1/31 4644/1/31 4648/1/31 4647/1/31
f 4646/1/31 4645/1/31 4649/1/31 4650/1/31
f 4645/1/31 4643/1/31 4647/1/31 4649/1/31
f 4615/1/382 4614/1/382 4647/1/382 4648/1/382
f 4642/1/264 4588/1/264 4646/1/264 4650/1/264
f 4614/1/382 4641/1/382 4649/1/382 4647/1/382
f 4641/1/382 4642/1/382 4650/1/382 4649/1/382
f 4560/1/7 4561/1/7 4644/1/7 4643/1/7
f 4728/1/7 4732/1/7 4654/1/7 4684/1/7
f 4654/1/7 4658/1/7 4660/1/7 4656/1/7
f 4653/1/7 4655/1/7 4659/1/7 4657/1/7
f 4732/1/7 4733/1/7 4658/1/7 4654/1/7
f 4686/1/1 4664/1/1 4682/1/1 4688/1/1
f 4668/1/31 4669/1/31 4677/1/31 4676/1/31
f 4666/1/378 4670/1/378 4678/1/378 4674/1/378
f 4669/1/379 4665/1/379 4673/1/379 4677/1/379
f 4654/1/35 4656/1/35 4666/1/35 4664/1/35
f 4684/1/21 4654/1/21 4664/1/21 4686/1/21
f 4656/1/380 4660/1/380 4670/1/380 4666/1/380
f 4709/1/31 4657/1/31 4668/1/31 4712/1/31
f 4701/1/26 4651/1/26 4662/1/26 4702/1/26
f 4657/1/31 4659/1/31 4669/1/31 4668/1/31
f 4655/1/35 4653/1/35 4661/1/35 4665/1/35
f 4659/1/379 4655/1/379 4665/1/379 4669/1/379
f 4725/1/35 4652/1/35 4663/1/35 4726/1/35
f 4660/1/31 4658/1/31 4667/1/31 4670/1/31
f 4671/1/1 4674/1/1 4678/1/1 4675/1/1
f 4672/1/1 4676/1/1 4677/1/1 4673/1/1
f 4736/1/1 4671/1/1 4675/1/1 4737/1/1
f 4664/1/35 4666/1/35 4674/1/35 4671/1/35
f 4734/1/35 4664/1/35 4671/1/35 4736/1/35
f 4670/1/31 4667/1/31 4675/1/31 4678/1/31
f 4712/1/31 4668/1/31 4676/1/31 4714/1/31
f 4665/1/35 4661/1/35 4672/1/35 4673/1/35
f 4702/1/1 4662/1/1 4680/1/1 4703/1/1
f 4711/1/1 4661/1/1 4679/1/1 4716/1/1
f 4726/1/1 4663/1/1 4681/1/1 4727/1/1
f 4661/1/1 4685/1/1 4687/1/1 4679/1/1
f 4740/1/1 4694/1/1 4688/1/1 4739/1/1
f 4653/1/26 4683/1/26 4685/1/26 4661/1/26
f 4692/1/21 4684/1/21 4686/1/21 4693/1/21
f 4693/1/1 4686/1/1 4688/1/1 4694/1/1
f 4729/1/7 4728/1/7 4684/1/7 4692/1/7
f 4730/1/7 4729/1/7 4692/1/7 4698/1/7
f 4699/1/1 4693/1/1 4694/1/1 4700/1/1
f 4698/1/21 4692/1/21 4693/1/21 4699/1/21
f 4738/1/35 4716/1/35 4749/1/35 4762/1/35
f 4685/1/1 4690/1/1 4691/1/1 4687/1/1
f 4683/1/26 4689/1/26 4690/1/26 4685/1/26
f 4742/1/1 4706/1/1 4700/1/1 4741/1/1
f 4704/1/21 4698/1/21 4699/1/21 4705/1/21
f 4705/1/1 4699/1/1 4700/1/1 4706/1/1
f 4731/1/7 4730/1/7 4698/1/7 4704/1/7
f 4690/1/1 4696/1/1 4697/1/1 4691/1/1
f 4689/1/26 4695/1/26 4696/1/26 4690/1/26
f 4725/1/7 4731/1/7 4704/1/7 4652/1/7
f 4663/1/1 4705/1/1 4706/1/1 4681/1/1
f 4652/1/21 4704/1/21 4705/1/21 4663/1/21
f 4740/1/21 4741/1/21 4765/1/21 4764/1/21
f 4696/1/1 4702/1/1 4703/1/1 4697/1/1
f 4695/1/26 4701/1/26 4702/1/26 4696/1/26
f 4680/1/31 4715/1/31 4761/1/31 4744/1/31
f 4651/1/7 4701/1/7 4723/1/7 4707/1/7
f 4701/1/7 4695/1/7 4722/1/7 4723/1/7
f 4703/1/1 4724/1/1 4721/1/1 4697/1/1
f 4681/1/26 4706/1/26 4759/1/26 4746/1/26
f 4695/1/7 4689/1/7 4719/1/7 4722/1/7
f 4689/1/7 4683/1/7 4718/1/7 4719/1/7
f 4691/1/1 4720/1/1 4717/1/1 4687/1/1
f 4662/1/1 4710/1/1 4715/1/1 4680/1/1
f 4734/1/1 4711/1/1 4716/1/1 4738/1/1
f 4735/1/31 4712/1/31 4714/1/31 4737/1/31
f 4661/1/35 4711/1/35 4713/1/35 4672/1/35
f 4672/1/1 4713/1/1 4714/1/1 4676/1/1
f 4651/1/35 4707/1/35 4710/1/35 4662/1/35
f 4733/1/31 4709/1/31 4712/1/31 4735/1/31
f 4653/1/7 4657/1/7 4709/1/7 4708/1/7
f 4683/1/7 4653/1/7 4708/1/7 4718/1/7
f 4658/1/31 4733/1/31 4735/1/31 4667/1/31
f 4667/1/31 4735/1/31 4737/1/31 4675/1/31
f 4664/1/1 4734/1/1 4738/1/1 4682/1/1
f 4715/1/1 4727/1/1 4742/1/1 4724/1/1
f 4707/1/7 4723/1/7 4731/1/7 4725/1/7
f 4723/1/7 4722/1/7 4730/1/7 4731/1/7
f 4724/1/1 4742/1/1 4741/1/1 4721/1/1
f 4721/1/1 4741/1/1 4740/1/1 4720/1/1
f 4722/1/7 4719/1/7 4729/1/7 4730/1/7
f 4719/1/7 4718/1/7 4728/1/7 4729/1/7
f 4720/1/1 4740/1/1 4739/1/1 4717/1/1
f 4710/1/1 4726/1/1 4727/1/1 4715/1/1
f 4711/1/35 4734/1/35 4736/1/35 4713/1/35
f 4713/1/1 4736/1/1 4737/1/1 4714/1/1
f 4707/1/35 4725/1/35 4726/1/35 4710/1/35
f 4708/1/7 4709/1/7 4733/1/7 4732/1/7
f 4718/1/7 4708/1/7 4732/1/7 4728/1/7
f 4679/1/21 4687/1/21 4751/1/21 4750/1/21
f 4765/1/1 4753/1/1 4754/1/1 4764/1/1
f 4745/1/1 4746/1/1 4759/1/1 4766/1/1
f 4744/1/1 4761/1/1 4760/1/1 4743/1/1
f 4757/1/1 4758/1/1 4755/1/1 4756/1/1
f 4763/1/1 4747/1/1 4748/1/1 4762/1/1 4749/1/1 4750/1/1 4751/1/1 4752/1/1
f 4717/1/31 4739/1/31 4763/1/31 4752/1/31
f 4720/1/35 4691/1/35 4756/1/35 4755/1/35
f 4715/1/26 4724/1/26 4760/1/26 4761/1/26
f 4703/1/21 4680/1/21 4744/1/21 4743/1/21
f 4687/1/31 4717/1/31 4752/1/31 4751/1/31
f 4682/1/35 4738/1/35 4762/1/35 4748/1/35
f 4742/1/381 4727/1/381 4745/1/381 4766/1/381
f 4697/1/31 4721/1/31 4758/1/31 4757/1/31
f 4727/1/31 4681/1/31 4746/1/31 4745/1/31
f 4724/1/35 4703/1/35 4743/1/35 4760/1/35
f 4739/1/31 4688/1/31 4747/1/31 4763/1/31
f 4688/1/26 4682/1/26 4748/1/26 4747/1/26
f 4694/1/35 4740/1/35 4764/1/35 4754/1/35
f 4700/1/26 4694/1/26 4754/1/26 4753/1/26
f 4716/1/35 4679/1/35 4750/1/35 4749/1/35
f 4741/1/31 4700/1/31 4753/1/31 4765/1/31
f 4721/1/26 4720/1/26 4755/1/26 4758/1/26
f 4706/1/35 4742/1/35 4766/1/35 4759/1/35
f 4691/1/21 4697/1/21 4757/1/21 4756/1/21
f 4791/1/7 4792/1/7 4819/1/7 4818/1/7
f 4772/1/7 4771/1/7 4773/1/7
f 4771/1/7 4768/1/7 4774/1/7 4773/1/7
f 4768/1/7 4770/1/7 4775/1/7 4774/1/7
f 4770/1/7 4769/1/7 4776/1/7 4775/1/7
f 4776/1/7 4769/1/7 4777/1/7
f 4769/1/7 4767/1/7 4778/1/7 4777/1/7
f 4779/1/7 4778/1/7 4767/1/7 4793/1/7
f 4779/1/7 4793/1/7 4780/1/7
f 4781/1/7 4780/1/7 4793/1/7 4792/1/7
f 4781/1/7 4792/1/7 4782/1/7
f 4782/1/7 4792/1/7 4783/1/7
f 4784/1/7 4783/1/7 4785/1/7
f 4785/1/7 4783/1/7 4786/1/7
f 4786/1/7 4783/1/7 4787/1/7
f 4783/1/7 4792/1/7 4787/1/7
f 4787/1/7 4792/1/7 4788/1/7
f 4788/1/7 4792/1/7 4789/1/7
f 4790/1/7 4789/1/7 4792/1/7 4791/1/7
f 4818/1/7 4819/1/7 4817/1/7
f 4816/1/7 4817/1/7 4819/1/7
f 4815/1/7 4816/1/7 4819/1/7
f 4814/1/7 4815/1/7 4819/1/7
f 4811/1/7 4812/1/7 4810/1/7
f 4812/1/7 4813/1/7 4810/1/7
f 4813/1/7 4814/1/7 4810/1/7
f 4819/1/7 4810/1/7 4814/1/7
f 4810/1/7 4819/1/7 4809/1/7
f 4808/1/7 4809/1/7 4819/1/7
f 4808/1/7 4819/1/7 4820/1/7 4807/1/7
f 4806/1/7 4807/1/7 4820/1/7
f 4806/1/7 4820/1/7 4794/1/7 4805/1/7
f 4796/1/7 4804/1/7 4805/1/7 4794/1/7
f 4804/1/7 4796/1/7 4803/1/7
f 4797/1/7 4802/1/7 4803/1/7 4796/1/7
f 4795/1/7 4801/1/7 4802/1/7 4797/1/7
f 4798/1/7 4800/1/7 4801/1/7 4795/1/7
f 4799/1/7 4800/1/7 4798/1/7
f 4845/1/1 4872/1/1 4873/1/1 4846/1/1
f 4826/1/1 4827/1/1 4825/1/1
f 4825/1/1 4827/1/1 4828/1/1 4822/1/1
f 4822/1/1 4828/1/1 4829/1/1 4824/1/1
f 4824/1/1 4829/1/1 4830/1/1 4823/1/1
f 4830/1/1 4831/1/1 4823/1/1
f 4823/1/1 4831/1/1 4832/1/1 4821/1/1
f 4833/1/1 4847/1/1 4821/1/1 4832/1/1
f 4833/1/1 4834/1/1 4847/1/1
f 4835/1/1 4846/1/1 4847/1/1 4834/1/1
f 4835/1/1 4836/1/1 4846/1/1
f 4836/1/1 4837/1/1 4846/1/1
f 4838/1/1 4839/1/1 4837/1/1
f 4839/1/1 4840/1/1 4837/1/1
f 4840/1/1 4841/1/1 4837/1/1
f 4837/1/1 4841/1/1 4846/1/1
f 4841/1/1 4842/1/1 4846/1/1
f 4842/1/1 4843/1/1 4846/1/1
f 4844/1/1 4845/1/1 4846/1/1 4843/1/1
f 4872/1/1 4871/1/1 4873/1/1
f 4870/1/1 4873/1/1 4871/1/1
f 4869/1/1 4873/1/1 4870/1/1
f 4868/1/1 4873/1/1 4869/1/1
f 4865/1/1 4864/1/1 4866/1/1
f 4866/1/1 4864/1/1 4867/1/1
f 4867/1/1 4864/1/1 4868/1/1
f 4873/1/1 4868/1/1 4864/1/1
f 4864/1/1 4863/1/1 4873/1/1
f 4862/1/1 4873/1/1 4863/1/1
f 4862/1/1 4861/1/1 4874/1/1 4873/1/1
f 4860/1/1 4874/1/1 4861/1/1
f 4860/1/1 4859/1/1 4848/1/1 4874/1/1
f 4850/1/1 4848/1/1 4859/1/1 4858/1/1
f 4858/1/1 4857/1/1 4850/1/1
f 4851/1/1 4850/1/1 4857/1/1 4856/1/1
f 4849/1/1 4851/1/1 4856/1/1 4855/1/1
f 4852/1/1 4849/1/1 4855/1/1 4854/1/1
f 4853/1/1 4852/1/1 4854/1/1
f 4800/1/207 4799/1/207 4853/1/207 4854/1/207
f 4773/1/165 4774/1/165 4828/1/165 4827/1/165
f 4801/1/164 4800/1/164 4854/1/164 4855/1/164
f 4774/1/167 4775/1/167 4829/1/167 4828/1/167
f 4802/1/212 4801/1/212 4855/1/212 4856/1/212
f 4775/1/169 4776/1/169 4830/1/169 4829/1/169
f 4803/1/283 4802/1/283 4856/1/283 4857/1/283
f 4776/1/171 4777/1/171 4831/1/171 4830/1/171
f 4804/1/170 4803/1/170 4857/1/170 4858/1/170
f 4777/1/214 4778/1/214 4832/1/214 4831/1/214
f 4805/1/172 4804/1/172 4858/1/172 4859/1/172
f 4778/1/175 4779/1/175 4833/1/175 4832/1/175
f 4806/1/174 4805/1/174 4859/1/174 4860/1/174
f 4779/1/286 4780/1/286 4834/1/286 4833/1/286
f 4807/1/285 4806/1/285 4860/1/285 4861/1/285
f 4780/1/179 4781/1/179 4835/1/179 4834/1/179
f 4808/1/178 4807/1/178 4861/1/178 4862/1/178
f 4781/1/275 4782/1/275 4836/1/275 4835/1/275
f 4809/1/180 4808/1/180 4862/1/180 4863/1/180
f 4782/1/276 4783/1/276 4837/1/276 4836/1/276
f 4810/1/216 4809/1/216 4863/1/216 4864/1/216
f 4783/1/185 4784/1/185 4838/1/185 4837/1/185
f 4811/1/184 4810/1/184 4864/1/184 4865/1/184
f 4784/1/187 4785/1/187 4839/1/187 4838/1/187
f 4812/1/186 4811/1/186 4865/1/186 4866/1/186
f 4785/1/339 4786/1/339 4840/1/339 4839/1/339
f 4813/1/342 4812/1/342 4866/1/342 4867/1/342
f 4786/1/217 4787/1/217 4841/1/217 4840/1/217
f 4814/1/324 4813/1/324 4867/1/324 4868/1/324
f 4787/1/284 4788/1/284 4842/1/284 4841/1/284
f 4815/1/192 4814/1/192 4868/1/192 4869/1/192
f 4788/1/195 4789/1/195 4843/1/195 4842/1/195
f 4816/1/194 4815/1/194 4869/1/194 4870/1/194
f 4789/1/219 4790/1/219 4844/1/219 4843/1/219
f 4817/1/196 4816/1/196 4870/1/196 4871/1/196
f 4790/1/221 4791/1/221 4845/1/221 4844/1/221
f 4818/1/220 4817/1/220 4871/1/220 4872/1/220
f 4820/1/7 4819/1/7 4877/1/7 4878/1/7
f 4819/1/7 4792/1/7 4875/1/7 4877/1/7
f 4793/1/26 4767/1/26 4821/1/26 4847/1/26
f 4767/1/26 4769/1/26 4823/1/26 4821/1/26
f 4794/1/21 4820/1/21 4874/1/21 4848/1/21
f 4796/1/21 4794/1/21 4848/1/21 4850/1/21
f 4768/1/16 4771/1/16 4825/1/16 4822/1/16
f 4793/1/209 4847/1/209 4880/1/209 4876/1/209
f 4798/1/13 4795/1/13 4849/1/13 4852/1/13
f 4770/1/343 4768/1/343 4822/1/343 4824/1/343
f 4791/1/35 4818/1/35 4872/1/35 4845/1/35
f 4795/1/201 4797/1/201 4851/1/201 4849/1/201
f 4769/1/204 4770/1/204 4824/1/204 4823/1/204
f 4797/1/203 4796/1/203 4850/1/203 4851/1/203
f 4771/1/206 4772/1/206 4826/1/206 4825/1/206
f 4799/1/205 4798/1/205 4852/1/205 4853/1/205
f 4772/1/163 4773/1/163 4827/1/163 4826/1/163
f 4875/1/31 4876/1/31 4880/1/31 4879/1/31
f 4878/1/31 4877/1/31 4881/1/31 4882/1/31
f 4877/1/31 4875/1/31 4879/1/31 4881/1/31
f 4847/1/382 4846/1/382 4879/1/382 4880/1/382
f 4874/1/200 4820/1/200 4878/1/200 4882/1/200
f 4846/1/382 4873/1/382 4881/1/382 4879/1/382
f 4873/1/382 4874/1/382 4882/1/382 4881/1/382
f 4792/1/7 4793/1/7 4876/1/7 4875/1/7
f 4907/1/7 4908/1/7 4935/1/7 4934/1/7
f 4888/1/7 4887/1/7 4889/1/7
f 4887/1/7 4884/1/7 4890/1/7 4889/1/7
f 4884/1/7 4886/1/7 4891/1/7 4890/1/7
f 4886/1/7 4885/1/7 4892/1/7 4891/1/7
f 4892/1/7 4885/1/7 4893/1/7
f 4885/1/7 4883/1/7 4894/1/7 4893/1/7
f 4895/1/7 4894/1/7 4883/1/7 4909/1/7
f 4895/1/7 4909/1/7 4896/1/7
f 4897/1/7 4896/1/7 4909/1/7 4908/1/7
f 4897/1/7 4908/1/7 4898/1/7
f 4898/1/7 4908/1/7 4899/1/7
f 4900/1/7 4899/1/7 4901/1/7
f 4901/1/7 4899/1/7 4902/1/7
f 4902/1/7 4899/1/7 4903/1/7
f 4899/1/7 4908/1/7 4903/1/7
f 4903/1/7 4908/1/7 4904/1/7
f 4904/1/7 4908/1/7 4905/1/7
f 4906/1/7 4905/1/7 4908/1/7 4907/1/7
f 4934/1/7 4935/1/7 4933/1/7
f 4932/1/7 4933/1/7 4935/1/7
f 4931/1/7 4932/1/7 4935/1/7
f 4930/1/7 4931/1/7 4935/1/7
f 4927/1/7 4928/1/7 4926/1/7
f 4928/1/7 4929/1/7 4926/1/7
f 4929/1/7 4930/1/7 4926/1/7
f 4935/1/7 4926/1/7 4930/1/7
f 4926/1/7 4935/1/7 4925/1/7
f 4924/1/7 4925/1/7 4935/1/7
f 4924/1/7 4935/1/7 4936/1/7 4923/1/7
f 4922/1/7 4923/1/7 4936/1/7
f 4922/1/7 4936/1/7 4910/1/7 4921/1/7
f 4912/1/7 4920/1/7 4921/1/7 4910/1/7
f 4920/1/7 4912/1/7 4919/1/7
f 4913/1/7 4918/1/7 4919/1/7 4912/1/7
f 4911/1/7 4917/1/7 4918/1/7 4913/1/7
f 4914/1/7 4916/1/7 4917/1/7 4911/1/7
f 4915/1/7 4916/1/7 4914/1/7
f 4961/1/1 4988/1/1 4989/1/1 4962/1/1
f 4942/1/1 4943/1/1 4941/1/1
f 4941/1/1 4943/1/1 4944/1/1 4938/1/1
f 4938/1/1 4944/1/1 4945/1/1 4940/1/1
f 4940/1/1 4945/1/1 4946/1/1 4939/1/1
f 4946/1/1 4947/1/1 4939/1/1
f 4939/1/1 4947/1/1 4948/1/1 4937/1/1
f 4949/1/1 4963/1/1 4937/1/1 4948/1/1
f 4949/1/1 4950/1/1 4963/1/1
f 4951/1/1 4962/1/1 4963/1/1 4950/1/1
f 4951/1/1 4952/1/1 4962/1/1
f 4952/1/1 4953/1/1 4962/1/1
f 4954/1/1 4955/1/1 4953/1/1
f 4955/1/1 4956/1/1 4953/1/1
f 4956/1/1 4957/1/1 4953/1/1
f 4953/1/1 4957/1/1 4962/1/1
f 4957/1/1 4958/1/1 4962/1/1
f 4958/1/1 4959/1/1 4962/1/1
f 4960/1/1 4961/1/1 4962/1/1 4959/1/1
f 4988/1/1 4987/1/1 4989/1/1
f 4986/1/1 4989/1/1 4987/1/1
f 4985/1/1 4989/1/1 4986/1/1
f 4984/1/1 4989/1/1 4985/1/1
f 4981/1/1 4980/1/1 4982/1/1
f 4982/1/1 4980/1/1 4983/1/1
f 4983/1/1 4980/1/1 4984/1/1
f 4989/1/1 4984/1/1 4980/1/1
f 4980/1/1 4979/1/1 4989/1/1
f 4978/1/1 4989/1/1 4979/1/1
f 4978/1/1 4977/1/1 4990/1/1 4989/1/1
f 4976/1/1 4990/1/1 4977/1/1
f 4976/1/1 4975/1/1 4964/1/1 4990/1/1
f 4966/1/1 4964/1/1 4975/1/1 4974/1/1
f 4974/1/1 4973/1/1 4966/1/1
f 4967/1/1 4966/1/1 4973/1/1 4972/1/1
f 4965/1/1 4967/1/1 4972/1/1 4971/1/1
f 4968/1/1 4965/1/1 4971/1/1 4970/1/1
f 4969/1/1 4968/1/1 4970/1/1
f 4916/1/207 4915/1/207 4969/1/207 4970/1/207
f 4889/1/165 4890/1/165 4944/1/165 4943/1/165
f 4917/1/164 4916/1/164 4970/1/164 4971/1/164
f 4890/1/167 4891/1/167 4945/1/167 4944/1/167
f 4918/1/212 4917/1/212 4971/1/212 4972/1/212
f 4891/1/341 4892/1/341 4946/1/341 4945/1/341
f 4919/1/283 4918/1/283 4972/1/283 4973/1/283
f 4892/1/171 4893/1/171 4947/1/171 4946/1/171
f 4920/1/170 4919/1/170 4973/1/170 4974/1/170
f 4893/1/173 4894/1/173 4948/1/173 4947/1/173
f 4921/1/172 4920/1/172 4974/1/172 4975/1/172
f 4894/1/175 4895/1/175 4949/1/175 4948/1/175
f 4922/1/174 4921/1/174 4975/1/174 4976/1/174
f 4895/1/177 4896/1/177 4950/1/177 4949/1/177
f 4923/1/285 4922/1/285 4976/1/285 4977/1/285
f 4896/1/179 4897/1/179 4951/1/179 4950/1/179
f 4924/1/178 4923/1/178 4977/1/178 4978/1/178
f 4897/1/275 4898/1/275 4952/1/275 4951/1/275
f 4925/1/180 4924/1/180 4978/1/180 4979/1/180
f 4898/1/183 4899/1/183 4953/1/183 4952/1/183
f 4926/1/216 4925/1/216 4979/1/216 4980/1/216
f 4899/1/185 4900/1/185 4954/1/185 4953/1/185
f 4927/1/184 4926/1/184 4980/1/184 4981/1/184
f 4900/1/187 4901/1/187 4955/1/187 4954/1/187
f 4928/1/186 4927/1/186 4981/1/186 4982/1/186
f 4901/1/189 4902/1/189 4956/1/189 4955/1/189
f 4929/1/188 4928/1/188 4982/1/188 4983/1/188
f 4902/1/191 4903/1/191 4957/1/191 4956/1/191
f 4930/1/190 4929/1/190 4983/1/190 4984/1/190
f 4903/1/193 4904/1/193 4958/1/193 4957/1/193
f 4931/1/218 4930/1/218 4984/1/218 4985/1/218
f 4904/1/195 4905/1/195 4959/1/195 4958/1/195
f 4932/1/194 4931/1/194 4985/1/194 4986/1/194
f 4905/1/407 4906/1/407 4960/1/407 4959/1/407
f 4933/1/196 4932/1/196 4986/1/196 4987/1/196
f 4906/1/288 4907/1/288 4961/1/288 4960/1/288
f 4934/1/287 4933/1/287 4987/1/287 4988/1/287
f 4936/1/7 4935/1/7 4993/1/7 4994/1/7
f 4935/1/7 4908/1/7 4991/1/7 4993/1/7
f 4909/1/26 4883/1/26 4937/1/26 4963/1/26
f 4883/1/26 4885/1/26 4939/1/26 4937/1/26
f 4910/1/21 4936/1/21 4990/1/21 4964/1/21
f 4912/1/21 4910/1/21 4964/1/21 4966/1/21
f 4884/1/19 4887/1/19 4941/1/19 4938/1/19
f 4909/1/209 4963/1/209 4996/1/209 4992/1/209
f 4914/1/13 4911/1/13 4965/1/13 4968/1/13
f 4886/1/343 4884/1/343 4938/1/343 4940/1/343
f 4907/1/35 4934/1/35 4988/1/35 4961/1/35
f 4911/1/325 4913/1/325 4967/1/325 4965/1/325
f 4885/1/204 4886/1/204 4940/1/204 4939/1/204
f 4913/1/203 4912/1/203 4966/1/203 4967/1/203
f 4887/1/206 4888/1/206 4942/1/206 4941/1/206
f 4915/1/205 4914/1/205 4968/1/205 4969/1/205
f 4888/1/163 4889/1/163 4943/1/163 4942/1/163
f 4991/1/31 4992/1/31 4996/1/31 4995/1/31
f 4994/1/31 4993/1/31 4997/1/31 4998/1/31
f 4993/1/31 4991/1/31 4995/1/31 4997/1/31
f 4963/1/382 4962/1/382 4995/1/382 4996/1/382
f 4990/1/200 4936/1/200 4994/1/200 4998/1/200
f 4962/1/382 4989/1/382 4997/1/382 4995/1/382
f 4989/1/382 4990/1/382 4998/1/382 4997/1/382
f 4908/1/7 4909/1/7 4992/1/7 4991/1/7
f 5006/1/7 5012/1/7 5009/1/7 5003/1/7
f 5004/1/7 5007/1/7 5005/1/7 5011/1/7 5022/1/7 5021/1/7 5010/1/7
f 5015/1/7 5016/1/7 5008/1/7 5002/1/7
f 5002/1/7 5008/1/7 5012/1/7 5006/1/7
f 5003/1/7 5009/1/7 5014/1/7 5013/1/7
f 5020/1/7 5019/1/7 5059/1/7 5058/1/7 5021/1/7 5022/1/7 5061/1/7 5060/1/7
f 5017/1/7 5014/1/7 5020/1/7
f 5016/1/7 5018/1/7 5019/1/7
f 5019/1/7 5020/1/7 5014/1/7 5016/1/7
f 5013/1/7 5014/1/7 5017/1/7 5063/1/7 5062/1/7 5011/1/7 5005/1/7
f 5004/1/7 5010/1/7 5056/1/7 5057/1/7 5018/1/7 5016/1/7 5015/1/7
f 5006/1/291 5023/1/291 5025/1/291 5002/1/291
f 5003/1/290 5024/1/290 5023/1/290 5006/1/290
f 5029/1/1 5030/1/1 5040/1/1 5039/1/1
f 5034/1/1 5037/1/1 5045/1/1 5044/1/1 5043/1/1 5036/1/1 5033/1/1
f 5030/1/408 5054/1/408 5091/1/408 5088/1/408
f 5026/1/409 5027/1/409 5038/1/409 5051/1/409
f 5031/1/1 5032/1/1 5042/1/1 5041/1/1
f 5032/1/1 5029/1/1 5039/1/1 5042/1/1
f 5030/1/1 5035/1/1 5046/1/1 5040/1/1
f 5048/1/1 5050/1/1 5046/1/1
f 5041/1/1 5049/1/1 5047/1/1
f 5049/1/1 5041/1/1 5046/1/1 5050/1/1
f 5035/1/1 5036/1/1 5043/1/1 5048/1/1 5046/1/1
f 5034/1/1 5031/1/1 5041/1/1 5047/1/1 5037/1/1
f 5052/1/1 5051/1/1 5053/1/1 5055/1/1
f 5051/1/1 5038/1/1 5054/1/1 5053/1/1
f 5028/1/410 5026/1/410 5051/1/410 5052/1/410
f 5055/1/411 5032/1/411 5083/1/411 5085/1/411
f 5029/1/297 5032/1/297 5055/1/297 5053/1/297
f 5030/1/296 5029/1/296 5053/1/296 5054/1/296
f 5013/1/412 5005/1/412 5036/1/412 5035/1/412
f 5008/1/301 5016/1/301 5041/1/301 5042/1/301
f 5003/1/300 5013/1/300 5035/1/300 5030/1/300
f 5022/1/3 5011/1/3 5043/1/3 5044/1/3
f 5021/1/299 5058/1/299 5059/1/299 5019/1/299 5049/1/299 5045/1/299
f 5014/1/304 5009/1/304 5040/1/304 5046/1/304
f 5011/1/304 5062/1/304 5063/1/304 5017/1/304 5048/1/304 5043/1/304
f 5001/1/413 5000/1/413 5027/1/413 5026/1/413
f 5012/1/414 5008/1/414 5042/1/414 5039/1/414
f 5020/1/300 5060/1/300 5061/1/300 5022/1/300 5044/1/300 5050/1/300
f 5018/1/301 5057/1/301 5056/1/301 5010/1/301 5037/1/301 5047/1/301
f 4999/1/415 5001/1/415 5026/1/415 5028/1/415
f 5010/1/416 5021/1/416 5045/1/416 5037/1/416
f 5027/1/417 5000/1/417 5087/1/417 5089/1/417
f 5004/1/418 5015/1/418 5031/1/418 5034/1/418
f 5017/1/419 5020/1/419 5050/1/419 5048/1/419
f 5032/1/420 5002/1/420 5081/1/420 5083/1/420
f 5015/1/304 5002/1/304 5032/1/304 5031/1/304
f 5019/1/419 5018/1/419 5047/1/419 5049/1/419
f 5009/1/421 5012/1/421 5039/1/421 5040/1/421
f 5012/1/1 5009/1/1 5014/1/1 5016/1/1 5008/1/1
f 5057/1/7 5064/1/7 5065/1/7 5059/1/7
f 5063/1/7 5060/1/7 5066/1/7 5067/1/7
f 5069/1/26 5071/1/26 5075/1/26 5073/1/26
f 5063/1/26 5067/1/26 5071/1/26 5069/1/26
f 5060/1/26 5063/1/26 5069/1/26 5068/1/26
f 5066/1/26 5060/1/26 5068/1/26 5070/1/26
f 5067/1/26 5066/1/26 5070/1/26 5071/1/26
f 5073/1/1 5075/1/1 5074/1/1 5072/1/1
f 5068/1/31 5069/1/31 5073/1/31 5072/1/31
f 5070/1/21 5068/1/21 5072/1/21 5074/1/21
f 5071/1/35 5070/1/35 5074/1/35 5075/1/35
f 5076/1/1 5077/1/1 5079/1/1 5078/1/1
f 5057/1/422 5059/1/422 5077/1/422 5076/1/422
f 5064/1/21 5057/1/21 5076/1/21 5078/1/21
f 5065/1/423 5064/1/423 5078/1/423 5079/1/423
f 5059/1/26 5065/1/26 5079/1/26 5077/1/26
f 5062/1/1 5011/1/1 5022/1/1 5070/1/1 5071/1/1
f 5020/1/1 5017/1/1 5069/1/1 5068/1/1
f 5059/1/1 5057/1/1 5018/1/1 5019/1/1
f 5010/1/1 5056/1/1 5064/1/1 5065/1/1 5058/1/1 5021/1/1
f 5002/1/424 4999/1/424 5080/1/424 5081/1/424
f 4999/1/425 5028/1/425 5082/1/425 5080/1/425
f 5028/1/426 5052/1/426 5084/1/426 5082/1/426
f 5052/1/427 5055/1/427 5085/1/427 5084/1/427
f 5054/1/428 5038/1/428 5090/1/428 5091/1/428
f 5000/1/429 5003/1/429 5086/1/429 5087/1/429
f 5003/1/430 5030/1/430 5088/1/430 5086/1/430
f 5038/1/431 5027/1/431 5089/1/431 5090/1/431
f 5001/1/7 5006/1/7 5003/1/7 5000/1/7
f 4999/1/7 5002/1/7 5006/1/7 5001/1/7
f 5116/1/7 5117/1/7 5144/1/7 5143/1/7
f 5097/1/7 5096/1/7 5098/1/7
f 5096/1/7 5093/1/7 5099/1/7 5098/1/7
f 5093/1/7 5095/1/7 5100/1/7 5099/1/7
f 5095/1/7 5094/1/7 5101/1/7 5100/1/7
f 5101/1/7 5094/1/7 5102/1/7
f 5094/1/7 5092/1/7 5103/1/7 5102/1/7
f 5104/1/7 5103/1/7 5092/1/7 5118/1/7
f 5104/1/7 5118/1/7 5105/1/7
f 5106/1/7 5105/1/7 5118/1/7 5117/1/7
f 5106/1/7 5117/1/7 5107/1/7
f 5107/1/7 5117/1/7 5108/1/7
f 5109/1/7 5108/1/7 5110/1/7
f 5110/1/7 5108/1/7 5111/1/7
f 5111/1/7 5108/1/7 5112/1/7
f 5108/1/7 5117/1/7 5112/1/7
f 5112/1/7 5117/1/7 5113/1/7
f 5113/1/7 5117/1/7 5114/1/7
f 5115/1/7 5114/1/7 5117/1/7 5116/1/7
f 5143/1/7 5144/1/7 5142/1/7
f 5141/1/7 5142/1/7 5144/1/7
f 5140/1/7 5141/1/7 5144/1/7
f 5139/1/7 5140/1/7 5144/1/7
f 5136/1/7 5137/1/7 5135/1/7
f 5137/1/7 5138/1/7 5135/1/7
f 5138/1/7 5139/1/7 5135/1/7
f 5144/1/7 5135/1/7 5139/1/7
f 5135/1/7 5144/1/7 5134/1/7
f 5133/1/7 5134/1/7 5144/1/7
f 5133/1/7 5144/1/7 5145/1/7 5132/1/7
f 5131/1/7 5132/1/7 5145/1/7
f 5131/1/7 5145/1/7 5119/1/7 5130/1/7
f 5121/1/7 5129/1/7 5130/1/7 5119/1/7
f 5129/1/7 5121/1/7 5128/1/7
f 5122/1/7 5127/1/7 5128/1/7 5121/1/7
f 5120/1/7 5126/1/7 5127/1/7 5122/1/7
f 5123/1/7 5125/1/7 5126/1/7 5120/1/7
f 5124/1/7 5125/1/7 5123/1/7
f 5170/1/1 5197/1/1 5198/1/1 5171/1/1
f 5151/1/1 5152/1/1 5150/1/1
f 5150/1/1 5152/1/1 5153/1/1 5147/1/1
f 5147/1/1 5153/1/1 5154/1/1 5149/1/1
f 5149/1/1 5154/1/1 5155/1/1 5148/1/1
f 5155/1/1 5156/1/1 5148/1/1
f 5148/1/1 5156/1/1 5157/1/1 5146/1/1
f 5158/1/1 5172/1/1 5146/1/1 5157/1/1
f 5158/1/1 5159/1/1 5172/1/1
f 5160/1/1 5171/1/1 5172/1/1 5159/1/1
f 5160/1/1 5161/1/1 5171/1/1
f 5161/1/1 5162/1/1 5171/1/1
f 5163/1/1 5164/1/1 5162/1/1
f 5164/1/1 5165/1/1 5162/1/1
f 5165/1/1 5166/1/1 5162/1/1
f 5162/1/1 5166/1/1 5171/1/1
f 5166/1/1 5167/1/1 5171/1/1
f 5167/1/1 5168/1/1 5171/1/1
f 5169/1/1 5170/1/1 5171/1/1 5168/1/1
f 5197/1/1 5196/1/1 5198/1/1
f 5195/1/1 5198/1/1 5196/1/1
f 5194/1/1 5198/1/1 5195/1/1
f 5193/1/1 5198/1/1 5194/1/1
f 5190/1/1 5189/1/1 5191/1/1
f 5191/1/1 5189/1/1 5192/1/1
f 5192/1/1 5189/1/1 5193/1/1
f 5198/1/1 5193/1/1 5189/1/1
f 5189/1/1 5188/1/1 5198/1/1
f 5187/1/1 5198/1/1 5188/1/1
f 5187/1/1 5186/1/1 5199/1/1 5198/1/1
f 5185/1/1 5199/1/1 5186/1/1
f 5185/1/1 5184/1/1 5173/1/1 5199/1/1
f 5175/1/1 5173/1/1 5184/1/1 5183/1/1
f 5183/1/1 5182/1/1 5175/1/1
f 5176/1/1 5175/1/1 5182/1/1 5181/1/1
f 5174/1/1 5176/1/1 5181/1/1 5180/1/1
f 5177/1/1 5174/1/1 5180/1/1 5179/1/1
f 5178/1/1 5177/1/1 5179/1/1
f 5125/1/207 5124/1/207 5178/1/207 5179/1/207
f 5098/1/165 5099/1/165 5153/1/165 5152/1/165
f 5126/1/164 5125/1/164 5179/1/164 5180/1/164
f 5099/1/432 5100/1/432 5154/1/432 5153/1/432
f 5127/1/212 5126/1/212 5180/1/212 5181/1/212
f 5100/1/169 5101/1/169 5155/1/169 5154/1/169
f 5128/1/168 5127/1/168 5181/1/168 5182/1/168
f 5101/1/171 5102/1/171 5156/1/171 5155/1/171
f 5129/1/170 5128/1/170 5182/1/170 5183/1/170
f 5102/1/173 5103/1/173 5157/1/173 5156/1/173
f 5130/1/172 5129/1/172 5183/1/172 5184/1/172
f 5103/1/175 5104/1/175 5158/1/175 5157/1/175
f 5131/1/174 5130/1/174 5184/1/174 5185/1/174
f 5104/1/177 5105/1/177 5159/1/177 5158/1/177
f 5132/1/285 5131/1/285 5185/1/285 5186/1/285
f 5105/1/179 5106/1/179 5160/1/179 5159/1/179
f 5133/1/178 5132/1/178 5186/1/178 5187/1/178
f 5106/1/181 5107/1/181 5161/1/181 5160/1/181
f 5134/1/215 5133/1/215 5187/1/215 5188/1/215
f 5107/1/183 5108/1/183 5162/1/183 5161/1/183
f 5135/1/216 5134/1/216 5188/1/216 5189/1/216
f 5108/1/185 5109/1/185 5163/1/185 5162/1/185
f 5136/1/184 5135/1/184 5189/1/184 5190/1/184
f 5109/1/187 5110/1/187 5164/1/187 5163/1/187
f 5137/1/186 5136/1/186 5190/1/186 5191/1/186
f 5110/1/189 5111/1/189 5165/1/189 5164/1/189
f 5138/1/188 5137/1/188 5191/1/188 5192/1/188
f 5111/1/191 5112/1/191 5166/1/191 5165/1/191
f 5139/1/279 5138/1/279 5192/1/279 5193/1/279
f 5112/1/193 5113/1/193 5167/1/193 5166/1/193
f 5140/1/218 5139/1/218 5193/1/218 5194/1/218
f 5113/1/195 5114/1/195 5168/1/195 5167/1/195
f 5141/1/194 5140/1/194 5194/1/194 5195/1/194
f 5114/1/197 5115/1/197 5169/1/197 5168/1/197
f 5142/1/280 5141/1/280 5195/1/280 5196/1/280
f 5115/1/288 5116/1/288 5170/1/288 5169/1/288
f 5143/1/287 5142/1/287 5196/1/287 5197/1/287
f 5145/1/7 5144/1/7 5202/1/7 5203/1/7
f 5144/1/7 5117/1/7 5200/1/7 5202/1/7
f 5118/1/26 5092/1/26 5146/1/26 5172/1/26
f 5092/1/26 5094/1/26 5148/1/26 5146/1/26
f 5119/1/21 5145/1/21 5199/1/21 5173/1/21
f 5121/1/21 5119/1/21 5173/1/21 5175/1/21
f 5093/1/16 5096/1/16 5150/1/16 5147/1/16
f 5118/1/209 5172/1/209 5205/1/209 5201/1/209
f 5123/1/13 5120/1/13 5174/1/13 5177/1/13
f 5095/1/202 5093/1/202 5147/1/202 5149/1/202
f 5116/1/35 5143/1/35 5197/1/35 5170/1/35
f 5120/1/325 5122/1/325 5176/1/325 5174/1/325
f 5094/1/204 5095/1/204 5149/1/204 5148/1/204
f 5122/1/203 5121/1/203 5175/1/203 5176/1/203
f 5096/1/206 5097/1/206 5151/1/206 5150/1/206
f 5124/1/205 5123/1/205 5177/1/205 5178/1/205
f 5097/1/163 5098/1/163 5152/1/163 5151/1/163
f 5200/1/31 5201/1/31 5205/1/31 5204/1/31
f 5203/1/31 5202/1/31 5206/1/31 5207/1/31
f 5202/1/31 5200/1/31 5204/1/31 5206/1/31
f 5172/1/382 5171/1/382 5204/1/382 5205/1/382
f 5199/1/200 5145/1/200 5203/1/200 5207/1/200
f 5171/1/382 5198/1/382 5206/1/382 5204/1/382
f 5198/1/382 5199/1/382 5207/1/382 5206/1/382
f 5117/1/7 5118/1/7 5201/1/7 5200/1/7
f 5215/1/7 5221/1/7 5218/1/7 5212/1/7
f 5213/1/7 5216/1/7 5214/1/7 5220/1/7 5231/1/7 5230/1/7 5219/1/7
f 5224/1/7 5225/1/7 5217/1/7 5211/1/7
f 5211/1/7 5217/1/7 5221/1/7 5215/1/7
f 5212/1/7 5218/1/7 5223/1/7 5222/1/7
f 5229/1/7 5228/1/7 5268/1/7 5267/1/7 5230/1/7 5231/1/7 5270/1/7 5269/1/7
f 5226/1/7 5223/1/7 5229/1/7
f 5225/1/7 5227/1/7 5228/1/7
f 5228/1/7 5229/1/7 5223/1/7 5225/1/7
f 5222/1/7 5223/1/7 5226/1/7 5272/1/7 5271/1/7 5220/1/7 5214/1/7
f 5213/1/7 5219/1/7 5265/1/7 5266/1/7 5227/1/7 5225/1/7 5224/1/7
f 5215/1/291 5232/1/291 5234/1/291 5211/1/291
f 5212/1/290 5233/1/290 5232/1/290 5215/1/290
f 5238/1/1 5239/1/1 5249/1/1 5248/1/1
f 5243/1/1 5246/1/1 5254/1/1 5253/1/1 5252/1/1 5245/1/1 5242/1/1
f 5239/1/408 5263/1/408 5300/1/408 5297/1/408
f 5235/1/409 5236/1/409 5247/1/409 5260/1/409
f 5240/1/1 5241/1/1 5251/1/1 5250/1/1
f 5241/1/1 5238/1/1 5248/1/1 5251/1/1
f 5239/1/1 5244/1/1 5255/1/1 5249/1/1
f 5257/1/1 5259/1/1 5255/1/1
f 5250/1/1 5258/1/1 5256/1/1
f 5258/1/1 5250/1/1 5255/1/1 5259/1/1
f 5244/1/1 5245/1/1 5252/1/1 5257/1/1 5255/1/1
f 5243/1/1 5240/1/1 5250/1/1 5256/1/1 5246/1/1
f 5261/1/1 5260/1/1 5262/1/1 5264/1/1
f 5260/1/1 5247/1/1 5263/1/1 5262/1/1
f 5237/1/410 5235/1/410 5260/1/410 5261/1/410
f 5264/1/411 5241/1/411 5292/1/411 5294/1/411
f 5238/1/297 5241/1/297 5264/1/297 5262/1/297
f 5239/1/296 5238/1/296 5262/1/296 5263/1/296
f 5222/1/412 5214/1/412 5245/1/412 5244/1/412
f 5217/1/301 5225/1/301 5250/1/301 5251/1/301
f 5212/1/301 5222/1/301 5244/1/301 5239/1/301
f 5231/1/3 5220/1/3 5252/1/3 5253/1/3
f 5230/1/299 5267/1/299 5268/1/299 5228/1/299 5258/1/299 5254/1/299
f 5223/1/304 5218/1/304 5249/1/304 5255/1/304
f 5220/1/304 5271/1/304 5272/1/304 5226/1/304 5257/1/304 5252/1/304
f 5210/1/413 5209/1/413 5236/1/413 5235/1/413
f 5221/1/414 5217/1/414 5251/1/414 5248/1/414
f 5229/1/300 5269/1/300 5270/1/300 5231/1/300 5253/1/300 5259/1/300
f 5227/1/301 5266/1/301 5265/1/301 5219/1/301 5246/1/301 5256/1/301
f 5208/1/415 5210/1/415 5235/1/415 5237/1/415
f 5219/1/416 5230/1/416 5254/1/416 5246/1/416
f 5236/1/417 5209/1/417 5296/1/417 5298/1/417
f 5213/1/418 5224/1/418 5240/1/418 5243/1/418
f 5226/1/419 5229/1/419 5259/1/419 5257/1/419
f 5241/1/433 5211/1/433 5290/1/433 5292/1/433
f 5224/1/299 5211/1/299 5241/1/299 5240/1/299
f 5228/1/419 5227/1/419 5256/1/419 5258/1/419
f 5218/1/421 5221/1/421 5248/1/421 5249/1/421
f 5221/1/1 5218/1/1 5223/1/1 5225/1/1 5217/1/1
f 5266/1/7 5273/1/7 5274/1/7 5268/1/7
f 5272/1/7 5269/1/7 5275/1/7 5276/1/7
f 5278/1/26 5280/1/26 5284/1/26 5282/1/26
f 5272/1/26 5276/1/26 5280/1/26 5278/1/26
f 5269/1/26 5272/1/26 5278/1/26 5277/1/26
f 5275/1/26 5269/1/26 5277/1/26 5279/1/26
f 5276/1/26 5275/1/26 5279/1/26 5280/1/26
f 5282/1/1 5284/1/1 5283/1/1 5281/1/1
f 5277/1/31 5278/1/31 5282/1/31 5281/1/31
f 5279/1/21 5277/1/21 5281/1/21 5283/1/21
f 5280/1/35 5279/1/35 5283/1/35 5284/1/35
f 5285/1/1 5286/1/1 5288/1/1 5287/1/1
f 5266/1/422 5268/1/422 5286/1/422 5285/1/422
f 5273/1/21 5266/1/21 5285/1/21 5287/1/21
f 5274/1/423 5273/1/423 5287/1/423 5288/1/423
f 5268/1/26 5274/1/26 5288/1/26 5286/1/26
f 5271/1/1 5220/1/1 5231/1/1 5279/1/1 5280/1/1
f 5229/1/1 5226/1/1 5278/1/1 5277/1/1
f 5268/1/1 5266/1/1 5227/1/1 5228/1/1
f 5219/1/1 5265/1/1 5273/1/1 5274/1/1 5267/1/1 5230/1/1
f 5211/1/424 5208/1/424 5289/1/424 5290/1/424
f 5208/1/425 5237/1/425 5291/1/425 5289/1/425
f 5237/1/426 5261/1/426 5293/1/426 5291/1/426
f 5261/1/427 5264/1/427 5294/1/427 5293/1/427
f 5263/1/434 5247/1/434 5299/1/434 5300/1/434
f 5209/1/429 5212/1/429 5295/1/429 5296/1/429
f 5212/1/435 5239/1/435 5297/1/435 5295/1/435
f 5247/1/431 5236/1/431 5298/1/431 5299/1/431
f 5210/1/7 5215/1/7 5212/1/7 5209/1/7
f 5208/1/7 5211/1/7 5215/1/7 5210/1/7
f 5325/1/7 5326/1/7 5353/1/7 5352/1/7
f 5306/1/7 5305/1/7 5307/1/7
f 5305/1/7 5302/1/7 5308/1/7 5307/1/7
f 5302/1/7 5304/1/7 5309/1/7 5308/1/7
f 5304/1/7 5303/1/7 5310/1/7 5309/1/7
f 5310/1/7 5303/1/7 5311/1/7
f 5303/1/7 5301/1/7 5312/1/7 5311/1/7
f 5313/1/7 5312/1/7 5301/1/7 5327/1/7
f 5313/1/7 5327/1/7 5314/1/7
f 5315/1/7 5314/1/7 5327/1/7 5326/1/7
f 5315/1/7 5326/1/7 5316/1/7
f 5316/1/7 5326/1/7 5317/1/7
f 5318/1/7 5317/1/7 5319/1/7
f 5319/1/7 5317/1/7 5320/1/7
f 5320/1/7 5317/1/7 5321/1/7
f 5317/1/7 5326/1/7 5321/1/7
f 5321/1/7 5326/1/7 5322/1/7
f 5322/1/7 5326/1/7 5323/1/7
f 5324/1/7 5323/1/7 5326/1/7 5325/1/7
f 5352/1/7 5353/1/7 5351/1/7
f 5350/1/7 5351/1/7 5353/1/7
f 5349/1/7 5350/1/7 5353/1/7
f 5348/1/7 5349/1/7 5353/1/7
f 5345/1/7 5346/1/7 5344/1/7
f 5346/1/7 5347/1/7 5344/1/7
f 5347/1/7 5348/1/7 5344/1/7
f 5353/1/7 5344/1/7 5348/1/7
f 5344/1/7 5353/1/7 5343/1/7
f 5342/1/7 5343/1/7 5353/1/7
f 5342/1/7 5353/1/7 5354/1/7 5341/1/7
f 5340/1/7 5341/1/7 5354/1/7
f 5340/1/7 5354/1/7 5328/1/7 5339/1/7
f 5330/1/7 5338/1/7 5339/1/7 5328/1/7
f 5338/1/7 5330/1/7 5337/1/7
f 5331/1/7 5336/1/7 5337/1/7 5330/1/7
f 5329/1/7 5335/1/7 5336/1/7 5331/1/7
f 5332/1/7 5334/1/7 5335/1/7 5329/1/7
f 5333/1/7 5334/1/7 5332/1/7
f 5379/1/1 5406/1/1 5407/1/1 5380/1/1
f 5360/1/1 5361/1/1 5359/1/1
f 5359/1/1 5361/1/1 5362/1/1 5356/1/1
f 5356/1/1 5362/1/1 5363/1/1 5358/1/1
f 5358/1/1 5363/1/1 5364/1/1 5357/1/1
f 5364/1/1 5365/1/1 5357/1/1
f 5357/1/1 5365/1/1 5366/1/1 5355/1/1
f 5367/1/1 5381/1/1 5355/1/1 5366/1/1
f 5367/1/1 5368/1/1 5381/1/1
f 5369/1/1 5380/1/1 5381/1/1 5368/1/1
f 5369/1/1 5370/1/1 5380/1/1
f 5370/1/1 5371/1/1 5380/1/1
f 5372/1/1 5373/1/1 5371/1/1
f 5373/1/1 5374/1/1 5371/1/1
f 5374/1/1 5375/1/1 5371/1/1
f 5371/1/1 5375/1/1 5380/1/1
f 5375/1/1 5376/1/1 5380/1/1
f 5376/1/1 5377/1/1 5380/1/1
f 5378/1/1 5379/1/1 5380/1/1 5377/1/1
f 5406/1/1 5405/1/1 5407/1/1
f 5404/1/1 5407/1/1 5405/1/1
f 5403/1/1 5407/1/1 5404/1/1
f 5402/1/1 5407/1/1 5403/1/1
f 5399/1/1 5398/1/1 5400/1/1
f 5400/1/1 5398/1/1 5401/1/1
f 5401/1/1 5398/1/1 5402/1/1
f 5407/1/1 5402/1/1 5398/1/1
f 5398/1/1 5397/1/1 5407/1/1
f 5396/1/1 5407/1/1 5397/1/1
f 5396/1/1 5395/1/1 5408/1/1 5407/1/1
f 5394/1/1 5408/1/1 5395/1/1
f 5394/1/1 5393/1/1 5382/1/1 5408/1/1
f 5384/1/1 5382/1/1 5393/1/1 5392/1/1
f 5392/1/1 5391/1/1 5384/1/1
f 5385/1/1 5384/1/1 5391/1/1 5390/1/1
f 5383/1/1 5385/1/1 5390/1/1 5389/1/1
f 5386/1/1 5383/1/1 5389/1/1 5388/1/1
f 5387/1/1 5386/1/1 5388/1/1
f 5334/1/207 5333/1/207 5387/1/207 5388/1/207
f 5307/1/165 5308/1/165 5362/1/165 5361/1/165
f 5335/1/164 5334/1/164 5388/1/164 5389/1/164
f 5308/1/167 5309/1/167 5363/1/167 5362/1/167
f 5336/1/166 5335/1/166 5389/1/166 5390/1/166
f 5309/1/169 5310/1/169 5364/1/169 5363/1/169
f 5337/1/168 5336/1/168 5390/1/168 5391/1/168
f 5310/1/329 5311/1/329 5365/1/329 5364/1/329
f 5338/1/170 5337/1/170 5391/1/170 5392/1/170
f 5311/1/214 5312/1/214 5366/1/214 5365/1/214
f 5339/1/213 5338/1/213 5392/1/213 5393/1/213
f 5312/1/175 5313/1/175 5367/1/175 5366/1/175
f 5340/1/174 5339/1/174 5393/1/174 5394/1/174
f 5313/1/177 5314/1/177 5368/1/177 5367/1/177
f 5341/1/285 5340/1/285 5394/1/285 5395/1/285
f 5314/1/179 5315/1/179 5369/1/179 5368/1/179
f 5342/1/178 5341/1/178 5395/1/178 5396/1/178
f 5315/1/181 5316/1/181 5370/1/181 5369/1/181
f 5343/1/180 5342/1/180 5396/1/180 5397/1/180
f 5316/1/183 5317/1/183 5371/1/183 5370/1/183
f 5344/1/216 5343/1/216 5397/1/216 5398/1/216
f 5317/1/185 5318/1/185 5372/1/185 5371/1/185
f 5345/1/184 5344/1/184 5398/1/184 5399/1/184
f 5318/1/187 5319/1/187 5373/1/187 5372/1/187
f 5346/1/186 5345/1/186 5399/1/186 5400/1/186
f 5319/1/189 5320/1/189 5374/1/189 5373/1/189
f 5347/1/277 5346/1/277 5400/1/277 5401/1/277
f 5320/1/217 5321/1/217 5375/1/217 5374/1/217
f 5348/1/324 5347/1/324 5401/1/324 5402/1/324
f 5321/1/193 5322/1/193 5376/1/193 5375/1/193
f 5349/1/218 5348/1/218 5402/1/218 5403/1/218
f 5322/1/195 5323/1/195 5377/1/195 5376/1/195
f 5350/1/194 5349/1/194 5403/1/194 5404/1/194
f 5323/1/219 5324/1/219 5378/1/219 5377/1/219
f 5351/1/196 5350/1/196 5404/1/196 5405/1/196
f 5324/1/288 5325/1/288 5379/1/288 5378/1/288
f 5352/1/287 5351/1/287 5405/1/287 5406/1/287
f 5354/1/7 5353/1/7 5411/1/7 5412/1/7
f 5353/1/7 5326/1/7 5409/1/7 5411/1/7
f 5327/1/26 5301/1/26 5355/1/26 5381/1/26
f 5301/1/26 5303/1/26 5357/1/26 5355/1/26
f 5328/1/21 5354/1/21 5408/1/21 5382/1/21
f 5330/1/21 5328/1/21 5382/1/21 5384/1/21
f 5302/1/16 5305/1/16 5359/1/16 5356/1/16
f 5327/1/209 5381/1/209 5414/1/209 5410/1/209
f 5332/1/13 5329/1/13 5383/1/13 5386/1/13
f 5304/1/202 5302/1/202 5356/1/202 5358/1/202
f 5325/1/35 5352/1/35 5406/1/35 5379/1/35
f 5329/1/201 5331/1/201 5385/1/201 5383/1/201
f 5303/1/204 5304/1/204 5358/1/204 5357/1/204
f 5331/1/203 5330/1/203 5384/1/203 5385/1/203
f 5305/1/206 5306/1/206 5360/1/206 5359/1/206
f 5333/1/205 5332/1/205 5386/1/205 5387/1/205
f 5306/1/163 5307/1/163 5361/1/163 5360/1/163
f 5409/1/31 5410/1/31 5414/1/31 5413/1/31
f 5412/1/31 5411/1/31 5415/1/31 5416/1/31
f 5411/1/31 5409/1/31 5413/1/31 5415/1/31
f 5381/1/382 5380/1/382 5413/1/382 5414/1/382
f 5408/1/200 5354/1/200 5412/1/200 5416/1/200
f 5380/1/382 5407/1/382 5415/1/382 5413/1/382
f 5407/1/382 5408/1/382 5416/1/382 5415/1/382
f 5326/1/7 5327/1/7 5410/1/7 5409/1/7
f 5424/1/7 5430/1/7 5427/1/7 5421/1/7
f 5422/1/7 5425/1/7 5423/1/7 5429/1/7 5440/1/7 5439/1/7 5428/1/7
f 5433/1/7 5434/1/7 5426/1/7 5420/1/7
f 5420/1/7 5426/1/7 5430/1/7 5424/1/7
f 5421/1/7 5427/1/7 5432/1/7 5431/1/7
f 5438/1/7 5437/1/7 5477/1/7 5476/1/7 5439/1/7 5440/1/7 5479/1/7 5478/1/7
f 5435/1/7 5432/1/7 5438/1/7
f 5434/1/7 5436/1/7 5437/1/7
f 5437/1/7 5438/1/7 5432/1/7 5434/1/7
f 5431/1/7 5432/1/7 5435/1/7 5481/1/7 5480/1/7 5429/1/7 5423/1/7
f 5422/1/7 5428/1/7 5474/1/7 5475/1/7 5436/1/7 5434/1/7 5433/1/7
f 5424/1/291 5441/1/291 5443/1/291 5420/1/291
f 5421/1/290 5442/1/290 5441/1/290 5424/1/290
f 5447/1/1 5448/1/1 5458/1/1 5457/1/1
f 5452/1/1 5455/1/1 5463/1/1 5462/1/1 5461/1/1 5454/1/1 5451/1/1
f 5448/1/408 5472/1/408 5509/1/408 5506/1/408
f 5444/1/409 5445/1/409 5456/1/409 5469/1/409
f 5449/1/1 5450/1/1 5460/1/1 5459/1/1
f 5450/1/1 5447/1/1 5457/1/1 5460/1/1
f 5448/1/1 5453/1/1 5464/1/1 5458/1/1
f 5466/1/1 5468/1/1 5464/1/1
f 5459/1/1 5467/1/1 5465/1/1
f 5467/1/1 5459/1/1 5464/1/1 5468/1/1
f 5453/1/1 5454/1/1 5461/1/1 5466/1/1 5464/1/1
f 5452/1/1 5449/1/1 5459/1/1 5465/1/1 5455/1/1
f 5470/1/1 5469/1/1 5471/1/1 5473/1/1
f 5469/1/1 5456/1/1 5472/1/1 5471/1/1
f 5446/1/410 5444/1/410 5469/1/410 5470/1/410
f 5473/1/411 5450/1/411 5501/1/411 5503/1/411
f 5447/1/297 5450/1/297 5473/1/297 5471/1/297
f 5448/1/296 5447/1/296 5471/1/296 5472/1/296
f 5431/1/412 5423/1/412 5454/1/412 5453/1/412
f 5426/1/301 5434/1/301 5459/1/301 5460/1/301
f 5421/1/301 5431/1/301 5453/1/301 5448/1/301
f 5440/1/3 5429/1/3 5461/1/3 5462/1/3
f 5439/1/304 5476/1/304 5477/1/304 5437/1/304 5467/1/304 5463/1/304
f 5432/1/304 5427/1/304 5458/1/304 5464/1/304
f 5429/1/304 5480/1/304 5481/1/304 5435/1/304 5466/1/304 5461/1/304
f 5419/1/413 5418/1/413 5445/1/413 5444/1/413
f 5430/1/414 5426/1/414 5460/1/414 5457/1/414
f 5438/1/301 5478/1/301 5479/1/301 5440/1/301 5462/1/301 5468/1/301
f 5436/1/301 5475/1/301 5474/1/301 5428/1/301 5455/1/301 5465/1/301
f 5417/1/415 5419/1/415 5444/1/415 5446/1/415
f 5428/1/416 5439/1/416 5463/1/416 5455/1/416
f 5445/1/436 5418/1/436 5505/1/436 5507/1/436
f 5422/1/418 5433/1/418 5449/1/418 5452/1/418
f 5435/1/419 5438/1/419 5468/1/419 5466/1/419
f 5450/1/433 5420/1/433 5499/1/433 5501/1/433
f 5433/1/304 5420/1/304 5450/1/304 5449/1/304
f 5437/1/419 5436/1/419 5465/1/419 5467/1/419
f 5427/1/421 5430/1/421 5457/1/421 5458/1/421
f 5430/1/1 5427/1/1 5432/1/1 5434/1/1 5426/1/1
f 5475/1/7 5482/1/7 5483/1/7 5477/1/7
f 5481/1/7 5478/1/7 5484/1/7 5485/1/7
f 5487/1/26 5489/1/26 5493/1/26 5491/1/26
f 5481/1/26 5485/1/26 5489/1/26 5487/1/26
f 5478/1/26 5481/1/26 5487/1/26 5486/1/26
f 5484/1/26 5478/1/26 5486/1/26 5488/1/26
f 5485/1/26 5484/1/26 5488/1/26 5489/1/26
f 5491/1/1 5493/1/1 5492/1/1 5490/1/1
f 5486/1/31 5487/1/31 5491/1/31 5490/1/31
f 5488/1/21 5486/1/21 5490/1/21 5492/1/21
f 5489/1/35 5488/1/35 5492/1/35 5493/1/35
f 5494/1/1 5495/1/1 5497/1/1 5496/1/1
f 5475/1/422 5477/1/422 5495/1/422 5494/1/422
f 5482/1/21 5475/1/21 5494/1/21 5496/1/21
f 5483/1/423 5482/1/423 5496/1/423 5497/1/423
f 5477/1/26 5483/1/26 5497/1/26 5495/1/26
f 5480/1/1 5429/1/1 5440/1/1 5488/1/1 5489/1/1
f 5438/1/1 5435/1/1 5487/1/1 5486/1/1
f 5477/1/1 5475/1/1 5436/1/1 5437/1/1
f 5428/1/1 5474/1/1 5482/1/1 5483/1/1 5476/1/1 5439/1/1
f 5420/1/424 5417/1/424 5498/1/424 5499/1/424
f 5417/1/425 5446/1/425 5500/1/425 5498/1/425
f 5446/1/426 5470/1/426 5502/1/426 5500/1/426
f 5470/1/427 5473/1/427 5503/1/427 5502/1/427
f 5472/1/428 5456/1/428 5508/1/428 5509/1/428
f 5418/1/429 5421/1/429 5504/1/429 5505/1/429
f 5421/1/437 5448/1/437 5506/1/437 5504/1/437
f 5456/1/431 5445/1/431 5507/1/431 5508/1/431
f 5419/1/7 5424/1/7 5421/1/7 5418/1/7
f 5417/1/7 5420/1/7 5424/1/7 5419/1/7
f 5510/1/7 5516/1/7 5520/1/7 5514/1/7
f 5511/1/7 5517/1/7 5519/1/7 5513/1/7
f 5512/1/7 5518/1/7 5516/1/7 5510/1/7
f 5513/1/7 5519/1/7 5521/1/7 5515/1/7
f 5515/1/7 5521/1/7 5518/1/7 5512/1/7
f 5514/1/7 5520/1/7 5517/1/7 5511/1/7
f 5517/1/7 5523/1/7 5525/1/7 5519/1/7
f 5518/1/7 5524/1/7 5522/1/7 5516/1/7
f 5519/1/7 5525/1/7 5527/1/7 5521/1/7
f 5521/1/7 5527/1/7 5524/1/7 5518/1/7
f 5520/1/7 5526/1/7 5523/1/7 5517/1/7
f 5516/1/7 5522/1/7 5526/1/7 5520/1/7
f 5524/1/7 5527/1/7 5525/1/7 5523/1/7 5526/1/7 5522/1/7
f 5528/1/1 5532/1/1 5538/1/1 5534/1/1
f 5529/1/1 5531/1/1 5537/1/1 5535/1/1
f 5530/1/1 5528/1/1 5534/1/1 5536/1/1
f 5531/1/1 5533/1/1 5539/1/1 5537/1/1
f 5533/1/1 5530/1/1 5536/1/1 5539/1/1
f 5532/1/1 5529/1/1 5535/1/1 5538/1/1
f 5545/1/1 5544/1/1 5543/1/1 5542/1/1 5541/1/1 5540/1/1
f 5539/1/438 5536/1/438 5546/1/438 5551/1/438
f 5537/1/439 5539/1/439 5551/1/439 5550/1/439
f 5536/1/21 5534/1/21 5547/1/21 5546/1/21
f 5535/1/26 5537/1/26 5550/1/26 5549/1/26
f 5534/1/31 5538/1/31 5548/1/31 5547/1/31
f 5538/1/31 5535/1/31 5549/1/31 5548/1/31
f 5510/1/35 5514/1/35 5532/1/35 5528/1/35
f 5511/1/21 5513/1/21 5531/1/21 5529/1/21
f 5512/1/26 5510/1/26 5528/1/26 5530/1/26
f 5513/1/440 5515/1/440 5533/1/440 5531/1/440
f 5515/1/441 5512/1/441 5530/1/441 5533/1/441
f 5514/1/35 5511/1/35 5529/1/35 5532/1/35
f 5549/1/1 5550/1/1 5556/1/1 5555/1/1
f 5546/1/1 5547/1/1 5553/1/1 5552/1/1
f 5550/1/1 5551/1/1 5557/1/1 5556/1/1
f 5551/1/1 5546/1/1 5552/1/1 5557/1/1
f 5548/1/1 5549/1/1 5555/1/1 5554/1/1
f 5547/1/1 5548/1/1 5554/1/1 5553/1/1
f 5556/1/439 5557/1/439 5540/1/439 5541/1/439
f 5557/1/438 5552/1/438 5545/1/438 5540/1/438
f 5554/1/31 5555/1/31 5542/1/31 5543/1/31
f 5553/1/31 5554/1/31 5543/1/31 5544/1/31
f 5555/1/26 5556/1/26 5541/1/26 5542/1/26
f 5552/1/21 5553/1/21 5544/1/21 5545/1/21
f 5582/1/7 5583/1/7 5610/1/7 5609/1/7
f 5563/1/7 5562/1/7 5564/1/7
f 5562/1/7 5559/1/7 5565/1/7 5564/1/7
f 5559/1/7 5561/1/7 5566/1/7 5565/1/7
f 5561/1/7 5560/1/7 5567/1/7 5566/1/7
f 5567/1/7 5560/1/7 5568/1/7
f 5560/1/7 5558/1/7 5569/1/7 5568/1/7
f 5570/1/7 5569/1/7 5558/1/7 5584/1/7
f 5570/1/7 5584/1/7 5571/1/7
f 5572/1/7 5571/1/7 5584/1/7 5583/1/7
f 5572/1/7 5583/1/7 5573/1/7
f 5573/1/7 5583/1/7 5574/1/7
f 5575/1/7 5574/1/7 5576/1/7
f 5576/1/7 5574/1/7 5577/1/7
f 5577/1/7 5574/1/7 5578/1/7
f 5574/1/7 5583/1/7 5578/1/7
f 5578/1/7 5583/1/7 5579/1/7
f 5579/1/7 5583/1/7 5580/1/7
f 5581/1/7 5580/1/7 5583/1/7 5582/1/7
f 5609/1/7 5610/1/7 5608/1/7
f 5607/1/7 5608/1/7 5610/1/7
f 5606/1/7 5607/1/7 5610/1/7
f 5605/1/7 5606/1/7 5610/1/7
f 5602/1/7 5603/1/7 5601/1/7
f 5603/1/7 5604/1/7 5601/1/7
f 5604/1/7 5605/1/7 5601/1/7
f 5610/1/7 5601/1/7 5605/1/7
f 5601/1/7 5610/1/7 5600/1/7
f 5599/1/7 5600/1/7 5610/1/7
f 5599/1/7 5610/1/7 5611/1/7 5598/1/7
f 5597/1/7 5598/1/7 5611/1/7
f 5597/1/7 5611/1/7 5585/1/7 5596/1/7
f 5587/1/7 5595/1/7 5596/1/7 5585/1/7
f 5595/1/7 5587/1/7 5594/1/7
f 5588/1/7 5593/1/7 5594/1/7 5587/1/7
f 5586/1/7 5592/1/7 5593/1/7 5588/1/7
f 5589/1/7 5591/1/7 5592/1/7 5586/1/7
f 5590/1/7 5591/1/7 5589/1/7
f 5636/1/1 5663/1/1 5664/1/1 5637/1/1
f 5617/1/1 5618/1/1 5616/1/1
f 5616/1/1 5618/1/1 5619/1/1 5613/1/1
f 5613/1/1 5619/1/1 5620/1/1 5615/1/1
f 5615/1/1 5620/1/1 5621/1/1 5614/1/1
f 5621/1/1 5622/1/1 5614/1/1
f 5614/1/1 5622/1/1 5623/1/1 5612/1/1
f 5624/1/1 5638/1/1 5612/1/1 5623/1/1
f 5624/1/1 5625/1/1 5638/1/1
f 5626/1/1 5637/1/1 5638/1/1 5625/1/1
f 5626/1/1 5627/1/1 5637/1/1
f 5627/1/1 5628/1/1 5637/1/1
f 5629/1/1 5630/1/1 5628/1/1
f 5630/1/1 5631/1/1 5628/1/1
f 5631/1/1 5632/1/1 5628/1/1
f 5628/1/1 5632/1/1 5637/1/1
f 5632/1/1 5633/1/1 5637/1/1
f 5633/1/1 5634/1/1 5637/1/1
f 5635/1/1 5636/1/1 5637/1/1 5634/1/1
f 5663/1/1 5662/1/1 5664/1/1
f 5661/1/1 5664/1/1 5662/1/1
f 5660/1/1 5664/1/1 5661/1/1
f 5659/1/1 5664/1/1 5660/1/1
f 5656/1/1 5655/1/1 5657/1/1
f 5657/1/1 5655/1/1 5658/1/1
f 5658/1/1 5655/1/1 5659/1/1
f 5664/1/1 5659/1/1 5655/1/1
f 5655/1/1 5654/1/1 5664/1/1
f 5653/1/1 5664/1/1 5654/1/1
f 5653/1/1 5652/1/1 5665/1/1 5664/1/1
f 5651/1/1 5665/1/1 5652/1/1
f 5651/1/1 5650/1/1 5639/1/1 5665/1/1
f 5641/1/1 5639/1/1 5650/1/1 5649/1/1
f 5649/1/1 5648/1/1 5641/1/1
f 5642/1/1 5641/1/1 5648/1/1 5647/1/1
f 5640/1/1 5642/1/1 5647/1/1 5646/1/1
f 5643/1/1 5640/1/1 5646/1/1 5645/1/1
f 5644/1/1 5643/1/1 5645/1/1
f 5591/1/207 5590/1/207 5644/1/207 5645/1/207
f 5564/1/165 5565/1/165 5619/1/165 5618/1/165
f 5592/1/164 5591/1/164 5645/1/164 5646/1/164
f 5565/1/167 5566/1/167 5620/1/167 5619/1/167
f 5593/1/212 5592/1/212 5646/1/212 5647/1/212
f 5566/1/169 5567/1/169 5621/1/169 5620/1/169
f 5594/1/168 5593/1/168 5647/1/168 5648/1/168
f 5567/1/171 5568/1/171 5622/1/171 5621/1/171
f 5595/1/323 5594/1/323 5648/1/323 5649/1/323
f 5568/1/214 5569/1/214 5623/1/214 5622/1/214
f 5596/1/172 5595/1/172 5649/1/172 5650/1/172
f 5569/1/175 5570/1/175 5624/1/175 5623/1/175
f 5597/1/174 5596/1/174 5650/1/174 5651/1/174
f 5570/1/177 5571/1/177 5625/1/177 5624/1/177
f 5598/1/176 5597/1/176 5651/1/176 5652/1/176
f 5571/1/179 5572/1/179 5626/1/179 5625/1/179
f 5599/1/178 5598/1/178 5652/1/178 5653/1/178
f 5572/1/275 5573/1/275 5627/1/275 5626/1/275
f 5600/1/180 5599/1/180 5653/1/180 5654/1/180
f 5573/1/183 5574/1/183 5628/1/183 5627/1/183
f 5601/1/216 5600/1/216 5654/1/216 5655/1/216
f 5574/1/185 5575/1/185 5629/1/185 5628/1/185
f 5602/1/184 5601/1/184 5655/1/184 5656/1/184
f 5575/1/187 5576/1/187 5630/1/187 5629/1/187
f 5603/1/186 5602/1/186 5656/1/186 5657/1/186
f 5576/1/278 5577/1/278 5631/1/278 5630/1/278
f 5604/1/188 5603/1/188 5657/1/188 5658/1/188
f 5577/1/217 5578/1/217 5632/1/217 5631/1/217
f 5605/1/324 5604/1/324 5658/1/324 5659/1/324
f 5578/1/193 5579/1/193 5633/1/193 5632/1/193
f 5606/1/218 5605/1/218 5659/1/218 5660/1/218
f 5579/1/195 5580/1/195 5634/1/195 5633/1/195
f 5607/1/194 5606/1/194 5660/1/194 5661/1/194
f 5580/1/219 5581/1/219 5635/1/219 5634/1/219
f 5608/1/196 5607/1/196 5661/1/196 5662/1/196
f 5581/1/288 5582/1/288 5636/1/288 5635/1/288
f 5609/1/287 5608/1/287 5662/1/287 5663/1/287
f 5611/1/7 5610/1/7 5668/1/7 5669/1/7
f 5610/1/7 5583/1/7 5666/1/7 5668/1/7
f 5584/1/26 5558/1/26 5612/1/26 5638/1/26
f 5558/1/26 5560/1/26 5614/1/26 5612/1/26
f 5585/1/21 5611/1/21 5665/1/21 5639/1/21
f 5587/1/21 5585/1/21 5639/1/21 5641/1/21
f 5559/1/16 5562/1/16 5616/1/16 5613/1/16
f 5584/1/209 5638/1/209 5671/1/209 5667/1/209
f 5589/1/13 5586/1/13 5640/1/13 5643/1/13
f 5561/1/202 5559/1/202 5613/1/202 5615/1/202
f 5582/1/35 5609/1/35 5663/1/35 5636/1/35
f 5586/1/201 5588/1/201 5642/1/201 5640/1/201
f 5560/1/204 5561/1/204 5615/1/204 5614/1/204
f 5588/1/203 5587/1/203 5641/1/203 5642/1/203
f 5562/1/206 5563/1/206 5617/1/206 5616/1/206
f 5590/1/205 5589/1/205 5643/1/205 5644/1/205
f 5563/1/163 5564/1/163 5618/1/163 5617/1/163
f 5666/1/31 5667/1/31 5671/1/31 5670/1/31
f 5669/1/31 5668/1/31 5672/1/31 5673/1/31
f 5668/1/31 5666/1/31 5670/1/31 5672/1/31
f 5638/1/382 5637/1/382 5670/1/382 5671/1/382
f 5665/1/200 5611/1/200 5669/1/200 5673/1/200
f 5637/1/382 5664/1/382 5672/1/382 5670/1/382
f 5664/1/382 5665/1/382 5673/1/382 5672/1/382
f 5583/1/7 5584/1/7 5667/1/7 5666/1/7
f 5681/1/7 5687/1/7 5684/1/7 5678/1/7
f 5679/1/7 5682/1/7 5680/1/7 5686/1/7 5697/1/7 5696/1/7 5685/1/7
f 5690/1/7 5691/1/7 5683/1/7 5677/1/7
f 5677/1/7 5683/1/7 5687/1/7 5681/1/7
f 5678/1/7 5684/1/7 5689/1/7 5688/1/7
f 5695/1/7 5694/1/7 5734/1/7 5733/1/7 5696/1/7 5697/1/7 5736/1/7 5735/1/7
f 5692/1/7 5689/1/7 5695/1/7
f 5691/1/7 5693/1/7 5694/1/7
f 5694/1/7 5695/1/7 5689/1/7 5691/1/7
f 5688/1/7 5689/1/7 5692/1/7 5738/1/7 5737/1/7 5686/1/7 5680/1/7
f 5679/1/7 5685/1/7 5731/1/7 5732/1/7 5693/1/7 5691/1/7 5690/1/7
f 5681/1/291 5698/1/291 5700/1/291 5677/1/291
f 5678/1/290 5699/1/290 5698/1/290 5681/1/290
f 5704/1/1 5705/1/1 5715/1/1 5714/1/1
f 5709/1/1 5712/1/1 5720/1/1 5719/1/1 5718/1/1 5711/1/1 5708/1/1
f 5705/1/408 5729/1/408 5766/1/408 5763/1/408
f 5701/1/409 5702/1/409 5713/1/409 5726/1/409
f 5706/1/1 5707/1/1 5717/1/1 5716/1/1
f 5707/1/1 5704/1/1 5714/1/1 5717/1/1
f 5705/1/1 5710/1/1 5721/1/1 5715/1/1
f 5723/1/1 5725/1/1 5721/1/1
f 5716/1/1 5724/1/1 5722/1/1
f 5724/1/1 5716/1/1 5721/1/1 5725/1/1
f 5710/1/1 5711/1/1 5718/1/1 5723/1/1 5721/1/1
f 5709/1/1 5706/1/1 5716/1/1 5722/1/1 5712/1/1
f 5727/1/1 5726/1/1 5728/1/1 5730/1/1
f 5726/1/1 5713/1/1 5729/1/1 5728/1/1
f 5703/1/410 5701/1/410 5726/1/410 5727/1/410
f 5730/1/411 5707/1/411 5758/1/411 5760/1/411
f 5704/1/297 5707/1/297 5730/1/297 5728/1/297
f 5705/1/296 5704/1/296 5728/1/296 5729/1/296
f 5688/1/412 5680/1/412 5711/1/412 5710/1/412
f 5683/1/300 5691/1/300 5716/1/300 5717/1/300
f 5678/1/301 5688/1/301 5710/1/301 5705/1/301
f 5697/1/3 5686/1/3 5718/1/3 5719/1/3
f 5696/1/304 5733/1/304 5734/1/304 5694/1/304 5724/1/304 5720/1/304
f 5689/1/299 5684/1/299 5715/1/299 5721/1/299
f 5686/1/299 5737/1/299 5738/1/299 5692/1/299 5723/1/299 5718/1/299
f 5676/1/413 5675/1/413 5702/1/413 5701/1/413
f 5687/1/414 5683/1/414 5717/1/414 5714/1/414
f 5695/1/301 5735/1/301 5736/1/301 5697/1/301 5719/1/301 5725/1/301
f 5693/1/300 5732/1/300 5731/1/300 5685/1/300 5712/1/300 5722/1/300
f 5674/1/415 5676/1/415 5701/1/415 5703/1/415
f 5685/1/416 5696/1/416 5720/1/416 5712/1/416
f 5702/1/442 5675/1/442 5762/1/442 5764/1/442
f 5679/1/418 5690/1/418 5706/1/418 5709/1/418
f 5692/1/419 5695/1/419 5725/1/419 5723/1/419
f 5707/1/420 5677/1/420 5756/1/420 5758/1/420
f 5690/1/299 5677/1/299 5707/1/299 5706/1/299
f 5694/1/419 5693/1/419 5722/1/419 5724/1/419
f 5684/1/421 5687/1/421 5714/1/421 5715/1/421
f 5687/1/1 5684/1/1 5689/1/1 5691/1/1 5683/1/1
f 5732/1/7 5739/1/7 5740/1/7 5734/1/7
f 5738/1/7 5735/1/7 5741/1/7 5742/1/7
f 5744/1/26 5746/1/26 5750/1/26 5748/1/26
f 5738/1/26 5742/1/26 5746/1/26 5744/1/26
f 5735/1/26 5738/1/26 5744/1/26 5743/1/26
f 5741/1/26 5735/1/26 5743/1/26 5745/1/26
f 5742/1/26 5741/1/26 5745/1/26 5746/1/26
f 5748/1/1 5750/1/1 5749/1/1 5747/1/1
f 5743/1/31 5744/1/31 5748/1/31 5747/1/31
f 5745/1/21 5743/1/21 5747/1/21 5749/1/21
f 5746/1/35 5745/1/35 5749/1/35 5750/1/35
f 5751/1/1 5752/1/1 5754/1/1 5753/1/1
f 5732/1/422 5734/1/422 5752/1/422 5751/1/422
f 5739/1/21 5732/1/21 5751/1/21 5753/1/21
f 5740/1/423 5739/1/423 5753/1/423 5754/1/423
f 5734/1/26 5740/1/26 5754/1/26 5752/1/26
f 5737/1/1 5686/1/1 5697/1/1 5745/1/1 5746/1/1
f 5695/1/1 5692/1/1 5744/1/1 5743/1/1
f 5734/1/1 5732/1/1 5693/1/1 5694/1/1
f 5685/1/1 5731/1/1 5739/1/1 5740/1/1 5733/1/1 5696/1/1
f 5677/1/424 5674/1/424 5755/1/424 5756/1/424
f 5674/1/425 5703/1/425 5757/1/425 5755/1/425
f 5703/1/426 5727/1/426 5759/1/426 5757/1/426
f 5727/1/427 5730/1/427 5760/1/427 5759/1/427
f 5729/1/428 5713/1/428 5765/1/428 5766/1/428
f 5675/1/429 5678/1/429 5761/1/429 5762/1/429
f 5678/1/437 5705/1/437 5763/1/437 5761/1/437
f 5713/1/431 5702/1/431 5764/1/431 5765/1/431
f 5676/1/7 5681/1/7 5678/1/7 5675/1/7
f 5674/1/7 5677/1/7 5681/1/7 5676/1/7
f 5769/1/7 5772/1/7 5778/1/7 5775/1/7
f 5772/1/7 5770/1/7 5776/1/7 5778/1/7
f 5804/1/7 5778/1/7 5776/1/7 5803/1/7
f 5802/1/7 5775/1/7 5778/1/7 5804/1/7
f 5768/1/7 5771/1/7 5777/1/7 5774/1/7
f 5771/1/7 5767/1/7 5773/1/7 5777/1/7
f 5801/1/7 5768/1/7 5774/1/7 5803/1/7
f 5800/1/7 5769/1/7 5775/1/7 5802/1/7
f 5786/1/31 5796/1/31 5795/1/31 5785/1/31
f 5787/1/31 5797/1/31 5796/1/31 5786/1/31
f 5781/1/1 5787/1/1 5786/1/1 5780/1/1
f 5780/1/1 5786/1/1 5785/1/1 5779/1/1
f 5805/1/1 5807/1/1 5787/1/1 5781/1/1
f 5783/1/1 5793/1/1 5791/1/1 5789/1/1
f 5789/1/1 5791/1/1 5792/1/1 5790/1/1
f 5771/1/443 5780/1/443 5779/1/443 5767/1/443
f 5801/1/444 5836/1/444 5835/1/444 5768/1/444
f 5768/1/443 5781/1/443 5780/1/443 5771/1/443
f 5810/1/1 5809/1/1 5798/1/1 5799/1/1
f 5808/1/1 5810/1/1 5799/1/1 5794/1/1
f 5807/1/26 5809/1/26 5797/1/26 5787/1/26
f 5806/1/21 5808/1/21 5794/1/21 5784/1/21
f 5788/1/445 5799/1/445 5798/1/445 5782/1/445
f 5784/1/446 5794/1/446 5799/1/446 5788/1/446
f 5785/1/21 5795/1/21 5808/1/21 5806/1/21
f 5782/1/26 5798/1/26 5809/1/26 5807/1/26
f 5795/1/1 5816/1/1 5815/1/1 5808/1/1
f 5809/1/1 5813/1/1 5812/1/1 5797/1/1
f 5767/1/7 5800/1/7 5802/1/7 5773/1/7
f 5770/1/7 5801/1/7 5803/1/7 5776/1/7
f 5773/1/7 5802/1/7 5804/1/7 5777/1/7
f 5777/1/7 5804/1/7 5803/1/7 5774/1/7
f 5811/1/1 5812/1/1 5813/1/1 5814/1/1
f 5810/1/1 5814/1/1 5813/1/1 5809/1/1
f 5797/1/1 5812/1/1 5811/1/1 5796/1/1
f 5796/1/1 5811/1/1 5814/1/1 5810/1/1
f 5816/1/1 5817/1/1 5818/1/1 5815/1/1
f 5810/1/1 5818/1/1 5817/1/1 5796/1/1
f 5796/1/1 5817/1/1 5816/1/1 5795/1/1
f 5808/1/1 5815/1/1 5818/1/1 5810/1/1
f 5831/1/7 5829/1/7 5823/1/7 5828/1/7
f 5824/1/7 5830/1/7 5829/1/7 5831/1/7
f 5821/1/7 5820/1/7 5826/1/7 5827/1/7
f 5820/1/7 5819/1/7 5825/1/7 5826/1/7
f 5822/1/7 5821/1/7 5827/1/7 5828/1/7
f 5839/1/1 5851/1/1 5850/1/1 5838/1/1
f 5838/1/1 5850/1/1 5840/1/1 5837/1/1
f 5842/1/447 5856/1/447 5855/1/447 5841/1/447
f 5843/1/35 5857/1/35 5844/1/35 5837/1/35
f 5847/1/31 5852/1/31 5859/1/31 5846/1/31
f 5848/1/31 5860/1/31 5852/1/31 5847/1/31
f 5835/1/1 5848/1/1 5847/1/1 5834/1/1
f 5834/1/1 5847/1/1 5846/1/1 5833/1/1
f 5836/1/1 5849/1/1 5848/1/1 5835/1/1
f 5832/1/1 5845/1/1 5851/1/1 5839/1/1
f 5844/1/1 5857/1/1 5855/1/1 5853/1/1
f 5853/1/1 5855/1/1 5856/1/1 5854/1/1
f 5837/1/445 5844/1/445 5853/1/445 5838/1/445
f 5838/1/446 5853/1/446 5854/1/446 5839/1/446
f 5839/1/35 5854/1/35 5856/1/35 5842/1/35
f 5841/1/448 5855/1/448 5857/1/448 5843/1/448
f 5820/1/443 5834/1/443 5833/1/443 5819/1/443
f 5821/1/443 5835/1/443 5834/1/443 5820/1/443
f 5865/1/1 5861/1/1 5862/1/1 5863/1/1
f 5858/1/1 5865/1/1 5863/1/1 5864/1/1
f 5849/1/26 5861/1/26 5860/1/26 5848/1/26
f 5845/1/21 5858/1/21 5864/1/21 5851/1/21
f 5850/1/449 5863/1/449 5862/1/449 5840/1/449
f 5851/1/450 5864/1/450 5863/1/450 5850/1/450
f 5846/1/21 5859/1/21 5858/1/21 5845/1/21
f 5840/1/26 5862/1/26 5861/1/26 5849/1/26
f 5859/1/1 5871/1/1 5870/1/1 5858/1/1
f 5861/1/1 5868/1/1 5867/1/1 5860/1/1
f 5833/1/1 5846/1/1 5845/1/1 5832/1/1
f 5837/1/1 5840/1/1 5849/1/1 5836/1/1
f 5825/1/7 5824/1/7 5831/1/7 5826/1/7
f 5826/1/7 5831/1/7 5828/1/7 5827/1/7
f 5869/1/31 5887/1/31 5886/1/31 5868/1/31
f 5858/1/31 5876/1/31 5875/1/31 5865/1/31
f 5872/1/26 5881/1/26 5882/1/26 5873/1/26
f 5871/1/1 5872/1/1 5873/1/1 5870/1/1
f 5868/1/35 5880/1/35 5879/1/35 5869/1/35
f 5852/1/1 5872/1/1 5871/1/1 5859/1/1
f 5875/1/1 5879/1/1 5880/1/1 5877/1/1
f 5875/1/1 5882/1/1 5881/1/1 5874/1/1
f 5876/1/1 5883/1/1 5882/1/1 5875/1/1
f 5852/1/451 5874/1/451 5881/1/451 5872/1/451
f 5873/1/35 5882/1/35 5883/1/35 5870/1/35
f 5865/1/31 5875/1/31 5877/1/31 5861/1/31
f 5861/1/452 5877/1/452 5880/1/452 5868/1/452
f 5870/1/453 5883/1/453 5876/1/453 5858/1/453
f 5884/1/1 5885/1/1 5886/1/1 5887/1/1
f 5868/1/454 5886/1/454 5885/1/454 5867/1/454
f 5866/1/455 5869/1/455 5887/1/455 5884/1/455
f 5867/1/35 5885/1/35 5884/1/35 5866/1/35
f 5879/1/1 5875/1/1 5874/1/1 5888/1/1
f 5874/1/456 5852/1/456 5878/1/456 5888/1/456
f 5878/1/21 5889/1/21 5879/1/21 5888/1/21
f 5866/1/457 5869/1/457 5889/1/457 5878/1/457
f 5860/1/458 5867/1/458 5866/1/458 5878/1/458 5852/1/458
f 5869/1/35 5879/1/35 5889/1/35
f 5890/1/459 5769/1/459 5839/1/459 5842/1/459
f 5891/1/7 5772/1/7 5769/1/7 5890/1/7
f 5841/1/460 5891/1/460 5890/1/460 5842/1/460
f 5843/1/461 5837/1/461 5770/1/461 5892/1/461
f 5843/1/462 5892/1/462 5891/1/462 5841/1/462
f 5770/1/7 5772/1/7 5891/1/7 5892/1/7
f 5770/1/463 5837/1/463 5836/1/463 5801/1/463
f 5800/1/464 5767/1/464 5833/1/464 5839/1/464 5769/1/464
f 5917/1/21 5918/1/21 5945/1/21 5944/1/21
f 5898/1/21 5897/1/21 5899/1/21
f 5897/1/21 5894/1/21 5900/1/21 5899/1/21
f 5894/1/21 5896/1/21 5901/1/21 5900/1/21
f 5896/1/21 5895/1/21 5902/1/21 5901/1/21
f 5902/1/21 5895/1/21 5903/1/21
f 5895/1/21 5893/1/21 5904/1/21 5903/1/21
f 5905/1/21 5904/1/21 5893/1/21 5919/1/21
f 5905/1/21 5919/1/21 5906/1/21
f 5907/1/21 5906/1/21 5919/1/21 5918/1/21
f 5907/1/21 5918/1/21 5908/1/21
f 5908/1/21 5918/1/21 5909/1/21
f 5910/1/21 5909/1/21 5911/1/21
f 5911/1/21 5909/1/21 5912/1/21
f 5912/1/21 5909/1/21 5913/1/21
f 5909/1/21 5918/1/21 5913/1/21
f 5913/1/21 5918/1/21 5914/1/21
f 5914/1/44 5918/1/44 5915/1/44
f 5916/1/21 5915/1/21 5918/1/21 5917/1/21
f 5944/1/21 5945/1/21 5943/1/21
f 5942/1/21 5943/1/21 5945/1/21
f 5941/1/45 5942/1/45 5945/1/45
f 5940/1/21 5941/1/21 5945/1/21
f 5937/1/21 5938/1/21 5936/1/21
f 5938/1/21 5939/1/21 5936/1/21
f 5939/1/21 5940/1/21 5936/1/21
f 5945/1/21 5936/1/21 5940/1/21
f 5936/1/21 5945/1/21 5935/1/21
f 5934/1/21 5935/1/21 5945/1/21
f 5934/1/21 5945/1/21 5946/1/21 5933/1/21
f 5932/1/21 5933/1/21 5946/1/21
f 5932/1/21 5946/1/21 5920/1/21 5931/1/21
f 5922/1/21 5930/1/21 5931/1/21 5920/1/21
f 5930/1/21 5922/1/21 5929/1/21
f 5923/1/21 5928/1/21 5929/1/21 5922/1/21
f 5921/1/21 5927/1/21 5928/1/21 5923/1/21
f 5924/1/21 5926/1/21 5927/1/21 5921/1/21
f 5925/1/21 5926/1/21 5924/1/21
f 5971/1/26 5998/1/26 5999/1/26 5972/1/26
f 5952/1/26 5953/1/26 5951/1/26
f 5951/1/26 5953/1/26 5954/1/26 5948/1/26
f 5948/1/26 5954/1/26 5955/1/26 5950/1/26
f 5950/1/26 5955/1/26 5956/1/26 5949/1/26
f 5956/1/26 5957/1/26 5949/1/26
f 5949/1/26 5957/1/26 5958/1/26 5947/1/26
f 5959/1/26 5973/1/26 5947/1/26 5958/1/26
f 5959/1/26 5960/1/26 5973/1/26
f 5961/1/26 5972/1/26 5973/1/26 5960/1/26
f 5961/1/26 5962/1/26 5972/1/26
f 5962/1/26 5963/1/26 5972/1/26
f 5964/1/26 5965/1/26 5963/1/26
f 5965/1/26 5966/1/26 5963/1/26
f 5966/1/26 5967/1/26 5963/1/26
f 5963/1/26 5967/1/26 5972/1/26
f 5967/1/26 5968/1/26 5972/1/26
f 5968/1/152 5969/1/152 5972/1/152
f 5970/1/26 5971/1/26 5972/1/26 5969/1/26
f 5998/1/43 5997/1/43 5999/1/43
f 5996/1/152 5999/1/152 5997/1/152
f 5995/1/43 5999/1/43 5996/1/43
f 5994/1/26 5999/1/26 5995/1/26
f 5991/1/26 5990/1/26 5992/1/26
f 5992/1/26 5990/1/26 5993/1/26
f 5993/1/26 5990/1/26 5994/1/26
f 5999/1/26 5994/1/26 5990/1/26
f 5990/1/26 5989/1/26 5999/1/26
f 5988/1/26 5999/1/26 5989/1/26
f 5988/1/26 5987/1/26 6000/1/26 5999/1/26
f 5986/1/26 6000/1/26 5987/1/26
f 5986/1/26 5985/1/26 5974/1/26 6000/1/26
f 5976/1/26 5974/1/26 5985/1/26 5984/1/26
f 5984/1/26 5983/1/26 5976/1/26
f 5977/1/26 5976/1/26 5983/1/26 5982/1/26
f 5975/1/26 5977/1/26 5982/1/26 5981/1/26
f 5978/1/26 5975/1/26 5981/1/26 5980/1/26
f 5979/1/26 5978/1/26 5980/1/26
f 5926/1/92 5925/1/92 5979/1/92 5980/1/92
f 5899/1/48 5900/1/48 5954/1/48 5953/1/48
f 5927/1/47 5926/1/47 5980/1/47 5981/1/47
f 5900/1/50 5901/1/50 5955/1/50 5954/1/50
f 5928/1/49 5927/1/49 5981/1/49 5982/1/49
f 5901/1/52 5902/1/52 5956/1/52 5955/1/52
f 5929/1/111 5928/1/111 5982/1/111 5983/1/111
f 5902/1/54 5903/1/54 5957/1/54 5956/1/54
f 5930/1/53 5929/1/53 5983/1/53 5984/1/53
f 5903/1/56 5904/1/56 5958/1/56 5957/1/56
f 5931/1/55 5930/1/55 5984/1/55 5985/1/55
f 5904/1/58 5905/1/58 5959/1/58 5958/1/58
f 5932/1/57 5931/1/57 5985/1/57 5986/1/57
f 5905/1/60 5906/1/60 5960/1/60 5959/1/60
f 5933/1/59 5932/1/59 5986/1/59 5987/1/59
f 5906/1/62 5907/1/62 5961/1/62 5960/1/62
f 5934/1/61 5933/1/61 5987/1/61 5988/1/61
f 5907/1/114 5908/1/114 5962/1/114 5961/1/114
f 5935/1/113 5934/1/113 5988/1/113 5989/1/113
f 5908/1/66 5909/1/66 5963/1/66 5962/1/66
f 5936/1/65 5935/1/65 5989/1/65 5990/1/65
f 5909/1/68 5910/1/68 5964/1/68 5963/1/68
f 5937/1/67 5936/1/67 5990/1/67 5991/1/67
f 5910/1/70 5911/1/70 5965/1/70 5964/1/70
f 5938/1/69 5937/1/69 5991/1/69 5992/1/69
f 5911/1/351 5912/1/351 5966/1/351 5965/1/351
f 5939/1/154 5938/1/154 5992/1/154 5993/1/154
f 5912/1/352 5913/1/352 5967/1/352 5966/1/352
f 5940/1/465 5939/1/465 5993/1/465 5994/1/465
f 5913/1/76 5914/1/76 5968/1/76 5967/1/76
f 5941/1/75 5940/1/75 5994/1/75 5995/1/75
f 5914/1/78 5915/1/78 5969/1/78 5968/1/78
f 5942/1/77 5941/1/77 5995/1/77 5996/1/77
f 5915/1/80 5916/1/80 5970/1/80 5969/1/80
f 5943/1/79 5942/1/79 5996/1/79 5997/1/79
f 5916/1/119 5917/1/119 5971/1/119 5970/1/119
f 5944/1/118 5943/1/118 5997/1/118 5998/1/118
f 5946/1/21 5945/1/21 6003/1/21 6004/1/21
f 5945/1/21 5918/1/21 6001/1/21 6003/1/21
f 5919/1/7 5893/1/7 5947/1/7 5973/1/7
f 5893/1/7 5895/1/7 5949/1/7 5947/1/7
f 5920/1/1 5946/1/1 6000/1/1 5974/1/1
f 5922/1/1 5920/1/1 5974/1/1 5976/1/1
f 5894/1/85 5897/1/85 5951/1/85 5948/1/85
f 5919/1/94 5973/1/94 6006/1/94 6002/1/94
f 5924/1/120 5921/1/120 5975/1/120 5978/1/120
f 5896/1/87 5894/1/87 5948/1/87 5950/1/87
f 5917/1/35 5944/1/35 5998/1/35 5971/1/35
f 5921/1/86 5923/1/86 5977/1/86 5975/1/86
f 5895/1/89 5896/1/89 5950/1/89 5949/1/89
f 5923/1/88 5922/1/88 5976/1/88 5977/1/88
f 5897/1/91 5898/1/91 5952/1/91 5951/1/91
f 5925/1/90 5924/1/90 5978/1/90 5979/1/90
f 5898/1/46 5899/1/46 5953/1/46 5952/1/46
f 6001/1/31 6002/1/31 6006/1/31 6005/1/31
f 6004/1/31 6003/1/31 6007/1/31 6008/1/31
f 6003/1/31 6001/1/31 6005/1/31 6007/1/31
f 5973/1/353 5972/1/353 6005/1/353 6006/1/353
f 6000/1/84 5946/1/84 6004/1/84 6008/1/84
f 5972/1/353 5999/1/353 6007/1/353 6005/1/353
f 5999/1/353 6000/1/353 6008/1/353 6007/1/353
f 5918/1/21 5919/1/21 6002/1/21 6001/1/21
f 6016/1/21 6022/1/21 6019/1/21 6013/1/21
f 6014/1/21 6017/1/21 6015/1/21 6021/1/21 6032/1/21 6031/1/21 6020/1/21
f 6025/1/21 6026/1/21 6018/1/21 6012/1/21
f 6012/1/21 6018/1/21 6022/1/21 6016/1/21
f 6013/1/21 6019/1/21 6024/1/21 6023/1/21
f 6030/1/21 6029/1/21 6069/1/21 6068/1/21 6031/1/21 6032/1/21 6071/1/21 6070/1/21
f 6027/1/21 6024/1/21 6030/1/21
f 6026/1/21 6028/1/21 6029/1/21
f 6029/1/21 6030/1/21 6024/1/21 6026/1/21
f 6023/1/21 6024/1/21 6027/1/21 6073/1/21 6072/1/21 6021/1/21 6015/1/21
f 6014/1/21 6020/1/21 6066/1/21 6067/1/21 6028/1/21 6026/1/21 6025/1/21
f 6016/1/123 6033/1/123 6035/1/123 6012/1/123
f 6013/1/122 6034/1/122 6033/1/122 6016/1/122
f 6039/1/26 6040/1/26 6050/1/26 6049/1/26
f 6044/1/26 6047/1/26 6055/1/26 6054/1/26 6053/1/26 6046/1/26 6043/1/26
f 6040/1/466 6064/1/466 6101/1/466 6098/1/466
f 6036/1/355 6037/1/355 6048/1/355 6061/1/355
f 6041/1/26 6042/1/26 6052/1/26 6051/1/26
f 6042/1/26 6039/1/26 6049/1/26 6052/1/26
f 6040/1/26 6045/1/26 6056/1/26 6050/1/26
f 6058/1/26 6060/1/26 6056/1/26
f 6051/1/26 6059/1/26 6057/1/26
f 6059/1/26 6051/1/26 6056/1/26 6060/1/26
f 6045/1/26 6046/1/26 6053/1/26 6058/1/26 6056/1/26
f 6044/1/26 6041/1/26 6051/1/26 6057/1/26 6047/1/26
f 6062/1/26 6061/1/26 6063/1/26 6065/1/26
f 6061/1/26 6048/1/26 6064/1/26 6063/1/26
f 6038/1/356 6036/1/356 6061/1/356 6062/1/356
f 6065/1/357 6042/1/357 6093/1/357 6095/1/357
f 6039/1/129 6042/1/129 6065/1/129 6063/1/129
f 6040/1/128 6039/1/128 6063/1/128 6064/1/128
f 6023/1/358 6015/1/358 6046/1/358 6045/1/358
f 6018/1/132 6026/1/132 6051/1/132 6052/1/132
f 6013/1/132 6023/1/132 6045/1/132 6040/1/132
f 6032/1/5 6021/1/5 6053/1/5 6054/1/5
f 6031/1/131 6068/1/131 6069/1/131 6029/1/131 6059/1/131 6055/1/131
f 6024/1/131 6019/1/131 6050/1/131 6056/1/131
f 6021/1/131 6072/1/131 6073/1/131 6027/1/131 6058/1/131 6053/1/131
f 6011/1/467 6010/1/467 6037/1/467 6036/1/467
f 6022/1/360 6018/1/360 6052/1/360 6049/1/360
f 6030/1/132 6070/1/132 6071/1/132 6032/1/132 6054/1/132 6060/1/132
f 6028/1/132 6067/1/132 6066/1/132 6020/1/132 6047/1/132 6057/1/132
f 6009/1/361 6011/1/361 6036/1/361 6038/1/361
f 6020/1/362 6031/1/362 6055/1/362 6047/1/362
f 6037/1/363 6010/1/363 6097/1/363 6099/1/363
f 6014/1/364 6025/1/364 6041/1/364 6044/1/364
f 6027/1/365 6030/1/365 6060/1/365 6058/1/365
f 6042/1/366 6012/1/366 6091/1/366 6093/1/366
f 6025/1/131 6012/1/131 6042/1/131 6041/1/131
f 6029/1/365 6028/1/365 6057/1/365 6059/1/365
f 6019/1/468 6022/1/468 6049/1/468 6050/1/468
f 6022/1/26 6019/1/26 6024/1/26 6026/1/26 6018/1/26
f 6067/1/21 6074/1/21 6075/1/21 6069/1/21
f 6073/1/21 6070/1/21 6076/1/21 6077/1/21
f 6079/1/7 6081/1/7 6085/1/7 6083/1/7
f 6073/1/26 6077/1/26 6081/1/26 6079/1/26
f 6070/1/26 6073/1/26 6079/1/26 6078/1/26
f 6076/1/26 6070/1/26 6078/1/26 6080/1/26
f 6077/1/26 6076/1/26 6080/1/26 6081/1/26
f 6083/1/26 6085/1/26 6084/1/26 6082/1/26
f 6078/1/31 6079/1/31 6083/1/31 6082/1/31
f 6080/1/1 6078/1/1 6082/1/1 6084/1/1
f 6081/1/35 6080/1/35 6084/1/35 6085/1/35
f 6086/1/26 6087/1/26 6089/1/26 6088/1/26
f 6067/1/368 6069/1/368 6087/1/368 6086/1/368
f 6074/1/1 6067/1/1 6086/1/1 6088/1/1
f 6075/1/369 6074/1/369 6088/1/369 6089/1/369
f 6069/1/7 6075/1/7 6089/1/7 6087/1/7
f 6072/1/26 6021/1/26 6032/1/26 6080/1/26 6081/1/26
f 6030/1/26 6027/1/26 6079/1/26 6078/1/26
f 6069/1/26 6067/1/26 6028/1/26 6029/1/26
f 6020/1/26 6066/1/26 6074/1/26 6075/1/26 6068/1/26 6031/1/26
f 6012/1/469 6009/1/469 6090/1/469 6091/1/469
f 6009/1/371 6038/1/371 6092/1/371 6090/1/371
f 6038/1/372 6062/1/372 6094/1/372 6092/1/372
f 6062/1/373 6065/1/373 6095/1/373 6094/1/373
f 6064/1/374 6048/1/374 6100/1/374 6101/1/374
f 6010/1/375 6013/1/375 6096/1/375 6097/1/375
f 6013/1/376 6040/1/376 6098/1/376 6096/1/376
f 6048/1/470 6037/1/470 6099/1/470 6100/1/470
f 6011/1/21 6016/1/21 6013/1/21 6010/1/21
f 6009/1/21 6012/1/21 6016/1/21 6011/1/21
f 6014/1/35 6044/1/35 6043/1/35 6046/1/35 6015/1/35 6017/1/35
f 6126/1/7 6127/1/7 6154/1/7 6153/1/7
f 6107/1/7 6106/1/7 6108/1/7
f 6106/1/7 6103/1/7 6109/1/7 6108/1/7
f 6103/1/7 6105/1/7 6110/1/7 6109/1/7
f 6105/1/7 6104/1/7 6111/1/7 6110/1/7
f 6111/1/7 6104/1/7 6112/1/7
f 6104/1/7 6102/1/7 6113/1/7 6112/1/7
f 6114/1/7 6113/1/7 6102/1/7 6128/1/7
f 6114/1/7 6128/1/7 6115/1/7
f 6116/1/7 6115/1/7 6128/1/7 6127/1/7
f 6116/1/7 6127/1/7 6117/1/7
f 6117/1/7 6127/1/7 6118/1/7
f 6119/1/7 6118/1/7 6120/1/7
f 6120/1/7 6118/1/7 6121/1/7
f 6121/1/7 6118/1/7 6122/1/7
f 6118/1/7 6127/1/7 6122/1/7
f 6122/1/7 6127/1/7 6123/1/7
f 6123/1/7 6127/1/7 6124/1/7
f 6125/1/7 6124/1/7 6127/1/7 6126/1/7
f 6153/1/7 6154/1/7 6152/1/7
f 6151/1/7 6152/1/7 6154/1/7
f 6150/1/7 6151/1/7 6154/1/7
f 6149/1/7 6150/1/7 6154/1/7
f 6146/1/7 6147/1/7 6145/1/7
f 6147/1/7 6148/1/7 6145/1/7
f 6148/1/7 6149/1/7 6145/1/7
f 6154/1/7 6145/1/7 6149/1/7
f 6145/1/7 6154/1/7 6144/1/7
f 6143/1/7 6144/1/7 6154/1/7
f 6143/1/7 6154/1/7 6155/1/7 6142/1/7
f 6141/1/7 6142/1/7 6155/1/7
f 6141/1/7 6155/1/7 6129/1/7 6140/1/7
f 6131/1/7 6139/1/7 6140/1/7 6129/1/7
f 6139/1/7 6131/1/7 6138/1/7
f 6132/1/7 6137/1/7 6138/1/7 6131/1/7
f 6130/1/7 6136/1/7 6137/1/7 6132/1/7
f 6133/1/7 6135/1/7 6136/1/7 6130/1/7
f 6134/1/7 6135/1/7 6133/1/7
f 6180/1/1 6207/1/1 6208/1/1 6181/1/1
f 6161/1/1 6162/1/1 6160/1/1
f 6160/1/1 6162/1/1 6163/1/1 6157/1/1
f 6157/1/1 6163/1/1 6164/1/1 6159/1/1
f 6159/1/1 6164/1/1 6165/1/1 6158/1/1
f 6165/1/1 6166/1/1 6158/1/1
f 6158/1/1 6166/1/1 6167/1/1 6156/1/1
f 6168/1/1 6182/1/1 6156/1/1 6167/1/1
f 6168/1/1 6169/1/1 6182/1/1
f 6170/1/1 6181/1/1 6182/1/1 6169/1/1
f 6170/1/1 6171/1/1 6181/1/1
f 6171/1/1 6172/1/1 6181/1/1
f 6173/1/1 6174/1/1 6172/1/1
f 6174/1/1 6175/1/1 6172/1/1
f 6175/1/1 6176/1/1 6172/1/1
f 6172/1/1 6176/1/1 6181/1/1
f 6176/1/1 6177/1/1 6181/1/1
f 6177/1/1 6178/1/1 6181/1/1
f 6179/1/1 6180/1/1 6181/1/1 6178/1/1
f 6207/1/1 6206/1/1 6208/1/1
f 6205/1/1 6208/1/1 6206/1/1
f 6204/1/1 6208/1/1 6205/1/1
f 6203/1/1 6208/1/1 6204/1/1
f 6200/1/1 6199/1/1 6201/1/1
f 6201/1/1 6199/1/1 6202/1/1
f 6202/1/1 6199/1/1 6203/1/1
f 6208/1/1 6203/1/1 6199/1/1
f 6199/1/1 6198/1/1 6208/1/1
f 6197/1/1 6208/1/1 6198/1/1
f 6197/1/1 6196/1/1 6209/1/1 6208/1/1
f 6195/1/1 6209/1/1 6196/1/1
f 6195/1/1 6194/1/1 6183/1/1 6209/1/1
f 6185/1/1 6183/1/1 6194/1/1 6193/1/1
f 6193/1/1 6192/1/1 6185/1/1
f 6186/1/1 6185/1/1 6192/1/1 6191/1/1
f 6184/1/1 6186/1/1 6191/1/1 6190/1/1
f 6187/1/1 6184/1/1 6190/1/1 6189/1/1
f 6188/1/1 6187/1/1 6189/1/1
f 6135/1/207 6134/1/207 6188/1/207 6189/1/207
f 6108/1/165 6109/1/165 6163/1/165 6162/1/165
f 6136/1/164 6135/1/164 6189/1/164 6190/1/164
f 6109/1/167 6110/1/167 6164/1/167 6163/1/167
f 6137/1/212 6136/1/212 6190/1/212 6191/1/212
f 6110/1/169 6111/1/169 6165/1/169 6164/1/169
f 6138/1/168 6137/1/168 6191/1/168 6192/1/168
f 6111/1/171 6112/1/171 6166/1/171 6165/1/171
f 6139/1/170 6138/1/170 6192/1/170 6193/1/170
f 6112/1/173 6113/1/173 6167/1/173 6166/1/173
f 6140/1/213 6139/1/213 6193/1/213 6194/1/213
f 6113/1/175 6114/1/175 6168/1/175 6167/1/175
f 6141/1/174 6140/1/174 6194/1/174 6195/1/174
f 6114/1/286 6115/1/286 6169/1/286 6168/1/286
f 6142/1/285 6141/1/285 6195/1/285 6196/1/285
f 6115/1/179 6116/1/179 6170/1/179 6169/1/179
f 6143/1/178 6142/1/178 6196/1/178 6197/1/178
f 6116/1/181 6117/1/181 6171/1/181 6170/1/181
f 6144/1/180 6143/1/180 6197/1/180 6198/1/180
f 6117/1/183 6118/1/183 6172/1/183 6171/1/183
f 6145/1/216 6144/1/216 6198/1/216 6199/1/216
f 6118/1/185 6119/1/185 6173/1/185 6172/1/185
f 6146/1/184 6145/1/184 6199/1/184 6200/1/184
f 6119/1/187 6120/1/187 6174/1/187 6173/1/187
f 6147/1/186 6146/1/186 6200/1/186 6201/1/186
f 6120/1/189 6121/1/189 6175/1/189 6174/1/189
f 6148/1/188 6147/1/188 6201/1/188 6202/1/188
f 6121/1/217 6122/1/217 6176/1/217 6175/1/217
f 6149/1/190 6148/1/190 6202/1/190 6203/1/190
f 6122/1/284 6123/1/284 6177/1/284 6176/1/284
f 6150/1/192 6149/1/192 6203/1/192 6204/1/192
f 6123/1/195 6124/1/195 6178/1/195 6177/1/195
f 6151/1/194 6150/1/194 6204/1/194 6205/1/194
f 6124/1/219 6125/1/219 6179/1/219 6178/1/219
f 6152/1/196 6151/1/196 6205/1/196 6206/1/196
f 6125/1/288 6126/1/288 6180/1/288 6179/1/288
f 6153/1/287 6152/1/287 6206/1/287 6207/1/287
f 6155/1/7 6154/1/7 6212/1/7 6213/1/7
f 6154/1/7 6127/1/7 6210/1/7 6212/1/7
f 6128/1/26 6102/1/26 6156/1/26 6182/1/26
f 6102/1/26 6104/1/26 6158/1/26 6156/1/26
f 6129/1/21 6155/1/21 6209/1/21 6183/1/21
f 6131/1/21 6129/1/21 6183/1/21 6185/1/21
f 6103/1/16 6106/1/16 6160/1/16 6157/1/16
f 6128/1/282 6182/1/282 6215/1/282 6211/1/282
f 6133/1/13 6130/1/13 6184/1/13 6187/1/13
f 6105/1/202 6103/1/202 6157/1/202 6159/1/202
f 6126/1/35 6153/1/35 6207/1/35 6180/1/35
f 6130/1/201 6132/1/201 6186/1/201 6184/1/201
f 6104/1/204 6105/1/204 6159/1/204 6158/1/204
f 6132/1/203 6131/1/203 6185/1/203 6186/1/203
f 6106/1/206 6107/1/206 6161/1/206 6160/1/206
f 6134/1/205 6133/1/205 6187/1/205 6188/1/205
f 6107/1/163 6108/1/163 6162/1/163 6161/1/163
f 6210/1/31 6211/1/31 6215/1/31 6214/1/31
f 6213/1/31 6212/1/31 6216/1/31 6217/1/31
f 6212/1/31 6210/1/31 6214/1/31 6216/1/31
f 6182/1/382 6181/1/382 6214/1/382 6215/1/382
f 6209/1/200 6155/1/200 6213/1/200 6217/1/200
f 6181/1/382 6208/1/382 6216/1/382 6214/1/382
f 6208/1/382 6209/1/382 6217/1/382 6216/1/382
f 6127/1/7 6128/1/7 6211/1/7 6210/1/7
f 6225/1/7 6231/1/7 6228/1/7 6222/1/7
f 6223/1/7 6226/1/7 6224/1/7 6230/1/7 6241/1/7 6240/1/7 6229/1/7
f 6234/1/7 6235/1/7 6227/1/7 6221/1/7
f 6221/1/7 6227/1/7 6231/1/7 6225/1/7
f 6222/1/7 6228/1/7 6233/1/7 6232/1/7
f 6239/1/7 6238/1/7 6278/1/7 6277/1/7 6240/1/7 6241/1/7 6280/1/7 6279/1/7
f 6236/1/7 6233/1/7 6239/1/7
f 6235/1/7 6237/1/7 6238/1/7
f 6238/1/7 6239/1/7 6233/1/7 6235/1/7
f 6232/1/7 6233/1/7 6236/1/7 6282/1/7 6281/1/7 6230/1/7 6224/1/7
f 6223/1/7 6229/1/7 6275/1/7 6276/1/7 6237/1/7 6235/1/7 6234/1/7
f 6225/1/291 6242/1/291 6244/1/291 6221/1/291
f 6222/1/290 6243/1/290 6242/1/290 6225/1/290
f 6248/1/1 6249/1/1 6259/1/1 6258/1/1
f 6253/1/1 6256/1/1 6264/1/1 6263/1/1 6262/1/1 6255/1/1 6252/1/1
f 6249/1/408 6273/1/408 6310/1/408 6307/1/408
f 6245/1/409 6246/1/409 6257/1/409 6270/1/409
f 6250/1/1 6251/1/1 6261/1/1 6260/1/1
f 6251/1/1 6248/1/1 6258/1/1 6261/1/1
f 6249/1/1 6254/1/1 6265/1/1 6259/1/1
f 6267/1/1 6269/1/1 6265/1/1
f 6260/1/1 6268/1/1 6266/1/1
f 6268/1/1 6260/1/1 6265/1/1 6269/1/1
f 6254/1/1 6255/1/1 6262/1/1 6267/1/1 6265/1/1
f 6253/1/1 6250/1/1 6260/1/1 6266/1/1 6256/1/1
f 6271/1/1 6270/1/1 6272/1/1 6274/1/1
f 6270/1/1 6257/1/1 6273/1/1 6272/1/1
f 6247/1/410 6245/1/410 6270/1/410 6271/1/410
f 6274/1/411 6251/1/411 6302/1/411 6304/1/411
f 6248/1/297 6251/1/297 6274/1/297 6272/1/297
f 6249/1/296 6248/1/296 6272/1/296 6273/1/296
f 6232/1/412 6224/1/412 6255/1/412 6254/1/412
f 6227/1/301 6235/1/301 6260/1/301 6261/1/301
f 6222/1/301 6232/1/301 6254/1/301 6249/1/301
f 6241/1/3 6230/1/3 6262/1/3 6263/1/3
f 6240/1/299 6277/1/299 6278/1/299 6238/1/299 6268/1/299 6264/1/299
f 6233/1/299 6228/1/299 6259/1/299 6265/1/299
f 6230/1/299 6281/1/299 6282/1/299 6236/1/299 6267/1/299 6262/1/299
f 6220/1/413 6219/1/413 6246/1/413 6245/1/413
f 6231/1/414 6227/1/414 6261/1/414 6258/1/414
f 6239/1/301 6279/1/301 6280/1/301 6241/1/301 6263/1/301 6269/1/301
f 6237/1/300 6276/1/300 6275/1/300 6229/1/300 6256/1/300 6266/1/300
f 6218/1/415 6220/1/415 6245/1/415 6247/1/415
f 6229/1/416 6240/1/416 6264/1/416 6256/1/416
f 6246/1/442 6219/1/442 6306/1/442 6308/1/442
f 6223/1/418 6234/1/418 6250/1/418 6253/1/418
f 6236/1/419 6239/1/419 6269/1/419 6267/1/419
f 6251/1/433 6221/1/433 6300/1/433 6302/1/433
f 6234/1/299 6221/1/299 6251/1/299 6250/1/299
f 6238/1/419 6237/1/419 6266/1/419 6268/1/419
f 6228/1/421 6231/1/421 6258/1/421 6259/1/421
f 6231/1/1 6228/1/1 6233/1/1 6235/1/1 6227/1/1
f 6276/1/7 6283/1/7 6284/1/7 6278/1/7
f 6282/1/7 6279/1/7 6285/1/7 6286/1/7
f 6288/1/26 6290/1/26 6294/1/26 6292/1/26
f 6282/1/26 6286/1/26 6290/1/26 6288/1/26
f 6279/1/26 6282/1/26 6288/1/26 6287/1/26
f 6285/1/26 6279/1/26 6287/1/26 6289/1/26
f 6286/1/26 6285/1/26 6289/1/26 6290/1/26
f 6292/1/1 6294/1/1 6293/1/1 6291/1/1
f 6287/1/31 6288/1/31 6292/1/31 6291/1/31
f 6289/1/21 6287/1/21 6291/1/21 6293/1/21
f 6290/1/35 6289/1/35 6293/1/35 6294/1/35
f 6295/1/1 6296/1/1 6298/1/1 6297/1/1
f 6276/1/422 6278/1/422 6296/1/422 6295/1/422
f 6283/1/21 6276/1/21 6295/1/21 6297/1/21
f 6284/1/423 6283/1/423 6297/1/423 6298/1/423
f 6278/1/26 6284/1/26 6298/1/26 6296/1/26
f 6281/1/1 6230/1/1 6241/1/1 6289/1/1 6290/1/1
f 6239/1/1 6236/1/1 6288/1/1 6287/1/1
f 6278/1/1 6276/1/1 6237/1/1 6238/1/1
f 6229/1/1 6275/1/1 6283/1/1 6284/1/1 6277/1/1 6240/1/1
f 6221/1/424 6218/1/424 6299/1/424 6300/1/424
f 6218/1/471 6247/1/471 6301/1/471 6299/1/471
f 6247/1/426 6271/1/426 6303/1/426 6301/1/426
f 6271/1/427 6274/1/427 6304/1/427 6303/1/427
f 6273/1/428 6257/1/428 6309/1/428 6310/1/428
f 6219/1/429 6222/1/429 6305/1/429 6306/1/429
f 6222/1/435 6249/1/435 6307/1/435 6305/1/435
f 6257/1/431 6246/1/431 6308/1/431 6309/1/431
f 6220/1/7 6225/1/7 6222/1/7 6219/1/7
f 6218/1/7 6221/1/7 6225/1/7 6220/1/7
f 6335/1/7 6336/1/7 6363/1/7 6362/1/7
f 6316/1/7 6315/1/7 6317/1/7
f 6315/1/7 6312/1/7 6318/1/7 6317/1/7
f 6312/1/7 6314/1/7 6319/1/7 6318/1/7
f 6314/1/7 6313/1/7 6320/1/7 6319/1/7
f 6320/1/7 6313/1/7 6321/1/7
f 6313/1/7 6311/1/7 6322/1/7 6321/1/7
f 6323/1/7 6322/1/7 6311/1/7 6337/1/7
f 6323/1/7 6337/1/7 6324/1/7
f 6325/1/7 6324/1/7 6337/1/7 6336/1/7
f 6325/1/7 6336/1/7 6326/1/7
f 6326/1/7 6336/1/7 6327/1/7
f 6328/1/7 6327/1/7 6329/1/7
f 6329/1/7 6327/1/7 6330/1/7
f 6330/1/7 6327/1/7 6331/1/7
f 6327/1/7 6336/1/7 6331/1/7
f 6331/1/7 6336/1/7 6332/1/7
f 6332/1/7 6336/1/7 6333/1/7
f 6334/1/7 6333/1/7 6336/1/7 6335/1/7
f 6362/1/7 6363/1/7 6361/1/7
f 6360/1/7 6361/1/7 6363/1/7
f 6359/1/7 6360/1/7 6363/1/7
f 6358/1/7 6359/1/7 6363/1/7
f 6355/1/7 6356/1/7 6354/1/7
f 6356/1/7 6357/1/7 6354/1/7
f 6357/1/7 6358/1/7 6354/1/7
f 6363/1/7 6354/1/7 6358/1/7
f 6354/1/7 6363/1/7 6353/1/7
f 6352/1/7 6353/1/7 6363/1/7
f 6352/1/7 6363/1/7 6364/1/7 6351/1/7
f 6350/1/7 6351/1/7 6364/1/7
f 6350/1/7 6364/1/7 6338/1/7 6349/1/7
f 6340/1/7 6348/1/7 6349/1/7 6338/1/7
f 6348/1/7 6340/1/7 6347/1/7
f 6341/1/7 6346/1/7 6347/1/7 6340/1/7
f 6339/1/7 6345/1/7 6346/1/7 6341/1/7
f 6342/1/7 6344/1/7 6345/1/7 6339/1/7
f 6343/1/7 6344/1/7 6342/1/7
f 6389/1/1 6416/1/1 6417/1/1 6390/1/1
f 6370/1/1 6371/1/1 6369/1/1
f 6369/1/1 6371/1/1 6372/1/1 6366/1/1
f 6366/1/1 6372/1/1 6373/1/1 6368/1/1
f 6368/1/1 6373/1/1 6374/1/1 6367/1/1
f 6374/1/1 6375/1/1 6367/1/1
f 6367/1/1 6375/1/1 6376/1/1 6365/1/1
f 6377/1/1 6391/1/1 6365/1/1 6376/1/1
f 6377/1/1 6378/1/1 6391/1/1
f 6379/1/1 6390/1/1 6391/1/1 6378/1/1
f 6379/1/1 6380/1/1 6390/1/1
f 6380/1/1 6381/1/1 6390/1/1
f 6382/1/1 6383/1/1 6381/1/1
f 6383/1/1 6384/1/1 6381/1/1
f 6384/1/1 6385/1/1 6381/1/1
f 6381/1/1 6385/1/1 6390/1/1
f 6385/1/1 6386/1/1 6390/1/1
f 6386/1/1 6387/1/1 6390/1/1
f 6388/1/1 6389/1/1 6390/1/1 6387/1/1
f 6416/1/1 6415/1/1 6417/1/1
f 6414/1/1 6417/1/1 6415/1/1
f 6413/1/1 6417/1/1 6414/1/1
f 6412/1/1 6417/1/1 6413/1/1
f 6409/1/1 6408/1/1 6410/1/1
f 6410/1/1 6408/1/1 6411/1/1
f 6411/1/1 6408/1/1 6412/1/1
f 6417/1/1 6412/1/1 6408/1/1
f 6408/1/1 6407/1/1 6417/1/1
f 6406/1/1 6417/1/1 6407/1/1
f 6406/1/1 6405/1/1 6418/1/1 6417/1/1
f 6404/1/1 6418/1/1 6405/1/1
f 6404/1/1 6403/1/1 6392/1/1 6418/1/1
f 6394/1/1 6392/1/1 6403/1/1 6402/1/1
f 6402/1/1 6401/1/1 6394/1/1
f 6395/1/1 6394/1/1 6401/1/1 6400/1/1
f 6393/1/1 6395/1/1 6400/1/1 6399/1/1
f 6396/1/1 6393/1/1 6399/1/1 6398/1/1
f 6397/1/1 6396/1/1 6398/1/1
f 6344/1/207 6343/1/207 6397/1/207 6398/1/207
f 6317/1/165 6318/1/165 6372/1/165 6371/1/165
f 6345/1/164 6344/1/164 6398/1/164 6399/1/164
f 6318/1/167 6319/1/167 6373/1/167 6372/1/167
f 6346/1/212 6345/1/212 6399/1/212 6400/1/212
f 6319/1/169 6320/1/169 6374/1/169 6373/1/169
f 6347/1/168 6346/1/168 6400/1/168 6401/1/168
f 6320/1/329 6321/1/329 6375/1/329 6374/1/329
f 6348/1/323 6347/1/323 6401/1/323 6402/1/323
f 6321/1/214 6322/1/214 6376/1/214 6375/1/214
f 6349/1/172 6348/1/172 6402/1/172 6403/1/172
f 6322/1/175 6323/1/175 6377/1/175 6376/1/175
f 6350/1/174 6349/1/174 6403/1/174 6404/1/174
f 6323/1/286 6324/1/286 6378/1/286 6377/1/286
f 6351/1/285 6350/1/285 6404/1/285 6405/1/285
f 6324/1/179 6325/1/179 6379/1/179 6378/1/179
f 6352/1/178 6351/1/178 6405/1/178 6406/1/178
f 6325/1/275 6326/1/275 6380/1/275 6379/1/275
f 6353/1/180 6352/1/180 6406/1/180 6407/1/180
f 6326/1/183 6327/1/183 6381/1/183 6380/1/183
f 6354/1/216 6353/1/216 6407/1/216 6408/1/216
f 6327/1/185 6328/1/185 6382/1/185 6381/1/185
f 6355/1/184 6354/1/184 6408/1/184 6409/1/184
f 6328/1/187 6329/1/187 6383/1/187 6382/1/187
f 6356/1/186 6355/1/186 6409/1/186 6410/1/186
f 6329/1/339 6330/1/339 6384/1/339 6383/1/339
f 6357/1/277 6356/1/277 6410/1/277 6411/1/277
f 6330/1/217 6331/1/217 6385/1/217 6384/1/217
f 6358/1/324 6357/1/324 6411/1/324 6412/1/324
f 6331/1/193 6332/1/193 6386/1/193 6385/1/193
f 6359/1/218 6358/1/218 6412/1/218 6413/1/218
f 6332/1/195 6333/1/195 6387/1/195 6386/1/195
f 6360/1/194 6359/1/194 6413/1/194 6414/1/194
f 6333/1/219 6334/1/219 6388/1/219 6387/1/219
f 6361/1/196 6360/1/196 6414/1/196 6415/1/196
f 6334/1/288 6335/1/288 6389/1/288 6388/1/288
f 6362/1/287 6361/1/287 6415/1/287 6416/1/287
f 6364/1/7 6363/1/7 6421/1/7 6422/1/7
f 6363/1/7 6336/1/7 6419/1/7 6421/1/7
f 6337/1/26 6311/1/26 6365/1/26 6391/1/26
f 6311/1/26 6313/1/26 6367/1/26 6365/1/26
f 6338/1/21 6364/1/21 6418/1/21 6392/1/21
f 6340/1/21 6338/1/21 6392/1/21 6394/1/21
f 6312/1/16 6315/1/16 6369/1/16 6366/1/16
f 6337/1/209 6391/1/209 6424/1/209 6420/1/209
f 6342/1/13 6339/1/13 6393/1/13 6396/1/13
f 6314/1/202 6312/1/202 6366/1/202 6368/1/202
f 6335/1/35 6362/1/35 6416/1/35 6389/1/35
f 6339/1/201 6341/1/201 6395/1/201 6393/1/201
f 6313/1/204 6314/1/204 6368/1/204 6367/1/204
f 6341/1/203 6340/1/203 6394/1/203 6395/1/203
f 6315/1/206 6316/1/206 6370/1/206 6369/1/206
f 6343/1/205 6342/1/205 6396/1/205 6397/1/205
f 6316/1/163 6317/1/163 6371/1/163 6370/1/163
f 6419/1/31 6420/1/31 6424/1/31 6423/1/31
f 6422/1/31 6421/1/31 6425/1/31 6426/1/31
f 6421/1/31 6419/1/31 6423/1/31 6425/1/31
f 6391/1/382 6390/1/382 6423/1/382 6424/1/382
f 6418/1/200 6364/1/200 6422/1/200 6426/1/200
f 6390/1/382 6417/1/382 6425/1/382 6423/1/382
f 6417/1/382 6418/1/382 6426/1/382 6425/1/382
f 6336/1/7 6337/1/7 6420/1/7 6419/1/7
f 6434/1/7 6440/1/7 6437/1/7 6431/1/7
f 6432/1/7 6435/1/7 6433/1/7 6439/1/7 6450/1/7 6449/1/7 6438/1/7
f 6443/1/7 6444/1/7 6436/1/7 6430/1/7
f 6430/1/7 6436/1/7 6440/1/7 6434/1/7
f 6431/1/7 6437/1/7 6442/1/7 6441/1/7
f 6448/1/7 6447/1/7 6487/1/7 6486/1/7 6449/1/7 6450/1/7 6489/1/7 6488/1/7
f 6445/1/7 6442/1/7 6448/1/7
f 6444/1/7 6446/1/7 6447/1/7
f 6447/1/7 6448/1/7 6442/1/7 6444/1/7
f 6441/1/7 6442/1/7 6445/1/7 6491/1/7 6490/1/7 6439/1/7 6433/1/7
f 6432/1/7 6438/1/7 6484/1/7 6485/1/7 6446/1/7 6444/1/7 6443/1/7
f 6434/1/291 6451/1/291 6453/1/291 6430/1/291
f 6431/1/290 6452/1/290 6451/1/290 6434/1/290
f 6457/1/1 6458/1/1 6468/1/1 6467/1/1
f 6462/1/1 6465/1/1 6473/1/1 6472/1/1 6471/1/1 6464/1/1 6461/1/1
f 6458/1/408 6482/1/408 6519/1/408 6516/1/408
f 6454/1/409 6455/1/409 6466/1/409 6479/1/409
f 6459/1/1 6460/1/1 6470/1/1 6469/1/1
f 6460/1/1 6457/1/1 6467/1/1 6470/1/1
f 6458/1/1 6463/1/1 6474/1/1 6468/1/1
f 6476/1/1 6478/1/1 6474/1/1
f 6469/1/1 6477/1/1 6475/1/1
f 6477/1/1 6469/1/1 6474/1/1 6478/1/1
f 6463/1/1 6464/1/1 6471/1/1 6476/1/1 6474/1/1
f 6462/1/1 6459/1/1 6469/1/1 6475/1/1 6465/1/1
f 6480/1/1 6479/1/1 6481/1/1 6483/1/1
f 6479/1/1 6466/1/1 6482/1/1 6481/1/1
f 6456/1/410 6454/1/410 6479/1/410 6480/1/410
f 6483/1/411 6460/1/411 6511/1/411 6513/1/411
f 6457/1/297 6460/1/297 6483/1/297 6481/1/297
f 6458/1/296 6457/1/296 6481/1/296 6482/1/296
f 6441/1/412 6433/1/412 6464/1/412 6463/1/412
f 6436/1/300 6444/1/300 6469/1/300 6470/1/300
f 6431/1/300 6441/1/300 6463/1/300 6458/1/300
f 6450/1/3 6439/1/3 6471/1/3 6472/1/3
f 6449/1/304 6486/1/304 6487/1/304 6447/1/304 6477/1/304 6473/1/304
f 6442/1/299 6437/1/299 6468/1/299 6474/1/299
f 6439/1/299 6490/1/299 6491/1/299 6445/1/299 6476/1/299 6471/1/299
f 6429/1/413 6428/1/413 6455/1/413 6454/1/413
f 6440/1/414 6436/1/414 6470/1/414 6467/1/414
f 6448/1/301 6488/1/301 6489/1/301 6450/1/301 6472/1/301 6478/1/301
f 6446/1/300 6485/1/300 6484/1/300 6438/1/300 6465/1/300 6475/1/300
f 6427/1/415 6429/1/415 6454/1/415 6456/1/415
f 6438/1/416 6449/1/416 6473/1/416 6465/1/416
f 6455/1/436 6428/1/436 6515/1/436 6517/1/436
f 6432/1/418 6443/1/418 6459/1/418 6462/1/418
f 6445/1/419 6448/1/419 6478/1/419 6476/1/419
f 6460/1/420 6430/1/420 6509/1/420 6511/1/420
f 6443/1/299 6430/1/299 6460/1/299 6459/1/299
f 6447/1/419 6446/1/419 6475/1/419 6477/1/419
f 6437/1/421 6440/1/421 6467/1/421 6468/1/421
f 6440/1/1 6437/1/1 6442/1/1 6444/1/1 6436/1/1
f 6485/1/7 6492/1/7 6493/1/7 6487/1/7
f 6491/1/7 6488/1/7 6494/1/7 6495/1/7
f 6497/1/26 6499/1/26 6503/1/26 6501/1/26
f 6491/1/26 6495/1/26 6499/1/26 6497/1/26
f 6488/1/26 6491/1/26 6497/1/26 6496/1/26
f 6494/1/26 6488/1/26 6496/1/26 6498/1/26
f 6495/1/26 6494/1/26 6498/1/26 6499/1/26
f 6501/1/1 6503/1/1 6502/1/1 6500/1/1
f 6496/1/31 6497/1/31 6501/1/31 6500/1/31
f 6498/1/21 6496/1/21 6500/1/21 6502/1/21
f 6499/1/35 6498/1/35 6502/1/35 6503/1/35
f 6504/1/1 6505/1/1 6507/1/1 6506/1/1
f 6485/1/422 6487/1/422 6505/1/422 6504/1/422
f 6492/1/21 6485/1/21 6504/1/21 6506/1/21
f 6493/1/423 6492/1/423 6506/1/423 6507/1/423
f 6487/1/26 6493/1/26 6507/1/26 6505/1/26
f 6490/1/1 6439/1/1 6450/1/1 6498/1/1 6499/1/1
f 6448/1/1 6445/1/1 6497/1/1 6496/1/1
f 6487/1/1 6485/1/1 6446/1/1 6447/1/1
f 6438/1/1 6484/1/1 6492/1/1 6493/1/1 6486/1/1 6449/1/1
f 6430/1/424 6427/1/424 6508/1/424 6509/1/424
f 6427/1/425 6456/1/425 6510/1/425 6508/1/425
f 6456/1/426 6480/1/426 6512/1/426 6510/1/426
f 6480/1/427 6483/1/427 6513/1/427 6512/1/427
f 6482/1/428 6466/1/428 6518/1/428 6519/1/428
f 6428/1/429 6431/1/429 6514/1/429 6515/1/429
f 6431/1/472 6458/1/472 6516/1/472 6514/1/472
f 6466/1/431 6455/1/431 6517/1/431 6518/1/431
f 6429/1/7 6434/1/7 6431/1/7 6428/1/7
f 6427/1/7 6430/1/7 6434/1/7 6429/1/7
f 6772/1/1 6550/1/1 6523/1/1 6771/1/1
f 6726/1/26 6547/1/26 6520/1/26 6722/1/26
f 6829/1/26 6522/1/26 6544/1/26 6831/1/26
f 6768/1/473 6521/1/473 6555/1/473 6774/1/473
f 6548/1/474 7155/1/474 7159/1/474 7151/1/474
f 7575/1/7 6540/1/7 6552/1/7 7576/1/7
f 6772/1/475 6549/1/475 6565/1/475 6778/1/475
f 6830/1/26 6526/1/26 6562/1/26 6833/1/26
f 6770/1/476 6524/1/476 6563/1/476 6777/1/476
f 7018/1/21 6820/1/21 6825/1/21 7123/1/21
f 6784/1/31 6775/1/31 6557/1/31 6701/1/31
f 6696/1/477 6524/1/477 6558/1/477 6700/1/477
f 6712/1/478 6522/1/478 6556/1/478 6714/1/478
f 6770/1/479 6526/1/479 6557/1/479 6775/1/479
f 6946/1/7 6936/1/7 6951/1/7 6952/1/7
f 6815/1/45 6787/1/45 6797/1/45 6818/1/45
f 6814/1/7 6802/1/7 6564/1/7 6779/1/7
f 6768/1/480 6522/1/480 6561/1/480 6776/1/480
f 6709/1/481 6521/1/481 6560/1/481 6715/1/481
f 6773/1/482 6547/1/482 6559/1/482 6779/1/482
f 6799/1/26 6548/1/26 6564/1/26 6802/1/26
f 6690/1/483 6550/1/483 6566/1/483 6691/1/483
f 7574/1/7 6567/1/7 6570/1/7 7573/1/7
f 6689/1/484 6545/1/484 6575/1/484 6692/1/484
f 7055/1/485 7077/1/485 6569/1/485 7038/1/485 7028/1/485 7067/1/485 6823/1/485 7039/1/485 7109/1/485 7110/1/485 6546/1/485 7085/1/485
f 6568/1/7 6543/1/7 6544/1/7
f 6711/1/486 6543/1/486 6572/1/486 6716/1/486
f 6706/1/31 6704/1/31 6580/1/31 6583/1/31
f 7059/1/487 6575/1/487 6545/1/487 7067/1/487
f 7045/1/488 7040/1/488 6580/1/488 6704/1/488
f 6575/1/1 6579/1/1 6588/1/1 6586/1/1
f 7091/1/489 7086/1/489 6581/1/489 6705/1/489
f 6581/1/1 6571/1/1 6589/1/1 6591/1/1
f 6569/1/490 6576/1/490 6573/1/490
f 7085/1/491 6546/1/491 6571/1/491 7094/1/491
f 7086/1/1 7094/1/1 6571/1/1 6581/1/1
f 7040/1/1 7054/1/1 6573/1/1 6580/1/1
f 6583/1/1 6580/1/1 6573/1/1 6576/1/1
f 6632/1/484 6678/1/484 7295/1/484 7288/1/484
f 6729/1/488 6578/1/488 6587/1/488 6731/1/488
f 6692/1/484 6575/1/484 6586/1/484 6694/1/484
f 6578/1/7 6574/1/7 6585/1/7 6587/1/7
f 6720/1/492 6590/1/492 6592/1/492 6721/1/492
f 6716/1/486 6572/1/486 6590/1/486 6720/1/486
f 6572/1/7 6582/1/7 6592/1/7 6590/1/7
f 6705/1/489 6581/1/489 6591/1/489 6708/1/489
f 6718/1/489 6629/1/489 6639/1/489 6721/1/489
f 6674/1/489 6628/1/489 6638/1/489 6684/1/489
f 6703/1/486 6620/1/486 6636/1/486 6707/1/486
f 6667/1/486 6621/1/486 6637/1/486 6683/1/486
f 6637/1/486 6720/1/486 7279/1/486 7270/1/486
f 6589/1/486 6707/1/486 7267/1/486 7266/1/486
f 6728/1/484 6622/1/484 6632/1/484 6730/1/484
f 6669/1/484 6623/1/484 6633/1/484 6679/1/484
f 6693/1/488 6625/1/488 6635/1/488 6695/1/488
f 6670/1/488 6624/1/488 6634/1/488 6680/1/488
f 6678/1/484 7209/1/484 7296/1/484 7295/1/484
f 6588/1/488 6695/1/488 7283/1/488 7284/1/488
f 7092/1/489 7087/1/489 6629/1/489 6718/1/489
f 7090/1/489 7088/1/489 6628/1/489 6674/1/489
f 7046/1/488 7041/1/488 6627/1/488 6717/1/488
f 7044/1/488 7042/1/488 6626/1/488 6672/1/488
f 6719/1/31 6717/1/31 6627/1/31 6631/1/31
f 6676/1/31 6672/1/31 6626/1/31 6630/1/31
f 6698/1/486 6606/1/486 6620/1/486 6703/1/486
f 6653/1/486 6607/1/486 6621/1/486 6667/1/486
f 6725/1/484 6604/1/484 6622/1/484 6728/1/484
f 6651/1/484 6605/1/484 6623/1/484 6669/1/484
f 6726/1/483 6610/1/483 6618/1/483 6727/1/483
f 6657/1/483 6611/1/483 6619/1/483 6665/1/483
f 6696/1/481 6594/1/481 6616/1/481 6702/1/481
f 6641/1/481 6595/1/481 6617/1/481 6663/1/481
f 6808/1/26 6804/1/26 6619/1/26 6691/1/26
f 6872/1/1 6750/1/1 6764/1/1 6879/1/1
f 6699/1/478 6608/1/478 6614/1/478 6701/1/478
f 6655/1/478 6609/1/478 6615/1/478 6661/1/478
f 6709/1/477 6595/1/477 6613/1/477 6713/1/477
f 6640/1/477 6594/1/477 6612/1/477 6658/1/477
f 6785/1/31 6780/1/31 6615/1/31 6714/1/31
f 6783/1/31 6781/1/31 6614/1/31 6660/1/31
f 6598/1/493 6697/1/493 7323/1/493 7324/1/493
f 6725/1/26 6712/1/26 6609/1/26 6604/1/26
f 6651/1/26 6654/1/26 6608/1/26 6605/1/26
f 7179/1/31 7178/1/31 7168/1/31 7167/1/31
f 6690/1/26 6611/1/26 6597/1/26 6686/1/26
f 6656/1/26 6610/1/26 6596/1/26 6642/1/26
f 6611/1/26 6657/1/26 6643/1/26 6597/1/26
f 7198/1/26 6656/1/26 6642/1/26 7191/1/26
f 7177/1/35 7176/1/35 7171/1/35 7173/1/35
f 7174/1/35 7175/1/35 7169/1/35 7170/1/35
f 6604/1/26 6609/1/26 6655/1/26 6650/1/26
f 7195/1/26 7197/1/26 6654/1/26 6651/1/26
f 6598/1/31 6601/1/31 6647/1/31 6644/1/31
f 7229/1/21 7172/1/21 7186/1/21 7232/1/21
f 6780/1/31 6782/1/31 6661/1/31 6615/1/31
f 7215/1/31 6783/1/31 6660/1/31 7200/1/31
f 6595/1/477 6641/1/477 6659/1/477 6613/1/477
f 7190/1/477 6640/1/477 6658/1/477 7199/1/477
f 6608/1/478 6654/1/478 6660/1/478 6614/1/478
f 7197/1/478 6655/1/478 6661/1/478 7200/1/478
f 6806/1/7 6665/1/7 6756/1/7 6812/1/7
f 7216/1/26 6807/1/26 6664/1/26 7202/1/26
f 6594/1/481 6640/1/481 6662/1/481 6616/1/481
f 7190/1/481 6641/1/481 6663/1/481 7201/1/481
f 6610/1/483 6656/1/483 6664/1/483 6618/1/483
f 7198/1/483 6657/1/483 6665/1/483 7202/1/483
f 6604/1/484 6650/1/484 6668/1/484 6622/1/484
f 7195/1/484 6651/1/484 6669/1/484 7204/1/484
f 6606/1/486 6652/1/486 6666/1/486 6620/1/486
f 7196/1/486 6653/1/486 6667/1/486 7203/1/486
f 6631/1/31 6627/1/31 6673/1/31 6677/1/31
f 7208/1/31 7206/1/31 6672/1/31 6676/1/31
f 7041/1/488 7043/1/488 6673/1/488 6627/1/488
f 7222/1/488 7044/1/488 6672/1/488 7206/1/488
f 7087/1/489 7089/1/489 6675/1/489 6629/1/489
f 7226/1/489 7090/1/489 6674/1/489 7207/1/489
f 6695/1/488 6635/1/488 7294/1/488 7283/1/488
f 6679/1/484 6633/1/484 7290/1/484 7289/1/484
f 6625/1/488 6671/1/488 6681/1/488 6635/1/488
f 7205/1/488 6670/1/488 6680/1/488 7210/1/488
f 6622/1/484 6668/1/484 6678/1/484 6632/1/484
f 7204/1/484 6669/1/484 6679/1/484 7209/1/484
f 6638/1/489 6708/1/489 7271/1/489 7272/1/489
f 6636/1/486 6682/1/486 7275/1/486 7268/1/486
f 6620/1/486 6666/1/486 6682/1/486 6636/1/486
f 7203/1/486 6667/1/486 6683/1/486 7211/1/486
f 6629/1/489 6675/1/489 6685/1/489 6639/1/489
f 7207/1/489 6674/1/489 6684/1/489 7212/1/489
f 6550/1/26 6690/1/26 6686/1/26 6523/1/26
f 6526/1/478 6699/1/478 6701/1/478 6557/1/478
f 6749/1/31 6754/1/31 6795/1/31 6794/1/31
f 6524/1/481 6696/1/481 6702/1/481 6563/1/481
f 6546/1/486 6698/1/486 6703/1/486 6571/1/486
f 6579/1/488 6693/1/488 6695/1/488 6588/1/488
f 6720/1/7 6721/1/7 7280/1/7 7279/1/7
f 6571/1/486 6703/1/486 6707/1/486 6589/1/486
f 6628/1/489 6705/1/489 6708/1/489 6638/1/489
f 6623/1/484 6692/1/484 6694/1/484 6633/1/484
f 6694/1/484 6586/1/484 7282/1/484 7281/1/484
f 7088/1/489 7091/1/489 6705/1/489 6628/1/489
f 7042/1/488 7045/1/488 6704/1/488 6626/1/488
f 6630/1/31 6626/1/31 6704/1/31 6706/1/31
f 6605/1/484 6689/1/484 6692/1/484 6623/1/484
f 6611/1/483 6690/1/483 6691/1/483 6619/1/483
f 6594/1/477 6696/1/477 6700/1/477 6612/1/477
f 6781/1/31 6784/1/31 6701/1/31 6614/1/31
f 7166/1/7 6535/1/7 7160/1/7 7165/1/7
f 6544/1/26 6522/1/26 6712/1/26 6725/1/26
f 6774/1/31 6785/1/31 6714/1/31 6556/1/31
f 6521/1/477 6709/1/477 6713/1/477 6555/1/477
f 6547/1/483 6726/1/483 6727/1/483 6559/1/483
f 6544/1/484 6725/1/484 6728/1/484 6574/1/484
f 6584/1/31 6577/1/31 6717/1/31 6719/1/31
f 7053/1/488 7046/1/488 6717/1/488 6577/1/488
f 7093/1/489 7092/1/489 6718/1/489 6582/1/489
f 6633/1/484 6694/1/484 7281/1/484 7290/1/484
f 6574/1/484 6728/1/484 6730/1/484 6585/1/484
f 6582/1/489 6718/1/489 6721/1/489 6592/1/489
f 6621/1/486 6716/1/486 6720/1/486 6637/1/486
f 6683/1/486 6637/1/486 7270/1/486 7269/1/486
f 6624/1/488 6729/1/488 6731/1/488 6634/1/488
f 6607/1/486 6711/1/486 6716/1/486 6621/1/486
f 6595/1/481 6709/1/481 6715/1/481 6617/1/481
f 6805/1/26 6809/1/26 6727/1/26 6618/1/26
f 6609/1/478 6712/1/478 6714/1/478 6615/1/478
f 6529/1/26 6710/1/26 7336/1/26 7337/1/26
f 6610/1/26 6726/1/26 6722/1/26 6596/1/26
f 6741/1/1 6876/1/1 7147/1/1 7148/1/1
f 6792/1/494 6691/1/494 6957/1/494 6960/1/494
f 6872/1/7 6737/1/7 7140/1/7 7139/1/7
f 6760/1/7 6618/1/7 6963/1/7 6967/1/7
f 6875/1/1 6753/1/1 6767/1/1 6882/1/1
f 6875/1/7 6740/1/7 7146/1/7 7145/1/7
f 6867/1/31 6869/1/31 7583/1/31 7581/1/31
f 6870/1/21 6735/1/21 7578/1/21 7577/1/21
f 6808/1/7 6691/1/7 6792/1/7 6817/1/7
f 6786/1/21 6814/1/21 6941/1/21 6939/1/21
f 6549/1/495 6800/1/495 6565/1/495
f 6799/1/26 6732/1/26 6734/1/26 6801/1/26
f 6754/1/35 6749/1/35 6844/1/35 6854/1/35
f 6788/1/35 6748/1/35 6860/1/35 6863/1/35
f 6832/1/21 6747/1/21 7488/1/21 7487/1/21
f 6747/1/1 6832/1/1 7485/1/1 7486/1/1
f 6834/1/31 6843/1/31 6865/1/31 6861/1/31
f 6839/1/31 6835/1/31 6845/1/31 6853/1/31
f 6743/1/35 6755/1/35 6856/1/35 6857/1/35
f 7214/1/35 6752/1/35 6850/1/35 7218/1/35
f 6838/1/31 6836/1/31 6847/1/31 6851/1/31
f 6752/1/35 6750/1/35 6846/1/35 6850/1/35
f 6868/1/26 6745/1/26 6748/1/26 6871/1/26
f 6867/1/26 6744/1/26 6746/1/26 6869/1/26
f 6813/1/26 6811/1/26 6760/1/26 6761/1/26
f 6810/1/26 6812/1/26 6756/1/26 6757/1/26
f 6879/1/26 6881/1/26 6762/1/26 6758/1/26
f 6882/1/26 6880/1/26 6759/1/26 6763/1/26
f 6757/1/26 6756/1/26 6965/1/26 6966/1/26
f 6805/1/7 6618/1/7 6760/1/7 6811/1/7
f 6753/1/31 6751/1/31 6765/1/31 6767/1/31
f 6807/1/1 6740/1/1 6763/1/1 6813/1/1
f 6873/1/7 6738/1/7 6759/1/7 6880/1/7
f 6750/1/31 6752/1/31 6766/1/31 6764/1/31
f 6874/1/7 6739/1/7 6762/1/7 6881/1/7
f 6804/1/1 6737/1/1 6758/1/1 6810/1/1
f 6828/1/35 6903/1/35 6915/1/35 6907/1/35
f 6748/1/21 6833/1/21 6859/1/21 6860/1/21
f 6787/1/35 6736/1/35 6889/1/35 6890/1/35
f 6814/1/21 6779/1/21 6935/1/21 6941/1/21
f 6555/1/31 6713/1/31 6785/1/31 6774/1/31
f 6612/1/31 6700/1/31 6784/1/31 6781/1/31
f 7199/1/31 6658/1/31 6783/1/31 7215/1/31
f 6613/1/31 6659/1/31 6782/1/31 6780/1/31
f 6658/1/31 6612/1/31 6781/1/31 6783/1/31
f 6713/1/31 6613/1/31 6780/1/31 6785/1/31
f 6521/1/480 6768/1/480 6776/1/480 6560/1/480
f 6928/1/26 6927/1/26 6953/1/26 6954/1/26
f 6803/1/1 6815/1/1 6778/1/1 6565/1/1
f 6524/1/479 6770/1/479 6775/1/479 6558/1/479
f 6700/1/31 6558/1/31 6775/1/31 6784/1/31
f 6526/1/476 6770/1/476 6777/1/476 6562/1/476
f 6550/1/496 6772/1/496 6778/1/496 6566/1/496
f 6522/1/473 6768/1/473 6774/1/473 6556/1/473
f 6549/1/497 6772/1/497 6771/1/497 6525/1/497
f 6547/1/7 6773/1/7 6769/1/7 6520/1/7
f 6818/1/1 6816/1/1 6791/1/1 6796/1/1
f 6816/1/498 6817/1/498 6792/1/498 6791/1/498
f 6885/1/499 6886/1/499 6793/1/499 6790/1/499
f 6887/1/1 6885/1/1 6790/1/1 6797/1/1
f 6883/1/45 6788/1/45 6798/1/45 6887/1/45
f 6566/1/7 6778/1/7 6958/1/7 6956/1/7
f 6876/1/494 6741/1/494 6793/1/494 6886/1/494
f 6788/1/31 6749/1/31 6794/1/31 6798/1/31
f 6790/1/498 6793/1/498 6817/1/498 6816/1/498
f 6797/1/1 6790/1/1 6816/1/1 6818/1/1
f 6736/1/1 6787/1/1 6815/1/1 6803/1/1
f 6927/1/26 6930/1/26 6944/1/26 6946/1/26
f 6619/1/1 6804/1/1 6810/1/1 6757/1/1
f 6664/1/1 6807/1/1 6813/1/1 6761/1/1
f 6738/1/7 6805/1/7 6811/1/7 6759/1/7
f 6758/1/26 6762/1/26 6812/1/26 6810/1/26
f 6763/1/26 6759/1/26 6811/1/26 6813/1/26
f 6741/1/494 6808/1/494 6817/1/494 6793/1/494
f 6738/1/26 6742/1/26 6809/1/26 6805/1/26
f 7213/1/26 6740/1/26 6807/1/26 7216/1/26
f 6739/1/7 6806/1/7 6812/1/7 6762/1/7
f 6741/1/26 6737/1/26 6804/1/26 6808/1/26
f 6732/1/26 6799/1/26 6802/1/26 6735/1/26
f 6786/1/7 6735/1/7 6802/1/7 6814/1/7
f 6778/1/45 6815/1/45 6818/1/45 6796/1/45
f 6877/1/31 6878/1/31 6934/1/31 6932/1/31
f 7103/1/1 7022/1/1 6991/1/1 7099/1/1
f 7095/1/35 6545/1/35 6823/1/35 7097/1/35
f 6800/1/26 6824/1/26 6827/1/26 6733/1/26
f 6605/1/500 6557/1/500 6526/1/500 6830/1/500 6745/1/500 6868/1/500 6733/1/500 6827/1/500 6826/1/500 6822/1/500 6823/1/500
f 6970/1/1 6554/1/1 6593/1/1 6972/1/1
f 6562/1/1 6777/1/1 6842/1/1 6833/1/1
f 6789/1/35 6743/1/35 6910/1/35 6909/1/35
f 6617/1/26 6715/1/26 6840/1/26 6836/1/26
f 6702/1/7 6839/1/7 6900/1/7 6898/1/7
f 7201/1/26 6663/1/26 6838/1/26 7217/1/26
f 6616/1/26 6662/1/26 6837/1/26 6835/1/26
f 6663/1/26 6617/1/26 6836/1/26 6838/1/26
f 6702/1/26 6616/1/26 6835/1/26 6839/1/26
f 6522/1/26 6829/1/26 6832/1/26 6561/1/26
f 6776/1/7 6561/1/7 6832/1/7 6841/1/7
f 6842/1/21 6777/1/21 6893/1/21 6896/1/21
f 6903/1/26 6904/1/26 6916/1/26 6915/1/26
f 6745/1/26 6830/1/26 6833/1/26 6748/1/26
f 6744/1/26 6829/1/26 6831/1/26 6746/1/26
f 6855/1/26 6858/1/26 6857/1/26 6856/1/26
f 6853/1/26 6845/1/26 6846/1/26 6854/1/26
f 6851/1/26 6847/1/26 6848/1/26 6852/1/26
f 6845/1/26 6849/1/26 6850/1/26 6846/1/26
f 7219/1/26 6851/1/26 6852/1/26 7218/1/26
f 6843/1/26 6853/1/26 6854/1/26 6844/1/26
f 6847/1/26 6855/1/26 6856/1/26 6848/1/26
f 6743/1/35 6857/1/35 6913/1/35 6910/1/35
f 6755/1/35 6751/1/35 6848/1/35 6856/1/35
f 6836/1/31 6840/1/31 6855/1/31 6847/1/31
f 6834/1/31 6839/1/31 6853/1/31 6843/1/31
f 6750/1/35 6754/1/35 6854/1/35 6846/1/35
f 6840/1/31 6828/1/31 6858/1/31 6855/1/31
f 7217/1/31 6838/1/31 6851/1/31 7219/1/31
f 6751/1/35 6753/1/35 6852/1/35 6848/1/35
f 6835/1/31 6837/1/31 6849/1/31 6845/1/31
f 6864/1/1 6861/1/1 6862/1/1 6863/1/1
f 6862/1/1 6861/1/1 6865/1/1 6866/1/1
f 6859/1/1 6864/1/1 6863/1/1 6860/1/1
f 6749/1/35 6788/1/35 6863/1/35 6862/1/35
f 6833/1/31 6842/1/31 6864/1/31 6859/1/31
f 6844/1/35 6749/1/35 6862/1/35 6866/1/35
f 6843/1/26 6844/1/26 6866/1/26 6865/1/26
f 6842/1/31 6834/1/31 6861/1/31 6864/1/31
f 6754/1/494 6876/1/494 6886/1/494 6795/1/494
f 6787/1/45 6883/1/45 6887/1/45 6797/1/45
f 6798/1/1 6794/1/1 6885/1/1 6887/1/1
f 6794/1/499 6795/1/499 6886/1/499 6885/1/499
f 6743/1/31 6789/1/31 6919/1/31 6918/1/31
f 6752/1/7 6874/1/7 6881/1/7 6766/1/7
f 6751/1/7 6873/1/7 6880/1/7 6765/1/7
f 6767/1/26 6765/1/26 6880/1/26 6882/1/26
f 6764/1/26 6766/1/26 6881/1/26 6879/1/26
f 6870/1/31 6867/1/31 7581/1/31 7585/1/31
f 6733/1/1 6868/1/1 6979/1/1 6980/1/1
f 6755/1/31 6743/1/31 6922/1/31 6923/1/31
f 6789/1/7 6747/1/7 6870/1/7 6884/1/7
f 6744/1/26 6867/1/26 6870/1/26 6747/1/26
f 6754/1/26 6750/1/26 6872/1/26 6876/1/26
f 6740/1/1 6875/1/1 6882/1/1 6763/1/1
f 7214/1/26 6753/1/26 6875/1/26 7220/1/26
f 6751/1/26 6755/1/26 6877/1/26 6873/1/26
f 6737/1/1 6872/1/1 6879/1/1 6758/1/1
f 6888/1/1 6891/1/1 6890/1/1 6889/1/1
f 6883/1/26 6787/1/26 6890/1/26 6891/1/26
f 6871/1/501 6883/1/501 6891/1/501 6888/1/501
f 6736/1/21 6871/1/21 6888/1/21 6889/1/21
f 6819/1/21 6820/1/21 6531/1/21 6532/1/21
f 6525/1/26 6541/1/26 6553/1/26 6549/1/26
f 6974/1/502 6972/1/502 6593/1/502 6825/1/502
f 6893/1/1 6894/1/1 6895/1/1 6896/1/1
f 6834/1/35 6842/1/35 6896/1/35 6895/1/35
f 6563/1/31 6702/1/31 6898/1/31 6897/1/31
f 6777/1/31 6563/1/31 6894/1/31 6893/1/31
f 6897/1/26 6898/1/26 6900/1/26 6899/1/26
f 6897/1/26 6899/1/26 6902/1/26 6901/1/26
f 6894/1/31 6563/1/31 6897/1/31 6901/1/31
f 6839/1/35 6834/1/35 6899/1/35 6900/1/35
f 6895/1/1 6894/1/1 6901/1/1 6902/1/1
f 6834/1/35 6895/1/35 6902/1/35 6899/1/35
f 6905/1/26 6904/1/26 6903/1/26 6906/1/26
f 6715/1/31 6560/1/31 6904/1/31 6905/1/31
f 6840/1/1 6715/1/1 6905/1/1 6906/1/1
f 6828/1/35 6840/1/35 6906/1/35 6903/1/35
f 6907/1/7 6912/1/7 6909/1/7 6910/1/7
f 6908/1/7 6911/1/7 6912/1/7 6907/1/7
f 6908/1/7 6907/1/7 6915/1/7 6916/1/7
f 6907/1/7 6910/1/7 6913/1/7 6914/1/7
f 6857/1/26 6858/1/26 6914/1/26 6913/1/26
f 6560/1/31 6776/1/31 6911/1/31 6908/1/31
f 6904/1/31 6560/1/31 6908/1/31 6916/1/31
f 6841/1/21 6789/1/21 6909/1/21 6912/1/21
f 6858/1/31 6828/1/31 6907/1/31 6914/1/31
f 6776/1/21 6841/1/21 6912/1/21 6911/1/21
f 6918/1/7 6919/1/7 6920/1/7 6917/1/7
f 6743/1/31 6918/1/31 6926/1/31 6922/1/31
f 6884/1/35 6878/1/35 6917/1/35 6920/1/35
f 6789/1/21 6884/1/21 6920/1/21 6919/1/21
f 6923/1/26 6922/1/26 6921/1/26 6924/1/26
f 6921/1/26 6922/1/26 6926/1/26 6925/1/26
f 6878/1/35 6877/1/35 6924/1/35 6921/1/35
f 6917/1/35 6878/1/35 6921/1/35 6925/1/35
f 6877/1/1 6755/1/1 6923/1/1 6924/1/1
f 6918/1/7 6917/1/7 6925/1/7 6926/1/7
f 6929/1/26 6930/1/26 6927/1/26 6928/1/26
f 6932/1/26 6934/1/26 6931/1/26 6933/1/26
f 6933/1/26 6931/1/26 6930/1/26 6929/1/26
f 6878/1/31 6884/1/31 6940/1/31 6942/1/31
f 6930/1/26 6931/1/26 6945/1/26 6944/1/26
f 6742/1/1 6877/1/1 6932/1/1 6933/1/1
f 6727/1/1 6809/1/1 6929/1/1 6928/1/1
f 6809/1/1 6742/1/1 6933/1/1 6929/1/1
f 6942/1/7 6938/1/7 6945/1/7 6943/1/7
f 6942/1/7 6940/1/7 6939/1/7 6938/1/7
f 6937/1/7 6941/1/7 6935/1/7 6936/1/7
f 6938/1/7 6939/1/7 6941/1/7 6937/1/7
f 6938/1/7 6937/1/7 6944/1/7 6945/1/7
f 6937/1/7 6936/1/7 6946/1/7 6944/1/7
f 6934/1/31 6878/1/31 6942/1/31 6943/1/31
f 6884/1/21 6786/1/21 6939/1/21 6940/1/21
f 6931/1/26 6934/1/26 6943/1/26 6945/1/26
f 6727/1/1 6928/1/1 6954/1/1 6949/1/1
f 6948/1/35 6949/1/35 6954/1/35 6953/1/35
f 6947/1/35 6948/1/35 6951/1/35 6950/1/35
f 6948/1/35 6953/1/35 6952/1/35 6951/1/35
f 6779/1/1 6559/1/1 6948/1/1 6947/1/1
f 6936/1/7 6935/1/7 6950/1/7 6951/1/7
f 6559/1/21 6727/1/21 6949/1/21 6948/1/21
f 6935/1/21 6779/1/21 6947/1/21 6950/1/21
f 6927/1/26 6946/1/26 6952/1/26 6953/1/26
f 6956/1/35 6958/1/35 6959/1/35 6955/1/35
f 6957/1/35 6956/1/35 6955/1/35 6960/1/35
f 6796/1/1 6791/1/1 6955/1/1 6959/1/1
f 6691/1/21 6566/1/21 6956/1/21 6957/1/21
f 6791/1/26 6792/1/26 6960/1/26 6955/1/26
f 6778/1/45 6796/1/45 6959/1/45 6958/1/45
f 6961/1/35 6962/1/35 6966/1/35 6965/1/35
f 6963/1/35 6964/1/35 6968/1/35 6967/1/35
f 6619/1/1 6757/1/1 6966/1/1 6962/1/1
f 6761/1/26 6760/1/26 6967/1/26 6968/1/26
f 6665/1/21 6619/1/21 6962/1/21 6961/1/21
f 6618/1/21 6664/1/21 6964/1/21 6963/1/21
f 6664/1/1 6761/1/1 6968/1/1 6964/1/1
f 6756/1/7 6665/1/7 6961/1/7 6965/1/7
f 6973/1/503 6971/1/503 6972/1/503 6974/1/503
f 6541/1/1 6969/1/1 6971/1/1 6553/1/1
f 6970/1/21 6972/1/21 6978/1/21 6976/1/21
f 6972/1/504 6971/1/504 6977/1/504 6978/1/504
f 6971/1/26 6969/1/26 6975/1/26 6977/1/26
f 6980/1/26 6979/1/26 6981/1/26 6982/1/26
f 6736/1/35 6733/1/35 6980/1/35 6982/1/35
f 6868/1/505 6871/1/505 6981/1/505 6979/1/505
f 6871/1/7 6736/1/7 6982/1/7 6981/1/7
f 6983/1/31 6868/1/31 6979/1/31 6985/1/31
f 6980/1/35 6733/1/35 6827/1/35 6984/1/35
f 6985/1/26 6979/1/26 6980/1/26 6984/1/26
f 6984/1/1 6827/1/1 6983/1/1 6985/1/1
f 6745/1/1 6830/1/1 6988/1/1 6987/1/1
f 6990/1/26 6987/1/26 6988/1/26 6989/1/26
f 6860/1/35 6745/1/35 6987/1/35 6990/1/35
f 6830/1/31 6859/1/31 6989/1/31 6988/1/31
f 6859/1/7 6860/1/7 6990/1/7 6989/1/7
f 6745/1/506 6822/1/506 6994/1/506 6993/1/506
f 6995/1/26 6992/1/26 6993/1/26 6994/1/26
f 6822/1/21 6991/1/21 7004/1/21 7003/1/21
f 6991/1/31 6830/1/31 6992/1/31 6995/1/31
f 6830/1/7 6745/1/7 6993/1/7 6992/1/7
f 7099/1/31 6991/1/31 7001/1/31 7101/1/31
f 7000/1/1 6998/1/1 6997/1/1 7002/1/1 7116/1/1 7115/1/1 7049/1/1 7102/1/1 7101/1/1 7001/1/1 6999/1/1
f 6822/1/35 6986/1/35 7000/1/35 6999/1/35
f 6986/1/35 6821/1/35 6998/1/35 7000/1/35
f 6991/1/26 6822/1/26 6999/1/26 7001/1/26
f 6820/1/21 6996/1/21 7002/1/21 6997/1/21
f 6821/1/35 6820/1/35 6997/1/35 6998/1/35
f 7003/1/1 7004/1/1 7006/1/1 7005/1/1
f 6991/1/31 6995/1/31 7006/1/31 7004/1/31
f 6994/1/35 6822/1/35 7003/1/35 7005/1/35
f 6995/1/26 6994/1/26 7005/1/26 7006/1/26
f 6996/1/31 7010/1/31 7011/1/31 7007/1/31
f 7011/1/21 7010/1/21 7009/1/21 7008/1/21
f 6531/1/35 7008/1/35 7009/1/35 6820/1/35
f 6996/1/31 7013/1/31 7015/1/31 7010/1/31
f 7007/1/1 6531/1/1 7008/1/1 7011/1/1
f 7012/1/1 7014/1/1 7015/1/1 7013/1/1
f 7010/1/21 7015/1/21 7014/1/21 7009/1/21
f 6820/1/21 6996/1/21 7013/1/21 7012/1/21
f 7009/1/35 7014/1/35 7012/1/35 6820/1/35
f 6533/1/7 6531/1/7 7016/1/7 7017/1/7
f 7017/1/35 7021/1/35 7020/1/35 7016/1/35
f 6531/1/35 6533/1/35 7019/1/35 7018/1/35
f 7018/1/1 7019/1/1 7021/1/1 7020/1/1
f 7023/1/21 6819/1/21 7025/1/21 7027/1/21
f 7105/1/1 7024/1/1 7026/1/1 7107/1/1
f 7097/1/31 6823/1/31 7024/1/31 7105/1/31
f 7118/1/35 7023/1/35 7027/1/35 7122/1/35
f 6823/1/26 7022/1/26 7026/1/26 7024/1/26
f 7056/1/488 7074/1/488 7037/1/488 7029/1/488
f 7070/1/488 7073/1/488 7036/1/488 7033/1/488
f 7223/1/488 7072/1/488 7035/1/488 7221/1/488
f 7069/1/488 7071/1/488 7034/1/488 7032/1/488
f 7072/1/488 7070/1/488 7033/1/488 7035/1/488
f 7074/1/488 7069/1/488 7032/1/488 7037/1/488
f 7068/1/1 7059/1/1 7031/1/1 7030/1/1
f 7073/1/488 7068/1/488 7030/1/488 7036/1/488
f 7054/1/507 7031/1/507 7028/1/507 7038/1/507
f 6573/1/508 7054/1/508 7038/1/508 6569/1/508
f 7104/1/35 7050/1/35 7052/1/35 7108/1/35
f 7111/1/31 7047/1/31 7051/1/31 7119/1/31
f 7119/1/1 7051/1/1 7052/1/1 7121/1/1
f 7113/1/31 7048/1/31 7049/1/31 7115/1/31
f 7109/1/35 7039/1/35 7047/1/35 7111/1/35
f 7117/1/1 7050/1/1 7048/1/1 7113/1/1
f 7029/1/488 7037/1/488 7046/1/488 7053/1/488
f 7033/1/488 7036/1/488 7045/1/488 7042/1/488
f 7221/1/488 7035/1/488 7044/1/488 7222/1/488
f 7032/1/488 7034/1/488 7043/1/488 7041/1/488
f 7035/1/488 7033/1/488 7042/1/488 7044/1/488
f 7037/1/488 7032/1/488 7041/1/488 7046/1/488
f 7030/1/1 7031/1/1 7054/1/1 7040/1/1
f 7036/1/488 7030/1/488 7040/1/488 7045/1/488
f 6693/1/488 6579/1/488 7068/1/488 7073/1/488
f 6579/1/1 6575/1/1 7059/1/1 7068/1/1
f 6729/1/488 6624/1/488 7069/1/488 7074/1/488
f 6671/1/488 6625/1/488 7070/1/488 7072/1/488
f 6624/1/488 6670/1/488 7071/1/488 7069/1/488
f 7205/1/488 6671/1/488 7072/1/488 7223/1/488
f 6625/1/488 6693/1/488 7073/1/488 7070/1/488
f 6578/1/488 6729/1/488 7074/1/488 7056/1/488
f 7075/1/489 7084/1/489 7066/1/489 7058/1/489
f 7080/1/489 7083/1/489 7065/1/489 7062/1/489
f 7225/1/489 7082/1/489 7064/1/489 7224/1/489
f 7079/1/489 7081/1/489 7063/1/489 7061/1/489
f 7082/1/489 7080/1/489 7062/1/489 7064/1/489
f 7084/1/489 7079/1/489 7061/1/489 7066/1/489
f 7078/1/1 7076/1/1 7060/1/1 7057/1/1
f 7077/1/509 7055/1/509 7060/1/509 7076/1/509
f 7083/1/489 7078/1/489 7057/1/489 7065/1/489
f 7031/1/510 7059/1/510 7067/1/510 7028/1/510
f 6706/1/489 6583/1/489 7078/1/489 7083/1/489
f 6569/1/511 7077/1/511 7076/1/511 6576/1/511
f 6583/1/1 6576/1/1 7076/1/1 7078/1/1
f 6719/1/489 6631/1/489 7079/1/489 7084/1/489
f 6676/1/489 6630/1/489 7080/1/489 7082/1/489
f 6631/1/489 6677/1/489 7081/1/489 7079/1/489
f 7208/1/489 6676/1/489 7082/1/489 7225/1/489
f 6630/1/489 6706/1/489 7083/1/489 7080/1/489
f 6584/1/489 6719/1/489 7084/1/489 7075/1/489
f 7058/1/489 7066/1/489 7092/1/489 7093/1/489
f 7062/1/489 7065/1/489 7091/1/489 7088/1/489
f 7224/1/489 7064/1/489 7090/1/489 7226/1/489
f 7061/1/489 7063/1/489 7089/1/489 7087/1/489
f 7064/1/489 7062/1/489 7088/1/489 7090/1/489
f 7066/1/489 7061/1/489 7087/1/489 7092/1/489
f 7057/1/1 7060/1/1 7094/1/1 7086/1/1
f 7055/1/512 7085/1/512 7094/1/512 7060/1/512
f 7065/1/489 7057/1/489 7086/1/489 7091/1/489
f 7022/1/35 7103/1/35 7107/1/35 7026/1/35
f 7103/1/35 7104/1/35 7108/1/35 7107/1/35
f 7047/1/31 7098/1/31 7106/1/31 7051/1/31
f 7098/1/31 7097/1/31 7105/1/31 7106/1/31
f 7051/1/1 7106/1/1 7108/1/1 7052/1/1
f 7106/1/1 7105/1/1 7107/1/1 7108/1/1
f 7048/1/31 7100/1/31 7102/1/31 7049/1/31
f 7100/1/31 7099/1/31 7101/1/31 7102/1/31
f 7039/1/35 7096/1/35 7098/1/35 7047/1/35
f 7096/1/35 7095/1/35 7097/1/35 7098/1/35
f 7050/1/1 7104/1/1 7100/1/1 7048/1/1
f 7104/1/1 7103/1/1 7099/1/1 7100/1/1
f 7023/1/1 7118/1/1 7114/1/1 6996/1/1
f 7118/1/1 7117/1/1 7113/1/1 7114/1/1
f 6546/1/35 7110/1/35 7112/1/35 6819/1/35
f 7110/1/35 7109/1/35 7111/1/35 7112/1/35
f 6996/1/31 7114/1/31 7116/1/31 7002/1/31
f 7114/1/31 7113/1/31 7115/1/31 7116/1/31
f 7025/1/1 7120/1/1 7122/1/1 7027/1/1
f 7120/1/1 7119/1/1 7121/1/1 7122/1/1
f 6819/1/31 7112/1/31 7120/1/31 7025/1/31
f 7112/1/31 7111/1/31 7119/1/31 7120/1/31
f 7050/1/35 7117/1/35 7121/1/35 7052/1/35
f 7117/1/35 7118/1/35 7122/1/35 7121/1/35
f 7127/1/21 7125/1/21 7126/1/21 7124/1/21
f 6892/1/35 6537/1/35 7124/1/35 7126/1/35
f 6537/1/7 7123/1/7 7127/1/7 7124/1/7
f 7129/1/513 7125/1/513 7127/1/513 7123/1/513
f 7129/1/21 7128/1/21 7130/1/21 7131/1/21
f 6593/1/1 6554/1/1 7130/1/1 7128/1/1
f 6554/1/35 6892/1/35 7131/1/35 7130/1/35
f 6531/1/21 7018/1/21 7123/1/21
f 7017/1/21 7021/1/21 7019/1/21 6533/1/21
f 6577/1/7 6584/1/7 7132/1/7
f 6582/1/7 6572/1/7 7132/1/7 6584/1/7
f 6574/1/7 6578/1/7 6577/1/7 7132/1/7
f 6568/1/484 6544/1/484 6574/1/484 7132/1/484
f 6568/1/486 7132/1/486 6572/1/486 6543/1/486
f 6544/1/7 6543/1/7 7133/1/7 7134/1/7
f 7134/1/35 7138/1/35 7137/1/35 7133/1/35
f 6543/1/35 6544/1/35 7136/1/35 7135/1/35
f 7136/1/7 7135/1/7 7137/1/7 7138/1/7
f 6800/1/495 6549/1/495 6553/1/495 6824/1/495
f 6553/1/514 6971/1/514 6973/1/514 6824/1/514
f 6803/1/26 6565/1/26 6733/1/26 6736/1/26
f 6733/1/26 6565/1/26 6800/1/26
f 6825/1/515 6593/1/515 7128/1/515 7129/1/515 7123/1/515
f 7126/1/1 7125/1/1 7129/1/1 7131/1/1 6892/1/1
f 7141/1/26 7149/1/26 7150/1/26 7142/1/26
f 7228/1/26 7145/1/26 7146/1/26 7227/1/26
f 7147/1/26 7139/1/26 7140/1/26 7148/1/26
f 7220/1/31 6875/1/31 7145/1/31 7228/1/31
f 6737/1/35 6741/1/35 7148/1/35 7140/1/35
f 6738/1/1 6873/1/1 7141/1/1 7142/1/1
f 7213/1/35 6739/1/35 7144/1/35 7227/1/35
f 6877/1/7 6742/1/7 7150/1/7 7149/1/7
f 6873/1/31 6877/1/31 7149/1/31 7141/1/31
f 6739/1/1 6874/1/1 7143/1/1 7144/1/1
f 6876/1/31 6872/1/31 7139/1/31 7147/1/31
f 6742/1/35 6738/1/35 7142/1/35 7150/1/35
f 7158/1/26 7159/1/26 7153/1/26 7154/1/26
f 7159/1/516 7155/1/516 6552/1/516 7153/1/516
f 6552/1/7 6540/1/7 7154/1/7 7153/1/7
f 6551/1/517 7573/1/517 6570/1/517 7576/1/517 6552/1/517 7155/1/517 7156/1/517
f 6799/1/26 6801/1/26 7155/1/26 6548/1/26
f 7152/1/26 7151/1/26 7159/1/26 7158/1/26
f 6548/1/474 7151/1/474 6564/1/474
f 6564/1/482 7151/1/482 6773/1/482 6779/1/482
f 6769/1/7 6773/1/7 7151/1/7 7152/1/7
f 6527/1/518 6529/1/518 6536/1/518 7164/1/518 7163/1/518 7157/1/518
f 7379/1/21 6530/1/21 7250/1/21 7236/1/21 6529/1/21 7337/1/21
f 6527/1/21 7157/1/21 7156/1/21 6543/1/21 6528/1/21
f 6869/1/7 6746/1/7 6831/1/7 7134/1/7 7133/1/7 7156/1/7 7155/1/7 6801/1/7 6734/1/7
f 7134/1/26 6544/1/26 7136/1/26 7138/1/26
f 7133/1/21 7137/1/21 7135/1/21 6543/1/21
f 7160/1/21 7161/1/21 7162/1/21 7165/1/21
f 6542/1/7 6551/1/7 7162/1/7 7161/1/7
f 7164/1/519 7166/1/519 7165/1/519 7163/1/519
f 6535/1/21 7166/1/21 7164/1/21 6536/1/21 6723/1/21 6724/1/21
f 6551/1/517 7156/1/517 7162/1/517
f 7157/1/519 7163/1/519 7165/1/519
f 7157/1/520 7165/1/520 7162/1/520 7156/1/520
f 7253/1/31 7254/1/31 7322/1/31 7321/1/31
f 7181/1/521 7302/1/521 7311/1/521 7308/1/521
f 7230/1/21 7229/1/21 7167/1/21 7169/1/21
f 7180/1/1 7172/1/1 7300/1/1 7301/1/1
f 7167/1/31 7168/1/31 7313/1/31 7312/1/31
f 7231/1/35 7177/1/35 7173/1/35 7230/1/35
f 6644/1/1 6647/1/1 7185/1/1 7182/1/1
f 7173/1/522 7171/1/522 7304/1/522 7306/1/522
f 6602/1/21 6600/1/21 7443/1/21 7444/1/21
f 7194/1/35 6648/1/35 7177/1/35 7231/1/35
f 6601/1/21 6603/1/21 7402/1/21 7401/1/21
f 7607/1/21 7608/1/21 7610/1/21 7609/1/21
f 7599/1/523 7600/1/523 7608/1/523 7607/1/523
f 6646/1/7 6645/1/7 7183/1/7 7184/1/7
f 6647/1/1 7179/1/1 7188/1/1 7185/1/1
f 6649/1/35 7194/1/35 7231/1/35 7175/1/35
f 7175/1/35 7231/1/35 7230/1/35 7169/1/35
f 7173/1/21 7172/1/21 7229/1/21 7230/1/21
f 6740/1/35 7213/1/35 7227/1/35 7146/1/35
f 6874/1/31 7220/1/31 7228/1/31 7143/1/31
f 7143/1/26 7228/1/26 7227/1/26 7144/1/26
f 7063/1/489 7224/1/489 7226/1/489 7089/1/489
f 6677/1/489 7208/1/489 7225/1/489 7081/1/489
f 7081/1/489 7225/1/489 7224/1/489 7063/1/489
f 6670/1/488 7205/1/488 7223/1/488 7071/1/488
f 7034/1/488 7221/1/488 7222/1/488 7043/1/488
f 7071/1/488 7223/1/488 7221/1/488 7034/1/488
f 6752/1/26 7214/1/26 7220/1/26 6874/1/26
f 6837/1/31 7217/1/31 7219/1/31 6849/1/31
f 6849/1/26 7219/1/26 7218/1/26 6850/1/26
f 6662/1/26 7201/1/26 7217/1/26 6837/1/26
f 6739/1/26 7213/1/26 7216/1/26 6806/1/26
f 6659/1/31 7199/1/31 7215/1/31 6782/1/31
f 6753/1/35 7214/1/35 7218/1/35 6852/1/35
f 6675/1/489 7207/1/489 7212/1/489 6685/1/489
f 6666/1/486 7203/1/486 7211/1/486 6682/1/486
f 7212/1/489 6684/1/489 7277/1/489 7278/1/489
f 6668/1/484 7204/1/484 7209/1/484 6678/1/484
f 6671/1/488 7205/1/488 7210/1/488 6681/1/488
f 6730/1/484 6632/1/484 7288/1/484 7287/1/484
f 7089/1/489 7226/1/489 7207/1/489 6675/1/489
f 7043/1/488 7222/1/488 7206/1/488 6673/1/488
f 6677/1/31 6673/1/31 7206/1/31 7208/1/31
f 6652/1/486 7196/1/486 7203/1/486 6666/1/486
f 6650/1/484 7195/1/484 7204/1/484 6668/1/484
f 6656/1/483 7198/1/483 7202/1/483 6664/1/483
f 6640/1/481 7190/1/481 7201/1/481 6662/1/481
f 6806/1/26 7216/1/26 7202/1/26 6665/1/26
f 6654/1/478 7197/1/478 7200/1/478 6660/1/478
f 6641/1/477 7190/1/477 7199/1/477 6659/1/477
f 6782/1/31 7215/1/31 7200/1/31 6661/1/31
f 7167/1/21 7229/1/21 7232/1/21 7187/1/21
f 6650/1/26 6655/1/26 7197/1/26 7195/1/26
f 6657/1/26 7198/1/26 7191/1/26 6643/1/26
f 7232/1/524 7186/1/524 7257/1/524 7255/1/524
f 7235/1/525 7234/1/525 7247/1/525 7248/1/525
f 7237/1/526 7243/1/526 7242/1/526 7241/1/526 7246/1/526 7238/1/526
f 7244/1/527 7239/1/527 7240/1/527 7246/1/527 7241/1/527 7245/1/527
f 7243/1/528 7237/1/528 7238/1/528 7248/1/528 7247/1/528 7242/1/528
f 7239/1/529 7244/1/529 7245/1/529 7249/1/529 7250/1/529 7240/1/529
f 7249/1/529 7245/1/529 7263/1/529 7264/1/529
f 7186/1/530 7233/1/530 7260/1/530 7257/1/530
f 7241/1/531 7242/1/531 7262/1/531 7261/1/531
f 7249/1/532 7264/1/532 7359/1/532 7356/1/532
f 7178/1/533 7174/1/533 7317/1/533 7316/1/533
f 7188/1/26 7179/1/26 7252/1/26 7254/1/26
f 7251/1/35 7167/1/35 7312/1/35 7319/1/35
f 7179/1/35 7167/1/35 7251/1/35 7252/1/35
f 7257/1/21 7260/1/21 7264/1/21 7263/1/21
f 7255/1/21 7257/1/21 7263/1/21 7261/1/21
f 7258/1/21 7256/1/21 7262/1/21 7259/1/21
f 7256/1/21 7255/1/21 7261/1/21 7262/1/21
f 7234/1/534 7187/1/534 7256/1/534 7258/1/534
f 7242/1/528 7247/1/528 7259/1/528 7262/1/528
f 7187/1/535 7232/1/535 7255/1/535 7256/1/535
f 7247/1/525 7234/1/525 7258/1/525 7259/1/525
f 7245/1/536 7241/1/536 7261/1/536 7263/1/536
f 7250/1/532 7249/1/532 7356/1/532 7357/1/532
f 7267/1/492 7268/1/492 7272/1/492 7271/1/492
f 7269/1/492 7270/1/492 7274/1/492 7273/1/492
f 7268/1/492 7275/1/492 7277/1/492 7272/1/492
f 7276/1/492 7269/1/492 7273/1/492 7278/1/492
f 7266/1/492 7267/1/492 7271/1/492 7265/1/492
f 7270/1/492 7279/1/492 7280/1/492 7274/1/492
f 7275/1/492 7276/1/492 7278/1/492 7277/1/492
f 7211/1/486 6683/1/486 7269/1/486 7276/1/486
f 6639/1/489 6685/1/489 7273/1/489 7274/1/489
f 6684/1/489 6638/1/489 7272/1/489 7277/1/489
f 6708/1/489 6591/1/489 7265/1/489 7271/1/489
f 6721/1/489 6639/1/489 7274/1/489 7280/1/489
f 6685/1/489 7212/1/489 7278/1/489 7273/1/489
f 6682/1/486 7211/1/486 7276/1/486 7275/1/486
f 6591/1/1 6589/1/1 7266/1/1 7265/1/1
f 6707/1/486 6636/1/486 7268/1/486 7267/1/486
f 7281/1/537 7282/1/537 7284/1/537 7283/1/537
f 7287/1/537 7288/1/537 7292/1/537 7291/1/537
f 7289/1/537 7290/1/537 7294/1/537 7293/1/537
f 7288/1/537 7295/1/537 7297/1/537 7292/1/537
f 7296/1/537 7289/1/537 7293/1/537 7298/1/537
f 7290/1/537 7281/1/537 7283/1/537 7294/1/537
f 7286/1/537 7287/1/537 7291/1/537 7285/1/537
f 7295/1/537 7296/1/537 7298/1/537 7297/1/537
f 6634/1/488 6731/1/488 7291/1/488 7292/1/488
f 6586/1/1 6588/1/1 7284/1/1 7282/1/1
f 7210/1/488 6680/1/488 7297/1/488 7298/1/488
f 7209/1/484 6679/1/484 7289/1/484 7296/1/484
f 6585/1/484 6730/1/484 7287/1/484 7286/1/484
f 6635/1/488 6681/1/488 7293/1/488 7294/1/488
f 6587/1/7 6585/1/7 7286/1/7 7285/1/7
f 6680/1/488 6634/1/488 7292/1/488 7297/1/488
f 6731/1/488 6587/1/488 7285/1/488 7291/1/488
f 6681/1/488 7210/1/488 7298/1/488 7293/1/488
f 7302/1/294 7301/1/294 7300/1/294 7299/1/294
f 7172/1/538 7173/1/538 7306/1/538 7305/1/538
f 7181/1/26 7180/1/26 7301/1/26 7302/1/26
f 7171/1/539 7176/1/539 7307/1/539 7304/1/539
f 7304/1/21 7303/1/21 7305/1/21 7306/1/21
f 7307/1/540 7308/1/540 7303/1/540 7304/1/540
f 7303/1/7 7308/1/7 7311/1/7 7309/1/7
f 7305/1/21 7303/1/21 7309/1/21 7310/1/21
f 7176/1/541 7181/1/541 7308/1/541 7307/1/541
f 7300/1/538 7172/1/538 7305/1/538 7310/1/538
f 7302/1/542 7299/1/542 7309/1/542 7311/1/542
f 7299/1/543 7300/1/543 7310/1/543 7309/1/543
f 7314/1/21 7312/1/21 7313/1/21 7315/1/21
f 7316/1/1 7317/1/1 7315/1/1 7313/1/1
f 7320/1/1 7319/1/1 7321/1/1 7322/1/1
f 7312/1/21 7318/1/21 7321/1/21 7319/1/21
f 7170/1/35 7169/1/35 7314/1/35 7315/1/35
f 7168/1/31 7178/1/31 7316/1/31 7313/1/31
f 7254/1/533 7252/1/533 7320/1/533 7322/1/533
f 7169/1/544 7167/1/544 7312/1/544 7314/1/544
f 7174/1/35 7170/1/35 7315/1/35 7317/1/35
f 7252/1/35 7251/1/35 7319/1/35 7320/1/35
f 7325/1/545 7324/1/545 7331/1/545 7332/1/545
f 6601/1/546 6598/1/546 7324/1/546 7325/1/546
f 7323/1/547 6697/1/547 7333/1/547 7330/1/547
f 7324/1/548 7323/1/548 7330/1/548 7331/1/548
f 7335/1/549 7327/1/549 7363/1/549 7375/1/549
f 7346/1/550 7345/1/550 7373/1/550 7374/1/550
f 7329/1/551 7334/1/551 7327/1/551
f 6601/1/552 7325/1/552 7332/1/552 7328/1/552
f 7339/1/553 7343/1/553 7342/1/553 7340/1/553
f 7326/1/554 7328/1/554 7364/1/554 7362/1/554
f 6599/1/26 6645/1/26 7339/1/26 7340/1/26
f 6645/1/1 6646/1/1 7343/1/1 7339/1/1
f 6710/1/26 6599/1/26 7340/1/26 7336/1/26
f 7328/1/555 7332/1/555 7368/1/555 7364/1/555
f 7336/1/556 7340/1/556 7345/1/556 7346/1/556
f 7345/1/557 7344/1/557 7372/1/557 7373/1/557
f 7340/1/558 7342/1/558 7344/1/558 7345/1/558
f 6536/1/559 6529/1/559 7337/1/559 7338/1/559
f 6723/1/21 6536/1/21 7338/1/21 7341/1/21
f 6601/1/560 7328/1/560 7349/1/560 7348/1/560
f 6600/1/21 7342/1/21 7343/1/21 6646/1/21
f 7339/1/21 7340/1/21 7336/1/21 7337/1/21 7236/1/21 7183/1/21
f 7250/1/21 6530/1/21 7192/1/21 7246/1/21 7240/1/21
f 7192/1/21 6534/1/21 7238/1/21 7246/1/21
f 7238/1/21 6534/1/21 7248/1/21
f 7235/1/21 7248/1/21 6534/1/21
f 6697/1/45 6598/1/45 6644/1/45 7182/1/45 7235/1/45 7017/1/45 7333/1/45 6533/1/45
f 6534/1/21 7017/1/21 7235/1/21
f 6528/1/26 7193/1/26 7515/1/26 7510/1/26
f 6711/1/21 6607/1/21 6653/1/21 7196/1/21 6652/1/21 6606/1/21 6819/1/21 6532/1/21 7193/1/21 6528/1/21 6543/1/21
f 7279/1/492 7350/1/492 7351/1/492 7280/1/492
f 6721/1/489 7280/1/489 7351/1/489 6592/1/489
f 6592/1/7 7351/1/7 7350/1/7 6590/1/7
f 7279/1/486 6720/1/486 6590/1/486 7350/1/486
f 7327/1/561 7326/1/561 7362/1/561 7363/1/561
f 7333/1/562 7017/1/562 6533/1/562
f 7327/1/21 7334/1/21 7326/1/21
f 7184/1/563 7183/1/563 7240/1/563 7239/1/563 7244/1/563 7245/1/563 7300/1/563 7301/1/563
f 6646/1/7 7343/1/7 7184/1/7 7301/1/7 7180/1/7
f 7240/1/21 7183/1/21 7236/1/21 7250/1/21
f 7188/1/564 7242/1/564 7243/1/564 7237/1/564 7238/1/564 7182/1/564 7185/1/564
f 7234/1/565 7235/1/565 7352/1/565 7187/1/565
f 7235/1/21 7182/1/21 7352/1/21
f 7253/1/31 7321/1/31 7318/1/31 7188/1/31 7254/1/31
f 7167/1/544 7353/1/544 7318/1/544 7312/1/544
f 7318/1/566 7353/1/566 7188/1/566
f 7242/1/567 7188/1/567 7353/1/567
f 7354/1/568 7355/1/568 7357/1/568 7356/1/568
f 7354/1/568 7356/1/568 7359/1/568 7358/1/568
f 7233/1/569 7236/1/569 7355/1/569 7354/1/569
f 7264/1/21 7260/1/21 7358/1/21 7359/1/21
f 7260/1/569 7233/1/569 7354/1/569 7358/1/569
f 7236/1/26 7250/1/26 7357/1/26 7355/1/26
f 7328/1/570 7326/1/570 6687/1/570 6688/1/570 6603/1/570 6601/1/570 7349/1/570
f 6539/1/571 7334/1/571 7361/1/571 7360/1/571
f 7361/1/572 7021/1/572 7017/1/572 7334/1/572
f 7362/1/573 7364/1/573 7368/1/573 7365/1/573
f 7362/1/574 7365/1/574 7363/1/574
f 7370/1/575 7369/1/575 7371/1/575 7372/1/575
f 7375/1/576 7363/1/576 7365/1/576 7366/1/576
f 7330/1/577 7335/1/577 7375/1/577 7366/1/577
f 7331/1/550 7330/1/550 7366/1/550 7367/1/550
f 7342/1/554 7341/1/554 7369/1/554 7370/1/554
f 7374/1/578 7371/1/578 7378/1/578 7379/1/578
f 7332/1/518 7331/1/518 7367/1/518 7368/1/518
f 7344/1/579 7342/1/579 7370/1/579 7372/1/579
f 7335/1/35 7327/1/35 7376/1/35 7377/1/35
f 7375/1/580 7377/1/580 7376/1/580 7363/1/580
f 7377/1/581 7375/1/581 7335/1/581
f 6533/1/35 6539/1/35 7360/1/35 7019/1/35
f 7360/1/582 7361/1/582 7021/1/582 7019/1/582
f 7335/1/583 7017/1/583 7334/1/583 7327/1/583
f 7363/1/584 7376/1/584 7327/1/584
f 6534/1/585 6532/1/585 6531/1/585 7017/1/585
f 6602/1/21 7647/1/21 7649/1/21 6724/1/21 6723/1/21 7341/1/21 7342/1/21 6600/1/21
f 7371/1/586 7369/1/586 7378/1/586
f 7341/1/587 7338/1/587 7378/1/587 7369/1/587
f 7337/1/559 7379/1/559 7378/1/559 7338/1/559
f 7337/1/35 7380/1/35 7381/1/35 7338/1/35
f 7380/1/588 7379/1/588 7378/1/588 7381/1/588
f 6528/1/589 6530/1/589 7379/1/589 7337/1/589 6529/1/589 6527/1/589
f 7337/1/26 7379/1/26 7380/1/26
f 7381/1/21 7378/1/21 7338/1/21
f 7342/1/35 7341/1/35 7384/1/35 7385/1/35
f 7326/1/35 7328/1/35 7383/1/35 7382/1/35
f 7327/1/35 7326/1/35 7386/1/35 7387/1/35
f 7338/1/35 7388/1/35 7389/1/35 7341/1/35
f 7382/1/590 7383/1/590 7364/1/590 7362/1/590
f 7387/1/591 7386/1/591 7362/1/591 7363/1/591
f 7385/1/590 7384/1/590 7369/1/590 7370/1/590
f 7388/1/592 7378/1/592 7369/1/592 7389/1/592
f 7381/1/35 7388/1/35 7338/1/35
f 7388/1/593 7381/1/593 7378/1/593
f 7376/1/35 7327/1/35 7387/1/35
f 7349/1/594 7390/1/594 7396/1/594 7395/1/594
f 7334/1/595 6539/1/595 7393/1/595 7392/1/595
f 7334/1/596 7390/1/596 7326/1/596
f 7124/1/597 6688/1/597 7391/1/597 6539/1/597 7127/1/597
f 7396/1/598 7392/1/598 7393/1/598 7397/1/598
f 7395/1/599 7396/1/599 7397/1/599 7394/1/599
f 7390/1/600 7334/1/600 7392/1/600 7396/1/600
f 6601/1/601 7349/1/601 7395/1/601 7394/1/601
f 7391/1/602 6601/1/602 7394/1/602 7397/1/602
f 6539/1/603 7391/1/603 7397/1/603 7393/1/603
f 7361/1/604 7334/1/604 7392/1/604
f 7360/1/605 6539/1/605 7393/1/605
f 7392/1/606 7361/1/606 7360/1/606 7393/1/606
f 6647/1/607 7398/1/607 7349/1/607 7348/1/607
f 7399/1/31 7400/1/31 7398/1/31 7349/1/31
f 7394/1/608 7395/1/608 7349/1/608
f 7252/1/609 7399/1/609 7395/1/609 7394/1/609
f 7395/1/610 7349/1/610 7399/1/610
f 7401/1/1 7402/1/1 7403/1/1 7404/1/1
f 7605/1/35 7599/1/35 7607/1/35 7609/1/35
f 7174/1/26 7178/1/26 7404/1/26 7403/1/26
f 7394/1/611 6601/1/611 7252/1/611
f 7404/1/612 7252/1/612 7394/1/612 7401/1/612
f 7401/1/604 7394/1/604 6601/1/604
f 7252/1/35 7320/1/35 7409/1/35 7407/1/35
f 7408/1/35 7319/1/35 7415/1/35 7417/1/35
f 7410/1/613 7407/1/613 7409/1/613 7411/1/613
f 7408/1/1 7412/1/1 7411/1/1 7409/1/1
f 7406/1/31 7405/1/31 7411/1/31 7412/1/31
f 7399/1/614 7252/1/614 7407/1/614 7410/1/614
f 7320/1/35 7319/1/35 7408/1/35 7409/1/35
f 7405/1/31 7399/1/31 7410/1/31 7411/1/31
f 7406/1/31 7412/1/31 7418/1/31 7416/1/31
f 7415/1/615 7416/1/615 7418/1/615 7417/1/615
f 7416/1/616 7415/1/616 7414/1/616 7419/1/616
f 7412/1/617 7408/1/617 7417/1/617 7418/1/617
f 7319/1/35 7312/1/35 7414/1/35 7415/1/35
f 7312/1/618 7413/1/618 7419/1/618 7414/1/618
f 7413/1/31 7406/1/31 7416/1/31 7419/1/31
f 7421/1/31 7426/1/31 7425/1/31 7420/1/31
f 7303/1/35 7308/1/35 7428/1/35 7427/1/35
f 7425/1/21 7426/1/21 7424/1/21 7423/1/21
f 7303/1/35 7423/1/35 7424/1/35 7305/1/35
f 7305/1/7 7421/1/7 7426/1/7 7424/1/7
f 7425/1/31 7432/1/31 7429/1/31 7420/1/31
f 7427/1/7 7428/1/7 7430/1/7 7429/1/7
f 7429/1/7 7432/1/7 7431/1/7 7427/1/7
f 7303/1/35 7427/1/35 7431/1/35 7423/1/35
f 7423/1/21 7431/1/21 7432/1/21 7425/1/21
f 7422/1/31 7420/1/31 7429/1/31 7430/1/31
f 7308/1/26 7422/1/26 7430/1/26 7428/1/26
f 7308/1/522 7181/1/522 7435/1/522 7434/1/522
f 7436/1/521 7434/1/521 7435/1/521 7437/1/521
f 7433/1/31 7422/1/31 7436/1/31 7437/1/31
f 7422/1/619 7308/1/619 7434/1/619 7436/1/619
f 7181/1/620 7433/1/620 7437/1/620 7435/1/620
f 7422/1/621 7436/1/621 7430/1/621
f 7434/1/622 7436/1/622 7430/1/622 7428/1/622
f 7434/1/522 7428/1/522 7308/1/522
f 7442/1/21 7439/1/21 7440/1/21 7441/1/21
f 7433/1/31 7441/1/31 7442/1/31 7438/1/31
f 7181/1/7 7440/1/7 7441/1/7 7433/1/7
f 7438/1/7 7180/1/7 7439/1/7 7442/1/7
f 7444/1/540 7443/1/540 7445/1/540 7446/1/540
f 7181/1/26 7176/1/26 7446/1/26 7445/1/26
f 6600/1/623 7181/1/623 7445/1/623 7443/1/623
f 7606/1/1 7605/1/1 7609/1/1 7610/1/1
f 7441/1/21 6600/1/21 6723/1/21 7447/1/21
f 7450/1/21 7451/1/21 7448/1/21 7449/1/21
f 6723/1/35 7448/1/35 7451/1/35 6600/1/35
f 7447/1/7 7449/1/7 7448/1/7 6723/1/7
f 6600/1/7 7441/1/7 7450/1/7 7451/1/7
f 7441/1/31 7450/1/31 7449/1/31 7447/1/31
f 7452/1/624 7456/1/624 7453/1/624 6536/1/624
f 7456/1/21 7455/1/21 7454/1/21 7453/1/21
f 7447/1/31 7455/1/31 7456/1/31 7452/1/31
f 6723/1/7 7447/1/7 7455/1/7 7454/1/7
f 6536/1/35 7453/1/35 7454/1/35 6723/1/35
f 6529/1/35 7458/1/35 7459/1/35 6536/1/35
f 7461/1/625 7460/1/625 7459/1/625 7458/1/625
f 7457/1/21 6529/1/21 7458/1/21 7461/1/21
f 6536/1/26 7452/1/26 7460/1/26 7459/1/26
f 7452/1/31 7460/1/31 7461/1/31 7457/1/31
f 7460/1/31 7452/1/31 7456/1/31
f 6536/1/35 7459/1/35 7453/1/35
f 7453/1/626 7459/1/626 7460/1/626 7456/1/626
f 7457/1/31 7465/1/31 7466/1/31 7462/1/31
f 7466/1/627 7465/1/627 7464/1/627 7463/1/627
f 6529/1/628 7457/1/628 7465/1/628 7464/1/628
f 6527/1/35 7463/1/35 7464/1/35 6529/1/35
f 7462/1/629 6527/1/629 7463/1/629 7466/1/629
f 7463/1/35 7467/1/35 7471/1/35 7469/1/35
f 7472/1/630 7470/1/630 7469/1/630 7471/1/630
f 7468/1/35 7472/1/35 7470/1/35 7466/1/35
f 7466/1/631 7463/1/631 7469/1/631 7470/1/631
f 7467/1/632 7468/1/632 7472/1/632 7471/1/632
f 7473/1/7 6746/1/7 7474/1/7 7468/1/7
f 7476/1/7 7475/1/7 7478/1/7 7477/1/7
f 7473/1/633 7468/1/633 7477/1/633 7476/1/633
f 6746/1/634 7475/1/634 7476/1/634 7473/1/634
f 7474/1/635 7478/1/635 7475/1/635 6746/1/635
f 7468/1/636 7477/1/636 7478/1/636 7474/1/636
f 7468/1/35 7477/1/35 7472/1/35
f 7476/1/637 7471/1/637 7467/1/637
f 7472/1/638 7471/1/638 7476/1/638 7477/1/638
f 6746/1/35 6744/1/35 7480/1/35 7481/1/35
f 7480/1/26 7479/1/26 7482/1/26 7481/1/26
f 7474/1/7 6746/1/7 7481/1/7 7482/1/7
f 6744/1/1 6829/1/1 7479/1/1 7480/1/1
f 6829/1/639 7474/1/639 7482/1/639 7479/1/639
f 7483/1/26 7484/1/26 7486/1/26 7485/1/26
f 6744/1/35 6747/1/35 7486/1/35 7484/1/35
f 6829/1/7 6744/1/7 7484/1/7 7483/1/7
f 6832/1/640 6829/1/640 7483/1/640 7485/1/640
f 6746/1/35 7481/1/35 7475/1/35
f 7478/1/31 7482/1/31 7474/1/31
f 7481/1/26 7482/1/26 7478/1/26 7475/1/26
f 7490/1/7 7487/1/7 7488/1/7 7489/1/7
f 6747/1/35 6789/1/35 7489/1/35 7488/1/35
f 6841/1/31 6832/1/31 7487/1/31 7490/1/31
f 6789/1/26 6841/1/26 7490/1/26 7489/1/26
f 7491/1/26 7492/1/26 7494/1/26 7493/1/26
f 7495/1/21 7497/1/21 7498/1/21 7496/1/21
f 7491/1/1 7493/1/1 7497/1/1 7495/1/1
f 7493/1/35 7494/1/35 7498/1/35 7497/1/35
f 7494/1/7 7492/1/7 7496/1/7 7498/1/7
f 7492/1/31 7491/1/31 7495/1/31 7496/1/31
f 6530/1/26 7499/1/26 7500/1/26 6534/1/26
f 7501/1/21 7502/1/21 7504/1/21 7503/1/21
f 6534/1/1 7500/1/1 7504/1/1 7502/1/1
f 6530/1/31 6534/1/31 7502/1/31 7501/1/31
f 7499/1/7 6530/1/7 7501/1/7 7503/1/7
f 7500/1/35 7499/1/35 7503/1/35 7504/1/35
f 7505/1/35 7500/1/35 7508/1/35 7509/1/35
f 7508/1/1 7506/1/1 7507/1/1 7509/1/1
f 6534/1/31 6532/1/31 7507/1/31 7506/1/31
f 7500/1/641 6534/1/641 7506/1/641 7508/1/641
f 6532/1/26 7505/1/26 7509/1/26 7507/1/26
f 7502/1/31 6534/1/31 7506/1/31
f 7504/1/31 7500/1/31 7508/1/31
f 7506/1/21 7508/1/21 7504/1/21 7502/1/21
f 7518/1/642 7528/1/642 7529/1/642 7519/1/642
f 7519/1/642 7529/1/642 7572/1/642 7567/1/642
f 6532/1/643 6534/1/643 7513/1/643 7512/1/643
f 6530/1/644 6528/1/644 7510/1/644 7511/1/644
f 6534/1/21 7192/1/21 7514/1/21 7513/1/21
f 7193/1/26 6532/1/26 7512/1/26 7515/1/26
f 7192/1/21 6530/1/21 7511/1/21 7514/1/21
f 7521/1/645 7524/1/645 7568/1/645 7569/1/645
f 7510/1/21 7518/1/21 7528/1/21 7520/1/21
f 7525/1/645 7524/1/645 7521/1/645 7520/1/645
f 7523/1/646 7522/1/646 7524/1/646 7525/1/646
f 7523/1/35 7522/1/35 7526/1/35 7527/1/35
f 7521/1/647 7529/1/647 7528/1/647 7520/1/647
f 7510/1/26 7515/1/26 7525/1/26 7520/1/26
f 7517/1/648 7526/1/648 7527/1/648 7516/1/648
f 7513/1/649 7514/1/649 7563/1/649 7565/1/649
f 7515/1/26 7512/1/26 7523/1/26 7525/1/26
f 7516/1/21 7512/1/21 7523/1/21 7527/1/21
f 7517/1/35 7513/1/35 7565/1/35 7566/1/35
f 7512/1/35 7513/1/35 7517/1/35 7516/1/35
f 7507/1/31 7531/1/31 7535/1/31 7532/1/31
f 7535/1/21 7534/1/21 7533/1/21 7532/1/21
f 7509/1/7 7507/1/7 7532/1/7 7533/1/7
f 7531/1/650 7530/1/650 7534/1/650 7535/1/650
f 7530/1/35 7509/1/35 7533/1/35 7534/1/35
f 7531/1/651 7537/1/651 7541/1/651 7539/1/651
f 7539/1/650 7541/1/650 7540/1/650 7538/1/650
f 7530/1/21 7531/1/21 7539/1/21 7538/1/21
f 7537/1/26 7536/1/26 7540/1/26 7541/1/26
f 7536/1/652 7530/1/652 7538/1/652 7540/1/652
f 7537/1/31 7543/1/31 7547/1/31 7545/1/31
f 7545/1/26 7547/1/26 7546/1/26 7544/1/26
f 7536/1/653 7537/1/653 7545/1/653 7544/1/653
f 7543/1/7 7542/1/7 7546/1/7 7547/1/7
f 7542/1/35 7536/1/35 7544/1/35 7546/1/35
f 7537/1/654 7545/1/654 7541/1/654
f 7536/1/655 7540/1/655 7544/1/655
f 7540/1/656 7541/1/656 7545/1/656 7544/1/656
f 7549/1/35 7542/1/35 7550/1/35 7553/1/35
f 7553/1/7 7550/1/7 7551/1/7 7552/1/7
f 7548/1/21 7549/1/21 7553/1/21 7552/1/21
f 7542/1/657 7543/1/657 7551/1/657 7550/1/657
f 7543/1/31 7548/1/31 7552/1/31 7551/1/31
f 7546/1/35 7550/1/35 7542/1/35
f 7547/1/31 7543/1/31 7551/1/31
f 7546/1/26 7547/1/26 7551/1/26 7550/1/26
f 6528/1/1 7554/1/1 7558/1/1 7555/1/1
f 7557/1/21 7556/1/21 7555/1/21 7558/1/21
f 7549/1/658 7548/1/658 7556/1/658 7557/1/658
f 7548/1/31 6528/1/31 7555/1/31 7556/1/31
f 7554/1/35 7549/1/35 7557/1/35 7558/1/35
f 7557/1/35 7549/1/35 7553/1/35
f 7548/1/31 7556/1/31 7552/1/31
f 7556/1/7 7557/1/7 7553/1/7 7552/1/7
f 6530/1/659 7499/1/659 7560/1/659 7559/1/659
f 7561/1/7 7559/1/7 7560/1/7 7562/1/7
f 7558/1/26 7555/1/26 7561/1/26 7562/1/26
f 7499/1/35 7558/1/35 7562/1/35 7560/1/35
f 7555/1/31 6530/1/31 7559/1/31 7561/1/31
f 7503/1/35 7499/1/35 7560/1/35
f 7501/1/35 6530/1/35 7559/1/35
f 7560/1/21 7559/1/21 7501/1/21 7503/1/21
f 7565/1/21 7563/1/21 7568/1/21 7570/1/21
f 7565/1/21 7570/1/21 7571/1/21 7566/1/21
f 7567/1/21 7572/1/21 7569/1/21 7564/1/21
f 7563/1/21 7564/1/21 7569/1/21 7568/1/21
f 7526/1/648 7517/1/648 7566/1/648 7571/1/648
f 7524/1/646 7522/1/646 7570/1/646 7568/1/646
f 7529/1/647 7521/1/647 7569/1/647 7572/1/647
f 7511/1/35 7519/1/35 7567/1/35 7564/1/35
f 7514/1/660 7511/1/660 7564/1/660 7563/1/660
f 7522/1/31 7526/1/31 7571/1/31 7570/1/31
f 7511/1/35 7510/1/35 7518/1/35 7519/1/35
f 6542/1/7 7574/1/7 7573/1/7 6551/1/7
f 6567/1/7 7575/1/7 7576/1/7 6570/1/7
f 7580/1/7 7577/1/7 7578/1/7 7579/1/7
f 6884/1/31 6870/1/31 7577/1/31 7580/1/31
f 6735/1/35 6786/1/35 7579/1/35 7578/1/35
f 6786/1/26 6884/1/26 7580/1/26 7579/1/26
f 7581/1/26 7582/1/26 7586/1/26 7585/1/26
f 7582/1/26 7581/1/26 7583/1/26 7584/1/26
f 6732/1/35 6735/1/35 7586/1/35 7582/1/35
f 6735/1/1 6870/1/1 7585/1/1 7586/1/1
f 6869/1/7 6734/1/7 7584/1/7 7583/1/7
f 6734/1/35 6732/1/35 7582/1/35 7584/1/35
f 7587/1/35 6734/1/35 7589/1/35 7591/1/35
f 7589/1/7 7590/1/7 7592/1/7 7591/1/7
f 7588/1/21 7587/1/21 7591/1/21 7592/1/21
f 6869/1/31 7588/1/31 7592/1/31 7590/1/31
f 6734/1/661 6869/1/661 7590/1/661 7589/1/661
f 6869/1/31 7590/1/31 7583/1/31
f 7584/1/35 7589/1/35 6734/1/35
f 7590/1/152 7589/1/152 7584/1/152 7583/1/152
f 7588/1/31 7594/1/31 7598/1/31 7596/1/31
f 7595/1/21 7596/1/21 7598/1/21 7597/1/21
f 7593/1/35 7587/1/35 7595/1/35 7597/1/35
f 7594/1/1 7593/1/1 7597/1/1 7598/1/1
f 7587/1/662 7588/1/662 7596/1/662 7595/1/662
f 7596/1/31 7592/1/31 7588/1/31
f 7587/1/35 7591/1/35 7595/1/35
f 7596/1/663 7595/1/663 7591/1/663 7592/1/663
f 7599/1/35 7597/1/35 7601/1/35 7603/1/35
f 7602/1/7 7604/1/7 7603/1/7 7601/1/7
f 7597/1/26 7598/1/26 7602/1/26 7601/1/26
f 7598/1/31 7600/1/31 7604/1/31 7602/1/31
f 7600/1/21 7599/1/21 7603/1/21 7604/1/21
f 7600/1/31 7606/1/31 7610/1/31 7608/1/31
f 7608/1/31 7604/1/31 7600/1/31
f 7599/1/31 7607/1/31 7603/1/31
f 7608/1/664 7607/1/664 7603/1/664 7604/1/664
f 7606/1/31 7616/1/31 7620/1/31 7618/1/31
f 7617/1/21 7618/1/21 7620/1/21 7619/1/21
f 7615/1/35 7605/1/35 7617/1/35 7619/1/35
f 7605/1/7 7606/1/7 7618/1/7 7617/1/7
f 7616/1/1 7615/1/1 7619/1/1 7620/1/1
f 7616/1/31 7622/1/31 7626/1/31 7624/1/31
f 7623/1/1 7624/1/1 7626/1/1 7625/1/1
f 7621/1/35 7615/1/35 7623/1/35 7625/1/35
f 7615/1/665 7616/1/665 7624/1/665 7623/1/665
f 7622/1/26 7621/1/26 7625/1/26 7626/1/26
f 7624/1/31 7620/1/31 7616/1/31
f 7615/1/31 7623/1/31 7619/1/31
f 7624/1/666 7623/1/666 7619/1/666 7620/1/666
f 7625/1/35 7629/1/35 7631/1/35 7627/1/35
f 7630/1/21 7632/1/21 7631/1/21 7629/1/21
f 7626/1/667 7625/1/667 7629/1/667 7630/1/667
f 7628/1/31 7632/1/31 7630/1/31 7626/1/31
f 7627/1/7 7628/1/7 7632/1/7 7631/1/7
f 6983/1/668 6827/1/668 7633/1/668 7634/1/668
f 7627/1/669 7628/1/669 7636/1/669 7635/1/669
f 6827/1/35 7627/1/35 7635/1/35 7633/1/35
f 7628/1/31 6983/1/31 7634/1/31 7636/1/31
f 7632/1/31 7628/1/31 7636/1/31
f 7627/1/35 7631/1/35 7635/1/35
f 7632/1/21 7636/1/21 7635/1/21 7631/1/21
f 7634/1/31 6983/1/31 6985/1/31
f 7633/1/31 6827/1/31 6984/1/31
f 7634/1/26 6985/1/26 6984/1/26 7633/1/26
f 7125/1/1 7126/1/1 7644/1/1 7643/1/1
f 7647/1/35 7648/1/35 7638/1/35 6602/1/35
f 7125/1/670 7166/1/670 7645/1/670 7643/1/670
f 6535/1/35 7637/1/35 7641/1/35 6724/1/35
f 7126/1/35 7124/1/35 7642/1/35 7644/1/35
f 6603/1/35 7639/1/35 7640/1/35 6688/1/35
f 7166/1/7 7645/1/7 7637/1/7 6535/1/7
f 6688/1/35 7640/1/35 7642/1/35 7124/1/35
f 7125/1/513 7643/1/513 7127/1/513
f 7645/1/519 7166/1/519 7164/1/519
f 7164/1/671 7127/1/671 7643/1/671 7645/1/671
f 7643/1/21 7644/1/21 7642/1/21 7640/1/21 7639/1/21 7638/1/21 7648/1/21 7650/1/21 7641/1/21 7637/1/21 7645/1/21
f 6602/1/35 7638/1/35 7639/1/35 6603/1/35
f 7649/1/35 7650/1/35 7648/1/35 7647/1/35
f 6724/1/35 7641/1/35 7650/1/35 7649/1/35
f 7675/1/7 7676/1/7 7703/1/7 7702/1/7
f 7656/1/7 7655/1/7 7657/1/7
f 7655/1/7 7652/1/7 7658/1/7 7657/1/7
f 7652/1/7 7654/1/7 7659/1/7 7658/1/7
f 7654/1/7 7653/1/7 7660/1/7 7659/1/7
f 7660/1/7 7653/1/7 7661/1/7
f 7653/1/7 7651/1/7 7662/1/7 7661/1/7
f 7663/1/7 7662/1/7 7651/1/7 7677/1/7
f 7663/1/7 7677/1/7 7664/1/7
f 7665/1/7 7664/1/7 7677/1/7 7676/1/7
f 7665/1/7 7676/1/7 7666/1/7
f 7666/1/7 7676/1/7 7667/1/7
f 7668/1/7 7667/1/7 7669/1/7
f 7669/1/7 7667/1/7 7670/1/7
f 7670/1/7 7667/1/7 7671/1/7
f 7667/1/7 7676/1/7 7671/1/7
f 7671/1/7 7676/1/7 7672/1/7
f 7672/1/7 7676/1/7 7673/1/7
f 7674/1/7 7673/1/7 7676/1/7 7675/1/7
f 7702/1/7 7703/1/7 7701/1/7
f 7700/1/7 7701/1/7 7703/1/7
f 7699/1/7 7700/1/7 7703/1/7
f 7698/1/7 7699/1/7 7703/1/7
f 7695/1/7 7696/1/7 7694/1/7
f 7696/1/7 7697/1/7 7694/1/7
f 7697/1/7 7698/1/7 7694/1/7
f 7703/1/7 7694/1/7 7698/1/7
f 7694/1/7 7703/1/7 7693/1/7
f 7692/1/7 7693/1/7 7703/1/7
f 7692/1/7 7703/1/7 7704/1/7 7691/1/7
f 7690/1/7 7691/1/7 7704/1/7
f 7690/1/7 7704/1/7 7678/1/7 7689/1/7
f 7680/1/7 7688/1/7 7689/1/7 7678/1/7
f 7688/1/7 7680/1/7 7687/1/7
f 7681/1/7 7686/1/7 7687/1/7 7680/1/7
f 7679/1/7 7685/1/7 7686/1/7 7681/1/7
f 7682/1/7 7684/1/7 7685/1/7 7679/1/7
f 7683/1/7 7684/1/7 7682/1/7
f 7729/1/1 7756/1/1 7757/1/1 7730/1/1
f 7710/1/1 7711/1/1 7709/1/1
f 7709/1/1 7711/1/1 7712/1/1 7706/1/1
f 7706/1/1 7712/1/1 7713/1/1 7708/1/1
f 7708/1/1 7713/1/1 7714/1/1 7707/1/1
f 7714/1/1 7715/1/1 7707/1/1
f 7707/1/1 7715/1/1 7716/1/1 7705/1/1
f 7717/1/1 7731/1/1 7705/1/1 7716/1/1
f 7717/1/1 7718/1/1 7731/1/1
f 7719/1/1 7730/1/1 7731/1/1 7718/1/1
f 7719/1/1 7720/1/1 7730/1/1
f 7720/1/1 7721/1/1 7730/1/1
f 7722/1/1 7723/1/1 7721/1/1
f 7723/1/1 7724/1/1 7721/1/1
f 7724/1/1 7725/1/1 7721/1/1
f 7721/1/1 7725/1/1 7730/1/1
f 7725/1/1 7726/1/1 7730/1/1
f 7726/1/1 7727/1/1 7730/1/1
f 7728/1/1 7729/1/1 7730/1/1 7727/1/1
f 7756/1/1 7755/1/1 7757/1/1
f 7754/1/1 7757/1/1 7755/1/1
f 7753/1/1 7757/1/1 7754/1/1
f 7752/1/1 7757/1/1 7753/1/1
f 7749/1/1 7748/1/1 7750/1/1
f 7750/1/1 7748/1/1 7751/1/1
f 7751/1/1 7748/1/1 7752/1/1
f 7757/1/1 7752/1/1 7748/1/1
f 7748/1/1 7747/1/1 7757/1/1
f 7746/1/1 7757/1/1 7747/1/1
f 7746/1/1 7745/1/1 7758/1/1 7757/1/1
f 7744/1/1 7758/1/1 7745/1/1
f 7744/1/1 7743/1/1 7732/1/1 7758/1/1
f 7734/1/1 7732/1/1 7743/1/1 7742/1/1
f 7742/1/1 7741/1/1 7734/1/1
f 7735/1/1 7734/1/1 7741/1/1 7740/1/1
f 7733/1/1 7735/1/1 7740/1/1 7739/1/1
f 7736/1/1 7733/1/1 7739/1/1 7738/1/1
f 7737/1/1 7736/1/1 7738/1/1
f 7684/1/207 7683/1/207 7737/1/207 7738/1/207
f 7657/1/165 7658/1/165 7712/1/165 7711/1/165
f 7685/1/164 7684/1/164 7738/1/164 7739/1/164
f 7658/1/167 7659/1/167 7713/1/167 7712/1/167
f 7686/1/212 7685/1/212 7739/1/212 7740/1/212
f 7659/1/169 7660/1/169 7714/1/169 7713/1/169
f 7687/1/168 7686/1/168 7740/1/168 7741/1/168
f 7660/1/329 7661/1/329 7715/1/329 7714/1/329
f 7688/1/170 7687/1/170 7741/1/170 7742/1/170
f 7661/1/214 7662/1/214 7716/1/214 7715/1/214
f 7689/1/213 7688/1/213 7742/1/213 7743/1/213
f 7662/1/175 7663/1/175 7717/1/175 7716/1/175
f 7690/1/174 7689/1/174 7743/1/174 7744/1/174
f 7663/1/177 7664/1/177 7718/1/177 7717/1/177
f 7691/1/176 7690/1/176 7744/1/176 7745/1/176
f 7664/1/179 7665/1/179 7719/1/179 7718/1/179
f 7692/1/178 7691/1/178 7745/1/178 7746/1/178
f 7665/1/275 7666/1/275 7720/1/275 7719/1/275
f 7693/1/215 7692/1/215 7746/1/215 7747/1/215
f 7666/1/183 7667/1/183 7721/1/183 7720/1/183
f 7694/1/216 7693/1/216 7747/1/216 7748/1/216
f 7667/1/185 7668/1/185 7722/1/185 7721/1/185
f 7695/1/184 7694/1/184 7748/1/184 7749/1/184
f 7668/1/187 7669/1/187 7723/1/187 7722/1/187
f 7696/1/186 7695/1/186 7749/1/186 7750/1/186
f 7669/1/189 7670/1/189 7724/1/189 7723/1/189
f 7697/1/188 7696/1/188 7750/1/188 7751/1/188
f 7670/1/217 7671/1/217 7725/1/217 7724/1/217
f 7698/1/324 7697/1/324 7751/1/324 7752/1/324
f 7671/1/284 7672/1/284 7726/1/284 7725/1/284
f 7699/1/192 7698/1/192 7752/1/192 7753/1/192
f 7672/1/195 7673/1/195 7727/1/195 7726/1/195
f 7700/1/194 7699/1/194 7753/1/194 7754/1/194
f 7673/1/197 7674/1/197 7728/1/197 7727/1/197
f 7701/1/280 7700/1/280 7754/1/280 7755/1/280
f 7674/1/288 7675/1/288 7729/1/288 7728/1/288
f 7702/1/287 7701/1/287 7755/1/287 7756/1/287
f 7704/1/7 7703/1/7 7761/1/7 7762/1/7
f 7703/1/7 7676/1/7 7759/1/7 7761/1/7
f 7677/1/26 7651/1/26 7705/1/26 7731/1/26
f 7651/1/26 7653/1/26 7707/1/26 7705/1/26
f 7678/1/21 7704/1/21 7758/1/21 7732/1/21
f 7680/1/21 7678/1/21 7732/1/21 7734/1/21
f 7652/1/16 7655/1/16 7709/1/16 7706/1/16
f 7677/1/282 7731/1/282 7764/1/282 7760/1/282
f 7682/1/13 7679/1/13 7733/1/13 7736/1/13
f 7654/1/202 7652/1/202 7706/1/202 7708/1/202
f 7675/1/35 7702/1/35 7756/1/35 7729/1/35
f 7679/1/201 7681/1/201 7735/1/201 7733/1/201
f 7653/1/204 7654/1/204 7708/1/204 7707/1/204
f 7681/1/203 7680/1/203 7734/1/203 7735/1/203
f 7655/1/206 7656/1/206 7710/1/206 7709/1/206
f 7683/1/205 7682/1/205 7736/1/205 7737/1/205
f 7656/1/163 7657/1/163 7711/1/163 7710/1/163
f 7759/1/31 7760/1/31 7764/1/31 7763/1/31
f 7762/1/31 7761/1/31 7765/1/31 7766/1/31
f 7761/1/31 7759/1/31 7763/1/31 7765/1/31
f 7731/1/382 7730/1/382 7763/1/382 7764/1/382
f 7758/1/200 7704/1/200 7762/1/200 7766/1/200
f 7730/1/382 7757/1/382 7765/1/382 7763/1/382
f 7757/1/382 7758/1/382 7766/1/382 7765/1/382
f 7676/1/7 7677/1/7 7760/1/7 7759/1/7
f 7774/1/7 7780/1/7 7777/1/7 7771/1/7
f 7772/1/7 7775/1/7 7773/1/7 7779/1/7 7790/1/7 7789/1/7 7778/1/7
f 7783/1/7 7784/1/7 7776/1/7 7770/1/7
f 7770/1/7 7776/1/7 7780/1/7 7774/1/7
f 7771/1/7 7777/1/7 7782/1/7 7781/1/7
f 7788/1/7 7787/1/7 7827/1/7 7826/1/7 7789/1/7 7790/1/7 7829/1/7 7828/1/7
f 7785/1/7 7782/1/7 7788/1/7
f 7784/1/7 7786/1/7 7787/1/7
f 7787/1/7 7788/1/7 7782/1/7 7784/1/7
f 7781/1/7 7782/1/7 7785/1/7 7831/1/7 7830/1/7 7779/1/7 7773/1/7
f 7772/1/7 7778/1/7 7824/1/7 7825/1/7 7786/1/7 7784/1/7 7783/1/7
f 7774/1/291 7791/1/291 7793/1/291 7770/1/291
f 7771/1/290 7792/1/290 7791/1/290 7774/1/290
f 7797/1/1 7798/1/1 7808/1/1 7807/1/1
f 7802/1/1 7805/1/1 7813/1/1 7812/1/1 7811/1/1 7804/1/1 7801/1/1
f 7798/1/408 7822/1/408 7859/1/408 7856/1/408
f 7794/1/409 7795/1/409 7806/1/409 7819/1/409
f 7799/1/1 7800/1/1 7810/1/1 7809/1/1
f 7800/1/1 7797/1/1 7807/1/1 7810/1/1
f 7798/1/1 7803/1/1 7814/1/1 7808/1/1
f 7816/1/1 7818/1/1 7814/1/1
f 7809/1/1 7817/1/1 7815/1/1
f 7817/1/1 7809/1/1 7814/1/1 7818/1/1
f 7803/1/1 7804/1/1 7811/1/1 7816/1/1 7814/1/1
f 7802/1/1 7799/1/1 7809/1/1 7815/1/1 7805/1/1
f 7820/1/1 7819/1/1 7821/1/1 7823/1/1
f 7819/1/1 7806/1/1 7822/1/1 7821/1/1
f 7796/1/410 7794/1/410 7819/1/410 7820/1/410
f 7823/1/411 7800/1/411 7851/1/411 7853/1/411
f 7797/1/297 7800/1/297 7823/1/297 7821/1/297
f 7798/1/296 7797/1/296 7821/1/296 7822/1/296
f 7781/1/412 7773/1/412 7804/1/412 7803/1/412
f 7776/1/301 7784/1/301 7809/1/301 7810/1/301
f 7771/1/301 7781/1/301 7803/1/301 7798/1/301
f 7790/1/3 7779/1/3 7811/1/3 7812/1/3
f 7789/1/299 7826/1/299 7827/1/299 7787/1/299 7817/1/299 7813/1/299
f 7782/1/304 7777/1/304 7808/1/304 7814/1/304
f 7779/1/304 7830/1/304 7831/1/304 7785/1/304 7816/1/304 7811/1/304
f 7769/1/413 7768/1/413 7795/1/413 7794/1/413
f 7780/1/414 7776/1/414 7810/1/414 7807/1/414
f 7788/1/301 7828/1/301 7829/1/301 7790/1/301 7812/1/301 7818/1/301
f 7786/1/301 7825/1/301 7824/1/301 7778/1/301 7805/1/301 7815/1/301
f 7767/1/415 7769/1/415 7794/1/415 7796/1/415
f 7778/1/416 7789/1/416 7813/1/416 7805/1/416
f 7795/1/672 7768/1/672 7855/1/672 7857/1/672
f 7772/1/418 7783/1/418 7799/1/418 7802/1/418
f 7785/1/419 7788/1/419 7818/1/419 7816/1/419
f 7800/1/420 7770/1/420 7849/1/420 7851/1/420
f 7783/1/299 7770/1/299 7800/1/299 7799/1/299
f 7787/1/419 7786/1/419 7815/1/419 7817/1/419
f 7777/1/421 7780/1/421 7807/1/421 7808/1/421
f 7780/1/1 7777/1/1 7782/1/1 7784/1/1 7776/1/1
f 7825/1/7 7832/1/7 7833/1/7 7827/1/7
f 7831/1/7 7828/1/7 7834/1/7 7835/1/7
f 7837/1/26 7839/1/26 7843/1/26 7841/1/26
f 7831/1/26 7835/1/26 7839/1/26 7837/1/26
f 7828/1/26 7831/1/26 7837/1/26 7836/1/26
f 7834/1/26 7828/1/26 7836/1/26 7838/1/26
f 7835/1/26 7834/1/26 7838/1/26 7839/1/26
f 7841/1/1 7843/1/1 7842/1/1 7840/1/1
f 7836/1/31 7837/1/31 7841/1/31 7840/1/31
f 7838/1/21 7836/1/21 7840/1/21 7842/1/21
f 7839/1/35 7838/1/35 7842/1/35 7843/1/35
f 7844/1/1 7845/1/1 7847/1/1 7846/1/1
f 7825/1/422 7827/1/422 7845/1/422 7844/1/422
f 7832/1/21 7825/1/21 7844/1/21 7846/1/21
f 7833/1/423 7832/1/423 7846/1/423 7847/1/423
f 7827/1/26 7833/1/26 7847/1/26 7845/1/26
f 7830/1/1 7779/1/1 7790/1/1 7838/1/1 7839/1/1
f 7788/1/1 7785/1/1 7837/1/1 7836/1/1
f 7827/1/1 7825/1/1 7786/1/1 7787/1/1
f 7778/1/1 7824/1/1 7832/1/1 7833/1/1 7826/1/1 7789/1/1
f 7770/1/424 7767/1/424 7848/1/424 7849/1/424
f 7767/1/425 7796/1/425 7850/1/425 7848/1/425
f 7796/1/426 7820/1/426 7852/1/426 7850/1/426
f 7820/1/427 7823/1/427 7853/1/427 7852/1/427
f 7822/1/428 7806/1/428 7858/1/428 7859/1/428
f 7768/1/429 7771/1/429 7854/1/429 7855/1/429
f 7771/1/435 7798/1/435 7856/1/435 7854/1/435
f 7806/1/431 7795/1/431 7857/1/431 7858/1/431
f 7769/1/7 7774/1/7 7771/1/7 7768/1/7
f 7767/1/7 7770/1/7 7774/1/7 7769/1/7
f 7884/1/21 7885/1/21 7912/1/21 7911/1/21
f 7865/1/21 7864/1/21 7866/1/21
f 7864/1/21 7861/1/21 7867/1/21 7866/1/21
f 7861/1/21 7863/1/21 7868/1/21 7867/1/21
f 7863/1/21 7862/1/21 7869/1/21 7868/1/21
f 7869/1/21 7862/1/21 7870/1/21
f 7862/1/21 7860/1/21 7871/1/21 7870/1/21
f 7872/1/21 7871/1/21 7860/1/21 7886/1/21
f 7872/1/21 7886/1/21 7873/1/21
f 7874/1/21 7873/1/21 7886/1/21 7885/1/21
f 7874/1/21 7885/1/21 7875/1/21
f 7875/1/21 7885/1/21 7876/1/21
f 7877/1/21 7876/1/21 7878/1/21
f 7878/1/21 7876/1/21 7879/1/21
f 7879/1/21 7876/1/21 7880/1/21
f 7876/1/21 7885/1/21 7880/1/21
f 7880/1/45 7885/1/45 7881/1/45
f 7881/1/44 7885/1/44 7882/1/44
f 7883/1/21 7882/1/21 7885/1/21 7884/1/21
f 7911/1/21 7912/1/21 7910/1/21
f 7909/1/21 7910/1/21 7912/1/21
f 7908/1/45 7909/1/45 7912/1/45
f 7907/1/44 7908/1/44 7912/1/44
f 7904/1/21 7905/1/21 7903/1/21
f 7905/1/21 7906/1/21 7903/1/21
f 7906/1/21 7907/1/21 7903/1/21
f 7912/1/21 7903/1/21 7907/1/21
f 7903/1/21 7912/1/21 7902/1/21
f 7901/1/21 7902/1/21 7912/1/21
f 7901/1/21 7912/1/21 7913/1/21 7900/1/21
f 7899/1/21 7900/1/21 7913/1/21
f 7899/1/21 7913/1/21 7887/1/21 7898/1/21
f 7889/1/21 7897/1/21 7898/1/21 7887/1/21
f 7897/1/21 7889/1/21 7896/1/21
f 7890/1/21 7895/1/21 7896/1/21 7889/1/21
f 7888/1/21 7894/1/21 7895/1/21 7890/1/21
f 7891/1/21 7893/1/21 7894/1/21 7888/1/21
f 7892/1/21 7893/1/21 7891/1/21
f 7938/1/26 7965/1/26 7966/1/26 7939/1/26
f 7919/1/26 7920/1/26 7918/1/26
f 7918/1/26 7920/1/26 7921/1/26 7915/1/26
f 7915/1/26 7921/1/26 7922/1/26 7917/1/26
f 7917/1/26 7922/1/26 7923/1/26 7916/1/26
f 7923/1/26 7924/1/26 7916/1/26
f 7916/1/26 7924/1/26 7925/1/26 7914/1/26
f 7926/1/26 7940/1/26 7914/1/26 7925/1/26
f 7926/1/26 7927/1/26 7940/1/26
f 7928/1/26 7939/1/26 7940/1/26 7927/1/26
f 7928/1/26 7929/1/26 7939/1/26
f 7929/1/26 7930/1/26 7939/1/26
f 7931/1/26 7932/1/26 7930/1/26
f 7932/1/26 7933/1/26 7930/1/26
f 7933/1/26 7934/1/26 7930/1/26
f 7930/1/26 7934/1/26 7939/1/26
f 7934/1/26 7935/1/26 7939/1/26
f 7935/1/26 7936/1/26 7939/1/26
f 7937/1/26 7938/1/26 7939/1/26 7936/1/26
f 7965/1/43 7964/1/43 7966/1/43
f 7963/1/26 7966/1/26 7964/1/26
f 7962/1/26 7966/1/26 7963/1/26
f 7961/1/26 7966/1/26 7962/1/26
f 7958/1/26 7957/1/26 7959/1/26
f 7959/1/26 7957/1/26 7960/1/26
f 7960/1/26 7957/1/26 7961/1/26
f 7966/1/26 7961/1/26 7957/1/26
f 7957/1/26 7956/1/26 7966/1/26
f 7955/1/26 7966/1/26 7956/1/26
f 7955/1/26 7954/1/26 7967/1/26 7966/1/26
f 7953/1/26 7967/1/26 7954/1/26
f 7953/1/26 7952/1/26 7941/1/26 7967/1/26
f 7943/1/26 7941/1/26 7952/1/26 7951/1/26
f 7951/1/26 7950/1/26 7943/1/26
f 7944/1/26 7943/1/26 7950/1/26 7949/1/26
f 7942/1/26 7944/1/26 7949/1/26 7948/1/26
f 7945/1/26 7942/1/26 7948/1/26 7947/1/26
f 7946/1/26 7945/1/26 7947/1/26
f 7893/1/92 7892/1/92 7946/1/92 7947/1/92
f 7866/1/48 7867/1/48 7921/1/48 7920/1/48
f 7894/1/47 7893/1/47 7947/1/47 7948/1/47
f 7867/1/50 7868/1/50 7922/1/50 7921/1/50
f 7895/1/49 7894/1/49 7948/1/49 7949/1/49
f 7868/1/52 7869/1/52 7923/1/52 7922/1/52
f 7896/1/111 7895/1/111 7949/1/111 7950/1/111
f 7869/1/54 7870/1/54 7924/1/54 7923/1/54
f 7897/1/53 7896/1/53 7950/1/53 7951/1/53
f 7870/1/56 7871/1/56 7925/1/56 7924/1/56
f 7898/1/55 7897/1/55 7951/1/55 7952/1/55
f 7871/1/58 7872/1/58 7926/1/58 7925/1/58
f 7899/1/57 7898/1/57 7952/1/57 7953/1/57
f 7872/1/349 7873/1/349 7927/1/349 7926/1/349
f 7900/1/350 7899/1/350 7953/1/350 7954/1/350
f 7873/1/62 7874/1/62 7928/1/62 7927/1/62
f 7901/1/61 7900/1/61 7954/1/61 7955/1/61
f 7874/1/114 7875/1/114 7929/1/114 7928/1/114
f 7902/1/113 7901/1/113 7955/1/113 7956/1/113
f 7875/1/66 7876/1/66 7930/1/66 7929/1/66
f 7903/1/65 7902/1/65 7956/1/65 7957/1/65
f 7876/1/68 7877/1/68 7931/1/68 7930/1/68
f 7904/1/67 7903/1/67 7957/1/67 7958/1/67
f 7877/1/70 7878/1/70 7932/1/70 7931/1/70
f 7905/1/69 7904/1/69 7958/1/69 7959/1/69
f 7878/1/351 7879/1/351 7933/1/351 7932/1/351
f 7906/1/673 7905/1/673 7959/1/673 7960/1/673
f 7879/1/352 7880/1/352 7934/1/352 7933/1/352
f 7907/1/465 7906/1/465 7960/1/465 7961/1/465
f 7880/1/117 7881/1/117 7935/1/117 7934/1/117
f 7908/1/674 7907/1/674 7961/1/674 7962/1/674
f 7881/1/78 7882/1/78 7936/1/78 7935/1/78
f 7909/1/77 7908/1/77 7962/1/77 7963/1/77
f 7882/1/80 7883/1/80 7937/1/80 7936/1/80
f 7910/1/79 7909/1/79 7963/1/79 7964/1/79
f 7883/1/119 7884/1/119 7938/1/119 7937/1/119
f 7911/1/118 7910/1/118 7964/1/118 7965/1/118
f 7913/1/21 7912/1/21 7970/1/21 7971/1/21
f 7912/1/21 7885/1/21 7968/1/21 7970/1/21
f 7886/1/7 7860/1/7 7914/1/7 7940/1/7
f 7860/1/7 7862/1/7 7916/1/7 7914/1/7
f 7887/1/1 7913/1/1 7967/1/1 7941/1/1
f 7889/1/1 7887/1/1 7941/1/1 7943/1/1
f 7861/1/85 7864/1/85 7918/1/85 7915/1/85
f 7886/1/94 7940/1/94 7973/1/94 7969/1/94
f 7891/1/120 7888/1/120 7942/1/120 7945/1/120
f 7863/1/87 7861/1/87 7915/1/87 7917/1/87
f 7884/1/35 7911/1/35 7965/1/35 7938/1/35
f 7888/1/86 7890/1/86 7944/1/86 7942/1/86
f 7862/1/89 7863/1/89 7917/1/89 7916/1/89
f 7890/1/88 7889/1/88 7943/1/88 7944/1/88
f 7864/1/91 7865/1/91 7919/1/91 7918/1/91
f 7892/1/90 7891/1/90 7945/1/90 7946/1/90
f 7865/1/46 7866/1/46 7920/1/46 7919/1/46
f 7968/1/31 7969/1/31 7973/1/31 7972/1/31
f 7971/1/31 7970/1/31 7974/1/31 7975/1/31
f 7970/1/31 7968/1/31 7972/1/31 7974/1/31
f 7940/1/353 7939/1/353 7972/1/353 7973/1/353
f 7967/1/84 7913/1/84 7971/1/84 7975/1/84
f 7939/1/353 7966/1/353 7974/1/353 7972/1/353
f 7966/1/353 7967/1/353 7975/1/353 7974/1/353
f 7885/1/21 7886/1/21 7969/1/21 7968/1/21
f 7983/1/21 7989/1/21 7986/1/21 7980/1/21
f 7981/1/21 7984/1/21 7982/1/21 7988/1/21 7999/1/21 7998/1/21 7987/1/21
f 7992/1/21 7993/1/21 7985/1/21 7979/1/21
f 7979/1/21 7985/1/21 7989/1/21 7983/1/21
f 7980/1/21 7986/1/21 7991/1/21 7990/1/21
f 7997/1/21 7996/1/21 8036/1/21 8035/1/21 7998/1/21 7999/1/21 8038/1/21 8037/1/21
f 7994/1/21 7991/1/21 7997/1/21
f 7993/1/21 7995/1/21 7996/1/21
f 7996/1/21 7997/1/21 7991/1/21 7993/1/21
f 7990/1/21 7991/1/21 7994/1/21 8040/1/21 8039/1/21 7988/1/21 7982/1/21
f 7981/1/21 7987/1/21 8033/1/21 8034/1/21 7995/1/21 7993/1/21 7992/1/21
f 7983/1/123 8000/1/123 8002/1/123 7979/1/123
f 7980/1/122 8001/1/122 8000/1/122 7983/1/122
f 8006/1/26 8007/1/26 8017/1/26 8016/1/26
f 8011/1/26 8014/1/26 8022/1/26 8021/1/26 8020/1/26 8013/1/26 8010/1/26
f 8007/1/354 8031/1/354 8068/1/354 8065/1/354
f 8003/1/355 8004/1/355 8015/1/355 8028/1/355
f 8008/1/26 8009/1/26 8019/1/26 8018/1/26
f 8009/1/26 8006/1/26 8016/1/26 8019/1/26
f 8007/1/26 8012/1/26 8023/1/26 8017/1/26
f 8025/1/26 8027/1/26 8023/1/26
f 8018/1/26 8026/1/26 8024/1/26
f 8026/1/26 8018/1/26 8023/1/26 8027/1/26
f 8012/1/26 8013/1/26 8020/1/26 8025/1/26 8023/1/26
f 8011/1/26 8008/1/26 8018/1/26 8024/1/26 8014/1/26
f 8029/1/26 8028/1/26 8030/1/26 8032/1/26
f 8028/1/26 8015/1/26 8031/1/26 8030/1/26
f 8005/1/356 8003/1/356 8028/1/356 8029/1/356
f 8032/1/357 8009/1/357 8060/1/357 8062/1/357
f 8006/1/129 8009/1/129 8032/1/129 8030/1/129
f 8007/1/128 8006/1/128 8030/1/128 8031/1/128
f 7990/1/358 7982/1/358 8013/1/358 8012/1/358
f 7985/1/132 7993/1/132 8018/1/132 8019/1/132
f 7980/1/132 7990/1/132 8012/1/132 8007/1/132
f 7999/1/5 7988/1/5 8020/1/5 8021/1/5
f 7998/1/131 8035/1/131 8036/1/131 7996/1/131 8026/1/131 8022/1/131
f 7991/1/131 7986/1/131 8017/1/131 8023/1/131
f 7988/1/131 8039/1/131 8040/1/131 7994/1/131 8025/1/131 8020/1/131
f 7978/1/359 7977/1/359 8004/1/359 8003/1/359
f 7989/1/360 7985/1/360 8019/1/360 8016/1/360
f 7997/1/132 8037/1/132 8038/1/132 7999/1/132 8021/1/132 8027/1/132
f 7995/1/132 8034/1/132 8033/1/132 7987/1/132 8014/1/132 8024/1/132
f 7976/1/361 7978/1/361 8003/1/361 8005/1/361
f 7987/1/362 7998/1/362 8022/1/362 8014/1/362
f 8004/1/363 7977/1/363 8064/1/363 8066/1/363
f 7981/1/364 7992/1/364 8008/1/364 8011/1/364
f 7994/1/365 7997/1/365 8027/1/365 8025/1/365
f 8009/1/366 7979/1/366 8058/1/366 8060/1/366
f 7992/1/131 7979/1/131 8009/1/131 8008/1/131
f 7996/1/365 7995/1/365 8024/1/365 8026/1/365
f 7986/1/367 7989/1/367 8016/1/367 8017/1/367
f 7989/1/26 7986/1/26 7991/1/26 7993/1/26 7985/1/26
f 8034/1/21 8041/1/21 8042/1/21 8036/1/21
f 8040/1/21 8037/1/21 8043/1/21 8044/1/21
f 8046/1/7 8048/1/7 8052/1/7 8050/1/7
f 8040/1/26 8044/1/26 8048/1/26 8046/1/26
f 8037/1/26 8040/1/26 8046/1/26 8045/1/26
f 8043/1/26 8037/1/26 8045/1/26 8047/1/26
f 8044/1/26 8043/1/26 8047/1/26 8048/1/26
f 8050/1/26 8052/1/26 8051/1/26 8049/1/26
f 8045/1/31 8046/1/31 8050/1/31 8049/1/31
f 8047/1/1 8045/1/1 8049/1/1 8051/1/1
f 8048/1/35 8047/1/35 8051/1/35 8052/1/35
f 8053/1/26 8054/1/26 8056/1/26 8055/1/26
f 8034/1/368 8036/1/368 8054/1/368 8053/1/368
f 8041/1/1 8034/1/1 8053/1/1 8055/1/1
f 8042/1/369 8041/1/369 8055/1/369 8056/1/369
f 8036/1/7 8042/1/7 8056/1/7 8054/1/7
f 8039/1/26 7988/1/26 7999/1/26 8047/1/26 8048/1/26
f 7997/1/26 7994/1/26 8046/1/26 8045/1/26
f 8036/1/26 8034/1/26 7995/1/26 7996/1/26
f 7987/1/26 8033/1/26 8041/1/26 8042/1/26 8035/1/26 7998/1/26
f 7979/1/370 7976/1/370 8057/1/370 8058/1/370
f 7976/1/371 8005/1/371 8059/1/371 8057/1/371
f 8005/1/372 8029/1/372 8061/1/372 8059/1/372
f 8029/1/373 8032/1/373 8062/1/373 8061/1/373
f 8031/1/374 8015/1/374 8067/1/374 8068/1/374
f 7977/1/375 7980/1/375 8063/1/375 8064/1/375
f 7980/1/376 8007/1/376 8065/1/376 8063/1/376
f 8015/1/377 8004/1/377 8066/1/377 8067/1/377
f 7978/1/21 7983/1/21 7980/1/21 7977/1/21
f 7976/1/21 7979/1/21 7983/1/21 7978/1/21
f 7981/1/35 8011/1/35 8010/1/35 8013/1/35 7982/1/35 7984/1/35
f 8146/1/7 8150/1/7 8072/1/7 8102/1/7
f 8072/1/7 8076/1/7 8078/1/7 8074/1/7
f 8071/1/7 8073/1/7 8077/1/7 8075/1/7
f 8150/1/7 8151/1/7 8076/1/7 8072/1/7
f 8104/1/1 8082/1/1 8100/1/1 8106/1/1
f 8086/1/31 8087/1/31 8095/1/31 8094/1/31
f 8084/1/378 8088/1/378 8096/1/378 8092/1/378
f 8087/1/379 8083/1/379 8091/1/379 8095/1/379
f 8072/1/35 8074/1/35 8084/1/35 8082/1/35
f 8102/1/21 8072/1/21 8082/1/21 8104/1/21
f 8074/1/380 8078/1/380 8088/1/380 8084/1/380
f 8127/1/31 8075/1/31 8086/1/31 8130/1/31
f 8119/1/26 8069/1/26 8080/1/26 8120/1/26
f 8075/1/31 8077/1/31 8087/1/31 8086/1/31
f 8073/1/35 8071/1/35 8079/1/35 8083/1/35
f 8077/1/379 8073/1/379 8083/1/379 8087/1/379
f 8143/1/35 8070/1/35 8081/1/35 8144/1/35
f 8078/1/31 8076/1/31 8085/1/31 8088/1/31
f 8089/1/1 8092/1/1 8096/1/1 8093/1/1
f 8090/1/1 8094/1/1 8095/1/1 8091/1/1
f 8154/1/1 8089/1/1 8093/1/1 8155/1/1
f 8082/1/35 8084/1/35 8092/1/35 8089/1/35
f 8152/1/35 8082/1/35 8089/1/35 8154/1/35
f 8088/1/31 8085/1/31 8093/1/31 8096/1/31
f 8130/1/31 8086/1/31 8094/1/31 8132/1/31
f 8083/1/35 8079/1/35 8090/1/35 8091/1/35
f 8120/1/1 8080/1/1 8098/1/1 8121/1/1
f 8129/1/1 8079/1/1 8097/1/1 8134/1/1
f 8144/1/1 8081/1/1 8099/1/1 8145/1/1
f 8079/1/1 8103/1/1 8105/1/1 8097/1/1
f 8158/1/1 8112/1/1 8106/1/1 8157/1/1
f 8071/1/26 8101/1/26 8103/1/26 8079/1/26
f 8110/1/21 8102/1/21 8104/1/21 8111/1/21
f 8111/1/1 8104/1/1 8106/1/1 8112/1/1
f 8147/1/7 8146/1/7 8102/1/7 8110/1/7
f 8148/1/7 8147/1/7 8110/1/7 8116/1/7
f 8117/1/1 8111/1/1 8112/1/1 8118/1/1
f 8116/1/21 8110/1/21 8111/1/21 8117/1/21
f 8156/1/35 8134/1/35 8167/1/35 8180/1/35
f 8103/1/1 8108/1/1 8109/1/1 8105/1/1
f 8101/1/26 8107/1/26 8108/1/26 8103/1/26
f 8160/1/1 8124/1/1 8118/1/1 8159/1/1
f 8122/1/21 8116/1/21 8117/1/21 8123/1/21
f 8123/1/1 8117/1/1 8118/1/1 8124/1/1
f 8149/1/7 8148/1/7 8116/1/7 8122/1/7
f 8108/1/1 8114/1/1 8115/1/1 8109/1/1
f 8107/1/26 8113/1/26 8114/1/26 8108/1/26
f 8143/1/7 8149/1/7 8122/1/7 8070/1/7
f 8081/1/1 8123/1/1 8124/1/1 8099/1/1
f 8070/1/21 8122/1/21 8123/1/21 8081/1/21
f 8158/1/21 8159/1/21 8183/1/21 8182/1/21
f 8114/1/1 8120/1/1 8121/1/1 8115/1/1
f 8113/1/26 8119/1/26 8120/1/26 8114/1/26
f 8098/1/31 8133/1/31 8179/1/31 8162/1/31
f 8069/1/7 8119/1/7 8141/1/7 8125/1/7
f 8119/1/7 8113/1/7 8140/1/7 8141/1/7
f 8121/1/1 8142/1/1 8139/1/1 8115/1/1
f 8099/1/26 8124/1/26 8177/1/26 8164/1/26
f 8113/1/7 8107/1/7 8137/1/7 8140/1/7
f 8107/1/7 8101/1/7 8136/1/7 8137/1/7
f 8109/1/1 8138/1/1 8135/1/1 8105/1/1
f 8080/1/1 8128/1/1 8133/1/1 8098/1/1
f 8152/1/1 8129/1/1 8134/1/1 8156/1/1
f 8153/1/31 8130/1/31 8132/1/31 8155/1/31
f 8079/1/35 8129/1/35 8131/1/35 8090/1/35
f 8090/1/1 8131/1/1 8132/1/1 8094/1/1
f 8069/1/35 8125/1/35 8128/1/35 8080/1/35
f 8151/1/31 8127/1/31 8130/1/31 8153/1/31
f 8071/1/7 8075/1/7 8127/1/7 8126/1/7
f 8101/1/7 8071/1/7 8126/1/7 8136/1/7
f 8076/1/31 8151/1/31 8153/1/31 8085/1/31
f 8085/1/31 8153/1/31 8155/1/31 8093/1/31
f 8082/1/1 8152/1/1 8156/1/1 8100/1/1
f 8133/1/1 8145/1/1 8160/1/1 8142/1/1
f 8125/1/7 8141/1/7 8149/1/7 8143/1/7
f 8141/1/7 8140/1/7 8148/1/7 8149/1/7
f 8142/1/1 8160/1/1 8159/1/1 8139/1/1
f 8139/1/1 8159/1/1 8158/1/1 8138/1/1
f 8140/1/7 8137/1/7 8147/1/7 8148/1/7
f 8137/1/7 8136/1/7 8146/1/7 8147/1/7
f 8138/1/1 8158/1/1 8157/1/1 8135/1/1
f 8128/1/1 8144/1/1 8145/1/1 8133/1/1
f 8129/1/35 8152/1/35 8154/1/35 8131/1/35
f 8131/1/1 8154/1/1 8155/1/1 8132/1/1
f 8125/1/35 8143/1/35 8144/1/35 8128/1/35
f 8126/1/7 8127/1/7 8151/1/7 8150/1/7
f 8136/1/7 8126/1/7 8150/1/7 8146/1/7
f 8097/1/21 8105/1/21 8169/1/21 8168/1/21
f 8183/1/1 8171/1/1 8172/1/1 8182/1/1
f 8163/1/1 8164/1/1 8177/1/1 8184/1/1
f 8162/1/1 8179/1/1 8178/1/1 8161/1/1
f 8175/1/1 8176/1/1 8173/1/1 8174/1/1
f 8181/1/1 8165/1/1 8166/1/1 8180/1/1 8167/1/1 8168/1/1 8169/1/1 8170/1/1
f 8135/1/31 8157/1/31 8181/1/31 8170/1/31
f 8138/1/35 8109/1/35 8174/1/35 8173/1/35
f 8133/1/26 8142/1/26 8178/1/26 8179/1/26
f 8121/1/21 8098/1/21 8162/1/21 8161/1/21
f 8105/1/31 8135/1/31 8170/1/31 8169/1/31
f 8100/1/35 8156/1/35 8180/1/35 8166/1/35
f 8160/1/381 8145/1/381 8163/1/381 8184/1/381
f 8115/1/31 8139/1/31 8176/1/31 8175/1/31
f 8145/1/31 8099/1/31 8164/1/31 8163/1/31
f 8142/1/35 8121/1/35 8161/1/35 8178/1/35
f 8157/1/31 8106/1/31 8165/1/31 8181/1/31
f 8106/1/26 8100/1/26 8166/1/26 8165/1/26
f 8112/1/35 8158/1/35 8182/1/35 8172/1/35
f 8118/1/26 8112/1/26 8172/1/26 8171/1/26
f 8134/1/35 8097/1/35 8168/1/35 8167/1/35
f 8159/1/31 8118/1/31 8171/1/31 8183/1/31
f 8139/1/26 8138/1/26 8173/1/26 8176/1/26
f 8124/1/35 8160/1/35 8184/1/35 8177/1/35
f 8109/1/21 8115/1/21 8175/1/21 8174/1/21
f 8209/1/7 8210/1/7 8237/1/7 8236/1/7
f 8190/1/7 8189/1/7 8191/1/7
f 8189/1/7 8186/1/7 8192/1/7 8191/1/7
f 8186/1/7 8188/1/7 8193/1/7 8192/1/7
f 8188/1/7 8187/1/7 8194/1/7 8193/1/7
f 8194/1/7 8187/1/7 8195/1/7
f 8187/1/7 8185/1/7 8196/1/7 8195/1/7
f 8197/1/7 8196/1/7 8185/1/7 8211/1/7
f 8197/1/7 8211/1/7 8198/1/7
f 8199/1/7 8198/1/7 8211/1/7 8210/1/7
f 8199/1/7 8210/1/7 8200/1/7
f 8200/1/7 8210/1/7 8201/1/7
f 8202/1/7 8201/1/7 8203/1/7
f 8203/1/7 8201/1/7 8204/1/7
f 8204/1/7 8201/1/7 8205/1/7
f 8201/1/7 8210/1/7 8205/1/7
f 8205/1/7 8210/1/7 8206/1/7
f 8206/1/7 8210/1/7 8207/1/7
f 8208/1/7 8207/1/7 8210/1/7 8209/1/7
f 8236/1/7 8237/1/7 8235/1/7
f 8234/1/7 8235/1/7 8237/1/7
f 8233/1/7 8234/1/7 8237/1/7
f 8232/1/7 8233/1/7 8237/1/7
f 8229/1/7 8230/1/7 8228/1/7
f 8230/1/7 8231/1/7 8228/1/7
f 8231/1/7 8232/1/7 8228/1/7
f 8237/1/7 8228/1/7 8232/1/7
f 8228/1/7 8237/1/7 8227/1/7
f 8226/1/7 8227/1/7 8237/1/7
f 8226/1/7 8237/1/7 8238/1/7 8225/1/7
f 8224/1/7 8225/1/7 8238/1/7
f 8224/1/7 8238/1/7 8212/1/7 8223/1/7
f 8214/1/7 8222/1/7 8223/1/7 8212/1/7
f 8222/1/7 8214/1/7 8221/1/7
f 8215/1/7 8220/1/7 8221/1/7 8214/1/7
f 8213/1/7 8219/1/7 8220/1/7 8215/1/7
f 8216/1/7 8218/1/7 8219/1/7 8213/1/7
f 8217/1/7 8218/1/7 8216/1/7
f 8263/1/1 8290/1/1 8291/1/1 8264/1/1
f 8244/1/1 8245/1/1 8243/1/1
f 8243/1/1 8245/1/1 8246/1/1 8240/1/1
f 8240/1/1 8246/1/1 8247/1/1 8242/1/1
f 8242/1/1 8247/1/1 8248/1/1 8241/1/1
f 8248/1/1 8249/1/1 8241/1/1
f 8241/1/1 8249/1/1 8250/1/1 8239/1/1
f 8251/1/1 8265/1/1 8239/1/1 8250/1/1
f 8251/1/1 8252/1/1 8265/1/1
f 8253/1/1 8264/1/1 8265/1/1 8252/1/1
f 8253/1/1 8254/1/1 8264/1/1
f 8254/1/1 8255/1/1 8264/1/1
f 8256/1/1 8257/1/1 8255/1/1
f 8257/1/1 8258/1/1 8255/1/1
f 8258/1/1 8259/1/1 8255/1/1
f 8255/1/1 8259/1/1 8264/1/1
f 8259/1/1 8260/1/1 8264/1/1
f 8260/1/1 8261/1/1 8264/1/1
f 8262/1/1 8263/1/1 8264/1/1 8261/1/1
f 8290/1/1 8289/1/1 8291/1/1
f 8288/1/1 8291/1/1 8289/1/1
f 8287/1/1 8291/1/1 8288/1/1
f 8286/1/1 8291/1/1 8287/1/1
f 8283/1/1 8282/1/1 8284/1/1
f 8284/1/1 8282/1/1 8285/1/1
f 8285/1/1 8282/1/1 8286/1/1
f 8291/1/1 8286/1/1 8282/1/1
f 8282/1/1 8281/1/1 8291/1/1
f 8280/1/1 8291/1/1 8281/1/1
f 8280/1/1 8279/1/1 8292/1/1 8291/1/1
f 8278/1/1 8292/1/1 8279/1/1
f 8278/1/1 8277/1/1 8266/1/1 8292/1/1
f 8268/1/1 8266/1/1 8277/1/1 8276/1/1
f 8276/1/1 8275/1/1 8268/1/1
f 8269/1/1 8268/1/1 8275/1/1 8274/1/1
f 8267/1/1 8269/1/1 8274/1/1 8273/1/1
f 8270/1/1 8267/1/1 8273/1/1 8272/1/1
f 8271/1/1 8270/1/1 8272/1/1
f 8218/1/207 8217/1/207 8271/1/207 8272/1/207
f 8191/1/165 8192/1/165 8246/1/165 8245/1/165
f 8219/1/164 8218/1/164 8272/1/164 8273/1/164
f 8192/1/167 8193/1/167 8247/1/167 8246/1/167
f 8220/1/212 8219/1/212 8273/1/212 8274/1/212
f 8193/1/169 8194/1/169 8248/1/169 8247/1/169
f 8221/1/168 8220/1/168 8274/1/168 8275/1/168
f 8194/1/171 8195/1/171 8249/1/171 8248/1/171
f 8222/1/323 8221/1/323 8275/1/323 8276/1/323
f 8195/1/214 8196/1/214 8250/1/214 8249/1/214
f 8223/1/172 8222/1/172 8276/1/172 8277/1/172
f 8196/1/175 8197/1/175 8251/1/175 8250/1/175
f 8224/1/174 8223/1/174 8277/1/174 8278/1/174
f 8197/1/177 8198/1/177 8252/1/177 8251/1/177
f 8225/1/176 8224/1/176 8278/1/176 8279/1/176
f 8198/1/179 8199/1/179 8253/1/179 8252/1/179
f 8226/1/178 8225/1/178 8279/1/178 8280/1/178
f 8199/1/275 8200/1/275 8254/1/275 8253/1/275
f 8227/1/180 8226/1/180 8280/1/180 8281/1/180
f 8200/1/276 8201/1/276 8255/1/276 8254/1/276
f 8228/1/216 8227/1/216 8281/1/216 8282/1/216
f 8201/1/185 8202/1/185 8256/1/185 8255/1/185
f 8229/1/184 8228/1/184 8282/1/184 8283/1/184
f 8202/1/187 8203/1/187 8257/1/187 8256/1/187
f 8230/1/186 8229/1/186 8283/1/186 8284/1/186
f 8203/1/189 8204/1/189 8258/1/189 8257/1/189
f 8231/1/342 8230/1/342 8284/1/342 8285/1/342
f 8204/1/191 8205/1/191 8259/1/191 8258/1/191
f 8232/1/324 8231/1/324 8285/1/324 8286/1/324
f 8205/1/193 8206/1/193 8260/1/193 8259/1/193
f 8233/1/218 8232/1/218 8286/1/218 8287/1/218
f 8206/1/195 8207/1/195 8261/1/195 8260/1/195
f 8234/1/194 8233/1/194 8287/1/194 8288/1/194
f 8207/1/219 8208/1/219 8262/1/219 8261/1/219
f 8235/1/280 8234/1/280 8288/1/280 8289/1/280
f 8208/1/221 8209/1/221 8263/1/221 8262/1/221
f 8236/1/220 8235/1/220 8289/1/220 8290/1/220
f 8238/1/7 8237/1/7 8295/1/7 8296/1/7
f 8237/1/7 8210/1/7 8293/1/7 8295/1/7
f 8211/1/26 8185/1/26 8239/1/26 8265/1/26
f 8185/1/26 8187/1/26 8241/1/26 8239/1/26
f 8212/1/21 8238/1/21 8292/1/21 8266/1/21
f 8214/1/21 8212/1/21 8266/1/21 8268/1/21
f 8186/1/16 8189/1/16 8243/1/16 8240/1/16
f 8211/1/209 8265/1/209 8298/1/209 8294/1/209
f 8216/1/13 8213/1/13 8267/1/13 8270/1/13
f 8188/1/202 8186/1/202 8240/1/202 8242/1/202
f 8209/1/35 8236/1/35 8290/1/35 8263/1/35
f 8213/1/201 8215/1/201 8269/1/201 8267/1/201
f 8187/1/204 8188/1/204 8242/1/204 8241/1/204
f 8215/1/203 8214/1/203 8268/1/203 8269/1/203
f 8189/1/206 8190/1/206 8244/1/206 8243/1/206
f 8217/1/205 8216/1/205 8270/1/205 8271/1/205
f 8190/1/163 8191/1/163 8245/1/163 8244/1/163
f 8293/1/31 8294/1/31 8298/1/31 8297/1/31
f 8296/1/31 8295/1/31 8299/1/31 8300/1/31
f 8295/1/31 8293/1/31 8297/1/31 8299/1/31
f 8265/1/382 8264/1/382 8297/1/382 8298/1/382
f 8292/1/200 8238/1/200 8296/1/200 8300/1/200
f 8264/1/382 8291/1/382 8299/1/382 8297/1/382
f 8291/1/382 8292/1/382 8300/1/382 8299/1/382
f 8210/1/7 8211/1/7 8294/1/7 8293/1/7
f 8301/1/1 8307/1/1 8311/1/1 8305/1/1
f 8302/1/1 8308/1/1 8310/1/1 8304/1/1
f 8303/1/1 8309/1/1 8307/1/1 8301/1/1
f 8304/1/1 8310/1/1 8312/1/1 8306/1/1
f 8306/1/1 8312/1/1 8309/1/1 8303/1/1
f 8305/1/1 8311/1/1 8308/1/1 8302/1/1
f 8308/1/1 8314/1/1 8316/1/1 8310/1/1
f 8309/1/1 8315/1/1 8313/1/1 8307/1/1
f 8310/1/1 8316/1/1 8318/1/1 8312/1/1
f 8312/1/1 8318/1/1 8315/1/1 8309/1/1
f 8311/1/1 8317/1/1 8314/1/1 8308/1/1
f 8307/1/1 8313/1/1 8317/1/1 8311/1/1
f 8315/1/1 8318/1/1 8316/1/1 8314/1/1 8317/1/1 8313/1/1
f 8319/1/7 8323/1/7 8329/1/7 8325/1/7
f 8320/1/7 8322/1/7 8328/1/7 8326/1/7
f 8321/1/7 8319/1/7 8325/1/7 8327/1/7
f 8322/1/7 8324/1/7 8330/1/7 8328/1/7
f 8324/1/7 8321/1/7 8327/1/7 8330/1/7
f 8323/1/7 8320/1/7 8326/1/7 8329/1/7
f 8336/1/7 8335/1/7 8334/1/7 8333/1/7 8332/1/7 8331/1/7
f 8330/1/675 8327/1/675 8337/1/675 8342/1/675
f 8328/1/676 8330/1/676 8342/1/676 8341/1/676
f 8327/1/26 8325/1/26 8338/1/26 8337/1/26
f 8326/1/21 8328/1/21 8341/1/21 8340/1/21
f 8325/1/31 8329/1/31 8339/1/31 8338/1/31
f 8329/1/31 8326/1/31 8340/1/31 8339/1/31
f 8301/1/35 8305/1/35 8323/1/35 8319/1/35
f 8302/1/26 8304/1/26 8322/1/26 8320/1/26
f 8303/1/21 8301/1/21 8319/1/21 8321/1/21
f 8304/1/677 8306/1/677 8324/1/677 8322/1/677
f 8306/1/678 8303/1/678 8321/1/678 8324/1/678
f 8305/1/35 8302/1/35 8320/1/35 8323/1/35
f 8340/1/7 8341/1/7 8347/1/7 8346/1/7
f 8337/1/7 8338/1/7 8344/1/7 8343/1/7
f 8341/1/7 8342/1/7 8348/1/7 8347/1/7
f 8342/1/7 8337/1/7 8343/1/7 8348/1/7
f 8339/1/7 8340/1/7 8346/1/7 8345/1/7
f 8338/1/7 8339/1/7 8345/1/7 8344/1/7
f 8347/1/676 8348/1/676 8331/1/676 8332/1/676
f 8348/1/675 8343/1/675 8336/1/675 8331/1/675
f 8345/1/31 8346/1/31 8333/1/31 8334/1/31
f 8344/1/31 8345/1/31 8334/1/31 8335/1/31
f 8346/1/21 8347/1/21 8332/1/21 8333/1/21
f 8343/1/26 8344/1/26 8335/1/26 8336/1/26
f 6769/1/35 7152/1/35 7158/1/35 7154/1/35 6540/1/35 7575/1/35 6567/1/35 7574/1/35 6542/1/35 7161/1/35 7160/1/35 6535/1/35 6724/1/35 7649/1/35 7647/1/35 6602/1/35 6603/1/35 6688/1/35 7124/1/35 6537/1/35 6892/1/35 6554/1/35 6970/1/35 6976/1/35 6975/1/35 6969/1/35 6541/1/35 6525/1/35 6771/1/35 6523/1/35 6686/1/35 6597/1/35 6643/1/35 7191/1/35 6642/1/35 6596/1/35 6722/1/35 6520/1/35
l 6688 6538
l 6538 6537
l 6569 6568
l 7189 7180
l 6602 6648
l 6538 7124
l 7347 6646
l 7238 7352
l 7179 7400
l 6527 7467
l 7462 7468
l 7612 7611
l 7611 7613
l 7614 7612
l 7641 7646
